gpu_memory_mb,gpu_power_w,gpu_util_pct,cpu_util_pct,ram_mb
7607.88,38.3,0,6.2375,3536.82
7621.88,32.23,0,1.2375,3536.82
7633.88,35.98,46,0.0,3536.82
7645.88,39.02,46,0.0,3536.82
7657.88,43.03,100,0.0,3536.82
7657.88,47.19,100,1.225,3536.82
7657.88,51.04,100,0.0,3536.82
7657.88,54.41,100,1.2375,3536.82
7657.88,58.34,94,0.0,3536.82
7657.88,62.05,94,1.2125,3536.82
7657.88,65.6,97,0.0,3536.82
7657.88,69.05,97,0.0,3536.82
7657.88,72.58,97,1.2125,3536.82
7657.88,72.64,97,0.0,3536.82
7657.88,72.44,97,0.0,3536.82
7657.88,72.58,97,0.0,3536.82
7657.88,72.02,96,1.2125,3536.82
7657.88,72.09,97,0.0,3536.82
7657.88,72.43,97,0.0,3536.82
7657.88,72.19,97,0.0,3536.82
7657.88,72.36,97,1.2125,3536.82
7657.88,72.39,97,0.0,3536.82
7657.88,72.7,97,0.0,3536.82
7657.88,72.62,96,1.2125,3536.82
7657.88,72.51,96,0.0,3536.82
7657.88,72.08,98,2.275,3536.82
7657.88,73.54,98,0.0,3536.82
7657.88,73.37,88,0.0,3536.82
7657.88,73.4,88,1.2125,3536.82
7663.88,73.17,100,0.0,3536.82
7663.88,73.71,100,0.0,3536.82
7663.88,73.67,100,1.2125,3536.82
7663.88,73.49,100,0.0,3536.82
7663.88,73.52,94,0.0,3536.82
7663.88,73.74,94,1.2125,3536.82
7663.88,73.71,98,0.0,3536.82
7663.88,74.01,98,1.2125,3536.82
7663.88,72.85,98,1.2125,3536.82
7663.88,73.07,98,0.0,3536.82
7663.88,72.88,98,0.0,3536.82
7663.88,73.0,98,0.0,3536.82
7663.88,72.35,97,0.0,3536.82
7663.88,72.23,97,1.2375,3536.82
7663.88,72.55,98,0.0,3536.82
7663.88,72.47,98,0.0,3536.82
7663.88,72.39,98,1.25,3536.82
7663.88,72.47,98,0.0,3536.82
7663.88,72.47,98,0.0,3536.82
7663.88,72.29,98,0.0,3536.82
7663.88,72.14,98,1.2375,3536.82
7663.88,72.11,98,0.0,3536.82
7663.88,72.21,97,0.0,3536.82
7663.88,69.53,97,1.2375,3536.82
7663.88,69.46,91,1.2375,3536.82
7663.88,69.59,91,0.0,3536.82
7663.88,69.38,100,0.0,3536.82
7663.88,69.44,100,1.25,3536.82
7663.88,69.44,94,0.0,3536.82
7663.88,69.6,94,0.0,3536.82
7663.88,69.57,98,0.0,3536.82
7663.88,69.64,98,1.2375,3536.82
7663.88,69.68,97,0.0,3536.82
7663.88,69.64,97,0.0,3536.82
7663.88,69.93,98,1.2375,3536.82
7663.88,72.88,98,0.0,3536.82
7663.88,72.87,98,0.0,3536.82
7663.88,72.44,98,1.25,3536.82
7663.88,72.49,98,0.0,3536.82
7663.88,72.41,98,0.0,3536.82
7663.88,72.24,98,0.0,3536.82
7663.88,71.98,98,1.2375,3536.82
7663.88,71.95,97,0.0,3536.82
7663.88,71.99,97,0.0,3536.82
7663.88,72.2,98,1.25,3536.82
7663.88,72.03,98,1.25,3536.82
7663.88,71.88,98,0.0,3536.82
7663.88,71.99,98,0.0,3536.82
7663.88,72.42,98,1.25,3536.82
7663.88,72.49,97,0.0,3536.82
7663.88,72.42,97,0.0,3536.82
7663.88,72.83,98,1.2375,3536.82
7663.88,72.81,98,0.0,3536.82
7663.88,72.68,98,0.0,3536.82
7663.88,72.48,98,0.0,3536.82
7663.88,72.45,98,1.25,3536.82
7663.88,72.54,98,0.0,3536.82
7663.88,72.54,98,0.0,3536.82
7663.88,72.61,98,1.2125,3536.82
7663.88,72.52,98,0.0,3536.82
7663.88,72.34,97,1.2125,3536.82
7663.88,72.2,97,0.0,3536.82
7663.88,72.2,98,1.2125,3536.82
7663.88,69.89,98,1.2125,3536.82
7663.88,69.45,90,0.0,3536.82
7663.88,69.52,90,0.0,3536.82
7663.88,69.01,99,0.0,3536.82
7663.88,69.27,99,1.2125,3536.82
7663.88,69.55,98,0.0,3536.82
7663.88,69.55,98,0.0,3536.82
7663.88,69.58,98,1.2125,3536.82
7663.88,69.86,97,0.0,3536.82
7663.88,69.62,97,0.0,3536.82
7663.88,71.95,98,0.0,3536.82
7663.88,72.15,98,1.2125,3536.82
7663.88,71.95,98,0.0,3536.82
7663.88,72.47,98,0.0,3536.82
7663.88,72.29,98,1.2125,3536.82
7663.88,72.25,98,0.0,3536.82
7663.88,72.17,97,1.2125,3536.82
7663.88,72.14,97,0.0,3536.82
7663.88,71.96,98,1.2125,3536.82
7663.88,72.23,98,0.0,3536.82
7663.88,72.07,98,0.0,3536.82
7663.88,72.12,98,1.2125,3536.82
7663.88,72.08,98,0.0,3536.82
7663.88,72.08,98,0.0,3536.82
7663.88,72.12,98,1.2125,3536.82
7663.88,72.05,98,0.0,3536.82
7663.88,71.97,97,0.0,3536.82
7663.88,71.87,97,1.2125,3536.82
7663.88,71.93,98,0.0,3536.82
7663.88,71.91,98,0.0,3536.82
7663.88,71.72,98,0.0,3536.82
7663.88,71.48,98,1.2125,3536.82
7663.88,71.62,98,0.0,3536.82
7663.88,72.03,97,0.0,3536.82
7663.88,72.07,97,1.2125,3536.82
7663.88,72.38,98,0.0,3536.82
7663.88,72.31,98,0.0,3536.82
7663.88,70.82,89,2.425,3536.82
7663.88,69.65,89,0.0,3536.82
7663.88,69.71,100,0.0,3536.82
7663.88,69.19,100,1.2125,3536.82
7663.88,69.55,97,0.0,3536.82
7663.88,69.87,97,0.0,3536.82
7663.88,69.97,98,0.0,3536.82
7663.88,70.03,98,1.2125,3536.82
7663.88,70.05,98,0.0,3536.82
7663.88,69.78,98,0.0,3536.82
7663.88,69.85,98,1.2125,3536.82
7663.88,71.37,98,0.0,3536.82
7663.88,71.37,97,0.0,3536.82
7663.88,71.85,97,0.0,3536.82
7663.88,72.35,98,1.2125,3536.82
7663.88,72.21,98,0.0,3536.82
7663.88,71.96,98,1.2125,3536.82
7663.88,71.96,98,0.0,3536.82
7663.88,71.91,98,1.2125,3536.82
7663.88,71.94,98,0.0,3536.82
7663.88,72.24,97,1.2375,3536.82
7663.88,72.22,97,0.0,3536.82
7663.88,72.26,98,0.0,3536.82
7663.88,72.3,98,1.2125,3536.82
7663.88,72.47,98,0.0,3536.82
7663.88,72.48,98,0.0,3536.82
7663.88,72.47,98,0.0,3536.82
7663.88,72.44,98,1.2125,3536.82
7663.88,72.52,98,0.0,3536.82
7663.88,72.19,97,0.0,3536.82
7663.88,72.1,97,0.0,3536.82
7663.88,71.84,98,1.2125,3536.82
7663.88,71.82,98,0.0,3536.82
7663.88,71.8,98,0.0,3536.82
7663.88,72.1,98,1.2125,3536.82
7663.88,72.05,98,0.0,3536.82
7663.88,72.19,98,0.0,3536.82
7663.88,71.71,97,0.0,3536.82
7663.88,69.61,97,2.4375,3536.82
7663.88,69.29,90,0.0,3536.82
7663.88,69.36,90,0.0,3536.82
7663.88,69.43,90,1.225,3536.82
7663.88,69.58,100,0.0,3536.82
7663.88,68.85,100,0.0,3536.82
7663.88,69.13,98,1.225,3536.82
7663.88,69.25,98,0.0,3536.82
7663.88,69.27,97,0.0,3536.82
7663.88,69.23,98,1.2125,3536.82
7663.88,69.66,98,0.0,3536.82
7663.88,69.66,98,0.0,3536.82
7663.88,72.0,98,0.0,3536.82
7663.88,72.0,98,1.2125,3536.82
7663.88,71.63,98,1.2125,3536.82
7663.88,71.61,97,0.0,3536.82
7663.88,72.14,97,0.0,3536.82
7663.88,72.11,98,1.2125,3536.82
7663.88,71.66,98,0.0,3536.82
7663.88,71.79,98,0.0,3536.82
7663.88,71.71,98,1.2125,3536.82
7663.88,71.53,98,0.0,3536.82
7663.88,71.25,98,0.0,3536.82
7663.88,71.31,98,1.225,3536.82
7663.88,71.34,98,0.0,3536.82
7663.88,71.5,97,0.0,3536.82
7663.88,71.72,98,0.0,3536.82
7663.88,72.0,98,1.2125,3536.82
7663.88,72.09,88,1.2125,3536.82
7663.88,73.77,88,1.2125,3536.82
7663.88,73.38,100,0.0,3536.82
7663.88,73.71,100,0.0,3536.82
7663.88,74.27,100,1.175,3536.82
7663.88,74.15,100,0.0,3536.82
7663.88,73.79,97,0.0,3536.82
7663.88,74.06,97,1.2125,3536.82
7663.88,74.24,98,0.0,3536.82
7663.88,74.45,98,0.0,3536.82
7663.88,74.58,97,0.0,3536.82
7663.88,72.95,97,1.2125,3536.82
7663.88,73.36,98,0.0,3536.82
7663.88,73.16,98,0.0,3536.82
7663.88,73.0,98,1.2125,3536.82
7663.88,72.31,98,1.2125,3536.82
7663.88,72.51,98,0.0,3536.82
7663.88,72.69,98,0.0,3536.82
7663.88,72.41,97,1.2125,3536.82
7663.88,72.17,97,0.0,3536.82
7663.88,72.09,98,0.0,3536.82
7663.88,71.93,98,0.0,3536.82
7663.88,72.09,98,1.1875,3536.82
7663.88,71.99,89,1.2125,3536.82
7663.88,73.46,89,1.2125,3536.82
7663.88,73.42,89,0.0,3536.82
7663.88,72.98,100,0.0,3536.82
7663.88,73.02,97,1.2125,3536.82
7663.88,73.48,97,0.0,3536.82
7663.88,73.28,96,0.0,3536.82
7663.88,73.36,96,0.0,3536.82
7663.88,73.32,98,1.2125,3536.82
7663.88,73.3,98,0.0,3536.82
7663.88,73.3,98,0.0,3536.82
7663.88,71.92,98,1.2125,3536.82
7663.88,71.61,98,0.0,3536.82
7663.88,72.17,98,0.0,3536.82
7663.88,71.37,98,0.0,3536.82
7663.88,71.28,97,1.2125,3536.82
7663.88,71.28,97,0.0,3536.82
7663.88,71.64,98,0.0,3536.82
7663.88,71.48,98,1.2125,3536.82
7663.88,71.44,98,0.0,3536.82
7663.88,71.44,98,0.0,3536.82
7663.88,71.17,98,1.2125,3536.82
7663.88,71.11,98,0.0,3536.82
7663.88,71.09,98,0.0,3536.82
7663.88,71.43,97,1.2125,3536.82
7663.88,72.46,97,1.2125,3536.82
7663.88,72.4,98,0.0,3536.82
7663.88,72.58,98,0.0,3536.82
7663.88,72.28,98,1.2125,3536.82
7663.88,72.17,98,0.0,3536.82
7663.88,71.98,98,0.0,3536.82
7663.88,71.98,98,1.2125,3536.82
7663.88,72.0,98,0.0,3536.82
7663.88,72.0,98,0.0,3536.82
7663.88,72.19,96,0.0,3536.82
7663.88,72.14,96,1.175,3536.82
7663.88,72.1,98,0.0,3536.82
7663.88,71.96,98,1.2125,3536.82
7663.88,71.78,98,1.225,3536.82
7663.88,73.5,88,0.0,3536.82
7663.88,73.29,88,0.0,3536.82
7663.88,73.2,88,0.0,3536.82
7663.88,73.63,100,1.225,3536.82
7663.88,73.63,100,0.0,3536.82
7663.88,73.61,100,1.2125,3536.82
7663.88,74.02,95,0.0,3536.82
7663.88,73.86,95,0.0,3536.82
7663.88,74.16,97,1.225,3536.82
7663.88,72.84,97,0.0,3536.82
7663.88,71.15,95,0.0,3536.82
7663.88,71.68,95,1.2125,3536.82
7663.88,71.83,97,0.0,3536.82
7663.88,71.89,97,0.0,3536.82
7663.88,71.05,96,0.0,3536.82
7663.88,71.14,96,1.2125,3536.82
7663.88,71.04,97,0.0,3536.82
7663.88,70.81,97,0.0,3536.82
7663.88,70.58,97,1.2,3536.82
7663.88,70.5,97,0.0,3536.82
7663.88,71.84,97,0.0,3536.82
7663.88,71.58,95,2.35,3536.82
7663.88,68.25,87,1.2125,3536.82
7663.88,68.09,87,0.0,3536.82
7663.88,67.92,100,1.2125,3536.82
7663.88,67.88,100,0.0,3536.82
7663.88,67.74,100,0.0,3536.82
7663.88,68.17,97,1.2125,3536.82
7663.88,68.14,97,0.0,3536.82
7663.88,67.46,96,0.0,3536.82
7663.88,67.26,96,1.2125,3536.82
7663.88,67.32,96,0.0,3536.82
7663.88,70.38,97,0.0,3536.82
7663.88,70.25,97,1.2125,3536.82
7663.88,70.25,97,1.2125,3536.82
7663.88,70.89,97,0.0,3536.82
7663.88,71.12,92,0.0,3536.82
7663.88,70.14,92,0.0,3536.82
7663.88,70.02,100,0.0,3536.82
7663.88,69.92,100,1.2125,3536.82
7663.88,70.86,94,0.0,3536.82
7663.88,70.86,94,0.0,3536.82
7663.88,71.18,97,0.0,3536.82
7663.88,71.29,97,1.225,3536.82
7663.88,71.49,97,0.0,3536.82
7663.88,71.65,97,0.0,3536.82
7663.88,71.65,97,1.2125,3536.82
7663.88,71.41,97,0.0,3536.82
7663.88,71.12,96,1.2125,3536.82
7663.88,71.8,96,1.2125,3536.82
7663.88,72.07,97,0.0,3536.82
7663.88,71.89,97,0.0,3536.82
7663.88,72.03,97,0.0,3536.82
7663.88,71.87,97,1.2125,3536.82
7663.88,71.77,97,0.0,3536.82
7663.88,71.95,97,0.0,3536.82
7663.88,71.15,97,0.0,3536.82
7663.88,71.53,96,1.2125,3536.82
7663.88,71.57,96,0.0,3536.82
7663.88,71.88,98,0.0,3536.82
7663.88,71.62,98,1.2125,3536.82
7663.88,71.77,98,0.0,3536.82
7663.88,71.47,98,0.0,3536.82
7663.88,71.75,98,0.0,3536.82
7663.88,71.67,98,1.2125,3536.82
7663.88,71.75,98,0.0,3536.82
7663.88,71.51,98,0.0,3536.82
7663.88,72.37,97,1.2125,3536.82
7663.88,72.29,98,0.0,3536.82
7663.88,72.42,98,0.0,3536.82
7663.88,72.64,98,0.0,3536.82
7663.88,72.56,98,1.2125,3536.82
7663.88,72.47,98,1.175,3536.82
7663.88,73.51,98,1.2125,3536.82
7663.88,73.3,98,1.2125,3536.82
7663.88,73.03,88,0.0,3536.82
7663.88,72.89,98,0.0,3536.82
7663.88,72.91,98,1.2,3536.82
7663.88,73.22,97,0.0,3536.82
7663.88,73.06,97,0.0,3536.82
7663.88,73.23,98,0.0,3536.82
7663.88,72.86,98,1.2125,3536.82
7663.88,72.86,98,0.0,3536.82
7663.88,72.88,98,0.0,3536.82
7663.88,72.93,98,1.2125,3536.82
7663.88,71.87,98,0.0,3536.82
7663.88,71.97,98,0.0,3536.82
7663.88,72.71,97,1.2125,3536.82
7663.88,72.71,98,0.0,3536.82
7663.88,72.76,98,0.0,3536.82
7663.88,72.86,98,1.2,3536.82
7663.88,72.58,98,1.2125,3536.82
7663.88,72.58,98,0.0,3536.82
7663.88,72.42,98,0.0,3536.82
7663.88,72.25,98,1.2125,3536.82
7663.88,72.08,98,0.0,3536.82
7663.88,72.03,97,0.0,3536.82
7663.88,72.1,97,0.0,3536.82
7663.88,72.05,98,1.2125,3536.82
7663.88,71.91,98,1.225,3536.82
7663.88,73.53,87,0.0,3536.82
7663.88,73.39,87,0.0,3536.82
7663.88,72.2,100,1.225,3536.82
7663.88,72.38,100,0.0,3536.82
7663.88,72.41,100,0.0,3536.82
7663.88,72.64,100,0.0,3536.82
7663.88,72.6,95,2.45,3536.82
7663.88,72.98,97,0.0,3536.82
7663.88,73.28,97,0.0,3536.82
7663.88,73.3,98,0.0,3536.82
7663.88,73.43,98,1.225,3536.82
7663.88,71.54,95,0.0,3536.82
7663.88,71.85,95,0.0,3536.82
7663.88,72.72,97,1.2125,3536.82
7663.88,72.64,97,0.0,3536.82
7663.88,72.62,97,0.0,3536.82
7663.88,72.98,97,0.0,3536.82
7663.88,72.78,97,1.1875,3536.82
7663.88,72.69,97,0.0,3536.82
7663.88,72.58,97,0.0,3536.82
7663.88,72.21,97,0.0,3536.82
7663.88,72.13,96,0.0,3536.82
7663.88,71.79,96,1.2125,3536.82
7663.88,72.08,96,0.0,3536.82
7663.88,72.0,96,0.0,3536.82
7663.88,72.18,96,1.2125,3536.82
7663.88,72.14,97,0.0,3536.82
7663.88,72.14,97,0.0,3536.82
7663.88,72.01,97,1.2125,3536.82
7663.88,71.68,97,0.0,3536.82
7663.88,72.07,97,0.0,3536.82
7663.88,71.96,95,1.2125,3536.82
7663.88,72.26,95,0.0,3536.82
7663.88,71.96,95,1.2375,3536.82
7663.88,71.96,97,1.175,3536.82
7663.88,69.66,91,0.0,3536.82
7663.88,69.48,91,1.2125,3536.82
7663.88,68.78,100,0.0,3536.82
7663.88,69.07,100,0.0,3536.82
7663.88,69.16,100,1.2125,3536.82
7663.88,68.32,97,0.0,3536.82
7663.88,68.79,97,0.0,3536.82
7663.88,68.62,97,1.2125,3536.82
7663.88,69.11,96,0.0,3536.82
7663.88,71.73,96,0.0,3536.82
7663.88,71.61,98,0.0,3536.82
7663.88,71.96,98,0.0,3536.82
7663.88,71.69,98,0.0,3536.82
7663.88,72.4,98,1.225,3536.82
7663.88,72.4,98,0.0,3536.82
7663.88,72.02,98,0.0,3536.82
7663.88,71.85,98,0.0,3536.82
7663.88,72.55,98,1.2125,3536.82
7663.88,72.49,96,0.0,3536.82
7663.88,72.79,96,0.0,3536.82
7663.88,72.58,98,0.0,3536.82
7663.88,72.55,98,2.425,3536.82
7663.88,72.48,98,0.0,3536.82
7663.88,72.48,98,0.0,3536.82
7663.88,72.11,98,0.0,3536.82
7663.88,72.33,97,1.2125,3536.82
7663.88,72.53,97,0.0,3536.82
7663.88,72.65,97,0.0,3536.82
7663.88,72.3,97,0.0,3536.82
7663.88,72.12,98,1.2125,3536.82
7663.88,71.93,98,0.0,3536.82
7663.88,71.84,98,0.0,3536.82
7663.88,72.16,98,1.2125,3536.82
7663.88,71.98,89,1.2125,3536.82
7663.88,72.03,89,0.0,3536.82
7663.88,71.35,100,0.0,3536.82
7663.88,71.44,100,1.2125,3536.82
7663.88,71.13,93,0.0,3536.82
7663.88,71.17,93,0.0,3536.82
7663.88,71.46,97,1.2125,3536.82
7663.88,71.63,97,1.2125,3536.82
7663.88,71.8,97,0.0,3536.82
7663.88,71.63,97,0.0,3536.82
7663.88,71.05,97,1.2125,3536.82
7663.88,71.05,97,0.0,3536.82
7663.88,71.55,97,0.0,3536.82
7663.88,71.63,97,0.0,3536.82
7663.88,72.15,95,1.2125,3536.82
7663.88,72.15,95,0.0,3536.82
7663.88,71.96,97,0.0,3536.82
7663.88,71.97,97,2.425,3536.82
7663.88,69.05,89,0.0,3536.82
7663.88,69.63,89,0.0,3536.82
7663.88,69.63,97,1.2125,3536.82
7663.88,68.54,97,0.0,3536.82
7663.88,69.11,96,0.0,3536.82
7663.88,69.52,97,1.2125,3536.82
7663.88,70.13,97,0.0,3536.82
7663.88,70.22,96,0.0,3536.82
7663.88,70.07,96,1.225,3536.82
7663.88,70.03,97,0.0,3536.82
7663.88,72.75,97,0.0,3536.82
7663.88,72.15,97,1.2125,3536.82
7663.88,72.26,97,0.0,3536.82
7663.88,73.28,97,0.0,3536.82
7663.88,73.22,97,0.0,3536.82
7663.88,73.05,97,1.2125,3536.82
7663.88,72.97,97,0.0,3536.82
7663.88,72.75,96,1.2125,3536.82
7663.88,70.49,96,1.2125,3536.82
7663.88,70.24,90,0.0,3536.82
7663.88,70.03,98,0.0,3536.82
7663.88,70.03,98,1.2125,3536.82
7663.88,69.1,98,0.0,3536.82
7663.88,69.41,97,0.0,3536.82
7663.88,69.56,97,0.0,3536.82
7663.88,69.43,98,2.4375,3536.82
7663.88,69.33,98,0.0,3536.82
7663.88,69.4,98,0.0,3536.82
7663.88,69.4,98,1.2125,3536.82
7663.88,71.56,98,0.0,3536.82
7663.88,71.59,98,0.0,3536.82
7663.88,71.97,97,1.2125,3536.82
7663.88,72.55,97,0.0,3536.82
7663.88,72.55,97,0.0,3536.82
7663.88,72.33,97,0.0,3536.82
7663.88,72.22,98,1.2125,3536.82
7663.88,72.07,98,0.0,3536.82
7663.88,72.24,98,0.0,3536.82
7663.88,72.24,98,0.0,3536.82
7663.88,71.93,98,1.2125,3536.82
7663.88,71.66,98,0.0,3536.82
7663.88,71.61,97,0.0,3536.82
7663.88,71.77,98,1.2125,3536.82
7663.88,71.77,98,0.0,3536.82
7663.88,71.73,98,0.0,3536.82
7663.88,71.83,98,1.225,3536.82
7663.88,71.99,98,1.2375,3536.82
7663.88,72.24,98,0.0,3536.82
7663.88,71.92,98,0.0,3536.82
7663.88,72.16,98,1.2125,3536.82
7663.88,72.2,97,0.0,3536.82
7663.88,72.45,97,0.0,3536.82
7663.88,72.39,98,1.2125,3536.82
7663.88,72.62,98,0.0,3536.82
7663.88,72.53,98,0.0,3536.82
7663.88,72.85,98,2.425,3536.82
7663.88,69.99,89,0.0,3536.82
7663.88,69.85,89,0.0,3536.82
7663.88,69.65,100,1.2125,3536.82
7663.88,68.75,97,0.0,3536.82
7663.88,68.94,97,0.0,3536.82
7663.88,69.2,98,0.0,3536.82
7663.88,69.31,98,1.2125,3536.82
7663.88,69.35,97,0.0,3536.82
7663.88,69.31,97,0.0,3536.82
7663.88,69.05,98,1.2125,3536.82
7663.88,71.77,98,0.0,3536.82
7663.88,71.55,98,0.0,3536.82
7663.88,71.46,98,0.0,3536.82
7663.88,71.46,98,1.2125,3536.82
7663.88,72.31,98,0.0,3536.82
7663.88,72.22,98,1.2125,3536.82
7663.88,71.92,98,1.2125,3536.82
7663.88,71.84,98,0.0,3536.82
7663.88,71.88,96,0.0,3536.82
7663.88,71.83,96,0.0,3536.82
7663.88,71.77,98,1.2125,3536.82
7663.88,71.9,98,0.0,3536.82
7663.88,71.7,98,0.0,3536.82
7663.88,72.03,98,0.0,3536.82
7663.88,72.22,98,1.2125,3536.82
7663.88,71.62,97,0.0,3536.82
7663.88,71.93,97,0.0,3536.82
7663.88,71.91,98,1.2125,3536.82
7663.88,71.94,98,0.0,3536.82
7663.88,71.86,98,0.0,3536.82
7663.88,72.03,98,1.2125,3536.82
7663.88,71.91,98,0.0,3536.82
7663.88,72.11,98,0.0,3536.82
7663.88,72.2,98,0.0,3536.82
7663.88,71.78,98,1.2125,3536.82
7663.88,71.72,97,0.0,3536.82
7663.88,72.14,97,0.0,3536.82
7663.88,72.01,98,2.4375,3536.82
7663.88,70.86,98,0.0,3536.82
7663.88,70.58,91,0.0,3536.82
7663.88,70.53,100,0.0,3536.82
7663.88,70.72,100,1.2125,3536.82
7663.88,70.73,98,1.2125,3536.82
7663.88,70.19,98,0.0,3536.82
7663.88,70.99,98,1.2125,3536.82
7663.88,71.21,98,0.0,3536.82
7663.88,71.25,98,0.0,3536.82
7663.88,71.29,98,1.2125,3536.82
7663.88,72.53,98,0.0,3536.82
7663.88,72.5,98,0.0,3536.82
7663.88,72.61,98,0.0,3536.82
7663.88,72.61,98,1.2125,3536.82
7663.88,72.08,98,0.0,3536.82
7663.88,72.51,96,0.0,3536.82
7663.88,72.51,96,1.2125,3536.82
7663.88,72.61,98,0.0,3536.82
7663.88,72.31,98,0.0,3536.82
7663.88,71.98,98,1.2125,3536.82
7663.88,71.98,98,0.0,3536.82
7663.88,71.88,98,0.0,3536.82
7663.88,71.47,98,1.2125,3536.82
7663.88,71.61,98,0.0,3536.82
7663.88,71.77,97,0.0,3536.82
7663.88,71.91,97,1.2125,3536.82
7663.88,72.15,98,0.0,3536.82
7663.88,72.14,98,0.0,3536.82
7663.88,72.17,98,0.0,3536.82
7663.88,72.24,98,1.2125,3536.82
7663.88,72.38,98,0.0,3536.82
7663.88,72.44,98,0.0,3536.82
7663.88,72.5,97,1.2125,3536.82
7663.88,72.51,97,0.0,3536.82
7663.88,72.26,98,0.0,3536.82
7663.88,72.49,98,1.2125,3536.82
7663.88,72.34,98,0.0,3536.82
7663.88,72.39,98,0.0,3536.82
7663.88,72.13,98,1.2125,3536.82
7663.88,72.22,98,0.0,3536.82
7663.88,71.92,98,2.425,3536.82
7663.88,73.79,87,0.0,3536.82
7663.88,73.01,87,0.0,3536.82
7663.88,73.33,97,0.0,3536.82
7663.88,73.07,97,1.2125,3536.82
7663.88,73.4,97,1.2125,3536.82
7663.88,73.69,97,0.0,3536.82
7663.88,73.87,95,0.0,3536.82
7663.88,73.93,95,1.2125,3536.82
7663.88,73.86,97,0.0,3536.82
7663.88,73.75,97,0.0,3536.82
7663.88,71.91,97,0.0,3536.82
7663.88,72.35,97,1.2125,3536.82
7663.88,72.21,97,0.0,3536.82
7663.88,72.38,97,0.0,3536.82
7663.88,72.54,97,0.0,3536.82
7663.88,71.24,97,1.2375,3536.82
7663.88,71.31,95,0.0,3536.82
7663.88,70.98,95,0.0,3536.82
7663.88,71.15,97,0.0,3536.82
7663.88,70.9,97,1.2125,3536.82
7663.88,71.1,98,0.0,3536.82
7663.88,70.77,98,0.0,3536.82
7663.88,70.94,98,0.0,3536.82
7663.88,70.97,98,1.25,3536.82
7663.88,71.26,98,0.0,3536.82
7663.88,71.05,98,0.0,3536.82
7663.88,72.17,96,0.0,3536.82
7663.88,71.82,96,2.4875,3536.82
7663.88,71.99,98,0.0,3536.82
7663.88,71.8,98,0.0,3536.82
7663.88,72.0,98,0.0,3536.82
7663.88,71.85,98,1.25,3536.82
7663.88,72.06,98,0.0,3536.82
7663.88,72.06,98,0.0,3536.82
7663.88,72.42,96,0.0,3536.82
7663.88,72.42,96,1.25,3536.82
7663.88,72.4,98,0.0,3536.82
7663.88,72.11,98,1.1875,3536.82
7663.88,72.32,98,0.0,3536.82
7663.88,72.38,98,1.25,3536.82
7663.88,72.38,93,0.0,3536.82
7663.88,72.19,93,0.0,3536.82
7663.88,72.08,97,0.0,3536.82
7663.88,72.42,97,1.25,3536.82
7663.88,72.64,98,0.0,3536.82
7663.88,72.61,98,0.0,3536.82
7663.88,72.45,98,1.2375,3536.82
7663.88,72.36,98,0.0,3536.82
7663.88,72.51,98,0.0,3536.82
7663.88,72.41,98,0.0,3536.82
7663.88,72.32,97,1.2375,3536.82
7663.88,72.19,97,0.0,3536.82
7663.88,72.11,98,0.0,3536.82
7663.88,72.51,98,1.2375,3536.82
7663.88,72.31,98,0.0,3536.82
7663.88,72.47,98,0.0,3536.82
7663.88,72.2,98,0.0,3536.82
7663.88,72.44,98,1.2375,3536.82
7663.88,72.37,98,0.0,3536.82
7663.88,72.31,97,0.0,3536.82
7663.88,72.27,97,1.2375,3536.82
7663.88,72.34,98,0.0,3536.82
7663.88,72.27,98,0.0,3536.82
7663.88,72.66,98,0.0,3536.82
7663.88,72.81,98,1.2375,3536.82
7663.88,72.65,98,0.0,3536.82
7663.88,72.76,98,0.0,3536.82
7663.88,72.27,98,1.2375,3536.82
7663.88,72.35,96,0.0,3536.82
7663.88,72.32,98,0.0,3536.82
7663.88,72.28,98,1.2125,3536.82
7663.88,72.25,98,1.2125,3536.82
7663.88,72.45,98,0.0,3536.82
7663.88,72.47,98,0.0,3536.82
7663.88,72.51,98,1.2125,3536.82
7663.88,72.36,98,0.0,3536.82
7663.88,72.4,98,0.0,3536.82
7663.88,73.8,98,1.2125,3536.82
7663.88,73.36,89,1.2125,3536.82
7663.88,73.28,89,0.0,3536.82
7663.88,72.96,100,0.0,3536.82
7663.88,73.22,100,0.0,3536.82
7663.88,73.22,95,1.225,3536.82
7663.88,73.63,95,0.0,3536.82
7663.88,73.91,97,0.0,3536.82
7663.88,73.77,97,1.225,3536.82
7663.88,73.77,97,0.0,3536.82
7663.88,73.7,97,0.0,3536.82
7663.88,73.58,97,0.0,3536.82
7663.88,72.0,95,1.2125,3536.82
7663.88,71.86,95,0.0,3536.82
7663.88,72.12,97,0.0,3536.82
7663.88,72.17,97,1.2125,3536.82
7663.88,72.17,97,0.0,3536.82
7663.88,71.95,97,0.0,3536.82
7663.88,71.77,97,0.0,3536.82
7663.88,71.82,97,1.2125,3536.82
7663.88,71.86,97,0.0,3536.82
7663.88,71.84,97,0.0,3536.82
7663.88,71.63,95,0.0,3536.82
7663.88,72.38,95,2.45,3536.82
7663.88,73.31,88,0.0,3536.82
7663.88,72.66,88,0.0,3536.82
7663.88,72.74,100,0.0,3536.82
7663.88,72.22,100,1.2125,3536.82
7663.88,72.21,96,0.0,3536.82
7663.88,72.58,96,1.2125,3536.82
7663.88,72.62,96,0.0,3536.82
7663.88,72.7,96,0.0,3536.82
7663.88,72.64,97,1.2125,3536.82
7663.88,72.84,97,0.0,3536.82
7663.88,72.86,97,0.0,3536.82
7663.88,72.24,97,2.425,3536.82
7663.88,72.83,97,0.0,3536.82
7663.88,72.55,95,0.0,3536.82
7663.88,73.25,95,1.2125,3536.82
7663.88,73.42,97,0.0,3536.82
7663.88,73.13,97,0.0,3536.82
7663.88,72.89,97,1.2125,3536.82
7663.88,73.03,97,0.0,3536.82
7663.88,72.96,97,0.0,3536.82
7663.88,73.06,97,0.0,3536.82
7663.88,72.75,98,0.0,3536.82
7663.88,72.94,98,1.25,3536.82
7663.88,73.02,97,0.0,3536.82
7663.88,72.6,97,0.0,3536.82
7663.88,72.34,98,1.25,3536.82
7663.88,72.08,98,0.0,3536.82
7663.88,71.95,98,0.0,3536.82
7663.88,71.83,98,0.0,3536.82
7663.88,71.82,98,1.25,3536.82
7663.88,71.72,98,0.0,3536.82
7663.88,71.47,98,0.0,3536.82
7663.88,71.44,96,0.0,3536.82
7663.88,71.53,96,1.25,3536.82
7663.88,71.35,98,0.0,3536.82
7663.88,71.35,98,0.0,3536.82
7663.88,71.52,98,1.25,3536.82
7663.88,71.38,98,0.0,3536.82
7663.88,71.58,98,1.25,3536.82
7663.88,70.07,89,1.25,3536.82
7663.88,70.14,89,0.0,3536.82
7663.88,69.84,100,0.0,3536.82
7663.88,69.31,100,0.0,3536.82
7663.88,69.68,95,0.0,3536.82
7663.88,69.68,95,1.25,3536.82
7663.88,69.71,97,0.0,3536.82
7663.88,69.73,97,0.0,3536.82
7663.88,69.8,95,0.0,3536.82
7663.88,69.78,95,1.2375,3536.82
7663.88,71.26,97,0.0,3536.82
7663.88,71.26,97,0.0,3536.82
7663.88,71.39,97,0.0,3536.82
7663.88,72.07,97,1.25,3536.82
7663.88,72.1,97,0.0,3536.82
7663.88,71.95,97,0.0,3536.82
7663.88,71.37,95,1.25,3536.82
7663.88,71.54,95,0.0,3536.82
7663.88,71.47,97,0.0,3536.82
7663.88,71.66,97,0.0,3536.82
7663.88,71.53,97,1.25,3536.82
7663.88,71.56,97,0.0,3536.82
7663.88,71.58,98,0.0,3536.82
7663.88,71.64,98,0.0,3536.82
7663.88,71.99,98,1.2375,3536.82
7663.88,72.03,98,0.0,3536.82
7663.88,72.2,96,0.0,3536.82
7663.88,72.95,96,0.0,3536.82
7663.88,72.77,98,0.0,3536.82
7663.88,72.83,98,2.4625,3536.82
7663.88,72.61,98,0.0,3536.82
7663.88,72.61,98,0.0,3536.82
7663.88,72.52,97,0.0,3536.82
7663.88,72.75,97,0.0,3536.82
7663.88,72.79,98,1.2375,3536.82
7663.88,72.95,98,0.0,3536.82
7663.88,73.01,96,0.0,3536.82
7663.88,72.98,96,0.0,3536.82
7663.88,72.85,98,1.2125,3536.82
7663.88,74.22,98,0.0,3536.82
7663.88,73.98,92,1.2125,3536.82
7663.88,73.76,92,0.0,3536.82
7663.88,73.74,97,0.0,3536.82
7663.88,74.19,97,1.2125,3536.82
7663.88,74.34,97,0.0,3536.82
7663.88,74.61,97,0.0,3536.82
7663.88,74.5,97,1.2125,3536.82
7663.88,74.53,97,0.0,3536.82
7663.88,74.38,97,0.0,3536.82
7663.88,74.38,97,1.2125,3536.82
7663.88,73.11,95,0.0,3536.82
7663.88,73.17,95,0.0,3536.82
7663.88,73.19,97,0.0,3536.82
7663.88,73.41,97,2.4375,3536.82
7663.88,74.36,89,1.2125,3536.82
7663.88,73.59,89,0.0,3536.82
7663.88,73.54,100,0.0,3536.82
7663.88,72.9,100,0.0,3536.82
7663.88,72.96,96,1.2125,3536.82
7663.88,72.88,96,0.0,3536.82
7663.88,72.91,96,0.0,3536.82
7663.88,72.49,98,1.2125,3536.82
7663.88,72.52,98,0.0,3536.82
7663.88,72.47,98,0.0,3536.82
7663.88,72.53,98,1.2125,3536.82
7663.88,71.82,98,0.0,3536.82
7663.88,71.44,98,0.0,3536.82
7663.88,72.09,98,1.2125,3536.82
7663.88,71.73,98,0.0,3536.82
7663.88,71.85,96,1.2125,3536.82
7663.88,72.87,96,1.2125,3536.82
7663.88,72.19,90,0.0,3536.82
7663.88,72.21,90,0.0,3536.82
7663.88,72.34,98,1.2125,3536.82
7663.88,72.34,98,0.0,3536.82
7663.88,72.58,98,0.0,3536.82
7663.88,72.69,98,1.2125,3536.82
7663.88,72.7,98,0.0,3536.82
7663.88,72.59,98,0.0,3536.82
7663.88,72.56,98,1.2125,3536.82
7663.88,72.46,98,0.0,3536.82
7663.88,70.35,96,0.0,3536.82
7663.88,71.14,96,1.2125,3536.82
7663.88,70.95,98,0.0,3536.82
7663.88,71.19,98,0.0,3536.82
7663.88,70.96,98,0.0,3536.82
7663.88,70.86,98,1.2125,3536.82
7663.88,70.75,98,0.0,3536.82
7663.88,70.85,98,0.0,3536.82
7663.88,70.97,98,1.2125,3536.82
7663.88,70.8,97,0.0,3536.82
7663.88,71.76,97,0.0,3536.82
7663.88,71.64,98,0.0,3536.82
7663.88,72.03,98,1.1875,3536.82
7663.88,71.99,98,0.0,3536.82
7663.88,72.23,98,1.2125,3536.82
7663.88,72.02,98,1.2125,3536.82
7663.88,72.19,98,0.0,3536.82
7663.88,72.11,98,0.0,3536.82
7663.88,72.26,98,1.2125,3536.82
7663.88,72.27,97,0.0,3536.82
7663.88,72.41,97,0.0,3536.82
7663.88,72.38,98,0.0,3536.82
7663.88,72.81,98,1.2125,3536.82
7663.88,72.75,98,0.0,3536.82
7663.88,72.58,98,0.0,3536.82
7663.88,72.47,98,1.2125,3536.82
7663.88,72.37,98,1.2125,3536.82
7663.88,69.6,88,0.0,3536.82
7663.88,69.32,88,1.2125,3536.82
7663.88,69.21,99,0.0,3536.82
7663.88,69.54,99,0.0,3536.82
7663.88,68.56,100,0.0,3536.82
7663.88,68.58,100,1.2125,3536.82
7663.88,68.23,97,0.0,3536.82
7663.88,68.29,98,0.0,3536.82
7663.88,68.76,98,1.2125,3536.82
7663.88,69.0,98,0.0,3536.82
7663.88,69.0,98,0.0,3536.82
7663.88,71.79,98,1.2125,3536.82
7663.88,71.64,98,0.0,3536.82
7663.88,71.43,98,0.0,3536.82
7663.88,72.19,98,1.2125,3536.82
7663.88,72.2,97,0.0,3536.82
7663.88,72.31,97,0.0,3536.82
7663.88,72.26,98,0.0,3536.82
7663.88,71.97,98,0.0,3536.82
7663.88,72.06,98,1.25,3536.82
7663.88,72.01,98,0.0,3536.82
7663.88,71.94,98,0.0,3536.82
7663.88,71.94,98,1.25,3536.82
7663.88,72.12,98,0.0,3536.82
7663.88,72.18,98,0.0,3536.82
7663.88,72.25,96,0.0,3536.82
7663.88,72.42,96,1.25,3536.82
7663.88,72.53,96,0.0,3536.82
7663.88,72.66,98,0.0,3536.82
7663.88,72.49,98,0.0,3536.82
7663.88,72.38,98,2.4875,3536.82
7663.88,72.03,98,0.0,3536.82
7663.88,72.06,98,0.0,3536.82
7663.88,72.03,98,0.0,3536.82
7663.88,72.03,97,1.25,3536.82
7663.88,72.05,97,0.0,3536.82
7663.88,71.96,98,0.0,3536.82
7663.88,72.06,98,0.0,3536.82
7663.88,72.17,98,1.25,3536.82
7663.88,71.98,98,0.0,3536.82
7663.88,71.86,98,0.0,3536.82
7663.88,71.9,98,2.4875,3536.82
7663.88,72.07,98,0.0,3536.82
7663.88,71.88,92,0.0,3536.82
7663.88,71.94,92,0.0,3536.82
7663.88,71.49,98,1.25,3536.82
7663.88,71.66,98,0.0,3536.82
7663.88,71.98,98,0.0,3536.82
7663.88,72.11,98,1.25,3536.82
7663.88,72.39,98,0.0,3536.82
7663.88,72.07,98,0.0,3536.82
7663.88,72.22,98,0.0,3536.82
7663.88,72.4,98,1.25,3536.82
7663.88,72.32,96,0.0,3536.82
7663.88,72.53,96,0.0,3536.82
7663.88,72.33,98,1.25,3536.82
7663.88,72.85,98,0.0,3536.82
7663.88,72.8,98,0.0,3536.82
7663.88,72.86,98,1.2125,3536.82
7663.88,72.66,98,0.0,3536.82
7663.88,72.64,98,0.0,3536.82
7663.88,72.98,98,0.0,3536.82
7663.88,73.03,96,1.2125,3536.82
7663.88,72.68,98,1.2125,3536.82
7663.88,72.7,98,0.0,3536.82
7663.88,72.69,98,0.0,3536.82
7663.88,72.96,98,1.2125,3536.82
7663.88,73.04,98,1.2125,3536.82
7663.88,72.5,98,0.0,3536.82
7663.88,70.91,91,1.2125,3536.82
7663.88,70.85,98,0.0,3536.82
7663.88,70.48,98,0.0,3536.82
7663.88,70.64,98,1.2125,3536.82
7663.88,70.64,97,0.0,3536.82
7663.88,70.73,97,0.0,3536.82
7663.88,70.84,98,1.2125,3536.82
7663.88,70.95,98,0.0,3536.82
7663.88,71.03,98,0.0,3536.82
7663.88,71.03,98,0.0,3536.82
7663.88,71.22,98,1.2125,3536.82
7663.88,72.09,98,0.0,3536.82
7663.88,72.24,97,0.0,3536.82
7663.88,72.57,97,0.0,3536.82
7663.88,72.18,98,1.25,3536.82
7663.88,72.0,98,0.0,3536.82
7663.88,71.93,98,1.2125,3536.82
7663.88,72.0,98,0.0,3536.82
7663.88,71.97,98,0.0,3536.82
7663.88,72.07,98,0.0,3536.82
7663.88,71.72,98,1.225,3536.82
7663.88,71.88,96,0.0,3536.82
7663.88,71.83,96,0.0,3536.82
7663.88,71.71,98,1.2125,3536.82
7663.88,72.01,98,1.2125,3536.82
7663.88,71.89,98,0.0,3536.82
7663.88,72.17,98,0.0,3536.82
7663.88,72.01,98,0.0,3536.82
7663.88,72.1,98,1.25,3536.82
7663.88,71.9,96,0.0,3536.82
7663.88,72.14,96,0.0,3536.82
7663.88,71.97,98,0.0,3536.82
7663.88,72.25,98,1.25,3536.82
7663.88,72.18,98,0.0,3536.82
7663.88,72.45,98,0.0,3536.82
7663.88,72.29,98,0.0,3536.82
7663.88,72.53,98,1.1125,3536.82
7663.88,69.99,91,1.2375,3536.82
7663.88,69.99,91,0.0,3536.82
7663.88,69.83,91,0.0,3536.82
7663.88,68.56,96,1.25,3536.82
7663.88,68.75,97,0.0,3536.82
7663.88,69.04,97,0.0,3536.82
7663.88,69.04,98,1.25,3536.82
7663.88,69.25,98,0.0,3536.82
7663.88,69.27,98,0.0,3536.82
7663.88,69.15,98,0.0,3536.82
7663.88,69.19,98,1.2375,3536.82
7663.88,71.55,98,0.0,3536.82
7663.88,71.64,96,0.0,3536.82
7663.88,71.57,96,0.0,3536.82
7663.88,72.99,98,2.4875,3536.82
7663.88,70.09,98,0.0,3536.82
7663.88,69.92,90,1.25,3536.82
7663.88,69.84,90,1.2375,3536.82
7663.88,68.92,98,0.0,3536.82
7663.88,69.06,98,0.0,3536.82
7663.88,69.44,97,1.25,3536.82
7663.88,69.44,97,0.0,3536.82
7663.88,69.46,98,0.0,3536.82
7663.88,69.45,98,0.0,3536.82
7663.88,69.44,98,0.0,3536.82
7663.88,69.28,98,0.0,3536.82
7663.88,71.95,98,1.2375,3536.82
7663.88,71.72,98,0.0,3536.82
7663.88,71.48,98,0.0,3536.82
7663.88,72.37,97,1.25,3536.82
7663.88,72.21,97,0.0,3536.82
7663.88,71.93,98,0.0,3536.82
7663.88,71.59,98,1.25,3536.82
7663.88,71.63,98,0.0,3536.82
7663.88,71.74,98,0.0,3536.82
7663.88,71.87,98,1.25,3536.82
7663.88,71.53,98,0.0,3536.82
7663.88,72.06,98,0.0,3536.82
7663.88,72.06,96,0.0,3536.82
7663.88,72.15,96,1.25,3536.82
7663.88,72.27,98,0.0,3536.82
7663.88,72.02,98,0.0,3536.82
7663.88,72.09,98,1.25,3536.82
7663.88,73.76,98,1.25,3536.82
7663.88,73.07,92,0.0,3536.82
7663.88,73.1,92,0.0,3536.82
7663.88,73.17,100,0.0,3536.82
7663.88,72.89,100,1.2375,3536.82
7663.88,72.94,97,0.0,3536.82
7663.88,72.82,97,0.0,3536.82
7663.88,73.22,98,0.0,3536.82
7663.88,73.16,98,0.0,3536.82
7663.88,73.33,98,1.225,3536.82
7663.88,73.38,98,0.0,3536.82
7663.88,71.77,97,0.0,3536.82
7663.88,72.5,97,0.0,3536.82
7663.88,72.36,98,0.0,3536.82
7663.88,72.03,98,1.2125,3536.82
7663.88,72.02,98,0.0,3536.82
7663.88,72.29,98,0.0,3536.82
7663.88,72.28,98,1.2125,3536.82
7663.88,71.93,97,0.0,3536.82
7663.88,72.1,97,0.0,3536.82
7663.88,72.01,98,0.0,3536.82
7663.88,71.99,98,1.225,3536.82
7663.88,71.92,98,0.0,3536.82
7663.88,71.92,98,0.0,3536.82
7663.88,72.0,98,1.2125,3536.82
7663.88,72.37,98,0.0,3536.82
7663.88,72.35,98,0.0,3536.82
7663.88,72.35,98,0.0,3536.82
7663.88,72.34,97,1.25,3536.82
7663.88,72.18,97,1.2375,3536.82
7663.88,71.81,98,0.0,3536.82
7663.88,71.81,98,0.0,3536.82
7663.88,71.47,98,0.0,3536.82
7663.88,71.48,98,1.25,3536.82
7663.88,71.41,98,0.0,3536.82
7663.88,71.66,98,0.0,3536.82
7663.88,71.7,96,1.25,3536.82
7663.88,71.86,96,0.0,3536.82
7663.88,71.9,98,0.0,3536.82
7663.88,71.85,98,0.0,3536.82
7663.88,71.89,98,2.4875,3536.82
7663.88,72.04,98,0.0,3536.82
7663.88,72.02,90,0.0,3536.82
7663.88,71.9,90,1.2375,3536.82
7663.88,71.93,90,0.0,3536.82
7663.88,72.37,97,0.0,3536.82
7663.88,72.37,98,0.0,3536.82
7663.88,72.57,98,1.2375,3536.82
7663.88,72.47,98,0.0,3536.82
7663.88,72.52,98,0.0,3536.82
7663.88,72.59,97,0.0,3536.82
7663.88,72.33,97,1.2375,3536.82
7663.88,72.17,98,0.0,3536.82
7663.88,71.92,98,0.0,3536.82
7663.88,72.17,98,1.2375,3536.82
7663.88,72.34,98,0.0,3536.82
7663.88,72.33,98,0.0,3536.82
7663.88,72.18,98,0.0,3536.82
7663.88,72.11,96,1.2375,3536.82
7663.88,72.07,96,0.0,3536.82
7663.88,71.94,98,0.0,3536.82
7663.88,71.75,98,1.25,3536.82
7663.88,71.84,98,0.0,3536.82
7663.88,71.79,98,0.0,3536.82
7663.88,72.06,98,2.4875,3536.82
7663.88,72.11,98,0.0,3536.82
7663.88,72.4,98,0.0,3536.82
7663.88,71.96,98,0.0,3536.82
7663.88,71.96,96,1.25,3536.82
7663.88,71.84,96,0.0,3536.82
7663.88,71.89,98,0.0,3536.82
7663.88,71.66,98,0.0,3536.82
7663.88,71.76,98,0.0,3536.82
7663.88,71.53,98,0.0,3536.82
7663.88,71.87,98,1.25,3536.82
7663.88,71.88,98,0.0,3536.82
7663.88,72.14,96,0.0,3536.82
7663.88,71.94,96,0.0,3536.82
7663.88,72.3,98,0.0,3536.82
7663.88,71.95,98,2.45,3536.82
7663.88,73.74,89,0.0,3536.82
7663.88,73.48,89,0.0,3536.82
7663.88,73.67,100,0.0,3536.82
7663.88,73.8,100,0.0,3536.82
7663.88,74.21,96,1.2375,3536.82
7663.88,74.29,96,0.0,3536.82
7663.88,74.34,98,0.0,3536.82
7663.88,74.39,97,0.0,3536.82
7663.88,74.31,97,0.0,3536.82
7663.88,74.13,98,0.0,3536.82
7663.88,72.38,98,2.45,3536.82
7663.88,72.68,89,0.0,3536.82
7663.88,72.67,89,0.0,3536.82
7663.88,72.71,100,1.225,3536.82
7663.88,72.93,100,0.0,3536.82
7663.88,73.11,100,0.0,3536.82
7663.88,72.98,100,0.0,3536.82
7663.88,73.03,95,0.0,3536.82
7663.88,73.33,95,1.225,3536.82
7663.88,72.92,95,0.0,3536.82
7663.88,73.27,96,0.0,3536.82
7663.88,73.01,97,0.0,3536.82
7663.88,72.92,97,1.225,3536.82
7663.88,72.68,97,0.0,3536.82
7663.88,72.61,97,0.0,3536.82
7663.88,71.89,97,1.225,3536.82
7663.88,71.59,97,0.0,3536.82
7663.88,71.91,97,0.0,3536.82
7663.88,71.73,97,1.225,3536.82
7663.88,71.81,97,0.0,3536.82
7663.88,71.97,96,0.0,3536.82
7663.88,71.83,96,0.0,3536.82
7663.88,71.93,97,0.0,3536.82
7663.88,71.89,97,1.2375,3536.82
7663.88,71.83,98,0.0,3536.82
7663.88,71.75,98,0.0,3536.82
7663.88,72.22,98,0.0,3536.82
7663.88,72.24,98,0.0,3536.82
7663.88,72.21,98,0.0,3536.82
7663.88,72.17,96,1.2375,3536.82
7663.88,72.17,96,0.0,3536.82
7663.88,71.87,98,0.0,3536.82
7663.88,71.86,98,0.0,3536.82
7663.88,71.94,98,0.0,3536.82
7663.88,71.94,98,0.0,3536.82
7663.88,72.0,98,1.2375,3536.82
7663.88,72.12,98,0.0,3536.82
7663.88,72.04,96,0.0,3536.82
7663.88,72.12,96,0.0,3536.82
7663.88,72.05,98,0.0,3536.82
7663.88,72.03,98,0.0,3536.82
7663.88,72.04,98,1.225,3536.82
7663.88,72.17,98,0.0,3536.82
7663.88,72.25,92,0.0,3536.82
7663.88,72.18,92,0.0,3536.82
7663.88,71.63,100,2.4625,3536.82
7663.88,71.74,100,0.0,3536.82
7663.88,71.58,99,0.0,3536.82
7663.88,71.63,99,0.0,3536.82
7663.88,71.82,97,0.0,3536.82
7663.88,71.83,97,1.225,3536.82
7663.88,72.0,98,0.0,3536.82
7663.88,71.89,98,0.0,3536.82
7663.88,72.16,97,0.0,3536.82
7663.88,71.7,97,0.0,3536.82
7663.88,71.94,98,0.0,3536.82
7663.88,72.36,98,1.225,3536.82
7663.88,72.28,96,0.0,3536.82
7663.88,72.45,98,0.0,3536.82
7663.88,72.55,98,0.0,3536.82
7663.88,72.46,98,0.0,3536.82
7663.88,72.45,98,0.0,3536.82
7663.88,72.41,98,1.225,3536.82
7663.88,72.21,98,0.0,3536.82
7663.88,72.32,96,0.0,3536.82
7663.88,72.23,96,0.0,3536.82
7663.88,72.18,96,0.0,3536.82
7663.88,72.32,98,0.0,3536.82
7663.88,72.11,98,0.0,3536.82
7663.88,72.11,98,0.0,3536.82
7663.88,71.93,98,1.2375,3536.82
7663.88,71.93,98,0.0,3536.82
7663.88,71.82,98,0.0,3536.82
7663.88,71.48,98,0.0,3536.82
7663.88,71.64,98,0.0,3536.82
7663.88,71.73,96,0.0,3536.82
7663.88,71.75,98,1.2125,3536.82
7663.88,72.11,98,0.0,3536.82
7663.88,72.11,98,0.0,3536.82
7663.88,72.57,98,0.0,3536.82
7663.88,72.61,98,1.25,3536.82
7663.88,72.66,98,0.0,3536.82
7663.88,72.61,96,1.25,3536.82
7663.88,74.37,96,0.0,3536.82
7663.88,73.54,93,0.0,3536.82
7663.88,73.16,93,1.25,3536.82
7663.88,72.94,98,0.0,3536.82
7663.88,73.03,98,0.0,3536.82
7663.88,73.46,97,0.0,3536.82
7663.88,73.36,97,1.25,3536.82
7663.88,73.55,98,0.0,3536.82
7663.88,73.27,98,0.0,3536.82
7663.88,73.34,98,1.25,3536.82
7663.88,73.34,98,0.0,3536.82
7663.88,73.49,98,0.0,3536.82
7663.88,71.84,98,1.25,3536.82
7663.88,72.41,98,0.0,3536.82
7663.88,72.47,98,0.0,3536.82
7663.88,72.77,97,0.0,3536.82
7663.88,72.36,97,1.25,3536.82
7663.88,72.25,98,0.0,3536.82
7663.88,72.06,98,0.0,3536.82
7663.88,72.0,98,0.0,3536.82
7663.88,72.05,98,1.25,3536.82
7663.88,71.73,97,0.0,3536.82
7663.88,71.64,97,0.0,3536.82
7663.88,72.12,95,1.2375,3536.82
7663.88,72.32,95,0.0,3536.82
7663.88,72.35,97,0.0,3536.82
7663.88,72.58,97,1.2375,3536.82
7663.88,72.37,98,1.2375,3536.82
7663.88,72.34,98,0.0,3536.82
7663.88,72.22,98,0.0,3536.82
7663.88,72.43,98,1.2375,3536.82
7663.88,72.06,98,0.0,3536.82
7663.88,72.17,98,0.0,3536.82
7663.88,72.39,98,0.0,3536.82
7663.88,72.05,95,1.2375,3536.82
7663.88,72.09,95,0.0,3536.82
7663.88,72.09,97,0.0,3536.82
7663.88,72.12,98,1.25,3536.82
7663.88,71.92,98,0.0,3536.82
7663.88,71.02,95,1.2375,3536.82
7663.88,70.87,95,0.0,3536.82
7663.88,70.87,96,0.0,3536.82
7663.88,70.84,96,1.225,3536.82
7663.88,70.97,100,0.0,3536.82
7663.88,71.0,100,0.0,3536.82
7663.88,70.87,97,0.0,3536.82
7663.88,71.22,97,1.2125,3536.82
7663.88,71.39,98,0.0,3536.82
7663.88,71.58,98,0.0,3536.82
7663.88,71.71,98,0.0,3536.82
7663.88,72.75,98,1.2125,3536.82
7663.88,72.78,98,0.0,3536.82
7663.88,73.14,98,0.0,3536.82
7663.88,72.73,98,1.2125,3536.82
7663.88,72.72,96,0.0,3536.82
7663.88,72.49,96,0.0,3536.82
7663.88,72.41,98,1.2125,3536.82
7663.88,72.43,98,0.0,3536.82
7663.88,72.14,98,0.0,3536.82
7663.88,71.88,98,1.2125,3536.82
7663.88,71.49,98,0.0,3536.82
7663.88,71.5,98,2.4375,3536.82
7663.88,71.57,92,0.0,3536.82
7663.88,71.58,92,1.2125,3536.82
7663.88,70.59,100,0.0,3536.82
7663.88,70.98,100,0.0,3536.82
7663.88,70.88,100,0.0,3536.82
7663.88,71.26,96,0.0,3536.82
7663.88,71.01,96,1.2125,3536.82
7663.88,71.4,96,0.0,3536.82
7663.88,71.33,98,0.0,3536.82
7663.88,71.75,98,1.2125,3536.82
7663.88,71.68,98,0.0,3536.82
7663.88,71.57,98,0.0,3536.82
7663.88,71.46,98,1.2125,3536.82
7663.88,72.35,98,0.0,3536.82
7663.88,72.35,98,0.0,3536.82
7663.88,72.12,98,1.2125,3536.82
7663.88,72.12,96,0.0,3536.82
7663.88,72.44,96,0.0,3536.82
7663.88,72.17,98,1.2125,3536.82
7663.88,72.17,98,0.0,3536.82
7663.88,72.44,98,1.2,3536.82
7663.88,72.68,98,1.2,3536.82
7663.88,72.78,88,0.0,3536.82
7663.88,72.68,88,0.0,3536.82
7663.88,72.92,97,0.0,3536.82
7663.88,72.91,97,1.2125,3536.82
7663.88,72.91,97,1.2125,3536.82
7663.88,73.03,97,0.0,3536.82
7663.88,72.72,98,0.0,3536.82
7663.88,72.87,98,1.2,3536.82
7663.88,72.57,98,0.0,3536.82
7663.88,72.61,98,0.0,3536.82
7663.88,72.57,98,1.2125,3536.82
7663.88,72.27,98,0.0,3536.82
7663.88,72.31,98,0.0,3536.82
7663.88,72.66,98,0.0,3536.82
7663.88,72.6,96,1.2125,3536.82
7663.88,72.76,98,0.0,3536.82
7663.88,72.49,98,1.2125,3536.82
7663.88,72.58,98,0.0,3536.82
7663.88,72.48,98,0.0,3536.82
7663.88,72.3,98,0.0,3536.82
7663.88,72.03,98,1.2125,3536.82
7663.88,71.75,96,0.0,3536.82
7663.88,71.9,96,0.0,3536.82
7663.88,71.97,98,1.2125,3536.82
7663.88,71.8,98,0.0,3536.82
7663.88,71.5,98,0.0,3536.82
7663.88,71.24,98,1.2125,3536.82
7663.88,71.24,98,0.0,3536.82
7663.88,71.1,98,0.0,3536.82
7663.88,71.21,98,0.0,3536.82
7663.88,70.33,98,1.2125,3536.82
7663.88,70.79,96,0.0,3536.82
7663.88,71.13,98,1.1875,3536.82
7663.88,71.45,98,1.175,3536.82
7663.88,71.47,91,0.0,3536.82
7663.88,71.57,91,0.0,3536.82
7663.88,70.91,97,0.0,3536.82
7663.88,70.93,97,1.225,3536.82
7663.88,70.97,96,0.0,3536.82
7663.88,71.03,96,0.0,3536.82
7663.88,71.03,96,1.2125,3536.82
7663.88,71.77,98,0.0,3536.82
7663.88,71.76,98,0.0,3536.82
7663.88,71.69,98,1.2125,3536.82
7663.88,71.69,98,1.2125,3536.82
7663.88,71.19,98,0.0,3536.82
7663.88,70.93,98,0.0,3536.82
7663.88,71.64,98,1.2125,3536.82
7663.88,71.84,98,0.0,3536.82
7663.88,71.54,97,0.0,3536.82
7663.88,71.71,97,1.2125,3536.82
7663.88,71.76,98,0.0,3536.82
7663.88,71.91,98,0.0,3536.82
7663.88,72.31,98,0.0,3536.82
7663.88,72.01,98,1.225,3536.82
7663.88,72.23,98,0.0,3536.82
7663.88,72.46,96,0.0,3536.82
7663.88,72.56,96,1.225,3536.82
7663.88,72.39,98,0.0,3536.82
7663.88,72.67,98,0.0,3536.82
7663.88,72.71,98,0.0,3536.82
7663.88,72.68,98,1.225,3536.82
7663.88,72.67,98,0.0,3536.82
7663.88,72.38,98,0.0,3536.82
7663.88,72.29,98,0.0,3536.82
7663.88,72.41,98,1.2125,3536.82
7663.88,72.42,96,0.0,3536.82
7663.88,72.08,96,0.0,3536.82
7663.88,72.14,98,1.2125,3536.82
7663.88,72.05,98,1.2125,3536.82
7663.88,72.75,88,0.0,3536.82
7663.88,72.77,100,0.0,3536.82
7663.88,72.07,100,1.2125,3536.82
7663.88,71.98,95,0.0,3536.82
7663.88,72.5,95,0.0,3536.82
7663.88,72.5,96,1.2125,3536.82
7663.88,72.34,96,0.0,3536.82
7663.88,72.57,97,0.0,3536.82
7663.88,72.31,97,1.2125,3536.82
7663.88,72.53,97,1.2125,3536.82
7663.88,71.56,97,0.0,3536.82
7663.88,71.36,97,0.0,3536.82
7663.88,71.88,97,1.225,3536.82
7663.88,71.78,95,0.0,3536.82
7663.88,71.41,95,0.0,3536.82
7663.88,71.36,97,1.2125,3536.82
7663.88,71.09,97,0.0,3536.82
7663.88,71.26,97,0.0,3536.82
7663.88,71.26,97,0.0,3536.82
7663.88,71.05,97,2.4375,3536.82
7663.88,71.21,97,0.0,3536.82
7663.88,72.47,97,0.0,3536.82
7663.88,72.38,90,1.2125,3536.82
7663.88,72.75,100,0.0,3536.82
7663.88,72.75,100,0.0,3536.82
7663.88,73.31,98,0.0,3536.82
7663.88,72.32,98,1.2125,3536.82
7663.88,72.71,98,0.0,3536.82
7663.88,73.0,98,0.0,3536.82
7663.88,73.08,98,0.0,3536.82
7663.88,73.13,98,1.2125,3536.82
7663.88,70.59,96,0.0,3536.82
7663.88,71.0,96,0.0,3536.82
7663.88,71.15,98,1.2125,3536.82
7663.88,70.9,98,1.225,3536.82
7663.88,70.2,98,0.0,3536.82
7663.88,71.28,98,0.0,3536.82
7663.88,71.22,98,1.2125,3536.82
7663.88,71.15,98,0.0,3536.82
7663.88,71.05,98,0.0,3536.82
7663.88,71.09,98,1.2125,3536.82
7663.88,71.28,97,0.0,3536.82
7663.88,72.26,98,0.0,3536.82
7663.88,72.13,98,1.2125,3536.82
7663.88,72.2,98,0.0,3536.82
7663.88,72.46,98,1.225,3536.82
7663.88,72.68,92,0.0,3536.82
7663.88,72.31,92,0.0,3536.82
7663.88,71.79,100,0.0,3536.82
7663.88,71.7,100,1.2125,3536.82
7663.88,71.85,96,0.0,3536.82
7663.88,71.84,96,0.0,3536.82
7663.88,71.75,98,0.0,3536.82
7663.88,71.72,98,1.2125,3536.82
7663.88,71.84,96,0.0,3536.82
7663.88,72.06,96,1.225,3536.82
7663.88,71.99,96,0.0,3536.82
7663.88,71.74,98,1.2125,3536.82
7663.88,71.73,98,0.0,3536.82
7663.88,72.29,98,0.0,3536.82
7663.88,72.26,98,1.2125,3536.82
7663.88,72.31,98,0.0,3536.82
7663.88,72.06,96,0.0,3536.82
7663.88,72.28,96,0.0,3536.82
7663.88,72.1,96,1.2125,3536.82
7663.88,72.38,98,0.0,3536.82
7663.88,72.22,98,0.0,3536.82
7663.88,72.27,98,1.2125,3536.82
7663.88,72.1,98,0.0,3536.82
7663.88,72.1,98,0.0,3536.82
7663.88,72.42,98,1.2125,3536.82
7663.88,72.41,98,0.0,3536.82
7663.88,72.52,96,0.0,3536.82
7663.88,72.52,96,1.2125,3536.82
7663.88,72.5,98,0.0,3536.82
7663.88,72.72,98,0.0,3536.82
7663.88,72.49,98,0.0,3536.82
7663.88,72.28,98,1.225,3536.82
7663.88,72.31,97,0.0,3536.82
7663.88,72.62,95,0.0,3536.82
7663.88,71.94,95,0.0,3536.82
7663.88,72.09,97,1.225,3536.82
7663.88,72.1,97,0.0,3536.82
7663.88,72.17,97,2.3,3536.82
7663.88,72.09,97,0.0,3536.82
7663.88,73.75,89,0.0,3536.82
7663.88,73.13,89,1.2125,3536.82
7663.88,73.16,97,0.0,3536.82
7663.88,73.53,97,0.0,3536.82
7663.88,73.56,97,1.225,3536.82
7663.88,74.45,97,0.0,3536.82
7663.88,74.39,97,0.0,3536.82
7663.88,74.43,97,1.2125,3536.82
7663.88,74.21,96,0.0,3536.82
7663.88,74.34,96,0.0,3536.82
7663.88,72.44,95,1.2,3536.82
7663.88,72.75,95,0.0,3536.82
7663.88,72.59,97,0.0,3536.82
7663.88,72.78,97,1.2125,3536.82
7663.88,72.47,97,0.0,3536.82
7663.88,72.47,97,0.0,3536.82
7663.88,72.13,97,0.0,3536.82
7663.88,72.11,97,3.6375,3536.82
7663.88,70.43,97,0.0,3536.82
7663.88,70.22,93,0.0,3536.82
7663.88,69.96,94,1.225,3536.82
7663.88,70.28,100,0.0,3536.82
7663.88,70.66,100,0.0,3536.82
7663.88,70.66,100,0.0,3536.82
7663.88,70.38,100,0.0,3536.82
7663.88,70.54,96,1.2125,3536.82
7663.88,70.41,96,0.0,3536.82
7663.88,70.54,96,0.0,3536.82
7663.88,72.12,96,1.2125,3536.82
7663.88,72.31,96,0.0,3536.82
7663.88,72.39,97,0.0,3536.82
7663.88,72.07,98,1.2125,3536.82
7663.88,72.41,98,0.0,3536.82
7663.88,71.98,98,0.0,3536.82
7663.88,72.32,98,0.0,3536.82
7663.88,72.26,98,1.2125,3536.82
7663.88,72.05,98,0.0,3536.82
7663.88,72.05,98,0.0,3536.82
7663.88,72.3,96,1.2125,3536.82
7663.88,72.09,96,1.2125,3536.82
7663.88,71.89,98,0.0,3536.82
7663.88,71.94,98,1.2125,3536.82
7663.88,72.09,98,0.0,3536.82
7663.88,71.95,98,0.0,3536.82
7663.88,71.95,98,0.0,3536.82
7663.88,72.12,98,1.2125,3536.82
7663.88,72.14,98,0.0,3536.82
7663.88,72.15,96,0.0,3536.82
7663.88,71.9,96,1.2125,3536.82
7663.88,71.9,98,0.0,3536.82
7663.88,71.86,98,0.0,3536.82
7663.88,71.93,98,0.0,3536.82
7663.88,71.91,98,1.2125,3536.82
7663.88,71.79,98,0.0,3536.82
7663.88,71.89,98,0.0,3536.82
7663.88,71.95,97,0.0,3536.82
7663.88,72.04,97,1.2125,3536.82
7663.88,71.88,98,0.0,3536.82
7663.88,71.89,98,0.0,3536.82
7663.88,71.95,98,2.3875,3536.82
7663.88,71.89,98,1.225,3536.82
7663.88,72.54,87,0.0,3536.82
7663.88,72.63,87,1.2125,3536.82
7663.88,72.02,100,0.0,3536.82
7663.88,72.24,100,0.0,3536.82
7663.88,72.48,95,1.2125,3536.82
7663.88,72.72,97,0.0,3536.82
7663.88,72.81,97,0.0,3536.82
7663.88,72.96,97,0.0,3536.82
7663.88,73.11,97,1.2125,3536.82
7663.88,73.3,97,0.0,3536.82
7663.88,72.58,97,0.0,3536.82
7663.88,72.47,96,0.0,3536.82
7663.88,72.87,96,1.225,3536.82
7663.88,73.03,97,0.0,3536.82
7663.88,72.78,97,0.0,3536.82
7663.88,72.75,97,0.0,3536.82
7663.88,72.38,97,1.225,3536.82
7663.88,72.42,97,0.0,3536.82
7663.88,72.15,97,0.0,3536.82
7663.88,72.37,95,0.0,3536.82
7663.88,72.02,95,0.0,3536.82
7663.88,72.14,95,1.225,3536.82
7663.88,72.2,97,0.0,3536.82
7663.88,72.56,97,0.0,3536.82
7663.88,72.34,98,0.0,3536.82
7663.88,72.34,98,0.0,3536.82
7663.88,72.31,98,0.0,3536.82
7663.88,72.31,98,1.2375,3536.82
7663.88,72.27,98,0.0,3536.82
7663.88,72.55,96,0.0,3536.82
7663.88,72.09,96,0.0,3536.82
7663.88,72.33,98,0.0,3536.82
7663.88,72.39,98,1.225,3536.82
7663.88,72.55,98,0.0,3536.82
7663.88,72.59,98,0.0,3536.82
7663.88,72.75,98,0.0,3536.82
7663.88,72.52,98,1.2125,3536.82
7663.88,72.56,96,0.0,3536.82
7663.88,74.25,96,1.2375,3536.82
7663.88,73.55,93,0.0,3536.82
7663.88,73.15,93,0.0,3536.82
7663.88,73.25,100,0.0,3536.82
7663.88,72.46,96,1.225,3536.82
7663.88,72.46,96,1.2125,3536.82
7663.88,72.4,98,0.0,3536.82
7663.88,72.37,98,0.0,3536.82
7663.88,72.41,98,0.0,3536.82
7663.88,72.53,98,1.2125,3536.82
7663.88,70.64,98,0.0,3536.82
7663.88,70.64,98,0.0,3536.82
7663.88,71.24,98,0.0,3536.82
7663.88,71.27,96,0.0,3536.82
7663.88,71.21,96,1.2125,3536.82
7663.88,71.94,98,0.0,3536.82
7663.88,72.13,98,0.0,3536.82
7663.88,72.21,98,1.2125,3536.82
7663.88,72.32,98,0.0,3536.82
7663.88,72.33,98,0.0,3536.82
7663.88,72.45,98,0.0,3536.82
7663.88,72.24,98,1.1875,3536.82
7663.88,72.39,96,0.0,3536.82
7663.88,72.38,96,0.0,3536.82
7663.88,72.4,98,0.0,3536.82
7663.88,72.74,98,1.2125,3536.82
7663.88,72.81,98,0.0,3536.82
7663.88,72.68,98,0.0,3536.82
7663.88,72.74,98,1.2125,3536.82
7663.88,72.46,98,1.2125,3536.82
7663.88,72.28,97,0.0,3536.82
7663.88,72.0,97,1.2,3536.82
7663.88,71.92,98,0.0,3536.82
7663.88,71.83,98,0.0,3536.82
7663.88,72.17,98,1.2125,3536.82
7663.88,72.14,98,0.0,3536.82
7663.88,72.3,93,0.0,3536.82
7663.88,71.59,93,1.225,3536.82
7663.88,71.86,96,0.0,3536.82
7663.88,71.84,96,0.0,3536.82
7663.88,72.36,95,0.0,3536.82
7663.88,72.21,97,1.225,3536.82
7663.88,72.53,97,0.0,3536.82
7663.88,72.43,97,0.0,3536.82
7663.88,72.87,97,0.0,3536.82
7663.88,72.73,96,1.2125,3536.82
7663.88,72.68,96,0.0,3536.82
7663.88,72.19,97,0.0,3536.82
7663.88,72.64,97,1.2125,3536.82
7663.88,72.57,95,0.0,3536.82
7663.88,72.23,95,0.0,3536.82
7663.88,72.41,97,0.0,3536.82
7663.88,72.46,97,1.225,3536.82
7663.88,72.8,97,0.0,3536.82
7663.88,72.71,97,0.0,3536.82
7663.88,72.74,97,0.0,3536.82
7663.88,72.74,97,0.0,3536.82
7663.88,72.63,97,1.225,3536.82
7663.88,72.47,96,0.0,3536.82
7663.88,72.59,96,0.0,3536.82
7663.88,72.36,98,0.0,3536.82
7663.88,72.34,98,1.2375,3536.82
7663.88,72.2,98,1.225,3536.82
7663.88,72.25,98,0.0,3536.82
7663.88,72.22,98,0.0,3536.82
7663.88,72.0,97,0.0,3536.82
7663.88,72.06,97,0.0,3536.82
7663.88,72.25,96,1.225,3536.82
7663.88,72.84,96,0.0,3536.82
7663.88,72.71,98,0.0,3536.82
7663.88,72.73,98,0.0,3536.82
7663.88,72.54,97,0.0,3536.82
7663.88,72.69,97,1.225,3536.82
7663.88,74.45,91,0.0,3536.82
7663.88,73.9,91,1.225,3536.82
7663.88,73.83,100,0.0,3536.82
7663.88,72.67,100,0.0,3536.82
7663.88,72.88,96,1.2125,3536.82
7663.88,72.87,96,0.0,3536.82
7663.88,73.11,98,0.0,3536.82
7663.88,73.15,98,1.225,3536.82
7663.88,73.16,98,0.0,3536.82
7663.88,73.27,98,0.0,3536.82
7663.88,73.38,97,0.0,3536.82
7663.88,71.98,96,1.2125,3536.82
7663.88,71.63,96,0.0,3536.82
7663.88,72.9,98,0.0,3536.82
7663.88,72.67,98,1.2125,3536.82
7663.88,72.79,98,0.0,3536.82
7663.88,72.43,98,0.0,3536.82
7663.88,72.53,98,0.0,3536.82
7663.88,72.41,96,1.2125,3536.82
7663.88,72.53,96,0.0,3536.82
7663.88,72.35,97,0.0,3536.82
7663.88,72.3,95,1.2125,3536.82
7663.88,71.9,95,0.0,3536.82
7663.88,72.25,95,0.0,3536.82
7663.88,72.28,97,0.0,3536.82
7663.88,72.48,97,1.2125,3536.82
7663.88,72.14,97,0.0,3536.82
7663.88,72.36,97,0.0,3536.82
7663.88,72.12,97,0.0,3536.82
7663.88,72.28,96,1.2125,3536.82
7663.88,71.96,96,0.0,3536.82
7663.88,72.01,96,0.0,3536.82
7663.88,71.87,97,1.2,3536.82
7663.88,72.26,97,0.0,3536.82
7663.88,72.06,97,0.0,3536.82
7663.88,71.97,97,1.2125,3536.82
7663.88,71.69,97,1.2125,3536.82
7663.88,71.78,97,0.0,3536.82
7663.88,71.7,98,1.225,3536.82
7663.88,72.35,90,0.0,3536.82
7663.88,72.17,90,1.2125,3536.82
7663.88,71.59,90,0.0,3536.82
7663.88,72.14,97,0.0,3536.82
7663.88,72.14,97,1.2125,3536.82
7663.88,72.34,97,0.0,3536.82
7663.88,72.34,98,1.2125,3536.82
7663.88,72.8,98,0.0,3536.82
7663.88,72.64,98,0.0,3536.82
7663.88,72.74,98,1.2125,3536.82
7663.88,72.46,98,1.225,3536.82
7663.88,71.91,98,0.0,3536.82
7663.88,72.57,91,0.0,3536.82
7663.88,71.7,91,0.0,3536.82
7663.88,71.62,100,1.2125,3536.82
7663.88,71.67,100,0.0,3536.82
7663.88,71.71,97,0.0,3536.82
7663.88,71.71,97,1.2125,3536.82
7663.88,71.93,97,0.0,3536.82
7663.88,72.26,97,0.0,3536.82
7663.88,72.2,98,1.225,3536.82
7663.88,72.31,98,0.0,3536.82
7663.88,72.32,98,0.0,3536.82
7663.88,72.02,98,1.2125,3536.82
7663.88,71.98,98,0.0,3536.82
7663.88,72.61,98,0.0,3536.82
7663.88,72.72,97,0.0,3536.82
7663.88,72.55,98,1.2125,3536.82
7663.88,72.5,98,0.0,3536.82
7663.88,72.31,98,0.0,3536.82
7663.88,72.34,98,1.2125,3536.82
7663.88,72.26,98,1.2125,3536.82
7663.88,72.2,98,0.0,3536.82
7663.88,72.07,98,1.2125,3536.82
7663.88,72.14,98,0.0,3536.82
7663.88,72.29,97,0.0,3536.82
7663.88,72.13,97,1.2125,3536.82
7663.88,72.16,98,0.0,3536.82
7663.88,72.09,98,0.0,3536.82
7663.88,71.85,98,0.0,3536.82
7663.88,71.83,98,1.2125,3536.82
7663.88,71.67,98,0.0,3536.82
7663.88,71.67,98,0.0,3536.82
7663.88,71.67,97,1.2125,3536.82
7663.88,72.14,97,0.0,3536.82
7663.88,72.18,98,0.0,3536.82
7663.88,72.53,98,1.2125,3536.82
7663.88,74.06,92,0.0,3536.82
7663.88,73.12,92,0.0,3536.82
7663.88,72.98,100,1.2125,3536.82
7663.88,73.06,100,0.0,3536.82
7663.88,73.29,97,1.225,3536.82
7663.88,73.44,97,0.0,3536.82
7663.88,73.51,98,0.0,3536.82
7663.88,73.63,98,0.0,3536.82
7663.88,73.46,98,0.0,3536.82
7663.88,73.62,98,1.225,3536.82
7663.88,71.78,98,0.0,3536.82
7663.88,71.78,97,1.225,3536.82
7663.88,72.42,97,0.0,3536.82
7663.88,72.24,98,1.225,3536.82
7663.88,71.98,98,0.0,3536.82
7663.88,71.93,98,0.0,3536.82
7663.88,72.06,98,0.0,3536.82
7663.88,72.13,98,1.2125,3536.82
7663.88,72.46,98,0.0,3536.82
7663.88,72.42,98,0.0,3536.82
7663.88,72.47,98,0.0,3536.82
7663.88,72.27,97,1.2125,3536.82
7663.88,72.25,97,0.0,3536.82
7663.88,72.28,98,0.0,3536.82
7663.88,72.29,98,1.225,3536.82
7663.88,72.22,98,0.0,3536.82
7663.88,72.25,98,0.0,3536.82
7663.88,72.22,98,0.0,3536.82
7663.88,72.25,98,1.2125,3536.82
7663.88,72.14,97,0.0,3536.82
7663.88,71.89,97,1.2125,3536.82
7663.88,71.84,98,0.0,3536.82
7663.88,71.73,98,0.0,3536.82
7663.88,72.02,98,0.0,3536.82
7663.88,72.06,98,1.2125,3536.82
7663.88,72.31,98,0.0,3536.82
7663.88,72.31,98,0.0,3536.82
7663.88,74.11,98,1.2125,3536.82
7663.88,73.62,93,0.0,3536.82
7663.88,73.46,93,2.4375,3536.82
7663.88,73.67,100,0.0,3536.82
7663.88,72.71,100,0.0,3536.82
7663.88,72.97,98,0.0,3536.82
7663.88,73.23,98,1.225,3536.82
7663.88,73.2,98,0.0,3536.82
7663.88,73.3,98,0.0,3536.82
7663.88,73.28,98,1.2125,3536.82
7663.88,73.33,98,0.0,3536.82
7663.88,71.53,97,0.0,3536.82
7663.88,71.92,97,0.0,3536.82
7663.88,71.61,98,1.2125,3536.82
7663.88,71.45,98,0.0,3536.82
7663.88,72.2,98,0.0,3536.82
7663.88,72.34,98,0.0,3536.82
7663.88,72.05,98,1.175,3536.82
7663.88,72.18,98,0.0,3536.82
7663.88,72.1,98,1.2125,3536.82
7663.88,72.2,97,0.0,3536.82
7663.88,71.77,97,0.0,3536.82
7663.88,71.83,98,0.0,3536.82
7663.88,71.55,98,1.2125,3536.82
7663.88,71.69,98,0.0,3536.82
7663.88,71.75,98,0.0,3536.82
7663.88,72.04,98,0.0,3536.82
7663.88,72.07,98,1.2125,3536.82
7663.88,72.24,98,1.2125,3536.82
7663.88,73.2,86,1.2125,3536.82
7663.88,72.28,86,0.0,3536.82
7663.88,72.96,99,0.0,3536.82
7663.88,73.05,99,1.2125,3536.82
7663.88,73.43,94,0.0,3536.82
7663.88,73.53,94,1.225,3536.82
7663.88,73.76,97,0.0,3536.82
7663.88,73.76,97,0.0,3536.82
7663.88,73.53,97,0.0,3536.82
7663.88,73.56,97,1.225,3536.82
7663.88,73.32,95,0.0,3536.82
7663.88,71.81,95,0.0,3536.82
7663.88,71.81,97,0.0,3536.82
7663.88,72.14,97,0.0,3536.82
7663.88,72.29,97,0.0,3536.82
7663.88,72.29,97,1.225,3536.82
7663.88,72.15,97,0.0,3536.82
7663.88,72.39,97,0.0,3536.82
7663.88,71.9,95,0.0,3536.82
7663.88,72.06,95,1.1875,3536.82
7663.88,71.73,98,1.2125,3536.82
7663.88,71.65,98,0.0,3536.82
7663.88,71.49,98,0.0,3536.82
7663.88,71.89,98,1.2125,3536.82
7663.88,71.61,98,0.0,3536.82
7663.88,71.9,98,0.0,3536.82
7663.88,71.69,98,0.0,3536.82
7663.88,71.79,96,0.0,3536.82
7663.88,71.58,96,1.25,3536.82
7663.88,71.79,98,0.0,3536.82
7663.88,71.84,98,0.0,3536.82
7663.88,71.76,98,0.0,3536.82
7663.88,72.02,98,1.25,3536.82
7663.88,71.93,98,0.0,3536.82
7663.88,72.23,98,0.0,3536.82
7663.88,71.54,96,0.0,3536.82
7663.88,71.74,96,1.25,3536.82
7663.88,71.75,98,0.0,3536.82
7663.88,72.74,98,0.0,3536.82
7663.88,72.24,95,0.0,3536.82
7663.88,72.44,95,1.25,3536.82
7663.88,72.5,97,0.0,3536.82
7663.88,72.88,97,0.0,3536.82
7663.88,72.87,98,0.0,3536.82
7663.88,72.87,98,0.0,3536.82
7663.88,72.65,98,0.0,3536.82
7663.88,73.35,98,0.0,3536.82
7663.88,73.21,98,1.25,3536.82
7663.88,73.21,98,0.0,3536.82
7663.88,72.02,96,0.0,3536.82
7663.88,72.02,96,0.0,3536.82
7663.88,72.27,98,1.25,3536.82
7663.88,71.93,98,0.0,3536.82
7663.88,71.82,98,0.0,3536.82
7663.88,71.82,98,0.0,3536.82
7663.88,71.98,98,0.0,3536.82
7663.88,71.97,98,1.25,3536.82
7663.88,71.4,96,0.0,3536.82
7663.88,71.63,96,1.25,3536.82
7663.88,71.57,98,0.0,3536.82
7663.88,71.73,98,0.0,3536.82
7663.88,71.79,98,0.0,3536.82
7663.88,72.04,98,1.25,3536.82
7663.88,72.02,98,0.0,3536.82
7663.88,71.89,98,0.0,3536.82
7663.88,71.77,98,0.0,3536.82
7663.88,70.6,98,1.25,3536.82
7663.88,70.76,96,0.0,3536.82
7663.88,71.15,96,0.0,3536.82
7663.88,70.87,98,0.0,3536.82
7663.88,70.66,98,1.25,3536.82
7663.88,70.72,98,0.0,3536.82
7663.88,70.65,98,0.0,3536.82
7663.88,70.79,98,0.0,3536.82
7663.88,70.58,98,1.25,3536.82
7663.88,70.64,98,0.0,3536.82
7663.88,70.63,98,1.25,3536.82
7663.88,73.53,89,0.0,3536.82
7663.88,73.11,89,0.0,3536.82
7663.88,73.25,100,1.25,3536.82
7663.88,73.16,100,0.0,3536.82
7663.88,73.72,97,0.0,3536.82
7663.88,73.76,97,0.0,3536.82
7663.88,73.84,97,1.2125,3536.82
7663.88,73.82,97,0.0,3536.82
7663.88,73.82,98,0.0,3536.82
7663.88,73.96,98,0.0,3536.82
7663.88,73.9,98,1.2125,3536.82
7663.88,73.9,98,0.0,3536.82
7663.88,72.11,98,0.0,3536.82
7663.88,71.93,98,1.2125,3536.82
7663.88,72.02,97,0.0,3536.82
7663.88,72.02,97,0.0,3536.82
7663.88,71.91,98,0.0,3536.82
7663.88,72.02,98,1.2125,3536.82
7663.88,72.02,98,0.0,3536.82
7663.88,72.16,98,0.0,3536.82
7663.88,72.06,98,0.0,3536.82
7663.88,71.98,98,2.4875,3536.82
7663.88,71.85,98,0.0,3536.82
7663.88,71.47,98,0.0,3536.82
7663.88,71.61,97,0.0,3536.82
7663.88,71.96,97,1.25,3536.82
7663.88,71.78,98,0.0,3536.82
7663.88,71.58,98,0.0,3536.82
7663.88,71.52,98,0.0,3536.82
7663.88,71.48,98,1.25,3536.82
7663.88,71.61,98,0.0,3536.82
7663.88,71.46,98,0.0,3536.82
7663.88,71.6,98,0.0,3536.82
7663.88,71.71,96,1.25,3536.82
7663.88,72.4,96,0.0,3536.82
7663.88,72.44,98,0.0,3536.82
7663.88,72.46,98,1.25,3536.82
7663.88,73.5,92,1.25,3536.82
7663.88,72.35,92,0.0,3536.82
7663.88,72.28,100,0.0,3536.82
7663.88,72.13,100,0.0,3536.82
7663.88,72.1,100,0.0,3536.82
7663.88,72.12,100,1.25,3536.82
7663.88,71.94,98,0.0,3536.82
7663.88,72.04,98,0.0,3536.82
7663.88,72.28,98,0.0,3536.82
7663.88,72.26,98,0.0,3536.82
7663.88,72.46,98,1.25,3536.82
7663.88,72.46,97,0.0,3536.82
7663.88,72.55,97,0.0,3536.82
7663.88,72.55,98,1.25,3536.82
7663.88,72.4,98,0.0,3536.82
7663.88,72.36,98,0.0,3536.82
7663.88,72.11,98,0.0,3536.82
7663.88,71.96,98,1.25,3536.82
7663.88,72.41,98,0.0,3536.82
7663.88,72.33,98,0.0,3536.82
7663.88,72.15,96,0.0,3536.82
7663.88,72.11,96,1.2375,3536.82
7663.88,72.02,98,0.0,3536.82
7663.88,71.92,98,0.0,3536.82
7663.88,71.86,92,1.25,3536.82
7663.88,73.53,92,0.0,3536.82
7663.88,72.93,100,1.25,3536.82
7663.88,73.26,100,0.0,3536.82
7663.88,73.14,96,0.0,3536.82
7663.88,73.02,96,1.2,3536.82
7663.88,73.15,98,0.0,3536.82
7663.88,73.09,98,1.2125,3536.82
7663.88,73.03,96,0.0,3536.82
7663.88,73.09,96,0.0,3536.82
7663.88,73.2,98,1.225,3536.82
7663.88,71.63,98,0.0,3536.82
7663.88,72.19,98,0.0,3536.82
7663.88,72.18,98,0.0,3536.82
7663.88,72.47,98,1.2125,3536.82
7663.88,72.42,98,0.0,3536.82
7663.88,72.61,96,0.0,3536.82
7663.88,72.42,96,1.2125,3536.82
7663.88,72.53,98,0.0,3536.82
7663.88,72.48,98,0.0,3536.82
7663.88,72.68,98,1.225,3536.82
7663.88,72.5,98,0.0,3536.82
7663.88,72.31,98,0.0,3536.82
7663.88,72.36,98,0.0,3536.82
7663.88,72.37,98,0.0,3536.82
7663.88,72.11,98,0.0,3536.82
7663.88,71.96,96,1.2125,3536.82
7663.88,71.75,96,0.0,3536.82
7663.88,71.62,98,0.0,3536.82
7663.88,71.4,98,0.0,3536.82
7663.88,71.38,98,1.2375,3536.82
7663.88,71.38,98,0.0,3536.82
7663.88,71.24,98,0.0,3536.82
7663.88,71.63,98,0.0,3536.82
7663.88,71.18,97,0.0,3536.82
7663.88,71.44,97,1.225,3536.82
7663.88,69.75,92,0.0,3536.82
7663.88,69.35,92,0.0,3536.82
7663.88,69.32,99,1.25,3536.82
7663.88,69.33,99,0.0,3536.82
7663.88,69.36,97,0.0,3536.82
7663.88,69.6,97,0.0,3536.82
7663.88,69.7,96,0.0,3536.82
7663.88,69.74,96,1.2375,3536.82
7663.88,69.83,97,0.0,3536.82
7663.88,69.93,97,0.0,3536.82
7663.88,69.9,95,1.25,3536.82
7663.88,71.59,95,0.0,3536.82
7663.88,72.0,97,0.0,3536.82
7663.88,71.73,97,1.25,3536.82
7663.88,71.63,97,0.0,3536.82
7663.88,71.5,97,0.0,3536.82
7663.88,71.4,97,0.0,3536.82
7663.88,71.01,95,1.2375,3536.82
7663.88,70.77,95,0.0,3536.82
7663.88,71.36,97,0.0,3536.82
7663.88,71.31,97,1.2375,3536.82
7663.88,71.51,97,1.2375,3536.82
7663.88,71.54,97,0.0,3536.82
7663.88,71.72,97,0.0,3536.82
7663.88,71.98,97,0.0,3536.82
7663.88,72.05,97,1.2375,3536.82
7663.88,72.21,98,0.0,3536.82
7663.88,72.21,98,0.0,3536.82
7663.88,72.58,96,0.0,3536.82
7663.88,73.17,96,0.0,3536.82
7663.88,72.91,98,0.0,3536.82
7663.88,72.93,98,1.25,3536.82
7663.88,72.79,98,0.0,3536.82
7663.88,72.77,98,0.0,3536.82
7663.88,72.75,98,0.0,3536.82
7663.88,72.86,98,0.0,3536.82
7663.88,72.65,98,0.0,3536.82
7663.88,72.91,96,1.25,3536.82
7663.88,72.75,96,0.0,3536.82
7663.88,72.73,89,1.2375,3536.82
7663.88,73.81,89,0.0,3536.82
7663.88,73.14,100,0.0,3536.82
7663.88,72.9,100,1.2375,3536.82
7663.88,72.62,97,0.0,3536.82
7663.88,72.85,97,0.0,3536.82
7663.88,73.09,98,0.0,3536.82
7663.88,73.38,98,0.0,3536.82
7663.88,73.25,98,1.25,3536.82
7663.88,73.08,98,0.0,3536.82
7663.88,73.14,96,0.0,3536.82
7663.88,72.0,96,0.0,3536.82
7663.88,72.49,98,0.0,3536.82
7663.88,72.39,98,0.0,3536.82
7663.88,72.81,98,1.25,3536.82
7663.88,72.55,98,0.0,3536.82
7663.88,72.55,98,0.0,3536.82
7663.88,72.19,98,0.0,3536.82
7663.88,71.96,98,1.25,3536.82
7663.88,71.95,98,0.0,3536.82
7663.88,72.36,98,0.0,3536.82
7663.88,71.24,91,1.25,3536.82
7663.88,71.41,91,0.0,3536.82
7663.88,71.41,97,0.0,3536.82
7663.88,71.74,97,0.0,3536.82
7663.88,71.92,98,1.25,3536.82
7663.88,71.89,98,0.0,3536.82
7663.88,71.92,98,0.0,3536.82
7663.88,71.91,98,0.0,3536.82
7663.88,71.99,98,1.2125,3536.82
7663.88,72.06,96,1.2125,3536.82
7663.88,70.81,96,0.0,3536.82
7663.88,70.5,98,0.0,3536.82
7663.88,71.26,98,0.0,3536.82
7663.88,71.1,98,1.2375,3536.82
7663.88,70.89,98,0.0,3536.82
7663.88,71.06,98,0.0,3536.82
7663.88,71.11,98,0.0,3536.82
7663.88,71.01,98,1.2125,3536.82
7663.88,71.03,98,0.0,3536.82
7663.88,70.75,96,0.0,3536.82
7663.88,71.79,96,1.2125,3536.82
7663.88,71.7,98,0.0,3536.82
7663.88,72.0,98,0.0,3536.82
7663.88,71.83,98,0.0,3536.82
7663.88,72.06,98,1.2125,3536.82
7663.88,71.96,98,0.0,3536.82
7663.88,72.07,98,0.0,3536.82
7663.88,71.9,98,1.2125,3536.82
7663.88,72.17,98,0.0,3536.82
7663.88,72.04,96,0.0,3536.82
7663.88,72.22,96,0.0,3536.82
7663.88,72.29,98,1.1875,3536.82
7663.88,72.62,98,0.0,3536.82
7663.88,72.55,98,0.0,3536.82
7663.88,72.74,98,1.2125,3536.82
7663.88,72.64,98,1.2125,3536.82
7663.88,72.75,88,0.0,3536.82
7663.88,73.96,88,1.225,3536.82
7663.88,73.71,100,1.2375,3536.82
7663.88,72.9,100,0.0,3536.82
7663.88,72.95,95,0.0,3536.82
7663.88,73.19,95,0.0,3536.82
7663.88,73.12,98,0.0,3536.82
7663.88,72.97,98,1.225,3536.82
7663.88,72.78,98,0.0,3536.82
7663.88,72.68,98,0.0,3536.82
7663.88,72.6,98,0.0,3536.82
7663.88,71.08,98,0.0,3536.82
7663.88,71.28,98,0.0,3536.82
7663.88,71.78,98,1.225,3536.82
7663.88,71.95,96,0.0,3536.82
7663.88,71.77,96,0.0,3536.82
7663.88,72.02,98,0.0,3536.82
7663.88,70.05,98,1.225,3536.82
7663.88,70.0,91,1.225,3536.82
7663.88,69.92,91,0.0,3536.82
7663.88,68.42,91,0.0,3536.82
7663.88,68.65,98,0.0,3536.82
7663.88,68.73,98,1.2125,3536.82
7663.88,68.96,98,0.0,3536.82
7663.88,69.1,98,0.0,3536.82
7663.88,69.16,98,0.0,3536.82
7663.88,69.16,98,1.225,3536.82
7663.88,69.03,98,0.0,3536.82
7663.88,69.03,98,0.0,3536.82
7663.88,71.28,98,0.0,3536.82
7663.88,71.28,96,0.0,3536.82
7663.88,72.56,96,1.2375,3536.82
7663.88,72.18,98,0.0,3536.82
7663.88,72.43,98,0.0,3536.82
7663.88,72.41,98,0.0,3536.82
7663.88,72.48,98,0.0,3536.82
7663.88,72.39,98,0.0,3536.82
7663.88,72.74,98,1.225,3536.82
7663.88,72.66,96,0.0,3536.82
7663.88,72.58,96,0.0,3536.82
7663.88,72.45,98,1.225,3536.82
7663.88,72.85,98,0.0,3536.82
7663.88,72.71,98,0.0,3536.82
7663.88,73.02,98,1.225,3536.82
7663.88,72.99,98,0.0,3536.82
7663.88,72.69,98,0.0,3536.82
7663.88,72.62,98,0.0,3536.82
7663.88,72.71,96,0.0,3536.82
7663.88,72.58,96,0.0,3536.82
7663.88,72.11,98,1.225,3536.82
7663.88,71.9,98,0.0,3536.82
7663.88,71.79,98,0.0,3536.82
7663.88,71.66,98,0.0,3536.82
7663.88,71.61,98,0.0,3536.82
7663.88,71.52,98,0.0,3536.82
7663.88,71.64,96,2.45,3536.82
7663.88,72.08,96,0.0,3536.82
7663.88,71.94,96,0.0,3536.82
7663.88,71.77,90,0.0,3536.82
7663.88,71.7,98,1.225,3536.82
7663.88,71.95,98,0.0,3536.82
7663.88,72.28,98,0.0,3536.82
7663.88,72.41,98,0.0,3536.82
7663.88,72.41,98,0.0,3536.82
7663.88,72.42,98,1.225,3536.82
7663.88,72.42,98,0.0,3536.82
7663.88,72.69,96,0.0,3536.82
7663.88,72.86,96,0.0,3536.82
7663.88,72.29,98,0.0,3536.82
7663.88,72.19,98,1.225,3536.82
7663.88,72.12,98,1.175,3536.82
7663.88,72.62,89,1.1875,3536.82
7663.88,72.43,89,0.0,3536.82
7663.88,72.43,100,0.0,3536.82
7663.88,72.28,100,0.0,3536.82
7663.88,71.9,97,1.225,3536.82
7663.88,72.17,97,0.0,3536.82
7663.88,72.05,97,0.0,3536.82
7663.88,72.03,97,0.0,3536.82
7663.88,72.19,98,1.225,3536.82
7663.88,72.18,98,0.0,3536.82
7663.88,72.21,98,0.0,3536.82
7663.88,71.34,98,0.0,3536.82
7663.88,72.13,97,1.2125,3536.82
7663.88,72.05,97,0.0,3536.82
7663.88,72.61,96,0.0,3536.82
7663.88,72.45,96,0.0,3536.82
7663.88,72.46,97,1.225,3536.82
7663.88,72.35,97,0.0,3536.82
7663.88,72.63,97,1.225,3536.82
7663.88,72.57,97,0.0,3536.82
7663.88,72.54,98,1.225,3536.82
7663.88,72.41,98,0.0,3536.82
7663.88,72.29,98,1.2125,3536.82
7663.88,73.9,92,0.0,3536.82
7663.88,73.68,92,0.0,3536.82
7663.88,73.78,98,1.2125,3536.82
7663.88,73.61,98,0.0,3536.82
7663.88,73.67,98,0.0,3536.82
7663.88,73.92,98,1.2125,3536.82
7663.88,73.94,98,0.0,3536.82
7663.88,74.17,98,0.0,3536.82
7663.88,74.06,98,0.0,3536.82
7663.88,74.21,98,1.2125,3536.82
7663.88,72.48,98,0.0,3536.82
7663.88,72.73,98,0.0,3536.82
7663.88,72.35,96,0.0,3536.82
7663.88,72.58,96,1.2375,3536.82
7663.88,72.38,96,0.0,3536.82
7663.88,72.25,98,0.0,3536.82
7663.88,71.98,98,0.0,3536.82
7663.88,71.98,98,1.2375,3536.82
7663.88,71.89,98,0.0,3536.82
7663.88,72.01,98,1.2375,3536.82
7663.88,72.01,98,0.0,3536.82
7663.88,71.87,96,0.0,3536.82
7663.88,72.19,98,0.0,3536.82
7663.88,72.19,98,0.0,3536.82
7663.88,72.46,98,1.2375,3536.82
7663.88,72.36,98,0.0,3536.82
7663.88,72.41,98,0.0,3536.82
7663.88,72.66,98,0.0,3536.82
7663.88,72.63,98,0.0,3536.82
7663.88,72.8,98,0.0,3536.82
7663.88,72.76,96,1.2375,3536.82
7663.88,72.67,96,0.0,3536.82
7663.88,72.56,98,0.0,3536.82
7663.88,72.42,98,0.0,3536.82
7663.88,72.42,98,0.0,3536.82
7663.88,72.14,98,0.0,3536.82
7663.88,71.93,98,1.2375,3536.82
7663.88,71.8,98,1.2,3536.82
7663.88,73.44,91,0.0,3536.82
7663.88,73.16,91,1.2125,3536.82
7663.88,73.05,100,0.0,3536.82
7663.88,73.03,96,0.0,3536.82
7663.88,73.29,96,0.0,3536.82
7663.88,73.67,96,1.2125,3536.82
7663.88,73.81,98,0.0,3536.82
7663.88,73.93,98,0.0,3536.82
7663.88,74.04,98,1.2125,3536.82
7663.88,74.06,97,0.0,3536.82
7663.88,72.32,97,0.0,3536.82
7663.88,72.29,97,0.0,3536.82
7663.88,72.32,98,1.2125,3536.82
7663.88,72.32,98,0.0,3536.82
7663.88,72.41,98,1.2125,3536.82
7663.88,72.56,98,1.2,3536.82
7663.88,72.34,98,0.0,3536.82
7663.88,72.31,98,1.2125,3536.82
7663.88,72.05,98,0.0,3536.82
7663.88,73.68,98,0.0,3536.82
7663.88,73.39,90,1.2125,3536.82
7663.88,73.33,96,0.0,3536.82
7663.88,72.87,96,0.0,3536.82
7663.88,72.91,97,1.2125,3536.82
7663.88,73.06,97,0.0,3536.82
7663.88,72.78,97,0.0,3536.82
7663.88,72.74,97,1.2125,3536.82
7663.88,72.96,96,0.0,3536.82
7663.88,73.04,96,0.0,3536.82
7663.88,71.37,97,1.2125,3536.82
7663.88,71.32,97,0.0,3536.82
7663.88,71.28,97,0.0,3536.82
7663.88,72.11,97,1.2125,3536.82
7663.88,72.26,97,0.0,3536.82
7663.88,72.41,97,0.0,3536.82
7663.88,72.46,97,1.2125,3536.82
7663.88,72.86,97,0.0,3536.82
7663.88,73.05,95,0.0,3536.82
7663.88,72.82,95,0.0,3536.82
7663.88,72.79,97,1.2125,3536.82
7663.88,72.74,98,0.0,3536.82
7663.88,72.88,98,0.0,3536.82
7663.88,73.11,98,1.2125,3536.82
7663.88,73.3,98,0.0,3536.82
7663.88,73.07,96,0.0,3536.82
7663.88,72.97,96,0.0,3536.82
7663.88,72.74,98,2.425,3536.82
7663.88,72.44,98,0.0,3536.82
7663.88,72.48,98,0.0,3536.82
7663.88,72.48,98,0.0,3536.82
7663.88,72.34,98,0.0,3536.82
7663.88,72.52,98,1.2125,3536.82
7663.88,72.59,98,0.0,3536.82
7663.88,72.82,98,0.0,3536.82
7663.88,72.14,98,0.0,3536.82
7663.88,72.23,96,1.2125,3536.82
7663.88,72.16,98,1.2125,3536.82
7663.88,72.16,98,0.0,3536.82
7663.88,72.11,90,1.2125,3536.82
7663.88,71.92,90,0.0,3536.82
7663.88,71.92,100,0.0,3536.82
7663.88,72.25,100,0.0,3536.82
7663.88,71.66,98,2.4375,3536.82
7663.88,71.09,98,0.0,3536.82
7663.88,71.94,97,0.0,3536.82
7663.88,71.63,97,0.0,3536.82
7663.88,71.83,98,1.2125,3536.82
7663.88,71.56,98,0.0,3536.82
7663.88,71.46,98,0.0,3536.82
7663.88,71.36,98,1.2125,3536.82
7663.88,71.52,98,0.0,3536.82
7663.88,71.4,98,0.0,3536.82
7663.88,70.91,98,0.0,3536.82
7663.88,71.72,98,1.2125,3536.82
7663.88,72.19,97,0.0,3536.82
7663.88,72.08,97,0.0,3536.82
7663.88,72.24,98,0.0,3536.82
7663.88,72.02,98,1.2125,3536.82
7663.88,72.18,98,0.0,3536.82
7663.88,72.33,98,0.0,3536.82
7663.88,72.33,98,1.2125,3536.82
7663.88,72.26,96,0.0,3536.82
7663.88,72.44,96,0.0,3536.82
7663.88,72.36,98,1.225,3536.82
7663.88,72.27,98,0.0,3536.82
7663.88,72.05,98,0.0,3536.82
7663.88,71.96,98,1.2125,3536.82
7663.88,71.99,98,0.0,3536.82
7663.88,71.96,98,0.0,3536.82
7663.88,71.91,98,0.0,3536.82
7663.88,71.84,98,1.225,3536.82
7663.88,71.96,97,0.0,3536.82
7663.88,71.96,97,0.0,3536.82
7663.88,71.97,97,0.0,3536.82
7663.88,71.99,98,1.2125,3536.82
7663.88,71.9,98,1.2125,3536.82
7663.88,71.81,98,0.0,3536.82
7663.88,71.85,98,1.225,3536.82
7663.88,71.85,98,1.225,3536.82
7663.88,73.4,98,0.0,3536.82
7663.88,73.01,90,0.0,3536.82
7663.88,72.97,98,0.0,3536.82
7663.88,72.75,98,1.2125,3536.82
7663.88,72.72,98,0.0,3536.82
7663.88,72.9,98,0.0,3536.82
7663.88,72.97,98,1.2125,3536.82
7663.88,73.12,98,0.0,3536.82
7663.88,73.16,98,0.0,3536.82
7663.88,73.05,98,0.0,3536.82
7663.88,71.26,96,1.2125,3536.82
7663.88,71.58,96,0.0,3536.82
7663.88,71.38,98,0.0,3536.82
7663.88,71.92,98,0.0,3536.82
7663.88,71.91,98,1.2125,3536.82
7663.88,72.23,98,1.2125,3536.82
7663.88,71.96,98,0.0,3536.82
7663.88,72.13,98,0.0,3536.82
7663.88,71.46,97,0.0,3536.82
7663.88,71.64,97,1.1875,3536.82
7663.88,71.53,98,0.0,3536.82
7663.88,71.76,98,1.2125,3536.82
7663.88,71.64,98,0.0,3536.82
7663.88,71.88,98,0.0,3536.82
7663.88,71.94,98,0.0,3536.82
7663.88,72.16,98,1.2125,3536.82
7663.88,71.98,98,0.0,3536.82
7663.88,71.86,97,0.0,3536.82
7663.88,72.41,97,1.2125,3536.82
7663.88,72.2,98,0.0,3536.82
7663.88,72.43,98,0.0,3536.82
7663.88,72.28,98,1.2125,3536.82
7663.88,72.6,98,0.0,3536.82
7663.88,72.71,98,0.0,3536.82
7663.88,72.79,98,1.2125,3536.82
7663.88,72.54,98,0.0,3536.82
7663.88,72.77,98,1.1375,3536.82
7663.88,70.37,89,0.0,3536.82
7663.88,70.17,89,0.0,3536.82
7663.88,70.21,98,1.225,3536.82
7663.88,69.11,97,1.2125,3536.82
7663.88,69.37,97,0.0,3536.82
7663.88,69.66,98,1.2125,3536.82
7663.88,69.89,98,0.0,3536.82
7663.88,69.83,98,0.0,3536.82
7663.88,69.4,98,0.0,3536.82
7663.88,69.33,98,1.2125,3536.82
7663.88,71.56,96,0.0,3536.82
7663.88,71.75,96,0.0,3536.82
7663.88,71.75,98,1.2125,3536.82
7663.88,72.03,98,1.2125,3536.82
7663.88,72.03,89,0.0,3536.82
7663.88,70.76,89,1.2125,3536.82
7663.88,70.15,100,0.0,3536.82
7663.88,70.15,100,0.0,3536.82
7663.88,70.39,97,1.2125,3536.82
7663.88,69.89,97,0.0,3536.82
7663.88,70.52,97,0.0,3536.82
7663.88,70.28,97,1.2125,3536.82
7663.88,70.31,98,0.0,3536.82
7663.88,70.15,98,0.0,3536.82
7663.88,70.56,98,0.0,3536.82
7663.88,71.28,98,1.2125,3536.82
7663.88,72.23,98,0.0,3536.82
7663.88,72.02,97,0.0,3536.82
7663.88,71.92,97,0.0,3536.82
7663.88,72.19,98,1.2125,3536.82
7663.88,71.92,98,1.2125,3536.82
7663.88,71.76,98,0.0,3536.82
7663.88,71.88,98,1.2125,3536.82
7663.88,72.07,98,0.0,3536.82
7663.88,71.95,98,0.0,3536.82
7663.88,71.75,98,1.2125,3536.82
7663.88,71.76,98,0.0,3536.82
7663.88,71.92,97,0.0,3536.82
7663.88,72.33,97,1.2,3536.82
7663.88,72.2,98,0.0,3536.82
7663.88,72.28,98,0.0,3536.82
7663.88,72.29,98,1.2125,3536.82
7663.88,72.61,98,0.0,3536.82
7663.88,72.5,98,0.0,3536.82
7663.88,72.18,98,0.0,3536.82
7663.88,72.22,98,1.2125,3536.82
7663.88,72.27,98,0.0,3536.82
7663.88,72.16,97,0.0,3536.82
7663.88,72.16,97,1.2125,3536.82
7663.88,71.7,98,0.0,3536.82
7663.88,71.69,98,0.0,3536.82
7663.88,71.69,98,2.4375,3536.82
7663.88,71.33,98,1.2125,3536.82
7663.88,71.27,90,0.0,3536.82
7663.88,70.47,90,0.0,3536.82
7663.88,70.58,98,1.2125,3536.82
7663.88,70.76,98,0.0,3536.82
7663.88,70.76,98,0.0,3536.82
7663.88,70.99,98,1.2125,3536.82
7663.88,71.16,98,0.0,3536.82
7663.88,71.34,98,0.0,3536.82
7663.88,71.34,98,0.0,3536.82
7663.88,71.41,97,1.2125,3536.82
7663.88,70.91,97,0.0,3536.82
7663.88,71.6,98,0.0,3536.82
7663.88,71.54,98,1.2125,3536.82
7663.88,72.62,98,0.0,3536.82
7663.88,72.7,98,0.0,3536.82
7663.88,72.74,98,1.2125,3536.82
7663.88,72.6,98,0.0,3536.82
7663.88,72.47,98,0.0,3536.82
7663.88,72.45,98,1.2125,3536.82
7663.88,72.26,97,0.0,3536.82
7663.88,72.08,97,0.0,3536.82
7663.88,72.02,98,0.0,3536.82
7663.88,71.98,98,1.2125,3536.82
7663.88,72.15,98,0.0,3536.82
7663.88,71.98,98,0.0,3536.82
7663.88,71.82,98,1.2125,3536.82
7663.88,71.54,98,0.0,3536.82
7663.88,71.88,97,0.0,3536.82
7663.88,71.85,97,1.2125,3536.82
7663.88,71.95,98,0.0,3536.82
7663.88,71.81,98,0.0,3536.82
7663.88,71.95,98,1.2125,3536.82
7663.88,71.98,98,1.225,3536.82
7663.88,72.39,98,0.0,3536.82
7663.88,73.87,88,0.0,3536.82
7663.88,73.33,88,1.225,3536.82
7663.88,73.64,95,0.0,3536.82
7663.88,73.58,95,1.2125,3536.82
7663.88,73.69,97,1.225,3536.82
7663.88,73.54,97,0.0,3536.82
7663.88,73.43,95,0.0,3536.82
7663.88,73.57,95,0.0,3536.82
7663.88,73.76,97,1.225,3536.82
7663.88,73.64,97,0.0,3536.82
7663.88,72.11,97,0.0,3536.82
7663.88,71.86,97,0.0,3536.82
7663.88,72.44,97,1.2125,3536.82
7663.88,72.36,97,0.0,3536.82
7663.88,72.27,97,0.0,3536.82
7663.88,72.21,97,0.0,3536.82
7663.88,72.63,95,1.225,3536.82
7663.88,72.93,95,0.0,3536.82
7663.88,72.97,95,0.0,3536.82
7663.88,72.95,97,0.0,3536.82
7663.88,72.99,97,0.0,3536.82
7663.88,72.76,97,1.2125,3536.82
7663.88,72.98,97,0.0,3536.82
7663.88,72.88,97,0.0,3536.82
7663.88,72.73,97,1.2125,3536.82
7663.88,72.73,97,0.0,3536.82
7663.88,72.92,96,0.0,3536.82
7663.88,72.49,96,1.2125,3536.82
7663.88,72.6,98,1.2125,3536.82
7663.88,72.47,98,0.0,3536.82
7663.88,72.55,97,0.0,3536.82
7663.88,72.46,97,0.0,3536.82
7663.88,72.7,97,1.2125,3536.82
7663.88,72.59,97,0.0,3536.82
7663.88,72.76,96,0.0,3536.82
7663.88,72.56,96,1.2125,3536.82
7663.88,72.65,98,0.0,3536.82
7663.88,72.46,88,1.2125,3536.82
7663.88,70.56,88,1.225,3536.82
7663.88,70.56,100,0.0,3536.82
7663.88,70.43,100,0.0,3536.82
7663.88,69.68,96,0.0,3536.82
7663.88,69.9,96,0.0,3536.82
7663.88,69.88,98,1.225,3536.82
7663.88,69.86,98,0.0,3536.82
7663.88,69.85,98,0.0,3536.82
7663.88,69.87,98,0.0,3536.82
7663.88,69.92,96,0.0,3536.82
7663.88,71.69,96,1.2375,3536.82
7663.88,71.64,98,0.0,3536.82
7663.88,71.64,98,0.0,3536.82
7663.88,72.18,98,0.0,3536.82
7663.88,72.36,98,0.0,3536.82
7663.88,72.07,97,2.425,3536.82
7663.88,72.19,97,0.0,3536.82
7663.88,72.05,96,0.0,3536.82
7663.88,72.39,96,0.0,3536.82
7663.88,72.39,98,1.225,3536.82
7663.88,72.25,98,0.0,3536.82
7663.88,72.25,97,0.0,3536.82
7663.88,72.25,97,0.0,3536.82
7663.88,72.32,97,1.2125,3536.82
7663.88,72.6,97,0.0,3536.82
7663.88,72.34,98,1.2125,3536.82
7663.88,72.53,98,0.0,3536.82
7663.88,72.44,96,0.0,3536.82
7663.88,72.6,96,0.0,3536.82
7663.88,72.33,98,1.225,3536.82
7663.88,72.53,98,0.0,3536.82
7663.88,72.36,98,0.0,3536.82
7663.88,72.54,98,0.0,3536.82
7663.88,72.63,98,0.0,3536.82
7663.88,72.88,96,0.0,3536.82
7663.88,72.95,96,1.225,3536.82
7663.88,73.06,98,0.0,3536.82
7663.88,72.93,98,1.225,3536.82
7663.88,73.0,90,0.0,3536.82
7663.88,72.87,90,0.0,3536.82
7663.88,71.94,100,0.0,3536.82
7663.88,72.04,100,1.225,3536.82
7663.88,72.33,96,0.0,3536.82
7663.88,72.37,96,0.0,3536.82
7663.88,72.42,98,1.2125,3536.82
7663.88,72.16,98,0.0,3536.82
7663.88,72.02,96,0.0,3536.82
7663.88,72.05,96,1.2125,3536.82
7663.88,72.08,98,1.2125,3536.82
7663.88,71.86,98,0.0,3536.82
7663.88,71.89,98,0.0,3536.82
7663.88,72.66,98,1.2125,3536.82
7663.88,72.63,98,0.0,3536.82
7663.88,72.4,98,0.0,3536.82
7663.88,72.67,98,0.0,3536.82
7663.88,72.55,96,1.2125,3536.82
7663.88,72.42,98,0.0,3536.82
7663.88,72.42,98,0.0,3536.82
7663.88,72.41,98,1.2125,3536.82
7663.88,72.05,98,0.0,3536.82
7663.88,71.81,98,0.0,3536.82
7663.88,71.78,98,0.0,3536.82
7663.88,71.75,98,1.2125,3536.82
7663.88,71.88,98,0.0,3536.82
7663.88,71.79,96,0.0,3536.82
7663.88,71.47,96,1.2125,3536.82
7663.88,71.12,98,0.0,3536.82
7663.88,71.32,98,0.0,3536.82
7663.88,71.14,98,0.0,3536.82
7663.88,71.45,98,0.0,3536.82
7663.88,71.4,98,0.0,3536.82
7663.88,71.69,98,2.425,3536.82
7663.88,71.69,96,0.0,3536.82
7663.88,72.07,98,0.0,3536.82
7663.88,72.01,98,1.225,3536.82
7663.88,71.94,98,1.2375,3536.82
7663.88,73.02,98,0.0,3536.82
7663.88,72.87,90,0.0,3536.82
7663.88,72.29,90,1.225,3536.82
7663.88,72.35,98,0.0,3536.82
7663.88,72.51,98,0.0,3536.82
7663.88,72.68,98,0.0,3536.82
7663.88,72.64,97,1.225,3536.82
7663.88,72.56,97,0.0,3536.82
7663.88,72.36,97,0.0,3536.82
7663.88,72.07,97,0.0,3536.82
7663.88,72.06,95,1.225,3536.82
7663.88,70.99,95,0.0,3536.82
7663.88,70.71,97,0.0,3536.82
7663.88,71.45,97,0.0,3536.82
7663.88,71.25,97,0.0,3536.82
7663.88,71.25,97,1.225,3536.82
7663.88,71.38,97,0.0,3536.82
7663.88,71.09,97,0.0,3536.82
7663.88,71.1,97,0.0,3536.82
7663.88,70.17,95,1.225,3536.82
7663.88,70.44,95,0.0,3536.82
7663.88,70.71,97,0.0,3536.82
7663.88,70.72,97,0.0,3536.82
7663.88,71.01,98,0.0,3536.82
7663.88,71.04,98,0.0,3536.82
7663.88,71.42,98,1.225,3536.82
7663.88,71.37,98,0.0,3536.82
7663.88,71.37,98,0.0,3536.82
7663.88,71.32,98,0.0,3536.82
7663.88,72.26,96,0.0,3536.82
7663.88,71.96,96,0.0,3536.82
7663.88,71.84,98,1.2375,3536.82
7663.88,71.82,98,0.0,3536.82
7663.88,72.05,98,0.0,3536.82
7663.88,72.03,98,0.0,3536.82
7663.88,72.28,98,0.0,3536.82
7663.88,71.91,98,1.2375,3536.82
7663.88,72.14,96,0.0,3536.82
7663.88,72.05,91,1.225,3536.82
7663.88,73.74,91,1.225,3536.82
7663.88,73.22,91,0.0,3536.82
7663.88,73.12,100,0.0,3536.82
7663.88,72.5,97,0.0,3536.82
7663.88,72.71,97,0.0,3536.82
7663.88,73.05,97,1.225,3536.82
7663.88,73.18,98,0.0,3536.82
7663.88,73.26,98,0.0,3536.82
7663.88,73.26,98,0.0,3536.82
7663.88,73.1,98,0.0,3536.82
7663.88,73.29,98,0.0,3536.82
7663.88,71.84,98,1.225,3536.82
7663.88,71.91,96,0.0,3536.82
7663.88,72.1,96,0.0,3536.82
7663.88,72.63,98,0.0,3536.82
7663.88,72.79,98,0.0,3536.82
7663.88,72.54,98,1.225,3536.82
7663.88,72.01,98,1.225,3536.82
7663.88,71.48,92,0.0,3536.82
7663.88,71.36,92,0.0,3536.82
7663.88,71.0,97,0.0,3536.82
7663.88,71.14,98,0.0,3536.82
7663.88,70.74,98,0.0,3536.82
7663.88,70.93,98,1.225,3536.82
7663.88,71.21,98,0.0,3536.82
7663.88,70.85,96,0.0,3536.82
7663.88,70.87,96,0.0,3536.82
7663.88,71.25,98,1.225,3536.82
7663.88,71.91,98,0.0,3536.82
7663.88,71.64,93,0.0,3536.82
7663.88,71.6,93,0.0,3536.82
7663.88,71.26,100,1.2375,3536.82
7663.88,71.69,100,0.0,3536.82
7663.88,71.38,100,0.0,3536.82
7663.88,71.65,100,0.0,3536.82
7663.88,71.81,96,0.0,3536.82
7663.88,72.09,96,0.0,3536.82
7663.88,72.35,96,1.2125,3536.82
7663.88,72.35,98,0.0,3536.82
7663.88,72.09,98,0.0,3536.82
7663.88,72.09,98,0.0,3536.82
7663.88,72.09,96,1.225,3536.82
7663.88,72.37,96,1.2375,3536.82
7663.88,73.7,92,0.0,3536.82
7663.88,73.21,92,0.0,3536.82
7663.88,72.78,97,1.225,3536.82
7663.88,72.78,97,0.0,3536.82
7663.88,72.82,97,0.0,3536.82
7663.88,72.65,97,0.0,3536.82
7663.88,72.65,97,0.0,3536.82
7663.88,72.7,97,1.225,3536.82
7663.88,72.87,97,0.0,3536.82
7663.88,72.33,97,0.0,3536.82
7663.88,71.11,95,0.0,3536.82
7663.88,71.15,95,1.225,3536.82
7663.88,71.4,97,0.0,3536.82
7663.88,71.79,97,0.0,3536.82
7663.88,71.91,97,0.0,3536.82
7663.88,71.69,97,1.225,3536.82
7663.88,71.8,97,0.0,3536.82
7663.88,71.84,97,0.0,3536.82
7663.88,71.97,97,0.0,3536.82
7663.88,72.0,97,1.225,3536.82
7663.88,72.47,95,0.0,3536.82
7663.88,72.29,95,1.225,3536.82
7663.88,71.56,91,1.225,3536.82
7663.88,71.44,91,0.0,3536.82
7663.88,71.46,100,0.0,3536.82
7663.88,71.54,100,0.0,3536.82
7663.88,71.6,100,0.0,3536.82
7663.88,71.27,100,1.225,3536.82
7663.88,71.19,97,0.0,3536.82
7663.88,71.26,97,0.0,3536.82
7663.88,71.39,98,0.0,3536.82
7663.88,71.42,98,0.0,3536.82
7663.88,71.7,98,0.0,3536.82
7663.88,72.75,98,1.225,3536.82
7663.88,72.79,98,0.0,3536.82
7663.88,73.01,98,0.0,3536.82
7663.88,72.61,96,0.0,3536.82
7663.88,71.92,97,0.0,3536.82
7663.88,71.98,97,1.2375,3536.82
7663.88,71.98,98,0.0,3536.82
7663.88,71.87,98,0.0,3536.82
7663.88,72.02,98,0.0,3536.82
7663.88,71.88,98,0.0,3536.82
7663.88,71.89,98,0.0,3536.82
7663.88,72.02,98,0.0,3536.82
7663.88,71.97,96,1.225,3536.82
7663.88,71.71,96,0.0,3536.82
7663.88,71.89,98,0.0,3536.82
7663.88,72.16,98,0.0,3536.82
7663.88,72.09,97,1.2125,3536.82
7663.88,71.41,97,0.0,3536.82
7663.88,70.76,90,0.0,3536.82
7663.88,70.59,90,0.0,3536.82
7663.88,70.36,97,1.225,3536.82
7663.88,70.5,97,1.2375,3536.82
7663.88,70.78,96,0.0,3536.82
7663.88,70.78,96,0.0,3536.82
7663.88,71.14,98,0.0,3536.82
7663.88,71.16,98,0.0,3536.82
7663.88,71.29,97,1.2375,3536.82
7663.88,71.45,97,0.0,3536.82
7663.88,71.97,97,0.0,3536.82
7663.88,72.49,98,0.0,3536.82
7663.88,72.49,98,0.0,3536.82
7663.88,72.81,96,0.0,3536.82
7663.88,72.76,98,0.0,3536.82
7663.88,72.39,98,1.225,3536.82
7663.88,72.39,98,0.0,3536.82
7663.88,72.33,98,0.0,3536.82
7663.88,72.2,98,0.0,3536.82
7663.88,72.22,98,0.0,3536.82
7663.88,71.88,98,0.0,3536.82
7663.88,71.87,98,0.0,3536.82
7663.88,71.83,96,0.0,3536.82
7663.88,71.88,96,1.225,3536.82
7663.88,73.35,90,1.225,3536.82
7663.88,72.88,90,0.0,3536.82
7663.88,72.42,100,0.0,3536.82
7663.88,72.6,100,1.2375,3536.82
7663.88,72.87,96,0.0,3536.82
7663.88,73.02,96,0.0,3536.82
7663.88,72.93,98,0.0,3536.82
7663.88,72.96,98,1.2,3536.82
7663.88,73.13,98,0.0,3536.82
7663.88,73.43,98,0.0,3536.82
7663.88,73.56,96,1.2,3536.82
7663.88,71.9,96,0.0,3536.82
7663.88,72.05,98,0.0,3536.82
7663.88,72.33,98,0.0,3536.82
7663.88,72.48,98,1.2375,3536.82
7663.88,72.36,98,0.0,3536.82
7663.88,72.27,98,0.0,3536.82
7663.88,72.14,98,0.0,3536.82
7663.88,72.56,96,1.25,3536.82
7663.88,72.6,98,0.0,3536.82
7663.88,72.42,98,0.0,3536.82
7663.88,72.33,98,1.25,3536.82
7663.88,72.45,98,0.0,3536.82
7663.88,72.34,98,0.0,3536.82
7663.88,72.22,98,0.0,3536.82
7663.88,71.88,98,1.25,3536.82
7663.88,71.9,98,0.0,3536.82
7663.88,72.06,96,0.0,3536.82
7663.88,71.93,96,1.25,3536.82
7663.88,71.69,96,0.0,3536.82
7663.88,71.62,98,0.0,3536.82
7663.88,71.62,98,0.0,3536.82
7663.88,71.91,98,1.25,3536.82
7663.88,71.82,98,0.0,3536.82
7663.88,72.03,98,0.0,3536.82
7663.88,72.03,98,1.25,3536.82
7663.88,71.94,96,0.0,3536.82
7663.88,72.24,96,1.25,3536.82
7663.88,72.16,98,0.0,3536.82
7663.88,73.84,98,0.0,3536.82
7663.88,73.61,91,1.25,3536.82
7663.88,73.66,91,0.0,3536.82
7663.88,73.64,98,0.0,3536.82
7663.88,73.85,98,0.0,3536.82
7663.88,74.07,98,1.25,3536.82
7663.88,74.21,96,0.0,3536.82
7663.88,74.39,96,0.0,3536.82
7663.88,74.31,98,1.25,3536.82
7663.88,74.32,98,0.0,3536.82
7663.88,74.4,97,0.0,3536.82
7663.88,72.73,97,0.0,3536.82
7663.88,72.74,97,1.25,3536.82
7663.88,72.71,97,0.0,3536.82
7663.88,72.85,97,1.2375,3536.82
7663.88,72.39,97,1.2375,3536.82
7663.88,72.62,95,0.0,3536.82
7663.88,72.15,95,0.0,3536.82
7663.88,72.38,97,0.0,3536.82
7663.88,72.08,97,1.225,3536.82
7663.88,72.14,97,0.0,3536.82
7663.88,71.83,97,0.0,3536.82
7663.88,72.1,97,0.0,3536.82
7663.88,72.01,97,1.225,3536.82
7663.88,72.13,95,0.0,3536.82
7663.88,71.88,95,0.0,3536.82
7663.88,72.1,97,0.0,3536.82
7663.88,71.07,97,0.0,3536.82
7663.88,71.39,96,0.0,3536.82
7663.88,71.04,96,1.2125,3536.82
7663.88,71.17,97,0.0,3536.82
7663.88,70.94,97,0.0,3536.82
7663.88,71.14,97,1.225,3536.82
7663.88,70.69,97,0.0,3536.82
7663.88,71.04,95,0.0,3536.82
7663.88,71.11,97,1.2125,3536.82
7663.88,71.09,97,0.0,3536.82
7663.88,71.17,90,1.2125,3536.82
7663.88,69.58,90,1.2125,3536.82
7663.88,69.29,90,0.0,3536.82
7663.88,69.19,97,1.2125,3536.82
7663.88,69.81,100,1.2,3536.82
7663.88,68.88,100,0.0,3536.82
7663.88,68.96,100,0.0,3536.82
7663.88,69.21,100,1.2,3536.82
7663.88,69.17,95,0.0,3536.82
7663.88,68.88,95,0.0,3536.82
7663.88,68.87,97,0.0,3536.82
7663.88,71.32,97,1.2125,3536.82
7663.88,71.51,97,0.0,3536.82
7663.88,71.55,97,0.0,3536.82
7663.88,71.15,98,0.0,3536.82
7663.88,72.51,98,1.225,3536.82
7663.88,72.17,96,0.0,3536.82
7663.88,72.4,96,0.0,3536.82
7663.88,72.19,97,1.2125,3536.82
7663.88,72.05,97,0.0,3536.82
7663.88,72.37,98,0.0,3536.82
7663.88,72.24,98,0.0,3536.82
7663.88,72.26,98,1.2125,3536.82
7663.88,72.22,98,0.0,3536.82
7663.88,72.25,97,0.0,3536.82
7663.88,72.15,97,1.2125,3536.82
7663.88,71.94,98,0.0,3536.82
7663.88,72.08,98,0.0,3536.82
7663.88,72.08,98,1.2125,3536.82
7663.88,72.28,98,0.0,3536.82
7663.88,72.11,98,0.0,3536.82
7663.88,72.09,98,1.225,3536.82
7663.88,72.08,98,0.0,3536.82
7663.88,72.08,98,1.2,3536.82
7663.88,72.12,96,1.225,3536.82
7663.88,72.28,96,0.0,3536.82
7663.88,72.28,98,0.0,3536.82
7663.88,72.43,98,0.0,3536.82
7663.88,72.51,98,1.2125,3536.82
7663.88,72.29,98,0.0,3536.82
7663.88,72.31,98,0.0,3536.82
7663.88,71.44,98,1.2125,3536.82
7663.88,68.85,96,1.2125,3536.82
7663.88,68.58,96,1.2125,3536.82
7663.88,68.58,86,0.0,3536.82
7663.88,67.38,86,0.0,3536.82
7663.88,67.63,97,1.2125,3536.82
7663.88,67.63,97,0.0,3536.82
7663.88,68.13,97,1.2,3536.82
7663.88,68.13,97,0.0,3536.82
7663.88,68.3,97,0.0,3536.82
7663.88,68.46,97,0.0,3536.82
7663.88,69.14,97,1.2125,3536.82
7663.88,71.88,97,0.0,3536.82
7663.88,71.96,96,1.2,3536.82
7663.88,71.91,96,0.0,3536.82
7663.88,73.05,97,0.0,3536.82
7663.88,73.02,97,1.2125,3536.82
7663.88,72.88,97,0.0,3536.82
7663.88,72.66,97,0.0,3536.82
7663.88,72.26,97,0.0,3536.82
7663.88,72.16,97,3.6375,3536.82
7663.88,73.13,91,0.0,3536.82
7663.88,72.06,91,1.2125,3536.82
7663.88,72.06,97,0.0,3536.82
7663.88,72.22,97,0.0,3536.82
7663.88,72.85,98,1.2125,3536.82
7663.88,72.92,98,0.0,3536.82
7663.88,72.8,98,0.0,3536.82
7663.88,72.66,98,1.2125,3536.82
7663.88,72.74,98,0.0,3536.82
7663.88,72.84,98,1.2125,3536.82
7663.88,71.98,98,0.0,3536.82
7663.88,71.98,96,0.0,3536.82
7663.88,72.41,96,1.2125,3536.82
7663.88,72.3,98,0.0,3536.82
7663.88,72.3,98,0.0,3536.82
7663.88,72.18,98,0.0,3536.82
7663.88,72.0,98,1.2125,3536.82
7663.88,71.84,98,1.1875,3536.82
7663.88,71.62,86,0.0,3536.82
7663.88,73.77,86,1.225,3536.82
7663.88,73.41,100,0.0,3536.82
7663.88,73.22,100,0.0,3536.82
7663.88,73.82,96,1.2125,3536.82
7663.88,73.82,96,1.2,3536.82
7663.88,74.29,98,0.0,3536.82
7663.88,74.34,98,1.2,3536.82
7663.88,74.36,98,0.0,3536.82
7663.88,74.19,98,0.0,3536.82
7663.88,74.32,98,0.0,3536.82
7663.88,72.32,98,1.2125,3536.82
7663.88,72.51,97,0.0,3536.82
7663.88,72.63,97,0.0,3536.82
7663.88,72.66,98,1.2,3536.82
7663.88,72.44,98,0.0,3536.82
7663.88,72.35,98,0.0,3536.82
7663.88,72.26,98,1.225,3536.82
7663.88,72.1,98,0.0,3536.82
7663.88,71.94,98,0.0,3536.82
7663.88,72.16,97,0.0,3536.82
7663.88,71.98,97,2.45,3536.82
7663.88,71.8,98,0.0,3536.82
7663.88,71.81,98,0.0,3536.82
7663.88,71.95,98,0.0,3536.82
7663.88,71.81,98,1.2125,3536.82
7663.88,72.12,98,1.2125,3536.82
7663.88,73.28,98,0.0,3536.82
7663.88,72.33,89,1.2125,3536.82
7663.88,72.34,99,0.0,3536.82
7663.88,71.62,99,0.0,3536.82
7663.88,71.13,99,1.2125,3536.82
7663.88,71.43,97,0.0,3536.82
7663.88,71.53,98,0.0,3536.82
7663.88,71.59,98,1.2125,3536.82
7663.88,71.59,98,0.0,3536.82
7663.88,71.28,98,0.0,3536.82
7663.88,69.93,98,1.2125,3536.82
7663.88,70.93,98,1.2125,3536.82
7663.88,69.7,96,0.0,3536.82
7663.88,70.6,96,0.0,3536.82
7663.88,70.84,98,1.2125,3536.82
7663.88,70.87,98,0.0,3536.82
7663.88,70.77,98,0.0,3536.82
7663.88,71.01,98,1.2125,3536.82
7663.88,70.85,98,0.0,3536.82
7663.88,71.25,98,0.0,3536.82
7663.88,71.01,98,1.2125,3536.82
7663.88,71.06,98,0.0,3536.82
7663.88,70.79,97,0.0,3536.82
7663.88,72.0,97,1.2125,3536.82
7663.88,71.81,98,0.0,3536.82
7663.88,71.96,98,0.0,3536.82
7663.88,71.8,98,1.2125,3536.82
7663.88,71.98,98,0.0,3536.82
7663.88,71.77,98,0.0,3536.82
7663.88,71.96,98,0.0,3536.82
7663.88,71.66,98,1.2125,3536.82
7663.88,71.75,97,0.0,3536.82
7663.88,72.01,97,0.0,3536.82
7663.88,71.73,97,1.225,3536.82
7663.88,71.84,97,0.0,3536.82
7663.88,71.62,98,0.0,3536.82
7663.88,71.76,98,0.0,3536.82
7663.88,71.53,98,2.4375,3536.82
7663.88,72.27,98,0.0,3536.82
7663.88,72.05,90,0.0,3536.82
7663.88,71.77,90,1.2125,3536.82
7663.88,71.59,97,1.2125,3536.82
7663.88,72.12,97,0.0,3536.82
7663.88,72.1,97,0.0,3536.82
7663.88,72.49,97,0.0,3536.82
7663.88,72.46,98,1.2125,3536.82
7663.88,72.73,98,0.0,3536.82
7663.88,72.74,98,0.0,3536.82
7663.88,72.98,98,1.2125,3536.82
7663.88,72.25,98,0.0,3536.82
7663.88,72.29,98,0.0,3536.82
7663.88,72.75,98,1.2,3536.82
7663.88,72.62,98,0.0,3536.82
7663.88,72.43,97,0.0,3536.82
7663.88,72.42,88,2.4375,3536.82
7663.88,69.24,88,0.0,3536.82
7663.88,68.89,100,1.2125,3536.82
7663.88,67.62,100,0.0,3536.82
7663.88,67.79,100,1.2125,3536.82
7663.88,67.88,97,0.0,3536.82
7663.88,68.0,98,1.2125,3536.82
7663.88,68.13,98,0.0,3536.82
7663.88,68.13,98,0.0,3536.82
7663.88,68.41,98,1.2125,3536.82
7663.88,68.7,98,0.0,3536.82
7663.88,71.67,96,0.0,3536.82
7663.88,71.81,96,1.2125,3536.82
7663.88,71.81,98,0.0,3536.82
7663.88,71.65,98,0.0,3536.82
7663.88,72.92,98,1.2125,3536.82
7663.88,72.67,98,0.0,3536.82
7663.88,72.6,98,0.0,3536.82
7663.88,72.63,98,0.0,3536.82
7663.88,72.47,97,1.2125,3536.82
7663.88,72.33,98,0.0,3536.82
7663.88,72.21,98,0.0,3536.82
7663.88,71.98,98,1.2125,3536.82
7663.88,71.75,98,0.0,3536.82
7663.88,71.82,98,0.0,3536.82
7663.88,71.89,98,1.2125,3536.82
7663.88,71.85,98,1.2125,3536.82
7663.88,72.11,98,0.0,3536.82
7663.88,72.0,97,0.0,3536.82
7663.88,72.2,97,1.2125,3536.82
7663.88,72.16,98,0.0,3536.82
7663.88,72.35,98,0.0,3536.82
7663.88,72.22,98,1.2125,3536.82
7663.88,72.49,98,0.0,3536.82
7663.88,72.51,98,0.0,3536.82
7663.88,72.56,98,0.0,3536.82
7663.88,72.19,97,0.0,3536.82
7663.88,72.32,97,1.225,3536.82
7663.88,72.17,98,1.2125,3536.82
7663.88,72.13,98,0.0,3536.82
7663.88,71.93,92,0.0,3536.82
7663.88,71.82,92,1.2125,3536.82
7663.88,71.08,99,0.0,3536.82
7663.88,71.3,99,0.0,3536.82
7663.88,71.52,97,1.2125,3536.82
7663.88,71.61,97,0.0,3536.82
7663.88,71.73,98,1.2125,3536.82
7663.88,71.77,98,0.0,3536.82
7663.88,71.77,98,1.2125,3536.82
7663.88,72.15,97,0.0,3536.82
7663.88,72.09,97,0.0,3536.82
7663.88,71.82,98,0.0,3536.82
7663.88,72.45,98,1.2125,3536.82
7663.88,72.26,98,0.0,3536.82
7663.88,72.17,98,0.0,3536.82
7663.88,71.99,98,1.2125,3536.82
7663.88,72.09,98,0.0,3536.82
7663.88,72.12,98,0.0,3536.82
7663.88,72.55,98,0.0,3536.82
7663.88,72.23,96,1.2125,3536.82
7663.88,72.15,96,0.0,3536.82
7663.88,72.06,98,0.0,3536.82
7663.88,72.47,98,0.0,3536.82
7663.88,72.56,98,1.2375,3536.82
7663.88,72.79,98,0.0,3536.82
7663.88,72.73,98,1.2125,3536.82
7663.88,72.73,98,1.2125,3536.82
7663.88,72.71,97,0.0,3536.82
7663.88,72.6,97,0.0,3536.82
7663.88,72.3,98,0.0,3536.82
7663.88,72.04,98,1.2125,3536.82
7663.88,71.95,98,0.0,3536.82
7663.88,72.02,98,0.0,3536.82
7663.88,72.02,98,0.0,3536.82
7663.88,71.92,98,0.0,3536.82
7663.88,71.84,98,1.225,3536.82
7663.88,71.56,98,1.2125,3536.82
7663.88,71.91,97,0.0,3536.82
7663.88,71.98,97,1.2125,3536.82
7663.88,72.09,89,0.0,3536.82
7663.88,72.27,89,0.0,3536.82
7663.88,72.62,100,1.225,3536.82
7663.88,72.65,100,0.0,3536.82
7663.88,72.86,96,1.2125,3536.82
7663.88,73.1,96,1.2125,3536.82
7663.88,73.14,98,0.0,3536.82
7663.88,73.17,98,0.0,3536.82
7663.88,73.41,98,1.2125,3536.82
7663.88,73.35,98,0.0,3536.82
7663.88,73.0,98,0.0,3536.82
7663.88,72.62,98,0.0,3536.82
7663.88,72.49,98,1.225,3536.82
7663.88,72.17,97,0.0,3536.82
7663.88,72.36,97,1.1625,3536.82
7663.88,73.7,91,0.0,3536.82
7663.88,73.06,91,1.225,3536.82
7663.88,72.78,100,0.0,3536.82
7663.88,72.33,100,0.0,3536.82
7663.88,72.46,98,0.0,3536.82
7663.88,72.52,98,1.2125,3536.82
7663.88,72.58,97,0.0,3536.82
7663.88,72.65,97,0.0,3536.82
7663.88,72.86,98,1.2125,3536.82
7663.88,73.22,98,0.0,3536.82
7663.88,73.29,97,0.0,3536.82
7663.88,71.75,97,1.2125,3536.82
7663.88,72.14,98,0.0,3536.82
7663.88,72.07,98,0.0,3536.82
7663.88,72.38,98,1.2125,3536.82
7663.88,72.33,98,0.0,3536.82
7663.88,72.12,96,0.0,3536.82
7663.88,72.11,98,0.0,3536.82
7663.88,72.09,98,2.4375,3536.82
7663.88,72.17,98,0.0,3536.82
7663.88,71.93,98,0.0,3536.82
7663.88,71.67,98,1.2125,3536.82
7663.88,71.94,98,0.0,3536.82
7663.88,71.96,98,0.0,3536.82
7663.88,72.13,96,1.2125,3536.82
7663.88,71.81,98,0.0,3536.82
7663.88,72.08,98,0.0,3536.82
7663.88,72.08,98,0.0,3536.82
7663.88,72.29,97,1.2125,3536.82
7663.88,72.29,97,0.0,3536.82
7663.88,72.16,98,0.0,3536.82
7663.88,71.88,98,0.0,3536.82
7663.88,72.04,98,1.2125,3536.82
7663.88,71.94,98,1.2125,3536.82
7663.88,72.26,96,0.0,3536.82
7663.88,72.03,98,0.0,3536.82
7663.88,72.03,98,1.2125,3536.82
7663.88,72.12,98,1.2125,3536.82
7663.88,72.12,98,0.0,3536.82
7663.88,70.96,91,0.0,3536.82
7663.88,70.93,91,1.2125,3536.82
7663.88,70.53,98,0.0,3536.82
7663.88,70.92,98,0.0,3536.82
7663.88,70.92,98,1.2125,3536.82
7663.88,71.26,98,1.2125,3536.82
7663.88,71.02,98,0.0,3536.82
7663.88,70.83,98,0.0,3536.82
7663.88,71.04,98,0.0,3536.82
7663.88,71.04,98,0.0,3536.82
7663.88,71.53,95,1.2375,3536.82
7663.88,71.83,95,0.0,3536.82
7663.88,71.56,97,0.0,3536.82
7663.88,71.87,97,1.2375,3536.82
7663.88,71.61,97,0.0,3536.82
7663.88,71.48,97,0.0,3536.82
7663.88,71.38,97,0.0,3536.82
7663.88,71.56,97,1.25,3536.82
7663.88,71.38,97,0.0,3536.82
7663.88,71.42,97,0.0,3536.82
7663.88,70.92,95,1.2375,3536.82
7663.88,70.89,97,0.0,3536.82
7663.88,70.79,97,0.0,3536.82
7663.88,70.93,97,1.2375,3536.82
7663.88,71.0,97,0.0,3536.82
7663.88,70.75,97,0.0,3536.82
7663.88,70.86,97,1.2375,3536.82
7663.88,70.17,97,0.0,3536.82
7663.88,70.4,95,0.0,3536.82
7663.88,70.73,95,0.0,3536.82
7663.88,70.88,98,1.2375,3536.82
7663.88,70.88,98,0.0,3536.82
7663.88,70.74,98,0.0,3536.82
7663.88,71.03,98,0.0,3536.82
7663.88,70.91,98,1.25,3536.82
7663.88,71.23,98,0.0,3536.82
7663.88,71.01,98,0.0,3536.82
7663.88,70.15,98,2.4875,3536.82
7663.88,70.78,93,0.0,3536.82
7663.88,70.78,93,1.2375,3536.82
7663.88,70.76,92,0.0,3536.82
7663.88,69.23,92,0.0,3536.82
7663.88,69.57,96,1.2375,3536.82
7663.88,69.86,96,0.0,3536.82
7663.88,70.02,98,0.0,3536.82
7663.88,70.19,98,0.0,3536.82
7663.88,70.14,98,1.2375,3536.82
7663.88,70.1,98,0.0,3536.82
7663.88,70.23,98,0.0,3536.82
7663.88,71.34,98,1.2125,3536.82
7663.88,71.25,98,1.2125,3536.82
7663.88,71.09,97,0.0,3536.82
7663.88,72.64,97,1.2125,3536.82
7663.88,72.7,98,0.0,3536.82
7663.88,72.56,98,0.0,3536.82
7663.88,72.03,96,2.425,3536.82
7663.88,72.05,96,0.0,3536.82
7663.88,72.39,91,0.0,3536.82
7663.88,71.31,91,0.0,3536.82
7663.88,71.41,97,1.2125,3536.82
7663.88,71.37,97,0.0,3536.82
7663.88,71.5,98,1.2125,3536.82
7663.88,70.7,98,0.0,3536.82
7663.88,70.69,97,0.0,3536.82
7663.88,70.35,97,0.0,3536.82
7663.88,70.49,98,2.4375,3536.82
7663.88,70.91,98,0.0,3536.82
7663.88,70.73,98,0.0,3536.82
7663.88,70.36,98,0.0,3536.82
7663.88,71.38,98,2.45,3536.82
7663.88,71.52,98,0.0,3536.82
7663.88,71.7,88,0.0,3536.82
7663.88,70.87,88,1.2125,3536.82
7663.88,71.7,96,0.0,3536.82
7663.88,71.96,97,0.0,3536.82
7663.88,72.09,97,1.2125,3536.82
7663.88,71.95,97,0.0,3536.82
7663.88,72.02,97,0.0,3536.82
7663.88,72.17,97,1.2125,3536.82
7663.88,71.91,97,0.0,3536.82
7663.88,71.27,95,0.0,3536.82
7663.88,71.02,95,0.0,3536.82
7663.88,71.71,96,1.2,3536.82
7663.88,71.78,96,0.0,3536.82
7663.88,71.44,96,1.2125,3536.82
7663.88,71.4,97,1.2125,3536.82
7663.88,70.98,96,0.0,3536.82
7663.88,71.18,96,0.0,3536.82
7663.88,70.83,96,0.0,3536.82
7663.88,71.0,95,1.2125,3536.82
7663.88,71.19,95,0.0,3536.82
7663.88,71.39,97,0.0,3536.82
7663.88,71.73,97,2.375,3536.82
7663.88,73.44,97,0.0,3536.82
7663.88,72.79,97,1.2125,3536.82
7663.88,72.78,89,0.0,3536.82
7663.88,72.46,89,0.0,3536.82
7663.88,73.11,98,1.2125,3536.82
7663.88,73.19,97,0.0,3536.82
7663.88,73.78,97,0.0,3536.82
7663.88,73.75,97,0.0,3536.82
7663.88,73.77,97,1.2125,3536.82
7663.88,73.77,97,0.0,3536.82
7663.88,74.02,97,0.0,3536.82
7663.88,72.39,96,1.2125,3536.82
7663.88,72.67,96,1.2125,3536.82
7663.88,72.67,97,0.0,3536.82
7663.88,73.06,97,0.0,3536.82
7663.88,72.83,97,1.2,3536.82
7663.88,72.69,97,0.0,3536.82
7663.88,72.49,97,0.0,3536.82
7663.88,72.2,97,0.0,3536.82
7663.88,72.26,96,1.25,3536.82
7663.88,72.22,96,0.0,3536.82
7663.88,71.94,97,0.0,3536.82
7663.88,71.7,97,1.25,3536.82
7663.88,71.79,97,0.0,3536.82
7663.88,71.95,97,0.0,3536.82
7663.88,72.01,98,0.0,3536.82
7663.88,71.81,98,1.2375,3536.82
7663.88,71.99,98,0.0,3536.82
7663.88,71.99,96,0.0,3536.82
7663.88,72.21,96,1.2375,3536.82
7663.88,72.28,97,0.0,3536.82
7663.88,72.11,97,0.0,3536.82
7663.88,72.43,97,0.0,3536.82
7663.88,72.38,97,1.25,3536.82
7663.88,72.4,97,0.0,3536.82
7663.88,72.33,97,0.0,3536.82
7663.88,72.51,97,0.0,3536.82
7663.88,72.49,96,1.2375,3536.82
7663.88,69.82,96,1.2375,3536.82
7663.88,69.5,87,1.2375,3536.82
7663.88,69.57,87,0.0,3536.82
7663.88,68.83,100,0.0,3536.82
7663.88,68.87,100,0.0,3536.82
7663.88,68.87,97,1.25,3536.82
7663.88,68.9,97,0.0,3536.82
7663.88,68.84,96,0.0,3536.82
7663.88,69.0,96,0.0,3536.82
7663.88,69.06,95,0.0,3536.82
7663.88,68.89,95,1.2375,3536.82
7663.88,69.09,97,0.0,3536.82
7663.88,71.75,97,0.0,3536.82
7663.88,71.81,97,1.2375,3536.82
7663.88,71.72,97,0.0,3536.82
7663.88,72.47,97,1.2375,3536.82
7663.88,72.69,97,0.0,3536.82
7663.88,72.84,95,1.2375,3536.82
7663.88,72.92,96,0.0,3536.82
7663.88,70.77,96,1.2375,3536.82
7663.88,70.8,87,1.2375,3536.82
7663.88,70.46,87,0.0,3536.82
7663.88,68.67,97,0.0,3536.82
7663.88,69.03,97,0.0,3536.82
7663.88,69.46,96,1.2375,3536.82
7663.88,69.63,96,0.0,3536.82
7663.88,69.69,97,0.0,3536.82
7663.88,69.53,97,0.0,3536.82
7663.88,69.33,97,1.2125,3536.82
7663.88,69.31,97,0.0,3536.82
7663.88,71.09,98,0.0,3536.82
7663.88,70.93,98,1.2125,3536.82
7663.88,70.78,97,0.0,3536.82
7663.88,72.46,97,0.0,3536.82
7663.88,72.09,98,1.25,3536.82
7663.88,71.95,98,1.175,3536.82
7663.88,71.72,98,0.0,3536.82
7663.88,71.62,98,0.0,3536.82
7663.88,71.44,98,1.2125,3536.82
7663.88,71.73,98,0.0,3536.82
7663.88,71.49,98,0.0,3536.82
7663.88,71.75,98,1.2125,3536.82
7663.88,71.74,96,0.0,3536.82
7663.88,72.01,96,0.0,3536.82
7663.88,72.03,98,0.0,3536.82
7663.88,72.3,98,1.2125,3536.82
7663.88,72.16,98,0.0,3536.82
7663.88,72.28,98,0.0,3536.82
7663.88,72.36,98,1.2125,3536.82
7663.88,72.39,98,0.0,3536.82
7663.88,72.51,96,0.0,3536.82
7663.88,72.39,96,0.0,3536.82
7663.88,72.39,98,1.2125,3536.82
7663.88,72.65,98,0.0,3536.82
7663.88,72.66,98,0.0,3536.82
7663.88,72.66,98,0.0,3536.82
7663.88,72.52,98,1.2125,3536.82
7663.88,72.36,98,1.2125,3536.82
7663.88,72.26,98,0.0,3536.82
7663.88,72.21,98,1.2125,3536.82
7663.88,72.08,92,1.2125,3536.82
7663.88,70.91,92,0.0,3536.82
7663.88,71.25,97,0.0,3536.82
7663.88,71.48,97,1.2125,3536.82
7663.88,71.67,98,0.0,3536.82
7663.88,71.72,98,0.0,3536.82
7663.88,72.08,97,0.0,3536.82
7663.88,72.02,98,1.1875,3536.82
7663.88,72.16,98,0.0,3536.82
7663.88,71.83,98,0.0,3536.82
7663.88,71.81,98,0.0,3536.82
7663.88,72.69,98,1.2125,3536.82
7663.88,72.53,98,0.0,3536.82
7663.88,72.4,98,0.0,3536.82
7663.88,72.48,98,0.0,3536.82
7663.88,72.38,97,1.25,3536.82
7663.88,72.11,97,0.0,3536.82
7663.88,72.15,98,1.25,3536.82
7663.88,72.68,98,0.0,3536.82
7663.88,72.52,91,1.2375,3536.82
7663.88,71.9,91,0.0,3536.82
7663.88,72.11,96,0.0,3536.82
7663.88,72.54,96,0.0,3536.82
7663.88,72.44,97,1.25,3536.82
7663.88,72.7,97,0.0,3536.82
7663.88,72.37,97,0.0,3536.82
7663.88,72.49,97,0.0,3536.82
7663.88,72.49,96,1.2375,3536.82
7663.88,72.56,96,0.0,3536.82
7663.88,71.75,97,0.0,3536.82
7663.88,71.9,97,1.2375,3536.82
7663.88,72.51,97,0.0,3536.82
7663.88,72.55,97,0.0,3536.82
7663.88,72.3,97,1.2375,3536.82
7663.88,72.52,97,1.25,3536.82
7663.88,73.18,88,0.0,3536.82
7663.88,72.4,88,1.2375,3536.82
7663.88,72.4,100,0.0,3536.82
7663.88,72.17,100,1.25,3536.82
7663.88,72.47,96,1.2375,3536.82
7663.88,72.64,96,0.0,3536.82
7663.88,72.74,98,0.0,3536.82
7663.88,73.05,98,0.0,3536.82
7663.88,73.14,98,1.2375,3536.82
7663.88,72.7,98,0.0,3536.82
7663.88,72.64,97,0.0,3536.82
7663.88,71.67,97,0.0,3536.82
7663.88,72.39,98,1.2375,3536.82
7663.88,72.12,98,0.0,3536.82
7663.88,72.11,98,0.0,3536.82
7663.88,71.78,90,2.4875,3536.82
7663.88,72.32,90,0.0,3536.82
7663.88,71.12,100,0.0,3536.82
7663.88,71.12,100,0.0,3536.82
7663.88,70.54,100,1.2375,3536.82
7663.88,71.06,97,0.0,3536.82
7663.88,71.06,97,0.0,3536.82
7663.88,71.24,98,0.0,3536.82
7663.88,71.16,98,1.25,3536.82
7663.88,71.44,98,0.0,3536.82
7663.88,71.43,98,0.0,3536.82
7663.88,71.57,97,1.2125,3536.82
7663.88,71.14,97,0.0,3536.82
7663.88,72.16,98,0.0,3536.82
7663.88,72.07,98,0.0,3536.82
7663.88,72.67,98,1.2125,3536.82
7663.88,72.57,98,0.0,3536.82
7663.88,72.33,98,0.0,3536.82
7663.88,72.28,98,1.225,3536.82
7663.88,72.16,97,1.225,3536.82
7663.88,72.26,98,0.0,3536.82
7663.88,72.27,98,0.0,3536.82
7663.88,72.14,98,0.0,3536.82
7663.88,71.91,98,1.225,3536.82
7663.88,72.3,98,0.0,3536.82
7663.88,72.31,98,0.0,3536.82
7663.88,72.17,98,0.0,3536.82
7663.88,72.46,98,1.225,3536.82
7663.88,72.28,97,0.0,3536.82
7663.88,72.53,97,0.0,3536.82
7663.88,72.35,98,0.0,3536.82
7663.88,72.52,98,1.2125,3536.82
7663.88,72.5,98,0.0,3536.82
7663.88,72.52,98,0.0,3536.82
7663.88,72.52,98,1.2125,3536.82
7663.88,72.27,98,0.0,3536.82
7663.88,72.12,97,0.0,3536.82
7663.88,71.84,97,0.0,3536.82
7663.88,71.72,98,1.225,3536.82
7663.88,72.49,98,1.225,3536.82
7663.88,71.73,91,0.0,3536.82
7663.88,71.71,91,0.0,3536.82
7663.88,71.69,100,0.0,3536.82
7663.88,71.92,100,1.2125,3536.82
7663.88,72.1,100,1.1625,3536.82
7663.88,72.11,100,0.0,3536.82
7663.88,72.74,90,0.0,3536.82
7663.88,72.7,90,1.225,3536.82
7663.88,72.97,98,0.0,3536.82
7663.88,73.23,98,0.0,3536.82
7663.88,72.54,98,0.0,3536.82
7663.88,73.24,98,1.2125,3536.82
7663.88,73.3,98,0.0,3536.82
7663.88,73.41,98,0.0,3536.82
7663.88,73.1,98,2.425,3536.82
7663.88,73.02,87,0.0,3536.82
7663.88,73.14,87,1.2,3536.82
7663.88,72.67,100,0.0,3536.82
7663.88,72.67,100,0.0,3536.82
7663.88,72.62,97,1.2125,3536.82
7663.88,72.62,97,0.0,3536.82
7663.88,72.68,98,1.2125,3536.82
7663.88,72.63,98,0.0,3536.82
7663.88,72.37,98,1.2125,3536.82
7663.88,72.6,98,0.0,3536.82
7663.88,72.6,98,0.0,3536.82
7663.88,72.69,97,1.2125,3536.82
7663.88,71.93,97,0.0,3536.82
7663.88,71.69,98,0.0,3536.82
7663.88,72.06,98,0.0,3536.82
7663.88,72.35,98,1.2125,3536.82
7663.88,72.26,98,0.0,3536.82
7663.88,72.43,98,0.0,3536.82
7663.88,72.26,92,1.2125,3536.82
7663.88,72.79,92,0.0,3536.82
7663.88,72.58,98,0.0,3536.82
7663.88,72.39,98,0.0,3536.82
7663.88,72.56,98,1.2125,3536.82
7663.88,72.51,98,0.0,3536.82
7663.88,72.86,98,0.0,3536.82
7663.88,72.53,98,1.225,3536.82
7663.88,72.5,98,1.175,3536.82
7663.88,72.4,98,1.2125,3536.82
7663.88,72.72,90,0.0,3536.82
7663.88,71.86,90,0.0,3536.82
7663.88,72.11,97,1.2125,3536.82
7663.88,72.41,97,0.0,3536.82
7663.88,72.79,97,0.0,3536.82
7663.88,72.93,97,0.0,3536.82
7663.88,73.27,98,0.0,3536.82
7663.88,72.88,98,1.2125,3536.82
7663.88,72.75,98,0.0,3536.82
7663.88,72.5,98,0.0,3536.82
7663.88,72.13,98,1.2125,3536.82
7663.88,72.46,98,0.0,3536.82
7663.88,72.37,98,0.0,3536.82
7663.88,72.11,97,1.2125,3536.82
7663.88,72.02,97,0.0,3536.82
7663.88,71.94,98,0.0,3536.82
7663.88,71.88,98,0.0,3536.82
7663.88,70.64,92,1.2125,3536.82
7663.88,70.94,92,0.0,3536.82
7663.88,70.89,97,0.0,3536.82
7663.88,70.85,97,0.0,3536.82
7663.88,69.8,89,1.2125,3536.82
7663.88,70.33,89,1.2125,3536.82
7663.88,70.23,97,0.0,3536.82
7663.88,70.23,97,0.0,3536.82
7663.88,70.43,97,1.225,3536.82
7663.88,70.23,97,0.0,3536.82
7663.88,70.24,97,0.0,3536.82
7663.88,70.21,97,0.0,3536.82
7663.88,71.3,97,1.2125,3536.82
7663.88,71.3,97,0.0,3536.82
7663.88,70.24,92,1.2125,3536.82
7663.88,71.68,92,0.0,3536.82
7663.88,71.14,97,0.0,3536.82
7663.88,71.1,97,0.0,3536.82
7663.88,70.85,97,1.2125,3536.82
7663.88,70.94,97,1.2125,3536.82
7663.88,67.51,83,0.0,3536.82
7663.88,67.53,83,1.2125,3536.82
7663.88,67.35,100,0.0,3536.82
7663.88,67.46,100,0.0,3536.82
7663.88,67.33,100,1.2125,3536.82
7663.88,68.44,100,0.0,3536.82
7663.88,68.56,95,0.0,3536.82
7663.88,68.86,95,1.225,3536.82
7663.88,69.22,98,0.0,3536.82
7663.88,69.17,98,1.2125,3536.82
7663.88,69.19,95,0.0,3536.82
7663.88,72.51,95,0.0,3536.82
7663.88,72.57,93,1.2125,3536.82
7663.88,72.64,93,0.0,3536.82
7663.88,72.43,98,0.0,3536.82
7663.88,72.47,98,1.2125,3536.82
7663.88,72.56,98,0.0,3536.82
7663.88,72.56,98,0.0,3536.82
7663.88,72.32,98,0.0,3536.82
7663.88,72.54,98,0.0,3536.82
7663.88,72.63,98,1.2125,3536.82
7663.88,72.83,97,1.1,3536.82
7663.88,72.86,97,1.2125,3536.82
7663.88,72.82,97,0.0,3536.82
7663.88,72.87,97,0.0,3536.82
7663.88,73.2,98,0.0,3536.82
7663.88,73.2,98,1.2125,3536.82
7663.88,73.09,98,0.0,3536.82
7663.88,72.92,98,0.0,3536.82
7663.88,72.9,95,1.2125,3536.82
7663.88,72.84,95,0.0,3536.82
7663.88,72.62,98,0.0,3536.82
7663.88,72.4,98,0.0,3536.82
7663.88,72.2,98,1.2125,3536.82
7663.88,71.96,98,0.0,3536.82
7663.88,72.17,98,1.125,3536.82
7663.88,72.16,98,1.2125,3536.82
7663.88,72.21,96,0.0,3536.82
7663.88,72.03,94,0.0,3536.82
7663.88,72.08,94,2.35,3536.82
7663.88,71.98,78,0.0,3536.82
7663.88,72.96,78,2.425,3536.82
7663.88,72.76,100,0.0,3536.82
7663.88,73.03,100,0.0,3536.82
7663.88,71.85,97,1.225,3536.82
7663.88,72.03,97,0.0,3536.82
7663.88,72.21,97,0.0,3536.82
7663.88,72.28,97,0.0,3536.82
7663.88,72.56,97,1.225,3536.82
7663.88,72.37,97,0.0,3536.82
7663.88,72.38,97,0.0,3536.82
7663.88,71.18,97,0.0,3536.82
7663.88,71.86,96,1.225,3536.82
7663.88,71.6,96,0.0,3536.82
7663.88,71.16,97,0.0,3536.82
7663.88,72.73,97,0.0,3536.82
7663.88,72.67,97,1.225,3536.82
7663.88,72.56,97,0.0,3536.82
7663.88,72.45,97,0.0,3536.82
7663.88,72.46,95,1.225,3536.82
7663.88,72.46,95,0.0,3536.82
7663.88,72.44,96,0.0,3536.82
7663.88,72.44,96,0.0,3536.82
7663.88,72.24,96,0.0,3536.82
7663.88,72.75,98,0.0,3536.82
7663.88,72.75,98,1.225,3536.82
7663.88,72.79,98,1.225,3536.82
7663.88,70.45,98,0.0,3536.82
7663.88,70.1,89,0.0,3536.82
7663.88,70.19,89,0.0,3536.82
7663.88,69.94,100,2.425,3536.82
7663.88,69.93,100,0.0,3536.82
7663.88,70.37,96,0.0,3536.82
7663.88,70.42,96,1.225,3536.82
7663.88,70.28,97,0.0,3536.82
7663.88,70.28,97,0.0,3536.82
7663.88,69.94,98,1.2125,3536.82
7663.88,69.27,95,0.0,3536.82
7663.88,71.61,95,0.0,3536.82
7663.88,71.65,98,1.2125,3536.82
7663.88,71.45,98,0.0,3536.82
7663.88,71.34,98,0.0,3536.82
7663.88,71.66,98,1.2125,3536.82
7663.88,71.44,98,0.0,3536.82
7663.88,71.63,98,0.0,3536.82
7663.88,70.82,95,2.425,3536.82
7663.88,71.56,95,0.0,3536.82
7663.88,72.18,89,0.0,3536.82
7663.88,72.26,89,1.2125,3536.82
7663.88,72.28,100,0.0,3536.82
7663.88,72.25,100,0.0,3536.82
7663.88,72.01,99,0.0,3536.82
7663.88,71.98,99,1.2125,3536.82
7663.88,71.8,95,0.0,3536.82
7663.88,71.93,95,0.0,3536.82
7663.88,72.13,98,1.225,3536.82
7663.88,73.04,98,0.0,3536.82
7663.88,72.7,98,0.0,3536.82
7663.88,72.46,98,0.0,3536.82
7663.88,72.26,98,0.0,3536.82
7663.88,71.5,96,1.2375,3536.82
7663.88,71.62,96,0.0,3536.82
7663.88,71.62,96,0.0,3536.82
7663.88,71.56,98,0.0,3536.82
7663.88,71.42,98,1.225,3536.82
7663.88,71.53,98,0.0,3536.82
7663.88,71.48,98,2.375,3536.82
7663.88,71.25,98,0.0,3536.82
7663.88,71.87,98,0.0,3536.82
7663.88,71.94,89,1.2125,3536.82
7663.88,71.87,89,0.0,3536.82
7663.88,71.81,98,0.0,3536.82
7663.88,72.01,98,0.0,3536.82
7663.88,72.34,98,0.0,3536.82
7663.88,72.61,98,1.225,3536.82
7663.88,72.88,98,0.0,3536.82
7663.88,72.87,98,0.0,3536.82
7663.88,72.02,96,1.2125,3536.82
7663.88,71.17,98,0.0,3536.82
7663.88,71.05,98,0.0,3536.82
7663.88,70.83,98,0.0,3536.82
7663.88,71.74,98,1.2125,3536.82
7663.88,71.63,98,0.0,3536.82
7663.88,71.86,98,0.0,3536.82
7663.88,71.52,98,0.0,3536.82
7663.88,71.47,98,1.2125,3536.82
7663.88,71.38,98,0.0,3536.82
7663.88,72.0,96,0.0,3536.82
7663.88,71.62,96,0.0,3536.82
7663.88,71.73,98,1.25,3536.82
7663.88,71.73,98,0.0,3536.82
7663.88,71.54,98,0.0,3536.82
7663.88,71.81,98,0.0,3536.82
7663.88,69.1,98,2.4875,3536.82
7663.88,68.56,92,1.2375,3536.82
7663.88,68.55,92,0.0,3536.82
7663.88,67.6,98,0.0,3536.82
7663.88,67.85,98,0.0,3536.82
7663.88,67.99,98,1.2375,3536.82
7663.88,68.33,98,0.0,3536.82
7663.88,68.44,98,0.0,3536.82
7663.88,68.81,98,0.0,3536.82
7663.88,68.84,96,1.2375,3536.82
7663.88,69.11,96,0.0,3536.82
7663.88,71.83,98,0.0,3536.82
7663.88,71.69,98,0.0,3536.82
7663.88,71.55,98,1.2375,3536.82
7663.88,72.36,98,0.0,3536.82
7663.88,72.05,98,0.0,3536.82
7663.88,71.74,98,0.0,3536.82
7663.88,71.46,98,0.0,3536.82
7663.88,71.46,96,0.0,3536.82
7663.88,71.39,98,1.2375,3536.82
7663.88,71.48,98,0.0,3536.82
7663.88,71.47,98,0.0,3536.82
7663.88,70.89,98,0.0,3536.82
7663.88,71.29,97,0.0,3536.82
7663.88,71.36,97,1.25,3536.82
7663.88,71.53,97,0.0,3536.82
7663.88,70.53,97,0.0,3536.82
7663.88,70.88,95,0.0,3536.82
7663.88,71.29,95,1.25,3536.82
7663.88,71.53,97,0.0,3536.82
7663.88,71.51,97,0.0,3536.82
7663.88,71.43,97,0.0,3536.82
7663.88,71.41,97,0.0,3536.82
7663.88,71.64,97,1.2375,3536.82
7663.88,71.64,97,0.0,3536.82
7663.88,71.63,97,0.0,3536.82
7663.88,71.85,97,2.4875,3536.82
7663.88,71.85,95,0.0,3536.82
7663.88,72.94,95,0.0,3536.82
7663.88,72.9,97,2.4875,3536.82
7663.88,73.51,97,0.0,3536.82
7663.88,73.16,89,0.0,3536.82
7663.88,73.37,89,1.25,3536.82
7663.88,73.28,100,0.0,3536.82
7663.88,73.3,100,0.0,3536.82
7663.88,73.0,97,1.2375,3536.82
7663.88,73.16,97,0.0,3536.82
7663.88,73.08,98,0.0,3536.82
7663.88,72.99,98,1.2125,3536.82
7663.88,72.85,97,0.0,3536.82
7663.88,72.93,97,0.0,3536.82
7663.88,72.07,98,0.0,3536.82
7663.88,72.43,98,1.2125,3536.82
7663.88,72.28,98,0.0,3536.82
7663.88,72.32,98,0.0,3536.82
7663.88,72.63,98,1.2,3536.82
7663.88,72.67,98,0.0,3536.82
7663.88,72.67,98,0.0,3536.82
7663.88,72.68,98,0.0,3536.82
7663.88,72.64,97,1.225,3536.82
7663.88,72.68,97,0.0,3536.82
7663.88,72.64,98,0.0,3536.82
7663.88,72.29,98,1.2125,3536.82
7663.88,72.29,98,0.0,3536.82
7663.88,72.28,98,0.0,3536.82
7663.88,72.16,98,0.0,3536.82
7663.88,72.4,98,1.2125,3536.82
7663.88,72.2,97,0.0,3536.82
7663.88,72.19,97,0.0,3536.82
7663.88,71.84,98,0.0,3536.82
7663.88,71.92,98,2.425,3536.82
7663.88,71.76,98,0.0,3536.82
7663.88,71.82,98,0.0,3536.82
7663.88,71.42,98,0.0,3536.82
7663.88,71.58,98,1.2125,3536.82
7663.88,71.42,98,0.0,3536.82
7663.88,71.52,97,0.0,3536.82
7663.88,71.47,97,0.0,3536.82
7663.88,71.51,98,1.2125,3536.82
7663.88,71.56,98,0.0,3536.82
7663.88,71.7,98,1.2125,3536.82
7663.88,72.02,98,0.0,3536.82
7663.88,72.09,91,1.2125,3536.82
7663.88,71.84,91,0.0,3536.82
7663.88,72.05,97,0.0,3536.82
7663.88,72.23,97,1.2125,3536.82
7663.88,72.87,98,0.0,3536.82
7663.88,72.74,98,0.0,3536.82
7663.88,72.9,98,1.2125,3536.82
7663.88,72.71,98,1.2125,3536.82
7663.88,72.72,98,0.0,3536.82
7663.88,72.68,98,0.0,3536.82
7663.88,72.22,97,1.2125,3536.82
7663.88,72.08,97,0.0,3536.82
7663.88,72.34,98,0.0,3536.82
7663.88,72.3,98,0.0,3536.82
7663.88,72.18,98,1.2125,3536.82
7663.88,72.11,98,0.0,3536.82
7663.88,71.94,98,0.0,3536.82
7663.88,71.91,97,1.2125,3536.82
7663.88,71.78,97,0.0,3536.82
7663.88,71.59,98,0.0,3536.82
7663.88,71.59,98,0.0,3536.82
7663.88,71.71,98,1.2125,3536.82
7663.88,72.1,98,0.0,3536.82
7663.88,71.99,98,0.0,3536.82
7663.88,72.07,98,1.2125,3536.82
7663.88,71.9,98,0.0,3536.82
7663.88,72.05,98,0.0,3536.82
7663.88,72.0,97,0.0,3536.82
7663.88,72.25,97,1.2125,3536.82
7663.88,72.05,98,1.2125,3536.82
7663.88,72.32,98,0.0,3536.82
7663.88,72.35,98,0.0,3536.82
7663.88,72.71,98,1.2,3536.82
7663.88,72.68,98,0.0,3536.82
7663.88,72.7,98,0.0,3536.82
7663.88,72.34,97,0.0,3536.82
7663.88,72.3,97,2.4375,3536.82
7663.88,73.29,89,0.0,3536.82
7663.88,73.37,89,1.2125,3536.82
7663.88,72.69,100,0.0,3536.82
7663.88,72.8,100,0.0,3536.82
7663.88,73.13,97,1.2125,3536.82
7663.88,73.38,97,0.0,3536.82
7663.88,73.05,98,0.0,3536.82
7663.88,72.93,98,0.0,3536.82
7663.88,72.66,98,1.2125,3536.82
7663.88,72.98,98,0.0,3536.82
7663.88,71.75,98,0.0,3536.82
7663.88,71.75,97,1.2125,3536.82
7663.88,71.33,97,0.0,3536.82
7663.88,71.92,98,0.0,3536.82
7663.88,71.94,98,2.375,3536.82
7663.88,71.81,90,0.0,3536.82
7663.88,72.12,90,1.2125,3536.82
7663.88,71.57,100,1.2125,3536.82
7663.88,71.79,100,0.0,3536.82
7663.88,71.9,97,0.0,3536.82
7663.88,71.94,97,0.0,3536.82
7663.88,71.99,98,1.225,3536.82
7663.88,72.2,98,0.0,3536.82
7663.88,72.29,97,0.0,3536.82
7663.88,72.25,97,0.0,3536.82
7663.88,72.22,98,1.2125,3536.82
7663.88,71.84,98,0.0,3536.82
7663.88,71.58,98,0.0,3536.82
7663.88,72.07,98,1.2125,3536.82
7663.88,72.23,98,0.0,3536.82
7663.88,71.89,98,0.0,3536.82
7663.88,72.07,98,0.0,3536.82
7663.88,71.95,98,1.2125,3536.82
7663.88,72.11,97,0.0,3536.82
7663.88,72.12,97,0.0,3536.82
7663.88,72.3,98,0.0,3536.82
7663.88,71.99,98,0.0,3536.82
7663.88,72.21,98,1.2125,3536.82
7663.88,72.3,98,0.0,3536.82
7663.88,72.38,98,0.0,3536.82
7663.88,72.21,96,1.2125,3536.82
7663.88,72.43,96,1.2125,3536.82
7663.88,72.4,98,0.0,3536.82
7663.88,72.6,98,0.0,3536.82
7663.88,72.42,98,1.2125,3536.82
7663.88,72.23,98,0.0,3536.82
7663.88,72.05,98,0.0,3536.82
7663.88,72.04,98,0.0,3536.82
7663.88,71.99,98,1.2125,3536.82
7663.88,71.82,98,0.0,3536.82
7663.88,71.68,98,0.0,3536.82
7663.88,71.59,96,1.2125,3536.82
7663.88,71.57,98,1.2125,3536.82
7663.88,72.3,98,0.0,3536.82
7663.88,72.31,98,1.2125,3536.82
7663.88,71.58,91,0.0,3536.82
7663.88,71.74,98,0.0,3536.82
7663.88,72.05,98,0.0,3536.82
7663.88,72.19,98,1.2125,3536.82
7663.88,72.19,98,0.0,3536.82
7663.88,72.47,98,0.0,3536.82
7663.88,72.56,98,0.0,3536.82
7663.88,72.65,98,1.2125,3536.82
7663.88,72.72,98,0.0,3536.82
7663.88,71.81,98,0.0,3536.82
7663.88,71.59,98,1.2125,3536.82
7663.88,72.52,98,0.0,3536.82
7663.88,72.47,97,1.2125,3536.82
7663.88,74.09,90,1.2125,3536.82
7663.88,73.7,90,0.0,3536.82
7663.88,73.77,100,0.0,3536.82
7663.88,73.66,100,1.225,3536.82
7663.88,73.85,97,0.0,3536.82
7663.88,74.07,96,0.0,3536.82
7663.88,74.59,96,1.2125,3536.82
7663.88,74.59,95,1.2125,3536.82
7663.88,74.57,95,0.0,3536.82
7663.88,74.56,97,0.0,3536.82
7663.88,74.41,97,1.2125,3536.82
7663.88,72.83,97,0.0,3536.82
7663.88,72.93,97,0.0,3536.82
7663.88,72.92,97,0.0,3536.82
7663.88,72.91,97,1.2125,3536.82
7663.88,72.6,97,0.0,3536.82
7663.88,72.59,95,0.0,3536.82
7663.88,72.13,97,1.2125,3536.82
7663.88,72.31,97,0.0,3536.82
7663.88,72.12,97,0.0,3536.82
7663.88,72.22,97,1.2125,3536.82
7663.88,71.84,97,0.0,3536.82
7663.88,72.22,97,0.0,3536.82
7663.88,72.02,97,1.2125,3536.82
7663.88,72.32,97,0.0,3536.82
7663.88,72.1,95,0.0,3536.82
7663.88,72.26,95,0.0,3536.82
7663.88,72.26,95,1.2125,3536.82
7663.88,72.18,98,0.0,3536.82
7663.88,71.96,98,0.0,3536.82
7663.88,71.96,98,1.2125,3536.82
7663.88,72.14,98,0.0,3536.82
7663.88,72.25,98,0.0,3536.82
7663.88,72.25,96,1.2125,3536.82
7663.88,72.36,96,0.0,3536.82
7663.88,71.97,98,0.0,3536.82
7663.88,72.16,98,0.0,3536.82
7663.88,72.03,98,2.425,3536.82
7663.88,69.48,98,0.0,3536.82
7663.88,69.48,88,0.0,3536.82
7663.88,68.3,88,1.2125,3536.82
7663.88,68.3,97,1.2125,3536.82
7663.88,68.86,97,0.0,3536.82
7663.88,68.86,97,0.0,3536.82
7663.88,69.25,97,1.225,3536.82
7663.88,69.07,96,0.0,3536.82
7663.88,69.31,96,0.0,3536.82
7663.88,69.14,97,0.0,3536.82
7663.88,71.3,97,1.225,3536.82
7663.88,71.3,97,0.0,3536.82
7663.88,71.45,97,0.0,3536.82
7663.88,71.16,97,0.0,3536.82
7663.88,72.51,97,1.2125,3536.82
7663.88,72.12,97,0.0,3536.82
7663.88,72.46,97,0.0,3536.82
7663.88,72.05,96,1.2125,3536.82
7663.88,72.13,96,1.2125,3536.82
7663.88,72.28,90,0.0,3536.82
7663.88,72.5,90,0.0,3536.82
7663.88,72.31,100,0.0,3536.82
7663.88,72.56,100,1.2125,3536.82
7663.88,72.65,100,0.0,3536.82
7663.88,72.25,97,0.0,3536.82
7663.88,72.5,97,1.2125,3536.82
7663.88,72.61,97,1.2125,3536.82
7663.88,72.48,97,0.0,3536.82
7663.88,72.61,98,0.0,3536.82
7663.88,72.0,98,1.2125,3536.82
7663.88,71.95,98,0.0,3536.82
7663.88,71.82,98,0.0,3536.82
7663.88,71.73,98,0.0,3536.82
7663.88,71.69,98,1.225,3536.82
7663.88,72.33,97,0.0,3536.82
7663.88,72.34,97,0.0,3536.82
7663.88,72.26,98,0.0,3536.82
7663.88,72.19,98,0.0,3536.82
7663.88,71.97,98,1.225,3536.82
7663.88,72.06,98,0.0,3536.82
7663.88,72.08,98,0.0,3536.82
7663.88,71.96,98,0.0,3536.82
7663.88,71.7,98,0.0,3536.82
7663.88,71.79,98,1.225,3536.82
7663.88,72.02,97,0.0,3536.82
7663.88,72.2,97,0.0,3536.82
7663.88,72.12,98,0.0,3536.82
7663.88,72.03,91,1.2375,3536.82
7663.88,73.32,91,0.0,3536.82
7663.88,73.34,100,0.0,3536.82
7663.88,73.28,100,1.225,3536.82
7663.88,73.31,97,0.0,3536.82
7663.88,73.72,97,0.0,3536.82
7663.88,74.04,97,0.0,3536.82
7663.88,74.16,97,0.0,3536.82
7663.88,74.27,98,1.225,3536.82
7663.88,74.07,98,0.0,3536.82
7663.88,74.33,98,0.0,3536.82
7663.88,72.73,98,0.0,3536.82
7663.88,72.82,98,0.0,3536.82
7663.88,72.54,98,1.2125,3536.82
7663.88,72.97,98,0.0,3536.82
7663.88,72.8,96,0.0,3536.82
7663.88,72.82,96,2.45,3536.82
7663.88,72.76,98,0.0,3536.82
7663.88,72.54,98,0.0,3536.82
7663.88,72.29,98,0.0,3536.82
7663.88,72.29,98,0.0,3536.82
7663.88,72.12,98,1.225,3536.82
7663.88,71.95,98,0.0,3536.82
7663.88,71.77,98,0.0,3536.82
7663.88,71.72,98,0.0,3536.82
7663.88,71.52,96,0.0,3536.82
7663.88,71.52,98,1.2125,3536.82
7663.88,71.45,98,0.0,3536.82
7663.88,71.63,98,0.0,3536.82
7663.88,71.48,98,0.0,3536.82
7663.88,71.68,98,1.225,3536.82
7663.88,71.53,98,0.0,3536.82
7663.88,71.53,92,1.225,3536.82
7663.88,71.52,92,0.0,3536.82
7663.88,70.84,100,0.0,3536.82
7663.88,71.37,100,0.0,3536.82
7663.88,71.59,96,0.0,3536.82
7663.88,71.74,96,1.2125,3536.82
7663.88,71.8,98,0.0,3536.82
7663.88,71.84,98,0.0,3536.82
7663.88,71.67,98,0.0,3536.82
7663.88,71.76,98,1.225,3536.82
7663.88,71.69,98,0.0,3536.82
7663.88,70.78,98,0.0,3536.82
7663.88,70.96,96,0.0,3536.82
7663.88,71.64,96,1.2125,3536.82
7663.88,71.46,98,0.0,3536.82
7663.88,71.35,98,0.0,3536.82
7663.88,71.44,98,1.225,3536.82
7663.88,72.28,98,0.0,3536.82
7663.88,72.3,93,1.225,3536.82
7663.88,71.59,93,0.0,3536.82
7663.88,71.64,97,1.225,3536.82
7663.88,71.87,97,0.0,3536.82
7663.88,72.72,98,0.0,3536.82
7663.88,72.94,98,0.0,3536.82
7663.88,73.19,98,0.0,3536.82
7663.88,73.28,98,0.0,3536.82
7663.88,73.33,98,1.225,3536.82
7663.88,73.31,98,0.0,3536.82
7663.88,72.11,98,0.0,3536.82
7663.88,72.06,97,0.0,3536.82
7663.88,72.68,97,1.225,3536.82
7663.88,72.56,98,0.0,3536.82
7663.88,72.64,98,0.0,3536.82
7663.88,72.56,98,0.0,3536.82
7663.88,72.43,98,1.2125,3536.82
7663.88,72.35,98,0.0,3536.82
7663.88,72.16,98,1.2125,3536.82
7663.88,71.71,94,0.0,3536.82
7663.88,70.98,94,0.0,3536.82
7663.88,71.29,96,0.0,3536.82
7663.88,71.57,96,1.2375,3536.82
7663.88,71.65,98,0.0,3536.82
7663.88,71.71,98,0.0,3536.82
7663.88,71.74,98,0.0,3536.82
7663.88,71.73,98,1.2125,3536.82
7663.88,71.84,98,0.0,3536.82
7663.88,71.75,98,0.0,3536.82
7663.88,71.6,98,0.0,3536.82
7663.88,71.69,98,1.2125,3536.82
7663.88,70.99,92,1.2125,3536.82
7663.88,70.57,92,0.0,3536.82
7663.88,70.51,96,0.0,3536.82
7663.88,69.39,96,1.2125,3536.82
7663.88,69.64,96,0.0,3536.82
7663.88,69.86,97,0.0,3536.82
7663.88,70.07,98,1.2125,3536.82
7663.88,70.05,98,0.0,3536.82
7663.88,70.13,98,0.0,3536.82
7663.88,70.42,98,1.2125,3536.82
7663.88,71.9,97,0.0,3536.82
7663.88,71.96,97,0.0,3536.82
7663.88,71.69,98,1.2125,3536.82
7663.88,72.61,98,0.0,3536.82
7663.88,72.61,98,0.0,3536.82
7663.88,72.31,98,0.0,3536.82
7663.88,72.17,98,1.225,3536.82
7663.88,71.78,98,0.0,3536.82
7663.88,71.78,96,0.0,3536.82
7663.88,71.72,96,0.0,3536.82
7663.88,71.6,97,0.0,3536.82
7663.88,71.4,97,1.225,3536.82
7663.88,71.26,98,1.225,3536.82
7663.88,71.31,98,0.0,3536.82
7663.88,71.39,98,0.0,3536.82
7663.88,71.72,98,0.0,3536.82
7663.88,71.56,98,0.0,3536.82
7663.88,71.64,96,0.0,3536.82
7663.88,71.59,96,1.225,3536.82
7663.88,71.92,98,0.0,3536.82
7663.88,71.8,98,0.0,3536.82
7663.88,72.02,98,1.2125,3536.82
7663.88,72.26,98,0.0,3536.82
7663.88,72.26,98,0.0,3536.82
7663.88,72.5,98,1.2125,3536.82
7663.88,71.88,96,0.0,3536.82
7663.88,72.09,96,1.2125,3536.82
7663.88,72.21,90,0.0,3536.82
7663.88,72.13,90,1.2125,3536.82
7663.88,71.63,100,0.0,3536.82
7663.88,72.03,100,0.0,3536.82
7663.88,72.23,95,1.2125,3536.82
7663.88,72.61,95,0.0,3536.82
7663.88,72.57,98,0.0,3536.82
7663.88,72.33,98,0.0,3536.82
7663.88,72.05,98,0.0,3536.82
7663.88,72.41,98,1.25,3536.82
7663.88,72.13,98,0.0,3536.82
7663.88,71.73,98,0.0,3536.82
7663.88,71.66,98,1.25,3536.82
7663.88,72.04,98,0.0,3536.82
7663.88,71.91,97,0.0,3536.82
7663.88,71.65,97,0.0,3536.82
7663.88,71.56,98,1.25,3536.82
7663.88,71.4,98,0.0,3536.82
7663.88,71.74,98,2.4875,3536.82
7663.88,73.45,98,1.2375,3536.82
7663.88,73.43,88,0.0,3536.82
7663.88,73.04,88,0.0,3536.82
7663.88,73.5,96,0.0,3536.82
7663.88,73.75,96,1.25,3536.82
7663.88,74.24,96,0.0,3536.82
7663.88,74.29,96,0.0,3536.82
7663.88,74.29,97,0.0,3536.82
7663.88,74.43,97,1.2375,3536.82
7663.88,74.57,97,0.0,3536.82
7663.88,74.5,97,0.0,3536.82
7663.88,72.9,97,0.0,3536.82
7663.88,72.85,97,0.0,3536.82
7663.88,73.16,97,1.25,3536.82
7663.88,72.97,97,0.0,3536.82
7663.88,73.16,96,0.0,3536.82
7663.88,72.76,96,0.0,3536.82
7663.88,72.8,97,1.25,3536.82
7663.88,72.39,97,0.0,3536.82
7663.88,72.52,97,0.0,3536.82
7663.88,72.32,97,0.0,3536.82
7663.88,72.36,97,0.0,3536.82
7663.88,72.19,97,0.0,3536.82
7663.88,72.33,96,1.25,3536.82
7663.88,72.37,98,0.0,3536.82
7663.88,72.53,98,0.0,3536.82
7663.88,72.22,98,0.0,3536.82
7663.88,72.22,98,0.0,3536.82
7663.88,72.52,98,0.0,3536.82
7663.88,72.52,98,0.0,3536.82
7663.88,72.27,98,1.25,3536.82
7663.88,72.48,98,0.0,3536.82
7663.88,71.9,98,0.0,3536.82
7663.88,72.09,97,0.0,3536.82
7663.88,72.19,97,0.0,3536.82
7663.88,72.44,98,0.0,3536.82
7663.88,72.3,98,0.0,3536.82
7663.88,72.44,98,1.25,3536.82
7663.88,72.36,98,1.25,3536.82
7663.88,73.19,91,0.0,3536.82
7663.88,72.41,91,0.0,3536.82
7663.88,72.35,100,0.0,3536.82
7663.88,71.33,100,0.0,3536.82
7663.88,72.07,96,0.0,3536.82
7663.88,72.22,96,0.0,3536.82
7663.88,72.27,98,1.25,3536.82
7663.88,72.17,98,0.0,3536.82
7663.88,71.98,98,0.0,3536.82
7663.88,71.81,98,0.0,3536.82
7663.88,71.69,98,0.0,3536.82
7663.88,70.81,98,0.0,3536.82
7663.88,71.11,96,1.25,3536.82
7663.88,71.88,96,0.0,3536.82
7663.88,71.82,98,0.0,3536.82
7663.88,71.77,98,0.0,3536.82
7663.88,71.8,98,0.0,3536.82
7663.88,71.65,98,0.0,3536.82
7663.88,71.94,98,1.2375,3536.82
7663.88,72.06,98,1.225,3536.82
7663.88,72.02,91,0.0,3536.82
7663.88,71.15,91,0.0,3536.82
7663.88,71.41,100,0.0,3536.82
7663.88,71.89,100,0.0,3536.82
7663.88,72.1,96,0.0,3536.82
7663.88,72.1,96,1.225,3536.82
7663.88,72.12,98,0.0,3536.82
7663.88,71.98,98,1.225,3536.82
7663.88,71.88,98,0.0,3536.82
7663.88,71.97,98,0.0,3536.82
7663.88,71.87,98,0.0,3536.82
7663.88,71.62,98,0.0,3536.82
7663.88,71.78,96,0.0,3536.82
7663.88,72.47,96,1.2375,3536.82
7663.88,72.69,98,0.0,3536.82
7663.88,72.48,98,0.0,3536.82
7663.88,72.68,98,0.0,3536.82
7663.88,72.58,98,0.0,3536.82
7663.88,72.55,98,0.0,3536.82
7663.88,72.53,98,1.2375,3536.82
7663.88,72.19,98,0.0,3536.82
7663.88,72.05,96,0.0,3536.82
7663.88,72.03,96,0.0,3536.82
7663.88,72.16,98,0.0,3536.82
7663.88,72.15,98,0.0,3536.82
7663.88,72.0,98,0.0,3536.82
7663.88,71.92,98,1.225,3536.82
7663.88,71.83,98,0.0,3536.82
7663.88,71.87,98,0.0,3536.82
7663.88,71.77,96,0.0,3536.82
7663.88,72.0,96,0.0,3536.82
7663.88,71.79,98,0.0,3536.82
7663.88,71.89,98,1.225,3536.82
7663.88,71.83,98,0.0,3536.82
7663.88,72.03,98,0.0,3536.82
7663.88,71.91,98,0.0,3536.82
7663.88,72.13,98,0.0,3536.82
7663.88,72.03,98,2.45,3536.82
7663.88,72.38,98,0.0,3536.82
7663.88,72.23,90,0.0,3536.82
7663.88,71.62,90,0.0,3536.82
7663.88,71.69,90,0.0,3536.82
7663.88,72.19,100,0.0,3536.82
7663.88,71.81,97,1.2375,3536.82
7663.88,72.21,97,0.0,3536.82
7663.88,72.22,98,0.0,3536.82
7663.88,72.43,98,0.0,3536.82
7663.88,72.25,98,0.0,3536.82
7663.88,72.42,98,0.0,3536.82
7663.88,72.0,98,1.225,3536.82
7663.88,72.0,98,1.2375,3536.82
7663.88,72.47,98,0.0,3536.82
7663.88,72.17,98,0.0,3536.82
7663.88,71.62,97,0.0,3536.82
7663.88,72.06,97,0.0,3536.82
7663.88,72.06,98,0.0,3536.82
7663.88,72.06,98,1.225,3536.82
7663.88,72.03,98,0.0,3536.82
7663.88,72.08,98,0.0,3536.82
7663.88,71.95,98,0.0,3536.82
7663.88,72.07,98,0.0,3536.82
7663.88,72.01,98,1.225,3536.82
7663.88,72.09,98,0.0,3536.82
7663.88,72.51,96,0.0,3536.82
7663.88,72.72,96,0.0,3536.82
7663.88,72.82,98,0.0,3536.82
7663.88,72.47,98,1.225,3536.82
7663.88,72.47,98,0.0,3536.82
7663.88,72.07,98,0.0,3536.82
7663.88,72.1,98,0.0,3536.82
7663.88,71.73,98,0.0,3536.82
7663.88,71.72,96,1.2375,3536.82
7663.88,71.76,98,0.0,3536.82
7663.88,71.95,98,0.0,3536.82
7663.88,71.98,98,0.0,3536.82
7663.88,72.12,98,0.0,3536.82
7663.88,72.1,98,0.0,3536.82
7663.88,72.17,98,0.0,3536.82
7663.88,72.15,98,3.675,3536.82
7663.88,72.77,98,0.0,3536.82
7663.88,73.15,91,0.0,3536.82
7663.88,72.94,91,0.0,3536.82
7663.88,72.63,97,0.0,3536.82
7663.88,72.55,97,1.225,3536.82
7663.88,72.64,97,0.0,3536.82
7663.88,72.7,97,0.0,3536.82
7663.88,72.77,98,0.0,3536.82
7663.88,72.63,98,0.0,3536.82
7663.88,72.58,98,1.2375,3536.82
7663.88,72.63,98,0.0,3536.82
7663.88,71.92,98,0.0,3536.82
7663.88,71.55,98,0.0,3536.82
7663.88,71.88,96,0.0,3536.82
7663.88,72.13,96,0.0,3536.82
7663.88,72.31,98,0.0,3536.82
7663.88,72.13,98,1.225,3536.82
7663.88,72.32,98,0.0,3536.82
7663.88,72.0,98,1.225,3536.82
7663.88,73.88,90,0.0,3536.82
7663.88,73.42,90,0.0,3536.82
7663.88,73.57,100,0.0,3536.82
7663.88,73.47,100,1.2375,3536.82
7663.88,73.91,96,0.0,3536.82
7663.88,74.2,96,1.225,3536.82
7663.88,74.2,98,0.0,3536.82
7663.88,74.42,98,0.0,3536.82
7663.88,73.81,97,0.0,3536.82
7663.88,73.66,97,1.225,3536.82
7663.88,73.57,98,0.0,3536.82
7663.88,71.79,98,0.0,3536.82
7663.88,71.96,98,0.0,3536.82
7663.88,71.89,98,0.0,3536.82
7663.88,71.94,98,0.0,3536.82
7663.88,71.92,98,0.0,3536.82
7663.88,71.79,98,1.2375,3536.82
7663.88,71.95,98,0.0,3536.82
7663.88,71.8,96,0.0,3536.82
7663.88,72.46,96,0.0,3536.82
7663.88,72.28,98,0.0,3536.82
7663.88,72.44,98,0.0,3536.82
7663.88,72.33,98,1.2375,3536.82
7663.88,72.35,98,0.0,3536.82
7663.88,72.44,98,0.0,3536.82
7663.88,72.55,98,0.0,3536.82
7663.88,72.36,98,0.0,3536.82
7663.88,72.18,96,1.225,3536.82
7663.88,71.95,96,0.0,3536.82
7663.88,71.85,98,0.0,3536.82
7663.88,71.68,98,0.0,3536.82
7663.88,71.68,98,0.0,3536.82
7663.88,71.8,98,1.225,3536.82
7663.88,71.77,98,0.0,3536.82
7663.88,72.1,98,0.0,3536.82
7663.88,72.04,98,0.0,3536.82
7663.88,72.38,96,0.0,3536.82
7663.88,72.14,96,1.225,3536.82
7663.88,72.35,98,0.0,3536.82
7663.88,73.9,98,1.2375,3536.82
7663.88,73.56,92,0.0,3536.82
7663.88,73.27,92,0.0,3536.82
7663.88,72.43,98,0.0,3536.82
7663.88,72.57,98,0.0,3536.82
7663.88,72.89,98,0.0,3536.82
7663.88,72.73,98,0.0,3536.82
7663.88,72.58,98,1.2375,3536.82
7663.88,72.64,98,0.0,3536.82
7663.88,72.31,98,0.0,3536.82
7663.88,70.62,96,0.0,3536.82
7663.88,70.77,96,0.0,3536.82
7663.88,70.92,98,0.0,3536.82
7663.88,71.78,98,1.225,3536.82
7663.88,71.7,98,0.0,3536.82
7663.88,71.56,98,0.0,3536.82
7663.88,71.77,98,0.0,3536.82
7663.88,71.59,98,0.0,3536.82
7663.88,71.78,96,0.0,3536.82
7663.88,71.66,96,1.225,3536.82
7663.88,71.8,96,0.0,3536.82
7663.88,71.8,98,0.0,3536.82
7663.88,71.7,98,0.0,3536.82
7663.88,71.89,98,0.0,3536.82
7663.88,71.89,98,0.0,3536.82
7663.88,72.3,98,1.2375,3536.82
7663.88,72.2,98,0.0,3536.82
7663.88,71.53,98,0.0,3536.82
7663.88,71.85,96,0.0,3536.82
7663.88,71.68,96,1.225,3536.82
7663.88,71.78,98,0.0,3536.82
7663.88,71.63,98,1.225,3536.82
7663.88,71.63,97,0.0,3536.82
7663.88,71.72,97,0.0,3536.82
7663.88,71.95,98,0.0,3536.82
7663.88,71.95,98,0.0,3536.82
7663.88,71.5,96,0.0,3536.82
7663.88,71.69,96,1.225,3536.82
7663.88,72.46,97,0.0,3536.82
7663.88,72.06,97,0.0,3536.82
7663.88,71.79,95,0.0,3536.82
7663.88,70.87,95,0.0,3536.82
7663.88,71.08,97,1.225,3536.82
7663.88,71.53,97,0.0,3536.82
7663.88,71.61,98,0.0,3536.82
7663.88,71.68,98,0.0,3536.82
7663.88,71.64,98,0.0,3536.82
7663.88,72.18,96,0.0,3536.82
7663.88,72.24,96,1.2375,3536.82
7663.88,71.92,98,0.0,3536.82
7663.88,71.86,98,0.0,3536.82
7663.88,72.59,98,0.0,3536.82
7663.88,72.52,98,0.0,3536.82
7663.88,72.42,98,0.0,3536.82
7663.88,72.18,98,1.2375,3536.82
7663.88,72.22,98,0.0,3536.82
7663.88,72.08,96,0.0,3536.82
7663.88,71.94,96,0.0,3536.82
7663.88,71.94,98,0.0,3536.82
7663.88,71.71,98,1.225,3536.82
7663.88,71.71,98,0.0,3536.82
7663.88,72.66,98,0.0,3536.82
7663.88,72.48,93,0.0,3536.82
7663.88,72.47,93,1.225,3536.82
7663.88,72.6,100,0.0,3536.82
7663.88,71.69,100,0.0,3536.82
7663.88,71.69,98,0.0,3536.82
7663.88,71.73,98,0.0,3536.82
7663.88,71.86,96,0.0,3536.82
7663.88,72.05,96,0.0,3536.82
7663.88,72.21,98,1.2375,3536.82
7663.88,72.09,98,0.0,3536.82
7663.88,70.95,98,0.0,3536.82
7663.88,71.2,98,0.0,3536.82
7663.88,71.37,98,0.0,3536.82
7663.88,71.0,98,0.0,3536.82
7663.88,71.62,98,1.2125,3536.82
7663.88,71.76,96,0.0,3536.82
7663.88,71.67,96,0.0,3536.82
7663.88,71.62,98,0.0,3536.82
7663.88,71.39,98,0.0,3536.82
7663.88,71.51,98,1.2375,3536.82
7663.88,71.7,98,1.2375,3536.82
7663.88,71.79,98,0.0,3536.82
7663.88,71.71,98,0.0,3536.82
7663.88,71.64,98,0.0,3536.82
7663.88,71.96,98,0.0,3536.82
7663.88,72.54,96,1.2375,3536.82
7663.88,72.94,96,0.0,3536.82
7663.88,72.09,93,0.0,3536.82
7663.88,71.45,93,0.0,3536.82
7663.88,71.59,99,1.225,3536.82
7663.88,71.57,99,0.0,3536.82
7663.88,72.05,99,0.0,3536.82
7663.88,71.96,97,0.0,3536.82
7663.88,72.28,98,0.0,3536.82
7663.88,72.28,98,0.0,3536.82
7663.88,72.5,96,1.225,3536.82
7663.88,72.55,96,0.0,3536.82
7663.88,71.87,98,0.0,3536.82
7663.88,72.55,98,0.0,3536.82
7663.88,72.87,98,0.0,3536.82
7663.88,72.91,98,1.2125,3536.82
7663.88,73.13,96,0.0,3536.82
7663.88,72.73,96,0.0,3536.82
7663.88,72.89,95,1.2125,3536.82
7663.88,72.76,95,0.0,3536.82
7663.88,72.72,97,0.0,3536.82
7663.88,72.55,97,1.2125,3536.82
7663.88,72.46,97,0.0,3536.82
7663.88,72.12,97,0.0,3536.82
7663.88,72.17,97,1.2125,3536.82
7663.88,71.98,97,0.0,3536.82
7663.88,70.91,97,0.0,3536.82
7663.88,71.16,95,1.2125,3536.82
7663.88,71.23,95,0.0,3536.82
7663.88,71.39,97,0.0,3536.82
7663.88,71.32,97,0.0,3536.82
7663.88,71.32,97,1.2125,3536.82
7663.88,71.25,97,0.0,3536.82
7663.88,71.42,97,0.0,3536.82
7663.88,71.54,97,1.2125,3536.82
7663.88,71.62,98,0.0,3536.82
7663.88,71.77,98,0.0,3536.82
7663.88,72.72,96,1.225,3536.82
7663.88,72.66,96,0.0,3536.82
7663.88,72.41,98,1.225,3536.82
7663.88,73.93,98,0.0,3536.82
7663.88,73.67,92,1.2125,3536.82
7663.88,73.71,92,0.0,3536.82
7663.88,73.62,98,1.2125,3536.82
7663.88,73.81,98,0.0,3536.82
7663.88,73.9,98,0.0,3536.82
7663.88,74.08,98,1.2125,3536.82
7663.88,73.95,98,0.0,3536.82
7663.88,73.48,98,0.0,3536.82
7663.88,73.53,97,0.0,3536.82
7663.88,71.91,97,1.2125,3536.82
7663.88,71.8,98,0.0,3536.82
7663.88,71.8,98,0.0,3536.82
7663.88,71.73,98,0.0,3536.82
7663.88,71.85,98,1.2125,3536.82
7663.88,71.85,98,0.0,3536.82
7663.88,71.75,98,0.0,3536.82
7663.88,71.83,98,0.0,3536.82
7663.88,71.56,98,1.2125,3536.82
7663.88,72.28,96,0.0,3536.82
7663.88,72.08,96,0.0,3536.82
7663.88,72.08,98,1.2125,3536.82
7663.88,71.93,98,1.2125,3536.82
7663.88,72.22,98,0.0,3536.82
7663.88,72.18,98,1.15,3536.82
7663.88,74.12,98,0.0,3536.82
7663.88,73.36,91,1.2125,3536.82
7663.88,73.36,91,0.0,3536.82
7663.88,73.35,98,0.0,3536.82
7663.88,73.48,98,0.0,3536.82
7663.88,73.71,98,1.2125,3536.82
7663.88,73.86,98,0.0,3536.82
7663.88,73.9,98,0.0,3536.82
7663.88,73.98,98,0.0,3536.82
7663.88,74.16,98,1.2125,3536.82
7663.88,74.3,98,0.0,3536.82
7663.88,72.61,95,0.0,3536.82
7663.88,73.3,95,0.0,3536.82
7663.88,73.11,97,1.225,3536.82
7663.88,73.36,97,0.0,3536.82
7663.88,73.18,97,0.0,3536.82
7663.88,72.93,97,0.0,3536.82
7663.88,72.74,97,1.225,3536.82
7663.88,72.52,97,0.0,3536.82
7663.88,72.72,95,1.225,3536.82
7663.88,72.8,97,0.0,3536.82
7663.88,72.46,97,0.0,3536.82
7663.88,72.24,97,1.225,3536.82
7663.88,72.23,97,0.0,3536.82
7663.88,72.54,89,1.225,3536.82
7663.88,73.17,89,0.0,3536.82
7663.88,73.23,100,0.0,3536.82
7663.88,72.51,100,1.225,3536.82
7663.88,73.12,96,0.0,3536.82
7663.88,72.93,96,0.0,3536.82
7663.88,73.06,97,0.0,3536.82
7663.88,72.97,97,1.2125,3536.82
7663.88,73.12,98,0.0,3536.82
7663.88,73.06,98,0.0,3536.82
7663.88,73.06,98,0.0,3536.82
7663.88,73.02,98,0.0,3536.82
7663.88,71.26,98,0.0,3536.82
7663.88,71.84,98,1.2375,3536.82
7663.88,71.61,98,0.0,3536.82
7663.88,72.52,96,0.0,3536.82
7663.88,72.14,96,0.0,3536.82
7663.88,72.31,98,0.0,3536.82
7663.88,71.94,98,0.0,3536.82
7663.88,72.12,98,1.2375,3536.82
7663.88,72.0,98,0.0,3536.82
7663.88,71.96,98,0.0,3536.82
7663.88,72.23,96,0.0,3536.82
7663.88,72.2,96,0.0,3536.82
7663.88,72.61,98,1.25,3536.82
7663.88,72.62,98,0.0,3536.82
7663.88,72.48,98,0.0,3536.82
7663.88,72.23,98,0.0,3536.82
7663.88,72.23,98,0.0,3536.82
7663.88,72.19,98,0.0,3536.82
7663.88,72.02,98,1.2375,3536.82
7663.88,71.9,98,0.0,3536.82
7663.88,71.72,96,0.0,3536.82
7663.88,71.57,96,0.0,3536.82
7663.88,71.52,96,0.0,3536.82
7663.88,71.44,98,1.25,3536.82
7663.88,71.25,98,0.0,3536.82
7663.88,71.54,98,0.0,3536.82
7663.88,71.54,98,0.0,3536.82
7663.88,71.51,98,2.4875,3536.82
7663.88,70.21,98,0.0,3536.82
7663.88,69.85,93,0.0,3536.82
7663.88,70.09,93,0.0,3536.82
7663.88,69.28,98,1.2375,3536.82
7663.88,69.79,98,0.0,3536.82
7663.88,70.01,98,0.0,3536.82
7663.88,70.58,97,0.0,3536.82
7663.88,70.5,97,0.0,3536.82
7663.88,70.37,98,0.0,3536.82
7663.88,70.24,98,1.25,3536.82
7663.88,71.65,98,0.0,3536.82
7663.88,71.65,98,0.0,3536.82
7663.88,71.47,98,0.0,3536.82
7663.88,72.22,98,0.0,3536.82
7663.88,72.14,96,0.0,3536.82
7663.88,71.96,96,1.25,3536.82
7663.88,71.69,98,0.0,3536.82
7663.88,71.59,98,0.0,3536.82
7663.88,71.96,98,0.0,3536.82
7663.88,71.76,98,0.0,3536.82
7663.88,71.84,96,1.25,3536.82
7663.88,71.61,96,0.0,3536.82
7663.88,71.94,97,0.0,3536.82
7663.88,71.81,97,0.0,3536.82
7663.88,72.06,97,1.2375,3536.82
7663.88,71.74,95,0.0,3536.82
7663.88,71.72,95,0.0,3536.82
7663.88,71.51,97,0.0,3536.82
7663.88,71.51,97,1.25,3536.82
7663.88,71.66,97,0.0,3536.82
7663.88,71.29,97,0.0,3536.82
7663.88,71.3,97,0.0,3536.82
7663.88,71.15,95,1.2375,3536.82
7663.88,70.97,95,0.0,3536.82
7663.88,71.19,97,0.0,3536.82
7663.88,71.08,97,1.25,3536.82
7663.88,71.19,97,0.0,3536.82
7663.88,71.14,97,0.0,3536.82
7663.88,71.2,97,1.25,3536.82
7663.88,71.37,97,1.2375,3536.82
7663.88,71.68,91,0.0,3536.82
7663.88,71.32,91,0.0,3536.82
7663.88,71.29,97,1.2125,3536.82
7663.88,71.79,97,0.0,3536.82
7663.88,71.93,98,0.0,3536.82
7663.88,72.27,98,0.0,3536.82
7663.88,72.25,96,1.2125,3536.82
7663.88,72.16,96,1.2125,3536.82
7663.88,72.14,98,0.0,3536.82
7663.88,72.15,98,1.2125,3536.82
7663.88,71.73,98,0.0,3536.82
7663.88,71.52,98,0.0,3536.82
7663.88,71.47,98,0.0,3536.82
7663.88,71.8,98,1.2125,3536.82
7663.88,71.68,97,0.0,3536.82
7663.88,72.0,98,0.0,3536.82
7663.88,71.68,98,1.2125,3536.82
7663.88,71.8,98,0.0,3536.82
7663.88,71.99,98,0.0,3536.82
7663.88,71.81,98,1.2125,3536.82
7663.88,71.95,98,0.0,3536.82
7663.88,71.81,98,0.0,3536.82
7663.88,71.81,98,0.0,3536.82
7663.88,72.2,98,1.2125,3536.82
7663.88,72.19,96,0.0,3536.82
7663.88,72.5,96,0.0,3536.82
7663.88,72.14,98,1.2125,3536.82
7663.88,72.3,98,0.0,3536.82
7663.88,72.18,98,0.0,3536.82
7663.88,72.32,98,1.2125,3536.82
7663.88,72.06,98,0.0,3536.82
7663.88,71.72,96,0.0,3536.82
7663.88,72.14,96,0.0,3536.82
7663.88,72.19,98,2.425,3536.82
7663.88,72.4,98,0.0,3536.82
7663.88,72.13,98,0.0,3536.82
7663.88,72.28,98,1.2125,3536.82
7663.88,74.09,91,1.2125,3536.82
7663.88,73.39,91,0.0,3536.82
7663.88,72.99,100,0.0,3536.82
7663.88,72.76,100,1.2125,3536.82
7663.88,73.06,96,0.0,3536.82
7663.88,73.57,96,0.0,3536.82
7663.88,73.57,98,0.0,3536.82
7663.88,73.34,98,1.2125,3536.82
7663.88,73.17,96,0.0,3536.82
7663.88,73.11,98,0.0,3536.82
7663.88,73.1,98,1.2125,3536.82
7663.88,70.95,98,0.0,3536.82
7663.88,71.56,98,0.0,3536.82
7663.88,71.62,98,1.225,3536.82
7663.88,71.89,98,0.0,3536.82
7663.88,73.09,92,1.2125,3536.82
7663.88,72.25,92,0.0,3536.82
7663.88,72.32,97,0.0,3536.82
7663.88,72.55,97,1.2125,3536.82
7663.88,72.74,98,0.0,3536.82
7663.88,72.96,98,0.0,3536.82
7663.88,73.12,97,1.2125,3536.82
7663.88,73.16,97,0.0,3536.82
7663.88,73.42,98,0.0,3536.82
7663.88,73.68,98,0.0,3536.82
7663.88,72.26,98,1.2125,3536.82
7663.88,72.77,98,0.0,3536.82
7663.88,72.61,98,0.0,3536.82
7663.88,72.57,98,1.2125,3536.82
7663.88,72.53,96,0.0,3536.82
7663.88,72.28,96,0.0,3536.82
7663.88,71.98,96,1.2125,3536.82
7663.88,71.85,98,1.2125,3536.82
7663.88,71.96,98,0.0,3536.82
7663.88,71.95,98,0.0,3536.82
7663.88,71.95,98,0.0,3536.82
7663.88,71.65,98,1.2125,3536.82
7663.88,71.95,98,0.0,3536.82
7663.88,72.11,98,0.0,3536.82
7663.88,72.38,97,1.2125,3536.82
7663.88,72.09,97,0.0,3536.82
7663.88,72.09,98,0.0,3536.82
7663.88,72.15,98,0.0,3536.82
7663.88,72.34,98,1.1875,3536.82
7663.88,72.23,98,0.0,3536.82
7663.88,72.14,98,1.2125,3536.82
7663.88,72.03,98,0.0,3536.82
7663.88,72.27,97,0.0,3536.82
7663.88,72.29,97,0.0,3536.82
7663.88,72.16,98,1.2125,3536.82
7663.88,71.95,98,0.0,3536.82
7663.88,71.81,98,0.0,3536.82
7663.88,71.81,98,1.2125,3536.82
7663.88,73.2,91,0.0,3536.82
7663.88,72.45,91,1.2125,3536.82
7663.88,72.51,100,0.0,3536.82
7663.88,72.89,100,1.2,3536.82
7663.88,72.51,100,0.0,3536.82
7663.88,72.53,95,0.0,3536.82
7663.88,72.79,95,0.0,3536.82
7663.88,72.89,98,1.2125,3536.82
7663.88,73.06,98,1.2125,3536.82
7663.88,73.06,98,0.0,3536.82
7663.88,71.66,98,0.0,3536.82
7663.88,72.34,98,1.2125,3536.82
7663.88,72.22,98,0.0,3536.82
7663.88,71.91,98,0.0,3536.82
7663.88,72.28,96,0.0,3536.82
7663.88,72.44,96,1.2125,3536.82
7663.88,72.4,98,0.0,3536.82
7663.88,72.34,98,1.2125,3536.82
7663.88,72.38,98,0.0,3536.82
7663.88,72.44,93,0.0,3536.82
7663.88,70.62,93,1.2125,3536.82
7663.88,70.93,97,0.0,3536.82
7663.88,70.93,97,0.0,3536.82
7663.88,71.05,98,1.2125,3536.82
7663.88,71.05,98,0.0,3536.82
7663.88,71.26,97,0.0,3536.82
7663.88,70.97,97,1.2125,3536.82
7663.88,71.22,98,0.0,3536.82
7663.88,70.97,98,0.0,3536.82
7663.88,70.81,98,0.0,3536.82
7663.88,70.45,98,1.2125,3536.82
7663.88,72.31,98,0.0,3536.82
7663.88,72.13,98,0.0,3536.82
7663.88,72.26,98,1.2125,3536.82
7663.88,71.78,98,0.0,3536.82
7663.88,72.16,97,0.0,3536.82
7663.88,72.16,97,0.0,3536.82
7663.88,72.34,98,2.4375,3536.82
7663.88,71.71,98,0.0,3536.82
7663.88,71.72,98,0.0,3536.82
7663.88,71.83,98,1.2125,3536.82
7663.88,71.62,98,0.0,3536.82
7663.88,70.62,97,0.0,3536.82
7663.88,70.78,97,1.2125,3536.82
7663.88,71.2,97,0.0,3536.82
7663.88,71.1,98,0.0,3536.82
7663.88,70.88,98,0.0,3536.82
7663.88,70.88,98,1.2125,3536.82
7663.88,70.5,98,0.0,3536.82
7663.88,70.97,98,0.0,3536.82
7663.88,70.93,98,1.2125,3536.82
7663.88,70.93,98,0.0,3536.82
7663.88,71.08,98,0.0,3536.82
7663.88,71.15,96,0.0,3536.82
7663.88,72.25,98,1.2125,3536.82
7663.88,72.46,98,1.225,3536.82
7663.88,72.27,88,0.0,3536.82
7663.88,72.42,88,1.225,3536.82
7663.88,71.86,100,0.0,3536.82
7663.88,72.39,100,0.0,3536.82
7663.88,72.57,94,0.0,3536.82
7663.88,72.78,94,0.0,3536.82
7663.88,72.97,97,1.225,3536.82
7663.88,73.22,97,0.0,3536.82
7663.88,72.95,97,0.0,3536.82
7663.88,73.09,97,0.0,3536.82
7663.88,72.85,97,1.225,3536.82
7663.88,72.93,97,0.0,3536.82
7663.88,72.7,95,0.0,3536.82
7663.88,73.29,97,1.225,3536.82
7663.88,73.05,97,1.225,3536.82
7663.88,73.11,97,0.0,3536.82
7663.88,73.14,97,0.0,3536.82
7663.88,73.12,97,0.0,3536.82
7663.88,72.94,97,2.45,3536.82
7663.88,71.14,90,0.0,3536.82
7663.88,70.49,90,0.0,3536.82
7663.88,70.51,90,0.0,3536.82
7663.88,69.83,100,0.0,3536.82
7663.88,69.84,97,1.225,3536.82
7663.88,70.16,97,0.0,3536.82
7663.88,70.05,98,0.0,3536.82
7663.88,70.19,98,1.2125,3536.82
7663.88,69.95,98,0.0,3536.82
7663.88,70.19,98,0.0,3536.82
7663.88,71.84,98,0.0,3536.82
7663.88,72.3,98,1.225,3536.82
7663.88,71.11,96,0.0,3536.82
7663.88,71.06,96,0.0,3536.82
7663.88,71.51,98,0.0,3536.82
7663.88,71.54,98,0.0,3536.82
7663.88,71.23,98,0.0,3536.82
7663.88,71.18,98,1.225,3536.82
7663.88,70.87,98,0.0,3536.82
7663.88,70.99,98,0.0,3536.82
7663.88,70.59,98,1.2125,3536.82
7663.88,70.59,98,0.0,3536.82
7663.88,70.68,98,0.0,3536.82
7663.88,71.64,96,0.0,3536.82
7663.88,71.64,98,1.225,3536.82
7663.88,72.02,98,0.0,3536.82
7663.88,72.04,98,0.0,3536.82
7663.88,72.04,98,0.0,3536.82
7663.88,72.28,98,0.0,3536.82
7663.88,72.25,98,0.0,3536.82
7663.88,72.18,98,0.0,3536.82
7663.88,72.37,98,1.2375,3536.82
7663.88,72.39,96,0.0,3536.82
7663.88,72.37,96,1.2125,3536.82
7663.88,72.56,98,0.0,3536.82
7663.88,72.74,98,0.0,3536.82
7663.88,72.89,98,1.25,3536.82
7663.88,72.75,98,0.0,3536.82
7663.88,72.89,98,0.0,3536.82
7663.88,72.75,98,1.2375,3536.82
7663.88,70.81,90,1.2375,3536.82
7663.88,70.64,90,0.0,3536.82
7663.88,70.3,96,0.0,3536.82
7663.88,70.52,96,0.0,3536.82
7663.88,70.39,100,0.0,3536.82
7663.88,70.55,100,1.25,3536.82
7663.88,70.55,100,0.0,3536.82
7663.88,70.5,100,0.0,3536.82
7663.88,70.32,96,1.2375,3536.82
7663.88,70.1,98,0.0,3536.82
7663.88,70.07,98,0.0,3536.82
7663.88,72.01,98,0.0,3536.82
7663.88,72.37,98,1.2375,3536.82
7663.88,72.37,96,0.0,3536.82
7663.88,72.38,96,0.0,3536.82
7663.88,72.28,96,0.0,3536.82
7663.88,71.89,98,1.25,3536.82
7663.88,71.83,98,0.0,3536.82
7663.88,71.67,98,0.0,3536.82
7663.88,71.81,98,0.0,3536.82
7663.88,71.81,98,0.0,3536.82
7663.88,71.94,98,0.0,3536.82
7663.88,71.94,96,0.0,3536.82
7663.88,72.14,96,1.2375,3536.82
7663.88,72.07,98,0.0,3536.82
7663.88,71.91,98,0.0,3536.82
7663.88,71.87,98,0.0,3536.82
7663.88,71.9,98,0.0,3536.82
7663.88,71.87,98,0.0,3536.82
7663.88,71.88,98,1.2375,3536.82
7663.88,72.22,98,1.25,3536.82
7663.88,71.54,98,0.0,3536.82
7663.88,71.6,96,1.25,3536.82
7663.88,71.42,96,0.0,3536.82
7663.88,71.32,98,0.0,3536.82
7663.88,71.23,98,0.0,3536.82
7663.88,71.22,98,1.25,3536.82
7663.88,71.61,98,0.0,3536.82
7663.88,71.56,98,0.0,3536.82
7663.88,71.93,98,0.0,3536.82
7663.88,71.87,98,0.0,3536.82
7663.88,72.48,96,1.25,3536.82
7663.88,72.48,96,1.25,3536.82
7663.88,72.32,88,0.0,3536.82
7663.88,72.8,88,1.25,3536.82
7663.88,72.79,100,0.0,3536.82
7663.88,72.74,100,0.0,3536.82
7663.88,72.68,96,0.0,3536.82
7663.88,72.94,96,1.25,3536.82
7663.88,72.79,98,0.0,3536.82
7663.88,72.93,98,0.0,3536.82
7663.88,72.5,98,1.2125,3536.82
7663.88,72.88,98,0.0,3536.82
7663.88,72.86,96,0.0,3536.82
7663.88,72.53,96,0.0,3536.82
7663.88,72.24,96,1.2375,3536.82
7663.88,72.9,98,0.0,3536.82
7663.88,72.65,98,0.0,3536.82
7663.88,72.72,98,0.0,3536.82
7663.88,72.49,98,0.0,3536.82
7663.88,72.32,98,0.0,3536.82
7663.88,72.16,98,1.2375,3536.82
7663.88,72.54,98,0.0,3536.82
7663.88,72.54,98,0.0,3536.82
7663.88,72.08,96,0.0,3536.82
7663.88,72.08,96,0.0,3536.82
7663.88,72.08,98,1.225,3536.82
7663.88,71.93,98,0.0,3536.82
7663.88,71.88,98,0.0,3536.82
7663.88,71.88,98,0.0,3536.82
7663.88,71.81,98,0.0,3536.82
7663.88,71.65,96,0.0,3536.82
7663.88,71.88,96,1.2125,3536.82
7663.88,71.77,98,0.0,3536.82
7663.88,71.5,98,0.0,3536.82
7663.88,71.44,98,1.2125,3536.82
7663.88,71.44,98,1.2125,3536.82
7663.88,71.69,98,0.0,3536.82
7663.88,71.71,98,0.0,3536.82
7663.88,71.86,98,1.2125,3536.82
7663.88,71.73,98,0.0,3536.82
7663.88,71.99,96,1.2125,3536.82
7663.88,73.62,96,0.0,3536.82
7663.88,73.44,91,1.2125,3536.82
7663.88,73.28,91,0.0,3536.82
7663.88,73.55,97,0.0,3536.82
7663.88,73.68,97,0.0,3536.82
7663.88,74.16,98,1.2125,3536.82
7663.88,74.21,98,0.0,3536.82
7663.88,74.33,97,0.0,3536.82
7663.88,74.28,97,1.2125,3536.82
7663.88,74.46,98,0.0,3536.82
7663.88,74.39,98,0.0,3536.82
7663.88,72.72,98,0.0,3536.82
7663.88,72.85,98,2.4375,3536.82
7663.88,72.94,98,0.0,3536.82
7663.88,73.0,98,0.0,3536.82
7663.88,73.16,96,0.0,3536.82
7663.88,72.87,96,1.2125,3536.82
7663.88,72.59,98,0.0,3536.82
7663.88,72.44,98,0.0,3536.82
7663.88,72.28,98,0.0,3536.82
7663.88,72.08,98,1.2125,3536.82
7663.88,71.85,98,0.0,3536.82
7663.88,71.71,98,0.0,3536.82
7663.88,71.61,98,1.225,3536.82
7663.88,71.64,96,0.0,3536.82
7663.88,71.53,96,0.0,3536.82
7663.88,71.43,98,0.0,3536.82
7663.88,71.64,98,1.2125,3536.82
7663.88,71.68,98,1.2125,3536.82
7663.88,73.56,98,0.0,3536.82
7663.88,73.33,90,1.225,3536.82
7663.88,73.53,90,1.2125,3536.82
7663.88,72.98,98,0.0,3536.82
7663.88,73.31,98,0.0,3536.82
7663.88,73.63,98,0.0,3536.82
7663.88,73.9,98,1.225,3536.82
7663.88,73.91,98,0.0,3536.82
7663.88,74.02,98,0.0,3536.82
7663.88,74.02,96,0.0,3536.82
7663.88,74.0,96,0.0,3536.82
7663.88,72.15,98,1.225,3536.82
7663.88,72.18,98,0.0,3536.82
7663.88,72.11,98,0.0,3536.82
7663.88,72.66,98,0.0,3536.82
7663.88,72.89,98,0.0,3536.82
7663.88,72.72,98,2.45,3536.82
7663.88,72.76,97,0.0,3536.82
7663.88,72.59,97,0.0,3536.82
7663.88,72.63,92,1.225,3536.82
7663.88,72.85,92,0.0,3536.82
7663.88,72.73,100,0.0,3536.82
7663.88,72.77,100,0.0,3536.82
7663.88,72.1,100,0.0,3536.82
7663.88,72.48,100,0.0,3536.82
7663.88,72.72,95,1.225,3536.82
7663.88,72.87,95,0.0,3536.82
7663.88,72.7,96,0.0,3536.82
7663.88,72.54,97,1.225,3536.82
7663.88,72.76,97,0.0,3536.82
7663.88,72.6,98,1.225,3536.82
7663.88,72.27,98,0.0,3536.82
7663.88,72.11,97,0.0,3536.82
7663.88,72.03,97,0.0,3536.82
7663.88,72.25,96,1.225,3536.82
7663.88,72.55,96,0.0,3536.82
7663.88,72.34,97,0.0,3536.82
7663.88,72.52,97,0.0,3536.82
7663.88,72.4,97,0.0,3536.82
7663.88,72.27,97,1.225,3536.82
7663.88,72.03,98,0.0,3536.82
7663.88,71.98,98,0.0,3536.82
7663.88,72.03,98,0.0,3536.82
7663.88,72.06,98,0.0,3536.82
7663.88,72.61,96,0.0,3536.82
7663.88,72.88,96,1.2375,3536.82
7663.88,72.69,98,0.0,3536.82
7663.88,72.57,98,0.0,3536.82
7663.88,72.57,98,0.0,3536.82
7663.88,72.51,98,1.225,3536.82
7663.88,72.34,98,0.0,3536.82
7663.88,72.45,98,0.0,3536.82
7663.88,72.49,97,0.0,3536.82
7663.88,72.79,97,0.0,3536.82
7663.88,72.89,96,1.2125,3536.82
7663.88,72.63,96,0.0,3536.82
7663.88,72.57,98,0.0,3536.82
7663.88,72.52,98,0.0,3536.82
7663.88,72.39,98,3.5625,3536.82
7663.88,72.28,98,0.0,3536.82
7663.88,72.4,90,0.0,3536.82
7663.88,72.2,100,1.225,3536.82
7663.88,71.44,100,0.0,3536.82
7663.88,71.83,95,0.0,3536.82
7663.88,71.96,95,0.0,3536.82
7663.88,72.25,97,0.0,3536.82
7663.88,72.23,97,1.225,3536.82
7663.88,72.13,96,0.0,3536.82
7663.88,72.37,96,0.0,3536.82
7663.88,72.27,97,0.0,3536.82
7663.88,72.0,97,1.225,3536.82
7663.88,72.08,97,0.0,3536.82
7663.88,72.77,97,0.0,3536.82
7663.88,72.49,97,0.0,3536.82
7663.88,72.23,97,0.0,3536.82
7663.88,72.07,97,1.2125,3536.82
7663.88,72.1,97,0.0,3536.82
7663.88,72.24,95,0.0,3536.82
7663.88,72.3,95,1.225,3536.82
7663.88,71.99,95,0.0,3536.82
7663.88,71.99,97,0.0,3536.82
7663.88,71.95,97,0.0,3536.82
7663.88,72.24,97,0.0,3536.82
7663.88,72.59,97,1.225,3536.82
7663.88,72.5,98,0.0,3536.82
7663.88,72.5,98,1.2125,3536.82
7663.88,69.34,96,1.225,3536.82
7663.88,68.82,96,1.25,3536.82
7663.88,68.82,88,0.0,3536.82
7663.88,68.89,98,0.0,3536.82
7663.88,68.21,98,0.0,3536.82
7663.88,68.43,98,0.0,3536.82
7663.88,68.58,98,0.0,3536.82
7663.88,68.66,96,1.25,3536.82
7663.88,68.56,96,0.0,3536.82
7663.88,68.52,98,0.0,3536.82
7663.88,68.88,98,0.0,3536.82
7663.88,71.78,98,0.0,3536.82
7663.88,71.94,98,0.0,3536.82
7663.88,71.71,98,1.25,3536.82
7663.88,72.21,98,0.0,3536.82
7663.88,72.16,96,0.0,3536.82
7663.88,72.03,96,0.0,3536.82
7663.88,72.36,98,0.0,3536.82
7663.88,72.2,98,0.0,3536.82
7663.88,72.41,98,0.0,3536.82
7663.88,72.53,98,1.25,3536.82
7663.88,74.08,92,0.0,3536.82
7663.88,73.78,92,1.2375,3536.82
7663.88,73.87,100,0.0,3536.82
7663.88,73.83,100,0.0,3536.82
7663.88,73.88,96,0.0,3536.82
7663.88,73.98,96,0.0,3536.82
7663.88,73.96,97,0.0,3536.82
7663.88,73.99,97,1.25,3536.82
7663.88,73.99,98,0.0,3536.82
7663.88,73.96,98,0.0,3536.82
7663.88,73.75,98,0.0,3536.82
7663.88,73.75,98,0.0,3536.82
7663.88,71.98,98,0.0,3536.82
7663.88,71.95,98,1.25,3536.82
7663.88,71.15,96,0.0,3536.82
7663.88,71.5,96,0.0,3536.82
7663.88,71.33,98,0.0,3536.82
7663.88,71.66,98,0.0,3536.82
7663.88,71.34,98,1.25,3536.82
7663.88,71.5,98,0.0,3536.82
7663.88,71.39,98,0.0,3536.82
7663.88,71.49,98,0.0,3536.82
7663.88,71.45,98,1.25,3536.82
7663.88,71.7,98,0.0,3536.82
7663.88,71.83,96,0.0,3536.82
7663.88,72.87,96,0.0,3536.82
7663.88,72.72,98,1.2375,3536.82
7663.88,72.86,98,0.0,3536.82
7663.88,72.63,98,0.0,3536.82
7663.88,72.91,98,1.2375,3536.82
7663.88,72.7,98,0.0,3536.82
7663.88,72.47,98,0.0,3536.82
7663.88,72.36,98,0.0,3536.82
7663.88,72.62,98,2.4875,3536.82
7663.88,72.7,96,0.0,3536.82
7663.88,72.61,96,0.0,3536.82
7663.88,72.46,98,0.0,3536.82
7663.88,72.46,98,0.0,3536.82
7663.88,72.11,98,1.25,3536.82
7663.88,72.95,98,1.2375,3536.82
7663.88,71.58,92,0.0,3536.82
7663.88,71.73,92,0.0,3536.82
7663.88,71.92,100,0.0,3536.82
7663.88,72.06,100,0.0,3536.82
7663.88,71.98,100,1.225,3536.82
7663.88,70.48,100,0.0,3536.82
7663.88,70.71,96,0.0,3536.82
7663.88,70.8,96,0.0,3536.82
7663.88,71.06,97,1.225,3536.82
7663.88,71.32,97,0.0,3536.82
7663.88,70.38,96,0.0,3536.82
7663.88,71.57,96,0.0,3536.82
7663.88,71.19,97,1.2125,3536.82
7663.88,71.28,97,0.0,3536.82
7663.88,70.9,97,0.0,3536.82
7663.88,70.64,97,0.0,3536.82
7663.88,72.21,97,1.2125,3536.82
7663.88,72.19,97,0.0,3536.82
7663.88,72.28,96,0.0,3536.82
7663.88,72.11,97,1.2125,3536.82
7663.88,71.8,97,0.0,3536.82
7663.88,71.63,98,0.0,3536.82
7663.88,71.92,98,0.0,3536.82
7663.88,69.27,91,1.25,3536.82
7663.88,69.27,91,0.0,3536.82
7663.88,69.62,100,1.2375,3536.82
7663.88,68.24,100,0.0,3536.82
7663.88,68.36,97,1.25,3536.82
7663.88,68.27,97,0.0,3536.82
7663.88,68.66,98,0.0,3536.82
7663.88,68.8,98,0.0,3536.82
7663.88,69.09,98,0.0,3536.82
7663.88,69.1,98,1.25,3536.82
7663.88,69.17,98,0.0,3536.82
7663.88,71.88,98,0.0,3536.82
7663.88,72.0,96,0.0,3536.82
7663.88,71.84,96,0.0,3536.82
7663.88,73.22,98,0.0,3536.82
7663.88,73.14,98,1.2375,3536.82
7663.88,73.27,98,0.0,3536.82
7663.88,72.98,98,0.0,3536.82
7663.88,72.62,98,0.0,3536.82
7663.88,72.56,98,0.0,3536.82
7663.88,72.47,98,0.0,3536.82
7663.88,72.47,96,1.25,3536.82
7663.88,72.31,96,0.0,3536.82
7663.88,71.82,98,0.0,3536.82
7663.88,71.74,98,0.0,3536.82
7663.88,71.79,98,0.0,3536.82
7663.88,71.87,98,0.0,3536.82
7663.88,71.71,98,1.25,3536.82
7663.88,71.52,98,0.0,3536.82
7663.88,71.65,98,0.0,3536.82
7663.88,71.65,96,0.0,3536.82
7663.88,71.71,96,0.0,3536.82
7663.88,71.57,98,0.0,3536.82
7663.88,71.91,98,1.2375,3536.82
7663.88,72.0,98,0.0,3536.82
7663.88,72.28,98,0.0,3536.82
7663.88,72.07,98,1.2375,3536.82
7663.88,72.22,98,0.0,3536.82
7663.88,71.49,98,0.0,3536.82
7663.88,71.63,97,1.25,3536.82
7663.88,71.87,91,1.25,3536.82
7663.88,72.03,91,1.25,3536.82
7663.88,71.94,91,0.0,3536.82
7663.88,72.07,100,0.0,3536.82
7663.88,72.15,100,0.0,3536.82
7663.88,72.34,100,0.0,3536.82
7663.88,72.34,100,1.2375,3536.82
7663.88,72.71,95,0.0,3536.82
7663.88,72.45,95,0.0,3536.82
7663.88,73.2,98,0.0,3536.82
7663.88,72.89,98,0.0,3536.82
7663.88,72.89,98,1.25,3536.82
7663.88,72.78,96,0.0,3536.82
7663.88,72.78,96,0.0,3536.82
7663.88,72.88,98,0.0,3536.82
7663.88,72.4,98,1.2375,3536.82
7663.88,72.17,98,0.0,3536.82
7663.88,72.02,98,0.0,3536.82
7663.88,71.78,98,0.0,3536.82
7663.88,71.81,98,1.2375,3536.82
7663.88,71.3,98,0.0,3536.82
7663.88,71.72,98,0.0,3536.82
7663.88,71.73,96,0.0,3536.82
7663.88,71.1,96,1.25,3536.82
7663.88,71.13,96,0.0,3536.82
7663.88,71.33,96,0.0,3536.82
7663.88,71.61,97,1.2125,3536.82
7663.88,71.6,97,0.0,3536.82
7663.88,71.55,97,0.0,3536.82
7663.88,71.32,97,1.2125,3536.82
7663.88,70.7,95,0.0,3536.82
7663.88,71.31,95,0.0,3536.82
7663.88,70.82,97,3.6375,3536.82
7663.88,67.5,97,0.0,3536.82
7663.88,68.11,89,0.0,3536.82
7663.88,68.08,89,1.2125,3536.82
7663.88,67.42,98,0.0,3536.82
7663.88,67.57,98,0.0,3536.82
7663.88,67.83,97,0.0,3536.82
7663.88,68.1,97,1.2125,3536.82
7663.88,68.39,97,0.0,3536.82
7663.88,69.15,96,0.0,3536.82
7663.88,69.1,96,0.0,3536.82
7663.88,72.25,97,1.225,3536.82
7663.88,72.22,97,0.0,3536.82
7663.88,72.04,97,0.0,3536.82
7663.88,73.01,98,1.2125,3536.82
7663.88,72.88,98,0.0,3536.82
7663.88,72.7,98,0.0,3536.82
7663.88,72.41,98,1.2125,3536.82
7663.88,72.03,98,0.0,3536.82
7663.88,71.92,98,0.0,3536.82
7663.88,71.92,97,0.0,3536.82
7663.88,71.94,97,1.225,3536.82
7663.88,71.79,98,0.0,3536.82
7663.88,71.6,98,0.0,3536.82
7663.88,71.56,98,0.0,3536.82
7663.88,71.66,98,1.2125,3536.82
7663.88,71.8,98,0.0,3536.82
7663.88,71.57,97,0.0,3536.82
7663.88,71.82,97,2.4125,3536.82
7663.88,71.73,98,0.0,3536.82
7663.88,71.92,98,0.0,3536.82
7663.88,72.08,98,1.2125,3536.82
7663.88,72.02,98,0.0,3536.82
7663.88,72.25,98,0.0,3536.82
7663.88,72.42,98,1.225,3536.82
7663.88,72.64,98,0.0,3536.82
7663.88,72.56,98,0.0,3536.82
7663.88,72.76,97,0.0,3536.82
7663.88,72.5,97,2.425,3536.82
7663.88,72.67,97,0.0,3536.82
7663.88,72.62,97,1.2125,3536.82
7663.88,72.68,92,0.0,3536.82
7663.88,72.55,92,0.0,3536.82
7663.88,72.49,97,1.2125,3536.82
7663.88,72.44,97,0.0,3536.82
7663.88,72.55,98,0.0,3536.82
7663.88,72.4,98,0.0,3536.82
7663.88,72.27,98,1.2125,3536.82
7663.88,71.82,98,0.0,3536.82
7663.88,71.95,97,0.0,3536.82
7663.88,71.6,98,1.2125,3536.82
7663.88,71.46,98,0.0,3536.82
7663.88,71.34,98,0.0,3536.82
7663.88,71.41,98,0.0,3536.82
7663.88,71.62,98,1.2125,3536.82
7663.88,71.8,98,0.0,3536.82
7663.88,71.88,98,0.0,3536.82
7663.88,71.84,98,1.2125,3536.82
7663.88,72.24,97,0.0,3536.82
7663.88,71.95,97,0.0,3536.82
7663.88,72.27,98,1.2125,3536.82
7663.88,72.17,98,0.0,3536.82
7663.88,72.41,98,1.225,3536.82
7663.88,72.46,98,0.0,3536.82
7663.88,72.67,93,0.0,3536.82
7663.88,72.89,93,2.4375,3536.82
7663.88,72.82,100,0.0,3536.82
7663.88,71.34,100,0.0,3536.82
7663.88,71.32,96,1.2125,3536.82
7663.88,71.47,96,0.0,3536.82
7663.88,71.7,97,0.0,3536.82
7663.88,71.65,97,1.2125,3536.82
7663.88,71.78,97,0.0,3536.82
7663.88,71.98,97,0.0,3536.82
7663.88,71.87,97,1.2125,3536.82
7663.88,71.78,97,0.0,3536.82
7663.88,71.05,97,0.0,3536.82
7663.88,70.87,97,0.0,3536.82
7663.88,72.48,96,1.2125,3536.82
7663.88,72.64,96,0.0,3536.82
7663.88,72.4,97,0.0,3536.82
7663.88,72.31,98,1.2125,3536.82
7663.88,72.45,98,0.0,3536.82
7663.88,72.5,97,0.0,3536.82
7663.88,72.47,97,0.0,3536.82
7663.88,72.5,97,1.2125,3536.82
7663.88,72.43,97,0.0,3536.82
7663.88,72.81,98,0.0,3536.82
7663.88,72.5,98,0.0,3536.82
7663.88,72.35,98,1.2125,3536.82
7663.88,72.14,98,0.0,3536.82
7663.88,72.19,98,0.0,3536.82
7663.88,71.87,98,1.2125,3536.82
7663.88,71.92,98,1.2125,3536.82
7663.88,72.12,98,0.0,3536.82
7663.88,72.2,90,1.2,3536.82
7663.88,71.47,90,0.0,3536.82
7663.88,71.91,98,1.2125,3536.82
7663.88,71.93,98,1.2125,3536.82
7663.88,72.25,98,0.0,3536.82
7663.88,72.28,98,0.0,3536.82
7663.88,72.58,98,2.175,3536.82
7663.88,72.54,98,0.0,3536.82
7663.88,72.94,97,0.0,3536.82
7663.88,72.94,97,1.1875,3536.82
7663.88,72.31,98,0.0,3536.82
7663.88,72.08,98,0.0,3536.82
7663.88,72.47,98,1.2125,3536.82
7663.88,72.36,98,0.0,3536.82
7663.88,72.28,98,0.0,3536.82
7663.88,72.03,98,0.0,3536.82
7663.88,71.95,98,0.0,3536.82
7663.88,71.96,97,1.2125,3536.82
7663.88,71.76,97,0.0,3536.82
7663.88,71.64,98,0.0,3536.82
7663.88,71.8,98,1.225,3536.82
7663.88,71.91,98,0.0,3536.82
7663.88,72.37,98,0.0,3536.82
7663.88,72.37,98,1.2125,3536.82
7663.88,72.23,98,0.0,3536.82
7663.88,72.06,98,0.0,3536.82
7663.88,72.14,98,1.2125,3536.82
7663.88,72.06,97,1.2125,3536.82
7663.88,71.82,97,0.0,3536.82
7663.88,71.7,97,0.0,3536.82
7663.88,71.57,98,0.0,3536.82
7663.88,71.67,98,1.2125,3536.82
7663.88,71.67,98,0.0,3536.82
7663.88,71.66,98,0.0,3536.82
7663.88,71.64,98,2.1125,3536.82
7663.88,71.71,97,0.0,3536.82
7663.88,71.59,97,2.4625,3536.82
7663.88,72.67,86,1.2125,3536.82
7663.88,72.4,86,0.0,3536.82
7663.88,72.43,100,0.0,3536.82
7663.88,72.94,100,1.2125,3536.82
7663.88,72.94,97,0.0,3536.82
7663.88,73.07,97,0.0,3536.82
7663.88,73.41,98,0.0,3536.82
7663.88,73.32,98,1.2125,3536.82
7663.88,73.49,97,0.0,3536.82
7663.88,73.27,97,0.0,3536.82
7663.88,73.45,98,1.2125,3536.82
7663.88,72.33,98,0.0,3536.82
7663.88,72.22,98,1.2125,3536.82
7663.88,72.69,98,0.0,3536.82
7663.88,72.95,98,1.2125,3536.82
7663.88,72.86,98,0.0,3536.82
7663.88,72.7,98,0.0,3536.82
7663.88,72.27,97,1.2125,3536.82
7663.88,72.24,97,0.0,3536.82
7663.88,72.17,98,0.0,3536.82
7663.88,72.1,98,0.0,3536.82
7663.88,72.0,98,1.2125,3536.82
7663.88,72.17,98,0.0,3536.82
7663.88,72.37,98,0.0,3536.82
7663.88,72.42,98,1.2125,3536.82
7663.88,72.03,98,1.1375,3536.82
7663.88,72.25,97,0.0,3536.82
7663.88,72.27,98,0.0,3536.82
7663.88,72.2,98,0.0,3536.82
7663.88,72.2,98,1.2125,3536.82
7663.88,71.88,98,0.0,3536.82
7663.88,71.78,98,0.0,3536.82
7663.88,71.78,98,0.0,3536.82
7663.88,71.8,98,1.2125,3536.82
7663.88,71.19,98,0.0,3536.82
7663.88,71.18,97,0.0,3536.82
7663.88,71.36,97,1.2125,3536.82
7663.88,72.91,98,1.2125,3536.82
7663.88,72.66,98,0.0,3536.82
7663.88,72.59,89,1.2125,3536.82
7663.88,72.59,89,0.0,3536.82
7663.88,72.63,100,0.0,3536.82
7663.88,72.26,100,2.4375,3536.82
7663.88,72.74,97,0.0,3536.82
7663.88,72.73,97,0.0,3536.82
7663.88,73.55,98,0.0,3536.82
7663.88,73.28,98,1.2,3536.82
7663.88,73.44,98,0.0,3536.82
7663.88,73.22,98,0.0,3536.82
7663.88,71.6,98,1.2125,3536.82
7663.88,71.86,98,0.0,3536.82
7663.88,71.92,97,0.0,3536.82
7663.88,71.92,98,1.2125,3536.82
7663.88,72.42,98,2.2,3536.82
7663.88,73.67,92,0.0,3536.82
7663.88,73.83,92,0.0,3536.82
7663.88,72.79,98,1.2125,3536.82
7663.88,73.16,98,0.0,3536.82
7663.88,73.52,97,0.0,3536.82
7663.88,73.62,97,0.0,3536.82
7663.88,73.64,98,1.2125,3536.82
7663.88,73.38,98,0.0,3536.82
7663.88,73.74,98,0.0,3536.82
7663.88,73.7,98,1.225,3536.82
7663.88,72.23,98,1.2125,3536.82
7663.88,71.64,98,0.0,3536.82
7663.88,72.39,98,0.0,3536.82
7663.88,72.16,98,1.2125,3536.82
7663.88,72.13,97,0.0,3536.82
7663.88,71.74,97,0.0,3536.82
7663.88,71.68,98,1.2125,3536.82
7663.88,71.72,98,0.0,3536.82
7663.88,72.2,98,0.0,3536.82
7663.88,72.12,98,1.2125,3536.82
7663.88,72.19,98,0.0,3536.82
7663.88,72.11,97,0.0,3536.82
7663.88,72.45,97,1.2125,3536.82
7663.88,72.53,98,0.0,3536.82
7663.88,72.24,98,0.0,3536.82
7663.88,72.2,98,1.2125,3536.82
7663.88,72.17,98,1.1,3536.82
7663.88,72.21,97,0.0,3536.82
7663.88,72.18,97,1.2125,3536.82
7663.88,72.0,98,0.0,3536.82
7663.88,71.74,98,0.0,3536.82
7663.88,71.76,96,1.2125,3536.82
7663.88,71.85,96,0.0,3536.82
7663.88,71.68,98,0.0,3536.82
7663.88,71.75,98,1.2125,3536.82
7663.88,71.78,98,0.0,3536.82
7663.88,71.98,98,2.425,3536.82
7663.88,73.79,83,1.2125,3536.82
7663.88,73.63,83,0.0,3536.82
7663.88,73.16,100,0.0,3536.82
7663.88,73.28,100,1.2125,3536.82
7663.88,73.59,95,0.0,3536.82
7663.88,73.59,95,0.0,3536.82
7663.88,73.84,97,0.0,3536.82
7663.88,74.14,97,1.2125,3536.82
7663.88,74.18,97,0.0,3536.82
7663.88,74.18,97,0.0,3536.82
7663.88,72.28,94,1.2125,3536.82
7663.88,72.6,94,0.0,3536.82
7663.88,72.6,97,0.0,3536.82
7663.88,72.54,97,0.0,3536.82
7663.88,72.51,97,1.2125,3536.82
7663.88,72.71,97,0.0,3536.82
7663.88,72.51,97,0.0,3536.82
7663.88,71.91,97,0.0,3536.82
7663.88,71.91,95,1.2125,3536.82
7663.88,71.95,95,1.2125,3536.82
7663.88,71.67,97,0.0,3536.82
7663.88,71.83,97,1.2125,3536.82
7663.88,71.41,97,0.0,3536.82
7663.88,71.75,97,0.0,3536.82
7663.88,71.74,97,1.2125,3536.82
7663.88,72.04,97,0.0,3536.82
7663.88,71.69,97,0.0,3536.82
7663.88,71.32,96,1.2,3536.82
7663.88,71.72,96,0.0,3536.82
7663.88,71.46,97,1.15,3536.82
7663.88,71.69,97,1.125,3536.82
7663.88,71.51,98,1.175,3536.82
7663.88,71.96,98,0.0,3536.82
7663.88,71.97,98,0.0,3536.82
7663.88,72.26,98,0.0,3536.82
7663.88,71.52,97,1.2125,3536.82
7663.88,71.74,97,0.0,3536.82
7663.88,71.8,98,1.2125,3536.82
7663.88,71.65,98,0.0,3536.82
7663.88,71.28,92,1.2125,3536.82
7663.88,71.37,98,0.0,3536.82
7663.88,70.44,98,1.2125,3536.82
7663.88,70.52,98,2.0875,3536.82
7663.88,70.62,98,0.0,3536.82
7663.88,70.37,97,1.2375,3536.82
7663.88,70.73,97,0.0,3536.82
7663.88,70.48,98,0.0,3536.82
7663.88,70.37,98,1.2375,3536.82
7663.88,70.72,98,0.0,3536.82
7663.88,70.89,98,0.0,3536.82
7663.88,70.92,98,0.0,3536.82
7663.88,71.67,98,1.2375,3536.82
7663.88,72.07,98,0.0,3536.82
7663.88,72.07,97,0.0,3536.82
7663.88,71.87,97,1.2375,3536.82
7663.88,72.13,98,0.0,3536.82
7663.88,72.11,98,1.2125,3536.82
7663.88,72.38,98,3.7375,3536.82
7663.88,72.53,98,1.25,3536.82
7663.88,72.53,98,0.0,3536.82
7663.88,72.31,98,0.0,3536.82
7663.88,72.37,98,0.0,3536.82
7663.88,71.66,94,3.7375,3536.82
7663.88,71.85,94,0.0,3536.82
7663.88,71.79,86,0.0,3536.82
7663.88,70.52,86,1.25,3536.82
7663.88,70.62,96,0.0,3536.82
7663.88,70.75,96,0.0,3536.82
7663.88,70.42,96,0.0,3536.82
7663.88,70.51,96,1.2375,3536.82
7663.88,70.43,97,0.0,3536.82
7663.88,70.71,97,1.25,3536.82
7663.88,70.61,97,0.0,3536.82
7663.88,71.61,96,1.2375,3536.82
7663.88,70.87,96,0.0,3536.82
7663.88,70.8,97,1.2125,3536.82
7663.88,71.77,97,0.0,3536.82
7663.88,71.74,97,0.0,3536.82
7663.88,71.46,97,0.0,3536.82
7663.88,71.46,95,1.2125,3536.82
7663.88,72.0,95,0.0,3536.82
7663.88,71.69,97,0.0,3536.82
7663.88,71.87,97,2.4375,3536.82
7663.88,72.14,97,0.0,3536.82
7663.88,71.81,98,0.0,3536.82
7663.88,72.13,98,2.1125,3536.82
7663.88,72.08,98,1.1625,3536.82
7663.88,72.43,98,0.0,3536.82
7663.88,72.43,96,0.0,3536.82
7663.88,72.49,96,0.0,3536.82
7663.88,72.22,98,0.0,3536.82
7663.88,72.44,98,1.225,3536.82
7663.88,72.2,98,0.0,3536.82
7663.88,72.4,98,0.0,3536.82
7663.88,72.22,98,0.0,3536.82
7663.88,72.41,96,0.0,3536.82
7663.88,72.45,96,1.2125,3536.82
7663.88,72.77,98,0.0,3536.82
7663.88,72.43,98,1.1125,3536.82
7663.88,72.23,98,3.4875,3536.82
7663.88,72.31,98,3.725,3536.82
7663.88,74.29,75,1.2375,3536.82
7663.88,74.47,75,0.0,3536.82
7663.88,74.41,100,0.0,3536.82
7663.88,74.69,100,1.2375,3536.82
7663.88,74.72,94,1.2375,3536.82
7663.88,74.9,94,0.0,3536.82
7663.88,73.94,95,0.0,3536.82
7663.88,74.17,95,1.25,3536.82
7663.88,74.23,97,0.0,3536.82
7663.88,74.15,97,0.0,3536.82
7663.88,71.87,97,0.0,3536.82
7663.88,71.85,97,1.2375,3536.82
7663.88,71.85,97,0.0,3536.82
7663.88,71.49,97,0.0,3536.82
7663.88,71.3,97,0.0,3536.82
7663.88,71.5,97,1.2125,3536.82
7663.88,71.3,95,0.0,3536.82
7663.88,72.2,95,1.2375,3536.82
7663.88,71.69,97,2.375,3536.82
7663.88,71.65,97,0.0,3536.82
7663.88,71.37,97,3.475,3536.82
7663.88,68.65,97,0.0,3536.82
7663.88,68.8,83,1.25,3536.82
7663.88,69.09,83,0.0,3536.82
7663.88,66.99,97,0.0,3536.82
7663.88,67.31,97,0.0,3536.82
7663.88,67.05,97,1.25,3536.82
7663.88,67.17,97,1.25,3536.82
7663.88,67.04,97,0.0,3536.82
7663.88,67.35,97,0.0,3536.82
7663.88,67.14,97,1.25,3536.82
7663.88,67.0,97,0.0,3536.82
7663.88,70.1,97,0.0,3536.82
7663.88,69.82,97,1.2375,3536.82
7663.88,69.49,97,0.0,3536.82
7663.88,71.46,97,1.225,3536.82
7663.88,71.28,97,0.0,3536.82
7663.88,71.1,97,0.0,3536.82
7663.88,71.1,97,0.0,3536.82
7663.88,71.13,97,1.2125,3536.82
7663.88,70.03,95,0.0,3536.82
7663.88,70.36,95,0.0,3536.82
7663.88,70.7,98,1.175,3536.82
7663.88,70.49,98,0.0,3536.82
7663.88,70.47,98,0.0,3536.82
7663.88,70.82,98,2.2375,3536.82
7663.88,70.8,98,0.0,3536.82
7663.88,71.0,98,0.0,3536.82
7663.88,70.8,98,0.0,3536.82
7663.88,70.76,98,0.0,3536.82
7663.88,70.65,96,1.25,3536.82
7663.88,71.57,98,0.0,3536.82
7663.88,71.31,98,0.0,3536.82
7663.88,71.43,98,1.25,3536.82
7663.88,71.7,98,0.0,3536.82
7663.88,71.68,98,0.0,3536.82
7663.88,71.98,98,0.0,3536.82
7663.88,71.77,98,1.25,3536.82
7663.88,72.02,98,1.225,3536.82
7663.88,71.85,97,4.9125,3536.82
7663.88,73.53,97,1.25,3536.82
7663.88,73.64,84,0.0,3536.82
7663.88,73.39,84,0.0,3536.82
7663.88,73.23,97,0.0,3536.82
7663.88,73.68,97,1.25,3536.82
7663.88,73.68,97,0.0,3536.82
7663.88,73.64,97,0.0,3536.82
7663.88,74.0,97,0.0,3536.82
7663.88,73.7,97,1.25,3536.82
7663.88,73.81,97,0.0,3536.82
7663.88,73.44,97,0.0,3536.82
7663.88,73.25,95,1.25,3536.82
7663.88,71.57,95,0.0,3536.82
7663.88,71.33,96,0.0,3536.82
7663.88,71.96,96,0.0,3536.82
7663.88,71.88,97,1.25,3536.82
7663.88,72.09,97,0.0,3536.82
7663.88,71.92,97,0.0,3536.82
7663.88,71.99,97,0.0,3536.82
7663.88,71.96,96,1.2375,3536.82
7663.88,72.15,96,2.4,3536.82
7663.88,72.56,96,0.0,3536.82
7663.88,72.45,96,0.0,3536.82
7663.88,72.62,98,1.225,3536.82
7663.88,72.71,98,1.2125,3536.82
7663.88,72.99,98,0.0,3536.82
7663.88,72.86,98,0.0,3536.82
7663.88,72.82,98,1.2125,3536.82
7663.88,72.66,96,0.0,3536.82
7663.88,72.89,96,0.0,3536.82
7663.88,72.75,98,0.0,3536.82
7663.88,72.78,98,1.2125,3536.82
7663.88,72.67,98,0.0,3536.82
7663.88,72.91,98,0.0,3536.82
7663.88,72.91,98,1.2125,3536.82
7663.88,72.93,98,2.0375,3536.82
7663.88,72.91,96,0.0,3536.82
7663.88,72.85,96,1.2125,3536.82
7663.88,69.58,83,6.075,3536.82
7663.88,69.89,83,0.0,3536.82
7663.88,70.15,86,0.0,3536.82
7663.88,69.77,86,1.2125,3536.82
7663.88,69.86,97,0.0,3536.82
7663.88,70.25,97,0.0,3536.82
7663.88,70.2,98,0.0,3536.82
7663.88,70.48,98,1.2125,3536.82
7663.88,70.26,98,0.0,3536.82
7663.88,70.11,98,0.0,3536.82
7663.88,69.79,96,1.2125,3536.82
7663.88,72.96,96,3.2125,3536.82
7663.88,72.09,97,0.0,3536.82
7663.88,71.85,97,0.0,3536.82
7663.88,72.1,98,0.0,3536.82
7663.88,72.1,98,1.25,3536.82
7663.88,72.18,98,0.0,3536.82
7663.88,72.49,98,0.0,3536.82
7663.88,72.29,98,0.0,3536.82
7663.88,72.16,98,1.25,3536.82
7663.88,72.11,96,0.0,3536.82
7663.88,72.22,96,0.0,3536.82
7663.88,72.22,98,0.0,3536.82
7663.88,72.45,98,1.25,3536.82
7663.88,72.48,98,0.0,3536.82
7663.88,72.78,98,0.0,3536.82
7663.88,72.63,98,0.0,3536.82
7663.88,72.64,98,1.25,3536.82
7663.88,71.72,96,0.0,3536.82
7663.88,71.7,96,0.0,3536.82
7663.88,71.69,98,1.25,3536.82
7663.88,71.69,98,0.0,3536.82
7663.88,71.73,98,0.0,3536.82
7663.88,71.85,98,0.0,3536.82
7663.88,71.96,98,1.25,3536.82
7663.88,70.85,98,2.4875,3536.82
7663.88,70.85,90,0.0,3536.82
7663.88,70.68,90,0.0,3536.82
7663.88,70.05,97,0.0,3536.82
7663.88,70.92,97,1.25,3536.82
7663.88,70.74,98,0.0,3536.82
7663.88,70.89,98,0.0,3536.82
7663.88,70.71,98,1.25,3536.82
7663.88,70.82,98,0.0,3536.82
7663.88,70.64,98,0.0,3536.82
7663.88,70.92,98,0.0,3536.82
7663.88,70.95,98,1.25,3536.82
7663.88,71.79,96,0.0,3536.82
7663.88,71.66,96,0.0,3536.82
7663.88,71.96,97,1.25,3536.82
7663.88,72.14,97,0.0,3536.82
7663.88,71.82,97,0.0,3536.82
7663.88,71.82,97,0.0,3536.82
7663.88,72.05,97,1.2375,3536.82
7663.88,72.0,97,0.0,3536.82
7663.88,72.48,97,0.0,3536.82
7663.88,71.04,94,1.25,3536.82
7663.88,71.05,94,0.0,3536.82
7663.88,71.3,96,0.0,3536.82
7663.88,71.6,96,0.0,3536.82
7663.88,71.5,97,1.225,3536.82
7663.88,71.61,97,0.0,3536.82
7663.88,71.54,97,0.0,3536.82
7663.88,71.72,97,0.0,3536.82
7663.88,71.58,97,1.2125,3536.82
7663.88,71.66,95,0.0,3536.82
7663.88,71.63,95,0.0,3536.82
7663.88,72.84,97,2.4125,3536.82
7663.88,72.91,97,0.0,3536.82
7663.88,72.85,97,0.0,3536.82
7663.88,72.83,97,0.0,3536.82
7663.88,72.67,97,1.2125,3536.82
7663.88,72.58,97,0.0,3536.82
7663.88,72.69,97,1.2125,3536.82
7663.88,72.78,97,0.0,3536.82
7663.88,72.86,90,1.2125,3536.82
7663.88,72.04,90,0.0,3536.82
7663.88,72.25,96,0.0,3536.82
7663.88,72.27,96,1.2125,3536.82
7663.88,72.18,98,0.0,3536.82
7663.88,71.93,98,0.0,3536.82
7663.88,71.86,96,0.0,3536.82
7663.88,71.67,96,2.4375,3536.82
7663.88,71.56,98,0.0,3536.82
7663.88,71.4,98,0.0,3536.82
7663.88,71.11,98,1.2125,3536.82
7663.88,70.91,98,0.0,3536.82
7663.88,71.43,98,1.1375,3536.82
7663.88,71.33,98,1.2125,3536.82
7663.88,71.64,88,0.0,3536.82
7663.88,71.88,88,0.0,3536.82
7663.88,71.14,100,1.2125,3536.82
7663.88,71.35,100,0.0,3536.82
7663.88,71.74,96,0.0,3536.82
7663.88,71.86,98,0.0,3536.82
7663.88,72.13,98,1.2125,3536.82
7663.88,72.31,98,0.0,3536.82
7663.88,72.37,98,0.0,3536.82
7663.88,72.52,98,0.0,3536.82
7663.88,71.91,98,1.2125,3536.82
7663.88,71.67,96,0.0,3536.82
7663.88,72.47,96,0.0,3536.82
7663.88,72.58,98,1.2125,3536.82
7663.88,72.33,98,0.0,3536.82
7663.88,72.53,98,0.0,3536.82
7663.88,72.45,98,1.2,3536.82
7663.88,72.66,98,0.0,3536.82
7663.88,72.7,98,0.0,3536.82
7663.88,72.81,98,1.2125,3536.82
7663.88,72.81,97,0.0,3536.82
7663.88,72.49,97,0.0,3536.82
7663.88,72.67,98,0.0,3536.82
7663.88,72.64,98,1.2125,3536.82
7663.88,72.45,98,0.0,3536.82
7663.88,72.17,98,0.0,3536.82
7663.88,72.07,98,1.2125,3536.82
7663.88,72.04,98,1.2125,3536.82
7663.88,72.17,98,0.0,3536.82
7663.88,72.0,96,1.2125,3536.82
7663.88,71.87,96,0.0,3536.82
7663.88,71.78,98,0.0,3536.82
7663.88,71.78,98,1.2125,3536.82
7663.88,71.53,98,0.0,3536.82
7663.88,71.8,98,0.0,3536.82
7663.88,71.69,98,1.2125,3536.82
7663.88,72.06,96,1.1875,3536.82
7663.88,71.87,96,0.0,3536.82
7663.88,72.78,90,1.2125,3536.82
7663.88,72.59,90,0.0,3536.82
7663.88,72.19,97,0.0,3536.82
7663.88,72.73,97,1.2125,3536.82
7663.88,72.86,98,0.0,3536.82
7663.88,73.18,98,0.0,3536.82
7663.88,72.64,96,0.0,3536.82
7663.88,72.86,96,1.2125,3536.82
7663.88,72.81,98,0.0,3536.82
7663.88,73.11,98,1.2125,3536.82
7663.88,72.22,98,0.0,3536.82
7663.88,71.79,98,1.2125,3536.82
7663.88,69.44,98,1.2125,3536.82
7663.88,69.36,89,0.0,3536.82
7663.88,69.11,89,1.2125,3536.82
7663.88,69.11,100,0.0,3536.82
7663.88,68.69,100,0.0,3536.82
7663.88,68.47,100,0.0,3536.82
7663.88,68.59,95,1.2125,3536.82
7663.88,68.65,95,0.0,3536.82
7663.88,68.58,95,0.0,3536.82
7663.88,68.47,98,1.225,3536.82
7663.88,68.95,98,0.0,3536.82
7663.88,71.91,98,0.0,3536.82
7663.88,71.91,98,1.2375,3536.82
7663.88,71.97,98,0.0,3536.82
7663.88,71.6,98,0.0,3536.82
7663.88,71.77,98,1.2125,3536.82
7663.88,72.4,96,0.0,3536.82
7663.88,72.49,96,0.0,3536.82
7663.88,72.2,98,1.2125,3536.82
7663.88,72.3,98,0.0,3536.82
7663.88,72.35,98,0.0,3536.82
7663.88,72.5,98,1.2125,3536.82
7663.88,72.33,98,0.0,3536.82
7663.88,72.33,98,1.2125,3536.82
7663.88,71.2,96,2.4375,3536.82
7663.88,72.09,96,0.0,3536.82
7663.88,72.25,90,0.0,3536.82
7663.88,72.0,90,0.0,3536.82
7663.88,71.42,97,1.2125,3536.82
7663.88,71.72,97,0.0,3536.82
7663.88,71.88,97,0.0,3536.82
7663.88,72.1,98,0.0,3536.82
7663.88,72.04,98,1.2125,3536.82
7663.88,72.02,98,0.0,3536.82
7663.88,72.0,98,0.0,3536.82
7663.88,72.89,98,1.2125,3536.82
7663.88,72.09,98,0.0,3536.82
7663.88,72.47,96,0.0,3536.82
7663.88,72.8,96,1.2125,3536.82
7663.88,72.96,98,0.0,3536.82
7663.88,72.81,98,0.0,3536.82
7663.88,72.77,98,1.2125,3536.82
7663.88,72.63,98,0.0,3536.82
7663.88,72.45,98,0.0,3536.82
7663.88,72.41,98,1.2125,3536.82
7663.88,72.35,98,0.0,3536.82
7663.88,72.09,98,0.0,3536.82
7663.88,72.1,96,1.2125,3536.82
7663.88,72.0,96,1.225,3536.82
7663.88,71.86,98,0.0,3536.82
7663.88,71.69,98,0.0,3536.82
7663.88,71.5,98,1.2125,3536.82
7663.88,71.52,98,0.0,3536.82
7663.88,71.42,98,0.0,3536.82
7663.88,71.73,98,0.0,3536.82
7663.88,71.73,96,1.2125,3536.82
7663.88,71.84,98,0.0,3536.82
7663.88,71.78,98,0.0,3536.82
7663.88,72.05,98,1.2125,3536.82
7663.88,72.01,98,1.2125,3536.82
7663.88,72.27,88,0.0,3536.82
7663.88,73.91,88,0.0,3536.82
7663.88,73.94,100,1.2125,3536.82
7663.88,73.48,100,0.0,3536.82
7663.88,73.7,95,0.0,3536.82
7663.88,73.78,95,0.0,3536.82
7663.88,74.11,97,1.2125,3536.82
7663.88,74.49,97,1.2125,3536.82
7663.88,74.44,97,0.0,3536.82
7663.88,74.59,97,1.2125,3536.82
7663.88,74.52,97,0.0,3536.82
7663.88,72.82,97,0.0,3536.82
7663.88,72.64,95,0.0,3536.82
7663.88,72.94,95,0.0,3536.82
7663.88,72.73,97,1.225,3536.82
7663.88,72.75,97,0.0,3536.82
7663.88,72.36,97,0.0,3536.82
7663.88,72.61,97,0.0,3536.82
7663.88,72.4,97,1.225,3536.82
7663.88,72.52,97,0.0,3536.82
7663.88,72.28,97,0.0,3536.82
7663.88,72.36,97,0.0,3536.82
7663.88,72.12,96,0.0,3536.82
7663.88,72.36,96,1.225,3536.82
7663.88,72.37,98,0.0,3536.82
7663.88,72.62,98,0.0,3536.82
7663.88,72.37,98,0.0,3536.82
7663.88,72.6,98,0.0,3536.82
7663.88,72.32,98,1.2125,3536.82
7663.88,72.57,97,0.0,3536.82
7663.88,72.44,97,1.2125,3536.82
7663.88,74.09,91,0.0,3536.82
7663.88,73.75,91,1.2125,3536.82
7663.88,73.99,100,0.0,3536.82
7663.88,73.9,100,0.0,3536.82
7663.88,73.22,98,0.0,3536.82
7663.88,73.22,98,1.2125,3536.82
7663.88,73.56,98,0.0,3536.82
7663.88,73.78,98,0.0,3536.82
7663.88,73.71,98,1.2125,3536.82
7663.88,73.14,98,0.0,3536.82
7663.88,71.72,96,0.0,3536.82
7663.88,71.74,96,0.0,3536.82
7663.88,71.7,98,1.2125,3536.82
7663.88,71.58,98,0.0,3536.82
7663.88,71.29,98,0.0,3536.82
7663.88,71.99,98,1.2125,3536.82
7663.88,72.02,98,0.0,3536.82
7663.88,71.61,98,0.0,3536.82
7663.88,71.35,98,1.2375,3536.82
7663.88,71.53,98,0.0,3536.82
7663.88,72.06,96,0.0,3536.82
7663.88,72.04,96,1.225,3536.82
7663.88,73.65,91,1.225,3536.82
7663.88,73.0,91,0.0,3536.82
7663.88,73.02,100,0.0,3536.82
7663.88,72.92,100,0.0,3536.82
7663.88,73.35,95,0.0,3536.82
7663.88,73.57,95,0.0,3536.82
7663.88,73.86,95,1.2375,3536.82
7663.88,73.81,98,0.0,3536.82
7663.88,73.51,98,0.0,3536.82
7663.88,73.38,98,0.0,3536.82
7663.88,73.41,98,0.0,3536.82
7663.88,71.78,98,0.0,3536.82
7663.88,72.27,98,1.2375,3536.82
7663.88,72.13,98,0.0,3536.82
7663.88,72.35,96,0.0,3536.82
7663.88,72.35,96,0.0,3536.82
7663.88,71.72,98,0.0,3536.82
7663.88,71.72,98,1.2125,3536.82
7663.88,71.87,96,0.0,3536.82
7663.88,72.02,96,0.0,3536.82
7663.88,71.67,97,1.2125,3536.82
7663.88,71.67,97,0.0,3536.82
7663.88,71.49,95,0.0,3536.82
7663.88,71.43,95,1.2125,3536.82
7663.88,71.76,97,0.0,3536.82
7663.88,71.61,97,0.0,3536.82
7663.88,71.66,97,0.0,3536.82
7663.88,71.37,97,1.2,3536.82
7663.88,71.49,97,0.0,3536.82
7663.88,71.24,97,1.2125,3536.82
7663.88,71.36,97,0.0,3536.82
7663.88,70.19,97,0.0,3536.82
7663.88,70.4,95,1.2,3536.82
7663.88,70.86,95,0.0,3536.82
7663.88,71.09,97,0.0,3536.82
7663.88,71.31,97,1.2125,3536.82
7663.88,71.56,97,2.4125,3536.82
7663.88,70.88,97,0.0,3536.82
7663.88,70.06,89,1.2125,3536.82
7663.88,70.06,89,0.0,3536.82
7663.88,70.19,100,0.0,3536.82
7663.88,69.93,100,0.0,3536.82
7663.88,70.91,100,1.2125,3536.82
7663.88,70.9,98,0.0,3536.82
7663.88,70.78,98,0.0,3536.82
7663.88,70.46,98,1.2,3536.82
7663.88,70.46,98,0.0,3536.82
7663.88,71.14,98,0.0,3536.82
7663.88,72.02,98,1.2125,3536.82
7663.88,71.79,98,0.0,3536.82
7663.88,71.84,98,0.0,3536.82
7663.88,72.1,98,0.0,3536.82
7663.88,71.95,98,1.2125,3536.82
7663.88,72.0,97,0.0,3536.82
7663.88,72.17,97,1.2125,3536.82
7663.88,72.05,98,0.0,3536.82
7663.88,72.19,98,0.0,3536.82
7663.88,72.02,98,1.2125,3536.82
7663.88,72.07,98,0.0,3536.82
7663.88,72.07,97,1.2125,3536.82
7663.88,72.27,97,0.0,3536.82
7663.88,71.09,96,0.0,3536.82
7663.88,71.04,96,1.2125,3536.82
7663.88,71.34,98,0.0,3536.82
7663.88,71.37,98,0.0,3536.82
7663.88,71.61,98,1.2125,3536.82
7663.88,71.52,98,0.0,3536.82
7663.88,71.62,98,0.0,3536.82
7663.88,71.43,98,1.2125,3536.82
7663.88,71.4,98,0.0,3536.82
7663.88,71.06,95,0.0,3536.82
7663.88,70.91,95,1.2125,3536.82
7663.88,72.09,98,0.0,3536.82
7663.88,72.2,98,0.0,3536.82
7663.88,72.09,98,1.2125,3536.82
7663.88,72.1,98,0.0,3536.82
7663.88,71.9,98,0.0,3536.82
7663.88,71.74,98,0.0,3536.82
7663.88,71.94,98,1.2125,3536.82
7663.88,72.46,98,1.2125,3536.82
7663.88,72.79,92,0.0,3536.82
7663.88,72.29,92,0.0,3536.82
7663.88,72.12,97,1.2125,3536.82
7663.88,72.64,97,0.0,3536.82
7663.88,72.66,98,0.0,3536.82
7663.88,72.97,98,1.2125,3536.82
7663.88,72.87,98,0.0,3536.82
7663.88,73.1,98,1.2125,3536.82
7663.88,73.08,97,0.0,3536.82
7663.88,73.05,98,1.2125,3536.82
7663.88,72.3,98,0.0,3536.82
7663.88,72.28,98,0.0,3536.82
7663.88,72.7,98,1.2125,3536.82
7663.88,72.78,98,0.0,3536.82
7663.88,72.57,98,0.0,3536.82
7663.88,72.49,97,0.0,3536.82
7663.88,72.49,97,1.2375,3536.82
7663.88,73.96,90,1.1875,3536.82
7663.88,73.56,90,0.0,3536.82
7663.88,73.21,100,0.0,3536.82
7663.88,73.24,100,1.2125,3536.82
7663.88,73.61,97,0.0,3536.82
7663.88,73.91,97,0.0,3536.82
7663.88,74.11,97,0.0,3536.82
7663.88,74.14,97,1.225,3536.82
7663.88,74.25,97,1.225,3536.82
7663.88,74.09,97,0.0,3536.82
7663.88,74.24,98,0.0,3536.82
7663.88,72.19,98,1.2125,3536.82
7663.88,72.23,98,0.0,3536.82
7663.88,72.37,98,0.0,3536.82
7663.88,72.34,98,0.0,3536.82
7663.88,71.89,98,1.2125,3536.82
7663.88,71.78,96,0.0,3536.82
7663.88,71.69,96,0.0,3536.82
7663.88,71.52,98,0.0,3536.82
7663.88,71.41,98,1.2125,3536.82
7663.88,71.2,98,0.0,3536.82
7663.88,71.37,98,0.0,3536.82
7663.88,71.22,98,1.225,3536.82
7663.88,70.95,96,0.0,3536.82
7663.88,71.34,96,0.0,3536.82
7663.88,71.55,96,0.0,3536.82
7663.88,71.73,98,1.2125,3536.82
7663.88,71.7,98,0.0,3536.82
7663.88,71.77,98,0.0,3536.82
7663.88,71.56,98,0.0,3536.82
7663.88,71.71,98,1.2125,3536.82
7663.88,71.52,98,0.0,3536.82
7663.88,71.74,98,0.0,3536.82
7663.88,71.89,98,1.2125,3536.82
7663.88,72.97,96,0.0,3536.82
7663.88,72.87,96,0.0,3536.82
7663.88,73.03,98,2.4375,3536.82
7663.88,72.8,98,0.0,3536.82
7663.88,71.44,98,1.225,3536.82
7663.88,70.98,98,1.2125,3536.82
7663.88,71.09,88,0.0,3536.82
7663.88,69.98,88,0.0,3536.82
7663.88,70.42,97,0.0,3536.82
7663.88,70.69,97,0.0,3536.82
7663.88,70.87,97,1.225,3536.82
7663.88,70.71,97,0.0,3536.82
7663.88,70.81,97,0.0,3536.82
7663.88,70.59,97,0.0,3536.82
7663.88,70.8,95,1.225,3536.82
7663.88,71.99,97,0.0,3536.82
7663.88,71.99,97,0.0,3536.82
7663.88,72.29,97,0.0,3536.82
7663.88,72.03,97,1.225,3536.82
7663.88,73.19,97,0.0,3536.82
7663.88,73.03,97,1.225,3536.82
7663.88,73.77,91,0.0,3536.82
7663.88,73.59,91,0.0,3536.82
7663.88,73.29,100,0.0,3536.82
7663.88,73.29,100,1.225,3536.82
7663.88,73.04,100,0.0,3536.82
7663.88,72.27,100,0.0,3536.82
7663.88,72.65,95,0.0,3536.82
7663.88,72.91,95,0.0,3536.82
7663.88,73.06,98,0.0,3536.82
7663.88,72.97,98,1.225,3536.82
7663.88,72.84,98,0.0,3536.82
7663.88,71.85,98,0.0,3536.82
7663.88,72.07,98,0.0,3536.82
7663.88,71.91,98,0.0,3536.82
7663.88,71.79,98,0.0,3536.82
7663.88,71.83,98,0.0,3536.82
7663.88,72.58,96,1.225,3536.82
7663.88,72.44,96,0.0,3536.82
7663.88,72.52,97,0.0,3536.82
7663.88,72.49,97,0.0,3536.82
7663.88,72.54,98,0.0,3536.82
7663.88,72.58,98,0.0,3536.82
7663.88,72.48,98,1.2375,3536.82
7663.88,72.33,98,0.0,3536.82
7663.88,72.35,96,0.0,3536.82
7663.88,72.46,96,1.2375,3536.82
7663.88,72.3,98,0.0,3536.82
7663.88,72.46,98,0.0,3536.82
7663.88,72.13,98,0.0,3536.82
7663.88,72.07,98,1.225,3536.82
7663.88,73.0,92,0.0,3536.82
7663.88,72.34,92,1.2375,3536.82
7663.88,72.28,100,0.0,3536.82
7663.88,72.59,100,0.0,3536.82
7663.88,72.33,100,0.0,3536.82
7663.88,72.38,100,0.0,3536.82
7663.88,72.79,95,0.0,3536.82
7663.88,72.91,98,0.0,3536.82
7663.88,73.05,98,1.2375,3536.82
7663.88,73.05,98,0.0,3536.82
7663.88,73.22,98,0.0,3536.82
7663.88,71.86,98,0.0,3536.82
7663.88,72.39,98,0.0,3536.82
7663.88,71.99,98,1.225,3536.82
7663.88,71.55,98,0.0,3536.82
7663.88,71.92,96,0.0,3536.82
7663.88,71.72,96,0.0,3536.82
7663.88,71.63,98,0.0,3536.82
7663.88,71.65,98,0.0,3536.82
7663.88,71.81,98,0.0,3536.82
7663.88,71.77,98,1.225,3536.82
7663.88,71.86,98,0.0,3536.82
7663.88,71.85,98,0.0,3536.82
7663.88,70.9,96,0.0,3536.82
7663.88,71.18,96,0.0,3536.82
7663.88,71.35,98,0.0,3536.82
7663.88,71.25,98,0.0,3536.82
7663.88,71.23,98,1.225,3536.82
7663.88,72.35,98,1.225,3536.82
7663.88,72.16,92,0.0,3536.82
7663.88,72.18,92,0.0,3536.82
7663.88,71.99,100,0.0,3536.82
7663.88,72.38,100,0.0,3536.82
7663.88,71.52,100,0.0,3536.82
7663.88,72.86,100,1.225,3536.82
7663.88,72.94,97,0.0,3536.82
7663.88,72.79,97,0.0,3536.82
7663.88,73.06,97,0.0,3536.82
7663.88,73.21,97,0.0,3536.82
7663.88,72.28,98,1.225,3536.82
7663.88,72.41,98,0.0,3536.82
7663.88,72.21,97,0.0,3536.82
7663.88,72.31,97,0.0,3536.82
7663.88,71.79,97,1.225,3536.82
7663.88,72.52,95,0.0,3536.82
7663.88,72.19,95,0.0,3536.82
7663.88,72.19,95,0.0,3536.82
7663.88,72.57,96,2.45,3536.82
7663.88,72.36,97,0.0,3536.82
7663.88,72.37,97,0.0,3536.82
7663.88,71.93,97,1.2125,3536.82
7663.88,72.18,97,0.0,3536.82
7663.88,71.78,97,0.0,3536.82
7663.88,71.89,97,0.0,3536.82
7663.88,72.45,97,1.225,3536.82
7663.88,72.45,95,0.0,3536.82
7663.88,72.38,95,0.0,3536.82
7663.88,72.49,97,0.0,3536.82
7663.88,72.46,97,1.2125,3536.82
7663.88,72.48,97,1.2125,3536.82
7663.88,72.61,97,1.2125,3536.82
7663.88,72.79,88,0.0,3536.82
7663.88,71.77,100,0.0,3536.82
7663.88,71.77,100,1.2125,3536.82
7663.88,72.54,100,0.0,3536.82
7663.88,72.23,95,0.0,3536.82
7663.88,72.46,95,1.2125,3536.82
7663.88,72.38,97,0.0,3536.82
7663.88,72.38,97,0.0,3536.82
7663.88,72.13,96,1.2125,3536.82
7663.88,71.96,98,0.0,3536.82
7663.88,71.19,98,0.0,3536.82
7663.88,71.2,98,0.0,3536.82
7663.88,71.93,98,1.2125,3536.82
7663.88,71.93,98,0.0,3536.82
7663.88,71.8,98,0.0,3536.82
7663.88,72.03,98,1.2125,3536.82
7663.88,72.5,98,1.2125,3536.82
7663.88,72.62,88,0.0,3536.82
7663.88,72.62,88,0.0,3536.82
7663.88,71.75,100,1.2125,3536.82
7663.88,71.79,100,0.0,3536.82
7663.88,71.79,95,0.0,3536.82
7663.88,72.1,95,1.2125,3536.82
7663.88,72.42,98,0.0,3536.82
7663.88,72.58,98,0.0,3536.82
7663.88,72.46,98,1.2125,3536.82
7663.88,72.46,98,0.0,3536.82
7663.88,72.64,98,1.2125,3536.82
7663.88,71.95,98,0.0,3536.82
7663.88,71.64,98,1.2125,3536.82
7663.88,71.77,98,0.0,3536.82
7663.88,72.28,96,0.0,3536.82
7663.88,72.72,98,1.2125,3536.82
7663.88,72.45,98,0.0,3536.82
7663.88,72.45,98,0.0,3536.82
7663.88,72.3,98,0.0,3536.82
7663.88,72.09,98,1.2125,3536.82
7663.88,72.22,98,0.0,3536.82
7663.88,71.91,98,0.0,3536.82
7663.88,72.12,98,1.2125,3536.82
7663.88,72.02,96,0.0,3536.82
7663.88,72.32,96,0.0,3536.82
7663.88,72.11,98,0.0,3536.82
7663.88,72.29,98,1.2125,3536.82
7663.88,71.99,98,0.0,3536.82
7663.88,72.19,98,0.0,3536.82
7663.88,71.97,98,1.2125,3536.82
7663.88,72.11,98,0.0,3536.82
7663.88,72.02,96,1.2125,3536.82
7663.88,72.17,96,0.0,3536.82
7663.88,71.88,98,1.2125,3536.82
7663.88,72.1,98,0.0,3536.82
7663.88,71.81,98,0.0,3536.82
7663.88,71.98,98,0.0,3536.82
7663.88,71.76,98,2.35,3536.82
7663.88,71.84,85,0.0,3536.82
7663.88,72.49,85,1.1875,3536.82
7663.88,72.52,100,0.0,3536.82
7663.88,72.71,100,0.0,3536.82
7663.88,72.78,96,0.0,3536.82
7663.88,72.7,96,0.0,3536.82
7663.88,73.23,97,1.225,3536.82
7663.88,73.46,97,0.0,3536.82
7663.88,74.0,95,0.0,3536.82
7663.88,74.11,95,0.0,3536.82
7663.88,73.84,97,1.225,3536.82
7663.88,73.19,97,0.0,3536.82
7663.88,73.13,97,0.0,3536.82
7663.88,72.87,97,0.0,3536.82
7663.88,72.49,97,1.225,3536.82
7663.88,72.84,97,1.225,3536.82
7663.88,72.5,97,0.0,3536.82
7663.88,72.39,97,0.0,3536.82
7663.88,71.93,95,0.0,3536.82
7663.88,71.71,95,1.225,3536.82
7663.88,71.7,97,0.0,3536.82
7663.88,71.95,97,0.0,3536.82
7663.88,71.87,98,0.0,3536.82
7663.88,71.81,98,0.0,3536.82
7663.88,71.85,98,1.225,3536.82
7663.88,72.19,98,0.0,3536.82
7663.88,72.1,98,0.0,3536.82
7663.88,72.03,98,1.2,3536.82
7663.88,69.16,87,1.2375,3536.82
7663.88,68.99,87,0.0,3536.82
7663.88,68.67,100,0.0,3536.82
7663.88,67.76,100,0.0,3536.82
7663.88,68.07,97,0.0,3536.82
7663.88,68.25,97,1.225,3536.82
7663.88,68.61,98,0.0,3536.82
7663.88,68.69,98,0.0,3536.82
7663.88,68.17,96,0.0,3536.82
7663.88,68.16,96,0.0,3536.82
7663.88,68.14,98,1.2375,3536.82
7663.88,70.82,98,0.0,3536.82
7663.88,71.2,98,0.0,3536.82
7663.88,71.2,98,0.0,3536.82
7663.88,71.62,98,0.0,3536.82
7663.88,71.41,98,0.0,3536.82
7663.88,71.29,98,1.225,3536.82
7663.88,71.29,98,0.0,3536.82
7663.88,71.28,96,0.0,3536.82
7663.88,72.03,96,0.0,3536.82
7663.88,71.87,98,0.0,3536.82
7663.88,71.99,98,1.225,3536.82
7663.88,71.86,98,0.0,3536.82
7663.88,72.12,98,0.0,3536.82
7663.88,72.17,98,0.0,3536.82
7663.88,72.48,98,0.0,3536.82
7663.88,72.39,98,0.0,3536.82
7663.88,72.71,96,1.225,3536.82
7663.88,72.67,96,0.0,3536.82
7663.88,72.81,98,0.0,3536.82
7663.88,72.56,98,0.0,3536.82
7663.88,72.64,98,0.0,3536.82
7663.88,72.52,98,1.225,3536.82
7663.88,72.65,98,1.225,3536.82
7663.88,72.77,98,0.0,3536.82
7663.88,72.84,96,0.0,3536.82
7663.88,73.03,96,0.0,3536.82
7663.88,72.9,98,1.225,3536.82
7663.88,73.11,98,1.225,3536.82
7663.88,73.09,88,0.0,3536.82
7663.88,73.11,88,0.0,3536.82
7663.88,72.15,88,0.0,3536.82
7663.88,72.25,100,1.2125,3536.82
7663.88,72.6,100,0.0,3536.82
7663.88,72.53,94,0.0,3536.82
7663.88,72.53,94,1.2125,3536.82
7663.88,72.68,97,0.0,3536.82
7663.88,72.47,97,0.0,3536.82
7663.88,72.47,97,1.2125,3536.82
7663.88,72.18,95,0.0,3536.82
7663.88,72.11,95,0.0,3536.82
7663.88,71.45,97,0.0,3536.82
7663.88,72.14,97,1.2125,3536.82
7663.88,72.21,97,0.0,3536.82
7663.88,71.84,97,0.0,3536.82
7663.88,72.06,97,1.225,3536.82
7663.88,71.84,97,0.0,3536.82
7663.88,71.85,95,0.0,3536.82
7663.88,71.5,95,1.225,3536.82
7663.88,71.56,97,0.0,3536.82
7663.88,71.14,97,1.2125,3536.82
7663.88,68.37,88,1.2125,3536.82
7663.88,68.22,88,0.0,3536.82
7663.88,68.54,100,0.0,3536.82
7663.88,67.32,100,2.4125,3536.82
7663.88,67.67,97,0.0,3536.82
7663.88,67.7,97,0.0,3536.82
7663.88,68.08,98,0.0,3536.82
7663.88,68.35,98,1.2125,3536.82
7663.88,68.58,98,0.0,3536.82
7663.88,68.59,96,0.0,3536.82
7663.88,68.93,96,0.0,3536.82
7663.88,71.95,98,1.2125,3536.82
7663.88,71.96,98,0.0,3536.82
7663.88,73.06,98,0.0,3536.82
7663.88,72.89,98,0.0,3536.82
7663.88,72.69,98,1.2125,3536.82
7663.88,72.33,98,0.0,3536.82
7663.88,71.98,98,0.0,3536.82
7663.88,71.58,98,1.2125,3536.82
7663.88,71.45,96,0.0,3536.82
7663.88,71.24,96,0.0,3536.82
7663.88,71.0,98,0.0,3536.82
7663.88,70.92,98,1.2125,3536.82
7663.88,71.01,98,0.0,3536.82
7663.88,71.31,98,0.0,3536.82
7663.88,71.23,98,1.225,3536.82
7663.88,71.36,98,0.0,3536.82
7663.88,70.35,96,0.0,3536.82
7663.88,70.65,96,1.225,3536.82
7663.88,70.87,96,1.225,3536.82
7663.88,71.1,98,0.0,3536.82
7663.88,71.06,98,1.225,3536.82
7663.88,72.91,98,0.0,3536.82
7663.88,72.66,93,0.0,3536.82
7663.88,72.91,97,1.2125,3536.82
7663.88,72.61,97,0.0,3536.82
7663.88,72.72,97,0.0,3536.82
7663.88,74.1,98,0.0,3536.82
7663.88,74.02,98,0.0,3536.82
7663.88,74.02,98,1.225,3536.82
7663.88,73.89,98,0.0,3536.82
7663.88,74.0,98,0.0,3536.82
7663.88,74.0,98,0.0,3536.82
7663.88,72.12,98,0.0,3536.82
7663.88,72.47,98,1.2125,3536.82
7663.88,72.08,96,0.0,3536.82
7663.88,72.23,96,0.0,3536.82
7663.88,72.03,98,1.2125,3536.82
7663.88,71.81,98,0.0,3536.82
7663.88,71.57,98,0.0,3536.82
7663.88,71.52,98,1.2,3536.82
7663.88,69.87,93,1.2125,3536.82
7663.88,69.65,93,0.0,3536.82
7663.88,69.5,98,0.0,3536.82
7663.88,69.61,98,0.0,3536.82
7663.88,69.68,97,1.2125,3536.82
7663.88,70.0,97,0.0,3536.82
7663.88,70.27,97,0.0,3536.82
7663.88,70.39,97,0.0,3536.82
7663.88,70.44,98,1.2375,3536.82
7663.88,70.43,98,0.0,3536.82
7663.88,70.65,98,0.0,3536.82
7663.88,72.23,98,1.2125,3536.82
7663.88,72.63,98,0.0,3536.82
7663.88,72.76,98,0.0,3536.82
7663.88,73.06,98,1.2125,3536.82
7663.88,73.15,96,0.0,3536.82
7663.88,72.91,96,0.0,3536.82
7663.88,72.99,97,1.2125,3536.82
7663.88,72.88,97,2.425,3536.82
7663.88,73.19,91,0.0,3536.82
7663.88,72.8,91,0.0,3536.82
7663.88,71.97,100,0.0,3536.82
7663.88,72.34,100,0.0,3536.82
7663.88,72.37,95,1.225,3536.82
7663.88,72.73,95,0.0,3536.82
7663.88,72.45,98,0.0,3536.82
7663.88,72.5,98,0.0,3536.82
7663.88,72.25,98,0.0,3536.82
7663.88,72.35,98,1.2375,3536.82
7663.88,72.22,98,0.0,3536.82
7663.88,71.93,98,0.0,3536.82
7663.88,71.98,98,0.0,3536.82
7663.88,72.45,96,1.2125,3536.82
7663.88,72.82,96,0.0,3536.82
7663.88,72.61,96,0.0,3536.82
7663.88,74.23,98,1.2125,3536.82
7663.88,73.81,98,0.0,3536.82
7663.88,73.78,93,0.0,3536.82
7663.88,73.38,93,1.2125,3536.82
7663.88,73.51,98,0.0,3536.82
7663.88,73.63,98,0.0,3536.82
7663.88,73.58,98,0.0,3536.82
7663.88,73.58,98,0.0,3536.82
7663.88,73.94,98,1.2125,3536.82
7663.88,73.94,98,0.0,3536.82
7663.88,73.89,98,0.0,3536.82
7663.88,73.89,98,0.0,3536.82
7663.88,72.21,97,0.0,3536.82
7663.88,72.16,97,1.225,3536.82
7663.88,72.18,98,0.0,3536.82
7663.88,72.31,98,0.0,3536.82
7663.88,72.37,98,0.0,3536.82
7663.88,72.28,98,0.0,3536.82
7663.88,72.44,98,0.0,3536.82
7663.88,72.51,96,1.225,3536.82
7663.88,72.63,96,0.0,3536.82
7663.88,72.22,98,1.2375,3536.82
7663.88,72.19,98,1.225,3536.82
7663.88,73.63,92,0.0,3536.82
7663.88,72.68,92,0.0,3536.82
7663.88,72.7,100,0.0,3536.82
7663.88,72.14,100,0.0,3536.82
7663.88,72.49,97,1.225,3536.82
7663.88,72.6,97,0.0,3536.82
7663.88,72.81,98,0.0,3536.82
7663.88,72.49,98,0.0,3536.82
7663.88,72.59,96,0.0,3536.82
7663.88,72.64,96,0.0,3536.82
7663.88,72.8,98,1.2375,3536.82
7663.88,71.38,98,0.0,3536.82
7663.88,72.28,98,0.0,3536.82
7663.88,72.07,98,0.0,3536.82
7663.88,72.6,98,0.0,3536.82
7663.88,72.48,98,0.0,3536.82
7663.88,72.48,97,1.225,3536.82
7663.88,72.61,97,0.0,3536.82
7663.88,72.69,96,0.0,3536.82
7663.88,72.38,96,0.0,3536.82
7663.88,72.61,98,0.0,3536.82
7663.88,72.4,98,1.225,3536.82
7663.88,72.53,98,0.0,3536.82
7663.88,72.15,98,0.0,3536.82
7663.88,72.43,96,0.0,3536.82
7663.88,72.52,96,1.2125,3536.82
7663.88,72.44,96,0.0,3536.82
7663.88,72.27,96,0.0,3536.82
7663.88,72.16,97,1.2125,3536.82
7663.88,72.1,97,1.2125,3536.82
7663.88,72.25,97,0.0,3536.82
7663.88,72.15,97,1.2125,3536.82
7663.88,72.27,97,0.0,3536.82
7663.88,72.19,97,0.0,3536.82
7663.88,74.49,97,1.2125,3536.82
7663.88,73.66,91,1.2125,3536.82
7663.88,73.66,91,0.0,3536.82
7663.88,73.4,100,0.0,3536.82
7663.88,73.13,100,0.0,3536.82
7663.88,73.14,97,1.2125,3536.82
7663.88,73.3,97,0.0,3536.82
7663.88,73.6,97,0.0,3536.82
7663.88,73.67,97,1.225,3536.82
7663.88,73.91,96,0.0,3536.82
7663.88,73.75,96,0.0,3536.82
7663.88,72.01,98,1.2125,3536.82
7663.88,72.54,98,0.0,3536.82
7663.88,72.51,98,0.0,3536.82
7663.88,72.18,98,0.0,3536.82
7663.88,72.2,98,1.2125,3536.82
7663.88,72.35,98,0.0,3536.82
7663.88,71.89,97,0.0,3536.82
7663.88,71.9,97,1.2125,3536.82
7663.88,71.89,98,0.0,3536.82
7663.88,71.96,98,0.0,3536.82
7663.88,72.03,98,0.0,3536.82
7663.88,72.1,98,1.2125,3536.82
7663.88,72.09,97,0.0,3536.82
7663.88,72.1,98,0.0,3536.82
7663.88,72.34,98,1.2125,3536.82
7663.88,72.52,96,1.2125,3536.82
7663.88,72.33,96,0.0,3536.82
7663.88,72.44,98,0.0,3536.82
7663.88,74.23,98,1.2125,3536.82
7663.88,73.84,91,1.2125,3536.82
7663.88,73.67,91,0.0,3536.82
7663.88,73.58,96,0.0,3536.82
7663.88,74.01,96,0.0,3536.82
7663.88,74.11,97,1.2125,3536.82
7663.88,74.34,97,0.0,3536.82
7663.88,74.32,97,0.0,3536.82
7663.88,74.5,97,0.0,3536.82
7663.88,74.43,97,1.2125,3536.82
7663.88,74.69,97,0.0,3536.82
7663.88,72.92,95,0.0,3536.82
7663.88,73.04,95,1.2125,3536.82
7663.88,73.12,95,0.0,3536.82
7663.88,73.18,97,0.0,3536.82
7663.88,72.89,97,1.225,3536.82
7663.88,72.95,97,0.0,3536.82
7663.88,72.83,97,0.0,3536.82
7663.88,72.92,97,1.2125,3536.82
7663.88,72.92,97,0.0,3536.82
7663.88,72.96,97,1.2125,3536.82
7663.88,72.63,96,0.0,3536.82
7663.88,72.5,96,0.0,3536.82
7663.88,72.5,98,1.2125,3536.82
7663.88,72.58,98,0.0,3536.82
7663.88,72.54,98,0.0,3536.82
7663.88,72.67,98,0.0,3536.82
7663.88,72.6,98,0.0,3536.82
7663.88,72.29,98,1.2125,3536.82
7663.88,72.29,96,0.0,3536.82
7663.88,72.43,96,0.0,3536.82
7663.88,72.19,98,1.2125,3536.82
7663.88,72.05,98,0.0,3536.82
7663.88,72.04,98,0.0,3536.82
7663.88,72.02,98,1.2125,3536.82
7663.88,71.94,98,0.0,3536.82
7663.88,71.75,98,0.0,3536.82
7663.88,71.72,98,0.0,3536.82
7663.88,70.27,90,1.2125,3536.82
7663.88,69.79,90,1.2125,3536.82
7663.88,69.79,100,0.0,3536.82
7663.88,68.27,100,0.0,3536.82
7663.88,68.9,96,1.2125,3536.82
7663.88,69.15,96,1.2125,3536.82
7663.88,69.52,98,0.0,3536.82
7663.88,69.61,98,0.0,3536.82
7663.88,69.87,98,1.2125,3536.82
7663.88,69.83,97,0.0,3536.82
7663.88,69.91,98,0.0,3536.82
7663.88,69.91,98,0.0,3536.82
7663.88,71.58,98,1.2125,3536.82
7663.88,71.88,98,0.0,3536.82
7663.88,73.69,98,1.225,3536.82
7663.88,72.42,90,0.0,3536.82
7663.88,72.29,100,0.0,3536.82
7663.88,72.29,100,1.2125,3536.82
7663.88,71.64,97,0.0,3536.82
7663.88,71.81,97,0.0,3536.82
7663.88,72.09,98,0.0,3536.82
7663.88,71.89,98,1.225,3536.82
7663.88,72.09,97,0.0,3536.82
7663.88,72.23,97,0.0,3536.82
7663.88,72.36,98,0.0,3536.82
7663.88,71.4,98,2.4375,3536.82
7663.88,72.24,98,0.0,3536.82
7663.88,72.01,98,0.0,3536.82
7663.88,72.53,98,0.0,3536.82
7663.88,72.39,98,1.225,3536.82
7663.88,72.53,98,0.0,3536.82
7663.88,72.28,98,0.0,3536.82
7663.88,72.39,96,0.0,3536.82
7663.88,72.27,96,0.0,3536.82
7663.88,72.58,98,1.2375,3536.82
7663.88,72.37,98,0.0,3536.82
7663.88,72.25,98,0.0,3536.82
7663.88,72.27,96,1.225,3536.82
7663.88,71.65,96,0.0,3536.82
7663.88,71.57,96,0.0,3536.82
7663.88,70.19,96,0.0,3536.82
7663.88,70.44,97,0.0,3536.82
7663.88,70.62,97,0.0,3536.82
7663.88,70.68,97,1.2375,3536.82
7663.88,70.51,98,0.0,3536.82
7663.88,70.64,98,0.0,3536.82
7663.88,70.64,98,0.0,3536.82
7663.88,70.85,98,0.0,3536.82
7663.88,71.25,97,0.0,3536.82
7663.88,71.82,97,0.0,3536.82
7663.88,71.98,98,1.2375,3536.82
7663.88,71.81,98,0.0,3536.82
7663.88,72.82,98,0.0,3536.82
7663.88,72.53,98,0.0,3536.82
7663.88,72.23,98,0.0,3536.82
7663.88,72.09,98,1.225,3536.82
7663.88,71.96,98,0.0,3536.82
7663.88,72.08,96,0.0,3536.82
7663.88,71.84,96,0.0,3536.82
7663.88,71.53,98,0.0,3536.82
7663.88,71.59,98,1.2375,3536.82
7663.88,71.65,98,0.0,3536.82
7663.88,71.91,98,0.0,3536.82
7663.88,71.79,98,0.0,3536.82
7663.88,71.92,98,0.0,3536.82
7663.88,71.95,96,1.225,3536.82
7663.88,72.25,96,0.0,3536.82
7663.88,72.25,96,1.225,3536.82
7663.88,72.08,98,0.0,3536.82
7663.88,72.19,98,0.0,3536.82
7663.88,71.93,98,0.0,3536.82
7663.88,72.23,98,1.225,3536.82
7663.88,72.39,98,0.0,3536.82
7663.88,72.3,98,0.0,3536.82
7663.88,72.48,98,0.0,3536.82
7663.88,72.36,96,0.0,3536.82
7663.88,72.49,96,1.225,3536.82
7663.88,72.38,92,0.0,3536.82
7663.88,72.33,92,0.0,3536.82
7663.88,71.58,99,0.0,3536.82
7663.88,71.9,99,0.0,3536.82
7663.88,72.2,95,1.225,3536.82
7663.88,72.24,95,0.0,3536.82
7663.88,72.2,98,0.0,3536.82
7663.88,72.16,98,1.2125,3536.82
7663.88,72.06,98,0.0,3536.82
7663.88,72.36,98,0.0,3536.82
7663.88,72.33,98,0.0,3536.95
7663.88,72.2,98,2.4375,3536.95
7663.88,73.08,92,1.2125,3536.95
7663.88,72.49,92,0.0,3536.95
7663.88,72.47,100,0.0,3536.95
7663.88,70.97,100,1.2125,3536.95
7663.88,71.11,97,0.0,3536.95
7663.88,71.12,97,0.0,3536.95
7663.88,71.49,98,0.0,3536.95
7663.88,71.0,97,1.2125,3536.95
7663.88,70.71,97,0.0,3536.95
7663.88,70.92,98,0.0,3536.95
7663.88,70.03,98,1.2125,3536.95
7663.88,71.27,98,0.0,3536.95
7663.88,70.99,98,0.0,3536.95
7663.88,72.24,98,0.0,3536.95
7663.88,72.21,98,1.2125,3536.95
7663.88,72.39,97,0.0,3536.95
7663.88,72.17,97,0.0,3536.95
7663.88,72.69,97,0.0,3536.95
7663.88,72.47,97,1.2125,3536.95
7663.88,72.66,97,0.0,3536.95
7663.88,72.66,98,0.0,3536.95
7663.88,72.52,98,1.2125,3536.95
7663.88,72.58,98,0.0,3536.95
7663.88,72.51,98,0.0,3536.95
7663.88,72.83,98,0.0,3536.95
7663.88,73.04,96,1.25,3536.95
7663.88,74.71,96,0.0,3536.95
7663.88,74.19,93,1.25,3536.95
7663.88,74.03,93,0.0,3536.95
7663.88,74.26,100,0.0,3536.95
7663.88,74.09,100,0.0,3536.95
7663.88,74.07,100,0.0,3536.95
7663.88,73.88,100,0.0,3536.95
7663.88,74.08,96,0.0,3536.95
7663.88,74.19,96,1.25,3536.95
7663.88,74.24,98,0.0,3536.95
7663.88,74.07,98,0.0,3536.95
7663.88,72.3,98,0.0,3536.95
7663.88,72.7,98,0.0,3536.95
7663.88,72.73,98,1.2375,3536.95
7663.88,72.47,98,0.0,3536.95
7663.88,72.66,96,0.0,3536.95
7663.88,72.41,96,0.0,3536.95
7663.88,72.71,98,0.0,3536.95
7663.88,72.71,98,2.4875,3536.95
7663.88,72.45,98,0.0,3536.95
7663.88,72.17,98,0.0,3536.95
7663.88,71.95,98,0.0,3536.95
7663.88,71.49,98,0.0,3536.95
7663.88,70.92,96,0.0,3536.95
7663.88,71.04,96,1.25,3536.95
7663.88,70.83,98,0.0,3536.95
7663.88,70.78,98,0.0,3536.95
7663.88,71.04,98,0.0,3536.95
7663.88,71.3,98,1.25,3536.95
7663.88,71.26,98,0.0,3536.95
7663.88,71.31,98,0.0,3536.95
7663.88,71.28,98,0.0,3536.95
7663.88,71.3,96,1.2375,3536.95
7663.88,71.45,96,0.0,3536.95
7663.88,71.91,98,0.0,3536.95
7663.88,71.75,98,0.0,3536.95
7663.88,71.93,91,2.4875,3536.95
7663.88,73.77,91,0.0,3536.95
7663.88,73.64,98,0.0,3536.95
7663.88,72.76,98,0.0,3536.95
7663.88,72.71,98,1.25,3536.95
7663.88,72.97,98,0.0,3536.95
7663.88,72.97,98,0.0,3536.95
7663.88,72.91,98,1.25,3536.95
7663.88,72.83,98,0.0,3536.95
7663.88,72.83,98,0.0,3536.95
7663.88,72.91,98,0.0,3536.95
7663.88,73.0,96,2.4875,3536.95
7663.88,72.04,96,0.0,3536.95
7663.88,72.24,91,0.0,3536.95
7663.88,72.33,91,0.0,3536.95
7663.88,72.25,96,1.25,3536.95
7663.88,72.41,96,0.0,3536.95
7663.88,72.36,96,0.0,3536.95
7663.88,72.73,96,0.0,3536.95
7663.88,72.64,97,1.2125,3536.95
7663.88,73.0,97,0.0,3536.95
7663.88,72.95,97,0.0,3536.95
7663.88,73.03,97,1.2125,3536.95
7663.88,71.94,97,0.0,3536.95
7663.88,71.94,96,1.2125,3536.95
7663.88,71.98,96,0.0,3536.95
7663.88,71.76,97,1.2125,3536.95
7663.88,71.97,97,0.0,3536.95
7663.88,71.54,97,0.0,3536.95
7663.88,71.8,97,1.2125,3536.95
7663.88,71.47,97,0.0,3536.95
7663.88,71.56,97,0.0,3536.95
7663.88,71.35,97,0.0,3536.95
7663.88,71.56,97,1.2125,3536.95
7663.88,71.51,97,0.0,3536.95
7663.88,72.55,96,1.2125,3536.95
7663.88,72.47,96,1.2125,3536.95
7663.88,72.61,90,0.0,3536.95
7663.88,72.61,90,0.0,3536.95
7663.88,71.66,99,1.2125,3536.95
7663.88,72.05,99,0.0,3536.95
7663.88,72.34,97,0.0,3536.95
7663.88,72.28,98,1.2125,3536.95
7663.88,72.4,98,0.0,3536.95
7663.88,72.09,97,0.0,3536.95
7663.88,72.3,97,0.0,3537.07
7663.88,72.14,98,1.2125,3537.07
7663.88,71.88,98,0.0,3537.07
7663.88,71.53,98,0.0,3537.07
7663.88,72.25,98,1.2125,3537.07
7663.88,72.01,98,0.0,3537.07
7663.88,71.73,98,0.0,3537.07
7663.88,71.4,97,0.0,3537.07
7663.88,71.7,97,1.2125,3537.07
7663.88,71.59,98,0.0,3537.07
7663.88,72.12,98,0.0,3537.07
7663.88,71.88,98,1.2125,3537.07
7663.88,71.88,98,0.0,3537.07
7663.88,71.87,98,1.2125,3537.07
7663.88,72.05,98,1.2125,3537.07
7663.88,72.09,98,0.0,3537.07
7663.88,71.95,96,0.0,3537.07
7663.88,72.35,96,0.0,3537.07
7663.88,72.31,96,1.225,3537.07
7663.88,72.63,98,0.0,3537.07
7663.88,72.44,98,0.0,3537.07
7663.88,72.44,98,0.0,3537.07
7663.88,72.19,98,1.1875,3537.07
7663.88,72.14,98,0.0,3537.07
7663.88,71.81,98,0.0,3537.07
7663.88,71.81,97,1.2125,3537.07
7663.88,71.57,97,0.0,3537.07
7663.88,71.54,98,0.0,3537.07
7663.88,71.35,98,2.425,3537.07
7663.88,71.35,98,0.0,3537.07
7663.88,71.73,98,0.0,3537.07
7663.88,71.64,90,1.2125,3537.07
7663.88,71.01,97,0.0,3537.07
7663.88,71.73,97,0.0,3537.07
7663.88,72.04,98,0.0,3537.07
7663.88,72.31,98,1.2125,3537.07
7663.88,72.63,98,1.2125,3537.07
7663.88,72.52,98,0.0,3537.07
7663.88,72.97,97,1.2125,3537.07
7663.88,72.94,97,0.0,3537.07
7663.88,72.5,98,0.0,3537.07
7663.88,72.28,98,0.0,3537.07
7663.88,72.95,98,1.2125,3537.07
7663.88,72.86,98,0.0,3537.07
7663.88,72.65,98,0.0,3537.07
7663.88,72.36,98,0.0,3537.07
7663.88,72.11,98,1.2125,3537.07
7663.88,72.2,97,0.0,3537.07
7663.88,71.84,97,0.0,3537.07
7663.88,71.84,97,1.2125,3537.07
7663.88,71.67,98,0.0,3537.07
7663.88,71.7,98,0.0,3537.07
7663.88,71.72,98,1.2125,3537.07
7663.88,71.81,98,0.0,3537.07
7663.88,71.63,98,0.0,3537.07
7663.88,71.83,98,1.2125,3537.07
7663.88,71.86,97,0.0,3537.07
7663.88,72.16,97,0.0,3537.07
7663.88,71.97,98,0.0,3537.07
7663.88,72.0,98,1.2125,3537.07
7663.88,72.24,98,0.0,3537.07
7663.88,72.2,98,0.0,3537.07
7663.88,72.45,98,1.2125,3537.07
7663.88,72.34,98,0.0,3537.07
7663.88,72.53,98,1.2125,3537.07
7663.88,72.47,97,1.2125,3537.07
7663.88,72.55,97,1.2125,3537.07
7663.88,73.89,89,0.0,3537.07
7663.88,73.78,89,1.2125,3537.07
7663.88,73.1,100,0.0,3537.07
7663.88,73.38,100,0.0,3537.07
7663.88,73.6,97,1.2375,3537.07
7663.88,73.57,97,0.0,3537.07
7663.88,73.65,97,0.0,3537.07
7663.88,73.58,98,1.2125,3537.07
7663.88,73.39,98,0.0,3537.07
7663.88,73.28,98,0.0,3537.07
7663.88,73.29,98,0.0,3537.07
7663.88,71.59,98,1.2375,3537.07
7663.88,71.65,98,1.2375,3537.07
7663.88,70.63,89,0.0,3537.07
7663.88,70.44,89,1.25,3537.07
7663.88,70.44,89,0.0,3537.07
7663.88,69.24,98,0.0,3537.07
7663.88,69.24,98,1.25,3537.07
7663.88,69.39,98,0.0,3537.07
7663.88,69.62,98,0.0,3537.07
7663.88,69.56,98,1.25,3537.07
7663.88,69.55,98,0.0,3537.07
7663.88,69.61,97,0.0,3537.07
7663.88,69.89,97,0.0,3537.07
7663.88,71.45,98,1.2375,3537.07
7663.88,71.5,98,0.0,3537.07
7663.88,71.14,98,0.0,3537.07
7663.88,72.34,98,0.0,3537.07
7663.88,72.13,98,1.2375,3537.07
7663.88,72.07,98,0.0,3537.07
7663.88,71.89,97,0.0,3537.07
7663.88,71.75,98,1.25,3537.07
7663.88,71.74,98,0.0,3537.07
7663.88,71.76,98,0.0,3537.07
7663.88,71.5,98,1.25,3537.07
7663.88,71.5,98,0.0,3537.07
7663.88,71.64,98,0.0,3537.07
7663.88,71.71,98,0.0,3537.07
7663.88,72.08,98,1.2375,3537.07
7663.88,72.1,98,0.0,3537.07
7663.88,71.99,97,1.2375,3537.07
7663.88,72.35,97,1.2375,3537.07
7663.88,72.27,98,0.0,3537.07
7663.88,72.27,98,0.0,3537.07
7663.88,72.33,98,0.0,3537.07
7663.88,72.33,98,1.25,3537.07
7663.88,72.27,98,0.0,3537.07
7663.88,72.27,98,0.0,3537.07
7663.88,72.6,97,0.0,3537.07
7663.88,72.37,97,1.25,3537.07
7663.88,72.09,98,0.0,3537.07
7663.88,72.14,98,1.25,3537.07
7663.88,71.0,94,0.0,3537.07
7663.88,70.73,94,0.0,3537.07
7663.88,70.83,96,1.25,3537.07
7663.88,71.13,96,0.0,3537.07
7663.88,71.14,100,0.0,3537.07
7663.88,71.32,100,0.0,3537.07
7663.88,71.32,96,0.0,3537.07
7663.88,71.37,96,1.2375,3537.07
7663.88,71.35,98,0.0,3537.07
7663.88,71.64,96,0.0,3537.07
7663.88,70.81,96,0.0,3537.07
7663.88,71.97,98,1.2125,3537.07
7663.88,71.64,98,0.0,3537.07
7663.88,71.27,98,0.0,3537.07
7663.88,71.27,98,1.2125,3537.07
7663.88,71.42,98,0.0,3537.07
7663.88,71.55,98,0.0,3537.07
7663.88,71.42,98,0.0,3537.07
7663.88,71.46,98,1.2125,3537.07
7663.88,71.67,97,0.0,3537.07
7663.88,72.36,97,0.0,3537.07
7663.88,72.48,98,0.0,3537.07
7663.88,72.54,98,0.0,3537.07
7663.88,72.6,98,2.425,3537.07
7663.88,72.49,98,0.0,3537.07
7663.88,72.8,98,0.0,3537.07
7663.88,72.6,98,0.0,3537.07
7663.88,72.61,98,1.2125,3537.07
7663.88,72.62,98,0.0,3537.07
7663.88,72.63,97,0.0,3537.07
7663.88,72.26,97,1.2125,3537.07
7663.88,72.28,98,0.0,3537.07
7663.88,71.96,98,0.0,3537.07
7663.88,72.06,98,1.2125,3537.07
7663.88,71.95,98,0.0,3537.07
7663.88,72.24,98,0.0,3537.07
7663.88,72.17,97,0.0,3537.07
7663.88,72.46,97,1.2125,3537.07
7663.88,72.45,98,0.0,3537.07
7663.88,72.23,98,1.225,3537.07
7663.88,72.19,91,0.0,3537.07
7663.88,72.2,91,0.0,3537.07
7663.88,72.07,100,1.225,3537.07
7663.88,72.19,100,0.0,3537.07
7663.88,72.32,96,0.0,3537.07
7663.88,71.51,96,1.2125,3537.07
7663.88,71.63,97,0.0,3537.07
7663.88,71.62,97,0.0,3537.07
7663.88,71.31,97,0.0,3537.07
7663.88,71.52,97,1.2125,3537.07
7663.88,71.48,96,0.0,3537.07
7663.88,71.41,96,0.0,3537.07
7663.88,71.58,97,2.425,3537.07
7663.88,71.47,97,0.0,3537.07
7663.88,71.49,95,0.0,3537.07
7663.88,72.36,95,0.0,3537.07
7663.88,72.32,97,1.2125,3537.07
7663.88,72.26,97,0.0,3537.07
7663.88,72.09,97,0.0,3537.07
7663.88,72.32,97,1.2125,3537.07
7663.88,72.01,97,0.0,3537.07
7663.88,71.98,97,0.0,3537.07
7663.88,72.04,98,0.0,3537.07
7663.88,72.11,98,1.2125,3537.07
7663.88,72.23,96,0.0,3537.07
7663.88,72.31,96,0.0,3537.07
7663.88,72.44,98,1.2125,3537.07
7663.88,74.1,98,1.2125,3537.07
7663.88,74.03,92,0.0,3537.07
7663.88,73.93,92,0.0,3537.07
7663.88,73.85,100,0.0,3537.07
7663.88,73.93,100,1.2125,3537.07
7663.88,74.02,97,1.2125,3537.07
7663.88,74.2,97,0.0,3537.07
7663.88,74.22,98,0.0,3537.07
7663.88,74.32,98,1.2,3537.07
7663.88,74.39,96,0.0,3537.07
7663.88,74.5,98,0.0,3537.07
7663.88,72.7,98,1.2125,3537.07
7663.88,72.53,98,0.0,3537.07
7663.88,72.47,98,0.0,3537.07
7663.88,72.3,98,1.2125,3537.07
7663.88,72.37,98,0.0,3537.07
7663.88,72.37,98,0.0,3537.07
7663.88,72.35,98,1.2125,3537.07
7663.88,72.41,96,0.0,3537.07
7663.88,72.51,96,0.0,3537.07
7663.88,72.36,98,0.0,3537.07
7663.88,72.43,98,1.2125,3537.07
7663.88,72.33,98,0.0,3537.07
7663.88,72.19,98,0.0,3537.07
7663.88,72.25,98,1.2125,3537.07
7663.88,72.25,98,0.0,3537.07
7663.88,72.16,98,0.0,3537.07
7663.88,72.19,98,0.0,3537.07
7663.88,72.32,97,2.4125,3537.07
7663.88,72.41,97,0.0,3537.07
7663.88,72.28,98,0.0,3537.07
7663.88,72.3,98,0.0,3537.07
7663.88,72.21,98,1.2125,3537.07
7663.88,70.27,98,1.2125,3537.07
7663.88,70.28,92,0.0,3537.07
7663.88,70.26,98,0.0,3537.07
7663.88,69.09,98,1.2125,3537.07
7663.88,69.32,98,0.0,3537.07
7663.88,69.37,98,0.0,3537.07
7663.88,69.47,98,0.0,3537.07
7663.88,69.58,98,1.2125,3537.07
7663.88,69.47,98,0.0,3537.07
7663.88,69.71,98,0.0,3537.07
7663.88,71.82,96,0.0,3537.07
7663.88,71.84,96,1.2125,3537.07
7663.88,71.73,96,0.0,3537.07
7663.88,72.6,98,0.0,3537.07
7663.88,72.48,98,0.0,3537.07
7663.88,72.41,98,1.2125,3537.07
7663.88,72.33,98,1.2125,3537.07
7663.88,72.05,98,0.0,3537.07
7663.88,72.02,98,0.0,3537.07
7663.88,72.02,97,1.2125,3537.07
7663.88,71.75,97,0.0,3537.07
7663.88,71.51,98,0.0,3537.07
7663.88,71.51,98,1.2125,3537.07
7663.88,71.6,98,0.0,3537.07
7663.88,71.61,98,0.0,3537.07
7663.88,72.23,98,0.0,3537.07
7663.88,72.35,98,1.2125,3537.07
7663.88,72.45,98,0.0,3537.07
7663.88,72.45,96,0.0,3537.07
7663.88,72.53,96,1.2125,3537.07
7663.88,72.69,98,0.0,3537.07
7663.88,72.52,98,0.0,3537.07
7663.88,72.52,98,1.2125,3537.07
7663.88,72.66,98,0.0,3537.07
7663.88,72.69,98,0.0,3537.07
7663.88,72.63,98,1.2125,3537.07
7663.88,72.2,96,0.0,3537.07
7663.88,71.17,96,1.2125,3537.07
7663.88,71.17,95,1.2125,3537.07
7663.88,70.79,95,0.0,3537.07
7663.88,70.52,94,0.0,3537.07
7663.88,69.81,94,0.0,3537.07
7663.88,70.07,97,0.0,3537.07
7663.88,70.54,97,1.25,3537.07
7663.88,70.78,98,0.0,3537.07
7663.88,70.92,98,0.0,3537.07
7663.88,70.91,98,1.2375,3537.07
7663.88,70.66,98,1.2375,3537.07
7663.88,70.7,98,0.0,3537.07
7663.88,71.12,98,0.0,3537.07
7663.88,71.25,98,1.25,3537.07
7663.88,71.26,98,0.0,3537.07
7663.88,71.95,96,0.0,3537.2
7663.88,71.78,96,0.0,3537.2
7663.88,71.68,98,1.25,3537.2
7663.88,71.49,98,0.0,3537.2
7663.88,71.58,98,0.0,3537.2
7663.88,71.52,98,0.0,3537.2
7663.88,71.9,98,1.2375,3537.2
7663.88,72.12,96,0.0,3537.2
7663.88,72.12,96,0.0,3537.2
7663.88,72.3,98,1.25,3537.2
7663.88,73.67,98,1.25,3537.2
7663.88,73.98,90,1.2375,3537.2
7663.88,73.2,90,0.0,3537.2
7663.88,73.34,100,0.0,3537.2
7663.88,73.56,100,0.0,3537.2
7663.88,73.08,100,1.25,3537.2
7663.88,72.69,100,0.0,3537.2
7663.88,73.03,100,0.0,3537.2
7663.88,72.9,97,1.25,3537.2
7663.88,73.41,97,0.0,3537.2
7663.88,73.32,98,0.0,3537.2
7663.88,71.99,98,0.0,3537.2
7663.88,71.71,97,1.25,3537.2
7663.88,72.4,97,0.0,3537.2
7663.88,72.4,98,0.0,3537.2
7663.88,72.36,98,0.0,3537.2
7663.88,71.85,98,0.0,3537.2
7663.88,72.29,98,0.0,3537.2
7663.88,72.54,98,1.25,3537.2
7663.88,72.39,98,0.0,3537.2
7663.88,72.41,97,0.0,3537.2
7663.88,72.36,97,0.0,3537.2
7663.88,72.23,98,0.0,3537.2
7663.88,72.29,98,0.0,3537.2
7663.88,72.12,98,0.0,3537.2
7663.88,72.07,98,1.2375,3537.2
7663.88,71.93,98,0.0,3537.2
7663.88,71.99,98,0.0,3537.2
7663.88,72.12,98,0.0,3537.2
7663.88,72.17,96,0.0,3537.2
7663.88,72.02,96,1.2375,3537.2
7663.88,71.93,98,0.0,3537.2
7663.88,72.0,98,0.0,3537.2
7663.88,71.92,98,1.225,3537.2
7663.88,71.94,98,0.0,3537.2
7663.88,71.73,98,0.0,3537.2
7663.88,71.75,98,1.225,3537.2
7663.88,71.41,97,0.0,3537.2
7663.88,71.5,97,0.0,3537.2
7663.88,71.42,98,0.0,3537.2
7663.88,71.34,98,0.0,3537.2
7663.88,71.37,98,0.0,3537.2
7663.88,71.45,98,2.45,3537.2
7663.88,73.08,90,1.2375,3537.2
7663.88,72.77,90,0.0,3537.2
7663.88,72.74,100,0.0,3537.2
7663.88,72.94,100,0.0,3537.2
7663.88,73.1,96,1.225,3537.2
7663.88,73.86,96,0.0,3537.2
7663.88,73.71,98,0.0,3537.2
7663.88,73.67,98,0.0,3537.2
7663.88,73.7,96,0.0,3537.2
7663.88,74.05,96,0.0,3537.2
7663.88,73.92,98,1.2125,3537.2
7663.88,72.15,98,0.0,3537.2
7663.88,72.28,98,0.0,3537.2
7663.88,72.14,98,1.2125,3537.2
7663.88,72.22,98,0.0,3537.2
7663.88,72.15,98,0.0,3537.2
7663.88,72.04,98,1.2125,3537.2
7663.88,72.11,98,0.0,3537.2
7663.88,72.39,96,0.0,3537.2
7663.88,72.2,96,0.0,3537.2
7663.88,72.01,98,1.2125,3537.2
7663.88,71.8,98,0.0,3537.2
7663.88,71.99,98,0.0,3537.2
7663.88,71.97,98,0.0,3537.2
7663.88,72.46,98,1.2125,3537.2
7663.88,72.46,97,0.0,3537.2
7663.88,72.56,97,0.0,3537.2
7663.88,72.56,97,0.0,3537.2
7663.88,72.47,98,1.225,3537.2
7663.88,72.51,98,1.225,3537.2
7663.88,72.45,98,0.0,3537.2
7663.88,72.56,98,0.0,3537.2
7663.88,72.58,98,1.225,3537.2
7663.88,72.55,98,0.0,3537.2
7663.88,72.75,98,0.0,3537.2
7663.88,72.75,98,0.0,3537.2
7663.88,72.77,96,0.0,3537.2
7663.88,72.43,96,1.175,3537.2
7663.88,74.12,98,1.175,3537.2
7663.88,74.12,98,0.0,3537.2
7663.88,73.66,90,0.0,3537.2
7663.88,73.45,90,0.0,3537.2
7663.88,73.48,97,1.2375,3537.2
7663.88,73.48,97,0.0,3537.2
7663.88,73.55,98,0.0,3537.2
7663.88,73.78,98,0.0,3537.2
7663.88,73.72,98,0.0,3537.2
7663.88,73.45,97,1.225,3537.2
7663.88,73.49,97,1.225,3537.2
7663.88,73.69,90,0.0,3537.2
7663.88,73.65,90,0.0,3537.2
7663.88,73.73,100,0.0,3537.2
7663.88,73.57,100,1.225,3537.2
7663.88,73.58,97,0.0,3537.2
7663.88,74.03,97,0.0,3537.2
7663.88,74.3,97,0.0,3537.2
7663.88,74.18,97,1.2125,3537.2
7663.88,74.53,98,0.0,3537.2
7663.88,74.4,98,0.0,3537.2
7663.88,74.21,98,1.2125,3537.2
7663.88,72.22,98,0.0,3537.2
7663.88,72.26,98,1.2125,3537.2
7663.88,72.44,98,0.0,3537.2
7663.88,72.64,96,1.2125,3537.2
7663.88,72.5,96,0.0,3537.2
7663.88,72.36,98,0.0,3537.2
7663.88,72.3,98,1.2125,3537.2
7663.88,72.05,98,0.0,3537.2
7663.88,71.89,98,0.0,3537.2
7663.88,71.73,98,0.0,3537.2
7663.88,71.85,98,1.2125,3537.2
7663.88,71.77,98,0.0,3537.2
7663.88,72.16,96,0.0,3537.2
7663.88,72.28,96,0.0,3537.2
7663.88,72.27,98,1.2375,3537.2
7663.88,72.41,98,0.0,3537.2
7663.88,72.24,98,0.0,3537.2
7663.88,72.4,98,0.0,3537.2
7663.88,72.21,98,1.25,3537.2
7663.88,72.33,98,0.0,3537.2
7663.88,72.25,98,0.0,3537.2
7663.88,72.25,96,0.0,3537.2
7663.88,72.5,96,1.25,3537.2
7663.88,72.42,98,0.0,3537.2
7663.88,72.67,98,0.0,3537.2
7663.88,72.59,98,0.0,3537.2
7663.88,72.74,98,0.0,3537.2
7663.88,72.56,98,1.25,3537.2
7663.88,73.18,98,0.0,3537.2
7663.88,72.35,91,1.25,3537.2
7663.88,72.13,91,0.0,3537.2
7663.88,71.57,98,1.25,3537.2
7663.88,71.82,98,0.0,3537.2
7663.88,72.19,96,0.0,3537.2
7663.88,72.23,96,0.0,3537.2
7663.88,72.34,98,0.0,3537.2
7663.88,72.26,98,0.0,3537.2
7663.88,72.12,98,1.25,3537.2
7663.88,72.04,98,0.0,3537.2
7663.88,71.43,98,0.0,3537.2
7663.88,72.02,98,0.0,3537.2
7663.88,72.21,98,0.0,3537.2
7663.88,72.87,96,0.0,3537.2
7663.88,72.84,96,1.25,3537.2
7663.88,73.01,96,0.0,3537.2
7663.88,72.71,97,0.0,3537.2
7663.88,72.78,97,0.0,3537.2
7663.88,72.77,98,1.2375,3537.2
7663.88,73.73,98,0.0,3537.2
7663.88,73.28,92,0.0,3537.2
7663.88,73.32,92,0.0,3537.2
7663.88,73.39,100,0.0,3537.2
7663.88,73.39,100,1.25,3537.2
7663.88,73.46,96,0.0,3537.2
7663.88,73.35,96,0.0,3537.2
7663.88,73.41,98,0.0,3537.2
7663.88,73.13,98,0.0,3537.2
7663.88,73.2,98,0.0,3537.2
7663.88,73.06,98,0.0,3537.2
7663.88,72.97,96,0.0,3537.2
7663.88,71.7,96,1.25,3537.2
7663.88,71.99,98,0.0,3537.2
7663.88,71.89,98,0.0,3537.2
7663.88,71.95,98,0.0,3537.2
7663.88,71.9,98,0.0,3537.2
7663.88,72.04,98,1.2375,3537.2
7663.88,71.89,98,0.0,3537.2
7663.88,72.1,98,0.0,3537.2
7663.88,71.47,96,0.0,3537.2
7663.88,71.59,96,1.2375,3537.2
7663.88,71.78,98,0.0,3537.2
7663.88,71.75,98,0.0,3537.2
7663.88,72.07,98,0.0,3537.2
7663.88,72.17,98,1.2375,3537.2
7663.88,72.12,98,0.0,3537.2
7663.88,71.9,98,1.2125,3537.2
7663.88,71.25,96,0.0,3537.2
7663.88,71.26,96,1.2125,3537.2
7663.88,71.67,98,0.0,3537.2
7663.88,71.43,98,0.0,3537.2
7663.88,71.31,98,0.0,3537.2
7663.88,71.19,98,1.2125,3537.2
7663.88,71.2,98,0.0,3537.2
7663.88,71.39,98,0.0,3537.2
7663.88,71.39,98,1.2125,3537.2
7663.88,71.28,98,0.0,3537.2
7663.88,71.45,94,1.2125,3537.2
7663.88,74.05,94,0.0,3537.2
7663.88,73.04,91,1.2125,3537.2
7663.88,72.78,91,0.0,3537.2
7663.88,72.78,100,0.0,3537.2
7663.88,72.78,100,0.0,3537.2
7663.88,72.99,96,1.2125,3537.2
7663.88,73.37,96,0.0,3537.2
7663.88,73.5,96,0.0,3537.2
7663.88,73.59,96,2.425,3537.2
7663.88,73.33,97,0.0,3537.2
7663.88,73.33,97,0.0,3537.2
7663.88,71.42,97,1.2125,3537.2
7663.88,71.93,97,0.0,3537.2
7663.88,72.24,97,0.0,3537.2
7663.88,72.3,97,0.0,3537.2
7663.88,72.5,96,1.2125,3537.2
7663.88,72.62,96,0.0,3537.2
7663.88,72.32,97,0.0,3537.2
7663.88,72.25,97,0.0,3537.2
7663.88,72.18,97,1.2125,3537.2
7663.88,72.09,97,0.0,3537.2
7663.88,72.09,98,1.2125,3537.2
7663.88,71.92,98,0.0,3537.2
7663.88,72.06,98,0.0,3537.2
7663.88,71.72,98,0.0,3537.2
7663.88,71.78,97,1.2125,3537.2
7663.88,71.81,97,0.0,3537.2
7663.88,71.83,98,0.0,3537.2
7663.88,72.06,98,1.2125,3537.2
7663.88,71.95,98,0.0,3537.2
7663.88,72.06,98,0.0,3537.2
7663.88,72.01,98,1.2125,3537.2
7663.88,71.96,98,0.0,3537.2
7663.88,71.95,98,0.0,3537.2
7663.88,72.37,96,1.2125,3537.2
7663.88,72.31,96,0.0,3537.2
7663.88,72.51,98,1.2125,3537.2
7663.88,72.3,98,0.0,3537.2
7663.88,72.31,98,1.2125,3537.2
7663.88,72.11,98,1.175,3537.2
7663.88,72.13,98,0.0,3537.2
7663.88,72.43,98,1.2125,3537.2
7663.88,72.52,87,0.0,3537.2
7663.88,71.93,87,0.0,3537.2
7663.88,72.21,96,1.2125,3537.2
7663.88,72.33,96,0.0,3537.2
7663.88,72.61,97,0.0,3537.2
7663.88,72.54,97,1.2125,3537.2
7663.88,72.72,97,0.0,3537.2
7663.88,72.35,97,0.0,3537.2
7663.88,72.4,97,0.0,3537.2
7663.88,71.25,97,1.2375,3537.2
7663.88,70.71,95,0.0,3537.2
7663.88,70.76,97,0.0,3537.2
7663.88,71.22,97,1.2375,3537.2
7663.88,71.35,97,0.0,3537.2
7663.88,71.47,97,0.0,3537.2
7663.88,71.3,97,1.2375,3537.2
7663.88,71.02,97,0.0,3537.2
7663.88,71.07,97,0.0,3537.2
7663.88,71.14,97,0.0,3537.2
7663.88,72.06,96,1.2375,3537.2
7663.88,71.91,96,0.0,3537.2
7663.88,71.83,96,0.0,3537.2
7663.88,71.85,98,1.2375,3537.2
7663.88,71.88,98,0.0,3537.2
7663.88,71.68,98,0.0,3537.2
7663.88,71.81,98,1.25,3537.2
7663.88,71.81,98,1.2375,3537.2
7663.88,71.65,98,0.0,3537.2
7663.88,71.76,96,0.0,3537.2
7663.88,71.65,98,0.0,3537.2
7663.88,71.58,98,1.2375,3537.2
7663.88,71.46,98,0.0,3537.2
7663.88,71.73,98,0.0,3537.2
7663.88,71.77,98,1.25,3537.2
7663.88,72.04,98,0.0,3537.2
7663.88,72.22,98,0.0,3537.2
7663.88,72.01,98,2.4875,3537.2
7663.88,74.18,87,0.0,3537.2
7663.88,73.74,87,1.2375,3537.2
7663.88,73.72,100,0.0,3537.2
7663.88,73.32,100,0.0,3537.2
7663.88,73.86,97,0.0,3537.2
7663.88,74.03,97,1.2375,3537.2
7663.88,74.4,98,0.0,3537.2
7663.88,74.26,98,0.0,3537.2
7663.88,74.34,97,1.2375,3537.2
7663.88,74.17,97,0.0,3537.2
7663.88,74.24,97,0.0,3537.2
7663.88,74.24,98,1.25,3537.2
7663.88,72.39,98,0.0,3537.2
7663.88,72.44,98,0.0,3537.2
7663.88,72.44,98,0.0,3537.2
7663.88,72.67,98,1.2375,3537.2
7663.88,72.55,97,0.0,3537.2
7663.88,72.61,97,0.0,3537.2
7663.88,72.0,98,1.2125,3537.2
7663.88,71.89,98,0.0,3537.2
7663.88,71.68,98,0.0,3537.2
7663.88,71.59,98,1.225,3537.2
7663.88,71.43,98,0.0,3537.2
7663.88,71.42,98,0.0,3537.2
7663.88,71.62,98,1.2125,3537.2
7663.88,72.02,98,0.0,3537.2
7663.88,71.89,97,1.2125,3537.2
7663.88,72.64,97,1.2,3537.2
7663.88,72.58,89,0.0,3537.2
7663.88,72.2,89,0.0,3537.2
7663.88,72.16,96,1.2125,3537.2
7663.88,72.65,96,0.0,3537.2
7663.88,72.53,97,0.0,3537.2
7663.88,72.84,97,0.0,3537.2
7663.88,72.8,97,1.2125,3537.2
7663.88,73.23,97,0.0,3537.2
7663.88,73.0,96,0.0,3537.2
7663.88,73.2,97,1.2,3537.2
7663.88,72.04,97,0.0,3537.2
7663.88,72.41,97,0.0,3537.2
7663.88,72.41,97,1.2,3537.2
7663.88,72.16,97,0.0,3537.2
7663.88,72.43,97,1.2125,3537.2
7663.88,72.44,96,1.2125,3537.2
7663.88,72.64,96,0.0,3537.2
7663.88,72.2,97,0.0,3537.2
7663.88,72.37,97,1.2125,3537.2
7663.88,71.94,98,0.0,3537.2
7663.88,72.17,98,0.0,3537.2
7663.88,71.96,98,0.0,3537.2
7663.88,72.24,98,1.2125,3537.2
7663.88,71.99,98,0.0,3537.2
7663.88,72.27,98,0.0,3537.2
7663.88,72.27,98,0.0,3537.2
7663.88,72.12,96,1.225,3537.2
7663.88,72.22,96,0.0,3537.2
7663.88,72.42,98,0.0,3537.2
7663.88,72.22,98,1.2125,3537.2
7663.88,72.22,98,0.0,3537.2
7663.88,72.6,98,0.0,3537.2
7663.88,72.6,98,1.2125,3537.2
7663.88,72.64,96,0.0,3537.2
7663.88,72.83,96,0.0,3537.2
7663.88,72.79,98,1.2125,3537.2
7663.88,73.01,98,1.2125,3537.2
7663.88,74.61,89,1.2125,3537.2
7663.88,73.73,89,1.2125,3537.2
7663.88,73.48,100,0.0,3537.2
7663.88,73.19,100,0.0,3537.2
7663.88,73.51,97,0.0,3537.2
7663.88,73.47,97,1.2,3537.2
7663.88,73.56,98,0.0,3537.2
7663.88,73.51,98,1.2125,3537.2
7663.88,73.52,98,0.0,3537.2
7663.88,73.52,98,0.0,3537.2
7663.88,73.61,97,0.0,3537.2
7663.88,72.03,97,1.2125,3537.2
7663.88,72.68,97,0.0,3537.2
7663.88,72.68,98,0.0,3537.2
7663.88,72.79,98,1.2125,3537.2
7663.88,72.64,98,0.0,3537.2
7663.88,72.59,98,0.0,3537.2
7663.88,72.41,98,1.2125,3537.2
7663.88,72.4,98,0.0,3537.2
7663.88,72.2,97,1.2125,3537.2
7663.88,73.91,97,1.2125,3537.2
7663.88,73.21,91,0.0,3537.2
7663.88,72.93,91,0.0,3537.2
7663.88,72.9,98,1.2125,3537.2
7663.88,73.16,98,0.0,3537.2
7663.88,73.38,98,0.0,3537.2
7663.88,73.84,98,1.2125,3537.2
7663.88,73.92,98,1.2125,3537.2
7663.88,73.96,98,0.0,3537.2
7663.88,73.87,98,0.0,3537.2
7663.88,74.36,98,0.0,3537.2
7663.88,72.21,97,1.2125,3537.2
7663.88,72.43,97,0.0,3537.2
7663.88,72.62,98,0.0,3537.2
7663.88,72.63,98,0.0,3537.2
7663.88,72.52,98,1.2125,3537.2
7663.88,72.33,98,0.0,3537.2
7663.88,72.31,98,1.2125,3537.2
7663.88,72.0,96,0.0,3537.2
7663.88,72.29,96,0.0,3537.2
7663.88,71.76,98,0.0,3537.2
7663.88,71.65,98,1.2,3537.2
7663.88,71.88,98,0.0,3537.2
7663.88,71.99,98,0.0,3537.2
7663.88,72.44,98,1.2125,3537.2
7663.88,72.32,98,0.0,3537.2
7663.88,72.41,98,0.0,3537.2
7663.88,72.36,98,0.0,3537.2
7663.88,72.67,96,1.225,3537.2
7663.88,72.45,96,1.2125,3537.2
7663.88,72.49,98,0.0,3537.2
7663.88,72.46,98,1.2125,3537.2
7663.88,72.47,98,0.0,3537.2
7663.88,72.62,98,0.0,3537.2
7663.88,72.65,98,0.0,3537.2
7663.88,72.39,98,1.2125,3537.2
7663.88,72.41,98,0.0,3537.2
7663.88,72.42,96,2.4125,3537.2
7663.88,70.88,87,0.0,3537.2
7663.88,70.35,87,0.0,3537.2
7663.88,70.24,87,1.2125,3537.2
7663.88,70.52,100,0.0,3537.2
7663.88,70.07,100,0.0,3537.2
7663.88,70.44,95,1.2125,3537.2
7663.88,70.61,95,0.0,3537.2
7663.88,70.41,96,0.0,3537.2
7663.88,70.69,96,0.0,3537.2
7663.88,70.47,97,1.2125,3537.2
7663.88,71.9,97,0.0,3537.2
7663.88,72.3,97,0.0,3537.2
7663.88,72.09,97,1.2125,3537.2
7663.88,71.64,97,0.0,3537.2
7663.88,71.89,97,0.0,3537.2
7663.88,71.73,97,0.0,3537.2
7663.88,71.89,97,1.2125,3537.2
7663.88,72.2,97,0.0,3537.2
7663.88,72.06,96,1.2125,3537.2
7663.88,72.13,98,0.0,3537.2
7663.88,72.13,98,1.2125,3537.2
7663.88,71.82,98,0.0,3537.2
7663.88,71.65,98,0.0,3537.2
7663.88,71.62,98,1.2125,3537.2
7663.88,71.63,98,1.2125,3537.2
7663.88,72.09,91,0.0,3537.2
7663.88,72.25,91,0.0,3537.2
7663.88,72.25,91,1.2125,3537.2
7663.88,71.08,100,0.0,3537.2
7663.88,71.14,100,0.0,3537.2
7663.88,71.3,96,1.2125,3537.2
7663.88,71.45,98,0.0,3537.2
7663.88,71.34,98,0.0,3537.2
7663.88,71.35,97,0.0,3537.2
7663.88,71.68,97,1.2125,3537.2
7663.88,72.02,98,0.0,3537.2
7663.88,71.77,98,0.0,3537.2
7663.88,71.56,98,1.2125,3537.2
7663.88,72.46,98,0.0,3537.2
7663.88,72.48,98,0.0,3537.2
7663.88,72.35,98,0.0,3537.2
7663.88,71.51,96,0.0,3537.2
7663.88,71.49,96,2.4375,3537.2
7663.88,71.34,96,0.0,3537.2
7663.88,71.5,96,0.0,3537.2
7663.88,71.33,97,0.0,3537.2
7663.88,71.18,97,1.2125,3537.2
7663.88,71.08,97,0.0,3537.2
7663.88,71.3,97,0.0,3537.2
7663.88,70.97,97,0.0,3537.2
7663.88,70.9,95,1.2125,3537.2
7663.88,71.52,95,0.0,3537.2
7663.88,71.14,97,0.0,3537.2
7663.88,71.54,97,1.2125,3537.2
7663.88,71.2,97,0.0,3537.2
7663.88,71.38,97,0.0,3537.2
7663.88,71.23,97,0.0,3537.2
7663.88,71.52,97,1.2125,3537.2
7663.88,71.33,97,0.0,3537.2
7663.88,71.36,97,0.0,3537.2
7663.88,71.08,96,1.2125,3537.2
7663.88,71.11,96,0.0,3537.2
7663.88,70.93,97,1.2125,3537.2
7663.88,72.06,97,0.0,3537.2
7663.88,72.05,91,2.425,3537.2
7663.88,71.61,91,0.0,3537.2
7663.88,71.71,96,0.0,3537.2
7663.88,72.26,96,0.0,3537.2
7663.88,72.4,97,1.2125,3537.2
7663.88,72.53,97,0.0,3537.2
7663.88,72.56,97,0.0,3537.2
7663.88,72.42,97,0.0,3537.2
7663.88,72.53,97,1.2125,3537.2
7663.88,72.96,97,0.0,3537.2
7663.88,71.94,95,0.0,3537.2
7663.88,71.94,97,1.2125,3537.2
7663.88,72.59,97,0.0,3537.2
7663.88,72.69,97,0.0,3537.2
7663.88,72.47,97,1.2125,3537.2
7663.88,72.47,97,0.0,3537.2
7663.88,72.47,97,0.0,3537.2
7663.88,72.22,97,2.4125,3537.2
7663.88,73.66,86,1.2125,3537.2
7663.88,72.78,86,0.0,3537.2
7663.88,72.78,100,1.2125,3537.2
7663.88,72.88,100,0.0,3537.2
7663.88,72.93,100,0.0,3537.2
7663.88,72.43,100,1.2125,3537.2
7663.88,72.34,97,0.0,3537.2
7663.88,72.49,97,0.0,3537.2
7663.88,72.52,98,1.2125,3537.2
7663.88,72.53,98,0.0,3537.2
7663.88,72.65,98,0.0,3537.2
7663.88,71.58,98,1.2125,3537.2
7663.88,71.78,96,0.0,3537.2
7663.88,72.05,96,0.0,3537.2
7663.88,71.75,98,1.2125,3537.2
7663.88,71.62,98,0.0,3537.2
7663.88,72.1,98,0.0,3537.2
7663.88,71.58,98,1.2125,3537.2
7663.88,71.49,98,0.0,3537.2
7663.88,71.28,98,0.0,3537.2
7663.88,70.84,98,0.0,3537.2
7663.88,70.79,96,0.0,3537.2
7663.88,71.01,96,1.2125,3537.2
7663.88,70.95,98,0.0,3537.2
7663.88,71.07,98,0.0,3537.2
7663.88,71.45,98,1.25,3537.2
7663.88,71.64,98,0.0,3537.2
7663.88,71.68,98,0.0,3537.2
7663.88,71.74,98,0.0,3537.2
7663.88,71.7,98,1.2375,3537.2
7663.88,71.8,98,1.2375,3537.2
7663.88,72.19,98,0.0,3537.2
7663.88,71.95,96,0.0,3537.2
7663.88,71.99,98,1.2375,3537.2
7663.88,71.99,98,0.0,3537.2
7663.88,72.29,98,0.0,3537.2
7663.88,72.29,98,1.25,3537.2
7663.88,72.41,98,0.0,3537.2
7663.88,72.34,98,0.0,3537.2
7663.88,72.46,96,0.0,3537.2
7663.88,72.43,96,1.25,3537.2
7663.88,73.74,89,1.25,3537.2
7663.88,73.56,89,0.0,3537.2
7663.88,73.21,100,0.0,3537.2
7663.88,73.35,100,0.0,3537.2
7663.88,73.3,100,1.25,3537.2
7663.88,73.42,100,0.0,3537.2
7663.88,73.39,94,0.0,3537.2
7663.88,73.63,94,1.2375,3537.2
7663.88,73.68,94,0.0,3537.2
7663.88,73.82,98,0.0,3537.2
7663.88,73.78,98,1.2375,3537.2
7663.88,72.42,98,0.0,3537.2
7663.88,72.49,98,0.0,3537.2
7663.88,71.78,98,0.0,3537.2
7663.88,71.74,96,1.2375,3537.2
7663.88,71.57,96,0.0,3537.2
7663.88,71.59,98,0.0,3537.2
7663.88,71.28,98,1.25,3537.2
7663.88,71.19,98,0.0,3537.2
7663.88,71.08,98,0.0,3537.2
7663.88,71.08,98,0.0,3537.2
7663.88,70.99,98,1.25,3537.2
7663.88,71.03,98,0.0,3537.2
7663.88,71.03,98,0.0,3537.2
7663.88,71.18,96,0.0,3537.2
7663.88,72.31,96,1.2375,3537.2
7663.88,72.59,98,0.0,3537.2
7663.88,72.51,98,0.0,3537.2
7663.88,72.47,98,2.4375,3537.2
7663.88,72.33,98,0.0,3537.2
7663.88,72.14,98,1.2125,3537.2
7663.88,71.78,90,1.2125,3537.2
7663.88,70.94,90,0.0,3537.2
7663.88,70.67,98,0.0,3537.2
7663.88,70.02,98,1.2125,3537.2
7663.88,69.85,98,0.0,3537.2
7663.88,69.97,98,0.0,3537.2
7663.88,70.35,98,0.0,3537.2
7663.88,70.18,98,0.0,3537.2
7663.88,70.18,98,1.225,3537.2
7663.88,70.2,97,0.0,3537.2
7663.88,70.55,98,0.0,3537.2
7663.88,71.29,98,0.0,3537.2
7663.88,71.53,98,1.2125,3537.2
7663.88,72.27,98,0.0,3537.2
7663.88,72.42,98,1.225,3537.2
7663.88,73.78,98,1.2375,3537.2
7663.88,73.38,98,0.0,3537.2
7663.88,73.38,90,0.0,3537.2
7663.88,73.32,90,0.0,3537.2
7663.88,73.81,100,0.0,3537.2
7663.88,73.72,100,1.225,3537.2
7663.88,73.72,100,0.0,3537.2
7663.88,73.56,100,0.0,3537.2
7663.88,74.08,96,0.0,3537.2
7663.88,74.24,98,0.0,3537.2
7663.88,74.11,98,1.225,3537.2
7663.88,72.75,98,0.0,3537.2
7663.88,73.13,98,0.0,3537.2
7663.88,73.03,96,0.0,3537.2
7663.88,73.07,96,0.0,3537.2
7663.88,72.47,96,1.225,3537.2
7663.88,72.58,96,0.0,3537.2
7663.88,72.47,97,0.0,3537.2
7663.88,72.11,97,1.225,3537.2
7663.88,73.83,89,1.225,3537.2
7663.88,73.62,89,0.0,3537.2
7663.88,73.35,100,0.0,3537.2
7663.88,73.2,100,0.0,3537.2
7663.88,73.36,100,1.225,3537.2
7663.88,72.15,100,0.0,3537.2
7663.88,72.07,96,0.0,3537.2
7663.88,71.57,96,0.0,3537.2
7663.88,71.65,96,1.225,3537.2
7663.88,71.69,97,0.0,3537.2
7663.88,71.83,97,0.0,3537.2
7663.88,70.28,97,0.0,3537.2
7663.88,71.02,97,1.225,3537.2
7663.88,70.88,97,0.0,3537.2
7663.88,70.88,97,0.0,3537.2
7663.88,71.53,97,0.0,3537.2
7663.88,71.63,97,0.0,3537.2
7663.88,72.1,97,1.225,3537.2
7663.88,72.05,96,0.0,3537.2
7663.88,72.04,96,0.0,3537.2
7663.88,72.04,98,2.45,3537.2
7663.88,72.0,98,0.0,3537.2
7663.88,72.49,90,1.2125,3537.2
7663.88,71.89,90,0.0,3537.2
7663.88,71.91,100,0.0,3537.2
7663.88,71.98,100,1.2125,3537.2
7663.88,72.41,96,0.0,3537.2
7663.88,72.41,96,0.0,3537.2
7663.88,72.19,97,1.2125,3537.2
7663.88,72.52,97,0.0,3537.2
7663.88,72.36,98,0.0,3537.2
7663.88,72.79,98,1.2125,3537.2
7663.88,72.67,98,0.0,3537.2
7663.88,71.62,98,0.0,3537.2
7663.88,71.98,98,0.0,3537.2
7663.88,72.17,96,1.2125,3537.2
7663.88,72.32,96,0.0,3537.2
7663.88,72.1,98,0.0,3537.2
7663.88,72.25,98,0.0,3537.2
7663.88,72.14,98,1.225,3537.2
7663.88,72.36,98,0.0,3537.2
7663.88,72.19,98,0.0,3537.2
7663.88,72.3,98,1.2375,3537.2
7663.88,72.16,98,0.0,3537.2
7663.88,72.53,98,1.25,3537.2
7663.88,72.64,96,0.0,3537.2
7663.88,72.69,96,0.0,3537.2
7663.88,72.6,98,0.0,3537.2
7663.88,72.6,98,1.25,3537.2
7663.88,72.73,98,0.0,3537.2
7663.88,72.73,98,0.0,3537.2
7663.88,72.5,98,0.0,3537.2
7663.88,72.19,98,1.25,3537.2
7663.88,72.25,96,0.0,3537.2
7663.88,72.43,96,1.25,3537.2
7663.88,74.07,88,1.2375,3537.2
7663.88,73.37,88,0.0,3537.2
7663.88,73.18,100,0.0,3537.2
7663.88,72.01,100,0.0,3537.2
7663.88,72.04,97,1.25,3537.2
7663.88,72.11,97,0.0,3537.2
7663.88,72.51,98,0.0,3537.2
7663.88,72.35,98,1.2375,3537.2
7663.88,72.71,98,0.0,3537.2
7663.88,72.54,98,0.0,3537.2
7663.88,72.63,98,1.25,3537.2
7663.88,70.84,96,0.0,3537.2
7663.88,71.2,96,0.0,3537.2
7663.88,72.47,96,0.0,3537.2
7663.88,72.47,98,1.25,3537.2
7663.88,72.43,98,0.0,3537.2
7663.88,72.39,98,1.2375,3537.2
7663.88,72.12,98,0.0,3537.2
7663.88,72.32,98,1.2375,3537.2
7663.88,72.28,98,0.0,3537.2
7663.88,72.47,96,0.0,3537.2
7663.88,72.33,96,0.0,3537.2
7663.88,72.4,98,1.25,3537.2
7663.88,72.43,98,0.0,3537.2
7663.88,72.89,98,0.0,3537.2
7663.88,72.83,98,1.25,3537.2
7663.88,72.83,98,0.0,3537.2
7663.88,72.7,98,0.0,3537.2
7663.88,72.83,98,0.0,3537.2
7663.88,72.9,96,1.2375,3537.2
7663.88,72.71,96,0.0,3537.2
7663.88,72.63,98,0.0,3537.2
7663.88,72.63,98,1.2125,3537.2
7663.88,72.64,98,0.0,3537.2
7663.88,72.77,98,0.0,3537.2
7663.88,72.64,98,1.2125,3537.2
7663.88,72.59,98,0.0,3537.2
7663.88,72.45,98,0.0,3537.2
7663.88,72.55,96,2.425,3537.2
7663.88,72.44,96,0.0,3537.2
7663.88,72.63,90,0.0,3537.2
7663.88,72.63,90,1.2125,3537.2
7663.88,71.88,100,0.0,3537.2
7663.88,72.07,100,0.0,3537.2
7663.88,72.05,95,1.2125,3537.2
7663.88,72.16,95,0.0,3537.2
7663.88,72.1,97,0.0,3537.2
7663.88,72.09,96,1.2125,3537.2
7663.88,72.02,96,0.0,3537.2
7663.88,71.99,97,0.0,3537.2
7663.88,71.32,97,0.0,3537.2
7663.88,71.15,97,1.2125,3537.2
7663.88,72.04,97,0.0,3537.2
7663.88,71.84,97,0.0,3537.2
7663.88,72.12,97,0.0,3537.2
7663.88,71.82,97,1.1875,3537.2
7663.88,71.82,97,0.0,3537.2
7663.88,71.69,95,0.0,3537.2
7663.88,71.94,95,1.2125,3537.2
7663.88,71.58,97,0.0,3537.2
7663.88,71.44,97,0.0,3537.2
7663.88,71.28,97,1.2125,3537.2
7663.88,71.56,98,0.0,3537.2
7663.88,71.82,98,0.0,3537.2
7663.88,71.82,98,0.0,3537.2
7663.88,71.54,96,2.4375,3537.2
7663.88,71.75,96,0.0,3537.2
7663.88,71.71,98,0.0,3537.2
7663.88,71.89,98,1.2125,3537.2
7663.88,71.64,98,0.0,3537.2
7663.88,71.88,98,0.0,3537.2
7663.88,71.82,98,0.0,3537.2
7663.88,72.2,98,1.2125,3537.2
7663.88,72.22,98,0.0,3537.2
7663.88,72.35,98,0.0,3537.2
7663.88,72.15,96,1.2125,3537.2
7663.88,72.35,98,1.1875,3537.2
7663.88,72.09,98,0.0,3537.2
7663.88,74.12,88,1.2125,3537.2
7663.88,73.72,88,0.0,3537.2
7663.88,73.85,98,0.0,3537.2
7663.88,73.58,98,1.2125,3537.2
7663.88,74.18,97,0.0,3537.2
7663.88,74.37,97,0.0,3537.2
7663.88,74.27,98,0.0,3537.2
7663.88,74.43,98,1.2125,3537.2
7663.88,74.31,98,0.0,3537.2
7663.88,74.49,98,0.0,3537.2
7663.88,72.5,98,1.2125,3537.2
7663.88,72.73,98,0.0,3537.2
7663.88,72.62,98,0.0,3537.2
7663.88,72.98,98,0.0,3537.2
7663.88,72.83,96,2.4375,3537.2
7663.88,72.98,96,0.0,3537.2
7663.88,72.88,98,0.0,3537.2
7663.88,72.63,98,1.2125,3537.2
7663.88,72.5,98,0.0,3537.2
7663.88,72.24,98,0.0,3537.2
7663.88,71.91,98,1.2125,3537.2
7663.88,71.64,98,0.0,3537.2
7663.88,71.69,96,0.0,3537.2
7663.88,71.65,96,0.0,3537.2
7663.88,71.65,98,1.2125,3537.2
7663.88,71.36,98,0.0,3537.2
7663.88,71.29,98,0.0,3537.2
7663.88,71.15,98,1.2125,3537.2
7663.88,71.41,98,0.0,3537.2
7663.88,71.25,98,0.0,3537.2
7663.88,71.49,98,1.175,3537.2
7663.88,70.64,98,0.0,3537.2
7663.88,70.95,96,0.0,3537.2
7663.88,71.25,98,0.0,3537.2
7663.88,71.3,98,1.2125,3537.2
7663.88,71.54,98,0.0,3537.2
7663.88,71.27,98,0.0,3537.2
7663.88,68.34,87,3.6375,3537.2
7663.88,68.03,87,0.0,3537.2
7663.88,68.26,100,0.0,3537.2
7663.88,67.55,100,1.2125,3537.2
7663.88,68.59,95,0.0,3537.2
7663.88,68.7,95,0.0,3537.2
7663.88,68.72,97,0.0,3537.2
7663.88,68.8,97,1.225,3537.2
7663.88,68.73,97,0.0,3537.2
7663.88,68.55,97,0.0,3537.2
7663.88,68.59,97,0.0,3537.2
7663.88,71.52,97,0.0,3537.2
7663.88,71.41,95,1.225,3537.2
7663.88,71.22,95,0.0,3537.2
7663.88,71.72,97,0.0,3537.2
7663.88,71.72,97,0.0,3537.2
7663.88,71.61,97,1.225,3537.2
7663.88,71.73,97,0.0,3537.2
7663.88,71.52,97,0.0,3537.2
7663.88,71.52,97,0.0,3537.2
7663.88,71.43,97,0.0,3537.2
7663.88,71.42,97,1.225,3537.2
7663.88,71.25,95,0.0,3537.2
7663.88,71.6,95,0.0,3537.2
7663.88,71.61,98,0.0,3537.2
7663.88,71.93,98,0.0,3537.2
7663.88,71.76,98,0.0,3537.2
7663.88,71.87,98,1.2375,3537.2
7663.88,71.73,98,0.0,3537.2
7663.88,72.04,98,0.0,3537.2
7663.88,71.93,96,0.0,3537.2
7663.88,71.94,96,0.0,3537.2
7663.88,71.74,98,0.0,3537.2
7663.88,71.96,98,1.225,3537.2
7663.88,72.3,98,0.0,3537.2
7663.88,72.12,98,0.0,3537.2
7663.88,72.27,98,0.0,3537.2
7663.88,72.12,98,0.0,3537.2
7663.88,72.38,98,1.225,3537.2
7663.88,72.31,89,0.0,3537.2
7663.88,72.3,89,2.4625,3537.2
7663.88,72.13,100,0.0,3537.2
7663.88,72.28,100,0.0,3537.2
7663.88,72.36,96,0.0,3537.2
7663.88,72.66,96,0.0,3537.2
7663.88,72.34,98,0.0,3537.2
7663.88,72.54,98,1.225,3537.2
7663.88,72.54,98,0.0,3537.2
7663.88,71.33,96,0.0,3537.2
7663.88,71.54,96,0.0,3537.2
7663.88,70.88,98,0.0,3537.2
7663.88,70.55,98,1.2375,3537.2
7663.88,70.66,98,0.0,3537.2
7663.88,70.66,98,0.0,3537.2
7663.88,70.68,98,0.0,3537.2
7663.88,70.9,98,0.0,3537.2
7663.88,70.68,98,0.0,3537.2
7663.88,70.86,96,1.2125,3537.2
7663.88,70.72,96,0.0,3537.2
7663.88,71.56,98,0.0,3537.2
7663.88,71.72,98,0.0,3537.2
7663.88,71.6,98,1.2125,3537.2
7663.88,72.02,98,0.0,3537.2
7663.88,72.17,98,0.0,3537.2
7663.88,72.6,98,1.2125,3537.2
7663.88,72.35,98,0.0,3537.2
7663.88,72.6,98,1.225,3537.2
7663.88,72.32,96,0.0,3537.2
7663.88,72.48,96,0.0,3537.2
7663.88,72.21,98,0.0,3537.2
7663.88,72.32,98,1.2125,3537.2
7663.88,72.33,98,0.0,3537.2
7663.88,72.7,98,0.0,3537.2
7663.88,72.7,98,1.225,3537.2
7663.88,72.94,98,0.0,3537.2
7663.88,72.66,96,0.0,3537.2
7663.88,72.83,96,0.0,3537.2
7663.88,72.5,98,1.225,3537.2
7663.88,74.53,98,0.0,3537.2
7663.88,74.16,90,1.225,3537.2
7663.88,74.16,90,0.0,3537.2
7663.88,74.23,98,0.0,3537.2
7663.88,74.47,98,0.0,3537.2
7663.88,74.7,98,0.0,3537.2
7663.88,74.64,98,1.225,3537.2
7663.88,74.6,98,0.0,3537.2
7663.88,74.64,98,0.0,3537.2
7663.88,74.47,98,0.0,3537.2
7663.88,74.39,98,0.0,3537.2
7663.88,72.45,96,1.225,3537.2
7663.88,72.51,96,1.225,3537.2
7663.88,72.59,98,0.0,3537.2
7663.88,72.76,98,0.0,3537.2
7663.88,72.76,97,0.0,3537.2
7663.88,72.59,98,0.0,3537.2
7663.88,72.69,98,0.0,3537.2
7663.88,72.82,96,1.225,3537.2
7663.88,72.69,96,0.0,3537.2
7663.88,72.56,98,0.0,3537.2
7663.88,72.46,98,0.0,3537.2
7663.88,72.37,98,0.0,3537.2
7663.88,72.56,98,1.2125,3537.2
7663.88,72.51,98,0.0,3537.2
7663.88,72.47,98,0.0,3537.2
7663.88,72.22,98,1.2125,3537.2
7663.88,72.35,98,0.0,3537.2
7663.88,72.22,97,0.0,3537.2
7663.88,72.02,97,0.0,3537.2
7663.88,71.84,98,1.2375,3537.2
7663.88,72.1,98,0.0,3537.2
7663.88,72.14,98,0.0,3537.2
7663.88,72.49,98,0.0,3537.2
7663.88,72.49,98,0.0,3537.2
7663.88,72.73,98,1.2125,3537.2
7663.88,72.62,96,0.0,3537.2
7663.88,72.94,96,1.2125,3537.2
7663.88,73.11,89,0.0,3537.2
7663.88,73.11,89,1.2125,3537.2
7663.88,73.14,100,0.0,3537.2
7663.88,73.59,100,0.0,3537.2
7663.88,73.33,100,1.2125,3537.2
7663.88,72.72,98,0.0,3537.2
7663.88,72.92,98,1.225,3537.2
7663.88,73.04,98,0.0,3537.2
7663.88,73.12,98,0.0,3537.2
7663.88,73.07,97,1.2125,3537.2
7663.88,71.66,97,0.0,3537.2
7663.88,72.47,97,0.0,3537.2
7663.88,72.14,96,1.2125,3537.2
7663.88,71.78,96,0.0,3537.2
7663.88,71.7,97,0.0,3537.2
7663.88,72.39,97,1.2125,3537.2
7663.88,72.54,97,0.0,3537.2
7663.88,71.64,95,0.0,3537.2
7663.88,71.62,95,0.0,3537.2
7663.88,71.22,97,1.225,3537.2
7663.88,71.1,97,0.0,3537.2
7663.88,71.1,97,0.0,3537.2
7663.88,70.99,97,0.0,3537.2
7663.88,70.94,97,1.2,3537.2
7663.88,70.95,97,0.0,3537.2
7663.88,71.32,97,0.0,3537.2
7663.88,71.43,97,1.2125,3537.2
7663.88,71.53,96,0.0,3537.2
7663.88,72.13,96,0.0,3537.2
7663.88,71.93,96,0.0,3537.2
7663.88,71.95,97,1.2125,3537.2
7663.88,71.97,97,0.0,3537.2
7663.88,71.9,98,0.0,3537.2
7663.88,71.88,98,2.4375,3537.2
7663.88,71.92,98,0.0,3537.2
7663.88,72.02,98,0.0,3537.2
7663.88,72.28,98,1.2125,3537.2
7663.88,74.13,87,1.2125,3537.2
7663.88,73.46,100,0.0,3537.2
7663.88,73.64,100,0.0,3537.2
7663.88,72.91,97,1.2125,3537.2
7663.88,73.14,97,0.0,3537.2
7663.88,73.27,98,0.0,3537.2
7663.88,73.52,98,1.2125,3537.2
7663.88,73.89,98,0.0,3537.2
7663.88,74.06,98,0.0,3537.2
7663.88,73.94,98,1.2125,3537.2
7663.88,72.35,98,0.0,3537.2
7663.88,72.51,97,0.0,3537.2
7663.88,72.3,97,1.2125,3537.2
7663.88,74.57,89,1.2125,3537.2
7663.88,73.85,89,0.0,3537.2
7663.88,73.72,100,1.2125,3537.2
7663.88,73.71,100,0.0,3537.2
7663.88,73.93,95,0.0,3537.2
7663.88,74.17,95,1.2125,3537.2
7663.88,74.36,95,0.0,3537.2
7663.88,74.28,98,0.0,3537.2
7663.88,73.96,98,0.0,3537.2
7663.88,73.96,98,1.2125,3537.2
7663.88,74.12,98,0.0,3537.2
7663.88,72.4,98,0.0,3537.2
7663.88,73.01,98,2.4375,3537.2
7663.88,73.11,98,0.0,3537.2
7663.88,73.35,98,0.0,3537.2
7663.88,73.14,96,0.0,3537.2
7663.88,73.3,96,1.2125,3537.2
7663.88,73.09,98,0.0,3537.2
7663.88,72.81,98,1.2125,3537.2
7663.88,72.72,98,0.0,3537.2
7663.88,72.72,98,0.0,3537.2
7663.88,72.5,98,0.0,3537.2
7663.88,72.14,96,1.2125,3537.2
7663.88,72.14,96,0.0,3537.2
7663.88,71.87,98,0.0,3537.2
7663.88,71.71,98,1.2125,3537.2
7663.88,71.71,98,0.0,3537.2
7663.88,71.54,98,0.0,3537.2
7663.88,71.27,98,0.0,3537.2
7663.88,71.48,98,1.2125,3537.2
7663.88,71.69,98,0.0,3537.2
7663.88,70.23,98,2.4375,3537.2
7663.88,70.44,92,0.0,3537.2
7663.88,70.37,92,0.0,3537.2
7663.88,70.77,95,1.2125,3537.2
7663.88,70.37,95,0.0,3537.2
7663.88,70.37,97,0.0,3537.2
7663.88,70.84,97,1.2125,3537.2
7663.88,70.91,98,0.0,3537.2
7663.88,70.75,98,0.0,3537.2
7663.88,70.52,98,2.425,3537.2
7663.88,70.52,98,0.0,3537.2
7663.88,71.75,97,0.0,3537.2
7663.88,71.99,97,0.0,3537.2
7663.88,71.77,98,1.2125,3537.2
7663.88,71.47,98,0.0,3537.2
7663.88,71.65,98,1.2125,3537.2
7663.88,72.17,98,0.0,3537.2
7663.88,72.03,89,1.2125,3537.2
7663.88,71.45,89,0.0,3537.2
7663.88,71.5,100,0.0,3537.2
7663.88,72.19,97,0.0,3537.2
7663.88,72.19,97,1.2125,3537.2
7663.88,72.61,97,1.2125,3537.2
7663.88,72.5,97,0.0,3537.2
7663.88,72.62,98,0.0,3537.2
7663.88,72.71,98,1.2125,3537.2
7663.88,71.73,98,0.0,3537.2
7663.88,71.45,98,0.0,3537.2
7663.88,72.19,98,1.2125,3537.2
7663.88,72.19,98,0.0,3537.2
7663.88,72.21,98,1.2,3537.2
7663.88,71.97,98,0.0,3537.2
7663.88,71.97,96,0.0,3537.2
7663.88,72.0,96,0.0,3537.2
7663.88,72.28,98,1.2125,3537.2
7663.88,72.17,98,0.0,3537.2
7663.88,72.17,98,0.0,3537.2
7663.88,72.34,98,1.2125,3537.2
7663.88,72.26,98,0.0,3537.2
7663.88,72.34,98,0.0,3537.2
7663.88,72.52,97,0.0,3537.2
7663.88,72.16,97,1.2125,3537.2
7663.88,72.16,98,0.0,3537.2
7663.88,72.15,98,0.0,3537.2
7663.88,72.07,98,1.2125,3537.2
7663.88,72.07,98,0.0,3537.2
7663.88,71.95,98,0.0,3537.2
7663.88,71.77,98,1.2125,3537.2
7663.88,71.73,98,2.4375,3537.2
7663.88,74.23,98,0.0,3537.2
7663.88,73.63,88,1.2125,3537.2
7663.88,73.63,100,0.0,3537.2
7663.88,73.68,100,0.0,3537.2
7663.88,74.02,96,0.0,3537.2
7663.88,74.02,96,1.2,3537.2
7663.88,74.56,98,0.0,3537.2
7663.88,74.42,98,0.0,3537.2
7663.88,74.55,98,1.2125,3537.2
7663.88,74.51,98,0.0,3537.2
7663.88,74.61,97,0.0,3537.2
7663.88,72.18,97,0.0,3537.2
7663.88,72.5,98,1.2125,3537.2
7663.88,72.11,98,0.0,3537.2
7663.88,72.18,98,0.0,3537.2
7663.88,72.01,98,1.225,3537.2
7663.88,71.84,98,0.0,3537.2
7663.88,71.73,98,0.0,3537.2
7663.88,71.96,98,0.0,3537.2
7663.88,72.17,98,2.425,3537.2
7663.88,70.61,87,0.0,3537.2
7663.88,70.34,87,0.0,3537.2
7663.88,70.35,100,1.1875,3537.2
7663.88,70.46,100,0.0,3537.2
7663.88,70.58,97,0.0,3537.2
7663.88,70.58,97,2.4375,3537.2
7663.88,70.61,98,0.0,3537.2
7663.88,70.66,98,0.0,3537.2
7663.88,70.69,98,0.0,3537.2
7663.88,70.64,98,1.2125,3537.2
7663.88,70.62,98,0.0,3537.2
7663.88,72.19,97,0.0,3537.2
7663.88,72.29,97,0.0,3537.2
7663.88,72.71,98,1.2125,3537.2
7663.88,72.72,98,0.0,3537.2
7663.88,72.56,98,0.0,3537.2
7663.88,72.41,98,1.2125,3537.2
7663.88,72.38,98,0.0,3537.2
7663.88,72.25,98,0.0,3537.2
7663.88,72.26,97,0.0,3537.2
7663.88,71.97,97,1.2125,3537.2
7663.88,71.91,98,0.0,3537.2
7663.88,71.75,98,0.0,3537.2
7663.88,71.95,98,0.0,3537.2
7663.88,71.98,98,1.2125,3537.2
7663.88,72.09,98,0.0,3537.2
7663.88,71.81,98,1.2125,3537.2
7663.88,72.0,98,0.0,3537.2
7663.88,71.38,98,0.0,3537.2
7663.88,71.61,96,0.0,3537.2
7663.88,71.5,96,1.2125,3537.2
7663.88,71.62,98,0.0,3537.2
7663.88,71.66,98,0.0,3537.2
7663.88,72.02,98,1.2125,3537.2
7663.88,72.01,98,0.0,3537.2
7663.88,72.17,98,1.2125,3537.2
7663.88,72.02,98,1.2125,3537.2
7663.88,71.59,97,1.2125,3537.2
7663.88,68.9,90,0.0,3537.2
7663.88,69.28,90,1.2125,3537.2
7663.88,69.33,98,0.0,3537.2
7663.88,67.96,98,0.0,3537.2
7663.88,68.1,97,0.0,3537.2
7663.88,68.24,97,1.2125,3537.2
7663.88,68.05,98,0.0,3537.2
7663.88,67.91,98,0.0,3537.2
7663.88,67.65,98,1.2125,3537.2
7663.88,68.39,98,0.0,3537.2
7663.88,70.91,98,0.0,3537.2
7663.88,70.95,98,0.0,3537.2
7663.88,70.07,97,1.2125,3537.2
7663.88,71.63,97,0.0,3537.2
7663.88,71.59,98,0.0,3537.2
7663.88,71.88,98,1.2125,3537.2
7663.88,71.64,98,1.2,3537.2
7663.88,71.85,98,0.0,3537.2
7663.88,71.77,98,1.225,3537.2
7663.88,72.03,98,0.0,3537.2
7663.88,71.87,98,0.0,3537.2
7663.88,71.53,98,1.2125,3537.2
7663.88,71.57,97,0.0,3537.2
7663.88,72.05,97,0.0,3537.2
7663.88,71.99,98,1.2,3537.2
7663.88,71.95,98,0.0,3537.2
7663.88,71.7,98,0.0,3537.2
7663.88,71.51,98,1.2125,3537.2
7663.88,71.53,98,0.0,3537.2
7663.88,71.51,98,0.0,3537.2
7663.88,71.51,98,0.0,3537.2
7663.88,71.82,97,1.2125,3537.2
7663.88,71.69,97,0.0,3537.2
7663.88,72.06,98,0.0,3537.2
7663.88,72.02,98,0.0,3537.2
7663.88,72.16,98,1.2125,3537.2
7663.88,72.01,98,0.0,3537.2
7663.88,72.34,98,1.2125,3537.2
7663.88,72.27,98,1.2125,3537.2
7663.88,72.09,98,0.0,3537.2
7663.88,71.49,91,0.0,3537.2
7663.88,71.39,97,2.4375,3537.2
7663.88,71.6,97,0.0,3537.2
7663.88,71.77,98,0.0,3537.2
7663.88,71.88,98,0.0,3537.2
7663.88,71.8,98,1.2125,3537.2
7663.88,71.8,98,0.0,3537.2
7663.88,71.85,98,0.0,3537.2
7663.88,71.85,98,1.2125,3537.2
7663.88,71.44,97,0.0,3537.2
7663.88,71.58,97,1.2125,3537.2
7663.88,71.58,98,0.0,3537.2
7663.88,72.38,98,0.0,3537.2
7663.88,72.33,98,0.0,3537.2
7663.88,72.5,98,1.2125,3537.2
7663.88,72.27,98,0.0,3537.2
7663.88,72.51,98,0.0,3537.2
7663.88,72.09,97,0.0,3537.2
7663.88,72.15,97,1.2125,3537.2
7663.88,72.05,98,0.0,3537.2
7663.88,72.25,98,0.0,3537.2
7663.88,72.28,98,0.0,3537.2
7663.88,72.44,98,1.2,3537.2
7663.88,72.4,98,1.2125,3537.2
7663.88,72.26,98,0.0,3537.2
7663.88,72.19,98,1.2125,3537.2
7663.88,71.2,96,0.0,3537.2
7663.88,71.27,96,0.0,3537.2
7663.88,71.27,98,1.225,3537.2
7663.88,71.12,98,0.0,3537.2
7663.88,71.23,98,0.0,3537.2
7663.88,71.16,98,1.2125,3537.2
7663.88,71.39,98,0.0,3537.2
7663.88,71.19,98,0.0,3537.2
7663.88,71.19,98,1.2125,3537.2
7663.88,71.04,98,1.2125,3537.2
7663.88,72.91,87,0.0,3537.2
7663.88,72.6,87,1.2125,3537.2
7663.88,72.0,100,0.0,3537.2
7663.88,72.09,100,0.0,3537.2
7663.88,72.38,94,0.0,3537.2
7663.88,72.48,94,1.225,3537.2
7663.88,72.58,97,0.0,3537.2
7663.88,72.44,97,0.0,3537.2
7663.88,72.38,97,1.2125,3537.2
7663.88,72.41,97,0.0,3537.2
7663.88,72.49,97,0.0,3537.2
7663.88,71.47,96,0.0,3537.2
7663.88,71.47,97,1.2125,3537.2
7663.88,72.19,97,0.0,3537.2
7663.88,72.0,97,1.15,3537.2
7663.88,72.69,97,1.2125,3537.2
7663.88,72.81,87,0.0,3537.2
7663.88,72.4,87,0.0,3537.2
7663.88,72.49,100,0.0,3537.2
7663.88,72.49,100,1.2125,3537.2
7663.88,72.49,95,0.0,3537.2
7663.88,72.42,95,1.2125,3537.2
7663.88,72.59,98,0.0,3537.2
7663.88,72.59,98,0.0,3537.2
7663.88,72.58,98,0.0,3537.2
7663.88,72.79,98,1.2125,3537.2
7663.88,72.72,96,0.0,3537.2
7663.88,71.98,96,0.0,3537.2
7663.88,71.57,98,1.2125,3537.2
7663.88,71.99,98,0.0,3537.2
7663.88,71.9,98,0.0,3537.2
7663.88,71.93,98,1.2125,3537.2
7663.88,71.79,98,0.0,3537.2
7663.88,72.08,96,0.0,3537.2
7663.88,71.87,96,2.4375,3537.2
7663.88,71.91,98,0.0,3537.2
7663.88,71.88,98,0.0,3537.2
7663.88,71.62,98,0.0,3537.2
7663.88,72.01,98,1.2125,3537.2
7663.88,71.89,98,0.0,3537.2
7663.88,72.1,98,0.0,3537.2
7663.88,71.92,98,1.2125,3537.2
7663.88,72.07,98,0.0,3537.2
7663.88,71.86,96,0.0,3537.2
7663.88,72.25,96,0.0,3537.2
7663.88,72.03,98,1.25,3537.2
7663.88,72.17,98,0.0,3537.2
7663.88,72.01,98,0.0,3537.2
7663.88,72.33,98,0.0,3537.2
7663.88,72.21,98,1.25,3537.2
7663.88,72.4,98,0.0,3537.2
7663.88,71.67,96,0.0,3537.2
7663.88,71.67,96,1.25,3537.2
7663.88,71.71,98,1.25,3537.2
7663.88,73.48,98,0.0,3537.2
7663.88,73.48,92,0.0,3537.2
7663.88,72.9,92,0.0,3537.2
7663.88,73.1,100,1.25,3537.2
7663.88,73.32,100,0.0,3537.2
7663.88,73.32,100,0.0,3537.2
7663.88,73.46,100,0.0,3537.2
7663.88,73.56,96,1.25,3537.2
7663.88,74.39,96,0.0,3537.2
7663.88,74.38,98,0.0,3537.2
7663.88,74.63,98,1.2375,3537.2
7663.88,72.89,96,0.0,3537.2
7663.88,73.39,96,0.0,3537.2
7663.88,73.39,98,0.0,3537.2
7663.88,73.18,98,1.2375,3537.2
7663.88,72.58,98,0.0,3537.2
7663.88,72.54,98,0.0,3537.2
7663.88,72.35,98,0.0,3537.2
7663.88,72.16,98,1.2375,3537.2
7663.88,72.13,98,0.0,3537.2
7663.88,72.2,98,0.0,3537.2
7663.88,72.17,97,1.2375,3537.2
7663.88,72.13,97,1.2375,3537.2
7663.88,68.83,88,0.0,3537.2
7663.88,68.82,88,0.0,3537.2
7663.88,68.54,100,1.25,3537.2
7663.88,69.12,100,0.0,3537.2
7663.88,69.02,97,0.0,3537.2
7663.88,69.35,97,1.2375,3537.2
7663.88,69.35,97,0.0,3537.2
7663.88,69.12,98,0.0,3537.2
7663.88,68.89,98,1.25,3537.2
7663.88,68.83,98,0.0,3537.2
7663.88,72.06,98,0.0,3537.2
7663.88,71.98,98,0.0,3537.2
7663.88,71.98,98,1.25,3537.2
7663.88,72.04,98,0.0,3537.2
7663.88,71.59,98,0.0,3537.2
7663.88,72.05,98,0.0,3537.2
7663.88,71.92,97,1.25,3537.2
7663.88,71.98,97,0.0,3537.2
7663.88,71.72,98,0.0,3537.2
7663.88,71.89,98,1.25,3537.2
7663.88,71.88,98,1.25,3537.2
7663.88,72.14,98,0.0,3537.2
7663.88,71.9,98,0.0,3537.2
7663.88,72.07,98,1.25,3537.2
7663.88,72.15,96,0.0,3537.2
7663.88,72.66,91,1.25,3537.2
7663.88,73.79,91,0.0,3537.2
7663.88,73.63,100,0.0,3537.2
7663.88,72.86,100,1.25,3537.2
7663.88,72.91,97,0.0,3537.2
7663.88,73.09,97,0.0,3537.2
7663.88,73.38,98,0.0,3537.2
7663.88,73.33,98,0.0,3537.2
7663.88,73.53,98,1.2375,3537.2
7663.88,73.83,98,0.0,3537.2
7663.88,73.86,97,0.0,3537.2
7663.88,72.46,97,0.0,3537.2
7663.88,72.34,98,0.0,3537.2
7663.88,72.87,98,0.0,3537.2
7663.88,72.8,98,0.0,3537.2
7663.88,72.55,98,0.0,3537.2
7663.88,73.6,98,1.25,3537.2
7663.88,73.6,91,0.0,3537.2
7663.88,72.67,91,1.25,3537.2
7663.88,72.63,100,0.0,3537.2
7663.88,72.09,100,0.0,3537.2
7663.88,72.14,97,0.0,3537.2
7663.88,71.87,97,0.0,3537.2
7663.88,72.14,98,0.0,3537.2
7663.88,72.32,98,0.0,3537.2
7663.88,72.7,97,1.2375,3537.2
7663.88,72.56,97,0.0,3537.2
7663.88,72.62,98,0.0,3537.2
7663.88,71.36,98,0.0,3537.2
7663.88,72.19,98,0.0,3537.2
7663.88,72.25,98,1.25,3537.2
7663.88,72.78,98,0.0,3537.2
7663.88,72.6,98,0.0,3537.2
7663.88,72.65,98,0.0,3537.2
7663.88,72.84,96,0.0,3537.2
7663.88,72.47,96,0.0,3537.2
7663.88,72.69,98,1.2375,3537.2
7663.88,72.52,98,0.0,3537.2
7663.88,72.22,98,1.2375,3537.2
7663.88,72.29,98,0.0,3537.2
7663.88,72.38,98,1.2375,3537.2
7663.88,72.47,98,0.0,3537.2
7663.88,72.47,98,0.0,3537.2
7663.88,72.43,96,0.0,3537.2
7663.88,72.43,96,1.25,3537.2
7663.88,72.13,98,0.0,3537.2
7663.88,72.03,98,0.0,3537.2
7663.88,71.86,98,0.0,3537.2
7663.88,71.8,98,1.2375,3537.2
7663.88,71.67,98,0.0,3537.2
7663.88,72.06,98,0.0,3537.2
7663.88,72.01,98,0.0,3537.2
7663.88,72.13,96,0.0,3537.2
7663.88,72.13,96,0.0,3537.2
7663.88,71.94,98,1.2375,3537.2
7663.88,72.44,98,0.0,3537.2
7663.88,71.22,93,1.225,3537.2
7663.88,71.27,93,0.0,3537.2
7663.88,71.51,100,0.0,3537.2
7663.88,71.67,100,0.0,3537.2
7663.88,71.87,100,1.175,3537.2
7663.88,71.66,100,0.0,3537.2
7663.88,71.46,97,1.2125,3537.2
7663.88,71.78,97,0.0,3537.2
7663.88,71.63,98,0.0,3537.2
7663.88,72.09,98,0.0,3537.2
7663.88,71.49,98,1.225,3537.2
7663.88,72.67,98,0.0,3537.2
7663.88,72.85,96,0.0,3537.2
7663.88,72.7,96,1.225,3537.2
7663.88,72.75,98,0.0,3537.2
7663.88,72.27,98,1.2125,3537.2
7663.88,72.66,98,0.0,3537.2
7663.88,72.66,98,0.0,3537.2
7663.88,72.61,98,0.0,3537.2
7663.88,72.69,98,0.0,3537.2
7663.88,72.69,98,0.0,3537.2
7663.88,72.43,98,1.225,3537.2
7663.88,72.43,96,0.0,3537.2
7663.88,72.15,96,0.0,3537.2
7663.88,72.11,98,0.0,3537.2
7663.88,72.07,98,0.0,3537.2
7663.88,72.27,98,1.225,3537.2
7663.88,72.41,98,0.0,3537.2
7663.88,72.45,98,0.0,3537.2
7663.88,72.34,98,0.0,3537.2
7663.88,71.93,96,1.2,3537.2
7663.88,71.84,96,0.0,3537.2
7663.88,71.64,98,0.0,3537.2
7663.88,71.7,98,1.2125,3537.2
7663.88,72.0,98,0.0,3537.2
7663.88,71.92,98,0.0,3537.2
7663.88,72.12,98,0.0,3537.2
7663.88,72.16,98,0.0,3537.2
7663.88,72.17,98,0.0,3537.2
7663.88,71.27,96,1.2375,3537.2
7663.88,71.2,96,0.0,3537.2
7663.88,71.29,90,1.225,3537.2
7663.88,68.41,90,0.0,3537.2
7663.88,68.33,100,0.0,3537.2
7663.88,66.94,100,0.0,3537.2
7663.88,67.29,97,1.225,3537.2
7663.88,67.2,97,0.0,3537.2
7663.88,67.56,98,0.0,3537.2
7663.88,67.37,98,1.2375,3537.2
7663.88,68.42,97,0.0,3537.2
7663.88,68.09,97,0.0,3537.2
7663.88,68.47,98,1.2125,3537.2
7663.88,71.19,98,0.0,3537.2
7663.88,71.42,98,0.0,3537.2
7663.88,71.31,98,0.0,3537.2
7663.88,72.73,98,1.2125,3537.2
7663.88,72.73,98,0.0,3537.2
7663.88,72.81,98,0.0,3537.2
7663.88,72.81,98,1.2125,3537.2
7663.88,72.83,98,1.2125,3537.2
7663.88,72.58,96,0.0,3537.2
7663.88,72.5,92,0.0,3537.2
7663.88,72.34,92,0.0,3537.2
7663.88,72.34,100,1.2125,3537.2
7663.88,72.66,100,0.0,3537.2
7663.88,72.27,98,0.0,3537.2
7663.88,72.19,98,1.2125,3537.2
7663.88,72.19,98,0.0,3537.2
7663.88,72.19,98,0.0,3537.2
7663.88,72.01,98,0.0,3537.2
7663.88,72.08,98,0.0,3537.2
7663.88,72.15,98,1.225,3537.2
7663.88,72.15,98,0.0,3537.2
7663.88,72.18,96,0.0,3537.2
7663.88,72.22,96,0.0,3537.2
7663.88,71.91,98,0.0,3537.2
7663.88,72.52,98,1.2375,3537.2
7663.88,72.66,98,0.0,3537.2
7663.88,72.67,98,0.0,3537.2
7663.88,72.62,98,0.0,3537.2
7663.88,72.47,98,0.0,3537.2
7663.88,72.35,98,0.0,3537.2
7663.88,72.19,98,2.4625,3537.2
7663.88,72.15,96,0.0,3537.2
7663.88,71.96,96,0.0,3537.2
7663.88,71.97,98,1.225,3537.2
7663.88,72.19,98,0.0,3537.2
7663.88,72.46,91,0.0,3537.2
7663.88,72.52,91,0.0,3537.2
7663.88,71.48,99,1.225,3537.2
7663.88,71.66,99,0.0,3537.2
7663.88,71.74,97,0.0,3537.2
7663.88,71.98,97,0.0,3537.2
7663.88,71.94,97,0.0,3537.2
7663.88,72.09,98,0.0,3537.2
7663.88,72.5,98,1.225,3537.2
7663.88,72.5,98,0.0,3537.2
7663.88,72.0,98,0.0,3537.2
7663.88,71.56,98,0.0,3537.2
7663.88,72.3,98,0.0,3537.2
7663.88,71.0,94,1.225,3537.2
7663.88,70.53,94,0.0,3537.2
7663.88,70.33,97,0.0,3537.2
7663.88,70.44,97,0.0,3537.2
7663.88,69.78,98,1.225,3537.2
7663.88,69.88,98,0.0,3537.2
7663.88,69.73,98,1.2375,3537.2
7663.88,69.86,98,0.0,3537.2
7663.88,69.92,98,0.0,3537.2
7663.88,70.2,98,0.0,3537.2
7663.88,70.15,96,0.0,3537.2
7663.88,71.3,96,1.2375,3537.2
7663.88,71.26,96,0.0,3537.2
7663.88,71.24,98,0.0,3537.2
7663.88,70.91,98,0.0,3537.2
7663.88,71.7,98,0.0,3537.2
7663.88,71.7,98,0.0,3537.2
7663.88,71.45,98,1.225,3537.2
7663.88,71.14,98,0.0,3537.2
7663.88,71.4,98,0.0,3537.2
7663.88,71.62,96,0.0,3537.2
7663.88,71.6,96,0.0,3537.2
7663.88,71.57,98,1.2125,3537.2
7663.88,69.23,98,1.2125,3537.2
7663.88,69.14,93,0.0,3537.2
7663.88,69.55,93,0.0,3537.2
7663.88,69.71,100,1.2125,3537.2
7663.88,69.13,100,0.0,3537.2
7663.88,68.81,95,0.0,3537.2
7663.88,69.36,95,1.2125,3537.2
7663.88,69.36,98,0.0,3537.2
7663.88,69.38,98,0.0,3537.2
7663.88,69.28,98,0.0,3537.2
7663.88,69.38,98,0.0,3537.2
7663.88,71.88,98,0.0,3537.2
7663.88,72.21,98,0.0,3537.2
7663.88,71.97,98,1.225,3537.2
7663.88,71.74,98,0.0,3537.2
7663.88,72.52,96,0.0,3537.2
7663.88,72.61,98,0.0,3537.2
7663.88,72.45,98,1.2375,3537.2
7663.88,72.08,98,0.0,3537.2
7663.88,72.27,98,0.0,3537.2
7663.88,72.0,98,1.225,3537.2
7663.88,72.04,98,0.0,3537.2
7663.88,71.7,98,0.0,3537.2
7663.88,71.93,98,0.0,3537.2
7663.88,72.5,89,1.2375,3537.2
7663.88,71.62,89,0.0,3537.2
7663.88,71.47,89,0.0,3537.2
7663.88,70.97,100,0.0,3537.2
7663.88,71.19,100,0.0,3537.2
7663.88,71.38,97,1.2375,3537.2
7663.88,71.46,97,0.0,3537.2
7663.88,71.51,98,0.0,3537.2
7663.88,71.51,98,0.0,3537.2
7663.88,71.8,98,0.0,3537.2
7663.88,71.8,98,0.0,3537.2
7663.88,71.96,96,0.0,3537.2
7663.88,71.53,96,1.225,3537.2
7663.88,72.28,98,0.0,3537.2
7663.88,72.23,97,0.0,3537.2
7663.88,72.81,97,0.0,3537.2
7663.88,72.74,98,0.0,3537.2
7663.88,72.48,98,0.0,3537.2
7663.88,72.41,98,1.2375,3537.2
7663.88,71.97,98,0.0,3537.2
7663.88,72.11,96,0.0,3537.2
7663.88,71.88,96,0.0,3537.2
7663.88,71.58,98,0.0,3537.2
7663.88,71.62,98,0.0,3537.2
7663.88,71.53,98,0.0,3537.2
7663.88,71.52,98,2.45,3537.2
7663.88,71.25,97,0.0,3537.2
7663.88,71.06,97,0.0,3537.2
7663.88,70.33,95,0.0,3537.2
7663.88,70.67,95,1.2125,3537.2
7663.88,71.06,96,0.0,3537.2
7663.88,70.74,96,0.0,3537.2
7663.88,70.6,93,1.25,3537.2
7663.88,70.06,93,0.0,3537.2
7663.88,70.23,97,0.0,3537.2
7663.88,70.77,98,0.0,3537.2
7663.88,70.86,98,0.0,3537.2
7663.88,71.14,98,1.225,3537.2
7663.88,71.23,97,0.0,3537.2
7663.88,71.9,97,0.0,3537.2
7663.88,71.78,98,0.0,3537.2
7663.88,71.78,98,0.0,3537.2
7663.88,71.77,98,1.225,3537.2
7663.88,71.77,98,0.0,3537.2
7663.88,72.56,98,0.0,3537.2
7663.88,72.39,98,0.0,3537.2
7663.88,72.27,96,0.0,3537.2
7663.88,71.9,96,0.0,3537.2
7663.88,71.93,98,1.2375,3537.2
7663.88,71.76,98,0.0,3537.2
7663.88,71.99,98,0.0,3537.2
7663.88,71.72,98,0.0,3537.2
7663.88,71.92,98,0.0,3537.2
7663.88,71.81,98,0.0,3537.2
7663.88,72.11,98,0.0,3537.2
7663.88,72.02,98,1.2375,3537.2
7663.88,72.3,96,0.0,3537.2
7663.88,71.96,96,0.0,3537.2
7663.88,72.21,98,0.0,3537.2
7663.88,72.11,98,1.225,3537.2
7663.88,72.3,98,0.0,3537.2
7663.88,72.33,98,0.0,3537.2
7663.88,72.25,98,0.0,3537.2
7663.88,72.51,96,0.0,3537.2
7663.88,72.6,96,0.0,3537.2
7663.88,72.88,98,1.2375,3537.2
7663.88,72.64,98,0.0,3537.2
7663.88,72.86,98,0.0,3537.2
7663.88,72.82,98,1.2375,3537.2
7663.88,73.04,92,0.0,3537.2
7663.88,72.84,92,0.0,3537.2
7663.88,72.01,100,0.0,3537.2
7663.88,72.04,100,1.225,3537.2
7663.88,72.47,100,1.2375,3537.2
7663.88,72.47,96,0.0,3537.2
7663.88,72.47,96,0.0,3537.2
7663.88,72.11,98,0.0,3537.32
7663.88,72.15,98,0.0,3537.32
7663.88,72.15,98,0.0,3537.32
7663.88,72.16,98,1.225,3537.32
7663.88,71.42,98,0.0,3537.32
7663.88,71.42,97,0.0,3537.32
7663.88,72.21,97,0.0,3537.32
7663.88,72.32,98,0.0,3537.32
7663.88,72.12,98,0.0,3537.32
7663.88,72.19,98,1.225,3537.32
7663.88,72.07,98,0.0,3537.32
7663.88,72.01,98,0.0,3537.32
7663.88,71.96,98,0.0,3537.32
7663.88,70.61,96,0.0,3537.32
7663.88,70.47,96,0.0,3537.32
7663.88,70.83,98,1.225,3537.32
7663.88,70.83,98,0.0,3537.32
7663.88,70.92,98,0.0,3537.32
7663.88,70.88,98,0.0,3537.32
7663.88,70.75,98,0.0,3537.32
7663.88,70.72,98,1.2375,3537.32
7663.88,70.6,98,0.0,3537.32
7663.88,70.99,98,0.0,3537.32
7663.88,70.63,92,0.0,3537.32
7663.88,70.98,92,1.225,3537.32
7663.88,70.93,97,0.0,3537.32
7663.88,71.47,97,1.2375,3537.32
7663.88,71.59,97,0.0,3537.32
7663.88,71.81,98,0.0,3537.32
7663.88,71.77,98,0.0,3537.32
7663.88,72.0,98,1.2375,3537.32
7663.88,72.23,98,0.0,3537.32
7663.88,72.02,97,0.0,3537.32
7663.88,72.28,97,0.0,3537.32
7663.88,72.29,95,1.2125,3537.32
7663.88,72.55,95,0.0,3537.32
7663.88,72.3,95,0.0,3537.32
7663.88,72.3,97,1.2125,3537.32
7663.88,72.47,97,0.0,3537.32
7663.88,72.42,97,0.0,3537.32
7663.88,72.42,97,1.2125,3537.32
7663.88,72.21,97,0.0,3537.32
7663.88,72.21,97,0.0,3537.32
7663.88,71.94,97,0.0,3537.32
7663.88,71.91,97,0.0,3537.32
7663.88,71.8,95,1.2125,3537.32
7663.88,72.76,95,0.0,3537.32
7663.88,72.52,97,1.2125,3537.32
7663.88,72.65,97,0.0,3537.32
7663.88,72.31,97,0.0,3537.32
7663.88,72.25,97,0.0,3537.32
7663.88,72.24,97,1.2125,3537.32
7663.88,71.97,97,0.0,3537.32
7663.88,72.35,97,2.425,3537.32
7663.88,74.11,86,0.0,3537.32
7663.88,74.02,86,1.2125,3537.32
7663.88,73.91,100,1.2125,3537.32
7663.88,74.09,100,0.0,3537.32
7663.88,74.04,100,0.0,3537.32
7663.88,73.8,100,1.2125,3537.32
7663.88,73.74,96,0.0,3537.32
7663.88,73.94,96,0.0,3537.32
7663.88,74.04,97,0.0,3537.32
7663.88,74.23,97,1.225,3537.32
7663.88,74.03,98,0.0,3537.32
7663.88,72.25,98,0.0,3537.32
7663.88,72.66,98,1.2125,3537.32
7663.88,72.6,98,0.0,3537.32
7663.88,72.42,98,0.0,3537.32
7663.88,72.06,98,1.2125,3537.32
7663.88,72.61,98,0.0,3537.32
7663.88,72.36,96,0.0,3537.32
7663.88,72.15,96,0.0,3537.32
7663.88,71.74,98,1.2125,3537.32
7663.88,71.69,98,0.0,3537.32
7663.88,71.78,98,0.0,3537.32
7663.88,71.68,98,1.2125,3537.32
7663.88,69.09,90,1.2125,3537.32
7663.88,68.94,90,0.0,3537.32
7663.88,69.29,98,1.2125,3537.32
7663.88,67.66,98,1.2125,3537.32
7663.88,67.98,97,0.0,3537.32
7663.88,68.11,97,0.0,3537.32
7663.88,68.51,98,1.2,3537.32
7663.88,67.79,98,0.0,3537.32
7663.88,68.01,96,0.0,3537.32
7663.88,67.78,96,1.2125,3537.32
7663.88,67.86,96,0.0,3537.32
7663.88,70.41,98,0.0,3537.32
7663.88,70.52,98,0.0,3537.32
7663.88,70.11,98,1.225,3537.32
7663.88,70.11,98,0.0,3537.32
7663.88,71.48,98,0.0,3537.32
7663.88,71.48,96,0.0,3537.32
7663.88,71.36,96,1.2125,3537.32
7663.88,72.01,97,0.0,3537.32
7663.88,71.88,97,0.0,3537.32
7663.88,71.88,98,0.0,3537.32
7663.88,71.72,98,1.2125,3537.32
7663.88,71.61,98,0.0,3537.32
7663.88,71.58,98,0.0,3537.32
7663.88,71.67,98,3.6375,3537.32
7663.88,73.66,98,0.0,3537.32
7663.88,73.33,90,0.0,3537.32
7663.88,73.41,90,1.2125,3537.32
7663.88,73.27,100,0.0,3537.32
7663.88,73.41,100,0.0,3537.32
7663.88,72.25,98,0.0,3537.32
7663.88,72.64,98,1.225,3537.32
7663.88,72.7,98,0.0,3537.32
7663.88,73.03,98,0.0,3537.32
7663.88,73.11,98,0.0,3537.32
7663.88,73.28,98,1.2125,3537.32
7663.88,70.97,98,0.0,3537.32
7663.88,71.41,96,0.0,3537.32
7663.88,71.37,96,1.2125,3537.32
7663.88,71.0,98,0.0,3537.32
7663.88,72.18,98,0.0,3537.32
7663.88,72.28,98,0.0,3537.32
7663.88,72.25,98,1.2125,3537.32
7663.88,72.3,98,0.0,3537.32
7663.88,72.36,98,0.0,3537.32
7663.88,72.47,97,1.2125,3537.32
7663.88,72.71,97,0.0,3537.32
7663.88,72.68,98,0.0,3537.32
7663.88,72.4,98,1.2125,3537.32
7663.88,72.41,98,0.0,3537.32
7663.88,72.38,98,0.0,3537.32
7663.88,72.51,98,1.2125,3537.32
7663.88,72.16,98,0.0,3537.32
7663.88,71.64,98,1.2125,3537.32
7663.88,71.64,89,1.225,3537.32
7663.88,71.92,89,0.0,3537.32
7663.88,71.96,89,0.0,3537.32
7663.88,72.2,100,1.2125,3537.32
7663.88,71.58,97,0.0,3537.32
7663.88,72.13,97,0.0,3537.32
7663.88,72.22,98,1.2125,3537.32
7663.88,72.27,98,0.0,3537.32
7663.88,72.25,98,0.0,3537.32
7663.88,72.52,98,1.2125,3537.32
7663.88,72.81,98,1.2125,3537.32
7663.88,72.62,97,0.0,3537.32
7663.88,72.24,97,1.2125,3537.32
7663.88,72.24,98,0.0,3537.32
7663.88,71.94,98,0.0,3537.32
7663.88,72.29,98,0.0,3537.32
7663.88,72.36,98,1.2125,3537.32
7663.88,72.05,98,0.0,3537.32
7663.88,72.17,97,0.0,3537.32
7663.88,72.03,97,1.2125,3537.32
7663.88,72.06,98,0.0,3537.32
7663.88,72.13,98,0.0,3537.32
7663.88,71.79,98,0.0,3537.32
7663.88,72.01,98,1.2125,3537.32
7663.88,71.94,98,0.0,3537.32
7663.88,72.14,98,0.0,3537.32
7663.88,71.94,98,1.2125,3537.32
7663.88,72.01,98,1.2125,3537.32
7663.88,71.83,97,0.0,3537.32
7663.88,71.84,97,0.0,3537.32
7663.88,71.55,98,1.2125,3537.32
7663.88,71.57,98,0.0,3537.32
7663.88,71.54,98,0.0,3537.32
7663.88,71.54,98,1.2125,3537.32
7663.88,71.61,98,0.0,3537.32
7663.88,71.36,98,0.0,3537.32
7663.88,71.36,97,0.0,3537.32
7663.88,71.5,97,1.2125,3537.32
7663.88,71.28,98,1.2125,3537.32
7663.88,68.46,98,0.0,3537.32
7663.88,68.55,90,1.2125,3537.32
7663.88,68.55,90,0.0,3537.32
7663.88,68.72,100,0.0,3537.32
7663.88,67.75,100,0.0,3537.32
7663.88,67.77,100,1.225,3537.32
7663.88,67.67,100,0.0,3537.32
7663.88,67.81,96,0.0,3537.32
7663.88,68.28,96,1.2125,3537.32
7663.88,68.0,98,0.0,3537.32
7663.88,68.35,98,0.0,3537.32
7663.88,70.88,98,1.2125,3537.32
7663.88,71.18,96,0.0,3537.32
7663.88,71.53,96,0.0,3537.32
7663.88,71.37,98,0.0,3537.32
7663.88,72.53,98,1.2125,3537.32
7663.88,72.1,95,1.2125,3537.32
7663.88,72.29,95,0.0,3537.32
7663.88,72.01,97,0.0,3537.32
7663.88,71.74,97,1.2125,3537.32
7663.88,71.94,97,0.0,3537.32
7663.88,72.2,97,0.0,3537.32
7663.88,71.89,96,1.2125,3537.32
7663.88,71.61,96,0.0,3537.32
7663.88,71.34,96,0.0,3537.32
7663.88,71.48,96,0.0,3537.32
7663.88,71.99,97,1.2125,3537.32
7663.88,71.89,97,1.2375,3537.32
7663.88,73.3,85,0.0,3537.32
7663.88,73.44,85,1.2375,3537.32
7663.88,72.71,100,0.0,3537.32
7663.88,72.68,100,0.0,3537.32
7663.88,72.81,100,1.25,3537.32
7663.88,72.81,100,0.0,3537.32
7663.88,73.1,96,0.0,3537.32
7663.88,73.54,96,1.2375,3537.32
7663.88,73.65,96,1.2375,3537.32
7663.88,73.42,96,0.0,3537.32
7663.88,73.66,97,0.0,3537.32
7663.88,72.19,97,1.25,3537.32
7663.88,72.73,97,0.0,3537.32
7663.88,72.73,97,0.0,3537.32
7663.88,72.62,97,0.0,3537.32
7663.88,72.06,97,1.2375,3537.32
7663.88,72.44,96,0.0,3537.32
7663.88,72.36,96,0.0,3537.32
7663.88,72.26,98,1.2375,3537.32
7663.88,72.23,98,0.0,3537.32
7663.88,72.36,98,0.0,3537.32
7663.88,72.35,98,0.0,3537.32
7663.88,72.56,98,1.2375,3537.32
7663.88,72.47,98,0.0,3537.32
7663.88,72.31,98,0.0,3537.32
7663.88,72.51,98,1.25,3537.32
7663.88,72.73,97,0.0,3537.32
7663.88,72.75,97,0.0,3537.32
7663.88,72.47,98,0.0,3537.32
7663.88,72.58,98,1.2375,3537.32
7663.88,72.34,98,0.0,3537.32
7663.88,72.29,98,0.0,3537.32
7663.88,72.08,98,0.0,3537.32
7663.88,71.57,98,0.0,3537.32
7663.88,71.57,97,1.2375,3537.32
7663.88,71.8,97,0.0,3537.32
7663.88,71.63,98,0.0,3537.32
7663.88,71.92,98,2.4875,3537.32
7663.88,71.74,98,0.0,3537.32
7663.88,71.88,98,0.0,3537.32
7663.88,71.73,98,2.4875,3537.32
7663.88,68.51,98,0.0,3537.32
7663.88,68.24,88,0.0,3537.32
7663.88,68.23,88,1.225,3537.32
7663.88,67.83,98,0.0,3537.32
7663.88,68.52,98,0.0,3537.32
7663.88,68.8,97,1.2125,3537.32
7663.88,69.04,97,0.0,3537.32
7663.88,69.03,98,0.0,3537.32
7663.88,69.07,98,1.2,3537.32
7663.88,68.9,98,0.0,3537.32
7663.88,69.03,98,0.0,3537.32
7663.88,72.05,98,1.2125,3537.32
7663.88,72.0,97,0.0,3537.32
7663.88,72.39,97,0.0,3537.32
7663.88,72.08,98,0.0,3537.32
7663.88,72.06,98,0.0,3537.32
7663.88,71.93,98,1.25,3537.32
7663.88,71.83,98,0.0,3537.32
7663.88,71.91,98,0.0,3537.32
7663.88,72.11,98,0.0,3537.32
7663.88,71.99,98,0.0,3537.32
7663.88,72.13,98,1.2375,3537.32
7663.88,72.18,97,0.0,3537.32
7663.88,72.33,97,0.0,3537.32
7663.88,72.43,98,0.0,3537.32
7663.88,72.42,98,0.0,3537.32
7663.88,72.32,98,1.2375,3537.32
7663.88,72.41,98,0.0,3537.32
7663.88,72.4,98,0.0,3537.32
7663.88,72.24,98,1.2,3537.32
7663.88,70.17,98,0.0,3537.32
7663.88,69.94,86,1.25,3537.32
7663.88,69.83,86,0.0,3537.32
7663.88,69.48,100,0.0,3537.32
7663.88,69.76,98,0.0,3537.32
7663.88,69.94,98,1.2125,3537.32
7663.88,70.17,98,1.25,3537.32
7663.88,70.17,98,0.0,3537.32
7663.88,70.1,97,0.0,3537.32
7663.88,69.9,97,0.0,3537.32
7663.88,69.9,98,0.0,3537.32
7663.88,69.99,98,1.2375,3537.32
7663.88,71.91,98,0.0,3537.32
7663.88,71.91,98,0.0,3537.32
7663.88,72.25,98,1.2375,3537.32
7663.88,72.58,98,1.2375,3537.32
7663.88,72.53,90,0.0,3537.32
7663.88,72.62,90,0.0,3537.32
7663.88,72.1,100,1.2375,3537.32
7663.88,72.23,100,0.0,3537.32
7663.88,72.43,98,0.0,3537.32
7663.88,72.41,98,0.0,3537.32
7663.88,72.62,98,0.0,3537.32
7663.88,72.59,98,1.2,3537.32
7663.88,72.97,97,0.0,3537.32
7663.88,73.13,97,0.0,3537.32
7663.88,72.79,98,0.0,3537.32
7663.88,72.59,98,0.0,3537.32
7663.88,72.37,98,1.2375,3537.32
7663.88,72.45,98,0.0,3537.32
7663.88,72.42,98,0.0,3537.32
7663.88,72.41,98,0.0,3537.32
7663.88,72.5,97,0.0,3537.32
7663.88,72.45,97,0.0,3537.32
7663.88,72.58,98,1.25,3537.32
7663.88,72.54,98,0.0,3537.32
7663.88,72.31,98,0.0,3537.32
7663.88,72.21,98,0.0,3537.32
7663.88,71.98,98,0.0,3537.32
7663.88,71.89,98,1.25,3537.32
7663.88,72.01,98,0.0,3537.32
7663.88,71.89,98,0.0,3537.32
7663.88,71.84,98,0.0,3537.32
7663.88,71.84,98,2.45,3537.32
7663.88,72.02,98,0.0,3537.32
7663.88,71.84,98,0.0,3537.32
7663.88,72.02,98,1.2,3537.32
7663.88,71.87,98,0.0,3537.32
7663.88,72.13,98,0.0,3537.32
7663.88,71.61,98,1.2125,3537.32
7663.88,71.86,97,0.0,3537.32
7663.88,71.75,98,0.0,3537.32
7663.88,71.79,98,1.2125,3537.32
7663.88,71.62,98,0.0,3537.32
7663.88,68.69,98,1.2125,3537.32
7663.88,68.48,90,1.2125,3537.32
7663.88,68.55,90,0.0,3537.32
7663.88,67.64,98,0.0,3537.32
7663.88,67.8,98,1.2125,3537.32
7663.88,67.93,98,0.0,3537.32
7663.88,68.43,98,0.0,3537.32
7663.88,68.3,98,0.0,3537.32
7663.88,68.17,97,1.1875,3537.32
7663.88,68.11,98,0.0,3537.32
7663.88,68.19,98,0.0,3537.32
7663.88,71.19,98,1.225,3537.32
7663.88,71.04,98,0.0,3537.32
7663.88,71.04,98,0.0,3537.32
7663.88,71.87,98,1.2125,3537.32
7663.88,71.87,97,0.0,3537.32
7663.88,72.03,97,0.0,3537.32
7663.88,72.24,98,1.2125,3537.32
7663.88,72.25,98,1.2125,3537.32
7663.88,72.41,98,0.0,3537.32
7663.88,72.51,98,0.0,3537.32
7663.88,72.29,98,0.0,3537.32
7663.88,72.13,98,0.0,3537.32
7663.88,72.15,98,1.175,3537.32
7663.88,72.43,98,0.0,3537.32
7663.88,72.43,97,1.2125,3537.32
7663.88,72.32,97,0.0,3537.32
7663.88,72.21,98,0.0,3537.32
7663.88,72.06,98,1.2125,3537.32
7663.88,72.1,98,0.0,3537.32
7663.88,71.96,98,0.0,3537.32
7663.88,71.95,98,1.2125,3537.32
7663.88,72.01,97,0.0,3537.32
7663.88,72.1,97,0.0,3537.32
7663.88,72.32,98,1.225,3537.32
7663.88,72.31,98,0.0,3537.32
7663.88,72.3,98,0.0,3537.32
7663.88,72.29,98,1.2,3537.32
7663.88,71.27,87,1.2375,3537.32
7663.88,70.14,87,1.175,3537.32
7663.88,70.25,100,0.0,3537.32
7663.88,70.57,100,1.2125,3537.32
7663.88,70.82,98,0.0,3537.32
7663.88,70.99,98,0.0,3537.32
7663.88,71.08,100,1.2125,3537.32
7663.88,71.2,100,0.0,3537.32
7663.88,71.1,93,0.0,3537.32
7663.88,71.03,93,1.2125,3537.32
7663.88,71.23,96,0.0,3537.32
7663.88,72.37,96,0.0,3537.32
7663.88,73.5,97,1.2,3537.32
7663.88,73.22,97,0.0,3537.32
7663.88,72.92,96,0.0,3537.32
7663.88,72.78,96,1.2125,3537.32
7663.88,72.89,89,1.2125,3537.32
7663.88,72.86,89,0.0,3537.32
7663.88,72.75,97,1.175,3537.32
7663.88,72.86,97,0.0,3537.32
7663.88,72.88,97,0.0,3537.32
7663.88,72.64,97,0.0,3537.32
7663.88,72.61,98,1.2125,3537.32
7663.88,72.48,98,0.0,3537.32
7663.88,72.9,98,0.0,3537.32
7663.88,72.44,98,0.0,3537.32
7663.88,72.5,95,2.4375,3537.32
7663.88,72.55,95,0.0,3537.32
7663.88,71.71,90,1.15,3537.32
7663.88,71.6,100,0.0,3537.32
7663.88,71.59,100,0.0,3537.32
7663.88,71.44,99,1.2125,3537.32
7663.88,71.43,99,0.0,3537.32
7663.88,71.42,93,0.0,3537.32
7663.88,71.76,93,0.0,3537.32
7663.88,71.82,98,1.2125,3537.32
7663.88,72.22,98,0.0,3537.32
7663.88,72.12,98,1.2125,3537.32
7663.88,72.55,98,1.2125,3537.32
7663.88,72.54,96,0.0,3537.32
7663.88,72.25,96,0.0,3537.32
7663.88,72.24,95,0.0,3537.32
7663.88,70.83,95,1.1625,3537.32
7663.88,70.92,93,1.2,3537.32
7663.88,70.67,93,0.0,3537.32
7663.88,70.67,97,0.0,3537.32
7663.88,70.73,97,0.0,3537.32
7663.88,70.35,97,1.2125,3537.32
7663.88,70.35,97,0.0,3537.32
7663.88,70.88,93,0.0,3537.32
7663.88,70.98,93,1.2125,3537.32
7663.88,70.98,97,0.0,3537.32
7663.88,70.7,97,0.0,3537.32
7663.88,71.11,97,1.2125,3537.32
7663.88,72.12,97,0.0,3537.32
7663.88,71.76,97,0.0,3537.32
7663.88,71.82,97,1.1875,3537.32
7663.88,70.96,94,0.0,3537.32
7663.88,70.67,94,1.2125,3537.32
7663.88,70.91,93,1.2125,3537.32
7663.88,70.28,93,0.0,3537.32
7663.88,70.54,97,0.0,3537.32
7663.88,70.39,97,1.2,3537.32
7663.88,70.93,97,0.0,3537.32
7663.88,70.73,97,0.0,3537.32
7663.88,70.85,97,0.0,3537.32
7663.88,70.85,98,1.1875,3537.32
7663.88,72.01,98,1.2125,3537.32
7663.88,73.5,86,0.0,3537.32
7663.88,73.27,86,1.2,3537.32
7663.88,72.46,99,0.0,3537.32
7663.88,72.46,99,0.0,3537.32
7663.88,73.44,94,0.0,3537.32
7663.88,73.34,94,1.2125,3537.32
7663.88,73.67,98,0.0,3537.32
7663.88,73.32,98,0.0,3537.32
7663.88,73.42,98,0.0,3537.32
7663.88,73.44,98,0.0,3537.32
7663.88,73.21,98,1.25,3537.32
7663.88,72.09,98,0.0,3537.32
7663.88,72.08,96,0.0,3537.32
7663.88,72.94,96,0.0,3537.32
7663.88,72.6,98,2.4875,3537.32
7663.88,72.56,98,0.0,3537.32
7663.88,72.75,98,1.225,3537.32
7663.88,72.73,98,0.0,3537.32
7663.88,72.91,96,0.0,3537.32
7663.88,72.92,96,0.0,3537.32
7663.88,73.05,98,1.25,3537.32
7663.88,73.12,98,0.0,3537.32
7663.88,73.2,94,0.0,3537.32
7663.88,73.03,94,0.0,3537.32
7663.88,73.22,98,0.0,3537.32
7663.88,73.19,98,1.2375,3537.32
7663.88,73.19,98,0.0,3537.32
7663.88,73.04,98,0.0,3537.32
7663.88,72.6,98,0.0,3537.32
7663.88,72.6,96,1.2,3537.32
7663.88,72.67,96,0.0,3537.32
7663.88,72.72,96,0.0,3537.32
7663.88,72.51,96,1.2375,3537.32
7663.88,72.46,98,0.0,3537.32
7663.88,72.44,98,0.0,3537.32
7663.88,72.19,98,0.0,3537.32
7663.88,72.08,98,0.0,3537.32
7663.88,71.81,98,1.2375,3537.32
7663.88,74.1,98,1.2375,3537.32
7663.88,73.75,98,0.0,3537.32
7663.88,73.67,88,0.0,3537.32
7663.88,73.06,97,0.0,3537.32
7663.88,73.32,97,1.2375,3537.32
7663.88,73.54,97,0.0,3537.32
7663.88,74.2,98,0.0,3537.32
7663.88,74.24,98,1.25,3537.32
7663.88,74.3,93,0.0,3537.32
7663.88,74.04,93,1.25,3537.32
7663.88,74.04,98,0.0,3537.32
7663.88,74.3,98,0.0,3537.32
7663.88,72.03,98,0.0,3537.32
7663.88,72.26,98,1.25,3537.32
7663.88,71.99,98,0.0,3537.32
7663.88,72.64,98,0.0,3537.32
7663.88,72.53,97,0.0,3537.32
7663.88,72.61,97,1.25,3537.32
7663.88,72.27,98,0.0,3537.32
7663.88,72.16,98,1.25,3537.32
7663.88,72.31,98,0.0,3537.32
7663.88,72.09,98,0.0,3537.32
7663.88,72.1,98,0.0,3537.32
7663.88,72.18,98,1.25,3537.32
7663.88,72.33,98,0.0,3537.32
7663.88,72.25,94,0.0,3537.32
7663.88,72.01,94,0.0,3537.32
7663.88,71.81,94,1.25,3537.32
7663.88,71.61,97,0.0,3537.32
7663.88,71.51,96,0.0,3537.32
7663.88,71.74,96,1.225,3537.32
7663.88,71.68,96,0.0,3537.32
7663.88,71.85,96,0.0,3537.32
7663.88,70.94,94,1.2125,3537.32
7663.88,71.18,94,0.0,3537.32
7663.88,71.14,95,0.0,3537.32
7663.88,71.22,95,1.2125,3537.32
7663.88,71.32,96,0.0,3537.32
7663.88,71.35,96,0.0,3537.32
7663.88,71.47,96,2.425,3537.32
7663.88,71.68,96,0.0,3537.32
7663.88,71.58,88,0.0,3537.32
7663.88,70.84,88,1.2125,3537.32
7663.88,70.97,96,0.0,3537.32
7663.88,72.43,96,0.0,3537.32
7663.88,72.35,97,0.0,3537.32
7663.88,72.76,97,1.2125,3537.32
7663.88,72.18,95,0.0,3537.32
7663.88,72.25,95,0.0,3537.32
7663.88,72.16,97,1.2,3537.32
7663.88,71.8,97,1.225,3537.32
7663.88,71.8,97,1.1625,3537.32
7663.88,72.49,97,0.0,3537.32
7663.88,72.56,97,0.0,3537.32
7663.88,72.42,97,0.0,3537.32
7663.88,72.33,97,1.2125,3537.32
7663.88,72.31,97,1.2125,3537.32
7663.88,72.79,95,0.0,3537.32
7663.88,72.64,95,1.2125,3537.32
7663.88,72.49,97,0.0,3537.32
7663.88,72.26,97,0.0,3537.32
7663.88,72.26,98,0.0,3537.32
7663.88,72.16,98,1.2125,3537.32
7663.88,72.19,98,0.0,3537.32
7663.88,72.13,98,0.0,3537.32
7663.88,71.99,98,1.2125,3537.32
7663.88,71.99,98,0.0,3537.32
7663.88,72.07,96,0.0,3537.32
7663.88,71.63,96,1.2125,3537.32
7663.88,71.63,98,0.0,3537.32
7663.88,71.62,98,0.0,3537.32
7663.88,71.73,98,0.0,3537.32
7663.88,71.77,98,1.2125,3537.32
7663.88,72.19,98,0.0,3537.32
7663.88,72.25,97,0.0,3537.32
7663.88,72.36,97,1.2125,3537.32
7663.88,72.29,98,0.0,3537.32
7663.88,72.26,98,1.2125,3537.32
7663.88,72.36,91,1.2125,3537.32
7663.88,72.25,91,0.0,3537.32
7663.88,71.43,100,0.0,3537.32
7663.88,71.8,100,0.0,3537.32
7663.88,72.03,96,1.225,3537.32
7663.88,71.56,96,0.0,3537.32
7663.88,71.8,97,1.2125,3537.32
7663.88,71.62,97,1.2125,3537.32
7663.88,71.56,98,0.0,3537.32
7663.88,71.63,98,0.0,3537.32
7663.88,71.53,98,0.0,3537.32
7663.88,71.37,98,1.2125,3537.32
7663.88,71.41,98,0.0,3537.32
7663.88,72.32,98,0.0,3537.32
7663.88,71.88,97,1.2125,3537.32
7663.88,71.87,97,0.0,3537.32
7663.88,72.27,98,0.0,3537.32
7663.88,72.19,98,1.2125,3537.32
7663.88,72.08,98,0.0,3537.32
7663.88,72.17,98,0.0,3537.32
7663.88,71.93,98,1.2125,3537.32
7663.88,71.87,98,0.0,3537.32
7663.88,71.99,98,0.0,3537.32
7663.88,71.99,97,1.225,3537.32
7663.88,72.13,97,0.0,3537.32
7663.88,72.29,98,0.0,3537.32
7663.88,72.23,98,0.0,3537.32
7663.88,72.19,98,1.2,3537.32
7663.88,72.2,98,0.0,3537.32
7663.88,72.07,98,1.2,3537.32
7663.88,72.07,98,1.2125,3537.32
7663.88,72.06,98,0.0,3537.32
7663.88,72.06,98,0.0,3537.32
7663.88,72.22,97,1.225,3537.32
7663.88,72.24,97,0.0,3537.32
7663.88,72.42,98,0.0,3537.32
7663.88,72.42,98,2.4,3537.32
7663.88,72.12,96,0.0,3537.32
7663.88,72.11,96,0.0,3537.32
7663.88,72.03,91,1.2,3537.32
7663.88,72.16,91,0.0,3537.32
7663.88,72.25,95,0.0,3537.32
7663.88,72.62,97,1.2125,3537.32
7663.88,72.93,97,0.0,3537.32
7663.88,73.01,97,0.0,3537.32
7663.88,72.86,97,1.2125,3537.32
7663.88,72.76,97,0.0,3537.32
7663.88,72.66,97,0.0,3537.32
7663.88,72.93,94,1.2125,3537.32
7663.88,72.99,94,0.0,3537.32
7663.88,72.59,97,0.0,3537.32
7663.88,72.84,97,1.2125,3537.32
7663.88,72.57,97,0.0,3537.32
7663.88,72.64,97,0.0,3537.32
7663.88,72.38,97,0.0,3537.32
7663.88,72.49,97,1.225,3537.32
7663.88,72.34,97,0.0,3537.32
7663.88,72.41,97,0.0,3537.32
7663.88,72.23,97,0.0,3537.32
7663.88,72.15,95,1.2375,3537.32
7663.88,72.16,98,0.0,3537.32
7663.88,72.56,98,0.0,3537.32
7663.88,72.56,98,1.2125,3537.32
7663.88,72.72,98,1.2125,3537.32
7663.88,72.54,98,0.0,3537.32
7663.88,72.5,97,0.0,3537.32
7663.88,72.42,97,1.2125,3537.32
7663.88,72.14,97,0.0,3537.32
7663.88,71.95,98,0.0,3537.32
7663.88,71.75,98,1.2125,3537.32
7663.88,71.75,98,0.0,3537.32
7663.88,71.82,98,0.0,3537.32
7663.88,71.78,98,0.0,3537.32
7663.88,71.64,98,1.2,3537.32
7663.88,71.32,98,0.0,3537.32
7663.88,73.38,98,2.425,3537.32
7663.88,72.77,87,0.0,3537.32
7663.88,72.86,100,1.2125,3537.32
7663.88,72.66,100,0.0,3537.32
7663.88,73.08,96,0.0,3537.32
7663.88,73.42,96,0.0,3537.32
7663.88,73.65,96,0.0,3537.32
7663.88,73.65,98,1.25,3537.32
7663.88,73.75,98,0.0,3537.32
7663.88,73.58,98,0.0,3537.32
7663.88,73.51,98,0.0,3537.32
7663.88,73.83,96,1.2375,3537.32
7663.88,71.88,96,0.0,3537.32
7663.88,72.24,98,0.0,3537.32
7663.88,72.4,98,1.25,3537.32
7663.88,72.72,98,0.0,3537.32
7663.88,72.51,98,0.0,3537.32
7663.88,72.36,98,1.25,3537.32
7663.88,72.28,98,0.0,3537.32
7663.88,72.07,98,0.0,3537.32
7663.88,72.27,96,1.2375,3537.32
7663.88,72.36,96,1.25,3537.32
7663.88,72.08,98,0.0,3537.32
7663.88,72.05,98,0.0,3537.32
7663.88,72.05,88,2.4875,3537.32
7663.88,69.58,88,0.0,3537.32
7663.88,69.58,100,0.0,3537.32
7663.88,69.6,100,1.25,3537.32
7663.88,69.75,96,0.0,3537.32
7663.88,69.82,96,0.0,3537.32
7663.88,69.83,98,0.0,3537.32
7663.88,69.49,98,1.2375,3537.32
7663.88,69.7,98,0.0,3537.32
7663.88,69.54,98,0.0,3537.32
7663.88,69.54,98,0.0,3537.32
7663.88,70.06,96,1.2375,3537.32
7663.88,72.51,96,0.0,3537.32
7663.88,72.51,98,0.0,3537.32
7663.88,72.08,98,1.2375,3537.32
7663.88,72.39,98,0.0,3537.32
7663.88,72.37,98,0.0,3537.32
7663.88,72.45,98,1.25,3537.32
7663.88,72.34,98,0.0,3537.32
7663.88,72.37,98,0.0,3537.32
7663.88,72.43,97,1.2375,3537.32
7663.88,72.43,97,0.0,3537.32
7663.88,72.16,98,0.0,3537.32
7663.88,72.05,98,1.2375,3537.32
7663.88,72.35,98,0.0,3537.32
7663.88,72.32,98,0.0,3537.32
7663.88,72.17,98,0.0,3537.32
7663.88,72.04,98,1.225,3537.32
7663.88,72.14,96,0.0,3537.32
7663.88,72.38,96,0.0,3537.32
7663.88,72.36,98,1.2125,3537.32
7663.88,72.28,98,0.0,3537.32
7663.88,72.18,98,0.0,3537.32
7663.88,72.22,98,1.2125,3537.32
7663.88,72.29,98,1.2125,3537.32
7663.88,72.25,98,0.0,3537.32
7663.88,72.22,98,0.0,3537.32
7663.88,72.2,98,0.0,3537.32
7663.88,72.24,98,2.4875,3537.32
7663.88,74.1,97,0.0,3537.32
7663.88,73.18,91,0.0,3537.32
7663.88,73.02,91,1.2375,3537.32
7663.88,73.09,97,0.0,3537.32
7663.88,73.41,97,0.0,3537.32
7663.88,73.71,98,1.25,3537.32
7663.88,73.71,98,0.0,3537.32
7663.88,73.9,97,0.0,3537.32
7663.88,73.84,97,0.0,3537.32
7663.88,73.91,98,1.2375,3537.32
7663.88,73.89,98,0.0,3537.32
7663.88,71.9,98,0.0,3537.32
7663.88,72.51,98,0.0,3537.32
7663.88,72.55,98,1.2375,3537.32
7663.88,72.68,98,0.0,3537.32
7663.88,72.75,96,0.0,3537.32
7663.88,72.44,96,1.2375,3537.32
7663.88,72.32,98,0.0,3537.32
7663.88,72.18,98,1.2375,3537.32
7663.88,72.22,98,0.0,3537.32
7663.88,72.19,98,0.0,3537.32
7663.88,72.11,98,0.0,3537.32
7663.88,71.97,98,1.2375,3537.32
7663.88,72.23,98,0.0,3537.32
7663.88,72.45,98,1.2375,3537.32
7663.88,72.68,96,0.0,3537.32
7663.88,72.36,96,1.25,3537.32
7663.88,72.66,98,0.0,3537.32
7663.88,72.54,98,0.0,3537.32
7663.88,72.54,98,1.25,3537.32
7663.88,72.31,98,0.0,3537.32
7663.88,72.1,98,0.0,3537.32
7663.88,72.27,98,0.0,3537.32
7663.88,72.28,96,1.25,3537.32
7663.88,72.06,96,0.0,3537.32
7663.88,71.95,98,0.0,3537.32
7663.88,71.85,98,0.0,3537.32
7663.88,71.2,98,1.2375,3537.32
7663.88,70.81,98,0.0,3537.32
7663.88,70.81,92,1.2375,3537.32
7663.88,70.91,92,0.0,3537.32
7663.88,70.44,99,0.0,3537.32
7663.88,70.49,99,0.0,3537.32
7663.88,70.81,98,0.0,3537.32
7663.88,70.84,98,1.2375,3537.32
7663.88,71.01,98,0.0,3537.32
7663.88,71.3,98,0.0,3537.32
7663.88,71.25,97,0.0,3537.32
7663.88,71.39,97,1.225,3537.32
7663.88,71.89,98,0.0,3537.32
7663.88,72.16,98,2.425,3537.32
7663.88,73.48,91,0.0,3537.32
7663.88,73.62,91,0.0,3537.32
7663.88,73.71,100,0.0,3537.32
7663.88,73.53,100,1.1875,3537.32
7663.88,73.45,100,0.0,3537.32
7663.88,72.95,100,0.0,3537.32
7663.88,73.0,97,1.2125,3537.32
7663.88,73.19,97,1.2125,3537.32
7663.88,73.34,98,0.0,3537.32
7663.88,73.3,98,0.0,3537.32
7663.88,73.41,98,0.0,3537.32
7663.88,72.0,98,1.225,3537.32
7663.88,71.92,98,0.0,3537.32
7663.88,71.86,96,0.0,3537.32
7663.88,71.73,96,0.0,3537.32
7663.88,72.22,98,0.0,3537.32
7663.88,72.02,98,1.2375,3537.32
7663.88,72.0,98,0.0,3537.32
7663.88,71.67,98,0.0,3537.32
7663.88,71.72,97,0.0,3537.32
7663.88,71.62,97,0.0,3537.32
7663.88,71.78,97,1.2125,3537.32
7663.88,71.59,97,0.0,3537.32
7663.88,72.15,96,0.0,3537.32
7663.88,71.98,96,0.0,3537.32
7663.88,72.16,98,1.2125,3537.32
7663.88,72.07,98,1.2375,3537.32
7663.88,72.13,98,0.0,3537.32
7663.88,71.88,98,0.0,3537.32
7663.88,71.88,98,1.2375,3537.32
7663.88,71.75,98,0.0,3537.32
7663.88,71.86,96,0.0,3537.32
7663.88,71.68,96,0.0,3537.32
7663.88,71.7,98,1.2375,3537.32
7663.88,71.75,98,0.0,3537.32
7663.88,72.01,98,0.0,3537.32
7663.88,72.18,98,1.2375,3537.32
7663.88,72.22,98,0.0,3537.32
7663.88,72.26,98,0.0,3537.32
7663.88,72.28,98,1.2375,3537.32
7663.88,72.4,98,1.1875,3537.32
7663.88,72.86,85,0.0,3537.32
7663.88,72.77,85,1.25,3537.32
7663.88,72.11,100,0.0,3537.32
7663.88,72.58,100,0.0,3537.32
7663.88,72.68,91,1.2375,3537.32
7663.88,72.93,91,0.0,3537.32
7663.88,72.83,97,0.0,3537.32
7663.88,72.88,97,0.0,3537.32
7663.88,72.48,96,1.25,3537.32
7663.88,72.66,96,0.0,3537.32
7663.88,72.28,97,0.0,3537.32
7663.88,71.92,97,0.0,3537.32
7663.88,71.01,95,1.2375,3537.32
7663.88,71.88,97,0.0,3537.32
7663.88,71.5,97,0.0,3537.32
7663.88,71.45,97,1.25,3537.32
7663.88,71.58,97,0.0,3537.32
7663.88,71.28,97,0.0,3537.32
7663.88,71.59,97,0.0,3537.32
7663.88,71.59,97,1.25,3537.32
7663.88,71.42,98,0.0,3537.32
7663.88,71.29,98,0.0,3537.32
7663.88,72.36,96,1.2375,3537.32
7663.88,72.36,96,0.0,3537.32
7663.88,72.47,98,0.0,3537.32
7663.88,72.67,98,1.2375,3537.32
7663.88,72.44,97,0.0,3537.32
7663.88,72.3,97,0.0,3537.32
7663.88,72.12,98,0.0,3537.32
7663.88,72.15,98,1.25,3537.32
7663.88,72.03,98,1.2375,3537.32
7663.88,72.06,96,0.0,3537.32
7663.88,72.26,96,1.2375,3537.32
7663.88,72.26,97,0.0,3537.32
7663.88,72.26,97,0.0,3537.32
7663.88,72.19,98,1.2125,3537.32
7663.88,72.1,98,0.0,3537.32
7663.88,72.22,97,1.2125,3537.32
7663.88,73.62,97,1.2125,3537.32
7663.88,73.53,89,0.0,3537.32
7663.88,73.41,89,0.0,3537.32
7663.88,73.54,97,1.2125,3537.32
7663.88,73.73,97,0.0,3537.32
7663.88,74.16,96,0.0,3537.32
7663.88,74.12,96,1.2125,3537.32
7663.88,74.33,97,0.0,3537.32
7663.88,74.34,97,0.0,3537.32
7663.88,74.4,97,0.0,3537.32
7663.88,74.38,98,0.0,3537.32
7663.88,72.75,98,1.2375,3537.32
7663.88,72.75,98,0.0,3537.32
7663.88,72.8,98,0.0,3537.32
7663.88,72.88,98,1.25,3537.32
7663.88,72.65,97,0.0,3537.32
7663.88,72.49,97,0.0,3537.32
7663.88,72.47,97,0.0,3537.32
7663.88,72.39,97,1.2375,3537.32
7663.88,72.29,97,0.0,3537.32
7663.88,72.35,97,0.0,3537.32
7663.88,72.16,97,0.0,3537.32
7663.88,72.3,97,1.2375,3537.32
7663.88,72.29,97,0.0,3537.32
7663.88,72.73,97,0.0,3537.32
7663.88,72.66,95,1.25,3537.32
7663.88,72.92,95,0.0,3537.32
7663.88,72.89,97,0.0,3537.32
7663.88,72.95,97,1.2375,3537.32
7663.88,72.78,96,0.0,3537.32
7663.88,72.77,96,0.0,3537.32
7663.88,72.57,96,2.4875,3537.32
7663.88,69.52,96,1.25,3537.32
7663.88,69.38,85,0.0,3537.32
7663.88,69.61,85,0.0,3537.32
7663.88,69.61,97,1.2375,3537.32
7663.88,68.48,97,0.0,3537.32
7663.88,68.49,97,0.0,3537.32
7663.88,68.67,97,0.0,3537.32
7663.88,68.54,96,1.2375,3537.32
7663.88,68.64,96,0.0,3537.32
7663.88,68.41,96,0.0,3537.32
7663.88,68.5,96,0.0,3537.32
7663.88,71.59,97,1.2375,3537.32
7663.88,71.78,97,0.0,3537.32
7663.88,71.54,97,0.0,3537.32
7663.88,72.89,97,0.0,3537.32
7663.88,72.73,97,0.0,3537.32
7663.88,72.59,95,1.2375,3537.32
7663.88,71.9,95,0.0,3537.32
7663.88,71.84,95,0.0,3537.32
7663.88,71.71,97,1.2375,3537.32
7663.88,71.64,97,0.0,3537.32
7663.88,71.25,97,0.0,3537.32
7663.88,71.31,97,1.2375,3537.32
7663.88,71.38,97,0.0,3537.32
7663.88,71.38,97,0.0,3537.32
7663.88,71.37,97,1.2125,3537.32
7663.88,70.9,97,0.0,3537.32
7663.88,71.22,96,1.2125,3537.32
7663.88,71.22,96,0.0,3537.32
7663.88,71.34,98,0.0,3537.32
7663.88,71.36,98,1.2125,3537.32
7663.88,71.57,98,0.0,3537.32
7663.88,71.56,98,1.2125,3537.32
7663.88,71.89,98,0.0,3537.32
7663.88,71.87,98,1.2125,3537.32
7663.88,71.9,97,0.0,3537.32
7663.88,71.89,98,0.0,3537.32
7663.88,72.18,98,1.2,3537.32
7663.88,71.38,96,1.2125,3537.32
7663.88,71.38,96,0.0,3537.32
7663.88,71.16,95,0.0,3537.32
7663.88,71.07,95,1.2125,3537.32
7663.88,71.12,100,0.0,3537.32
7663.88,71.17,100,0.0,3537.32
7663.88,70.37,96,1.2125,3537.32
7663.88,70.57,96,0.0,3537.32
7663.88,70.73,98,0.0,3537.32
7663.88,70.82,98,0.0,3537.32
7663.88,70.97,98,1.2,3537.32
7663.88,71.52,98,0.0,3537.32
7663.88,71.63,97,0.0,3537.32
7663.88,71.71,97,1.2,3537.32
7663.88,71.5,98,0.0,3537.32
7663.88,71.48,98,0.0,3537.32
7663.88,72.29,98,1.1875,3537.32
7663.88,72.35,98,1.2125,3537.32
7663.88,72.45,98,1.2125,3537.32
7663.88,72.48,98,0.0,3537.32
7663.88,72.68,98,0.0,3537.32
7663.88,72.43,98,1.2125,3537.32
7663.88,72.43,97,0.0,3537.32
7663.88,72.48,97,0.0,3537.32
7663.88,72.31,98,1.2,3537.32
7663.88,72.46,98,0.0,3537.32
7663.88,72.59,98,0.0,3537.32
7663.88,72.68,98,1.2125,3537.32
7663.88,72.48,98,0.0,3537.32
7663.88,72.01,97,0.0,3537.32
7663.88,71.95,97,1.2125,3537.32
7663.88,71.98,98,0.0,3537.32
7663.88,72.04,98,0.0,3537.32
7663.88,71.81,98,1.2125,3537.32
7663.88,71.97,98,0.0,3537.32
7663.88,72.0,98,0.0,3537.32
7663.88,72.14,98,1.2375,3537.32
7663.88,72.1,98,0.0,3537.32
7663.88,72.21,98,0.0,3537.32
7663.88,71.95,97,1.2375,3537.32
7663.88,72.34,97,1.2375,3537.32
7663.88,72.41,91,0.0,3537.32
7663.88,72.19,91,0.0,3537.32
7663.88,72.28,100,1.25,3537.32
7663.88,72.45,100,0.0,3537.32
7663.88,72.69,100,0.0,3537.32
7663.88,71.92,100,1.2375,3537.32
7663.88,71.78,97,1.2375,3537.32
7663.88,72.09,97,0.0,3537.32
7663.88,71.93,98,0.0,3537.32
7663.88,72.24,98,0.0,3537.32
7663.88,72.14,98,1.2375,3537.32
7663.88,71.95,98,0.0,3537.32
7663.88,71.95,98,0.0,3537.32
7663.88,71.98,98,0.0,3537.32
7663.88,70.57,98,1.25,3537.32
7663.88,71.86,98,0.0,3537.32
7663.88,72.31,96,0.0,3537.32
7663.88,72.43,96,1.25,3537.32
7663.88,72.27,98,0.0,3537.32
7663.88,72.43,98,0.0,3537.32
7663.88,72.24,98,0.0,3537.32
7663.88,72.15,98,1.2375,3537.32
7663.88,72.25,98,0.0,3537.32
7663.88,72.22,98,0.0,3537.32
7663.88,72.28,96,0.0,3537.32
7663.88,72.15,96,1.2375,3537.32
7663.88,72.41,98,0.0,3537.32
7663.88,72.44,98,0.0,3537.32
7663.88,72.41,98,1.2375,3537.32
7663.88,72.13,98,0.0,3537.32
7663.88,72.0,98,0.0,3537.32
7663.88,71.78,98,0.0,3537.32
7663.88,71.74,98,1.2375,3537.32
7663.88,71.52,98,1.2375,3537.32
7663.88,71.74,95,0.0,3537.32
7663.88,71.63,95,0.0,3537.32
7663.88,71.63,98,1.2375,3537.32
7663.88,72.01,98,0.0,3537.32
7663.88,72.12,98,0.0,3537.32
7663.88,72.21,98,1.2375,3537.32
7663.88,72.22,98,0.0,3537.32
7663.88,72.22,98,1.25,3537.32
7663.88,70.43,93,0.0,3537.32
7663.88,70.5,93,0.0,3537.32
7663.88,70.65,99,0.0,3537.32
7663.88,70.2,99,0.0,3537.32
7663.88,70.38,98,1.25,3537.32
7663.88,70.48,98,0.0,3537.32
7663.88,70.49,97,0.0,3537.32
7663.88,70.39,97,1.2375,3537.32
7663.88,70.27,98,0.0,3537.32
7663.88,70.19,98,0.0,3537.32
7663.88,70.23,98,0.0,3537.32
7663.88,71.92,98,1.2375,3537.32
7663.88,71.96,98,1.2375,3537.32
7663.88,72.19,98,0.0,3537.32
7663.88,72.37,98,0.0,3537.32
7663.88,72.56,98,1.2375,3537.32
7663.88,72.47,97,0.0,3537.32
7663.88,72.47,97,0.0,3537.32
7663.88,72.57,98,0.0,3537.32
7663.88,72.47,98,1.25,3537.32
7663.88,72.48,98,0.0,3537.32
7663.88,72.28,98,0.0,3537.32
7663.88,72.27,98,1.25,3537.32
7663.88,72.2,98,0.0,3537.32
7663.88,72.24,97,0.0,3537.32
7663.88,72.47,97,0.0,3537.32
7663.88,72.22,98,1.25,3537.32
7663.88,72.13,98,0.0,3537.32
7663.88,71.94,98,0.0,3537.32
7663.88,71.85,98,0.0,3537.32
7663.88,71.78,98,1.25,3537.32
7663.88,71.89,98,0.0,3537.32
7663.88,72.0,98,0.0,3537.32
7663.88,72.19,98,1.25,3537.32
7663.88,72.5,96,0.0,3537.32
7663.88,72.5,96,0.0,3537.32
7663.88,72.43,98,0.0,3537.32
7663.88,72.57,98,1.2,3537.32
7663.88,72.47,98,1.25,3537.32
7663.88,72.0,98,0.0,3537.32
7663.88,71.9,90,1.2375,3537.32
7663.88,71.82,90,0.0,3537.32
7663.88,71.71,100,0.0,3537.32
7663.88,71.59,100,1.25,3537.32
7663.88,71.83,100,0.0,3537.32
7663.88,71.61,100,0.0,3537.32
7663.88,71.78,97,1.25,3537.32
7663.88,71.57,97,0.0,3537.32
7663.88,71.6,97,0.0,3537.32
7663.88,71.71,97,1.2125,3537.32
7663.88,72.35,98,0.0,3537.32
7663.88,72.27,98,0.0,3537.32
7663.88,72.36,98,0.0,3537.32
7663.88,72.57,98,1.2125,3537.32
7663.88,72.41,98,1.1875,3537.32
7663.88,72.78,98,0.0,3537.32
7663.88,72.66,98,1.2125,3537.32
7663.88,73.02,97,0.0,3537.32
7663.88,72.87,97,0.0,3537.32
7663.88,72.73,98,0.0,3537.32
7663.88,72.44,98,1.175,3537.32
7663.88,72.5,98,1.2125,3537.32
7663.88,73.4,98,1.2125,3537.32
7663.88,72.38,90,0.0,3537.32
7663.88,72.53,90,0.0,3537.32
7663.88,72.87,100,1.2125,3537.32
7663.88,72.83,100,0.0,3537.32
7663.88,72.13,98,0.0,3537.32
7663.88,71.83,98,1.2,3537.32
7663.88,71.98,98,0.0,3537.32
7663.88,71.18,98,1.2125,3537.32
7663.88,71.41,97,0.0,3537.32
7663.88,71.48,97,0.0,3537.32
7663.88,70.62,98,1.2125,3537.32
7663.88,71.77,98,1.2,3537.32
7663.88,71.78,98,0.0,3537.32
7663.88,71.4,98,0.0,3537.32
7663.88,71.18,98,1.2375,3537.32
7663.88,71.7,98,0.0,3537.32
7663.88,71.8,98,0.0,3537.32
7663.88,72.52,96,0.0,3537.32
7663.88,72.47,96,1.25,3537.32
7663.88,72.47,96,0.0,3537.32
7663.88,72.35,98,0.0,3537.45
7663.88,72.38,98,0.0,3537.45
7663.88,72.37,98,1.2375,3537.45
7663.88,72.4,98,0.0,3537.45
7663.88,72.39,98,0.0,3537.45
7663.88,72.58,98,1.2375,3537.45
7663.88,72.64,97,0.0,3537.45
7663.88,72.62,98,0.0,3537.45
7663.88,72.38,98,0.0,3537.45
7663.88,72.38,98,0.0,3537.45
7663.88,72.35,98,1.2375,3537.45
7663.88,72.53,98,0.0,3537.45
7663.88,72.48,98,0.0,3537.45
7663.88,72.43,98,0.0,3537.45
7663.88,72.71,98,1.25,3537.45
7663.88,72.64,96,0.0,3537.45
7663.88,72.59,96,0.0,3537.45
7663.88,72.42,98,0.0,3537.45
7663.88,72.47,98,1.2375,3537.45
7663.88,72.32,98,2.4875,3537.45
7663.88,72.52,98,0.0,3537.45
7663.88,72.18,98,0.0,3537.45
7663.88,71.39,93,1.25,3537.45
7663.88,71.47,93,0.0,3537.45
7663.88,71.47,97,0.0,3537.45
7663.88,71.62,97,0.0,3537.45
7663.88,71.63,98,1.2375,3537.45
7663.88,71.62,98,0.0,3537.45
7663.88,71.8,98,0.0,3537.45
7663.88,71.73,98,1.2375,3537.45
7663.88,71.93,98,0.0,3537.45
7663.88,71.85,97,0.0,3537.45
7663.88,71.73,97,0.0,3537.45
7663.88,72.38,98,1.2375,3537.45
7663.88,72.28,98,0.0,3537.45
7663.88,72.22,98,0.0,3537.45
7663.88,72.17,98,1.25,3537.45
7663.88,71.94,98,0.0,3537.45
7663.88,71.85,97,0.0,3537.45
7663.88,71.61,96,0.0,3537.45
7663.88,71.46,96,1.2375,3537.45
7663.88,71.52,97,0.0,3537.45
7663.88,71.55,97,0.0,3537.45
7663.88,71.68,97,0.0,3537.45
7663.88,72.03,97,0.0,3537.45
7663.88,72.03,97,2.475,3537.45
7663.88,71.93,97,0.0,3537.45
7663.88,72.13,97,0.0,3537.45
7663.88,71.58,97,1.25,3537.45
7663.88,71.69,96,0.0,3537.45
7663.88,72.12,96,0.0,3537.45
7663.88,71.94,97,0.0,3537.45
7663.88,72.13,97,1.25,3537.45
7663.88,72.16,97,0.0,3537.45
7663.88,72.36,97,0.0,3537.45
7663.88,72.27,97,1.2375,3537.45
7663.88,72.26,97,0.0,3537.45
7663.88,71.96,97,0.0,3537.45
7663.88,72.25,97,1.25,3537.45
7663.88,74.73,97,1.2375,3537.45
7663.88,74.73,88,0.0,3537.45
7663.88,74.07,88,0.0,3537.45
7663.88,73.16,100,1.25,3537.45
7663.88,73.2,96,0.0,3537.45
7663.88,73.32,96,0.0,3537.45
7663.88,73.22,98,1.2375,3537.45
7663.88,73.01,98,0.0,3537.45
7663.88,72.91,97,0.0,3537.45
7663.88,73.14,97,1.2375,3537.45
7663.88,73.09,98,0.0,3537.45
7663.88,71.27,98,0.0,3537.45
7663.88,71.57,98,0.0,3537.45
7663.88,72.37,98,1.2375,3537.45
7663.88,72.25,98,0.0,3537.45
7663.88,72.13,98,0.0,3537.45
7663.88,71.88,97,1.2375,3537.45
7663.88,71.78,97,0.0,3537.45
7663.88,71.92,98,0.0,3537.45
7663.88,71.92,98,0.0,3537.45
7663.88,72.01,98,2.4875,3537.45
7663.88,69.69,98,0.0,3537.45
7663.88,69.69,91,0.0,3537.45
7663.88,69.32,91,1.2375,3537.45
7663.88,68.72,99,0.0,3537.45
7663.88,68.92,99,0.0,3537.45
7663.88,69.38,97,0.0,3537.45
7663.88,69.61,97,0.0,3537.45
7663.88,69.6,98,1.25,3537.45
7663.88,69.8,98,0.0,3537.45
7663.88,69.71,98,0.0,3537.45
7663.88,69.6,98,0.0,3537.45
7663.88,71.7,98,1.225,3537.45
7663.88,71.83,98,0.0,3537.45
7663.88,71.8,98,0.0,3537.45
7663.88,71.8,98,0.0,3537.45
7663.88,72.43,97,0.0,3537.45
7663.88,72.27,97,1.2375,3537.45
7663.88,72.23,98,0.0,3537.45
7663.88,72.3,98,0.0,3537.45
7663.88,72.13,98,1.2375,3537.45
7663.88,72.19,98,0.0,3537.45
7663.88,72.04,98,0.0,3537.45
7663.88,71.94,98,1.2375,3537.45
7663.88,72.03,97,1.2375,3537.45
7663.88,72.23,97,0.0,3537.45
7663.88,72.46,98,0.0,3537.45
7663.88,72.45,98,1.2375,3537.45
7663.88,72.46,98,0.0,3537.45
7663.88,72.59,98,0.0,3537.45
7663.88,72.59,98,0.0,3537.45
7663.88,72.34,98,1.2375,3537.45
7663.88,71.78,98,0.0,3537.45
7663.88,72.07,98,0.0,3537.45
7663.88,72.07,96,1.2375,3537.45
7663.88,72.02,96,0.0,3537.45
7663.88,71.98,98,0.0,3537.45
7663.88,71.93,98,1.2375,3537.45
7663.88,71.86,98,0.0,3537.45
7663.88,71.88,98,1.2375,3537.45
7663.88,70.33,94,0.0,3537.45
7663.88,69.99,94,1.2375,3537.45
7663.88,69.97,96,0.0,3537.45
7663.88,69.99,98,0.0,3537.45
7663.88,70.13,98,1.2375,3537.45
7663.88,70.13,98,0.0,3537.45
7663.88,70.38,98,0.0,3537.45
7663.88,70.49,98,1.2375,3537.45
7663.88,70.58,98,0.0,3537.45
7663.88,70.39,98,1.2375,3537.45
7663.88,70.44,97,0.0,3537.45
7663.88,71.84,97,1.2375,3537.45
7663.88,71.92,98,0.0,3537.45
7663.88,71.75,98,0.0,3537.45
7663.88,72.4,98,1.2375,3537.45
7663.88,72.32,98,0.0,3537.45
7663.88,72.39,98,0.0,3537.45
7663.88,72.22,98,1.2125,3537.45
7663.88,72.23,98,0.0,3537.45
7663.88,72.35,96,0.0,3537.45
7663.88,72.15,96,1.2125,3537.45
7663.88,71.98,98,0.0,3537.45
7663.88,71.96,98,0.0,3537.45
7663.88,72.02,98,0.0,3537.45
7663.88,72.32,98,1.2,3537.45
7663.88,72.36,98,0.0,3537.45
7663.88,72.18,98,0.0,3537.45
7663.88,71.84,98,1.2125,3537.45
7663.88,71.84,97,0.0,3537.45
7663.88,71.72,97,0.0,3537.45
7663.88,71.72,98,1.2125,3537.45
7663.88,71.58,98,0.0,3537.45
7663.88,71.46,98,0.0,3537.45
7663.88,71.67,98,0.0,3537.45
7663.88,71.9,98,1.2,3537.45
7663.88,71.92,98,0.0,3537.45
7663.88,71.64,98,0.0,3537.45
7663.88,71.94,97,2.45,3537.45
7663.88,69.6,97,0.0,3537.45
7663.88,69.44,93,0.0,3537.45
7663.88,69.31,93,0.0,3537.45
7663.88,69.46,100,1.225,3537.45
7663.88,69.36,100,0.0,3537.45
7663.88,69.63,100,0.0,3537.45
7663.88,69.53,100,1.2125,3537.45
7663.88,69.17,98,0.0,3537.45
7663.88,69.16,98,0.0,3537.45
7663.88,69.59,98,1.2125,3537.45
7663.88,69.12,98,0.0,3537.45
7663.88,71.86,97,0.0,3537.45
7663.88,71.86,98,0.0,3537.45
7663.88,71.82,98,2.425,3537.45
7663.88,71.61,98,0.0,3537.45
7663.88,71.45,98,0.0,3537.45
7663.88,71.44,98,1.2125,3537.45
7663.88,71.67,98,0.0,3537.45
7663.88,71.61,98,0.0,3537.45
7663.88,71.67,98,1.2125,3537.45
7663.88,72.07,97,0.0,3537.45
7663.88,72.07,97,0.0,3537.45
7663.88,71.83,97,0.0,3537.45
7663.88,72.08,98,1.2125,3537.45
7663.88,72.18,98,0.0,3537.45
7663.88,72.12,98,0.0,3537.45
7663.88,72.12,98,1.225,3537.45
7663.88,72.42,98,0.0,3537.45
7663.88,72.74,97,0.0,3537.45
7663.88,72.8,97,1.2375,3537.45
7663.88,73.86,90,2.4875,3537.57
7663.88,73.36,90,0.0,3537.57
7663.88,73.24,100,0.0,3537.57
7663.88,72.99,100,1.2375,3537.57
7663.88,73.2,98,0.0,3537.57
7663.88,73.54,98,0.0,3537.57
7663.88,73.68,98,0.0,3537.57
7663.88,73.76,98,1.2375,3537.57
7663.88,73.72,98,0.0,3537.57
7663.88,73.49,98,0.0,3537.57
7663.88,73.5,98,0.0,3537.57
7663.88,72.02,98,1.2375,3537.57
7663.88,72.4,97,0.0,3537.57
7663.88,72.28,97,1.2375,3537.57
7663.88,72.57,98,0.0,3537.57
7663.88,72.43,98,0.0,3537.57
7663.88,72.36,98,0.0,3537.57
7663.88,72.24,98,1.2375,3537.57
7663.88,72.39,98,0.0,3537.57
7663.88,72.4,98,0.0,3537.57
7663.88,72.46,98,1.2375,3537.57
7663.88,72.25,98,0.0,3537.57
7663.88,72.24,97,1.2375,3537.57
7663.88,72.24,97,0.0,3537.57
7663.88,72.12,98,1.2375,3537.57
7663.88,72.21,98,0.0,3537.57
7663.88,72.21,98,0.0,3537.57
7663.88,72.22,98,1.2375,3537.57
7663.88,72.11,98,0.0,3537.57
7663.88,72.15,98,0.0,3537.57
7663.88,72.09,97,0.0,3537.57
7663.88,72.15,97,1.25,3537.57
7663.88,72.08,98,0.0,3537.57
7663.88,72.22,98,0.0,3537.57
7663.88,72.3,98,0.0,3537.57
7663.88,72.45,98,1.225,3537.57
7663.88,72.46,98,0.0,3537.57
7663.88,72.45,98,0.0,3537.57
7663.88,72.44,98,2.4875,3537.57
7663.88,73.39,98,0.0,3537.57
7663.88,72.24,89,0.0,3537.57
7663.88,72.11,89,1.2375,3537.57
7663.88,72.09,100,0.0,3537.57
7663.88,72.09,100,0.0,3537.57
7663.88,72.03,100,0.0,3537.57
7663.88,72.16,100,0.0,3537.57
7663.88,72.17,97,1.2375,3537.57
7663.88,72.38,98,0.0,3537.57
7663.88,72.29,98,0.0,3537.57
7663.88,72.42,98,1.2375,3537.57
7663.88,71.41,97,0.0,3537.57
7663.88,72.27,97,0.0,3537.57
7663.88,71.97,98,1.2375,3537.57
7663.88,72.06,98,0.0,3537.57
7663.88,71.97,98,0.0,3537.57
7663.88,72.06,98,1.25,3537.57
7663.88,72.17,98,0.0,3537.57
7663.88,71.97,98,0.0,3537.57
7663.88,72.07,98,1.2375,3537.57
7663.88,72.07,98,0.0,3537.57
7663.88,72.07,97,0.0,3537.57
7663.88,72.14,97,1.2375,3537.57
7663.88,72.14,98,0.0,3537.57
7663.88,72.24,98,0.0,3537.57
7663.88,72.2,98,1.2375,3537.57
7663.88,72.11,98,0.0,3537.57
7663.88,72.38,98,0.0,3537.57
7663.88,72.11,98,0.0,3537.7
7663.88,72.19,97,1.2375,3537.7
7663.88,72.03,97,0.0,3537.7
7663.88,72.03,98,0.0,3537.7
7663.88,71.66,98,0.0,3537.7
7663.88,71.67,98,1.25,3537.7
7663.88,71.51,98,0.0,3537.7
7663.88,71.62,98,0.0,3537.7
7663.88,71.58,98,1.25,3537.7
7663.88,71.8,98,1.2375,3537.7
7663.88,71.76,97,0.0,3537.7
7663.88,72.05,97,0.0,3537.7
7663.88,72.15,98,1.2375,3537.7
7663.88,72.15,98,0.0,3537.7
7663.88,73.97,90,1.2375,3537.7
7663.88,73.75,90,1.2375,3537.7
7663.88,73.71,100,0.0,3537.7
7663.88,73.46,100,0.0,3537.7
7663.88,73.73,100,1.25,3537.7
7663.88,73.73,98,0.0,3537.7
7663.88,73.93,98,0.0,3537.7
7663.88,73.79,98,1.225,3537.7
7663.88,73.72,98,0.0,3537.7
7663.88,73.25,98,0.0,3537.7
7663.88,73.32,98,0.0,3537.7
7663.88,71.52,97,1.2125,3537.7
7663.88,71.52,97,0.0,3537.7
7663.88,71.72,98,0.0,3537.7
7663.88,72.03,98,1.175,3537.7
7663.88,71.95,98,0.0,3537.7
7663.88,71.95,98,0.0,3537.7
7663.88,71.84,98,0.0,3537.7
7663.88,71.7,97,0.0,3537.7
7663.88,71.39,97,1.2375,3537.7
7663.88,71.31,98,0.0,3537.7
7663.88,71.52,98,0.0,3537.7
7663.88,71.43,98,1.2375,3537.7
7663.88,71.34,98,1.25,3537.7
7663.88,71.56,98,0.0,3537.7
7663.88,71.7,98,0.0,3537.7
7663.88,71.8,98,0.0,3537.7
7663.88,71.14,98,1.2375,3537.7
7663.88,71.19,97,0.0,3537.7
7663.88,71.51,97,0.0,3537.7
7663.88,71.42,98,1.2375,3537.7
7663.88,71.28,98,0.0,3537.7
7663.88,71.36,98,0.0,3537.7
7663.88,71.49,98,0.0,3537.7
7663.88,71.49,98,1.25,3537.7
7663.88,71.65,98,0.0,3537.7
7663.88,71.67,98,0.0,3537.7
7663.88,71.16,97,0.0,3537.7
7663.88,71.16,98,2.4875,3537.7
7663.88,71.88,98,0.0,3537.7
7663.88,73.45,91,0.0,3537.7
7663.88,73.18,91,1.2375,3537.7
7663.88,73.29,98,0.0,3537.7
7663.88,73.4,98,0.0,3537.7
7663.88,73.62,98,1.2375,3537.7
7663.88,73.69,98,0.0,3537.7
7663.88,73.8,98,0.0,3537.7
7663.88,74.29,98,1.25,3537.7
7663.88,74.18,98,0.0,3537.7
7663.88,74.11,98,0.0,3537.7
7663.88,72.31,98,1.2375,3537.7
7663.88,72.27,98,1.2375,3537.7
7663.88,72.36,97,0.0,3537.7
7663.88,72.28,97,0.0,3537.7
7663.88,72.34,98,0.0,3537.7
7663.88,72.31,98,1.225,3537.7
7663.88,72.55,98,0.0,3537.7
7663.88,72.46,98,0.0,3537.7
7663.88,72.35,98,0.0,3537.7
7663.88,72.26,98,1.2125,3537.7
7663.88,72.39,97,0.0,3537.7
7663.88,72.34,97,1.2,3537.7
7663.88,72.29,98,0.0,3537.7
7663.88,72.33,98,0.0,3537.7
7663.88,72.42,98,1.2125,3537.7
7663.88,72.36,98,1.2125,3537.7
7663.88,72.29,98,0.0,3537.7
7663.88,72.13,98,0.0,3537.7
7663.88,72.14,98,1.2125,3537.7
7663.88,72.1,97,0.0,3537.7
7663.88,72.02,97,0.0,3537.7
7663.88,71.94,98,1.2125,3537.7
7663.88,72.27,98,0.0,3537.7
7663.88,72.3,98,0.0,3537.7
7663.88,72.47,98,1.2125,3537.7
7663.88,72.38,98,0.0,3537.7
7663.88,72.29,98,1.2375,3537.7
7663.88,73.29,86,1.1875,3537.7
7663.88,72.64,86,1.175,3537.7
7663.88,72.53,100,0.0,3537.7
7663.88,71.32,100,0.0,3537.7
7663.88,71.44,97,1.175,3537.7
7663.88,71.76,97,0.0,3537.7
7663.88,71.91,97,0.0,3537.7
7663.88,71.89,98,1.2125,3537.7
7663.88,71.97,98,0.0,3537.7
7663.88,71.78,98,0.0,3537.7
7663.88,71.78,98,1.2125,3537.7
7663.88,70.62,98,0.0,3537.7
7663.88,71.31,98,1.2125,3537.7
7663.88,71.28,98,0.0,3537.7
7663.88,72.66,98,1.1875,3537.7
7663.88,72.54,98,0.0,3537.7
7663.88,72.38,98,0.0,3537.7
7663.88,72.31,97,0.0,3537.7
7663.88,72.04,97,2.425,3537.7
7663.88,72.27,97,0.0,3537.7
7663.88,72.1,90,0.0,3537.7
7663.88,71.36,90,1.175,3537.7
7663.88,71.3,100,0.0,3537.7
7663.88,71.57,100,0.0,3537.7
7663.88,71.83,96,1.2125,3537.7
7663.88,71.84,98,0.0,3537.7
7663.88,72.01,98,0.0,3537.7
7663.88,71.81,98,1.225,3537.7
7663.88,72.03,96,0.0,3537.7
7663.88,71.83,96,0.0,3537.7
7663.88,71.63,98,1.2125,3537.7
7663.88,71.69,98,0.0,3537.7
7663.88,72.29,98,0.0,3537.7
7663.88,72.43,98,2.4,3537.7
7663.88,72.43,98,0.0,3537.7
7663.88,72.22,98,0.0,3537.7
7663.88,72.1,98,0.0,3537.7
7663.88,72.1,97,1.2125,3537.7
7663.88,72.01,97,0.0,3537.7
7663.88,71.9,98,0.0,3537.7
7663.88,71.93,98,1.175,3537.7
7663.88,71.93,98,0.0,3537.7
7663.88,71.89,98,0.0,3537.7
7663.88,72.19,98,1.2125,3537.7
7663.88,72.19,98,0.0,3537.7
7663.88,72.22,97,0.0,3537.7
7663.88,72.11,97,0.0,3537.7
7663.88,72.31,98,0.0,3537.7
7663.88,72.18,98,1.2125,3537.7
7663.88,72.17,98,0.0,3537.7
7663.88,72.08,98,0.0,3537.7
7663.88,72.34,98,1.2,3537.7
7663.88,72.38,98,0.0,3537.7
7663.88,72.62,98,0.0,3537.7
7663.88,72.27,98,1.2125,3537.7
7663.88,72.39,97,0.0,3537.7
7663.88,72.42,97,2.425,3537.7
7663.88,72.36,98,1.2125,3537.7
7663.88,73.16,98,0.0,3537.7
7663.88,73.22,90,1.2,3537.7
7663.88,72.64,90,0.0,3537.7
7663.88,72.65,98,0.0,3537.7
7663.88,72.85,97,1.2,3537.7
7663.88,73.19,97,0.0,3537.7
7663.88,73.15,98,0.0,3537.7
7663.88,73.59,98,0.0,3537.7
7663.88,73.44,98,1.2125,3537.7
7663.88,73.19,98,0.0,3537.7
7663.88,73.18,98,0.0,3537.7
7663.88,71.75,98,1.2125,3537.7
7663.88,72.01,97,0.0,3537.7
7663.88,72.25,97,0.0,3537.7
7663.88,71.98,98,1.2125,3537.7
7663.88,71.93,98,0.0,3537.7
7663.88,71.83,98,0.0,3537.7
7663.88,71.74,98,1.2125,3537.7
7663.88,71.68,98,0.0,3537.7
7663.88,71.84,98,0.0,3537.7
7663.88,71.71,98,0.0,3537.7
7663.88,71.8,98,1.2125,3537.7
7663.88,71.9,97,0.0,3537.7
7663.88,72.32,97,0.0,3537.7
7663.88,72.34,98,2.4125,3537.7
7663.88,72.58,98,0.0,3537.7
7663.88,72.45,98,0.0,3537.7
7663.88,72.41,98,1.1,3537.7
7663.88,72.22,98,0.0,3537.7
7663.88,72.1,97,0.0,3537.7
7663.88,72.08,97,0.0,3537.7
7663.88,72.17,98,0.0,3537.7
7663.88,72.21,98,1.2125,3537.7
7663.88,72.28,98,0.0,3537.7
7663.88,72.32,98,0.0,3537.7
7663.88,72.23,98,0.0,3537.7
7663.88,72.25,98,2.4875,3537.7
7663.88,73.99,88,0.0,3537.7
7663.88,73.55,88,0.0,3537.7
7663.88,73.48,100,0.0,3537.7
7663.88,73.35,100,1.225,3537.7
7663.88,73.88,97,0.0,3537.7
7663.88,73.74,97,0.0,3537.7
7663.88,73.83,97,0.0,3537.7
7663.88,73.83,97,1.25,3537.7
7663.88,73.79,98,0.0,3537.7
7663.88,73.66,98,0.0,3537.7
7663.88,73.3,98,0.0,3537.7
7663.88,73.3,98,2.4875,3537.7
7663.88,71.69,98,0.0,3537.7
7663.88,71.82,98,0.0,3537.7
7663.88,71.81,97,0.0,3537.7
7663.88,71.72,97,0.0,3537.7
7663.88,72.0,98,1.2375,3537.7
7663.88,71.99,98,0.0,3537.7
7663.88,71.94,98,1.225,3537.7
7663.88,71.85,98,0.0,3537.7
7663.88,71.87,98,0.0,3537.7
7663.88,71.91,98,0.0,3537.7
7663.88,71.92,98,1.2375,3537.7
7663.88,71.73,98,1.25,3537.7
7663.88,73.49,98,0.0,3537.7
7663.88,73.67,89,1.25,3537.7
7663.88,73.67,89,0.0,3537.7
7663.88,73.63,100,0.0,3537.7
7663.88,73.63,96,1.2375,3537.7
7663.88,73.78,96,0.0,3537.7
7663.88,73.95,97,0.0,3537.7
7663.88,73.77,97,0.0,3537.7
7663.88,73.76,98,1.2125,3537.7
7663.88,73.79,98,1.25,3537.7
7663.88,74.31,98,0.0,3537.7
7663.88,72.69,98,0.0,3537.7
7663.88,72.42,98,0.0,3537.7
7663.88,72.27,98,1.225,3537.7
7663.88,72.12,97,0.0,3537.7
7663.88,72.06,97,0.0,3537.7
7663.88,72.13,98,1.225,3537.7
7663.88,72.07,98,0.0,3537.7
7663.88,72.06,98,0.0,3537.7
7663.88,72.23,98,1.175,3537.7
7663.88,72.27,98,0.0,3537.7
7663.88,72.06,98,1.1875,3537.7
7663.88,71.96,98,0.0,3537.7
7663.88,72.38,98,1.2125,3537.7
7663.88,72.5,97,0.0,3537.7
7663.88,72.38,98,0.0,3537.7
7663.88,72.22,98,0.0,3537.7
7663.88,72.1,98,1.2125,3537.7
7663.88,72.08,98,0.0,3537.7
7663.88,71.98,98,0.0,3537.7
7663.88,71.88,98,1.2125,3537.7
7663.88,71.95,97,0.0,3537.7
7663.88,72.02,97,0.0,3537.7
7663.88,72.08,98,1.1875,3537.7
7663.88,71.95,98,0.0,3537.7
7663.88,72.22,98,0.0,3537.7
7663.88,72.1,98,0.0,3537.7
7663.88,70.92,88,1.225,3537.7
7663.88,70.87,88,1.2375,3537.7
7663.88,70.84,100,0.0,3537.7
7663.88,70.09,100,0.0,3537.7
7663.88,70.32,97,0.0,3537.7
7663.88,70.49,97,2.4875,3537.7
7663.88,69.91,97,0.0,3537.7
7663.88,69.98,97,0.0,3537.7
7663.88,69.79,97,1.2375,3537.7
7663.88,69.52,98,0.0,3537.7
7663.88,69.66,98,0.0,3537.7
7663.88,70.9,98,1.2375,3537.7
7663.88,70.88,98,0.0,3537.7
7663.88,70.93,98,0.0,3537.7
7663.88,71.64,98,0.0,3537.7
7663.88,71.64,98,1.2375,3537.7
7663.88,71.73,97,0.0,3537.7
7663.88,71.73,97,0.0,3537.7
7663.88,72.49,98,1.2375,3537.7
7663.88,72.26,98,0.0,3537.7
7663.88,72.44,98,0.0,3537.7
7663.88,72.25,98,0.0,3537.7
7663.88,72.14,98,1.2375,3537.7
7663.88,72.06,98,0.0,3537.7
7663.88,72.17,98,0.0,3537.7
7663.88,72.25,98,1.25,3537.7
7663.88,72.25,97,0.0,3537.7
7663.88,72.14,97,0.0,3537.7
7663.88,71.98,98,0.0,3537.7
7663.88,71.98,98,1.25,3537.7
7663.88,72.23,98,0.0,3537.7
7663.88,72.14,98,0.0,3537.7
7663.88,72.16,98,1.2375,3537.7
7663.88,72.16,98,0.0,3537.7
7663.88,72.61,97,0.0,3537.7
7663.88,72.68,97,1.25,3537.7
7663.88,72.81,97,0.0,3537.7
7663.88,72.79,98,0.0,3537.7
7663.88,72.57,98,2.475,3537.7
7663.88,69.83,98,0.0,3537.7
7663.88,69.73,86,0.0,3537.7
7663.88,69.57,86,1.25,3537.7
7663.88,69.63,100,0.0,3537.7
7663.88,69.55,100,0.0,3537.7
7663.88,69.55,100,1.225,3537.7
7663.88,68.9,100,0.0,3537.7
7663.88,69.03,95,0.0,3537.7
7663.88,68.91,95,1.2125,3537.7
7663.88,68.91,95,0.0,3537.7
7663.88,69.33,95,1.2125,3537.7
7663.88,72.2,97,1.2,3537.7
7663.88,72.23,97,0.0,3537.7
7663.88,72.23,97,0.0,3537.7
7663.88,72.28,97,1.2125,3537.7
7663.88,71.8,97,0.0,3537.7
7663.88,71.8,97,0.0,3537.7
7663.88,72.89,95,1.2125,3537.7
7663.88,72.79,95,0.0,3537.7
7663.88,72.85,97,0.0,3537.7
7663.88,72.82,97,0.0,3537.7
7663.88,72.71,97,1.1875,3537.7
7663.88,72.32,97,0.0,3537.7
7663.88,72.24,97,0.0,3537.7
7663.88,71.94,98,1.225,3537.7
7663.88,71.79,98,0.0,3537.7
7663.88,72.2,96,0.0,3537.7
7663.88,72.31,96,0.0,3537.7
7663.88,72.05,98,1.225,3537.7
7663.88,71.93,98,0.0,3537.7
7663.88,71.97,98,1.2,3537.7
7663.88,72.01,98,0.0,3537.7
7663.88,71.97,98,0.0,3537.7
7663.88,72.01,98,0.0,3537.7
7663.88,71.14,96,1.2375,3537.7
7663.88,73.09,96,0.0,3537.7
7663.88,72.77,93,1.2375,3537.7
7663.88,72.7,93,1.2,3537.7
7663.88,72.5,97,0.0,3537.7
7663.88,72.47,97,0.0,3537.7
7663.88,72.51,98,1.175,3537.7
7663.88,72.76,98,0.0,3537.7
7663.88,72.87,96,0.0,3537.7
7663.88,72.78,96,0.0,3537.7
7663.88,72.8,98,1.225,3537.7
7663.88,73.95,98,0.0,3537.7
7663.88,72.21,98,0.0,3537.7
7663.88,72.36,98,0.0,3537.7
7663.88,72.36,98,1.2125,3537.7
7663.88,72.57,98,0.0,3537.7
7663.88,72.88,95,0.0,3537.7
7663.88,72.67,95,0.0,3537.7
7663.88,72.49,98,0.0,3537.7
7663.88,72.24,98,1.225,3537.7
7663.88,72.55,98,0.0,3537.7
7663.88,72.52,91,1.2125,3537.7
7663.88,73.76,91,1.2125,3537.7
7663.88,73.3,100,0.0,3537.7
7663.88,73.25,100,0.0,3537.7
7663.88,73.77,100,1.2125,3537.7
7663.88,73.77,100,1.2125,3537.7
7663.88,73.11,98,0.0,3537.7
7663.88,73.14,98,0.0,3537.7
7663.88,73.55,98,1.2125,3537.7
7663.88,73.47,98,0.0,3537.7
7663.88,73.7,98,0.0,3537.7
7663.88,72.39,98,1.2125,3537.7
7663.88,72.72,98,0.0,3537.7
7663.88,72.72,98,1.1,3537.7
7663.88,72.79,96,1.2125,3537.7
7663.88,72.03,96,0.0,3537.7
7663.88,71.92,98,0.0,3537.7
7663.88,72.4,98,1.2125,3537.7
7663.88,72.36,98,0.0,3537.7
7663.88,72.28,98,0.0,3537.7
7663.88,72.3,98,1.2125,3537.7
7663.88,72.13,98,0.0,3537.7
7663.88,72.16,98,0.0,3537.7
7663.88,72.27,96,0.0,3537.7
7663.88,72.27,96,1.2125,3537.7
7663.88,72.16,96,0.0,3537.7
7663.88,72.28,98,2.1875,3537.7
7663.88,72.23,98,1.1,3537.7
7663.88,69.67,98,2.425,3537.7
7663.88,69.4,87,0.0,3537.7
7663.88,69.5,87,0.0,3537.7
7663.88,69.41,100,0.0,3537.7
7663.88,69.61,100,0.0,3537.7
7663.88,69.57,100,1.25,3537.7
7663.88,69.86,100,0.0,3537.7
7663.88,70.06,100,0.0,3537.7
7663.88,70.06,95,2.4875,3537.7
7663.88,70.25,95,0.0,3537.7
7663.88,70.3,97,0.0,3537.7
7663.88,70.3,97,0.0,3537.7
7663.88,72.85,97,1.2375,3537.7
7663.88,73.2,95,0.0,3537.7
7663.88,72.77,95,0.0,3537.7
7663.88,72.81,95,1.2375,3537.7
7663.88,72.32,97,0.0,3537.7
7663.88,72.3,97,0.0,3537.7
7663.88,72.01,97,1.25,3537.7
7663.88,72.19,97,0.0,3537.7
7663.88,72.27,97,0.0,3537.7
7663.88,72.29,96,1.25,3537.7
7663.88,72.0,96,0.0,3537.7
7663.88,71.79,97,0.0,3537.7
7663.88,71.76,97,0.0,3537.7
7663.88,71.77,97,0.0,3537.7
7663.88,72.14,97,1.25,3537.7
7663.88,72.26,97,0.0,3537.7
7663.88,72.44,97,0.0,3537.7
7663.88,72.36,97,0.0,3537.7
7663.88,72.31,97,2.4875,3537.7
7663.88,73.95,88,0.0,3537.7
7663.88,72.88,88,0.0,3537.7
7663.88,72.85,100,2.4875,3537.7
7663.88,72.26,100,0.0,3537.7
7663.88,72.64,95,0.0,3537.7
7663.88,72.85,95,0.0,3537.7
7663.88,72.96,95,1.2375,3537.7
7663.88,73.11,97,1.2375,3537.7
7663.88,73.18,97,0.0,3537.7
7663.88,73.33,96,0.0,3537.7
7663.88,73.24,96,1.25,3537.7
7663.88,71.59,98,0.0,3537.7
7663.88,71.59,98,0.0,3537.7
7663.88,72.11,98,1.1625,3537.7
7663.88,69.72,88,0.0,3537.7
7663.88,69.65,88,1.2375,3537.7
7663.88,69.62,99,0.0,3537.7
7663.88,69.71,99,1.2375,3537.7
7663.88,69.13,98,0.0,3537.7
7663.88,69.13,98,0.0,3537.7
7663.88,69.07,98,1.225,3537.7
7663.88,69.28,98,0.0,3537.7
7663.88,69.23,98,1.175,3537.7
7663.88,69.31,98,0.0,3537.7
7663.88,69.84,96,0.0,3537.7
7663.88,72.87,96,1.2125,3537.7
7663.88,72.8,98,0.0,3537.7
7663.88,72.55,98,0.0,3537.7
7663.88,72.27,98,0.0,3537.7
7663.88,72.72,98,1.2125,3537.7
7663.88,72.86,98,2.2125,3537.7
7663.88,72.83,98,1.025,3537.7
7663.88,72.52,98,0.0,3537.7
7663.88,72.44,98,1.2125,3537.7
7663.88,72.57,96,0.0,3537.7
7663.88,72.32,98,1.1875,3537.7
7663.88,72.32,98,0.0,3537.7
7663.88,72.39,98,1.225,3537.7
7663.88,72.7,98,1.2125,3537.7
7663.88,72.97,87,0.0,3537.7
7663.88,72.08,87,1.2125,3537.7
7663.88,71.77,100,0.0,3537.7
7663.88,71.89,100,0.0,3537.82
7663.88,71.97,100,2.2,3537.82
7663.88,71.47,100,0.0,3537.82
7663.88,71.59,97,0.0,3537.82
7663.88,71.69,97,0.0,3537.82
7663.88,71.88,98,1.2125,3537.82
7663.88,71.75,98,0.0,3537.82
7663.88,71.91,98,1.2125,3537.82
7663.88,71.5,98,1.2125,3537.82
7663.88,72.26,98,0.0,3537.82
7663.88,72.24,98,0.0,3537.82
7663.88,72.13,97,1.2125,3537.82
7663.88,71.98,98,0.0,3537.82
7663.88,72.27,98,0.0,3537.82
7663.88,72.38,98,1.2125,3537.82
7663.88,72.0,98,0.0,3537.82
7663.88,72.19,98,0.0,3537.82
7663.88,71.86,98,0.0,3537.82
7663.88,71.86,98,1.2125,3537.82
7663.88,71.92,98,1.15,3537.82
7663.88,73.54,89,0.0,3537.82
7663.88,72.91,89,0.0,3537.82
7663.88,73.18,100,1.225,3537.82
7663.88,72.75,100,0.0,3537.82
7663.88,73.01,96,0.0,3537.82
7663.88,72.96,96,0.0,3537.82
7663.88,73.42,96,0.0,3537.82
7663.88,73.51,98,0.0,3537.82
7663.88,73.51,98,1.225,3537.82
7663.88,73.56,96,1.125,3537.82
7663.88,73.51,96,0.0,3537.82
7663.88,71.94,98,0.0,3537.82
7663.88,72.4,98,0.0,3537.82
7663.88,72.19,98,0.0,3537.82
7663.88,72.8,98,1.25,3537.82
7663.88,72.78,96,2.225,3537.82
7663.88,72.93,96,0.0,3537.82
7663.88,72.79,96,0.0,3537.82
7663.88,72.3,85,1.225,3537.82
7663.88,72.69,85,0.0,3537.82
7663.88,72.61,96,0.0,3537.82
7663.88,72.77,97,0.0,3537.82
7663.88,72.83,97,0.0,3537.82
7663.88,73.19,97,1.1375,3537.82
7663.88,72.86,97,1.2125,3537.82
7663.88,72.91,97,1.225,3537.82
7663.88,72.83,97,0.0,3537.82
7663.88,72.83,97,0.0,3537.82
7663.88,72.2,95,1.225,3537.82
7663.88,72.67,95,0.0,3537.82
7663.88,72.67,97,0.0,3537.82
7663.88,72.27,97,0.0,3537.82
7663.88,72.32,97,1.2125,3537.82
7663.88,72.09,97,0.0,3537.82
7663.88,72.37,97,0.0,3537.82
7663.88,72.23,97,1.225,3537.82
7663.88,73.45,96,0.0,3537.82
7663.88,73.03,96,1.1625,3537.82
7663.88,72.75,91,0.0,3537.82
7663.88,72.98,91,0.0,3537.82
7663.88,72.98,97,1.2375,3537.82
7663.88,72.62,97,0.0,3537.82
7663.88,73.09,96,0.0,3537.82
7663.88,73.18,97,0.0,3537.82
7663.88,73.43,97,0.0,3537.82
7663.88,73.45,98,1.225,3537.82
7663.88,73.35,98,0.0,3537.82
7663.88,71.75,97,0.0,3537.82
7663.88,71.78,97,0.0,3537.82
7663.88,71.27,96,0.0,3537.82
7663.88,71.39,96,0.0,3537.82
7663.88,71.62,98,3.225,3537.82
7663.88,71.43,98,0.0,3537.82
7663.88,71.19,97,1.225,3537.82
7663.88,71.16,97,0.0,3537.82
7663.88,71.03,98,0.0,3537.82
7663.88,71.17,98,0.0,3537.82
7663.88,70.92,97,0.0,3537.82
7663.88,71.09,97,0.0,3537.82
7663.88,71.28,96,1.2375,3537.82
7663.88,72.06,96,0.0,3537.82
7663.88,71.93,98,0.0,3537.82
7663.88,72.19,97,0.0,3537.82
7663.88,72.03,97,0.0,3537.82
7663.88,72.35,98,1.2375,3537.82
7663.88,72.18,98,0.0,3537.82
7663.88,72.29,97,0.0,3537.82
7663.88,72.39,97,0.0,3537.82
7663.88,72.41,96,0.0,3537.82
7663.88,72.56,96,1.2375,3537.82
7663.88,72.45,98,0.0,3537.82
7663.88,72.72,98,0.0,3537.82
7663.88,72.64,98,0.0,3537.82
7663.88,72.84,97,0.0,3537.82
7663.88,74.5,97,1.2375,3537.82
7663.88,74.12,91,1.2375,3537.82
7663.88,73.86,91,0.0,3537.82
7663.88,73.92,100,0.0,3537.82
7663.88,73.92,100,0.0,3537.82
7663.88,74.11,97,0.0,3537.82
7663.88,74.11,97,1.2375,3537.82
7663.88,73.87,98,0.0,3537.82
7663.88,74.08,98,0.0,3537.82
7663.88,73.85,97,1.2375,3537.82
7663.88,73.95,97,0.0,3537.82
7663.88,73.84,97,0.0,3537.82
7663.88,71.94,97,1.25,3537.82
7663.88,72.09,96,1.25,3537.82
7663.88,72.32,96,0.0,3537.82
7663.88,72.29,96,0.0,3537.82
7663.88,72.24,97,1.25,3537.82
7663.88,71.99,97,0.0,3537.82
7663.88,71.98,97,0.0,3537.82
7663.88,72.3,97,0.0,3537.82
7663.88,72.08,96,0.0,3537.82
7663.88,72.09,96,1.25,3537.82
7663.88,71.86,96,0.0,3537.82
7663.88,72.19,96,0.0,3537.82
7663.88,71.99,97,1.2375,3537.82
7663.88,72.22,97,0.0,3537.82
7663.88,72.22,97,0.0,3537.82
7663.88,72.34,97,0.0,3537.82
7663.88,72.34,97,1.25,3537.82
7663.88,72.17,97,0.0,3537.82
7663.88,72.45,97,0.0,3537.82
7663.88,72.22,96,0.0,3537.82
7663.88,72.28,96,1.25,3537.82
7663.88,71.95,97,0.0,3537.82
7663.88,72.3,97,0.0,3537.82
7663.88,72.0,97,1.2375,3537.82
7663.88,72.27,98,0.0,3537.82
7663.88,72.16,98,0.0,3537.82
7663.88,72.45,97,0.0,3537.82
7663.88,72.29,97,2.4875,3537.82
7663.88,69.53,88,0.0,3537.82
7663.88,69.14,88,0.0,3537.82
7663.88,67.65,97,1.25,3537.82
7663.88,68.12,97,0.0,3537.82
7663.88,68.2,97,0.0,3537.82
7663.88,68.72,97,1.2375,3537.82
7663.88,68.56,98,0.0,3537.82
7663.88,68.77,98,0.0,3537.82
7663.88,68.48,97,0.0,3537.82
7663.88,68.58,97,2.45,3537.82
7663.88,71.4,97,0.0,3537.82
7663.88,71.54,96,0.0,3537.82
7663.88,71.45,97,0.0,3537.82
7663.88,72.84,97,1.2125,3537.82
7663.88,72.66,97,0.0,3537.82
7663.88,72.77,97,0.0,3537.82
7663.88,72.61,97,1.2125,3537.82
7663.88,72.61,97,0.0,3537.82
7663.88,72.17,97,0.0,3537.82
7663.88,72.48,96,1.2,3537.82
7663.88,72.25,96,0.0,3537.82
7663.88,71.91,97,0.0,3537.82
7663.88,71.92,98,0.0,3537.82
7663.88,71.94,98,1.2125,3537.82
7663.88,71.94,97,0.0,3537.82
7663.88,71.8,97,0.0,3537.82
7663.88,70.87,98,1.2125,3537.82
7663.88,70.87,98,0.0,3537.82
7663.88,70.99,96,0.0,3537.82
7663.88,71.14,96,1.2125,3537.82
7663.88,70.97,97,0.0,3537.82
7663.88,70.78,97,0.0,3537.82
7663.88,71.01,97,0.0,3537.82
7663.88,71.05,97,1.2125,3537.82
7663.88,71.39,97,0.0,3537.82
7663.88,71.19,97,0.0,3537.82
7663.88,71.22,97,1.2125,3537.82
7663.88,71.04,97,1.2125,3537.82
7663.88,71.89,96,0.0,3537.82
7663.88,71.91,96,1.2125,3537.82
7663.88,72.03,90,0.0,3537.82
7663.88,71.84,90,0.0,3537.82
7663.88,71.71,98,1.2125,3537.82
7663.88,72.06,98,1.2125,3537.82
7663.88,72.12,98,0.0,3537.82
7663.88,72.24,97,0.0,3537.82
7663.88,72.47,97,1.225,3537.82
7663.88,72.41,98,0.0,3537.82
7663.88,72.55,98,0.0,3537.82
7663.88,72.37,98,0.0,3537.82
7663.88,72.23,98,0.0,3537.82
7663.88,72.23,98,1.2125,3537.82
7663.88,72.46,98,0.0,3537.82
7663.88,72.26,98,0.0,3537.82
7663.88,72.38,98,0.0,3537.82
7663.88,72.26,96,1.2125,3537.82
7663.88,71.96,96,1.2125,3537.82
7663.88,72.86,87,1.225,3537.82
7663.88,72.73,87,0.0,3537.82
7663.88,72.16,100,0.0,3537.82
7663.88,72.21,100,1.2125,3537.82
7663.88,72.49,96,0.0,3537.82
7663.88,72.67,96,0.0,3537.82
7663.88,73.05,97,1.2125,3537.82
7663.88,72.72,97,0.0,3537.82
7663.88,72.91,96,0.0,3537.82
7663.88,72.7,97,1.2125,3537.82
7663.88,73.13,97,0.0,3537.82
7663.88,72.08,97,0.0,3537.82
7663.88,72.04,97,1.225,3537.82
7663.88,72.46,97,0.0,3537.82
7663.88,72.33,97,1.225,3537.82
7663.88,72.31,96,0.0,3537.82
7663.88,72.32,96,1.2,3537.82
7663.88,72.72,96,0.0,3537.82
7663.88,72.41,97,0.0,3537.82
7663.88,72.41,97,1.2125,3537.82
7663.88,71.96,98,0.0,3537.82
7663.88,71.96,98,0.0,3537.82
7663.88,71.72,97,1.2375,3537.82
7663.88,71.65,97,0.0,3537.82
7663.88,71.72,98,1.2125,3537.82
7663.88,71.71,96,0.0,3537.82
7663.88,71.69,96,0.0,3537.82
7663.88,71.59,98,0.0,3537.82
7663.88,71.52,98,1.2125,3537.82
7663.88,71.41,97,0.0,3537.82
7663.88,71.48,97,0.0,3537.82
7663.88,71.5,98,1.2125,3537.82
7663.88,71.83,98,0.0,3537.82
7663.88,71.98,98,0.0,3537.82
7663.88,72.38,98,1.2125,3537.82
7663.88,72.42,96,0.0,3537.82
7663.88,72.56,96,0.0,3537.82
7663.88,72.45,98,2.4625,3537.82
7663.88,74.19,98,0.0,3537.82
7663.88,73.72,89,0.0,3537.82
7663.88,73.73,89,1.2125,3537.82
7663.88,74.09,95,0.0,3537.82
7663.88,74.52,96,0.0,3537.82
7663.88,74.32,96,0.0,3537.82
7663.88,74.57,97,1.2125,3537.82
7663.88,74.39,97,0.0,3537.82
7663.88,74.34,97,0.0,3537.82
7663.88,74.34,97,1.2125,3537.82
7663.88,72.58,97,0.0,3537.82
7663.88,72.86,97,1.2125,3537.82
7663.88,72.91,97,0.0,3537.82
7663.88,72.7,97,2.4375,3537.82
7663.88,71.91,90,0.0,3537.82
7663.88,72.34,90,0.0,3537.82
7663.88,71.89,97,1.225,3537.82
7663.88,71.83,97,0.0,3537.82
7663.88,71.93,97,0.0,3537.82
7663.88,72.0,96,0.0,3537.82
7663.88,71.9,98,1.2,3537.82
7663.88,71.69,98,0.0,3537.82
7663.88,71.71,98,0.0,3537.82
7663.88,71.86,98,1.2125,3537.82
7663.88,71.89,98,0.0,3537.82
7663.88,72.11,97,0.0,3537.82
7663.88,71.86,97,1.2125,3537.82
7663.88,71.86,97,0.0,3537.82
7663.88,72.24,97,0.0,3537.82
7663.88,72.52,98,0.0,3537.82
7663.88,71.98,98,1.25,3537.82
7663.88,71.84,98,0.0,3537.82
7663.88,71.98,98,0.0,3537.82
7663.88,72.14,98,0.0,3537.82
7663.88,70.97,95,2.4875,3537.82
7663.88,70.59,95,0.0,3537.82
7663.88,70.93,95,0.0,3537.82
7663.88,70.35,95,0.0,3537.82
7663.88,70.31,97,1.2375,3537.82
7663.88,70.27,97,0.0,3537.82
7663.88,70.4,98,0.0,3537.82
7663.88,70.5,98,1.2375,3537.82
7663.88,70.85,96,0.0,3537.82
7663.88,71.03,96,0.0,3537.82
7663.88,71.18,98,0.0,3537.82
7663.88,72.19,98,1.25,3537.82
7663.88,72.24,98,1.2375,3537.82
7663.88,71.79,98,0.0,3537.82
7663.88,72.5,96,0.0,3537.82
7663.88,72.38,96,1.25,3537.82
7663.88,72.16,97,0.0,3537.82
7663.88,72.08,97,0.0,3537.82
7663.88,72.25,95,2.4875,3537.82
7663.88,74.04,95,0.0,3537.82
7663.88,73.94,86,1.2375,3537.82
7663.88,73.74,86,0.0,3537.82
7663.88,73.73,100,0.0,3537.82
7663.88,73.78,100,0.0,3537.82
7663.88,74.26,100,1.2375,3537.82
7663.88,74.25,100,0.0,3537.82
7663.88,74.35,96,1.2375,3537.82
7663.88,74.61,96,0.0,3537.82
7663.88,74.39,97,0.0,3537.82
7663.88,74.57,97,1.2375,3537.82
7663.88,74.57,97,0.0,3537.82
7663.88,72.63,97,0.0,3537.82
7663.88,72.42,96,1.25,3537.82
7663.88,72.36,96,0.0,3537.82
7663.88,72.44,97,0.0,3537.82
7663.88,72.36,97,0.0,3537.82
7663.88,72.45,98,1.2375,3537.82
7663.88,72.38,98,0.0,3537.82
7663.88,72.24,98,0.0,3537.82
7663.88,72.32,98,0.0,3537.82
7663.88,72.19,98,1.2125,3537.82
7663.88,72.13,98,0.0,3537.82
7663.88,72.2,97,0.0,3537.82
7663.88,72.13,97,2.425,3537.82
7663.88,69.16,88,0.0,3537.82
7663.88,69.23,88,1.2125,3537.82
7663.88,69.48,100,0.0,3537.82
7663.88,69.69,100,0.0,3537.82
7663.88,69.09,100,2.425,3537.82
7663.88,69.06,97,0.0,3537.82
7663.88,68.8,97,0.0,3537.82
7663.88,69.04,98,1.2125,3537.82
7663.88,68.99,98,0.0,3537.82
7663.88,69.13,98,0.0,3537.82
7663.88,72.42,98,0.0,3537.82
7663.88,72.41,97,1.2125,3537.82
7663.88,72.22,97,0.0,3537.82
7663.88,71.72,98,0.0,3537.82
7663.88,72.1,98,1.2125,3537.82
7663.88,71.78,98,0.0,3537.82
7663.88,72.21,98,0.0,3537.82
7663.88,71.79,98,0.0,3537.82
7663.88,71.75,98,1.2125,3537.82
7663.88,71.84,97,0.0,3537.82
7663.88,72.09,97,0.0,3537.82
7663.88,71.95,98,1.2125,3537.82
7663.88,71.95,98,0.0,3537.82
7663.88,71.98,98,0.0,3537.82
7663.88,71.99,98,0.0,3537.82
7663.88,72.21,98,1.2125,3537.82
7663.88,72.42,98,0.0,3537.82
7663.88,72.44,98,0.0,3537.82
7663.88,71.96,98,1.2125,3537.82
7663.88,72.26,97,1.2,3537.82
7663.88,72.05,97,0.0,3537.82
7663.88,71.96,98,0.0,3537.82
7663.88,71.69,98,1.2125,3537.82
7663.88,71.64,98,0.0,3537.82
7663.88,71.54,98,1.225,3537.82
7663.88,71.62,98,1.2125,3537.82
7663.88,71.83,98,0.0,3537.82
7663.88,71.49,91,0.0,3537.82
7663.88,70.7,91,0.0,3537.82
7663.88,71.41,97,1.2125,3537.82
7663.88,71.18,97,0.0,3537.82
7663.88,71.42,98,1.225,3537.82
7663.88,71.38,98,0.0,3537.82
7663.88,71.73,98,1.2125,3537.82
7663.88,71.57,98,0.0,3537.82
7663.88,71.81,98,0.0,3537.82
7663.88,71.48,97,0.0,3537.82
7663.88,71.5,97,1.2125,3537.82
7663.88,72.17,98,0.0,3537.82
7663.88,72.15,98,0.0,3537.82
7663.88,72.43,98,1.2125,3537.82
7663.88,72.35,98,0.0,3537.82
7663.88,72.52,98,0.0,3537.82
7663.88,72.43,98,0.0,3537.82
7663.88,72.91,97,1.2125,3537.82
7663.88,72.7,97,0.0,3537.82
7663.88,72.44,98,0.0,3537.82
7663.88,72.5,98,1.2125,3537.82
7663.88,72.67,98,1.2125,3537.82
7663.88,74.35,98,0.0,3537.82
7663.88,74.11,91,1.225,3537.82
7663.88,73.77,91,1.2125,3537.82
7663.88,73.74,98,0.0,3537.82
7663.88,73.77,96,0.0,3537.82
7663.88,74.01,96,1.2125,3537.82
7663.88,73.68,97,0.0,3537.82
7663.88,73.1,97,0.0,3537.82
7663.88,73.23,97,0.0,3537.82
7663.88,73.04,95,1.2125,3537.82
7663.88,71.37,93,0.0,3537.82
7663.88,71.23,93,0.0,3537.82
7663.88,71.23,93,0.0,3537.82
7663.88,71.27,96,1.225,3537.82
7663.88,71.3,96,0.0,3537.82
7663.88,71.3,96,0.0,3537.82
7663.88,70.99,96,1.2125,3537.82
7663.88,70.94,96,0.0,3537.82
7663.88,70.7,96,0.0,3537.82
7663.88,71.05,94,1.2125,3537.82
7663.88,71.16,94,0.0,3537.82
7663.88,71.47,96,0.0,3537.82
7663.88,71.34,97,1.2125,3537.82
7663.88,71.52,97,0.0,3537.82
7663.88,71.91,96,0.0,3537.82
7663.88,71.87,96,1.2125,3537.82
7663.88,71.9,96,0.0,3537.82
7663.88,71.95,96,0.0,3537.82
7663.88,72.16,94,0.0,3537.82
7663.88,72.79,94,1.25,3537.82
7663.88,72.44,94,0.0,3537.82
7663.88,72.4,97,0.0,3537.82
7663.88,72.3,97,0.0,3537.82
7663.88,72.64,97,1.25,3537.82
7663.88,72.41,95,0.0,3537.82
7663.88,72.42,95,0.0,3537.82
7663.88,72.42,95,0.0,3537.82
7663.88,72.19,97,0.0,3537.82
7663.88,72.24,92,2.4875,3537.82
7663.88,71.34,92,0.0,3537.82
7663.88,71.69,91,0.0,3537.82
7663.88,71.6,91,0.0,3537.82
7663.88,71.81,100,1.25,3537.82
7663.88,71.81,100,0.0,3537.82
7663.88,71.37,97,0.0,3537.82
7663.88,71.46,97,0.0,3537.82
7663.88,71.64,97,1.25,3537.82
7663.88,71.75,97,1.25,3537.82
7663.88,71.84,97,0.0,3537.82
7663.88,72.68,97,0.0,3537.82
7663.88,72.6,96,0.0,3537.82
7663.88,72.31,96,1.25,3537.82
7663.88,72.31,96,0.0,3537.82
7663.88,72.11,97,0.0,3537.82
7663.88,71.81,97,0.0,3537.82
7663.88,71.81,97,0.0,3537.82
7663.88,72.34,97,1.25,3537.82
7663.88,72.33,97,0.0,3537.82
7663.88,72.26,96,0.0,3537.82
7663.88,72.27,96,1.2375,3537.82
7663.88,72.18,98,0.0,3537.82
7663.88,72.1,98,1.2375,3537.82
7663.88,72.7,88,1.25,3537.82
7663.88,72.38,88,0.0,3537.82
7663.88,72.59,100,0.0,3537.82
7663.88,72.83,100,0.0,3537.82
7663.88,72.87,100,1.25,3537.82
7663.88,71.86,100,0.0,3537.82
7663.88,72.01,97,0.0,3537.82
7663.88,71.98,97,1.2375,3537.82
7663.88,71.98,97,0.0,3537.82
7663.88,71.34,97,0.0,3537.82
7663.88,71.37,95,1.2375,3537.82
7663.88,70.65,95,0.0,3537.82
7663.88,70.83,97,0.0,3537.82
7663.88,70.83,97,0.0,3537.82
7663.88,70.66,97,1.25,3537.82
7663.88,70.21,97,1.225,3537.82
7663.88,71.15,97,0.0,3537.82
7663.88,71.07,97,0.0,3537.82
7663.88,71.0,97,1.2125,3537.82
7663.88,71.24,95,0.0,3537.82
7663.88,71.7,95,0.0,3537.82
7663.88,71.9,95,0.0,3537.82
7663.88,71.9,97,1.2125,3537.82
7663.88,71.85,97,0.0,3537.82
7663.88,71.93,96,0.0,3537.82
7663.88,71.96,96,1.2,3537.82
7663.88,72.49,97,0.0,3537.82
7663.88,72.43,97,0.0,3537.82
7663.88,72.56,95,1.2125,3537.82
7663.88,72.54,95,0.0,3537.82
7663.88,72.26,97,0.0,3537.82
7663.88,72.27,97,1.2125,3537.82
7663.88,72.25,97,0.0,3537.82
7663.88,72.19,97,0.0,3537.82
7663.88,72.13,97,1.2125,3537.82
7663.88,72.23,97,0.0,3537.82
7663.88,72.35,97,0.0,3537.82
7663.88,72.21,95,1.225,3537.82
7663.88,71.97,95,1.225,3537.82
7663.88,73.61,89,0.0,3537.82
7663.88,73.21,89,0.0,3537.82
7663.88,73.19,100,0.0,3537.82
7663.88,73.37,100,1.225,3537.82
7663.88,73.73,95,0.0,3537.82
7663.88,74.05,95,0.0,3537.82
7663.88,74.05,96,0.0,3537.82
7663.88,74.17,96,0.0,3537.82
7663.88,74.19,97,1.25,3537.82
7663.88,74.28,97,0.0,3537.82
7663.88,74.23,97,1.25,3537.82
7663.88,72.44,97,0.0,3537.82
7663.88,72.6,98,1.25,3537.82
7663.88,72.54,98,0.0,3537.82
7663.88,72.46,97,0.0,3537.82
7663.88,72.05,97,0.0,3537.82
7663.88,71.97,96,1.25,3537.82
7663.88,71.84,96,0.0,3537.82
7663.88,71.84,98,0.0,3537.82
7663.88,71.58,98,0.0,3537.82
7663.88,71.58,97,0.0,3537.82
7663.88,71.65,97,1.2375,3537.82
7663.88,71.66,98,0.0,3537.82
7663.88,71.68,98,0.0,3537.82
7663.88,71.96,96,0.0,3537.82
7663.88,71.9,96,0.0,3537.82
7663.88,72.3,97,0.0,3537.82
7663.88,72.24,97,1.25,3537.82
7663.88,72.44,98,0.0,3537.82
7663.88,72.47,98,0.0,3537.82
7663.88,72.49,98,0.0,3537.82
7663.88,72.27,98,0.0,3537.82
7663.88,72.21,98,0.0,3537.82
7663.88,72.01,98,1.25,3537.82
7663.88,72.04,96,0.0,3537.82
7663.88,72.09,96,0.0,3537.82
7663.88,72.02,96,0.0,3537.82
7663.88,72.02,97,0.0,3537.82
7663.88,71.78,97,1.2375,3537.82
7663.88,73.25,97,1.25,3537.82
7663.88,72.69,92,0.0,3537.82
7663.88,72.35,92,0.0,3537.82
7663.88,72.31,100,1.25,3537.82
7663.88,72.31,100,0.0,3537.82
7663.88,72.38,97,0.0,3537.82
7663.88,72.03,97,1.25,3537.82
7663.88,72.2,96,0.0,3537.82
7663.88,72.13,96,0.0,3537.82
7663.88,72.3,98,0.0,3537.82
7663.88,72.3,98,1.2375,3537.82
7663.88,70.73,97,1.2375,3537.82
7663.88,71.06,97,0.0,3537.82
7663.88,71.4,98,0.0,3537.82
7663.88,71.12,98,1.25,3537.82
7663.88,71.17,97,0.0,3537.82
7663.88,71.49,97,0.0,3537.82
7663.88,72.03,96,0.0,3537.82
7663.88,71.75,96,1.25,3537.82
7663.88,72.01,98,0.0,3537.82
7663.88,72.07,98,0.0,3537.82
7663.88,72.12,98,0.0,3537.82
7663.88,72.06,98,0.0,3537.82
7663.88,72.09,98,0.0,3537.82
7663.88,72.0,96,0.0,3537.82
7663.88,72.31,96,1.25,3537.82
7663.88,72.55,97,0.0,3537.82
7663.88,72.6,97,0.0,3537.82
7663.88,72.57,97,1.2125,3537.82
7663.88,72.56,98,0.0,3537.82
7663.88,72.56,98,0.0,3537.82
7663.88,72.19,97,1.2125,3537.82
7663.88,71.98,97,0.0,3537.82
7663.88,72.1,97,0.0,3537.82
7663.88,72.07,97,1.2125,3537.82
7663.88,72.07,96,0.0,3537.82
7663.88,72.19,96,0.0,3537.82
7663.88,71.97,97,0.0,3537.82
7663.88,72.13,97,1.2125,3537.82
7663.88,71.78,97,0.0,3537.82
7663.88,71.85,97,2.425,3537.82
7663.88,71.57,96,1.2125,3537.82
7663.88,71.69,96,0.0,3537.82
7663.88,71.62,91,0.0,3537.82
7663.88,71.32,91,0.0,3537.82
7663.88,71.63,97,0.0,3537.82
7663.88,71.62,97,1.225,3537.82
7663.88,71.72,97,0.0,3537.82
7663.88,71.62,97,0.0,3537.82
7663.88,71.62,97,0.0,3537.82
7663.88,71.83,97,1.2125,3537.82
7663.88,71.72,98,0.0,3537.82
7663.88,71.83,98,0.0,3537.82
7663.88,71.58,97,0.0,3537.82
7663.88,71.56,97,1.25,3537.82
7663.88,71.87,97,0.0,3537.82
7663.88,72.03,96,0.0,3537.82
7663.88,71.45,96,1.25,3537.82
7663.88,71.28,97,0.0,3537.82
7663.88,71.4,97,0.0,3537.82
7663.88,71.19,97,0.0,3537.82
7663.88,71.23,97,0.0,3537.82
7663.88,70.96,97,0.0,3537.82
7663.88,71.14,97,0.0,3537.82
7663.88,71.01,98,0.0,3537.82
7663.88,71.37,98,1.25,3537.82
7663.88,71.41,96,0.0,3537.82
7663.88,72.21,96,0.0,3537.82
7663.88,71.8,97,0.0,3537.82
7663.88,72.06,97,0.0,3537.82
7663.88,71.73,97,1.2375,3537.82
7663.88,71.87,97,0.0,3537.82
7663.88,71.65,97,0.0,3537.82
7663.88,71.94,97,1.2375,3537.82
7663.88,71.96,97,0.0,3537.82
7663.88,72.51,97,0.0,3537.82
7663.88,72.3,96,1.2375,3537.82
7663.88,72.33,96,0.0,3537.82
7663.88,72.03,97,0.0,3537.82
7663.88,72.32,97,2.4875,3537.82
7663.88,73.77,87,0.0,3537.82
7663.88,73.64,87,0.0,3537.82
7663.88,73.68,100,0.0,3537.82
7663.88,73.67,100,1.2375,3537.82
7663.88,73.71,97,0.0,3537.82
7663.88,74.05,97,0.0,3537.82
7663.88,73.91,98,1.25,3537.82
7663.88,74.16,98,0.0,3537.82
7663.88,74.12,97,0.0,3537.82
7663.88,74.34,97,1.2375,3537.82
7663.88,74.25,98,1.25,3537.82
7663.88,72.46,98,0.0,3537.82
7663.88,72.58,98,1.2375,3537.82
7663.88,71.8,98,0.0,3537.82
7663.88,71.72,88,1.2375,3537.82
7663.88,71.76,88,0.0,3537.82
7663.88,71.76,99,0.0,3537.82
7663.88,71.32,99,1.25,3537.82
7663.88,71.48,97,0.0,3537.82
7663.88,71.28,97,0.0,3537.82
7663.88,71.28,98,0.0,3537.82
7663.88,71.14,98,1.2375,3537.82
7663.88,71.03,98,0.0,3537.82
7663.88,71.17,98,0.0,3537.82
7663.88,71.75,98,0.0,3537.82
7663.88,72.02,98,1.2125,3537.82
7663.88,71.76,97,0.0,3537.82
7663.88,72.12,97,1.225,3537.82
7663.88,72.09,97,0.0,3537.82
7663.88,71.97,97,1.2125,3537.82
7663.88,71.79,98,0.0,3537.82
7663.88,72.05,98,0.0,3537.82
7663.88,72.02,98,1.2125,3537.82
7663.88,72.33,98,0.0,3537.82
7663.88,72.2,98,0.0,3537.82
7663.88,72.48,97,1.2125,3537.82
7663.88,72.48,97,0.0,3537.82
7663.88,72.83,97,0.0,3537.82
7663.88,72.66,97,1.2125,3537.82
7663.88,72.47,98,0.0,3537.82
7663.88,72.47,98,0.0,3537.82
7663.88,72.16,97,1.2125,3537.82
7663.88,71.94,97,0.0,3537.82
7663.88,69.8,90,1.2125,3537.82
7663.88,69.8,90,1.2125,3537.82
7663.88,69.68,100,0.0,3537.82
7663.88,68.72,100,0.0,3537.82
7663.88,68.81,98,1.2125,3537.82
7663.88,68.63,98,0.0,3537.82
7663.88,68.97,97,0.0,3537.82
7663.88,68.94,97,0.0,3537.82
7663.88,69.18,98,1.2125,3537.82
7663.88,69.07,98,0.0,3537.82
7663.88,69.5,97,0.0,3537.82
7663.88,71.58,97,1.2125,3537.82
7663.88,71.71,97,0.0,3537.82
7663.88,71.65,97,0.0,3537.82
7663.88,72.53,97,1.2125,3537.82
7663.88,72.4,97,1.2125,3537.82
7663.88,72.56,97,0.0,3537.82
7663.88,72.47,97,0.0,3537.82
7663.88,72.32,97,1.2,3537.82
7663.88,72.36,98,0.0,3537.82
7663.88,72.17,98,0.0,3537.82
7663.88,71.92,98,1.2125,3537.82
7663.88,71.86,98,0.0,3537.82
7663.88,71.89,98,0.0,3537.82
7663.88,72.17,97,0.0,3537.82
7663.88,72.05,97,1.2125,3537.82
7663.88,71.98,98,0.0,3537.82
7663.88,71.71,98,0.0,3537.82
7663.88,72.02,97,1.175,3537.82
7663.88,71.85,97,0.0,3537.82
7663.88,71.85,97,0.0,3537.82
7663.88,71.84,97,1.2125,3537.82
7663.88,71.4,97,0.0,3537.82
7663.88,71.72,97,0.0,3537.82
7663.88,71.8,97,0.0,3537.82
7663.88,72.16,97,1.2125,3537.82
7663.88,71.94,97,1.2125,3537.82
7663.88,72.13,97,0.0,3537.82
7663.88,72.07,97,2.4,3537.82
7663.88,72.22,89,0.0,3537.82
7663.88,72.32,89,0.0,3537.82
7663.88,72.2,100,0.0,3537.82
7663.88,72.2,100,1.2125,3537.82
7663.88,72.69,100,0.0,3537.82
7663.88,72.17,100,0.0,3537.82
7663.88,72.06,96,1.2125,3537.82
7663.88,72.06,96,0.0,3537.82
7663.88,72.19,94,0.0,3537.82
7663.88,72.31,94,0.0,3537.82
7663.88,72.17,97,2.425,3537.82
7663.88,72.17,97,0.0,3537.82
7663.88,72.1,97,0.0,3537.82
7663.88,72.08,97,1.2125,3537.82
7663.88,72.19,98,0.0,3537.82
7663.88,71.77,98,0.0,3537.82
7663.88,72.39,98,0.0,3537.82
7663.88,72.47,98,1.2125,3537.82
7663.88,72.47,98,0.0,3537.82
7663.88,72.1,98,0.0,3537.82
7663.88,71.99,97,1.1875,3537.82
7663.88,71.6,97,0.0,3537.82
7663.88,71.64,98,0.0,3537.82
7663.88,71.34,98,0.0,3537.82
7663.88,71.38,98,0.0,3537.82
7663.88,71.75,97,1.225,3537.82
7663.88,71.81,97,0.0,3537.82
7663.88,71.63,95,0.0,3537.82
7663.88,71.61,95,1.2125,3537.82
7663.88,71.76,95,0.0,3537.82
7663.88,71.64,95,1.2125,3537.82
7663.88,71.74,98,0.0,3537.82
7663.88,71.65,98,1.2125,3537.82
7663.88,71.83,98,0.0,3537.82
7663.88,71.97,98,0.0,3537.82
7663.88,72.05,98,1.2125,3537.82
7663.88,72.05,98,1.2125,3537.82
7663.88,72.67,88,0.0,3537.82
7663.88,72.66,88,0.0,3537.82
7663.88,71.69,100,1.2125,3537.82
7663.88,71.93,100,0.0,3537.82
7663.88,71.76,95,0.0,3537.82
7663.88,72.08,95,1.2125,3537.82
7663.88,72.08,97,0.0,3537.82
7663.88,72.38,97,0.0,3537.82
7663.88,72.27,96,1.175,3537.82
7663.88,72.3,96,0.0,3537.82
7663.88,71.47,98,0.0,3537.82
7663.88,71.51,97,1.175,3537.82
7663.88,71.58,97,0.0,3537.82
7663.88,72.49,96,0.0,3537.82
7663.88,72.63,96,0.0,3537.82
7663.88,72.63,96,1.2125,3537.82
7663.88,72.72,96,0.0,3537.82
7663.88,72.63,98,1.2125,3537.82
7663.88,72.86,98,0.0,3537.82
7663.88,74.5,88,2.425,3537.82
7663.88,74.01,88,1.2,3537.82
7663.88,73.74,100,0.0,3537.82
7663.88,73.61,100,0.0,3537.82
7663.88,73.76,97,0.0,3537.82
7663.88,73.78,97,1.2375,3537.82
7663.88,73.83,98,0.0,3537.82
7663.88,73.93,98,0.0,3537.82
7663.88,73.94,96,0.0,3537.82
7663.88,73.7,96,1.25,3537.82
7663.88,73.74,97,0.0,3537.82
7663.88,71.84,97,0.0,3537.82
7663.88,72.24,97,1.2375,3537.82
7663.88,72.4,97,0.0,3537.82
7663.88,72.79,97,0.0,3537.82
7663.88,72.67,97,0.0,3537.82
7663.88,72.67,97,1.2375,3537.82
7663.88,72.8,97,0.0,3537.82
7663.88,72.18,97,0.0,3537.82
7663.88,72.29,95,1.2375,3537.82
7663.88,72.17,95,0.0,3537.82
7663.88,72.47,96,0.0,3537.82
7663.88,72.18,95,0.0,3537.82
7663.88,72.23,95,1.2375,3537.82
7663.88,72.19,97,0.0,3537.82
7663.88,72.2,97,0.0,3537.82
7663.88,72.23,97,1.2375,3537.82
7663.88,71.93,97,0.0,3537.82
7663.88,72.49,92,0.0,3537.82
7663.88,72.4,92,0.0,3537.82
7663.88,72.36,96,1.25,3537.82
7663.88,72.25,96,0.0,3537.82
7663.88,72.3,97,0.0,3537.82
7663.88,72.46,97,1.25,3537.82
7663.88,72.65,97,0.0,3537.82
7663.88,72.67,97,0.0,3537.82
7663.88,72.74,95,1.25,3537.82
7663.88,72.76,95,0.0,3537.82
7663.88,72.78,94,0.0,3537.82
7663.88,72.72,94,2.4875,3537.82
7663.88,72.82,94,0.0,3537.82
7663.88,72.74,90,0.0,3537.82
7663.88,72.57,100,1.25,3537.82
7663.88,72.54,100,0.0,3537.82
7663.88,71.51,100,1.2375,3537.82
7663.88,71.48,98,0.0,3537.82
7663.88,71.44,97,0.0,3537.82
7663.88,71.68,97,1.225,3537.82
7663.88,71.68,97,0.0,3537.82
7663.88,71.4,96,0.0,3537.82
7663.88,71.62,96,1.2125,3537.82
7663.88,71.38,97,0.0,3537.82
7663.88,71.38,97,0.0,3537.82
7663.88,71.59,97,1.1875,3537.82
7663.88,71.64,97,0.0,3537.82
7663.88,72.62,97,0.0,3537.82
7663.88,72.39,97,1.2125,3537.82
7663.88,72.39,97,0.0,3537.82
7663.88,72.32,96,0.0,3537.82
7663.88,72.25,96,0.0,3537.82
7663.88,72.1,98,1.2125,3537.82
7663.88,71.73,98,1.2125,3537.82
7663.88,71.77,95,0.0,3537.82
7663.88,72.84,95,2.425,3537.82
7663.88,72.61,87,0.0,3537.82
7663.88,72.61,87,0.0,3537.82
7663.88,72.73,100,1.225,3537.82
7663.88,72.73,100,0.0,3537.82
7663.88,72.03,98,0.0,3537.82
7663.88,72.06,98,0.0,3537.82
7663.88,72.59,97,1.225,3537.82
7663.88,72.53,97,0.0,3537.82
7663.88,72.81,97,0.0,3537.82
7663.88,72.58,97,1.1375,3537.82
7663.88,72.55,98,0.0,3537.82
7663.88,71.56,98,0.0,3537.82
7663.88,71.69,98,0.0,3537.82
7663.88,71.5,96,1.225,3537.82
7663.88,71.4,96,0.0,3537.82
7663.88,72.38,98,0.0,3537.82
7663.88,72.39,98,1.2125,3537.82
7663.88,72.15,94,0.0,3537.82
7663.88,71.87,94,0.0,3537.82
7663.88,71.99,97,1.2,3537.82
7663.88,72.24,97,0.0,3537.82
7663.88,72.21,97,0.0,3537.82
7663.88,72.21,97,1.2125,3537.82
7663.88,72.32,97,0.0,3537.82
7663.88,71.84,97,0.0,3537.82
7663.88,71.86,95,1.2125,3537.82
7663.88,71.86,95,0.0,3537.82
7663.88,71.75,97,0.0,3537.82
7663.88,71.71,97,1.2125,3537.82
7663.88,71.82,97,0.0,3537.82
7663.88,71.79,97,0.0,3537.82
7663.88,71.4,97,1.2125,3537.82
7663.88,71.56,97,0.0,3537.82
7663.88,71.59,97,0.0,3537.82
7663.88,71.69,97,0.0,3537.82
7663.88,71.69,96,1.2125,3537.82
7663.88,72.25,96,0.0,3537.82
7663.88,72.06,98,0.0,3537.82
7663.88,72.07,98,1.2,3537.82
7663.88,72.72,96,1.2125,3537.82
7663.88,72.11,96,1.2,3537.82
7663.88,72.11,88,0.0,3537.82
7663.88,72.11,88,0.0,3537.82
7663.88,72.02,98,1.2,3537.82
7663.88,72.45,98,0.0,3537.82
7663.88,72.07,97,1.225,3537.82
7663.88,72.3,97,1.2125,3537.82
7663.88,72.3,95,0.0,3537.82
7663.88,72.2,95,0.0,3537.82
7663.88,72.3,96,0.0,3537.82
7663.88,72.17,97,0.0,3537.82
7663.88,71.94,97,1.2375,3537.82
7663.88,72.43,97,0.0,3537.82
7663.88,72.76,97,0.0,3537.82
7663.88,72.83,97,0.0,3537.82
7663.88,72.41,97,1.2375,3537.82
7663.88,72.64,95,0.0,3537.82
7663.88,72.32,95,0.0,3537.82
7663.88,72.47,97,0.0,3537.82
7663.88,72.33,97,1.2375,3537.82
7663.88,72.32,97,0.0,3537.82
7663.88,72.02,97,1.25,3537.82
7663.88,73.61,90,1.2375,3537.82
7663.88,73.49,90,0.0,3537.82
7663.88,73.54,100,0.0,3537.82
7663.88,73.35,100,1.2375,3537.82
7663.88,72.31,98,0.0,3537.82
7663.88,72.28,98,0.0,3537.82
7663.88,72.55,97,1.25,3537.82
7663.88,72.52,97,0.0,3537.82
7663.88,72.69,97,0.0,3537.82
7663.88,72.62,98,0.0,3537.82
7663.88,72.59,98,1.2375,3537.82
7663.88,71.13,98,0.0,3537.82
7663.88,71.53,97,0.0,3537.82
7663.88,71.34,97,1.25,3537.82
7663.88,71.34,96,0.0,3537.82
7663.88,72.36,96,0.0,3537.82
7663.88,72.45,97,1.25,3537.82
7663.88,72.27,97,0.0,3537.82
7663.88,72.23,97,0.0,3537.82
7663.88,71.84,97,1.2375,3537.82
7663.88,71.84,96,1.25,3537.82
7663.88,71.84,96,0.0,3537.82
7663.88,71.84,97,0.0,3537.82
7663.88,71.72,97,0.0,3537.82
7663.88,71.74,96,0.0,3537.82
7663.88,71.87,96,1.25,3537.82
7663.88,71.98,98,0.0,3537.82
7663.88,71.85,98,0.0,3537.82
7663.88,71.68,96,0.0,3537.82
7663.88,71.77,96,1.25,3537.82
7663.88,71.97,97,0.0,3537.82
7663.88,72.2,97,0.0,3537.82
7663.88,72.48,95,1.225,3537.82
7663.88,72.46,95,0.0,3537.82
7663.88,72.42,97,0.0,3537.82
7663.88,72.5,97,1.2125,3537.82
7663.88,72.48,97,0.0,3537.82
7663.88,72.38,97,0.0,3537.82
7663.88,72.45,97,1.225,3537.82
7663.88,72.53,97,0.0,3537.82
7663.88,72.5,97,1.2125,3537.82
7663.88,71.11,87,1.225,3537.82
7663.88,71.12,87,0.0,3537.82
7663.88,70.58,98,0.0,3537.82
7663.88,70.64,98,0.0,3537.82
7663.88,70.88,97,0.0,3537.82
7663.88,70.78,97,1.25,3537.82
7663.88,70.99,97,0.0,3537.82
7663.88,70.75,97,0.0,3537.82
7663.88,70.78,97,1.25,3537.82
7663.88,70.54,97,0.0,3537.82
7663.88,70.95,97,0.0,3537.82
7663.88,71.88,97,1.25,3537.82
7663.88,71.69,97,0.0,3537.82
7663.88,72.14,96,0.0,3537.82
7663.88,72.14,96,0.0,3537.82
7663.88,72.29,97,1.25,3537.82
7663.88,72.0,97,0.0,3537.82
7663.88,72.17,97,0.0,3537.82
7663.88,71.9,97,1.25,3537.82
7663.88,71.99,97,0.0,3537.82
7663.88,71.92,97,0.0,3537.82
7663.88,71.99,95,1.25,3537.82
7663.88,71.81,95,1.25,3537.82
7663.88,71.84,97,0.0,3537.82
7663.88,71.89,98,0.0,3537.82
7663.88,72.18,98,0.0,3537.82
7663.88,71.82,98,1.25,3537.82
7663.88,71.73,98,0.0,3537.82
7663.88,71.83,98,0.0,3537.82
7663.88,71.38,98,0.0,3537.82
7663.88,71.64,96,1.25,3537.82
7663.88,71.58,96,0.0,3537.82
7663.88,71.66,98,0.0,3537.82
7663.88,71.64,98,1.25,3537.82
7663.88,71.9,98,0.0,3537.82
7663.88,71.7,98,0.0,3537.82
7663.88,72.05,98,0.0,3537.82
7663.88,72.05,98,0.0,3537.82
7663.88,71.82,98,2.4875,3537.82
7663.88,71.9,97,0.0,3537.82
7663.88,71.9,97,0.0,3537.82
7663.88,72.15,91,0.0,3537.82
7663.88,72.15,91,0.0,3537.82
7663.88,72.32,100,0.0,3537.82
7663.88,72.32,100,1.2375,3537.82
7663.88,72.02,100,0.0,3537.82
7663.88,71.82,100,0.0,3537.82
7663.88,72.19,96,0.0,3537.82
7663.88,72.06,96,1.2125,3537.82
7663.88,72.38,97,0.0,3537.82
7663.88,72.44,97,1.2125,3537.82
7663.88,72.44,98,1.2125,3537.82
7663.88,72.54,98,0.0,3537.82
7663.88,72.46,97,0.0,3537.82
7663.88,72.46,95,1.175,3537.82
7663.88,72.34,95,0.0,3537.82
7663.88,72.79,97,0.0,3537.82
7663.88,72.83,97,1.225,3537.82
7663.88,72.67,97,0.0,3537.82
7663.88,72.67,97,0.0,3537.82
7663.88,72.32,97,0.0,3537.82
7663.88,72.26,97,1.225,3537.82
7663.88,72.64,95,0.0,3537.82
7663.88,72.53,95,0.0,3537.82
7663.88,72.56,98,1.2125,3537.82
7663.88,72.54,98,1.2125,3537.82
7663.88,69.35,87,0.0,3537.82
7663.88,69.31,87,0.0,3537.82
7663.88,69.17,100,1.2375,3537.82
7663.88,69.27,100,0.0,3537.82
7663.88,68.76,100,0.0,3537.82
7663.88,68.06,100,1.2375,3537.82
7663.88,68.11,98,0.0,3537.82
7663.88,67.86,98,1.2375,3537.82
7663.88,68.09,98,0.0,3537.82
7663.88,67.82,98,1.25,3537.82
7663.88,68.26,98,0.0,3537.82
7663.88,71.46,98,0.0,3537.82
7663.88,71.63,98,1.2375,3537.82
7663.88,71.12,97,0.0,3537.82
7663.88,71.08,97,0.0,3537.82
7663.88,71.08,97,0.0,3537.82
7663.88,71.94,98,1.2375,3537.82
7663.88,71.9,98,0.0,3537.82
7663.88,71.55,98,0.0,3537.82
7663.88,73.67,89,2.4875,3537.82
7663.88,73.11,89,0.0,3537.82
7663.88,72.97,100,0.0,3537.82
7663.88,72.76,100,1.25,3537.82
7663.88,73.34,96,0.0,3537.82
7663.88,73.22,96,0.0,3537.82
7663.88,73.22,96,0.0,3537.82
7663.88,73.53,98,1.25,3537.82
7663.88,73.53,98,0.0,3537.82
7663.88,73.72,98,0.0,3537.82
7663.88,73.53,98,1.2375,3537.82
7663.88,73.8,98,0.0,3537.82
7663.88,71.17,98,0.0,3537.82
7663.88,71.44,96,2.4875,3537.82
7663.88,71.82,96,0.0,3537.82
7663.88,71.18,87,0.0,3537.82
7663.88,70.94,87,0.0,3537.82
7663.88,70.97,96,1.25,3537.82
7663.88,71.16,96,0.0,3537.82
7663.88,71.51,97,0.0,3537.82
7663.88,71.53,97,0.0,3537.82
7663.88,71.79,96,1.25,3537.82
7663.88,71.59,96,1.2375,3537.82
7663.88,72.36,97,0.0,3537.82
7663.88,72.4,97,0.0,3537.82
7663.88,72.13,97,1.2375,3537.82
7663.88,72.65,97,0.0,3537.82
7663.88,72.69,97,0.0,3537.82
7663.88,72.88,95,0.0,3537.82
7663.88,72.84,95,1.225,3537.82
7663.88,72.72,97,0.0,3537.82
7663.88,72.69,97,0.0,3537.82
7663.88,72.66,97,0.0,3537.82
7663.88,72.66,97,0.0,3537.82
7663.88,72.68,97,1.225,3537.82
7663.88,72.44,97,0.0,3537.82
7663.88,72.55,97,0.0,3537.82
7663.88,72.32,97,0.0,3537.82
7663.88,72.55,97,1.2125,3537.82
7663.88,72.51,97,0.0,3537.82
7663.88,72.19,98,0.0,3537.82
7663.88,72.12,98,0.0,3537.82
7663.88,71.96,98,1.225,3537.82
7663.88,71.97,98,0.0,3537.82
7663.88,71.9,98,0.0,3537.82
7663.88,71.84,98,0.0,3537.82
7663.88,71.51,98,1.225,3537.82
7663.88,71.51,97,0.0,3537.82
7663.88,72.0,98,0.0,3537.82
7663.88,71.87,98,0.0,3537.82
7663.88,71.75,98,1.2,3537.82
7663.88,71.75,98,1.2,3537.82
7663.88,69.24,89,1.2125,3537.82
7663.88,69.32,89,0.0,3537.82
7663.88,69.24,100,0.0,3537.82
7663.88,68.52,100,1.2125,3537.82
7663.88,69.16,100,0.0,3537.82
7663.88,67.55,100,1.2125,3537.82
7663.88,67.79,98,1.2,3537.82
7663.88,67.84,98,0.0,3537.82
7663.88,67.84,98,0.0,3537.82
7663.88,67.93,98,0.0,3537.82
7663.88,70.43,98,1.2125,3537.82
7663.88,70.52,98,0.0,3537.82
7663.88,70.4,96,0.0,3537.82
7663.88,70.35,96,2.4375,3537.82
7663.88,70.35,98,0.0,3537.82
7663.88,72.3,98,1.2125,3537.82
7663.88,73.6,89,0.0,3537.82
7663.88,73.6,89,0.0,3537.82
7663.88,73.5,97,1.2125,3537.82
7663.88,73.57,97,0.0,3537.82
7663.88,73.86,97,0.0,3537.82
7663.88,74.03,98,0.0,3537.82
7663.88,73.91,98,1.2125,3537.82
7663.88,73.95,98,0.0,3537.82
7663.88,73.87,98,0.0,3537.82
7663.88,73.86,98,1.225,3537.82
7663.88,72.5,98,0.0,3537.82
7663.88,72.43,98,0.0,3537.82
7663.88,72.48,98,1.2125,3537.82
7663.88,72.24,96,1.2125,3537.82
7663.88,72.11,96,0.0,3537.82
7663.88,71.92,98,0.0,3537.82
7663.88,72.13,98,1.2125,3537.82
7663.88,71.9,98,0.0,3537.82
7663.88,72.11,98,0.0,3537.82
7663.88,71.94,98,1.2125,3537.82
7663.88,72.16,98,0.0,3537.82
7663.88,72.36,96,0.0,3537.82
7663.88,72.65,96,1.2125,3537.82
7663.88,72.48,98,0.0,3537.82
7663.88,72.71,98,0.0,3537.82
7663.88,72.5,98,1.2125,3537.82
7663.88,72.63,98,0.0,3537.82
7663.88,72.42,98,0.0,3537.82
7663.88,72.63,98,1.225,3537.82
7663.88,72.49,98,0.0,3537.82
7663.88,72.7,96,0.0,3537.82
7663.88,72.59,96,1.2125,3537.82
7663.88,72.54,98,0.0,3537.82
7663.88,72.32,98,0.0,3537.82
7663.88,72.12,98,0.0,3537.82
7663.88,72.09,98,2.4375,3537.82
7663.88,73.57,90,0.0,3537.82
7663.88,73.36,90,0.0,3537.82
7663.88,73.15,100,2.4375,3537.82
7663.88,73.26,100,0.0,3537.82
7663.88,73.3,97,0.0,3537.82
7663.88,73.42,97,0.0,3537.82
7663.88,73.55,98,1.2125,3537.82
7663.88,73.52,98,0.0,3537.82
7663.88,73.42,97,0.0,3537.82
7663.88,73.48,97,0.0,3537.82
7663.88,73.52,98,1.2125,3537.82
7663.88,71.92,98,0.0,3537.82
7663.88,72.12,98,0.0,3537.82
7663.88,72.11,98,1.2,3537.82
7663.88,72.05,98,0.0,3537.82
7663.88,72.05,98,0.0,3537.82
7663.88,72.05,98,1.2125,3537.82
7663.88,70.99,98,0.0,3537.82
7663.88,71.14,96,0.0,3537.82
7663.88,71.06,96,1.2125,3537.82
7663.88,70.75,98,1.2125,3537.82
7663.88,70.75,98,0.0,3537.82
7663.88,70.69,98,1.2125,3537.82
7663.88,70.97,98,0.0,3537.82
7663.88,70.97,98,0.0,3537.82
7663.88,71.05,98,0.0,3537.82
7663.88,71.06,97,1.2,3537.82
7663.88,71.05,97,0.0,3537.82
7663.88,72.2,97,1.2125,3537.82
7663.88,72.14,97,0.0,3537.82
7663.88,72.2,98,0.0,3537.82
7663.88,72.0,98,0.0,3537.82
7663.88,72.09,98,1.2125,3537.82
7663.88,72.18,98,0.0,3537.82
7663.88,72.27,98,0.0,3537.82
7663.88,72.35,97,1.2375,3537.82
7663.88,72.33,97,0.0,3537.82
7663.88,72.22,98,1.2375,3537.82
7663.88,73.74,98,0.0,3537.82
7663.88,73.36,93,1.225,3537.82
7663.88,73.06,93,0.0,3537.82
7663.88,73.24,97,0.0,3537.82
7663.88,73.65,97,0.0,3537.82
7663.88,73.81,98,1.25,3537.82
7663.88,73.95,98,0.0,3537.82
7663.88,73.9,98,0.0,3537.82
7663.88,74.04,98,0.0,3537.82
7663.88,73.94,97,1.25,3537.82
7663.88,73.84,97,0.0,3537.82
7663.88,72.2,98,0.0,3537.82
7663.88,72.29,98,1.25,3537.82
7663.88,72.42,98,0.0,3537.82
7663.88,72.48,98,0.0,3537.82
7663.88,72.24,98,1.2375,3537.82
7663.88,72.24,98,1.2375,3537.82
7663.88,72.25,97,0.0,3537.82
7663.88,72.25,97,0.0,3537.82
7663.88,72.28,98,1.25,3537.82
7663.88,72.17,98,0.0,3537.82
7663.88,72.0,98,0.0,3537.82
7663.88,72.0,98,0.0,3537.82
7663.88,72.04,98,1.2375,3537.82
7663.88,71.98,98,0.0,3537.82
7663.88,72.01,98,0.0,3537.82
7663.88,71.91,98,0.0,3537.82
7663.88,71.89,97,1.25,3537.82
7663.88,71.77,97,0.0,3537.82
7663.88,71.73,98,0.0,3537.82
7663.88,71.75,98,0.0,3537.82
7663.88,71.69,98,1.25,3537.82
7663.88,71.76,98,0.0,3537.82
7663.88,71.89,98,0.0,3537.82
7663.88,71.92,98,0.0,3537.82
7663.88,72.15,98,1.2375,3537.82
7663.88,72.22,97,0.0,3537.82
7663.88,72.22,98,0.0,3537.82
7663.88,72.33,98,1.2375,3537.82
7663.88,73.77,90,1.2375,3537.82
7663.88,73.25,90,0.0,3537.82
7663.88,73.01,100,1.2375,3537.82
7663.88,72.95,100,0.0,3537.82
7663.88,72.95,100,0.0,3537.82
7663.88,73.0,100,1.2375,3537.82
7663.88,72.95,97,0.0,3537.82
7663.88,73.09,97,0.0,3537.82
7663.88,73.14,98,0.0,3537.82
7663.88,73.41,98,1.2375,3537.82
7663.88,73.34,97,0.0,3537.82
7663.88,72.0,97,0.0,3537.82
7663.88,72.15,98,0.0,3537.82
7663.88,72.42,98,1.2375,3537.82
7663.88,72.28,98,0.0,3537.82
7663.88,72.3,98,0.0,3537.82
7663.88,72.2,98,1.25,3537.82
7663.88,72.36,98,0.0,3537.82
7663.88,72.16,98,0.0,3537.82
7663.88,72.15,97,1.25,3537.82
7663.88,71.78,97,2.4875,3537.82
7663.88,73.64,90,0.0,3537.82
7663.88,72.96,90,1.2375,3537.82
7663.88,72.91,98,0.0,3537.82
7663.88,72.48,98,0.0,3537.82
7663.88,72.77,96,1.2375,3537.82
7663.88,72.4,96,0.0,3537.82
7663.88,72.8,96,0.0,3537.82
7663.88,72.8,98,1.25,3537.82
7663.88,72.67,98,0.0,3537.82
7663.88,72.67,98,0.0,3537.82
7663.88,72.99,98,0.0,3537.82
7663.88,70.93,98,1.2375,3537.82
7663.88,71.52,98,0.0,3537.82
7663.88,71.6,98,0.0,3537.82
7663.88,71.84,98,1.25,3537.82
7663.88,71.72,96,0.0,3537.82
7663.88,72.49,96,0.0,3537.82
7663.88,72.26,98,1.25,3537.82
7663.88,72.19,98,0.0,3537.82
7663.88,72.48,98,0.0,3537.82
7663.88,72.48,98,0.0,3537.82
7663.88,72.16,98,1.25,3537.82
7663.88,72.02,98,0.0,3537.82
7663.88,71.91,98,0.0,3537.82
7663.88,72.03,98,0.0,3537.82
7663.88,72.2,97,1.25,3537.82
7663.88,72.2,97,0.0,3537.82
7663.88,72.11,98,0.0,3537.82
7663.88,72.27,98,1.225,3537.82
7663.88,72.3,98,0.0,3537.82
7663.88,72.16,98,0.0,3537.82
7663.88,71.94,98,1.2125,3537.82
7663.88,71.97,97,0.0,3537.82
7663.88,72.29,97,0.0,3537.82
7663.88,72.59,98,1.2125,3537.82
7663.88,72.68,98,0.0,3537.82
7663.88,72.93,98,0.0,3537.82
7663.88,72.8,98,1.2125,3537.82
7663.88,73.17,98,1.2,3537.82
7663.88,71.97,90,2.4,3537.82
7663.88,72.02,100,0.0,3537.82
7663.88,71.73,100,0.0,3537.82
7663.88,71.98,97,1.2125,3537.82
7663.88,71.98,97,0.0,3537.82
7663.88,71.98,97,0.0,3537.82
7663.88,72.14,98,1.2125,3537.82
7663.88,72.01,97,0.0,3537.82
7663.88,72.15,97,0.0,3537.82
7663.88,71.92,98,0.0,3537.82
7663.88,71.92,98,1.2375,3537.82
7663.88,71.29,98,0.0,3537.82
7663.88,71.97,98,0.0,3537.82
7663.88,72.29,98,0.0,3537.82
7663.88,72.2,98,1.2375,3537.82
7663.88,72.2,98,0.0,3537.82
7663.88,72.33,98,0.0,3537.82
7663.88,72.12,97,1.2375,3537.82
7663.88,71.88,97,0.0,3537.82
7663.88,71.97,98,0.0,3537.82
7663.88,71.7,98,1.2375,3537.82
7663.88,71.52,98,0.0,3537.82
7663.88,71.69,98,0.0,3537.82
7663.88,71.89,98,1.2375,3537.82
7663.88,71.93,96,1.225,3537.82
7663.88,72.04,96,0.0,3537.82
7663.88,72.04,96,0.0,3537.82
7663.88,72.32,98,0.0,3537.82
7663.88,72.32,98,1.2375,3537.82
7663.88,72.35,98,0.0,3537.82
7663.88,72.1,98,0.0,3537.82
7663.88,72.06,98,0.0,3537.82
7663.88,72.12,98,1.2375,3537.82
7663.88,72.21,98,0.0,3537.82
7663.88,72.11,98,0.0,3537.82
7663.88,72.28,97,1.2375,3537.82
7663.88,72.07,97,0.0,3537.82
7663.88,72.13,98,1.2375,3537.82
7663.88,72.42,88,1.2375,3537.82
7663.88,71.4,88,0.0,3537.82
7663.88,71.27,100,0.0,3537.82
7663.88,71.58,100,0.0,3537.82
7663.88,71.64,100,1.25,3537.82
7663.88,71.79,100,0.0,3537.82
7663.88,71.08,97,0.0,3537.82
7663.88,71.52,97,1.2125,3537.82
7663.88,71.6,97,0.0,3537.82
7663.88,71.56,97,0.0,3537.82
7663.88,71.45,97,0.0,3537.82
7663.88,72.23,97,1.225,3537.82
7663.88,72.29,97,1.2125,3537.82
7663.88,72.18,97,0.0,3537.82
7663.88,72.0,97,1.2125,3537.82
7663.88,71.84,97,0.0,3537.82
7663.88,72.22,97,0.0,3537.82
7663.88,72.13,96,1.2125,3537.82
7663.88,71.91,96,0.0,3537.82
7663.88,71.91,98,0.0,3537.82
7663.88,71.91,98,1.2125,3537.82
7663.88,72.05,98,0.0,3537.82
7663.88,71.78,98,0.0,3537.82
7663.88,71.84,98,0.0,3537.82
7663.88,71.96,97,1.2,3537.82
7663.88,72.13,97,0.0,3537.82
7663.88,72.25,96,1.2125,3537.82
7663.88,72.68,96,1.2125,3537.82
7663.88,72.26,97,0.0,3537.82
7663.88,72.3,97,0.0,3537.82
7663.88,72.06,97,1.2125,3537.82
7663.88,71.89,97,0.0,3537.82
7663.88,72.0,97,0.0,3537.82
7663.88,71.92,97,1.2,3537.82
7663.88,71.91,98,0.0,3537.82
7663.88,72.02,98,0.0,3537.95
7663.88,72.13,96,0.0,3537.95
7663.88,72.09,96,1.225,3537.95
7663.88,72.0,97,0.0,3537.95
7663.88,72.35,97,0.0,3537.95
7663.88,72.29,97,1.2125,3537.95
7663.88,72.38,88,1.225,3537.95
7663.88,73.58,88,0.0,3537.95
7663.88,72.64,100,1.2125,3537.95
7663.88,72.76,100,0.0,3537.95
7663.88,72.92,97,0.0,3537.95
7663.88,72.99,97,1.2125,3537.95
7663.88,73.55,97,0.0,3537.95
7663.88,73.56,97,0.0,3537.95
7663.88,73.56,97,1.2125,3537.95
7663.88,73.04,98,0.0,3537.95
7663.88,72.84,98,0.0,3537.95
7663.88,71.74,98,1.2125,3537.95
7663.88,72.91,88,1.2125,3537.95
7663.88,71.55,88,1.2125,3537.95
7663.88,71.69,88,1.2125,3537.95
7663.88,71.69,100,0.0,3537.95
7663.88,71.26,100,0.0,3537.95
7663.88,71.21,97,0.0,3537.95
7663.88,71.38,97,1.2,3537.95
7663.88,71.42,98,0.0,3537.95
7663.88,71.42,98,0.0,3537.95
7663.88,71.55,98,0.0,3537.95
7663.88,71.49,98,1.2125,3537.95
7663.88,71.33,98,1.2125,3537.95
7663.88,69.5,89,0.0,3537.95
7663.88,69.5,89,1.2125,3537.95
7663.88,69.26,99,0.0,3537.95
7663.88,69.26,99,0.0,3537.95
7663.88,69.03,97,0.0,3537.95
7663.88,68.71,97,2.425,3537.95
7663.88,69.13,97,0.0,3537.95
7663.88,69.11,97,0.0,3537.95
7663.88,69.45,97,1.2125,3537.95
7663.88,69.43,97,0.0,3537.95
7663.88,69.59,98,0.0,3537.95
7663.88,72.21,98,1.2125,3537.95
7663.88,72.5,98,0.0,3537.95
7663.88,72.4,98,0.0,3537.95
7663.88,72.22,98,0.0,3537.95
7663.88,72.24,97,1.2125,3537.95
7663.88,72.25,97,0.0,3537.95
7663.88,71.96,98,0.0,3537.95
7663.88,71.97,98,1.2125,3537.95
7663.88,71.92,98,0.0,3537.95
7663.88,71.78,98,0.0,3537.95
7663.88,71.71,98,0.0,3537.95
7663.88,71.72,98,1.2125,3537.95
7663.88,71.91,98,0.0,3537.95
7663.88,72.04,98,0.0,3537.95
7663.88,71.89,97,2.4125,3537.95
7663.88,72.11,97,0.0,3537.95
7663.88,72.02,98,0.0,3537.95
7663.88,72.19,98,0.0,3537.95
7663.88,71.99,98,2.425,3537.95
7663.88,72.83,98,0.0,3537.95
7663.88,72.92,98,1.225,3537.95
7663.88,72.4,90,0.0,3537.95
7663.88,72.36,90,0.0,3537.95
7663.88,72.65,97,1.175,3537.95
7663.88,72.52,97,0.0,3537.95
7663.88,72.85,98,0.0,3537.95
7663.88,72.72,98,0.0,3537.95
7663.88,72.66,98,1.2125,3537.95
7663.88,72.66,98,0.0,3537.95
7663.88,71.78,98,0.0,3537.95
7663.88,71.41,98,1.2125,3537.95
7663.88,71.41,98,1.2125,3537.95
7663.88,72.07,98,0.0,3537.95
7663.88,72.13,98,1.2125,3537.95
7663.88,72.12,97,0.0,3537.95
7663.88,71.96,97,0.0,3537.95
7663.88,71.82,98,1.2125,3537.95
7663.88,71.72,98,0.0,3537.95
7663.88,71.62,98,1.2125,3537.95
7663.88,71.6,98,1.2125,3537.95
7663.88,72.2,89,0.0,3537.95
7663.88,72.28,89,0.0,3537.95
7663.88,72.09,100,1.2125,3537.95
7663.88,72.28,100,0.0,3537.95
7663.88,71.89,99,0.0,3537.95
7663.88,71.66,99,1.2,3537.95
7663.88,71.93,98,0.0,3537.95
7663.88,71.72,98,0.0,3537.95
7663.88,71.73,98,1.2125,3537.95
7663.88,71.62,98,0.0,3537.95
7663.88,70.9,98,0.0,3537.95
7663.88,70.93,98,0.0,3537.95
7663.88,71.38,98,1.2125,3537.95
7663.88,71.2,97,0.0,3537.95
7663.88,71.75,97,0.0,3537.95
7663.88,72.01,98,1.2125,3537.95
7663.88,71.98,98,1.2125,3537.95
7663.88,72.09,98,0.0,3537.95
7663.88,72.33,98,0.0,3537.95
7663.88,72.48,98,1.2125,3537.95
7663.88,72.58,98,0.0,3537.95
7663.88,72.44,97,0.0,3537.95
7663.88,72.39,98,1.175,3537.95
7663.88,72.66,98,0.0,3537.95
7663.88,72.52,98,0.0,3537.95
7663.88,72.46,98,1.2,3537.95
7663.88,72.31,98,0.0,3537.95
7663.88,72.31,98,0.0,3537.95
7663.88,72.33,98,0.0,3537.95
7663.88,71.85,98,2.4875,3537.95
7663.88,68.71,98,0.0,3537.95
7663.88,68.63,89,0.0,3537.95
7663.88,68.94,89,0.0,3537.95
7663.88,68.85,100,1.2375,3537.95
7663.88,69.12,100,0.0,3537.95
7663.88,69.14,95,0.0,3537.95
7663.88,69.43,95,1.2375,3537.95
7663.88,69.48,98,0.0,3537.95
7663.88,69.31,98,1.2375,3537.95
7663.88,69.11,98,0.0,3537.95
7663.88,69.32,98,1.25,3537.95
7663.88,72.42,98,0.0,3537.95
7663.88,72.22,97,0.0,3537.95
7663.88,72.26,97,1.2375,3537.95
7663.88,72.13,98,0.0,3537.95
7663.88,72.22,98,0.0,3537.95
7663.88,72.11,98,1.2375,3537.95
7663.88,71.78,98,0.0,3537.95
7663.88,71.96,98,0.0,3537.95
7663.88,71.97,98,0.0,3537.95
7663.88,71.99,98,1.2375,3537.95
7663.88,72.03,98,0.0,3537.95
7663.88,72.25,98,0.0,3537.95
7663.88,72.24,97,0.0,3537.95
7663.88,72.74,97,1.25,3537.95
7663.88,72.74,97,0.0,3537.95
7663.88,72.65,97,0.0,3537.95
7663.88,72.57,98,1.25,3537.95
7663.88,72.42,98,0.0,3537.95
7663.88,72.22,98,0.0,3537.95
7663.88,72.11,98,0.0,3537.95
7663.88,71.9,96,1.2375,3537.95
7663.88,71.79,98,0.0,3537.95
7663.88,71.61,98,0.0,3537.95
7663.88,71.61,98,1.25,3537.95
7663.88,71.58,98,1.25,3537.95
7663.88,71.56,98,0.0,3537.95
7663.88,71.75,98,0.0,3537.95
7663.88,71.6,98,2.4875,3537.95
7663.88,72.57,98,0.0,3537.95
7663.88,72.66,98,0.0,3537.95
7663.88,72.48,87,1.225,3537.95
7663.88,72.48,87,0.0,3537.95
7663.88,72.45,97,0.0,3537.95
7663.88,72.93,97,0.0,3537.95
7663.88,73.02,97,1.2125,3537.95
7663.88,73.35,97,0.0,3537.95
7663.88,73.22,97,0.0,3537.95
7663.88,73.2,95,1.2,3537.95
7663.88,71.85,95,0.0,3537.95
7663.88,71.99,97,1.2125,3537.95
7663.88,70.86,97,1.2125,3537.95
7663.88,70.81,97,1.2125,3537.95
7663.88,71.9,97,0.0,3537.95
7663.88,71.9,89,1.2,3537.95
7663.88,71.42,89,0.0,3537.95
7663.88,71.47,98,0.0,3537.95
7663.88,71.42,98,1.2125,3537.95
7663.88,72.71,97,0.0,3537.95
7663.88,72.48,97,0.0,3537.95
7663.88,72.8,97,1.2125,3537.95
7663.88,72.91,97,0.0,3537.95
7663.88,73.36,97,1.2125,3537.95
7663.88,72.46,97,0.0,3537.95
7663.88,72.36,97,0.0,3537.95
7663.88,72.8,95,1.2,3537.95
7663.88,72.85,95,0.0,3537.95
7663.88,72.61,95,0.0,3537.95
7663.88,72.7,97,1.2125,3537.95
7663.88,72.5,97,0.0,3537.95
7663.88,72.59,97,0.0,3537.95
7663.88,72.59,97,1.2,3537.95
7663.88,72.8,98,0.0,3537.95
7663.88,72.72,98,0.0,3537.95
7663.88,72.94,95,0.0,3537.95
7663.88,72.94,95,1.2125,3537.95
7663.88,72.83,98,0.0,3537.95
7663.88,72.92,98,1.2125,3537.95
7663.88,72.8,98,0.0,3537.95
7663.88,72.8,98,0.0,3537.95
7663.88,72.56,98,1.2125,3537.95
7663.88,72.61,98,1.2125,3537.95
7663.88,72.68,98,0.0,3537.95
7663.88,72.54,96,0.0,3537.95
7663.88,72.64,96,1.2125,3537.95
7663.88,72.5,98,0.0,3537.95
7663.88,72.69,98,0.0,3537.95
7663.88,72.61,98,1.2125,3537.95
7663.88,72.51,98,0.0,3537.95
7663.88,72.31,97,0.0,3537.95
7663.88,72.45,97,2.4375,3537.95
7663.88,74.45,88,0.0,3537.95
7663.88,73.74,88,0.0,3537.95
7663.88,73.95,100,0.0,3537.95
7663.88,73.39,100,1.2125,3537.95
7663.88,73.45,95,0.0,3537.95
7663.88,73.31,95,0.0,3537.95
7663.88,73.45,95,0.0,3537.95
7663.88,73.47,95,1.1875,3537.95
7663.88,73.57,97,0.0,3537.95
7663.88,73.77,97,1.1875,3537.95
7663.88,73.74,97,0.0,3537.95
7663.88,71.6,97,0.0,3537.95
7663.88,72.13,96,0.0,3537.95
7663.88,71.89,96,0.0,3537.95
7663.88,72.48,97,1.25,3537.95
7663.88,72.18,96,0.0,3537.95
7663.88,72.36,96,0.0,3537.95
7663.88,72.06,97,0.0,3537.95
7663.88,71.88,97,1.2375,3537.95
7663.88,71.83,97,0.0,3537.95
7663.88,71.58,97,0.0,3537.95
7663.88,71.74,97,1.25,3537.95
7663.88,71.72,97,0.0,3537.95
7663.88,72.07,96,0.0,3537.95
7663.88,72.01,96,0.0,3537.95
7663.88,72.25,97,1.25,3537.95
7663.88,72.03,97,1.25,3537.95
7663.88,72.07,97,0.0,3537.95
7663.88,71.92,97,0.0,3537.95
7663.88,72.01,97,1.25,3537.95
7663.88,71.74,97,0.0,3537.95
7663.88,71.74,97,0.0,3537.95
7663.88,71.93,97,0.0,3537.95
7663.88,71.11,97,1.25,3537.95
7663.88,71.54,96,0.0,3537.95
7663.88,71.53,96,0.0,3537.95
7663.88,71.6,98,1.2375,3537.95
7663.88,71.42,98,0.0,3537.95
7663.88,71.66,98,1.25,3537.95
7663.88,69.22,98,0.0,3537.95
7663.88,69.17,91,0.0,3537.95
7663.88,69.12,99,1.25,3537.95
7663.88,68.22,99,0.0,3537.95
7663.88,69.36,98,0.0,3537.95
7663.88,69.45,98,1.2375,3537.95
7663.88,69.37,97,0.0,3537.95
7663.88,69.34,97,0.0,3537.95
7663.88,69.23,98,0.0,3537.95
7663.88,69.17,98,1.2375,3537.95
7663.88,71.49,98,0.0,3537.95
7663.88,71.56,98,0.0,3537.95
7663.88,71.43,98,1.2375,3537.95
7663.88,72.56,98,0.0,3537.95
7663.88,72.54,98,0.0,3537.95
7663.88,72.71,97,1.2375,3537.95
7663.88,72.6,97,0.0,3537.95
7663.88,72.51,98,1.2375,3537.95
7663.88,72.49,98,0.0,3537.95
7663.88,72.45,98,1.2125,3537.95
7663.88,72.26,98,0.0,3537.95
7663.88,71.92,98,0.0,3537.95
7663.88,71.93,98,0.0,3537.95
7663.88,72.24,98,1.2125,3537.95
7663.88,72.24,96,0.0,3537.95
7663.88,72.18,96,0.0,3538.07
7663.88,72.18,98,1.2125,3538.07
7663.88,71.91,98,0.0,3538.07
7663.88,71.91,98,0.0,3538.07
7663.88,71.79,98,0.0,3538.07
7663.88,71.9,98,1.2125,3538.07
7663.88,71.8,98,0.0,3538.07
7663.88,72.19,97,0.0,3538.07
7663.88,72.21,97,1.2125,3538.07
7663.88,72.33,98,0.0,3538.07
7663.88,72.34,98,0.0,3538.07
7663.88,72.61,98,0.0,3538.07
7663.88,72.45,98,1.2125,3538.07
7663.88,72.45,97,1.2125,3538.07
7663.88,72.05,97,1.2125,3538.07
7663.88,71.98,93,0.0,3538.07
7663.88,71.98,93,1.2125,3538.07
7663.88,70.84,98,0.0,3538.07
7663.88,70.86,98,0.0,3538.07
7663.88,71.04,98,1.2125,3538.07
7663.88,71.08,98,0.0,3538.07
7663.88,70.96,98,0.0,3538.07
7663.88,70.62,98,0.0,3538.07
7663.88,70.62,98,1.2125,3538.07
7663.88,70.64,98,0.0,3538.07
7663.88,70.31,97,1.2125,3538.07
7663.88,70.38,97,0.0,3538.07
7663.88,71.56,92,1.2125,3538.07
7663.88,72.5,92,0.0,3538.07
7663.88,72.5,100,0.0,3538.07
7663.88,72.79,100,1.2,3538.07
7663.88,72.79,100,0.0,3538.07
7663.88,72.77,97,0.0,3538.07
7663.88,72.75,97,0.0,3538.07
7663.88,73.03,97,1.225,3538.07
7663.88,73.03,97,0.0,3538.07
7663.88,73.52,98,0.0,3538.07
7663.88,72.42,98,0.0,3538.07
7663.88,72.54,98,0.0,3538.07
7663.88,72.78,98,1.225,3538.07
7663.88,72.42,98,0.0,3538.07
7663.88,71.88,98,0.0,3538.07
7663.88,71.36,97,0.0,3538.07
7663.88,71.63,97,1.225,3538.07
7663.88,71.53,98,0.0,3538.07
7663.88,71.49,98,0.0,3538.07
7663.88,71.41,98,1.2125,3538.07
7663.88,71.6,98,1.2125,3538.07
7663.88,71.75,98,0.0,3538.07
7663.88,71.77,98,1.2125,3538.07
7663.88,71.7,98,0.0,3538.07
7663.88,71.58,98,0.0,3538.07
7663.88,71.72,97,1.2125,3538.07
7663.88,72.81,97,1.2125,3538.07
7663.88,71.88,89,0.0,3538.07
7663.88,71.82,89,0.0,3538.07
7663.88,71.51,98,1.2125,3538.07
7663.88,71.63,98,0.0,3538.07
7663.88,71.99,98,0.0,3538.07
7663.88,71.99,98,0.0,3538.07
7663.88,72.14,98,1.2125,3538.07
7663.88,71.98,98,0.0,3538.07
7663.88,72.05,98,0.0,3538.07
7663.88,72.15,98,1.2125,3538.07
7663.88,71.5,96,0.0,3538.07
7663.88,72.0,98,0.0,3538.07
7663.88,71.69,98,1.2125,3538.07
7663.88,72.18,98,0.0,3538.07
7663.88,72.01,98,1.2125,3538.07
7663.88,71.86,98,0.0,3538.07
7663.88,71.74,98,0.0,3538.07
7663.88,71.66,98,1.2125,3538.07
7663.88,71.63,98,0.0,3538.07
7663.88,71.78,97,0.0,3538.07
7663.88,71.86,97,1.2125,3538.07
7663.88,71.91,98,1.2125,3538.07
7663.88,73.74,98,0.0,3538.07
7663.88,73.62,92,0.0,3538.07
7663.88,73.57,92,0.0,3538.07
7663.88,73.63,100,1.2125,3538.07
7663.88,73.7,100,0.0,3538.07
7663.88,73.96,97,0.0,3538.07
7663.88,73.96,97,1.2125,3538.07
7663.88,74.07,98,0.0,3538.07
7663.88,73.91,98,0.0,3538.07
7663.88,73.98,98,1.2125,3538.2
7663.88,72.53,98,0.0,3538.2
7663.88,72.45,97,0.0,3538.2
7663.88,72.45,97,0.0,3538.2
7663.88,72.49,98,1.2125,3538.2
7663.88,72.16,98,0.0,3538.2
7663.88,72.11,98,0.0,3538.2
7663.88,71.85,98,1.2125,3538.2
7663.88,71.55,98,1.2125,3538.2
7663.88,71.55,98,0.0,3538.2
7663.88,71.77,98,0.0,3538.2
7663.88,71.38,98,0.0,3538.2
7663.88,71.51,97,1.225,3538.2
7663.88,71.55,97,0.0,3538.2
7663.88,71.59,98,0.0,3538.2
7663.88,71.54,98,1.2125,3538.2
7663.88,71.82,98,0.0,3538.2
7663.88,72.03,98,0.0,3538.2
7663.88,72.02,98,1.2125,3538.2
7663.88,72.13,98,0.0,3538.2
7663.88,72.07,98,0.0,3538.2
7663.88,72.28,97,1.2125,3538.2
7663.88,73.93,97,0.0,3538.2
7663.88,73.36,92,1.2125,3538.2
7663.88,73.23,92,0.0,3538.2
7663.88,73.23,98,0.0,3538.2
7663.88,73.57,98,0.0,3538.2
7663.88,73.59,98,1.2125,3538.2
7663.88,73.6,98,0.0,3538.2
7663.88,73.17,97,0.0,3538.2
7663.88,73.21,97,0.0,3538.2
7663.88,73.14,98,1.2125,3538.2
7663.88,73.1,98,0.0,3538.2
7663.88,71.2,98,0.0,3538.2
7663.88,71.36,98,1.2125,3538.2
7663.88,71.43,98,0.0,3538.2
7663.88,71.39,98,0.0,3538.2
7663.88,71.24,98,2.4375,3538.2
7663.88,70.56,98,0.0,3538.2
7663.88,70.91,97,0.0,3538.2
7663.88,71.17,97,1.2125,3538.2
7663.88,71.4,98,0.0,3538.2
7663.88,71.41,98,0.0,3538.2
7663.88,71.56,98,0.0,3538.2
7663.88,71.52,98,1.2125,3538.2
7663.88,71.9,98,0.0,3538.2
7663.88,71.9,97,1.1625,3538.2
7663.88,72.1,97,0.0,3538.2
7663.88,72.73,97,0.0,3538.2
7663.88,72.6,97,1.225,3538.2
7663.88,72.77,98,0.0,3538.2
7663.88,72.64,98,0.0,3538.2
7663.88,72.24,98,1.2125,3538.2
7663.88,72.2,98,0.0,3538.2
7663.88,72.12,98,0.0,3538.2
7663.88,72.17,98,1.2125,3538.2
7663.88,72.1,97,0.0,3538.2
7663.88,72.02,97,0.0,3538.2
7663.88,71.86,98,0.0,3538.2
7663.88,71.83,98,1.2125,3538.2
7663.88,73.31,91,1.2125,3538.2
7663.88,72.31,91,0.0,3538.2
7663.88,72.02,100,0.0,3538.2
7663.88,72.01,100,1.2125,3538.2
7663.88,72.24,97,0.0,3538.2
7663.88,72.77,97,1.2125,3538.2
7663.88,72.89,97,1.2125,3538.2
7663.88,73.17,97,0.0,3538.2
7663.88,73.16,98,0.0,3538.2
7663.88,73.26,98,1.2125,3538.2
7663.88,73.23,98,0.0,3538.2
7663.88,71.4,98,0.0,3538.2
7663.88,72.08,98,1.2125,3538.2
7663.88,72.04,97,0.0,3538.2
7663.88,71.96,97,0.0,3538.2
7663.88,71.77,98,0.0,3538.2
7663.88,71.52,98,1.2125,3538.2
7663.88,71.37,98,0.0,3538.2
7663.88,71.28,98,0.0,3538.2
7663.88,71.29,98,1.2125,3538.2
7663.88,71.08,98,0.0,3538.2
7663.88,71.23,98,0.0,3538.2
7663.88,70.64,98,0.0,3538.2
7663.88,71.01,97,1.2125,3538.2
7663.88,71.41,97,0.0,3538.2
7663.88,71.45,97,0.0,3538.2
7663.88,71.34,98,1.2125,3538.2
7663.88,71.61,98,0.0,3538.2
7663.88,71.61,98,0.0,3538.2
7663.88,71.59,98,0.0,3538.2
7663.88,71.74,98,1.225,3538.2
7663.88,71.51,97,0.0,3538.2
7663.88,71.55,97,0.0,3538.2
7663.88,72.48,98,0.0,3538.2
7663.88,72.48,98,2.425,3538.2
7663.88,72.58,98,0.0,3538.2
7663.88,72.56,98,0.0,3538.2
7663.88,69.48,98,1.2125,3538.2
7663.88,69.48,98,0.0,3538.2
7663.88,68.75,92,1.2125,3538.2
7663.88,68.84,92,0.0,3538.2
7663.88,68.84,100,0.0,3538.2
7663.88,68.45,100,0.0,3538.2
7663.88,68.78,97,0.0,3538.2
7663.88,68.71,97,0.0,3538.2
7663.88,69.0,98,1.225,3538.2
7663.88,68.85,98,0.0,3538.2
7663.88,68.73,98,0.0,3538.2
7663.88,68.9,98,0.0,3538.2
7663.88,71.78,98,1.2125,3538.2
7663.88,72.07,98,0.0,3538.2
7663.88,72.18,97,0.0,3538.2
7663.88,71.89,97,1.2125,3538.2
7663.88,72.41,98,1.2125,3538.2
7663.88,72.21,98,0.0,3538.2
7663.88,72.38,98,0.0,3538.2
7663.88,72.03,98,0.0,3538.2
7663.88,72.21,98,0.0,3538.2
7663.88,72.16,97,1.2375,3538.2
7663.88,72.18,97,0.0,3538.2
7663.88,71.77,98,0.0,3538.2
7663.88,71.64,98,0.0,3538.2
7663.88,72.03,98,0.0,3538.2
7663.88,72.03,98,1.225,3538.2
7663.88,72.06,98,0.0,3538.2
7663.88,71.87,98,1.225,3538.2
7663.88,72.84,92,0.0,3538.2
7663.88,72.72,92,0.0,3538.2
7663.88,72.24,100,0.0,3538.2
7663.88,72.12,100,1.225,3538.2
7663.88,72.55,97,0.0,3538.2
7663.88,72.73,97,0.0,3538.2
7663.88,73.11,98,0.0,3538.2
7663.88,73.17,98,0.0,3538.2
7663.88,73.29,97,1.225,3538.2
7663.88,73.19,97,0.0,3538.2
7663.88,73.29,98,0.0,3538.2
7663.88,72.32,98,0.0,3538.2
7663.88,72.26,98,0.0,3538.2
7663.88,72.65,98,1.2375,3538.2
7663.88,72.64,98,0.0,3538.2
7663.88,72.44,98,0.0,3538.2
7663.88,72.66,97,1.225,3538.2
7663.88,72.59,97,0.0,3538.2
7663.88,72.31,97,1.225,3538.2
7663.88,72.18,98,0.0,3538.2
7663.88,72.1,98,0.0,3538.2
7663.88,71.68,98,0.0,3538.2
7663.88,71.68,98,0.0,3538.2
7663.88,71.72,98,0.0,3538.2
7663.88,71.88,98,1.225,3538.2
7663.88,71.91,98,0.0,3538.2
7663.88,71.84,97,0.0,3538.2
7663.88,71.83,97,0.0,3538.2
7663.88,72.12,98,1.225,3538.2
7663.88,72.12,98,0.0,3538.2
7663.88,71.97,98,0.0,3538.2
7663.88,72.14,98,0.0,3538.2
7663.88,72.03,98,0.0,3538.2
7663.88,71.95,98,1.2375,3538.2
7663.88,71.95,97,0.0,3538.2
7663.88,72.3,97,0.0,3538.2
7663.88,72.31,98,0.0,3538.2
7663.88,72.42,98,0.0,3538.2
7663.88,72.33,98,1.225,3538.2
7663.88,72.98,98,0.0,3538.2
7663.88,72.53,95,0.0,3538.2
7663.88,72.28,95,1.2375,3538.2
7663.88,72.01,98,0.0,3538.2
7663.88,72.01,98,0.0,3538.2
7663.88,72.18,97,0.0,3538.2
7663.88,72.56,97,0.0,3538.2
7663.88,72.56,98,0.0,3538.2
7663.88,72.47,98,0.0,3538.2
7663.88,72.64,98,1.225,3538.2
7663.88,71.8,98,0.0,3538.2
7663.88,71.8,98,1.2375,3538.2
7663.88,71.92,97,0.0,3538.2
7663.88,72.25,97,0.0,3538.2
7663.88,72.85,98,0.0,3538.2
7663.88,72.64,98,1.225,3538.2
7663.88,72.58,98,0.0,3538.2
7663.88,72.48,98,0.0,3538.2
7663.88,72.55,98,0.0,3538.2
7663.88,72.31,98,0.0,3538.2
7663.88,72.06,98,1.225,3538.2
7663.88,72.04,98,0.0,3538.2
7663.88,72.0,97,0.0,3538.2
7663.88,72.08,97,0.0,3538.2
7663.88,72.0,98,0.0,3538.2
7663.88,71.88,98,1.225,3538.2
7663.88,71.83,98,0.0,3538.2
7663.88,72.19,98,0.0,3538.2
7663.88,72.08,98,0.0,3538.2
7663.88,72.12,98,0.0,3538.2
7663.88,71.84,98,1.225,3538.2
7663.88,72.15,98,0.0,3538.2
7663.88,72.16,96,0.0,3538.2
7663.88,72.47,96,0.0,3538.2
7663.88,72.48,98,0.0,3538.2
7663.88,72.34,98,1.225,3538.2
7663.88,72.41,98,0.0,3538.2
7663.88,73.88,98,1.225,3538.2
7663.88,73.65,91,0.0,3538.2
7663.88,73.58,91,0.0,3538.2
7663.88,73.64,100,0.0,3538.2
7663.88,73.55,100,1.2375,3538.2
7663.88,73.55,97,0.0,3538.2
7663.88,73.69,97,0.0,3538.2
7663.88,73.66,98,1.2125,3538.2
7663.88,73.81,98,0.0,3538.2
7663.88,73.85,98,0.0,3538.2
7663.88,74.05,98,0.0,3538.2
7663.88,72.2,98,1.2375,3538.2
7663.88,72.2,98,0.0,3538.2
7663.88,71.94,97,0.0,3538.2
7663.88,71.94,97,0.0,3538.2
7663.88,72.08,98,1.2375,3538.2
7663.88,72.03,98,1.2375,3538.2
7663.88,72.07,98,0.0,3538.2
7663.88,72.04,98,0.0,3538.2
7663.88,72.11,97,1.2375,3538.2
7663.88,72.11,97,0.0,3538.2
7663.88,72.04,98,0.0,3538.2
7663.88,71.85,95,1.225,3538.2
7663.88,71.81,95,0.0,3538.2
7663.88,71.76,98,1.25,3538.2
7663.88,72.07,98,0.0,3538.2
7663.88,72.89,94,0.0,3538.2
7663.88,72.29,94,1.2375,3538.2
7663.88,72.39,97,0.0,3538.2
7663.88,72.53,97,0.0,3538.2
7663.88,72.66,98,1.2375,3538.2
7663.88,72.81,98,0.0,3538.2
7663.88,72.86,98,0.0,3538.2
7663.88,72.81,98,0.0,3538.2
7663.88,73.16,98,1.2375,3538.2
7663.88,73.17,98,0.0,3538.2
7663.88,72.37,96,0.0,3538.2
7663.88,72.21,96,0.0,3538.2
7663.88,72.68,97,1.2375,3538.2
7663.88,72.37,97,0.0,3538.2
7663.88,72.44,96,0.0,3538.2
7663.88,72.44,96,0.0,3538.2
7663.88,71.93,96,1.2375,3538.2
7663.88,71.82,97,1.2375,3538.2
7663.88,72.13,97,1.2375,3538.2
7663.88,72.14,95,0.0,3538.2
7663.88,72.14,95,1.2375,3538.2
7663.88,72.19,92,0.0,3538.2
7663.88,72.03,98,0.0,3538.2
7663.88,72.06,98,0.0,3538.2
7663.88,72.32,97,1.225,3538.2
7663.88,72.67,97,0.0,3538.2
7663.88,72.75,97,0.0,3538.2
7663.88,72.79,97,0.0,3538.2
7663.88,72.66,96,0.0,3538.2
7663.88,72.57,96,0.0,3538.2
7663.88,71.73,95,1.2375,3538.2
7663.88,71.52,95,0.0,3538.2
7663.88,71.59,97,0.0,3538.2
7663.88,72.04,97,1.25,3538.2
7663.88,71.96,97,0.0,3538.2
7663.88,71.97,97,0.0,3538.2
7663.88,71.59,97,1.2375,3538.2
7663.88,71.67,97,0.0,3538.2
7663.88,71.6,94,0.0,3538.2
7663.88,71.95,94,0.0,3538.2
7663.88,71.58,97,1.2375,3538.2
7663.88,72.21,97,1.25,3538.2
7663.88,72.88,87,1.2375,3538.2
7663.88,72.84,87,0.0,3538.2
7663.88,72.9,100,0.0,3538.2
7663.88,72.78,100,0.0,3538.2
7663.88,72.81,100,1.2375,3538.2
7663.88,72.81,100,0.0,3538.2
7663.88,72.44,97,1.2375,3538.2
7663.88,72.83,97,0.0,3538.2
7663.88,72.72,97,0.0,3538.2
7663.88,72.72,97,0.0,3538.2
7663.88,73.02,96,1.2375,3538.2
7663.88,72.55,96,0.0,3538.2
7663.88,72.55,96,0.0,3538.2
7663.88,72.08,96,1.25,3538.2
7663.88,72.09,98,0.0,3538.2
7663.88,71.67,98,0.0,3538.2
7663.88,71.78,98,1.25,3538.2
7663.88,72.03,98,0.0,3538.2
7663.88,71.87,97,0.0,3538.2
7663.88,71.85,97,0.0,3538.2
7663.88,71.86,97,1.25,3538.2
7663.88,71.89,97,0.0,3538.2
7663.88,71.9,96,0.0,3538.2
7663.88,72.45,96,1.2375,3538.2
7663.88,72.17,97,0.0,3538.2
7663.88,72.1,97,0.0,3538.2
7663.88,72.11,97,1.2375,3538.2
7663.88,72.23,97,1.2375,3538.2
7663.88,72.18,97,1.25,3538.2
7663.88,70.83,97,0.0,3538.2
7663.88,70.69,92,0.0,3538.2
7663.88,70.31,92,1.225,3538.2
7663.88,70.21,99,0.0,3538.2
7663.88,70.32,97,0.0,3538.2
7663.88,70.41,97,1.2125,3538.2
7663.88,70.48,98,0.0,3538.2
7663.88,70.4,98,0.0,3538.2
7663.88,70.5,98,0.0,3538.2
7663.88,70.37,98,1.2125,3538.2
7663.88,70.37,98,0.0,3538.2
7663.88,71.67,98,0.0,3538.2
7663.88,71.65,97,1.2125,3538.2
7663.88,72.03,97,0.0,3538.2
7663.88,71.79,98,0.0,3538.2
7663.88,71.7,98,0.0,3538.2
7663.88,71.69,98,1.225,3538.2
7663.88,71.78,98,0.0,3538.2
7663.88,71.83,98,0.0,3538.2
7663.88,72.2,98,0.0,3538.2
7663.88,72.11,98,0.0,3538.2
7663.88,72.17,97,1.2375,3538.2
7663.88,72.18,97,0.0,3538.2
7663.88,72.18,98,0.0,3538.2
7663.88,72.49,98,0.0,3538.2
7663.88,72.53,98,1.225,3538.2
7663.88,72.39,98,0.0,3538.2
7663.88,72.39,98,0.0,3538.2
7663.88,72.44,98,0.0,3538.2
7663.88,72.46,98,1.225,3538.2
7663.88,72.28,97,0.0,3538.2
7663.88,72.2,97,0.0,3538.2
7663.88,72.04,98,0.0,3538.2
7663.88,72.04,98,2.4375,3538.2
7663.88,72.08,98,0.0,3538.2
7663.88,72.08,98,0.0,3538.2
7663.88,72.04,98,1.2375,3538.2
7663.88,72.11,98,1.2125,3538.2
7663.88,71.35,89,0.0,3538.2
7663.88,70.81,89,1.2125,3538.2
7663.88,71.03,100,0.0,3538.2
7663.88,70.66,100,0.0,3538.2
7663.88,70.88,97,1.2125,3538.2
7663.88,71.12,97,0.0,3538.2
7663.88,71.37,96,0.0,3538.2
7663.88,71.37,96,0.0,3538.2
7663.88,71.42,97,1.2125,3538.2
7663.88,71.37,97,0.0,3538.2
7663.88,71.31,97,0.0,3538.2
7663.88,72.21,97,1.2125,3538.2
7663.88,72.55,97,0.0,3538.2
7663.88,72.45,97,0.0,3538.2
7663.88,72.85,97,2.425,3538.2
7663.88,72.2,97,0.0,3538.2
7663.88,71.32,89,1.2125,3538.2
7663.88,71.15,98,0.0,3538.2
7663.88,70.48,98,0.0,3538.2
7663.88,70.67,98,1.2125,3538.2
7663.88,70.67,98,0.0,3538.2
7663.88,70.65,97,0.0,3538.2
7663.88,70.83,97,1.2125,3538.2
7663.88,70.66,98,0.0,3538.2
7663.88,70.85,98,0.0,3538.2
7663.88,71.41,97,0.0,3538.2
7663.88,72.03,97,1.2125,3538.2
7663.88,71.95,97,0.0,3538.2
7663.88,72.69,97,0.0,3538.2
7663.88,72.54,97,1.2125,3538.2
7663.88,72.61,97,0.0,3538.2
7663.88,72.49,97,0.0,3538.2
7663.88,72.36,97,1.2125,3538.2
7663.88,72.27,97,0.0,3538.2
7663.88,72.39,97,0.0,3538.2
7663.88,72.05,97,1.2125,3538.2
7663.88,72.2,97,0.0,3538.2
7663.88,72.21,96,0.0,3538.2
7663.88,72.45,97,1.175,3538.2
7663.88,72.23,97,0.0,3538.2
7663.88,72.07,97,0.0,3538.2
7663.88,72.07,97,1.2125,3538.2
7663.88,71.94,97,0.0,3538.2
7663.88,71.88,97,0.0,3538.2
7663.88,71.99,97,0.0,3538.2
7663.88,71.95,97,2.3375,3538.2
7663.88,71.73,98,0.0,3538.2
7663.88,71.61,98,0.0,3538.2
7663.88,71.5,98,1.2125,3538.2
7663.88,71.5,97,0.0,3538.2
7663.88,71.52,98,0.0,3538.2
7663.88,71.34,98,2.425,3538.2
7663.88,73.58,87,0.0,3538.2
7663.88,73.3,87,0.0,3538.2
7663.88,73.45,100,0.0,3538.2
7663.88,73.6,100,1.2125,3538.2
7663.88,73.97,95,0.0,3538.2
7663.88,74.33,95,0.0,3538.2
7663.88,74.47,95,1.2125,3538.2
7663.88,74.47,95,0.0,3538.2
7663.88,74.5,97,0.0,3538.2
7663.88,74.55,97,0.0,3538.2
7663.88,74.84,97,1.2,3538.2
7663.88,72.88,97,0.0,3538.2
7663.88,72.88,97,0.0,3538.2
7663.88,73.0,97,1.2,3538.2
7663.88,73.01,97,0.0,3538.2
7663.88,72.86,97,0.0,3538.2
7663.88,72.87,95,2.4125,3538.2
7663.88,72.92,95,0.0,3538.2
7663.88,72.88,97,0.0,3538.2
7663.88,72.73,97,1.2125,3538.2
7663.88,72.92,97,0.0,3538.2
7663.88,72.71,97,0.0,3538.2
7663.88,72.63,97,1.2125,3538.2
7663.88,72.56,97,0.0,3538.2
7663.88,72.83,97,0.0,3538.2
7663.88,72.72,97,0.0,3538.2
7663.88,72.81,96,1.225,3538.2
7663.88,72.51,96,0.0,3538.2
7663.88,72.47,97,0.0,3538.2
7663.88,72.61,97,1.2125,3538.2
7663.88,72.45,97,0.0,3538.2
7663.88,72.39,97,0.0,3538.2
7663.88,72.43,97,0.0,3538.2
7663.88,72.66,97,1.2125,3538.2
7663.88,72.55,97,0.0,3538.2
7663.88,72.68,97,0.0,3538.2
7663.88,72.6,97,1.225,3538.2
7663.88,72.34,98,0.0,3538.2
7663.88,69.52,98,2.4375,3538.2
7663.88,69.28,90,0.0,3538.2
7663.88,69.18,90,1.2,3538.2
7663.88,68.5,99,0.0,3538.2
7663.88,68.93,99,1.2125,3538.2
7663.88,69.26,98,0.0,3538.2
7663.88,69.17,98,0.0,3538.2
7663.88,69.25,97,1.225,3538.2
7663.88,68.95,97,0.0,3538.2
7663.88,68.75,98,0.0,3538.2
7663.88,68.91,98,1.2125,3538.2
7663.88,71.79,98,0.0,3538.2
7663.88,71.72,97,0.0,3538.2
7663.88,72.29,97,0.0,3538.2
7663.88,72.18,97,1.2125,3538.2
7663.88,72.18,98,0.0,3538.2
7663.88,72.1,98,0.0,3538.2
7663.88,72.25,97,0.0,3538.2
7663.88,72.16,97,1.2375,3538.2
7663.88,72.35,97,0.0,3538.2
7663.88,72.39,97,0.0,3538.2
7663.88,72.07,98,1.2375,3538.2
7663.88,71.79,98,0.0,3538.2
7663.88,71.79,97,0.0,3538.2
7663.88,71.94,97,0.0,3538.2
7663.88,71.77,97,1.2375,3538.2
7663.88,71.78,97,0.0,3538.2
7663.88,71.5,97,0.0,3538.2
7663.88,71.49,97,1.2375,3538.2
7663.88,71.43,97,0.0,3538.2
7663.88,71.26,97,0.0,3538.2
7663.88,71.13,98,1.2375,3538.2
7663.88,71.47,97,0.0,3538.2
7663.88,71.52,97,0.0,3538.2
7663.88,71.93,97,0.0,3538.2
7663.88,72.17,97,1.2375,3538.2
7663.88,72.01,98,1.2375,3538.2
7663.88,72.31,98,0.0,3538.2
7663.88,69.83,98,1.25,3538.2
7663.88,69.6,90,1.25,3538.2
7663.88,69.45,90,0.0,3538.2
7663.88,68.62,100,0.0,3538.2
7663.88,68.77,100,0.0,3538.2
7663.88,69.08,97,1.25,3538.2
7663.88,69.12,97,0.0,3538.2
7663.88,69.12,98,0.0,3538.2
7663.88,69.27,98,0.0,3538.2
7663.88,69.27,97,1.2375,3538.2
7663.88,68.6,97,0.0,3538.2
7663.88,68.61,96,0.0,3538.2
7663.88,70.73,96,0.0,3538.2
7663.88,70.82,97,1.2375,3538.2
7663.88,70.76,97,0.0,3538.2
7663.88,71.72,97,0.0,3538.2
7663.88,71.65,98,1.2375,3538.2
7663.88,71.67,98,0.0,3538.2
7663.88,71.51,98,0.0,3538.2
7663.88,71.51,98,1.2375,3538.2
7663.88,71.41,97,0.0,3538.2
7663.88,72.09,97,0.0,3538.2
7663.88,71.94,98,1.2375,3538.2
7663.88,71.9,98,0.0,3538.2
7663.88,72.2,97,0.0,3538.2
7663.88,72.33,97,1.2375,3538.2
7663.88,72.25,98,0.0,3538.2
7663.88,72.24,98,0.0,3538.2
7663.88,72.23,98,0.0,3538.2
7663.88,72.27,97,0.0,3538.2
7663.88,71.98,97,1.2375,3538.2
7663.88,71.88,97,0.0,3538.2
7663.88,71.75,97,1.2375,3538.2
7663.88,71.75,98,0.0,3538.2
7663.88,71.75,98,0.0,3538.2
7663.88,71.92,97,1.2375,3538.2
7663.88,72.06,97,0.0,3538.2
7663.88,72.04,98,0.0,3538.2
7663.88,72.27,97,1.2375,3538.2
7663.88,72.19,97,1.2375,3538.2
7663.88,72.37,92,1.2,3538.2
7663.88,72.06,92,0.0,3538.2
7663.88,72.12,100,0.0,3538.2
7663.88,71.18,100,1.2375,3538.2
7663.88,71.9,95,0.0,3538.2
7663.88,72.02,95,0.0,3538.2
7663.88,72.05,96,1.2375,3538.2
7663.88,72.13,96,0.0,3538.32
7663.88,72.05,97,0.0,3538.32
7663.88,72.09,97,1.2375,3538.32
7663.88,72.02,97,0.0,3538.32
7663.88,72.0,97,0.0,3538.32
7663.88,72.09,97,0.0,3538.32
7663.88,72.91,97,1.225,3538.32
7663.88,72.86,96,0.0,3538.32
7663.88,72.59,96,0.0,3538.32
7663.88,72.66,97,1.2375,3538.32
7663.88,72.54,97,0.0,3538.32
7663.88,72.67,97,0.0,3538.32
7663.88,72.59,97,0.0,3538.32
7663.88,72.35,97,1.2375,3538.32
7663.88,72.35,97,0.0,3538.32
7663.88,72.14,97,0.0,3538.32
7663.88,72.14,97,0.0,3538.32
7663.88,72.14,96,1.2375,3538.32
7663.88,72.11,96,0.0,3538.32
7663.88,71.96,97,1.25,3538.32
7663.88,71.83,97,0.0,3538.32
7663.88,71.83,98,0.0,3538.32
7663.88,71.63,98,1.2375,3538.32
7663.88,71.49,98,0.0,3538.32
7663.88,71.54,98,0.0,3538.32
7663.88,71.38,98,0.0,3538.32
7663.88,71.62,98,1.25,3538.32
7663.88,71.99,98,0.0,3538.32
7663.88,71.78,98,0.0,3538.32
7663.88,71.72,98,0.0,3538.32
7663.88,71.79,98,1.2375,3538.32
7663.88,71.8,98,0.0,3538.32
7663.88,71.65,92,1.2375,3538.32
7663.88,71.24,92,0.0,3538.32
7663.88,71.3,98,1.25,3538.32
7663.88,71.81,98,0.0,3538.32
7663.88,71.81,98,0.0,3538.32
7663.88,71.77,98,0.0,3538.32
7663.88,71.88,98,1.225,3538.32
7663.88,71.95,97,0.0,3538.32
7663.88,71.97,97,0.0,3538.32
7663.88,72.25,98,0.0,3538.32
7663.88,72.2,98,1.25,3538.32
7663.88,71.87,98,0.0,3538.32
7663.88,71.64,98,0.0,3538.32
7663.88,72.12,98,1.2375,3538.32
7663.88,72.09,97,1.2375,3538.32
7663.88,72.06,97,0.0,3538.32
7663.88,72.12,98,0.0,3538.32
7663.88,72.19,98,1.2375,3538.32
7663.88,72.28,98,0.0,3538.32
7663.88,72.03,98,0.0,3538.32
7663.88,71.53,98,1.25,3538.32
7663.88,71.53,98,0.0,3538.32
7663.88,71.63,98,0.0,3538.32
7663.88,71.63,98,0.0,3538.32
7663.88,71.84,98,1.2375,3538.32
7663.88,71.8,97,0.0,3538.32
7663.88,71.76,97,0.0,3538.32
7663.88,71.41,97,0.0,3538.32
7663.88,71.68,97,1.25,3538.32
7663.88,71.54,97,0.0,3538.32
7663.88,71.41,93,2.4625,3538.32
7663.88,69.77,93,0.0,3538.32
7663.88,69.93,94,0.0,3538.32
7663.88,69.9,94,1.2,3538.32
7663.88,69.61,98,0.0,3538.32
7663.88,69.82,98,0.0,3538.32
7663.88,69.95,98,0.0,3538.32
7663.88,70.05,98,2.4,3538.32
7663.88,69.96,97,0.0,3538.32
7663.88,69.77,97,0.0,3538.32
7663.88,69.87,98,0.0,3538.32
7663.88,71.89,98,1.2125,3538.32
7663.88,71.92,93,0.0,3538.32
7663.88,72.04,93,0.0,3538.32
7663.88,72.62,96,1.2125,3538.32
7663.88,72.81,96,0.0,3538.32
7663.88,71.2,92,1.2,3538.32
7663.88,71.32,92,0.0,3538.32
7663.88,71.26,96,0.0,3538.32
7663.88,71.25,96,0.0,3538.32
7663.88,71.26,96,1.2125,3538.32
7663.88,71.17,96,0.0,3538.32
7663.88,70.63,97,0.0,3538.32
7663.88,70.9,97,1.2,3538.32
7663.88,70.65,96,0.0,3538.32
7663.88,70.93,96,0.0,3538.32
7663.88,70.85,96,1.2,3538.32
7663.88,72.41,96,0.0,3538.32
7663.88,71.86,97,0.0,3538.32
7663.88,71.61,97,1.2125,3538.32
7663.88,71.85,97,0.0,3538.32
7663.88,71.76,97,1.2125,3538.32
7663.88,71.95,97,0.0,3538.32
7663.88,71.83,97,1.2125,3538.32
7663.88,72.31,97,0.0,3538.32
7663.88,72.31,97,0.0,3538.32
7663.88,72.16,96,1.2125,3538.32
7663.88,71.84,96,0.0,3538.32
7663.88,71.84,97,2.4375,3538.32
7663.88,73.65,97,0.0,3538.32
7663.88,73.65,87,0.0,3538.32
7663.88,73.25,87,1.2125,3538.32
7663.88,73.21,100,0.0,3538.32
7663.88,73.36,100,0.0,3538.32
7663.88,73.36,96,1.2125,3538.32
7663.88,73.63,98,0.0,3538.32
7663.88,73.39,98,0.0,3538.32
7663.88,73.2,98,1.2125,3538.32
7663.88,73.3,98,0.0,3538.32
7663.88,73.14,98,0.0,3538.32
7663.88,71.37,98,2.3375,3538.32
7663.88,72.11,88,0.0,3538.32
7663.88,71.71,88,0.0,3538.32
7663.88,71.71,100,1.2125,3538.32
7663.88,71.81,100,0.0,3538.32
7663.88,71.79,100,0.0,3538.32
7663.88,71.81,100,1.2375,3538.32
7663.88,70.49,100,0.0,3538.32
7663.88,70.44,100,0.0,3538.32
7663.88,70.44,97,0.0,3538.32
7663.88,70.67,97,1.2375,3538.32
7663.88,70.7,97,0.0,3538.32
7663.88,70.6,97,0.0,3538.32
7663.88,71.2,98,0.0,3538.32
7663.88,71.22,98,1.2375,3538.32
7663.88,71.05,98,0.0,3538.32
7663.88,71.14,98,0.0,3538.32
7663.88,71.12,98,1.2375,3538.32
7663.88,70.8,98,0.0,3538.32
7663.88,72.23,97,0.0,3538.32
7663.88,72.08,97,1.2375,3538.32
7663.88,71.96,98,0.0,3538.32
7663.88,72.05,98,1.2375,3538.32
7663.88,71.94,98,0.0,3538.32
7663.88,72.25,98,1.25,3538.32
7663.88,72.3,98,0.0,3538.32
7663.88,72.41,98,0.0,3538.32
7663.88,71.81,98,1.2375,3538.32
7663.88,71.77,97,0.0,3538.32
7663.88,71.68,97,0.0,3538.32
7663.88,71.9,97,0.0,3538.32
7663.88,71.9,98,1.2375,3538.32
7663.88,73.6,98,1.2375,3538.32
7663.88,73.6,90,1.2375,3538.32
7663.88,73.44,90,0.0,3538.32
7663.88,73.34,100,0.0,3538.32
7663.88,73.29,100,0.0,3538.32
7663.88,73.28,96,1.25,3538.32
7663.88,73.65,96,0.0,3538.32
7663.88,73.8,98,0.0,3538.32
7663.88,73.9,98,0.0,3538.32
7663.88,73.92,98,1.25,3538.32
7663.88,74.11,98,0.0,3538.32
7663.88,74.19,97,0.0,3538.32
7663.88,72.39,98,0.0,3538.32
7663.88,72.42,98,2.4875,3538.32
7663.88,72.24,86,1.25,3538.32
7663.88,73.24,86,0.0,3538.32
7663.88,72.33,100,0.0,3538.32
7663.88,72.46,100,0.0,3538.32
7663.88,72.9,96,1.2125,3538.32
7663.88,73.21,96,1.25,3538.32
7663.88,72.98,98,0.0,3538.32
7663.88,72.96,98,0.0,3538.32
7663.88,72.9,98,1.2125,3538.32
7663.88,73.04,98,0.0,3538.32
7663.88,73.14,97,0.0,3538.32
7663.88,72.12,97,1.2125,3538.32
7663.88,72.73,91,1.2125,3538.32
7663.88,73.04,91,0.0,3538.32
7663.88,72.67,100,0.0,3538.32
7663.88,72.67,100,1.2,3538.32
7663.88,72.61,100,0.0,3538.32
7663.88,72.62,94,1.2,3538.32
7663.88,72.61,94,0.0,3538.32
7663.88,73.16,97,0.0,3538.32
7663.88,73.12,97,1.2125,3538.32
7663.88,73.32,95,0.0,3538.32
7663.88,73.25,97,0.0,3538.32
7663.88,73.25,97,0.0,3538.32
7663.88,72.54,96,1.2125,3538.32
7663.88,72.87,96,0.0,3538.32
7663.88,72.8,96,1.2125,3538.32
7663.88,72.84,96,0.0,3538.32
7663.88,72.94,96,0.0,3538.32
7663.88,73.11,96,0.0,3538.32
7663.88,72.73,97,2.425,3538.32
7663.88,72.83,97,0.0,3538.32
7663.88,72.65,97,0.0,3538.32
7663.88,72.63,97,1.225,3538.32
7663.88,72.61,97,0.0,3538.32
7663.88,72.94,97,0.0,3538.32
7663.88,73.09,97,1.2125,3538.32
7663.88,72.98,97,0.0,3538.32
7663.88,72.76,97,0.0,3538.32
7663.88,72.58,97,1.2125,3538.32
7663.88,72.42,97,0.0,3538.32
7663.88,72.1,97,0.0,3538.32
7663.88,71.75,97,0.0,3538.32
7663.88,71.77,98,1.2125,3538.32
7663.88,72.91,98,1.2125,3538.32
7663.88,72.63,92,0.0,3538.32
7663.88,71.88,92,0.0,3538.32
7663.88,71.86,97,1.2125,3538.32
7663.88,72.17,97,0.0,3538.32
7663.88,72.5,97,0.0,3538.32
7663.88,72.56,97,1.2125,3538.32
7663.88,72.66,97,0.0,3538.32
7663.88,72.73,97,0.0,3538.32
7663.88,73.16,96,0.0,3538.32
7663.88,73.27,96,0.0,3538.32
7663.88,72.17,96,1.2375,3538.32
7663.88,72.31,97,0.0,3538.32
7663.88,72.83,97,0.0,3538.32
7663.88,73.04,97,1.2375,3538.32
7663.88,73.04,97,0.0,3538.32
7663.88,72.76,97,0.0,3538.32
7663.88,72.4,96,0.0,3538.32
7663.88,72.51,96,1.2375,3538.32
7663.88,72.53,97,0.0,3538.32
7663.88,72.31,97,1.2375,3538.32
7663.88,72.06,98,1.2375,3538.32
7663.88,71.79,98,0.0,3538.32
7663.88,71.82,97,0.0,3538.32
7663.88,71.89,97,1.2375,3538.32
7663.88,71.78,97,0.0,3538.32
7663.88,71.13,97,0.0,3538.32
7663.88,70.99,96,0.0,3538.32
7663.88,70.99,96,1.25,3538.32
7663.88,70.92,97,0.0,3538.32
7663.88,70.73,97,0.0,3538.32
7663.88,70.81,97,1.2375,3538.32
7663.88,70.77,97,0.0,3538.32
7663.88,71.22,97,0.0,3538.32
7663.88,71.21,97,0.0,3538.32
7663.88,71.21,97,1.2375,3538.32
7663.88,71.02,97,0.0,3538.32
7663.88,71.6,97,0.0,3538.32
7663.88,73.32,97,1.25,3538.32
7663.88,72.9,90,1.25,3538.32
7663.88,72.96,90,0.0,3538.32
7663.88,72.96,100,0.0,3538.32
7663.88,73.09,100,0.0,3538.32
7663.88,73.31,100,1.25,3538.32
7663.88,72.89,100,0.0,3538.32
7663.88,73.0,95,0.0,3538.32
7663.88,73.12,95,0.0,3538.32
7663.88,73.13,97,2.4,3538.32
7663.88,73.12,97,0.0,3538.32
7663.88,73.17,97,0.0,3538.32
7663.88,71.41,97,0.0,3538.32
7663.88,71.94,97,1.2375,3538.32
7663.88,72.11,97,0.0,3538.32
7663.88,71.99,97,0.0,3538.32
7663.88,72.0,97,1.2375,3538.32
7663.88,72.52,97,0.0,3538.32
7663.88,72.53,97,0.0,3538.32
7663.88,72.5,97,0.0,3538.32
7663.88,72.56,97,1.225,3538.32
7663.88,72.63,97,0.0,3538.32
7663.88,72.52,97,0.0,3538.32
7663.88,72.42,97,1.1875,3538.32
7663.88,72.24,96,1.2,3538.32
7663.88,73.57,96,0.0,3538.32
7663.88,73.42,92,0.0,3538.32
7663.88,73.03,92,0.0,3538.32
7663.88,72.98,100,1.2125,3538.32
7663.88,72.95,100,0.0,3538.32
7663.88,72.57,98,0.0,3538.32
7663.88,72.52,98,1.2125,3538.32
7663.88,72.81,97,0.0,3538.32
7663.88,72.64,97,0.0,3538.32
7663.88,72.99,96,1.2125,3538.32
7663.88,73.24,96,0.0,3538.32
7663.88,71.95,96,1.2125,3538.32
7663.88,72.25,97,0.0,3538.32
7663.88,72.25,97,1.2125,3538.32
7663.88,72.48,97,0.0,3538.32
7663.88,72.47,97,0.0,3538.32
7663.88,71.94,97,0.0,3538.32
7663.88,72.37,97,1.2375,3538.32
7663.88,72.42,97,0.0,3538.32
7663.88,72.4,97,0.0,3538.32
7663.88,72.32,97,1.2375,3538.32
7663.88,72.06,97,0.0,3538.32
7663.88,72.07,97,0.0,3538.32
7663.88,71.75,97,0.0,3538.32
7663.88,71.61,97,1.2375,3538.32
7663.88,71.63,97,0.0,3538.32
7663.88,72.02,97,0.0,3538.32
7663.88,71.86,97,1.2375,3538.32
7663.88,72.03,97,0.0,3538.32
7663.88,72.0,97,0.0,3538.32
7663.88,72.0,97,1.2375,3538.32
7663.88,72.09,97,0.0,3538.32
7663.88,72.1,97,0.0,3538.32
7663.88,72.22,97,0.0,3538.32
7663.88,72.14,97,1.2375,3538.32
7663.88,72.25,97,0.0,3538.32
7663.88,71.75,97,0.0,3538.32
7663.88,71.71,97,1.2375,3538.32
7663.88,71.6,97,0.0,3538.32
7663.88,71.56,97,0.0,3538.32
7663.88,71.27,97,1.2375,3538.32
7663.88,71.47,97,1.2375,3538.32
7663.88,71.38,97,0.0,3538.32
7663.88,71.41,93,0.0,3538.32
7663.88,70.51,98,1.25,3538.32
7663.88,70.66,98,1.25,3538.32
7663.88,69.72,95,0.0,3538.32
7663.88,70.43,95,0.0,3538.32
7663.88,70.43,95,1.25,3538.32
7663.88,71.02,94,0.0,3538.32
7663.88,71.35,94,0.0,3538.32
7663.88,71.36,96,1.2375,3538.32
7663.88,71.16,96,0.0,3538.32
7663.88,71.16,97,0.0,3538.32
7663.88,71.19,97,0.0,3538.32
7663.88,71.69,97,1.2,3538.32
7663.88,71.94,97,0.0,3538.32
7663.88,73.04,95,0.0,3538.32
7663.88,72.98,95,0.0,3538.32
7663.88,72.57,97,1.225,3538.32
7663.88,72.68,97,0.0,3538.32
7663.88,72.56,97,0.0,3538.32
7663.88,72.41,97,1.2125,3538.32
7663.88,72.04,96,0.0,3538.32
7663.88,72.19,96,0.0,3538.32
7663.88,72.06,96,1.2125,3538.32
7663.88,72.48,96,1.2125,3538.32
7663.88,72.28,95,0.0,3538.32
7663.88,72.08,95,0.0,3538.32
7663.88,71.8,97,1.2125,3538.32
7663.88,71.94,97,0.0,3538.32
7663.88,71.61,97,0.0,3538.32
7663.88,71.61,97,0.0,3538.32
7663.88,71.32,98,0.0,3538.32
7663.88,71.59,96,1.2,3538.32
7663.88,71.24,96,0.0,3538.32
7663.88,71.56,97,1.2125,3538.32
7663.88,71.27,97,0.0,3538.32
7663.88,71.2,97,0.0,3538.32
7663.88,71.37,97,1.2125,3538.32
7663.88,72.32,90,1.2125,3538.32
7663.88,72.02,90,0.0,3538.32
7663.88,71.93,100,0.0,3538.32
7663.88,71.87,100,1.2125,3538.32
7663.88,72.04,96,1.2125,3538.32
7663.88,72.68,96,0.0,3538.32
7663.88,72.67,97,1.2125,3538.32
7663.88,72.83,97,0.0,3538.32
7663.88,72.89,98,0.0,3538.32
7663.88,72.83,98,1.2125,3538.32
7663.88,72.82,96,0.0,3538.32
7663.88,71.63,96,0.0,3538.32
7663.88,71.9,97,1.2125,3538.32
7663.88,71.69,97,0.0,3538.32
7663.88,72.05,98,0.0,3538.32
7663.88,71.88,98,0.0,3538.32
7663.88,71.73,98,1.2125,3538.32
7663.88,71.73,98,0.0,3538.32
7663.88,71.98,96,0.0,3538.32
7663.88,71.89,96,1.2125,3538.32
7663.88,72.15,98,0.0,3538.32
7663.88,72.0,97,0.0,3538.32
7663.88,72.11,97,0.0,3538.32
7663.88,72.06,97,1.2125,3538.32
7663.88,72.5,97,0.0,3538.32
7663.88,72.52,97,0.0,3538.32
7663.88,72.54,97,0.0,3538.32
7663.88,72.66,96,1.2125,3538.32
7663.88,72.37,96,0.0,3538.32
7663.88,72.59,97,0.0,3538.32
7663.88,72.38,97,1.2125,3538.32
7663.88,72.42,97,0.0,3538.32
7663.88,72.3,97,1.2375,3538.32
7663.88,72.68,97,0.0,3538.32
7663.88,72.55,97,1.2125,3538.32
7663.88,72.71,96,0.0,3538.32
7663.88,72.54,96,2.4,3538.32
7663.88,70.32,88,0.0,3538.32
7663.88,69.96,88,0.0,3538.32
7663.88,70.0,100,0.0,3538.32
7663.88,69.51,100,1.2125,3538.32
7663.88,69.6,96,0.0,3538.32
7663.88,69.84,96,0.0,3538.32
7663.88,69.97,98,1.2125,3538.32
7663.88,70.0,98,0.0,3538.32
7663.88,69.94,97,0.0,3538.32
7663.88,69.75,97,0.0,3538.32
7663.88,69.88,96,1.2125,3538.32
7663.88,72.15,96,0.0,3538.32
7663.88,72.0,97,0.0,3538.32
7663.88,71.95,97,1.225,3538.32
7663.88,72.24,97,0.0,3538.32
7663.88,72.38,97,0.0,3538.32
7663.88,72.27,97,1.2125,3538.32
7663.88,72.39,97,1.225,3538.32
7663.88,72.12,96,0.0,3538.32
7663.88,72.31,97,0.0,3538.32
7663.88,72.45,97,0.0,3538.32
7663.88,72.18,97,1.2375,3538.32
7663.88,72.45,97,0.0,3538.32
7663.88,72.46,97,0.0,3538.32
7663.88,72.58,97,1.25,3538.32
7663.88,72.48,97,0.0,3538.32
7663.88,72.6,97,0.0,3538.32
7663.88,72.47,96,0.0,3538.32
7663.88,72.7,96,1.25,3538.32
7663.88,72.58,98,0.0,3538.32
7663.88,72.49,98,0.0,3538.32
7663.88,72.27,97,1.25,3538.32
7663.88,72.47,97,0.0,3538.32
7663.88,72.51,95,0.0,3538.32
7663.88,72.74,95,0.0,3538.32
7663.88,72.45,95,1.25,3538.32
7663.88,72.46,95,0.0,3538.32
7663.88,72.14,95,0.0,3538.32
7663.88,72.42,96,2.4875,3538.32
7663.88,72.38,96,0.0,3538.32
7663.88,72.14,89,0.0,3538.32
7663.88,72.14,89,1.25,3538.32
7663.88,71.52,100,0.0,3538.32
7663.88,72.03,100,0.0,3538.32
7663.88,72.02,91,1.2375,3538.32
7663.88,71.85,91,0.0,3538.32
7663.88,71.85,97,0.0,3538.32
7663.88,71.85,97,0.0,3538.32
7663.88,71.98,95,1.2375,3538.32
7663.88,72.27,95,0.0,3538.32
7663.88,72.2,96,1.25,3538.32
7663.88,71.94,95,0.0,3538.32
7663.88,72.13,95,0.0,3538.32
7663.88,72.4,97,0.0,3538.32
7663.88,72.24,97,1.2375,3538.32
7663.88,72.09,95,0.0,3538.32
7663.88,71.94,95,0.0,3538.32
7663.88,72.48,95,1.25,3538.32
7663.88,72.75,95,1.25,3538.32
7663.88,72.5,97,0.0,3538.32
7663.88,72.14,97,0.0,3538.32
7663.88,72.09,96,1.25,3538.32
7663.88,72.27,96,0.0,3538.32
7663.88,72.6,96,0.0,3538.32
7663.88,72.61,96,2.4375,3538.32
7663.88,74.35,86,0.0,3538.32
7663.88,74.26,86,0.0,3538.32
7663.88,73.47,100,1.2125,3538.32
7663.88,73.39,100,0.0,3538.32
7663.88,73.59,95,0.0,3538.32
7663.88,73.39,95,0.0,3538.32
7663.88,73.44,95,1.2125,3538.32
7663.88,73.53,95,0.0,3538.32
7663.88,73.45,96,0.0,3538.32
7663.88,73.29,96,1.2125,3538.32
7663.88,73.16,97,0.0,3538.32
7663.88,71.65,97,0.0,3538.32
7663.88,71.5,95,1.2125,3538.32
7663.88,72.0,95,2.425,3538.32
7663.88,73.35,87,0.0,3538.32
7663.88,72.75,87,0.0,3538.32
7663.88,73.03,100,1.2125,3538.32
7663.88,73.36,100,0.0,3538.32
7663.88,73.52,100,0.0,3538.32
7663.88,72.36,100,1.2125,3538.32
7663.88,72.49,97,0.0,3538.32
7663.88,72.74,97,0.0,3538.32
7663.88,72.65,97,1.2125,3538.32
7663.88,72.75,97,0.0,3538.32
7663.88,72.7,96,0.0,3538.32
7663.88,71.54,95,1.2125,3538.32
7663.88,71.69,95,0.0,3538.32
7663.88,71.69,95,0.0,3538.32
7663.88,71.62,95,1.2125,3538.32
7663.88,71.4,97,0.0,3538.32
7663.88,72.52,97,0.0,3538.32
7663.88,72.52,97,0.0,3538.32
7663.88,72.17,97,0.0,3538.32
7663.88,72.34,97,1.2375,3538.32
7663.88,72.3,97,0.0,3538.32
7663.88,72.33,97,0.0,3538.32
7663.88,71.08,97,1.2375,3538.32
7663.88,70.84,89,1.2375,3538.32
7663.88,70.44,89,0.0,3538.32
7663.88,69.88,99,0.0,3538.32
7663.88,69.78,99,1.25,3538.32
7663.88,70.14,96,0.0,3538.32
7663.88,70.18,96,1.2375,3538.32
7663.88,70.55,95,0.0,3538.32
7663.88,70.34,95,1.25,3538.32
7663.88,70.43,97,0.0,3538.32
7663.88,70.25,97,0.0,3538.32
7663.88,71.66,97,1.2375,3538.32
7663.88,71.53,97,0.0,3538.32
7663.88,71.76,97,0.0,3538.32
7663.88,72.3,97,0.0,3538.32
7663.88,72.48,96,1.2375,3538.32
7663.88,72.19,96,0.0,3538.32
7663.88,72.2,96,0.0,3538.32
7663.88,72.01,97,1.2375,3538.32
7663.88,72.01,97,0.0,3538.32
7663.88,72.28,97,0.0,3538.32
7663.88,72.28,97,0.0,3538.32
7663.88,72.33,97,1.2375,3538.32
7663.88,72.14,97,0.0,3538.32
7663.88,72.11,97,0.0,3538.32
7663.88,72.47,96,0.0,3538.32
7663.88,72.54,96,1.2375,3538.32
7663.88,72.58,97,0.0,3538.32
7663.88,72.44,97,0.0,3538.32
7663.88,72.53,97,1.2375,3538.32
7663.88,72.33,97,0.0,3538.32
7663.88,72.43,97,0.0,3538.32
7663.88,72.24,97,1.2375,3538.32
7663.88,72.35,97,0.0,3538.32
7663.88,72.46,97,0.0,3538.32
7663.88,72.98,97,0.0,3538.32
7663.88,72.83,97,1.2375,3538.32
7663.88,72.81,97,0.0,3538.32
7663.88,72.74,97,0.0,3538.32
7663.88,72.87,97,2.4375,3538.32
7663.88,73.73,97,1.2125,3538.32
7663.88,73.71,97,0.0,3538.32
7663.88,73.29,98,0.0,3538.32
7663.88,72.97,98,0.0,3538.32
7663.88,73.05,97,1.2125,3538.32
7663.88,73.22,97,0.0,3538.32
7663.88,73.22,97,0.0,3538.32
7663.88,72.98,95,0.0,3538.32
7663.88,72.99,95,1.2125,3538.32
7663.88,72.99,97,0.0,3538.32
7663.88,71.61,95,0.0,3538.32
7663.88,71.58,95,1.2125,3538.32
7663.88,71.7,97,0.0,3538.32
7663.88,72.22,97,2.3625,3538.32
7663.88,73.9,86,0.0,3538.32
7663.88,73.73,86,1.2125,3538.32
7663.88,72.91,100,0.0,3538.32
7663.88,72.96,100,0.0,3538.32
7663.88,73.43,95,1.2125,3538.32
7663.88,73.53,95,0.0,3538.32
7663.88,73.9,96,0.0,3538.32
7663.88,73.81,96,0.0,3538.32
7663.88,73.8,96,1.2,3538.32
7663.88,73.76,96,0.0,3538.32
7663.88,74.02,94,0.0,3538.32
7663.88,72.14,94,1.2125,3538.32
7663.88,71.94,94,0.0,3538.32
7663.88,72.56,97,0.0,3538.32
7663.88,72.45,97,1.2125,3538.32
7663.88,72.02,96,0.0,3538.32
7663.88,71.88,96,0.0,3538.32
7663.88,71.52,96,0.0,3538.32
7663.88,71.51,97,1.2125,3538.32
7663.88,71.64,97,1.2125,3538.32
7663.88,72.0,87,0.0,3538.32
7663.88,71.47,87,1.2125,3538.32
7663.88,71.81,100,0.0,3538.32
7663.88,72.05,100,0.0,3538.32
7663.88,72.14,100,1.2125,3538.32
7663.88,70.6,96,1.2125,3538.32
7663.88,70.99,96,0.0,3538.32
7663.88,71.28,97,0.0,3538.32
7663.88,71.39,97,1.2125,3538.32
7663.88,71.66,95,0.0,3538.32
7663.88,70.65,95,0.0,3538.32
7663.88,70.63,97,0.0,3538.32
7663.88,70.43,97,1.2125,3538.32
7663.88,70.27,96,0.0,3538.32
7663.88,70.07,96,0.0,3538.32
7663.88,71.69,96,1.2125,3538.32
7663.88,71.36,96,0.0,3538.32
7663.88,71.19,97,0.0,3538.32
7663.88,71.24,97,1.2125,3538.32
7663.88,71.08,96,0.0,3538.32
7663.88,72.12,96,0.0,3538.32
7663.88,69.6,96,2.4375,3538.32
7663.88,69.64,90,0.0,3538.32
7663.88,69.52,98,1.2125,3538.32
7663.88,68.97,98,0.0,3538.32
7663.88,69.26,97,0.0,3538.32
7663.88,69.46,97,1.2125,3538.32
7663.88,69.82,97,0.0,3538.32
7663.88,69.91,97,0.0,3538.32
7663.88,70.03,97,1.225,3538.32
7663.88,69.89,97,0.0,3538.32
7663.88,69.84,97,0.0,3538.32
7663.88,72.51,97,0.0,3538.32
7663.88,72.51,95,1.2125,3538.32
7663.88,72.59,95,0.0,3538.32
7663.88,73.11,95,0.0,3538.32
7663.88,73.2,97,0.0,3538.32
7663.88,73.02,97,1.2125,3538.32
7663.88,72.75,97,0.0,3538.32
7663.88,72.8,97,0.0,3538.32
7663.88,73.19,97,1.2125,3538.32
7663.88,73.21,96,0.0,3538.32
7663.88,72.79,96,0.0,3538.32
7663.88,72.93,97,1.225,3538.32
7663.88,72.95,97,0.0,3538.32
7663.88,72.95,97,0.0,3538.32
7663.88,73.04,97,1.2125,3538.32
7663.88,73.04,97,0.0,3538.32
7663.88,73.09,97,0.0,3538.32
7663.88,72.53,95,1.2125,3538.32
7663.88,72.52,95,0.0,3538.32
7663.88,72.34,94,0.0,3538.32
7663.88,68.71,94,2.45,3538.32
7663.88,68.65,83,1.2125,3538.32
7663.88,68.63,83,0.0,3538.32
7663.88,68.63,100,0.0,3538.32
7663.88,68.92,100,1.2125,3538.32
7663.88,68.81,100,0.0,3538.32
7663.88,68.83,100,0.0,3538.32
7663.88,68.81,96,0.0,3538.32
7663.88,68.98,96,1.225,3538.32
7663.88,68.98,97,0.0,3538.32
7663.88,68.95,97,0.0,3538.32
7663.88,68.88,97,0.0,3538.32
7663.88,72.01,97,1.225,3538.32
7663.88,72.06,97,0.0,3538.32
7663.88,72.19,96,0.0,3538.32
7663.88,71.88,96,0.0,3538.32
7663.88,71.77,97,0.0,3538.32
7663.88,72.2,97,0.0,3538.32
7663.88,72.06,97,1.225,3538.32
7663.88,71.7,97,0.0,3538.32
7663.88,71.76,97,0.0,3538.32
7663.88,71.76,97,0.0,3538.32
7663.88,71.81,97,1.225,3538.32
7663.88,72.16,97,0.0,3538.32
7663.88,71.97,96,0.0,3538.32
7663.88,71.82,96,2.4375,3538.32
7663.88,73.68,87,0.0,3538.32
7663.88,73.68,87,0.0,3538.32
7663.88,73.41,100,0.0,3538.32
7663.88,73.28,100,0.0,3538.32
7663.88,73.54,94,1.225,3538.32
7663.88,73.87,94,0.0,3538.32
7663.88,74.01,97,0.0,3538.32
7663.88,74.11,97,0.0,3538.32
7663.88,72.94,95,1.2125,3538.32
7663.88,73.15,95,0.0,3538.32
7663.88,72.98,97,1.2125,3538.32
7663.88,71.33,97,0.0,3538.32
7663.88,71.04,97,1.2125,3538.32
7663.88,71.32,97,0.0,3538.32
7663.88,71.26,97,1.2125,3538.32
7663.88,71.42,97,0.0,3538.32
7663.88,71.08,97,0.0,3538.32
7663.88,71.22,94,0.0,3538.32
7663.88,71.29,94,1.2125,3538.32
7663.88,72.33,97,0.0,3538.32
7663.88,72.31,97,0.0,3538.32
7663.88,72.43,98,1.2125,3538.32
7663.88,72.19,98,0.0,3538.32
7663.88,72.42,98,0.0,3538.32
7663.88,72.55,98,1.2125,3538.32
7663.88,72.29,98,0.0,3538.32
7663.88,72.37,98,0.0,3538.32
7663.88,72.23,97,0.0,3538.32
7663.88,71.97,97,1.2125,3538.32
7663.88,71.77,98,0.0,3538.32
7663.88,71.52,98,0.0,3538.32
7663.88,71.34,98,1.1875,3538.32
7663.88,71.65,98,0.0,3538.32
7663.88,71.56,98,0.0,3538.32
7663.88,71.87,98,0.0,3538.32
7663.88,71.89,96,1.2125,3538.32
7663.88,71.92,98,0.0,3538.32
7663.88,71.71,98,1.2125,3538.32
7663.88,68.84,91,1.2125,3538.32
7663.88,68.78,91,0.0,3538.32
7663.88,68.73,97,0.0,3538.32
7663.88,67.22,97,0.0,3538.32
7663.88,67.58,97,1.2125,3538.32
7663.88,67.41,97,0.0,3538.32
7663.88,67.77,98,0.0,3538.32
7663.88,67.55,98,1.2125,3538.32
7663.88,67.56,98,0.0,3538.32
7663.88,67.3,98,1.2125,3538.32
7663.88,67.67,98,0.0,3538.32
7663.88,70.56,98,1.2125,3538.32
7663.88,70.54,98,0.0,3538.32
7663.88,72.12,98,0.0,3538.32
7663.88,72.08,96,1.2125,3538.32
7663.88,72.36,96,0.0,3538.32
7663.88,72.01,98,1.2125,3538.32
7663.88,73.89,98,0.0,3538.32
7663.88,73.38,91,1.2125,3538.32
7663.88,73.56,91,0.0,3538.32
7663.88,73.36,97,0.0,3538.32
7663.88,73.86,97,0.0,3538.32
7663.88,73.82,97,1.1875,3538.32
7663.88,73.86,96,0.0,3538.32
7663.88,74.04,96,0.0,3538.32
7663.88,73.93,98,1.2125,3538.32
7663.88,73.75,98,0.0,3538.32
7663.88,73.75,98,1.2125,3538.32
7663.88,73.75,98,0.0,3538.32
7663.88,72.05,98,1.2125,3538.32
7663.88,71.74,96,0.0,3538.32
7663.88,71.74,96,0.0,3538.32
7663.88,71.38,98,0.0,3538.32
7663.88,71.36,98,0.0,3538.32
7663.88,71.73,98,1.25,3538.32
7663.88,71.59,98,0.0,3538.32
7663.88,71.8,98,0.0,3538.32
7663.88,71.7,98,0.0,3538.32
7663.88,71.74,98,1.25,3538.32
7663.88,70.85,98,0.0,3538.32
7663.88,71.24,96,0.0,3538.32
7663.88,71.33,96,1.25,3538.32
7663.88,71.61,98,0.0,3538.32
7663.88,71.58,98,0.0,3538.32
7663.88,71.75,98,1.25,3538.32
7663.88,71.61,98,0.0,3538.32
7663.88,71.79,98,0.0,3538.32
7663.88,71.79,98,0.0,3538.32
7663.88,71.62,98,1.25,3538.32
7663.88,72.5,98,0.0,3538.32
7663.88,72.33,96,0.0,3538.32
7663.88,72.63,96,1.25,3538.32
7663.88,72.63,98,0.0,3538.32
7663.88,72.57,98,0.0,3538.32
7663.88,72.67,98,1.25,3538.32
7663.88,72.62,98,1.25,3538.32
7663.88,70.93,87,0.0,3538.32
7663.88,70.52,87,0.0,3538.32
7663.88,70.28,100,1.25,3538.32
7663.88,69.36,100,0.0,3538.32
7663.88,69.67,97,0.0,3538.32
7663.88,69.84,97,1.25,3538.32
7663.88,70.18,98,0.0,3538.32
7663.88,70.1,98,0.0,3538.32
7663.88,69.91,98,1.25,3538.32
7663.88,69.53,98,0.0,3538.32
7663.88,69.67,96,1.25,3538.32
7663.88,71.26,96,0.0,3538.32
7663.88,71.22,98,1.25,3538.32
7663.88,71.31,98,0.0,3538.32
7663.88,72.1,98,0.0,3538.32
7663.88,71.95,98,0.0,3538.32
7663.88,71.72,98,1.2125,3538.32
7663.88,70.57,96,0.0,3538.32
7663.88,70.57,96,0.0,3538.32
7663.88,70.78,98,1.2125,3538.32
7663.88,70.88,98,0.0,3538.32
7663.88,70.74,98,0.0,3538.32
7663.88,70.96,98,1.2125,3538.32
7663.88,71.01,98,0.0,3538.32
7663.88,71.32,98,0.0,3538.32
7663.88,71.25,98,1.2125,3538.32
7663.88,71.32,98,0.0,3538.32
7663.88,71.2,98,0.0,3538.32
7663.88,72.24,96,0.0,3538.32
7663.88,72.07,96,0.0,3538.32
7663.88,72.26,98,1.25,3538.32
7663.88,72.26,98,0.0,3538.32
7663.88,72.08,98,0.0,3538.32
7663.88,72.25,98,0.0,3538.32
7663.88,72.26,98,1.25,3538.32
7663.88,72.56,98,0.0,3538.32
7663.88,72.44,98,0.0,3538.32
7663.88,72.73,98,0.0,3538.32
7663.88,72.61,96,2.4875,3538.32
7663.88,72.72,90,0.0,3538.32
7663.88,72.53,90,0.0,3538.32
7663.88,72.53,100,0.0,3538.32
7663.88,72.45,100,1.25,3538.32
7663.88,72.53,100,0.0,3538.32
7663.88,72.65,100,0.0,3538.32
7663.88,71.88,95,1.25,3538.32
7663.88,71.45,95,1.25,3538.32
7663.88,71.42,98,0.0,3538.32
7663.88,71.75,98,0.0,3538.32
7663.88,71.51,98,1.25,3538.32
7663.88,71.62,98,0.0,3538.32
7663.88,71.53,98,0.0,3538.32
7663.88,71.57,98,0.0,3538.32
7663.88,71.38,98,1.25,3538.32
7663.88,71.2,98,0.0,3538.32
7663.88,72.28,96,0.0,3538.32
7663.88,72.55,96,1.25,3538.32
7663.88,72.5,98,0.0,3538.32
7663.88,72.55,98,0.0,3538.32
7663.88,72.43,98,0.0,3538.32
7663.88,72.29,98,1.25,3538.32
7663.88,72.29,97,0.0,3538.32
7663.88,72.24,97,0.0,3538.32
7663.88,72.05,97,0.0,3538.32
7663.88,72.64,98,1.25,3538.32
7663.88,72.8,98,0.0,3538.32
7663.88,72.68,96,0.0,3538.32
7663.88,72.68,96,0.0,3538.32
7663.88,72.72,98,1.25,3538.32
7663.88,72.64,98,0.0,3538.32
7663.88,72.64,98,0.0,3538.32
7663.88,72.55,98,0.0,3538.32
7663.88,72.66,98,0.0,3538.32
7663.88,72.47,96,0.0,3538.32
7663.88,72.55,96,1.2125,3538.32
7663.88,72.4,97,0.0,3538.32
7663.88,72.49,97,0.0,3538.32
7663.88,72.54,98,0.0,3538.32
7663.88,72.46,98,1.1875,3538.32
7663.88,72.42,98,0.0,3538.32
7663.88,72.28,98,2.45,3538.32
7663.88,73.9,89,0.0,3538.32
7663.88,73.68,89,0.0,3538.32
7663.88,73.76,100,1.2125,3538.32
7663.88,74.16,100,0.0,3538.32
7663.88,74.31,96,1.1875,3538.32
7663.88,74.43,96,0.0,3538.32
7663.88,74.35,98,1.2125,3538.32
7663.88,74.36,98,0.0,3538.32
7663.88,74.34,96,0.0,3538.32
7663.88,74.3,96,1.1875,3538.32
7663.88,74.25,98,0.0,3538.32
7663.88,72.55,98,0.0,3538.32
7663.88,72.57,98,1.2125,3538.32
7663.88,72.43,98,0.0,3538.32
7663.88,72.29,98,0.0,3538.32
7663.88,72.44,98,0.0,3538.32
7663.88,72.51,98,1.2125,3538.32
7663.88,72.29,96,0.0,3538.32
7663.88,72.43,96,0.0,3538.32
7663.88,72.29,98,1.2125,3538.32
7663.88,72.44,98,0.0,3538.32
7663.88,72.19,98,0.0,3538.32
7663.88,72.51,98,0.0,3538.32
7663.88,72.61,98,0.0,3538.32
7663.88,72.86,98,1.225,3538.32
7663.88,72.86,98,0.0,3538.32
7663.88,72.77,96,0.0,3538.32
7663.88,72.61,96,1.2125,3538.32
7663.88,72.79,98,0.0,3538.32
7663.88,72.68,98,1.1875,3538.32
7663.88,72.68,98,1.225,3538.32
7663.88,72.91,98,0.0,3538.32
7663.88,72.78,92,1.2125,3538.32
7663.88,72.04,97,0.0,3538.32
7663.88,71.92,97,1.2,3538.32
7663.88,71.91,98,0.0,3538.32
7663.88,71.92,98,0.0,3538.32
7663.88,71.68,98,0.0,3538.32
7663.88,71.73,98,0.0,3538.32
7663.88,70.96,96,1.2125,3538.32
7663.88,71.06,96,0.0,3538.32
7663.88,70.7,98,0.0,3538.32
7663.88,70.66,98,0.0,3538.32
7663.88,71.42,98,0.0,3538.32
7663.88,71.72,98,0.0,3538.32
7663.88,71.73,98,1.225,3538.32
7663.88,71.9,98,0.0,3538.32
7663.88,71.78,98,0.0,3538.32
7663.88,71.9,98,0.0,3538.32
7663.88,71.9,96,0.0,3538.32
7663.88,72.58,98,0.0,3538.32
7663.88,72.26,98,1.2,3538.32
7663.88,72.33,98,0.0,3538.32
7663.88,72.44,98,0.0,3538.32
7663.88,72.82,98,0.0,3538.32
7663.88,72.6,98,0.0,3538.32
7663.88,72.53,98,1.225,3538.32
7663.88,72.38,98,0.0,3538.32
7663.88,72.37,96,0.0,3538.32
7663.88,72.12,96,1.225,3538.32
7663.88,71.94,98,0.0,3538.32
7663.88,71.81,98,0.0,3538.32
7663.88,71.92,98,0.0,3538.32
7663.88,71.87,98,1.225,3538.32
7663.88,71.87,98,0.0,3538.32
7663.88,71.64,98,0.0,3538.32
7663.88,71.64,98,0.0,3538.32
7663.88,70.68,96,2.4875,3538.32
7663.88,70.7,96,0.0,3538.32
7663.88,70.52,89,0.0,3538.32
7663.88,70.52,89,0.0,3538.32
7663.88,70.76,100,1.2375,3538.32
7663.88,70.54,100,0.0,3538.32
7663.88,71.14,97,0.0,3538.32
7663.88,71.34,97,1.25,3538.32
7663.88,71.56,98,0.0,3538.32
7663.88,71.49,98,0.0,3538.32
7663.88,71.24,98,0.0,3538.32
7663.88,72.51,96,1.25,3538.32
7663.88,72.56,96,0.0,3538.32
7663.88,72.55,98,0.0,3538.32
7663.88,72.32,98,0.0,3538.32
7663.88,72.59,98,0.0,3538.32
7663.88,72.41,98,0.0,3538.32
7663.88,72.25,98,1.25,3538.32
7663.88,72.17,98,0.0,3538.32
7663.88,72.04,98,0.0,3538.32
7663.88,72.52,98,0.0,3538.32
7663.88,72.44,98,0.0,3538.32
7663.88,72.11,96,1.25,3538.32
7663.88,72.11,96,0.0,3538.32
7663.88,71.83,98,0.0,3538.32
7663.88,71.98,98,0.0,3538.32
7663.88,71.98,98,0.0,3538.32
7663.88,72.18,98,1.25,3538.32
7663.88,72.31,97,0.0,3538.32
7663.88,72.28,97,0.0,3538.32
7663.88,72.39,96,0.0,3538.32
7663.88,72.47,97,1.25,3538.32
7663.88,72.47,97,1.25,3538.32
7663.88,72.33,92,0.0,3538.32
7663.88,72.83,92,0.0,3538.32
7663.88,72.83,100,1.2375,3538.32
7663.88,72.01,100,0.0,3538.32
7663.88,72.07,96,0.0,3538.32
7663.88,72.0,96,0.0,3538.32
7663.88,72.17,96,1.25,3538.32
7663.88,71.89,96,0.0,3538.32
7663.88,71.97,97,0.0,3538.32
7663.88,71.78,97,0.0,3538.32
7663.88,71.77,97,1.2375,3538.32
7663.88,71.42,97,0.0,3538.32
7663.88,71.35,97,1.225,3538.32
7663.88,72.09,97,0.0,3538.32
7663.88,72.21,97,0.0,3538.32
7663.88,72.22,98,1.2375,3538.32
7663.88,72.21,98,0.0,3538.32
7663.88,72.2,97,0.0,3538.32
7663.88,72.43,97,0.0,3538.32
7663.88,72.43,98,1.2125,3538.32
7663.88,72.33,98,1.225,3538.32
7663.88,72.17,98,0.0,3538.32
7663.88,72.08,98,1.2125,3538.32
7663.88,72.14,98,0.0,3538.32
7663.88,72.35,97,0.0,3538.32
7663.88,72.39,97,0.0,3538.32
7663.88,72.29,98,1.2125,3538.32
7663.88,72.16,98,0.0,3538.32
7663.88,72.21,98,0.0,3538.32
7663.88,71.92,98,0.0,3538.32
7663.88,71.8,98,1.225,3538.32
7663.88,71.82,98,0.0,3538.32
7663.88,71.92,98,0.0,3538.32
7663.88,72.08,98,0.0,3538.32
7663.88,72.22,97,0.0,3538.32
7663.88,72.27,98,1.25,3538.32
7663.88,72.17,98,0.0,3538.32
7663.88,72.12,96,1.2375,3538.32
7663.88,71.92,96,0.0,3538.32
7663.88,71.54,96,0.0,3538.32
7663.88,71.46,96,1.25,3538.32
7663.88,70.67,98,0.0,3538.32
7663.88,71.3,98,0.0,3538.32
7663.88,71.3,98,0.0,3538.32
7663.88,71.28,98,1.2375,3538.32
7663.88,71.28,98,0.0,3538.32
7663.88,71.43,98,0.0,3538.32
7663.88,71.3,98,0.0,3538.32
7663.88,71.5,97,1.25,3538.32
7663.88,71.42,97,0.0,3538.32
7663.88,71.67,98,0.0,3538.32
7663.88,71.64,98,0.0,3538.32
7663.88,72.37,98,2.4875,3538.32
7663.88,72.18,98,0.0,3538.32
7663.88,72.19,98,0.0,3538.32
7663.88,72.18,98,0.0,3538.32
7663.88,72.56,97,1.2375,3538.32
7663.88,72.4,98,0.0,3538.32
7663.88,72.59,98,0.0,3538.32
7663.88,72.24,98,0.0,3538.32
7663.88,72.15,98,1.2375,3538.32
7663.88,72.15,98,0.0,3538.32
7663.88,72.26,98,0.0,3538.32
7663.88,72.41,98,0.0,3538.32
7663.88,72.28,98,1.2375,3538.32
7663.88,72.17,98,0.0,3538.32
7663.88,72.11,97,1.2375,3538.32
7663.88,71.93,97,0.0,3538.32
7663.88,71.77,98,0.0,3538.32
7663.88,71.65,98,0.0,3538.32
7663.88,71.48,98,1.2375,3538.32
7663.88,71.64,98,0.0,3538.32
7663.88,71.73,98,0.0,3538.32
7663.88,71.92,97,0.0,3538.32
7663.88,72.29,97,1.25,3538.32
7663.88,72.36,98,0.0,3538.32
7663.88,72.47,98,1.2375,3538.32
7663.88,72.25,91,1.25,3538.32
7663.88,72.18,91,0.0,3538.32
7663.88,71.31,91,0.0,3538.32
7663.88,71.67,98,1.2375,3538.32
7663.88,71.67,98,0.0,3538.32
7663.88,71.79,98,0.0,3538.32
7663.88,72.03,98,0.0,3538.32
7663.88,71.92,97,1.2375,3538.32
7663.88,72.14,97,1.2375,3538.32
7663.88,71.95,98,0.0,3538.32
7663.88,72.09,98,1.2375,3538.32
7663.88,71.98,98,0.0,3538.32
7663.88,71.74,98,0.0,3538.32
7663.88,71.71,98,0.0,3538.32
7663.88,72.3,98,1.2375,3538.32
7663.88,72.25,97,0.0,3538.32
7663.88,72.16,97,0.0,3538.32
7663.88,72.11,98,1.2375,3538.32
7663.88,72.14,98,0.0,3538.32
7663.88,72.15,98,0.0,3538.32
7663.88,71.83,98,0.0,3538.32
7663.88,71.7,98,1.2375,3538.32
7663.88,71.88,98,0.0,3538.32
7663.88,72.04,98,0.0,3538.32
7663.88,72.44,97,1.25,3538.32
7663.88,72.42,97,0.0,3538.32
7663.88,72.4,97,0.0,3538.32
7663.88,72.38,98,0.0,3538.32
7663.88,72.38,98,1.25,3538.32
7663.88,72.22,98,0.0,3538.32
7663.88,72.24,98,0.0,3538.32
7663.88,72.08,98,1.2375,3538.32
7663.88,72.08,98,0.0,3538.32
7663.88,72.11,97,0.0,3538.32
7663.88,72.26,97,0.0,3538.32
7663.88,72.21,98,1.2375,3538.32
7663.88,72.09,98,0.0,3538.32
7663.88,71.88,98,1.1875,3538.32
7663.88,72.16,87,1.2125,3538.32
7663.88,72.86,87,0.0,3538.32
7663.88,72.68,100,1.2125,3538.32
7663.88,72.39,100,0.0,3538.32
7663.88,72.59,94,0.0,3538.32
7663.88,72.93,94,1.2125,3538.32
7663.88,72.91,96,0.0,3538.32
7663.88,73.16,96,0.0,3538.32
7663.88,73.08,97,1.2125,3538.32
7663.88,73.25,97,1.2125,3538.32
7663.88,73.15,97,0.0,3538.32
7663.88,72.17,97,0.0,3538.32
7663.88,72.22,95,0.0,3538.32
7663.88,72.32,95,1.175,3538.32
7663.88,72.49,96,0.0,3538.32
7663.88,72.58,96,1.2125,3538.32
7663.88,72.27,97,0.0,3538.32
7663.88,72.38,97,0.0,3538.32
7663.88,72.11,97,1.2125,3538.32
7663.88,72.24,97,0.0,3538.32
7663.88,72.09,97,0.0,3538.32
7663.88,72.17,96,0.0,3538.32
7663.88,72.02,96,1.2125,3538.32
7663.88,72.03,98,0.0,3538.32
7663.88,72.36,98,0.0,3538.32
7663.88,72.11,97,1.2,3538.45
7663.88,72.31,97,0.0,3538.45
7663.88,72.18,97,0.0,3538.45
7663.88,72.38,97,1.2125,3538.45
7663.88,72.19,98,0.0,3538.45
7663.88,72.37,98,0.0,3538.45
7663.88,72.14,98,0.0,3538.45
7663.88,72.15,96,1.25,3538.45
7663.88,72.2,96,0.0,3538.45
7663.88,72.59,98,1.25,3538.45
7663.88,72.42,98,0.0,3538.45
7663.88,72.64,97,1.25,3538.45
7663.88,72.64,97,0.0,3538.45
7663.88,72.55,97,1.25,3538.45
7663.88,72.23,90,1.2375,3538.45
7663.88,72.03,90,0.0,3538.45
7663.88,71.8,98,0.0,3538.45
7663.88,70.41,98,0.0,3538.45
7663.88,70.93,98,1.2375,3538.45
7663.88,71.04,98,0.0,3538.45
7663.88,70.94,98,0.0,3538.45
7663.88,71.06,98,0.0,3538.45
7663.88,70.91,96,0.0,3538.45
7663.88,71.12,96,1.25,3538.45
7663.88,71.34,98,0.0,3538.45
7663.88,71.2,98,0.0,3538.45
7663.88,71.25,98,1.25,3538.45
7663.88,72.54,98,0.0,3538.45
7663.88,72.39,98,0.0,3538.45
7663.88,72.17,98,1.2375,3538.45
7663.88,72.17,98,0.0,3538.45
7663.88,72.17,97,0.0,3538.45
7663.88,72.17,97,0.0,3538.45
7663.88,72.17,95,1.2375,3538.45
7663.88,72.1,98,0.0,3538.45
7663.88,71.92,98,0.0,3538.45
7663.88,71.75,97,1.2375,3538.45
7663.88,72.0,97,0.0,3538.45
7663.88,72.17,97,0.0,3538.45
7663.88,72.09,97,0.0,3538.45
7663.88,72.38,96,1.2375,3538.45
7663.88,72.19,96,0.0,3538.45
7663.88,72.32,97,0.0,3538.45
7663.88,72.05,97,1.2375,3538.45
7663.88,72.17,97,0.0,3538.45
7663.88,71.83,97,0.0,3538.45
7663.88,72.12,97,1.2375,3538.45
7663.88,72.04,97,1.2375,3538.45
7663.88,72.19,97,0.0,3538.45
7663.88,72.17,97,0.0,3538.45
7663.88,72.42,97,1.225,3538.45
7663.88,72.42,97,0.0,3538.45
7663.88,72.42,97,1.2125,3538.45
7663.88,72.12,97,1.1875,3538.45
7663.88,71.38,90,0.0,3538.45
7663.88,71.51,90,0.0,3538.45
7663.88,71.58,97,0.0,3538.45
7663.88,71.66,97,1.2125,3538.45
7663.88,71.79,97,0.0,3538.45
7663.88,71.66,97,0.0,3538.45
7663.88,71.57,97,1.2125,3538.45
7663.88,71.75,97,0.0,3538.45
7663.88,71.75,96,0.0,3538.45
7663.88,71.75,96,1.2125,3538.45
7663.88,71.55,97,0.0,3538.45
7663.88,71.67,97,0.0,3538.45
7663.88,71.58,96,0.0,3538.45
7663.88,71.82,96,1.2125,3538.45
7663.88,71.69,97,0.0,3538.45
7663.88,71.89,96,0.0,3538.45
7663.88,71.66,96,1.2125,3538.45
7663.88,71.58,94,0.0,3538.45
7663.88,71.63,94,1.2125,3538.45
7663.88,71.47,97,0.0,3538.45
7663.88,71.47,97,1.2125,3538.45
7663.88,71.64,97,0.0,3538.45
7663.88,72.45,97,0.0,3538.45
7663.88,72.47,96,1.2125,3538.45
7663.88,72.57,96,0.0,3538.45
7663.88,72.47,95,0.0,3538.45
7663.88,72.54,95,1.2125,3538.45
7663.88,72.85,96,0.0,3538.45
7663.88,72.47,96,0.0,3538.45
7663.88,72.42,97,0.0,3538.45
7663.88,72.28,97,1.2125,3538.45
7663.88,72.57,97,0.0,3538.45
7663.88,72.41,97,0.0,3538.45
7663.88,72.57,97,0.0,3538.45
7663.88,71.73,97,1.2125,3538.45
7663.88,71.87,95,0.0,3538.45
7663.88,71.61,86,2.4375,3538.45
7663.88,73.47,86,0.0,3538.45
7663.88,72.82,100,0.0,3538.45
7663.88,72.78,100,0.0,3538.45
7663.88,71.58,95,1.225,3538.45
7663.88,71.6,95,0.0,3538.45
7663.88,71.85,97,0.0,3538.45
7663.88,71.53,97,0.0,3538.45
7663.88,72.24,97,1.225,3538.45
7663.88,72.02,97,0.0,3538.45
7663.88,72.24,97,0.0,3538.45
7663.88,72.24,97,1.2125,3538.45
7663.88,70.21,97,0.0,3538.45
7663.88,70.5,97,0.0,3538.45
7663.88,70.73,97,0.0,3538.45
7663.88,72.18,94,1.25,3538.45
7663.88,72.23,94,0.0,3538.45
7663.88,72.12,97,0.0,3538.45
7663.88,72.2,97,0.0,3538.45
7663.88,72.33,97,1.25,3538.45
7663.88,72.29,97,0.0,3538.45
7663.88,72.26,97,0.0,3538.45
7663.88,72.16,97,1.2375,3538.45
7663.88,72.34,96,1.2375,3538.45
7663.88,72.24,98,0.0,3538.45
7663.88,72.42,98,0.0,3538.45
7663.88,72.23,98,1.25,3538.45
7663.88,72.37,98,0.0,3538.45
7663.88,72.37,98,0.0,3538.45
7663.88,72.25,98,0.0,3538.45
7663.88,72.44,98,1.2375,3538.45
7663.88,72.28,98,0.0,3538.45
7663.88,72.49,98,0.0,3538.45
7663.88,72.24,96,0.0,3538.45
7663.88,72.54,98,1.2375,3538.45
7663.88,72.37,98,0.0,3538.45
7663.88,72.52,97,0.0,3538.45
7663.88,72.69,97,0.0,3538.45
7663.88,72.56,97,1.2375,3538.45
7663.88,72.62,97,1.25,3538.45
7663.88,73.35,91,0.0,3538.45
7663.88,73.32,91,0.0,3538.45
7663.88,72.79,100,1.25,3538.45
7663.88,72.86,100,0.0,3538.45
7663.88,73.05,100,0.0,3538.45
7663.88,73.12,100,1.25,3538.45
7663.88,72.83,96,0.0,3538.45
7663.88,73.17,96,0.0,3538.45
7663.88,73.11,97,0.0,3538.45
7663.88,73.25,97,1.25,3538.45
7663.88,73.31,96,0.0,3538.45
7663.88,72.33,96,0.0,3538.45
7663.88,72.17,97,1.2375,3538.45
7663.88,72.53,97,0.0,3538.45
7663.88,72.69,97,0.0,3538.45
7663.88,72.18,97,1.2375,3538.45
7663.88,72.42,97,0.0,3538.45
7663.88,72.62,98,0.0,3538.45
7663.88,72.53,98,0.0,3538.45
7663.88,72.24,97,1.2375,3538.45
7663.88,72.24,96,0.0,3538.45
7663.88,72.23,96,0.0,3538.45
7663.88,71.92,97,1.2125,3538.45
7663.88,71.95,97,0.0,3538.45
7663.88,71.91,97,0.0,3538.45
7663.88,71.76,97,1.2125,3538.45
7663.88,72.04,97,0.0,3538.45
7663.88,72.1,97,0.0,3538.45
7663.88,71.79,96,1.225,3538.45
7663.88,71.75,96,0.0,3538.45
7663.88,71.72,97,1.2125,3538.45
7663.88,71.75,97,0.0,3538.45
7663.88,71.72,97,0.0,3538.45
7663.88,71.79,97,1.2125,3538.45
7663.88,71.67,98,0.0,3538.45
7663.88,71.85,98,0.0,3538.45
7663.88,71.73,98,1.2125,3538.45
7663.88,71.8,98,0.0,3538.45
7663.88,71.64,97,0.0,3538.45
7663.88,71.91,98,0.0,3538.45
7663.88,71.98,98,1.2125,3538.45
7663.88,71.6,90,1.2125,3538.45
7663.88,71.0,90,0.0,3538.45
7663.88,71.0,100,1.2125,3538.45
7663.88,70.53,100,0.0,3538.45
7663.88,70.78,97,0.0,3538.45
7663.88,71.19,97,1.2125,3538.45
7663.88,71.17,97,0.0,3538.45
7663.88,71.21,98,0.0,3538.45
7663.88,71.1,98,0.0,3538.45
7663.88,71.03,98,1.2125,3538.45
7663.88,70.56,98,0.0,3538.45
7663.88,70.56,97,0.0,3538.45
7663.88,70.74,97,1.2125,3538.45
7663.88,71.24,98,0.0,3538.45
7663.88,71.8,98,0.0,3538.45
7663.88,71.8,98,0.0,3538.45
7663.88,71.82,98,1.175,3538.45
7663.88,71.75,98,0.0,3538.45
7663.88,71.84,98,1.2125,3538.45
7663.88,71.57,98,0.0,3538.45
7663.88,71.61,97,0.0,3538.45
7663.88,71.88,97,2.425,3538.45
7663.88,72.76,89,0.0,3538.45
7663.88,73.15,89,2.4375,3538.45
7663.88,72.59,100,0.0,3538.45
7663.88,72.91,100,1.2125,3538.45
7663.88,72.78,97,0.0,3538.45
7663.88,72.86,97,0.0,3538.45
7663.88,72.55,98,0.0,3538.45
7663.88,72.75,98,1.2375,3538.45
7663.88,72.91,98,0.0,3538.45
7663.88,72.92,98,1.2125,3538.45
7663.88,72.89,98,0.0,3538.45
7663.88,71.86,98,0.0,3538.45
7663.88,71.62,98,0.0,3538.45
7663.88,72.27,98,1.2125,3538.57
7663.88,72.08,98,0.0,3538.57
7663.88,71.97,97,0.0,3538.57
7663.88,71.98,97,1.2125,3538.57
7663.88,71.91,97,0.0,3538.57
7663.88,71.88,98,0.0,3538.57
7663.88,71.76,98,1.2125,3538.57
7663.88,71.68,98,0.0,3538.57
7663.88,71.75,98,0.0,3538.57
7663.88,71.7,98,1.2125,3538.57
7663.88,71.85,98,0.0,3538.57
7663.88,71.87,98,0.0,3538.57
7663.88,72.24,98,1.2125,3538.57
7663.88,72.11,97,0.0,3538.57
7663.88,72.39,98,0.0,3538.57
7663.88,72.34,98,1.2125,3538.57
7663.88,72.07,98,0.0,3538.57
7663.88,71.99,98,0.0,3538.57
7663.88,71.92,98,1.2125,3538.57
7663.88,72.01,98,0.0,3538.57
7663.88,72.29,97,0.0,3538.57
7663.88,72.33,98,0.0,3538.57
7663.88,72.17,98,1.2125,3538.57
7663.88,71.92,98,0.0,3538.57
7663.88,72.44,98,1.2125,3538.57
7663.88,72.21,98,1.2125,3538.57
7663.88,71.89,91,0.0,3538.57
7663.88,71.96,91,0.0,3538.57
7663.88,72.59,98,2.4375,3538.57
7663.88,72.77,98,0.0,3538.57
7663.88,72.85,98,0.0,3538.57
7663.88,72.83,97,1.2125,3538.57
7663.88,72.97,97,0.0,3538.57
7663.88,72.89,97,0.0,3538.57
7663.88,72.99,98,0.0,3538.57
7663.88,72.13,98,1.2125,3538.57
7663.88,71.99,98,0.0,3538.57
7663.88,72.43,98,0.0,3538.57
7663.88,72.45,98,1.2125,3538.57
7663.88,72.28,98,0.0,3538.57
7663.88,72.12,98,0.0,3538.57
7663.88,72.18,98,0.0,3538.57
7663.88,71.92,97,1.225,3538.57
7663.88,71.83,98,0.0,3538.57
7663.88,71.66,98,0.0,3538.57
7663.88,71.58,98,1.2125,3538.57
7663.88,71.58,98,0.0,3538.57
7663.88,71.94,98,0.0,3538.57
7663.88,72.13,98,1.2125,3538.57
7663.88,72.43,97,0.0,3538.57
7663.88,72.43,97,0.0,3538.57
7663.88,72.27,98,1.2125,3538.57
7663.88,72.27,98,0.0,3538.57
7663.88,71.97,98,2.4375,3538.57
7663.88,68.95,98,0.0,3538.57
7663.88,68.72,90,0.0,3538.57
7663.88,68.8,90,1.2125,3538.57
7663.88,68.66,100,0.0,3538.57
7663.88,69.0,100,1.2125,3538.57
7663.88,68.98,96,1.2125,3538.57
7663.88,69.11,96,0.0,3538.57
7663.88,69.11,98,0.0,3538.57
7663.88,69.06,98,0.0,3538.57
7663.88,69.21,98,1.2125,3538.57
7663.88,69.21,98,0.0,3538.57
7663.88,72.11,98,0.0,3538.57
7663.88,72.09,98,0.0,3538.57
7663.88,72.12,98,1.2125,3538.57
7663.88,72.04,98,0.0,3538.57
7663.88,72.18,97,0.0,3538.57
7663.88,72.21,97,0.0,3538.57
7663.88,71.97,98,1.2125,3538.57
7663.88,71.97,98,0.0,3538.57
7663.88,72.16,98,0.0,3538.57
7663.88,72.1,98,1.2125,3538.57
7663.88,72.16,98,0.0,3538.57
7663.88,71.99,98,1.2125,3538.57
7663.88,72.29,97,1.2125,3538.57
7663.88,72.32,97,0.0,3538.57
7663.88,72.78,98,0.0,3538.57
7663.88,72.54,98,1.2,3538.57
7663.88,72.36,98,0.0,3538.57
7663.88,72.31,98,0.0,3538.57
7663.88,72.17,98,0.0,3538.57
7663.88,71.96,98,1.2125,3538.57
7663.88,71.89,98,0.0,3538.57
7663.88,71.83,97,0.0,3538.57
7663.88,71.94,97,0.0,3538.57
7663.88,71.91,98,1.2125,3538.57
7663.88,71.84,98,0.0,3538.57
7663.88,71.68,98,0.0,3538.57
7663.88,71.95,98,1.2125,3538.57
7663.88,71.83,98,1.2125,3538.57
7663.88,72.68,98,0.0,3538.57
7663.88,72.62,91,1.2125,3538.57
7663.88,72.06,91,0.0,3538.57
7663.88,72.15,98,0.0,3538.57
7663.88,72.61,98,1.2125,3538.57
7663.88,72.81,98,0.0,3538.57
7663.88,72.9,98,0.0,3538.57
7663.88,72.84,98,2.4375,3538.57
7663.88,72.85,98,0.0,3538.57
7663.88,72.81,98,0.0,3538.57
7663.88,72.81,98,1.2125,3538.57
7663.88,72.01,97,0.0,3538.57
7663.88,71.93,98,0.0,3538.57
7663.88,72.35,98,1.2125,3538.57
7663.88,72.43,98,0.0,3538.57
7663.88,72.16,98,0.0,3538.57
7663.88,72.06,98,0.0,3538.57
7663.88,72.04,98,1.2125,3538.57
7663.88,71.95,98,0.0,3538.57
7663.88,71.76,98,0.0,3538.57
7663.88,71.68,97,1.2125,3538.57
7663.88,71.6,97,0.0,3538.57
7663.88,71.62,98,0.0,3538.57
7663.88,72.21,98,1.2125,3538.57
7663.88,72.15,98,0.0,3538.57
7663.88,72.11,98,0.0,3538.57
7663.88,71.9,98,1.2125,3538.57
7663.88,71.92,98,0.0,3538.57
7663.88,71.76,97,0.0,3538.57
7663.88,71.59,97,0.0,3538.57
7663.88,71.6,98,2.425,3538.57
7663.88,71.48,98,0.0,3538.57
7663.88,71.54,98,0.0,3538.57
7663.88,71.68,98,0.0,3538.57
7663.88,71.73,98,1.2125,3538.57
7663.88,71.76,98,0.0,3538.57
7663.88,72.12,98,2.425,3538.57
7663.88,72.0,98,0.0,3538.57
7663.88,72.73,88,0.0,3538.57
7663.88,72.46,88,1.2125,3538.57
7663.88,72.12,100,0.0,3538.57
7663.88,72.25,100,0.0,3538.57
7663.88,72.81,93,1.2125,3538.57
7663.88,73.0,97,0.0,3538.57
7663.88,73.13,97,0.0,3538.57
7663.88,73.06,96,0.0,3538.57
7663.88,73.1,96,1.2125,3538.57
7663.88,72.79,95,0.0,3538.57
7663.88,72.12,95,0.0,3538.57
7663.88,72.33,97,0.0,3538.57
7663.88,72.63,97,1.2125,3538.57
7663.88,72.64,97,0.0,3538.57
7663.88,72.32,97,0.0,3538.57
7663.88,72.39,96,1.2125,3538.57
7663.88,72.14,96,0.0,3538.57
7663.88,71.72,95,0.0,3538.57
7663.88,71.64,95,1.2125,3538.57
7663.88,71.72,97,0.0,3538.57
7663.88,71.41,97,0.0,3538.57
7663.88,71.49,97,1.2125,3538.57
7663.88,71.37,97,0.0,3538.57
7663.88,71.81,97,1.225,3538.57
7663.88,71.59,97,0.0,3538.57
7663.88,71.86,98,1.1875,3538.57
7663.88,70.77,98,0.0,3538.57
7663.88,71.09,95,0.0,3538.57
7663.88,71.23,95,1.2,3538.57
7663.88,71.22,97,0.0,3538.57
7663.88,71.07,97,0.0,3538.57
7663.88,71.12,98,1.2125,3538.57
7663.88,71.08,97,0.0,3538.57
7663.88,71.49,97,0.0,3538.57
7663.88,71.51,97,1.2,3538.57
7663.88,71.22,97,0.0,3538.57
7663.88,72.3,97,0.0,3538.57
7663.88,73.83,97,2.4125,3538.57
7663.88,73.48,91,0.0,3538.57
7663.88,73.05,91,0.0,3538.57
7663.88,73.28,100,1.2125,3538.57
7663.88,72.94,100,0.0,3538.57
7663.88,73.13,97,0.0,3538.57
7663.88,73.19,97,0.0,3538.57
7663.88,73.45,98,1.25,3538.57
7663.88,73.75,98,0.0,3538.57
7663.88,73.92,96,0.0,3538.57
7663.88,73.91,96,0.0,3538.57
7663.88,72.06,96,1.25,3538.57
7663.88,72.52,97,0.0,3538.57
7663.88,72.62,97,0.0,3538.57
7663.88,72.62,97,1.25,3538.57
7663.88,72.51,97,0.0,3538.57
7663.88,72.84,98,0.0,3538.57
7663.88,72.84,97,1.25,3538.57
7663.88,72.74,97,0.0,3538.57
7663.88,72.75,97,0.0,3538.57
7663.88,72.56,98,0.0,3538.57
7663.88,72.24,98,1.25,3538.57
7663.88,72.28,98,1.25,3538.57
7663.88,72.25,91,0.0,3538.57
7663.88,72.28,91,1.2375,3538.57
7663.88,71.47,99,0.0,3538.57
7663.88,71.83,99,0.0,3538.57
7663.88,71.96,98,1.25,3538.57
7663.88,72.01,98,0.0,3538.57
7663.88,71.82,98,1.2375,3538.57
7663.88,71.82,98,1.2375,3538.57
7663.88,70.96,96,0.0,3538.57
7663.88,71.17,96,0.0,3538.57
7663.88,70.91,97,1.2375,3538.57
7663.88,70.88,97,0.0,3538.57
7663.88,70.79,97,0.0,3538.57
7663.88,71.69,97,0.0,3538.57
7663.88,71.61,97,1.2375,3538.57
7663.88,71.59,97,1.2375,3538.57
7663.88,73.04,90,0.0,3538.57
7663.88,72.97,90,0.0,3538.57
7663.88,72.35,100,1.2375,3538.57
7663.88,73.23,100,0.0,3538.57
7663.88,73.14,97,0.0,3538.57
7663.88,73.4,97,0.0,3538.57
7663.88,73.55,96,1.2375,3538.57
7663.88,73.89,96,0.0,3538.57
7663.88,74.07,96,0.0,3538.57
7663.88,74.11,97,0.0,3538.57
7663.88,73.87,97,1.2125,3538.57
7663.88,72.12,97,0.0,3538.57
7663.88,71.7,97,0.0,3538.57
7663.88,72.24,97,0.0,3538.57
7663.88,71.97,97,1.2,3538.57
7663.88,71.97,97,0.0,3538.57
7663.88,71.94,97,1.2125,3538.57
7663.88,71.94,97,0.0,3538.57
7663.88,71.93,98,2.425,3538.57
7663.88,71.08,98,0.0,3538.57
7663.88,70.47,91,1.2125,3538.57
7663.88,70.09,91,0.0,3538.57
7663.88,70.77,99,0.0,3538.57
7663.88,70.77,99,1.2125,3538.57
7663.88,70.93,98,0.0,3538.57
7663.88,71.18,98,0.0,3538.57
7663.88,71.23,97,1.2125,3538.57
7663.88,71.89,97,0.0,3538.57
7663.88,71.58,96,0.0,3538.57
7663.88,72.06,96,1.2125,3538.57
7663.88,72.38,98,0.0,3538.57
7663.88,72.38,98,1.2125,3538.57
7663.88,71.7,95,0.0,3538.57
7663.88,71.92,95,0.0,3538.57
7663.88,71.56,94,1.2125,3538.57
7663.88,70.0,94,0.0,3538.57
7663.88,70.12,97,0.0,3538.57
7663.88,70.12,97,0.0,3538.57
7663.88,70.21,97,1.25,3538.57
7663.88,70.21,97,0.0,3538.57
7663.88,70.06,97,0.0,3538.57
7663.88,70.36,97,0.0,3538.57
7663.88,70.36,98,1.2375,3538.57
7663.88,70.96,98,0.0,3538.57
7663.88,71.08,98,1.1625,3538.57
7663.88,71.03,91,0.0,3538.57
7663.88,72.86,91,1.25,3538.57
7663.88,72.25,100,0.0,3538.57
7663.88,72.25,100,0.0,3538.57
7663.88,72.01,97,0.0,3538.57
7663.88,72.49,97,1.25,3538.57
7663.88,72.49,97,0.0,3538.57
7663.88,72.6,97,0.0,3538.57
7663.88,72.35,98,0.0,3538.57
7663.88,72.36,98,1.2375,3538.57
7663.88,72.66,96,0.0,3538.57
7663.88,72.31,96,0.0,3538.57
7663.88,72.56,97,1.25,3538.57
7663.88,72.39,97,0.0,3538.57
7663.88,72.47,98,1.25,3538.57
7663.88,72.38,98,0.0,3538.57
7663.88,72.18,97,0.0,3538.57
7663.88,72.3,97,0.0,3538.57
7663.88,71.75,97,1.2375,3538.57
7663.88,72.2,97,0.0,3538.57
7663.88,72.39,97,0.0,3538.57
7663.88,72.35,97,2.4375,3538.57
7663.88,69.45,90,0.0,3538.57
7663.88,69.42,90,0.0,3538.57
7663.88,69.45,99,1.25,3538.57
7663.88,67.5,99,0.0,3538.57
7663.88,67.63,95,0.0,3538.57
7663.88,67.68,95,0.0,3538.57
7663.88,67.69,97,1.25,3538.57
7663.88,68.07,97,0.0,3538.57
7663.88,68.18,95,0.0,3538.57
7663.88,67.98,95,0.0,3538.57
7663.88,67.97,97,0.0,3538.57
7663.88,70.65,97,1.25,3538.57
7663.88,70.65,97,0.0,3538.57
7663.88,70.54,97,1.25,3538.57
7663.88,74.35,89,1.25,3538.57
7663.88,73.81,89,0.0,3538.57
7663.88,73.66,100,0.0,3538.57
7663.88,73.42,100,0.0,3538.57
7663.88,73.89,95,1.2375,3538.57
7663.88,73.46,95,0.0,3538.57
7663.88,73.86,96,0.0,3538.57
7663.88,73.77,96,0.0,3538.57
7663.88,73.75,98,1.2125,3538.57
7663.88,73.8,98,0.0,3538.57
7663.88,73.92,98,0.0,3538.57
7663.88,71.98,98,0.0,3538.57
7663.88,71.93,98,2.375,3538.57
7663.88,71.85,98,0.0,3538.57
7663.88,71.23,97,0.0,3538.57
7663.88,71.22,97,1.2125,3538.57
7663.88,71.56,98,0.0,3538.57
7663.88,71.29,98,0.0,3538.57
7663.88,71.07,98,1.2125,3538.57
7663.88,71.23,98,0.0,3538.57
7663.88,71.25,98,0.0,3538.57
7663.88,71.41,98,1.2125,3538.57
7663.88,71.25,98,0.0,3538.57
7663.88,71.3,96,0.0,3538.57
7663.88,71.55,96,1.2125,3538.57
7663.88,72.6,98,0.0,3538.57
7663.88,72.37,98,0.0,3538.57
7663.88,72.15,98,0.0,3538.57
7663.88,72.29,98,0.0,3538.57
7663.88,72.32,98,1.25,3538.57
7663.88,72.2,98,0.0,3538.57
7663.88,72.07,98,0.0,3538.57
7663.88,72.13,98,0.0,3538.57
7663.88,72.47,96,0.0,3538.57
7663.88,72.3,96,1.25,3538.57
7663.88,73.2,85,1.25,3538.57
7663.88,72.88,85,0.0,3538.57
7663.88,72.22,100,0.0,3538.57
7663.88,72.25,100,0.0,3538.57
7663.88,72.37,100,1.2375,3538.57
7663.88,72.45,96,0.0,3538.57
7663.88,72.42,96,0.0,3538.57
7663.88,72.42,97,1.25,3538.57
7663.88,72.56,97,0.0,3538.57
7663.88,72.57,97,0.0,3538.57
7663.88,72.55,97,0.0,3538.57
7663.88,72.5,97,1.2375,3538.57
7663.88,71.4,96,0.0,3538.57
7663.88,71.29,96,0.0,3538.57
7663.88,72.15,97,1.25,3538.57
7663.88,72.06,97,0.0,3538.57
7663.88,71.89,97,0.0,3538.57
7663.88,71.89,97,0.0,3538.57
7663.88,72.14,97,2.4875,3538.57
7663.88,71.97,97,0.0,3538.57
7663.88,73.55,89,0.0,3538.57
7663.88,73.36,89,1.25,3538.57
7663.88,73.37,98,0.0,3538.57
7663.88,73.83,98,0.0,3538.57
7663.88,74.0,98,0.0,3538.57
7663.88,74.17,98,1.25,3538.57
7663.88,74.15,98,0.0,3538.57
7663.88,74.21,98,0.0,3538.57
7663.88,73.88,98,1.2375,3538.57
7663.88,73.98,98,0.0,3538.57
7663.88,71.97,97,0.0,3538.57
7663.88,72.12,97,1.25,3538.57
7663.88,72.23,98,1.2375,3538.57
7663.88,72.28,98,0.0,3538.57
7663.88,72.17,98,0.0,3538.57
7663.88,71.99,98,1.25,3538.57
7663.88,71.8,98,0.0,3538.57
7663.88,71.77,98,0.0,3538.57
7663.88,71.78,98,0.0,3538.57
7663.88,72.1,98,1.2125,3538.57
7663.88,72.14,97,0.0,3538.57
7663.88,72.22,97,1.2125,3538.57
7663.88,72.22,98,0.0,3538.57
7663.88,72.57,98,1.2375,3538.57
7663.88,72.91,87,0.0,3538.57
7663.88,73.09,100,1.2375,3538.57
7663.88,72.51,100,0.0,3538.57
7663.88,72.49,100,0.0,3538.57
7663.88,72.67,96,1.25,3538.57
7663.88,72.61,98,0.0,3538.57
7663.88,72.44,98,0.0,3538.57
7663.88,72.44,98,0.0,3538.57
7663.88,72.46,98,1.2375,3538.57
7663.88,72.61,98,0.0,3538.57
7663.88,72.57,98,0.0,3538.57
7663.88,71.97,98,1.2375,3538.57
7663.88,71.66,98,0.0,3538.57
7663.88,72.08,98,0.0,3538.57
7663.88,72.35,97,1.2375,3538.57
7663.88,72.22,97,0.0,3538.57
7663.88,72.39,98,0.0,3538.57
7663.88,72.22,98,0.0,3538.57
7663.88,72.41,98,2.4875,3538.57
7663.88,72.49,98,0.0,3538.57
7663.88,72.45,98,0.0,3538.57
7663.88,72.24,97,0.0,3538.57
7663.88,72.49,97,1.2375,3538.57
7663.88,72.67,98,0.0,3538.57
7663.88,72.72,98,0.0,3538.57
7663.88,72.2,98,1.25,3538.57
7663.88,72.12,98,0.0,3538.57
7663.88,71.92,98,0.0,3538.57
7663.88,72.01,98,0.0,3538.57
7663.88,72.01,98,1.2375,3538.57
7663.88,71.79,98,0.0,3538.57
7663.88,71.85,98,0.0,3538.57
7663.88,71.78,97,0.0,3538.57
7663.88,71.79,97,1.2375,3538.57
7663.88,71.63,98,0.0,3538.57
7663.88,71.83,98,0.0,3538.57
7663.88,71.65,98,1.25,3538.57
7663.88,71.94,98,1.2375,3538.57
7663.88,71.97,98,0.0,3538.57
7663.88,72.76,98,1.25,3538.57
7663.88,72.64,89,0.0,3538.57
7663.88,72.16,89,0.0,3538.57
7663.88,72.29,96,1.225,3538.57
7663.88,72.68,96,0.0,3538.57
7663.88,72.67,96,0.0,3538.57
7663.88,73.0,97,0.0,3538.57
7663.88,72.67,97,1.2125,3538.57
7663.88,72.84,97,0.0,3538.57
7663.88,72.67,97,0.0,3538.57
7663.88,72.77,97,1.2125,3538.57
7663.88,71.92,97,1.2125,3538.57
7663.88,71.88,97,0.0,3538.57
7663.88,72.26,97,1.2,3538.57
7663.88,72.22,95,0.0,3538.57
7663.88,72.3,95,0.0,3538.57
7663.88,71.93,97,1.2125,3538.57
7663.88,72.17,97,0.0,3538.57
7663.88,71.99,97,0.0,3538.57
7663.88,72.15,97,1.2125,3538.57
7663.88,71.75,98,0.0,3538.57
7663.88,71.95,98,0.0,3538.57
7663.88,71.24,96,0.0,3538.57
7663.88,71.75,96,1.2125,3538.57
7663.88,71.65,98,0.0,3538.57
7663.88,71.63,98,1.225,3538.57
7663.88,71.48,98,0.0,3538.57
7663.88,71.67,98,0.0,3538.57
7663.88,71.67,98,0.0,3538.57
7663.88,71.79,98,1.2125,3538.57
7663.88,71.6,98,0.0,3538.57
7663.88,71.23,98,0.0,3538.57
7663.88,71.32,97,0.0,3538.57
7663.88,72.35,97,1.2125,3538.57
7663.88,72.19,98,0.0,3538.57
7663.88,72.05,98,1.2125,3538.57
7663.88,72.01,98,1.2125,3538.57
7663.88,71.94,98,1.2125,3538.57
7663.88,73.99,88,0.0,3538.57
7663.88,73.47,88,1.2125,3538.57
7663.88,73.29,100,0.0,3538.57
7663.88,72.15,100,0.0,3538.57
7663.88,72.83,97,0.0,3538.57
7663.88,72.72,97,1.2125,3538.57
7663.88,72.73,98,0.0,3538.57
7663.88,72.75,98,0.0,3538.57
7663.88,73.02,98,1.2125,3538.57
7663.88,72.74,98,0.0,3538.57
7663.88,72.89,98,0.0,3538.57
7663.88,70.52,96,0.0,3538.57
7663.88,70.93,96,1.2375,3538.57
7663.88,70.71,98,0.0,3538.57
7663.88,71.81,98,1.2375,3538.57
7663.88,71.74,98,0.0,3538.57
7663.88,70.75,98,2.4875,3538.57
7663.88,70.5,91,0.0,3538.57
7663.88,70.5,91,0.0,3538.57
7663.88,70.78,100,1.2375,3538.57
7663.88,70.78,100,0.0,3538.57
7663.88,70.64,100,0.0,3538.57
7663.88,70.42,100,0.0,3538.57
7663.88,71.05,96,1.2375,3538.57
7663.88,71.36,96,0.0,3538.57
7663.88,71.42,98,0.0,3538.57
7663.88,71.34,98,1.25,3538.57
7663.88,72.48,98,0.0,3538.57
7663.88,72.63,98,0.0,3538.57
7663.88,72.61,98,1.25,3538.57
7663.88,72.2,98,0.0,3538.57
7663.88,72.24,96,0.0,3538.57
7663.88,72.19,96,0.0,3538.57
7663.88,72.46,98,1.2375,3538.57
7663.88,72.14,98,0.0,3538.57
7663.88,72.22,98,0.0,3538.57
7663.88,72.2,98,0.0,3538.57
7663.88,72.33,98,1.2375,3538.57
7663.88,72.33,98,0.0,3538.57
7663.88,71.99,98,0.0,3538.57
7663.88,71.59,96,1.225,3538.57
7663.88,71.59,96,0.0,3538.57
7663.88,71.59,98,0.0,3538.57
7663.88,71.28,98,1.2375,3538.57
7663.88,71.47,98,0.0,3538.57
7663.88,71.64,98,0.0,3538.57
7663.88,71.87,98,0.0,3538.57
7663.88,71.89,98,2.4875,3538.57
7663.88,71.75,98,0.0,3538.57
7663.88,71.63,96,0.0,3538.57
7663.88,71.77,96,0.0,3538.57
7663.88,71.84,98,1.2375,3538.57
7663.88,71.9,98,0.0,3538.57
7663.88,72.07,98,0.0,3538.57
7663.88,72.14,98,1.2375,3538.57
7663.88,72.15,98,1.225,3538.57
7663.88,72.79,98,0.0,3538.57
7663.88,72.54,92,1.225,3538.57
7663.88,72.22,92,0.0,3538.57
7663.88,71.81,98,0.0,3538.57
7663.88,71.99,98,1.225,3538.57
7663.88,72.08,98,0.0,3538.57
7663.88,72.36,98,0.0,3538.57
7663.88,72.58,98,0.0,3538.57
7663.88,72.89,98,1.2125,3538.57
7663.88,72.97,97,0.0,3538.57
7663.88,72.36,97,0.0,3538.57
7663.88,71.65,96,0.0,3538.57
7663.88,71.54,96,1.2125,3538.57
7663.88,71.8,98,0.0,3538.57
7663.88,72.08,98,0.0,3538.57
7663.88,72.07,98,1.2125,3538.57
7663.88,71.93,98,0.0,3538.57
7663.88,71.85,98,0.0,3538.57
7663.88,71.25,97,0.0,3538.57
7663.88,71.2,97,1.2125,3538.57
7663.88,71.45,97,1.2125,3538.57
7663.88,71.31,98,0.0,3538.57
7663.88,71.21,98,1.15,3538.57
7663.88,73.27,98,1.1875,3538.57
7663.88,72.83,98,0.0,3538.57
7663.88,72.75,88,1.25,3538.57
7663.88,72.78,88,0.0,3538.57
7663.88,73.24,97,0.0,3538.57
7663.88,73.4,97,1.2125,3538.57
7663.88,74.22,97,0.0,3538.57
7663.88,74.17,97,0.0,3538.57
7663.88,74.17,98,0.0,3538.57
7663.88,74.05,98,1.2125,3538.57
7663.88,74.04,98,1.2125,3538.57
7663.88,72.0,98,0.0,3538.57
7663.88,72.32,98,0.0,3538.57
7663.88,72.18,97,1.2125,3538.57
7663.88,72.23,97,0.0,3538.57
7663.88,72.19,98,0.0,3538.57
7663.88,72.0,98,1.2125,3538.57
7663.88,71.78,98,0.0,3538.57
7663.88,71.61,98,0.0,3538.57
7663.88,71.61,98,0.0,3538.57
7663.88,72.0,98,1.2125,3538.57
7663.88,72.22,98,0.0,3538.57
7663.88,72.22,98,0.0,3538.57
7663.88,72.68,96,1.2125,3538.57
7663.88,72.68,96,0.0,3538.57
7663.88,72.73,98,0.0,3538.57
7663.88,72.73,98,0.0,3538.57
7663.88,72.72,98,1.2125,3538.57
7663.88,72.63,98,0.0,3538.57
7663.88,72.63,98,0.0,3538.57
7663.88,72.61,98,1.2125,3538.57
7663.88,72.61,96,0.0,3538.57
7663.88,72.56,96,0.0,3538.57
7663.88,72.5,98,0.0,3538.57
7663.88,72.64,98,1.2125,3538.57
7663.88,72.62,98,0.0,3538.57
7663.88,72.32,98,0.0,3538.57
7663.88,72.32,98,2.225,3538.57
7663.88,72.4,84,0.0,3538.57
7663.88,71.97,84,1.25,3538.57
7663.88,70.87,100,0.0,3538.57
7663.88,70.87,100,0.0,3538.57
7663.88,70.86,95,1.2125,3538.57
7663.88,71.33,95,0.0,3538.57
7663.88,71.39,97,0.0,3538.57
7663.88,71.6,97,1.2125,3538.57
7663.88,71.49,97,0.0,3538.57
7663.88,71.5,97,0.0,3538.57
7663.88,71.33,97,1.2125,3538.57
7663.88,71.83,97,1.2375,3538.57
7663.88,72.81,96,0.0,3538.57
7663.88,72.7,96,0.0,3538.57
7663.88,72.89,97,1.2125,3538.57
7663.88,72.99,97,0.0,3538.57
7663.88,72.8,97,0.0,3538.57
7663.88,72.81,97,2.425,3538.57
7663.88,74.05,90,0.0,3538.57
7663.88,73.3,90,0.0,3538.57
7663.88,72.92,100,1.2125,3538.57
7663.88,72.52,96,0.0,3538.57
7663.88,72.54,96,0.0,3538.57
7663.88,72.58,97,1.2125,3538.57
7663.88,72.7,97,0.0,3538.57
7663.88,72.69,97,0.0,3538.57
7663.88,72.48,97,0.0,3538.57
7663.88,72.43,97,1.2125,3538.57
7663.88,70.84,97,0.0,3538.57
7663.88,71.35,96,0.0,3538.57
7663.88,71.45,96,0.0,3538.57
7663.88,71.75,97,1.2,3538.57
7663.88,71.45,97,0.0,3538.57
7663.88,71.69,97,0.0,3538.57
7663.88,71.72,97,1.2125,3538.57
7663.88,71.83,98,0.0,3538.57
7663.88,71.6,98,0.0,3538.57
7663.88,71.78,97,1.2125,3538.57
7663.88,71.36,97,1.2125,3538.57
7663.88,71.34,98,0.0,3538.57
7663.88,71.26,98,0.0,3538.57
7663.88,71.48,98,0.0,3538.57
7663.88,71.55,98,1.2125,3538.57
7663.88,71.55,98,0.0,3538.57
7663.88,71.88,98,0.0,3538.57
7663.88,72.03,98,1.2125,3538.57
7663.88,72.03,98,0.0,3538.57
7663.88,72.22,97,0.0,3538.57
7663.88,72.04,97,1.2125,3538.57
7663.88,72.06,98,0.0,3538.57
7663.88,72.06,98,0.0,3538.57
7663.88,72.33,98,0.0,3538.57
7663.88,72.49,98,1.2125,3538.57
7663.88,72.77,98,0.0,3538.57
7663.88,72.61,98,1.2125,3538.57
7663.88,72.94,97,0.0,3538.57
7663.88,70.12,97,1.2125,3538.57
7663.88,69.88,91,0.0,3538.57
7663.88,69.71,91,0.0,3538.57
7663.88,69.36,98,1.2125,3538.57
7663.88,69.53,98,1.2125,3538.57
7663.88,69.87,97,0.0,3538.57
7663.88,70.0,97,1.225,3538.57
7663.88,70.13,98,0.0,3538.57
7663.88,69.95,98,0.0,3538.57
7663.88,69.71,98,1.2125,3538.57
7663.88,69.5,98,0.0,3538.57
7663.88,72.09,98,0.0,3538.57
7663.88,72.1,98,1.2125,3538.57
7663.88,72.0,98,0.0,3538.57
7663.88,72.31,96,0.0,3538.57
7663.88,72.31,96,1.2125,3538.57
7663.88,72.15,98,0.0,3538.57
7663.88,72.02,98,0.0,3538.57
7663.88,72.14,98,1.2125,3538.57
7663.88,72.48,98,0.0,3538.57
7663.88,72.36,98,0.0,3538.57
7663.88,72.36,98,1.2125,3538.57
7663.88,72.12,97,0.0,3538.57
7663.88,72.3,97,0.0,3538.57
7663.88,72.37,98,0.0,3538.57
7663.88,72.4,98,1.2125,3538.57
7663.88,72.32,98,0.0,3538.57
7663.88,72.31,98,0.0,3538.57
7663.88,72.38,98,1.2125,3538.57
7663.88,72.25,98,0.0,3538.57
7663.88,72.12,98,1.2125,3538.57
7663.88,71.43,97,0.0,3538.57
7663.88,71.42,97,0.0,3538.57
7663.88,71.61,98,0.0,3538.57
7663.88,71.56,98,1.2125,3538.57
7663.88,71.71,98,0.0,3538.57
7663.88,71.69,98,1.1375,3538.57
7663.88,73.3,88,1.1875,3538.57
7663.88,73.16,88,0.0,3538.57
7663.88,73.17,100,0.0,3538.57
7663.88,73.06,100,1.2375,3538.57
7663.88,73.85,97,0.0,3538.57
7663.88,74.06,97,0.0,3538.57
7663.88,74.27,97,1.2125,3538.57
7663.88,74.36,97,0.0,3538.57
7663.88,74.28,97,0.0,3538.57
7663.88,74.09,98,1.225,3538.57
7663.88,74.03,98,0.0,3538.57
7663.88,72.48,98,0.0,3538.57
7663.88,72.36,98,1.2125,3538.57
7663.88,72.37,98,0.0,3538.57
7663.88,72.45,98,1.2,3538.57
7663.88,72.45,98,1.225,3538.57
7663.88,72.43,97,0.0,3538.57
7663.88,72.3,97,0.0,3538.57
7663.88,72.05,98,1.2125,3538.57
7663.88,72.05,98,0.0,3538.57
7663.88,72.18,98,0.0,3538.57
7663.88,72.03,98,0.0,3538.57
7663.88,71.92,98,1.2125,3538.57
7663.88,71.94,98,1.175,3538.57
7663.88,72.02,97,0.0,3538.57
7663.88,72.19,97,0.0,3538.57
7663.88,72.47,91,1.2125,3538.57
7663.88,71.46,91,0.0,3538.57
7663.88,71.78,97,0.0,3538.57
7663.88,72.06,97,1.2125,3538.57
7663.88,72.18,97,0.0,3538.57
7663.88,72.31,97,0.0,3538.57
7663.88,72.37,98,1.2125,3538.57
7663.88,72.1,98,0.0,3538.57
7663.88,72.28,98,0.0,3538.57
7663.88,72.12,98,0.0,3538.57
7663.88,71.91,98,1.2125,3538.57
7663.88,71.28,98,0.0,3538.57
7663.88,72.4,98,0.0,3538.57
7663.88,72.24,97,1.2125,3538.57
7663.88,72.12,97,1.2125,3538.57
7663.88,71.88,98,0.0,3538.57
7663.88,71.74,98,0.0,3538.57
7663.88,72.14,98,1.175,3538.57
7663.88,72.09,98,0.0,3538.57
7663.88,72.14,97,0.0,3538.57
7663.88,72.08,97,1.2125,3538.57
7663.88,72.64,97,0.0,3538.57
7663.88,72.63,97,0.0,3538.57
7663.88,72.82,98,1.2,3538.57
7663.88,72.61,98,0.0,3538.57
7663.88,72.53,98,0.0,3538.57
7663.88,72.51,98,1.2125,3538.57
7663.88,72.5,98,0.0,3538.57
7663.88,72.5,98,0.0,3538.57
7663.88,72.23,98,0.0,3538.57
7663.88,72.31,98,1.2125,3538.57
7663.88,72.38,97,0.0,3538.57
7663.88,72.26,97,0.0,3538.57
7663.88,72.14,98,0.0,3538.57
7663.88,72.04,98,1.2125,3538.57
7663.88,71.95,98,1.2125,3538.57
7663.88,72.18,98,2.4125,3538.57
7663.88,72.17,90,0.0,3538.57
7663.88,72.3,90,0.0,3538.57
7663.88,72.23,100,1.2125,3538.57
7663.88,72.47,100,0.0,3538.57
7663.88,72.4,100,0.0,3538.57
7663.88,72.32,100,1.2125,3538.57
7663.88,72.26,96,0.0,3538.57
7663.88,72.44,96,0.0,3538.57
7663.88,72.26,98,0.0,3538.57
7663.88,72.53,98,1.2125,3538.57
7663.88,72.52,98,0.0,3538.57
7663.88,72.56,97,1.2,3538.57
7663.88,72.54,97,0.0,3538.57
7663.88,72.56,98,0.0,3538.57
7663.88,72.45,98,1.2125,3538.57
7663.88,72.73,98,0.0,3538.57
7663.88,72.63,98,0.0,3538.57
7663.88,72.64,98,0.0,3538.57
7663.88,72.59,98,0.0,3538.57
7663.88,72.63,97,1.2125,3538.57
7663.88,72.44,97,0.0,3538.57
7663.88,72.4,98,0.0,3538.57
7663.88,72.11,98,1.2125,3538.57
7663.88,72.0,98,0.0,3538.57
7663.88,72.01,98,0.0,3538.57
7663.88,72.15,98,1.2125,3538.57
7663.88,71.84,98,1.2125,3538.57
7663.88,71.9,98,0.0,3538.57
7663.88,71.8,98,0.0,3538.57
7663.88,71.92,97,1.2125,3538.57
7663.88,71.74,97,0.0,3538.57
7663.88,71.78,98,0.0,3538.57
7663.88,71.77,98,1.2125,3538.57
7663.88,72.02,98,0.0,3538.57
7663.88,72.29,98,0.0,3538.57
7663.88,72.35,98,0.0,3538.57
7663.88,72.24,97,1.2125,3538.57
7663.88,72.38,97,0.0,3538.57
7663.88,72.13,98,0.0,3538.57
7663.88,68.92,98,2.4375,3538.57
7663.88,68.91,86,0.0,3538.57
7663.88,68.87,86,1.2125,3538.57
7663.88,69.14,100,0.0,3538.57
7663.88,68.36,100,0.0,3538.57
7663.88,67.48,98,1.2125,3538.57
7663.88,67.61,98,0.0,3538.57
7663.88,67.75,97,1.2125,3538.57
7663.88,67.44,97,1.2125,3538.57
7663.88,67.25,96,0.0,3538.57
7663.88,67.33,96,0.0,3538.57
7663.88,70.43,96,0.0,3538.57
7663.88,70.23,97,1.2125,3538.57
7663.88,70.3,97,0.0,3538.57
7663.88,69.99,97,0.0,3538.57
7663.88,70.56,97,1.2125,3538.57
7663.88,71.36,97,0.0,3538.57
7663.88,71.42,97,0.0,3538.57
7663.88,71.42,97,0.0,3538.57
7663.88,72.0,96,1.2125,3538.57
7663.88,72.11,96,0.0,3538.57
7663.88,72.06,98,0.0,3538.57
7663.88,72.19,98,1.2,3538.57
7663.88,72.2,98,0.0,3538.57
7663.88,72.22,98,0.0,3538.57
7663.88,71.97,98,1.2125,3538.57
7663.88,72.24,98,1.2125,3538.57
7663.88,72.34,97,0.0,3538.57
7663.88,72.28,97,0.0,3538.57
7663.88,71.84,98,1.2125,3538.57
7663.88,72.02,98,0.0,3538.57
7663.88,71.68,98,0.0,3538.57
7663.88,71.8,98,1.2125,3538.57
7663.88,71.88,98,0.0,3538.57
7663.88,71.94,98,0.0,3538.57
7663.88,71.98,98,1.2125,3538.57
7663.88,72.51,97,0.0,3538.57
7663.88,72.7,97,0.0,3538.57
7663.88,72.65,98,1.2125,3538.57
7663.88,72.76,98,0.0,3538.57
7663.88,72.77,98,1.225,3538.57
7663.88,74.24,98,1.2375,3538.57
7663.88,73.18,88,0.0,3538.57
7663.88,73.03,88,0.0,3538.57
7663.88,73.08,100,1.2375,3538.57
7663.88,73.12,100,0.0,3538.57
7663.88,72.31,97,0.0,3538.57
7663.88,72.32,97,1.25,3538.57
7663.88,72.27,97,0.0,3538.57
7663.88,72.36,97,0.0,3538.57
7663.88,72.13,97,1.2375,3538.57
7663.88,72.31,97,0.0,3538.57
7663.88,70.82,97,0.0,3538.57
7663.88,71.74,97,0.0,3538.57
7663.88,71.95,97,1.2375,3538.57
7663.88,71.92,95,0.0,3538.57
7663.88,71.82,95,0.0,3538.57
7663.88,71.82,97,0.0,3538.57
7663.88,72.23,97,1.25,3538.57
7663.88,72.55,97,0.0,3538.57
7663.88,72.44,97,0.0,3538.57
7663.88,72.49,97,0.0,3538.57
7663.88,72.33,97,1.25,3538.57
7663.88,72.9,97,0.0,3538.57
7663.88,73.04,96,0.0,3538.57
7663.88,72.85,96,0.0,3538.57
7663.88,72.85,98,1.25,3538.57
7663.88,73.03,98,0.0,3538.57
7663.88,73.17,98,0.0,3538.57
7663.88,73.0,98,1.25,3538.57
7663.88,73.09,98,0.0,3538.57
7663.88,72.93,98,0.0,3538.57
7663.88,73.12,97,0.0,3538.57
7663.88,73.28,97,1.25,3538.57
7663.88,72.91,97,0.0,3538.57
7663.88,72.91,98,0.0,3538.57
7663.88,72.86,98,1.2375,3538.57
7663.88,72.7,98,0.0,3538.57
7663.88,72.81,98,0.0,3538.57
7663.88,72.82,98,1.2375,3538.57
7663.88,72.67,98,1.25,3538.57
7663.88,72.58,98,0.0,3538.57
7663.88,72.44,97,1.25,3538.57
7663.88,73.0,97,1.2375,3538.57
7663.88,72.81,90,0.0,3538.57
7663.88,71.99,90,0.0,3538.57
7663.88,71.85,96,1.2125,3538.57
7663.88,72.36,96,0.0,3538.57
7663.88,72.42,98,0.0,3538.57
7663.88,72.53,98,1.2125,3538.57
7663.88,72.32,98,0.0,3538.57
7663.88,72.09,98,0.0,3538.57
7663.88,72.09,98,1.2125,3538.57
7663.88,71.4,98,0.0,3538.57
7663.88,70.4,98,1.175,3538.57
7663.88,70.4,98,0.0,3538.57
7663.88,71.33,96,0.0,3538.57
7663.88,71.46,96,1.2125,3538.57
7663.88,71.34,98,0.0,3538.57
7663.88,71.01,98,0.0,3538.57
7663.88,71.06,98,0.0,3538.57
7663.88,70.91,98,1.2125,3538.57
7663.88,71.19,98,0.0,3538.57
7663.88,71.11,98,0.0,3538.57
7663.88,71.24,98,1.2125,3538.57
7663.88,71.12,98,0.0,3538.57
7663.88,72.13,97,0.0,3538.57
7663.88,72.17,97,1.225,3538.57
7663.88,72.4,98,0.0,3538.57
7663.88,72.25,98,0.0,3538.57
7663.88,72.45,98,1.2,3538.57
7663.88,72.48,98,1.225,3538.57
7663.88,73.32,98,0.0,3538.57
7663.88,73.32,91,0.0,3538.57
7663.88,72.62,91,1.2125,3538.57
7663.88,73.02,96,0.0,3538.57
7663.88,73.26,96,0.0,3538.57
7663.88,73.4,96,0.0,3538.57
7663.88,73.44,96,2.425,3538.57
7663.88,73.55,97,0.0,3538.57
7663.88,73.58,97,1.2,3538.57
7663.88,73.55,97,0.0,3538.57
7663.88,73.57,97,0.0,3538.57
7663.88,72.54,97,0.0,3538.57
7663.88,72.46,97,1.2125,3538.57
7663.88,72.77,96,0.0,3538.57
7663.88,72.78,97,0.0,3538.57
7663.88,72.68,97,0.0,3538.57
7663.88,72.72,97,1.2125,3538.57
7663.88,72.61,97,0.0,3538.57
7663.88,72.37,97,0.0,3538.57
7663.88,72.33,97,0.0,3538.57
7663.88,72.26,97,2.4375,3538.57
7663.88,72.34,98,0.0,3538.57
7663.88,72.54,98,0.0,3538.57
7663.88,72.54,97,1.2,3538.57
7663.88,73.1,97,0.0,3538.57
7663.88,72.95,98,0.0,3538.57
7663.88,72.73,98,1.2125,3538.57
7663.88,72.28,98,0.0,3538.57
7663.88,72.28,98,0.0,3538.57
7663.88,72.15,98,1.2125,3538.57
7663.88,71.94,98,0.0,3538.57
7663.88,71.88,98,0.0,3538.57
7663.88,71.75,96,1.2125,3538.57
7663.88,71.78,96,0.0,3538.57
7663.88,71.66,98,0.0,3538.57
7663.88,71.71,98,0.0,3538.57
7663.88,71.66,98,1.2125,3538.57
7663.88,71.74,98,1.2125,3538.57
7663.88,73.66,87,0.0,3538.57
7663.88,73.48,87,0.0,3538.57
7663.88,73.49,100,1.2125,3538.57
7663.88,73.52,100,1.225,3538.57
7663.88,73.44,96,0.0,3538.57
7663.88,73.75,96,0.0,3538.57
7663.88,74.03,96,1.2125,3538.57
7663.88,74.19,96,0.0,3538.57
7663.88,74.15,96,0.0,3538.57
7663.88,74.12,96,1.2125,3538.57
7663.88,74.11,96,0.0,3538.57
7663.88,72.21,96,0.0,3538.57
7663.88,72.11,96,1.2,3538.57
7663.88,72.14,95,0.0,3538.57
7663.88,71.96,95,0.0,3538.57
7663.88,72.27,97,1.2125,3538.57
7663.88,72.2,97,0.0,3538.57
7663.88,72.02,95,0.0,3538.57
7663.88,71.86,95,1.2125,3538.57
7663.88,71.63,96,0.0,3538.57
7663.88,71.62,96,0.0,3538.57
7663.88,71.64,96,0.0,3538.57
7663.88,71.82,96,1.225,3538.57
7663.88,71.79,96,0.0,3538.57
7663.88,72.07,96,0.0,3538.57
7663.88,72.12,97,0.0,3538.57
7663.88,72.16,97,2.4375,3538.57
7663.88,70.19,97,1.2125,3538.57
7663.88,69.88,91,1.2125,3538.57
7663.88,69.62,96,0.0,3538.57
7663.88,68.44,96,0.0,3538.57
7663.88,68.73,96,1.2125,3538.57
7663.88,68.94,97,0.0,3538.57
7663.88,69.13,97,0.0,3538.57
7663.88,69.25,96,1.2125,3538.57
7663.88,69.25,97,0.0,3538.57
7663.88,69.34,97,0.0,3538.57
7663.88,69.2,97,1.225,3538.57
7663.88,69.2,97,0.0,3538.57
7663.88,71.2,97,1.15,3538.57
7663.88,71.3,97,0.0,3538.57
7663.88,72.49,96,0.0,3538.57
7663.88,72.17,96,1.2125,3538.57
7663.88,72.18,98,0.0,3538.57
7663.88,72.0,98,0.0,3538.57
7663.88,72.23,98,1.2125,3538.57
7663.88,72.12,98,0.0,3538.57
7663.88,72.45,97,0.0,3538.57
7663.88,72.26,97,0.0,3538.57
7663.88,72.37,97,1.2125,3538.57
7663.88,72.36,97,0.0,3538.57
7663.88,72.65,96,0.0,3538.57
7663.88,72.65,97,1.2125,3538.57
7663.88,72.85,97,0.0,3538.57
7663.88,72.9,97,0.0,3538.57
7663.88,72.84,97,1.2125,3538.57
7663.88,72.95,97,0.0,3538.57
7663.88,72.76,97,1.2,3538.57
7663.88,72.67,96,0.0,3538.57
7663.88,72.65,96,1.2375,3538.57
7663.88,72.67,98,1.175,3538.57
7663.88,74.48,98,1.225,3538.57
7663.88,73.93,89,0.0,3538.57
7663.88,73.91,89,0.0,3538.57
7663.88,73.38,98,0.0,3538.57
7663.88,73.42,98,1.2125,3538.57
7663.88,73.56,97,0.0,3538.57
7663.88,73.53,97,0.0,3538.57
7663.88,73.36,98,1.2125,3538.57
7663.88,73.5,98,0.0,3538.57
7663.88,73.2,98,0.0,3538.57
7663.88,73.2,98,1.2125,3538.57
7663.88,71.26,97,1.2125,3538.57
7663.88,71.69,97,0.0,3538.57
7663.88,71.33,97,0.0,3538.57
7663.88,72.13,97,0.0,3538.57
7663.88,72.08,97,0.0,3538.57
7663.88,72.03,97,1.2125,3538.57
7663.88,71.83,97,0.0,3538.57
7663.88,71.98,97,0.0,3538.57
7663.88,71.79,97,1.2125,3538.57
7663.88,72.17,97,0.0,3538.57
7663.88,71.8,97,0.0,3538.57
7663.88,71.97,97,1.2125,3538.57
7663.88,71.84,96,0.0,3538.57
7663.88,72.38,96,0.0,3538.57
7663.88,72.02,97,0.0,3538.57
7663.88,72.08,97,1.2125,3538.57
7663.88,71.81,97,0.0,3538.57
7663.88,71.8,97,0.0,3538.57
7663.88,71.8,97,1.2125,3538.57
7663.88,71.49,97,0.0,3538.57
7663.88,71.73,97,0.0,3538.57
7663.88,71.73,96,1.225,3538.57
7663.88,72.09,96,0.0,3538.57
7663.88,70.41,93,2.4875,3538.57
7663.88,70.53,93,0.0,3538.57
7663.88,70.36,92,0.0,3538.57
7663.88,70.58,92,1.2125,3538.57
7663.88,70.57,98,0.0,3538.57
7663.88,70.71,98,0.0,3538.57
7663.88,70.76,96,1.2125,3538.57
7663.88,70.96,96,0.0,3538.57
7663.88,71.11,97,0.0,3538.7
7663.88,71.02,97,1.2125,3538.7
7663.88,71.1,97,0.0,3538.7
7663.88,72.43,97,0.0,3538.7
7663.88,72.47,97,2.4375,3538.7
7663.88,72.15,97,0.0,3538.7
7663.88,72.17,97,0.0,3538.7
7663.88,71.81,97,0.0,3538.7
7663.88,71.88,97,1.2125,3538.7
7663.88,71.77,97,0.0,3538.7
7663.88,72.02,97,0.0,3538.7
7663.88,71.86,97,0.0,3538.7
7663.88,72.14,97,1.2125,3538.7
7663.88,71.95,97,0.0,3538.7
7663.88,72.1,97,0.0,3538.7
7663.88,71.88,97,0.0,3538.7
7663.88,72.28,97,1.25,3538.7
7663.88,72.06,96,0.0,3538.7
7663.88,72.46,96,0.0,3538.7
7663.88,72.56,96,0.0,3538.7
7663.88,72.39,97,1.2375,3538.7
7663.88,72.59,97,0.0,3538.7
7663.88,72.44,97,0.0,3538.7
7663.88,72.44,97,0.0,3538.7
7663.88,72.25,97,1.2375,3538.7
7663.88,72.25,97,0.0,3538.7
7663.88,72.6,96,0.0,3538.7
7663.88,72.38,96,1.2375,3538.7
7663.88,72.59,97,0.0,3538.7
7663.88,72.44,97,0.0,3538.7
7663.88,72.54,97,1.2375,3538.7
7663.88,72.28,97,3.725,3538.7
7663.88,71.18,78,0.0,3538.7
7663.88,70.74,78,0.0,3538.7
7663.88,70.72,100,0.0,3538.7
7663.88,70.48,100,1.2375,3538.7
7663.88,70.77,94,1.2375,3538.7
7663.88,70.97,94,0.0,3538.7
7663.88,71.23,96,0.0,3538.7
7663.88,71.31,96,1.2375,3538.7
7663.88,71.33,97,0.0,3538.7
7663.88,71.14,97,0.0,3538.7
7663.88,71.27,97,0.0,3538.7
7663.88,72.56,96,1.25,3538.7
7663.88,72.74,96,0.0,3538.7
7663.88,72.72,96,0.0,3538.7
7663.88,73.18,97,1.2375,3538.7
7663.88,73.18,97,0.0,3538.7
7663.88,72.91,97,1.225,3538.7
7663.88,72.71,97,0.0,3538.7
7663.88,72.78,97,0.0,3538.7
7663.88,72.85,97,0.0,3538.7
7663.88,72.88,97,1.2375,3538.7
7663.88,72.56,96,0.0,3538.7
7663.88,72.66,96,0.0,3538.7
7663.88,72.87,97,0.0,3538.7
7663.88,72.95,97,1.2375,3538.7
7663.88,72.74,97,0.0,3538.7
7663.88,72.55,97,0.0,3538.7
7663.88,72.28,97,2.4375,3538.7
7663.88,72.17,97,0.0,3538.7
7663.88,72.28,97,0.0,3538.7
7663.88,72.28,95,0.0,3538.7
7663.88,72.21,95,1.2125,3538.7
7663.88,72.28,98,0.0,3538.7
7663.88,72.28,98,0.0,3538.7
7663.88,72.05,97,1.2125,3538.7
7663.88,71.99,97,0.0,3538.7
7663.88,71.77,97,0.0,3538.7
7663.88,71.77,97,0.0,3538.7
7663.88,71.24,97,2.4375,3538.7
7663.88,71.43,86,0.0,3538.7
7663.88,71.1,86,0.0,3538.7
7663.88,70.69,100,1.225,3538.7
7663.88,70.29,100,0.0,3538.7
7663.88,70.75,95,0.0,3538.7
7663.88,70.83,95,0.0,3538.7
7663.88,71.07,97,1.225,3538.7
7663.88,71.11,97,0.0,3538.7
7663.88,70.96,97,0.0,3538.7
7663.88,71.75,97,0.0,3538.7
7663.88,71.38,97,1.2125,3538.7
7663.88,71.48,97,0.0,3538.7
7663.88,71.48,97,0.0,3538.7
7663.88,72.46,97,1.2125,3538.7
7663.88,72.03,96,1.2125,3538.7
7663.88,72.25,96,0.0,3538.7
7663.88,72.25,97,1.2125,3538.7
7663.88,72.08,97,0.0,3538.7
7663.88,72.08,96,0.0,3538.7
7663.88,71.89,96,1.2125,3538.7
7663.88,71.79,97,0.0,3538.7
7663.88,71.97,97,0.0,3538.7
7663.88,71.97,95,1.2125,3538.7
7663.88,72.08,95,0.0,3538.7
7663.88,72.3,97,0.0,3538.7
7663.88,72.09,97,1.2125,3538.7
7663.88,72.33,97,0.0,3538.7
7663.88,72.0,97,0.0,3538.7
7663.88,72.22,97,1.2125,3538.7
7663.88,71.97,97,0.0,3538.7
7663.88,72.17,97,0.0,3538.7
7663.88,71.93,96,1.2125,3538.7
7663.88,72.39,96,0.0,3538.7
7663.88,72.53,97,1.2125,3538.7
7663.88,72.34,97,0.0,3538.7
7663.88,72.49,98,0.0,3538.7
7663.88,72.29,98,1.2125,3538.7
7663.88,72.44,97,1.2125,3538.7
7663.88,73.25,97,0.0,3538.7
7663.88,73.03,91,1.2125,3538.7
7663.88,72.35,91,0.0,3538.7
7663.88,72.32,97,0.0,3538.7
7663.88,72.51,97,1.2,3538.7
7663.88,72.52,97,1.2125,3538.7
7663.88,72.58,97,0.0,3538.7
7663.88,72.48,97,0.0,3538.7
7663.88,72.48,97,1.2125,3538.7
7663.88,72.61,97,0.0,3538.7
7663.88,72.53,97,0.0,3538.7
7663.88,71.53,98,1.2125,3538.7
7663.88,71.76,98,0.0,3538.7
7663.88,72.27,98,0.0,3538.7
7663.88,72.5,98,0.0,3538.7
7663.88,72.33,97,1.2125,3538.7
7663.88,72.35,97,0.0,3538.7
7663.88,72.16,97,0.0,3538.7
7663.88,72.31,96,1.2125,3538.7
7663.88,72.29,96,0.0,3538.7
7663.88,71.89,97,0.0,3538.7
7663.88,71.44,97,0.0,3538.7
7663.88,71.49,97,1.2125,3538.7
7663.88,71.74,97,0.0,3538.7
7663.88,71.74,97,0.0,3538.7
7663.88,71.68,97,1.2125,3538.7
7663.88,71.74,96,0.0,3538.7
7663.88,71.89,96,0.0,3538.7
7663.88,71.84,97,1.2125,3538.7
7663.88,71.8,97,0.0,3538.7
7663.88,72.01,97,0.0,3538.7
7663.88,72.1,97,0.0,3538.7
7663.88,72.47,97,1.2125,3538.7
7663.88,72.72,97,1.2125,3538.7
7663.88,72.62,96,0.0,3538.7
7663.88,72.78,96,1.2125,3538.7
7663.88,72.7,96,0.0,3538.7
7663.88,72.8,96,3.65,3538.7
7663.88,68.97,78,0.0,3538.7
7663.88,69.32,78,1.2,3538.7
7663.88,69.33,100,0.0,3538.7
7663.88,69.15,100,0.0,3538.7
7663.88,69.37,97,1.2,3538.7
7663.88,69.78,97,0.0,3538.7
7663.88,69.74,97,0.0,3538.7
7663.88,69.97,96,1.2125,3538.7
7663.88,69.55,96,0.0,3538.7
7663.88,69.29,97,1.2125,3538.7
7663.88,69.29,97,1.2125,3538.7
7663.88,73.01,97,0.0,3538.7
7663.88,72.4,97,0.0,3538.7
7663.88,72.74,97,1.2125,3538.7
7663.88,72.82,97,0.0,3538.7
7663.88,72.57,97,0.0,3538.7
7663.88,72.62,97,1.2125,3538.7
7663.88,72.39,96,0.0,3538.7
7663.88,72.62,96,0.0,3538.7
7663.88,72.52,97,1.225,3538.7
7663.88,72.64,97,0.0,3538.7
7663.88,72.39,97,0.0,3538.7
7663.88,72.65,97,0.0,3538.7
7663.88,72.73,97,1.2125,3538.7
7663.88,72.9,97,0.0,3538.7
7663.88,72.67,97,0.0,3538.7
7663.88,72.88,97,1.2125,3538.7
7663.88,72.72,96,0.0,3538.7
7663.88,72.78,96,0.0,3538.7
7663.88,72.7,97,0.0,3538.7
7663.88,72.79,96,1.2125,3538.7
7663.88,72.75,96,0.0,3538.7
7663.88,73.04,96,0.0,3538.7
7663.88,72.9,96,1.2125,3538.7
7663.88,73.07,95,0.0,3538.7
7663.88,72.89,95,0.0,3538.7
7663.88,72.57,97,1.2125,3538.7
7663.88,72.6,97,1.2125,3538.7
7663.88,72.58,89,1.2125,3538.7
7663.88,72.58,89,0.0,3538.7
7663.88,72.45,100,0.0,3538.7
7663.88,72.41,100,0.0,3538.7
7663.88,71.3,98,1.2125,3538.7
7663.88,71.49,98,1.2125,3538.7
7663.88,71.32,97,0.0,3538.7
7663.88,71.57,97,1.2125,3538.7
7663.88,71.28,97,0.0,3538.7
7663.88,71.61,97,0.0,3538.7
7663.88,70.54,97,0.0,3538.7
7663.88,70.48,96,1.225,3538.7
7663.88,70.68,96,0.0,3538.7
7663.88,70.56,97,0.0,3538.7
7663.88,70.58,97,0.0,3538.7
7663.88,71.37,98,1.2125,3538.7
7663.88,71.48,98,0.0,3538.7
7663.88,71.37,97,0.0,3538.7
7663.88,71.24,97,1.2125,3538.7
7663.88,71.18,97,0.0,3538.7
7663.88,70.92,97,0.0,3538.7
7663.88,71.86,96,0.0,3538.7
7663.88,71.7,97,2.4375,3538.7
7663.88,71.57,97,0.0,3538.7
7663.88,70.97,89,1.2125,3538.7
7663.88,71.04,89,0.0,3538.7
7663.88,71.45,100,1.2125,3538.7
7663.88,70.95,97,0.0,3538.7
7663.88,70.94,97,0.0,3538.7
7663.88,71.07,96,1.2125,3538.7
7663.88,71.38,96,0.0,3538.7
7663.88,71.58,97,0.0,3538.7
7663.88,71.55,97,1.2125,3538.7
7663.88,71.77,97,0.0,3538.7
7663.88,71.67,97,0.0,3538.7
7663.88,72.55,97,1.2125,3538.7
7663.88,72.53,97,0.0,3538.7
7663.88,72.34,96,0.0,3538.7
7663.88,72.48,96,0.0,3538.7
7663.88,72.12,97,1.225,3538.7
7663.88,72.08,97,0.0,3538.7
7663.88,72.1,97,0.0,3538.7
7663.88,72.12,97,1.2125,3538.7
7663.88,72.07,98,0.0,3538.7
7663.88,72.22,98,0.0,3538.7
7663.88,72.21,96,1.2,3538.7
7663.88,70.85,96,0.0,3538.7
7663.88,71.04,94,0.0,3538.7
7663.88,71.3,94,1.2125,3538.7
7663.88,71.34,97,0.0,3538.7
7663.88,71.53,97,0.0,3538.7
7663.88,71.37,97,0.0,3538.7
7663.88,71.22,97,1.2125,3538.7
7663.88,71.07,97,0.0,3538.7
7663.88,71.07,97,0.0,3538.7
7663.88,70.77,97,1.2125,3538.7
7663.88,70.82,97,0.0,3538.7
7663.88,72.4,96,1.2125,3538.7
7663.88,72.23,96,0.0,3538.7
7663.88,72.28,97,1.2125,3538.7
7663.88,72.07,97,0.0,3538.7
7663.88,72.05,97,0.0,3538.7
7663.88,71.86,97,1.2125,3538.7
7663.88,71.75,97,1.1375,3538.7
7663.88,72.49,88,0.0,3538.7
7663.88,72.44,88,0.0,3538.7
7663.88,72.83,100,1.25,3538.7
7663.88,72.65,100,0.0,3538.7
7663.88,72.5,95,0.0,3538.7
7663.88,72.33,95,1.2125,3538.7
7663.88,72.36,96,0.0,3538.7
7663.88,72.58,96,0.0,3538.7
7663.88,72.61,96,0.0,3538.7
7663.88,72.88,96,1.2125,3538.7
7663.88,72.37,96,0.0,3538.7
7663.88,72.23,96,0.0,3538.7
7663.88,72.42,94,1.2125,3538.7
7663.88,72.34,94,0.0,3538.7
7663.88,72.29,97,0.0,3538.7
7663.88,72.44,97,1.2125,3538.7
7663.88,72.57,96,1.225,3538.7
7663.88,72.36,96,0.0,3538.7
7663.88,72.34,97,0.0,3538.7
7663.88,72.12,97,1.2125,3538.7
7663.88,71.9,96,0.0,3538.7
7663.88,72.31,96,0.0,3538.7
7663.88,72.37,96,0.0,3538.7
7663.88,72.16,96,1.2125,3538.7
7663.88,72.07,97,0.0,3538.7
7663.88,72.32,97,1.2125,3538.7
7663.88,73.11,89,0.0,3538.7
7663.88,72.36,89,1.2125,3538.7
7663.88,72.36,100,0.0,3538.7
7663.88,71.91,100,0.0,3538.7
7663.88,72.35,96,1.2125,3538.7
7663.88,72.67,96,0.0,3538.7
7663.88,72.45,97,0.0,3538.7
7663.88,72.63,97,1.2125,3538.7
7663.88,72.63,97,0.0,3538.7
7663.88,72.73,93,1.2125,3538.7
7663.88,72.63,93,0.0,3538.7
7663.88,72.14,97,0.0,3538.7
7663.88,72.16,97,0.0,3538.7
7663.88,72.42,97,1.2125,3538.7
7663.88,72.37,97,0.0,3538.7
7663.88,72.02,96,0.0,3538.7
7663.88,72.1,96,0.0,3538.7
7663.88,71.88,97,1.2125,3538.7
7663.88,72.3,97,0.0,3538.7
7663.88,72.57,93,1.2125,3538.7
7663.88,72.39,93,0.0,3538.7
7663.88,72.28,96,0.0,3538.7
7663.88,72.41,96,1.2125,3538.7
7663.88,72.59,97,1.2125,3538.7
7663.88,72.59,97,0.0,3538.7
7663.88,72.61,97,0.0,3538.7
7663.88,72.56,97,0.0,3538.7
7663.88,72.39,94,1.2125,3538.7
7663.88,72.63,94,0.0,3538.7
7663.88,72.08,97,0.0,3538.7
7663.88,71.69,97,1.2,3538.7
7663.88,71.69,97,0.0,3538.7
7663.88,71.53,97,0.0,3538.7
7663.88,71.53,97,1.2,3538.7
7663.88,71.36,97,0.0,3538.7
7663.88,71.36,97,0.0,3538.7
7663.88,70.74,97,1.2125,3538.7
7663.88,71.09,95,0.0,3538.7
7663.88,71.36,95,1.2125,3538.7
7663.88,72.59,88,1.2125,3538.7
7663.88,72.7,100,0.0,3538.7
7663.88,72.38,100,0.0,3538.7
7663.88,72.38,96,1.2125,3538.7
7663.88,72.85,96,0.0,3538.7
7663.88,73.22,96,0.0,3538.7
7663.88,73.18,98,0.0,3538.7
7663.88,73.84,98,1.2125,3538.7
7663.88,73.77,98,2.4125,3538.7
7663.88,74.16,88,1.225,3538.7
7663.88,72.86,88,0.0,3538.7
7663.88,72.47,88,0.0,3538.7
7663.88,72.95,100,0.0,3538.7
7663.88,73.04,100,0.0,3538.7
7663.88,73.09,94,1.225,3538.7
7663.88,72.98,95,0.0,3538.7
7663.88,73.23,95,0.0,3538.7
7663.88,73.06,95,1.2125,3538.7
7663.88,73.12,96,0.0,3538.7
7663.88,72.8,96,0.0,3538.7
7663.88,72.3,97,1.2125,3538.7
7663.88,71.99,97,0.0,3538.7
7663.88,72.3,97,0.0,3538.7
7663.88,72.11,96,1.2125,3538.7
7663.88,72.14,96,0.0,3538.7
7663.88,71.97,96,1.2125,3538.7
7663.88,72.03,95,0.0,3538.7
7663.88,71.73,97,1.15,3538.7
7663.88,69.41,97,1.1625,3538.7
7663.88,69.0,86,0.0,3538.7
7663.88,69.1,86,0.0,3538.7
7663.88,67.23,97,1.25,3538.7
7663.88,67.76,97,0.0,3538.7
7663.88,67.87,97,0.0,3538.7
7663.88,68.2,97,1.2125,3538.7
7663.88,68.1,98,0.0,3538.7
7663.88,67.8,97,0.0,3538.7
7663.88,68.05,97,0.0,3538.7
7663.88,68.05,97,2.4375,3538.7
7663.88,70.48,96,0.0,3538.7
7663.88,70.48,96,0.0,3538.7
7663.88,70.29,97,1.2125,3538.7
7663.88,69.32,97,0.0,3538.7
7663.88,69.39,92,1.2,3538.7
7663.88,68.48,92,0.0,3538.7
7663.88,68.48,98,1.2125,3538.7
7663.88,68.81,98,0.0,3538.7
7663.88,69.1,97,0.0,3538.7
7663.88,69.0,97,0.0,3538.7
7663.88,69.0,97,0.0,3538.7
7663.88,68.74,97,1.1875,3538.7
7663.88,69.33,97,0.0,3538.7
7663.88,71.79,97,1.2125,3538.7
7663.88,71.93,96,0.0,3538.7
7663.88,71.93,96,0.0,3538.7
7663.88,71.7,97,1.25,3538.7
7663.88,72.74,97,0.0,3538.7
7663.88,72.63,97,0.0,3538.7
7663.88,72.55,97,1.2375,3538.7
7663.88,72.47,97,0.0,3538.7
7663.88,72.07,97,0.0,3538.7
7663.88,72.52,95,0.0,3538.7
7663.88,72.81,97,0.0,3538.7
7663.88,72.43,97,1.25,3538.7
7663.88,72.36,98,0.0,3538.7
7663.88,72.3,98,0.0,3538.7
7663.88,72.68,97,1.25,3538.7
7663.88,72.56,97,0.0,3538.7
7663.88,72.39,97,0.0,3538.7
7663.88,72.41,97,0.0,3538.7
7663.88,72.74,96,1.25,3538.7
7663.88,72.83,96,0.0,3538.7
7663.88,72.6,97,0.0,3538.7
7663.88,72.61,97,0.0,3538.7
7663.88,72.61,97,0.0,3538.7
7663.88,72.83,97,1.25,3538.7
7663.88,72.67,97,0.0,3538.7
7663.88,72.52,97,0.0,3538.7
7663.88,72.43,96,0.0,3538.7
7663.88,72.52,96,1.25,3538.7
7663.88,72.52,96,1.25,3538.7
7663.88,72.59,97,0.0,3538.7
7663.88,72.17,97,0.0,3538.7
7663.88,71.34,92,0.0,3538.7
7663.88,71.61,92,0.0,3538.7
7663.88,71.99,97,1.25,3538.7
7663.88,72.11,97,0.0,3538.7
7663.88,72.07,97,0.0,3538.7
7663.88,72.02,97,0.0,3538.7
7663.88,72.02,98,1.25,3538.7
7663.88,71.86,98,0.0,3538.7
7663.88,71.66,97,0.0,3538.7
7663.88,71.2,97,1.25,3538.7
7663.88,71.0,97,0.0,3538.7
7663.88,71.89,96,0.0,3538.7
7663.88,71.79,96,0.0,3538.7
7663.88,71.29,97,0.0,3538.7
7663.88,71.21,97,0.0,3538.7
7663.88,70.95,97,1.25,3538.7
7663.88,71.03,97,0.0,3538.7
7663.88,71.1,93,1.25,3538.7
7663.88,71.21,93,0.0,3538.7
7663.88,71.12,100,0.0,3538.7
7663.88,71.25,100,0.0,3538.7
7663.88,71.69,100,1.25,3538.7
7663.88,71.35,100,0.0,3538.7
7663.88,71.51,95,0.0,3538.7
7663.88,71.72,95,2.425,3538.7
7663.88,71.59,97,0.0,3538.7
7663.88,71.76,97,0.0,3538.7
7663.88,71.87,97,1.2125,3538.7
7663.88,71.54,97,0.0,3538.7
7663.88,71.43,97,0.0,3538.7
7663.88,71.52,97,1.1875,3538.7
7663.88,71.53,97,0.0,3538.7
7663.88,71.52,95,0.0,3538.7
7663.88,71.83,95,1.2125,3538.7
7663.88,71.84,97,0.0,3538.7
7663.88,71.95,97,0.0,3538.7
7663.88,71.95,97,0.0,3538.7
7663.88,71.68,97,1.2125,3538.7
7663.88,71.77,97,0.0,3538.7
7663.88,71.7,97,0.0,3538.7
7663.88,71.68,97,1.2125,3538.7
7663.88,71.87,97,0.0,3538.7
7663.88,69.03,97,1.2125,3538.7
7663.88,68.87,86,0.0,3538.7
7663.88,68.81,100,1.2125,3538.7
7663.88,68.57,100,0.0,3538.7
7663.88,68.44,100,0.0,3538.7
7663.88,68.95,95,0.0,3538.7
7663.88,68.81,95,1.2125,3538.7
7663.88,69.09,97,0.0,3538.7
7663.88,69.06,97,1.2,3538.7
7663.88,69.03,95,1.2125,3538.7
7663.88,68.9,95,0.0,3538.7
7663.88,71.94,97,0.0,3538.7
7663.88,71.86,97,1.2125,3538.7
7663.88,71.56,97,0.0,3538.7
7663.88,71.78,97,0.0,3538.7
7663.88,71.94,97,0.0,3538.7
7663.88,71.52,97,2.35,3538.7
7663.88,68.77,97,0.0,3538.7
7663.88,68.49,85,1.2125,3538.7
7663.88,68.55,85,0.0,3538.7
7663.88,68.89,100,0.0,3538.7
7663.88,68.61,100,1.2125,3538.7
7663.88,68.25,100,0.0,3538.7
7663.88,68.42,97,0.0,3538.7
7663.88,68.23,97,0.0,3538.7
7663.88,68.45,97,1.2125,3538.7
7663.88,67.99,97,0.0,3538.7
7663.88,68.23,96,0.0,3538.7
7663.88,71.45,96,1.2125,3538.7
7663.88,71.7,97,0.0,3538.7
7663.88,71.55,97,0.0,3538.7
7663.88,71.98,97,1.2125,3538.7
7663.88,71.81,97,0.0,3538.7
7663.88,71.86,97,0.0,3538.7
7663.88,71.93,97,0.0,3538.7
7663.88,71.9,97,2.3625,3538.7
7663.88,72.26,97,0.0,3538.7
7663.88,72.18,95,0.0,3538.7
7663.88,72.14,95,1.1875,3538.7
7663.88,71.98,95,1.225,3538.7
7663.88,72.72,97,0.0,3538.7
7663.88,72.7,89,1.2125,3538.7
7663.88,71.98,89,0.0,3538.7
7663.88,72.35,89,0.0,3538.7
7663.88,72.75,97,1.2,3538.7
7663.88,73.01,97,0.0,3538.7
7663.88,73.19,97,0.0,3538.7
7663.88,73.11,96,1.2125,3538.7
7663.88,73.26,96,0.0,3538.7
7663.88,73.06,97,0.0,3538.7
7663.88,73.21,97,1.2125,3538.7
7663.88,72.17,97,0.0,3538.7
7663.88,72.17,97,0.0,3538.7
7663.88,72.8,97,1.2125,3538.7
7663.88,72.8,97,0.0,3538.7
7663.88,72.71,96,0.0,3538.7
7663.88,72.81,96,1.2125,3538.7
7663.88,72.58,98,0.0,3538.7
7663.88,72.58,98,0.0,3538.7
7663.88,72.36,97,0.0,3538.7
7663.88,72.07,97,1.2125,3538.7
7663.88,71.91,97,0.0,3538.7
7663.88,71.64,97,0.0,3538.7
7663.88,71.66,97,1.225,3538.7
7663.88,72.07,97,0.0,3538.7
7663.88,72.13,95,0.0,3538.7
7663.88,72.26,95,0.0,3538.7
7663.88,72.01,97,1.2125,3538.7
7663.88,71.84,97,0.0,3538.7
7663.88,71.92,98,0.0,3538.7
7663.88,71.72,97,1.2125,3538.7
7663.88,71.84,97,0.0,3538.7
7663.88,72.21,96,0.0,3538.7
7663.88,72.19,96,0.0,3538.7
7663.88,72.02,97,1.2125,3538.7
7663.88,71.74,97,0.0,3538.7
7663.88,71.63,97,0.0,3538.7
7663.88,71.45,97,2.425,3538.7
7663.88,73.21,84,0.0,3538.7
7663.88,73.11,84,0.0,3538.7
7663.88,73.2,100,1.2125,3538.7
7663.88,72.91,100,1.2125,3538.7
7663.88,73.45,95,0.0,3538.7
7663.88,73.46,95,0.0,3538.7
7663.88,73.81,96,0.0,3538.7
7663.88,73.62,96,1.2125,3538.7
7663.88,73.91,96,0.0,3538.7
7663.88,73.77,96,0.0,3538.7
7663.88,74.01,95,0.0,3538.7
7663.88,72.24,95,1.2125,3538.7
7663.88,72.22,97,0.0,3538.7
7663.88,72.32,97,0.0,3538.7
7663.88,72.85,96,1.225,3538.7
7663.88,72.73,96,0.0,3538.7
7663.88,72.94,97,0.0,3538.7
7663.88,72.69,96,1.225,3538.7
7663.88,72.88,96,0.0,3538.7
7663.88,72.89,97,0.0,3538.7
7663.88,72.75,97,0.0,3538.7
7663.88,72.75,97,1.225,3538.7
7663.88,72.63,98,0.0,3538.7
7663.88,72.51,98,0.0,3538.7
7663.88,72.56,97,0.0,3538.7
7663.88,72.4,97,1.2125,3538.7
7663.88,72.25,97,0.0,3538.7
7663.88,72.02,97,0.0,3538.7
7663.88,72.05,97,1.2125,3538.7
7663.88,71.77,97,0.0,3538.7
7663.88,71.49,97,0.0,3538.7
7663.88,71.44,97,0.0,3538.7
7663.88,71.43,97,1.25,3538.7
7663.88,71.36,97,0.0,3538.7
7663.88,71.79,97,0.0,3538.7
7663.88,71.71,96,0.0,3538.7
7663.88,71.75,96,2.4875,3538.7
7663.88,71.62,97,0.0,3538.7
7663.88,70.95,97,1.2375,3538.7
7663.88,71.06,89,0.0,3538.7
7663.88,70.72,89,1.2375,3538.7
7663.88,70.25,100,0.0,3538.7
7663.88,70.39,100,0.0,3538.7
7663.88,70.77,95,1.25,3538.7
7663.88,70.89,95,0.0,3538.7
7663.88,71.09,98,0.0,3538.7
7663.88,71.09,98,0.0,3538.7
7663.88,71.04,98,1.25,3538.7
7663.88,71.04,98,0.0,3538.7
7663.88,70.93,98,0.0,3538.7
7663.88,71.56,97,1.2375,3538.7
7663.88,71.29,97,0.0,3538.7
7663.88,71.48,97,0.0,3538.7
7663.88,71.78,97,0.0,3538.7
7663.88,71.72,97,1.2375,3538.7
7663.88,71.52,98,0.0,3538.7
7663.88,71.35,98,0.0,3538.7
7663.88,71.53,97,1.2375,3538.7
7663.88,71.58,97,0.0,3538.7
7663.88,69.19,88,1.25,3538.7
7663.88,68.92,88,0.0,3538.7
7663.88,69.18,100,1.2375,3538.7
7663.88,68.37,100,0.0,3538.7
7663.88,68.91,95,0.0,3538.7
7663.88,68.98,95,0.0,3538.7
7663.88,69.29,94,1.2375,3538.7
7663.88,68.97,94,0.0,3538.7
7663.88,69.2,95,0.0,3538.7
7663.88,68.64,95,1.2375,3538.7
7663.88,68.88,94,0.0,3538.7
7663.88,71.43,94,0.0,3538.7
7663.88,71.58,94,1.25,3538.7
7663.88,71.59,95,0.0,3538.7
7663.88,72.52,95,0.0,3538.7
7663.88,72.33,94,1.2375,3538.7
7663.88,72.19,94,1.2125,3538.7
7663.88,71.98,96,0.0,3538.7
7663.88,71.98,97,1.2125,3538.7
7663.88,71.98,97,0.0,3538.7
7663.88,72.34,97,0.0,3538.7
7663.88,72.34,97,0.0,3538.7
7663.88,72.27,97,1.2,3538.7
7663.88,72.08,97,0.0,3538.7
7663.88,72.0,95,0.0,3538.7
7663.88,72.06,95,1.2125,3538.7
7663.88,71.82,97,0.0,3538.7
7663.88,71.88,97,0.0,3538.7
7663.88,71.79,97,1.225,3538.7
7663.88,72.07,97,0.0,3538.7
7663.88,71.65,97,1.225,3538.7
7663.88,71.84,97,0.0,3538.7
7663.88,71.53,97,0.0,3538.7
7663.88,71.77,97,1.2125,3538.7
7663.88,71.62,98,0.0,3538.7
7663.88,71.94,98,0.0,3538.7
7663.88,71.95,98,0.0,3538.7
7663.88,72.21,97,1.225,3538.7
7663.88,72.07,97,1.2125,3538.7
7663.88,72.14,87,0.0,3538.7
7663.88,73.53,87,0.0,3538.7
7663.88,72.95,100,1.225,3538.7
7663.88,73.28,100,0.0,3538.7
7663.88,73.56,96,0.0,3538.7
7663.88,74.07,96,1.2125,3538.7
7663.88,74.04,96,0.0,3538.7
7663.88,74.2,96,0.0,3538.7
7663.88,74.15,97,1.2125,3538.7
7663.88,74.21,97,0.0,3538.7
7663.88,74.02,97,1.2,3538.7
7663.88,72.15,97,0.0,3538.7
7663.88,71.98,97,0.0,3538.7
7663.88,72.3,97,0.0,3538.7
7663.88,72.3,97,1.2125,3538.7
7663.88,72.38,96,0.0,3538.7
7663.88,71.96,97,0.0,3538.7
7663.88,71.85,97,1.2125,3538.7
7663.88,71.85,97,0.0,3538.7
7663.88,71.58,97,0.0,3538.7
7663.88,71.55,97,1.2125,3538.7
7663.88,71.55,97,0.0,3538.7
7663.88,71.58,98,0.0,3538.7
7663.88,72.19,98,1.2125,3538.7
7663.88,71.99,96,1.2125,3538.7
7663.88,71.99,96,0.0,3538.7
7663.88,71.82,98,0.0,3538.7
7663.88,71.84,98,1.2125,3538.7
7663.88,71.95,98,0.0,3538.7
7663.88,71.83,98,0.0,3538.7
7663.88,71.88,98,1.225,3538.7
7663.88,71.71,98,0.0,3538.7
7663.88,71.88,97,0.0,3538.7
7663.88,72.01,97,1.2125,3538.7
7663.88,72.11,98,0.0,3538.7
7663.88,72.13,98,0.0,3538.7
7663.88,72.17,98,1.2125,3538.7
7663.88,72.16,98,0.0,3538.7
7663.88,72.25,98,1.15,3538.7
7663.88,73.4,87,1.2375,3538.7
7663.88,72.69,87,0.0,3538.7
7663.88,73.0,100,0.0,3538.7
7663.88,72.93,100,0.0,3538.7
7663.88,73.09,95,1.2125,3538.7
7663.88,73.12,95,0.0,3538.7
7663.88,73.15,98,0.0,3538.7
7663.88,73.17,98,0.0,3538.7
7663.88,72.98,98,1.225,3538.7
7663.88,72.87,98,0.0,3538.7
7663.88,71.52,98,0.0,3538.7
7663.88,71.83,98,1.2125,3538.7
7663.88,71.98,97,1.2125,3538.7
7663.88,71.76,97,0.0,3538.7
7663.88,71.74,98,1.2125,3538.7
7663.88,71.81,98,0.0,3538.7
7663.88,71.66,98,0.0,3538.7
7663.88,71.6,98,0.0,3538.7
7663.88,71.37,98,2.4375,3538.7
7663.88,68.5,89,0.0,3538.7
7663.88,68.55,89,1.225,3538.7
7663.88,67.44,89,0.0,3538.7
7663.88,67.7,99,0.0,3538.7
7663.88,67.9,99,0.0,3538.7
7663.88,68.37,98,0.0,3538.7
7663.88,67.76,98,1.225,3538.7
7663.88,67.76,97,0.0,3538.7
7663.88,67.87,97,0.0,3538.7
7663.88,67.65,98,1.2,3538.7
7663.88,68.01,98,0.0,3538.7
7663.88,70.67,98,0.0,3538.7
7663.88,70.75,98,0.0,3538.7
7663.88,70.58,98,1.2125,3538.7
7663.88,71.73,98,0.0,3538.7
7663.88,71.87,98,0.0,3538.7
7663.88,71.99,97,0.0,3538.7
7663.88,71.86,97,1.2,3538.7
7663.88,72.14,98,0.0,3538.7
7663.88,72.19,98,0.0,3538.7
7663.88,72.05,98,1.2,3538.7
7663.88,71.98,98,1.2125,3538.7
7663.88,72.02,98,0.0,3538.7
7663.88,72.03,98,0.0,3538.7
7663.88,72.19,98,1.2125,3538.7
7663.88,72.17,98,0.0,3538.7
7663.88,72.23,97,0.0,3538.7
7663.88,72.01,97,1.2125,3538.7
7663.88,72.03,98,0.0,3538.7
7663.88,72.03,98,1.2125,3538.7
7663.88,72.22,92,0.0,3538.7
7663.88,72.08,92,1.2,3538.7
7663.88,71.64,100,0.0,3538.7
7663.88,71.52,100,0.0,3538.7
7663.88,71.98,97,1.2125,3538.7
7663.88,71.95,97,0.0,3538.7
7663.88,72.28,97,0.0,3538.7
7663.88,72.15,97,1.225,3538.7
7663.88,72.24,98,0.0,3538.7
7663.88,72.22,98,0.0,3538.7
7663.88,71.96,98,0.0,3538.7
7663.88,71.78,98,0.0,3538.7
7663.88,71.78,98,1.225,3538.7
7663.88,72.3,98,0.0,3538.7
7663.88,72.31,98,0.0,3538.7
7663.88,72.31,98,1.2125,3538.7
7663.88,72.14,97,0.0,3538.7
7663.88,71.94,97,0.0,3538.7
7663.88,71.75,98,0.0,3538.7
7663.88,71.88,98,1.2125,3538.7
7663.88,71.54,98,0.0,3538.7
7663.88,71.72,98,0.0,3538.7
7663.88,71.68,98,1.2125,3538.7
7663.88,71.86,97,1.2125,3538.7
7663.88,71.94,97,1.2125,3538.7
7663.88,72.25,91,0.0,3538.7
7663.88,72.21,91,0.0,3538.7
7663.88,72.4,100,1.2125,3538.7
7663.88,71.57,100,0.0,3538.7
7663.88,71.82,96,0.0,3538.7
7663.88,71.92,96,1.2,3538.7
7663.88,71.92,98,0.0,3538.7
7663.88,72.08,98,0.0,3538.7
7663.88,72.23,98,0.0,3538.7
7663.88,72.48,98,1.2125,3538.7
7663.88,72.23,98,0.0,3538.7
7663.88,71.82,98,0.0,3538.7
7663.88,71.24,97,1.2125,3538.7
7663.88,72.06,97,0.0,3538.7
7663.88,71.96,98,0.0,3538.7
7663.88,71.81,98,1.2125,3538.7
7663.88,71.67,98,0.0,3538.7
7663.88,71.67,98,0.0,3538.7
7663.88,71.69,98,1.225,3538.7
7663.88,71.81,97,0.0,3538.7
7663.88,71.14,97,0.0,3538.7
7663.88,71.38,98,1.2125,3538.7
7663.88,71.88,98,0.0,3538.7
7663.88,71.88,98,0.0,3538.7
7663.88,71.83,98,1.2,3538.7
7663.88,71.88,98,1.2,3538.7
7663.88,71.68,98,0.0,3538.7
7663.88,71.96,98,0.0,3538.7
7663.88,71.92,98,1.175,3538.7
7663.88,72.09,98,0.0,3538.7
7663.88,71.94,97,1.2125,3538.7
7663.88,72.51,98,0.0,3538.7
7663.88,72.52,98,0.0,3538.7
7663.88,72.45,98,1.2125,3538.7
7663.88,72.18,98,0.0,3538.7
7663.88,72.13,98,1.2125,3538.7
7663.88,72.07,98,0.0,3538.7
7663.88,72.07,98,1.2125,3538.7
7663.88,72.3,98,0.0,3538.7
7663.88,72.34,92,1.2125,3538.7
7663.88,72.14,92,0.0,3538.7
7663.88,71.95,97,0.0,3538.7
7663.88,72.23,97,1.2125,3538.7
7663.88,72.48,98,0.0,3538.7
7663.88,72.54,98,0.0,3538.7
7663.88,72.75,98,1.2125,3538.7
7663.88,72.57,98,0.0,3538.7
7663.88,72.89,97,0.0,3538.7
7663.88,72.71,98,1.2125,3538.7
7663.88,72.5,98,0.0,3538.7
7663.88,71.96,98,0.0,3538.7
7663.88,72.06,98,1.2125,3538.7
7663.88,71.89,98,0.0,3538.7
7663.88,71.59,98,0.0,3538.7
7663.88,69.69,91,1.2125,3538.7
7663.88,69.44,91,1.2125,3538.7
7663.88,69.53,91,0.0,3538.7
7663.88,68.58,100,0.0,3538.7
7663.88,68.59,100,1.2125,3538.7
7663.88,68.59,96,1.2,3538.7
7663.88,68.77,96,0.0,3538.7
7663.88,68.97,98,0.0,3538.7
7663.88,69.33,98,1.2125,3538.7
7663.88,69.25,98,0.0,3538.7
7663.88,69.42,98,0.0,3538.7
7663.88,71.28,98,1.2125,3538.7
7663.88,71.3,98,0.0,3538.7
7663.88,71.3,98,0.0,3538.7
7663.88,71.26,98,0.0,3538.7
7663.88,71.85,97,1.2125,3538.7
7663.88,71.97,98,0.0,3538.7
