gpu_memory_mb,gpu_power_w,gpu_util_pct,cpu_util_pct,ram_mb
3299.88,28.0,0,8.775,3530.2
3305.88,27.56,6,1.2375,3530.2
3309.88,31.56,6,0.0,3530.2
3311.88,32.42,92,1.2375,3530.2
3311.88,36.33,92,0.0,3530.2
3311.88,40.49,92,0.0,3530.2
3311.88,44.61,92,1.25,3530.2
3311.88,48.39,90,0.0,3530.2
3311.88,52.55,90,0.0,3530.2
3311.88,54.63,91,0.0,3530.2
3311.88,55.72,91,1.2375,3530.2
3311.88,68.16,91,0.0,3530.2
3311.88,68.77,91,0.0,3530.2
3311.88,68.48,91,0.0,3530.2
3311.88,71.32,91,1.2375,3530.2
3311.88,71.39,90,0.0,3530.2
3311.88,71.47,90,0.0,3530.2
3311.88,71.25,91,0.0,3530.2
3311.88,71.7,91,2.4875,3530.2
3311.88,73.37,85,0.0,3530.2
3313.88,72.66,85,0.0,3530.2
3313.88,72.18,97,0.0,3530.2
3313.88,72.26,97,1.2125,3530.2
3313.88,72.3,92,0.0,3530.2
3313.88,72.61,92,0.0,3530.2
3313.88,73.29,93,0.0,3530.2
3313.88,73.22,93,1.2125,3530.2
3313.88,73.25,93,0.0,3530.2
3313.88,73.45,93,0.0,3530.2
3313.88,73.17,93,1.2125,3530.2
3313.88,71.16,93,1.2375,3530.2
3313.88,68.99,85,0.0,3530.2
3313.88,68.53,85,2.425,3530.2
3313.88,68.59,87,0.0,3530.2
3313.88,68.54,87,0.0,3530.2
3313.88,68.68,93,0.0,3530.2
3313.88,68.2,93,1.2125,3530.2
3313.88,68.31,92,0.0,3530.2
3313.88,68.5,92,0.0,3530.2
3313.88,68.89,94,0.0,3530.2
3313.88,68.96,94,2.45,3530.2
3313.88,68.2,79,0.0,3530.2
3313.88,69.66,79,0.0,3530.2
3313.88,70.8,94,0.0,3530.2
3313.88,70.97,94,1.225,3530.2
3313.88,70.98,93,0.0,3530.2
3313.88,70.94,93,0.0,3530.2
3313.88,70.97,92,0.0,3530.2
3313.88,70.94,92,1.225,3530.2
3313.88,70.39,93,1.225,3530.2
3313.88,66.68,93,0.0,3530.2
3313.88,65.44,82,0.0,3530.2
3313.88,66.06,82,0.0,3530.2
3313.88,67.38,93,1.2125,3530.2
3313.88,67.42,93,0.0,3530.2
3313.88,67.56,92,0.0,3530.2
3313.88,68.19,92,0.0,3530.2
3313.88,68.5,94,1.175,3530.2
3313.88,65.47,94,2.3375,3530.2
3313.88,65.4,82,0.0,3530.2
3313.88,68.14,82,1.2375,3530.2
3313.88,69.3,97,0.0,3530.2
3313.88,69.3,97,0.0,3530.2
3313.88,69.63,94,0.0,3530.2
3313.88,69.63,93,1.2125,3530.2
3313.88,69.58,93,0.0,3530.2
3313.88,69.06,94,0.0,3530.2
3313.88,69.09,94,1.2125,3530.2
3313.88,69.08,93,1.2125,3530.2
3313.88,72.61,88,0.0,3530.2
3313.88,73.24,88,1.225,3530.2
3313.88,73.13,94,0.0,3530.2
3313.88,73.4,94,0.0,3530.2
3313.88,73.79,92,0.0,3530.2
3313.88,73.34,92,1.225,3530.2
3313.88,73.61,92,0.0,3530.2
3313.88,73.2,92,0.0,3530.2
3313.88,73.14,92,0.0,3530.2
3313.88,73.2,94,0.0,3530.2
3313.88,72.38,92,0.0,3530.2
3313.88,72.38,92,0.0,3530.2
3313.88,72.6,93,1.225,3530.2
3313.88,72.3,93,0.0,3530.2
3313.88,71.98,93,0.0,3530.2
3313.88,72.55,93,2.2625,3530.2
3313.88,73.53,82,1.175,3530.2
3313.88,73.07,82,0.0,3530.2
3313.88,73.24,93,0.0,3530.2
3313.88,73.07,93,1.2125,3530.2
3313.88,72.82,93,0.0,3530.2
3313.88,72.62,93,0.0,3530.2
3313.88,72.69,93,1.2125,3530.2
3313.88,72.43,93,0.0,3530.2
3313.88,72.95,94,0.0,3530.2
3313.88,73.11,94,1.2125,3530.2
3313.88,72.38,93,0.0,3530.2
3313.88,70.74,93,1.2,3530.2
3313.88,69.56,81,1.2125,3530.2
3313.88,69.51,81,0.0,3530.2
3313.88,68.53,97,0.0,3530.2
3313.88,68.24,97,0.0,3530.2
3313.88,68.96,93,1.225,3530.2
3313.88,69.21,93,0.0,3530.2
3313.88,69.68,92,0.0,3530.2
3313.88,69.27,92,1.2125,3530.2
3313.88,69.39,94,0.0,3530.2
3313.88,69.28,94,0.0,3530.2
3313.88,69.89,93,0.0,3530.2
3313.88,71.42,93,1.2125,3530.2
3313.88,70.87,94,0.0,3530.2
3313.88,71.95,94,0.0,3530.2
3313.88,72.3,92,0.0,3530.2
3313.88,72.41,92,2.3625,3530.2
3313.88,69.2,94,1.2125,3530.2
3313.88,68.25,94,0.0,3530.2
3313.88,68.25,84,1.2125,3530.2
3313.88,67.9,84,0.0,3530.2
3313.88,68.21,94,0.0,3530.2
3313.88,68.46,94,1.1875,3530.2
3313.88,69.25,92,0.0,3530.2
3313.88,67.27,92,1.2125,3530.2
3313.88,65.52,88,1.225,3530.2
3313.88,65.87,88,0.0,3530.2
3313.88,65.71,89,0.0,3530.2
3313.88,65.71,89,0.0,3530.2
3313.88,68.85,93,1.2125,3530.2
3313.88,69.98,93,0.0,3530.2
3313.88,69.35,92,2.4375,3530.2
3313.88,69.03,92,1.2125,3530.2
3313.88,68.35,85,0.0,3530.2
3313.88,68.38,85,0.0,3530.2
3313.88,70.62,91,0.0,3530.2
3313.88,72.14,94,0.0,3530.2
3313.88,72.33,94,1.2125,3530.2
3313.88,72.35,92,0.0,3530.2
3313.88,72.02,92,0.0,3530.2
3313.88,72.06,93,0.0,3530.2
3313.88,71.81,93,1.225,3530.2
3313.88,72.38,93,0.0,3530.2
3313.88,72.53,93,0.0,3530.2
3313.88,72.75,94,0.0,3530.2
3313.88,72.75,94,1.2125,3530.2
3313.88,72.53,92,1.2125,3530.2
3313.88,73.23,92,0.0,3530.2
3313.88,72.42,87,1.225,3530.2
3313.88,71.3,87,0.0,3530.2
3313.88,71.19,91,0.0,3530.2
3313.88,71.24,91,0.0,3530.2
3313.88,71.83,90,1.225,3530.2
3313.88,71.75,92,1.225,3530.2
3313.88,71.98,92,0.0,3530.2
3313.88,72.42,90,0.0,3530.2
3313.88,72.46,90,0.0,3530.2
3313.88,72.65,90,1.225,3530.2
3313.88,70.93,90,1.225,3530.2
3313.88,71.55,82,0.0,3530.2
3313.88,72.86,82,0.0,3530.2
3313.88,73.34,95,0.0,3530.2
3313.88,72.59,95,1.2125,3530.2
3313.88,72.59,91,0.0,3530.2
3313.88,72.83,91,0.0,3530.2
3313.88,72.62,91,1.225,3530.2
3313.88,72.08,91,0.0,3530.2
3313.88,71.68,92,0.0,3530.2
3313.88,71.38,92,0.0,3530.2
3313.88,72.8,91,1.2125,3530.2
3313.88,72.97,91,0.0,3530.2
3313.88,72.16,91,0.0,3530.2
3313.88,72.55,91,1.2125,3530.2
3313.88,70.64,85,1.2125,3530.2
3313.88,69.75,85,0.0,3530.2
3313.88,69.88,86,1.2125,3530.2
3313.88,70.13,86,0.0,3530.2
3313.88,70.46,90,0.0,3530.2
3313.88,70.28,90,1.2125,3530.2
3313.88,70.16,91,1.2125,3530.2
3313.88,69.96,91,0.0,3530.2
3313.88,70.13,91,2.4375,3530.2
3313.88,66.53,91,0.0,3530.2
3313.88,65.91,81,0.0,3530.2
3313.88,67.78,81,1.2125,3530.2
3313.88,68.88,94,0.0,3530.2
3313.88,68.97,94,0.0,3530.2
3313.88,68.87,92,0.0,3530.2
3313.88,68.72,92,2.3375,3530.2
3313.88,68.14,93,0.0,3530.2
3313.88,69.93,93,1.2125,3530.2
3313.88,69.81,80,0.0,3530.2
3313.88,69.62,80,0.0,3530.2
3313.88,73.36,92,0.0,3530.2
3313.88,73.9,92,1.2125,3530.2
3313.88,73.71,94,0.0,3530.2
3313.88,73.6,94,0.0,3530.2
3313.88,73.45,93,1.2125,3530.2
3313.88,73.43,93,0.0,3530.2
3313.88,73.24,92,0.0,3530.2
3313.88,73.09,92,2.425,3530.2
3313.88,71.76,93,0.0,3530.2
3313.88,71.72,93,0.0,3530.2
3313.88,71.27,84,1.2125,3530.2
3313.88,71.31,84,0.0,3530.2
3313.88,71.94,93,1.2125,3530.2
3313.88,73.17,93,1.225,3530.2
3313.88,73.52,84,0.0,3530.2
3313.88,73.38,84,0.0,3530.2
3313.88,73.38,97,1.2125,3530.2
3313.88,73.7,92,1.2125,3530.2
3313.88,72.86,92,0.0,3530.2
3313.88,73.51,93,1.2125,3530.2
3313.88,73.65,93,0.0,3530.2
3313.88,73.96,93,0.0,3530.2
3313.88,73.78,93,0.0,3530.2
3313.88,73.5,94,1.225,3530.2
3313.88,72.09,93,0.0,3530.2
3313.88,71.55,93,1.2125,3530.2
3313.88,68.43,83,1.2125,3530.2
3313.88,67.34,83,0.0,3530.2
3313.88,68.48,94,0.0,3530.2
3313.88,68.46,94,1.2125,3530.2
3313.88,68.67,93,0.0,3530.2
3313.88,68.67,93,1.2125,3530.2
3313.88,67.78,84,1.2125,3530.2
3313.88,67.34,84,0.0,3530.2
3313.88,67.64,93,0.0,3530.2
3313.88,67.96,93,0.0,3530.2
3313.88,71.54,93,1.2125,3530.2
3313.88,72.44,93,0.0,3530.2
3313.88,72.56,93,0.0,3530.2
3313.88,72.45,93,0.0,3530.2
3313.88,68.98,82,2.4375,3530.2
3313.88,67.85,82,0.0,3530.2
3313.88,68.59,95,0.0,3530.2
3313.88,68.59,95,1.2125,3530.2
3313.88,68.97,93,1.2125,3530.2
3313.88,69.15,93,0.0,3530.2
3313.88,69.42,94,1.2125,3530.2
3313.88,69.41,94,0.0,3530.2
3313.88,66.28,84,1.2125,3530.2
3313.88,64.98,84,1.2125,3530.2
3313.88,64.57,92,0.0,3530.2
3313.88,67.46,92,1.225,3530.2
3313.88,68.49,92,0.0,3530.2
3313.88,68.73,92,0.0,3530.2
3313.88,69.09,93,0.0,3530.2
3313.88,69.01,93,1.2125,3530.2
3313.88,68.65,93,1.2,3530.2
3313.88,68.36,93,1.2125,3530.2
3313.88,68.01,83,0.0,3530.2
3313.88,71.22,83,0.0,3530.2
3313.88,72.25,93,1.2125,3530.2
3313.88,72.55,93,0.0,3530.2
3313.88,72.82,93,0.0,3530.2
3313.88,72.94,93,0.0,3530.2
3313.88,73.03,93,2.425,3530.2
3313.88,72.75,93,0.0,3530.2
3313.88,73.16,84,0.0,3530.2
3313.88,72.64,84,1.2125,3530.2
3313.88,72.5,93,0.0,3530.2
3313.88,73.21,93,1.2,3530.2
3313.88,73.29,93,1.225,3530.2
3313.88,73.69,93,0.0,3530.2
3313.88,74.06,94,0.0,3530.2
3313.88,73.67,94,0.0,3530.2
3313.88,73.06,93,1.2125,3530.2
3313.88,73.05,93,0.0,3530.2
3313.88,72.33,93,0.0,3530.2
3313.88,72.66,94,1.2,3530.2
3313.88,70.43,94,1.2375,3530.2
3313.88,70.43,94,0.0,3530.2
3313.88,68.88,80,0.0,3530.2
3313.88,68.47,80,1.2375,3530.2
3313.88,68.75,93,0.0,3530.2
3313.88,68.75,93,0.0,3530.2
3313.88,68.57,93,1.2375,3530.2
3313.88,69.0,85,1.2375,3530.2
3313.88,70.7,85,0.0,3530.2
3313.88,69.93,93,0.0,3530.2
3313.88,70.38,93,1.2375,3530.2
3313.88,70.82,94,0.0,3530.2
3313.88,73.46,94,0.0,3530.2
3313.88,74.04,93,0.0,3530.2
3313.88,73.94,93,1.25,3530.2
3313.88,73.92,93,1.2375,3530.2
3313.88,74.2,92,0.0,3530.2
3313.88,74.22,87,0.0,3530.2
3313.88,72.91,87,0.0,3530.2
3313.88,71.0,92,1.2375,3530.2
3313.88,72.05,92,0.0,3530.2
3313.88,71.64,90,0.0,3530.2
3313.88,71.64,90,0.0,3530.2
3313.88,71.63,91,1.2375,3530.2
3313.88,71.87,91,0.0,3530.2
3313.88,72.28,90,0.0,3530.2
3313.88,71.66,90,1.25,3530.2
3313.88,71.43,91,0.0,3530.2
3313.88,72.24,91,1.25,3530.2
3313.88,72.75,83,1.2375,3530.2
3313.88,72.42,83,0.0,3530.2
3313.88,72.22,91,0.0,3530.2
3313.88,72.03,91,2.4875,3530.2
3313.88,71.81,90,0.0,3530.2
3313.88,72.14,90,0.0,3530.2
3313.88,71.95,91,0.0,3530.2
3313.88,71.94,91,0.0,3530.2
3313.88,72.03,91,1.25,3530.2
3313.88,71.81,91,0.0,3530.2
3313.88,71.62,93,0.0,3530.2
3313.88,71.42,93,0.0,3530.2
3313.88,71.47,93,0.0,3530.2
3313.88,71.22,93,1.25,3530.2
3313.88,71.47,93,0.0,3530.2
3313.88,69.61,93,1.225,3530.2
3313.88,68.36,84,0.0,3530.2
3313.88,68.27,84,0.0,3530.2
3313.88,68.36,93,0.0,3530.2
3313.88,68.76,93,0.0,3530.2
3313.88,68.85,94,1.25,3530.2
3313.88,69.03,94,0.0,3530.2
3313.88,68.98,92,0.0,3530.2
3313.88,70.67,92,1.25,3530.2
3313.88,70.58,87,0.0,3530.2
3313.88,70.91,87,0.0,3530.2
3313.88,72.32,93,0.0,3530.2
3313.88,73.37,93,0.0,3530.2
3313.88,73.7,93,1.2125,3530.2
3313.88,73.16,93,1.2125,3530.2
3313.88,73.35,92,0.0,3530.2
3313.88,72.73,92,0.0,3530.2
3313.88,72.97,85,0.0,3530.2
3313.88,73.52,85,1.225,3530.2
3313.88,72.12,93,0.0,3530.2
3313.88,72.27,93,0.0,3530.2
3313.88,71.97,93,1.2125,3530.2
3313.88,72.41,93,0.0,3530.2
3313.88,72.8,93,1.2125,3530.2
3313.88,69.57,93,0.0,3530.2
3313.88,69.64,88,1.2125,3530.2
3313.88,68.48,88,0.0,3530.2
3313.88,68.85,94,0.0,3530.2
3313.88,69.28,94,0.0,3530.2
3313.88,68.9,94,1.225,3530.2
3313.88,68.85,94,0.0,3530.2
3313.88,68.91,92,0.0,3530.2
3313.88,69.35,92,0.0,3530.2
3313.88,68.03,92,0.0,3530.2
3313.88,67.56,92,1.2125,3530.2
3313.88,70.72,90,0.0,3530.2
3313.88,70.52,90,0.0,3530.2
3313.88,71.01,91,2.4375,3530.2
3313.88,68.23,91,0.0,3530.2
3313.88,66.82,80,0.0,3530.2
3313.88,67.1,80,1.2125,3530.2
3313.88,67.19,91,0.0,3530.2
3313.88,66.92,91,0.0,3530.2
3313.88,68.21,90,1.175,3530.2
3313.88,68.25,90,1.2125,3530.2
3313.88,68.25,91,0.0,3530.2
3313.88,68.56,91,0.0,3530.2
3313.88,68.73,91,1.2375,3530.2
3313.88,71.07,91,0.0,3530.2
3313.88,71.92,91,0.0,3530.2
3313.88,72.28,91,1.2125,3530.2
3313.88,71.61,91,0.0,3530.2
3313.88,71.74,91,1.2125,3530.2
3313.88,71.26,80,0.0,3530.2
3313.88,70.5,80,1.2125,3530.2
3313.88,70.65,93,0.0,3530.2
3313.88,70.29,93,0.0,3530.2
3313.88,70.48,93,1.2125,3530.2
3313.88,70.75,93,0.0,3530.2
3313.88,71.73,82,1.2125,3530.2
3313.88,73.84,82,1.2125,3530.2
3313.88,73.61,97,0.0,3530.2
3313.88,73.05,97,0.0,3530.2
3313.88,72.82,93,1.2125,3530.2
3313.88,73.63,93,1.2125,3530.2
3313.88,74.17,94,0.0,3530.2
3313.88,74.47,94,0.0,3530.2
3313.88,74.63,93,1.2125,3530.2
3313.88,74.44,93,0.0,3530.2
3313.88,73.86,94,0.0,3530.2
3313.88,71.72,94,1.2125,3530.2
3313.88,71.85,93,0.0,3530.2
3313.88,72.43,93,1.2125,3530.2
3313.88,74.08,83,0.0,3530.2
3313.88,73.6,83,1.2125,3530.2
3313.88,73.31,96,0.0,3530.2
3313.88,73.25,96,0.0,3530.2
3313.88,73.47,94,1.2125,3530.2
3313.88,73.38,94,0.0,3530.2
3313.88,73.63,94,0.0,3530.2
3313.88,73.82,94,0.0,3530.2
3313.88,74.31,93,1.225,3530.2
3313.88,74.0,93,0.0,3530.2
3313.88,74.59,93,0.0,3530.2
3313.88,73.06,93,0.0,3530.2
3313.88,72.36,93,1.2125,3530.2
3313.88,73.63,93,2.425,3530.2
3313.88,72.42,82,0.0,3530.2
3313.88,72.06,82,0.0,3530.2
3313.88,72.27,93,1.2125,3530.2
3313.88,72.27,93,0.0,3530.2
3313.88,72.58,94,1.1875,3530.2
3313.88,72.24,94,1.1625,3530.2
3313.88,73.72,81,0.0,3530.2
3313.88,72.21,81,0.0,3530.2
3313.88,73.11,95,0.0,3530.2
3313.88,73.11,95,1.2125,3530.2
3313.88,72.97,93,0.0,3530.2
3313.88,73.51,93,0.0,3530.2
3313.88,73.09,93,1.2125,3530.2
3313.88,73.12,93,0.0,3530.2
3313.88,72.5,94,1.2125,3530.2
3313.88,72.5,94,0.0,3530.2
3313.88,71.31,93,1.1875,3530.2
3313.88,72.37,93,1.2125,3530.2
3313.88,72.19,80,0.0,3530.2
3313.88,72.25,95,1.2125,3530.2
3313.88,72.75,95,0.0,3530.2
3313.88,72.88,94,0.0,3530.2
3313.88,72.84,94,1.2,3530.2
3313.88,71.3,88,1.2125,3530.2
3313.88,70.36,88,0.0,3530.2
3313.88,70.63,87,0.0,3530.2
3313.88,70.66,87,1.2125,3530.2
3313.88,70.75,93,0.0,3530.2
3313.88,70.44,93,0.0,3530.2
3313.88,71.36,94,2.425,3530.2
3313.88,67.57,94,0.0,3530.2
3313.88,66.5,82,1.2125,3530.2
3313.88,66.42,82,0.0,3530.2
3313.88,66.47,94,0.0,3530.2
3313.88,68.17,94,1.2125,3530.2
3313.88,68.84,93,1.225,3530.2
3313.88,68.87,93,0.0,3530.2
3313.88,68.8,94,1.2,3530.2
3313.88,70.09,94,1.225,3530.2
3313.88,69.19,82,0.0,3530.2
3313.88,69.42,82,0.0,3530.2
3313.88,73.11,93,1.2125,3530.2
3313.88,73.83,93,0.0,3530.2
3313.88,73.69,94,0.0,3530.2
3313.88,73.38,94,0.0,3530.2
3313.88,73.54,93,1.2125,3530.2
3313.88,74.02,93,0.0,3530.2
3313.88,74.2,94,0.0,3530.2
3313.88,74.29,93,1.15,3530.2
3313.88,72.57,93,1.2125,3530.2
3313.88,73.61,86,0.0,3530.2
3313.88,72.81,86,0.0,3530.2
3313.88,72.89,95,1.2375,3530.2
3313.88,72.7,95,0.0,3530.2
3313.88,72.7,93,1.25,3530.2
3313.88,72.67,93,0.0,3530.2
3313.88,72.44,94,1.25,3530.2
3313.88,72.25,94,0.0,3530.2
3313.88,72.0,93,0.0,3530.33
3313.88,72.55,93,0.0,3530.33
3313.88,71.97,94,1.25,3530.33
3313.88,71.36,94,0.0,3530.33
3313.88,72.14,94,0.0,3530.33
3313.88,69.22,94,1.25,3530.33
3313.88,68.37,87,0.0,3530.33
3313.88,68.31,87,1.25,3530.33
3313.88,68.84,93,0.0,3530.33
3313.88,69.08,93,0.0,3530.33
3313.88,68.92,93,1.2375,3530.33
3313.88,69.56,93,0.0,3530.33
3313.88,68.98,94,1.2375,3530.33
3313.88,70.29,94,0.0,3530.33
3313.88,70.36,81,1.2375,3530.33
3313.88,70.1,81,0.0,3530.33
3313.88,73.05,93,0.0,3530.33
3313.88,74.24,93,1.25,3530.33
3313.88,74.17,94,0.0,3530.33
3313.88,74.23,94,0.0,3530.33
3313.88,73.6,93,1.25,3530.33
3313.88,74.2,93,0.0,3530.33
3313.88,73.37,94,0.0,3530.33
3313.88,73.7,94,1.2375,3530.33
3313.88,72.18,93,0.0,3530.33
3313.88,72.46,93,0.0,3530.33
3313.88,72.38,94,0.0,3530.33
3313.88,72.49,94,3.725,3530.33
3313.88,74.21,82,0.0,3530.33
3313.88,74.08,82,0.0,3530.33
3313.88,72.9,98,1.25,3530.33
3313.88,73.28,98,0.0,3530.33
3313.88,72.89,94,0.0,3530.33
3313.88,73.27,94,1.2375,3530.33
3313.88,73.1,93,0.0,3530.33
3313.88,73.14,93,0.0,3530.33
3313.88,73.56,93,0.0,3530.33
3313.88,73.52,93,1.2125,3530.33
3313.88,73.58,93,0.0,3530.33
3313.88,71.84,93,0.0,3530.33
3313.88,71.39,94,2.4375,3530.33
3313.88,74.01,94,0.0,3530.33
3313.88,73.03,81,1.2125,3530.33
3313.88,72.98,81,0.0,3530.33
3313.88,73.44,93,0.0,3530.33
3313.88,73.66,93,0.0,3530.33
3313.88,74.02,93,1.1875,3530.33
3313.88,70.83,93,1.2125,3530.33
3313.88,71.28,85,0.0,3530.33
3313.88,70.55,85,0.0,3530.33
3313.88,70.44,94,1.225,3530.33
3313.88,70.65,94,0.0,3530.33
3313.88,68.63,93,0.0,3530.33
3313.88,69.42,93,1.2125,3530.33
3313.88,70.04,93,0.0,3530.33
3313.88,69.82,93,1.2125,3530.33
3313.88,69.64,94,0.0,3530.33
3313.88,69.25,93,0.0,3530.33
3313.88,72.11,93,0.0,3530.33
3313.88,71.93,94,2.4125,3530.33
3313.88,72.37,94,1.2125,3530.33
3313.88,73.33,81,1.225,3530.33
3313.88,72.52,81,0.0,3530.33
3313.88,72.79,94,0.0,3530.33
3313.88,72.94,94,0.0,3530.33
3313.88,71.85,93,1.2125,3530.33
3313.88,72.44,93,1.2125,3530.33
3313.88,69.19,82,0.0,3530.33
3313.88,68.36,82,1.2125,3530.33
3313.88,68.26,95,0.0,3530.33
3313.88,68.44,95,0.0,3530.33
3313.88,67.19,93,1.2125,3530.33
3313.88,68.1,93,0.0,3530.33
3313.88,68.4,94,0.0,3530.33
3313.88,66.52,94,2.425,3530.33
3313.88,65.21,87,0.0,3530.33
3313.88,64.49,87,0.0,3530.33
3313.88,68.07,88,0.0,3530.33
3313.88,69.21,88,1.2125,3530.33
3313.88,69.44,93,0.0,3530.33
3313.88,69.27,94,1.1375,3530.33
3313.88,71.18,94,1.1875,3530.33
3313.88,70.94,94,0.0,3530.33
3313.88,70.7,79,1.2375,3530.33
3313.88,70.97,94,1.25,3530.33
3313.88,73.38,94,1.2375,3530.33
3313.88,74.17,85,0.0,3530.33
3313.88,74.61,85,0.0,3530.33
3313.88,74.72,93,0.0,3530.33
3313.88,74.36,93,1.2,3530.33
3313.88,74.37,94,0.0,3530.33
3313.88,74.02,94,0.0,3530.33
3313.88,70.65,89,2.4875,3530.33
3313.88,71.55,89,0.0,3530.33
3313.88,70.39,88,0.0,3530.33
3313.88,70.29,88,1.225,3530.33
3313.88,69.98,93,0.0,3530.33
3313.88,70.81,93,0.0,3530.33
3313.88,70.89,93,0.0,3530.33
3313.88,70.68,93,0.0,3530.33
3313.88,70.84,93,0.0,3530.33
3313.88,70.29,93,0.0,3530.33
3313.88,70.75,93,1.225,3530.33
3313.88,72.1,93,1.225,3530.33
3313.88,71.64,85,0.0,3530.33
3313.88,72.13,85,0.0,3530.33
3313.88,72.44,90,1.225,3530.33
3313.88,72.24,90,0.0,3530.33
3313.88,72.03,91,2.4625,3530.33
3313.88,68.71,91,0.0,3530.33
3313.88,67.41,82,0.0,3530.33
3313.88,67.43,82,1.225,3530.33
3313.88,68.05,91,0.0,3530.33
3313.88,68.03,91,0.0,3530.33
3313.88,68.1,90,0.0,3530.33
3313.88,68.1,90,2.4375,3530.33
3313.88,70.36,80,0.0,3530.33
3313.88,69.39,80,0.0,3530.33
3313.88,69.17,91,0.0,3530.33
3313.88,69.61,91,0.0,3530.33
3313.88,72.74,91,1.225,3530.33
3313.88,73.68,91,0.0,3530.33
3313.88,73.65,90,0.0,3530.33
3313.88,73.25,90,0.0,3530.33
3313.88,73.54,91,2.425,3530.33
3313.88,74.81,87,0.0,3530.33
3313.88,74.55,87,0.0,3530.33
3313.88,71.89,87,0.0,3530.33
3313.88,72.72,93,1.225,3530.33
3313.88,72.75,93,0.0,3530.33
3313.88,72.88,93,0.0,3530.33
3313.88,72.59,94,0.0,3530.33
3313.88,72.99,94,1.2125,3530.33
3313.88,73.0,93,1.2125,3530.33
3313.88,73.0,93,0.0,3530.33
3313.88,72.89,93,1.2125,3530.33
3313.88,71.54,93,0.0,3530.33
3313.88,71.03,83,1.2125,3530.33
3313.88,68.72,83,0.0,3530.33
3313.88,67.41,92,1.2125,3530.33
3313.88,67.62,92,0.0,3530.33
3313.88,67.53,94,0.0,3530.33
3313.88,67.92,94,0.0,3530.33
3313.88,67.84,93,1.2125,3530.33
3313.88,68.14,93,1.1625,3530.33
3313.88,68.14,85,0.0,3530.33
3313.88,65.11,85,1.25,3530.33
3313.88,65.11,88,0.0,3530.33
3313.88,68.8,88,0.0,3530.33
3313.88,69.87,94,1.225,3530.33
3313.88,69.56,94,0.0,3530.33
3313.88,69.29,92,0.0,3530.33
3313.88,69.7,92,0.0,3530.33
3313.88,69.52,94,1.2125,3530.33
3313.88,70.97,94,1.2125,3530.33
3313.88,72.95,82,0.0,3530.33
3313.88,73.24,82,1.2125,3530.33
3313.88,73.61,94,0.0,3530.33
3313.88,73.35,94,0.0,3530.33
3313.88,73.76,93,0.0,3530.33
3313.88,74.26,94,1.225,3530.33
3313.88,74.33,94,0.0,3530.33
3313.88,75.63,79,1.2375,3530.33
3313.88,74.65,79,1.2375,3530.33
3313.88,74.53,79,0.0,3530.33
3313.88,72.92,94,0.0,3530.33
3313.88,73.69,94,1.25,3530.33
3313.88,74.33,94,0.0,3530.33
3313.88,74.04,94,1.2375,3530.33
3313.88,75.75,93,1.2375,3530.33
3313.88,75.0,93,1.2375,3530.33
3313.88,74.77,81,0.0,3530.33
3313.88,74.99,93,1.2375,3530.33
3313.88,73.24,93,0.0,3530.33
3313.88,73.92,93,0.0,3530.33
3313.88,74.02,94,1.2375,3530.33
3313.88,74.92,94,1.2375,3530.33
3313.88,74.5,82,0.0,3530.33
3313.88,74.4,82,0.0,3530.33
3313.88,74.82,93,0.0,3530.33
3313.88,73.32,93,1.25,3530.33
3313.88,73.66,93,0.0,3530.33
3313.88,73.56,92,1.25,3530.33
3313.88,74.39,92,1.25,3530.33
3313.88,74.34,84,0.0,3530.33
3313.88,74.58,84,0.0,3530.33
3313.88,74.49,84,0.0,3530.33
3313.88,73.65,94,1.25,3530.33
3313.88,74.43,94,0.0,3530.33
3313.88,74.31,93,0.0,3530.33
3313.88,74.44,93,0.0,3530.33
3313.88,74.24,94,2.4875,3530.45
3313.88,75.28,94,0.0,3530.45
3313.88,74.91,77,1.25,3530.45
3313.88,73.92,77,0.0,3530.45
3313.88,74.43,93,0.0,3530.45
3313.88,74.59,93,0.0,3530.45
3313.88,75.01,94,2.4875,3530.45
3313.88,74.94,94,0.0,3530.45
3313.88,74.44,83,0.0,3530.45
3313.88,74.36,83,0.0,3530.45
3313.88,73.9,93,1.25,3530.45
3313.88,73.9,93,0.0,3530.45
3313.88,73.23,93,0.0,3530.45
3313.88,73.68,93,1.225,3530.45
3313.88,73.68,94,0.0,3530.45
3313.88,73.68,94,1.2125,3530.45
3313.88,73.11,93,0.0,3530.45
3313.88,72.28,93,1.2125,3530.45
3313.88,72.27,94,0.0,3530.45
3313.88,72.49,94,0.0,3530.45
3313.88,72.21,93,0.0,3530.45
3313.88,72.2,93,2.4875,3530.45
3313.88,73.66,93,0.0,3530.45
3313.88,72.83,93,0.0,3530.45
3313.88,72.68,81,0.0,3530.45
3313.88,72.32,81,0.0,3530.45
3313.88,72.86,93,1.25,3530.45
3313.88,72.86,93,0.0,3530.45
3313.88,73.2,94,0.0,3530.45
3313.88,73.52,92,1.2375,3530.45
3313.88,73.9,92,1.2375,3530.45
3313.88,73.78,92,0.0,3530.45
3313.88,74.84,83,0.0,3530.45
3313.88,74.02,83,1.2375,3530.45
3313.88,72.73,92,0.0,3530.45
3313.88,73.07,93,0.0,3530.45
3313.88,73.53,93,1.2375,3530.45
3313.88,73.91,93,1.2375,3530.45
3313.88,73.54,93,0.0,3530.45
3313.88,73.07,93,0.0,3530.45
3313.88,72.82,93,2.4875,3530.45
3313.88,72.97,85,0.0,3530.45
3313.88,72.23,85,0.0,3530.45
3313.88,72.65,96,1.2375,3530.45
3313.88,72.23,96,0.0,3530.45
3313.88,72.55,93,0.0,3530.45
3313.88,72.44,93,0.0,3530.45
3313.88,72.24,93,1.25,3530.45
3313.88,72.36,93,0.0,3530.45
3313.88,72.27,94,0.0,3530.45
3313.88,72.28,94,1.25,3530.45
3313.88,71.92,93,1.25,3530.45
3313.88,73.29,93,0.0,3530.45
3313.88,72.67,81,0.0,3530.45
3313.88,72.65,81,1.25,3530.45
3313.88,72.87,93,0.0,3530.45
3313.88,73.13,93,0.0,3530.45
3313.88,72.92,94,0.0,3530.45
3313.88,73.05,94,1.25,3530.45
3313.88,72.87,93,1.25,3530.45
3313.88,74.12,93,0.0,3530.45
3313.88,73.39,83,0.0,3530.45
3313.88,73.56,83,1.25,3530.45
3313.88,71.97,94,0.0,3530.45
3313.88,72.89,94,0.0,3530.45
3313.88,73.16,93,0.0,3530.45
3313.88,73.03,93,2.4125,3530.45
3313.88,69.9,85,0.0,3530.45
3313.88,68.83,85,0.0,3530.45
3313.88,68.85,93,1.2125,3530.45
3313.88,68.73,93,0.0,3530.45
3313.88,67.48,92,2.425,3530.45
3313.88,69.54,92,1.2125,3530.45
3313.88,69.0,86,0.0,3530.45
3313.88,69.03,86,0.0,3530.45
3313.88,69.23,93,1.2125,3530.45
3313.88,69.45,93,0.0,3530.45
3313.88,69.44,94,0.0,3530.45
3313.88,72.11,94,1.2125,3530.45
3313.88,69.84,81,1.2125,3530.45
3313.88,68.61,81,0.0,3530.45
3313.88,68.64,94,0.0,3530.45
3313.88,69.29,94,1.2125,3530.45
3313.88,67.89,94,0.0,3530.45
3313.88,68.57,94,0.0,3530.45
3313.88,68.63,93,1.2125,3530.45
3313.88,68.28,94,1.2125,3530.45
3313.88,68.02,94,0.0,3530.45
3313.88,67.9,94,0.0,3530.45
3313.88,70.9,85,1.2125,3530.45
3313.88,70.9,93,0.0,3530.45
3313.88,71.95,93,0.0,3530.45
3313.88,71.92,93,1.2125,3530.45
3313.88,71.8,93,1.2125,3530.45
3313.88,73.48,87,0.0,3530.45
3313.88,73.08,87,0.0,3530.45
3313.88,73.08,93,1.2125,3530.45
3313.88,72.8,93,0.0,3530.45
3313.88,73.16,93,0.0,3530.45
3313.88,73.16,93,1.2125,3530.45
3313.88,73.55,94,0.0,3530.45
3313.88,73.65,94,1.2125,3530.45
3313.88,72.93,87,0.0,3530.45
3313.88,72.64,87,0.0,3530.45
3313.88,70.75,87,0.0,3530.45
3313.88,71.44,87,0.0,3530.45
3313.88,71.67,91,1.225,3530.45
3313.88,72.06,89,2.425,3530.45
3313.88,72.06,89,0.0,3530.45
3313.88,71.71,89,1.225,3530.45
3313.88,72.19,83,0.0,3530.45
3313.88,72.24,91,0.0,3530.45
3313.88,73.25,91,0.0,3530.45
3313.88,73.15,90,1.225,3530.45
3313.88,73.5,90,0.0,3530.58
3313.88,73.41,91,0.0,3530.58
3313.88,73.25,91,0.0,3530.58
3313.88,73.47,89,0.0,3530.58
3313.88,73.04,89,1.225,3530.58
3313.88,72.42,91,0.0,3530.58
3313.88,73.09,91,0.0,3530.58
3313.88,72.75,90,0.0,3530.58
3313.88,72.67,90,0.0,3530.58
3313.88,69.86,84,2.45,3530.58
3313.88,69.09,84,0.0,3530.58
3313.88,68.94,90,0.0,3530.58
3313.88,68.96,90,1.2125,3530.58
3313.88,68.7,92,1.2125,3530.58
3313.88,68.98,92,1.2125,3530.58
3313.88,69.41,88,0.0,3530.58
3313.88,69.8,88,0.0,3530.58
3313.88,69.16,96,1.225,3530.58
3313.88,69.09,96,0.0,3530.58
3313.88,69.19,93,0.0,3530.58
3313.88,71.36,93,0.0,3530.58
3313.88,72.12,92,0.0,3530.58
3313.88,72.33,92,0.0,3530.58
3313.88,71.91,94,2.425,3530.58
3313.88,70.94,94,0.0,3530.58
3313.88,70.05,83,0.0,3530.58
3313.88,69.67,83,1.225,3530.58
3313.88,69.66,94,0.0,3530.58
3313.88,69.76,94,0.0,3530.58
3313.88,69.77,92,0.0,3530.58
3313.88,69.61,92,1.225,3530.58
3313.88,69.87,93,0.0,3530.58
3313.88,70.32,93,1.2125,3530.7
3313.88,68.64,89,0.0,3530.7
3313.88,69.06,89,1.225,3530.7
3313.88,69.5,93,0.0,3530.7
3313.88,70.22,93,0.0,3530.7
3313.88,70.7,93,0.0,3530.7
3313.88,70.64,93,1.225,3530.7
3313.88,71.11,94,0.0,3530.7
3313.88,70.96,94,0.0,3530.7
3313.88,71.48,93,0.0,3530.7
3313.88,71.48,93,3.6375,3530.7
3313.88,71.5,94,0.0,3530.7
3313.88,72.8,94,0.0,3530.7
3313.88,72.22,85,1.2125,3530.7
3313.88,72.73,85,0.0,3530.7
3313.88,72.71,94,0.0,3530.7
3313.88,72.82,94,0.0,3530.7
3313.88,72.46,93,1.2375,3530.7
3313.88,72.38,93,1.225,3530.7
3313.88,71.52,83,0.0,3530.7
3313.88,70.46,83,0.0,3530.7
3313.88,70.77,94,0.0,3530.7
3313.88,69.94,94,1.2375,3530.7
3313.88,69.68,94,0.0,3530.7
3313.88,70.43,94,0.0,3530.7
3313.88,71.03,93,1.225,3530.7
3313.88,72.0,93,0.0,3530.7
3313.88,70.77,85,1.2125,3530.7
3313.88,71.24,85,0.0,3530.7
3313.88,71.34,93,0.0,3530.7
3313.88,73.24,93,0.0,3530.7
3313.88,72.82,93,1.2125,3530.7
3313.88,73.27,93,0.0,3530.7
3313.88,73.54,93,0.0,3530.7
3313.88,73.54,93,1.2125,3530.7
3313.88,72.91,92,0.0,3530.7
3313.88,72.8,94,0.0,3530.7
3313.88,71.62,94,0.0,3530.7
3313.88,72.52,92,1.2125,3530.7
3313.88,72.38,92,0.0,3530.7
3313.88,72.01,94,1.2125,3530.7
3313.88,72.42,94,1.2125,3530.7
3313.88,72.94,90,0.0,3530.7
3313.88,72.39,93,0.0,3530.7
3313.88,72.93,93,1.2125,3530.7
3313.88,73.36,93,0.0,3530.7
3313.88,73.51,93,0.0,3530.7
3313.88,73.7,93,0.0,3530.7
3313.88,73.7,93,1.25,3530.7
3313.88,73.22,93,0.0,3530.7
3313.88,73.58,94,0.0,3530.7
3313.88,72.91,94,0.0,3530.7
3313.88,72.4,93,0.0,3530.7
3313.88,74.41,93,2.4875,3530.7
3313.88,73.39,84,1.25,3530.7
3313.88,73.12,84,0.0,3530.7
3313.88,73.12,94,0.0,3530.7
3313.88,73.57,94,0.0,3530.7
3313.88,73.66,93,0.0,3530.7
3313.88,74.15,93,0.0,3530.7
3313.88,73.93,93,0.0,3530.7
3313.88,73.01,93,2.4875,3530.7
3313.88,73.01,90,0.0,3530.7
3313.88,72.27,90,0.0,3530.7
3313.88,72.62,87,0.0,3530.7
3313.88,71.19,87,0.0,3530.7
3313.88,71.8,93,0.0,3530.7
3313.88,72.0,93,0.0,3530.7
3313.88,71.76,94,1.25,3530.7
3313.88,71.51,94,1.25,3530.7
3313.88,72.56,84,0.0,3530.7
3313.88,71.96,84,0.0,3530.7
3313.88,71.8,92,0.0,3530.7
3313.88,72.54,92,1.25,3530.7
3313.88,73.45,92,0.0,3530.7
3313.88,73.32,92,1.25,3530.7
3313.88,69.99,82,0.0,3530.7
3313.88,68.85,82,0.0,3530.7
3313.88,68.68,95,0.0,3530.7
3313.88,68.86,95,0.0,3530.7
3313.88,68.87,93,1.25,3530.7
3313.88,67.53,93,0.0,3530.7
3313.88,68.26,92,0.0,3530.7
3313.88,68.64,92,0.0,3530.7
3313.88,68.3,92,0.0,3530.7
3313.88,68.13,92,1.25,3530.7
3313.88,68.32,93,0.0,3530.7
3313.88,71.47,93,0.0,3530.7
3313.88,72.42,93,0.0,3530.7
3313.88,72.89,93,0.0,3530.7
3313.88,72.48,93,1.25,3530.7
3313.88,72.08,93,2.4875,3530.7
3313.88,71.92,78,0.0,3530.7
3313.88,70.61,78,1.25,3530.7
3313.88,70.33,95,0.0,3530.7
3313.88,70.45,95,0.0,3530.7
3313.88,71.13,93,0.0,3530.7
3313.88,71.04,93,1.25,3530.7
3313.88,71.04,92,1.25,3530.7
3313.88,71.26,92,0.0,3530.7
3313.88,70.73,84,0.0,3530.7
3313.88,70.58,84,0.0,3530.7
3313.88,71.13,91,1.25,3530.7
3313.88,71.32,91,0.0,3530.7
3313.88,72.16,93,0.0,3530.7
3313.88,72.34,93,2.4875,3530.7
3313.88,72.9,92,0.0,3530.7
3313.88,73.55,80,0.0,3530.7
3313.88,73.06,80,0.0,3530.7
3313.88,73.33,92,1.2125,3530.7
3313.88,73.45,92,0.0,3530.7
3313.88,73.8,93,0.0,3530.7
3313.88,73.85,93,1.2375,3530.7
3313.88,74.4,84,1.25,3530.7
3313.88,73.42,84,0.0,3530.7
3313.88,73.33,94,0.0,3530.7
3313.88,73.21,94,0.0,3530.7
3313.88,72.66,93,1.25,3530.7
3313.88,71.53,93,0.0,3530.7
3313.88,71.97,93,0.0,3530.7
3313.88,69.78,93,2.4875,3530.7
3313.88,69.78,84,0.0,3530.7
3313.88,68.58,84,1.2375,3530.7
3313.88,67.77,93,0.0,3530.7
3313.88,68.83,93,0.0,3530.7
3313.88,68.83,92,0.0,3530.7
3313.88,69.26,92,0.0,3530.7
3313.88,69.43,94,0.0,3530.7
3313.88,67.3,94,2.4875,3530.7
3313.88,66.49,84,0.0,3530.7
3313.88,66.4,84,0.0,3530.7
3313.88,68.56,93,0.0,3530.7
3313.88,69.97,93,1.25,3530.7
3313.88,69.69,92,0.0,3530.7
3313.88,69.75,92,0.0,3530.7
3313.88,70.09,93,1.25,3530.7
3313.88,70.25,93,1.2375,3530.7
3313.88,70.38,84,0.0,3530.7
3313.88,70.34,84,1.25,3530.7
3313.88,72.78,93,0.0,3530.7
3313.88,73.73,93,0.0,3530.7
3313.88,73.63,93,0.0,3530.7
3313.88,73.85,93,1.25,3530.7
3313.88,74.11,92,0.0,3530.7
3313.88,74.12,92,0.0,3530.7
3313.88,71.52,85,2.4875,3530.7
3313.88,69.73,85,0.0,3530.7
3313.88,69.53,88,0.0,3530.7
3313.88,68.96,88,0.0,3530.7
3313.88,69.32,90,1.25,3530.7
3313.88,68.94,90,0.0,3530.7
3313.88,69.18,90,0.0,3530.7
3313.88,69.14,90,2.4875,3530.7
3313.88,69.84,80,1.25,3530.7
3313.88,69.44,80,0.0,3530.7
3313.88,69.48,89,0.0,3530.7
3313.88,72.21,89,0.0,3530.7
3313.88,73.4,91,0.0,3530.7
3313.88,73.8,91,1.2375,3530.7
3313.88,71.41,82,1.25,3530.7
3313.88,69.75,82,0.0,3530.7
3313.88,69.49,89,0.0,3530.7
3313.88,69.47,89,1.25,3530.7
3313.88,69.48,91,0.0,3530.7
3313.88,68.44,91,0.0,3530.7
3313.88,68.87,90,0.0,3530.7
3313.88,68.73,90,1.2125,3530.7
3313.88,68.25,91,0.0,3530.7
3313.88,68.56,91,0.0,3530.7
3313.88,68.06,92,0.0,3530.7
3313.88,70.33,92,1.2125,3530.7
3313.88,70.74,92,0.0,3530.7
3313.88,71.51,92,0.0,3530.7
3313.88,71.31,94,1.2125,3530.7
3313.88,71.25,94,1.2125,3530.7
3313.88,73.12,83,0.0,3530.7
3313.88,72.45,83,1.2125,3530.7
3313.88,72.49,94,0.0,3530.7
3313.88,72.67,94,0.0,3530.7
3313.88,73.07,92,0.0,3530.7
3313.88,73.22,92,0.0,3530.7
3313.88,73.25,93,1.225,3530.7
3313.88,74.47,93,0.0,3530.7
3313.88,74.07,92,0.0,3530.7
3313.88,73.57,92,0.0,3530.7
3313.88,73.75,93,0.0,3530.7
3313.88,71.63,93,1.2125,3530.7
3313.88,71.95,92,1.2125,3530.7
3313.88,72.48,92,0.0,3530.7
3313.88,72.2,85,0.0,3530.7
3313.88,71.61,85,1.2125,3530.7
3313.88,71.79,92,1.225,3530.7
3313.88,72.08,93,0.0,3530.7
3313.88,71.66,93,0.0,3530.7
3313.88,71.51,93,1.2125,3530.7
3313.88,71.86,92,0.0,3530.7
3313.88,71.52,92,0.0,3530.7
3313.88,71.49,92,1.2125,3530.7
3313.88,71.54,84,1.2125,3530.7
3313.88,70.67,84,0.0,3530.7
3313.88,70.8,92,0.0,3530.7
3313.88,71.05,92,0.0,3530.7
3313.88,70.73,93,1.225,3530.7
3313.88,71.15,93,0.0,3530.7
3313.88,71.46,93,0.0,3530.7
3313.88,71.63,93,1.2125,3530.7
3313.88,68.35,84,1.2125,3530.7
3313.88,67.57,84,0.0,3530.7
3313.88,67.64,93,0.0,3530.7
3313.88,67.69,93,0.0,3530.7
3313.88,68.32,93,1.2125,3530.7
3313.88,68.06,93,0.0,3530.7
3313.88,68.45,92,0.0,3530.7
3313.88,68.45,92,2.4375,3530.7
3313.88,68.94,82,0.0,3530.7
3313.88,68.85,82,1.2125,3530.7
3313.88,72.0,93,0.0,3530.7
3313.88,72.49,93,1.2,3530.7
3313.88,72.87,92,0.0,3530.7
3313.88,72.57,92,0.0,3530.7
3313.88,72.81,93,1.2125,3530.7
3313.88,73.04,93,0.0,3530.7
3313.88,72.66,92,0.0,3530.7
3313.88,72.66,92,0.0,3530.7
3313.88,72.88,93,2.45,3530.7
3313.88,68.47,93,0.0,3530.7
3313.88,67.87,83,0.0,3530.7
3313.88,68.49,83,0.0,3530.7
3313.88,68.49,93,0.0,3530.7
3313.88,68.6,93,0.0,3530.7
3313.88,69.13,93,1.225,3530.7
3313.88,69.33,93,1.225,3530.7
3313.88,70.36,85,0.0,3530.7
3313.88,70.45,85,0.0,3530.7
3313.88,69.03,98,0.0,3530.7
3313.88,68.93,98,0.0,3530.7
3313.88,71.44,93,1.225,3530.7
3313.88,72.35,93,1.225,3530.7
3313.88,70.29,92,1.225,3530.7
3313.88,68.95,92,0.0,3530.7
3313.88,68.44,85,0.0,3530.7
3313.88,68.84,85,0.0,3530.7
3313.88,67.91,92,0.0,3530.7
3313.88,67.61,92,1.2125,3530.7
3313.88,68.53,93,0.0,3530.7
3313.88,68.49,93,0.0,3530.7
3313.88,68.87,92,1.2125,3530.7
3313.88,69.63,86,0.0,3530.7
3313.88,69.29,86,1.2125,3530.7
3313.88,71.69,93,0.0,3530.7
3313.88,72.67,93,0.0,3530.7
3313.88,73.19,92,0.0,3530.7
3313.88,72.76,92,1.25,3530.7
3313.88,73.37,92,0.0,3530.7
3313.88,73.45,84,0.0,3530.7
3313.88,73.75,84,0.0,3530.7
3313.88,73.5,97,1.25,3530.7
3313.88,73.6,97,0.0,3530.7
3313.88,72.82,93,0.0,3530.7
3313.88,72.82,93,0.0,3530.7
3313.88,72.87,93,0.0,3530.7
3313.88,73.25,92,0.0,3530.7
3313.88,72.6,92,1.25,3530.7
3313.88,72.83,92,0.0,3530.7
3313.88,72.83,94,2.4875,3530.7
3313.88,72.83,94,0.0,3530.7
3313.88,71.9,88,0.0,3530.7
3313.88,71.9,93,0.0,3530.7
3313.88,72.21,93,1.25,3530.7
3313.88,72.26,92,0.0,3530.7
3313.88,72.89,92,0.0,3530.7
3313.88,73.09,94,0.0,3530.7
3313.88,72.94,94,0.0,3530.7
3313.88,72.33,93,0.0,3530.7
3313.88,72.35,93,1.25,3530.7
3313.88,72.03,85,0.0,3530.7
3313.88,72.71,85,1.25,3530.7
3313.88,72.69,93,0.0,3530.7
3313.88,72.82,93,0.0,3530.7
3313.88,73.06,93,0.0,3530.7
3313.88,71.98,93,0.0,3530.7
3313.88,72.11,92,0.0,3530.7
3313.88,72.72,92,1.25,3530.7
3313.88,72.96,93,0.0,3530.7
3313.88,72.92,93,0.0,3530.7
3313.88,73.06,93,0.0,3530.7
3313.88,71.29,93,0.0,3530.7
3313.88,71.94,94,0.0,3530.7
3313.88,72.36,94,0.0,3530.7
3313.88,72.18,92,1.2375,3530.7
3313.88,72.22,92,0.0,3530.7
3313.88,73.12,88,0.0,3530.7
3313.88,72.82,88,1.25,3530.7
3313.88,72.08,95,0.0,3530.7
3313.88,72.27,95,0.0,3530.7
3313.88,72.55,91,0.0,3530.7
3313.88,72.19,91,0.0,3530.7
3313.88,71.67,90,2.4875,3530.7
3313.88,72.53,90,0.0,3530.7
3313.88,72.47,91,0.0,3530.7
3313.88,72.34,91,0.0,3530.7
3313.88,72.3,90,1.2375,3530.7
3313.88,72.17,90,0.0,3530.7
3313.88,71.46,84,1.25,3530.7
3313.88,72.31,84,0.0,3530.7
3313.88,72.22,90,0.0,3530.7
3313.88,72.47,90,0.0,3530.7
3313.88,72.7,92,1.2375,3530.7
3313.88,73.5,92,0.0,3530.7
3313.88,73.0,90,0.0,3530.7
3313.88,73.25,90,0.0,3530.7
3313.88,73.1,91,2.4875,3530.7
3313.88,74.73,91,0.0,3530.7
3313.88,73.88,78,0.0,3530.7
3313.88,74.29,78,0.0,3530.7
3313.88,74.19,91,1.225,3530.7
3313.88,74.14,91,1.2,3530.7
3313.88,74.39,90,1.1625,3530.7
3313.88,74.94,90,0.0,3530.7
3313.88,74.3,87,0.0,3530.7
3313.88,74.55,87,1.2375,3530.7
3313.88,74.06,91,0.0,3530.7
3313.88,74.02,91,0.0,3530.7
3313.88,72.27,91,0.0,3530.7
3313.88,73.27,91,1.2125,3530.7
3313.88,73.34,91,0.0,3530.7
3313.88,72.84,91,0.0,3530.7
3313.88,73.05,91,1.2125,3530.7
3313.88,72.81,91,0.0,3530.7
3313.88,71.91,91,0.0,3530.7
3313.88,72.52,91,0.0,3530.7
3313.88,72.32,91,1.2125,3530.7
3313.88,72.54,91,1.225,3530.7
3313.88,72.31,84,0.0,3530.7
3313.88,71.97,90,0.0,3530.7
3313.88,71.67,90,0.0,3530.7
3313.88,72.01,94,1.2375,3530.7
3313.88,72.24,94,0.0,3530.7
3313.88,72.13,94,1.2375,3530.7
3313.88,72.28,92,0.0,3530.7
3313.88,72.74,85,0.0,3530.7
3313.88,72.53,85,1.2375,3530.7
3313.88,72.93,92,0.0,3530.7
3313.88,72.87,92,0.0,3530.7
3313.88,73.03,92,1.25,3530.7
3313.88,72.77,92,0.0,3530.7
3313.88,72.58,88,2.4875,3530.7
3313.88,72.18,88,0.0,3530.7
3313.88,72.31,93,0.0,3530.7
3313.88,72.03,93,0.0,3530.7
3313.88,71.89,93,0.0,3530.7
3313.88,71.98,93,1.25,3530.7
3313.88,72.3,88,0.0,3530.7
3313.88,71.89,88,0.0,3530.7
3313.88,72.03,92,0.0,3530.7
3313.88,73.0,92,1.25,3530.7
3313.88,72.55,93,0.0,3530.7
3313.88,72.96,93,0.0,3530.7
3313.88,73.22,91,1.2375,3530.7
3313.88,72.32,91,0.0,3530.7
3313.88,72.04,89,1.25,3530.7
3313.88,71.96,89,0.0,3530.7
3313.88,72.43,92,0.0,3530.7
3313.88,71.69,92,0.0,3530.7
3313.88,71.88,93,0.0,3530.7
3313.88,71.87,93,1.25,3530.7
3313.88,71.8,93,1.2375,3530.7
3313.88,73.08,93,0.0,3530.7
3313.88,72.57,84,0.0,3530.7
3313.88,72.9,84,0.0,3530.7
3313.88,73.84,94,0.0,3530.7
3313.88,73.97,94,0.0,3530.7
3313.88,73.92,93,0.0,3530.7
3313.88,73.88,93,1.25,3530.7
3313.88,74.11,93,1.25,3530.7
3313.88,74.92,93,0.0,3530.7
3313.88,74.77,90,0.0,3530.7
3313.88,73.71,90,0.0,3530.7
3313.88,72.42,93,0.0,3530.7
3313.88,73.42,93,0.0,3530.7
3313.88,72.99,92,1.25,3530.7
3313.88,73.0,92,0.0,3530.7
3313.88,73.41,93,0.0,3530.7
3313.88,73.46,93,0.0,3530.7
3313.88,73.21,93,0.0,3530.7
3313.88,73.36,93,0.0,3530.7
3313.88,72.33,94,1.25,3530.7
3313.88,71.85,94,1.25,3530.7
3313.88,73.79,84,0.0,3530.7
3313.88,73.46,84,0.0,3530.7
3313.88,73.09,93,0.0,3530.7
3313.88,73.3,93,0.0,3530.7
3313.88,72.99,93,0.0,3530.7
3313.88,73.02,93,1.25,3530.7
3313.88,73.39,93,0.0,3530.7
3313.88,73.37,93,0.0,3530.7
3313.88,72.82,93,0.0,3530.7
3313.88,73.01,93,2.4875,3530.7
3313.88,70.25,79,0.0,3530.7
3313.88,68.03,79,1.225,3530.7
3313.88,68.43,93,0.0,3530.7
3313.88,68.49,93,1.2125,3530.7
3313.88,68.47,92,0.0,3530.7
3313.88,68.55,92,0.0,3530.7
3313.88,68.38,93,1.2125,3530.7
3313.88,69.22,93,0.0,3530.7
3313.88,68.43,87,0.0,3530.7
3313.88,68.08,92,1.1875,3530.7
3313.88,68.39,92,0.0,3530.7
3313.88,71.73,93,0.0,3530.7
3313.88,72.47,93,1.2125,3530.7
3313.88,72.41,92,0.0,3530.7
3313.88,72.58,92,0.0,3530.7
3313.88,72.99,93,1.225,3530.7
3313.88,73.05,93,0.0,3530.7
3313.88,73.93,85,0.0,3530.7
3313.88,72.22,85,1.25,3530.7
3313.88,73.4,92,0.0,3530.7
3313.88,74.21,92,0.0,3530.7
3313.88,74.13,93,0.0,3530.7
3313.88,74.08,93,1.25,3530.7
3313.88,74.13,92,0.0,3530.7
3313.88,74.25,92,0.0,3530.7
3313.88,73.65,92,0.0,3530.7
3313.88,73.3,94,1.25,3530.7
3313.88,69.08,94,0.0,3530.7
3313.88,68.34,84,0.0,3530.7
3313.88,68.12,84,1.25,3530.7
3313.88,67.96,94,0.0,3530.7
3313.88,67.91,94,0.0,3530.7
3313.88,68.2,93,0.0,3530.7
3313.88,68.64,93,0.0,3530.7
3313.88,70.21,93,3.725,3530.7
3313.88,69.56,93,0.0,3530.7
3313.88,69.51,82,0.0,3530.7
3313.88,69.51,82,0.0,3530.7
3313.88,72.52,93,1.2375,3530.7
3313.88,72.52,93,0.0,3530.7
3313.88,73.96,92,0.0,3530.7
3313.88,73.75,92,1.25,3530.7
3313.88,73.72,93,1.25,3530.7
3313.88,74.3,93,0.0,3530.7
3313.88,75.42,84,0.0,3530.7
3313.88,74.72,84,0.0,3530.7
3313.88,72.77,93,1.25,3530.7
3313.88,73.61,93,0.0,3530.7
3313.88,73.71,93,0.0,3530.7
3313.88,73.72,93,1.2375,3530.7
3313.88,73.98,93,0.0,3530.7
3313.88,73.99,93,1.25,3530.7
3313.88,73.6,86,0.0,3530.7
3313.88,73.48,86,0.0,3530.7
3313.88,73.09,93,0.0,3530.7
3313.88,71.8,93,1.25,3530.7
3313.88,72.41,93,0.0,3530.7
3313.88,72.6,93,0.0,3530.7
3313.88,71.95,94,0.0,3530.7
3313.88,72.28,94,1.2375,3530.7
3313.88,72.27,93,1.25,3530.7
3313.88,72.06,93,0.0,3530.7
3313.88,73.01,85,0.0,3530.7
3313.88,72.79,85,1.2375,3530.7
3313.88,73.0,94,0.0,3530.7
3313.88,72.75,94,0.0,3530.7
3313.88,73.21,92,0.0,3530.7
3313.88,73.28,92,1.2125,3530.7
3313.88,73.08,93,0.0,3530.7
3313.88,73.83,93,1.2,3530.7
3313.88,72.49,89,0.0,3530.7
3313.88,72.49,93,1.2125,3530.7
3313.88,72.42,93,1.2125,3530.7
3313.88,71.28,92,0.0,3530.7
3313.88,72.28,92,0.0,3530.7
3313.88,72.15,94,0.0,3530.7
3313.88,72.29,94,1.225,3530.7
3313.88,71.62,92,0.0,3530.7
3313.88,71.68,92,0.0,3530.7
3313.88,71.01,93,1.2125,3530.7
3313.88,72.96,93,0.0,3530.7
3313.88,72.41,85,0.0,3530.7
3313.88,72.81,85,1.2125,3530.7
3313.88,73.04,93,0.0,3530.7
3313.88,72.62,93,0.0,3530.7
3313.88,72.71,93,0.0,3530.7
3313.88,72.57,94,1.2125,3530.7
3313.88,72.57,94,0.0,3530.7
3313.88,72.85,85,2.425,3530.7
3313.88,73.85,85,0.0,3530.7
3313.88,73.35,93,0.0,3530.7
3313.88,72.3,93,1.2125,3530.7
3313.88,73.22,94,0.0,3530.7
3313.88,73.13,94,0.0,3530.7
3313.88,73.22,92,0.0,3530.7
3313.88,73.09,92,0.0,3530.7
3313.88,73.43,93,1.2125,3530.7
3313.88,73.48,93,0.0,3530.7
3313.88,72.97,92,0.0,3530.7
3313.88,71.8,92,1.2125,3530.7
3313.88,72.25,94,1.2125,3530.7
3313.88,73.33,94,0.0,3530.7
3313.88,72.81,85,0.0,3530.7
3313.88,73.0,85,0.0,3530.7
3313.88,72.79,89,0.0,3530.7
3313.88,73.52,89,1.225,3530.7
3313.88,73.78,91,0.0,3530.7
3313.88,73.39,91,0.0,3530.7
3313.88,73.73,90,0.0,3530.7
3313.88,73.82,90,0.0,3530.7
3313.88,73.86,91,1.225,3530.7
3313.88,73.34,91,0.0,3530.7
3313.88,72.17,90,1.225,3530.7
3313.88,72.62,90,0.0,3530.7
3313.88,72.19,91,0.0,3530.7
3313.88,72.33,91,1.225,3530.7
3313.88,71.67,89,0.0,3530.7
3313.88,72.44,89,1.225,3530.7
3313.88,71.84,82,0.0,3530.7
3313.88,71.5,82,0.0,3530.7
3313.88,71.88,90,0.0,3530.7
3313.88,71.76,90,1.225,3530.7
3313.88,72.52,90,0.0,3530.7
3313.88,72.71,90,1.225,3530.7
3313.88,69.99,84,0.0,3530.7
3313.88,69.75,84,0.0,3530.7
3313.88,68.74,98,0.0,3530.7
3313.88,68.52,98,1.225,3530.7
3313.88,67.75,93,0.0,3530.7
3313.88,68.27,93,0.0,3530.7
3313.88,68.55,92,0.0,3530.7
3313.88,68.24,92,0.0,3530.7
3313.88,68.49,94,0.0,3530.7
3313.88,68.59,94,1.2375,3530.7
3313.88,68.42,93,0.0,3530.7
3313.88,70.81,93,0.0,3530.7
3313.88,71.28,94,0.0,3530.7
3313.88,71.75,94,1.225,3530.7
3313.88,71.81,84,1.2125,3530.7
3313.88,70.45,84,0.0,3530.7
3313.88,70.26,95,0.0,3530.7
3313.88,70.34,95,1.2125,3530.7
3313.88,70.47,93,1.2125,3530.7
3313.88,70.42,92,0.0,3530.7
3313.88,70.42,92,0.0,3530.7
3313.88,70.76,83,1.225,3530.7
3313.88,69.59,83,0.0,3530.7
3313.88,69.07,95,1.2375,3530.7
3313.88,69.18,95,0.0,3530.7
3313.88,70.23,93,0.0,3530.7
3313.88,70.83,93,0.0,3530.7
3313.88,70.59,93,2.4375,3530.7
3313.88,71.25,93,0.0,3530.7
3313.88,70.82,83,0.0,3530.7
3313.88,71.03,83,1.2125,3530.7
3313.88,71.03,93,0.0,3530.7
3313.88,72.24,93,0.0,3530.7
3313.88,73.02,94,1.2125,3530.7
3313.88,73.0,94,0.0,3530.7
3313.88,70.68,85,1.2125,3530.7
3313.88,69.66,85,1.2125,3530.7
3313.88,69.05,92,0.0,3530.7
3313.88,69.22,92,0.0,3530.7
3313.88,68.31,93,0.0,3530.7
3313.88,68.95,93,0.0,3530.7
3313.88,68.99,91,1.2125,3530.7
3313.88,69.22,91,0.0,3530.7
3313.88,69.19,90,2.4,3530.7
3313.88,70.46,90,1.2125,3530.7
3313.88,72.95,80,0.0,3530.7
3313.88,74.18,80,0.0,3530.7
3313.88,74.45,92,1.2125,3530.7
3313.88,74.17,92,0.0,3530.7
3313.88,73.98,90,0.0,3530.7
3313.88,74.12,90,2.3875,3530.7
3313.88,75.05,91,0.0,3530.7
3313.88,74.65,81,0.0,3530.7
3313.88,74.47,81,1.2125,3530.7
3313.88,73.12,81,0.0,3530.7
3313.88,73.94,91,0.0,3530.7
3313.88,73.47,91,0.0,3530.7
3313.88,73.29,90,1.2125,3530.7
3313.88,73.32,91,0.0,3530.7
3313.88,73.18,91,1.1625,3530.7
3313.88,75.44,78,0.0,3530.7
3313.88,74.26,78,1.2125,3530.7
3313.88,73.59,92,0.0,3530.7
3313.88,73.98,92,0.0,3530.7
3313.88,73.94,93,0.0,3530.7
3313.88,74.42,93,1.2125,3530.7
3313.88,74.28,93,0.0,3530.7
3313.88,74.31,93,0.0,3530.7
3313.88,74.4,93,1.2125,3530.7
3313.88,74.07,93,0.0,3530.7
3313.88,74.0,92,0.0,3530.7
3313.88,71.6,92,1.2125,3530.7
3313.88,72.18,92,0.0,3530.7
3313.88,73.35,92,1.225,3530.7
3313.88,73.26,85,0.0,3530.7
3313.88,73.49,85,1.2125,3530.7
3313.88,73.48,92,0.0,3530.7
3313.88,73.33,92,1.2125,3530.7
3313.88,73.41,94,0.0,3530.7
3313.88,73.57,94,1.2,3530.7
3313.88,74.33,87,0.0,3530.7
3313.88,73.42,87,1.2125,3530.7
3313.88,74.02,95,0.0,3530.7
3313.88,74.26,95,0.0,3530.7
3313.88,72.66,94,0.0,3530.7
3313.88,72.85,94,1.2125,3530.7
3313.88,72.89,93,0.0,3530.7
3313.88,72.33,93,0.0,3530.7
3313.88,72.35,93,0.0,3530.7
3313.88,72.22,93,2.4875,3530.7
3313.88,69.03,84,0.0,3530.7
3313.88,67.46,84,0.0,3530.7
3313.88,68.42,93,1.2375,3530.7
3313.88,68.38,93,0.0,3530.7
3313.88,68.29,93,0.0,3530.7
3313.88,68.76,93,2.4875,3530.7
3313.88,68.79,94,1.2375,3530.7
3313.88,70.28,94,0.0,3530.7
3313.88,70.02,81,0.0,3530.7
3313.88,70.49,81,1.2375,3530.7
3313.88,70.46,90,0.0,3530.7
3313.88,73.58,91,0.0,3530.7
3313.88,74.51,91,1.25,3530.7
3313.88,76.17,83,1.2375,3530.7
3313.88,74.58,83,0.0,3530.7
3313.88,74.45,92,0.0,3530.7
3313.88,74.18,92,0.0,3530.7
3313.88,74.03,90,1.2375,3530.7
3313.88,72.4,90,0.0,3530.7
3313.88,73.07,91,0.0,3530.7
3313.88,72.43,91,0.0,3530.7
3313.88,72.83,90,1.25,3530.7
3313.88,72.42,90,0.0,3530.7
3313.88,72.55,90,0.0,3530.7
3313.88,70.87,90,1.2375,3530.7
3313.88,72.11,83,1.2375,3530.7
3313.88,72.62,83,0.0,3530.7
3313.88,71.91,95,0.0,3530.7
3313.88,72.11,95,1.2375,3530.7
3313.88,72.11,93,0.0,3530.7
3313.88,72.44,93,0.0,3530.7
3313.88,72.29,93,0.0,3530.7
3313.88,72.5,93,1.2375,3530.7
3313.88,72.51,94,0.0,3530.7
3313.88,72.4,94,0.0,3530.7
3313.88,72.74,94,1.2375,3530.7
3313.88,72.4,94,0.0,3530.7
3313.88,71.86,94,1.2375,3530.7
3313.88,74.05,94,1.25,3530.7
3313.88,73.42,82,0.0,3530.7
3313.88,72.83,82,0.0,3530.7
3313.88,73.35,93,1.2375,3530.7
3313.88,73.41,93,0.0,3530.7
3313.88,73.55,93,0.0,3530.7
3313.88,73.54,93,0.0,3530.7
3313.88,73.75,94,1.2125,3530.7
3313.88,73.67,94,0.0,3530.7
3313.88,73.67,93,1.2125,3530.7
3313.88,73.69,93,1.2125,3530.7
3313.88,72.02,94,0.0,3530.7
3313.88,72.29,94,0.0,3530.7
3313.88,72.15,93,1.2125,3530.7
3313.88,71.77,93,1.2125,3530.7
3313.88,68.83,84,0.0,3530.7
3313.88,67.94,84,0.0,3530.7
3313.88,68.12,95,0.0,3530.7
3313.88,68.41,95,1.2125,3530.7
3313.88,68.45,94,0.0,3530.7
3313.88,68.35,94,0.0,3530.7
3313.88,68.65,93,1.2125,3530.7
3313.88,69.09,93,0.0,3530.7
3313.88,70.1,84,1.2125,3530.7
3313.88,69.72,84,0.0,3530.7
3313.88,69.83,93,0.0,3530.7
3313.88,72.88,93,1.2125,3530.7
3313.88,73.66,93,1.2125,3530.7
3313.88,73.4,93,0.0,3530.7
3313.88,73.56,94,0.0,3530.7
3313.88,73.46,94,1.2125,3530.7
3313.88,73.38,94,0.0,3530.7
3313.88,73.45,94,0.0,3530.7
3313.88,73.13,94,0.0,3530.7
3313.88,71.9,94,1.2125,3530.7
3313.88,72.65,93,0.0,3530.7
3313.88,72.51,93,0.0,3530.7
3313.88,72.05,94,2.4375,3530.7
3313.88,72.4,94,0.0,3530.7
3313.88,71.61,87,0.0,3530.7
3313.88,70.18,94,1.2125,3530.7
3313.88,70.01,94,0.0,3530.7
3313.88,70.42,94,0.0,3530.7
3313.88,70.44,93,0.0,3530.7
3313.88,71.15,92,1.2125,3530.7
3313.88,70.79,92,0.0,3530.7
3313.88,70.89,93,0.0,3530.7
3313.88,70.83,93,1.2125,3530.7
3313.88,70.3,93,0.0,3530.7
3313.88,71.14,93,1.2125,3530.7
3313.88,71.48,84,1.2125,3530.7
3313.88,71.54,84,0.0,3530.7
3313.88,71.37,92,0.0,3530.7
3313.88,71.23,92,0.0,3530.7
3313.88,71.12,93,2.4375,3530.7
3313.88,71.23,93,0.0,3530.7
3313.88,71.68,94,0.0,3530.7
3313.88,71.54,94,2.425,3530.7
3313.88,69.17,86,0.0,3530.7
3313.88,68.43,86,0.0,3530.7
3313.88,68.17,89,1.2125,3530.7
3313.88,69.05,89,0.0,3530.7
3313.88,69.41,93,0.0,3530.7
3313.88,69.37,93,0.0,3530.7
3313.88,69.63,94,1.2125,3530.7
3313.88,69.2,94,1.2125,3530.7
3313.88,68.14,81,1.2125,3530.7
3313.88,67.94,81,0.0,3530.7
3313.88,70.45,95,0.0,3530.7
3313.88,70.45,95,1.2125,3530.7
3313.88,71.23,93,0.0,3530.7
3313.88,71.56,93,1.2125,3530.7
3313.88,68.66,84,0.0,3530.7
3313.88,67.81,84,1.2125,3530.7
3313.88,67.16,98,0.0,3530.7
3313.88,67.42,98,0.0,3530.7
3313.88,67.64,93,0.0,3530.7
3313.88,68.77,93,1.2125,3530.7
3313.88,68.77,94,0.0,3530.7
3313.88,68.66,94,1.2125,3530.7
3313.88,68.93,93,0.0,3530.7
3313.88,69.12,93,1.175,3530.7
3313.88,71.46,94,2.3875,3530.7
3313.88,67.9,94,0.0,3530.7
3313.88,67.59,77,0.0,3530.83
3313.88,67.78,94,0.0,3530.83
3313.88,67.61,94,1.2375,3530.83
3313.88,67.63,93,0.0,3530.83
3313.88,67.54,93,0.0,3530.83
3313.88,67.91,92,1.2125,3530.83
3313.88,67.96,92,0.0,3530.83
3313.88,68.11,93,1.2125,3530.83
3313.88,68.04,93,1.2125,3530.83
3313.88,67.73,86,0.0,3530.83
3313.88,71.03,86,0.0,3530.83
3313.88,71.69,93,1.2125,3530.83
3313.88,71.89,93,0.0,3530.83
3313.88,72.06,93,0.0,3530.83
3313.88,72.18,93,0.0,3530.83
3313.88,71.89,93,1.2125,3530.83
3313.88,72.0,94,0.0,3530.83
3313.88,71.86,94,1.2125,3530.83
3313.88,71.51,93,0.0,3530.83
3313.88,71.2,93,2.425,3530.83
3313.88,73.9,84,0.0,3530.83
3313.88,73.52,84,0.0,3530.83
3313.88,73.94,93,1.2125,3530.83
3313.88,73.61,93,0.0,3530.83
3313.88,73.44,93,0.0,3530.83
3313.88,73.89,93,1.2125,3530.83
3313.88,73.59,94,0.0,3530.83
3313.88,71.1,94,1.2125,3530.83
3313.88,70.54,84,1.2125,3530.83
3313.88,70.25,84,0.0,3530.83
3313.88,68.5,93,0.0,3530.83
3313.88,69.33,93,1.2125,3530.83
3313.88,69.41,94,0.0,3530.83
3313.88,69.21,94,0.0,3530.83
3313.88,69.56,93,0.0,3530.83
3313.88,69.84,93,1.2125,3530.83
3313.88,69.25,94,0.0,3530.83
3313.88,69.25,94,0.0,3530.83
3313.88,71.73,92,1.2125,3530.83
3313.88,72.04,92,1.2125,3530.83
3313.88,72.2,94,0.0,3530.83
3313.88,72.08,94,2.4125,3530.83
3313.88,68.47,81,0.0,3530.83
3313.88,67.83,81,0.0,3530.83
3313.88,67.52,98,1.2125,3530.83
3313.88,68.03,98,0.0,3530.83
3313.88,68.31,93,0.0,3530.83
3313.88,68.44,94,0.0,3530.83
3313.88,68.39,94,1.2125,3530.83
3313.88,68.47,93,0.0,3530.83
3313.88,68.56,93,0.0,3530.83
3313.88,68.73,93,0.0,3530.83
3313.88,71.92,94,1.225,3530.83
3313.88,71.56,94,0.0,3530.83
3313.88,72.41,93,0.0,3530.83
3313.88,72.34,93,0.0,3530.83
3313.88,71.87,94,2.425,3530.83
3313.88,71.88,92,0.0,3530.83
3313.88,72.97,92,2.425,3530.83
3313.88,72.23,82,0.0,3530.83
3313.88,72.63,82,0.0,3530.83
3313.88,72.87,93,0.0,3530.83
3313.88,72.98,93,1.1875,3530.83
3313.88,72.68,93,0.0,3530.83
3313.88,73.65,93,0.0,3530.83
3313.88,73.06,94,2.325,3530.83
3313.88,71.28,94,1.2125,3530.83
3313.88,70.24,81,0.0,3530.83
3313.88,70.16,81,0.0,3530.83
3313.88,68.99,93,0.0,3530.83
3313.88,70.09,93,1.2125,3530.83
3313.88,69.96,94,0.0,3530.83
3313.88,69.75,94,1.2125,3530.83
3313.88,70.95,84,1.2125,3530.83
3313.88,70.14,84,0.0,3530.83
3313.88,69.53,95,0.0,3530.83
3313.88,70.12,95,0.0,3530.83
3313.88,71.64,94,1.2125,3530.83
3313.88,72.4,94,0.0,3530.83
3313.88,72.53,92,1.2,3530.83
3313.88,71.97,92,2.425,3530.83
3313.88,71.14,82,0.0,3530.83
3313.88,70.9,82,0.0,3530.83
3313.88,71.31,93,0.0,3530.83
3313.88,69.93,93,1.2375,3530.83
3313.88,71.42,93,0.0,3530.83
3313.88,71.55,93,1.25,3530.83
3313.88,72.86,83,0.0,3530.83
3313.88,72.93,83,1.25,3530.83
3313.88,73.46,92,0.0,3530.83
3313.88,73.37,92,0.0,3530.83
3313.88,73.87,93,0.0,3530.83
3313.88,74.09,93,1.25,3530.83
3313.88,74.55,93,0.0,3530.83
3313.88,74.51,93,1.25,3530.83
3313.88,74.35,94,0.0,3530.83
3313.88,75.21,94,0.0,3530.83
3313.88,74.85,81,1.25,3530.83
3313.88,73.43,81,0.0,3530.83
3313.88,73.8,94,0.0,3530.83
3313.88,73.32,94,0.0,3530.83
3313.88,73.75,93,0.0,3530.83
3313.88,74.08,93,1.25,3530.83
3313.88,74.59,94,1.25,3530.83
3313.88,71.04,94,0.0,3530.83
3313.88,69.89,79,1.2375,3530.83
3313.88,69.61,79,0.0,3530.83
3313.88,68.44,93,0.0,3530.83
3313.88,68.62,93,1.2375,3530.83
3313.88,68.76,94,0.0,3530.83
3313.88,68.91,94,2.4875,3530.83
3313.88,69.22,93,0.0,3530.83
3313.88,70.12,93,0.0,3530.83
3313.88,69.27,84,1.25,3530.83
3313.88,69.65,84,0.0,3530.83
3313.88,72.89,94,0.0,3530.83
3313.88,73.45,94,0.0,3530.83
3313.88,73.76,93,1.2375,3530.83
3313.88,73.8,93,0.0,3530.83
3313.88,73.92,94,0.0,3530.83
3313.88,73.92,93,1.2375,3530.83
3313.88,73.64,93,1.2,3530.83
3313.88,73.0,81,1.2125,3530.83
3313.88,73.49,81,0.0,3530.83
3313.88,73.34,95,0.0,3530.83
3313.88,73.06,95,1.25,3530.83
3313.88,73.27,93,0.0,3530.83
3313.88,73.98,93,0.0,3530.83
3313.88,74.12,94,0.0,3530.83
3313.88,74.16,94,1.2375,3530.83
3313.88,74.26,93,0.0,3530.83
3313.88,73.99,93,0.0,3530.83
3313.88,73.74,94,0.0,3530.83
3313.88,73.77,94,1.2375,3530.83
3313.88,71.69,94,0.0,3530.83
3313.88,72.28,94,0.0,3530.83
3313.88,72.43,93,0.0,3530.83
3313.88,72.41,93,3.6375,3530.83
3313.88,71.06,83,0.0,3530.83
3313.88,70.3,83,0.0,3530.83
3313.88,70.31,92,1.2125,3530.83
3313.88,70.54,92,0.0,3530.83
3313.88,70.85,93,0.0,3530.83
3313.88,70.83,93,1.1875,3530.83
3313.88,68.98,88,1.1875,3530.83
3313.88,68.66,88,0.0,3530.83
3313.88,68.06,86,1.2125,3530.83
3313.88,68.19,86,0.0,3530.83
3313.88,70.13,93,0.0,3530.83
3313.88,70.39,93,1.2125,3530.83
3313.88,70.11,93,0.0,3530.83
3313.88,69.81,93,0.0,3530.83
3313.88,69.96,94,0.0,3530.83
3313.88,70.16,93,1.2125,3530.83
3313.88,71.89,93,0.0,3530.83
3313.88,72.22,93,0.0,3530.83
3313.88,72.49,93,1.225,3530.83
3313.88,72.35,92,0.0,3530.83
3313.88,72.04,92,0.0,3530.83
3313.88,73.5,83,1.1875,3530.83
3313.88,72.61,83,1.2125,3530.83
3313.88,72.81,91,0.0,3530.83
3313.88,73.43,91,0.0,3530.83
3313.88,73.73,91,1.2125,3530.83
3313.88,73.73,91,1.2125,3530.83
3313.88,73.94,90,0.0,3530.83
3313.88,73.93,90,1.225,3530.83
3313.88,71.42,74,1.2375,3530.83
3313.88,70.55,74,0.0,3530.83
3313.88,70.12,92,1.2375,3530.83
3313.88,68.86,92,0.0,3530.83
3313.88,69.63,91,0.0,3530.83
3313.88,69.69,91,1.2375,3530.83
3313.88,69.52,90,0.0,3530.83
3313.88,69.14,90,0.0,3530.83
3313.88,65.95,77,2.4875,3530.83
3313.88,64.9,77,0.0,3530.83
3313.88,64.87,93,0.0,3530.83
3313.88,67.79,93,1.25,3530.83
3313.88,68.74,93,0.0,3530.83
3313.88,69.07,90,0.0,3530.83
3313.88,68.81,91,1.2375,3530.83
3313.88,69.06,91,1.2375,3530.83
3313.88,70.49,79,0.0,3530.83
3313.88,69.59,79,1.25,3530.83
3313.88,69.42,94,0.0,3530.83
3313.88,72.55,94,0.0,3530.83
3313.88,73.81,93,1.2375,3530.83
3313.88,74.18,93,0.0,3530.83
3313.88,74.12,94,1.2375,3530.83
3313.88,74.71,94,1.25,3530.83
3313.88,74.09,85,0.0,3530.83
3313.88,74.18,85,0.0,3530.83
3313.88,74.01,93,1.2375,3530.83
3313.88,72.42,93,1.2375,3530.83
3313.88,72.94,94,0.0,3530.83
3313.88,73.22,94,0.0,3530.83
3313.88,73.44,94,1.2375,3530.83
3313.88,73.43,93,0.0,3530.83
3313.88,73.04,93,0.0,3530.83
3313.88,72.47,93,1.25,3530.83
3313.88,71.5,93,0.0,3530.83
3313.88,69.75,94,1.25,3530.83
3313.88,69.28,94,1.25,3530.83
3313.88,69.34,81,0.0,3530.83
3313.88,69.26,81,0.0,3530.83
3313.88,69.32,93,0.0,3530.83
3313.88,69.48,93,1.25,3530.83
3313.88,69.78,93,0.0,3530.83
3313.88,69.74,93,0.0,3530.83
3313.88,69.74,94,0.0,3530.83
3313.88,69.9,93,1.2125,3530.83
3313.88,69.86,93,0.0,3530.83
3313.88,71.75,94,0.0,3530.83
3313.88,71.98,94,1.2125,3530.83
3313.88,71.69,93,0.0,3530.83
3313.88,71.56,93,0.0,3530.83
3313.88,71.83,94,2.4375,3530.83
3313.88,70.86,81,0.0,3530.83
3313.88,69.69,81,0.0,3530.83
3313.88,69.58,94,1.2125,3530.83
3313.88,69.96,94,0.0,3530.83
3313.88,70.26,93,0.0,3530.83
3313.88,70.75,93,1.2125,3530.83
3313.88,71.17,85,2.4375,3530.83
3313.88,68.5,85,0.0,3530.83
3313.88,68.9,96,1.2375,3530.83
3313.88,67.86,96,0.0,3530.83
3313.88,67.43,94,0.0,3530.83
3313.88,67.83,94,0.0,3530.83
3313.88,69.42,93,1.2125,3530.83
3313.88,69.17,93,0.0,3530.83
3313.88,68.98,94,0.0,3530.83
3313.88,68.6,94,0.0,3530.83
3313.88,68.91,93,2.425,3530.83
3313.88,73.01,93,0.0,3530.83
3313.88,72.74,78,0.0,3530.83
3313.88,73.9,78,1.2125,3530.83
3313.88,73.98,93,1.2,3530.83
3313.88,74.19,93,0.0,3530.83
3313.88,74.38,94,1.2125,3530.83
3313.88,72.58,94,1.2125,3530.83
3313.88,72.96,84,0.0,3530.83
3313.88,73.57,84,1.2125,3530.83
3313.88,72.92,97,0.0,3530.83
3313.88,72.5,97,0.0,3530.83
3313.88,71.34,94,0.0,3530.83
3313.88,71.77,94,1.2125,3530.83
3313.88,71.98,93,0.0,3530.83
3313.88,72.26,93,0.0,3530.83
3313.88,72.02,94,1.2125,3530.83
3313.88,71.87,94,1.2125,3530.83
3313.88,70.21,83,0.0,3530.83
3313.88,68.7,83,0.0,3530.83
3313.88,68.0,94,1.225,3530.83
3313.88,68.83,94,0.0,3530.83
3313.88,69.0,93,0.0,3530.83
3313.88,69.26,93,1.2125,3530.83
3313.88,69.0,92,0.0,3530.83
3313.88,68.46,92,0.0,3530.83
3313.88,68.19,93,0.0,3530.83
3313.88,68.43,93,1.2,3530.83
3313.88,68.43,93,0.0,3530.83
3313.88,70.91,93,2.425,3530.83
3313.88,71.99,93,0.0,3530.83
3313.88,72.0,93,0.0,3530.83
3313.88,72.26,93,1.1875,3530.83
3313.88,72.72,93,1.2125,3530.83
3313.88,71.91,78,0.0,3530.83
3313.88,72.26,78,0.0,3530.83
3313.88,72.25,95,1.2125,3530.83
3313.88,72.12,93,0.0,3530.83
3313.88,72.66,93,0.0,3530.83
3313.88,73.1,93,2.375,3530.83
3313.88,74.6,93,0.0,3530.83
3313.88,74.46,79,0.0,3530.83
3313.88,74.14,79,1.2125,3530.83
3313.88,74.16,91,0.0,3530.83
3313.88,73.23,91,1.2125,3530.83
3313.88,74.07,90,0.0,3530.83
3313.88,73.81,90,2.4375,3530.83
3313.88,74.29,82,0.0,3530.83
3313.88,74.31,82,0.0,3530.83
3313.88,73.32,96,1.2125,3530.83
3313.88,73.0,96,0.0,3530.83
3313.88,71.49,92,0.0,3530.83
3313.88,71.58,92,1.2125,3530.83
3313.88,71.9,90,0.0,3530.83
3313.88,71.64,90,0.0,3530.83
3313.88,71.05,90,1.2125,3530.83
3313.88,71.02,90,0.0,3530.83
3313.88,71.59,91,0.0,3530.83
3313.88,70.91,91,1.2125,3530.83
3313.88,71.58,82,0.0,3530.83
3313.88,71.63,82,1.225,3530.83
3313.88,71.48,95,0.0,3530.83
3313.88,71.8,89,0.0,3530.83
3313.88,72.4,89,0.0,3530.83
3313.88,72.73,91,1.2125,3530.83
3313.88,72.69,91,0.0,3530.83
3313.88,73.53,90,1.15,3530.83
3313.88,73.7,90,1.225,3530.83
3313.88,75.05,85,1.225,3530.83
3313.88,75.12,85,0.0,3530.83
3313.88,73.22,94,0.0,3530.83
3313.88,73.13,94,0.0,3530.83
3313.88,73.37,92,1.2125,3530.83
3313.88,73.0,92,0.0,3530.83
3313.88,72.48,91,0.0,3530.83
3313.88,72.43,91,1.2125,3530.83
3313.88,72.37,91,0.0,3530.83
3313.88,72.16,91,0.0,3530.83
3313.88,70.65,90,0.0,3530.83
3313.88,70.58,90,0.0,3530.83
3313.88,71.64,92,2.45,3530.83
3313.88,72.99,92,0.0,3530.83
3313.88,72.1,80,0.0,3530.83
3313.88,72.46,80,0.0,3530.83
3313.88,72.57,92,1.2125,3530.83
3313.88,72.07,92,0.0,3530.83
3313.88,72.39,92,0.0,3530.83
3313.88,73.68,92,1.225,3530.83
3313.88,72.82,83,1.225,3530.83
3313.88,73.26,83,1.225,3530.83
3313.88,73.18,94,0.0,3530.83
3313.88,72.27,94,0.0,3530.83
3313.88,73.46,93,0.0,3530.83
3313.88,73.28,93,0.0,3530.83
3313.88,73.71,94,1.225,3530.83
3313.88,73.99,94,0.0,3530.83
3313.88,73.71,93,0.0,3530.83
3313.88,73.65,93,0.0,3530.83
3313.88,71.6,93,1.2125,3530.83
3313.88,72.48,92,0.0,3530.83
3313.88,72.06,92,0.0,3530.83
3313.88,71.87,92,1.2125,3530.83
3313.88,71.85,92,0.0,3530.83
3313.88,72.65,83,1.1625,3530.83
3313.88,71.64,83,1.25,3530.83
3313.88,71.07,95,0.0,3530.83
3313.88,70.42,95,0.0,3530.83
3313.88,70.72,93,0.0,3530.83
3313.88,70.69,93,1.2375,3530.83
3313.88,71.26,93,0.0,3530.83
3313.88,71.07,93,0.0,3530.83
3313.88,71.32,93,0.0,3530.83
3313.88,71.27,93,1.225,3530.83
3313.88,71.47,93,0.0,3530.83
3313.88,70.63,93,0.0,3530.83
3313.88,71.27,92,0.0,3530.83
3313.88,71.78,92,1.2125,3530.83
3313.88,72.42,93,0.0,3530.83
3313.88,72.66,93,1.125,3530.83
3313.88,69.94,83,0.0,3530.83
3313.88,68.59,83,1.2375,3530.83
3313.88,68.49,91,0.0,3530.83
3313.88,68.66,91,0.0,3530.83
3313.88,69.23,93,0.0,3530.83
3313.88,68.72,93,1.225,3530.83
3313.88,68.5,92,0.0,3530.83
3313.88,69.07,92,1.2375,3530.83
3313.88,68.55,93,1.225,3530.83
3313.88,69.15,93,0.0,3530.83
3313.88,68.33,83,0.0,3530.83
3313.88,71.31,83,0.0,3530.83
3313.88,72.72,92,0.0,3530.83
3313.88,72.89,92,0.0,3530.83
3313.88,72.92,93,1.2375,3530.83
3313.88,72.64,93,0.0,3530.83
3313.88,72.82,92,0.0,3530.83
3313.88,73.33,93,0.0,3530.83
3313.88,72.81,93,0.0,3530.83
3313.88,73.15,92,1.2375,3530.83
3313.88,72.26,92,0.0,3530.83
3313.88,72.52,84,1.225,3530.83
3313.88,73.68,84,0.0,3530.83
3313.88,73.28,93,0.0,3530.83
3313.88,73.56,93,1.225,3530.83
3313.88,73.42,93,0.0,3530.83
3313.88,73.45,93,0.0,3530.83
3313.88,74.11,92,0.0,3530.83
3313.88,73.75,92,1.225,3530.83
3313.88,74.6,84,1.225,3530.83
3313.88,73.87,84,0.0,3530.83
3313.88,73.86,93,0.0,3530.83
3313.88,74.22,93,0.0,3530.83
3313.88,72.27,92,0.0,3530.83
3313.88,72.5,92,1.225,3530.83
3313.88,72.59,93,0.0,3530.83
3313.88,72.49,93,2.45,3530.83
3313.88,74.47,83,1.2125,3530.83
3313.88,73.31,83,0.0,3530.83
3313.88,73.15,91,0.0,3530.83
3313.88,73.38,91,1.225,3530.83
3313.88,73.45,93,0.0,3530.83
3313.88,73.23,93,0.0,3530.83
3313.88,73.69,92,0.0,3530.83
3313.88,73.98,92,2.4125,3530.83
3313.88,73.84,83,0.0,3530.83
3313.88,73.59,83,0.0,3530.83
3313.88,71.66,92,1.2125,3530.83
3313.88,72.34,92,0.0,3530.83
3313.88,72.69,92,0.0,3530.83
3313.88,72.27,92,1.2375,3530.83
3313.88,72.3,93,0.0,3530.83
3313.88,72.47,93,0.0,3530.83
3313.88,72.5,93,0.0,3530.83
3313.88,72.3,93,1.2,3530.83
3313.88,71.76,93,0.0,3530.83
3313.88,71.58,93,0.0,3530.83
3313.88,71.5,92,0.0,3530.83
3313.88,71.82,92,1.2375,3530.83
3313.88,71.53,93,1.225,3530.83
3313.88,68.2,93,0.0,3530.83
3313.88,67.42,82,0.0,3530.83
3313.88,67.62,82,1.2125,3530.83
3313.88,67.82,93,0.0,3530.83
3313.88,67.97,93,0.0,3530.83
3313.88,68.17,93,0.0,3530.83
3313.88,68.7,93,1.2375,3530.83
3313.88,68.7,93,2.4875,3530.83
3313.88,69.81,93,0.0,3530.83
3313.88,68.9,81,1.2375,3530.83
3313.88,69.46,81,0.0,3530.83
3313.88,72.57,93,0.0,3530.83
3313.88,73.26,93,0.0,3530.83
3313.88,73.4,92,2.4875,3530.83
3313.88,73.0,92,0.0,3530.83
3313.88,72.99,84,0.0,3530.83
3313.88,71.86,84,0.0,3530.83
3313.88,71.58,95,1.2375,3530.83
3313.88,71.81,95,0.0,3530.83
3313.88,71.0,92,0.0,3530.83
3313.88,71.54,92,0.0,3530.83
3313.88,71.47,93,1.25,3530.83
3313.88,72.03,93,0.0,3530.83
3313.88,71.99,92,0.0,3530.83
3313.88,71.75,92,0.0,3530.83
3313.88,71.47,93,1.25,3530.83
3313.88,71.03,93,0.0,3530.83
3313.88,72.22,92,1.1875,3530.83
3313.88,72.22,92,1.1875,3530.83
3313.88,73.15,81,0.0,3530.83
3313.88,72.42,81,0.0,3530.83
3313.88,72.93,93,0.0,3530.83
3313.88,72.97,93,0.0,3530.83
3313.88,72.33,93,1.25,3530.83
3313.88,70.06,93,1.2375,3530.83
3313.88,69.53,83,0.0,3530.83
3313.88,69.58,83,1.2375,3530.83
3313.88,69.58,92,0.0,3530.83
3313.88,69.62,92,0.0,3530.83
3313.88,69.58,93,0.0,3530.83
3313.88,68.31,93,0.0,3530.83
3313.88,69.14,92,1.25,3530.83
3313.88,69.09,92,1.25,3530.83
3313.88,68.35,85,0.0,3530.83
3313.88,68.44,85,0.0,3530.83
3313.88,68.0,91,0.0,3530.83
3313.88,70.92,91,1.25,3530.83
3313.88,72.11,93,0.0,3530.83
3313.88,71.8,93,0.0,3530.83
3313.88,72.06,92,3.725,3530.83
3313.88,72.06,81,0.0,3530.83
3313.88,73.7,81,0.0,3530.83
3313.88,72.77,92,1.25,3530.83
3313.88,72.78,92,0.0,3530.83
3313.88,72.68,90,0.0,3530.83
3313.88,73.04,90,0.0,3530.83
3313.88,73.01,91,2.4125,3530.83
3313.88,73.24,91,0.0,3530.83
3313.88,73.07,80,0.0,3530.83
3313.88,72.52,80,1.2375,3530.83
3313.88,72.44,90,0.0,3530.83
3313.88,72.28,90,0.0,3530.83
3313.88,71.03,91,0.0,3530.83
3313.88,71.89,91,1.2375,3530.83
3313.88,71.47,91,0.0,3530.83
3313.88,72.3,91,0.0,3530.83
3313.88,71.93,91,1.2125,3530.83
3313.88,71.94,91,2.4125,3530.83
3313.88,71.46,80,0.0,3530.83
3313.88,71.94,80,0.0,3530.83
3313.88,72.39,92,0.0,3530.83
3313.88,72.83,92,1.2125,3530.83
3313.88,72.8,91,0.0,3530.83
3313.88,72.94,91,0.0,3530.83
3313.88,72.94,93,0.0,3530.83
3313.88,73.16,93,2.425,3530.83
3313.88,75.27,80,0.0,3530.83
3313.88,74.01,80,0.0,3530.83
3313.88,73.33,96,1.2125,3530.83
3313.88,73.32,96,0.0,3530.83
3313.88,73.58,90,0.0,3530.83
3313.88,73.71,90,1.2125,3530.83
3313.88,73.49,91,0.0,3530.83
3313.88,73.09,91,0.0,3530.83
3313.88,72.69,91,1.2125,3530.83
3313.88,72.97,92,1.2125,3530.83
3313.88,70.39,92,1.2125,3530.83
3313.88,70.44,84,0.0,3530.83
3313.88,71.64,84,0.0,3530.83
3313.88,71.75,90,1.2125,3530.83
3313.88,72.34,90,0.0,3530.83
3313.88,72.06,92,0.0,3530.83
3313.88,71.95,92,1.2125,3530.83
3313.88,72.02,91,0.0,3530.83
3313.88,72.73,91,0.0,3530.83
3313.88,72.66,91,1.2125,3530.83
3313.88,72.41,91,0.0,3530.83
3313.88,70.0,83,1.2125,3530.83
3313.88,68.72,83,1.2125,3530.83
3313.88,68.91,91,0.0,3530.83
3313.88,69.02,91,0.0,3530.83
3313.88,68.86,92,0.0,3530.83
3313.88,69.3,92,1.2125,3530.83
3313.88,69.25,93,0.0,3530.83
3313.88,69.3,93,2.425,3530.83
3313.88,69.44,83,0.0,3530.83
3313.88,69.16,83,0.0,3530.83
3313.88,69.31,92,1.2125,3530.83
3313.88,71.92,92,0.0,3530.83
3313.88,73.16,93,0.0,3530.83
3313.88,72.88,93,2.425,3530.83
3313.88,70.09,84,0.0,3530.83
3313.88,69.2,84,0.0,3530.83
3313.88,68.58,92,1.225,3530.83
3313.88,68.65,92,1.2125,3530.83
3313.88,68.49,92,0.0,3530.83
3313.88,67.78,92,0.0,3530.83
3313.88,68.13,93,1.2125,3530.83
3313.88,67.75,93,0.0,3530.83
3313.88,67.81,92,0.0,3530.83
3313.88,67.99,92,1.2125,3530.83
3313.88,68.02,93,0.0,3530.83
3313.88,70.56,93,0.0,3530.83
3313.88,71.37,92,0.0,3530.83
3313.88,71.48,92,1.2125,3530.83
3313.88,71.4,93,0.0,3530.83
3313.88,71.73,93,2.425,3530.83
3313.88,71.0,80,0.0,3530.83
3313.88,71.36,80,0.0,3530.83
3313.88,71.73,94,1.2125,3530.83
3313.88,71.69,94,0.0,3530.83
3313.88,71.69,93,0.0,3530.83
3313.88,72.18,93,2.425,3530.83
3313.88,70.53,89,0.0,3530.83
3313.88,70.75,89,0.0,3530.83
3313.88,70.91,86,0.0,3530.83
3313.88,70.78,86,1.2125,3530.83
3313.88,70.8,93,0.0,3530.83
3313.88,72.0,93,0.0,3530.83
3313.88,71.78,92,2.425,3530.83
3313.88,72.6,84,0.0,3530.83
3313.88,71.48,84,0.0,3530.83
3313.88,71.06,94,0.0,3530.83
3313.88,72.66,94,1.225,3530.83
3313.88,73.23,93,0.0,3530.83
3313.88,73.56,93,0.0,3530.83
3313.88,73.05,92,1.2125,3530.83
3313.88,73.35,84,1.2125,3530.83
3313.88,73.93,84,0.0,3530.83
3313.88,72.79,94,1.2125,3530.83
3313.88,72.75,94,0.0,3530.83
3313.88,71.88,93,0.0,3530.83
3313.88,73.21,93,1.2125,3530.83
3313.88,73.34,92,0.0,3530.83
3313.88,73.37,92,0.0,3530.83
3313.88,73.43,93,1.2125,3530.83
3313.88,73.19,93,0.0,3530.83
3313.88,73.19,93,0.0,3530.83
3313.88,68.93,93,2.425,3530.83
3313.88,68.93,85,0.0,3530.83
3313.88,69.34,85,0.0,3530.83
3313.88,69.15,93,1.2125,3530.83
3313.88,69.35,93,0.0,3530.83
3313.88,69.33,93,0.0,3530.83
3313.88,69.23,93,1.2125,3530.83
3313.88,69.0,92,1.2125,3530.83
3313.88,68.99,92,0.0,3530.83
3313.88,68.75,93,0.0,3530.83
3313.88,68.5,93,1.2125,3530.83
3313.88,71.66,93,0.0,3530.83
3313.88,71.41,93,1.2125,3530.83
3313.88,73.75,82,1.2125,3530.83
3313.88,73.54,82,0.0,3530.83
3313.88,73.19,94,0.0,3530.83
3313.88,73.17,94,1.2125,3530.83
3313.88,73.31,92,0.0,3530.83
3313.88,73.7,92,0.0,3530.83
3313.88,73.46,92,0.0,3530.83
3313.88,73.95,92,2.425,3530.83
3313.88,74.35,82,0.0,3530.83
3313.88,73.96,82,1.2125,3530.83
3313.88,74.38,90,0.0,3530.83
3313.88,72.26,90,0.0,3530.83
3313.88,72.43,91,1.2125,3530.83
3313.88,71.38,91,1.2125,3530.83
3313.88,71.38,80,0.0,3530.83
3313.88,71.19,80,1.2125,3530.83
3313.88,69.47,98,0.0,3530.83
3313.88,69.75,98,0.0,3530.83
3313.88,69.5,91,0.0,3530.83
3313.88,70.31,91,1.2125,3530.83
3313.88,70.65,91,0.0,3530.83
3313.88,70.95,91,0.0,3530.83
3313.88,70.69,91,0.0,3530.83
3313.88,70.9,91,1.1875,3530.83
3313.88,72.06,91,1.2125,3530.83
3313.88,71.98,90,0.0,3530.83
3313.88,73.3,90,1.2125,3530.83
3313.88,72.61,90,1.1875,3530.83
3313.88,73.6,92,0.0,3530.83
3313.88,73.02,79,1.2125,3530.83
3313.88,72.9,79,0.0,3530.83
3313.88,72.47,93,0.0,3530.83
3313.88,72.38,93,1.2125,3530.83
3313.88,72.83,93,0.0,3530.83
3313.88,72.98,93,0.0,3530.83
3313.88,72.94,93,0.0,3530.83
3313.88,73.19,93,1.225,3530.83
3313.88,73.2,94,0.0,3530.83
3313.88,73.31,94,1.2125,3530.83
3313.88,72.72,83,1.2125,3530.83
3313.88,72.84,83,0.0,3530.83
3313.88,73.0,92,0.0,3530.83
3313.88,73.1,92,1.2125,3530.83
3313.88,73.12,93,2.4375,3530.83
3313.88,74.56,93,0.0,3530.83
3313.88,73.71,84,0.0,3530.83
3313.88,74.05,84,1.2125,3530.83
3313.88,73.77,93,0.0,3530.83
3313.88,73.9,93,0.0,3530.83
3313.88,74.27,93,0.0,3530.83
3313.88,73.5,93,1.225,3530.83
3313.88,74.19,92,0.0,3530.83
3313.88,73.66,92,0.0,3530.83
3313.88,73.62,93,0.0,3530.83
3313.88,73.42,93,1.225,3530.83
3313.88,71.36,93,1.2125,3530.83
3313.88,69.06,93,0.0,3530.83
3313.88,67.58,83,1.225,3530.83
3313.88,67.61,83,0.0,3530.83
3313.88,67.83,93,0.0,3530.83
3313.88,67.86,93,0.0,3530.83
3313.88,68.1,92,2.4375,3530.83
3313.88,68.37,92,0.0,3530.83
3313.88,69.43,84,0.0,3530.83
3313.88,69.17,84,1.2125,3530.83
3313.88,69.44,93,0.0,3530.83
3313.88,69.59,92,0.0,3530.83
3313.88,72.67,92,0.0,3530.83
3313.88,73.78,93,1.2375,3530.83
3313.88,73.59,93,0.0,3530.83
3313.88,73.21,92,0.0,3530.83
3313.88,73.01,92,0.0,3530.83
3313.88,73.23,93,1.2375,3530.83
3313.88,72.65,93,2.4125,3530.83
3313.88,72.21,78,0.0,3530.83
3313.88,69.14,78,1.2375,3530.83
3313.88,68.92,96,0.0,3530.83
3313.88,68.74,96,0.0,3530.83
3313.88,68.76,90,0.0,3530.83
3313.88,69.02,90,1.2375,3530.83
3313.88,69.54,91,0.0,3530.83
3313.88,69.05,91,0.0,3530.83
3313.88,68.89,90,0.0,3530.83
3313.88,69.16,90,2.4875,3530.83
3313.88,67.78,79,0.0,3530.83
3313.88,70.25,79,0.0,3530.83
3313.88,69.88,93,0.0,3530.83
3313.88,70.4,93,1.25,3530.83
3313.88,70.5,90,0.0,3530.83
3313.88,70.78,90,0.0,3530.83
3313.88,70.53,91,0.0,3530.83
3313.88,70.59,91,2.4875,3530.83
3313.88,72.16,80,0.0,3530.83
3313.88,71.39,80,0.0,3530.83
3313.88,71.53,92,0.0,3530.83
3313.88,72.36,92,1.25,3530.83
3313.88,73.36,92,0.0,3530.83
3313.88,73.57,92,0.0,3530.83
3313.88,73.13,92,0.0,3530.83
3313.88,73.61,92,1.2375,3530.83
3313.88,73.36,93,0.0,3530.83
3313.88,73.11,93,1.2375,3530.83
3313.88,73.77,83,1.2375,3530.83
3313.88,72.16,83,0.0,3530.83
3313.88,72.76,93,0.0,3530.83
3313.88,73.01,93,1.25,3530.83
3313.88,72.63,92,0.0,3530.83
3313.88,72.47,92,0.0,3530.83
3313.88,72.86,93,0.0,3530.83
3313.88,73.23,93,1.2,3530.83
3313.88,73.04,91,2.35,3530.83
3313.88,73.22,91,0.0,3530.83
3313.88,73.0,82,1.2375,3530.83
3313.88,72.17,82,0.0,3530.83
3313.88,72.78,92,0.0,3530.83
3313.88,72.84,92,1.2375,3530.83
3313.88,72.77,93,0.0,3530.83
3313.88,73.41,93,1.25,3530.83
3313.88,74.39,81,0.0,3530.83
3313.88,73.34,81,1.25,3530.83
3313.88,73.47,93,0.0,3530.83
3313.88,73.18,93,0.0,3530.83
3313.88,72.52,93,1.25,3530.83
3313.88,73.31,93,0.0,3530.83
3313.88,73.08,92,0.0,3530.83
3313.88,73.37,92,1.2125,3530.83
3313.88,73.55,93,0.0,3530.83
3313.88,73.01,93,0.0,3530.83
3313.88,72.96,92,0.0,3530.83
3313.88,71.75,92,1.2125,3530.83
3313.88,72.34,93,0.0,3530.83
3313.88,71.64,93,0.0,3530.83
3313.88,71.44,92,2.4375,3530.83
3313.88,71.95,92,0.0,3530.83
3313.88,72.97,84,1.225,3530.83
3313.88,72.5,84,1.2125,3530.83
3313.88,72.18,96,0.0,3530.83
3313.88,71.85,96,0.0,3530.83
3313.88,72.07,93,0.0,3530.83
3313.88,72.08,93,1.2125,3530.83
3313.88,72.12,93,0.0,3530.83
3313.88,71.9,92,0.0,3530.83
3313.88,72.46,92,0.0,3530.83
3313.88,72.66,84,2.4875,3530.83
3313.88,69.86,84,0.0,3530.83
3313.88,67.21,90,0.0,3530.83
3313.88,67.75,90,1.2375,3530.83
3313.88,68.35,93,0.0,3530.83
3313.88,68.47,93,0.0,3530.83
3313.88,68.4,92,0.0,3530.83
3313.88,68.89,92,2.4875,3530.83
3313.88,70.98,82,0.0,3530.83
3313.88,70.43,82,0.0,3530.83
3313.88,70.53,93,1.2375,3530.83
3313.88,73.4,93,0.0,3530.83
3313.88,74.83,93,0.0,3530.83
3313.88,74.83,93,0.0,3530.83
3313.88,75.09,91,0.0,3530.83
3313.88,72.04,91,2.4875,3530.83
3313.88,72.23,86,1.2375,3530.83
3313.88,71.18,86,0.0,3530.83
3313.88,70.84,93,1.2375,3530.83
3313.88,69.04,93,0.0,3530.83
3313.88,69.58,93,0.0,3530.83
3313.88,69.68,93,0.0,3530.83
3313.88,69.31,93,1.25,3530.83
3313.88,69.52,93,0.0,3530.83
3313.88,69.21,93,0.0,3530.83
3313.88,68.98,93,0.0,3530.83
3313.88,71.85,92,1.2375,3530.83
3313.88,71.07,92,0.0,3530.83
3313.88,71.89,93,0.0,3530.83
3313.88,72.22,93,0.0,3530.83
3313.88,72.37,92,1.2375,3530.83
3313.88,72.0,92,0.0,3530.83
3313.88,71.85,94,1.2375,3530.83
3313.88,72.3,94,1.25,3530.83
3313.88,70.65,86,0.0,3530.83
3313.88,70.86,86,0.0,3530.83
3313.88,70.71,92,0.0,3530.83
3313.88,70.92,92,1.25,3530.83
3313.88,71.15,93,0.0,3530.83
3313.88,71.3,93,0.0,3530.83
3313.88,71.16,92,0.0,3530.83
3313.88,70.64,92,1.25,3530.83
3313.88,71.0,93,1.2375,3530.83
3313.88,71.27,93,1.25,3530.83
3313.88,71.06,80,1.2375,3530.83
3313.88,71.44,80,0.0,3530.83
3313.88,71.69,93,0.0,3530.83
3313.88,71.72,93,0.0,3530.83
3313.88,71.71,93,1.2125,3530.83
3313.88,71.64,93,0.0,3530.83
3313.88,71.58,92,1.2125,3530.83
3313.88,68.42,92,1.225,3530.83
3313.88,69.49,86,0.0,3530.83
3313.88,68.42,86,0.0,3530.83
3313.88,67.9,95,0.0,3530.83
3313.88,68.13,95,1.2125,3530.83
3313.88,68.89,93,0.0,3530.83
3313.88,68.72,93,0.0,3530.83
3313.88,68.92,93,1.1875,3530.83
3313.88,69.14,93,0.0,3530.83
3313.88,69.22,93,0.0,3530.83
3313.88,69.43,93,0.0,3530.83
3313.88,72.4,92,0.0,3530.83
3313.88,71.26,92,2.4875,3530.83
3313.88,72.14,94,1.2125,3530.83
3313.88,69.3,86,0.0,3530.83
3313.88,69.16,86,0.0,3530.83
3313.88,68.73,95,1.2125,3530.83
3313.88,68.45,95,0.0,3530.83
3313.88,68.47,92,0.0,3530.83
3313.88,68.21,92,1.2125,3530.83
3313.88,68.42,94,0.0,3530.83
3313.88,68.49,94,1.2125,3530.83
3313.88,67.75,84,0.0,3530.83
3313.88,67.2,84,1.2125,3530.83
3313.88,67.18,93,0.0,3530.83
3313.88,70.32,93,0.0,3530.83
3313.88,70.78,92,1.2125,3530.83
3313.88,70.96,92,0.0,3530.83
3313.88,71.12,93,0.0,3530.83
3313.88,71.08,93,1.2125,3530.83
3313.88,70.94,92,2.425,3530.83
3313.88,70.76,92,0.0,3530.83
3313.88,71.06,85,0.0,3530.83
3313.88,72.11,85,1.2125,3530.83
3313.88,72.27,92,0.0,3530.83
3313.88,72.38,92,0.0,3530.83
3313.88,72.14,93,1.2125,3530.83
3313.88,72.24,93,0.0,3530.83
3313.88,71.58,92,0.0,3530.83
3313.88,71.63,92,0.0,3530.83
3313.88,70.92,93,1.2125,3530.83
3313.88,70.42,93,0.0,3530.83
3313.88,72.67,92,1.2125,3530.83
3313.88,71.44,84,1.2125,3530.83
3313.88,71.78,84,0.0,3530.83
3313.88,71.79,93,0.0,3530.83
3313.88,72.33,93,0.0,3530.83
3313.88,72.53,93,1.2125,3530.83
3313.88,72.49,92,0.0,3530.83
3313.88,72.81,93,0.0,3530.83
3313.88,72.17,93,0.0,3530.83
3313.88,73.03,92,0.0,3530.83
3313.88,73.24,92,1.225,3530.83
3313.88,71.6,93,0.0,3530.83
3313.88,72.78,93,1.225,3530.83
3313.88,73.51,82,0.0,3530.83
3313.88,73.18,82,1.225,3530.83
3313.88,72.72,82,0.0,3530.83
3313.88,72.75,93,0.0,3530.83
3313.88,73.08,93,0.0,3530.83
3313.88,73.11,93,0.0,3530.83
3313.88,73.11,93,1.225,3530.83
3313.88,73.8,92,1.225,3530.83
3313.88,70.74,92,0.0,3530.83
3313.88,70.01,84,0.0,3530.83
3313.88,69.98,84,0.0,3530.83
3313.88,68.88,93,1.225,3530.83
3313.88,69.28,93,1.225,3530.83
3313.88,69.58,92,0.0,3530.83
3313.88,69.5,92,0.0,3530.83
3313.88,69.3,93,0.0,3530.83
3313.88,68.66,93,0.0,3530.83
3313.88,68.4,92,0.0,3530.83
3313.88,70.35,92,1.2125,3530.83
3313.88,71.2,92,0.0,3530.83
3313.88,71.08,93,0.0,3530.83
3313.88,71.23,93,1.1875,3530.83
3313.88,71.2,92,1.225,3530.83
3313.88,73.06,92,0.0,3530.83
3313.88,72.37,84,1.2125,3530.83
3313.88,72.55,92,0.0,3530.83
3313.88,72.54,92,0.0,3530.83
3313.88,73.34,92,0.0,3530.83
3313.88,73.88,93,1.2125,3530.83
3313.88,73.79,92,0.0,3530.83
3313.88,73.87,92,0.0,3530.83
3313.88,74.9,92,2.425,3530.83
3313.88,74.48,84,0.0,3530.83
3313.88,72.64,93,0.0,3530.83
3313.88,73.29,93,0.0,3530.83
3313.88,73.0,92,1.2125,3530.83
3313.88,73.03,92,0.0,3530.83
3313.88,72.64,92,1.2125,3530.83
3313.88,73.92,92,1.2125,3530.83
3313.88,74.43,87,0.0,3530.83
3313.88,73.68,87,1.2125,3530.83
3313.88,74.22,87,0.0,3530.83
3313.88,73.08,93,1.2125,3530.83
3313.88,73.0,92,0.0,3530.83
3313.88,72.87,92,0.0,3530.83
3313.88,73.11,93,0.0,3530.83
3313.88,73.23,93,1.2125,3530.83
3313.88,72.88,92,0.0,3530.83
3313.88,73.1,92,0.0,3530.83
3313.88,72.05,93,1.2375,3530.83
3313.88,73.42,93,0.0,3530.83
3313.88,74.02,93,1.25,3530.83
3313.88,73.84,85,0.0,3530.83
3313.88,73.76,92,0.0,3530.83
3313.88,74.74,92,1.2375,3530.83
3313.88,74.71,93,1.2375,3530.83
3313.88,75.9,93,0.0,3530.83
3313.88,75.33,83,0.0,3530.83
3313.88,75.51,83,0.0,3530.83
3313.88,75.87,92,1.2375,3530.83
3313.88,75.68,92,1.2375,3530.83
3313.88,73.41,93,0.0,3530.83
3313.88,73.91,93,0.0,3530.83
3313.88,73.82,93,0.0,3530.83
3313.88,73.77,93,1.2375,3530.83
3313.88,73.35,93,0.0,3530.83
3313.88,72.87,92,0.0,3530.83
3313.88,71.31,93,1.225,3530.83
3313.88,68.93,93,0.0,3530.83
3313.88,68.79,85,0.0,3530.83
3313.88,68.22,85,0.0,3530.83
3313.88,68.17,93,1.25,3530.83
3313.88,69.27,93,0.0,3530.83
3313.88,69.04,92,0.0,3530.83
3313.88,68.96,92,0.0,3530.83
3313.88,69.15,94,0.0,3530.83
3313.88,68.95,94,1.2375,3530.83
3313.88,69.16,94,0.0,3530.83
3313.88,68.79,92,1.2,3530.83
3313.88,69.65,88,1.2125,3530.83
3313.88,69.32,88,0.0,3530.83
3313.88,69.22,88,0.0,3530.83
3313.88,69.71,88,1.2375,3530.83
3313.88,69.27,92,0.0,3530.83
3313.88,69.24,92,0.0,3530.83
3313.88,69.62,93,0.0,3530.83
3313.88,69.37,93,3.7375,3530.83
3313.88,66.64,82,0.0,3530.83
3313.88,65.77,82,0.0,3530.83
3313.88,66.08,94,1.25,3530.83
3313.88,68.23,94,0.0,3530.83
3313.88,68.79,94,1.2375,3530.83
3313.88,68.75,81,0.0,3530.83
3313.88,67.72,81,0.0,3530.83
3313.88,68.11,81,1.25,3530.83
3313.88,68.11,90,0.0,3530.83
3313.88,68.0,90,0.0,3530.83
3313.88,68.12,91,0.0,3530.83
3313.88,71.08,91,1.2375,3530.83
3313.88,72.14,90,1.2375,3530.83
3313.88,73.19,90,0.0,3530.83
3313.88,72.51,82,1.2375,3530.83
3313.88,72.91,82,0.0,3530.83
3313.88,73.26,90,0.0,3530.83
3313.88,74.22,90,0.0,3530.83
3313.88,74.07,91,1.2125,3530.83
3313.88,73.89,91,0.0,3530.83
3313.88,73.47,90,0.0,3530.83
3313.88,73.6,90,1.225,3530.83
3313.88,73.07,90,0.0,3530.83
3313.88,73.66,90,1.2,3530.83
3313.88,72.31,82,0.0,3530.83
3313.88,73.03,82,0.0,3530.83
3313.88,72.62,90,1.25,3530.83
3313.88,72.8,90,0.0,3530.83
3313.88,72.56,92,1.25,3530.83
3313.88,72.92,92,1.25,3530.83
3313.88,74.58,82,0.0,3530.83
3313.88,74.34,82,0.0,3530.83
3313.88,73.8,90,0.0,3530.83
3313.88,74.28,90,1.25,3530.83
3313.88,73.7,91,0.0,3530.83
3313.88,74.04,91,0.0,3530.83
3313.88,74.08,90,0.0,3530.83
3313.88,74.12,90,1.2375,3530.83
3313.88,74.2,91,0.0,3530.83
3313.88,73.84,91,0.0,3530.83
3313.88,73.51,90,0.0,3530.83
3313.88,71.57,90,1.2375,3530.83
3313.88,72.02,91,0.0,3530.83
3313.88,72.35,91,0.0,3530.83
3313.88,72.49,90,1.1875,3530.83
3313.88,72.49,90,0.0,3530.83
3313.88,74.06,81,1.25,3530.83
3313.88,73.07,81,0.0,3530.83
3313.88,73.15,91,0.0,3530.83
3313.88,72.7,91,0.0,3530.83
3313.88,73.11,90,1.2375,3530.83
3313.88,73.35,92,0.0,3530.83
3313.88,73.84,92,0.0,3530.83
3313.88,73.59,92,2.4875,3530.83
3313.88,73.84,92,0.0,3530.83
3313.88,75.36,88,0.0,3530.83
3313.88,73.83,88,1.2375,3530.83
3313.88,71.54,92,0.0,3530.83
3313.88,72.48,92,0.0,3530.83
3313.88,72.75,92,0.0,3530.83
3313.88,73.35,90,0.0,3530.83
3313.88,73.51,91,2.4875,3530.83
3313.88,73.25,91,0.0,3530.83
3313.88,73.56,90,0.0,3530.83
3313.88,74.08,90,1.25,3530.83
3313.88,73.92,92,0.0,3530.83
3313.88,72.14,92,0.0,3530.83
3313.88,73.23,90,0.0,3530.83
3313.88,73.94,90,1.2375,3530.83
3313.88,73.84,92,0.0,3530.83
3313.88,73.26,92,0.0,3530.83
3313.88,71.97,90,2.4875,3530.83
3313.88,71.64,90,0.0,3530.83
3313.88,72.21,81,0.0,3530.83
3313.88,71.88,81,1.2375,3530.83
3313.88,71.48,91,0.0,3530.83
3313.88,71.68,91,0.0,3530.83
3313.88,71.73,92,0.0,3530.83
3313.88,71.96,92,1.2125,3530.83
3313.88,71.96,92,0.0,3530.83
3313.88,72.39,92,0.0,3530.83
3313.88,72.76,92,1.2125,3530.83
3313.88,72.76,92,0.0,3530.83
3313.88,71.98,94,0.0,3530.83
3313.88,71.84,94,1.2125,3530.83
3313.88,72.01,92,0.0,3530.83
3313.88,71.44,92,0.0,3530.83
3313.88,71.67,93,2.425,3530.83
3313.88,72.88,93,0.0,3530.83
3313.88,72.28,82,0.0,3530.83
3313.88,72.75,82,1.2125,3530.83
3313.88,72.4,92,0.0,3530.83
3313.88,72.77,92,0.0,3530.83
3313.88,73.17,93,0.0,3530.83
3313.88,73.15,93,0.0,3530.83
3313.88,73.73,92,2.4875,3530.83
3313.88,70.57,92,1.25,3530.83
3313.88,69.75,83,0.0,3530.83
3313.88,69.65,83,0.0,3530.83
3313.88,68.76,93,0.0,3530.83
3313.88,69.09,93,0.0,3530.83
3313.88,68.78,92,1.25,3530.83
3313.88,68.77,92,0.0,3530.83
3313.88,69.25,93,0.0,3530.83
3313.88,68.95,93,0.0,3530.83
3313.88,68.83,92,1.2375,3530.83
3313.88,69.59,92,1.2375,3530.83
3313.88,72.31,86,0.0,3530.83
3313.88,71.72,86,0.0,3530.83
3313.88,71.75,94,1.2375,3530.83
3313.88,72.19,94,0.0,3530.83
3313.88,72.14,93,0.0,3530.83
3313.88,72.01,93,1.25,3530.83
3313.88,72.2,92,0.0,3530.83
3313.88,72.15,92,0.0,3530.83
3313.88,71.73,93,0.0,3530.83
3313.88,72.0,93,1.25,3530.83
3313.88,70.62,92,0.0,3530.83
3313.88,70.91,92,0.0,3530.83
3313.88,72.29,93,0.0,3530.83
3313.88,72.1,93,1.2375,3530.83
3313.88,71.82,93,0.0,3530.83
3313.88,72.28,93,0.0,3530.83
3313.88,72.28,93,1.2375,3530.83
3313.88,73.82,93,1.25,3530.83
3313.88,72.9,82,0.0,3530.83
3313.88,73.66,82,0.0,3530.83
3313.88,73.65,94,1.25,3530.83
3313.88,73.73,94,0.0,3530.83
3313.88,73.45,92,0.0,3530.83
3313.88,73.94,92,0.0,3530.83
3313.88,74.27,93,1.25,3530.83
3313.88,75.18,93,1.25,3530.83
3313.88,74.89,89,0.0,3530.83
3313.88,74.31,89,0.0,3530.83
3313.88,72.78,93,1.2375,3530.83
3313.88,73.25,93,0.0,3530.83
3313.88,73.24,93,0.0,3530.83
3313.88,73.56,93,1.25,3530.83
3313.88,73.33,94,0.0,3530.83
3313.88,73.78,94,0.0,3530.83
3313.88,73.79,92,2.4875,3530.83
3313.88,71.53,92,0.0,3530.83
3313.88,68.88,82,0.0,3530.83
3313.88,68.85,82,0.0,3530.83
3313.88,69.43,93,1.225,3530.83
3313.88,69.25,93,1.2125,3530.83
3313.88,69.65,93,0.0,3530.83
3313.88,69.44,93,0.0,3530.83
3313.88,68.75,93,1.2125,3530.83
3313.88,69.1,93,0.0,3530.83
3313.88,68.33,92,0.0,3530.83
3313.88,68.21,90,1.225,3530.83
3313.88,69.44,90,1.225,3530.83
3313.88,71.0,90,0.0,3530.83
3313.88,70.23,90,0.0,3530.83
3313.88,70.47,93,0.0,3530.83
3313.88,70.7,93,1.2125,3530.83
3313.88,70.24,92,0.0,3530.83
3313.88,70.29,92,0.0,3530.83
3313.88,70.31,93,0.0,3530.83
3313.88,70.32,93,1.2375,3530.83
3313.88,70.54,85,1.2375,3530.83
3313.88,71.48,85,0.0,3530.83
3313.88,71.06,94,0.0,3530.83
3313.88,71.16,94,0.0,3530.83
3313.88,71.95,94,0.0,3530.83
3313.88,71.55,94,1.2375,3530.83
3313.88,71.55,93,0.0,3530.83
3313.88,71.63,93,0.0,3530.83
3313.88,71.64,93,0.0,3530.83
3313.88,71.1,93,1.2375,3530.83
3313.88,73.65,83,1.25,3530.83
3313.88,71.83,83,0.0,3530.83
3313.88,73.3,93,0.0,3530.83
3313.88,73.56,93,0.0,3530.83
3313.88,73.41,92,0.0,3530.83
3313.88,73.38,92,1.2375,3530.83
3313.88,73.67,93,1.2375,3530.83
3313.88,71.65,93,0.0,3530.83
3313.88,70.67,84,0.0,3530.83
3313.88,70.87,84,1.25,3530.83
3313.88,71.15,93,0.0,3530.83
3313.88,68.85,93,0.0,3530.83
3313.88,69.52,93,0.0,3530.83
3313.88,69.59,93,2.4875,3530.83
3313.88,70.44,85,0.0,3530.83
3313.88,70.5,85,0.0,3530.83
3313.88,70.82,93,1.25,3530.83
3313.88,70.36,93,0.0,3530.83
3313.88,72.7,92,0.0,3530.83
3313.88,73.54,92,0.0,3530.83
3313.88,73.29,94,0.0,3530.83
3313.88,73.68,94,0.0,3530.83
3313.88,73.87,92,1.25,3530.83
3313.88,74.21,92,0.0,3530.83
3313.88,73.9,94,0.0,3530.83
3313.88,72.45,94,1.25,3530.83
3313.88,72.61,83,1.25,3530.83
3313.88,71.5,83,0.0,3530.83
3313.88,71.77,94,0.0,3530.83
3313.88,71.64,94,0.0,3530.83
3313.88,71.6,93,2.4875,3530.83
3313.88,72.11,93,0.0,3530.83
3313.88,71.76,92,0.0,3530.83
3313.88,71.58,92,1.25,3530.83
3313.88,71.37,93,0.0,3530.83
3313.88,71.15,93,1.25,3530.83
3313.88,71.83,87,0.0,3530.83
3313.88,71.07,87,0.0,3530.83
3313.88,71.57,96,0.0,3530.83
3313.88,71.7,96,0.0,3530.83
3313.88,71.83,92,1.25,3530.83
3313.88,71.72,92,0.0,3530.83
3313.88,71.42,93,1.25,3530.83
3313.88,73.21,93,0.0,3530.83
3313.88,73.11,84,0.0,3530.83
3313.88,73.58,84,0.0,3530.83
3313.88,74.06,93,0.0,3530.83
3313.88,73.27,93,0.0,3530.83
3313.88,73.69,93,1.2125,3530.83
3313.88,74.34,93,1.225,3530.83
3313.88,73.99,87,0.0,3530.83
3313.88,72.73,87,0.0,3530.83
3313.88,73.03,95,1.2375,3530.83
3313.88,73.39,95,0.0,3530.83
3313.88,71.45,94,0.0,3530.83
3313.88,71.85,94,0.0,3530.83
3313.88,72.0,92,1.2125,3530.83
3313.88,71.67,92,0.0,3530.83
3313.88,72.04,93,0.0,3530.83
3313.88,72.37,93,0.0,3530.83
3313.88,72.13,92,1.2125,3530.83
3313.88,71.58,92,0.0,3530.83
3313.88,72.09,93,0.0,3530.83
3313.88,72.22,93,0.0,3530.83
3313.88,71.77,93,0.0,3530.83
3313.88,72.3,93,2.45,3530.83
3313.88,72.28,93,0.0,3530.83
3313.88,72.54,93,1.25,3530.83
3313.88,72.28,85,0.0,3530.83
3313.88,72.31,92,0.0,3530.83
3313.88,72.47,92,0.0,3530.83
3313.88,72.58,93,1.25,3530.83
3313.88,72.93,93,0.0,3530.83
3313.88,73.59,92,1.2,3530.83
3313.88,73.21,92,0.0,3530.83
3313.88,74.28,90,0.0,3530.83
3313.88,74.21,90,0.0,3530.83
3313.88,73.04,94,1.2375,3530.83
3313.88,72.1,94,0.0,3530.83
3313.88,72.68,93,0.0,3530.83
3313.88,72.89,93,0.0,3530.83
3313.88,72.75,94,0.0,3530.83
3313.88,72.49,94,0.0,3530.83
3313.88,72.6,92,1.2375,3530.83
3313.88,72.06,92,0.0,3530.83
3313.88,72.11,93,0.0,3530.83
3313.88,70.96,93,0.0,3530.83
3313.88,70.61,91,2.4875,3530.83
3313.88,72.01,91,0.0,3530.83
3313.88,72.75,86,0.0,3530.83
3313.88,70.57,86,1.25,3530.83
3313.88,69.44,91,0.0,3530.83
3313.88,69.39,91,0.0,3530.83
3313.88,69.74,91,0.0,3530.83
3313.88,70.22,91,1.25,3530.83
3313.88,70.4,91,0.0,3530.83
3313.88,70.21,91,0.0,3530.83
3313.88,70.65,92,0.0,3530.83
3313.88,70.08,92,1.25,3530.83
3313.88,69.44,90,0.0,3530.83
3313.88,71.31,90,0.0,3530.83
3313.88,71.95,92,1.25,3530.83
3313.88,72.14,92,0.0,3530.83
3313.88,71.58,90,0.0,3530.83
3313.88,70.88,90,2.4875,3530.83
3313.88,73.01,80,0.0,3530.83
3313.88,72.78,80,0.0,3530.83
3313.88,73.13,91,1.25,3530.83
3313.88,73.26,91,1.25,3530.83
3313.88,73.29,92,0.0,3530.83
3313.88,73.44,92,0.0,3530.83
3313.88,73.53,92,1.25,3530.83
3313.88,73.69,92,0.0,3530.83
3313.88,73.65,93,0.0,3530.83
3313.88,73.8,93,0.0,3530.83
3313.88,73.84,93,1.25,3530.83
3313.88,71.72,93,0.0,3530.83
3313.88,72.11,94,0.0,3530.83
3313.88,72.17,94,1.25,3530.83
3313.88,72.08,93,0.0,3530.83
3313.88,72.16,93,1.25,3530.83
3313.88,73.2,83,0.0,3530.83
3313.88,73.24,83,1.175,3530.83
3313.88,73.45,93,0.0,3530.83
3313.88,73.34,93,0.0,3530.83
3313.88,73.77,92,1.2125,3530.83
3313.88,74.12,92,1.2125,3530.83
3313.88,75.81,86,0.0,3530.83
3313.88,75.82,86,0.0,3530.83
3313.88,74.73,96,1.2125,3530.83
3313.88,74.88,96,0.0,3530.83
3313.88,74.85,93,0.0,3530.83
3313.88,73.87,93,1.2125,3530.83
3313.88,74.09,92,0.0,3530.83
3313.88,73.91,92,0.0,3530.83
3313.88,73.76,93,0.0,3530.83
3313.88,73.62,93,1.2125,3530.83
3313.88,73.84,92,1.2125,3530.83
3313.88,74.26,92,0.0,3530.83
3313.88,73.5,84,1.2125,3530.83
3313.88,74.06,84,0.0,3530.83
3313.88,73.83,92,0.0,3530.83
3313.88,73.91,92,1.2125,3530.83
3313.88,73.9,93,0.0,3530.83
3313.88,73.9,93,0.0,3530.83
3313.88,74.68,93,1.2125,3530.83
3313.88,74.46,93,0.0,3530.83
3313.88,73.19,90,1.2125,3530.83
3313.88,70.91,90,0.0,3530.83
3313.88,70.91,95,0.0,3530.83
3313.88,72.09,95,1.2125,3530.83
3313.88,72.33,93,0.0,3530.83
3313.88,72.23,93,1.2125,3530.83
3313.88,71.84,92,0.0,3530.83
3313.88,71.62,92,1.2125,3530.83
3313.88,71.38,94,0.0,3530.83
3313.88,70.53,94,0.0,3530.83
3313.88,70.47,92,1.2125,3530.83
3313.88,71.22,92,0.0,3530.83
3313.88,71.5,93,0.0,3530.83
3313.88,71.43,92,0.0,3530.83
3313.88,71.52,92,1.2125,3530.83
3313.88,71.83,92,1.2125,3530.83
3313.88,72.88,93,0.0,3530.83
3313.88,73.03,93,1.225,3530.83
3313.88,72.67,88,0.0,3530.83
3313.88,72.88,92,0.0,3530.83
3313.88,73.15,93,0.0,3530.83
3313.88,73.62,93,1.2125,3530.83
3313.88,73.94,93,0.0,3530.83
3313.88,73.87,93,0.0,3530.83
3313.88,73.62,93,1.2125,3530.83
3313.88,73.8,93,1.1625,3530.83
3313.88,75.31,84,0.0,3530.83
3313.88,73.73,84,0.0,3530.83
3313.88,73.57,93,1.225,3530.83
3313.88,74.36,93,0.0,3530.83
3313.88,74.58,92,0.0,3530.83
3313.88,74.32,92,0.0,3530.83
3313.88,74.32,94,0.0,3530.83
3313.88,74.1,94,1.225,3530.83
3313.88,74.47,92,0.0,3530.83
3313.88,74.42,92,0.0,3530.83
3313.88,73.72,93,0.0,3530.83
3313.88,72.09,93,1.225,3530.83
3313.88,72.34,83,0.0,3530.83
3313.88,72.8,83,0.0,3530.83
3313.88,72.13,91,1.225,3530.83
3313.88,72.31,91,0.0,3530.83
3313.88,72.41,93,0.0,3530.83
3313.88,72.01,93,1.225,3530.83
3313.88,72.29,84,0.0,3530.83
3313.88,71.71,84,0.0,3530.83
3313.88,72.32,92,1.225,3530.83
3313.88,72.49,92,0.0,3530.83
3313.88,72.7,91,1.2,3530.83
3313.88,72.61,91,0.0,3530.83
3313.88,73.11,90,1.2125,3530.83
3313.88,74.48,90,0.0,3530.83
3313.88,73.93,82,1.2125,3530.83
3313.88,74.28,82,0.0,3530.83
3313.88,74.05,91,0.0,3530.83
3313.88,74.69,91,1.2125,3530.83
3313.88,74.51,92,0.0,3530.83
3313.88,74.51,92,0.0,3530.83
3313.88,74.27,91,1.2125,3530.83
3313.88,74.47,91,0.0,3530.83
3313.88,73.86,91,0.0,3530.83
3313.88,71.58,91,1.2125,3530.83
3313.88,73.99,91,2.4375,3530.83
3313.88,73.38,91,0.0,3530.83
3313.88,73.35,82,0.0,3530.83
3313.88,73.45,82,0.0,3530.83
3313.88,73.52,91,1.2125,3530.83
3313.88,73.97,91,0.0,3530.83
3313.88,74.15,90,0.0,3530.83
3313.88,73.74,90,1.2125,3530.83
3313.88,74.18,92,1.2125,3530.83
3313.88,75.04,92,1.2125,3530.83
3313.88,75.65,79,0.0,3530.83
3313.88,73.68,90,0.0,3530.83
3313.88,74.45,90,1.225,3530.83
3313.88,74.34,90,0.0,3530.83
3313.88,74.43,90,0.0,3530.83
3313.88,74.75,91,0.0,3530.83
3313.88,70.85,91,2.4125,3530.83
3313.88,69.73,80,0.0,3530.83
3313.88,70.02,80,1.2125,3530.83
3313.88,69.41,90,1.225,3530.83
3313.88,68.99,90,0.0,3530.83
3313.88,68.82,92,0.0,3530.83
3313.88,68.8,92,1.2125,3530.83
3313.88,68.79,90,0.0,3530.83
3313.88,68.82,90,0.0,3530.83
3313.88,68.27,91,0.0,3530.83
3313.88,67.4,91,1.225,3530.83
3313.88,70.57,90,0.0,3530.83
3313.88,71.93,90,0.0,3530.83
3313.88,71.74,92,1.2125,3530.83
3313.88,72.07,92,0.0,3530.83
3313.88,71.73,92,1.2125,3530.83
3313.88,68.53,92,1.2125,3530.83
3313.88,67.49,82,0.0,3530.83
3313.88,67.24,82,0.0,3530.83
3313.88,67.37,92,0.0,3530.83
3313.88,67.88,92,1.2125,3530.83
3313.88,68.6,94,0.0,3530.83
3313.88,69.02,94,0.0,3530.83
3313.88,68.95,92,1.2125,3530.83
3313.88,68.95,92,1.2125,3530.83
3313.88,70.35,84,0.0,3530.83
3313.88,69.69,84,1.2125,3530.83
3313.88,72.78,93,1.2125,3530.83
3313.88,74.05,93,0.0,3530.83
3313.88,74.44,92,1.2,3530.83
3313.88,74.59,92,0.0,3530.83
3313.88,75.38,86,1.2125,3530.83
3313.88,74.61,86,0.0,3530.83
3313.88,74.33,96,0.0,3530.83
3313.88,74.18,96,0.0,3530.83
3313.88,73.99,93,1.2125,3530.83
3313.88,72.59,93,0.0,3530.83
3313.88,73.18,93,0.0,3530.83
3313.88,73.28,93,1.2125,3530.83
3313.88,73.03,92,0.0,3530.83
3313.88,72.65,92,1.2125,3530.83
3313.88,72.47,93,1.2125,3530.83
3313.88,72.24,93,0.0,3530.83
3313.88,72.24,83,0.0,3530.83
3313.88,72.47,94,0.0,3530.83
3313.88,72.63,94,1.2125,3530.83
3313.88,73.1,92,1.2125,3530.83
3313.88,73.24,92,0.0,3530.83
3313.88,73.29,93,0.0,3530.83
3313.88,72.87,93,1.2125,3530.83
3313.88,69.76,83,0.0,3530.83
3313.88,68.74,94,1.2125,3530.83
3313.88,67.64,94,0.0,3530.83
3313.88,68.43,94,0.0,3530.83
3313.88,68.68,94,1.2125,3530.83
3313.88,68.71,94,0.0,3530.83
3313.88,68.8,92,1.2125,3530.83
3313.88,69.47,84,0.0,3530.83
3313.88,69.02,84,0.0,3530.83
3313.88,69.16,93,1.2125,3530.83
3313.88,69.08,93,0.0,3530.83
3313.88,71.97,92,0.0,3530.83
3313.88,73.07,92,1.2125,3530.83
3313.88,72.97,85,1.2125,3530.83
3313.88,73.54,85,1.225,3530.83
3313.88,73.11,96,0.0,3530.83
3313.88,72.53,96,0.0,3530.83
3313.88,72.35,93,0.0,3530.83
3313.88,71.73,93,1.2125,3530.83
3313.88,71.73,93,0.0,3530.83
3313.88,71.49,93,0.0,3530.83
3313.88,71.47,92,1.2125,3530.83
3313.88,72.59,92,1.2125,3530.83
3313.88,72.93,91,0.0,3530.83
3313.88,71.28,91,0.0,3530.83
3313.88,71.28,94,1.2125,3530.83
3313.88,72.15,94,0.0,3530.83
3313.88,72.5,92,0.0,3530.83
3313.88,72.55,92,0.0,3530.83
3313.88,72.53,94,1.225,3530.83
3313.88,72.51,94,0.0,3530.83
3313.88,72.86,92,0.0,3530.83
3313.88,73.4,92,2.425,3530.83
3313.88,69.78,85,0.0,3530.83
3313.88,68.44,85,1.2125,3530.83
3313.88,69.53,91,0.0,3530.83
3313.88,69.64,91,0.0,3530.83
3313.88,69.25,93,0.0,3530.83
3313.88,69.33,93,1.2125,3530.83
3313.88,69.49,92,0.0,3530.83
3313.88,69.33,92,0.0,3530.83
3313.88,69.58,93,1.2125,3530.83
3313.88,69.31,93,0.0,3530.83
3313.88,68.96,93,1.2125,3530.83
3313.88,71.29,93,2.425,3530.83
3313.88,69.17,82,0.0,3530.83
3313.88,69.36,82,0.0,3530.83
3313.88,68.31,96,0.0,3530.83
3313.88,68.41,96,1.1875,3530.83
3313.88,68.48,91,0.0,3530.83
3313.88,68.55,91,0.0,3530.83
3313.88,68.55,90,1.1875,3530.83
3313.88,69.18,90,0.0,3530.83
3313.88,69.13,91,0.0,3530.83
3313.88,69.2,91,1.2125,3530.83
3313.88,72.44,90,0.0,3530.83
3313.88,71.8,90,1.2125,3530.83
3313.88,73.37,91,0.0,3530.83
3313.88,73.11,91,1.2125,3530.83
3313.88,72.37,88,0.0,3530.83
3313.88,72.33,88,0.0,3530.83
3313.88,72.68,91,0.0,3530.83
3313.88,72.55,91,1.2125,3530.83
3313.88,71.47,91,0.0,3530.83
3313.88,71.54,91,0.0,3530.83
3313.88,72.12,91,1.2125,3530.83
3313.88,71.82,92,0.0,3530.83
3313.88,72.2,92,1.2125,3530.83
3313.88,71.79,82,1.2125,3530.83
3313.88,70.89,82,0.0,3530.83
3313.88,71.55,94,0.0,3530.83
3313.88,71.64,94,0.0,3530.83
3313.88,71.38,92,0.0,3530.83
3313.88,71.84,92,1.25,3530.83
3313.88,72.67,94,0.0,3530.83
3313.88,72.58,94,0.0,3530.83
3313.88,72.57,92,0.0,3530.83
3313.88,72.76,92,1.25,3530.83
3313.88,72.46,94,0.0,3530.83
3313.88,71.92,94,0.0,3530.83
3313.88,72.81,92,0.0,3530.83
3313.88,72.78,93,0.0,3530.83
3313.88,72.78,93,1.25,3530.83
3313.88,72.64,83,2.4875,3530.83
3313.88,72.97,83,0.0,3530.83
3313.88,72.19,94,0.0,3530.83
3313.88,72.45,94,0.0,3530.83
3313.88,72.26,93,1.25,3530.83
3313.88,72.36,93,0.0,3530.83
3313.88,72.43,93,0.0,3530.83
3313.88,72.53,93,1.25,3530.83
3313.88,73.91,84,1.25,3530.83
3313.88,73.35,84,0.0,3530.83
3313.88,73.35,94,0.0,3530.83
3313.88,73.46,94,0.0,3530.83
3313.88,73.21,92,1.25,3530.83
3313.88,74.03,92,1.2375,3530.83
3313.88,73.35,92,0.0,3530.83
3313.88,73.15,87,0.0,3530.83
3313.88,73.61,87,0.0,3530.83
3313.88,73.83,92,1.25,3530.83
3313.88,72.54,92,0.0,3530.83
3313.88,73.23,93,0.0,3530.83
3313.88,73.1,93,0.0,3530.83
3313.88,72.91,93,1.2375,3530.83
3313.88,72.56,93,0.0,3530.83
3313.88,72.56,93,0.0,3530.83
3313.88,72.27,93,1.25,3530.83
3313.88,72.18,93,0.0,3530.83
3313.88,72.55,93,0.0,3530.83
3313.88,72.46,92,0.0,3530.83
3313.88,72.39,92,2.4875,3530.83
3313.88,73.72,85,0.0,3530.83
3313.88,73.72,85,1.2375,3530.83
3313.88,71.73,98,0.0,3530.83
3313.88,72.41,98,1.2375,3530.83
3313.88,72.41,93,0.0,3530.83
3313.88,72.33,93,0.0,3530.83
3313.88,72.48,92,1.2375,3530.83
3313.88,72.68,92,0.0,3530.83
3313.88,73.0,93,0.0,3530.83
3313.88,73.06,93,0.0,3530.83
3313.88,71.52,93,1.2125,3530.83
3313.88,71.0,93,0.0,3530.83
3313.88,72.54,93,0.0,3530.83
3313.88,72.62,93,0.0,3530.83
3313.88,72.64,92,0.0,3530.83
3313.88,72.46,92,2.4875,3530.83
3313.88,73.61,93,0.0,3530.83
3313.88,73.34,93,1.25,3530.83
3313.88,73.34,84,0.0,3530.83
3313.88,73.5,84,0.0,3530.83
3313.88,73.45,93,0.0,3530.83
3313.88,73.12,93,1.2375,3530.83
3313.88,73.69,93,0.0,3530.83
3313.88,75.87,93,1.1875,3530.83
3313.88,75.6,84,1.25,3530.83
3313.88,74.26,84,0.0,3530.83
3313.88,74.29,98,0.0,3530.83
3313.88,72.86,98,0.0,3530.83
3313.88,73.51,93,1.25,3530.83
3313.88,73.48,93,0.0,3530.83
3313.88,73.48,93,0.0,3530.83
3313.88,72.85,93,1.25,3530.83
3313.88,72.85,93,1.2375,3530.83
3313.88,72.95,93,0.0,3530.83
3313.88,72.95,94,0.0,3530.83
3313.88,70.55,94,0.0,3530.83
3313.88,70.29,92,1.25,3530.83
3313.88,71.31,92,0.0,3530.83
3313.88,71.8,94,0.0,3530.83
3313.88,71.99,94,0.0,3530.83
3313.88,71.93,93,2.4875,3530.83
3313.88,72.48,93,0.0,3530.83
3313.88,72.48,82,0.0,3530.83
3313.88,72.57,82,1.2375,3530.83
3313.88,72.97,92,0.0,3530.83
3313.88,72.97,92,0.0,3530.83
3313.88,73.59,93,0.0,3530.83
3313.88,73.71,93,2.4875,3530.83
3313.88,73.71,92,0.0,3530.83
3313.88,73.7,92,0.0,3530.83
3313.88,73.42,82,1.25,3530.83
3313.88,73.67,82,0.0,3530.83
3313.88,73.08,93,0.0,3530.83
3313.88,73.08,93,0.0,3530.83
3313.88,73.56,92,1.25,3530.83
3313.88,73.21,93,0.0,3530.83
3313.88,73.28,93,0.0,3530.83
3313.88,73.12,92,0.0,3530.83
3313.88,72.9,92,1.2375,3530.83
3313.88,72.89,93,0.0,3530.83
3313.88,71.61,93,0.0,3530.83
3313.88,72.04,92,1.25,3530.83
3313.88,71.88,92,1.225,3530.83
3313.88,72.22,87,0.0,3530.83
3313.88,72.09,87,0.0,3530.83
3313.88,71.37,93,0.0,3530.83
3313.88,72.03,93,2.4375,3530.83
3313.88,71.67,93,0.0,3530.83
3313.88,72.05,93,0.0,3530.83
3313.88,71.74,93,1.2125,3530.83
3313.88,71.98,93,1.2125,3530.83
3313.88,69.79,84,0.0,3530.83
3313.88,68.96,84,0.0,3530.83
3313.88,68.72,93,0.0,3530.83
3313.88,68.7,93,1.2125,3530.83
3313.88,69.13,93,0.0,3530.83
3313.88,69.13,93,0.0,3530.83
3313.88,69.44,92,1.2125,3530.83
3313.88,70.47,92,1.2125,3530.83
3313.88,70.01,84,0.0,3530.83
3313.88,70.71,84,0.0,3530.83
3313.88,73.34,92,0.0,3530.83
3313.88,74.14,92,1.175,3530.83
3313.88,73.84,93,0.0,3530.83
3313.88,73.55,93,1.225,3530.83
3313.88,73.94,92,0.0,3530.83
3313.88,73.54,92,0.0,3530.83
3313.88,73.05,85,1.225,3530.83
3313.88,72.29,93,0.0,3530.83
3313.88,72.5,93,0.0,3530.83
3313.88,72.36,93,1.2125,3530.83
3313.88,72.21,92,1.2,3530.83
3313.88,73.25,92,0.0,3530.83
3313.88,72.84,85,0.0,3530.83
3313.88,73.35,85,1.225,3530.83
3313.88,73.54,93,0.0,3530.83
3313.88,72.81,93,0.0,3530.83
3313.88,73.13,93,0.0,3530.83
3313.88,70.26,84,1.2125,3530.83
3313.88,69.09,84,1.2125,3530.83
3313.88,69.53,94,0.0,3530.83
3313.88,69.67,94,0.0,3530.83
3313.88,69.28,93,0.0,3530.83
3313.88,68.05,93,1.225,3530.83
3313.88,68.67,92,1.225,3530.83
3313.88,65.78,92,0.0,3530.83
3313.88,65.85,88,0.0,3530.83
3313.88,64.83,88,0.0,3530.83
3313.88,65.26,94,0.0,3530.83
3313.88,67.97,94,1.2125,3530.83
3313.88,69.26,92,0.0,3530.83
3313.88,68.92,92,0.0,3530.83
3313.88,68.96,94,0.0,3530.83
3313.88,69.18,92,1.2125,3530.83
3313.88,69.05,92,0.0,3530.83
3313.88,68.72,81,2.425,3530.83
3313.88,73.22,81,0.0,3530.83
3313.88,72.38,93,1.2125,3530.83
3313.88,73.64,93,0.0,3530.83
3313.88,73.43,93,0.0,3530.83
3313.88,73.95,93,1.2125,3530.83
3313.88,73.75,93,0.0,3530.83
3313.88,73.8,93,0.0,3530.83
3313.88,73.8,93,1.2125,3530.83
3313.88,73.79,93,1.1875,3530.83
3313.88,74.1,81,0.0,3530.83
3313.88,75.22,81,1.1875,3530.83
3313.88,73.14,98,0.0,3530.83
3313.88,72.55,98,0.0,3530.83
3313.88,72.41,93,0.0,3530.83
3313.88,72.55,93,1.2125,3530.83
3313.88,72.7,93,0.0,3530.83
3313.88,72.57,93,0.0,3530.83
3313.88,72.44,92,0.0,3530.83
3313.88,72.33,92,2.425,3530.83
3313.88,73.29,85,0.0,3530.83
3313.88,71.25,85,0.0,3530.83
3313.88,71.34,96,1.2125,3530.83
3313.88,72.63,96,0.0,3530.83
3313.88,72.6,93,0.0,3530.83
3313.88,72.78,93,0.0,3530.83
3313.88,72.37,93,1.2125,3530.83
3313.88,72.12,93,0.0,3530.83
3313.88,72.68,92,1.2125,3530.83
3313.88,72.5,92,0.0,3530.83
3313.88,72.44,94,1.25,3530.83
3313.88,70.96,94,1.25,3530.83
3313.88,71.31,83,0.0,3530.83
3313.88,71.51,83,0.0,3530.83
3313.88,71.56,93,0.0,3530.83
3313.88,71.78,93,1.25,3530.83
3313.88,71.62,92,1.25,3530.83
3313.88,72.26,92,0.0,3530.83
3313.88,71.64,87,0.0,3530.83
3313.88,71.08,87,1.25,3530.83
3313.88,71.26,92,0.0,3530.83
3313.88,71.16,92,0.0,3530.83
3313.88,71.66,93,0.0,3530.83
3313.88,71.89,93,1.25,3530.83
3313.88,71.69,93,0.0,3530.83
3313.88,71.86,93,1.25,3530.83
3313.88,68.62,85,0.0,3530.83
3313.88,68.36,85,1.25,3530.83
3313.88,66.64,98,1.25,3530.83
3313.88,67.25,98,0.0,3530.83
3313.88,67.76,93,0.0,3530.83
3313.88,67.66,93,1.25,3530.83
3313.88,67.85,93,0.0,3530.83
3313.88,67.58,93,0.0,3530.83
3313.88,68.26,92,0.0,3530.83
3313.88,68.13,92,1.25,3530.83
3313.88,68.01,94,0.0,3530.83
3313.88,70.87,94,0.0,3530.83
3313.88,70.85,92,2.475,3530.83
3313.88,71.46,92,0.0,3530.83
3313.88,70.87,86,0.0,3530.83
3313.88,70.7,86,1.2375,3530.83
3313.88,71.02,92,0.0,3530.83
3313.88,70.99,92,0.0,3530.83
3313.88,71.05,93,0.0,3530.83
3313.88,71.24,93,1.2375,3530.83
3313.88,71.56,93,1.25,3530.83
3313.88,73.52,93,0.0,3530.83
3313.88,72.79,85,1.25,3530.83
3313.88,73.2,85,0.0,3530.83
3313.88,73.34,93,1.2375,3530.83
3313.88,73.78,93,0.0,3530.83
3313.88,72.79,82,1.25,3530.83
3313.88,72.73,82,0.0,3530.83
3313.88,72.73,90,0.0,3530.83
3313.88,73.47,90,0.0,3530.83
3313.88,73.27,91,0.0,3530.83
3313.88,73.83,90,1.2375,3530.83
3313.88,71.71,90,1.225,3530.83
3313.88,72.67,84,1.225,3530.83
3313.88,71.65,84,0.0,3530.83
3313.88,72.0,90,0.0,3530.83
3313.88,72.0,90,1.225,3530.83
3313.88,72.89,90,0.0,3530.83
3313.88,73.25,90,1.2125,3530.83
3313.88,75.21,82,0.0,3530.83
3313.88,74.29,82,1.2125,3530.83
3313.88,74.04,91,0.0,3530.83
3313.88,73.62,91,0.0,3530.83
3313.88,73.35,90,0.0,3530.83
3313.88,73.16,90,1.2125,3530.83
3313.88,73.63,91,0.0,3530.83
3313.88,72.63,91,1.225,3530.83
3313.88,72.4,85,0.0,3530.83
3313.88,71.88,85,0.0,3530.83
3313.88,69.98,92,0.0,3530.83
3313.88,70.45,92,0.0,3530.83
3313.88,70.84,93,1.225,3530.83
3313.88,70.43,93,0.0,3530.83
3313.88,70.86,93,0.0,3530.83
3313.88,70.84,93,0.0,3530.83
3313.88,71.2,92,0.0,3530.83
3313.88,70.77,92,1.2125,3530.83
3313.88,71.92,93,0.0,3530.83
3313.88,72.06,93,0.0,3530.83
3313.88,72.0,93,0.0,3530.83
3313.88,72.16,93,0.0,3530.83
3313.88,72.15,94,1.225,3530.83
3313.88,69.7,94,1.175,3530.83
3313.88,69.08,80,0.0,3530.83
3313.88,68.91,80,0.0,3530.83
3313.88,69.0,93,1.2375,3530.83
3313.88,68.98,93,1.2125,3530.83
3313.88,69.27,93,0.0,3530.83
3313.88,69.66,93,0.0,3530.83
3313.88,69.57,93,0.0,3530.83
3313.88,69.89,93,0.0,3530.83
3313.88,69.59,94,1.2375,3530.83
3313.88,68.98,94,0.0,3530.83
3313.88,71.01,93,0.0,3530.83
3313.88,71.64,93,0.0,3530.83
3313.88,71.93,93,2.4375,3530.83
3313.88,68.73,93,0.0,3530.83
3313.88,67.73,81,0.0,3530.83
3313.88,67.56,81,0.0,3530.83
3313.88,67.61,93,1.2125,3530.83
3313.88,68.18,93,0.0,3530.83
3313.88,68.14,92,0.0,3530.83
3313.88,68.02,92,0.0,3530.83
3313.88,68.87,93,1.2125,3530.83
3313.88,68.93,93,0.0,3530.83
3313.88,68.69,93,1.2125,3530.83
3313.88,68.47,93,1.2125,3530.83
3313.88,71.29,94,0.0,3530.83
3313.88,72.43,94,1.2125,3530.83
3313.88,72.29,83,0.0,3530.83
3313.88,71.34,94,1.225,3530.83
3313.88,70.62,94,0.0,3530.83
3313.88,70.71,93,0.0,3530.83
3313.88,71.08,93,1.2125,3530.83
3313.88,70.83,92,1.2125,3530.83
3313.88,71.12,92,0.0,3530.83
3313.88,70.82,83,0.0,3530.83
3313.88,69.87,83,1.2125,3530.83
3313.88,70.31,93,0.0,3530.83
3313.88,69.91,93,0.0,3530.83
3313.88,71.03,93,0.0,3530.83
3313.88,71.29,93,1.2125,3530.83
3313.88,70.9,93,0.0,3530.83
3313.88,71.2,93,0.0,3530.83
3313.88,70.74,93,1.2125,3530.83
3313.88,70.14,93,0.0,3530.83
3313.88,70.67,93,0.0,3530.83
3313.88,71.39,92,0.0,3530.83
3313.88,71.51,92,1.2125,3530.83
3313.88,71.86,93,0.0,3530.83
3313.88,72.26,93,1.2125,3530.83
3313.88,72.46,93,1.2125,3530.83
3313.88,71.73,87,0.0,3530.83
3313.88,71.12,93,0.0,3530.83
3313.88,71.74,93,1.2125,3530.83
3313.88,71.74,93,1.2125,3530.83
3313.88,72.6,93,0.0,3530.83
3313.88,72.96,94,1.2125,3530.83
3313.88,72.87,94,0.0,3530.83
3313.88,72.42,93,0.0,3530.83
3313.88,69.7,93,1.2125,3530.83
3313.88,69.13,87,0.0,3530.83
3313.88,67.75,87,1.2125,3530.83
3313.88,68.42,94,0.0,3530.83
3313.88,68.66,94,0.0,3530.83
3313.88,68.96,93,0.0,3530.83
3313.88,67.91,93,1.225,3530.83
3313.88,68.22,93,0.0,3530.83
3313.88,68.4,93,0.0,3530.83
3313.88,67.89,93,1.2125,3530.83
3313.88,68.02,93,0.0,3530.83
3313.88,70.65,93,0.0,3530.83
3313.88,70.53,93,2.425,3530.83
3313.88,72.63,83,0.0,3530.83
3313.88,72.25,83,0.0,3530.83
3313.88,72.14,92,1.2125,3530.83
3313.88,71.92,92,0.0,3530.83
3313.88,72.65,93,1.2125,3530.83
3313.88,72.52,93,1.1625,3530.83
3313.88,72.6,92,1.1625,3530.83
3313.88,73.08,92,0.0,3530.83
3313.88,73.17,81,0.0,3530.83
3313.88,73.34,81,1.2125,3530.83
3313.88,73.42,93,0.0,3530.83
3313.88,72.17,93,0.0,3530.83
3313.88,72.86,93,1.2125,3530.83
3313.88,72.78,93,1.1125,3530.83
3313.88,72.53,93,0.0,3530.83
3313.88,73.85,93,0.0,3530.83
3313.88,73.8,86,1.25,3530.83
3313.88,72.85,86,0.0,3530.83
3313.88,73.1,93,0.0,3530.83
3313.88,73.14,93,1.225,3530.83
3313.88,73.26,94,0.0,3530.83
3313.88,73.58,94,0.0,3530.83
3313.88,73.75,93,1.2125,3530.83
3313.88,73.46,93,0.0,3530.83
3313.88,73.48,94,0.0,3530.83
3313.88,74.09,94,2.4375,3530.83
3313.88,71.53,82,0.0,3530.83
3313.88,71.12,99,0.0,3530.83
3313.88,69.93,99,1.2,3530.83
3313.88,70.36,99,1.2125,3530.83
3313.88,70.36,94,0.0,3530.83
3313.88,70.13,93,0.0,3530.83
3313.88,69.95,93,1.2125,3530.83
3313.88,70.58,94,0.0,3530.83
3313.88,70.68,94,0.0,3530.83
3313.88,69.89,93,1.1875,3530.83
3313.88,69.89,93,0.0,3530.83
3313.88,70.7,94,0.0,3530.83
3313.88,72.31,94,1.2125,3530.83
3313.88,74.08,84,1.2125,3530.83
3313.88,73.6,84,0.0,3530.83
3313.88,73.97,90,0.0,3530.83
3313.88,73.47,90,0.0,3530.83
3313.88,73.88,90,1.2125,3530.83
3313.88,73.85,90,1.2125,3530.83
3313.88,73.85,91,0.0,3530.83
3313.88,74.24,90,0.0,3530.83
3313.88,74.15,90,1.225,3530.83
3313.88,73.72,90,0.0,3530.83
3313.88,71.98,90,0.0,3530.83
3313.88,72.17,90,0.0,3530.83
3313.88,72.11,91,1.225,3530.83
3313.88,71.69,91,0.0,3530.83
3313.88,71.77,90,1.2125,3530.83
3313.88,72.42,90,0.0,3530.83
3313.88,71.68,84,1.225,3530.83
3313.88,71.2,94,0.0,3530.83
3313.88,71.67,94,0.0,3530.83
3313.88,72.27,91,0.0,3530.83
3313.88,72.67,91,1.225,3530.83
3313.88,73.13,92,0.0,3530.83
3313.88,73.02,92,0.0,3530.83
3313.88,73.18,92,0.0,3530.83
3313.88,73.56,92,0.0,3530.83
3313.88,73.39,92,0.0,3530.83
3313.88,72.28,93,1.2375,3530.83
3313.88,73.06,92,0.0,3530.83
3313.88,70.66,92,1.225,3530.83
3313.88,69.3,85,0.0,3530.83
3313.88,68.61,85,0.0,3530.83
3313.88,69.16,91,0.0,3530.83
3313.88,68.84,91,1.225,3530.83
3313.88,69.1,90,0.0,3530.83
3313.88,68.89,90,0.0,3530.83
3313.88,68.64,91,0.0,3530.83
3313.88,69.02,91,1.2125,3530.83
3313.88,68.78,90,0.0,3530.83
3313.88,68.7,90,1.225,3530.83
3313.88,70.97,89,0.0,3530.83
3313.88,71.92,89,1.225,3530.83
3313.88,72.38,89,0.0,3530.83
3313.88,72.02,91,0.0,3530.83
3313.88,72.23,90,1.1875,3530.83
3313.88,71.67,80,1.2125,3530.83
3313.88,72.22,80,0.0,3530.83
3313.88,71.66,89,0.0,3530.83
3313.88,71.94,89,1.2125,3530.83
3313.88,72.09,89,0.0,3530.83
3313.88,72.38,91,0.0,3530.83
3313.88,73.46,79,2.425,3530.83
3313.88,72.36,79,0.0,3530.83
3313.88,72.56,93,0.0,3530.83
3313.88,72.49,93,0.0,3530.83
3313.88,72.8,91,1.2125,3530.83
3313.88,72.33,91,0.0,3530.83
3313.88,72.86,92,2.225,3530.83
3313.88,74.81,92,0.0,3530.83
3313.88,74.54,79,0.0,3530.83
3313.88,74.2,79,1.2125,3530.83
3313.88,74.64,91,0.0,3530.83
3313.88,73.65,91,0.0,3530.83
3313.88,74.61,91,0.0,3530.83
3313.88,74.52,91,1.2125,3530.83
3313.88,74.53,91,1.2125,3530.83
3313.88,76.58,91,0.0,3530.83
3313.88,76.47,86,1.2125,3530.83
3313.88,75.4,86,1.2125,3530.83
3313.88,73.36,94,0.0,3530.83
3313.88,73.84,94,0.0,3530.83
3313.88,73.54,92,1.2125,3530.83
3313.88,73.31,92,0.0,3530.83
3313.88,73.62,94,0.0,3530.83
3313.88,73.71,94,1.2125,3530.83
3313.88,73.42,92,1.2125,3530.83
3313.88,73.67,92,0.0,3530.83
3313.88,70.79,82,1.2125,3530.83
3313.88,70.75,82,0.0,3530.83
3313.88,71.91,93,0.0,3530.83
3313.88,71.95,93,0.0,3530.83
3313.88,71.86,93,1.2125,3530.83
3313.88,72.27,93,0.0,3530.83
3313.88,72.58,94,2.4375,3530.83
3313.88,74.01,94,0.0,3530.83
3313.88,73.1,80,0.0,3530.83
3313.88,73.67,80,1.2125,3530.83
3313.88,73.42,93,0.0,3530.83
3313.88,74.24,93,0.0,3530.83
3313.88,74.68,92,1.2125,3530.83
3313.88,74.71,92,1.2125,3530.83
3313.88,76.58,83,0.0,3530.83
3313.88,76.72,83,1.2125,3530.83
3313.88,76.64,96,0.0,3530.83
3313.88,76.25,96,0.0,3530.83
3313.88,74.47,93,1.2125,3530.83
3313.88,74.94,94,1.2125,3530.83
3313.88,74.81,94,0.0,3530.83
3313.88,74.63,93,0.0,3530.83
3313.88,74.65,93,0.0,3530.83
3313.88,74.26,94,0.0,3530.83
3313.88,69.8,94,2.4875,3530.83
3313.88,69.91,81,0.0,3530.83
3313.88,69.49,81,0.0,3530.83
3313.88,69.67,92,1.25,3530.83
3313.88,69.93,92,0.0,3530.83
3313.88,70.3,90,0.0,3530.83
3313.88,70.54,90,0.0,3530.83
3313.88,70.91,91,1.2375,3530.83
3313.88,70.98,91,1.2375,3530.83
3313.88,70.83,85,0.0,3530.83
3313.88,70.1,85,0.0,3530.83
3313.88,72.48,91,0.0,3530.83
3313.88,71.78,91,1.25,3530.83
3313.88,72.27,90,0.0,3530.83
3313.88,72.27,90,1.2375,3530.83
3313.88,72.98,86,0.0,3530.83
3313.88,71.72,86,0.0,3530.83
3313.88,71.12,91,0.0,3530.83
3313.88,70.8,91,1.25,3530.83
3313.88,70.78,91,0.0,3530.83
3313.88,70.83,91,0.0,3530.83
3313.88,71.22,89,0.0,3530.83
3313.88,71.09,89,0.0,3530.83
3313.88,71.5,91,1.25,3530.83
3313.88,71.23,91,1.25,3530.83
3313.88,71.05,90,0.0,3530.83
3313.88,70.21,90,0.0,3530.83
3313.88,71.41,91,0.0,3530.83
3313.88,70.67,91,1.25,3530.83
3313.88,70.71,91,1.2375,3530.83
3313.88,71.89,91,0.0,3530.83
3313.88,71.71,82,1.25,3530.83
3313.88,71.79,82,0.0,3530.83
3313.88,72.19,91,0.0,3530.83
3313.88,72.2,91,1.25,3530.83
3313.88,72.7,91,0.0,3530.83
3313.88,72.63,91,0.0,3530.83
3313.88,72.76,91,0.0,3530.83
3313.88,72.56,91,1.2375,3530.83
3313.88,73.42,91,0.0,3530.83
3313.88,72.87,91,0.0,3530.83
3313.88,71.65,92,1.2375,3530.83
3313.88,71.97,92,0.0,3530.83
3313.88,72.23,92,0.0,3530.83
3313.88,71.94,92,0.0,3530.83
3313.88,71.8,93,2.4875,3530.83
3313.88,72.7,93,0.0,3530.83
3313.88,72.61,93,0.0,3530.83
3313.88,71.53,88,1.25,3530.83
3313.88,71.94,94,0.0,3530.83
3313.88,71.94,94,0.0,3530.83
3313.88,72.64,94,0.0,3530.83
3313.88,72.92,94,1.2125,3530.83
3313.88,72.85,91,0.0,3530.83
3313.88,72.96,91,0.0,3530.83
3313.88,72.75,91,2.4375,3530.83
3313.88,74.59,85,0.0,3530.83
3313.88,72.65,85,1.2125,3530.83
3313.88,72.66,90,0.0,3530.83
3313.88,73.88,90,0.0,3530.83
3313.88,73.81,89,0.0,3530.83
3313.88,73.81,89,1.2125,3530.83
3313.88,73.81,90,0.0,3530.83
3313.88,72.61,90,1.2125,3530.83
3313.88,74.86,81,1.2125,3530.83
3313.88,74.49,81,0.0,3530.83
3313.88,74.65,90,0.0,3530.83
3313.88,74.26,90,1.2125,3530.83
3313.88,74.43,92,0.0,3530.83
3313.88,74.63,92,0.0,3530.83
3313.88,74.43,90,0.0,3530.83
3313.88,74.33,90,1.2125,3530.83
3313.88,74.48,92,1.2125,3530.83
3313.88,76.45,92,0.0,3530.83
3313.88,74.11,80,1.2125,3530.83
3313.88,74.11,80,0.0,3530.83
3313.88,74.66,91,0.0,3530.83
3313.88,74.34,91,1.2125,3530.83
3313.88,74.42,92,1.2125,3530.83
3313.88,74.65,92,0.0,3530.83
3313.88,74.31,91,0.0,3530.83
3313.88,74.35,91,1.2125,3530.83
3313.88,73.58,92,0.0,3530.83
3313.88,73.52,92,0.0,3530.83
3313.88,72.24,94,2.425,3530.83
3313.88,74.4,94,0.0,3530.83
3313.88,74.55,88,0.0,3530.83
3313.88,73.37,88,1.2125,3530.83
3313.88,73.63,93,0.0,3530.83
3313.88,73.48,93,0.0,3530.83
3313.88,73.41,94,0.0,3530.83
3313.88,73.1,94,1.2125,3530.83
3313.88,73.39,92,0.0,3530.83
3313.88,73.67,92,1.2125,3530.83
3313.88,74.51,81,1.2125,3530.83
3313.88,73.98,81,0.0,3530.83
3313.88,72.1,94,0.0,3530.83
3313.88,73.01,94,1.2125,3530.83
3313.88,72.79,94,0.0,3530.83
3313.88,72.67,94,0.0,3530.83
3313.88,74.07,93,2.425,3530.83
3313.88,73.83,93,0.0,3530.83
3313.88,73.59,83,0.0,3530.83
3313.88,73.74,92,0.0,3530.83
3313.88,72.59,92,1.2125,3530.83
3313.88,73.2,92,0.0,3530.83
3313.88,73.23,93,0.0,3530.83
3313.88,72.86,93,1.2125,3530.83
3313.88,70.59,94,1.2125,3530.83
3313.88,69.35,94,0.0,3530.83
3313.88,69.43,83,1.2125,3530.83
3313.88,68.25,91,0.0,3530.83
3313.88,68.82,91,1.225,3530.83
3313.88,68.74,93,0.0,3530.83
3313.88,68.26,93,1.225,3530.83
3313.88,68.78,92,0.0,3530.83
3313.88,69.18,92,0.0,3530.83
3313.88,69.03,93,2.425,3530.83
3313.88,69.7,93,0.0,3530.83
3313.88,71.85,88,0.0,3530.83
3313.88,72.98,88,1.2125,3530.83
3313.88,73.15,92,0.0,3530.83
3313.88,72.71,92,0.0,3530.83
3313.88,72.8,94,0.0,3530.83
3313.88,73.08,94,1.2125,3530.83
3313.88,73.68,93,0.0,3530.83
3313.88,73.67,93,0.0,3530.83
3313.88,73.72,94,2.425,3530.83
3313.88,70.62,94,0.0,3530.83
3313.88,69.02,81,0.0,3530.83
3313.88,68.89,81,1.2125,3530.83
3313.88,69.04,93,0.0,3530.83
3313.88,68.9,93,0.0,3530.83
3313.88,69.34,93,1.2125,3530.83
3313.88,69.23,93,0.0,3530.83
3313.88,68.92,93,0.0,3530.83
3313.88,69.1,93,1.2125,3530.83
3313.88,68.57,93,0.0,3530.83
3313.88,67.83,94,0.0,3530.83
3313.88,70.93,94,0.0,3530.83
3313.88,71.92,84,2.45,3530.83
3313.88,69.19,84,0.0,3530.83
3313.88,68.3,90,0.0,3530.83
3313.88,67.99,90,1.25,3530.83
3313.88,67.78,93,1.1875,3530.83
3313.88,67.44,93,0.0,3530.83
3313.88,67.81,90,0.0,3530.83
3313.88,67.75,90,1.2125,3530.83
3313.88,68.13,91,0.0,3530.83
3313.88,68.62,91,0.0,3530.83
3313.88,68.14,90,1.2125,3530.83
3313.88,70.86,90,0.0,3530.83
3313.88,71.55,91,0.0,3530.83
3313.88,71.7,91,0.0,3530.83
3313.88,71.5,90,2.425,3530.83
3313.88,72.25,90,0.0,3530.83
3313.88,72.15,88,0.0,3530.83
3313.88,71.44,88,1.2125,3530.83
3313.88,71.48,91,0.0,3530.83
3313.88,71.22,91,0.0,3530.83
3313.88,72.0,90,1.2125,3530.83
3313.88,71.99,90,0.0,3530.83
3313.88,71.99,92,0.0,3530.83
3313.88,71.94,92,0.0,3530.83
3313.88,72.03,91,2.4375,3530.83
3313.88,74.21,91,0.0,3530.83
3313.88,72.86,82,0.0,3530.83
3313.88,73.5,82,1.2125,3530.83
3313.88,73.57,91,0.0,3530.83
3313.88,73.8,91,0.0,3530.83
3313.88,74.84,93,2.425,3530.83
3313.88,74.47,93,1.2125,3530.83
3313.88,74.5,83,0.0,3530.83
3313.88,74.71,83,0.0,3530.83
3313.88,74.88,94,0.0,3530.83
3313.88,72.44,92,1.2125,3530.83
3313.88,73.41,92,0.0,3530.83
3313.88,73.02,93,0.0,3530.83
3313.88,73.08,93,1.2125,3530.83
3313.88,72.96,93,0.0,3530.83
3313.88,73.45,93,1.2125,3530.83
3313.88,71.33,87,0.0,3530.83
3313.88,72.4,87,0.0,3530.83
3313.88,72.26,93,1.2125,3530.83
3313.88,72.57,93,0.0,3530.83
3313.88,72.1,94,1.2125,3530.83
3313.88,74.47,94,0.0,3530.83
3313.88,73.58,85,1.2125,3530.83
3313.88,73.56,85,0.0,3530.83
3313.88,73.64,93,0.0,3530.83
3313.88,73.28,93,0.0,3530.83
3313.88,73.03,93,1.2125,3530.83
3313.88,73.82,93,1.2125,3530.83
3313.88,70.26,82,0.0,3530.83
3313.88,70.46,82,1.2125,3530.83
3313.88,69.62,96,0.0,3530.83
3313.88,70.08,96,0.0,3530.83
3313.88,67.97,94,1.2125,3530.83
3313.88,69.05,94,0.0,3530.83
3313.88,69.1,93,0.0,3530.83
3313.88,68.92,93,1.2125,3530.83
3313.88,69.5,93,0.0,3530.83
3313.88,68.83,93,0.0,3530.83
3313.88,68.96,92,1.2125,3530.83
3313.88,72.07,92,1.2125,3530.83
3313.88,71.75,93,1.2125,3530.83
3313.88,73.44,93,0.0,3530.83
3313.88,72.7,81,0.0,3530.83
3313.88,73.12,81,1.2125,3530.83
3313.88,73.03,89,0.0,3530.83
3313.88,73.54,89,0.0,3530.83
3313.88,73.85,89,0.0,3530.83
3313.88,73.95,89,1.2125,3530.83
3313.88,73.95,91,0.0,3530.83
3313.88,73.72,91,0.0,3530.83
3313.88,73.62,90,1.2125,3530.83
3313.88,73.78,90,0.0,3530.83
3313.88,72.23,90,0.0,3530.83
3313.88,71.78,90,0.0,3530.83
3313.88,71.75,91,1.2125,3530.83
3313.88,71.42,91,1.2125,3530.83
3313.88,71.97,90,0.0,3530.83
3313.88,71.91,90,0.0,3530.83
3313.88,72.27,81,1.2125,3530.83
3313.88,72.35,81,0.0,3530.83
3313.88,72.44,90,0.0,3530.83
3313.88,72.77,91,1.2125,3530.83
3313.88,74.0,91,2.4375,3530.83
3313.88,75.3,78,0.0,3530.83
3313.88,74.94,78,1.2125,3530.83
3313.88,74.53,90,0.0,3530.83
3313.88,74.31,91,0.0,3530.83
3313.88,73.3,91,0.0,3530.83
3313.88,73.72,90,1.1625,3530.83
3313.88,73.72,90,1.1875,3530.83
3313.88,74.46,79,0.0,3530.83
3313.88,74.26,79,1.2125,3530.83
3313.88,74.32,91,0.0,3530.83
3313.88,74.21,91,0.0,3530.83
3313.88,73.18,91,1.2125,3530.83
3313.88,73.73,90,0.0,3530.83
3313.88,74.16,91,0.0,3530.83
3313.88,74.19,91,1.2125,3530.83
3313.88,74.46,90,0.0,3530.83
3313.88,74.1,90,0.0,3530.83
3313.88,73.56,92,0.0,3530.83
3313.88,72.35,92,1.2125,3530.83
3313.88,72.13,91,0.0,3530.83
3313.88,72.03,91,2.275,3530.83
3313.88,71.21,80,0.0,3530.83
3313.88,70.21,80,1.2375,3530.83
3313.88,70.08,92,0.0,3530.83
3313.88,69.72,92,0.0,3530.83
3313.88,69.46,90,0.0,3530.83
3313.88,69.78,90,0.0,3530.83
3313.88,69.76,91,1.225,3530.83
3313.88,69.96,91,0.0,3530.83
3313.88,70.61,90,0.0,3530.83
3313.88,70.35,90,0.0,3530.83
3313.88,69.86,91,1.225,3530.83
3313.88,70.2,91,0.0,3530.83
3313.88,71.18,90,0.0,3530.83
3313.88,71.09,90,0.0,3530.83
3313.88,71.22,91,1.2125,3530.83
3313.88,71.46,91,1.2125,3530.83
3313.88,72.69,79,0.0,3530.83
3313.88,71.38,79,1.2125,3530.83
3313.88,71.31,94,0.0,3530.83
3313.88,71.38,94,0.0,3530.83
3313.88,71.92,90,0.0,3530.83
3313.88,72.22,90,1.1875,3530.83
3313.88,72.47,91,0.0,3530.83
3313.88,72.42,91,0.0,3530.83
3313.88,72.72,93,1.2125,3530.83
3313.88,72.58,93,0.0,3530.83
3313.88,72.49,92,0.0,3530.83
3313.88,70.75,92,1.2125,3530.83
3313.88,73.95,85,1.225,3530.83
3313.88,74.12,85,0.0,3530.83
3313.88,73.37,97,0.0,3530.83
3313.88,73.37,97,0.0,3530.83
3313.88,73.3,93,0.0,3530.83
3313.88,73.11,93,1.25,3530.83
3313.88,73.0,92,0.0,3530.83
3313.88,72.68,92,0.0,3530.83
3313.88,73.01,94,0.0,3530.83
3313.88,73.2,94,2.4875,3530.83
3313.88,73.39,93,0.0,3530.83
3313.88,72.28,93,1.25,3530.83
3313.88,72.28,83,0.0,3530.83
3313.88,72.97,83,1.25,3530.83
3313.88,72.88,94,0.0,3530.83
3313.88,72.7,94,0.0,3530.83
3313.88,72.93,92,1.25,3530.83
3313.88,68.13,92,1.25,3530.83
3313.88,71.94,88,0.0,3530.83
3313.88,71.94,88,0.0,3530.83
3313.88,71.85,94,0.0,3530.83
3313.88,71.96,94,0.0,3530.83
3313.88,70.65,92,1.25,3530.83
3313.88,70.98,92,0.0,3530.83
3313.88,70.73,93,1.25,3530.83
3313.88,70.78,93,0.0,3530.83
3313.88,72.15,84,0.0,3530.83
3313.88,71.54,84,0.0,3530.83
3313.88,71.9,93,0.0,3530.83
3313.88,72.69,93,0.0,3530.83
3313.88,73.1,93,1.25,3530.83
3313.88,72.73,93,0.0,3530.83
3313.88,73.06,93,0.0,3530.83
3313.88,73.47,93,0.0,3530.83
3313.88,73.37,93,0.0,3530.83
3313.88,73.58,93,1.2375,3530.83
3313.88,73.17,92,0.0,3530.83
3313.88,71.89,92,1.25,3530.83
3313.88,73.85,86,0.0,3530.83
3313.88,73.3,94,0.0,3530.83
3313.88,73.13,94,0.0,3530.83
3313.88,73.01,92,1.25,3530.83
3313.88,73.63,92,0.0,3530.83
3313.88,73.39,94,0.0,3530.83
3313.88,73.43,94,1.2375,3530.83
3313.88,73.64,92,0.0,3530.83
3313.88,73.62,92,0.0,3530.83
3313.88,73.4,94,0.0,3530.83
3313.88,73.4,94,1.25,3530.83
3313.88,72.43,85,1.25,3530.83
3313.88,71.84,85,0.0,3530.83
3313.88,71.99,88,0.0,3530.83
3313.88,71.66,88,0.0,3530.83
3313.88,71.71,91,1.2375,3530.83
3313.88,71.79,91,0.0,3530.83
3313.88,71.8,90,0.0,3530.83
3313.88,72.02,90,1.225,3530.83
3313.88,71.83,91,0.0,3530.83
3313.88,72.52,91,1.2125,3530.83
3313.88,72.47,91,0.0,3530.83
3313.88,72.0,91,1.2125,3530.83
3313.88,72.11,91,0.0,3530.83
3313.88,72.42,91,0.0,3530.83
3313.88,72.44,90,0.0,3530.83
3313.88,72.49,90,2.425,3530.83
3313.88,73.46,81,0.0,3530.83
3313.88,72.8,81,0.0,3530.83
3313.88,72.97,91,0.0,3530.83
3313.88,73.29,91,1.2125,3530.83
3313.88,73.06,91,0.0,3530.83
3313.88,73.06,91,0.0,3530.83
3313.88,73.4,91,1.2125,3530.83
3313.88,73.76,91,0.0,3530.83
3313.88,73.61,91,2.4375,3530.83
3313.88,74.41,91,0.0,3530.83
3313.88,72.99,83,1.2125,3530.83
3313.88,72.99,83,0.0,3530.83
3313.88,73.86,89,0.0,3530.83
3313.88,73.88,89,0.0,3530.83
3313.88,73.26,91,2.4375,3530.83
3313.88,72.56,91,0.0,3530.83
3313.88,72.87,83,0.0,3530.83
3313.88,72.87,83,1.2125,3530.83
3313.88,72.74,91,0.0,3530.83
3313.88,71.8,91,0.0,3530.83
3313.88,72.05,90,2.4375,3530.83
3313.88,73.12,90,0.0,3530.83
3313.88,72.24,82,0.0,3530.83
3313.88,72.29,82,1.225,3530.83
3313.88,72.39,90,0.0,3530.83
3313.88,72.98,90,0.0,3530.83
3313.88,73.88,91,0.0,3530.83
3313.88,73.44,90,1.2125,3530.83
3313.88,73.57,90,0.0,3530.83
3313.88,73.38,91,0.0,3530.83
3313.88,73.38,91,1.2,3530.83
3313.88,70.09,78,1.1875,3530.83
3313.88,67.73,78,0.0,3530.83
3313.88,68.22,93,1.2125,3530.83
3313.88,67.7,93,0.0,3530.83
3313.88,67.72,92,0.0,3530.83
3313.88,67.8,92,0.0,3530.83
3313.88,67.73,94,2.4375,3530.83
3313.88,67.93,94,0.0,3530.83
3313.88,67.8,92,1.2125,3530.83
3313.88,64.69,92,1.2125,3530.83
3313.88,64.43,86,0.0,3530.83
3313.88,67.05,86,0.0,3530.83
3313.88,68.14,96,1.2125,3530.83
3313.88,68.47,96,0.0,3530.83
3313.88,69.42,93,0.0,3530.83
3313.88,69.22,93,0.0,3530.83
3313.88,69.0,93,1.2125,3530.83
3313.88,69.45,93,0.0,3530.83
3313.88,68.97,93,0.0,3530.83
3313.88,69.29,93,1.2125,3530.83
3313.88,72.16,93,0.0,3530.83
3313.88,71.99,89,2.425,3530.83
3313.88,71.14,89,0.0,3530.83
3313.88,70.59,87,0.0,3530.83
3313.88,70.3,87,1.2125,3530.83
3313.88,69.9,93,0.0,3530.83
3313.88,69.96,93,0.0,3530.83
3313.88,70.13,92,0.0,3530.83
3313.88,69.81,92,1.2125,3530.83
3313.88,70.55,93,0.0,3530.83
3313.88,70.34,93,0.0,3530.83
3313.88,70.53,81,1.225,3530.83
3313.88,67.76,81,1.2125,3530.95
3313.88,68.09,94,0.0,3530.95
3313.88,68.75,94,0.0,3530.95
3313.88,68.9,93,0.0,3530.95
3313.88,68.59,93,1.2125,3530.95
3313.88,68.31,93,0.0,3530.95
3313.88,68.46,93,0.0,3530.95
3313.88,68.21,92,1.2125,3530.95
3313.88,68.02,92,0.0,3530.95
3313.88,68.0,93,0.0,3530.95
3313.88,70.9,93,0.0,3530.95
3313.88,72.08,92,1.2125,3530.95
3313.88,71.85,92,0.0,3530.95
3313.88,71.85,94,0.0,3530.95
3313.88,72.3,94,2.4375,3530.95
3313.88,73.43,83,0.0,3530.95
3313.88,73.09,83,0.0,3530.95
3313.88,73.12,92,1.2,3530.95
3313.88,72.75,92,0.0,3530.95
3313.88,73.03,93,0.0,3530.95
3313.88,72.07,93,1.225,3530.95
3313.88,71.24,79,2.45,3530.95
3313.88,70.99,79,0.0,3530.95
3313.88,70.79,92,0.0,3530.95
3313.88,70.84,92,0.0,3530.95
3313.88,69.15,91,0.0,3530.95
3313.88,69.6,91,1.225,3530.95
3313.88,69.41,90,0.0,3530.95
3313.88,69.64,91,1.225,3530.95
3313.88,70.28,91,0.0,3530.95
3313.88,70.42,82,0.0,3530.95
3313.88,71.6,82,1.225,3530.95
3313.88,72.46,82,0.0,3530.95
3313.88,73.17,91,0.0,3530.95
3313.88,73.29,91,0.0,3530.95
3313.88,73.04,90,1.225,3530.95
3313.88,73.44,90,0.0,3530.95
3313.88,72.98,90,1.225,3530.95
3313.88,72.65,83,0.0,3530.95
3313.88,73.02,83,0.0,3530.95
3313.88,71.9,91,0.0,3530.95
3313.88,72.41,91,0.0,3530.95
3313.88,72.4,91,1.225,3530.95
3313.88,72.6,91,0.0,3530.95
3313.88,69.64,91,0.0,3530.95
3313.88,68.41,85,1.225,3530.95
3313.88,68.72,85,0.0,3530.95
3313.88,68.46,95,1.225,3530.95
3313.88,68.71,92,0.0,3530.95
3313.88,69.44,92,0.0,3530.95
3313.88,69.08,92,1.225,3530.95
3313.88,70.26,92,0.0,3530.95
3313.88,69.86,88,0.0,3530.95
3313.88,69.73,88,1.225,3530.95
3313.88,69.34,88,0.0,3530.95
3313.88,72.03,93,0.0,3530.95
3313.88,73.33,93,0.0,3530.95
3313.88,72.99,93,0.0,3530.95
3313.88,72.94,93,0.0,3530.95
3313.88,73.38,83,2.4625,3530.95
3313.88,74.48,83,0.0,3530.95
3313.88,73.64,91,0.0,3530.95
3313.88,73.06,91,1.2125,3530.95
3313.88,73.4,91,0.0,3530.95
3313.88,73.57,91,0.0,3530.95
3313.88,73.79,90,0.0,3530.95
3313.88,74.02,90,0.0,3530.95
3313.88,70.86,80,2.4375,3530.95
3313.88,70.86,80,0.0,3530.95
3313.88,69.44,92,0.0,3530.95
3313.88,69.33,92,1.2125,3530.95
3313.88,67.67,90,0.0,3530.95
3313.88,68.79,90,0.0,3530.95
3313.88,68.45,91,0.0,3530.95
3313.88,68.64,91,1.1875,3530.95
3313.88,68.18,90,0.0,3530.95
3313.88,68.41,90,0.0,3530.95
3313.88,68.18,90,0.0,3530.95
3313.88,71.08,90,1.2125,3530.95
3313.88,72.33,91,1.225,3530.95
3313.88,72.28,91,0.0,3530.95
3313.88,72.42,91,0.0,3530.95
3313.88,72.41,91,1.2375,3530.95
3313.88,69.62,84,1.225,3530.95
3313.88,69.54,84,0.0,3530.95
3313.88,69.64,100,0.0,3530.95
3313.88,68.66,100,0.0,3530.95
3313.88,68.78,94,0.0,3530.95
3313.88,69.43,94,0.0,3530.95
3313.88,69.65,93,1.2125,3530.95
3313.88,70.22,93,0.0,3530.95
3313.88,70.12,93,0.0,3530.95
3313.88,70.0,93,0.0,3530.95
3313.88,69.81,93,0.0,3530.95
3313.88,72.99,93,0.0,3530.95
3313.88,72.69,92,1.2375,3530.95
3313.88,72.26,92,0.0,3530.95
3313.88,73.8,86,1.225,3530.95
3313.88,73.65,86,0.0,3530.95
3313.88,73.51,91,1.2375,3530.95
3313.88,73.47,91,0.0,3530.95
3313.88,73.43,93,0.0,3530.95
3313.88,73.39,93,0.0,3530.95
3313.88,73.53,93,1.2,3530.95
3313.88,72.96,93,0.0,3530.95
3313.88,71.81,85,1.225,3530.95
3313.88,72.23,85,0.0,3530.95
3313.88,72.39,93,0.0,3530.95
3313.88,71.2,93,0.0,3530.95
3313.88,71.37,93,1.2375,3530.95
3313.88,70.06,93,0.0,3530.95
3313.88,68.84,86,1.225,3530.95
3313.88,68.8,86,0.0,3530.95
3313.88,69.1,93,0.0,3530.95
3313.88,68.9,93,0.0,3530.95
3313.88,69.13,93,0.0,3530.95
3313.88,70.01,93,0.0,3530.95
3313.88,69.67,93,1.225,3530.95
3313.88,71.2,93,0.0,3530.95
3313.88,71.06,86,1.225,3530.95
3313.88,70.76,86,0.0,3530.95
3313.88,72.19,92,0.0,3530.95
3313.88,73.29,92,0.0,3530.95
3313.88,73.03,93,0.0,3530.95
3313.88,73.08,93,1.225,3530.95
3313.88,74.72,86,0.0,3530.95
3313.88,74.96,96,0.0,3530.95
3313.88,74.31,96,0.0,3530.95
3313.88,74.51,96,1.225,3530.95
3313.88,73.13,93,0.0,3530.95
3313.88,73.6,92,0.0,3530.95
3313.88,74.05,92,0.0,3530.95
3313.88,73.69,94,0.0,3530.95
3313.88,73.76,94,1.225,3530.95
3313.88,73.56,92,0.0,3530.95
3313.88,73.56,92,0.0,3530.95
3313.88,71.8,93,0.0,3530.95
3313.88,71.15,93,0.0,3530.95
3313.88,72.03,93,1.225,3530.95
3313.88,72.81,93,0.0,3530.95
3313.88,72.69,90,1.225,3530.95
3313.88,72.17,90,0.0,3530.95
3313.88,72.34,93,0.0,3530.95
3313.88,72.42,93,1.225,3530.95
3313.88,72.16,93,0.0,3530.95
3313.88,72.49,93,0.0,3530.95
3313.88,72.41,94,1.225,3530.95
3313.88,72.98,94,0.0,3530.95
3313.88,72.97,93,0.0,3530.95
3313.88,72.66,93,0.0,3530.95
3313.88,71.58,94,1.2375,3530.95
3313.88,72.98,94,0.0,3530.95
3313.88,72.28,85,0.0,3530.95
3313.88,72.26,85,0.0,3530.95
3313.88,72.01,94,1.2375,3530.95
3313.88,72.0,94,0.0,3530.95
3313.88,72.28,93,0.0,3530.95
3313.88,72.72,93,0.0,3530.95
3313.88,72.89,93,0.0,3530.95
3313.88,72.64,93,0.0,3530.95
3313.88,72.37,92,1.225,3530.95
3313.88,72.86,92,0.0,3530.95
3313.88,71.36,84,1.225,3530.95
3313.88,72.17,84,0.0,3530.95
3313.88,72.45,90,0.0,3530.95
3313.88,72.52,90,0.0,3530.95
3313.88,72.77,91,1.2125,3530.95
3313.88,72.7,91,2.425,3530.95
3313.88,74.12,82,0.0,3530.95
3313.88,73.46,82,1.2125,3530.95
3313.88,73.84,89,0.0,3530.95
3313.88,74.04,89,0.0,3530.95
3313.88,73.52,91,1.2125,3530.95
3313.88,74.14,91,0.0,3530.95
3313.88,73.84,90,0.0,3530.95
3313.88,73.84,90,1.2125,3530.95
3313.88,74.84,82,0.0,3530.95
3313.88,73.68,82,1.2125,3530.95
3313.88,72.31,91,0.0,3530.95
3313.88,72.81,91,0.0,3530.95
3313.88,72.53,92,0.0,3530.95
3313.88,72.76,92,1.2125,3530.95
3313.88,73.12,90,0.0,3530.95
3313.88,73.39,91,0.0,3530.95
3313.88,73.13,91,1.2125,3530.95
3313.88,73.1,90,0.0,3530.95
3313.88,71.73,90,0.0,3530.95
3313.88,72.86,92,1.2125,3530.95
3313.88,72.35,92,0.0,3530.95
3313.88,72.27,92,0.0,3530.95
3313.88,72.11,91,2.4375,3530.95
3313.88,73.49,82,0.0,3530.95
3313.88,73.09,82,0.0,3530.95
3313.88,73.3,92,1.2125,3530.95
3313.88,72.92,92,0.0,3530.95
3313.88,73.3,93,0.0,3530.95
3313.88,73.09,93,1.2125,3530.95
3313.88,74.36,84,1.2125,3530.95
3313.88,74.23,84,1.2125,3530.95
3313.88,73.9,97,0.0,3530.95
3313.88,73.96,97,1.2125,3530.95
3313.88,73.91,93,0.0,3530.95
3313.88,72.54,93,0.0,3530.95
3313.88,73.13,93,0.0,3530.95
3313.88,72.95,93,1.225,3530.95
3313.88,72.86,93,1.225,3530.95
3313.88,72.58,93,0.0,3530.95
3313.88,72.23,86,0.0,3530.95
3313.88,71.28,86,0.0,3530.95
3313.88,71.4,91,0.0,3530.95
3313.88,72.11,91,1.2125,3530.95
3313.88,72.15,93,0.0,3530.95
3313.88,72.47,90,2.425,3530.95
3313.88,71.88,90,0.0,3530.95
3313.88,71.18,86,0.0,3530.95
3313.88,71.16,86,0.0,3530.95
3313.88,71.38,92,1.2125,3530.95
3313.88,71.52,92,0.0,3530.95
3313.88,71.95,93,0.0,3530.95
3313.88,71.91,93,1.2125,3530.95
3313.88,71.62,92,0.0,3530.95
3313.88,71.49,92,0.0,3530.95
3313.88,71.05,93,0.0,3530.95
3313.88,71.41,93,1.2125,3530.95
3313.88,71.49,93,0.0,3530.95
3313.88,71.77,93,0.0,3530.95
3313.88,71.99,94,1.2375,3530.95
3313.88,71.75,94,2.375,3530.95
3313.88,73.67,82,0.0,3530.95
3313.88,73.19,82,1.225,3530.95
3313.88,73.7,94,0.0,3530.95
3313.88,73.68,94,0.0,3530.95
3313.88,74.01,94,1.225,3530.95
3313.88,74.3,94,0.0,3530.95
3313.88,74.73,93,0.0,3530.95
3313.88,74.71,93,0.0,3530.95
3313.88,75.47,94,2.425,3530.95
3313.88,75.04,94,0.0,3530.95
3313.88,72.98,88,0.0,3530.95
3313.88,73.64,92,1.2125,3530.95
3313.88,73.84,92,0.0,3530.95
3313.88,74.05,93,0.0,3530.95
3313.88,74.11,93,0.0,3530.95
3313.88,74.15,93,1.2125,3530.95
3313.88,74.17,93,1.2125,3530.95
3313.88,75.52,93,1.225,3530.95
3313.88,74.76,82,0.0,3530.95
3313.88,73.85,92,0.0,3530.95
3313.88,74.22,92,0.0,3530.95
3313.88,74.55,93,1.2125,3530.95
3313.88,74.58,93,0.0,3530.95
3313.88,74.13,92,0.0,3530.95
3313.88,74.65,92,1.2125,3530.95
3313.88,74.42,88,1.2125,3530.95
3313.88,73.53,88,0.0,3530.95
3313.88,73.33,94,0.0,3530.95
3313.88,71.7,94,1.2125,3530.95
3313.88,71.86,92,0.0,3530.95
3313.88,71.77,92,0.0,3530.95
3313.88,72.17,93,0.0,3530.95
3313.88,71.84,93,1.2125,3530.95
3313.88,71.46,93,0.0,3530.95
3313.88,71.66,93,1.2,3530.95
3313.88,70.65,94,1.1875,3530.95
3313.88,68.24,94,1.1875,3530.95
3313.88,68.78,81,1.2375,3530.95
3313.88,68.34,81,0.0,3530.95
3313.88,68.86,92,0.0,3530.95
3313.88,69.45,92,0.0,3530.95
3313.88,69.34,93,0.0,3530.95
3313.88,69.51,93,1.2125,3530.95
3313.88,69.97,94,0.0,3530.95
3313.88,70.23,94,0.0,3530.95
3313.88,70.07,92,1.2125,3530.95
3313.88,70.04,92,1.2125,3530.95
3313.88,73.09,82,0.0,3530.95
3313.88,73.05,82,1.225,3530.95
3313.88,73.83,94,0.0,3530.95
3313.88,73.58,94,0.0,3530.95
3313.88,73.65,94,1.2125,3530.95
3313.88,73.92,94,1.2125,3531.08
3313.88,73.98,83,0.0,3531.08
3313.88,73.83,83,0.0,3531.08
3313.88,73.91,92,2.425,3531.08
3313.88,73.71,94,0.0,3531.08
3313.88,73.98,94,0.0,3531.08
3313.88,73.28,94,0.0,3531.08
3313.88,73.61,93,1.2125,3531.08
3313.88,73.45,94,0.0,3531.08
3313.88,73.31,94,1.2125,3531.08
3313.88,72.86,92,0.0,3531.08
3313.88,72.52,92,0.0,3531.08
3313.88,71.76,93,0.0,3531.08
3313.88,71.74,93,1.225,3531.08
3313.88,71.77,92,1.1625,3531.08
3313.88,68.58,92,0.0,3531.08
3313.88,67.72,83,0.0,3531.08
3313.88,67.72,83,1.2125,3531.08
3313.88,68.01,93,0.0,3531.08
3313.88,68.28,93,0.0,3531.08
3313.88,68.62,93,0.0,3531.08
3313.88,68.71,93,1.2125,3531.08
3313.88,68.42,93,0.0,3531.08
3313.88,69.11,93,1.2125,3531.08
3313.88,68.27,84,1.2125,3531.08
3313.88,71.0,84,0.0,3531.08
3313.88,71.0,96,0.0,3531.08
3313.88,71.85,96,2.425,3531.08
3313.88,71.81,94,0.0,3531.08
3313.88,71.89,94,0.0,3531.08
3313.88,72.16,93,0.0,3531.08
3313.88,72.0,93,1.2125,3531.08
3313.88,72.32,94,0.0,3531.08
3313.88,72.19,94,0.0,3531.08
3313.88,71.25,93,1.2125,3531.08
3313.88,73.61,82,1.2125,3531.08
3313.88,73.31,82,0.0,3531.08
3313.88,73.74,94,1.2125,3531.08
3313.88,73.7,94,0.0,3531.08
3313.88,73.18,92,0.0,3531.08
3313.88,73.7,92,0.0,3531.08
3313.88,73.61,92,1.2125,3531.08
3313.88,73.87,92,0.0,3531.08
3313.88,73.76,93,1.2125,3531.08
3313.88,73.53,93,0.0,3531.08
3313.88,73.38,85,1.2125,3531.08
3313.88,71.94,85,0.0,3531.08
3313.88,72.6,94,0.0,3531.08
3313.88,72.66,94,1.2125,3531.08
3313.88,72.73,93,1.2125,3531.08
3313.88,74.83,93,0.0,3531.08
3313.88,73.66,83,1.2125,3531.08
3313.88,72.92,83,0.0,3531.08
3313.88,73.13,93,0.0,3531.08
3313.88,73.25,93,0.0,3531.08
3313.88,73.52,93,1.225,3531.08
3313.88,73.77,93,0.0,3531.08
3313.88,73.61,92,0.0,3531.08
3313.88,73.79,92,0.0,3531.08
3313.88,73.17,93,1.2125,3531.08
3313.88,72.87,93,0.0,3531.08
3313.88,70.76,92,0.0,3531.08
3313.88,71.46,93,1.225,3531.08
3313.88,71.48,93,1.225,3531.08
3313.88,68.16,85,1.225,3531.08
3313.88,67.05,85,0.0,3531.08
3313.88,67.63,93,1.2125,3531.08
3313.88,67.81,93,0.0,3531.08
3313.88,68.1,93,0.0,3531.08
3313.88,67.9,93,1.2125,3531.08
3313.88,68.37,94,0.0,3531.08
3313.88,68.53,94,1.2125,3531.08
3313.88,68.86,84,1.2125,3531.08
3313.88,69.06,84,0.0,3531.08
3313.88,69.06,92,0.0,3531.08
3313.88,73.37,92,0.0,3531.08
3313.88,72.95,94,1.2125,3531.08
3313.88,72.81,94,0.0,3531.08
3313.88,72.94,92,1.175,3531.08
3313.88,70.09,92,1.175,3531.08
3313.88,69.38,82,0.0,3531.08
3313.88,69.47,82,0.0,3531.08
3313.88,69.42,93,0.0,3531.08
3313.88,69.09,93,1.225,3531.08
3313.88,69.44,92,1.2125,3531.08
3313.88,70.65,92,0.0,3531.08
3313.88,70.3,84,0.0,3531.08
3313.88,70.38,84,1.2125,3531.08
3313.88,70.2,93,0.0,3531.08
3313.88,70.2,93,0.0,3531.08
3313.88,73.01,93,1.2125,3531.08
3313.88,73.3,93,1.2125,3531.08
3313.88,74.38,82,0.0,3531.08
3313.88,73.98,82,1.2125,3531.08
3313.88,73.68,94,0.0,3531.08
3313.88,74.1,94,0.0,3531.08
3313.88,72.74,94,1.2125,3531.08
3313.88,72.99,94,1.2125,3531.08
3313.88,73.5,91,0.0,3531.08
3313.88,73.5,91,1.2125,3531.08
3313.88,73.29,85,0.0,3531.08
3313.88,73.42,85,1.2125,3531.08
3313.88,73.42,93,1.2125,3531.08
3313.88,72.08,93,0.0,3531.08
3313.88,73.02,93,0.0,3531.08
3313.88,73.02,93,0.0,3531.08
3313.88,72.8,92,1.2,3531.08
3313.88,72.62,92,0.0,3531.08
3313.88,72.11,94,0.0,3531.08
3313.88,72.15,94,1.2125,3531.08
3313.88,72.6,92,0.0,3531.08
3313.88,72.11,94,0.0,3531.08
3313.88,72.0,94,1.225,3531.08
3313.88,73.72,85,1.225,3531.08
3313.88,72.5,85,0.0,3531.08
3313.88,72.59,94,0.0,3531.08
3313.88,72.53,94,0.0,3531.08
3313.88,72.33,94,1.225,3531.08
3313.88,72.87,93,0.0,3531.08
3313.88,72.89,93,0.0,3531.08
3313.88,72.86,93,1.2125,3531.08
3313.88,73.0,93,1.2125,3531.08
3313.88,75.2,93,0.0,3531.08
3313.88,75.01,86,1.2125,3531.08
3313.88,73.06,86,0.0,3531.08
3313.88,73.84,94,0.0,3531.08
3313.88,74.02,94,1.2125,3531.08
3313.88,73.79,94,0.0,3531.08
3313.88,73.64,94,0.0,3531.08
3313.88,73.37,93,0.0,3531.08
3313.88,73.41,93,1.2125,3531.08
3313.88,73.55,93,0.0,3531.08
3313.88,73.24,88,1.2125,3531.08
3313.88,69.49,88,1.2125,3531.08
3313.88,69.04,88,1.2125,3531.08
3313.88,69.5,87,0.0,3531.08
3313.88,69.74,82,1.2125,3531.08
3313.88,66.3,82,1.2125,3531.08
3313.88,65.24,95,0.0,3531.08
3313.88,65.49,95,1.2,3531.08
3313.88,65.68,93,0.0,3531.08
3313.88,65.87,93,0.0,3531.08
3313.88,65.98,92,0.0,3531.08
3313.88,66.03,92,2.4125,3531.08
3313.88,67.64,82,0.0,3531.08
3313.88,68.92,82,0.0,3531.08
3313.88,68.37,94,1.2125,3531.08
3313.88,68.2,94,0.0,3531.08
3313.88,72.75,93,0.0,3531.08
3313.88,72.82,93,1.2125,3531.08
3313.88,73.02,93,0.0,3531.08
3313.88,71.26,93,1.2125,3531.08
3313.88,70.85,84,0.0,3531.08
3313.88,70.56,84,0.0,3531.08
3313.88,70.81,92,1.2125,3531.08
3313.88,70.38,92,0.0,3531.08
3313.88,70.39,92,0.0,3531.08
3313.88,70.95,92,0.0,3531.08
3313.88,70.79,93,2.4875,3531.08
3313.88,71.88,93,0.0,3531.08
3313.88,71.4,83,0.0,3531.08
3313.88,70.81,83,1.25,3531.08
3313.88,72.33,93,0.0,3531.08
3313.88,72.62,93,1.2375,3531.08
3313.88,72.63,93,0.0,3531.08
3313.88,72.82,93,1.25,3531.08
3313.88,72.75,93,0.0,3531.08
3313.88,73.14,93,0.0,3531.08
3313.88,72.67,93,2.4875,3531.08
3313.88,71.77,93,0.0,3531.08
3313.88,70.76,86,0.0,3531.08
3313.88,71.39,86,0.0,3531.08
3313.88,71.47,93,1.2375,3531.08
3313.88,71.81,93,0.0,3531.08
3313.88,71.74,93,0.0,3531.08
3313.88,72.1,93,2.4875,3531.08
3313.88,73.81,85,0.0,3531.08
3313.88,73.91,85,0.0,3531.08
3313.88,73.6,97,0.0,3531.08
3313.88,73.66,97,1.2375,3531.08
3313.88,74.37,93,0.0,3531.08
3313.88,74.17,93,0.0,3531.08
3313.88,74.24,94,1.25,3531.08
3313.88,74.4,94,0.0,3531.08
3313.88,74.3,93,0.0,3531.08
3313.88,74.62,93,2.4875,3531.08
3313.88,75.25,82,0.0,3531.08
3313.88,72.51,82,0.0,3531.08
3313.88,72.5,95,1.2375,3531.08
3313.88,73.06,95,0.0,3531.08
3313.88,72.82,93,0.0,3531.08
3313.88,73.03,93,0.0,3531.08
3313.88,73.2,93,2.375,3531.08
3313.88,73.0,93,0.0,3531.08
3313.88,73.46,83,0.0,3531.08
3313.88,73.31,83,1.2375,3531.08
3313.88,73.36,92,0.0,3531.08
3313.88,72.54,92,0.0,3531.08
3313.88,73.1,94,1.2375,3531.08
3313.88,73.24,94,0.0,3531.08
3313.88,73.05,93,0.0,3531.08
3313.88,73.17,93,1.2375,3531.08
3313.88,70.49,80,2.4875,3531.08
3313.88,69.7,80,0.0,3531.08
3313.88,69.69,91,0.0,3531.08
3313.88,69.24,91,0.0,3531.08
3313.88,68.92,91,1.2125,3531.08
3313.88,68.74,90,0.0,3531.08
3313.88,69.2,90,1.2125,3531.08
3313.88,70.33,82,1.2125,3531.08
3313.88,69.53,82,0.0,3531.08
3313.88,69.5,91,0.0,3531.08
3313.88,69.93,91,0.0,3531.08
3313.88,72.2,90,1.175,3531.08
3313.88,73.24,90,0.0,3531.08
3313.88,73.16,89,0.0,3531.08
3313.88,72.4,89,1.225,3531.08
3313.88,72.94,91,0.0,3531.08
3313.88,72.67,91,0.0,3531.08
3313.88,72.52,90,0.0,3531.08
3313.88,71.15,90,2.4375,3531.08
3313.88,72.87,81,0.0,3531.08
3313.88,72.25,81,1.225,3531.08
3313.88,72.32,92,0.0,3531.08
3313.88,72.53,92,0.0,3531.08
3313.88,72.92,93,1.2375,3531.08
3313.88,73.54,93,0.0,3531.08
3313.88,73.28,92,1.225,3531.08
3313.88,74.5,92,0.0,3531.08
3313.88,74.13,83,0.0,3531.08
3313.88,74.61,83,1.2375,3531.08
3313.88,74.39,94,0.0,3531.08
3313.88,73.45,94,0.0,3531.08
3313.88,73.67,92,0.0,3531.08
3313.88,73.76,92,1.225,3531.08
3313.88,74.72,85,0.0,3531.08
3313.88,73.89,85,1.225,3531.08
3313.88,74.28,93,0.0,3531.08
3313.88,74.4,93,0.0,3531.08
3313.88,73.36,93,0.0,3531.08
3313.88,73.88,93,0.0,3531.08
3313.88,73.79,94,0.0,3531.08
3313.88,73.66,94,2.45,3531.08
3313.88,71.77,80,0.0,3531.08
3313.88,71.22,80,0.0,3531.08
3313.88,71.14,94,0.0,3531.08
3313.88,69.76,94,1.2375,3531.08
3313.88,70.82,93,0.0,3531.08
3313.88,70.36,93,0.0,3531.08
3313.88,70.11,93,0.0,3531.08
3313.88,70.28,93,0.0,3531.08
3313.88,70.02,94,1.225,3531.08
3313.88,69.73,94,0.0,3531.08
3313.88,69.98,92,1.2125,3531.08
3313.88,71.56,92,0.0,3531.08
3313.88,72.6,93,0.0,3531.08
3313.88,72.61,93,0.0,3531.08
3313.88,72.61,92,1.225,3531.08
3313.88,72.48,92,1.225,3531.08
3313.88,73.73,84,0.0,3531.08
3313.88,73.42,84,0.0,3531.08
3313.88,73.13,93,0.0,3531.08
3313.88,73.2,93,1.225,3531.08
3313.88,73.31,93,0.0,3531.08
3313.88,73.33,93,0.0,3531.08
3313.88,73.67,92,1.225,3531.08
3313.88,72.85,92,0.0,3531.08
3313.88,72.99,86,1.2125,3531.08
3313.88,72.78,86,0.0,3531.08
3313.88,72.78,93,0.0,3531.08
3313.88,71.62,93,0.0,3531.08
3313.88,72.21,92,0.0,3531.08
3313.88,72.21,92,1.225,3531.08
3313.88,71.95,93,1.225,3531.08
3313.88,72.27,93,0.0,3531.08
3313.88,71.46,85,0.0,3531.08
3313.88,70.94,85,0.0,3531.08
3313.88,72.23,92,0.0,3531.08
3313.88,72.17,92,1.225,3531.08
3313.88,71.91,92,0.0,3531.08
3313.88,72.08,92,2.45,3531.08
3313.88,72.08,93,0.0,3531.08
3313.88,71.56,93,0.0,3531.08
3313.88,71.77,86,0.0,3531.08
3313.88,71.26,93,0.0,3531.08
3313.88,72.01,93,1.225,3531.08
3313.88,71.61,93,0.0,3531.08
3313.88,72.03,93,0.0,3531.08
3313.88,71.88,93,1.25,3531.08
3313.88,71.56,93,0.0,3531.08
3313.88,71.56,91,1.25,3531.08
3313.88,71.01,91,0.0,3531.08
3313.88,71.01,91,0.0,3531.08
3313.88,71.92,91,0.0,3531.08
3313.88,71.67,94,0.0,3531.08
3313.88,72.0,94,0.0,3531.08
3313.88,72.0,92,1.25,3531.08
3313.88,72.65,92,0.0,3531.08
3313.88,72.41,94,0.0,3531.08
3313.88,72.41,94,0.0,3531.08
3313.88,72.47,92,2.4875,3531.08
3313.88,69.57,92,0.0,3531.08
3313.88,68.51,85,0.0,3531.08
3313.88,68.56,85,0.0,3531.08
3313.88,68.42,93,0.0,3531.08
3313.88,68.56,93,1.25,3531.08
3313.88,69.08,92,0.0,3531.08
3313.88,69.04,92,0.0,3531.08
3313.88,69.34,92,0.0,3531.08
3313.88,69.06,92,1.25,3531.08
3313.88,68.17,93,1.25,3531.08
3313.88,68.34,93,0.0,3531.08
3313.88,70.4,85,0.0,3531.08
3313.88,71.99,85,0.0,3531.08
3313.88,71.78,91,0.0,3531.08
3313.88,72.02,91,1.25,3531.08
3313.88,72.16,90,1.25,3531.08
3313.88,68.69,90,0.0,3531.08
3313.88,67.22,82,0.0,3531.08
3313.88,66.95,82,1.25,3531.08
3313.88,67.06,91,0.0,3531.08
3313.88,67.12,91,0.0,3531.08
3313.88,67.17,90,0.0,3531.08
3313.88,68.02,90,1.25,3531.08
3313.88,68.55,83,1.25,3531.08
3313.88,67.75,83,0.0,3531.08
3313.88,67.56,91,0.0,3531.08
3313.88,67.44,91,1.2375,3531.08
3313.88,70.92,91,0.0,3531.08
3313.88,72.16,91,0.0,3531.08
3313.88,72.52,90,0.0,3531.08
3313.88,72.44,90,0.0,3531.08
3313.88,73.22,92,1.25,3531.08
3313.88,75.05,92,0.0,3531.08
3313.88,74.33,86,0.0,3531.08
3313.88,73.51,86,2.4875,3531.08
3313.88,74.78,93,0.0,3531.08
3313.88,74.69,93,0.0,3531.08
3313.88,74.51,93,1.25,3531.08
3313.88,74.16,93,0.0,3531.08
3313.88,73.71,88,0.0,3531.08
3313.88,73.08,88,0.0,3531.08
3313.88,73.44,93,0.0,3531.08
3313.88,73.16,93,1.2375,3531.08
3313.88,71.17,92,0.0,3531.08
3313.88,72.08,92,0.0,3531.08
3313.88,73.0,89,1.2375,3531.08
3313.88,72.49,92,0.0,3531.08
3313.88,72.27,92,0.0,3531.08
3313.88,72.93,94,0.0,3531.08
3313.88,72.94,94,0.0,3531.08
3313.88,73.32,86,2.4875,3531.08
3313.88,71.4,86,0.0,3531.08
3313.88,71.24,94,0.0,3531.08
3313.88,70.38,94,0.0,3531.08
3313.88,70.48,93,0.0,3531.08
3313.88,70.4,93,0.0,3531.08
3313.88,69.75,94,0.0,3531.08
3313.88,69.94,94,1.225,3531.08
3313.88,70.11,92,0.0,3531.08
3313.88,69.49,92,0.0,3531.08
3313.88,69.36,93,0.0,3531.08
3313.88,69.36,93,0.0,3531.08
3313.88,71.48,94,0.0,3531.08
3313.88,71.22,94,1.225,3531.08
3313.88,71.63,93,0.0,3531.08
3313.88,71.87,93,0.0,3531.08
3313.88,71.82,84,1.225,3531.08
3313.88,73.33,84,1.225,3531.08
3313.88,73.42,97,0.0,3531.08
3313.88,73.01,97,1.1625,3531.08
3313.88,72.69,93,1.2125,3531.08
3313.88,73.02,93,0.0,3531.08
3313.88,72.96,94,0.0,3531.08
3313.88,73.22,94,1.2125,3531.08
3313.88,73.73,93,0.0,3531.08
3313.88,73.35,93,0.0,3531.08
3313.88,73.44,93,2.425,3531.08
3313.88,73.22,93,0.0,3531.08
3313.88,72.94,89,0.0,3531.08
3313.88,72.67,89,0.0,3531.08
3313.88,72.97,93,1.2125,3531.08
3313.88,73.42,93,1.2125,3531.08
3313.88,74.49,83,0.0,3531.08
3313.88,74.18,83,1.2125,3531.08
3313.88,74.3,94,0.0,3531.08
3313.88,74.19,94,0.0,3531.08
3313.88,75.08,92,0.0,3531.08
3313.88,75.08,92,0.0,3531.08
3313.88,73.64,94,1.2125,3531.08
3313.88,73.64,94,1.175,3531.08
3313.88,74.29,93,2.425,3531.08
3313.88,74.1,93,0.0,3531.08
3313.88,72.79,84,0.0,3531.08
3313.88,73.25,84,0.0,3531.08
3313.88,74.26,93,1.2375,3531.08
3313.88,72.9,93,0.0,3531.08
3313.88,72.58,89,1.25,3531.08
3313.88,72.6,89,0.0,3531.08
3313.88,72.74,91,0.0,3531.08
3313.88,72.72,91,1.25,3531.08
3313.88,72.96,92,0.0,3531.08
3313.88,72.77,92,0.0,3531.08
3313.88,72.96,90,0.0,3531.08
3313.88,72.89,90,1.25,3531.08
3313.88,72.85,91,0.0,3531.08
3313.88,71.57,91,1.25,3531.08
3313.88,73.19,91,1.25,3531.08
3313.88,72.72,91,0.0,3531.08
3313.88,72.22,83,0.0,3531.08
3313.88,72.67,83,1.2375,3531.08
3313.88,72.76,90,0.0,3531.08
3313.88,72.38,90,1.2375,3531.08
3313.88,72.94,90,1.25,3531.08
3313.88,70.1,90,1.2375,3531.08
3313.88,68.5,83,0.0,3531.08
3313.88,68.5,83,0.0,3531.08
3313.88,68.43,88,1.25,3531.08
3313.88,68.5,88,0.0,3531.08
3313.88,68.33,92,0.0,3531.08
3313.88,68.69,92,0.0,3531.08
3313.88,68.97,92,1.25,3531.08
3313.88,68.76,92,1.25,3531.08
3313.88,69.25,93,0.0,3531.08
3313.88,68.59,93,0.0,3531.08
3313.88,71.22,87,1.25,3531.08
3313.88,73.07,87,0.0,3531.08
3313.88,73.35,93,0.0,3531.08
3313.88,73.25,93,1.25,3531.08
3313.88,73.26,94,0.0,3531.08
3313.88,73.55,94,0.0,3531.08
3313.88,72.91,93,0.0,3531.08
3313.88,72.91,93,1.25,3531.08
3313.88,73.19,93,0.0,3531.08
3313.88,72.92,93,1.25,3531.08
3313.88,72.6,92,0.0,3531.08
3313.88,72.88,92,0.0,3531.08
3313.88,72.97,92,1.2375,3531.08
3313.88,72.55,92,0.0,3531.08
3313.88,73.33,80,1.25,3531.08
3313.88,73.18,80,0.0,3531.08
3313.88,73.39,89,0.0,3531.08
3313.88,73.45,89,0.0,3531.08
3313.88,73.45,91,2.425,3531.08
3313.88,75.38,91,0.0,3531.08
3313.88,74.72,80,1.2125,3531.08
3313.88,74.72,80,1.2125,3531.08
3313.88,74.99,93,0.0,3531.08
3313.88,74.96,93,0.0,3531.08
3313.88,74.19,90,1.2125,3531.08
3313.88,75.23,81,1.2125,3531.08
3313.88,73.95,81,0.0,3531.08
3313.88,74.0,93,0.0,3531.08
3313.88,74.25,93,0.0,3531.08
3313.88,74.34,90,1.2125,3531.08
3313.88,72.5,90,0.0,3531.08
3313.88,73.47,91,0.0,3531.08
3313.88,73.47,80,2.4375,3531.08
3313.88,70.25,80,0.0,3531.08
3313.88,69.26,94,0.0,3531.08
3313.88,69.15,94,1.2125,3531.08
3313.88,68.34,92,0.0,3531.08
3313.88,69.26,92,0.0,3531.08
3313.88,69.02,94,0.0,3531.08
3313.88,69.11,94,1.2125,3531.08
3313.88,68.87,93,1.1875,3531.08
3313.88,68.72,93,0.0,3531.08
3313.88,69.18,86,0.0,3531.08
3313.88,68.12,86,2.4375,3531.08
3313.88,71.25,94,0.0,3531.08
3313.88,72.27,94,0.0,3531.08
3313.88,72.66,93,0.0,3531.08
3313.88,72.84,93,1.2125,3531.08
3313.88,73.3,94,0.0,3531.08
3313.88,73.39,94,0.0,3531.08
3313.88,73.06,92,0.0,3531.08
3313.88,72.9,92,1.225,3531.08
3313.88,73.24,85,1.225,3531.08
3313.88,73.42,85,0.0,3531.08
3313.88,72.98,95,0.0,3531.08
3313.88,73.31,95,0.0,3531.08
3313.88,73.02,92,1.2125,3531.08
3313.88,72.53,92,0.0,3531.08
3313.88,71.96,93,0.0,3531.08
3313.88,72.06,93,0.0,3531.08
3313.88,71.9,93,1.225,3531.08
3313.88,72.05,93,0.0,3531.08
3313.88,72.02,92,1.2375,3531.08
3313.88,67.64,92,1.175,3531.08
3313.88,68.54,86,0.0,3531.08
3313.88,67.58,86,0.0,3531.08
3313.88,67.04,95,1.2125,3531.08
3313.88,67.02,95,0.0,3531.08
3313.88,67.84,93,1.2125,3531.08
3313.88,67.98,93,0.0,3531.08
3313.88,68.07,93,0.0,3531.08
3313.88,68.05,93,1.2125,3531.08
3313.88,68.15,93,0.0,3531.08
3313.88,68.73,93,0.0,3531.08
3313.88,71.54,92,1.2125,3531.08
3313.88,71.14,92,1.2125,3531.08
3313.88,72.27,92,1.2125,3531.08
3313.88,73.1,92,0.0,3531.08
3313.88,72.51,79,0.0,3531.08
3313.88,73.0,79,0.0,3531.08
3313.88,72.8,90,1.2125,3531.08
3313.88,73.05,90,0.0,3531.08
3313.88,73.1,91,0.0,3531.08
3313.88,73.1,91,1.225,3531.08
3313.88,73.0,90,1.225,3531.08
3313.88,73.28,90,0.0,3531.08
3313.88,73.62,82,0.0,3531.08
3313.88,73.06,82,1.225,3531.08
3313.88,72.91,91,0.0,3531.08
3313.88,73.23,91,0.0,3531.08
3313.88,72.8,90,0.0,3531.08
3313.88,73.23,90,0.0,3531.08
3313.88,72.85,90,1.225,3531.08
3313.88,72.85,90,0.0,3531.08
3313.88,72.64,91,0.0,3531.08
3313.88,72.36,90,0.0,3531.08
3313.88,72.27,90,0.0,3531.08
3313.88,72.26,92,1.225,3531.08
3313.88,72.64,92,0.0,3531.08
3313.88,72.73,92,1.225,3531.08
3313.88,72.83,92,0.0,3531.08
3313.88,72.78,81,1.2125,3531.08
3313.88,72.35,81,1.2125,3531.08
3313.88,72.83,91,0.0,3531.08
3313.88,72.85,91,0.0,3531.08
3313.88,73.32,90,2.3375,3531.08
3313.88,70.84,90,0.0,3531.08
3313.88,69.91,79,1.2125,3531.08
3313.88,70.21,79,0.0,3531.08
3313.88,69.73,92,0.0,3531.08
3313.88,69.97,92,0.0,3531.08
3313.88,69.56,91,1.2125,3531.08
3313.88,69.88,91,0.0,3531.08
3313.88,69.96,91,0.0,3531.08
3313.88,69.89,91,0.0,3531.08
3313.88,69.5,91,1.2375,3531.08
3313.88,69.28,91,0.0,3531.08
3313.88,71.28,91,1.2375,3531.08
3313.88,72.38,91,0.0,3531.08
3313.88,72.14,91,0.0,3531.08
3313.88,72.45,91,2.4875,3531.08
3313.88,74.42,77,0.0,3531.08
3313.88,74.26,77,0.0,3531.08
3313.88,74.01,93,1.2375,3531.08
3313.88,74.03,93,0.0,3531.08
3313.88,73.82,93,1.25,3531.08
3313.88,74.32,93,1.25,3531.08
3313.88,74.11,93,0.0,3531.08
3313.88,75.0,93,0.0,3531.08
3313.88,74.9,93,1.25,3531.08
3313.88,74.8,93,0.0,3531.08
3313.88,74.59,93,0.0,3531.08
3313.88,72.27,93,0.0,3531.08
3313.88,72.25,93,1.25,3531.08
3313.88,72.45,93,0.0,3531.08
3313.88,72.43,93,1.225,3531.08
3313.88,72.05,83,1.2375,3531.08
3313.88,73.25,83,0.0,3531.08
3313.88,73.32,93,0.0,3531.08
3313.88,73.46,93,0.0,3531.08
3313.88,73.65,93,1.25,3531.08
3313.88,73.74,93,0.0,3531.08
3313.88,73.83,93,0.0,3531.08
3313.88,73.89,93,1.25,3531.08
3313.88,74.06,93,0.0,3531.08
3313.88,72.52,93,2.4875,3531.08
3313.88,72.52,85,0.0,3531.08
3313.88,70.51,85,0.0,3531.08
3313.88,70.36,95,0.0,3531.08
3313.88,70.55,95,0.0,3531.08
3313.88,70.41,93,1.2375,3531.08
3313.88,70.86,93,0.0,3531.08
3313.88,70.88,93,0.0,3531.08
3313.88,71.03,93,1.2125,3531.08
3313.88,71.44,93,0.0,3531.08
3313.88,70.9,93,0.0,3531.08
3313.88,71.09,89,3.65,3531.08
3313.88,70.44,89,0.0,3531.08
3313.88,71.06,87,0.0,3531.08
3313.88,71.3,87,1.2125,3531.08
3313.88,70.94,94,0.0,3531.08
3313.88,71.11,94,0.0,3531.08
3313.88,71.21,93,0.0,3531.08
3313.88,71.39,93,2.4,3531.08
3313.88,71.45,82,0.0,3531.08
3313.88,70.96,82,0.0,3531.08
3313.88,70.78,100,1.2125,3531.08
3313.88,71.42,100,0.0,3531.08
3313.88,72.38,93,0.0,3531.08
3313.88,72.67,93,1.2125,3531.08
3313.88,71.93,93,0.0,3531.08
3313.88,71.9,93,0.0,3531.08
3313.88,71.89,94,1.2125,3531.08
3313.88,71.91,94,0.0,3531.08
3313.88,71.8,93,0.0,3531.08
3313.88,71.61,93,1.225,3531.08
3313.88,72.25,85,0.0,3531.08
3313.88,71.99,85,1.225,3531.08
3313.88,72.55,93,0.0,3531.08
3313.88,72.51,93,0.0,3531.08
3313.88,72.06,92,0.0,3531.08
3313.88,73.19,92,0.0,3531.08
3313.88,73.28,94,2.4375,3531.08
3313.88,73.48,94,1.2125,3531.08
3313.88,73.84,81,0.0,3531.08
3313.88,73.15,81,1.2125,3531.08
3313.88,73.04,94,0.0,3531.08
3313.88,72.7,94,0.0,3531.08
3313.88,73.44,94,2.4375,3531.08
3313.88,70.31,94,0.0,3531.08
3313.88,69.28,83,0.0,3531.08
3313.88,69.25,83,1.2125,3531.08
3313.88,68.9,93,0.0,3531.08
3313.88,69.03,93,0.0,3531.08
3313.88,68.6,94,0.0,3531.08
3313.88,67.97,93,1.1625,3531.08
3313.88,68.49,93,1.2375,3531.08
3313.88,66.0,83,1.2125,3531.08
3313.88,64.66,83,0.0,3531.08
3313.88,64.37,94,0.0,3531.08
3313.88,67.86,94,1.2125,3531.08
3313.88,68.9,94,0.0,3531.08
3313.88,69.22,94,2.425,3531.08
3313.88,69.73,83,0.0,3531.08
3313.88,69.71,83,1.2125,3531.08
3313.88,69.77,94,0.0,3531.08
3313.88,69.46,94,0.0,3531.08
3313.88,71.92,92,1.2125,3531.08
3313.88,73.1,93,0.0,3531.08
3313.88,73.1,93,0.0,3531.08
3313.88,73.18,93,0.0,3531.08
3313.88,72.82,93,1.2125,3531.08
3313.88,72.82,93,0.0,3531.08
3313.88,72.69,93,0.0,3531.08
3313.88,69.67,93,2.425,3531.08
3313.88,69.78,88,0.0,3531.08
3313.88,69.73,90,0.0,3531.08
3313.88,70.17,90,0.0,3531.08
3313.88,70.65,94,1.2125,3531.08
3313.88,70.69,94,0.0,3531.08
3313.88,70.54,93,1.2125,3531.08
3313.88,70.47,93,0.0,3531.08
3313.88,70.23,91,2.4375,3531.08
3313.88,69.97,91,0.0,3531.08
3313.88,70.08,85,1.2125,3531.08
3313.88,71.77,85,0.0,3531.08
3313.88,71.77,93,0.0,3531.08
3313.88,72.32,93,0.0,3531.08
3313.88,72.05,93,1.2125,3531.08
3313.88,72.19,93,0.0,3531.08
3313.88,68.89,81,1.2125,3531.08
3313.88,67.77,81,0.0,3531.08
3313.88,67.55,95,1.1875,3531.08
3313.88,68.09,95,0.0,3531.08
3313.88,68.21,94,0.0,3531.08
3313.88,68.66,94,1.2125,3531.08
3313.88,69.02,94,0.0,3531.08
3313.88,67.56,94,2.4125,3531.08
3313.88,66.97,83,0.0,3531.08
3313.88,67.04,83,0.0,3531.08
3313.88,66.73,93,1.2125,3531.08
3313.88,70.11,93,0.0,3531.08
3313.88,71.0,94,0.0,3531.08
3313.88,71.36,94,0.0,3531.08
3313.88,71.29,93,3.6375,3531.08
3313.88,68.39,93,0.0,3531.08
3313.88,66.82,81,0.0,3531.08
3313.88,66.67,81,1.2,3531.08
3313.88,67.85,91,0.0,3531.08
3313.88,68.23,91,0.0,3531.08
3313.88,68.15,90,0.0,3531.08
3313.88,68.5,90,1.225,3531.08
3313.88,68.35,91,0.0,3531.08
3313.88,68.85,91,0.0,3531.08
3313.88,68.39,90,1.225,3531.08
3313.88,67.1,90,1.2125,3531.08
3313.88,69.3,82,0.0,3531.08
3313.88,70.36,82,0.0,3531.08
3313.88,70.51,90,0.0,3531.08
3313.88,70.47,90,1.225,3531.08
3313.88,70.63,91,0.0,3531.08
3313.88,70.04,91,0.0,3531.08
3313.88,69.88,90,0.0,3531.08
3313.88,69.78,90,1.2125,3531.08
