gpu_memory_mb,gpu_power_w,gpu_util_pct,cpu_util_pct,ram_mb
2657.88,28.96,0,9.2625,3529.06
2683.88,27.43,0,1.2375,3529.06
2691.88,31.22,43,0.0,3529.06
2699.88,34.85,43,0.0,3529.06
2699.88,35.02,83,0.0,3529.06
2699.88,39.49,83,1.2375,3529.06
2699.88,43.68,76,0.0,3529.06
2699.88,47.85,76,0.0,3529.06
2699.88,52.16,90,0.0,3529.06
2699.88,56.44,90,1.2375,3529.06
2699.88,57.87,89,0.0,3529.06
2699.88,58.98,89,0.0,3529.06
2699.88,69.22,89,0.0,3529.06
2699.88,69.05,89,1.2375,3529.06
2699.88,69.05,90,0.0,3529.06
2699.88,73.1,90,1.2375,3529.19
2699.88,72.25,77,0.0,3529.19
2703.88,72.28,77,1.25,3529.19
2703.88,71.72,100,0.0,3529.19
2703.88,71.76,100,0.0,3529.19
2703.88,71.52,91,1.25,3529.19
2703.88,71.5,91,1.2375,3529.19
2703.88,71.27,89,0.0,3529.19
2703.88,71.43,89,0.0,3529.19
2703.88,71.57,90,0.0,3529.19
2703.88,71.52,90,1.2375,3529.19
2703.88,71.34,90,0.0,3529.19
2703.88,71.67,90,0.0,3529.19
2703.88,71.72,91,0.0,3529.19
2703.88,71.97,91,1.2375,3529.19
2703.88,71.71,92,2.4875,3529.19
2703.88,71.65,92,0.0,3529.19
2703.88,70.97,79,0.0,3529.19
2703.88,71.3,79,0.0,3529.19
2703.88,70.42,91,0.0,3529.19
2703.88,70.14,92,1.2375,3529.19
2703.88,70.77,92,0.0,3529.19
2703.88,71.05,92,0.0,3529.19
2703.88,71.27,91,1.25,3529.19
2703.88,70.94,91,0.0,3529.19
2703.88,71.02,91,0.0,3529.19
2703.88,70.62,84,3.725,3529.19
2703.88,68.03,84,0.0,3529.19
2703.88,68.57,88,0.0,3529.19
2703.88,68.44,88,0.0,3529.19
2703.88,69.26,88,1.2375,3529.19
2703.88,69.71,91,0.0,3529.19
2703.88,69.75,91,0.0,3529.19
2703.88,69.93,91,1.2125,3529.19
2703.88,70.21,91,0.0,3529.19
2703.88,70.39,89,0.0,3529.19
2703.88,70.56,90,0.0,3529.19
2703.88,70.56,90,1.2,3529.31
2703.88,74.15,77,1.2,3529.31
2703.88,73.93,77,1.225,3529.31
2703.88,73.88,93,0.0,3529.31
2703.88,73.64,93,0.0,3529.31
2703.88,73.74,90,0.0,3529.31
2703.88,73.72,90,1.225,3529.31
2703.88,73.55,91,0.0,3529.31
2703.88,73.59,91,0.0,3529.31
2703.88,73.79,92,0.0,3529.31
2703.88,73.7,92,0.0,3529.31
2703.88,73.39,90,0.0,3529.31
2703.88,69.38,90,2.45,3529.44
2703.88,69.81,85,0.0,3529.44
2703.88,69.95,85,0.0,3529.44
2703.88,69.78,95,1.225,3529.44
2703.88,69.73,95,0.0,3529.44
2703.88,69.02,91,0.0,3529.44
2703.88,69.19,91,0.0,3529.44
2703.88,69.06,92,0.0,3529.44
2703.88,69.18,92,0.0,3529.44
2703.88,69.2,91,0.0,3529.44
2703.88,69.42,91,2.4625,3529.44
2703.88,72.67,91,0.0,3529.44
2703.88,72.44,91,0.0,3529.44
2703.88,71.44,90,1.225,3529.44
2703.88,71.18,90,0.0,3529.44
2703.88,71.25,92,0.0,3529.44
2703.88,71.99,92,1.25,3529.44
2703.88,71.44,95,0.0,3529.44
2703.88,71.62,95,0.0,3529.44
2703.88,71.54,91,0.0,3529.44
2703.88,71.8,91,0.0,3529.44
2703.88,71.93,93,1.25,3529.44
2703.88,71.58,93,0.0,3529.44
2703.88,71.47,91,0.0,3529.44
2703.88,72.38,91,0.0,3529.44
2703.88,73.01,90,1.2375,3529.44
2703.88,72.57,90,0.0,3529.44
2703.88,71.55,90,1.25,3529.56
2703.88,73.49,90,1.25,3529.56
2703.88,72.51,82,0.0,3529.56
2703.88,72.31,82,0.0,3529.56
2703.88,72.38,92,0.0,3529.56
2703.88,72.58,92,1.25,3529.56
2703.88,72.83,92,0.0,3529.56
2703.88,72.86,90,0.0,3529.56
2703.88,72.65,90,1.25,3529.56
2703.88,72.29,90,0.0,3529.56
2703.88,72.9,87,0.0,3529.56
2703.88,73.53,87,2.425,3529.56
2703.88,69.14,82,0.0,3529.56
2703.88,69.83,82,0.0,3529.56
2703.88,69.93,82,1.25,3529.56
2703.88,70.16,94,0.0,3529.56
2703.88,70.39,94,0.0,3529.56
2703.88,70.47,92,1.25,3529.56
2703.88,70.74,90,0.0,3529.56
2703.88,70.95,90,0.0,3529.56
2703.88,71.23,89,0.0,3529.56
2703.88,70.36,89,1.2375,3529.56
2703.88,70.27,91,0.0,3529.56
2703.88,73.0,91,0.0,3529.56
2703.88,73.04,90,1.25,3529.56
2703.88,72.8,90,0.0,3529.56
2703.88,72.57,89,1.25,3529.56
2703.88,72.81,89,1.25,3529.56
2703.88,72.13,82,0.0,3529.56
2703.88,72.28,82,0.0,3529.56
2703.88,72.34,89,0.0,3529.56
2703.88,72.37,89,1.25,3529.56
2703.88,72.99,89,0.0,3529.56
2703.88,73.58,90,0.0,3529.56
2703.88,73.58,90,1.25,3529.56
2703.88,73.68,90,0.0,3529.56
2703.88,73.13,91,0.0,3529.56
2703.88,69.98,91,2.4375,3529.56
2703.88,69.99,85,1.2125,3529.56
2703.88,69.49,85,0.0,3529.56
2703.88,69.55,90,0.0,3529.56
2703.88,69.47,90,1.2125,3529.56
2703.88,69.47,91,0.0,3529.56
2703.88,69.33,91,0.0,3529.56
2703.88,69.46,91,0.0,3529.56
2703.88,69.4,91,1.175,3529.56
2703.88,69.41,91,0.0,3529.56
2703.88,69.56,92,0.0,3529.56
2703.88,71.9,92,2.4125,3529.56
2703.88,73.21,81,1.2125,3529.56
2703.88,73.02,81,0.0,3529.56
2703.88,72.94,92,0.0,3529.56
2703.88,72.94,92,0.0,3529.56
2703.88,72.82,92,1.2125,3529.56
2703.88,73.33,92,0.0,3529.56
2703.88,73.11,91,0.0,3529.56
2703.88,73.37,91,1.225,3529.56
2703.88,73.75,90,0.0,3529.56
2703.88,73.52,90,0.0,3529.56
2703.88,73.5,91,2.3875,3529.56
2703.88,68.93,91,0.0,3529.56
2703.88,69.51,82,1.2375,3529.56
2703.88,69.43,82,0.0,3529.56
2703.88,68.64,97,0.0,3529.56
2703.88,68.86,97,1.2125,3529.56
2703.88,68.59,92,1.2125,3529.56
2703.88,68.33,92,0.0,3529.56
2703.88,68.27,92,0.0,3529.56
2703.88,68.38,92,0.0,3529.56
2703.88,68.35,92,1.2125,3529.56
2703.88,68.3,92,0.0,3529.56
2703.88,72.12,93,0.0,3529.56
2703.88,71.82,93,1.2125,3529.56
2703.88,71.67,92,1.2125,3529.56
2703.88,68.97,92,1.2125,3529.56
2703.88,68.92,84,0.0,3529.56
2703.88,69.1,84,0.0,3529.56
2703.88,68.98,100,0.0,3529.56
2703.88,68.73,100,1.2125,3529.56
2703.88,67.48,84,0.0,3529.56
2703.88,67.98,84,0.0,3529.56
2703.88,68.3,88,1.2125,3529.56
2703.88,67.27,88,0.0,3529.56
2703.88,67.16,87,0.0,3529.56
2703.88,67.3,87,1.2125,3529.56
2703.88,69.82,87,1.2125,3529.56
2703.88,69.64,87,0.0,3529.56
2703.88,69.16,88,0.0,3529.56
2703.88,68.57,88,2.4375,3529.56
2703.88,68.58,87,0.0,3529.56
2703.88,70.55,87,0.0,3529.56
2703.88,70.05,77,1.225,3529.56
2703.88,71.04,77,0.0,3529.56
2703.88,71.43,86,0.0,3529.56
2703.88,71.37,86,0.0,3529.56
2703.88,72.04,87,1.225,3529.56
2703.88,71.27,87,0.0,3529.56
2703.88,71.51,89,0.0,3529.56
2703.88,72.12,89,0.0,3529.56
2703.88,72.08,91,1.15,3529.56
2703.88,68.78,91,2.4,3529.56
2703.88,69.68,85,0.0,3529.56
2703.88,69.55,86,0.0,3529.56
2703.88,69.77,86,0.0,3529.56
2703.88,69.88,91,0.0,3529.56
2703.88,69.8,91,1.225,3529.56
2703.88,69.84,91,0.0,3529.56
2703.88,70.7,91,0.0,3529.56
2703.88,70.85,91,1.2125,3529.56
2703.88,71.18,91,0.0,3529.56
2703.88,70.45,91,0.0,3529.56
2703.88,72.88,81,2.425,3529.56
2703.88,72.99,81,0.0,3529.56
2703.88,72.66,92,0.0,3529.56
2703.88,72.59,92,0.0,3529.56
2703.88,72.52,92,2.4625,3529.56
2703.88,72.78,92,0.0,3529.56
2703.88,72.78,91,0.0,3529.56
2703.88,72.78,91,1.2125,3529.56
2703.88,72.47,91,0.0,3529.56
2703.88,73.13,91,0.0,3529.56
2703.88,73.09,91,0.0,3529.56
2703.88,72.93,91,2.45,3529.56
2703.88,72.63,82,0.0,3529.56
2703.88,72.49,82,0.0,3529.56
2703.88,72.64,91,0.0,3529.56
2703.88,72.88,91,0.0,3529.56
2703.88,72.71,92,1.225,3529.56
2703.88,73.04,92,0.0,3529.56
2703.88,73.25,91,0.0,3529.56
2703.88,73.23,91,0.0,3529.56
2703.88,73.05,91,0.0,3529.56
2703.88,72.76,91,1.225,3529.56
2703.88,69.61,84,1.2375,3529.56
2703.88,69.91,84,0.0,3529.56
2703.88,70.09,96,0.0,3529.56
2703.88,69.39,96,0.0,3529.56
2703.88,69.19,93,0.0,3529.56
2703.88,69.32,93,1.1875,3529.56
2703.88,69.12,92,0.0,3529.56
2703.88,69.12,92,0.0,3529.56
2703.88,69.18,92,1.2125,3529.56
2703.88,69.32,92,0.0,3529.56
2703.88,69.47,92,1.2125,3529.56
2703.88,72.16,92,1.2125,3529.56
2703.88,72.19,93,0.0,3529.56
2703.88,71.97,93,1.2125,3529.56
2703.88,73.62,82,1.2125,3529.56
2703.88,73.13,82,0.0,3529.56
2703.88,72.89,94,0.0,3529.56
2703.88,73.12,94,0.0,3529.56
2703.88,73.0,91,1.2125,3529.56
2703.88,73.06,91,0.0,3529.56
2703.88,73.58,91,0.0,3529.56
2703.88,73.98,91,1.2125,3529.56
2703.88,73.95,91,0.0,3529.56
2703.88,74.19,91,0.0,3529.56
2703.88,73.83,92,2.425,3529.56
2703.88,72.49,92,0.0,3529.56
2703.88,73.64,83,0.0,3529.56
2703.88,73.4,83,1.2125,3529.56
2703.88,73.22,92,0.0,3529.56
2703.88,73.32,92,0.0,3529.56
2703.88,73.41,92,0.0,3529.56
2703.88,73.11,92,1.2125,3529.56
2703.88,72.98,92,0.0,3529.56
2703.88,72.93,92,0.0,3529.56
2703.88,72.98,92,0.0,3529.56
2703.88,73.12,91,2.375,3529.56
2703.88,72.71,91,1.225,3529.56
2703.88,72.22,81,0.0,3529.56
2703.88,72.25,81,1.25,3529.56
2703.88,72.13,92,0.0,3529.56
2703.88,71.97,92,0.0,3529.56
2703.88,72.18,91,0.0,3529.56
2703.88,72.28,91,1.2375,3529.56
2703.88,72.45,91,0.0,3529.56
2703.88,72.4,91,0.0,3529.56
2703.88,72.47,90,1.2375,3529.56
2703.88,72.44,90,0.0,3529.56
2703.88,69.78,85,2.4875,3529.56
2703.88,70.89,85,0.0,3529.56
2703.88,70.46,86,0.0,3529.56
2703.88,70.31,86,1.2375,3529.56
2703.88,70.46,91,0.0,3529.56
2703.88,70.26,91,0.0,3529.56
2703.88,70.23,92,0.0,3529.56
2703.88,70.56,92,1.2375,3529.56
2703.88,70.99,91,0.0,3529.56
2703.88,71.05,91,0.0,3529.56
2703.88,70.9,91,0.0,3529.56
2703.88,73.13,91,2.4875,3529.56
2703.88,73.71,82,1.2375,3529.56
2703.88,73.43,82,1.2375,3529.56
2703.88,73.73,91,0.0,3529.56
2703.88,73.6,91,0.0,3529.56
2703.88,73.71,92,0.0,3529.56
2703.88,73.64,92,1.2375,3529.56
2703.88,73.56,92,0.0,3529.56
2703.88,73.41,91,0.0,3529.56
2703.88,73.49,91,0.0,3529.56
2703.88,73.29,91,1.25,3529.56
2703.88,73.48,91,1.2375,3529.56
2703.88,72.09,91,0.0,3529.56
2703.88,71.37,84,1.2375,3529.56
2703.88,71.55,84,0.0,3529.56
2703.88,71.43,91,0.0,3529.56
2703.88,71.16,91,0.0,3529.56
2703.88,71.14,91,1.2375,3529.56
2703.88,70.94,91,0.0,3529.56
2703.88,71.13,92,0.0,3529.56
2703.88,70.9,92,0.0,3529.56
2703.88,70.59,91,2.4875,3529.56
2703.88,70.32,91,1.125,3529.56
2703.88,69.42,89,0.0,3529.56
2703.88,70.78,84,1.2375,3529.56
2703.88,70.84,84,0.0,3529.56
2703.88,70.84,84,0.0,3529.56
2703.88,71.35,92,1.2375,3529.56
2703.88,71.46,91,0.0,3529.56
2703.88,71.37,91,0.0,3529.56
2703.88,71.31,91,1.2125,3529.56
2703.88,71.69,91,0.0,3529.56
2703.88,72.25,91,0.0,3529.56
2703.88,72.25,91,1.2125,3529.56
2703.88,73.36,82,1.2125,3529.56
2703.88,72.93,82,1.2125,3529.56
2703.88,72.84,93,0.0,3529.56
2703.88,72.86,93,0.0,3529.56
2703.88,72.86,91,0.0,3529.56
2703.88,72.89,91,1.2125,3529.56
2703.88,72.93,91,0.0,3529.56
2703.88,73.05,91,0.0,3529.56
2703.88,72.94,92,0.0,3529.56
2703.88,73.1,92,1.2125,3529.56
2703.88,73.13,91,0.0,3529.56
2703.88,68.68,91,2.4125,3529.56
2703.88,69.2,83,0.0,3529.56
2703.88,69.69,83,0.0,3529.56
2703.88,69.08,94,1.2125,3529.56
2703.88,69.23,94,0.0,3529.56
2703.88,68.44,88,0.0,3529.56
2703.88,68.31,88,0.0,3529.56
2703.88,68.42,90,1.2125,3529.56
2703.88,68.59,90,0.0,3529.56
2703.88,68.52,89,0.0,3529.56
2703.88,68.75,89,1.2125,3529.56
2703.88,72.45,89,1.2125,3529.56
2703.88,72.16,89,0.0,3529.56
2703.88,71.69,91,2.375,3529.56
2703.88,69.21,91,0.0,3529.56
2703.88,68.96,79,0.0,3529.56
2703.88,69.22,79,1.2125,3529.56
2703.88,69.23,89,0.0,3529.56
2703.88,68.93,89,0.0,3529.56
2703.88,69.06,89,1.2125,3529.56
2703.88,69.54,89,0.0,3529.56
2703.88,69.58,88,0.0,3529.56
2703.88,68.8,88,1.2125,3529.56
2703.88,68.99,90,0.0,3529.56
2703.88,69.17,90,0.0,3529.56
2703.88,71.94,90,2.425,3529.56
2703.88,71.64,90,0.0,3529.56
2703.88,72.78,83,0.0,3529.56
2703.88,72.49,83,1.2125,3529.56
2703.88,72.75,91,0.0,3529.56
2703.88,72.81,91,0.0,3529.56
2703.88,72.43,91,1.2125,3529.56
2703.88,72.54,91,0.0,3529.56
2703.88,73.54,92,0.0,3529.56
2703.88,73.68,92,0.0,3529.56
2703.88,73.44,91,2.425,3529.56
2703.88,73.11,91,1.2125,3529.56
2703.88,73.77,91,1.2125,3529.56
2703.88,73.37,91,0.0,3529.56
2703.88,73.37,83,0.0,3529.56
2703.88,73.43,83,0.0,3529.56
2703.88,73.58,91,1.2125,3529.56
2703.88,73.87,91,0.0,3529.56
2703.88,73.73,91,0.0,3529.56
2703.88,73.72,92,1.2125,3529.56
2703.88,73.83,92,0.0,3529.56
2703.88,74.06,91,0.0,3529.56
2703.88,74.08,91,2.4125,3529.56
2703.88,72.97,79,0.0,3529.56
2703.88,72.76,79,1.2125,3529.56
2703.88,72.66,93,0.0,3529.56
2703.88,72.56,93,0.0,3529.56
2703.88,72.64,92,1.2125,3529.56
2703.88,72.67,92,0.0,3529.56
2703.88,72.74,91,0.0,3529.56
2703.88,72.87,91,1.2375,3529.56
2703.88,72.78,91,0.0,3529.56
2703.88,72.82,91,0.0,3529.56
2703.88,69.81,91,2.425,3529.56
2703.88,70.14,91,0.0,3529.56
2703.88,70.1,85,0.0,3529.56
2703.88,70.05,96,0.0,3529.56
2703.88,70.07,96,1.2125,3529.56
2703.88,69.67,96,0.0,3529.56
2703.88,69.61,92,0.0,3529.56
2703.88,69.58,91,1.2125,3529.56
2703.88,69.75,91,0.0,3529.56
2703.88,69.72,91,0.0,3529.56
2703.88,69.75,93,1.2125,3529.56
2703.88,72.45,92,1.2125,3529.56
2703.88,72.09,92,0.0,3529.56
2703.88,71.86,91,2.4375,3529.56
2703.88,72.68,91,0.0,3529.56
2703.88,71.99,83,0.0,3529.56
2703.88,72.25,83,1.225,3529.56
2703.88,72.52,91,0.0,3529.56
2703.88,72.41,91,0.0,3529.56
2703.88,72.38,91,1.2125,3529.56
2703.88,72.99,91,0.0,3529.56
2703.88,73.24,90,0.0,3529.56
2703.88,73.19,90,0.0,3529.56
2703.88,73.73,88,0.0,3529.56
2703.88,73.67,88,2.45,3529.56
2703.88,69.52,78,0.0,3529.56
2703.88,69.64,78,0.0,3529.56
2703.88,69.41,91,0.0,3529.56
2703.88,69.13,91,1.2,3529.56
2703.88,68.6,88,0.0,3529.56
2703.88,68.5,88,0.0,3529.56
2703.88,68.32,90,0.0,3529.56
2703.88,68.47,90,1.225,3529.56
2703.88,68.41,88,0.0,3529.56
2703.88,68.26,88,0.0,3529.56
2703.88,68.42,88,0.0,3529.56
2703.88,71.26,88,2.45,3529.56
2703.88,72.56,81,0.0,3529.56
2703.88,72.13,100,0.0,3529.56
2703.88,72.23,100,0.0,3529.56
2703.88,72.45,90,1.225,3529.56
2703.88,72.46,90,0.0,3529.56
2703.88,72.47,90,0.0,3529.56
2703.88,72.39,90,0.0,3529.56
2703.88,72.75,91,0.0,3529.56
2703.88,72.19,91,1.225,3529.56
2703.88,72.32,93,0.0,3529.56
2703.88,71.23,93,0.0,3529.56
2703.88,71.56,92,0.0,3529.56
2703.88,71.24,92,0.0,3529.56
2703.88,70.01,82,1.225,3529.56
2703.88,70.13,82,0.0,3529.56
2703.88,69.51,100,1.225,3529.56
2703.88,69.36,100,0.0,3529.56
2703.88,69.36,91,0.0,3529.56
2703.88,70.3,91,0.0,3529.56
2703.88,70.17,91,0.0,3529.56
2703.88,70.5,91,0.0,3529.56
2703.88,70.69,92,1.225,3529.56
2703.88,70.48,92,0.0,3529.56
2703.88,70.79,90,0.0,3529.56
2703.88,72.36,90,0.0,3529.56
2703.88,72.04,93,0.0,3529.56
2703.88,70.45,93,1.225,3529.56
2703.88,70.27,84,2.45,3529.56
2703.88,70.31,84,0.0,3529.56
2703.88,70.48,90,0.0,3529.56
2703.88,70.57,90,0.0,3529.56
2703.88,70.68,92,0.0,3529.56
2703.88,70.82,92,1.225,3529.56
2703.88,70.72,91,0.0,3529.56
2703.88,70.31,91,0.0,3529.56
2703.88,69.87,91,0.0,3529.56
2703.88,69.96,91,0.0,3529.56
2703.88,72.06,91,2.4375,3529.56
2703.88,73.09,91,0.0,3529.56
2703.88,72.53,87,1.2125,3529.56
2703.88,72.55,87,0.0,3529.56
2703.88,72.47,95,0.0,3529.56
2703.88,72.63,95,0.0,3529.56
2703.88,72.64,91,1.2375,3529.56
2703.88,73.06,91,0.0,3529.56
2703.88,73.06,92,0.0,3529.56
2703.88,73.29,92,0.0,3529.56
2703.88,73.22,93,0.0,3529.56
2703.88,72.97,93,0.0,3529.56
2703.88,72.19,92,1.2375,3529.56
2703.88,72.3,92,0.0,3529.56
2703.88,72.39,93,2.3625,3529.56
2703.88,73.54,79,0.0,3529.56
2703.88,73.08,79,0.0,3529.56
2703.88,73.03,91,0.0,3529.56
2703.88,73.11,91,1.2125,3529.56
2703.88,73.56,92,1.225,3529.56
2703.88,73.71,92,0.0,3529.56
2703.88,74.15,91,0.0,3529.56
2703.88,74.21,91,1.2125,3529.56
2703.88,73.65,91,0.0,3529.56
2703.88,73.49,91,1.175,3529.56
2703.88,73.43,79,1.2125,3529.56
2703.88,73.07,79,0.0,3529.56
2703.88,73.07,92,0.0,3529.56
2703.88,72.88,92,0.0,3529.56
2703.88,72.87,91,1.2375,3529.56
2703.88,72.9,91,0.0,3529.56
2703.88,72.67,91,0.0,3529.56
2703.88,72.92,91,0.0,3529.56
2703.88,73.19,91,1.2125,3529.56
2703.88,73.31,91,0.0,3529.56
2703.88,73.08,92,2.425,3529.56
2703.88,72.88,92,0.0,3529.56
2703.88,72.77,81,0.0,3529.56
2703.88,72.75,81,0.0,3529.56
2703.88,72.88,91,1.225,3529.56
2703.88,72.73,91,0.0,3529.56
2703.88,72.88,92,0.0,3529.56
2703.88,72.94,92,0.0,3529.56
2703.88,72.87,91,0.0,3529.56
2703.88,73.12,91,0.0,3529.56
2703.88,73.06,91,0.0,3529.56
2703.88,73.23,91,1.1875,3529.56
2703.88,70.35,86,1.2375,3529.56
2703.88,71.51,86,1.25,3529.56
2703.88,71.33,86,0.0,3529.56
2703.88,71.28,86,1.25,3529.56
2703.88,71.6,91,0.0,3529.56
2703.88,71.15,91,0.0,3529.56
2703.88,70.98,91,0.0,3529.56
2703.88,71.25,91,0.0,3529.56
2703.88,71.31,91,1.2375,3529.56
2703.88,71.59,91,0.0,3529.56
2703.88,71.31,92,0.0,3529.56
2703.88,73.3,92,1.2375,3529.56
2703.88,73.49,82,1.25,3529.56
2703.88,73.28,82,0.0,3529.56
2703.88,73.28,100,0.0,3529.56
2703.88,72.9,100,0.0,3529.56
2703.88,73.27,91,1.2375,3529.56
2703.88,73.63,91,0.0,3529.56
2703.88,73.46,93,0.0,3529.56
2703.88,73.6,93,0.0,3529.56
2703.88,73.42,92,1.25,3529.56
2703.88,73.54,92,0.0,3529.56
2703.88,73.51,92,0.0,3529.56
2703.88,72.76,92,0.0,3529.56
2703.88,72.33,92,2.4875,3529.56
2703.88,72.33,92,1.25,3529.56
2703.88,73.51,81,0.0,3529.56
2703.88,72.54,81,1.25,3529.56
2703.88,72.55,90,0.0,3529.56
2703.88,72.55,90,0.0,3529.56
2703.88,72.49,87,0.0,3529.56
2703.88,72.49,87,1.2375,3529.56
2703.88,72.77,88,0.0,3529.56
2703.88,72.66,88,0.0,3529.56
2703.88,73.2,89,1.25,3529.56
2703.88,73.06,89,0.0,3529.56
2703.88,73.06,89,2.4,3529.56
2703.88,71.73,89,0.0,3529.56
2703.88,72.99,80,0.0,3529.56
2703.88,72.9,80,1.2375,3529.56
2703.88,72.81,90,0.0,3529.56
2703.88,73.34,90,0.0,3529.56
2703.88,73.27,89,0.0,3529.56
2703.88,73.73,89,1.25,3529.56
2703.88,73.66,89,0.0,3529.56
2703.88,74.01,89,0.0,3529.56
2703.88,73.73,89,0.0,3529.56
2703.88,73.72,89,1.25,3529.56
2703.88,73.46,90,1.2375,3529.56
2703.88,69.19,90,1.25,3529.56
2703.88,69.5,84,0.0,3529.56
2703.88,69.67,84,0.0,3529.56
2703.88,69.28,100,0.0,3529.56
2703.88,69.04,100,1.25,3529.56
2703.88,68.78,90,0.0,3529.56
2703.88,69.3,90,0.0,3529.56
2703.88,69.12,92,0.0,3529.56
2703.88,69.26,92,2.4375,3529.56
2703.88,69.33,92,0.0,3529.56
2703.88,69.62,92,0.0,3529.56
2703.88,73.04,93,0.0,3529.56
2703.88,72.95,93,1.225,3529.56
2703.88,72.5,92,1.225,3529.56
2703.88,72.38,80,0.0,3529.56
2703.88,74.05,80,1.1875,3529.56
2703.88,73.27,93,0.0,3529.56
2703.88,73.12,93,1.2125,3529.56
2703.88,73.19,92,0.0,3529.56
2703.88,73.4,92,0.0,3529.56
2703.88,73.88,91,0.0,3529.56
2703.88,74.02,91,1.2125,3529.56
2703.88,73.93,91,0.0,3529.56
2703.88,73.81,91,0.0,3529.56
2703.88,73.71,91,1.1875,3529.56
2703.88,73.71,91,1.1875,3529.56
2703.88,69.42,84,0.0,3529.56
2703.88,68.31,84,1.225,3529.56
2703.88,68.31,93,0.0,3529.56
2703.88,68.69,93,0.0,3529.56
2703.88,67.74,91,0.0,3529.56
2703.88,67.57,91,0.0,3529.56
2703.88,67.74,92,1.2125,3529.56
2703.88,67.68,92,0.0,3529.56
2703.88,67.74,92,0.0,3529.56
2703.88,67.74,92,1.2125,3529.56
2703.88,70.97,92,0.0,3529.56
2703.88,70.85,92,3.65,3529.56
2703.88,73.38,82,0.0,3529.56
2703.88,72.33,82,0.0,3529.56
2703.88,72.38,93,0.0,3529.56
2703.88,73.1,93,1.2125,3529.56
2703.88,73.3,92,0.0,3529.56
2703.88,73.37,92,0.0,3529.56
2703.88,73.48,92,0.0,3529.56
2703.88,73.61,92,1.2125,3529.56
2703.88,73.88,92,0.0,3529.56
2703.88,73.6,92,0.0,3529.56
2703.88,73.61,92,2.425,3529.56
2703.88,69.03,92,0.0,3529.56
2703.88,69.68,84,1.2125,3529.56
2703.88,69.5,84,0.0,3529.56
2703.88,69.67,92,0.0,3529.56
2703.88,69.67,92,0.0,3529.56
2703.88,69.53,91,1.225,3529.56
2703.88,69.68,91,0.0,3529.56
2703.88,69.9,92,0.0,3529.56
2703.88,69.47,92,0.0,3529.56
2703.88,69.47,92,1.2125,3529.56
2703.88,69.79,92,1.2375,3529.56
2703.88,72.76,92,1.1875,3529.56
2703.88,72.17,82,1.2125,3529.56
2703.88,72.13,82,0.0,3529.56
2703.88,72.08,92,0.0,3529.56
2703.88,72.41,92,1.2125,3529.56
2703.88,72.45,91,0.0,3529.56
2703.88,72.55,91,0.0,3529.56
2703.88,72.97,91,1.225,3529.56
2703.88,73.13,91,0.0,3529.56
2703.88,73.07,92,0.0,3529.56
2703.88,72.78,92,2.4625,3529.56
2703.88,72.21,88,0.0,3529.56
2703.88,72.21,88,0.0,3529.56
2703.88,71.91,84,1.225,3529.56
2703.88,71.92,84,0.0,3529.56
2703.88,72.02,88,0.0,3529.56
2703.88,72.2,88,0.0,3529.56
2703.88,72.06,88,0.0,3529.56
2703.88,72.22,90,1.225,3529.56
2703.88,72.3,90,0.0,3529.56
2703.88,74.07,89,0.0,3529.56
2703.88,73.41,89,0.0,3529.56
2703.88,73.89,81,1.225,3529.56
2703.88,72.87,81,1.225,3529.56
2703.88,73.12,91,0.0,3529.56
2703.88,72.95,91,0.0,3529.56
2703.88,72.7,89,0.0,3529.56
2703.88,72.77,89,1.225,3529.56
2703.88,72.83,90,0.0,3529.56
2703.88,73.09,90,0.0,3529.56
2703.88,72.64,88,0.0,3529.56
2703.88,71.98,88,1.2125,3529.56
2703.88,72.15,89,0.0,3529.56
2703.88,70.8,89,1.2125,3529.56
2703.88,72.14,86,0.0,3529.56
2703.88,72.18,86,0.0,3529.56
2703.88,72.06,93,1.225,3529.56
2703.88,71.99,93,1.225,3529.56
2703.88,70.99,91,0.0,3529.56
2703.88,70.89,91,0.0,3529.56
2703.88,70.47,93,0.0,3529.56
2703.88,70.71,93,0.0,3529.56
2703.88,71.56,92,1.2125,3529.56
2703.88,71.81,92,0.0,3529.56
2703.88,72.42,91,0.0,3529.56
2703.88,71.8,91,1.2,3529.56
2703.88,68.94,84,1.2125,3529.56
2703.88,68.85,84,1.225,3529.56
2703.88,68.66,91,0.0,3529.56
2703.88,69.37,91,0.0,3529.56
2703.88,69.28,92,0.0,3529.56
2703.88,69.35,92,1.2125,3529.56
2703.88,69.42,92,0.0,3529.56
2703.88,69.48,92,0.0,3529.56
2703.88,69.75,91,1.225,3529.56
2703.88,69.39,91,0.0,3529.56
2703.88,69.26,92,0.0,3529.56
2703.88,72.05,92,1.2125,3529.56
2703.88,72.77,85,0.0,3529.56
2703.88,71.96,85,1.225,3529.56
2703.88,71.76,92,0.0,3529.56
2703.88,72.11,92,0.0,3529.56
2703.88,72.13,92,0.0,3529.56
2703.88,72.33,92,1.225,3529.56
2703.88,71.31,91,0.0,3529.56
2703.88,71.31,91,0.0,3529.56
2703.88,71.43,91,1.2125,3529.56
2703.88,71.43,91,0.0,3529.56
2703.88,70.13,91,1.2125,3529.56
2703.88,70.64,88,0.0,3529.56
2703.88,70.05,88,0.0,3529.56
2703.88,70.18,90,1.2125,3529.56
2703.88,70.42,90,0.0,3529.56
2703.88,70.32,91,0.0,3529.56
2703.88,70.26,91,1.2125,3529.56
2703.88,70.43,92,0.0,3529.56
2703.88,70.43,92,0.0,3529.56
2703.88,70.45,92,0.0,3529.56
2703.88,70.69,92,1.2125,3529.56
2703.88,71.36,91,1.2125,3529.56
2703.88,72.84,91,1.225,3529.56
2703.88,73.09,88,0.0,3529.56
2703.88,72.99,88,0.0,3529.56
2703.88,72.55,96,1.1875,3529.56
2703.88,72.6,96,1.225,3529.56
2703.88,72.76,91,0.0,3529.56
2703.88,73.04,91,0.0,3529.56
2703.88,73.05,93,0.0,3529.56
2703.88,73.28,93,0.0,3529.56
2703.88,72.67,92,0.0,3529.56
2703.88,72.81,92,1.2375,3529.56
2703.88,71.85,92,0.0,3529.56
2703.88,72.27,92,0.0,3529.56
2703.88,71.82,93,2.4375,3529.56
2703.88,68.81,93,0.0,3529.56
2703.88,68.14,82,0.0,3529.56
2703.88,68.3,82,0.0,3529.56
2703.88,68.55,92,0.0,3529.56
2703.88,68.99,92,0.0,3529.56
2703.88,69.16,91,1.225,3529.56
2703.88,69.35,91,0.0,3529.56
2703.88,69.39,91,0.0,3529.56
2703.88,69.43,91,0.0,3529.56
2703.88,69.15,91,0.0,3529.56
2703.88,69.12,91,2.4375,3529.56
2703.88,71.96,92,0.0,3529.56
2703.88,73.29,92,0.0,3529.56
2703.88,72.73,84,0.0,3529.56
2703.88,72.86,84,0.0,3529.56
2703.88,72.67,91,1.225,3529.56
2703.88,72.99,91,1.2375,3529.56
2703.88,73.2,91,0.0,3529.56
2703.88,73.02,91,0.0,3529.56
2703.88,72.86,91,0.0,3529.56
2703.88,73.1,91,0.0,3529.56
2703.88,73.06,92,1.225,3529.56
2703.88,73.39,92,1.225,3529.56
2703.88,72.36,89,0.0,3529.56
2703.88,72.48,89,0.0,3529.56
2703.88,72.33,88,0.0,3529.56
2703.88,72.27,88,0.0,3529.56
2703.88,72.06,91,1.225,3529.56
2703.88,72.04,91,0.0,3529.56
2703.88,71.74,92,0.0,3529.56
2703.88,71.95,92,0.0,3529.56
2703.88,71.88,92,0.0,3529.56
2703.88,71.87,91,0.0,3529.56
2703.88,71.78,91,2.4625,3529.56
2703.88,72.04,84,0.0,3529.56
2703.88,73.12,84,0.0,3529.56
2703.88,72.91,84,0.0,3529.56
2703.88,73.08,92,0.0,3529.56
2703.88,73.19,91,1.225,3529.56
2703.88,73.23,91,0.0,3529.56
2703.88,73.54,92,0.0,3529.56
2703.88,73.28,92,0.0,3529.56
2703.88,73.42,91,0.0,3529.56
2703.88,73.49,91,1.225,3529.56
2703.88,73.3,91,0.0,3529.56
2703.88,73.49,91,1.2375,3529.56
2703.88,72.58,86,0.0,3529.56
2703.88,72.1,86,0.0,3529.56
2703.88,71.95,92,0.0,3529.56
2703.88,72.03,92,0.0,3529.56
2703.88,72.32,91,1.25,3529.56
2703.88,72.47,91,0.0,3529.56
2703.88,72.22,91,0.0,3529.56
2703.88,71.98,91,0.0,3529.56
2703.88,71.92,92,1.25,3529.56
2703.88,72.02,92,0.0,3529.56
2703.88,70.86,92,1.25,3529.56
2703.88,72.58,92,1.25,3529.56
2703.88,72.74,84,0.0,3529.56
2703.88,72.81,84,0.0,3529.56
2703.88,72.74,91,0.0,3529.56
2703.88,72.46,91,1.25,3529.56
2703.88,72.46,91,0.0,3529.56
2703.88,72.31,91,0.0,3529.56
2703.88,72.3,91,1.25,3529.56
2703.88,72.41,91,0.0,3529.56
2703.88,72.4,92,0.0,3529.56
2703.88,72.52,92,1.25,3529.69
2703.88,73.29,84,0.0,3529.69
2703.88,72.35,84,1.25,3529.69
2703.88,72.12,93,0.0,3529.69
2703.88,72.35,93,0.0,3529.69
2703.88,72.62,92,0.0,3529.69
2703.88,72.35,92,0.0,3529.69
2703.88,72.61,91,0.0,3529.69
2703.88,72.87,91,1.25,3529.69
2703.88,72.83,91,0.0,3529.69
2703.88,72.81,91,0.0,3529.69
2703.88,72.83,93,1.25,3529.69
2703.88,71.47,93,1.25,3529.69
2703.88,73.36,84,1.25,3529.69
2703.88,73.39,84,0.0,3529.69
2703.88,73.23,92,0.0,3529.69
2703.88,73.64,92,1.25,3529.69
2703.88,74.0,90,0.0,3529.69
2703.88,74.14,90,0.0,3529.69
2703.88,74.15,91,0.0,3529.69
2703.88,74.0,91,1.25,3529.69
2703.88,73.79,91,0.0,3529.69
2703.88,73.66,91,0.0,3529.69
2703.88,73.31,92,1.25,3529.69
2703.88,72.0,92,1.25,3529.69
2703.88,71.08,83,0.0,3529.69
2703.88,70.82,83,0.0,3529.69
2703.88,70.35,91,0.0,3529.69
2703.88,70.43,91,1.225,3529.69
2703.88,69.95,92,0.0,3529.69
2703.88,70.16,92,0.0,3529.69
2703.88,70.34,93,0.0,3529.69
2703.88,70.69,93,0.0,3529.69
2703.88,70.83,92,1.2375,3529.69
2703.88,70.97,92,1.225,3529.69
2703.88,71.21,90,0.0,3529.69
2703.88,72.1,90,0.0,3529.69
2703.88,72.16,88,0.0,3529.69
2703.88,72.29,88,0.0,3529.69
2703.88,72.25,91,1.225,3529.69
2703.88,72.83,91,0.0,3529.69
2703.88,72.74,91,0.0,3529.69
2703.88,72.54,91,0.0,3529.69
2703.88,72.51,92,0.0,3529.69
2703.88,72.5,92,0.0,3529.69
2703.88,72.01,91,2.425,3529.69
2703.88,71.92,86,1.2125,3529.69
2703.88,72.82,86,0.0,3529.69
2703.88,72.26,92,0.0,3529.69
2703.88,72.16,92,0.0,3529.69
2703.88,71.56,91,1.25,3529.69
2703.88,72.1,91,0.0,3529.69
2703.88,72.39,93,0.0,3529.69
2703.88,72.16,93,0.0,3529.69
2703.88,72.02,92,1.25,3529.69
2703.88,71.82,92,0.0,3529.69
2703.88,72.0,92,0.0,3529.69
2703.88,71.01,92,1.25,3529.69
2703.88,71.55,89,0.0,3529.69
2703.88,71.56,89,1.25,3529.69
2703.88,70.61,98,0.0,3529.69
2703.88,70.22,98,0.0,3529.69
2703.88,70.21,90,1.2375,3529.69
2703.88,70.19,90,0.0,3529.69
2703.88,70.43,88,0.0,3529.69
2703.88,70.65,88,1.25,3529.69
2703.88,71.37,89,0.0,3529.69
2703.88,71.54,89,0.0,3529.69
2703.88,71.45,90,1.25,3529.69
2703.88,71.35,90,0.0,3529.69
2703.88,71.1,91,0.0,3529.69
2703.88,72.25,91,1.25,3529.69
2703.88,73.28,82,1.25,3529.69
2703.88,72.66,82,0.0,3529.69
2703.88,73.06,90,0.0,3529.69
2703.88,73.12,90,0.0,3529.69
2703.88,73.04,89,1.25,3529.69
2703.88,72.92,89,0.0,3529.69
2703.88,72.76,90,0.0,3529.69
2703.88,72.95,90,0.0,3529.69
2703.88,73.02,89,1.25,3529.69
2703.88,72.94,89,0.0,3529.69
2703.88,72.89,89,0.0,3529.69
2703.88,71.64,89,1.2375,3529.69
2703.88,72.98,84,1.2375,3529.69
2703.88,71.87,84,0.0,3529.69
2703.88,71.91,90,0.0,3529.69
2703.88,72.32,90,1.2375,3529.69
2703.88,72.66,90,0.0,3529.69
2703.88,72.79,90,0.0,3529.69
2703.88,72.69,92,0.0,3529.69
2703.88,72.81,92,1.2375,3529.69
2703.88,72.94,91,0.0,3529.69
2703.88,72.81,91,0.0,3529.69
2703.88,72.68,91,2.4625,3529.69
2703.88,71.7,91,0.0,3529.69
2703.88,71.49,85,1.2125,3529.69
2703.88,71.68,85,0.0,3529.69
2703.88,71.58,91,0.0,3529.69
2703.88,71.52,91,1.2125,3529.69
2703.88,71.41,91,0.0,3529.69
2703.88,71.52,91,0.0,3529.69
2703.88,71.66,91,1.2125,3529.69
2703.88,71.59,91,0.0,3529.69
2703.88,71.61,92,0.0,3529.69
2703.88,72.22,92,1.2125,3529.69
2703.88,72.16,91,1.225,3529.69
2703.88,73.64,91,0.0,3529.69
2703.88,73.27,80,0.0,3529.69
2703.88,73.32,80,1.2125,3529.69
2703.88,73.5,89,0.0,3529.69
2703.88,74.02,89,0.0,3529.69
2703.88,74.12,88,0.0,3529.69
2703.88,73.82,88,1.2125,3529.69
2703.88,73.9,88,0.0,3529.69
2703.88,73.98,88,0.0,3529.69
2703.88,73.74,89,1.2125,3529.69
2703.88,73.59,89,2.4375,3529.69
2703.88,72.66,89,0.0,3529.69
2703.88,73.25,89,1.2125,3529.69
2703.88,72.91,82,0.0,3529.69
2703.88,72.6,82,0.0,3529.69
2703.88,72.54,88,0.0,3529.69
2703.88,72.44,88,1.2125,3529.69
2703.88,72.87,89,0.0,3529.69
2703.88,72.53,89,0.0,3529.69
2703.88,72.61,89,0.0,3529.69
2703.88,72.5,89,1.225,3529.69
2703.88,72.65,89,0.0,3529.69
2703.88,72.76,82,1.225,3529.69
2703.88,69.42,82,0.0,3529.69
2703.88,69.25,92,0.0,3529.69
2703.88,69.4,92,1.225,3529.69
2703.88,69.26,90,0.0,3529.69
2703.88,69.44,90,0.0,3529.69
2703.88,69.44,90,0.0,3529.69
2703.88,69.81,90,1.2125,3529.69
2703.88,69.7,91,0.0,3529.69
2703.88,69.49,91,0.0,3529.69
2703.88,69.73,91,0.0,3529.69
2703.88,72.18,91,3.65,3529.69
2703.88,74.32,82,0.0,3529.69
2703.88,73.83,82,0.0,3529.69
2703.88,73.68,92,1.2125,3529.69
2703.88,73.95,92,0.0,3529.69
2703.88,73.75,91,0.0,3529.69
2703.88,73.67,91,0.0,3529.69
2703.88,73.55,91,1.2375,3529.69
2703.88,73.49,91,0.0,3529.69
2703.88,73.79,91,0.0,3529.69
2703.88,73.61,91,0.0,3529.69
2703.88,74.18,92,1.25,3529.69
2703.88,70.53,92,1.2375,3529.69
2703.88,69.96,85,0.0,3529.69
2703.88,69.81,85,0.0,3529.69
2703.88,69.58,92,1.2375,3529.69
2703.88,69.72,92,0.0,3529.69
2703.88,70.12,91,0.0,3529.69
2703.88,70.12,91,1.25,3529.69
2703.88,69.88,92,0.0,3529.69
2703.88,69.71,92,0.0,3529.69
2703.88,69.83,92,0.0,3529.69
2703.88,69.56,92,1.2375,3529.69
2703.88,71.3,91,1.25,3529.69
2703.88,72.61,87,0.0,3529.69
2703.88,72.38,87,0.0,3529.69
2703.88,72.07,91,0.0,3529.69
2703.88,71.98,91,1.25,3529.69
2703.88,71.73,91,0.0,3529.69
2703.88,71.96,91,0.0,3529.69
2703.88,72.39,93,1.25,3529.69
2703.88,72.73,93,0.0,3529.69
2703.88,72.73,91,0.0,3529.69
2703.88,72.73,91,1.2375,3529.69
2703.88,72.7,82,1.2375,3529.69
2703.88,69.33,82,0.0,3529.69
2703.88,69.33,91,0.0,3529.69
2703.88,69.47,91,1.2375,3529.69
2703.88,69.47,91,0.0,3529.69
2703.88,69.03,88,0.0,3529.69
2703.88,68.9,89,0.0,3529.69
2703.88,68.9,89,1.2375,3529.69
2703.88,69.27,88,0.0,3529.69
2703.88,69.01,88,0.0,3529.69
2703.88,68.95,90,1.2375,3529.69
2703.88,71.58,90,0.0,3529.69
2703.88,73.5,80,1.25,3529.69
2703.88,73.11,80,1.2375,3529.69
2703.88,72.96,100,0.0,3529.69
2703.88,72.54,100,0.0,3529.69
2703.88,73.16,100,0.0,3529.69
2703.88,73.48,92,1.225,3529.69
2703.88,73.58,92,0.0,3529.69
2703.88,73.41,89,0.0,3529.69
2703.88,73.83,89,1.2125,3529.69
2703.88,73.56,91,0.0,3529.69
2703.88,73.93,90,0.0,3529.69
2703.88,72.18,90,1.2125,3529.69
2703.88,72.05,90,0.0,3529.69
2703.88,71.97,91,0.0,3529.69
2703.88,70.62,91,3.6375,3529.69
2703.88,70.97,87,0.0,3529.69
2703.88,70.65,87,0.0,3529.69
2703.88,70.49,86,0.0,3529.69
2703.88,70.59,93,1.2125,3529.69
2703.88,70.84,93,0.0,3529.69
2703.88,70.69,91,0.0,3529.69
2703.88,70.52,91,1.2125,3529.69
2703.88,70.86,92,0.0,3529.69
2703.88,70.99,92,0.0,3529.69
2703.88,70.83,91,1.2,3529.69
2703.88,72.19,91,1.2125,3529.69
2703.88,70.05,81,1.2125,3529.69
2703.88,70.26,81,0.0,3529.69
2703.88,70.29,100,0.0,3529.69
2703.88,69.43,100,1.2125,3529.69
2703.88,69.25,93,0.0,3529.69
2703.88,69.95,93,0.0,3529.69
2703.88,70.05,93,0.0,3529.69
2703.88,70.36,93,1.2125,3529.69
2703.88,70.19,92,0.0,3529.69
2703.88,69.8,92,0.0,3529.69
2703.88,70.01,92,1.2125,3529.69
2703.88,71.74,92,0.0,3529.69
2703.88,71.77,93,0.0,3529.69
2703.88,71.54,93,0.0,3529.69
2703.88,72.05,92,2.475,3529.69
2703.88,73.42,92,0.0,3529.69
2703.88,72.55,82,1.2125,3529.69
2703.88,72.56,82,0.0,3529.69
2703.88,72.78,89,0.0,3529.69
2703.88,73.01,89,1.2125,3529.69
2703.88,73.36,90,0.0,3529.69
2703.88,73.5,88,0.0,3529.69
2703.88,73.47,88,0.0,3529.69
2703.88,72.97,89,1.2125,3529.69
2703.88,72.9,89,1.2125,3529.69
2703.88,72.86,89,1.2125,3529.69
2703.88,71.51,88,1.2125,3529.69
2703.88,72.57,80,0.0,3529.69
2703.88,72.61,80,0.0,3529.69
2703.88,72.61,90,1.2125,3529.69
2703.88,72.69,90,0.0,3529.69
2703.88,73.05,89,0.0,3529.69
2703.88,72.71,89,0.0,3529.69
2703.88,72.71,89,1.2125,3529.69
2703.88,72.97,89,0.0,3529.69
2703.88,73.12,89,0.0,3529.69
2703.88,73.02,89,2.4,3529.69
2703.88,69.41,80,0.0,3529.69
2703.88,68.11,80,1.2125,3529.69
2703.88,67.94,94,0.0,3529.69
2703.88,68.27,94,0.0,3529.69
2703.88,67.74,91,0.0,3529.69
2703.88,68.03,91,1.225,3529.69
2703.88,67.9,91,0.0,3529.69
2703.88,67.9,91,0.0,3529.69
2703.88,68.32,91,1.2125,3529.69
2703.88,68.39,91,0.0,3529.69
2703.88,70.59,92,1.2125,3529.69
2703.88,72.41,92,2.4375,3529.69
2703.88,72.53,84,0.0,3529.69
2703.88,72.46,84,0.0,3529.69
2703.88,72.13,100,1.2125,3529.69
2703.88,72.37,100,0.0,3529.69
2703.88,72.34,92,0.0,3529.69
2703.88,72.75,92,0.0,3529.69
2703.88,72.67,92,1.2125,3529.69
2703.88,72.54,93,0.0,3529.69
2703.88,72.79,93,0.0,3529.69
2703.88,73.6,92,1.2125,3529.69
2703.88,73.48,92,0.0,3529.69
2703.88,73.17,91,0.0,3529.69
2703.88,73.05,91,0.0,3529.69
2703.88,73.29,91,2.425,3529.69
2703.88,73.89,91,0.0,3529.69
2703.88,73.95,83,0.0,3529.69
2703.88,73.96,83,1.2125,3529.69
2703.88,74.31,92,0.0,3529.69
2703.88,74.24,92,0.0,3529.69
2703.88,74.18,91,1.2125,3529.69
2703.88,73.86,91,0.0,3529.69
2703.88,73.35,91,0.0,3529.69
2703.88,73.36,91,1.2125,3529.69
2703.88,73.16,91,0.0,3529.69
2703.88,72.82,91,1.2125,3529.69
2703.88,73.68,82,1.2125,3529.69
2703.88,73.38,82,0.0,3529.69
2703.88,72.57,92,0.0,3529.69
2703.88,72.81,92,1.2125,3529.69
2703.88,72.83,92,0.0,3529.69
2703.88,73.08,92,1.2125,3529.69
2703.88,73.41,91,1.2125,3529.69
2703.88,73.65,91,0.0,3529.69
2703.88,73.38,91,0.0,3529.69
2703.88,73.17,91,0.0,3529.69
2703.88,73.39,91,2.375,3529.69
2703.88,69.89,91,0.0,3529.69
2703.88,69.91,86,0.0,3529.69
2703.88,70.32,86,0.0,3529.69
2703.88,69.95,91,1.2125,3529.69
2703.88,70.49,91,0.0,3529.69
2703.88,70.36,91,0.0,3529.69
2703.88,70.33,91,1.2125,3529.69
2703.88,70.13,92,0.0,3529.69
2703.88,70.47,91,0.0,3529.69
2703.88,70.26,91,0.0,3529.69
2703.88,70.19,91,2.4875,3529.69
2703.88,71.62,91,0.0,3529.69
2703.88,72.88,83,1.2125,3529.69
2703.88,72.26,83,0.0,3529.69
2703.88,72.12,91,0.0,3529.69
2703.88,72.44,91,1.2125,3529.69
2703.88,72.6,91,0.0,3529.69
2703.88,72.37,91,0.0,3529.69
2703.88,72.17,92,1.1875,3529.69
2703.88,72.72,92,0.0,3529.69
2703.88,72.64,91,0.0,3529.69
2703.88,73.06,91,0.0,3529.69
2703.88,72.04,91,2.425,3529.69
2703.88,73.81,91,0.0,3529.69
2703.88,73.31,82,1.2125,3529.69
2703.88,73.09,82,0.0,3529.69
2703.88,73.06,91,0.0,3529.69
2703.88,73.14,91,1.2,3529.69
2703.88,73.86,91,0.0,3529.69
2703.88,74.13,91,1.2125,3529.69
2703.88,74.1,91,1.2125,3529.69
2703.88,74.44,91,0.0,3529.69
2703.88,74.44,92,0.0,3529.69
2703.88,74.33,92,1.2125,3529.69
2703.88,72.22,88,1.2125,3529.69
2703.88,72.5,88,0.0,3529.69
2703.88,72.52,88,0.0,3529.69
2703.88,71.85,88,0.0,3529.69
2703.88,71.86,91,1.2125,3529.69
2703.88,71.83,91,0.0,3529.69
2703.88,71.59,91,0.0,3529.69
2703.88,71.24,91,1.2125,3529.69
2703.88,70.88,91,0.0,3529.69
2703.88,70.87,91,0.0,3529.69
2703.88,70.9,92,2.425,3529.69
2703.88,72.0,92,0.0,3529.69
2703.88,73.18,79,0.0,3529.69
2703.88,73.18,79,1.2125,3529.69
2703.88,73.55,94,0.0,3529.69
2703.88,73.57,91,0.0,3529.69
2703.88,73.11,91,1.2125,3529.69
2703.88,73.26,91,0.0,3529.69
2703.88,73.56,91,0.0,3529.69
2703.88,73.53,91,0.0,3529.69
2703.88,73.11,91,2.4375,3529.69
2703.88,73.11,92,0.0,3529.69
2703.88,71.47,92,1.2125,3529.69
2703.88,72.66,82,1.2125,3529.69
2703.88,72.87,82,0.0,3529.69
2703.88,72.61,94,0.0,3529.69
2703.88,72.99,94,1.2125,3529.69
2703.88,72.96,92,0.0,3529.69
2703.88,73.02,92,0.0,3529.69
2703.88,73.14,91,0.0,3529.69
2703.88,73.0,91,1.225,3529.69
2703.88,73.04,91,0.0,3529.69
2703.88,72.84,91,0.0,3529.69
2703.88,71.89,91,1.2125,3529.69
2703.88,69.42,86,1.2125,3529.69
2703.88,69.41,86,0.0,3529.69
2703.88,69.42,88,1.2125,3529.69
2703.88,68.83,88,0.0,3529.69
2703.88,68.86,88,0.0,3529.69
2703.88,69.19,91,1.2125,3529.69
2703.88,70.11,91,0.0,3529.69
2703.88,70.05,90,1.2125,3529.69
2703.88,70.3,92,0.0,3529.69
2703.88,70.38,92,1.2125,3529.69
2703.88,70.62,91,0.0,3529.69
2703.88,72.65,91,2.4375,3529.69
2703.88,74.35,80,0.0,3529.69
2703.88,73.73,80,0.0,3529.69
2703.88,74.06,93,0.0,3529.69
2703.88,74.25,93,1.2125,3529.69
2703.88,74.06,92,0.0,3529.69
2703.88,73.51,92,0.0,3529.69
2703.88,73.98,91,1.2125,3529.69
2703.88,73.7,91,0.0,3529.69
2703.88,73.35,92,0.0,3529.69
2703.88,73.14,92,1.2125,3529.69
2703.88,72.53,91,1.0875,3529.69
2703.88,69.71,91,1.2125,3529.69
2703.88,70.76,81,0.0,3529.69
2703.88,70.79,81,0.0,3529.69
2703.88,70.73,91,0.0,3529.69
2703.88,70.96,91,1.2125,3529.69
2703.88,71.22,91,0.0,3529.69
2703.88,70.98,91,1.225,3529.69
2703.88,71.2,91,1.2125,3529.69
2703.88,71.43,91,0.0,3529.69
2703.88,71.44,91,0.0,3529.69
2703.88,72.12,91,0.0,3529.69
2703.88,72.58,91,2.4375,3529.69
2703.88,73.46,91,0.0,3529.69
2703.88,72.79,82,1.2125,3529.69
2703.88,72.8,82,0.0,3529.69
2703.88,73.0,92,0.0,3529.69
2703.88,73.03,92,0.0,3529.69
2703.88,73.36,91,1.2125,3529.69
2703.88,73.05,91,0.0,3529.69
2703.88,72.93,91,0.0,3529.69
2703.88,73.07,91,1.225,3529.69
2703.88,72.96,91,0.0,3529.69
2703.88,70.9,91,1.2125,3529.69
2703.88,70.9,91,1.2125,3529.69
2703.88,72.06,82,1.2125,3529.69
2703.88,71.79,82,0.0,3529.69
2703.88,71.57,91,0.0,3529.69
2703.88,71.15,91,1.2125,3529.69
2703.88,71.67,92,0.0,3529.69
2703.88,71.77,92,0.0,3529.69
2703.88,71.64,91,0.0,3529.69
2703.88,71.58,91,1.2125,3529.69
2703.88,71.7,91,0.0,3529.69
2703.88,72.22,91,2.4375,3529.69
2703.88,70.87,81,0.0,3529.69
2703.88,70.16,81,0.0,3529.69
2703.88,70.17,94,1.2125,3529.69
2703.88,70.5,94,0.0,3529.69
2703.88,70.44,92,0.0,3529.69
2703.88,70.64,92,0.0,3529.69
2703.88,70.7,91,1.2125,3529.69
2703.88,70.32,91,0.0,3529.69
2703.88,70.52,91,0.0,3529.69
2703.88,70.67,91,0.0,3529.69
2703.88,71.4,91,2.425,3529.69
2703.88,72.87,91,0.0,3529.69
2703.88,72.87,83,1.225,3529.69
2703.88,72.71,83,0.0,3529.69
2703.88,72.77,91,0.0,3529.69
2703.88,72.37,91,1.2125,3529.69
2703.88,72.72,92,0.0,3529.69
2703.88,73.19,92,0.0,3529.69
2703.88,73.03,92,1.2125,3529.69
2703.88,73.3,92,0.0,3529.69
2703.88,73.43,91,0.0,3529.69
2703.88,73.19,92,1.1625,3529.69
2703.88,69.08,92,2.3,3529.69
2703.88,69.08,81,1.2375,3529.69
2703.88,67.96,81,0.0,3529.69
2703.88,67.9,91,0.0,3529.69
2703.88,68.02,91,0.0,3529.69
2703.88,68.08,91,1.2375,3529.69
2703.88,68.24,91,0.0,3529.69
2703.88,68.26,92,0.0,3529.69
2703.88,68.03,92,1.2125,3529.69
2703.88,67.74,91,0.0,3529.69
2703.88,67.3,91,0.0,3529.69
2703.88,70.53,92,2.425,3529.94
2703.88,72.71,92,0.0,3529.94
2703.88,71.94,81,1.2125,3529.94
2703.88,71.59,92,1.2125,3529.94
2703.88,71.59,92,0.0,3529.94
2703.88,71.5,92,0.0,3529.94
2703.88,71.82,91,0.0,3529.94
2703.88,71.83,91,1.25,3529.94
2703.88,71.96,91,0.0,3529.94
2703.88,72.41,91,0.0,3529.94
2703.88,72.47,91,0.0,3529.94
2703.88,68.41,91,2.4875,3529.94
2703.88,68.91,83,0.0,3529.94
2703.88,68.8,83,1.25,3530.06
2703.88,68.8,92,0.0,3530.06
2703.88,69.08,92,0.0,3530.06
2703.88,69.02,91,0.0,3530.06
2703.88,69.1,91,1.2375,3530.06
2703.88,68.89,91,0.0,3530.06
2703.88,68.75,91,0.0,3530.06
2703.88,68.94,92,0.0,3530.06
2703.88,69.28,92,1.2375,3530.06
2703.88,68.95,91,0.0,3530.06
2703.88,72.08,91,1.2375,3530.06
2703.88,73.8,79,0.0,3530.06
2703.88,73.35,79,1.2375,3530.06
2703.88,73.51,89,0.0,3530.06
2703.88,73.51,89,0.0,3530.06
2703.88,73.81,90,0.0,3530.06
2703.88,73.81,90,1.2375,3530.06
2703.88,73.92,89,0.0,3530.06
2703.88,73.6,89,0.0,3530.06
2703.88,73.53,89,0.0,3530.06
2703.88,73.9,89,1.2375,3530.06
2703.88,73.58,89,2.4625,3530.06
2703.88,71.73,89,0.0,3530.06
2703.88,73.25,82,0.0,3530.06
2703.88,72.9,82,1.2375,3530.06
2703.88,72.74,90,0.0,3530.06
2703.88,72.82,90,0.0,3530.06
2703.88,72.82,89,1.25,3530.06
2703.88,72.4,89,0.0,3530.06
2703.88,72.65,89,0.0,3530.06
2703.88,72.5,89,0.0,3530.06
2703.88,72.66,89,0.0,3530.06
2703.88,72.78,89,1.25,3530.06
2703.88,73.25,92,0.0,3530.06
2703.88,70.26,87,1.2375,3530.06
2703.88,70.25,87,0.0,3530.06
2703.88,70.14,87,0.0,3530.06
2703.88,69.91,100,1.2375,3530.06
2703.88,69.77,91,0.0,3530.06
2703.88,70.59,91,0.0,3530.06
2703.88,70.78,93,0.0,3530.06
2703.88,70.78,93,0.0,3530.06
2703.88,70.6,92,1.2375,3530.06
2703.88,70.43,92,0.0,3530.06
2703.88,72.55,92,0.0,3530.06
2703.88,73.08,92,0.0,3530.06
2703.88,72.65,92,0.0,3530.06
2703.88,72.67,92,0.0,3530.06
2703.88,71.17,83,1.2375,3530.06
2703.88,69.73,83,1.2375,3530.06
2703.88,69.65,95,0.0,3530.06
2703.88,69.81,95,0.0,3530.06
2703.88,69.84,95,0.0,3530.06
2703.88,70.07,91,0.0,3530.06
2703.88,69.83,91,0.0,3530.06
2703.88,69.74,91,1.225,3530.06
2703.88,69.47,92,0.0,3530.06
2703.88,69.92,92,0.0,3530.06
2703.88,69.82,92,0.0,3530.06
2703.88,71.42,92,1.225,3530.06
2703.88,73.61,85,0.0,3530.06
2703.88,73.41,85,1.225,3530.06
2703.88,73.51,92,0.0,3530.06
2703.88,73.65,92,1.225,3530.06
2703.88,73.53,91,0.0,3530.06
2703.88,73.71,91,0.0,3530.06
2703.88,73.68,92,0.0,3530.06
2703.88,73.72,92,1.2125,3530.06
2703.88,73.19,92,0.0,3530.06
2703.88,73.06,92,0.0,3530.06
2703.88,72.97,91,1.2125,3530.06
2703.88,69.91,91,0.0,3530.06
2703.88,70.17,88,0.0,3530.06
2703.88,70.1,88,1.2125,3530.06
2703.88,69.92,95,0.0,3530.06
2703.88,70.33,95,0.0,3530.06
2703.88,70.27,92,1.2125,3530.06
2703.88,70.32,92,0.0,3530.06
2703.88,70.02,93,0.0,3530.06
2703.88,70.4,93,0.0,3530.06
2703.88,70.05,92,1.2125,3530.06
2703.88,70.27,92,0.0,3530.06
2703.88,72.42,92,0.0,3530.06
2703.88,72.35,92,2.3875,3530.06
2703.88,72.09,92,1.2125,3530.06
2703.88,72.71,90,0.0,3530.06
2703.88,72.64,90,0.0,3530.06
2703.88,72.59,92,0.0,3530.06
2703.88,72.7,92,1.2125,3530.06
2703.88,73.06,92,0.0,3530.06
2703.88,72.93,92,0.0,3530.06
2703.88,73.29,92,1.2125,3530.06
2703.88,73.07,92,0.0,3530.06
2703.88,72.78,93,0.0,3530.06
2703.88,72.98,93,0.0,3530.06
2703.88,73.28,91,1.2125,3530.06
2703.88,72.43,91,1.2125,3530.06
2703.88,72.11,85,0.0,3530.06
2703.88,72.68,85,0.0,3530.06
2703.88,72.1,93,1.2125,3530.06
2703.88,72.19,93,0.0,3530.06
2703.88,72.55,92,0.0,3530.06
2703.88,72.68,92,1.2125,3530.06
2703.88,73.25,91,0.0,3530.06
2703.88,73.06,91,0.0,3530.06
2703.88,71.88,92,0.0,3530.06
2703.88,72.2,92,1.2125,3530.06
2703.88,72.25,93,0.0,3530.06
2703.88,71.8,93,2.425,3530.06
2703.88,72.82,86,0.0,3530.06
2703.88,72.93,86,1.2,3530.06
2703.88,73.02,100,0.0,3530.19
2703.88,72.35,100,0.0,3530.19
2703.88,72.36,91,1.2125,3530.19
2703.88,72.23,91,0.0,3530.19
2703.88,72.27,92,0.0,3530.19
2703.88,73.07,92,0.0,3530.19
2703.88,72.85,93,0.0,3530.19
2703.88,72.86,93,1.175,3530.19
2703.88,72.92,92,0.0,3530.19
2703.88,72.41,92,1.2125,3530.19
2703.88,72.09,92,0.0,3530.19
2703.88,71.92,92,1.2125,3530.19
2703.88,69.31,83,0.0,3530.19
2703.88,69.31,83,1.2125,3530.19
2703.88,68.83,95,0.0,3530.19
2703.88,68.97,95,0.0,3530.19
2703.88,69.23,92,1.2125,3530.19
2703.88,69.26,92,0.0,3530.19
2703.88,69.47,92,0.0,3530.19
2703.88,69.21,92,1.2125,3530.19
2703.88,69.42,92,0.0,3530.19
2703.88,69.45,92,0.0,3530.19
2703.88,69.47,92,0.0,3530.19
2703.88,72.44,83,2.425,3530.19
2703.88,69.71,83,0.0,3530.19
2703.88,69.71,94,1.2125,3530.19
2703.88,69.47,94,0.0,3530.19
2703.88,69.86,91,0.0,3530.19
2703.88,70.15,91,0.0,3530.19
2703.88,70.21,91,1.2375,3530.19
2703.88,70.19,91,0.0,3530.19
2703.88,69.78,92,0.0,3530.19
2703.88,69.71,92,0.0,3530.19
2703.88,69.42,90,1.25,3530.19
2703.88,72.09,90,1.2375,3530.19
2703.88,74.01,81,0.0,3530.19
2703.88,74.22,81,1.25,3530.19
2703.88,73.79,100,0.0,3530.19
2703.88,73.33,100,0.0,3530.19
2703.88,73.12,88,1.25,3530.19
2703.88,73.44,88,0.0,3530.19
2703.88,73.57,90,0.0,3530.19
2703.88,73.76,90,0.0,3530.19
2703.88,73.81,89,1.25,3530.19
2703.88,73.5,89,0.0,3530.19
2703.88,73.67,90,0.0,3530.19
2703.88,72.14,90,1.2375,3530.19
2703.88,71.22,90,0.0,3530.19
2703.88,71.2,90,1.2375,3530.19
2703.88,70.95,80,0.0,3530.19
2703.88,69.68,80,1.2375,3530.19
2703.88,69.76,93,0.0,3530.19
2703.88,69.79,93,0.0,3530.19
2703.88,69.78,89,1.2375,3530.19
2703.88,69.69,89,0.0,3530.19
2703.88,70.13,89,0.0,3530.19
2703.88,70.08,89,1.25,3530.19
2703.88,70.02,91,0.0,3530.19
2703.88,70.79,91,0.0,3530.19
2703.88,70.76,91,0.0,3530.19
2703.88,71.16,91,3.7375,3530.19
2703.88,74.33,82,0.0,3530.19
2703.88,73.82,82,0.0,3530.19
2703.88,73.76,94,0.0,3530.19
2703.88,73.9,94,1.25,3530.19
2703.88,74.14,91,0.0,3530.19
2703.88,74.36,91,0.0,3530.19
2703.88,74.2,92,0.0,3530.19
2703.88,74.29,92,1.25,3530.19
2703.88,74.38,92,0.0,3530.19
2703.88,74.27,92,0.0,3530.19
2703.88,74.55,92,2.4875,3530.19
2703.88,70.77,92,0.0,3530.19
2703.88,71.33,82,0.0,3530.19
2703.88,71.51,82,1.2125,3530.19
2703.88,71.56,88,0.0,3530.19
2703.88,71.9,88,0.0,3530.19
2703.88,71.81,88,0.0,3530.19
2703.88,71.57,88,1.25,3530.19
2703.88,71.37,88,0.0,3530.19
2703.88,71.13,89,0.0,3530.19
2703.88,71.13,89,1.25,3530.19
2703.88,70.88,90,0.0,3530.19
2703.88,72.32,90,1.25,3530.19
2703.88,68.98,80,1.25,3530.19
2703.88,68.51,80,0.0,3530.19
2703.88,68.15,87,0.0,3530.19
2703.88,67.71,87,0.0,3530.19
2703.88,68.34,87,1.2375,3530.19
2703.88,68.19,89,1.25,3530.19
2703.88,68.62,88,0.0,3530.19
2703.88,68.81,88,0.0,3530.19
2703.88,68.56,90,1.25,3530.19
2703.88,68.93,90,0.0,3530.19
2703.88,71.97,89,0.0,3530.19
2703.88,71.92,89,2.4875,3530.19
2703.88,70.52,80,0.0,3530.19
2703.88,70.74,80,0.0,3530.19
2703.88,71.12,88,1.25,3530.19
2703.88,70.9,88,0.0,3530.19
2703.88,71.11,88,0.0,3530.19
2703.88,71.19,89,1.25,3530.19
2703.88,71.19,89,0.0,3530.19
2703.88,71.07,90,0.0,3530.19
2703.88,71.4,90,1.25,3530.19
2703.88,71.25,90,0.0,3530.19
2703.88,70.64,90,0.0,3530.19
2703.88,70.77,87,2.4875,3530.19
2703.88,73.77,87,0.0,3530.19
2703.88,72.91,80,0.0,3530.19
2703.88,72.94,80,1.2375,3530.19
2703.88,73.14,89,0.0,3530.19
2703.88,73.42,89,0.0,3530.19
2703.88,73.48,89,0.0,3530.19
2703.88,73.58,89,1.2375,3530.19
2703.88,73.45,89,0.0,3530.19
2703.88,73.52,89,0.0,3530.19
2703.88,74.2,90,1.2375,3530.19
2703.88,74.25,90,1.2,3530.19
2703.88,72.25,89,1.1875,3530.19
2703.88,74.57,89,0.0,3530.19
2703.88,74.58,84,0.0,3530.19
2703.88,74.44,84,2.4875,3530.19
2703.88,73.43,96,0.0,3530.19
2703.88,73.26,96,0.0,3530.19
2703.88,73.22,89,0.0,3530.19
2703.88,73.18,89,1.2125,3530.19
2703.88,72.67,89,0.0,3530.19
2703.88,72.53,92,0.0,3530.19
2703.88,72.43,92,1.2125,3530.19
2703.88,72.31,91,0.0,3530.19
2703.88,70.7,91,0.0,3530.19
2703.88,70.44,92,1.2125,3530.19
2703.88,70.39,92,1.2125,3530.19
2703.88,71.11,82,0.0,3530.19
2703.88,71.85,82,1.2125,3530.19
2703.88,71.81,93,0.0,3530.19
2703.88,72.43,93,0.0,3530.19
2703.88,72.43,91,1.2125,3530.19
2703.88,72.83,91,0.0,3530.19
2703.88,73.31,91,0.0,3530.19
2703.88,73.08,91,1.2125,3530.19
2703.88,73.04,93,0.0,3530.19
2703.88,72.89,93,0.0,3530.19
2703.88,72.47,91,2.4125,3530.19
2703.88,69.32,91,1.2125,3530.19
2703.88,70.13,82,0.0,3530.19
2703.88,70.01,82,0.0,3530.19
2703.88,70.44,90,1.2125,3530.19
2703.88,70.73,90,1.2125,3530.19
2703.88,70.53,91,0.0,3530.19
2703.88,70.36,91,0.0,3530.19
2703.88,70.36,92,1.2125,3530.19
2703.88,70.58,92,0.0,3530.19
2703.88,70.7,91,0.0,3530.19
2703.88,72.61,91,0.0,3530.19
2703.88,72.55,91,2.425,3530.19
2703.88,71.66,91,0.0,3530.19
2703.88,71.66,81,1.2125,3530.19
2703.88,71.49,81,0.0,3530.19
2703.88,71.25,91,0.0,3530.19
2703.88,71.13,91,1.2125,3530.19
2703.88,72.08,91,0.0,3530.19
2703.88,72.01,91,0.0,3530.19
2703.88,71.97,91,1.2125,3530.19
2703.88,72.16,91,0.0,3530.19
2703.88,72.16,91,0.0,3530.19
2703.88,72.09,91,2.425,3530.19
2703.88,71.59,92,0.0,3530.19
2703.88,72.91,82,1.2125,3530.19
2703.88,73.02,82,0.0,3530.19
2703.88,73.17,91,0.0,3530.19
2703.88,73.17,91,0.0,3530.19
2703.88,73.11,91,1.2125,3530.19
2703.88,73.06,91,0.0,3530.19
2703.88,73.26,91,0.0,3530.19
2703.88,73.36,91,2.4375,3530.19
2703.88,72.99,92,0.0,3530.19
2703.88,68.87,92,2.425,3530.19
2703.88,68.89,81,0.0,3530.19
2703.88,68.91,81,0.0,3530.19
2703.88,68.9,93,1.2125,3530.19
2703.88,68.9,93,0.0,3530.19
2703.88,68.37,91,0.0,3530.19
2703.88,68.33,91,0.0,3530.19
2703.88,68.31,90,0.0,3530.19
2703.88,68.36,90,1.2125,3530.19
2703.88,68.59,90,0.0,3530.19
2703.88,68.59,90,0.0,3530.19
2703.88,71.59,91,2.2875,3530.19
2703.88,73.53,91,0.0,3530.19
2703.88,72.84,81,0.0,3530.19
2703.88,72.69,93,2.4375,3530.19
2703.88,72.98,93,0.0,3530.19
2703.88,73.11,91,0.0,3530.19
2703.88,73.27,91,0.0,3530.19
2703.88,72.98,92,0.0,3530.19
2703.88,72.98,92,1.225,3530.19
2703.88,73.2,92,0.0,3530.19
2703.88,73.48,91,0.0,3530.19
2703.88,73.47,91,0.0,3530.19
2703.88,71.84,92,1.225,3530.19
2703.88,72.74,92,1.225,3530.19
2703.88,72.81,85,0.0,3530.19
2703.88,72.81,85,0.0,3530.19
2703.88,72.45,89,0.0,3530.19
2703.88,72.29,88,0.0,3530.19
2703.88,72.43,88,0.0,3530.19
2703.88,72.6,88,1.225,3530.19
2703.88,72.84,88,0.0,3530.19
2703.88,72.84,90,0.0,3530.19
2703.88,72.94,90,0.0,3530.19
2703.88,72.94,88,2.4375,3530.19
2703.88,69.9,88,0.0,3530.19
2703.88,69.8,83,1.2125,3530.19
2703.88,70.33,83,0.0,3530.19
2703.88,70.17,87,0.0,3530.19
2703.88,70.55,87,0.0,3530.19
2703.88,70.25,88,2.4375,3530.19
2703.88,70.41,88,0.0,3530.19
2703.88,70.41,90,0.0,3530.19
2703.88,70.7,90,1.2125,3530.19
2703.88,70.39,88,0.0,3530.19
2703.88,70.19,88,0.0,3530.19
2703.88,72.74,89,2.4375,3530.19
2703.88,69.89,89,0.0,3530.19
2703.88,69.7,82,1.2125,3530.19
2703.88,69.36,82,0.0,3530.19
2703.88,69.57,90,0.0,3530.19
2703.88,68.58,90,1.2125,3530.19
2703.88,68.52,92,0.0,3530.19
2703.88,68.32,92,0.0,3530.19
2703.88,68.2,92,0.0,3530.19
2703.88,68.26,92,1.2125,3530.19
2703.88,68.44,91,0.0,3530.19
2703.88,71.43,91,2.4125,3530.19
2703.88,73.28,91,0.0,3530.19
2703.88,73.41,86,0.0,3530.19
2703.88,72.97,86,1.2125,3530.19
2703.88,73.04,86,0.0,3530.19
2703.88,73.36,96,0.0,3530.19
2703.88,73.38,92,1.2125,3530.19
2703.88,73.2,92,0.0,3530.19
2703.88,73.52,91,0.0,3530.19
2703.88,73.24,91,1.175,3530.19
2703.88,72.92,92,0.0,3530.19
2703.88,73.04,92,0.0,3530.19
2703.88,71.34,92,0.0,3530.19
2703.88,71.31,92,1.25,3530.19
2703.88,71.5,91,1.25,3530.19
2703.88,71.34,86,0.0,3530.19
2703.88,71.47,86,0.0,3530.19
2703.88,71.54,89,0.0,3530.19
2703.88,72.41,89,1.25,3530.19
2703.88,72.29,91,0.0,3530.19
2703.88,72.95,91,0.0,3530.19
2703.88,72.95,91,1.25,3530.19
2703.88,72.23,91,0.0,3530.19
2703.88,71.69,91,1.25,3530.19
2703.88,71.85,93,0.0,3530.19
2703.88,71.83,93,0.0,3530.19
2703.88,71.81,91,1.25,3530.19
2703.88,70.95,91,1.25,3530.19
2703.88,70.95,85,0.0,3530.19
2703.88,71.26,85,0.0,3530.19
2703.88,70.63,91,0.0,3530.19
2703.88,70.47,91,1.25,3530.19
2703.88,70.94,91,0.0,3530.19
2703.88,70.68,91,0.0,3530.19
2703.88,70.68,91,0.0,3530.19
2703.88,71.05,91,0.0,3530.19
2703.88,70.79,92,0.0,3530.19
2703.88,70.74,92,1.25,3530.19
2703.88,70.64,91,1.25,3530.19
2703.88,72.6,91,0.0,3530.19
2703.88,72.14,82,0.0,3530.19
2703.88,72.15,82,1.25,3530.19
2703.88,72.64,90,0.0,3530.19
2703.88,73.15,90,0.0,3530.19
2703.88,73.15,90,0.0,3530.19
2703.88,73.38,90,1.25,3530.19
2703.88,72.49,90,1.25,3530.19
2703.88,72.25,90,0.0,3530.19
2703.88,72.3,91,0.0,3530.19
2703.88,72.15,91,2.4875,3530.19
2703.88,70.95,90,0.0,3530.19
2703.88,71.88,90,0.0,3530.19
2703.88,71.81,81,0.0,3530.19
2703.88,71.91,81,1.2375,3530.19
2703.88,72.38,90,0.0,3530.19
2703.88,72.19,90,0.0,3530.19
2703.88,72.3,92,0.0,3530.19
2703.88,73.14,92,1.25,3530.19
2703.88,73.41,90,0.0,3530.19
2703.88,73.41,90,0.0,3530.19
2703.88,73.39,91,0.0,3530.19
2703.88,73.55,91,2.4875,3530.19
2703.88,70.77,80,0.0,3530.19
2703.88,70.59,100,0.0,3530.19
2703.88,70.16,100,0.0,3530.19
2703.88,68.89,92,1.2375,3530.19
2703.88,69.05,92,0.0,3530.19
2703.88,69.18,92,0.0,3530.19
2703.88,69.36,92,1.2375,3530.19
2703.88,69.18,90,0.0,3530.19
2703.88,69.35,90,0.0,3530.19
2703.88,69.56,91,0.0,3530.19
2703.88,72.14,91,1.2125,3530.19
2703.88,72.03,93,0.0,3530.19
2703.88,72.13,93,0.0,3530.19
2703.88,72.86,91,2.4125,3530.19
2703.88,73.45,91,0.0,3530.19
2703.88,73.06,84,0.0,3530.19
2703.88,73.04,84,1.2375,3530.19
2703.88,73.13,91,0.0,3530.19
2703.88,73.62,91,0.0,3530.19
2703.88,73.77,91,0.0,3530.19
2703.88,73.8,91,0.0,3530.19
2703.88,73.23,93,0.0,3530.19
2703.88,73.54,93,1.225,3530.19
2703.88,73.28,90,0.0,3530.19
2703.88,73.32,90,0.0,3530.19
2703.88,72.95,89,1.225,3530.19
2703.88,73.92,89,1.225,3530.19
2703.88,73.78,84,0.0,3530.19
2703.88,73.76,84,1.225,3530.19
2703.88,73.83,91,0.0,3530.19
2703.88,73.77,91,0.0,3530.19
2703.88,72.53,90,0.0,3530.19
2703.88,72.49,90,0.0,3530.19
2703.88,72.23,92,1.225,3530.19
2703.88,72.42,92,0.0,3530.19
2703.88,72.43,90,0.0,3530.19
2703.88,72.01,90,1.225,3530.19
2703.88,68.7,83,0.0,3530.19
2703.88,68.61,83,1.225,3530.19
2703.88,68.67,93,0.0,3530.19
2703.88,68.47,93,0.0,3530.19
2703.88,68.86,91,0.0,3530.19
2703.88,70.15,91,0.0,3530.19
2703.88,69.86,90,0.0,3530.19
2703.88,70.02,90,0.0,3530.19
2703.88,70.08,92,1.225,3530.19
2703.88,69.54,92,0.0,3530.19
2703.88,69.92,91,0.0,3530.19
2703.88,72.4,91,1.225,3530.19
2703.88,73.4,78,1.225,3530.19
2703.88,72.42,78,0.0,3530.19
2703.88,72.71,92,0.0,3530.19
2703.88,72.56,92,0.0,3530.19
2703.88,72.44,92,0.0,3530.19
2703.88,72.83,92,0.0,3530.19
2703.88,72.97,90,1.225,3530.19
2703.88,72.84,91,0.0,3530.19
2703.88,73.07,91,0.0,3530.19
2703.88,72.82,91,1.225,3530.19
2703.88,72.74,91,1.225,3530.19
2703.88,71.93,84,0.0,3530.19
2703.88,73.53,84,0.0,3530.19
2703.88,73.12,92,0.0,3530.19
2703.88,73.25,92,1.225,3530.19
2703.88,73.22,91,0.0,3530.19
2703.88,73.41,91,0.0,3530.19
2703.88,72.97,91,0.0,3530.19
2703.88,73.1,91,1.2125,3530.19
2703.88,73.18,91,0.0,3530.19
2703.88,73.18,91,0.0,3530.19
2703.88,72.94,92,1.225,3530.19
2703.88,69.95,92,1.2125,3530.19
2703.88,70.02,82,0.0,3530.19
2703.88,69.54,82,1.2125,3530.19
2703.88,69.55,91,0.0,3530.19
2703.88,69.55,91,0.0,3530.19
2703.88,69.17,91,0.0,3530.19
2703.88,68.97,91,0.0,3530.19
2703.88,69.28,91,1.225,3530.19
2703.88,69.36,91,0.0,3530.19
2703.88,69.58,92,0.0,3530.19
2703.88,69.84,92,0.0,3530.19
2703.88,71.93,91,1.2,3530.19
2703.88,68.94,91,1.2375,3530.19
2703.88,68.69,84,0.0,3530.19
2703.88,68.49,84,0.0,3530.19
2703.88,69.28,91,0.0,3530.19
2703.88,69.3,91,0.0,3530.19
2703.88,69.49,90,1.2375,3530.19
2703.88,69.21,90,0.0,3530.19
2703.88,69.59,90,0.0,3530.19
2703.88,69.25,90,0.0,3530.19
2703.88,68.81,90,0.0,3530.19
2703.88,68.82,90,0.0,3530.19
2703.88,71.79,92,2.4625,3530.19
2703.88,72.96,92,0.0,3530.19
2703.88,72.63,85,0.0,3530.19
2703.88,72.25,85,1.2375,3530.19
2703.88,72.19,91,0.0,3530.19
2703.88,72.59,91,0.0,3530.19
2703.88,73.08,90,1.225,3530.19
2703.88,72.77,90,0.0,3530.19
2703.88,72.77,92,0.0,3530.19
2703.88,73.09,92,0.0,3530.19
2703.88,72.99,90,0.0,3530.19
2703.88,72.34,90,1.225,3530.19
2703.88,71.33,90,1.225,3530.19
2703.88,71.85,90,0.0,3530.19
2703.88,72.12,92,0.0,3530.19
2703.88,72.0,92,0.0,3530.19
2703.88,71.8,91,0.0,3530.19
2703.88,71.56,91,0.0,3530.19
2703.88,71.58,91,1.225,3530.19
2703.88,71.91,91,0.0,3530.19
2703.88,71.81,92,0.0,3530.19
2703.88,71.98,92,0.0,3530.19
2703.88,72.61,91,0.0,3530.19
2703.88,73.07,91,0.0,3530.19
2703.88,72.74,91,2.4625,3530.19
2703.88,72.76,86,0.0,3530.19
2703.88,73.53,86,0.0,3530.19
2703.88,73.43,90,0.0,3530.19
2703.88,73.76,90,0.0,3530.19
2703.88,73.73,92,0.0,3530.19
2703.88,73.88,92,1.225,3530.19
2703.88,74.08,91,0.0,3530.19
2703.88,74.08,91,0.0,3530.19
2703.88,73.31,90,0.0,3530.19
2703.88,73.2,90,0.0,3530.19
2703.88,73.37,91,1.1875,3530.19
2703.88,70.54,91,2.3875,3530.19
2703.88,69.37,83,0.0,3530.19
2703.88,68.76,83,0.0,3530.19
2703.88,69.02,92,0.0,3530.19
2703.88,68.97,92,0.0,3530.19
2703.88,69.2,90,0.0,3530.19
2703.88,68.92,90,1.2375,3530.19
2703.88,69.47,91,0.0,3530.19
2703.88,69.25,91,0.0,3530.19
2703.88,69.31,90,0.0,3530.19
2703.88,69.12,90,0.0,3530.19
2703.88,71.04,92,2.4625,3530.19
2703.88,73.3,92,0.0,3530.19
2703.88,73.66,86,0.0,3530.19
2703.88,73.25,86,0.0,3530.19
2703.88,73.37,92,0.0,3530.19
2703.88,73.41,92,0.0,3530.19
2703.88,73.65,91,1.225,3530.19
2703.88,73.62,91,0.0,3530.19
2703.88,73.41,91,0.0,3530.19
2703.88,73.33,91,0.0,3530.19
2703.88,73.36,92,0.0,3530.19
2703.88,73.69,92,1.2375,3530.19
2703.88,72.38,91,0.0,3530.19
2703.88,72.08,91,1.225,3530.19
2703.88,73.1,84,0.0,3530.19
2703.88,73.07,84,0.0,3530.19
2703.88,72.91,100,0.0,3530.19
2703.88,71.99,100,1.225,3530.19
2703.88,72.27,92,0.0,3530.19
2703.88,72.8,92,0.0,3530.19
2703.88,72.88,92,0.0,3530.19
2703.88,73.04,92,0.0,3530.19
2703.88,72.62,91,1.225,3530.19
2703.88,72.58,91,0.0,3530.19
2703.88,72.5,91,1.225,3530.19
2703.88,71.65,91,0.0,3530.19
2703.88,70.66,92,0.0,3530.19
2703.88,70.59,92,2.3625,3530.19
2703.88,71.4,93,0.0,3530.19
2703.88,72.2,93,0.0,3530.19
2703.88,71.49,79,1.2125,3530.19
2703.88,71.68,79,0.0,3530.19
2703.88,71.66,90,0.0,3530.19
2703.88,71.87,89,0.0,3530.19
2703.88,72.22,89,1.2125,3530.19
2703.88,72.3,89,0.0,3530.19
2703.88,72.42,89,0.0,3530.19
2703.88,73.06,89,1.2125,3530.19
2703.88,72.64,89,0.0,3530.19
2703.88,72.36,90,2.4375,3530.19
2703.88,71.19,90,0.0,3530.19
2703.88,72.65,81,0.0,3530.19
2703.88,72.38,81,0.0,3530.19
2703.88,72.66,89,1.2125,3530.19
2703.88,72.61,89,0.0,3530.19
2703.88,72.61,89,0.0,3530.19
2703.88,72.72,89,0.0,3530.19
2703.88,72.45,89,1.2125,3530.19
2703.88,72.97,89,0.0,3530.19
2703.88,72.47,89,0.0,3530.19
2703.88,70.56,89,2.425,3530.19
2703.88,70.55,88,0.0,3530.19
2703.88,70.34,88,1.2125,3530.19
2703.88,70.34,89,0.0,3530.19
2703.88,70.19,89,0.0,3530.19
2703.88,70.25,93,0.0,3530.19
2703.88,70.41,93,1.2375,3530.19
2703.88,70.49,91,0.0,3530.19
2703.88,70.2,91,0.0,3530.19
2703.88,70.2,92,0.0,3530.19
2703.88,70.62,92,0.0,3530.19
2703.88,71.08,91,0.0,3530.19
2703.88,71.99,91,1.225,3530.19
2703.88,69.25,85,1.225,3530.19
2703.88,69.4,85,0.0,3530.19
2703.88,69.35,100,0.0,3530.19
2703.88,67.98,100,0.0,3530.19
2703.88,68.04,94,0.0,3530.19
2703.88,68.23,94,0.0,3530.19
2703.88,68.51,91,1.2375,3530.19
2703.88,68.16,91,0.0,3530.19
2703.88,68.37,93,0.0,3530.19
2703.88,68.07,93,0.0,3530.19
2703.88,68.48,91,0.0,3530.19
2703.88,71.51,91,0.0,3530.19
2703.88,71.48,92,0.0,3530.19
2703.88,71.19,92,1.2375,3530.19
2703.88,72.28,93,0.0,3530.19
2703.88,72.81,93,1.225,3530.19
2703.88,72.8,87,0.0,3530.19
2703.88,72.91,87,0.0,3530.19
2703.88,73.66,91,0.0,3530.19
2703.88,73.9,91,0.0,3530.19
2703.88,74.12,92,0.0,3530.19
2703.88,74.04,92,0.0,3530.19
2703.88,73.87,92,1.225,3530.19
2703.88,73.89,92,0.0,3530.19
2703.88,74.08,92,0.0,3530.19
2703.88,74.14,79,1.15,3530.19
2703.88,70.12,79,1.25,3530.19
2703.88,69.86,94,0.0,3530.19
2703.88,69.86,94,0.0,3530.19
2703.88,69.86,92,0.0,3530.19
2703.88,69.97,92,0.0,3530.19
2703.88,70.03,91,0.0,3530.19
2703.88,69.83,91,1.225,3530.19
2703.88,69.7,91,0.0,3530.19
2703.88,69.7,91,0.0,3530.19
2703.88,69.41,91,0.0,3530.19
2703.88,69.41,91,3.65,3530.19
2703.88,73.98,83,0.0,3530.19
2703.88,73.38,83,0.0,3530.19
2703.88,72.9,92,1.2125,3530.19
2703.88,72.93,92,0.0,3530.19
2703.88,72.91,92,0.0,3530.19
2703.88,73.04,92,0.0,3530.19
2703.88,73.09,91,0.0,3530.19
2703.88,73.09,91,1.2375,3530.19
2703.88,73.18,90,0.0,3530.19
2703.88,73.36,90,0.0,3530.19
2703.88,71.87,91,0.0,3530.19
2703.88,73.37,91,1.2375,3530.19
2703.88,73.36,83,1.25,3530.19
2703.88,73.45,83,0.0,3530.19
2703.88,73.39,100,0.0,3530.19
2703.88,73.61,100,0.0,3530.19
2703.88,73.59,90,1.25,3530.19
2703.88,73.59,90,0.0,3530.19
2703.88,74.08,89,0.0,3530.19
2703.88,74.09,89,0.0,3530.19
2703.88,74.09,90,0.0,3530.19
2703.88,74.39,90,1.25,3530.19
2703.88,74.39,88,0.0,3530.19
2703.88,73.24,88,0.0,3530.19
2703.88,73.38,88,0.0,3530.19
2703.88,72.98,88,1.225,3530.19
2703.88,73.22,88,1.2375,3530.19
2703.88,74.06,88,1.2375,3530.19
2703.88,73.47,80,0.0,3530.19
2703.88,73.11,80,0.0,3530.19
2703.88,73.53,89,0.0,3530.19
2703.88,73.24,89,1.25,3530.19
2703.88,72.82,89,0.0,3530.19
2703.88,73.11,89,0.0,3530.19
2703.88,72.86,88,1.25,3530.19
2703.88,73.06,88,0.0,3530.19
2703.88,72.83,88,0.0,3530.19
2703.88,71.7,88,2.4875,3530.19
2703.88,71.7,89,0.0,3530.19
2703.88,72.89,89,0.0,3530.19
2703.88,72.89,85,0.0,3530.19
2703.88,71.27,85,2.4875,3530.19
2703.88,71.47,92,0.0,3530.19
2703.88,71.17,92,0.0,3530.19
2703.88,71.53,89,0.0,3530.19
2703.88,71.43,89,0.0,3530.19
2703.88,71.62,89,1.25,3530.19
2703.88,71.38,89,0.0,3530.19
2703.88,71.36,90,0.0,3530.19
2703.88,71.23,90,0.0,3530.19
2703.88,70.49,89,0.0,3530.19
2703.88,70.5,89,1.25,3530.19
2703.88,72.21,89,1.25,3530.31
2703.88,73.77,89,0.0,3530.31
2703.88,73.69,83,0.0,3530.31
2703.88,73.81,83,1.25,3530.31
2703.88,74.39,88,0.0,3530.31
2703.88,74.46,88,0.0,3530.31
2703.88,74.24,89,0.0,3530.31
2703.88,74.1,89,0.0,3530.31
2703.88,74.18,92,1.25,3530.31
2703.88,74.23,91,0.0,3530.31
2703.88,74.14,91,0.0,3530.31
2703.88,74.0,91,1.25,3530.31
2703.88,72.58,91,0.0,3530.31
2703.88,74.22,85,0.0,3530.31
2703.88,73.37,85,0.0,3530.31
2703.88,72.74,92,0.0,3530.31
2703.88,72.74,92,1.25,3530.31
2703.88,73.0,91,0.0,3530.31
2703.88,73.13,91,0.0,3530.31
2703.88,73.24,93,0.0,3530.31
2703.88,73.4,93,0.0,3530.31
2703.88,73.8,91,0.0,3530.31
2703.88,73.72,91,0.0,3530.31
2703.88,72.16,91,1.225,3530.31
2703.88,72.16,91,1.225,3530.31
2703.88,73.38,91,0.0,3530.31
2703.88,73.49,91,0.0,3530.31
2703.88,72.31,92,0.0,3530.31
2703.88,72.71,92,1.225,3530.31
2703.88,72.89,92,0.0,3530.31
2703.88,72.66,92,1.225,3530.31
2703.88,72.52,93,0.0,3530.31
2703.88,71.92,93,0.0,3530.31
2703.88,71.92,92,0.0,3530.31
2703.88,72.37,92,0.0,3530.31
2703.88,71.68,92,0.0,3530.31
2703.88,71.6,92,1.25,3530.31
2703.88,72.79,93,1.25,3530.31
2703.88,72.84,93,0.0,3530.31
2703.88,72.59,85,0.0,3530.31
2703.88,72.89,85,1.25,3530.31
2703.88,73.13,91,0.0,3530.31
2703.88,73.22,91,0.0,3530.31
2703.88,73.5,92,0.0,3530.31
2703.88,73.45,92,0.0,3530.31
2703.88,73.16,91,1.25,3530.31
2703.88,73.3,91,0.0,3530.31
2703.88,73.42,91,0.0,3530.31
2703.88,73.07,91,1.2,3530.31
2703.88,70.67,81,0.0,3530.31
2703.88,69.53,81,1.2375,3530.31
2703.88,69.45,95,0.0,3530.31
2703.88,69.58,95,0.0,3530.31
2703.88,69.44,91,1.2375,3530.31
2703.88,69.26,91,0.0,3530.31
2703.88,69.44,91,0.0,3530.31
2703.88,69.59,91,0.0,3530.31
2703.88,69.37,92,1.2375,3530.31
2703.88,69.14,92,0.0,3530.31
2703.88,69.23,91,0.0,3530.31
2703.88,70.72,91,2.4875,3530.31
2703.88,72.77,80,0.0,3530.31
2703.88,72.95,80,0.0,3530.31
2703.88,72.56,95,1.2375,3530.31
2703.88,72.23,95,0.0,3530.31
2703.88,72.59,91,0.0,3530.31
2703.88,72.44,91,0.0,3530.31
2703.88,72.36,92,1.2375,3530.31
2703.88,72.47,92,0.0,3530.31
2703.88,72.65,93,0.0,3530.31
2703.88,72.64,93,0.0,3530.31
2703.88,72.9,92,0.0,3530.31
2703.88,71.79,92,1.2375,3530.31
2703.88,71.55,91,1.2375,3530.31
2703.88,72.23,91,0.0,3530.31
2703.88,72.33,85,0.0,3530.31
2703.88,72.34,85,1.25,3530.31
2703.88,72.61,91,0.0,3530.31
2703.88,72.61,91,0.0,3530.31
2703.88,72.81,92,1.25,3530.31
2703.88,72.74,92,1.25,3530.31
2703.88,72.99,91,0.0,3530.31
2703.88,72.92,91,0.0,3530.31
2703.88,73.34,91,0.0,3530.31
2703.88,73.15,91,2.4875,3530.31
2703.88,73.6,81,0.0,3530.31
2703.88,73.05,81,0.0,3530.31
2703.88,73.14,94,1.2125,3530.31
2703.88,73.0,94,0.0,3530.31
2703.88,73.3,92,0.0,3530.31
2703.88,73.3,91,0.0,3530.31
2703.88,73.37,91,0.0,3530.31
2703.88,73.33,90,1.225,3530.31
2703.88,73.45,90,0.0,3530.31
2703.88,72.99,92,0.0,3530.31
2703.88,72.98,92,1.175,3530.31
2703.88,71.5,81,0.0,3530.31
2703.88,73.08,81,0.0,3530.31
2703.88,72.34,92,1.25,3530.31
2703.88,72.28,92,0.0,3530.31
2703.88,72.34,92,0.0,3530.31
2703.88,72.48,92,0.0,3530.31
2703.88,72.26,91,0.0,3530.31
2703.88,72.21,91,1.225,3530.31
2703.88,72.4,91,1.2125,3530.31
2703.88,72.73,91,0.0,3530.31
2703.88,73.1,91,0.0,3530.31
2703.88,70.64,90,2.425,3530.31
2703.88,71.02,85,0.0,3530.31
2703.88,71.51,85,0.0,3530.31
2703.88,71.63,89,1.225,3530.31
2703.88,70.96,89,0.0,3530.31
2703.88,70.97,85,0.0,3530.31
2703.88,71.01,85,0.0,3530.31
2703.88,71.22,88,0.0,3530.31
2703.88,71.46,88,1.2125,3530.31
2703.88,71.11,90,0.0,3530.31
2703.88,71.29,90,0.0,3530.31
2703.88,72.64,88,1.15,3530.31
2703.88,69.44,88,1.1625,3530.31
2703.88,68.71,81,0.0,3530.31
2703.88,68.7,81,1.1875,3530.31
2703.88,69.18,87,0.0,3530.31
2703.88,69.46,87,1.2125,3530.31
2703.88,69.82,88,0.0,3530.31
2703.88,69.83,88,0.0,3530.31
2703.88,69.63,88,0.0,3530.31
2703.88,69.66,88,1.2125,3530.31
2703.88,69.37,88,0.0,3530.31
2703.88,69.66,88,0.0,3530.31
2703.88,72.63,90,2.425,3530.31
2703.88,70.05,90,0.0,3530.31
2703.88,68.49,80,1.2125,3530.31
2703.88,68.52,80,0.0,3530.31
2703.88,68.35,88,0.0,3530.31
2703.88,68.37,88,1.2125,3530.31
2703.88,68.19,89,0.0,3530.31
2703.88,68.08,89,1.2125,3530.31
2703.88,68.38,90,0.0,3530.31
2703.88,68.52,90,0.0,3530.31
2703.88,68.43,89,1.2125,3530.31
2703.88,68.52,89,0.0,3530.31
2703.88,71.21,90,2.375,3530.31
2703.88,74.08,90,0.0,3530.31
2703.88,73.45,82,0.0,3530.31
2703.88,73.49,82,1.1875,3530.31
2703.88,73.81,91,0.0,3530.31
2703.88,73.81,91,0.0,3530.31
2703.88,74.12,91,0.0,3530.31
2703.88,73.35,91,1.2125,3530.31
2703.88,73.35,91,0.0,3530.31
2703.88,73.19,92,0.0,3530.31
2703.88,73.17,92,1.2125,3530.31
2703.88,71.51,91,1.2125,3530.31
2703.88,72.79,91,0.0,3530.31
2703.88,72.71,83,1.2125,3530.31
2703.88,72.69,83,0.0,3530.31
2703.88,72.69,91,0.0,3530.31
2703.88,72.84,91,1.2125,3530.31
2703.88,73.28,92,0.0,3530.31
2703.88,73.28,92,0.0,3530.31
2703.88,73.62,91,0.0,3530.31
2703.88,73.62,91,2.4375,3530.31
2703.88,73.39,91,0.0,3530.31
2703.88,69.71,91,1.2125,3530.31
2703.88,69.12,80,0.0,3530.31
2703.88,69.0,80,1.1875,3530.31
2703.88,68.86,94,0.0,3530.31
2703.88,69.08,94,1.2125,3530.31
2703.88,69.16,91,0.0,3530.31
2703.88,69.15,91,0.0,3530.31
2703.88,69.04,91,0.0,3530.31
2703.88,68.59,91,1.2125,3530.31
2703.88,68.78,91,0.0,3530.31
2703.88,68.78,91,0.0,3530.31
2703.88,71.94,92,2.325,3530.31
2703.88,74.04,92,0.0,3530.31
2703.88,73.32,78,0.0,3530.31
2703.88,73.3,78,1.225,3530.31
2703.88,73.31,93,0.0,3530.31
2703.88,73.16,91,0.0,3530.31
2703.88,73.18,91,1.2125,3530.31
2703.88,73.18,91,0.0,3530.31
2703.88,73.88,91,0.0,3530.31
2703.88,73.86,90,0.0,3530.31
2703.88,73.89,90,1.225,3530.31
2703.88,73.43,93,0.0,3530.31
2703.88,71.96,93,1.2375,3530.31
2703.88,73.37,81,1.1875,3530.31
2703.88,73.25,81,0.0,3530.31
2703.88,73.23,92,0.0,3530.31
2703.88,72.7,92,1.2125,3530.31
2703.88,72.9,90,0.0,3530.31
2703.88,72.78,90,0.0,3530.31
2703.88,73.18,90,1.2125,3530.31
2703.88,72.91,90,0.0,3530.31
2703.88,72.96,92,0.0,3530.31
2703.88,73.25,92,0.0,3530.31
2703.88,73.0,91,1.25,3530.31
2703.88,72.26,91,1.25,3530.31
2703.88,71.1,85,1.25,3530.31
2703.88,70.94,85,0.0,3530.31
2703.88,72.15,90,0.0,3530.31
2703.88,72.18,90,1.25,3530.31
2703.88,72.59,92,0.0,3530.31
2703.88,72.54,92,0.0,3530.31
2703.88,72.54,91,0.0,3530.31
2703.88,72.74,91,1.25,3530.31
2703.88,72.5,91,0.0,3530.31
2703.88,72.45,91,0.0,3530.31
2703.88,72.23,91,1.2375,3530.31
2703.88,74.46,87,1.25,3530.31
2703.88,74.52,87,0.0,3530.31
2703.88,74.08,94,0.0,3530.31
2703.88,73.86,94,1.25,3530.31
2703.88,73.49,92,0.0,3530.31
2703.88,73.66,92,0.0,3530.31
2703.88,73.66,92,0.0,3530.31
2703.88,73.86,91,0.0,3530.31
2703.88,73.73,91,1.25,3530.31
2703.88,73.99,92,0.0,3530.31
2703.88,72.99,92,0.0,3530.31
2703.88,71.91,92,0.0,3530.31
2703.88,71.86,92,2.4875,3530.31
2703.88,72.38,91,1.2375,3530.31
2703.88,71.84,91,0.0,3530.31
2703.88,72.22,83,1.25,3530.31
2703.88,71.95,83,0.0,3530.31
2703.88,71.95,92,0.0,3530.31
2703.88,71.89,92,1.25,3530.31
2703.88,72.06,90,0.0,3530.31
2703.88,72.06,90,0.0,3530.31
2703.88,71.94,90,1.25,3530.31
2703.88,71.79,90,0.0,3530.31
2703.88,71.8,91,0.0,3530.31
2703.88,71.5,91,1.25,3530.31
2703.88,70.77,93,0.0,3530.31
2703.88,71.75,93,0.0,3530.31
2703.88,72.18,84,1.25,3530.31
2703.88,72.18,84,0.0,3530.31
2703.88,72.34,91,0.0,3530.31
2703.88,71.86,91,0.0,3530.31
2703.88,72.12,90,0.0,3530.31
2703.88,72.05,90,0.0,3530.31
2703.88,72.07,91,1.225,3530.31
2703.88,72.66,91,0.0,3530.31
2703.88,72.79,92,0.0,3530.31
2703.88,72.95,92,1.225,3530.31
2703.88,71.94,81,0.0,3530.31
2703.88,72.1,81,0.0,3530.31
2703.88,71.66,100,1.225,3530.31
2703.88,70.91,100,0.0,3530.31
2703.88,71.69,91,0.0,3530.31
2703.88,71.67,91,0.0,3530.31
2703.88,71.41,91,0.0,3530.31
2703.88,71.39,91,0.0,3530.31
2703.88,71.43,93,1.225,3530.31
2703.88,71.36,88,0.0,3530.31
2703.88,71.66,88,0.0,3530.31
2703.88,72.09,88,0.0,3530.31
2703.88,71.81,88,2.4375,3530.31
2703.88,71.53,91,1.2125,3530.31
2703.88,72.22,91,0.0,3530.31
2703.88,73.01,80,1.2,3530.31
2703.88,72.61,80,0.0,3530.31
2703.88,72.51,89,0.0,3530.31
2703.88,72.74,89,0.0,3530.31
2703.88,73.02,89,1.2125,3530.31
2703.88,73.38,89,0.0,3530.31
2703.88,73.08,90,0.0,3530.31
2703.88,73.1,90,0.0,3530.31
2703.88,73.34,89,1.2125,3530.31
2703.88,72.9,89,1.175,3530.31
2703.88,72.9,85,0.0,3530.31
2703.88,71.36,85,1.25,3530.31
2703.88,72.03,89,0.0,3530.31
2703.88,72.19,89,1.2375,3530.31
2703.88,71.31,97,1.25,3530.31
2703.88,71.3,97,0.0,3530.31
2703.88,71.71,90,0.0,3530.31
2703.88,71.76,90,0.0,3530.31
2703.88,71.83,91,1.2375,3530.31
2703.88,71.71,91,0.0,3530.31
2703.88,71.96,93,0.0,3530.31
2703.88,73.53,93,1.2375,3530.31
2703.88,72.94,93,0.0,3530.31
2703.88,72.61,93,0.0,3530.31
2703.88,72.2,92,0.0,3530.31
2703.88,73.08,92,2.4875,3530.31
2703.88,74.06,81,0.0,3530.31
2703.88,73.09,81,1.2375,3530.31
2703.88,72.96,94,0.0,3530.31
2703.88,73.3,94,0.0,3530.31
2703.88,73.39,91,1.25,3530.31
2703.88,73.44,91,0.0,3530.31
2703.88,73.36,92,0.0,3530.31
2703.88,72.99,92,0.0,3530.31
2703.88,73.11,92,1.25,3530.31
2703.88,73.06,92,0.0,3530.31
2703.88,72.42,92,2.4875,3530.31
2703.88,71.25,92,0.0,3530.31
2703.88,72.37,82,1.25,3530.31
2703.88,71.82,82,0.0,3530.31
2703.88,71.89,91,0.0,3530.31
2703.88,72.11,91,0.0,3530.31
2703.88,72.37,91,1.2375,3530.31
2703.88,72.23,92,0.0,3530.31
2703.88,72.46,92,0.0,3530.31
2703.88,72.32,92,1.2375,3530.31
2703.88,72.2,91,0.0,3530.31
2703.88,72.44,91,0.0,3530.31
2703.88,72.34,92,2.4875,3530.31
2703.88,71.73,80,1.2375,3530.31
2703.88,70.73,80,1.2375,3530.31
2703.88,70.61,88,0.0,3530.31
2703.88,70.79,88,0.0,3530.31
2703.88,71.12,88,1.25,3530.31
2703.88,71.5,89,0.0,3530.31
2703.88,71.41,89,0.0,3530.31
2703.88,71.57,89,0.0,3530.31
2703.88,71.59,89,1.2125,3530.31
2703.88,71.45,89,0.0,3530.31
2703.88,71.49,88,0.0,3530.31
2703.88,74.15,88,2.425,3530.31
2703.88,74.18,85,0.0,3530.31
2703.88,73.63,85,0.0,3530.31
2703.88,73.03,95,1.2125,3530.31
2703.88,72.37,95,0.0,3530.31
2703.88,72.27,89,0.0,3530.31
2703.88,72.2,89,0.0,3530.31
2703.88,72.17,89,0.0,3530.31
2703.88,72.48,89,2.4125,3530.31
2703.88,72.34,91,0.0,3530.31
2703.88,72.7,91,0.0,3530.31
2703.88,71.65,91,0.0,3530.31
2703.88,71.3,91,1.2375,3530.31
2703.88,71.81,91,0.0,3530.31
2703.88,69.09,91,2.4875,3530.31
2703.88,69.35,82,0.0,3530.31
2703.88,69.24,82,0.0,3530.31
2703.88,69.31,95,1.25,3530.31
2703.88,69.37,95,0.0,3530.31
2703.88,69.39,91,0.0,3530.31
2703.88,69.63,91,0.0,3530.31
2703.88,69.24,92,1.25,3530.31
2703.88,69.15,92,0.0,3530.31
2703.88,69.15,92,0.0,3530.31
2703.88,68.85,92,0.0,3530.31
2703.88,72.09,91,0.0,3530.31
2703.88,72.13,91,1.2375,3530.31
2703.88,71.61,92,1.2375,3530.31
2703.88,72.45,92,0.0,3530.31
2703.88,72.68,86,1.2375,3530.31
2703.88,72.95,86,0.0,3530.31
2703.88,73.13,100,0.0,3530.31
2703.88,73.13,100,0.0,3530.31
2703.88,73.21,100,0.0,3530.31
2703.88,73.32,91,1.25,3530.31
2703.88,73.4,91,0.0,3530.31
2703.88,73.11,92,0.0,3530.31
2703.88,72.94,92,0.0,3530.31
2703.88,73.16,92,0.0,3530.31
2703.88,72.41,91,0.0,3530.31
2703.88,72.41,91,1.2375,3530.31
2703.88,72.41,91,0.0,3530.31
2703.88,71.21,93,1.2375,3530.31
2703.88,71.21,81,1.2375,3530.31
2703.88,68.28,81,0.0,3530.31
2703.88,67.94,94,1.2375,3530.31
2703.88,68.25,94,0.0,3530.31
2703.88,68.16,91,0.0,3530.31
2703.88,68.59,91,1.2375,3530.31
2703.88,68.88,91,0.0,3530.31
2703.88,68.85,91,0.0,3530.31
2703.88,68.72,91,1.2375,3530.31
2703.88,68.84,91,0.0,3530.31
2703.88,69.52,92,0.0,3530.31
2703.88,69.52,92,2.4875,3530.31
2703.88,74.0,82,0.0,3530.31
2703.88,72.93,82,0.0,3530.31
2703.88,72.67,94,1.2375,3530.31
2703.88,72.67,94,0.0,3530.31
2703.88,72.83,91,0.0,3530.31
2703.88,72.91,91,1.2375,3530.31
2703.88,73.1,92,0.0,3530.31
2703.88,73.18,92,0.0,3530.31
2703.88,73.05,92,0.0,3530.31
2703.88,73.1,92,1.25,3530.31
2703.88,72.93,92,0.0,3530.31
2703.88,71.46,92,1.2375,3530.31
2703.88,73.6,81,1.2375,3530.31
2703.88,73.92,81,0.0,3530.31
2703.88,73.48,96,0.0,3530.31
2703.88,73.31,96,0.0,3530.31
2703.88,73.29,92,2.4375,3530.31
2703.88,73.31,92,0.0,3530.31
2703.88,73.08,91,0.0,3530.31
2703.88,72.7,91,0.0,3530.31
2703.88,72.52,92,1.2125,3530.31
2703.88,72.27,92,0.0,3530.31
2703.88,72.7,91,0.0,3530.31
2703.88,71.41,91,1.2125,3530.31
2703.88,70.98,93,1.2125,3530.31
2703.88,73.49,93,0.0,3530.31
2703.88,72.76,83,0.0,3530.31
2703.88,72.81,83,1.2125,3530.31
2703.88,73.16,91,0.0,3530.31
2703.88,72.73,91,0.0,3530.31
2703.88,73.14,91,1.2125,3530.31
2703.88,73.31,91,1.2125,3530.31
2703.88,73.78,91,0.0,3530.31
2703.88,73.72,91,0.0,3530.31
2703.88,73.72,92,1.2125,3530.31
2703.88,74.0,92,1.2125,3530.31
2703.88,71.73,91,0.0,3530.31
2703.88,72.75,91,1.1875,3530.31
2703.88,72.75,83,0.0,3530.31
2703.88,72.55,83,0.0,3530.31
2703.88,73.37,92,1.2125,3530.31
2703.88,73.36,91,0.0,3530.31
2703.88,73.47,91,0.0,3530.31
2703.88,73.3,91,0.0,3530.31
2703.88,73.11,91,1.2125,3530.31
2703.88,72.99,92,0.0,3530.31
2703.88,73.29,92,2.425,3530.31
2703.88,73.68,80,0.0,3530.31
2703.88,72.84,80,0.0,3530.31
2703.88,72.92,94,1.2125,3530.31
2703.88,72.91,91,0.0,3530.31
2703.88,73.29,91,0.0,3530.31
2703.88,73.29,91,1.2125,3530.31
2703.88,73.27,92,0.0,3530.31
2703.88,73.29,91,0.0,3530.31
2703.88,72.97,91,0.0,3530.31
2703.88,72.97,91,1.2125,3530.31
2703.88,72.03,91,1.2125,3530.31
2703.88,73.4,91,0.0,3530.31
2703.88,73.18,85,1.225,3530.31
2703.88,72.96,85,0.0,3530.31
2703.88,72.5,91,0.0,3530.31
2703.88,72.32,91,0.0,3530.31
2703.88,72.43,92,1.2375,3530.31
2703.88,72.37,91,1.1875,3530.31
2703.88,71.99,91,0.0,3530.31
2703.88,72.06,91,1.2125,3530.31
2703.88,71.92,91,0.0,3530.31
2703.88,72.16,91,0.0,3530.31
2703.88,69.94,91,2.4125,3530.31
2703.88,70.26,84,0.0,3530.31
2703.88,70.11,84,0.0,3530.31
2703.88,70.49,90,1.2125,3530.31
2703.88,71.05,90,0.0,3530.31
2703.88,70.74,90,0.0,3530.31
2703.88,70.87,91,0.0,3530.31
2703.88,71.32,91,1.2125,3530.31
2703.88,71.39,93,0.0,3530.31
2703.88,71.11,92,0.0,3530.31
2703.88,70.94,92,1.2125,3530.31
2703.88,72.44,92,1.2125,3530.31
2703.88,72.76,92,1.2125,3530.31
2703.88,72.17,81,0.0,3530.31
2703.88,72.03,81,0.0,3530.31
2703.88,72.0,91,0.0,3530.31
2703.88,72.35,92,2.4375,3530.31
2703.88,72.51,92,0.0,3530.31
2703.88,72.62,91,0.0,3530.31
2703.88,72.59,91,1.2125,3530.31
2703.88,72.97,91,0.0,3530.31
2703.88,73.09,91,0.0,3530.31
2703.88,72.86,91,2.3875,3530.31
2703.88,72.32,91,0.0,3530.31
2703.88,74.17,80,1.2125,3530.31
2703.88,73.95,80,0.0,3530.31
2703.88,73.44,91,0.0,3530.31
2703.88,73.43,91,0.0,3530.31
2703.88,73.69,93,1.2125,3530.31
2703.88,73.79,93,0.0,3530.31
2703.88,74.19,91,0.0,3530.31
2703.88,74.24,91,0.0,3530.31
2703.88,73.95,91,1.1875,3530.31
2703.88,74.19,91,0.0,3530.31
2703.88,73.87,87,1.2125,3530.31
2703.88,71.22,87,1.2125,3530.31
2703.88,71.63,87,0.0,3530.31
2703.88,71.64,87,0.0,3530.31
2703.88,71.08,91,1.2125,3530.31
2703.88,71.32,91,0.0,3530.31
2703.88,70.9,92,1.2125,3530.31
2703.88,70.73,92,0.0,3530.31
2703.88,70.78,91,1.2125,3530.31
2703.88,70.74,91,0.0,3530.31
2703.88,70.78,90,0.0,3530.31
2703.88,72.41,90,2.4375,3530.31
2703.88,73.93,82,0.0,3530.31
2703.88,73.93,82,0.0,3530.31
2703.88,73.86,100,0.0,3530.31
2703.88,74.08,100,1.2125,3530.31
2703.88,73.8,92,0.0,3530.31
2703.88,74.25,92,0.0,3530.31
2703.88,74.29,91,1.2125,3530.31
2703.88,74.44,91,0.0,3530.31
2703.88,74.47,91,0.0,3530.31
2703.88,74.32,91,1.2125,3530.31
2703.88,74.37,91,0.0,3530.31
2703.88,72.91,91,0.0,3530.31
2703.88,72.44,93,2.275,3530.31
2703.88,72.37,93,0.0,3530.31
2703.88,73.51,79,0.0,3530.31
2703.88,73.41,79,1.2375,3530.31
2703.88,73.2,93,1.2375,3530.31
2703.88,73.51,93,0.0,3530.31
2703.88,73.74,91,0.0,3530.31
2703.88,73.77,91,1.25,3530.31
2703.88,74.23,91,0.0,3530.31
2703.88,74.21,93,0.0,3530.31
2703.88,73.96,93,1.2375,3530.31
2703.88,74.03,93,0.0,3530.31
2703.88,73.73,91,2.4875,3530.31
2703.88,70.02,83,0.0,3530.31
2703.88,70.04,83,0.0,3530.31
2703.88,70.0,90,0.0,3530.31
2703.88,70.01,90,1.2375,3530.31
2703.88,69.85,91,0.0,3530.31
2703.88,69.67,91,0.0,3530.31
2703.88,69.66,92,1.25,3530.31
2703.88,69.67,92,0.0,3530.31
2703.88,69.46,91,0.0,3530.31
2703.88,69.7,91,1.2375,3530.31
2703.88,72.35,90,1.1875,3530.31
2703.88,73.38,90,1.2125,3530.31
2703.88,72.68,81,0.0,3530.31
2703.88,72.41,81,0.0,3530.31
2703.88,72.25,91,1.2375,3530.31
2703.88,72.94,91,0.0,3530.31
2703.88,73.09,92,0.0,3530.31
2703.88,73.47,92,0.0,3530.31
2703.88,73.73,91,1.2375,3530.31
2703.88,73.82,91,0.0,3530.31
2703.88,73.4,91,0.0,3530.31
2703.88,73.29,91,1.2375,3530.31
2703.88,71.91,92,1.2375,3530.31
2703.88,73.31,92,0.0,3530.31
2703.88,73.41,83,1.2375,3530.31
2703.88,73.67,83,0.0,3530.31
2703.88,73.5,91,0.0,3530.31
2703.88,73.61,91,0.0,3530.31
2703.88,73.3,91,1.2375,3530.31
2703.88,73.1,91,0.0,3530.31
2703.88,72.95,91,0.0,3530.31
2703.88,73.09,91,0.0,3530.31
2703.88,72.83,92,0.0,3530.31
2703.88,73.06,92,2.4,3530.31
2703.88,70.45,80,0.0,3530.31
2703.88,69.21,80,0.0,3530.31
2703.88,69.11,93,2.4875,3530.31
2703.88,68.97,93,0.0,3530.31
2703.88,68.39,93,0.0,3530.31
2703.88,68.66,91,0.0,3530.31
2703.88,68.63,91,0.0,3530.31
2703.88,68.94,92,1.25,3530.31
2703.88,69.13,92,0.0,3530.31
2703.88,69.31,91,0.0,3530.31
2703.88,69.72,91,0.0,3530.31
2703.88,71.55,91,1.25,3530.31
2703.88,73.64,85,1.25,3530.31
2703.88,73.06,85,0.0,3530.31
2703.88,73.14,85,0.0,3530.31
2703.88,73.7,92,0.0,3530.31
2703.88,73.59,92,1.225,3530.31
2703.88,73.76,91,0.0,3530.31
2703.88,73.59,91,0.0,3530.31
2703.88,73.62,92,0.0,3530.31
2703.88,73.61,91,0.0,3530.31
2703.88,72.91,91,0.0,3530.31
2703.88,72.71,91,1.225,3530.31
2703.88,71.7,85,2.4375,3530.31
2703.88,72.66,85,0.0,3530.31
2703.88,72.53,100,0.0,3530.31
2703.88,72.12,100,0.0,3530.31
2703.88,72.12,100,1.225,3530.31
2703.88,72.19,92,0.0,3530.31
2703.88,72.07,92,0.0,3530.31
2703.88,72.08,92,0.0,3530.31
2703.88,72.63,92,0.0,3530.31
2703.88,72.7,92,1.225,3530.31
2703.88,72.78,92,0.0,3530.31
2703.88,72.43,93,0.0,3530.31
2703.88,72.46,93,0.0,3530.31
2703.88,71.97,91,0.0,3530.31
2703.88,72.78,91,2.45,3530.31
2703.88,71.51,84,0.0,3530.31
2703.88,71.83,92,0.0,3530.31
2703.88,72.14,92,0.0,3530.31
2703.88,72.27,92,0.0,3530.31
2703.88,72.25,92,1.2125,3530.31
2703.88,72.61,92,0.0,3530.31
2703.88,72.63,91,0.0,3530.31
2703.88,72.35,91,1.2125,3530.31
2703.88,72.11,92,0.0,3530.31
2703.88,72.41,92,0.0,3530.31
2703.88,71.44,91,2.425,3530.31
2703.88,73.76,82,0.0,3530.31
2703.88,73.32,82,1.2125,3530.31
2703.88,73.44,82,0.0,3530.31
2703.88,73.51,92,0.0,3530.31
2703.88,72.73,88,0.0,3530.31
2703.88,72.87,88,2.4375,3530.31
2703.88,72.63,90,0.0,3530.31
2703.88,72.97,90,0.0,3530.31
2703.88,72.93,90,1.2125,3530.31
2703.88,72.87,88,0.0,3530.31
2703.88,73.07,89,0.0,3530.31
2703.88,71.97,89,2.4375,3530.31
2703.88,73.18,79,0.0,3530.31
2703.88,73.01,79,1.2125,3530.31
2703.88,73.07,89,0.0,3530.44
2703.88,73.82,89,0.0,3530.44
2703.88,73.61,89,1.2125,3530.44
2703.88,74.02,90,0.0,3530.44
2703.88,73.66,90,0.0,3530.44
2703.88,73.91,89,0.0,3530.44
2703.88,73.92,89,1.2125,3530.44
2703.88,74.08,89,0.0,3530.44
2703.88,73.87,89,2.4375,3530.44
2703.88,71.28,81,0.0,3530.44
2703.88,71.87,81,0.0,3530.44
2703.88,71.61,89,1.2125,3530.44
2703.88,72.04,89,0.0,3530.44
2703.88,72.31,92,1.2125,3530.44
2703.88,72.58,92,0.0,3530.44
2703.88,72.13,92,0.0,3530.44
2703.88,71.81,92,1.2125,3530.44
2703.88,71.56,92,0.0,3530.44
2703.88,71.81,92,0.0,3530.44
2703.88,72.88,92,1.2125,3530.44
2703.88,68.94,92,2.425,3530.44
2703.88,68.87,83,0.0,3530.44
2703.88,68.35,83,1.2125,3530.44
2703.88,68.42,90,0.0,3530.44
2703.88,68.19,90,0.0,3530.44
2703.88,67.92,92,1.2125,3530.44
2703.88,68.64,92,0.0,3530.44
2703.88,68.87,93,0.0,3530.44
2703.88,68.96,93,1.2125,3530.44
2703.88,68.78,91,0.0,3530.44
2703.88,68.94,91,0.0,3530.44
2703.88,72.11,92,2.425,3530.44
2703.88,73.83,92,0.0,3530.44
2703.88,73.41,83,0.0,3530.44
2703.88,73.15,83,1.2125,3530.44
2703.88,73.18,92,0.0,3530.44
2703.88,73.39,92,0.0,3530.44
2703.88,72.95,92,0.0,3530.44
2703.88,73.27,92,1.2125,3530.44
2703.88,73.28,93,0.0,3530.44
2703.88,73.36,93,0.0,3530.44
2703.88,73.53,92,1.2125,3530.44
2703.88,73.45,92,2.425,3530.44
2703.88,70.66,89,1.2125,3530.44
2703.88,71.68,89,0.0,3530.44
2703.88,71.98,90,0.0,3530.44
2703.88,71.91,90,0.0,3530.44
2703.88,71.81,91,1.2125,3530.44
2703.88,71.98,91,0.0,3530.44
2703.88,71.7,92,0.0,3530.44
2703.88,71.73,92,1.2125,3530.44
2703.88,71.42,92,0.0,3530.44
2703.88,71.45,92,0.0,3530.44
2703.88,71.58,92,1.2125,3530.44
2703.88,72.82,92,0.0,3530.44
2703.88,72.03,92,2.425,3530.44
2703.88,71.62,83,0.0,3530.44
2703.88,72.02,83,0.0,3530.44
2703.88,72.14,96,1.2125,3530.44
2703.88,72.0,96,0.0,3530.44
2703.88,72.62,92,0.0,3530.44
2703.88,72.62,92,1.2,3530.44
2703.88,72.82,92,0.0,3530.44
2703.88,72.68,92,0.0,3530.44
2703.88,72.4,93,1.2125,3530.44
2703.88,72.69,93,0.0,3530.44
2703.88,72.92,92,0.0,3530.44
2703.88,72.23,92,2.2875,3530.44
2703.88,73.1,92,1.1625,3530.44
2703.88,72.92,92,0.0,3530.44
2703.88,72.09,86,1.2375,3530.44
2703.88,72.2,86,0.0,3530.44
2703.88,72.67,93,0.0,3530.44
2703.88,72.95,93,1.25,3530.44
2703.88,73.23,92,0.0,3530.44
2703.88,73.2,92,0.0,3530.44
2703.88,72.93,92,0.0,3530.44
2703.88,73.0,92,1.2125,3530.44
2703.88,72.87,92,0.0,3530.44
2703.88,72.2,92,0.0,3530.44
2703.88,72.17,92,1.2125,3530.44
2703.88,71.72,81,1.2125,3530.44
2703.88,70.89,81,1.2125,3530.44
2703.88,70.94,81,0.0,3530.44
2703.88,71.07,94,0.0,3530.44
2703.88,71.15,91,1.2125,3530.44
2703.88,70.93,91,0.0,3530.44
2703.88,71.19,91,0.0,3530.44
2703.88,71.03,91,0.0,3530.44
2703.88,70.72,92,1.2125,3530.44
2703.88,70.3,92,0.0,3530.44
2703.88,70.03,91,0.0,3530.44
2703.88,70.92,91,2.4375,3530.44
2703.88,72.56,82,0.0,3530.44
2703.88,72.4,82,1.2125,3530.44
2703.88,72.16,92,0.0,3530.44
2703.88,72.27,92,0.0,3530.44
2703.88,72.11,92,0.0,3530.44
2703.88,72.21,92,1.2125,3530.44
2703.88,72.42,91,0.0,3530.44
2703.88,72.27,91,0.0,3530.44
2703.88,72.5,92,1.2125,3530.44
2703.88,72.86,92,0.0,3530.44
2703.88,72.91,92,2.4375,3530.44
2703.88,69.01,92,1.2125,3530.44
2703.88,69.13,84,0.0,3530.44
2703.88,69.44,84,0.0,3530.44
2703.88,69.29,100,0.0,3530.44
2703.88,69.63,100,1.2125,3530.44
2703.88,69.67,92,0.0,3530.44
2703.88,69.66,92,0.0,3530.44
2703.88,70.03,92,1.225,3530.44
2703.88,70.05,93,0.0,3530.44
2703.88,69.7,93,0.0,3530.44
2703.88,69.92,92,1.2125,3530.44
2703.88,73.07,92,0.0,3530.44
2703.88,72.99,92,0.0,3530.44
2703.88,72.56,92,1.2125,3530.44
2703.88,72.28,82,1.2125,3530.44
2703.88,69.25,82,0.0,3530.44
2703.88,68.69,92,0.0,3530.44
2703.88,68.56,92,1.2125,3530.44
2703.88,68.48,92,0.0,3530.44
2703.88,69.0,92,0.0,3530.44
2703.88,69.0,92,1.2125,3530.44
2703.88,68.73,92,1.2125,3530.44
2703.88,68.66,92,0.0,3530.44
2703.88,68.73,92,1.2125,3530.44
2703.88,69.07,91,0.0,3530.44
2703.88,71.72,91,1.2125,3530.44
2703.88,73.69,80,1.2125,3530.44
2703.88,73.46,80,0.0,3530.44
2703.88,73.86,93,0.0,3530.44
2703.88,73.86,93,1.2125,3530.44
2703.88,73.95,91,0.0,3530.44
2703.88,73.87,91,0.0,3530.44
2703.88,73.76,91,0.0,3530.44
2703.88,73.83,91,1.2125,3530.44
2703.88,73.63,91,0.0,3530.44
2703.88,73.22,91,0.0,3530.44
2703.88,73.48,92,2.4375,3530.44
2703.88,70.18,92,0.0,3530.44
2703.88,70.79,83,1.2125,3530.44
2703.88,70.45,83,0.0,3530.44
2703.88,70.45,91,0.0,3530.44
2703.88,70.41,91,0.0,3530.44
2703.88,70.37,91,1.2125,3530.44
2703.88,70.49,91,0.0,3530.44
2703.88,70.37,92,0.0,3530.44
2703.88,70.55,92,1.2125,3530.44
2703.88,70.7,92,1.2125,3530.44
2703.88,72.21,92,1.1375,3530.44
2703.88,73.59,92,1.1625,3530.44
2703.88,73.21,82,0.0,3530.44
2703.88,73.2,82,1.2375,3530.44
2703.88,72.77,82,0.0,3530.44
2703.88,73.28,92,0.0,3530.44
2703.88,73.53,92,0.0,3530.44
2703.88,73.17,92,1.2125,3530.44
2703.88,73.47,92,0.0,3530.44
2703.88,73.36,92,0.0,3530.44
2703.88,73.31,92,1.2125,3530.44
2703.88,73.1,92,0.0,3530.44
2703.88,71.42,92,1.225,3530.44
2703.88,72.61,92,0.0,3530.44
2703.88,72.38,83,1.225,3530.44
2703.88,72.68,83,0.0,3530.44
2703.88,72.63,91,0.0,3530.44
2703.88,72.8,91,1.2125,3530.44
2703.88,72.97,92,0.0,3530.44
2703.88,73.05,92,0.0,3530.44
2703.88,73.14,92,0.0,3530.44
2703.88,73.02,92,1.225,3530.44
2703.88,73.19,91,0.0,3530.44
2703.88,73.3,91,1.2125,3530.44
2703.88,74.2,81,1.2125,3530.44
2703.88,74.55,81,0.0,3530.44
2703.88,73.64,99,0.0,3530.44
2703.88,73.56,99,1.2125,3530.44
2703.88,73.58,91,0.0,3530.44
2703.88,73.76,92,1.2125,3530.44
2703.88,73.61,92,0.0,3530.44
2703.88,73.65,93,1.2125,3530.44
2703.88,73.72,93,0.0,3530.44
2703.88,73.54,92,0.0,3530.44
2703.88,73.54,92,0.0,3530.44
2703.88,71.51,92,1.2125,3530.44
2703.88,71.07,92,1.2125,3530.44
2703.88,71.07,82,0.0,3530.44
2703.88,71.76,82,1.225,3530.44
2703.88,71.08,86,0.0,3530.44
2703.88,71.36,86,0.0,3530.44
2703.88,71.54,87,0.0,3530.44
2703.88,71.7,87,1.225,3530.44
2703.88,71.91,90,0.0,3530.44
2703.88,71.88,90,0.0,3530.44
2703.88,71.99,89,0.0,3530.44
2703.88,70.87,89,1.2125,3530.44
2703.88,71.5,88,0.0,3530.44
2703.88,68.74,88,1.2125,3530.44
2703.88,69.3,83,1.2125,3530.44
2703.88,69.31,83,0.0,3530.44
2703.88,69.09,87,0.0,3530.44
2703.88,69.29,87,1.2125,3530.44
2703.88,69.37,88,0.0,3530.44
2703.88,69.35,88,0.0,3530.44
2703.88,68.45,88,0.0,3530.44
2703.88,68.65,88,1.1875,3530.44
2703.88,69.57,88,0.0,3530.44
2703.88,69.8,88,1.2125,3530.44
2703.88,71.53,90,2.4375,3530.44
2703.88,68.51,90,0.0,3530.44
2703.88,68.32,84,1.2125,3530.44
2703.88,68.59,84,0.0,3530.44
2703.88,68.68,89,0.0,3530.44
2703.88,68.62,89,0.0,3530.44
2703.88,68.97,92,1.2125,3530.44
2703.88,70.29,92,0.0,3530.44
2703.88,70.16,91,0.0,3530.44
2703.88,70.16,91,0.0,3530.44
2703.88,70.1,91,1.225,3530.44
2703.88,73.42,91,0.0,3530.44
2703.88,73.42,90,2.45,3530.44
2703.88,74.97,90,0.0,3530.44
2703.88,74.35,83,0.0,3530.44
2703.88,73.78,83,0.0,3530.44
2703.88,73.79,91,1.2125,3530.44
2703.88,73.86,91,0.0,3530.44
2703.88,73.94,91,0.0,3530.44
2703.88,73.88,91,0.0,3530.44
2703.88,73.77,92,1.2125,3530.44
2703.88,73.68,92,0.0,3530.44
2703.88,73.68,91,1.2125,3530.44
2703.88,71.93,91,2.425,3530.44
2703.88,73.19,91,0.0,3530.44
2703.88,73.33,91,0.0,3530.44
2703.88,73.25,81,1.2125,3530.44
2703.88,73.23,81,0.0,3530.44
2703.88,72.96,92,0.0,3530.44
2703.88,73.16,91,0.0,3530.44
2703.88,73.37,91,1.225,3530.44
2703.88,73.42,90,0.0,3530.44
2703.88,73.51,90,0.0,3530.44
2703.88,73.39,91,0.0,3530.44
2703.88,73.29,91,2.45,3530.44
2703.88,71.84,82,0.0,3530.44
2703.88,72.19,82,0.0,3530.44
2703.88,72.33,100,1.225,3530.44
2703.88,71.7,100,0.0,3530.44
2703.88,71.83,92,0.0,3530.44
2703.88,71.97,92,1.2125,3530.44
2703.88,72.15,91,0.0,3530.44
2703.88,72.17,91,0.0,3530.44
2703.88,71.95,91,1.225,3530.44
2703.88,71.92,91,0.0,3530.44
2703.88,71.69,91,0.0,3530.44
2703.88,72.54,91,0.0,3530.44
2703.88,72.23,93,1.2125,3530.44
2703.88,71.88,83,2.4375,3530.44
2703.88,69.53,83,1.2125,3530.44
2703.88,69.03,86,0.0,3530.44
2703.88,69.22,86,0.0,3530.44
2703.88,69.21,90,0.0,3530.44
2703.88,69.21,90,1.2125,3530.44
2703.88,69.28,89,0.0,3530.44
2703.88,69.25,89,0.0,3530.44
2703.88,69.7,89,0.0,3530.44
2703.88,69.24,89,1.2375,3530.44
2703.88,69.33,89,0.0,3530.44
2703.88,71.93,89,0.0,3530.44
2703.88,68.87,77,2.4875,3530.44
2703.88,68.87,77,0.0,3530.44
2703.88,67.3,94,0.0,3530.44
2703.88,67.33,94,1.2375,3530.44
2703.88,67.6,89,0.0,3530.44
2703.88,67.99,89,0.0,3530.44
2703.88,67.92,90,1.25,3530.44
2703.88,68.36,90,0.0,3530.44
2703.88,68.13,89,0.0,3530.44
2703.88,67.86,89,0.0,3530.44
2703.88,67.74,89,1.25,3530.44
2703.88,70.71,89,1.2375,3530.44
2703.88,73.39,83,0.0,3530.44
2703.88,73.59,83,1.25,3530.44
2703.88,73.62,100,0.0,3530.44
2703.88,73.61,100,0.0,3530.44
2703.88,73.47,91,0.0,3530.44
2703.88,73.6,91,1.2375,3530.44
2703.88,73.18,92,0.0,3530.44
2703.88,73.55,92,0.0,3530.44
2703.88,73.57,93,1.2375,3530.44
2703.88,73.61,93,0.0,3530.44
2703.88,74.12,92,0.0,3530.44
2703.88,72.33,92,0.0,3530.44
2703.88,71.75,92,1.2375,3530.44
2703.88,71.8,92,2.4875,3530.44
2703.88,72.97,92,1.2375,3530.44
2703.88,73.11,81,0.0,3530.44
2703.88,71.9,98,0.0,3530.44
2703.88,72.48,98,0.0,3530.44
2703.88,72.46,92,1.25,3530.44
2703.88,72.69,92,0.0,3530.44
2703.88,72.95,92,0.0,3530.44
2703.88,72.69,92,1.2375,3530.44
2703.88,72.86,92,0.0,3530.44
2703.88,73.19,92,0.0,3530.44
2703.88,73.19,92,0.0,3530.44
2703.88,71.83,92,1.2375,3530.44
2703.88,71.78,92,0.0,3530.44
2703.88,71.88,92,2.4875,3530.44
2703.88,72.08,92,0.0,3530.44
2703.88,71.97,83,0.0,3530.44
2703.88,72.12,83,1.2125,3530.44
2703.88,72.51,92,0.0,3530.44
2703.88,72.74,91,0.0,3530.44
2703.88,72.41,91,0.0,3530.44
2703.88,72.81,91,1.2125,3530.44
2703.88,72.39,91,0.0,3530.44
2703.88,72.43,91,0.0,3530.44
2703.88,72.07,91,0.0,3530.44
2703.88,73.01,92,2.425,3530.44
2703.88,73.27,85,1.2125,3530.44
2703.88,73.64,85,1.2125,3530.44
2703.88,72.76,98,0.0,3530.44
2703.88,71.22,98,0.0,3530.44
2703.88,71.22,92,0.0,3530.44
2703.88,71.81,92,1.2125,3530.44
2703.88,71.49,93,0.0,3530.44
2703.88,71.14,93,0.0,3530.44
2703.88,71.14,92,1.2125,3530.44
2703.88,71.3,92,0.0,3530.44
2703.88,71.3,92,0.0,3530.44
2703.88,70.57,92,0.0,3530.44
2703.88,71.17,93,1.2125,3530.44
2703.88,72.38,93,1.2125,3530.44
2703.88,73.17,82,1.225,3530.44
2703.88,72.41,82,0.0,3530.44
2703.88,72.5,100,0.0,3530.44
2703.88,72.3,100,1.2125,3530.44
2703.88,72.41,92,0.0,3530.44
2703.88,72.83,92,0.0,3530.44
2703.88,72.95,92,1.2125,3530.44
2703.88,72.53,92,1.2125,3530.44
2703.88,72.75,92,0.0,3530.44
2703.88,72.83,92,0.0,3530.44
2703.88,72.67,92,1.2125,3530.44
2703.88,71.87,92,0.0,3530.44
2703.88,72.19,93,0.0,3530.44
2703.88,72.25,93,1.225,3530.44
2703.88,71.63,83,1.2125,3530.44
2703.88,71.03,83,0.0,3530.44
2703.88,70.84,95,0.0,3530.44
2703.88,70.93,95,1.2,3530.44
2703.88,71.04,91,0.0,3530.44
2703.88,70.55,91,0.0,3530.44
2703.88,70.66,91,0.0,3530.44
2703.88,70.54,91,1.2125,3530.44
2703.88,70.28,91,0.0,3530.44
2703.88,70.19,91,0.0,3530.44
2703.88,69.95,93,1.2125,3530.44
2703.88,70.67,93,1.2125,3530.44
2703.88,72.41,81,1.2125,3530.44
2703.88,71.97,81,0.0,3530.44
2703.88,72.1,94,0.0,3530.44
2703.88,72.15,94,1.2125,3530.44
2703.88,72.61,92,0.0,3530.44
2703.88,72.61,92,0.0,3530.44
2703.88,72.44,92,1.2125,3530.44
2703.88,72.44,92,0.0,3530.44
2703.88,72.55,92,1.2125,3530.44
2703.88,72.83,92,0.0,3530.44
2703.88,71.8,92,2.425,3530.44
2703.88,71.8,92,0.0,3530.44
2703.88,73.2,81,0.0,3530.44
2703.88,73.46,81,1.225,3530.44
2703.88,73.46,93,0.0,3530.44
2703.88,73.68,93,0.0,3530.44
2703.88,73.89,91,0.0,3530.44
2703.88,73.95,91,0.0,3530.44
2703.88,73.9,91,1.2125,3530.44
2703.88,73.82,92,0.0,3530.44
2703.88,73.76,92,0.0,3530.44
2703.88,73.76,92,2.325,3530.44
2703.88,68.9,92,1.225,3530.44
2703.88,68.98,81,1.225,3530.44
2703.88,68.98,81,0.0,3530.44
2703.88,68.6,81,0.0,3530.44
2703.88,68.8,85,0.0,3530.44
2703.88,68.8,87,0.0,3530.44
2703.88,69.96,87,1.2125,3530.44
2703.88,70.29,90,0.0,3530.44
2703.88,70.54,90,0.0,3530.44
2703.88,70.43,89,0.0,3530.44
2703.88,73.69,89,1.2125,3530.44
2703.88,70.64,89,1.225,3530.44
2703.88,70.25,89,1.225,3530.44
2703.88,69.99,83,0.0,3530.44
2703.88,69.99,83,0.0,3530.44
2703.88,69.12,88,0.0,3530.44
2703.88,69.05,90,1.2125,3530.44
2703.88,69.09,90,0.0,3530.44
2703.88,69.13,89,0.0,3530.44
2703.88,68.97,89,1.2125,3530.44
2703.88,69.15,89,0.0,3530.44
2703.88,69.17,89,0.0,3530.44
2703.88,71.69,89,0.0,3530.44
2703.88,72.35,89,2.4375,3530.44
2703.88,70.78,78,0.0,3530.44
2703.88,71.2,78,1.2125,3530.44
2703.88,71.36,87,0.0,3530.44
2703.88,71.02,87,0.0,3530.44
2703.88,71.06,89,1.225,3530.44
2703.88,71.17,89,0.0,3530.44
2703.88,71.25,88,0.0,3530.44
2703.88,71.11,88,0.0,3530.44
2703.88,71.19,86,1.225,3530.44
2703.88,71.46,86,0.0,3530.44
2703.88,71.27,87,1.225,3530.44
2703.88,69.81,87,2.25,3530.44
2703.88,69.45,82,0.0,3530.44
2703.88,69.09,82,0.0,3530.44
2703.88,69.11,86,1.2375,3530.44
2703.88,68.89,86,0.0,3530.44
2703.88,68.76,87,0.0,3530.44
2703.88,68.85,87,0.0,3530.44
2703.88,68.79,89,1.225,3530.44
2703.88,68.94,89,0.0,3530.44
2703.88,68.82,89,0.0,3530.44
2703.88,68.33,89,0.0,3530.44
2703.88,71.04,90,1.225,3530.44
2703.88,72.11,90,0.0,3530.44
2703.88,72.22,90,0.0,3530.44
2703.88,71.81,90,0.0,3530.44
2703.88,71.55,96,1.225,3530.44
2703.88,71.72,96,0.0,3530.44
2703.88,71.87,91,0.0,3530.44
2703.88,72.14,91,0.0,3530.44
2703.88,71.98,92,0.0,3530.44
2703.88,72.31,92,0.0,3530.44
2703.88,72.27,92,1.225,3530.44
2703.88,72.39,92,0.0,3530.44
2703.88,71.59,91,0.0,3530.44
2703.88,71.37,91,0.0,3530.44
2703.88,71.65,91,1.225,3530.44
2703.88,72.21,84,0.0,3530.44
2703.88,72.6,84,1.225,3530.44
2703.88,72.21,91,0.0,3530.44
2703.88,72.47,91,0.0,3530.44
2703.88,72.69,91,0.0,3530.44
2703.88,72.53,91,0.0,3530.44
2703.88,72.9,91,0.0,3530.44
2703.88,72.17,91,0.0,3530.44
2703.88,72.11,92,1.225,3530.44
2703.88,71.98,92,0.0,3530.44
2703.88,72.29,91,0.0,3530.44
2703.88,72.11,91,1.225,3530.44
2703.88,68.52,85,1.225,3530.44
2703.88,68.49,85,0.0,3530.44
2703.88,68.35,90,0.0,3530.44
2703.88,68.32,90,0.0,3530.44
2703.88,68.32,91,1.225,3530.44
2703.88,68.5,91,0.0,3530.44
2703.88,68.52,90,1.225,3530.44
2703.88,68.77,90,0.0,3530.44
2703.88,68.29,88,0.0,3530.44
2703.88,68.08,88,1.2,3530.44
2703.88,71.38,88,1.2,3530.44
2703.88,72.87,88,1.2125,3530.44
2703.88,73.04,83,0.0,3530.44
2703.88,72.92,83,0.0,3530.44
2703.88,73.21,86,0.0,3530.44
2703.88,73.88,86,1.2125,3530.44
2703.88,74.43,89,0.0,3530.44
2703.88,74.4,89,0.0,3530.44
2703.88,74.37,91,0.0,3530.44
2703.88,74.56,91,1.1875,3530.44
2703.88,74.62,89,0.0,3530.44
2703.88,73.39,89,0.0,3530.44
2703.88,72.04,89,2.425,3530.44
2703.88,70.28,89,0.0,3530.44
2703.88,70.74,81,1.2125,3530.44
2703.88,70.42,81,0.0,3530.44
2703.88,70.56,88,0.0,3530.44
2703.88,70.13,88,2.4375,3530.44
2703.88,70.1,89,0.0,3530.44
2703.88,70.48,89,0.0,3530.44
2703.88,70.29,90,0.0,3530.44
2703.88,70.15,90,1.2125,3530.44
2703.88,71.06,89,0.0,3530.44
2703.88,70.83,89,0.0,3530.44
2703.88,72.32,90,2.425,3530.44
2703.88,68.63,90,0.0,3530.44
2703.88,67.64,82,0.0,3530.44
2703.88,67.9,82,1.2125,3530.44
2703.88,67.9,91,0.0,3530.44
2703.88,68.22,91,0.0,3530.44
2703.88,68.05,92,1.2125,3530.44
2703.88,68.45,92,0.0,3530.44
2703.88,68.4,91,0.0,3530.44
2703.88,68.38,91,0.0,3530.44
2703.88,68.63,91,1.2125,3530.44
2703.88,68.42,91,1.2125,3530.44
2703.88,71.82,91,1.2125,3530.44
2703.88,73.71,83,0.0,3530.44
2703.88,73.4,83,0.0,3530.44
2703.88,73.28,92,0.0,3530.44
2703.88,73.55,92,1.2125,3530.44
2703.88,73.55,91,0.0,3530.44
2703.88,73.24,91,0.0,3530.44
2703.88,73.32,92,1.2125,3530.44
2703.88,73.08,92,0.0,3530.44
2703.88,73.45,92,0.0,3530.44
2703.88,69.53,83,2.4125,3530.44
2703.88,69.73,83,0.0,3530.44
2703.88,69.51,83,2.4375,3530.44
2703.88,69.46,90,0.0,3530.44
2703.88,69.27,90,0.0,3530.44
2703.88,69.69,91,1.2,3530.44
2703.88,69.81,92,0.0,3530.44
2703.88,69.68,92,0.0,3530.44
2703.88,69.83,92,0.0,3530.44
2703.88,69.83,91,1.25,3530.44
2703.88,69.21,91,0.0,3530.44
2703.88,69.38,91,0.0,3530.44
2703.88,72.36,91,1.25,3530.44
2703.88,73.53,83,0.0,3530.44
2703.88,72.94,83,1.25,3530.44
2703.88,72.94,92,0.0,3530.44
2703.88,72.6,92,0.0,3530.44
2703.88,72.79,91,1.25,3530.44
2703.88,72.89,91,0.0,3530.44
2703.88,72.89,92,0.0,3530.44
2703.88,73.05,92,0.0,3530.44
2703.88,73.44,92,1.25,3530.44
2703.88,72.63,92,0.0,3530.44
2703.88,72.41,91,1.25,3530.44
2703.88,70.97,91,0.0,3530.44
2703.88,72.38,85,0.0,3530.44
2703.88,72.31,85,1.25,3530.44
2703.88,72.34,91,0.0,3530.44
2703.88,72.56,91,0.0,3530.44
2703.88,72.31,91,1.25,3530.44
2703.88,72.13,91,0.0,3530.44
2703.88,72.11,92,0.0,3530.44
2703.88,71.98,92,0.0,3530.44
2703.88,72.8,92,1.25,3530.44
2703.88,72.84,91,0.0,3530.44
2703.88,73.0,91,1.25,3530.44
2703.88,73.31,84,1.25,3530.44
2703.88,72.45,84,0.0,3530.44
2703.88,72.43,91,0.0,3530.44
2703.88,72.2,91,1.25,3530.44
2703.88,73.22,92,0.0,3530.44
2703.88,73.31,92,0.0,3530.44
2703.88,73.64,91,0.0,3530.44
2703.88,73.01,91,1.25,3530.44
2703.88,72.88,91,0.0,3530.44
2703.88,72.76,91,0.0,3530.44
2703.88,71.89,91,2.45,3530.44
2703.88,73.78,91,1.2375,3530.44
2703.88,73.03,88,0.0,3530.44
2703.88,73.13,88,0.0,3530.44
2703.88,72.33,96,0.0,3530.44
2703.88,72.45,96,0.0,3530.44
2703.88,72.44,93,1.225,3530.44
2703.88,72.26,93,0.0,3530.44
2703.88,72.74,91,0.0,3530.44
2703.88,72.73,91,0.0,3530.44
2703.88,72.97,91,0.0,3530.44
2703.88,72.78,91,1.2375,3530.44
2703.88,71.9,92,0.0,3530.44
2703.88,72.56,92,0.0,3530.44
2703.88,72.42,92,1.25,3530.44
2703.88,72.82,92,1.25,3530.44
2703.88,72.97,92,0.0,3530.44
2703.88,72.43,86,0.0,3530.44
2703.88,72.85,92,0.0,3530.44
2703.88,73.26,92,0.0,3530.44
2703.88,73.53,92,0.0,3530.44
2703.88,73.41,92,1.25,3530.44
2703.88,73.33,92,0.0,3530.44
2703.88,73.17,91,0.0,3530.44
2703.88,73.03,91,1.2375,3530.44
2703.88,73.02,91,0.0,3530.44
2703.88,72.75,91,0.0,3530.44
2703.88,72.46,92,2.4875,3530.44
2703.88,73.51,92,0.0,3530.44
2703.88,73.17,83,1.25,3530.44
2703.88,73.17,83,0.0,3530.44
2703.88,73.1,90,0.0,3530.44
2703.88,73.1,90,0.0,3530.44
2703.88,73.43,91,1.25,3530.44
2703.88,73.35,91,0.0,3530.44
2703.88,73.5,92,0.0,3530.44
2703.88,73.72,92,0.0,3530.44
2703.88,73.72,91,1.2375,3530.44
2703.88,73.32,91,1.2,3530.44
2703.88,72.45,91,1.2375,3530.44
2703.88,71.67,91,0.0,3530.44
2703.88,71.66,81,0.0,3530.44
2703.88,71.45,91,0.0,3530.44
2703.88,71.04,91,1.25,3530.44
2703.88,71.14,91,0.0,3530.44
2703.88,71.14,92,0.0,3530.44
2703.88,71.15,91,0.0,3530.44
2703.88,71.03,91,1.25,3530.44
2703.88,70.91,91,0.0,3530.44
2703.88,70.86,91,0.0,3530.44
2703.88,70.97,90,3.7375,3530.44
2703.88,71.43,90,0.0,3530.44
2703.88,73.27,85,1.25,3530.44
2703.88,72.87,85,0.0,3530.44
2703.88,73.03,97,0.0,3530.44
2703.88,72.74,97,0.0,3530.44
2703.88,73.0,92,1.25,3530.44
2703.88,72.91,92,0.0,3530.44
2703.88,72.2,91,0.0,3530.44
2703.88,72.38,91,1.2375,3530.44
2703.88,72.47,91,0.0,3530.44
2703.88,72.55,91,0.0,3530.44
2703.88,71.64,93,0.0,3530.44
2703.88,71.78,93,1.2125,3530.44
2703.88,71.51,92,0.0,3530.44
2703.88,71.75,92,2.425,3530.44
2703.88,72.03,82,0.0,3530.44
2703.88,71.7,82,0.0,3530.44
2703.88,72.44,92,0.0,3530.44
2703.88,72.46,92,1.25,3530.44
2703.88,72.6,91,0.0,3530.44
2703.88,72.8,91,0.0,3530.44
2703.88,72.68,91,1.25,3530.44
2703.88,72.36,91,0.0,3530.44
2703.88,72.57,91,0.0,3530.44
2703.88,72.8,91,1.25,3530.44
2703.88,71.64,87,1.25,3530.44
2703.88,68.38,87,0.0,3530.44
2703.88,68.29,82,1.2375,3530.44
2703.88,68.27,82,0.0,3530.44
2703.88,67.24,97,0.0,3530.44
2703.88,67.42,97,0.0,3530.44
2703.88,67.68,89,1.2375,3530.44
2703.88,67.83,89,0.0,3530.44
2703.88,68.05,91,0.0,3530.44
2703.88,67.9,91,1.2375,3530.44
2703.88,67.75,90,0.0,3530.44
2703.88,69.15,90,0.0,3530.44
2703.88,71.87,90,0.0,3530.44
2703.88,72.14,90,1.25,3530.44
2703.88,71.81,90,0.0,3530.44
2703.88,73.02,90,2.4875,3530.44
2703.88,74.15,80,0.0,3530.44
2703.88,73.38,80,0.0,3530.44
2703.88,73.11,90,1.2375,3530.44
2703.88,73.39,90,0.0,3530.44
2703.88,73.39,90,0.0,3530.44
2703.88,73.27,90,1.2375,3530.44
2703.88,73.18,90,1.25,3530.44
2703.88,73.02,90,0.0,3530.44
2703.88,73.05,91,0.0,3530.44
2703.88,73.0,91,0.0,3530.44
2703.88,72.7,92,2.4875,3530.44
2703.88,69.72,81,0.0,3530.44
2703.88,70.73,81,1.25,3530.44
2703.88,70.03,93,0.0,3530.44
2703.88,69.81,93,0.0,3530.44
2703.88,70.39,92,0.0,3530.44
2703.88,70.77,92,1.25,3530.44
2703.88,71.01,91,0.0,3530.44
2703.88,71.15,91,0.0,3530.44
2703.88,71.18,92,0.0,3530.44
2703.88,71.12,92,0.0,3530.44
2703.88,72.46,92,1.25,3530.44
2703.88,71.77,92,0.0,3530.44
2703.88,73.69,81,1.25,3530.44
2703.88,73.93,81,0.0,3530.44
2703.88,73.0,81,1.2375,3530.44
2703.88,72.69,97,0.0,3530.44
2703.88,73.04,97,0.0,3530.44
2703.88,73.29,92,0.0,3530.44
2703.88,73.39,92,1.2125,3530.44
2703.88,73.55,93,0.0,3530.44
2703.88,73.39,92,0.0,3530.44
2703.88,73.67,92,0.0,3530.44
2703.88,73.88,92,1.225,3530.44
2703.88,72.31,92,0.0,3530.44
2703.88,72.33,92,2.45,3530.44
2703.88,73.7,92,1.225,3530.44
2703.88,73.38,82,0.0,3530.44
2703.88,72.94,82,0.0,3530.44
2703.88,72.59,91,0.0,3530.44
2703.88,72.58,91,1.2125,3530.44
2703.88,72.86,91,0.0,3530.44
2703.88,72.98,91,0.0,3530.44
2703.88,72.66,92,1.2125,3530.44
2703.88,72.46,92,0.0,3530.44
2703.88,72.15,92,0.0,3530.44
2703.88,72.04,92,1.175,3530.44
2703.88,68.0,80,1.225,3530.44
2703.88,68.08,80,0.0,3530.44
2703.88,68.07,93,1.2125,3530.44
2703.88,68.44,93,0.0,3530.44
2703.88,68.7,91,0.0,3530.44
2703.88,68.75,91,1.2125,3530.44
2703.88,68.9,91,0.0,3530.44
2703.88,69.39,91,0.0,3530.44
2703.88,69.16,92,1.2125,3530.44
2703.88,69.42,92,0.0,3530.44
2703.88,69.34,92,0.0,3530.44
2703.88,72.25,92,2.4375,3530.44
2703.88,73.57,81,0.0,3530.44
2703.88,73.22,93,0.0,3530.44
2703.88,73.22,93,0.0,3530.44
2703.88,73.13,91,1.2125,3530.44
2703.88,73.31,91,1.2125,3530.44
2703.88,73.45,91,0.0,3530.44
2703.88,73.62,91,1.2125,3530.44
2703.88,73.55,91,0.0,3530.44
2703.88,73.45,91,0.0,3530.44
2703.88,73.57,92,0.0,3530.44
2703.88,71.22,92,2.425,3530.44
2703.88,72.1,81,0.0,3530.44
2703.88,71.55,81,0.0,3530.44
2703.88,71.53,91,1.2125,3530.44
2703.88,71.4,91,0.0,3530.44
2703.88,71.31,92,0.0,3530.44
2703.88,71.41,92,0.0,3530.44
2703.88,71.26,92,1.2125,3530.44
2703.88,71.5,92,0.0,3530.44
2703.88,71.39,91,0.0,3530.44
2703.88,71.27,91,2.4375,3530.44
2703.88,72.18,92,1.2125,3530.44
2703.88,72.74,92,0.0,3530.44
2703.88,73.27,85,0.0,3530.44
2703.88,72.8,85,1.25,3530.44
2703.88,72.4,96,0.0,3530.44
2703.88,72.53,96,0.0,3530.44
2703.88,72.72,92,1.25,3530.44
2703.88,72.98,92,0.0,3530.44
2703.88,72.5,92,0.0,3530.44
2703.88,72.81,92,0.0,3530.44
2703.88,72.95,92,1.2375,3530.44
2703.88,73.31,92,0.0,3530.44
2703.88,72.17,92,0.0,3530.44
2703.88,71.56,92,1.25,3530.44
2703.88,71.59,92,1.2375,3530.44
2703.88,69.0,92,1.25,3530.44
2703.88,68.75,84,0.0,3530.44
2703.88,68.47,84,0.0,3530.44
2703.88,68.34,90,0.0,3530.44
2703.88,68.67,90,1.25,3530.44
2703.88,68.53,93,0.0,3530.44
2703.88,68.67,93,0.0,3530.44
2703.88,68.46,91,1.25,3530.44
2703.88,68.44,91,0.0,3530.44
2703.88,68.7,91,0.0,3530.44
2703.88,68.79,91,1.2375,3530.44
2703.88,71.6,91,1.2375,3530.44
2703.88,73.4,91,1.2375,3530.44
2703.88,73.69,85,0.0,3530.44
2703.88,73.8,85,0.0,3530.44
2703.88,73.61,94,1.2375,3530.44
2703.88,73.84,94,0.0,3530.44
2703.88,73.93,89,0.0,3530.44
2703.88,73.97,89,0.0,3530.44
2703.88,73.85,91,1.2375,3530.44
2703.88,73.88,91,0.0,3530.44
2703.88,73.78,89,0.0,3530.44
2703.88,72.36,89,1.25,3530.44
2703.88,72.36,89,0.0,3530.44
2703.88,71.91,89,0.0,3530.44
2703.88,69.78,91,2.4875,3530.44
2703.88,69.78,91,0.0,3530.44
2703.88,70.14,78,0.0,3530.44
2703.88,69.65,78,1.25,3530.44
2703.88,70.64,88,0.0,3530.44
2703.88,70.82,88,0.0,3530.44
2703.88,71.42,90,1.2125,3530.44
2703.88,71.23,90,0.0,3530.44
2703.88,71.23,89,0.0,3530.44
2703.88,70.91,89,1.2125,3530.44
2703.88,70.71,89,0.0,3530.44
2703.88,70.71,89,0.0,3530.44
2703.88,72.51,90,1.175,3530.44
2703.88,74.61,90,2.425,3530.44
2703.88,74.41,80,0.0,3530.44
2703.88,73.97,80,1.2125,3530.44
2703.88,72.73,100,0.0,3530.44
2703.88,72.61,92,0.0,3530.44
2703.88,72.78,92,1.225,3530.44
2703.88,72.97,92,0.0,3530.44
2703.88,73.1,91,0.0,3530.44
2703.88,73.18,90,0.0,3530.44
2703.88,72.94,90,1.2125,3530.44
2703.88,73.12,90,0.0,3530.44
2703.88,71.54,91,0.0,3530.44
2703.88,71.32,92,1.2125,3530.44
2703.88,71.49,92,0.0,3530.44
2703.88,72.7,93,1.2125,3530.44
2703.88,73.36,93,1.2125,3530.44
2703.88,73.45,86,0.0,3530.44
2703.88,73.51,86,0.0,3530.44
2703.88,73.59,95,1.2125,3530.44
2703.88,73.72,95,0.0,3530.44
2703.88,74.18,91,0.0,3530.44
2703.88,74.17,91,1.2125,3530.44
2703.88,73.96,92,0.0,3530.44
2703.88,74.05,92,0.0,3530.44
2703.88,73.85,92,0.0,3530.44
2703.88,73.42,92,1.225,3530.44
2703.88,71.96,92,0.0,3530.44
2703.88,71.96,92,0.0,3530.44
2703.88,71.94,92,2.425,3530.44
2703.88,73.05,82,0.0,3530.44
2703.88,72.89,82,1.2125,3530.44
2703.88,73.07,82,0.0,3530.44
2703.88,73.32,91,1.2125,3530.44
2703.88,73.1,92,0.0,3530.44
2703.88,73.3,92,1.2125,3530.44
2703.88,73.33,92,0.0,3530.44
2703.88,72.72,91,1.2125,3530.44
2703.88,72.86,91,0.0,3530.44
2703.88,72.71,92,0.0,3530.44
2703.88,68.73,82,2.425,3530.44
2703.88,68.82,82,0.0,3530.44
2703.88,68.58,91,1.2125,3530.44
2703.88,68.76,91,0.0,3530.44
2703.88,68.63,91,0.0,3530.44
2703.88,68.64,91,1.2125,3530.44
2703.88,68.08,91,0.0,3530.44
2703.88,68.11,92,0.0,3530.44
2703.88,68.79,92,0.0,3530.44
2703.88,68.7,92,1.2125,3530.44
2703.88,68.67,92,0.0,3530.44
2703.88,71.4,92,1.225,3530.44
2703.88,72.63,85,0.0,3530.44
2703.88,72.7,85,1.2125,3530.44
2703.88,72.65,100,0.0,3530.44
2703.88,72.51,100,0.0,3530.44
2703.88,72.81,91,0.0,3530.44
2703.88,73.36,91,2.4375,3530.44
2703.88,73.44,93,0.0,3530.44
2703.88,73.33,93,0.0,3530.44
2703.88,73.24,92,0.0,3530.44
2703.88,73.43,92,1.225,3530.44
2703.88,73.73,92,0.0,3530.44
2703.88,72.52,92,0.0,3530.44
2703.88,72.24,93,0.0,3530.44
2703.88,72.21,93,1.225,3530.44
2703.88,73.48,82,0.0,3530.44
2703.88,72.6,82,1.225,3530.44
2703.88,72.92,93,0.0,3530.44
2703.88,73.39,91,0.0,3530.44
2703.88,73.45,91,0.0,3530.44
2703.88,73.91,91,0.0,3530.44
2703.88,74.0,91,0.0,3530.44
2703.88,73.8,91,1.225,3530.44
2703.88,73.4,91,0.0,3530.44
2703.88,73.48,92,0.0,3530.44
2703.88,73.2,92,2.45,3530.44
2703.88,71.74,82,0.0,3530.44
2703.88,73.1,82,0.0,3530.44
2703.88,72.77,100,0.0,3530.44
2703.88,71.9,100,1.225,3530.44
2703.88,71.83,95,0.0,3530.44
2703.88,72.01,95,0.0,3530.44
2703.88,72.24,92,0.0,3530.44
2703.88,72.96,92,0.0,3530.44
2703.88,72.92,92,1.225,3530.44
2703.88,72.86,92,0.0,3530.44
2703.88,73.08,93,0.0,3530.44
2703.88,72.45,93,0.0,3530.44
2703.88,72.1,93,0.0,3530.44
2703.88,71.67,92,1.225,3530.44
2703.88,72.74,92,0.0,3530.44
2703.88,71.36,92,2.4625,3530.44
2703.88,71.28,92,1.225,3530.44
2703.88,71.07,84,0.0,3530.44
2703.88,69.65,97,0.0,3530.44
2703.88,69.69,97,0.0,3530.44
2703.88,70.12,97,1.225,3530.44
2703.88,70.13,92,0.0,3530.44
2703.88,70.05,92,0.0,3530.44
2703.88,70.2,92,0.0,3530.44
2703.88,70.44,92,1.2125,3530.44
2703.88,70.59,93,0.0,3530.44
2703.88,71.69,93,0.0,3530.44
2703.88,71.26,92,1.225,3530.44
2703.88,70.91,92,0.0,3530.44
2703.88,72.06,91,2.425,3530.44
2703.88,72.96,82,0.0,3530.44
2703.88,72.62,82,0.0,3530.44
2703.88,72.77,93,1.2125,3530.44
2703.88,73.14,93,0.0,3530.44
2703.88,73.18,91,0.0,3530.44
2703.88,73.34,91,0.0,3530.44
2703.88,73.19,91,0.0,3530.44
2703.88,73.25,92,0.0,3530.44
2703.88,73.32,92,1.225,3530.44
2703.88,73.62,91,0.0,3530.44
2703.88,69.89,91,1.225,3530.44
2703.88,69.78,91,0.0,3530.44
2703.88,69.63,86,1.2,3530.44
2703.88,69.61,89,0.0,3530.44
2703.88,69.61,89,0.0,3530.44
2703.88,69.86,92,0.0,3530.44
2703.88,69.49,92,1.225,3530.44
2703.88,69.49,92,0.0,3530.44
2703.88,69.74,91,0.0,3530.44
2703.88,69.54,91,0.0,3530.44
2703.88,69.6,91,0.0,3530.44
2703.88,72.26,91,0.0,3530.44
2703.88,73.88,91,2.425,3530.44
2703.88,73.55,91,1.2375,3530.44
2703.88,73.39,85,0.0,3530.44
2703.88,73.56,86,0.0,3530.44
2703.88,73.46,86,0.0,3530.44
2703.88,73.08,88,1.2125,3530.44
2703.88,72.94,88,0.0,3530.44
2703.88,73.0,88,0.0,3530.44
2703.88,72.93,90,0.0,3530.44
2703.88,72.94,89,1.2125,3530.44
2703.88,73.04,89,0.0,3530.44
2703.88,71.57,89,1.2125,3530.44
2703.88,72.92,89,1.2125,3530.44
2703.88,72.49,83,0.0,3530.44
2703.88,72.45,83,0.0,3530.44
2703.88,72.66,88,1.2125,3530.44
2703.88,73.3,88,0.0,3530.44
2703.88,73.43,90,0.0,3530.44
2703.88,73.17,90,1.2125,3530.44
2703.88,73.21,89,0.0,3530.44
2703.88,73.08,89,0.0,3530.44
2703.88,73.05,89,0.0,3530.44
2703.88,72.9,89,3.5,3530.44
2703.88,71.55,87,0.0,3530.44
2703.88,72.54,87,1.225,3530.44
2703.88,71.86,84,0.0,3530.44
2703.88,71.9,84,0.0,3530.44
2703.88,71.95,92,1.2125,3530.44
2703.88,72.05,92,0.0,3530.44
2703.88,72.46,91,0.0,3530.44
2703.88,72.18,92,0.0,3530.44
2703.88,72.09,92,1.225,3530.44
2703.88,72.13,92,0.0,3530.44
2703.88,71.97,92,0.0,3530.44
2703.88,72.01,86,2.425,3530.44
2703.88,69.11,86,1.2125,3530.44
2703.88,69.59,88,0.0,3530.44
2703.88,69.47,88,1.2125,3530.44
2703.88,69.47,91,0.0,3530.44
2703.88,69.79,91,0.0,3530.44
2703.88,69.81,92,0.0,3530.44
2703.88,70.19,92,1.2125,3530.44
2703.88,70.38,92,0.0,3530.44
2703.88,70.42,92,0.0,3530.44
2703.88,70.51,92,1.2125,3530.44
2703.88,72.22,92,1.2125,3530.44
2703.88,73.16,81,1.2125,3530.44
2703.88,72.73,81,0.0,3530.44
2703.88,73.04,93,0.0,3530.44
2703.88,72.89,93,1.2125,3530.44
2703.88,72.95,92,0.0,3530.44
2703.88,73.15,92,0.0,3530.44
2703.88,73.57,92,1.2125,3530.44
2703.88,73.45,92,0.0,3530.44
2703.88,73.43,92,0.0,3530.44
2703.88,73.64,92,0.0,3530.44
2703.88,74.22,92,3.6375,3530.44
2703.88,71.15,92,0.0,3530.44
2703.88,71.4,83,1.2125,3530.44
2703.88,71.07,83,0.0,3530.44
2703.88,70.89,91,0.0,3530.44
2703.88,71.11,91,1.2125,3530.44
2703.88,71.17,91,0.0,3530.44
2703.88,71.07,91,0.0,3530.44
2703.88,71.08,92,1.2125,3530.44
2703.88,71.33,92,0.0,3530.44
2703.88,71.3,93,0.0,3530.44
2703.88,71.35,93,1.1625,3530.44
2703.88,73.17,92,1.1375,3530.44
2703.88,74.49,92,0.0,3530.44
2703.88,73.99,81,1.225,3530.44
2703.88,73.94,81,0.0,3530.44
2703.88,74.0,92,0.0,3530.44
2703.88,74.0,92,2.4375,3530.44
2703.88,74.34,92,0.0,3530.44
2703.88,74.51,92,0.0,3530.44
2703.88,74.38,92,1.2125,3530.44
2703.88,74.41,92,0.0,3530.44
2703.88,74.11,92,0.0,3530.44
2703.88,72.58,92,2.425,3530.44
2703.88,73.57,92,0.0,3530.44
2703.88,73.56,89,0.0,3530.44
2703.88,72.34,89,1.2125,3530.44
2703.88,72.28,94,0.0,3530.44
2703.88,72.27,94,0.0,3530.44
2703.88,72.1,92,1.2125,3530.44
2703.88,72.35,92,0.0,3530.44
2703.88,72.32,92,0.0,3530.44
2703.88,72.13,92,0.0,3530.44
2703.88,72.44,92,1.2125,3530.44
2703.88,72.51,92,0.0,3530.44
2703.88,72.17,92,0.0,3530.44
2703.88,70.63,92,2.425,3530.44
2703.88,70.58,86,0.0,3530.44
2703.88,70.16,86,1.2125,3530.44
2703.88,70.58,88,0.0,3530.44
2703.88,70.34,88,0.0,3530.44
2703.88,70.25,91,1.2125,3530.44
2703.88,70.42,93,0.0,3530.44
2703.88,70.66,93,0.0,3530.44
2703.88,70.66,93,0.0,3530.44
2703.88,70.14,91,2.4375,3530.44
2703.88,70.14,91,0.0,3530.44
2703.88,72.23,92,1.2125,3530.44
2703.88,72.23,92,0.0,3530.44
2703.88,73.8,84,0.0,3530.44
2703.88,73.25,84,1.2125,3530.44
2703.88,73.04,93,0.0,3530.44
2703.88,73.19,91,0.0,3530.44
2703.88,73.01,91,1.2125,3530.44
2703.88,73.01,91,0.0,3530.44
2703.88,72.67,92,0.0,3530.44
2703.88,72.88,92,1.2125,3530.44
2703.88,72.4,92,0.0,3530.44
2703.88,72.52,91,0.0,3530.44
2703.88,70.83,91,1.2125,3530.44
2703.88,71.79,85,1.2,3530.44
2703.88,71.67,85,0.0,3530.44
2703.88,72.41,91,0.0,3530.44
2703.88,73.1,91,0.0,3530.44
2703.88,73.1,92,1.1875,3530.44
2703.88,73.24,92,0.0,3530.44
2703.88,73.53,92,0.0,3530.44
2703.88,73.64,92,1.2125,3530.44
2703.88,73.59,92,0.0,3530.44
2703.88,73.46,92,0.0,3530.44
2703.88,74.53,91,1.2125,3530.44
2703.88,74.46,87,1.2125,3530.44
2703.88,73.43,87,1.2125,3530.44
2703.88,73.41,91,0.0,3530.44
2703.88,73.24,91,0.0,3530.44
2703.88,73.17,91,1.2125,3530.44
2703.88,73.21,89,0.0,3530.44
2703.88,73.02,91,0.0,3530.44
2703.88,73.05,91,1.2125,3530.44
2703.88,73.3,89,0.0,3530.44
2703.88,73.29,89,0.0,3530.44
2703.88,71.38,90,0.0,3530.44
2703.88,71.22,90,1.2125,3530.44
2703.88,69.94,84,1.2125,3530.44
2703.88,69.48,84,1.2125,3530.44
2703.88,69.71,94,0.0,3530.44
2703.88,69.71,94,0.0,3530.44
2703.88,69.78,95,1.2125,3530.44
2703.88,70.16,95,0.0,3530.44
2703.88,70.43,89,0.0,3530.44
2703.88,70.56,89,1.2125,3530.44
2703.88,70.47,91,0.0,3530.44
2703.88,70.8,91,0.0,3530.44
2703.88,71.2,91,0.0,3530.44
2703.88,73.09,91,1.2125,3530.44
2703.88,73.56,92,0.0,3530.44
2703.88,72.84,92,0.0,3530.44
2703.88,72.59,93,2.425,3530.44
2703.88,70.32,93,0.0,3530.44
2703.88,70.11,82,1.2125,3530.44
2703.88,69.7,82,0.0,3530.44
2703.88,69.97,90,0.0,3530.44
2703.88,70.19,90,0.0,3530.44
2703.88,70.41,91,1.2125,3530.44
2703.88,70.36,91,0.0,3530.44
2703.88,70.28,92,0.0,3530.44
2703.88,69.94,92,0.0,3530.44
2703.88,70.21,91,1.25,3530.44
2703.88,70.45,91,0.0,3530.44
2703.88,72.3,92,2.4875,3530.44
2703.88,73.26,92,0.0,3530.44
2703.88,73.67,85,0.0,3530.44
2703.88,73.11,85,0.0,3530.44
2703.88,72.81,96,1.25,3530.44
2703.88,72.88,96,0.0,3530.44
2703.88,72.82,92,0.0,3530.44
2703.88,72.86,92,1.2375,3530.44
2703.88,72.76,93,1.2375,3530.44
2703.88,72.92,93,0.0,3530.44
2703.88,72.63,92,0.0,3530.44
2703.88,73.0,92,0.0,3530.44
2703.88,72.28,92,1.25,3530.44
2703.88,71.92,92,1.2,3530.44
2703.88,71.54,92,1.25,3530.44
2703.88,73.03,86,0.0,3530.44
2703.88,72.25,86,0.0,3530.44
2703.88,72.55,95,1.25,3530.44
2703.88,73.13,95,0.0,3530.44
2703.88,72.69,92,0.0,3530.44
2703.88,72.98,92,0.0,3530.44
2703.88,73.09,93,1.25,3530.44
2703.88,72.98,93,0.0,3530.44
2703.88,72.93,91,0.0,3530.44
2703.88,73.35,91,0.0,3530.44
2703.88,72.09,92,1.25,3530.44
2703.88,72.45,92,0.0,3530.44
2703.88,72.42,92,2.4125,3530.44
2703.88,73.85,92,0.0,3530.44
2703.88,72.84,80,0.0,3530.44
2703.88,73.21,80,1.25,3530.44
2703.88,73.16,89,0.0,3530.44
2703.88,73.42,89,0.0,3530.44
2703.88,73.5,90,0.0,3530.44
2703.88,73.97,90,1.25,3530.44
2703.88,73.92,89,0.0,3530.44
2703.88,73.5,89,0.0,3530.44
2703.88,73.64,89,0.0,3530.44
2703.88,73.36,89,1.25,3530.44
2703.88,71.78,89,1.25,3530.44
2703.88,73.64,89,1.25,3530.44
2703.88,73.39,81,0.0,3530.44
2703.88,73.12,81,0.0,3530.44
2703.88,73.17,89,1.225,3530.44
2703.88,73.04,89,0.0,3530.44
2703.88,73.14,89,0.0,3530.44
2703.88,73.11,89,0.0,3530.44
2703.88,73.42,90,1.1875,3530.44
2703.88,73.23,90,0.0,3530.44
2703.88,73.18,89,0.0,3530.44
2703.88,72.71,89,1.2375,3530.44
2703.88,70.06,86,2.375,3530.44
2703.88,70.64,86,1.2125,3530.44
2703.88,70.75,86,0.0,3530.44
2703.88,70.66,86,0.0,3530.44
2703.88,70.79,92,1.2125,3530.44
2703.88,70.66,92,0.0,3530.44
2703.88,71.05,91,0.0,3530.44
2703.88,71.06,91,1.2125,3530.44
2703.88,71.17,92,0.0,3530.44
2703.88,71.15,92,0.0,3530.44
2703.88,71.29,91,0.0,3530.44
2703.88,72.77,91,2.375,3530.44
2703.88,73.06,81,0.0,3530.44
2703.88,72.45,81,1.2125,3530.44
2703.88,72.36,94,0.0,3530.44
2703.88,72.36,94,0.0,3530.44
2703.88,72.54,91,0.0,3530.44
2703.88,72.33,91,1.2125,3530.44
2703.88,72.47,92,0.0,3530.44
2703.88,72.42,92,0.0,3530.44
2703.88,72.45,92,0.0,3530.44
2703.88,72.46,91,1.2125,3530.44
2703.88,72.41,91,1.2125,3530.44
2703.88,71.49,82,1.2125,3530.44
2703.88,73.23,82,0.0,3530.44
2703.88,72.89,100,0.0,3530.44
2703.88,73.03,100,2.4375,3530.44
2703.88,72.09,100,0.0,3530.44
2703.88,72.0,94,0.0,3530.44
2703.88,72.24,92,0.0,3530.44
2703.88,72.32,92,1.2125,3530.44
2703.88,71.91,92,0.0,3530.44
2703.88,72.13,92,0.0,3530.44
2703.88,72.01,91,1.225,3530.44
2703.88,72.1,91,0.0,3530.44
2703.88,71.46,93,0.0,3530.44
2703.88,71.61,93,0.0,3530.44
2703.88,72.04,92,2.4125,3530.44
2703.88,73.1,92,0.0,3530.44
2703.88,72.73,83,1.2125,3530.44
2703.88,72.81,83,0.0,3530.44
2703.88,73.34,91,0.0,3530.44
2703.88,73.29,91,0.0,3530.44
2703.88,73.85,91,1.2125,3530.44
2703.88,73.95,91,0.0,3530.44
2703.88,74.32,92,0.0,3530.44
2703.88,74.32,92,1.2375,3530.44
2703.88,73.85,92,1.1875,3530.44
2703.88,73.85,92,1.2125,3530.44
2703.88,69.56,80,0.0,3530.44
2703.88,69.79,80,1.2125,3530.44
2703.88,69.7,100,0.0,3530.44
2703.88,69.8,100,0.0,3530.44
2703.88,69.6,96,0.0,3530.44
2703.88,69.6,92,1.2125,3530.44
2703.88,69.72,92,1.2125,3530.44
2703.88,69.08,92,0.0,3530.44
2703.88,69.05,92,1.2125,3530.44
2703.88,68.97,92,0.0,3530.44
2703.88,71.94,92,0.0,3530.44
2703.88,71.98,92,0.0,3530.44
2703.88,71.61,93,1.2125,3530.44
2703.88,71.6,93,0.0,3530.44
2703.88,69.46,92,1.2125,3530.44
2703.88,69.33,84,1.2125,3530.44
2703.88,69.31,84,0.0,3530.44
2703.88,69.24,91,0.0,3530.44
2703.88,69.05,91,1.2125,3530.44
2703.88,69.01,91,0.0,3530.44
2703.88,69.31,91,0.0,3530.44
2703.88,69.68,92,0.0,3530.44
2703.88,69.53,92,1.2125,3530.44
2703.88,69.63,92,0.0,3530.44
2703.88,69.74,92,0.0,3530.44
2703.88,72.07,91,2.425,3530.44
2703.88,73.62,91,0.0,3530.44
2703.88,73.03,82,2.4375,3530.44
2703.88,73.13,82,0.0,3530.44
2703.88,73.66,91,0.0,3530.44
2703.88,74.3,91,1.2125,3530.44
2703.88,74.12,92,0.0,3530.44
2703.88,73.95,92,0.0,3530.44
2703.88,74.14,91,1.2125,3530.44
2703.88,74.42,92,0.0,3530.44
2703.88,74.2,92,0.0,3530.44
2703.88,73.88,91,2.425,3530.44
2703.88,72.1,91,0.0,3530.44
2703.88,73.35,83,1.2125,3530.44
2703.88,72.9,83,0.0,3530.44
2703.88,73.24,92,0.0,3530.44
2703.88,73.09,92,0.0,3530.44
2703.88,73.16,92,0.0,3530.44
2703.88,73.34,92,1.2125,3530.44
2703.88,73.35,91,0.0,3530.44
2703.88,73.17,91,0.0,3530.44
2703.88,73.3,92,1.2125,3530.44
2703.88,73.54,92,0.0,3530.44
2703.88,72.8,92,2.4375,3530.44
2703.88,73.81,92,1.2125,3530.44
2703.88,73.23,81,0.0,3530.44
2703.88,73.43,81,0.0,3530.44
2703.88,73.6,92,1.2125,3530.44
2703.88,73.79,92,0.0,3530.44
2703.88,73.56,92,0.0,3530.44
2703.88,73.45,92,0.0,3530.44
2703.88,73.44,92,1.225,3530.44
2703.88,73.42,92,0.0,3530.44
2703.88,73.54,91,0.0,3530.44
2703.88,73.24,91,2.425,3530.44
2703.88,73.57,80,0.0,3530.44
2703.88,72.97,80,1.2125,3530.44
2703.88,72.43,94,0.0,3530.44
2703.88,72.36,94,0.0,3530.44
2703.88,72.08,91,1.2125,3530.44
2703.88,72.52,91,0.0,3530.44
2703.88,72.7,92,0.0,3530.44
2703.88,72.57,92,1.2125,3530.44
2703.88,72.66,91,0.0,3530.44
2703.88,72.25,91,0.0,3530.44
2703.88,72.5,92,1.2,3530.44
2703.88,71.12,92,1.1875,3530.44
2703.88,72.84,80,1.225,3530.44
2703.88,72.7,80,0.0,3530.44
2703.88,73.17,93,0.0,3530.44
2703.88,72.98,93,1.2125,3530.44
2703.88,72.98,92,0.0,3530.44
2703.88,73.08,92,0.0,3530.44
2703.88,73.04,91,0.0,3530.44
2703.88,73.04,91,1.2125,3530.44
2703.88,73.0,92,0.0,3530.44
2703.88,73.45,92,1.2125,3530.44
2703.88,70.8,91,1.2125,3530.44
2703.88,71.39,83,0.0,3530.44
2703.88,71.24,83,1.2125,3530.44
2703.88,70.98,83,1.2125,3530.44
2703.88,70.95,91,0.0,3530.44
2703.88,71.21,91,1.2125,3530.44
2703.88,71.16,92,0.0,3530.44
2703.88,71.0,92,0.0,3530.44
2703.88,71.15,92,1.2125,3530.44
2703.88,71.28,91,0.0,3530.44
2703.88,70.42,91,0.0,3530.44
2703.88,71.88,92,2.425,3530.44
2703.88,73.2,92,0.0,3530.44
2703.88,72.59,83,0.0,3530.44
2703.88,72.62,83,1.2125,3530.44
2703.88,72.61,92,0.0,3530.44
2703.88,72.77,91,0.0,3530.44
2703.88,73.11,91,1.2125,3530.44
2703.88,73.5,91,0.0,3530.44
2703.88,73.46,91,0.0,3530.44
2703.88,73.18,92,1.2125,3530.44
2703.88,73.73,92,0.0,3530.44
2703.88,72.25,90,2.3625,3530.44
2703.88,71.95,90,0.0,3530.44
2703.88,73.18,89,0.0,3530.44
2703.88,73.03,89,0.0,3530.44
2703.88,72.01,95,1.2125,3530.44
2703.88,72.01,95,0.0,3530.44
2703.88,71.99,93,0.0,3530.44
2703.88,71.83,93,2.425,3530.44
2703.88,71.94,92,0.0,3530.44
2703.88,71.98,92,0.0,3530.44
2703.88,72.07,93,0.0,3530.44
2703.88,72.44,93,1.2125,3530.44
2703.88,71.68,92,0.0,3530.44
2703.88,71.7,92,0.0,3530.44
2703.88,72.34,92,2.4375,3530.44
2703.88,73.01,92,0.0,3530.44
2703.88,72.77,83,1.2125,3530.44
2703.88,73.11,83,0.0,3530.44
2703.88,73.1,91,0.0,3530.44
2703.88,73.35,91,0.0,3530.44
2703.88,73.68,92,1.2125,3530.44
2703.88,73.6,92,0.0,3530.44
2703.88,73.73,92,0.0,3530.44
2703.88,73.32,92,0.0,3530.44
2703.88,73.32,92,1.2125,3530.44
2703.88,73.54,92,2.4375,3530.44
2703.88,70.68,79,0.0,3530.44
2703.88,71.03,79,0.0,3530.44
2703.88,70.9,100,0.0,3530.44
2703.88,70.7,100,1.2125,3530.44
2703.88,70.71,95,1.2125,3530.44
2703.88,70.67,95,0.0,3530.44
2703.88,70.99,92,1.2125,3530.44
2703.88,70.78,92,0.0,3530.44
2703.88,70.75,93,0.0,3530.44
2703.88,70.39,93,0.0,3530.44
2703.88,70.29,93,1.2125,3530.44
2703.88,71.93,93,0.0,3530.44
2703.88,71.93,92,0.0,3530.44
2703.88,71.7,92,0.0,3530.44
2703.88,71.9,92,2.4375,3530.44
2703.88,70.89,92,0.0,3530.44
2703.88,70.63,85,1.2125,3530.44
2703.88,70.45,85,0.0,3530.44
2703.88,71.26,96,0.0,3530.44
2703.88,71.69,96,0.0,3530.44
2703.88,71.65,92,1.2125,3530.44
2703.88,71.65,92,0.0,3530.44
2703.88,71.68,92,0.0,3530.44
2703.88,71.03,92,1.2125,3530.44
2703.88,71.24,92,1.2125,3530.44
2703.88,72.25,92,0.0,3530.44
2703.88,71.94,93,0.0,3530.44
2703.88,71.75,93,2.4375,3530.44
2703.88,73.55,92,0.0,3530.44
2703.88,72.83,83,0.0,3530.44
2703.88,72.79,83,1.2125,3530.44
2703.88,73.06,91,0.0,3530.44
2703.88,73.47,91,0.0,3530.44
2703.88,73.64,91,0.0,3530.44
2703.88,74.0,91,0.0,3530.44
2703.88,73.91,91,1.2125,3530.44
2703.88,73.47,92,0.0,3530.44
2703.88,73.7,91,0.0,3530.44
2703.88,73.6,88,2.4375,3530.44
2703.88,70.89,88,0.0,3530.44
2703.88,71.38,89,1.2125,3530.44
2703.88,70.85,89,0.0,3530.44
2703.88,70.82,92,0.0,3530.44
2703.88,71.36,92,0.0,3530.44
2703.88,71.28,92,1.2125,3530.44
2703.88,71.15,92,0.0,3530.44
2703.88,71.38,92,0.0,3530.44
2703.88,71.05,92,1.2125,3530.44
2703.88,71.25,92,1.2125,3530.44
2703.88,72.37,92,0.0,3530.44
2703.88,72.25,93,1.175,3530.44
2703.88,74.39,93,1.1875,3530.44
2703.88,74.49,83,0.0,3530.44
2703.88,74.17,83,1.2125,3530.44
2703.88,73.47,95,0.0,3530.44
2703.88,73.89,95,0.0,3530.44
2703.88,73.77,93,1.2125,3530.44
2703.88,73.93,93,0.0,3530.44
2703.88,73.83,92,0.0,3530.44
2703.88,73.69,92,1.225,3530.44
2703.88,73.77,92,0.0,3530.44
2703.88,73.9,92,0.0,3530.44
2703.88,71.89,92,0.0,3530.44
2703.88,71.25,92,1.2125,3530.44
2703.88,71.36,93,1.2125,3530.44
2703.88,73.04,93,1.2125,3530.44
2703.88,72.13,82,0.0,3530.44
2703.88,72.4,82,0.0,3530.44
2703.88,72.55,93,1.2125,3530.44
2703.88,72.82,93,0.0,3530.44
2703.88,72.85,92,0.0,3530.44
2703.88,72.75,92,1.2125,3530.44
2703.88,72.63,91,0.0,3530.44
2703.88,72.86,91,0.0,3530.44
2703.88,72.99,92,1.2125,3530.44
2703.88,72.82,92,1.2125,3530.44
2703.88,69.03,85,0.0,3530.44
2703.88,69.61,85,1.225,3530.44
2703.88,69.49,89,0.0,3530.44
2703.88,69.51,89,0.0,3530.44
2703.88,69.52,93,1.2125,3530.44
2703.88,69.66,93,0.0,3530.44
2703.88,69.73,92,1.2125,3530.44
2703.88,69.67,92,1.225,3530.44
2703.88,69.62,92,0.0,3530.44
2703.88,69.72,92,0.0,3530.44
2703.88,69.6,92,2.325,3530.44
2703.88,71.9,92,0.0,3530.44
2703.88,73.57,80,0.0,3530.44
2703.88,72.9,80,0.0,3530.44
2703.88,72.96,93,1.2125,3530.44
2703.88,73.16,93,0.0,3530.44
2703.88,73.39,91,0.0,3530.44
2703.88,73.34,91,1.2125,3530.44
2703.88,73.4,91,0.0,3530.44
2703.88,73.09,91,0.0,3530.44
2703.88,73.07,93,0.0,3530.44
2703.88,72.88,93,1.2125,3530.44
2703.88,71.04,92,1.2125,3530.44
2703.88,72.33,82,1.2125,3530.44
2703.88,71.88,82,0.0,3530.44
2703.88,72.03,82,0.0,3530.44
2703.88,72.26,91,1.2125,3530.44
2703.88,72.25,92,1.225,3530.44
2703.88,72.49,92,0.0,3530.44
2703.88,72.53,92,0.0,3530.44
2703.88,72.69,92,1.2125,3530.44
2703.88,72.94,92,0.0,3530.44
2703.88,72.94,92,0.0,3530.44
2703.88,73.07,92,2.4375,3530.44
2703.88,73.77,82,0.0,3530.44
2703.88,73.36,82,1.2125,3530.44
2703.88,72.81,92,0.0,3530.44
2703.88,72.81,92,0.0,3530.44
2703.88,73.04,92,1.225,3530.44
2703.88,73.02,92,0.0,3530.44
2703.88,73.01,91,0.0,3530.44
2703.88,73.54,91,0.0,3530.44
2703.88,73.41,91,1.2125,3530.44
2703.88,73.09,91,0.0,3530.44
2703.88,71.41,92,2.4375,3530.44
2703.88,72.65,92,0.0,3530.44
2703.88,72.13,82,0.0,3530.44
2703.88,72.38,82,0.0,3530.44
2703.88,72.25,92,1.2125,3530.44
2703.88,72.5,92,0.0,3530.44
2703.88,72.51,92,0.0,3530.44
2703.88,72.44,92,1.2125,3530.44
2703.88,72.26,92,0.0,3530.44
2703.88,72.23,92,0.0,3530.44
2703.88,72.3,92,1.2125,3530.44
2703.88,72.56,92,0.0,3530.44
2703.88,71.32,90,2.425,3530.44
2703.88,72.3,90,0.0,3530.44
2703.88,72.38,85,1.2125,3530.44
2703.88,72.41,85,0.0,3530.44
2703.88,71.84,91,1.2125,3530.44
2703.88,71.94,91,0.0,3530.44
2703.88,72.48,92,0.0,3530.44
2703.88,72.08,92,1.2125,3530.44
2703.88,72.09,91,0.0,3530.44
2703.88,72.28,91,0.0,3530.44
2703.88,72.54,91,0.0,3530.44
2703.88,73.0,91,2.425,3530.44
2703.88,74.18,82,0.0,3530.44
2703.88,73.34,82,0.0,3530.44
2703.88,73.49,94,1.2125,3530.44
2703.88,73.77,94,0.0,3530.44
2703.88,74.13,92,0.0,3530.44
2703.88,73.84,92,1.2125,3530.44
2703.88,74.13,92,0.0,3530.44
2703.88,74.22,91,0.0,3530.44
2703.88,73.85,91,1.2125,3530.44
2703.88,73.59,92,0.0,3530.44
2703.88,73.74,92,2.425,3530.44
2703.88,71.9,82,1.2125,3530.44
2703.88,73.08,82,0.0,3530.44
2703.88,72.78,91,0.0,3530.44
2703.88,72.52,91,1.225,3530.44
2703.88,73.02,91,0.0,3530.44
2703.88,73.09,91,0.0,3530.44
2703.88,72.72,92,1.2125,3530.44
2703.88,73.07,92,0.0,3530.44
2703.88,73.05,93,0.0,3530.44
2703.88,73.03,93,0.0,3530.44
2703.88,73.03,91,2.45,3530.44
2703.88,72.83,91,0.0,3530.44
2703.88,72.16,83,0.0,3530.44
2703.88,71.82,83,1.1875,3530.44
2703.88,72.03,92,0.0,3530.44
2703.88,71.78,92,0.0,3530.44
2703.88,71.8,92,1.2125,3530.44
2703.88,72.57,92,0.0,3530.44
2703.88,72.38,92,0.0,3530.44
2703.88,72.36,92,1.2125,3530.44
2703.88,72.52,91,0.0,3530.44
2703.88,72.55,91,1.2125,3530.44
2703.88,72.05,92,1.2375,3530.44
2703.88,73.7,92,0.0,3530.44
2703.88,73.61,85,1.25,3530.44
2703.88,73.63,85,0.0,3530.44
2703.88,73.38,96,0.0,3530.44
2703.88,73.58,96,1.2375,3530.44
2703.88,73.18,92,0.0,3530.44
2703.88,73.5,92,0.0,3530.44
2703.88,73.48,93,1.2375,3530.44
2703.88,72.98,93,0.0,3530.44
2703.88,72.75,92,0.0,3530.44
2703.88,72.64,92,1.2375,3530.44
2703.88,72.04,86,0.0,3530.44
2703.88,72.21,86,0.0,3530.44
2703.88,72.09,90,3.7375,3530.44
2703.88,72.29,90,0.0,3530.44
2703.88,72.31,80,0.0,3530.44
2703.88,72.71,80,0.0,3530.44
2703.88,72.43,96,1.25,3530.44
2703.88,72.81,96,0.0,3530.44
2703.88,73.45,90,0.0,3530.44
2703.88,73.68,90,1.2375,3530.44
2703.88,74.04,90,0.0,3530.44
2703.88,73.65,90,0.0,3530.44
2703.88,73.34,90,0.0,3530.44
2703.88,73.25,90,1.2375,3530.44
2703.88,73.43,90,0.0,3530.44
2703.88,73.13,90,0.0,3530.44
2703.88,72.75,90,2.4875,3530.44
2703.88,73.09,79,0.0,3530.44
2703.88,73.54,79,1.25,3530.44
2703.88,73.13,89,0.0,3530.44
2703.88,73.35,89,0.0,3530.44
2703.88,73.3,90,0.0,3530.44
2703.88,73.53,90,1.2375,3530.44
2703.88,73.83,91,0.0,3530.44
2703.88,73.76,91,0.0,3530.44
2703.88,73.18,92,1.25,3530.44
2703.88,73.0,92,0.0,3530.44
2703.88,73.13,92,0.0,3530.44
2703.88,72.72,92,2.4875,3530.44
2703.88,68.91,82,0.0,3530.44
2703.88,68.85,82,0.0,3530.44
2703.88,68.74,90,1.2125,3530.44
2703.88,68.97,90,0.0,3530.44
2703.88,68.69,92,0.0,3530.44
2703.88,68.85,92,1.2125,3530.44
2703.88,68.83,92,0.0,3530.44
2703.88,68.94,92,0.0,3530.44
2703.88,68.94,92,1.2125,3530.44
2703.88,69.02,92,0.0,3530.44
2703.88,72.24,91,2.4375,3530.44
2703.88,73.41,91,0.0,3530.44
2703.88,73.05,86,0.0,3530.44
2703.88,73.02,86,0.0,3530.44
2703.88,72.47,96,1.2125,3530.44
2703.88,73.0,96,0.0,3530.44
2703.88,72.96,92,0.0,3530.44
2703.88,73.32,92,1.2125,3530.44
2703.88,73.11,93,0.0,3530.44
2703.88,72.93,93,0.0,3530.44
2703.88,72.76,92,1.2125,3530.44
2703.88,72.73,92,1.2125,3530.44
2703.88,72.11,92,0.0,3530.44
2703.88,72.34,92,0.0,3530.44
2703.88,71.96,93,2.425,3530.44
2703.88,71.57,93,0.0,3530.44
2703.88,71.52,86,0.0,3530.44
2703.88,71.25,86,0.0,3530.44
2703.88,70.3,100,1.2125,3530.44
2703.88,70.62,100,0.0,3530.56
2703.88,71.3,92,0.0,3530.56
2703.88,71.61,92,0.0,3530.56
2703.88,71.75,92,1.2125,3530.56
2703.88,71.34,92,0.0,3530.56
2703.88,71.26,92,0.0,3530.56
2703.88,71.54,92,0.0,3530.56
2703.88,72.28,92,1.2125,3530.56
2703.88,72.35,92,0.0,3530.56
2703.88,72.2,92,1.1625,3530.56
2703.88,72.61,92,1.175,3530.56
2703.88,73.83,76,1.2375,3530.69
2703.88,73.13,76,0.0,3530.69
2703.88,73.19,94,0.0,3530.69
2703.88,72.82,94,1.2125,3530.69
2703.88,73.47,92,0.0,3530.69
2703.88,73.74,92,0.0,3530.69
2703.88,73.93,91,1.2125,3530.69
2703.88,73.77,92,0.0,3530.69
2703.88,73.58,92,0.0,3530.69
2703.88,73.58,92,0.0,3530.69
2703.88,73.71,92,2.425,3530.69
2703.88,73.07,82,0.0,3530.69
2703.88,72.89,82,2.4375,3530.69
2703.88,72.89,97,0.0,3530.69
2703.88,72.37,97,0.0,3530.69
2703.88,71.66,92,1.2125,3530.69
2703.88,71.55,92,0.0,3530.69
2703.88,71.62,93,0.0,3530.69
2703.88,71.74,93,0.0,3530.69
2703.88,71.83,92,1.2125,3530.69
2703.88,71.83,92,0.0,3530.69
2703.88,71.95,92,0.0,3530.69
2703.88,71.62,92,0.0,3530.69
2703.88,71.45,93,2.425,3530.69
2703.88,68.56,93,0.0,3530.69
2703.88,69.14,82,1.2125,3530.69
2703.88,69.19,82,0.0,3530.69
2703.88,69.28,90,0.0,3530.69
2703.88,69.46,90,1.2125,3530.69
2703.88,69.94,92,0.0,3530.69
2703.88,70.25,92,0.0,3530.69
2703.88,70.09,90,0.0,3530.69
2703.88,69.86,91,1.2125,3530.69
2703.88,70.06,91,0.0,3530.69
2703.88,73.24,91,2.35,3530.69
2703.88,74.73,91,0.0,3530.69
2703.88,74.17,80,2.4375,3530.69
2703.88,73.92,80,0.0,3530.69
2703.88,74.32,91,0.0,3530.69
2703.88,74.34,91,0.0,3530.69
2703.88,74.16,93,1.2125,3530.69
2703.88,73.91,93,0.0,3530.69
2703.88,73.95,91,0.0,3530.69
2703.88,74.05,91,1.2125,3530.69
2703.88,73.51,92,0.0,3530.69
2703.88,73.16,92,0.0,3530.69
2703.88,71.7,91,2.425,3530.69
2703.88,73.03,91,0.0,3530.69
2703.88,73.01,83,0.0,3530.69
2703.88,72.57,83,1.2125,3530.69
2703.88,72.52,91,0.0,3530.69
2703.88,72.59,91,0.0,3530.69
2703.88,73.02,92,1.2125,3530.69
2703.88,72.97,92,0.0,3530.69
2703.88,72.97,92,0.0,3530.69
2703.88,73.08,92,0.0,3530.69
2703.88,73.28,92,1.2125,3530.69
2703.88,73.08,80,1.2125,3530.69
2703.88,69.95,80,1.2125,3530.69
2703.88,69.2,80,0.0,3530.69
2703.88,69.41,94,0.0,3530.69
2703.88,69.41,92,1.2125,3530.69
2703.88,69.19,92,0.0,3530.69
2703.88,69.21,92,0.0,3530.69
2703.88,69.24,92,1.2125,3530.69
2703.88,69.36,92,0.0,3530.69
2703.88,68.9,92,0.0,3530.69
2703.88,69.18,92,2.425,3530.69
2703.88,71.43,92,1.2125,3530.69
2703.88,73.42,82,0.0,3530.69
2703.88,72.76,82,1.2125,3530.69
2703.88,72.67,100,0.0,3530.69
2703.88,72.31,100,0.0,3530.69
2703.88,72.3,93,0.0,3530.69
2703.88,72.58,93,1.2125,3530.69
2703.88,72.44,92,0.0,3530.69
2703.88,72.46,92,0.0,3530.69
2703.88,73.05,92,1.2125,3530.69
2703.88,72.84,92,0.0,3530.69
2703.88,72.86,93,0.0,3530.69
2703.88,71.78,93,0.0,3530.69
2703.88,72.4,93,1.2125,3530.69
2703.88,72.06,93,0.0,3530.69
2703.88,72.54,93,3.65,3530.69
2703.88,72.85,93,0.0,3530.69
2703.88,72.76,80,1.2125,3530.69
2703.88,73.2,80,0.0,3530.69
2703.88,73.45,92,0.0,3530.69
2703.88,73.45,92,1.2125,3530.69
2703.88,73.61,92,0.0,3530.69
2703.88,73.76,92,0.0,3530.69
2703.88,73.38,92,1.2125,3530.69
2703.88,73.19,92,0.0,3530.69
2703.88,73.11,92,0.0,3530.69
2703.88,72.66,92,2.425,3530.69
2703.88,70.95,80,0.0,3530.69
2703.88,70.09,80,0.0,3530.69
2703.88,69.97,93,1.2125,3530.69
2703.88,70.22,93,0.0,3530.69
2703.88,70.42,92,0.0,3530.69
2703.88,70.56,92,0.0,3530.69
2703.88,70.37,91,1.2125,3530.69
2703.88,70.31,91,0.0,3530.69
2703.88,70.4,91,1.2125,3530.69
2703.88,70.28,91,0.0,3530.69
2703.88,70.47,92,2.425,3530.69
2703.88,71.57,83,0.0,3530.69
2703.88,73.08,83,0.0,3530.69
2703.88,72.4,97,0.0,3530.69
2703.88,72.4,97,1.2125,3530.69
2703.88,72.43,92,0.0,3530.69
2703.88,72.45,92,0.0,3530.69
2703.88,72.53,92,1.2125,3530.69
2703.88,72.63,92,0.0,3530.69
2703.88,72.84,92,0.0,3530.69
2703.88,73.01,92,0.0,3530.69
2703.88,73.2,93,1.2125,3530.69
2703.88,72.13,93,1.2125,3530.69
2703.88,72.25,92,2.425,3530.69
2703.88,72.62,92,0.0,3530.69
2703.88,72.89,85,0.0,3530.69
2703.88,71.61,85,0.0,3530.69
2703.88,71.94,94,1.2125,3530.69
2703.88,72.15,94,0.0,3530.69
2703.88,72.02,92,0.0,3530.69
2703.88,72.03,92,1.2125,3530.69
2703.88,71.96,93,0.0,3530.69
2703.88,71.8,93,0.0,3530.69
2703.88,71.63,91,0.0,3530.69
2703.88,71.3,91,1.2125,3530.69
2703.88,71.26,92,0.0,3530.69
2703.88,70.67,92,2.425,3530.69
2703.88,68.3,79,1.2,3530.69
2703.88,67.68,79,0.0,3530.69
2703.88,67.83,93,0.0,3530.69
2703.88,67.89,93,0.0,3530.69
2703.88,67.73,92,1.2125,3530.69
2703.88,68.19,92,0.0,3530.69
2703.88,67.96,92,0.0,3530.69
2703.88,68.25,92,1.2125,3530.69
2703.88,68.4,92,0.0,3530.69
2703.88,68.26,92,1.2125,3530.69
2703.88,71.39,92,2.425,3530.69
2703.88,72.62,92,0.0,3530.69
2703.88,72.7,82,0.0,3530.69
2703.88,72.56,82,0.0,3530.69
2703.88,72.91,97,1.225,3530.69
2703.88,72.91,93,0.0,3530.69
2703.88,73.34,93,0.0,3530.69
2703.88,73.37,92,0.0,3530.69
2703.88,73.62,92,1.225,3530.69
2703.88,73.63,92,0.0,3530.69
2703.88,73.53,92,0.0,3530.69
2703.88,73.65,92,1.225,3530.69
2703.88,72.84,92,0.0,3530.69
2703.88,72.54,93,1.2125,3530.69
2703.88,73.78,93,1.225,3530.69
2703.88,73.22,80,0.0,3530.69
2703.88,73.07,80,0.0,3530.69
2703.88,73.04,93,0.0,3530.69
2703.88,73.09,93,1.225,3530.69
2703.88,73.14,92,0.0,3530.69
2703.88,73.18,92,1.225,3530.69
2703.88,73.01,92,0.0,3530.69
2703.88,73.04,92,1.2125,3530.69
2703.88,72.83,91,0.0,3530.69
2703.88,71.24,91,2.425,3530.69
2703.88,72.36,90,0.0,3530.69
2703.88,72.48,90,0.0,3530.69
2703.88,72.81,89,0.0,3530.69
2703.88,72.19,97,1.2125,3530.69
2703.88,72.24,97,0.0,3530.69
2703.88,72.59,93,0.0,3530.69
2703.88,72.83,93,1.2125,3530.69
2703.88,72.84,92,0.0,3530.69
2703.88,72.21,92,0.0,3530.69
2703.88,72.47,92,0.0,3530.69
2703.88,73.02,92,1.2125,3530.69
2703.88,72.4,93,0.0,3530.69
2703.88,72.31,93,0.0,3530.69
2703.88,72.0,92,1.2125,3530.69
2703.88,70.36,92,2.425,3530.69
2703.88,70.37,83,1.2125,3530.69
2703.88,70.66,83,0.0,3530.69
2703.88,70.03,97,0.0,3530.69
2703.88,70.31,97,0.0,3530.69
2703.88,70.99,92,1.2125,3530.69
2703.88,70.58,92,0.0,3530.69
2703.88,70.69,92,0.0,3530.69
2703.88,70.62,92,1.2125,3530.69
2703.88,70.38,92,0.0,3530.69
2703.88,70.08,93,0.0,3530.69
2703.88,72.17,93,1.2125,3530.69
2703.88,72.08,92,0.0,3530.69
2703.88,71.47,92,2.4375,3530.69
2703.88,68.79,92,0.0,3530.69
2703.88,67.19,81,0.0,3530.69
2703.88,67.1,91,0.0,3530.69
2703.88,67.85,91,1.2125,3530.69
2703.88,67.85,91,0.0,3530.69
2703.88,68.11,91,0.0,3530.69
2703.88,68.53,91,1.225,3530.69
2703.88,68.23,91,1.2125,3530.69
2703.88,67.78,92,0.0,3530.69
2703.88,67.93,92,0.0,3530.69
2703.88,71.08,91,2.425,3530.69
2703.88,73.55,91,0.0,3530.69
2703.88,73.33,82,1.2125,3530.69
2703.88,72.94,82,0.0,3530.69
2703.88,73.04,92,0.0,3530.69
2703.88,72.83,92,0.0,3530.69
2703.88,72.81,91,1.2125,3530.69
2703.88,73.01,91,0.0,3530.69
2703.88,73.0,92,0.0,3530.69
2703.88,73.13,92,1.2125,3530.69
2703.88,73.21,91,0.0,3530.69
2703.88,73.3,91,0.0,3530.69
2703.88,69.34,82,2.4375,3530.69
2703.88,69.39,82,0.0,3530.69
2703.88,69.62,98,0.0,3530.69
2703.88,68.17,98,1.2125,3530.69
2703.88,68.23,94,0.0,3530.69
2703.88,68.27,94,0.0,3530.69
2703.88,68.26,91,1.2125,3530.69
2703.88,68.32,91,0.0,3530.69
2703.88,67.46,91,0.0,3530.69
2703.88,67.33,91,0.0,3530.69
2703.88,67.35,93,1.2125,3530.69
2703.88,70.29,93,0.0,3530.69
2703.88,70.18,93,0.0,3530.69
2703.88,69.94,92,0.0,3530.69
2703.88,71.35,92,2.4375,3530.69
2703.88,72.44,82,0.0,3530.69
2703.88,71.93,82,1.2125,3530.69
2703.88,71.72,91,0.0,3530.69
2703.88,72.18,91,1.2125,3530.69
2703.88,73.1,92,0.0,3530.69
2703.88,73.28,92,1.2125,3530.69
2703.88,73.06,93,0.0,3530.69
2703.88,72.84,93,0.0,3530.69
2703.88,73.04,92,0.0,3530.69
2703.88,72.68,92,1.2125,3530.69
2703.88,68.54,84,1.2125,3530.69
2703.88,69.05,84,1.2125,3530.69
2703.88,69.17,89,0.0,3530.69
2703.88,69.1,89,0.0,3530.69
2703.88,69.53,91,0.0,3530.69
2703.88,69.65,91,0.0,3530.69
2703.88,69.65,92,1.2125,3530.69
2703.88,70.16,92,0.0,3530.69
2703.88,70.14,92,0.0,3530.69
2703.88,70.26,92,1.2125,3530.69
2703.88,70.51,92,0.0,3530.69
2703.88,72.61,92,2.425,3530.69
2703.88,73.38,82,0.0,3530.69
2703.88,72.74,82,1.2125,3530.69
2703.88,72.55,93,0.0,3530.69
2703.88,72.36,93,1.2125,3530.69
2703.88,72.36,92,0.0,3530.69
2703.88,72.41,92,0.0,3530.69
2703.88,72.59,92,1.2125,3530.69
2703.88,72.48,92,0.0,3530.69
2703.88,72.57,92,0.0,3530.69
2703.88,72.53,92,1.2125,3530.69
2703.88,72.41,92,1.2125,3530.69
2703.88,69.17,92,1.2,3530.69
2703.88,69.31,84,0.0,3530.69
2703.88,69.62,84,0.0,3530.69
2703.88,69.79,100,1.2125,3530.69
2703.88,69.65,100,0.0,3530.69
2703.88,69.7,91,0.0,3530.69
2703.88,69.64,91,0.0,3530.69
2703.88,69.61,93,1.2125,3530.69
2703.88,69.55,93,0.0,3530.69
2703.88,69.58,91,0.0,3530.69
2703.88,70.19,91,0.0,3530.69
2703.88,72.5,92,1.2125,3530.69
2703.88,72.94,92,0.0,3530.69
2703.88,72.51,93,1.2125,3530.69
2703.88,72.49,93,1.1875,3530.69
2703.88,73.9,78,1.2125,3530.69
2703.88,73.27,78,1.2125,3530.69
2703.88,73.24,94,0.0,3530.69
2703.88,73.52,94,0.0,3530.69
2703.88,73.92,92,0.0,3530.69
2703.88,74.06,92,1.2125,3530.69
2703.88,74.06,92,0.0,3530.69
2703.88,73.9,92,0.0,3530.69
2703.88,73.99,92,1.2125,3530.69
2703.88,73.99,92,0.0,3530.69
2703.88,73.41,92,2.4375,3530.69
2703.88,71.88,82,0.0,3530.69
2703.88,72.83,82,0.0,3530.69
2703.88,72.79,88,0.0,3530.69
2703.88,72.8,88,1.2125,3530.69
2703.88,72.94,89,0.0,3530.69
2703.88,72.8,89,0.0,3530.69
2703.88,72.8,89,0.0,3530.69
2703.88,72.25,89,0.0,3530.69
2703.88,72.04,90,1.25,3530.69
2703.88,72.04,90,0.0,3530.69
2703.88,72.45,89,1.25,3530.69
2703.88,69.59,89,0.0,3530.69
2703.88,69.24,84,1.25,3530.69
2703.88,69.48,84,0.0,3530.69
2703.88,69.52,100,0.0,3530.69
2703.88,69.49,100,1.2375,3530.69
2703.88,69.58,88,0.0,3530.69
2703.88,70.17,88,0.0,3530.69
2703.88,70.17,90,0.0,3530.69
2703.88,70.11,90,2.4875,3530.69
2703.88,69.64,91,0.0,3530.69
2703.88,69.76,91,0.0,3530.69
2703.88,72.12,91,0.0,3530.69
2703.88,72.22,91,0.0,3530.69
2703.88,71.92,92,1.25,3530.69
2703.88,71.84,92,1.2375,3530.69
2703.88,70.19,83,0.0,3530.69
2703.88,69.11,83,0.0,3530.69
2703.88,69.3,94,1.25,3530.69
2703.88,69.41,94,0.0,3530.69
2703.88,69.92,92,0.0,3530.69
2703.88,70.21,92,1.25,3530.69
2703.88,70.65,92,0.0,3530.69
2703.88,70.58,92,0.0,3530.69
2703.88,70.74,91,0.0,3530.69
2703.88,70.64,91,0.0,3530.69
2703.88,70.53,91,1.2375,3530.69
2703.88,71.82,91,1.25,3530.69
2703.88,73.73,82,1.25,3530.69
2703.88,72.55,82,0.0,3530.69
2703.88,72.62,94,0.0,3530.69
2703.88,72.83,94,0.0,3530.69
2703.88,73.35,91,2.4875,3530.69
2703.88,73.06,92,0.0,3530.69
2703.88,72.94,92,0.0,3530.69
2703.88,72.75,93,0.0,3530.69
2703.88,72.57,93,1.2375,3530.69
2703.88,72.53,92,0.0,3530.69
2703.88,72.68,92,0.0,3530.69
2703.88,71.42,80,2.4875,3530.69
2703.88,73.86,80,0.0,3530.69
2703.88,73.37,94,0.0,3530.69
2703.88,73.04,94,1.225,3530.69
2703.88,72.67,92,0.0,3530.69
2703.88,73.18,92,0.0,3530.69
2703.88,73.31,92,0.0,3530.69
2703.88,73.36,92,1.2125,3530.69
2703.88,73.36,92,0.0,3530.69
2703.88,72.91,92,0.0,3530.69
2703.88,73.19,92,1.2125,3530.69
2703.88,71.58,92,1.1625,3530.69
2703.88,73.81,79,1.1875,3530.69
2703.88,73.22,79,0.0,3530.69
2703.88,73.43,93,0.0,3530.69
2703.88,73.57,93,0.0,3530.69
2703.88,73.78,93,1.2125,3530.69
2703.88,74.01,93,1.2125,3530.69
2703.88,73.89,92,0.0,3530.69
2703.88,73.91,92,1.225,3530.69
2703.88,74.59,91,0.0,3530.69
2703.88,74.49,91,0.0,3530.69
2703.88,74.33,92,0.0,3530.69
2703.88,72.49,92,2.45,3530.69
2703.88,73.41,85,0.0,3530.69
2703.88,73.21,85,1.2125,3530.69
2703.88,72.93,95,0.0,3530.69
2703.88,72.81,95,0.0,3530.69
2703.88,72.78,93,0.0,3530.69
2703.88,73.07,93,1.2125,3530.69
2703.88,73.01,91,0.0,3530.69
2703.88,72.77,91,0.0,3530.69
2703.88,72.78,91,1.2125,3530.69
2703.88,73.1,91,0.0,3530.69
2703.88,73.33,92,0.0,3530.69
2703.88,72.64,92,1.2125,3530.69
2703.88,72.59,92,1.2375,3530.69
2703.88,73.19,92,0.0,3530.69
2703.88,72.7,81,0.0,3530.69
2703.88,72.93,81,1.25,3530.69
2703.88,73.0,92,0.0,3530.69
2703.88,73.03,92,0.0,3530.69
2703.88,72.96,92,1.25,3530.69
2703.88,73.19,92,0.0,3530.69
2703.88,73.0,92,0.0,3530.69
2703.88,72.83,92,0.0,3530.69
2703.88,72.98,92,1.2375,3530.69
2703.88,72.77,91,1.25,3530.69
2703.88,72.0,91,1.2375,3530.69
2703.88,72.78,84,0.0,3530.69
2703.88,72.34,84,0.0,3530.69
2703.88,72.41,92,1.2375,3530.69
2703.88,72.58,92,0.0,3530.69
2703.88,73.4,91,0.0,3530.69
2703.88,73.36,91,1.2375,3530.69
2703.88,73.5,91,0.0,3530.69
2703.88,73.32,91,0.0,3530.69
2703.88,73.08,91,0.0,3530.69
2703.88,73.17,91,1.2375,3530.69
2703.88,72.9,79,1.25,3530.69
2703.88,72.27,79,0.0,3530.69
2703.88,71.54,91,1.2375,3530.69
2703.88,70.86,91,0.0,3530.69
2703.88,70.48,89,0.0,3530.69
2703.88,70.88,89,1.25,3530.69
2703.88,70.81,88,0.0,3530.69
2703.88,70.83,88,0.0,3530.69
2703.88,71.22,88,0.0,3530.69
2703.88,71.1,88,1.25,3530.69
2703.88,70.52,88,0.0,3530.69
2703.88,70.6,88,0.0,3530.69
2703.88,72.39,80,2.4875,3530.69
2703.88,72.18,80,0.0,3530.69
2703.88,72.25,92,0.0,3530.69
2703.88,72.44,92,0.0,3530.69
2703.88,72.15,89,1.25,3530.69
2703.88,71.99,89,0.0,3530.69
2703.88,72.15,89,0.0,3530.69
2703.88,72.04,89,1.2375,3530.69
2703.88,72.05,89,1.2375,3530.69
2703.88,72.91,91,0.0,3530.69
2703.88,72.8,91,0.0,3530.69
2703.88,71.53,91,2.3875,3530.69
2703.88,73.14,79,0.0,3530.69
2703.88,72.62,79,1.2125,3530.69
2703.88,72.49,93,0.0,3530.69
2703.88,72.35,93,0.0,3530.69
2703.88,72.95,91,1.2375,3530.69
2703.88,72.75,91,0.0,3530.69
2703.88,72.89,91,0.0,3530.69
2703.88,73.24,91,1.2125,3530.69
2703.88,73.33,91,0.0,3530.69
2703.88,73.37,91,0.0,3530.69
2703.88,73.62,91,1.2125,3530.69
2703.88,70.79,93,1.2125,3530.69
2703.88,71.35,82,1.2125,3530.69
2703.88,70.53,82,0.0,3530.69
2703.88,70.67,94,0.0,3530.69
2703.88,70.43,94,0.0,3530.69
2703.88,70.86,94,1.2125,3530.69
2703.88,70.82,91,0.0,3530.69
2703.88,70.36,91,0.0,3530.69
2703.88,70.47,91,1.2125,3530.69
2703.88,70.49,93,0.0,3530.69
2703.88,70.35,93,0.0,3530.69
2703.88,72.21,93,1.2125,3530.69
2703.88,71.83,81,1.2125,3530.69
2703.88,74.09,81,0.0,3530.69
2703.88,74.22,81,1.2125,3530.69
2703.88,73.84,100,0.0,3530.69
2703.88,73.44,93,0.0,3530.69
2703.88,73.71,93,1.2125,3530.69
2703.88,73.57,93,0.0,3530.69
2703.88,73.48,92,0.0,3530.69
2703.88,73.58,92,1.2125,3530.69
2703.88,73.67,92,0.0,3530.69
2703.88,73.67,93,0.0,3530.69
2703.88,73.7,93,0.0,3530.69
2703.88,71.56,92,1.2125,3530.69
2703.88,71.6,92,0.0,3530.69
2703.88,71.6,85,2.4375,3530.69
2703.88,69.17,85,0.0,3530.69
2703.88,69.52,90,1.2125,3530.69
2703.88,69.52,90,0.0,3530.69
2703.88,69.69,92,0.0,3530.69
2703.88,69.64,92,1.2125,3530.69
2703.88,70.07,92,1.225,3530.69
2703.88,70.19,92,0.0,3530.69
2703.88,70.0,92,0.0,3530.69
2703.88,70.03,92,0.0,3530.69
2703.88,70.54,92,1.2125,3530.69
2703.88,72.64,92,1.2125,3530.69
2703.88,73.98,81,1.2125,3530.69
2703.88,74.17,81,0.0,3530.69
2703.88,72.76,98,0.0,3530.69
2703.88,72.9,98,0.0,3530.69
2703.88,73.04,92,1.2125,3530.69
2703.88,73.03,92,0.0,3530.69
2703.88,72.77,92,0.0,3530.69
2703.88,72.31,92,0.0,3530.69
2703.88,72.42,92,1.2125,3530.69
2703.88,71.98,92,0.0,3530.69
2703.88,72.19,93,0.0,3530.69
2703.88,70.58,93,0.0,3530.69
2703.88,70.39,93,2.425,3530.69
2703.88,69.44,93,0.0,3530.69
2703.88,69.26,83,1.2125,3530.69
2703.88,69.17,83,0.0,3530.69
2703.88,69.16,91,0.0,3530.69
2703.88,69.42,91,1.225,3530.69
2703.88,70.06,92,0.0,3530.69
2703.88,70.28,92,1.2125,3530.69
2703.88,70.28,92,0.0,3530.69
2703.88,69.9,92,1.2125,3530.69
2703.88,70.37,91,0.0,3530.69
2703.88,72.66,91,1.1625,3530.69
2703.88,74.44,92,1.1625,3530.69
2703.88,73.92,92,0.0,3530.69
2703.88,73.26,80,1.2375,3530.69
2703.88,73.26,80,0.0,3530.69
2703.88,73.58,91,0.0,3530.69
2703.88,73.58,91,0.0,3530.69
2703.88,73.65,92,1.2125,3530.69
2703.88,73.65,92,0.0,3530.69
2703.88,73.88,92,0.0,3530.69
2703.88,73.38,92,0.0,3530.69
2703.88,73.08,92,1.2125,3530.69
2703.88,71.3,92,2.45,3530.69
2703.88,72.31,92,0.0,3530.69
2703.88,72.17,81,1.2125,3530.69
2703.88,71.84,81,0.0,3530.69
2703.88,71.94,89,0.0,3530.69
2703.88,71.95,89,1.1875,3530.69
2703.88,72.36,89,0.0,3530.69
2703.88,72.69,88,0.0,3530.69
2703.88,72.39,88,0.0,3530.69
2703.88,72.13,89,1.2,3530.69
2703.88,72.25,89,0.0,3530.69
2703.88,72.06,89,0.0,3530.69
2703.88,71.75,89,2.425,3530.69
2703.88,74.15,81,0.0,3530.69
2703.88,73.46,81,1.225,3530.69
2703.88,73.33,89,0.0,3530.69
2703.88,73.76,89,0.0,3530.69
2703.88,73.51,89,0.0,3530.69
2703.88,72.43,89,1.2125,3530.69
2703.88,72.83,90,0.0,3530.69
2703.88,73.48,90,0.0,3530.69
2703.88,73.28,89,1.2125,3530.69
2703.88,73.17,89,0.0,3530.69
2703.88,72.69,89,1.2125,3530.69
2703.88,70.8,89,1.2,3530.69
2703.88,72.42,83,0.0,3530.69
2703.88,71.91,83,0.0,3530.69
2703.88,71.67,90,1.2125,3530.69
2703.88,72.55,90,1.2125,3530.69
2703.88,72.47,92,0.0,3530.69
2703.88,72.55,92,1.2125,3530.69
2703.88,72.66,92,0.0,3530.69
2703.88,72.55,92,0.0,3530.69
2703.88,72.87,92,0.0,3530.69
2703.88,72.87,92,1.2125,3530.69
2703.88,69.55,86,2.425,3530.69
2703.88,70.06,86,0.0,3530.69
2703.88,69.81,89,0.0,3530.69
2703.88,69.91,89,0.0,3530.69
2703.88,70.04,92,1.2125,3530.69
2703.88,70.39,92,0.0,3530.69
2703.88,70.38,91,0.0,3530.69
2703.88,70.66,91,0.0,3530.69
2703.88,70.5,91,1.2125,3530.69
2703.88,70.47,91,0.0,3530.69
2703.88,70.42,92,0.0,3530.69
2703.88,72.26,92,2.425,3530.69
2703.88,73.18,80,0.0,3530.69
2703.88,72.62,80,0.0,3530.69
2703.88,72.54,93,1.2125,3530.69
2703.88,72.42,93,0.0,3530.69
2703.88,72.51,91,0.0,3530.69
2703.88,72.65,91,2.425,3530.69
2703.88,73.19,92,0.0,3530.69
2703.88,73.0,92,0.0,3530.69
2703.88,73.2,92,1.2125,3530.69
2703.88,73.48,92,0.0,3530.69
2703.88,72.17,91,2.425,3530.69
2703.88,73.39,83,0.0,3530.69
2703.88,73.2,83,0.0,3530.69
2703.88,73.06,83,1.2125,3530.69
2703.88,72.95,92,0.0,3530.69
2703.88,73.09,92,0.0,3530.69
2703.88,73.02,92,1.2125,3530.69
2703.88,72.94,92,0.0,3530.69
2703.88,72.81,93,0.0,3530.69
2703.88,72.6,92,0.0,3530.69
2703.88,72.5,92,1.2125,3530.69
2703.88,72.56,92,0.0,3530.69
2703.88,69.23,92,2.4375,3530.69
2703.88,68.96,84,0.0,3530.69
2703.88,69.11,84,0.0,3530.69
2703.88,69.4,100,0.0,3530.69
2703.88,69.16,100,1.2125,3530.69
2703.88,69.26,100,0.0,3530.69
2703.88,68.85,93,0.0,3530.69
2703.88,69.3,92,1.2125,3530.69
2703.88,69.44,92,0.0,3530.69
2703.88,69.15,92,0.0,3530.69
2703.88,69.5,93,1.2125,3530.69
2703.88,72.04,93,0.0,3530.69
2703.88,72.36,92,0.0,3530.69
2703.88,71.78,92,0.0,3530.69
2703.88,71.37,92,2.425,3530.69
2703.88,69.41,86,1.2125,3530.69
2703.88,69.25,89,1.2125,3530.69
2703.88,69.74,89,0.0,3530.69
2703.88,69.8,92,0.0,3530.69
2703.88,70.07,92,1.2125,3530.69
2703.88,70.55,91,0.0,3530.69
2703.88,70.72,91,0.0,3530.69
2703.88,70.72,92,1.2125,3530.69
2703.88,70.82,92,0.0,3530.69
2703.88,71.26,91,0.0,3530.69
2703.88,73.13,91,2.425,3530.69
2703.88,74.5,80,0.0,3530.69
2703.88,73.99,80,0.0,3530.69
2703.88,73.99,93,1.225,3530.69
2703.88,74.05,93,0.0,3530.69
2703.88,74.19,91,0.0,3530.69
2703.88,73.92,91,1.2125,3530.69
2703.88,73.81,92,0.0,3530.69
2703.88,73.66,92,0.0,3530.69
2703.88,73.51,91,0.0,3530.69
2703.88,73.41,91,1.2125,3530.69
2703.88,73.6,92,0.0,3530.69
2703.88,70.35,92,2.4375,3530.69
2703.88,71.13,83,0.0,3530.69
2703.88,71.11,83,0.0,3530.69
2703.88,70.99,90,1.2125,3530.69
2703.88,71.09,90,0.0,3530.69
2703.88,70.98,92,0.0,3530.69
2703.88,71.11,92,1.2125,3530.69
2703.88,71.18,91,0.0,3530.69
2703.88,71.19,91,0.0,3530.69
2703.88,71.12,92,1.2125,3530.69
2703.88,71.07,92,1.2125,3530.69
2703.88,72.73,92,2.4375,3530.69
2703.88,73.56,92,0.0,3530.69
2703.88,73.03,82,0.0,3530.69
2703.88,73.03,82,1.2125,3530.69
2703.88,72.9,92,0.0,3530.69
2703.88,73.13,92,0.0,3530.69
2703.88,73.16,93,0.0,3530.69
2703.88,73.16,93,1.2125,3530.69
2703.88,73.23,92,0.0,3530.69
2703.88,73.19,92,0.0,3530.69
2703.88,73.07,92,0.0,3530.69
2703.88,72.99,92,2.425,3530.69
2703.88,69.37,84,0.0,3530.69
2703.88,69.65,84,1.2125,3530.69
2703.88,69.42,90,0.0,3530.69
2703.88,69.38,90,0.0,3530.69
2703.88,69.81,92,1.2125,3530.69
2703.88,69.81,92,0.0,3530.69
2703.88,69.75,92,0.0,3530.69
2703.88,69.37,92,0.0,3530.69
2703.88,68.92,92,1.2125,3530.69
2703.88,68.92,92,0.0,3530.69
2703.88,68.94,92,2.4375,3530.69
2703.88,73.27,81,0.0,3530.69
2703.88,72.8,81,1.2125,3530.69
2703.88,73.03,94,1.2125,3530.69
2703.88,73.29,94,0.0,3530.69
2703.88,72.98,91,0.0,3530.69
2703.88,72.9,91,1.225,3530.69
2703.88,72.93,92,0.0,3530.69
2703.88,73.11,92,0.0,3530.69
2703.88,73.24,92,1.2125,3530.69
2703.88,73.37,92,0.0,3530.69
2703.88,72.98,93,1.175,3530.69
2703.88,71.48,81,1.225,3530.69
2703.88,72.69,81,0.0,3530.69
2703.88,72.51,92,0.0,3530.69
2703.88,72.12,92,1.2125,3530.69
2703.88,72.32,91,0.0,3530.69
2703.88,72.5,91,0.0,3530.69
2703.88,72.01,92,0.0,3530.69
2703.88,72.52,92,1.2125,3530.69
2703.88,72.43,92,0.0,3530.69
2703.88,72.71,92,0.0,3530.69
2703.88,72.49,92,0.0,3530.69
2703.88,70.28,92,2.425,3530.69
2703.88,69.26,82,0.0,3530.69
2703.88,69.47,82,2.4375,3530.69
2703.88,69.67,91,0.0,3530.69
2703.88,69.7,91,0.0,3530.69
2703.88,69.99,93,0.0,3530.69
2703.88,69.84,93,1.2125,3530.69
2703.88,70.22,92,0.0,3530.69
2703.88,70.16,92,0.0,3530.69
2703.88,70.14,92,0.0,3530.69
2703.88,69.99,92,1.2125,3530.69
2703.88,71.45,92,1.225,3530.69
2703.88,73.46,92,1.2125,3530.69
2703.88,73.0,83,0.0,3530.69
2703.88,72.69,83,0.0,3530.69
2703.88,72.54,91,1.2125,3530.69
2703.88,72.87,91,0.0,3530.69
2703.88,73.28,92,0.0,3530.69
2703.88,73.13,92,0.0,3530.69
2703.88,72.96,92,1.2125,3530.69
2703.88,73.1,92,0.0,3530.69
2703.88,73.33,92,0.0,3530.69
2703.88,72.92,92,1.2125,3530.69
2703.88,69.65,85,1.2125,3530.69
2703.88,69.96,85,0.0,3530.81
2703.88,69.75,86,0.0,3530.81
2703.88,70.22,86,1.2125,3530.81
2703.88,70.21,88,0.0,3530.81
2703.88,70.05,88,0.0,3530.81
2703.88,69.98,89,1.2125,3530.81
2703.88,70.41,89,0.0,3530.81
2703.88,70.22,89,0.0,3530.81
2703.88,69.97,89,0.0,3530.81
2703.88,69.95,90,1.225,3530.81
2703.88,72.18,90,1.225,3530.81
2703.88,70.46,78,1.225,3530.81
2703.88,70.26,78,0.0,3530.81
2705.88,69.73,100,0.0,3530.81
2705.88,69.04,100,0.0,3530.81
2705.88,69.04,96,1.225,3530.81
2705.88,69.38,96,1.225,3530.81
2705.88,69.39,91,0.0,3530.81
2705.88,69.56,91,0.0,3530.81
2705.88,69.56,89,0.0,3530.81
2705.88,69.68,89,0.0,3530.81
2705.88,72.05,90,1.225,3530.81
2705.88,72.1,90,0.0,3530.81
2705.88,71.62,92,0.0,3530.81
2705.88,71.94,92,0.0,3530.81
2705.88,72.41,92,2.425,3530.81
2705.88,70.92,92,0.0,3530.81
2705.88,70.1,79,0.0,3530.81
2705.88,70.1,79,1.2375,3530.81
2705.88,70.46,93,0.0,3530.81
2705.88,70.8,92,0.0,3530.81
2705.88,71.4,92,0.0,3530.81
2705.88,71.07,92,0.0,3530.81
2705.88,70.89,91,0.0,3530.81
2705.88,70.89,92,1.225,3530.81
2705.88,70.97,92,0.0,3530.81
2705.88,71.22,92,0.0,3530.81
2705.88,71.22,92,1.225,3530.81
2705.88,74.17,82,1.2375,3530.81
2705.88,73.61,82,0.0,3530.81
2705.88,73.84,92,0.0,3530.81
2705.88,73.76,92,0.0,3530.81
2705.88,73.87,92,1.2125,3530.81
2705.88,73.81,92,0.0,3530.81
2705.88,74.0,92,0.0,3530.81
2705.88,73.7,92,0.0,3530.81
2705.88,73.93,91,1.2125,3530.81
2705.88,73.72,91,0.0,3530.81
2705.88,73.21,91,2.4375,3530.81
2705.88,70.03,91,0.0,3530.81
2705.88,69.31,83,0.0,3530.81
2705.88,69.12,83,1.2125,3530.81
2705.88,69.12,92,0.0,3530.81
2705.88,69.51,92,0.0,3530.81
2705.88,69.51,93,0.0,3530.81
2705.88,69.56,93,1.2125,3530.81
2705.88,69.77,91,0.0,3530.81
2705.88,68.71,91,0.0,3530.81
2705.88,69.23,91,1.2125,3530.81
2705.88,71.6,91,2.4375,3530.81
2705.88,73.47,91,0.0,3530.81
2705.88,72.79,91,1.2125,3530.81
2705.88,73.13,84,0.0,3530.81
2705.88,72.81,84,0.0,3530.81
2705.88,72.34,92,1.25,3530.81
2705.88,72.31,92,0.0,3530.81
2705.88,72.23,92,0.0,3530.81
2705.88,73.07,92,0.0,3530.81
2705.88,73.15,92,1.2125,3530.81
2705.88,73.25,92,0.0,3530.81
2705.88,72.94,92,1.1375,3530.81
2705.88,68.79,80,1.225,3530.81
2705.88,69.19,80,0.0,3530.81
2705.88,68.97,97,0.0,3530.81
2705.88,68.68,97,0.0,3530.81
2705.88,69.23,97,1.25,3530.81
2705.88,69.17,93,0.0,3530.81
2705.88,69.36,93,0.0,3530.81
2705.88,69.35,92,0.0,3530.81
2705.88,69.11,92,0.0,3530.81
2705.88,68.94,92,1.25,3530.81
2705.88,68.97,93,0.0,3530.81
2705.88,72.27,93,0.0,3530.81
2705.88,72.21,92,1.2375,3530.81
2705.88,72.05,92,1.2375,3530.81
2705.88,70.84,83,1.2375,3530.81
2705.88,70.7,83,0.0,3530.81
2705.88,70.67,100,0.0,3530.81
2705.88,70.21,100,0.0,3530.81
2705.88,70.19,93,1.2375,3530.81
2705.88,70.61,93,0.0,3530.81
2705.88,70.8,92,0.0,3530.81
2705.88,70.8,92,1.2375,3530.81
2705.88,70.5,93,0.0,3530.81
2705.88,70.4,93,0.0,3530.81
2705.88,70.47,92,1.2375,3530.81
2705.88,71.83,92,0.0,3530.81
2705.88,71.61,91,1.2375,3530.81
2705.88,71.58,91,1.25,3530.81
2705.88,68.8,79,0.0,3530.81
2705.88,68.87,79,1.2375,3530.81
2705.88,68.87,94,0.0,3530.81
2705.88,69.13,94,0.0,3530.81
2705.88,69.18,91,0.0,3530.81
2705.88,69.63,91,0.0,3530.81
2705.88,69.94,91,0.0,3530.81
2705.88,69.99,91,1.25,3530.81
2705.88,70.26,91,0.0,3530.81
2705.88,70.13,91,0.0,3530.81
2705.88,69.64,92,0.0,3530.81
2705.88,72.69,92,2.4875,3530.81
2705.88,73.9,82,0.0,3530.81
2705.88,73.53,82,0.0,3530.81
2705.88,73.74,92,0.0,3530.81
2705.88,73.72,92,1.25,3530.81
2705.88,74.14,92,0.0,3530.81
2705.88,74.18,92,0.0,3530.81
2705.88,74.2,93,0.0,3530.81
2705.88,73.85,93,1.25,3530.81
2705.88,73.87,92,0.0,3530.81
2705.88,74.06,92,0.0,3530.81
2705.88,73.97,92,2.4875,3530.81
2705.88,70.28,92,0.0,3530.81
2705.88,70.5,83,0.0,3530.81
2705.88,69.92,83,0.0,3530.81
2705.88,70.11,91,0.0,3530.81
2705.88,69.83,91,0.0,3530.81
2705.88,69.77,91,1.2375,3530.81
2705.88,69.53,91,0.0,3530.81
2705.88,69.46,92,0.0,3530.81
2705.88,69.41,92,0.0,3530.81
2705.88,69.72,92,0.0,3530.81
2705.88,69.63,92,0.0,3530.81
2705.88,71.92,92,2.45,3530.81
2705.88,73.49,92,0.0,3530.81
2705.88,73.09,83,0.0,3530.81
2705.88,72.85,83,1.2375,3530.81
2705.88,73.11,92,1.225,3530.81
2705.88,73.26,92,0.0,3530.81
2705.88,73.4,92,0.0,3530.81
2705.88,73.43,93,0.0,3530.81
2705.88,73.67,93,1.225,3530.81
2705.88,73.53,92,0.0,3530.81
2705.88,73.4,92,0.0,3530.81
2705.88,73.18,92,1.225,3530.81
2705.88,71.6,92,1.225,3530.81
2705.88,72.65,82,0.0,3530.81
2705.88,72.61,82,0.0,3530.81
2705.88,72.27,92,0.0,3530.81
2705.88,72.17,92,1.2375,3530.81
2705.88,72.11,91,0.0,3530.81
2705.88,72.15,91,0.0,3530.81
2705.88,72.12,91,0.0,3530.81
2705.88,71.84,91,1.2375,3530.81
2705.88,72.93,91,0.0,3530.81
2705.88,72.58,91,2.4875,3530.81
2705.88,73.17,80,0.0,3530.81
2705.88,72.64,80,0.0,3530.81
2705.88,72.71,100,0.0,3530.81
2705.88,72.54,100,1.25,3530.81
2705.88,72.45,89,0.0,3530.81
2705.88,72.69,89,0.0,3530.81
2705.88,72.92,91,0.0,3530.81
2705.88,73.4,91,0.0,3530.81
2705.88,73.26,90,1.25,3530.81
2705.88,73.07,90,0.0,3530.81
2705.88,73.51,90,0.0,3530.81
2705.88,72.66,90,0.0,3530.81
2705.88,73.07,90,1.2375,3530.81
2705.88,73.09,90,0.0,3530.81
2705.88,71.83,85,1.2375,3530.81
2705.88,72.09,85,1.2375,3530.81
2705.88,72.24,86,0.0,3530.81
2705.88,72.37,86,0.0,3530.81
2705.88,72.18,89,1.25,3530.81
2705.88,72.2,89,0.0,3530.81
2705.88,72.37,90,0.0,3530.81
2705.88,72.47,90,0.0,3530.81
2705.88,72.51,90,1.25,3530.81
2705.88,72.25,90,0.0,3530.81
2705.88,72.04,92,0.0,3530.81
2705.88,73.19,92,2.4875,3530.81
2705.88,73.4,81,0.0,3530.81
2705.88,72.37,81,0.0,3530.81
2705.88,72.32,94,0.0,3530.81
2705.88,72.37,94,0.0,3530.81
2705.88,72.64,92,0.0,3530.81
2705.88,72.58,92,1.25,3530.81
2705.88,72.37,92,0.0,3530.81
2705.88,72.06,92,1.2375,3530.81
2705.88,71.97,92,0.0,3530.81
2705.88,71.75,92,0.0,3530.81
2705.88,71.83,92,0.0,3530.81
2705.88,71.29,92,2.475,3530.81
2705.88,73.07,81,0.0,3530.81
2705.88,72.74,81,0.0,3530.81
2705.88,72.93,93,1.2375,3530.81
2705.88,73.12,93,0.0,3530.81
2705.88,73.14,91,0.0,3530.81
2705.88,73.3,91,0.0,3530.81
2705.88,73.26,92,0.0,3530.81
2705.88,73.53,92,1.25,3530.81
2705.88,73.89,92,0.0,3530.81
2705.88,73.62,92,0.0,3530.81
2705.88,72.99,92,1.2125,3530.81
2705.88,69.23,92,1.2375,3530.81
2705.88,69.05,84,0.0,3530.81
2705.88,69.05,84,0.0,3530.81
2705.88,68.27,98,0.0,3530.81
2705.88,68.39,98,1.25,3530.81
2705.88,68.41,92,0.0,3530.81
2705.88,68.41,92,0.0,3530.81
2705.88,68.76,92,1.25,3530.81
2705.88,68.53,92,0.0,3530.81
2705.88,68.76,93,0.0,3530.81
2705.88,69.42,93,0.0,3530.81
2705.88,72.28,93,1.2125,3530.81
2705.88,72.6,93,0.0,3530.81
2705.88,72.24,92,0.0,3530.81
2705.88,73.27,92,2.4375,3530.81
2705.88,72.87,83,0.0,3530.81
2705.88,72.82,83,0.0,3530.81
2705.88,73.1,93,0.0,3530.81
2705.88,73.06,93,2.4375,3530.81
2705.88,73.01,91,0.0,3530.81
2705.88,73.27,92,0.0,3530.81
2705.88,73.21,92,1.2125,3530.81
2705.88,73.14,91,0.0,3530.81
2705.88,73.06,91,0.0,3530.81
2705.88,73.02,91,0.0,3530.81
2705.88,69.44,93,2.425,3530.81
2705.88,69.55,85,0.0,3530.81
2705.88,69.55,85,1.2125,3530.81
2705.88,68.91,97,0.0,3530.81
2705.88,69.11,97,0.0,3530.81
2705.88,68.9,92,1.2125,3530.81
2705.88,68.58,92,0.0,3530.81
2705.88,68.46,92,0.0,3530.81
2705.88,68.36,93,0.0,3530.81
2705.88,68.18,92,1.2125,3530.81
2705.88,68.27,92,0.0,3530.81
2705.88,71.48,93,0.0,3530.81
2705.88,71.37,93,1.2125,3530.81
2705.88,71.01,93,0.0,3530.81
2705.88,71.67,93,1.2125,3530.81
2705.88,72.16,85,0.0,3530.81
2705.88,72.42,85,1.2125,3530.81
2705.88,72.57,92,0.0,3530.81
2705.88,72.6,92,0.0,3530.81
2705.88,72.88,91,0.0,3530.81
2705.88,72.99,91,0.0,3530.81
2705.88,73.03,92,1.2125,3530.81
2705.88,72.62,92,0.0,3530.81
2705.88,72.9,92,0.0,3530.81
2705.88,73.17,92,1.2125,3530.81
2705.88,72.75,92,1.2125,3530.81
2705.88,72.93,83,1.2125,3530.81
2705.88,72.2,83,0.0,3530.81
2705.88,72.87,92,0.0,3530.81
2705.88,72.87,92,1.225,3530.81
2705.88,72.81,92,1.2375,3530.81
2705.88,72.81,92,0.0,3530.81
2705.88,72.71,91,0.0,3530.81
2705.88,72.58,91,0.0,3530.81
2705.88,72.18,93,0.0,3530.81
2705.88,72.31,93,1.225,3530.81
2705.88,71.63,92,2.425,3530.81
2705.88,73.03,92,0.0,3530.81
2705.88,72.81,83,0.0,3530.81
2705.88,72.09,83,0.0,3530.81
2705.88,72.06,92,1.2125,3530.81
2705.88,72.03,92,0.0,3530.81
2705.88,72.12,92,0.0,3530.81
2705.88,72.39,92,0.0,3530.81
2705.88,72.41,93,1.2125,3530.81
2705.88,72.7,93,0.0,3530.81
2705.88,72.92,92,1.2125,3530.81
2705.88,72.6,92,2.425,3530.81
2705.88,73.48,81,0.0,3530.81
2705.88,73.02,81,0.0,3530.81
2705.88,73.19,95,1.2125,3530.81
2705.88,73.56,95,0.0,3530.81
2705.88,74.06,92,0.0,3530.81
2705.88,74.08,92,1.2,3530.81
2705.88,74.03,92,0.0,3530.81
2705.88,74.17,92,0.0,3530.81
2705.88,73.97,92,1.2125,3530.81
2705.88,73.58,92,0.0,3530.81
2705.88,73.78,93,0.0,3530.81
2705.88,72.46,93,2.425,3530.81
2705.88,73.48,84,0.0,3530.81
2705.88,73.61,84,1.2125,3530.81
2705.88,73.33,100,0.0,3530.81
2705.88,73.07,100,0.0,3530.81
2705.88,73.38,91,1.2125,3530.81
2705.88,73.49,91,1.2125,3530.81
2705.88,73.42,93,0.0,3530.81
2705.88,73.61,93,0.0,3530.81
2705.88,73.87,92,1.2125,3530.81
2705.88,73.95,92,0.0,3530.81
2705.88,73.9,92,0.0,3530.81
2705.88,73.45,92,1.2125,3530.81
2705.88,73.13,93,1.175,3530.81
2705.88,73.13,81,0.0,3530.81
2705.88,74.23,81,1.2125,3530.81
2705.88,73.6,93,0.0,3530.81
2705.88,73.62,93,0.0,3530.81
2705.88,73.7,93,1.2125,3530.81
2705.88,73.9,92,0.0,3530.81
2705.88,73.89,93,0.0,3530.81
2705.88,73.9,93,1.2125,3530.81
2705.88,73.89,92,1.2125,3530.81
2705.88,73.7,92,0.0,3530.81
2705.88,73.29,92,0.0,3530.81
2705.88,69.99,92,2.4375,3530.81
2705.88,70.09,83,0.0,3530.81
2705.88,69.85,83,1.2125,3530.81
2705.88,69.96,92,0.0,3530.81
2705.88,70.03,92,0.0,3530.81
2705.88,70.26,93,1.2125,3530.81
2705.88,69.81,93,0.0,3530.81
2705.88,69.66,92,0.0,3530.81
2705.88,69.32,92,1.2125,3530.81
2705.88,69.53,92,0.0,3530.81
2705.88,69.89,92,0.0,3530.81
2705.88,72.01,92,2.4375,3530.81
2705.88,73.31,92,0.0,3530.81
2705.88,72.81,83,0.0,3530.81
2705.88,72.84,83,1.2125,3530.81
2705.88,72.82,92,0.0,3530.81
2705.88,72.55,92,0.0,3530.81
2705.88,72.52,92,1.2125,3530.81
2705.88,72.52,92,0.0,3530.81
2705.88,72.77,93,0.0,3530.81
2705.88,72.78,93,0.0,3530.81
2705.88,72.36,92,1.2125,3530.81
2705.88,70.95,92,2.4375,3530.81
2705.88,72.48,92,1.225,3530.81
2705.88,71.96,92,0.0,3530.81
2705.88,71.64,83,0.0,3530.81
2705.88,71.37,83,0.0,3530.81
2705.88,72.33,92,0.0,3530.81
2705.88,72.33,92,1.2125,3530.81
2705.88,72.09,92,0.0,3530.81
2705.88,72.2,92,0.0,3530.81
2705.88,72.15,91,1.2125,3530.81
2705.88,72.3,91,0.0,3530.81
2705.88,72.4,92,0.0,3530.81
2705.88,68.14,80,2.3125,3530.81
2705.88,68.17,80,0.0,3530.81
2705.88,68.34,93,1.2125,3530.81
2705.88,68.78,93,0.0,3530.81
2705.88,68.69,92,0.0,3530.81
2705.88,68.97,92,0.0,3530.81
2705.88,68.12,92,0.0,3530.81
2705.88,68.42,92,0.0,3530.81
2705.88,68.57,92,0.0,3530.81
2705.88,68.46,92,0.0,3530.81
2705.88,68.39,92,0.0,3530.81
2705.88,68.39,92,1.2375,3530.81
2705.88,71.33,59,0.0,3530.81
2705.88,64.4,59,0.0,3530.81
2705.88,60.76,0,0.0,3530.81
2705.88,57.09,0,0.0,3530.81
2705.88,53.69,0,0.0,3530.81
2705.88,50.83,0,0.0,3530.81
2705.88,47.49,0,0.0,3530.81
2705.88,44.17,0,0.0,3530.81
2705.88,40.96,0,0.0,3530.81
2705.88,37.58,0,0.0,3530.81
2705.88,37.58,0,0.0,3530.81
2705.88,37.58,0,0.0,3530.81
2705.88,37.58,0,0.0,3530.81
2705.88,37.58,0,0.0,3530.81
2705.88,37.58,0,0.0,3530.81
2705.88,37.58,0,0.0,3530.81
2705.88,37.58,0,0.0,3530.81
2705.88,37.58,0,0.0,3530.81
2705.88,37.58,0,0.0,3530.81
2705.88,34.12,0,0.0,3530.81
2705.88,34.12,0,0.0,3530.81
2705.88,34.12,0,0.0,3530.81
2705.88,34.12,0,1.25,3530.81
2705.88,34.12,0,0.0,3530.81
2705.88,34.12,0,0.0,3530.81
2705.88,34.12,0,0.0,3530.81
2705.88,34.12,0,0.0,3530.81
2705.88,34.12,0,0.0,3530.81
2705.88,34.12,0,0.0,3530.81
2705.88,34.12,0,0.0,3530.81
2705.88,34.12,0,0.0,3530.81
2705.88,34.12,0,0.0,3530.81
2705.88,34.12,0,0.0,3530.81
2705.88,34.12,0,0.0,3530.81
2705.88,34.12,0,1.25,3530.81
2705.88,34.12,0,0.0,3530.81
2705.88,34.12,0,0.0,3530.81
2705.88,34.12,0,0.0,3530.81
2705.88,34.12,0,0.0,3530.81
2705.88,34.12,0,0.0,3530.81
2705.88,34.12,0,0.0,3530.81
2705.88,34.12,0,0.0,3530.81
2705.88,34.12,0,0.0,3530.81
2705.88,34.12,0,0.0,3530.81
2705.88,34.12,0,0.0,3530.81
2705.88,34.12,0,0.0,3530.81
2705.88,34.12,0,0.0,3530.81
2705.88,34.12,0,0.0,3530.81
2705.88,34.12,0,0.0,3530.81
2705.88,33.93,0,0.0,3530.81
2705.88,33.93,0,0.0,3530.81
2705.88,33.93,0,0.0,3530.81
2705.88,33.93,0,0.0,3530.94
2705.88,33.93,0,0.0,3530.94
2705.88,33.93,0,0.0,3530.94
2705.88,33.93,0,0.0,3530.94
2705.88,33.93,0,0.0,3530.94
2705.88,33.93,0,0.0,3530.94
2705.88,33.93,0,0.0,3530.94
2705.88,33.83,0,0.0,3530.94
2705.88,33.83,0,0.0,3530.94
2705.88,33.83,0,0.0,3530.94
2705.88,33.83,0,0.0,3530.94
2705.88,33.83,0,0.0,3530.94
2705.88,33.83,0,0.0,3530.94
2705.88,33.83,0,0.0,3530.94
2705.88,33.83,0,0.0,3530.94
2705.88,33.83,0,0.0,3530.94
2705.88,33.83,0,1.2375,3530.94
2705.88,33.83,0,0.0,3530.94
2705.88,33.83,0,0.0,3530.94
2705.88,33.83,0,0.0,3530.94
2705.88,33.83,0,0.0,3530.94
2705.88,33.83,0,0.0,3530.94
2705.88,33.83,0,0.0,3530.94
2705.88,33.83,0,0.0,3530.94
2705.88,33.83,0,0.0,3530.94
2705.88,33.83,0,0.0,3530.94
2705.88,33.68,0,0.0,3530.94
2705.88,33.68,0,0.0,3530.94
2705.88,33.68,0,0.0,3530.94
2705.88,33.68,0,0.0,3530.94
2705.88,33.68,0,0.0,3530.94
2705.88,33.68,0,0.0,3530.94
2705.88,33.68,0,0.0,3530.94
2705.88,33.68,0,0.0,3530.94
2705.88,33.68,0,0.0,3530.94
2705.88,33.68,0,0.0,3530.94
2705.88,33.59,0,0.0,3530.94
2705.88,33.59,0,0.0,3530.94
2705.88,33.59,0,0.0,3530.94
2705.88,33.59,0,1.25,3530.94
2705.88,33.59,0,0.0,3530.94
2705.88,33.59,0,0.0,3530.94
2705.88,33.59,0,0.0,3530.94
2705.88,33.59,0,0.0,3530.94
2705.88,33.59,0,0.0,3530.94
2705.88,33.59,0,0.0,3530.94
2705.88,33.59,0,0.0,3530.94
2705.88,33.59,0,0.0,3530.94
2705.88,33.59,0,0.0,3530.94
2705.88,33.59,0,0.0,3530.94
2705.88,33.59,0,0.0,3530.94
2705.88,33.59,0,0.0,3530.94
2705.88,33.59,0,1.2375,3530.94
2705.88,33.59,0,0.0,3530.94
2705.88,33.59,0,0.0,3530.94
2705.88,33.59,0,0.0,3530.94
2705.88,33.44,0,0.0,3530.94
2705.88,33.44,0,0.0,3530.94
2705.88,33.44,0,0.0,3530.94
2705.88,33.44,0,0.0,3530.94
2705.88,33.44,0,0.0,3530.94
2705.88,33.44,0,0.0,3530.94
2705.88,33.44,0,0.0,3530.94
2705.88,33.44,0,0.0,3530.94
2705.88,33.44,0,0.0,3530.94
2705.88,33.44,0,0.0,3530.94
2705.88,33.34,0,0.0,3530.94
2705.88,33.34,0,0.0,3530.94
2705.88,33.34,0,0.0,3530.94
2705.88,33.34,0,0.0,3530.94
2705.88,33.34,0,0.0,3530.94
2705.88,33.34,0,0.0,3530.94
2705.88,33.34,0,0.0,3531.06
2705.88,33.34,0,0.0,3531.06
2705.88,33.34,0,0.0,3531.06
2705.88,33.34,0,0.0,3531.06
2705.88,33.34,0,0.0,3531.06
2705.88,33.39,0,0.0,3531.06
2705.88,33.39,0,0.0,3531.06
2705.88,33.39,0,0.0,3531.06
2705.88,33.39,0,0.0,3531.06
2705.88,33.39,0,0.0,3531.06
2705.88,33.39,0,0.0,3531.06
2705.88,33.39,0,0.0,3531.06
2705.88,33.39,0,0.0,3531.06
2705.88,33.39,0,0.0,3531.06
2705.88,33.29,0,1.2375,3531.06
2705.88,33.29,0,0.0,3531.06
2705.88,33.29,0,0.0,3531.06
2705.88,33.29,0,0.0,3531.06
2705.88,33.29,0,0.0,3531.06
2705.88,33.29,0,0.0,3531.06
2705.88,33.29,0,0.0,3531.06
2705.88,33.29,0,0.0,3531.06
2705.88,33.29,0,0.0,3531.06
2705.88,33.29,0,0.0,3531.06
2705.88,33.19,0,0.0,3531.06
2705.88,33.19,0,0.0,3531.06
2705.88,33.19,0,0.0,3531.06
2705.88,33.19,0,0.0,3531.06
2705.88,33.19,0,0.0,3531.06
2705.88,33.19,0,0.0,3531.06
2705.88,33.19,0,0.0,3531.06
2705.88,33.19,0,0.0,3531.06
2705.88,33.19,0,0.0,3531.06
2705.88,33.19,0,0.0,3531.06
2705.88,33.19,0,0.0,3531.06
2705.88,33.19,0,0.0,3531.06
2705.88,33.19,0,0.0,3531.06
2705.88,33.19,0,0.0,3531.06
2705.88,33.19,0,0.0,3531.06
2705.88,33.19,0,0.0,3531.06
2705.88,33.19,0,0.0,3531.06
2705.88,33.19,0,0.0,3531.06
2705.88,33.19,0,0.0,3531.06
2705.88,33.19,0,0.0,3531.06
2705.88,33.24,0,1.25,3531.06
2705.88,33.24,0,0.0,3531.06
2705.88,33.24,0,0.0,3531.06
2705.88,33.24,0,0.0,3531.06
2705.88,33.24,0,0.0,3531.06
2705.88,33.24,0,0.0,3531.06
2705.88,33.24,0,1.2375,3531.06
2705.88,33.24,0,0.0,3531.06
2705.88,33.24,0,0.0,3531.06
2705.88,33.24,0,0.0,3531.06
2705.88,33.14,0,0.0,3531.06
2705.88,33.14,0,0.0,3531.06
2705.88,33.14,0,0.0,3531.06
2705.88,33.14,0,0.0,3531.06
2705.88,33.14,0,0.0,3531.06
2705.88,33.14,0,0.0,3531.06
2705.88,33.14,0,0.0,3531.06
2705.88,33.14,0,0.0,3531.06
2705.88,33.14,0,0.0,3531.06
2705.88,33.14,0,0.0,3531.06
2705.88,33.0,0,0.0,3531.06
2705.88,33.0,0,0.0,3531.06
2705.88,33.0,0,0.0,3531.06
2705.88,33.0,0,0.0,3531.06
2705.88,33.0,0,0.0,3531.06
2705.88,33.0,0,0.0,3531.06
2705.88,33.0,0,0.0,3531.06
2705.88,33.0,0,0.0,3531.06
2705.88,33.0,0,0.0,3531.06
2705.88,33.0,0,0.0,3531.06
2705.88,33.05,0,0.0,3531.06
2705.88,33.05,0,0.0,3531.06
2705.88,33.05,0,0.0,3531.06
2705.88,33.05,0,0.0,3531.06
2705.88,33.05,0,0.0,3531.06
2705.88,33.05,0,0.0,3531.06
2705.88,33.05,0,0.0,3531.06
2705.88,33.05,0,0.0,3531.06
2705.88,33.05,0,0.0,3531.06
2705.88,33.0,0,0.0,3531.06
2705.88,33.0,0,0.0,3531.06
2705.88,33.0,0,0.0,3531.06
2705.88,33.0,0,1.25,3531.06
2705.88,33.0,0,0.0,3531.06
2705.88,33.0,0,0.0,3531.06
2705.88,33.0,0,0.0,3531.06
2705.88,33.0,0,0.0,3531.06
2705.88,33.0,0,0.0,3531.06
2705.88,33.0,0,0.0,3531.06
2705.88,33.0,0,0.0,3531.06
2705.88,32.9,0,0.0,3531.06
2705.88,32.9,0,0.0,3531.06
2705.88,32.9,0,0.0,3531.06
2705.88,32.9,0,0.0,3531.06
2705.88,32.9,0,0.0,3531.06
2705.88,32.9,0,0.0,3531.06
2705.88,32.9,0,0.0,3531.06
2705.88,32.9,0,0.0,3531.06
2705.88,32.9,0,0.0,3531.06
2705.88,32.9,0,0.0,3531.06
2705.88,32.95,0,0.0,3531.06
2705.88,32.95,0,0.0,3531.06
2705.88,32.95,0,0.0,3531.06
2705.88,32.95,0,0.0,3531.06
2705.88,32.95,0,1.2375,3531.06
2705.88,32.95,0,0.0,3531.06
2705.88,32.95,0,0.0,3531.06
2705.88,32.95,0,0.0,3531.06
2705.88,32.95,0,0.0,3531.06
2705.88,32.95,0,0.0,3531.06
2705.88,33.0,0,0.0,3531.06
2705.88,33.0,0,0.0,3531.06
2705.88,33.0,0,0.0,3531.06
2705.88,33.0,0,0.0,3531.06
2705.88,33.0,0,0.0,3531.06
2705.88,33.0,0,0.0,3531.06
2705.88,33.0,0,0.0,3531.06
2705.88,33.0,0,0.0,3531.06
2705.88,33.0,0,0.0,3531.06
2705.88,32.9,0,0.0,3531.06
2705.88,32.9,0,0.0,3531.06
2705.88,32.9,0,0.0,3531.06
2705.88,32.9,0,0.0,3531.06
2705.88,32.9,0,0.0,3531.06
2705.88,32.9,0,0.0,3531.06
2705.88,32.9,0,1.2375,3531.06
2705.88,32.9,0,0.0,3531.06
2705.88,32.9,0,0.0,3531.06
2705.88,32.9,0,0.0,3531.06
2705.88,32.9,0,0.0,3531.06
2705.88,32.75,0,0.0,3531.06
2705.88,32.75,0,0.0,3531.06
2705.88,32.75,0,0.0,3531.06
2705.88,32.75,0,0.0,3531.06
2705.88,32.75,0,0.0,3531.06
2705.88,32.75,0,0.0,3531.06
2705.88,32.75,0,0.0,3531.06
2705.88,32.75,0,0.0,3531.06
2705.88,32.75,0,0.0,3531.06
2705.88,32.75,0,0.0,3531.06
2705.88,32.75,0,0.0,3531.06
2705.88,32.75,0,0.0,3531.06
2705.88,32.75,0,0.0,3531.06
2705.88,32.75,0,0.0,3531.06
2705.88,32.75,0,0.0,3531.06
2705.88,32.75,0,0.0,3531.06
2705.88,32.75,0,0.0,3531.06
2705.88,32.75,0,0.0,3531.06
2705.88,32.75,0,0.0,3531.06
2705.88,32.8,0,0.0,3531.06
2705.88,32.8,0,0.0,3531.06
2705.88,32.8,0,0.0,3531.06
2705.88,32.8,0,0.0,3531.06
2705.88,32.8,0,0.0,3531.06
2705.88,32.8,0,0.0,3531.06
2705.88,32.8,0,0.0,3531.06
2705.88,32.8,0,0.0,3531.06
2705.88,32.8,0,0.0,3531.06
2705.88,32.8,0,1.2375,3531.06
2705.88,32.8,0,0.0,3531.06
2705.88,32.8,0,0.0,3531.06
2705.88,32.8,0,0.0,3531.06
2705.88,32.8,0,0.0,3531.06
2705.88,32.8,0,0.0,3531.06
2705.88,32.8,0,0.0,3531.06
2705.88,32.8,0,0.0,3531.06
2705.88,32.8,0,0.0,3531.06
2705.88,32.8,0,1.25,3531.06
2705.88,32.8,0,0.0,3531.06
2705.88,32.8,0,0.0,3531.06
2705.88,32.65,0,0.0,3531.06
2705.88,32.65,0,0.0,3531.06
2705.88,32.65,0,0.0,3531.06
2705.88,32.65,0,0.0,3531.06
2705.88,32.65,0,0.0,3531.06
2705.88,32.65,0,0.0,3531.06
2705.88,32.65,0,0.0,3531.06
2705.88,32.65,0,0.0,3531.06
2705.88,32.65,0,0.0,3531.06
2705.88,32.65,0,0.0,3531.06
2705.88,32.6,0,0.0,3531.06
2705.88,32.6,0,0.0,3531.06
2705.88,32.6,0,0.0,3531.06
2705.88,32.6,0,0.0,3531.06
2705.88,32.6,0,0.0,3531.06
2705.88,32.6,0,0.0,3531.06
2705.88,32.6,0,0.0,3531.06
2705.88,32.6,0,0.0,3531.06
2705.88,32.6,0,0.0,3531.06
2705.88,32.75,0,0.0,3531.06
2705.88,32.75,0,0.0,3531.06
2705.88,32.75,0,0.0,3531.06
2705.88,32.75,0,0.0,3531.06
2705.88,32.75,0,0.0,3531.06
2705.88,32.75,0,0.0,3531.06
2705.88,32.75,0,0.0,3531.06
2705.88,32.75,0,0.0,3531.06
2705.88,32.75,0,0.0,3531.06
2705.88,32.75,0,0.0,3531.06
2705.88,32.75,0,0.0,3531.06
2705.88,32.75,0,0.0,3531.06
2705.88,32.75,0,0.0,3531.06
2705.88,32.75,0,0.0,3531.06
2705.88,32.75,0,1.2375,3531.06
2705.88,32.75,0,0.0,3531.06
2705.88,32.75,0,0.0,3531.06
2705.88,32.75,0,0.0,3531.06
2705.88,32.75,0,0.0,3531.06
2705.88,32.75,0,0.0,3531.06
2705.88,32.6,0,0.0,3531.06
2705.88,32.6,0,0.0,3531.06
2705.88,32.6,0,0.0,3531.06
2705.88,32.6,0,0.0,3531.06
2705.88,32.6,0,0.0,3531.06
2705.88,32.6,0,0.0,3531.06
2705.88,32.6,0,0.0,3531.06
2705.88,32.6,0,0.0,3531.06
2705.88,32.6,0,0.0,3531.06
2705.88,32.6,0,0.0,3531.06
2705.88,32.46,0,0.0,3531.06
2705.88,32.46,0,0.0,3531.06
2705.88,32.46,0,0.0,3531.06
2705.88,32.46,0,0.0,3531.06
2705.88,32.46,0,0.0,3531.06
2705.88,32.46,0,0.0,3531.06
2705.88,32.46,0,0.0,3531.06
2705.88,32.46,0,0.0,3531.06
2705.88,32.46,0,0.0,3531.06
2705.88,32.46,0,0.0,3531.06
2705.88,32.51,0,0.0,3531.06
2705.88,32.51,0,0.0,3531.06
2705.88,32.51,0,0.0,3531.06
2705.88,32.51,0,1.2375,3531.06
2705.88,32.51,0,0.0,3531.06
2705.88,32.51,0,0.0,3531.06
2705.88,32.51,0,0.0,3531.06
2705.88,32.51,0,0.0,3531.06
2705.88,32.51,0,0.0,3531.06
2705.88,32.51,0,0.0,3531.06
2705.88,32.56,0,0.0,3531.06
2705.88,32.56,0,0.0,3531.06
2705.88,32.56,0,0.0,3531.06
2705.88,32.56,0,0.0,3531.06
2705.88,32.56,0,0.0,3531.06
2705.88,32.56,0,0.0,3531.06
2705.88,32.56,0,1.25,3531.06
2705.88,32.56,0,0.0,3531.06
2705.88,32.56,0,0.0,3531.06
2705.88,32.56,0,0.0,3531.06
2705.88,32.6,0,0.0,3531.06
2705.88,32.6,0,0.0,3531.06
2705.88,32.6,0,0.0,3531.06
2705.88,32.6,0,0.0,3531.06
2705.88,32.6,0,0.0,3531.06
2705.88,32.6,0,0.0,3531.06
2705.88,32.6,0,0.0,3531.06
2705.88,32.6,0,0.0,3531.06
2705.88,32.6,0,0.0,3531.06
2705.88,32.6,0,0.0,3531.06
2705.88,32.55,0,0.0,3531.06
2705.88,32.55,0,0.0,3531.06
2705.88,32.55,0,0.0,3531.06
2705.88,32.55,0,0.0,3531.06
2705.88,32.55,0,0.0,3531.06
2705.88,32.55,0,0.0,3531.06
2705.88,32.55,0,0.0,3531.06
2705.88,32.55,0,0.0,3531.06
2705.88,32.55,0,0.0,3531.06
2705.88,32.55,0,0.0,3531.06
2705.88,32.36,0,0.0,3531.06
2705.88,32.36,0,0.0,3531.06
2705.88,32.36,0,0.0,3531.06
2705.88,32.36,0,0.0,3531.06
2705.88,32.36,0,0.0,3531.06
2705.88,32.36,0,0.0,3531.06
2705.88,32.36,0,1.2375,3531.06
2705.88,32.36,0,0.0,3531.06
2705.88,32.36,0,0.0,3531.06
2705.88,32.36,0,0.0,3531.06
2705.88,32.41,0,0.0,3531.06
2705.88,32.41,0,0.0,3531.06
2705.88,32.41,0,0.0,3531.06
2705.88,32.41,0,0.0,3531.06
2705.88,32.41,0,0.0,3531.06
2705.88,32.41,0,0.0,3531.06
2705.88,32.41,0,0.0,3531.06
2705.88,32.41,0,0.0,3531.06
2705.88,32.41,0,0.0,3531.06
2705.88,32.46,0,0.0,3531.06
2705.88,32.46,0,1.2375,3531.06
2705.88,32.46,0,0.0,3531.06
2705.88,32.46,0,0.0,3531.06
2705.88,32.46,0,0.0,3531.06
2705.88,32.46,0,0.0,3531.06
2705.88,32.46,0,0.0,3531.06
2705.88,32.46,0,0.0,3531.06
2705.88,32.46,0,0.0,3531.06
2705.88,32.46,0,0.0,3531.06
2705.88,32.46,0,0.0,3531.06
2705.88,32.41,0,0.0,3531.06
2705.88,32.41,0,0.0,3531.06
2705.88,32.41,0,0.0,3531.06
2705.88,32.41,0,0.0,3531.06
2705.88,32.41,0,0.0,3531.06
2705.88,32.41,0,0.0,3531.06
2705.88,32.41,0,0.0,3531.06
2705.88,32.41,0,0.0,3531.06
2705.88,32.41,0,0.0,3531.06
2705.88,32.41,0,0.0,3531.06
2705.88,32.31,0,0.0,3531.06
2705.88,32.31,0,0.0,3531.06
2705.88,32.31,0,0.0,3531.06
2705.88,32.31,0,1.2375,3531.06
2705.88,32.31,0,0.0,3531.06
2705.88,32.31,0,0.0,3531.06
2705.88,32.31,0,0.0,3531.19
2705.88,32.31,0,0.0,3531.19
2705.88,32.31,0,0.0,3531.19
2705.88,32.16,0,0.0,3531.19
2705.88,32.16,0,0.0,3531.19
2705.88,32.16,0,0.0,3531.19
2705.88,32.16,0,0.0,3531.19
2705.88,32.16,0,0.0,3531.19
2705.88,32.16,0,0.0,3531.19
2705.88,32.16,0,0.0,3531.19
2705.88,32.16,0,0.0,3531.19
2705.88,32.16,0,0.0,3531.19
2705.88,32.16,0,0.0,3531.19
2705.88,32.21,0,0.0,3531.19
2705.88,32.21,0,0.0,3531.19
2705.88,32.21,0,0.0,3531.19
2705.88,32.21,0,0.0,3531.19
2705.88,32.21,0,0.0,3531.19
2705.88,32.21,0,0.0,3531.19
2705.88,32.21,0,0.0,3531.19
2705.88,32.21,0,0.0,3531.19
2705.88,32.21,0,0.0,3531.19
2705.88,32.21,0,0.0,3531.19
2705.88,32.21,0,0.0,3531.19
2705.88,32.26,0,0.0,3531.19
2705.88,32.26,0,0.0,3531.19
2705.88,32.26,0,0.0,3531.19
2705.88,32.26,0,0.0,3531.19
2705.88,32.26,0,0.0,3531.19
2705.88,32.26,0,0.0,3531.19
2705.88,32.26,0,1.2375,3531.19
2705.88,32.26,0,0.0,3531.19
2705.88,32.26,0,0.0,3531.19
2705.88,32.26,0,0.0,3531.19
2705.88,32.26,0,0.0,3531.19
2705.88,32.26,0,0.0,3531.19
2705.88,32.26,0,0.0,3531.19
2705.88,32.26,0,0.0,3531.19
2705.88,32.26,0,0.0,3531.19
2705.88,32.26,0,0.0,3531.19
2705.88,32.26,0,1.25,3531.19
2705.88,32.26,0,0.0,3531.19
2705.88,32.26,0,0.0,3531.19
2705.88,32.26,0,0.0,3531.19
2705.88,32.26,0,0.0,3531.19
2705.88,32.26,0,0.0,3531.19
2705.88,32.26,0,0.0,3531.19
2705.88,32.26,0,0.0,3531.19
2705.88,32.26,0,0.0,3531.19
2705.88,32.26,0,0.0,3531.19
2705.88,32.26,0,0.0,3531.19
2705.88,32.26,0,0.0,3531.19
2705.88,32.26,0,0.0,3531.19
2705.88,32.11,0,0.0,3531.19
2705.88,32.11,0,0.0,3531.19
2705.88,32.11,0,0.0,3531.19
2705.88,32.11,0,0.0,3531.19
2705.88,32.11,0,0.0,3531.19
2705.88,32.11,0,0.0,3531.19
2705.88,32.11,0,0.0,3531.19
2705.88,32.11,0,0.0,3531.19
2705.88,32.11,0,0.0,3531.19
2705.88,32.11,0,0.0,3531.19
2705.88,32.02,0,0.0,3531.19
2705.88,32.02,0,0.0,3531.19
2705.88,32.02,0,0.0,3531.19
2705.88,32.02,0,0.0,3531.19
2705.88,32.02,0,0.0,3531.19
2705.88,32.02,0,0.0,3531.19
2705.88,32.02,0,0.0,3531.19
2705.88,32.02,0,0.0,3531.19
2705.88,32.02,0,0.0,3531.19
2705.88,32.02,0,0.0,3531.19
2705.88,32.02,0,0.0,3531.19
2705.88,32.02,0,0.0,3531.19
2705.88,32.02,0,1.25,3531.19
2705.88,32.02,0,0.0,3531.19
2705.88,32.02,0,0.0,3531.19
2705.88,32.02,0,0.0,3531.19
2705.88,32.02,0,0.0,3531.19
2705.88,32.02,0,0.0,3531.19
2705.88,32.02,0,0.0,3531.19
2705.88,32.02,0,0.0,3531.19
2705.88,32.11,0,0.0,3531.19
2705.88,32.11,0,0.0,3531.19
2705.88,32.11,0,0.0,3531.19
2705.88,32.11,0,0.0,3531.19
2705.88,32.11,0,0.0,3531.19
2705.88,32.11,0,0.0,3531.19
2705.88,32.11,0,0.0,3531.19
2705.88,32.11,0,0.0,3531.19
2705.88,32.11,0,0.0,3531.19
2705.88,32.11,0,0.0,3531.19
2705.88,32.16,0,0.0,3531.19
2705.88,32.16,0,0.0,3531.19
2705.88,32.16,0,1.25,3531.19
2705.88,32.16,0,0.0,3531.19
2705.88,32.16,0,0.0,3531.19
2705.88,32.16,0,0.0,3531.19
2705.88,32.16,0,0.0,3531.19
2705.88,32.16,0,0.0,3531.19
2705.88,32.16,0,0.0,3531.19
2705.88,32.16,0,0.0,3531.19
2705.88,32.16,0,0.0,3531.19
2705.88,32.16,0,0.0,3531.19
2705.88,32.16,0,0.0,3531.19
2705.88,32.16,0,0.0,3531.19
2705.88,32.16,0,0.0,3531.19
2705.88,32.16,0,0.0,3531.19
2705.88,32.16,0,0.0,3531.19
2705.88,32.16,0,0.0,3531.19
2705.88,32.16,0,0.0,3531.19
2705.88,32.16,0,0.0,3531.19
2705.88,32.06,0,0.0,3531.19
2705.88,32.06,0,0.0,3531.19
2705.88,32.06,0,0.0,3531.19
2705.88,32.06,0,0.0,3531.19
2705.88,32.06,0,0.0,3531.19
2705.88,32.06,0,0.0,3531.19
2705.88,32.06,0,0.0,3531.19
2705.88,32.06,0,0.0,3531.19
2705.88,32.06,0,0.0,3531.19
2705.88,32.06,0,0.0,3531.19
2705.88,31.87,0,0.0,3531.19
2705.88,31.87,0,0.0,3531.19
2705.88,31.87,0,1.2375,3531.19
2705.88,31.87,0,0.0,3531.19
2705.88,31.87,0,0.0,3531.19
2705.88,31.87,0,0.0,3531.19
2705.88,31.87,0,0.0,3531.19
2705.88,31.87,0,0.0,3531.19
2705.88,31.87,0,0.0,3531.19
2705.88,31.87,0,0.0,3531.19
2705.88,31.87,0,0.0,3531.19
2705.88,31.87,0,0.0,3531.19
2705.88,31.87,0,0.0,3531.19
2705.88,31.87,0,0.0,3531.19
2705.88,31.87,0,0.0,3531.19
2705.88,31.87,0,0.0,3531.19
2705.88,31.87,0,0.0,3531.19
2705.88,31.87,0,0.0,3531.19
2705.88,31.87,0,0.0,3531.19
2705.88,31.92,0,0.0,3531.19
2705.88,31.92,0,0.0,3531.19
2705.88,31.92,0,0.0,3531.19
2705.88,31.92,0,0.0,3531.19
2705.88,31.92,0,0.0,3531.19
2705.88,31.92,0,0.0,3531.19
2705.88,31.92,0,1.2375,3531.19
2705.88,31.92,0,0.0,3531.19
2705.88,31.92,0,0.0,3531.19
2705.88,31.92,0,0.0,3531.19
2705.88,31.92,0,0.0,3531.19
2705.88,32.02,0,0.0,3531.19
2705.88,32.02,0,0.0,3531.19
2705.88,32.02,0,0.0,3531.19
2705.88,32.02,0,0.0,3531.19
2705.88,32.02,0,0.0,3531.19
2705.88,32.02,0,0.0,3531.19
2705.88,32.02,0,0.0,3531.19
2705.88,32.02,0,0.0,3531.19
2705.88,32.02,0,0.0,3531.19
2705.88,32.02,0,0.0,3531.19
2705.88,32.06,0,0.0,3531.19
2705.88,32.06,0,0.0,3531.19
2705.88,32.06,0,0.0,3531.19
2705.88,32.06,0,0.0,3531.19
2705.88,32.06,0,1.2375,3531.19
2705.88,32.06,0,0.0,3531.19
2705.88,32.06,0,0.0,3531.19
2705.88,32.06,0,0.0,3531.19
2705.88,32.06,0,0.0,3531.19
2705.88,32.06,0,0.0,3531.19
2705.88,32.11,0,0.0,3531.19
2705.88,32.11,0,0.0,3531.19
2705.88,32.11,0,0.0,3531.19
2705.88,32.11,0,0.0,3531.19
2705.88,32.11,0,0.0,3531.19
2705.88,32.11,0,0.0,3531.19
2705.88,32.11,0,0.0,3531.19
2705.88,32.11,0,0.0,3531.19
2705.88,32.11,0,0.0,3531.19
2705.88,32.11,0,0.0,3531.19
2705.88,32.11,0,0.0,3531.19
2705.88,32.11,0,0.0,3531.19
2705.88,32.11,0,0.0,3531.19
2705.88,32.11,0,1.2375,3531.19
2705.88,32.11,0,0.0,3531.19
2705.88,32.11,0,0.0,3531.19
2705.88,32.11,0,0.0,3531.19
2705.88,32.11,0,0.0,3531.19
2705.88,32.11,0,0.0,3531.19
2705.88,32.11,0,0.0,3531.19
2705.88,31.87,0,0.0,3531.19
2705.88,31.87,0,0.0,3531.19
2705.88,31.87,0,0.0,3531.19
2705.88,31.87,0,0.0,3531.19
2705.88,31.87,0,0.0,3531.19
2705.88,31.87,0,0.0,3531.19
2705.88,31.87,0,0.0,3531.19
2705.88,31.87,0,0.0,3531.19
2705.88,31.87,0,0.0,3531.19
2705.88,31.87,0,0.0,3531.19
2705.88,31.77,0,0.0,3531.19
2705.88,31.77,0,0.0,3531.19
2705.88,31.77,0,0.0,3531.19
2705.88,31.77,0,0.0,3531.19
2705.88,31.77,0,1.2375,3531.19
2705.88,31.77,0,0.0,3531.19
2705.88,31.77,0,0.0,3531.19
2705.88,31.77,0,0.0,3531.19
2705.88,31.77,0,0.0,3531.19
2705.88,31.77,0,0.0,3531.19
2705.88,31.77,0,0.0,3531.19
2705.88,31.77,0,0.0,3531.19
2705.88,31.77,0,0.0,3531.19
2705.88,31.77,0,0.0,3531.19
2705.88,31.77,0,0.0,3531.19
2705.88,31.77,0,0.0,3531.19
2705.88,31.77,0,0.0,3531.19
2705.88,31.77,0,0.0,3531.19
2705.88,31.77,0,0.0,3531.19
2705.88,31.77,0,1.2375,3531.19
2705.88,31.77,0,0.0,3531.19
2705.88,31.77,0,0.0,3531.19
2705.88,31.77,0,0.0,3531.19
2705.88,31.77,0,0.0,3531.19
2705.88,31.77,0,0.0,3531.19
2705.88,31.77,0,0.0,3531.19
2705.88,31.77,0,0.0,3531.19
2705.88,31.77,0,0.0,3531.19
2705.88,31.77,0,0.0,3531.19
2705.88,31.88,0,0.0,3531.19
2705.88,31.88,0,0.0,3531.19
2705.88,31.88,0,0.0,3531.19
2705.88,31.88,0,0.0,3531.19
2705.88,31.88,0,0.0,3531.19
2705.88,31.88,0,0.0,3531.19
2705.88,31.88,0,0.0,3531.19
2705.88,31.88,0,0.0,3531.19
2705.88,31.88,0,0.0,3531.19
2705.88,31.88,0,0.0,3531.19
2705.88,31.88,0,0.0,3531.19
2705.88,31.88,0,0.0,3531.19
2705.88,31.88,0,0.0,3531.19
2705.88,31.88,0,0.0,3531.19
2705.88,31.88,0,0.0,3531.19
2705.88,31.88,0,0.0,3531.19
2705.88,31.88,0,0.0,3531.19
2705.88,31.88,0,0.0,3531.19
2705.88,31.88,0,0.0,3531.19
2705.88,31.88,0,1.25,3531.19
2705.88,31.87,0,0.0,3531.19
2705.88,31.87,0,0.0,3531.19
2705.88,31.87,0,0.0,3531.19
2705.88,31.87,0,0.0,3531.19
2705.88,31.87,0,0.0,3531.19
2705.88,31.87,0,0.0,3531.19
2705.88,31.87,0,0.0,3531.19
2705.88,31.87,0,0.0,3531.19
2705.88,31.87,0,0.0,3531.19
2705.88,31.87,0,0.0,3531.19
2705.88,31.87,0,0.0,3531.19
2705.88,31.87,0,0.0,3531.19
2705.88,31.87,0,0.0,3531.19
2705.88,31.87,0,0.0,3531.19
2705.88,31.87,0,0.0,3531.19
2705.88,31.87,0,0.0,3531.19
2705.88,31.87,0,0.0,3531.19
2705.88,31.87,0,0.0,3531.19
2705.88,31.87,0,0.0,3531.19
2705.88,31.87,0,0.0,3531.19
2705.88,31.87,0,0.0,3531.19
2705.88,31.87,0,0.0,3531.19
2705.88,31.87,0,0.0,3531.19
2705.88,31.87,0,0.0,3531.19
2705.88,31.87,0,0.0,3531.19
2705.88,31.87,0,0.0,3531.19
2705.88,31.87,0,1.2375,3531.19
2705.88,31.87,0,0.0,3531.19
2705.88,31.87,0,0.0,3531.19
2705.88,31.87,0,0.0,3531.19
2705.88,31.78,0,0.0,3531.19
2705.88,31.78,0,0.0,3531.19
2705.88,31.78,0,0.0,3531.19
2705.88,31.78,0,0.0,3531.19
2705.88,31.78,0,0.0,3531.19
2705.88,31.78,0,0.0,3531.19
2705.88,31.78,0,0.0,3531.19
2705.88,31.78,0,0.0,3531.19
2705.88,31.78,0,0.0,3531.19
2705.88,31.78,0,0.0,3531.19
2705.88,31.64,0,0.0,3531.19
2705.88,31.64,0,0.0,3531.19
2705.88,31.64,0,0.0,3531.19
2705.88,31.64,0,0.0,3531.19
2705.88,31.64,0,0.0,3531.19
2705.88,31.64,0,1.2375,3531.19
2705.88,31.64,0,0.0,3531.19
2705.88,31.64,0,0.0,3531.19
2705.88,31.64,0,0.0,3531.19
2705.88,31.64,0,0.0,3531.19
2705.88,31.64,0,0.0,3531.19
2705.88,31.64,0,0.0,3531.19
2705.88,31.64,0,0.0,3531.19
2705.88,31.64,0,0.0,3531.19
2705.88,31.64,0,0.0,3531.19
2705.88,31.64,0,0.0,3531.19
2705.88,31.64,0,0.0,3531.19
2705.88,31.64,0,0.0,3531.19
2705.88,31.64,0,0.0,3531.19
2705.88,31.64,0,0.0,3531.19
2705.88,31.64,0,0.0,3531.19
2705.88,31.64,0,0.0,3531.19
2705.88,31.64,0,0.0,3531.19
2705.88,31.64,0,0.0,3531.19
2705.88,31.64,0,0.0,3531.19
2705.88,31.64,0,0.0,3531.19
2705.88,31.64,0,0.0,3531.19
2705.88,31.64,0,0.0,3531.19
2705.88,31.64,0,0.0,3531.19
2705.88,31.64,0,0.0,3531.19
2705.88,31.63,0,0.0,3531.19
2705.88,31.63,0,0.0,3531.19
2705.88,31.63,0,0.0,3531.19
2705.88,31.63,0,0.0,3531.19
2705.88,31.63,0,0.0,3531.19
2705.88,31.63,0,0.0,3531.19
2705.88,31.63,0,1.2375,3531.19
2705.88,31.63,0,0.0,3531.19
2705.88,31.63,0,0.0,3531.19
2705.88,31.63,0,0.0,3531.19
2705.88,31.68,0,0.0,3531.19
2705.88,31.68,0,0.0,3531.19
2705.88,31.68,0,0.0,3531.19
2705.88,31.68,0,1.25,3531.19
2705.88,31.68,0,0.0,3531.19
2705.88,31.68,0,0.0,3531.19
2705.88,31.68,0,0.0,3531.19
2705.88,31.68,0,0.0,3531.19
2705.88,31.68,0,0.0,3531.19
2705.88,31.74,0,0.0,3531.19
2705.88,31.74,0,0.0,3531.19
2705.88,31.74,0,0.0,3531.19
2705.88,31.74,0,0.0,3531.19
2705.88,31.74,0,0.0,3531.19
2705.88,31.74,0,0.0,3531.19
2705.88,31.74,0,0.0,3531.19
2705.88,31.74,0,0.0,3531.19
2705.88,31.74,0,0.0,3531.19
2705.88,31.74,0,0.0,3531.19
2705.88,31.77,0,0.0,3531.19
2705.88,31.77,0,0.0,3531.19
2705.88,31.77,0,0.0,3531.19
2705.88,31.77,0,0.0,3531.19
2705.88,31.77,0,0.0,3531.19
2705.88,31.77,0,0.0,3531.19
2705.88,31.77,0,0.0,3531.19
2705.88,31.77,0,0.0,3531.19
2705.88,31.77,0,0.0,3531.19
2705.88,31.77,0,1.25,3531.19
2705.88,31.77,0,0.0,3531.19
2705.88,31.71,0,0.0,3531.19
2705.88,31.71,0,1.2,3531.19
2705.88,31.71,0,0.0,3531.19
2705.88,31.71,0,0.0,3531.19
2705.88,31.71,0,0.0,3531.19
2705.88,31.71,0,0.0,3531.19
2705.88,31.71,0,0.0,3531.19
2705.88,31.71,0,0.0,3531.19
2705.88,31.71,0,0.0,3531.19
2705.88,31.71,0,0.0,3531.19
2705.88,31.73,0,0.0,3531.19
2705.88,31.73,0,0.0,3531.19
2705.88,31.73,0,0.0,3531.19
2705.88,31.73,0,0.0,3531.19
2705.88,31.73,0,0.0,3531.19
2705.88,31.73,0,0.0,3531.19
2705.88,31.73,0,0.0,3531.19
2705.88,31.73,0,0.0,3531.19
2705.88,31.73,0,0.0,3531.19
2705.88,31.78,0,0.0,3531.19
2705.88,31.78,0,0.0,3531.19
2705.88,31.78,0,0.0,3531.19
2705.88,31.78,0,0.0,3531.19
2705.88,31.78,0,0.0,3531.19
2705.88,31.78,0,1.2375,3531.19
2705.88,31.78,0,0.0,3531.19
2705.88,31.78,0,0.0,3531.19
2705.88,31.78,0,0.0,3531.19
2705.88,31.78,0,0.0,3531.19
2705.88,31.58,0,0.0,3531.19
2705.88,31.58,0,0.0,3531.19
2705.88,31.58,0,0.0,3531.19
2705.88,31.58,0,0.0,3531.19
2705.88,31.58,0,0.0,3531.19
2705.88,31.58,0,0.0,3531.19
2705.88,31.58,0,0.0,3531.19
2705.88,31.58,0,0.0,3531.19
2705.88,31.58,0,0.0,3531.19
2705.88,31.58,0,0.0,3531.19
2705.88,31.58,0,0.0,3531.19
2705.88,31.49,0,0.0,3531.19
2705.88,31.49,0,0.0,3531.19
2705.88,31.49,0,0.0,3531.19
2705.88,31.49,0,0.0,3531.19
2705.88,31.49,0,0.0,3531.19
2705.88,31.49,0,0.0,3531.19
2705.88,31.49,0,1.2375,3531.19
2705.88,31.49,0,0.0,3531.19
2705.88,31.49,0,0.0,3531.19
2705.88,31.48,0,0.0,3531.19
2705.88,31.48,0,0.0,3531.19
2705.88,31.48,0,0.0,3531.19
2705.88,31.48,0,0.0,3531.19
2705.88,31.48,0,0.0,3531.19
2705.88,31.48,0,0.0,3531.19
2705.88,31.48,0,0.0,3531.19
2705.88,31.48,0,0.0,3531.19
2705.88,31.48,0,0.0,3531.19
2705.88,31.48,0,0.0,3531.19
2705.88,31.43,0,0.0,3531.19
2705.88,31.43,0,0.0,3531.19
2705.88,31.43,0,0.0,3531.19
2705.88,31.43,0,0.0,3531.19
2705.88,31.43,0,0.0,3531.19
2705.88,31.43,0,0.0,3531.19
2705.88,31.43,0,0.0,3531.19
2705.88,31.43,0,0.0,3531.19
2705.88,31.43,0,0.0,3531.19
2705.88,31.43,0,0.0,3531.19
2705.88,31.43,0,0.0,3531.19
2705.88,31.43,0,0.0,3531.19
2705.88,31.43,0,0.0,3531.19
2705.88,31.43,0,0.0,3531.19
2705.88,31.43,0,0.0,3531.19
2705.88,31.43,0,0.0,3531.19
2705.88,31.43,0,0.0,3531.19
2705.88,31.43,0,0.0,3531.19
2705.88,31.43,0,0.0,3531.19
2705.88,31.43,0,0.0,3531.19
2705.88,31.43,0,0.0,3531.19
2705.88,31.43,0,0.0,3531.19
2705.88,31.43,0,0.0,3531.19
2705.88,31.43,0,1.25,3531.19
2705.88,31.43,0,0.0,3531.19
2705.88,31.43,0,0.0,3531.19
2705.88,31.43,0,0.0,3531.19
2705.88,31.43,0,0.0,3531.19
2705.88,31.43,0,0.0,3531.19
2705.88,31.43,0,0.0,3531.19
2705.88,31.53,0,0.0,3531.19
2705.88,31.53,0,0.0,3531.19
2705.88,31.53,0,1.2375,3531.19
2705.88,31.53,0,0.0,3531.19
2705.88,31.53,0,0.0,3531.19
2705.88,31.53,0,0.0,3531.19
2705.88,31.53,0,0.0,3531.19
2705.88,31.53,0,0.0,3531.19
2705.88,31.53,0,0.0,3531.19
2705.88,31.53,0,0.0,3531.19
2705.88,31.57,0,0.0,3531.19
2705.88,31.57,0,0.0,3531.19
2705.88,31.57,0,0.0,3531.19
2705.88,31.57,0,0.0,3531.19
2705.88,31.57,0,0.0,3531.19
2705.88,31.57,0,0.0,3531.19
2705.88,31.57,0,0.0,3531.19
2705.88,31.57,0,0.0,3531.19
2705.88,31.57,0,0.0,3531.19
2705.88,31.57,0,0.0,3531.19
2705.88,31.58,0,0.0,3531.19
2705.88,31.58,0,1.2375,3531.19
2705.88,31.58,0,0.0,3531.19
2705.88,31.58,0,0.0,3531.19
2705.88,31.58,0,0.0,3531.19
2705.88,31.58,0,0.0,3531.19
2705.88,31.58,0,0.0,3531.19
2705.88,31.58,0,0.0,3531.19
2705.88,31.58,0,0.0,3531.19
2705.88,31.58,0,0.0,3531.19
2705.88,31.59,0,0.0,3531.19
2705.88,31.59,0,0.0,3531.19
2705.88,31.59,0,0.0,3531.19
2705.88,31.59,0,0.0,3531.19
2705.88,31.59,0,0.0,3531.19
2705.88,31.59,0,0.0,3531.19
2705.88,31.59,0,0.0,3531.19
2705.88,31.59,0,0.0,3531.19
2705.88,31.59,0,0.0,3531.19
2705.88,31.59,0,0.0,3531.19
2705.88,31.54,0,0.0,3531.19
2705.88,31.54,0,0.0,3531.19
2705.88,31.54,0,0.0,3531.19
2705.88,31.54,0,0.0,3531.19
2705.88,31.54,0,0.0,3531.19
2705.88,31.54,0,0.0,3531.19
2705.88,31.54,0,0.0,3531.19
2705.88,31.54,0,0.0,3531.19
2705.88,31.54,0,0.0,3531.19
2705.88,31.54,0,0.0,3531.19
2705.88,31.54,0,1.2375,3531.19
2705.88,31.54,0,0.0,3531.19
2705.88,31.54,0,0.0,3531.19
2705.88,31.54,0,0.0,3531.19
2705.88,31.54,0,0.0,3531.19
2705.88,31.54,0,0.0,3531.19
2705.88,31.54,0,0.0,3531.19
2705.88,31.54,0,0.0,3531.19
2705.88,31.54,0,0.0,3531.19
2705.88,31.49,0,0.0,3531.19
2705.88,31.49,0,0.0,3531.19
2705.88,31.49,0,0.0,3531.19
2705.88,31.49,0,0.0,3531.19
2705.88,31.49,0,0.0,3531.19
2705.88,31.49,0,0.0,3531.19
2705.88,31.49,0,0.0,3531.19
2705.88,31.49,0,0.0,3531.19
2705.88,31.49,0,0.0,3531.19
2705.88,31.49,0,0.0,3531.19
2705.88,31.44,0,1.2375,3531.19
2705.88,31.44,0,0.0,3531.19
2705.88,31.44,0,0.0,3531.19
2705.88,31.44,0,0.0,3531.19
2705.88,31.44,0,0.0,3531.19
2705.88,31.44,0,0.0,3531.19
2705.88,31.44,0,0.0,3531.19
2705.88,31.44,0,0.0,3531.19
2705.88,31.44,0,0.0,3531.19
2705.88,31.44,0,0.0,3531.19
2705.88,31.44,0,0.0,3531.19
2705.88,31.49,0,0.0,3531.19
2705.88,31.49,0,0.0,3531.19
2705.88,31.49,0,0.0,3531.19
2705.88,31.49,0,1.25,3531.19
2705.88,31.49,0,0.0,3531.19
2705.88,31.49,0,0.0,3531.19
2705.88,31.49,0,0.0,3531.19
2705.88,31.49,0,0.0,3531.19
2705.88,31.49,0,0.0,3531.19
2705.88,31.49,0,0.0,3531.19
2705.88,31.49,0,0.0,3531.19
2705.88,31.49,0,0.0,3531.19
2705.88,31.49,0,0.0,3531.19
2705.88,31.49,0,0.0,3531.19
2705.88,31.49,0,0.0,3531.19
2705.88,31.49,0,0.0,3531.19
2705.88,31.49,0,0.0,3531.19
2705.88,31.49,0,0.0,3531.19
2705.88,31.49,0,0.0,3531.19
2705.88,31.49,0,0.0,3531.19
2705.88,31.49,0,0.0,3531.19
2705.88,31.49,0,0.0,3531.19
2705.88,31.49,0,0.0,3531.19
2705.88,31.49,0,0.0,3531.19
2705.88,31.49,0,0.0,3531.19
2705.88,31.49,0,0.0,3531.19
2705.88,31.49,0,0.0,3531.19
2705.88,31.49,0,0.0,3531.19
2705.88,31.49,0,0.0,3531.19
2705.88,31.39,0,0.0,3531.19
2705.88,31.39,0,0.0,3531.19
2705.88,31.39,0,0.0,3531.19
2705.88,31.39,0,1.2375,3531.19
2705.88,31.39,0,0.0,3531.19
2705.88,31.39,0,0.0,3531.19
2705.88,31.39,0,0.0,3531.19
2705.88,31.39,0,0.0,3531.19
2705.88,31.39,0,0.0,3531.19
2705.88,31.39,0,0.0,3531.19
2705.88,31.39,0,0.0,3531.19
2705.88,31.34,0,0.0,3531.19
2705.88,31.34,0,0.0,3531.19
2705.88,31.34,0,0.0,3531.19
2705.88,31.34,0,0.0,3531.19
2705.88,31.34,0,0.0,3531.19
2705.88,31.34,0,0.0,3531.19
2705.88,31.34,0,0.0,3531.19
2705.88,31.34,0,0.0,3531.19
2705.88,31.34,0,0.0,3531.19
2705.88,31.34,0,0.0,3531.19
2705.88,31.34,0,0.0,3531.19
2705.88,31.34,0,1.2375,3531.19
2705.88,31.34,0,0.0,3531.19
2705.88,31.34,0,0.0,3531.19
2705.88,31.34,0,0.0,3531.19
2705.88,31.34,0,0.0,3531.19
2705.88,31.34,0,0.0,3531.19
2705.88,31.34,0,0.0,3531.19
2705.88,31.34,0,0.0,3531.19
2705.88,31.25,0,0.0,3531.19
2705.88,31.25,0,0.0,3531.19
2705.88,31.25,0,0.0,3531.19
2705.88,31.25,0,0.0,3531.19
2705.88,31.25,0,0.0,3531.19
2705.88,31.25,0,0.0,3531.19
2705.88,31.25,0,0.0,3531.19
2705.88,31.25,0,0.0,3531.19
2705.88,31.25,0,0.0,3531.19
2705.88,31.25,0,0.0,3531.19
2705.88,31.3,0,0.0,3531.19
2705.88,31.3,0,0.0,3531.19
2705.88,31.3,0,0.0,3531.19
2705.88,31.3,0,0.0,3531.19
2705.88,31.3,0,0.0,3531.19
2705.88,31.3,0,0.0,3531.19
2705.88,31.3,0,0.0,3531.19
2705.88,31.3,0,0.0,3531.19
2705.88,31.3,0,0.0,3531.19
2705.88,31.3,0,0.0,3531.19
2705.88,31.3,0,0.0,3531.19
2705.88,31.3,0,0.0,3531.19
2705.88,31.3,0,0.0,3531.19
2705.88,31.3,0,0.0,3531.19
2705.88,31.3,0,0.0,3531.19
2705.88,31.3,0,0.0,3531.19
2705.88,31.3,0,1.2375,3531.19
2705.88,31.3,0,0.0,3531.19
2705.88,31.3,0,0.0,3531.19
2705.88,31.3,0,0.0,3531.19
2705.88,31.2,0,0.0,3531.19
2705.88,31.2,0,0.0,3531.19
2705.88,31.2,0,0.0,3531.19
2705.88,31.2,0,0.0,3531.19
2705.88,31.2,0,0.0,3531.19
2705.88,31.2,0,0.0,3531.19
2705.88,31.2,0,0.0,3531.19
2705.88,31.2,0,0.0,3531.19
2705.88,31.2,0,0.0,3531.19
2705.88,31.2,0,0.0,3531.19
2705.88,31.19,0,0.0,3531.19
2705.88,31.19,0,0.0,3531.19
2705.88,31.19,0,0.0,3531.19
2705.88,31.19,0,0.0,3531.19
2705.88,31.19,0,0.0,3531.19
2705.88,31.19,0,0.0,3531.19
2705.88,31.19,0,0.0,3531.19
2705.88,31.19,0,0.0,3531.19
2705.88,31.19,0,0.0,3531.19
2705.88,31.19,0,0.0,3531.19
2705.88,31.19,0,1.25,3531.19
2705.88,31.19,0,0.0,3531.19
2705.88,31.19,0,0.0,3531.19
2705.88,31.19,0,0.0,3531.19
2705.88,31.19,0,0.0,3531.19
2705.88,31.19,0,0.0,3531.19
2705.88,31.19,0,0.0,3531.19
2705.88,31.19,0,0.0,3531.19
2705.88,31.19,0,0.0,3531.19
2705.88,31.19,0,0.0,3531.19
2705.88,31.24,0,0.0,3531.19
2705.88,31.24,0,0.0,3531.19
2705.88,31.24,0,0.0,3531.19
2705.88,31.24,0,0.0,3531.19
2705.88,31.24,0,0.0,3531.19
2705.88,31.24,0,0.0,3531.19
2705.88,31.24,0,0.0,3531.19
2705.88,31.24,0,0.0,3531.19
2705.88,31.24,0,0.0,3531.19
2705.88,31.24,0,0.0,3531.19
2705.88,31.29,0,0.0,3531.19
2705.88,31.29,0,0.0,3531.19
2705.88,31.29,0,0.0,3531.19
2705.88,31.29,0,0.0,3531.19
2705.88,31.29,0,0.0,3531.19
2705.88,31.29,0,0.0,3531.19
2705.88,31.29,0,1.25,3531.19
2705.88,31.29,0,0.0,3531.19
2705.88,31.29,0,0.0,3531.19
2705.88,31.29,0,1.2375,3531.19
2705.88,31.25,0,0.0,3531.19
2705.88,31.25,0,0.0,3531.19
2705.88,31.25,0,0.0,3531.19
2705.88,31.25,0,0.0,3531.19
2705.88,31.25,0,0.0,3531.19
2705.88,31.25,0,0.0,3531.19
2705.88,31.25,0,0.0,3531.19
2705.88,31.25,0,0.0,3531.19
2705.88,31.25,0,0.0,3531.19
2705.88,31.25,0,0.0,3531.19
2705.88,31.25,0,0.0,3531.19
2705.88,31.25,0,0.0,3531.19
2705.88,31.25,0,0.0,3531.19
2705.88,31.25,0,0.0,3531.19
2705.88,31.25,0,0.0,3531.19
2705.88,31.25,0,0.0,3531.19
2705.88,31.25,0,0.0,3531.19
2705.88,31.25,0,0.0,3531.19
2705.88,31.25,0,0.0,3531.19
2705.88,31.25,0,0.0,3531.19
2705.88,31.25,0,0.0,3531.19
2705.88,31.25,0,0.0,3531.19
2705.88,31.25,0,0.0,3531.19
2705.88,31.25,0,0.0,3531.19
2705.88,31.25,0,0.0,3531.19
2705.88,31.25,0,0.0,3531.19
2705.88,31.25,0,0.0,3531.19
2705.88,31.25,0,0.0,3531.19
2705.88,31.25,0,0.0,3531.19
2705.88,31.25,0,0.0,3531.19
2705.88,31.3,0,0.0,3531.19
2705.88,31.3,0,0.0,3531.19
2705.88,31.3,0,0.0,3531.19
2705.88,31.3,0,0.0,3531.19
2705.88,31.3,0,1.2375,3531.19
2705.88,31.3,0,0.0,3531.19
2705.88,31.3,0,0.0,3531.19
2705.88,31.3,0,0.0,3531.19
2705.88,31.3,0,0.0,3531.19
2705.88,31.25,0,0.0,3531.19
2705.88,31.25,0,0.0,3531.19
2705.88,31.25,0,0.0,3531.19
2705.88,31.25,0,0.0,3531.19
2705.88,31.25,0,0.0,3531.19
2705.88,31.25,0,0.0,3531.19
2705.88,31.25,0,0.0,3531.19
2705.88,31.25,0,0.0,3531.19
2705.88,31.25,0,0.0,3531.19
2705.88,31.25,0,0.0,3531.19
2705.88,31.15,0,0.0,3531.19
2705.88,31.15,0,0.0,3531.19
2705.88,31.15,0,0.0,3531.19
2705.88,31.15,0,0.0,3531.19
2705.88,31.15,0,0.0,3531.19
2705.88,31.15,0,0.0,3531.19
2705.88,31.15,0,0.0,3531.19
2705.88,31.15,0,0.0,3531.19
2705.88,31.15,0,0.0,3531.19
2705.88,31.15,0,1.2375,3531.19
2705.88,31.15,0,0.0,3531.19
2705.88,31.19,0,0.0,3531.19
2705.88,31.19,0,0.0,3531.19
2705.88,31.19,0,0.0,3531.19
2705.88,31.19,0,0.0,3531.19
2705.88,31.19,0,0.0,3531.19
2705.88,31.19,0,1.25,3531.19
2705.88,31.19,0,0.0,3531.19
2705.88,31.19,0,0.0,3531.19
2705.88,31.19,0,0.0,3531.19
2705.88,31.24,0,0.0,3531.19
2705.88,31.24,0,0.0,3531.19
2705.88,31.24,0,0.0,3531.19
2705.88,31.24,0,0.0,3531.19
2705.88,31.24,0,0.0,3531.19
2705.88,31.24,0,0.0,3531.19
2705.88,31.24,0,0.0,3531.19
2705.88,31.24,0,0.0,3531.19
2705.88,31.24,0,0.0,3531.19
2705.88,31.24,0,0.0,3531.19
2705.88,31.25,0,0.0,3531.19
2705.88,31.25,0,0.0,3531.19
2705.88,31.25,0,0.0,3531.19
2705.88,31.25,0,0.0,3531.19
2705.88,31.25,0,0.0,3531.19
2705.88,31.25,0,0.0,3531.19
2705.88,31.25,0,0.0,3531.19
2705.88,31.25,0,0.0,3531.19
2705.88,31.25,0,0.0,3531.19
2705.88,31.25,0,0.0,3531.19
2705.88,31.25,0,0.0,3531.19
2705.88,31.25,0,0.0,3531.19
2705.88,31.25,0,0.0,3531.19
2705.88,31.25,0,0.0,3531.19
2705.88,31.25,0,1.25,3531.19
2705.88,31.25,0,0.0,3531.19
2705.88,31.25,0,0.0,3531.19
2705.88,31.25,0,0.0,3531.19
2705.88,31.25,0,0.0,3531.19
2705.88,31.25,0,0.0,3531.19
2705.88,31.25,0,0.0,3531.19
2705.88,31.25,0,0.0,3531.19
2705.88,31.25,0,0.0,3531.19
2705.88,31.25,0,0.0,3531.19
2705.88,31.25,0,0.0,3531.19
2705.88,31.25,0,0.0,3531.19
2705.88,31.25,0,0.0,3531.19
2705.88,31.25,0,0.0,3531.19
2705.88,31.25,0,0.0,3531.19
2705.88,31.25,0,0.0,3531.19
2705.88,31.3,0,0.0,3531.19
2705.88,31.3,0,0.0,3531.19
2705.88,31.3,0,0.0,3531.19
2705.88,31.3,0,0.0,3531.19
2705.88,31.3,0,0.0,3531.19
2705.88,31.3,0,0.0,3531.19
2705.88,31.3,0,0.0,3531.19
2705.88,31.3,0,0.0,3531.19
2705.88,31.3,0,0.0,3531.19
2705.88,31.3,0,0.0,3531.19
2705.88,31.25,0,0.0,3531.19
2705.88,31.25,0,0.0,3531.19
2705.88,31.25,0,0.0,3531.19
2705.88,31.25,0,0.0,3531.19
2705.88,31.25,0,0.0,3531.19
2705.88,31.25,0,0.0,3531.19
2705.88,31.25,0,0.0,3531.19
2705.88,31.25,0,0.0,3531.19
2705.88,31.25,0,0.0,3531.19
2705.88,31.25,0,1.2375,3531.19
2705.88,31.3,0,0.0,3531.19
2705.88,31.3,0,0.0,3531.19
2705.88,31.3,0,0.0,3531.19
2705.88,31.3,0,0.0,3531.19
2705.88,31.3,0,0.0,3531.19
2705.88,31.3,0,0.0,3531.19
2705.88,31.3,0,0.0,3531.19
2705.88,31.3,0,0.0,3531.19
2705.88,31.3,0,0.0,3531.19
2705.88,31.3,0,1.2375,3531.19
2705.88,31.34,0,0.0,3531.19
2705.88,31.34,0,0.0,3531.19
2705.88,31.34,0,0.0,3531.19
2705.88,31.34,0,0.0,3531.19
2705.88,31.34,0,0.0,3531.19
2705.88,31.34,0,0.0,3531.19
2705.88,31.34,0,0.0,3531.19
2705.88,31.34,0,0.0,3531.19
2705.88,31.34,0,0.0,3531.19
2705.88,31.34,0,0.0,3531.19
2705.88,31.2,0,0.0,3531.19
2705.88,31.2,0,0.0,3531.19
2705.88,31.2,0,0.0,3531.19
2705.88,31.2,0,0.0,3531.19
2705.88,31.2,0,0.0,3531.19
2705.88,31.2,0,0.0,3531.19
2705.88,31.2,0,0.0,3531.19
2705.88,31.2,0,0.0,3531.19
2705.88,31.2,0,0.0,3531.19
2705.88,31.2,0,0.0,3531.19
2705.88,31.15,0,0.0,3531.19
2705.88,31.15,0,0.0,3531.19
2705.88,31.15,0,0.0,3531.19
2705.88,31.15,0,0.0,3531.19
2705.88,31.15,0,0.0,3531.19
2705.88,31.15,0,0.0,3531.19
2705.88,31.15,0,0.0,3531.19
2705.88,31.15,0,0.0,3531.19
2705.88,31.15,0,0.0,3531.19
2705.88,31.15,0,0.0,3531.19
2705.88,31.15,0,0.0,3531.19
2705.88,31.15,0,0.0,3531.19
2705.88,31.15,0,1.2375,3531.19
2705.88,31.15,0,0.0,3531.19
2705.88,31.15,0,0.0,3531.19
2705.88,31.15,0,0.0,3531.19
2705.88,31.15,0,0.0,3531.19
2705.88,31.15,0,0.0,3531.19
2705.88,31.15,0,0.0,3531.19
2705.88,31.15,0,0.0,3531.19
2705.88,31.15,0,0.0,3531.19
2705.88,31.15,0,0.0,3531.19
2705.88,31.15,0,0.0,3531.19
2705.88,31.15,0,0.0,3531.19
2705.88,31.15,0,0.0,3531.19
2705.88,31.15,0,0.0,3531.19
2705.88,31.15,0,0.0,3531.19
2705.88,31.15,0,0.0,3531.19
2705.88,31.15,0,1.2375,3531.19
2705.88,31.15,0,0.0,3531.19
2705.88,31.15,0,0.0,3531.19
2705.88,31.15,0,0.0,3531.19
2705.88,31.15,0,0.0,3531.19
2705.88,31.15,0,0.0,3531.19
2705.88,31.15,0,0.0,3531.19
2705.88,31.15,0,0.0,3531.19
2705.88,31.15,0,0.0,3531.19
2705.88,31.15,0,0.0,3531.19
2705.88,31.15,0,0.0,3531.19
2705.88,31.15,0,0.0,3531.19
2705.88,31.15,0,0.0,3531.19
2705.88,31.15,0,0.0,3531.19
2705.88,31.15,0,0.0,3531.19
2705.88,31.15,0,0.0,3531.19
2705.88,31.15,0,0.0,3531.19
2705.88,31.15,0,0.0,3531.19
2705.88,31.15,0,0.0,3531.19
2705.88,31.15,0,0.0,3531.19
2705.88,31.15,0,0.0,3531.19
2705.88,31.1,0,0.0,3531.19
2705.88,31.1,0,0.0,3531.19
2705.88,31.1,0,0.0,3531.19
2705.88,31.1,0,0.0,3531.19
2705.88,31.1,0,0.0,3531.19
2705.88,31.1,0,0.0,3531.19
2705.88,31.1,0,1.2375,3531.19
2705.88,31.1,0,0.0,3531.19
2705.88,31.1,0,0.0,3531.19
2705.88,31.1,0,0.0,3531.19
2705.88,31.1,0,0.0,3531.19
2705.88,31.05,0,0.0,3531.19
2705.88,31.05,0,0.0,3531.19
2705.88,31.05,0,0.0,3531.19
2705.88,31.05,0,0.0,3531.31
2705.88,31.05,0,0.0,3531.31
2705.88,31.05,0,0.0,3531.31
2705.88,31.05,0,0.0,3531.31
2705.88,31.05,0,0.0,3531.31
2705.88,31.05,0,0.0,3531.31
2705.88,31.05,0,1.2375,3531.31
2705.88,31.05,0,0.0,3531.31
2705.88,31.05,0,0.0,3531.31
2705.88,31.05,0,0.0,3531.31
2705.88,31.05,0,0.0,3531.31
2705.88,31.05,0,0.0,3531.31
2705.88,31.05,0,0.0,3531.31
2705.88,31.05,0,0.0,3531.31
2705.88,31.05,0,0.0,3531.31
2705.88,31.05,0,0.0,3531.31
2705.88,31.1,0,0.0,3531.31
2705.88,31.1,0,0.0,3531.31
2705.88,31.1,0,0.0,3531.31
2705.88,31.1,0,0.0,3531.31
2705.88,31.1,0,0.0,3531.31
2705.88,31.1,0,0.0,3531.31
2705.88,31.1,0,0.0,3531.31
2705.88,31.1,0,0.0,3531.31
2705.88,31.1,0,0.0,3531.31
2705.88,31.1,0,0.0,3531.31
2705.88,31.1,0,0.0,3531.31
2705.88,31.1,0,0.0,3531.31
2705.88,31.1,0,0.0,3531.31
2705.88,31.1,0,0.0,3531.31
2705.88,31.1,0,0.0,3531.31
2705.88,31.1,0,0.0,3531.31
2705.88,31.1,0,0.0,3531.31
2705.88,31.1,0,0.0,3531.31
2705.88,31.1,0,0.0,3531.31
2705.88,31.1,0,0.0,3531.31
2705.88,31.1,0,1.25,3531.31
2705.88,31.14,0,0.0,3531.31
2705.88,31.14,0,0.0,3531.31
2705.88,31.14,0,0.0,3531.31
2705.88,31.14,0,0.0,3531.31
2705.88,31.14,0,0.0,3531.31
2705.88,31.14,0,0.0,3531.31
2705.88,31.14,0,0.0,3531.31
2705.88,31.14,0,0.0,3531.31
2705.88,31.14,0,0.0,3531.31
2705.88,31.14,0,0.0,3531.31
2705.88,31.14,0,0.0,3531.31
2705.88,31.14,0,0.0,3531.31
2705.88,31.14,0,0.0,3531.31
2705.88,31.14,0,0.0,3531.31
2705.88,31.14,0,0.0,3531.31
2705.88,31.14,0,0.0,3531.31
2705.88,31.14,0,0.0,3531.31
2705.88,31.14,0,0.0,3531.31
2705.88,31.14,0,0.0,3531.31
2705.88,31.05,0,0.0,3531.31
2705.88,31.05,0,0.0,3531.31
2705.88,31.05,0,0.0,3531.31
2705.88,31.05,0,0.0,3531.31
2705.88,31.05,0,0.0,3531.31
2705.88,31.05,0,0.0,3531.31
2705.88,31.05,0,0.0,3531.31
2705.88,31.05,0,1.2375,3531.31
2705.88,31.05,0,0.0,3531.31
2705.88,31.05,0,0.0,3531.31
2705.88,31.05,0,0.0,3531.31
2705.88,31.05,0,0.0,3531.31
2705.88,31.05,0,0.0,3531.31
2705.88,31.05,0,0.0,3531.31
2705.88,31.05,0,0.0,3531.31
2705.88,31.05,0,0.0,3531.31
2705.88,31.05,0,0.0,3531.31
2705.88,31.05,0,0.0,3531.31
2705.88,31.05,0,0.0,3531.31
2705.88,31.05,0,0.0,3531.31
2705.88,31.0,0,0.0,3531.31
2705.88,31.0,0,0.0,3531.31
2705.88,31.0,0,0.0,3531.31
2705.88,31.0,0,0.0,3531.31
2705.88,31.0,0,0.0,3531.31
2705.88,31.0,0,0.0,3531.31
2705.88,31.0,0,0.0,3531.31
2705.88,31.0,0,1.2375,3531.31
2705.88,31.0,0,0.0,3531.31
2705.88,31.0,0,0.0,3531.31
2705.88,30.9,0,0.0,3531.31
2705.88,30.9,0,0.0,3531.31
2705.88,30.9,0,0.0,3531.31
2705.88,30.9,0,0.0,3531.31
2705.88,30.9,0,0.0,3531.31
2705.88,30.9,0,0.0,3531.31
2705.88,30.9,0,0.0,3531.31
2705.88,30.9,0,0.0,3531.31
2705.88,30.9,0,0.0,3531.31
2705.88,30.9,0,0.0,3531.31
2705.88,30.9,0,0.0,3531.31
2705.88,30.9,0,0.0,3531.31
2705.88,30.9,0,0.0,3531.31
2705.88,30.9,0,0.0,3531.31
2705.88,30.9,0,0.0,3531.31
2705.88,30.9,0,1.25,3531.31
2705.88,30.9,0,0.0,3531.31
2705.88,30.9,0,0.0,3531.31
2705.88,30.9,0,0.0,3531.31
2705.88,30.9,0,0.0,3531.31
2705.88,30.9,0,0.0,3531.31
2705.88,30.9,0,0.0,3531.31
2705.88,30.9,0,0.0,3531.31
2705.88,30.9,0,0.0,3531.31
2705.88,30.9,0,0.0,3531.31
2705.88,30.9,0,0.0,3531.31
2705.88,30.9,0,0.0,3531.31
2705.88,30.9,0,0.0,3531.31
2705.88,30.9,0,0.0,3531.31
2705.88,30.9,0,0.0,3531.31
2705.88,30.85,0,0.0,3531.31
2705.88,30.85,0,0.0,3531.31
2705.88,30.85,0,0.0,3531.31
2705.88,30.85,0,0.0,3531.31
2705.88,30.85,0,0.0,3531.31
2705.88,30.85,0,1.2375,3531.31
2705.88,30.85,0,0.0,3531.31
2705.88,30.85,0,0.0,3531.31
2705.88,30.85,0,0.0,3531.31
2705.88,30.85,0,0.0,3531.31
2705.88,30.85,0,0.0,3531.31
2705.88,30.85,0,0.0,3531.31
2705.88,30.85,0,0.0,3531.31
2705.88,30.85,0,0.0,3531.31
2705.88,30.85,0,0.0,3531.31
2705.88,30.85,0,0.0,3531.31
2705.88,30.85,0,0.0,3531.31
2705.88,30.85,0,0.0,3531.31
2705.88,30.85,0,0.0,3531.31
2705.88,30.85,0,0.0,3531.31
2705.88,31.05,0,0.0,3531.31
2705.88,31.05,0,0.0,3531.31
2705.88,31.05,0,0.0,3531.31
2705.88,31.05,0,0.0,3531.31
2705.88,31.05,0,0.0,3531.31
2705.88,31.05,0,0.0,3531.31
2705.88,31.05,0,0.0,3531.31
2705.88,31.05,0,0.0,3531.31
2705.88,31.05,0,0.0,3531.31
2705.88,30.95,0,0.0,3531.31
2705.88,30.95,0,0.0,3531.31
2705.88,30.95,0,0.0,3531.31
2705.88,30.95,0,0.0,3531.31
2705.88,30.95,0,0.0,3531.31
2705.88,30.95,0,0.0,3531.31
2705.88,30.95,0,0.0,3531.31
2705.88,30.95,0,0.0,3531.31
2705.88,30.95,0,0.0,3531.31
2705.88,30.95,0,0.0,3531.31
2705.88,30.95,0,0.0,3531.31
2705.88,30.8,0,0.0,3531.31
2705.88,30.8,0,0.0,3531.31
2705.88,30.8,0,0.0,3531.31
2705.88,30.8,0,0.0,3531.31
2705.88,30.8,0,1.2375,3531.31
2705.88,30.8,0,1.25,3531.31
2705.88,30.8,0,0.0,3531.31
2705.88,30.8,0,0.0,3531.31
2705.88,30.8,0,0.0,3531.31
2705.88,30.8,0,0.0,3531.31
2705.88,30.85,0,0.0,3531.31
2705.88,30.85,0,0.0,3531.31
2705.88,30.85,0,0.0,3531.31
2705.88,30.85,0,0.0,3531.31
2705.88,30.85,0,0.0,3531.31
2705.88,30.85,0,0.0,3531.31
2705.88,30.85,0,0.0,3531.31
2705.88,30.85,0,0.0,3531.31
2705.88,30.85,0,0.0,3531.31
2705.88,30.9,0,0.0,3531.31
2705.88,30.9,0,0.0,3531.31
2705.88,30.9,0,0.0,3531.31
2705.88,30.9,0,0.0,3531.31
2705.88,30.9,0,0.0,3531.31
2705.88,30.9,0,0.0,3531.31
2705.88,30.9,0,0.0,3531.31
2705.88,30.9,0,0.0,3531.31
2705.88,30.9,0,0.0,3531.31
2705.88,30.9,0,0.0,3531.31
2705.88,30.8,0,0.0,3531.31
2705.88,30.8,0,0.0,3531.31
2705.88,30.8,0,0.0,3531.31
2705.88,30.8,0,0.0,3531.31
2705.88,30.8,0,0.0,3531.31
2705.88,30.8,0,1.25,3531.31
2705.88,30.8,0,0.0,3531.31
2705.88,30.8,0,0.0,3531.31
2705.88,30.8,0,0.0,3531.31
2705.88,30.8,0,0.0,3531.31
2705.88,30.8,0,0.0,3531.31
2705.88,30.8,0,0.0,3531.31
2705.88,30.8,0,0.0,3531.31
2705.88,30.8,0,0.0,3531.31
2705.88,30.8,0,0.0,3531.31
2705.88,30.8,0,0.0,3531.31
2705.88,30.8,0,0.0,3531.31
2705.88,30.8,0,0.0,3531.31
2705.88,30.8,0,0.0,3531.31
2705.88,30.8,0,0.0,3531.31
2705.88,30.8,0,0.0,3531.31
2705.88,30.8,0,0.0,3531.31
2705.88,30.8,0,0.0,3531.31
2705.88,30.8,0,0.0,3531.31
2705.88,30.8,0,0.0,3531.31
2705.88,30.8,0,0.0,3531.31
2705.88,30.8,0,0.0,3531.31
2705.88,30.8,0,0.0,3531.31
2705.88,30.8,0,0.0,3531.31
2705.88,30.8,0,0.0,3531.31
2705.88,30.85,0,0.0,3531.31
2705.88,30.85,0,0.0,3531.31
2705.88,30.85,0,0.0,3531.31
2705.88,30.85,0,1.25,3531.31
2705.88,30.85,0,0.0,3531.31
2705.88,30.85,0,0.0,3531.31
2705.88,30.85,0,0.0,3531.31
2705.88,30.85,0,0.0,3531.31
2705.88,30.85,0,0.0,3531.31
2705.88,30.85,0,0.0,3531.31
2705.88,30.95,0,0.0,3531.31
2705.88,30.95,0,0.0,3531.31
2705.88,30.95,0,0.0,3531.31
2705.88,30.95,0,0.0,3531.31
2705.88,30.95,0,0.0,3531.31
2705.88,30.95,0,0.0,3531.31
2705.88,30.95,0,0.0,3531.31
2705.88,30.95,0,0.0,3531.31
2705.88,30.95,0,0.0,3531.31
2705.88,30.95,0,0.0,3531.31
2705.88,30.94,0,0.0,3531.31
2705.88,30.94,0,1.2375,3531.31
2705.88,30.94,0,0.0,3531.31
2705.88,30.94,0,0.0,3531.31
2705.88,30.94,0,0.0,3531.31
2705.88,30.94,0,0.0,3531.31
2705.88,30.94,0,0.0,3531.31
2705.88,30.94,0,0.0,3531.31
2705.88,30.94,0,0.0,3531.31
2705.88,30.94,0,0.0,3531.31
2705.88,30.89,0,0.0,3531.31
2705.88,30.89,0,0.0,3531.31
2705.88,30.89,0,0.0,3531.31
2705.88,30.89,0,0.0,3531.31
2705.88,30.89,0,0.0,3531.31
2705.88,30.89,0,0.0,3531.31
2705.88,30.89,0,0.0,3531.31
2705.88,30.89,0,0.0,3531.31
2705.88,30.89,0,0.0,3531.31
2705.88,30.89,0,0.0,3531.31
2705.88,30.85,0,0.0,3531.31
2705.88,30.85,0,0.0,3531.31
2705.88,30.85,0,0.0,3531.31
2705.88,30.85,0,0.0,3531.31
2705.88,30.85,0,0.0,3531.31
2705.88,30.85,0,0.0,3531.31
2705.88,30.85,0,0.0,3531.31
2705.88,30.85,0,0.0,3531.31
2705.88,30.85,0,0.0,3531.31
2705.88,30.85,0,0.0,3531.31
2705.88,30.85,0,0.0,3531.31
2705.88,30.85,0,0.0,3531.31
2705.88,30.85,0,0.0,3531.31
2705.88,30.85,0,0.0,3531.31
2705.88,30.85,0,0.0,3531.31
2705.88,30.85,0,0.0,3531.31
2705.88,30.85,0,0.0,3531.31
2705.88,30.85,0,1.2375,3531.31
2705.88,30.85,0,0.0,3531.31
2705.88,30.85,0,0.0,3531.31
2705.88,30.9,0,0.0,3531.31
2705.88,30.9,0,0.0,3531.31
2705.88,30.9,0,0.0,3531.31
2705.88,30.9,0,0.0,3531.31
2705.88,30.9,0,0.0,3531.31
2705.88,30.9,0,0.0,3531.31
2705.88,30.9,0,0.0,3531.31
2705.88,30.9,0,0.0,3531.31
2705.88,30.9,0,1.2375,3531.31
2705.88,30.9,0,0.0,3531.31
2705.88,30.9,0,0.0,3531.31
2705.88,30.9,0,0.0,3531.31
2705.88,30.9,0,0.0,3531.31
2705.88,30.9,0,0.0,3531.31
2705.88,30.9,0,0.0,3531.31
2705.88,30.9,0,0.0,3531.31
2705.88,30.9,0,0.0,3531.31
2705.88,30.9,0,0.0,3531.31
2705.88,30.9,0,0.0,3531.31
2705.88,30.9,0,0.0,3531.31
2705.88,30.9,0,0.0,3531.31
2705.88,30.9,0,0.0,3531.31
2705.88,30.9,0,0.0,3531.31
2705.88,30.9,0,0.0,3531.31
2705.88,30.9,0,0.0,3531.31
2705.88,30.9,0,0.0,3531.31
2705.88,30.9,0,0.0,3531.31
2705.88,30.9,0,0.0,3531.31
2705.88,30.9,0,0.0,3531.31
2705.88,30.9,0,0.0,3531.31
2705.88,30.9,0,0.0,3531.31
2705.88,30.9,0,0.0,3531.31
2705.88,30.9,0,0.0,3531.31
2705.88,30.9,0,0.0,3531.31
2705.88,30.9,0,0.0,3531.31
2705.88,30.9,0,0.0,3531.31
2705.88,30.9,0,0.0,3531.31
2705.88,30.9,0,0.0,3531.31
2705.88,30.9,0,0.0,3531.31
2705.88,30.9,0,1.2375,3531.31
2705.88,30.8,0,0.0,3531.31
2705.88,30.8,0,0.0,3531.31
2705.88,30.8,0,0.0,3531.31
2705.88,30.8,0,0.0,3531.31
2705.88,30.8,0,0.0,3531.31
2705.88,30.8,0,0.0,3531.31
2705.88,30.8,0,0.0,3531.31
2705.88,30.8,0,0.0,3531.31
2705.88,30.8,0,0.0,3531.31
2705.88,30.8,0,0.0,3531.31
2705.88,30.8,0,0.0,3531.31
2705.88,30.8,0,0.0,3531.31
2705.88,30.8,0,1.25,3531.31
2705.88,30.8,0,0.0,3531.31
2705.88,30.8,0,0.0,3531.31
2705.88,30.8,0,0.0,3531.31
2705.88,30.8,0,0.0,3531.31
2705.88,30.8,0,0.0,3531.31
2705.88,30.8,0,0.0,3531.31
2705.88,30.8,0,0.0,3531.31
2705.88,30.8,0,0.0,3531.31
2705.88,30.8,0,0.0,3531.31
2705.88,30.8,0,0.0,3531.31
2705.88,30.8,0,0.0,3531.31
2705.88,30.8,0,0.0,3531.31
2705.88,30.8,0,0.0,3531.31
2705.88,30.8,0,0.0,3531.31
2705.88,30.8,0,0.0,3531.31
2705.88,30.8,0,0.0,3531.31
2705.88,30.8,0,0.0,3531.31
2705.88,30.71,0,0.0,3531.31
2705.88,30.71,0,0.0,3531.31
2705.88,30.71,0,0.0,3531.31
2705.88,30.71,0,0.0,3531.31
2705.88,30.71,0,0.0,3531.31
2705.88,30.71,0,0.0,3531.31
2705.88,30.71,0,0.0,3531.31
2705.88,30.71,0,0.0,3531.31
2705.88,30.71,0,0.0,3531.31
2705.88,30.71,0,0.0,3531.31
2705.88,30.7,0,0.0,3531.31
2705.88,30.7,0,0.0,3531.31
2705.88,30.7,0,0.0,3531.31
2705.88,30.7,0,0.0,3531.31
2705.88,30.7,0,0.0,3531.31
2705.88,30.7,0,0.0,3531.31
2705.88,30.7,0,1.2375,3531.31
2705.88,30.7,0,0.0,3531.31
2705.88,30.7,0,0.0,3531.31
2705.88,30.7,0,0.0,3531.31
2705.88,30.7,0,0.0,3531.31
2705.88,30.7,0,0.0,3531.31
2705.88,30.7,0,0.0,3531.31
2705.88,30.7,0,0.0,3531.31
2705.88,30.7,0,0.0,3531.31
2705.88,30.7,0,1.2375,3531.31
2705.88,30.7,0,0.0,3531.31
2705.88,30.7,0,0.0,3531.31
2705.88,30.7,0,0.0,3531.31
2705.88,30.66,0,0.0,3531.31
2705.88,30.66,0,0.0,3531.31
2705.88,30.66,0,0.0,3531.31
2705.88,30.66,0,0.0,3531.31
2705.88,30.66,0,0.0,3531.31
2705.88,30.66,0,0.0,3531.31
2705.88,30.66,0,0.0,3531.31
2705.88,30.66,0,0.0,3531.31
2705.88,30.66,0,0.0,3531.31
2705.88,30.66,0,0.0,3531.31
2705.88,30.66,0,0.0,3531.31
2705.88,30.66,0,0.0,3531.31
2705.88,30.66,0,0.0,3531.31
2705.88,30.66,0,0.0,3531.31
2705.88,30.66,0,0.0,3531.31
2705.88,30.66,0,0.0,3531.31
2705.88,30.66,0,0.0,3531.31
2705.88,30.66,0,0.0,3531.31
2705.88,30.66,0,0.0,3531.31
2705.88,30.66,0,0.0,3531.31
2705.88,30.71,0,0.0,3531.31
2705.88,30.71,0,0.0,3531.31
2705.88,30.71,0,1.2375,3531.31
2705.88,30.71,0,0.0,3531.31
2705.88,30.71,0,0.0,3531.31
2705.88,30.71,0,0.0,3531.31
2705.88,30.71,0,0.0,3531.31
2705.88,30.71,0,0.0,3531.31
2705.88,30.71,0,0.0,3531.31
2705.88,30.71,0,0.0,3531.31
2705.88,30.75,0,0.0,3531.31
2705.88,30.75,0,0.0,3531.31
2705.88,30.75,0,0.0,3531.31
2705.88,30.75,0,0.0,3531.31
2705.88,30.75,0,0.0,3531.31
2705.88,30.75,0,0.0,3531.31
2705.88,30.75,0,0.0,3531.31
2705.88,30.75,0,0.0,3531.31
2705.88,30.75,0,0.0,3531.31
2705.88,30.75,0,0.0,3531.31
2705.88,30.75,0,0.0,3531.31
2705.88,30.75,0,0.0,3531.31
2705.88,30.75,0,0.0,3531.31
2705.88,30.75,0,0.0,3531.31
2705.88,30.75,0,0.0,3531.31
2705.88,30.75,0,0.0,3531.31
2705.88,30.75,0,0.0,3531.31
2705.88,30.75,0,0.0,3531.31
2705.88,30.75,0,0.0,3531.31
2705.88,30.75,0,0.0,3531.31
2705.88,30.75,0,0.0,3531.31
2705.88,30.75,0,0.0,3531.31
2705.88,30.75,0,0.0,3531.31
2705.88,30.75,0,0.0,3531.31
2705.88,30.75,0,0.0,3531.31
2705.88,30.75,0,0.0,3531.31
2705.88,30.75,0,0.0,3531.31
2705.88,30.75,0,0.0,3531.31
2705.88,30.75,0,1.2375,3531.31
2705.88,30.75,0,0.0,3531.31
2705.88,30.75,0,0.0,3531.31
2705.88,30.75,0,0.0,3531.31
2705.88,30.75,0,1.2375,3531.31
2705.88,30.75,0,0.0,3531.31
2705.88,30.75,0,0.0,3531.31
2705.88,30.75,0,0.0,3531.31
2705.88,30.75,0,0.0,3531.31
2705.88,30.75,0,0.0,3531.31
2705.88,30.75,0,0.0,3531.31
2705.88,30.75,0,0.0,3531.31
2705.88,30.84,0,0.0,3531.31
2705.88,30.84,0,0.0,3531.31
2705.88,30.84,0,0.0,3531.31
2705.88,30.84,0,0.0,3531.31
2705.88,30.84,0,0.0,3531.31
2705.88,30.84,0,0.0,3531.31
2705.88,30.84,0,0.0,3531.31
2705.88,30.84,0,0.0,3531.31
2705.88,30.84,0,0.0,3531.31
2705.88,30.84,0,0.0,3531.31
2705.88,30.84,0,0.0,3531.31
2705.88,30.84,0,0.0,3531.31
2705.88,30.84,0,0.0,3531.31
2705.88,30.84,0,0.0,3531.31
2705.88,30.84,0,0.0,3531.31
2705.88,30.84,0,0.0,3531.31
2705.88,30.84,0,0.0,3531.31
2705.88,30.84,0,0.0,3531.31
2705.88,30.84,0,0.0,3531.31
2705.88,30.84,0,0.0,3531.31
2705.88,30.7,0,0.0,3531.31
2705.88,30.7,0,0.0,3531.31
2705.88,30.7,0,0.0,3531.31
2705.88,30.7,0,0.0,3531.31
2705.88,30.7,0,0.0,3531.31
2705.88,30.7,0,0.0,3531.31
2705.88,30.7,0,0.0,3531.31
2705.88,30.7,0,0.0,3531.31
2705.88,30.7,0,0.0,3531.31
2705.88,30.7,0,0.0,3531.31
2705.88,30.71,0,0.0,3531.31
2705.88,30.71,0,0.0,3531.31
2705.88,30.71,0,0.0,3531.31
2705.88,30.71,0,1.2375,3531.31
2705.88,30.71,0,1.2375,3531.31
2705.88,30.71,0,0.0,3531.31
2705.88,30.71,0,0.0,3531.31
2705.88,30.71,0,0.0,3531.31
2705.88,30.71,0,0.0,3531.31
2705.88,30.66,0,0.0,3531.31
2705.88,30.66,0,0.0,3531.31
2705.88,30.66,0,0.0,3531.31
2705.88,30.66,0,0.0,3531.31
2705.88,30.66,0,0.0,3531.31
2705.88,30.66,0,0.0,3531.31
2705.88,30.66,0,0.0,3531.31
2705.88,30.66,0,0.0,3531.31
2705.88,30.66,0,0.0,3531.31
2705.88,30.66,0,0.0,3531.31
2705.88,30.66,0,0.0,3531.31
2705.88,30.56,0,0.0,3531.31
2705.88,30.56,0,0.0,3531.31
2705.88,30.56,0,0.0,3531.31
2705.88,30.56,0,0.0,3531.31
2705.88,30.56,0,0.0,3531.31
2705.88,30.56,0,0.0,3531.31
2705.88,30.56,0,0.0,3531.31
2705.88,30.56,0,0.0,3531.31
2705.88,30.56,0,0.0,3531.31
2705.88,30.56,0,0.0,3531.31
2705.88,30.61,0,0.0,3531.31
2705.88,30.61,0,0.0,3531.31
2705.88,30.61,0,0.0,3531.31
2705.88,30.61,0,0.0,3531.31
2705.88,30.61,0,0.0,3531.31
2705.88,30.61,0,0.0,3531.31
2705.88,30.61,0,0.0,3531.31
2705.88,30.61,0,0.0,3531.31
2705.88,30.61,0,0.0,3531.31
2705.88,30.61,0,0.0,3531.31
2705.88,30.61,0,0.0,3531.31
2705.88,30.61,0,0.0,3531.31
2705.88,30.61,0,0.0,3531.31
2705.88,30.61,0,0.0,3531.31
2705.88,30.61,0,1.2375,3531.31
2705.88,30.61,0,0.0,3531.31
2705.88,30.61,0,0.0,3531.31
2705.88,30.61,0,0.0,3531.31
2705.88,30.61,0,0.0,3531.31
2705.88,30.61,0,0.0,3531.31
2705.88,30.56,0,0.0,3531.31
2705.88,30.56,0,1.2375,3531.31
2705.88,30.56,0,0.0,3531.31
2705.88,30.56,0,0.0,3531.31
2705.88,30.56,0,0.0,3531.31
2705.88,30.56,0,0.0,3531.31
2705.88,30.56,0,0.0,3531.31
2705.88,30.56,0,0.0,3531.31
2705.88,30.56,0,0.0,3531.31
2705.88,30.56,0,0.0,3531.31
2705.88,30.66,0,0.0,3531.31
2705.88,30.66,0,0.0,3531.31
2705.88,30.66,0,0.0,3531.31
2705.88,30.66,0,0.0,3531.31
2705.88,30.66,0,0.0,3531.31
2705.88,30.66,0,0.0,3531.31
2705.88,30.66,0,0.0,3531.31
2705.88,30.66,0,0.0,3531.31
2705.88,30.66,0,0.0,3531.31
2705.88,30.75,0,0.0,3531.31
2705.88,30.75,0,0.0,3531.31
2705.88,30.75,0,0.0,3531.31
2705.88,30.75,0,0.0,3531.31
2705.88,30.75,0,0.0,3531.31
2705.88,30.75,0,0.0,3531.31
2705.88,30.75,0,0.0,3531.31
2705.88,30.75,0,0.0,3531.31
2705.88,30.75,0,0.0,3531.31
2705.88,30.75,0,0.0,3531.31
2705.88,30.7,0,0.0,3531.31
2705.88,30.7,0,1.25,3531.31
2705.88,30.7,0,0.0,3531.31
2705.88,30.7,0,0.0,3531.31
2705.88,30.7,0,0.0,3531.31
2705.88,30.7,0,0.0,3531.31
2705.88,30.7,0,0.0,3531.31
2705.88,30.7,0,0.0,3531.31
2705.88,30.7,0,0.0,3531.31
2705.88,30.7,0,0.0,3531.31
2705.88,30.7,0,0.0,3531.31
2705.88,30.66,0,0.0,3531.31
2705.88,30.66,0,0.0,3531.31
2705.88,30.66,0,0.0,3531.31
2705.88,30.66,0,0.0,3531.31
2705.88,30.66,0,0.0,3531.31
2705.88,30.66,0,0.0,3531.31
2705.88,30.66,0,0.0,3531.31
2705.88,30.66,0,0.0,3531.31
2705.88,30.66,0,0.0,3531.31
2705.88,30.66,0,0.0,3531.31
2705.88,30.66,0,0.0,3531.31
2705.88,30.66,0,0.0,3531.31
2705.88,30.66,0,0.0,3531.31
2705.88,30.66,0,1.2375,3531.31
2705.88,30.66,0,0.0,3531.31
2705.88,30.66,0,0.0,3531.31
2705.88,30.66,0,0.0,3531.31
2705.88,30.66,0,0.0,3531.31
2705.88,30.66,0,0.0,3531.31
2705.88,30.66,0,0.0,3531.31
2705.88,30.66,0,0.0,3531.31
2705.88,30.66,0,0.0,3531.31
2705.88,30.66,0,0.0,3531.31
2705.88,30.66,0,0.0,3531.31
2705.88,30.66,0,0.0,3531.31
2705.88,30.66,0,0.0,3531.31
2705.88,30.66,0,0.0,3531.31
2705.88,30.66,0,0.0,3531.31
2705.88,30.66,0,0.0,3531.31
2705.88,30.61,0,0.0,3531.31
2705.88,30.61,0,0.0,3531.31
2705.88,30.61,0,0.0,3531.31
2705.88,30.61,0,0.0,3531.31
2705.88,30.61,0,0.0,3531.31
2705.88,30.61,0,0.0,3531.31
2705.88,30.61,0,0.0,3531.31
2705.88,30.61,0,0.0,3531.31
2705.88,30.61,0,0.0,3531.31
2705.88,30.61,0,0.0,3531.31
2705.88,30.51,0,0.0,3531.31
2705.88,30.51,0,1.25,3531.31
2705.88,30.51,0,0.0,3531.31
2705.88,30.51,0,0.0,3531.31
2705.88,30.51,0,0.0,3531.31
2705.88,30.51,0,0.0,3531.31
2705.88,30.51,0,0.0,3531.31
2705.88,30.51,0,0.0,3531.31
2705.88,30.51,0,0.0,3531.31
2705.88,30.51,0,0.0,3531.31
2705.88,30.46,0,0.0,3531.31
2705.88,30.46,0,0.0,3531.31
2705.88,30.46,0,0.0,3531.31
2705.88,30.46,0,0.0,3531.31
2705.88,30.46,0,0.0,3531.31
2705.88,30.46,0,0.0,3531.31
2705.88,30.46,0,0.0,3531.31
2705.88,30.46,0,0.0,3531.31
2705.88,30.46,0,0.0,3531.31
2705.88,30.46,0,0.0,3531.31
2705.88,30.46,0,0.0,3531.31
2705.88,30.46,0,0.0,3531.31
2705.88,30.46,0,0.0,3531.31
2705.88,30.46,0,0.0,3531.31
2705.88,30.46,0,0.0,3531.31
2705.88,30.46,0,0.0,3531.31
2705.88,30.46,0,0.0,3531.31
2705.88,30.46,0,0.0,3531.31
2705.88,30.46,0,0.0,3531.31
2705.88,30.46,0,1.2375,3531.31
2705.88,30.46,0,0.0,3531.31
2705.88,30.46,0,0.0,3531.31
2705.88,30.46,0,0.0,3531.31
2705.88,30.46,0,0.0,3531.31
2705.88,30.46,0,1.2375,3531.31
2705.88,30.46,0,0.0,3531.31
2705.88,30.46,0,0.0,3531.31
2705.88,30.46,0,0.0,3531.31
2705.88,30.46,0,0.0,3531.31
2705.88,30.46,0,0.0,3531.31
2705.88,30.51,0,0.0,3531.31
2705.88,30.51,0,0.0,3531.31
2705.88,30.51,0,0.0,3531.31
2705.88,30.51,0,0.0,3531.31
2705.88,30.51,0,0.0,3531.31
2705.88,30.51,0,0.0,3531.31
2705.88,30.51,0,0.0,3531.31
2705.88,30.51,0,0.0,3531.31
2705.88,30.51,0,0.0,3531.31
2705.88,30.51,0,0.0,3531.31
2705.88,30.61,0,0.0,3531.31
2705.88,30.61,0,0.0,3531.31
2705.88,30.61,0,0.0,3531.31
2705.88,30.61,0,0.0,3531.31
2705.88,30.61,0,0.0,3531.31
2705.88,30.61,0,0.0,3531.31
2705.88,30.61,0,0.0,3531.31
2705.88,30.61,0,0.0,3531.31
2705.88,30.61,0,0.0,3531.31
2705.88,30.61,0,0.0,3531.31
2705.88,30.61,0,0.0,3531.31
2705.88,30.61,0,0.0,3531.31
2705.88,30.61,0,0.0,3531.31
2705.88,30.61,0,0.0,3531.31
2705.88,30.61,0,0.0,3531.31
2705.88,30.61,0,0.0,3531.31
2705.88,30.61,0,0.0,3531.31
2705.88,30.61,0,0.0,3531.31
2705.88,30.61,0,0.0,3531.31
2705.88,30.61,0,0.0,3531.31
2705.88,30.61,0,0.0,3531.31
2705.88,30.61,0,0.0,3531.31
2705.88,30.61,0,0.0,3531.31
2705.88,30.61,0,0.0,3531.31
2705.88,30.61,0,0.0,3531.31
2705.88,30.61,0,0.0,3531.31
2705.88,30.61,0,1.2375,3531.31
2705.88,30.61,0,0.0,3531.31
2705.88,30.61,0,0.0,3531.31
2705.88,30.61,0,0.0,3531.31
2705.88,30.61,0,0.0,3531.31
2705.88,30.61,0,0.0,3531.31
2705.88,30.61,0,0.0,3531.31
2705.88,30.61,0,0.0,3531.31
2705.88,30.61,0,0.0,3531.31
2705.88,30.61,0,0.0,3531.31
2705.88,30.61,0,0.0,3531.31
2705.88,30.61,0,0.0,3531.31
2705.88,30.61,0,0.0,3531.31
2705.88,30.61,0,0.0,3531.31
2705.88,30.56,0,0.0,3531.31
2705.88,30.56,0,0.0,3531.31
2705.88,30.56,0,0.0,3531.31
2705.88,30.56,0,1.2375,3531.31
2705.88,30.56,0,0.0,3531.31
2705.88,30.56,0,0.0,3531.31
2705.88,30.56,0,0.0,3531.31
2705.88,30.56,0,0.0,3531.31
2705.88,30.56,0,0.0,3531.31
2705.88,30.55,0,0.0,3531.31
2705.88,30.55,0,0.0,3531.31
2705.88,30.55,0,0.0,3531.31
2705.88,30.55,0,0.0,3531.31
2705.88,30.55,0,0.0,3531.31
2705.88,30.55,0,0.0,3531.31
2705.88,30.55,0,0.0,3531.31
2705.88,30.55,0,0.0,3531.31
2705.88,30.55,0,0.0,3531.31
2705.88,30.55,0,0.0,3531.31
2705.88,30.55,0,1.25,3531.31
2705.88,30.45,0,0.0,3531.31
2705.88,30.45,0,0.0,3531.31
2705.88,30.45,0,0.0,3531.31
2705.88,30.45,0,0.0,3531.31
2705.88,30.45,0,0.0,3531.31
2705.88,30.45,0,0.0,3531.31
2705.88,30.45,0,0.0,3531.31
2705.88,30.45,0,0.0,3531.31
2705.88,30.45,0,0.0,3531.31
2705.88,30.45,0,0.0,3531.31
2705.88,30.46,0,0.0,3531.31
2705.88,30.46,0,0.0,3531.31
2705.88,30.46,0,0.0,3531.31
2705.88,30.46,0,0.0,3531.31
2705.88,30.46,0,0.0,3531.31
2705.88,30.46,0,0.0,3531.31
2705.88,30.46,0,0.0,3531.31
2705.88,30.46,0,0.0,3531.31
2705.88,30.46,0,0.0,3531.31
2705.88,30.51,0,0.0,3531.31
2705.88,30.51,0,0.0,3531.31
2705.88,30.51,0,0.0,3531.31
2705.88,30.51,0,1.2375,3531.31
2705.88,30.51,0,0.0,3531.31
2705.88,30.51,0,0.0,3531.31
2705.88,30.51,0,0.0,3531.31
2705.88,30.51,0,0.0,3531.31
2705.88,30.51,0,0.0,3531.31
2705.88,30.51,0,0.0,3531.31
2705.88,30.51,0,0.0,3531.31
2705.88,30.51,0,0.0,3531.31
2705.88,30.51,0,0.0,3531.31
2705.88,30.51,0,0.0,3531.31
2705.88,30.51,0,0.0,3531.31
2705.88,30.51,0,0.0,3531.31
2705.88,30.51,0,0.0,3531.31
2705.88,30.51,0,0.0,3531.31
2705.88,30.51,0,0.0,3531.31
2705.88,30.51,0,0.0,3531.31
2705.88,30.51,0,0.0,3531.31
2705.88,30.61,0,0.0,3531.31
2705.88,30.61,0,0.0,3531.31
2705.88,30.61,0,0.0,3531.31
2705.88,30.61,0,0.0,3531.31
2705.88,30.61,0,0.0,3531.31
2705.88,30.61,0,0.0,3531.31
2705.88,30.61,0,0.0,3531.31
2705.88,30.61,0,0.0,3531.31
2705.88,30.61,0,0.0,3531.31
2705.88,30.61,0,0.0,3531.31
2705.88,30.61,0,0.0,3531.31
2705.88,30.61,0,0.0,3531.31
2705.88,30.61,0,0.0,3531.31
2705.88,30.61,0,0.0,3531.31
2705.88,30.61,0,0.0,3531.31
2705.88,30.61,0,0.0,3531.31
2705.88,30.61,0,1.2375,3531.31
2705.88,30.61,0,0.0,3531.31
2705.88,30.61,0,0.0,3531.31
2705.88,30.56,0,0.0,3531.31
2705.88,30.56,0,0.0,3531.31
2705.88,30.56,0,0.0,3531.31
2705.88,30.56,0,0.0,3531.31
2705.88,30.56,0,0.0,3531.31
2705.88,30.56,0,0.0,3531.31
2705.88,30.56,0,0.0,3531.31
2705.88,30.56,0,0.0,3531.31
2705.88,30.56,0,0.0,3531.31
2705.88,30.56,0,0.0,3531.31
2705.88,30.61,0,0.0,3531.31
2705.88,30.61,0,0.0,3531.31
2705.88,30.61,0,0.0,3531.31
2705.88,30.61,0,0.0,3531.31
2705.88,30.61,0,0.0,3531.31
2705.88,30.61,0,0.0,3531.31
2705.88,30.61,0,0.0,3531.31
2705.88,30.61,0,0.0,3531.31
2705.88,30.61,0,0.0,3531.31
2705.88,30.61,0,1.2375,3531.31
2705.88,30.56,0,0.0,3531.31
2705.88,30.56,0,0.0,3531.31
2705.88,30.56,0,0.0,3531.31
2705.88,30.56,0,0.0,3531.31
2705.88,30.56,0,1.15,3531.31
2705.88,30.56,0,0.0,3531.31
2705.88,30.56,0,0.0,3531.31
2705.88,30.56,0,0.0,3531.31
2705.88,30.56,0,0.0,3531.31
2705.88,30.56,0,0.0,3531.31
2705.88,30.41,0,0.0,3531.31
2705.88,30.41,0,0.0,3531.31
2705.88,30.41,0,0.0,3531.31
2705.88,30.41,0,0.0,3531.31
2705.88,30.41,0,0.0,3531.31
2705.88,30.41,0,0.0,3531.31
2705.88,30.41,0,0.0,3531.31
2705.88,30.41,0,0.0,3531.31
2705.88,30.41,0,0.0,3531.31
2705.88,30.41,0,0.0,3531.31
2705.88,30.41,0,0.0,3531.31
2705.88,30.41,0,0.0,3531.31
2705.88,30.41,0,0.0,3531.31
2705.88,30.41,0,0.0,3531.31
2705.88,30.41,0,0.0,3531.31
2705.88,30.41,0,0.0,3531.31
2705.88,30.41,0,0.0,3531.31
2705.88,30.41,0,0.0,3531.31
2705.88,30.41,0,0.0,3531.31
2705.88,30.41,0,0.0,3531.31
2705.88,30.41,0,0.0,3531.31
2705.88,30.41,0,1.25,3531.31
2705.88,30.41,0,0.0,3531.31
2705.88,30.41,0,0.0,3531.31
2705.88,30.41,0,1.2375,3531.31
2705.88,30.41,0,0.0,3531.31
2705.88,30.41,0,0.0,3531.31
2705.88,30.41,0,0.0,3531.31
2705.88,30.41,0,0.0,3531.31
2705.88,30.41,0,0.0,3531.31
2705.88,30.36,0,0.0,3531.31
2705.88,30.36,0,0.0,3531.31
2705.88,30.36,0,0.0,3531.31
2705.88,30.36,0,0.0,3531.31
2705.88,30.36,0,0.0,3531.31
2705.88,30.36,0,0.0,3531.31
2705.88,30.36,0,0.0,3531.31
2705.88,30.36,0,0.0,3531.31
2705.88,30.36,0,0.0,3531.31
2705.88,30.36,0,0.0,3531.31
2705.88,30.51,0,0.0,3531.31
2705.88,30.51,0,0.0,3531.31
2705.88,30.51,0,0.0,3531.31
2705.88,30.51,0,0.0,3531.31
2705.88,30.51,0,0.0,3531.31
2705.88,30.51,0,0.0,3531.31
2705.88,30.51,0,0.0,3531.31
2705.88,30.51,0,0.0,3531.31
2705.88,30.51,0,0.0,3531.31
2705.88,30.61,0,0.0,3531.31
2705.88,30.61,0,0.0,3531.31
2705.88,30.61,0,0.0,3531.31
2705.88,30.61,0,0.0,3531.31
2705.88,30.61,0,0.0,3531.31
2705.88,30.61,0,0.0,3531.31
2705.88,30.61,0,0.0,3531.31
2705.88,30.61,0,0.0,3531.31
2705.88,30.17,0,0.0,3531.31
2705.88,30.61,0,0.0,3531.31
2705.88,30.61,0,0.0,3531.31
2705.88,30.51,0,0.0,3531.31
2705.88,30.51,0,0.0,3531.31
2705.88,30.51,0,1.25,3531.31
2705.88,30.51,0,0.0,3531.31
2705.88,30.51,0,0.0,3531.31
2705.88,30.51,0,0.0,3531.31
2705.88,30.51,0,0.0,3531.31
2705.88,30.51,0,0.0,3531.31
2705.88,30.51,0,0.0,3531.31
2705.88,30.51,0,0.0,3531.31
2705.88,30.51,0,0.0,3531.31
2705.88,30.51,0,0.0,3531.31
2705.88,30.51,0,0.0,3531.31
2705.88,30.51,0,0.0,3531.31
2705.88,30.51,0,0.0,3531.31
2705.88,30.51,0,0.0,3531.31
2705.88,30.51,0,0.0,3531.31
2705.88,30.51,0,0.0,3531.31
2705.88,30.51,0,0.0,3531.31
2705.88,30.51,0,0.0,3531.31
2705.88,30.51,0,0.0,3531.31
2705.88,30.51,0,0.0,3531.31
2705.88,30.51,0,0.0,3531.31
2705.88,30.51,0,0.0,3531.31
2705.88,30.51,0,0.0,3531.31
2705.88,30.51,0,0.0,3531.31
2705.88,30.51,0,0.0,3531.31
2705.88,30.51,0,0.0,3531.31
2705.88,30.51,0,0.0,3531.31
2705.88,30.41,0,0.0,3531.31
2705.88,30.41,0,0.0,3531.31
2705.88,30.41,0,0.0,3531.31
2705.88,30.41,0,0.0,3531.31
2705.88,30.41,0,0.0,3531.31
2705.88,30.41,0,0.0,3531.31
2705.88,30.41,0,0.0,3531.31
2705.88,30.41,0,1.2375,3531.31
2705.88,30.41,0,0.0,3531.31
2705.88,30.41,0,0.0,3531.31
2705.88,30.41,0,1.2375,3531.31
2705.88,30.41,0,0.0,3531.31
2705.88,30.41,0,0.0,3531.31
2705.88,30.41,0,0.0,3531.31
2705.88,30.41,0,0.0,3531.31
2705.88,30.41,0,0.0,3531.31
2705.88,30.41,0,0.0,3531.31
2705.88,30.41,0,0.0,3531.31
2705.88,30.41,0,0.0,3531.31
2705.88,30.41,0,0.0,3531.31
2705.88,30.41,0,0.0,3531.31
2705.88,30.41,0,0.0,3531.31
2705.88,30.41,0,0.0,3531.31
2705.88,30.41,0,0.0,3531.31
2705.88,30.41,0,0.0,3531.31
2705.88,30.41,0,0.0,3531.31
2705.88,30.41,0,0.0,3531.31
2705.88,30.41,0,0.0,3531.31
2705.88,30.41,0,0.0,3531.31
2705.88,30.41,0,0.0,3531.31
2705.88,30.41,0,0.0,3531.31
2705.88,30.41,0,0.0,3531.31
2705.88,30.41,0,0.0,3531.31
2705.88,30.41,0,0.0,3531.31
2705.88,30.41,0,0.0,3531.31
2705.88,30.41,0,0.0,3531.31
2705.88,30.41,0,0.0,3531.31
2705.88,30.41,0,0.0,3531.31
2705.88,30.41,0,0.0,3531.31
2705.88,30.41,0,0.0,3531.31
2705.88,30.41,0,0.0,3531.31
2705.88,30.51,0,0.0,3531.31
2705.88,30.51,0,0.0,3531.31
2705.88,30.51,0,0.0,3531.31
2705.88,30.51,0,0.0,3531.31
2705.88,30.51,0,0.0,3531.31
2705.88,30.51,0,0.0,3531.31
2705.88,30.51,0,0.0,3531.31
2705.88,30.51,0,0.0,3531.31
2705.88,30.51,0,0.0,3531.31
2705.88,30.56,0,0.0,3531.31
2705.88,30.56,0,0.0,3531.31
2705.88,30.56,0,1.1875,3531.31
2705.88,30.56,0,1.225,3531.31
2705.88,30.56,0,0.0,3531.31
2705.88,30.56,0,0.0,3531.31
2705.88,30.56,0,0.0,3531.31
2705.88,30.56,0,0.0,3531.31
2705.88,30.56,0,0.0,3531.44
2705.88,30.56,0,0.0,3531.44
2705.88,30.51,0,0.0,3531.44
2705.88,30.51,0,0.0,3531.44
2705.88,30.51,0,0.0,3531.44
2705.88,30.51,0,0.0,3531.44
2705.88,30.51,0,0.0,3531.44
2705.88,30.51,0,0.0,3531.44
2705.88,30.51,0,0.0,3531.44
2705.88,30.51,0,0.0,3531.44
2705.88,30.51,0,0.0,3531.44
2705.88,30.51,0,0.0,3531.44
2705.88,30.51,0,0.0,3531.44
2705.88,30.51,0,0.0,3531.44
2705.88,30.51,0,0.0,3531.44
2705.88,30.51,0,0.0,3531.44
2705.88,30.51,0,0.0,3531.44
2705.88,30.51,0,0.0,3531.44
2705.88,30.51,0,0.0,3531.44
2705.88,30.51,0,0.0,3531.44
2705.88,30.51,0,0.0,3531.44
2705.88,30.51,0,0.0,3531.44
2705.88,30.46,0,0.0,3531.44
2705.88,30.46,0,0.0,3531.44
2705.88,30.46,0,0.0,3531.44
2705.88,30.46,0,0.0,3531.44
2705.88,30.46,0,0.0,3531.44
2705.88,30.46,0,0.0,3531.44
2705.88,30.46,0,0.0,3531.44
2705.88,30.46,0,0.0,3531.44
2705.88,30.46,0,0.0,3531.44
2705.88,30.46,0,0.0,3531.44
2705.88,30.31,0,0.0,3531.44
2705.88,30.31,0,0.0,3531.44
2705.88,30.31,0,1.2375,3531.44
2705.88,30.31,0,0.0,3531.44
2705.88,30.31,0,0.0,3531.44
2705.88,30.31,0,0.0,3531.44
2705.88,30.31,0,0.0,3531.44
2705.88,30.31,0,0.0,3531.44
2705.88,30.31,0,0.0,3531.44
2705.88,30.31,0,0.0,3531.44
2705.88,30.31,0,0.0,3531.44
2705.88,30.31,0,1.2375,3531.44
2705.88,30.31,0,0.0,3531.44
2705.88,30.31,0,0.0,3531.44
2705.88,30.31,0,0.0,3531.44
2705.88,30.31,0,0.0,3531.44
2705.88,30.31,0,0.0,3531.44
2705.88,30.31,0,0.0,3531.44
2705.88,30.31,0,0.0,3531.44
2705.88,30.41,0,0.0,3531.44
2705.88,30.41,0,0.0,3531.44
2705.88,30.41,0,0.0,3531.44
2705.88,30.41,0,0.0,3531.44
2705.88,30.41,0,0.0,3531.44
2705.88,30.41,0,0.0,3531.44
2705.88,30.41,0,0.0,3531.44
2705.88,30.41,0,0.0,3531.44
2705.88,30.41,0,0.0,3531.44
2705.88,30.41,0,0.0,3531.44
2705.88,30.41,0,0.0,3531.44
2705.88,30.46,0,0.0,3531.44
2705.88,30.46,0,0.0,3531.44
2705.88,30.46,0,0.0,3531.44
2705.88,30.46,0,0.0,3531.44
2705.88,30.46,0,0.0,3531.44
2705.88,30.46,0,0.0,3531.44
2705.88,30.46,0,0.0,3531.44
2705.88,30.46,0,0.0,3531.44
2705.88,30.46,0,0.0,3531.44
2705.88,30.46,0,0.0,3531.44
2705.88,30.46,0,0.0,3531.44
2705.88,30.46,0,0.0,3531.44
2705.88,30.46,0,0.0,3531.44
2705.88,30.46,0,0.0,3531.44
2705.88,30.46,0,0.0,3531.44
2705.88,30.46,0,0.0,3531.44
2705.88,30.46,0,0.0,3531.44
2705.88,30.46,0,0.0,3531.44
2705.88,30.46,0,0.0,3531.44
2705.88,30.41,0,0.0,3531.44
2705.88,30.41,0,0.0,3531.44
2705.88,30.41,0,1.25,3531.44
2705.88,30.41,0,0.0,3531.44
2705.88,30.41,0,0.0,3531.44
2705.88,30.41,0,0.0,3531.44
2705.88,30.41,0,0.0,3531.44
2705.88,30.41,0,0.0,3531.44
2705.88,30.41,0,1.25,3531.44
2705.88,30.41,0,0.0,3531.44
2705.88,30.41,0,0.0,3531.44
2705.88,30.36,0,0.0,3531.44
2705.88,30.36,0,0.0,3531.44
2705.88,30.36,0,0.0,3531.44
2705.88,30.36,0,0.0,3531.44
2705.88,30.36,0,0.0,3531.44
2705.88,30.36,0,0.0,3531.44
2705.88,30.36,0,0.0,3531.44
2705.88,30.36,0,0.0,3531.44
2705.88,30.36,0,0.0,3531.44
2705.88,30.36,0,0.0,3531.44
2705.88,30.36,0,0.0,3531.44
2705.88,30.36,0,0.0,3531.44
2705.88,30.36,0,0.0,3531.44
2705.88,30.36,0,0.0,3531.44
2705.88,30.36,0,0.0,3531.44
2705.88,30.36,0,0.0,3531.44
2705.88,30.36,0,0.0,3531.44
2705.88,30.36,0,0.0,3531.44
2705.88,30.36,0,0.0,3531.44
2705.88,30.31,0,0.0,3531.44
2705.88,30.31,0,0.0,3531.44
2705.88,30.31,0,0.0,3531.44
2705.88,30.31,0,0.0,3531.44
2705.88,30.31,0,1.2375,3531.44
2705.88,30.31,0,0.0,3531.44
2705.88,30.31,0,0.0,3531.44
2705.88,30.31,0,0.0,3531.44
2705.88,30.31,0,0.0,3531.44
2705.88,30.31,0,0.0,3531.44
2705.88,30.26,0,0.0,3531.44
2705.88,30.26,0,0.0,3531.44
2705.88,30.26,0,0.0,3531.44
2705.88,30.26,0,0.0,3531.44
2705.88,30.26,0,0.0,3531.44
2705.88,30.26,0,0.0,3531.44
2705.88,30.26,0,0.0,3531.44
2705.88,30.26,0,0.0,3531.44
2705.88,30.26,0,0.0,3531.44
2705.88,30.26,0,0.0,3531.44
2705.88,30.26,0,0.0,3531.44
2705.88,30.36,0,0.0,3531.44
2705.88,30.36,0,0.0,3531.44
2705.88,30.36,0,0.0,3531.44
2705.88,30.36,0,0.0,3531.44
2705.88,30.36,0,0.0,3531.44
2705.88,30.36,0,0.0,3531.44
2705.88,30.36,0,0.0,3531.44
2705.88,30.36,0,0.0,3531.44
2705.88,30.36,0,0.0,3531.44
2705.88,30.46,0,0.0,3531.44
2705.88,30.46,0,0.0,3531.44
2705.88,30.46,0,1.2375,3531.44
2705.88,30.46,0,0.0,3531.44
2705.88,30.46,0,0.0,3531.44
2705.88,30.46,0,0.0,3531.44
2705.88,30.46,0,0.0,3531.44
2705.88,30.46,0,0.0,3531.44
2705.88,30.46,0,0.0,3531.44
2705.88,30.46,0,0.0,3531.44
2705.88,30.41,0,0.0,3531.44
2705.88,30.41,0,0.0,3531.44
2705.88,30.41,0,0.0,3531.44
2705.88,30.41,0,0.0,3531.44
2705.88,30.41,0,0.0,3531.44
2705.88,30.41,0,0.0,3531.44
2705.88,30.41,0,0.0,3531.44
2705.88,30.41,0,0.0,3531.44
2705.88,30.41,0,0.0,3531.44
2705.88,30.41,0,0.0,3531.44
2705.88,30.41,0,0.0,3531.44
2705.88,30.41,0,0.0,3531.44
2705.88,30.41,0,0.0,3531.44
2705.88,30.41,0,0.0,3531.44
2705.88,30.41,0,0.0,3531.44
2705.88,30.41,0,0.0,3531.44
2705.88,30.41,0,0.0,3531.44
2705.88,30.41,0,0.0,3531.44
2705.88,30.41,0,1.25,3531.44
2705.88,30.41,0,0.0,3531.44
2705.88,30.36,0,0.0,3531.44
2705.88,30.36,0,0.0,3531.44
2705.88,30.36,0,0.0,3531.44
2705.88,30.36,0,0.0,3531.44
2705.88,30.36,0,0.0,3531.44
2705.88,30.36,0,0.0,3531.44
2705.88,30.36,0,0.0,3531.44
2705.88,30.36,0,0.0,3531.44
2705.88,30.36,0,0.0,3531.44
2705.88,30.36,0,0.0,3531.44
2705.88,30.21,0,0.0,3531.44
2705.88,30.21,0,0.0,3531.44
2705.88,30.21,0,0.0,3531.44
2705.88,30.21,0,0.0,3531.44
2705.88,30.21,0,0.0,3531.44
2705.88,30.21,0,0.0,3531.44
2705.88,30.21,0,0.0,3531.44
2705.88,30.21,0,0.0,3531.44
2705.88,30.21,0,0.0,3531.44
2705.88,30.21,0,0.0,3531.44
2705.88,30.21,0,0.0,3531.44
2705.88,30.21,0,0.0,3531.44
2705.88,30.21,0,0.0,3531.44
2705.88,30.21,0,0.0,3531.44
2705.88,30.21,0,0.0,3531.44
2705.88,30.21,0,0.0,3531.44
2705.88,30.21,0,0.0,3531.44
2705.88,30.21,0,0.0,3531.44
2705.88,30.21,0,1.225,3531.44
2705.88,30.21,0,0.0,3531.44
2705.88,30.26,0,1.25,3531.44
2705.88,30.26,0,0.0,3531.44
2705.88,30.26,0,0.0,3531.44
2705.88,30.26,0,0.0,3531.44
2705.88,30.26,0,0.0,3531.44
2705.88,30.26,0,0.0,3531.44
2705.88,30.26,0,0.0,3531.44
2705.88,30.26,0,0.0,3531.44
2705.88,30.26,0,0.0,3531.44
2705.88,30.26,0,0.0,3531.44
2705.88,30.31,0,0.0,3531.44
2705.88,30.31,0,0.0,3531.44
2705.88,30.31,0,0.0,3531.44
2705.88,30.31,0,0.0,3531.44
2705.88,30.31,0,0.0,3531.44
2705.88,30.31,0,0.0,3531.44
2705.88,30.31,0,0.0,3531.44
2705.88,30.31,0,0.0,3531.44
2705.88,30.31,0,0.0,3531.44
2705.88,30.31,0,0.0,3531.44
2705.88,30.36,0,0.0,3531.44
2705.88,30.36,0,0.0,3531.44
2705.88,30.36,0,0.0,3531.44
2705.88,30.36,0,0.0,3531.44
2705.88,30.36,0,0.0,3531.44
2705.88,30.36,0,0.0,3531.44
2705.88,30.36,0,0.0,3531.44
2705.88,30.36,0,0.0,3531.44
2705.88,30.36,0,0.0,3531.44
2705.88,30.36,0,0.0,3531.44
2705.88,30.36,0,0.0,3531.44
2705.88,30.36,0,0.0,3531.44
2705.88,30.36,0,0.0,3531.44
2705.88,30.36,0,0.0,3531.44
2705.88,30.36,0,0.0,3531.44
2705.88,30.36,0,0.0,3531.44
2705.88,30.36,0,0.0,3531.44
2705.88,30.36,0,0.0,3531.44
2705.88,30.36,0,0.0,3531.44
2705.88,30.36,0,0.0,3531.44
2705.88,30.31,0,0.0,3531.44
2705.88,30.31,0,0.0,3531.44
2705.88,30.31,0,1.2375,3531.44
2705.88,30.31,0,0.0,3531.44
2705.88,30.31,0,0.0,3531.44
2705.88,30.31,0,0.0,3531.44
2705.88,30.31,0,0.0,3531.44
2705.88,30.31,0,0.0,3531.44
2705.88,30.31,0,0.0,3531.44
2705.88,30.31,0,0.0,3531.44
2705.88,30.26,0,0.0,3531.44
2705.88,30.26,0,1.2375,3531.44
2705.88,30.26,0,0.0,3531.44
2705.88,30.26,0,0.0,3531.44
2705.88,30.26,0,0.0,3531.44
2705.88,30.26,0,0.0,3531.44
2705.88,30.26,0,0.0,3531.44
2705.88,30.26,0,0.0,3531.44
2705.88,30.26,0,0.0,3531.44
2705.88,30.21,0,0.0,3531.44
2705.88,30.21,0,0.0,3531.44
2705.88,30.21,0,0.0,3531.44
2705.88,30.21,0,0.0,3531.44
2705.88,30.21,0,0.0,3531.44
2705.88,30.21,0,0.0,3531.44
2705.88,30.21,0,0.0,3531.44
2705.88,30.21,0,0.0,3531.44
2705.88,30.21,0,0.0,3531.44
2705.88,30.21,0,0.0,3531.44
2705.88,30.21,0,0.0,3531.44
2705.88,30.21,0,0.0,3531.44
2705.88,30.21,0,0.0,3531.44
2705.88,30.21,0,0.0,3531.44
2705.88,30.21,0,0.0,3531.44
2705.88,30.21,0,0.0,3531.44
2705.88,30.21,0,0.0,3531.44
2705.88,30.21,0,0.0,3531.44
2705.88,30.21,0,0.0,3531.44
2705.88,30.21,0,0.0,3531.44
2705.88,30.21,0,0.0,3531.44
2705.88,30.31,0,0.0,3531.44
2705.88,30.31,0,0.0,3531.44
2705.88,30.31,0,0.0,3531.44
2705.88,30.31,0,0.0,3531.44
2705.88,30.31,0,0.0,3531.44
2705.88,30.31,0,0.0,3531.44
2705.88,30.31,0,0.0,3531.44
2705.88,30.31,0,0.0,3531.44
2705.88,30.31,0,0.0,3531.44
2705.88,30.36,0,0.0,3531.44
2705.88,30.36,0,0.0,3531.44
2705.88,30.36,0,1.2375,3531.44
2705.88,30.36,0,0.0,3531.44
2705.88,30.36,0,1.2375,3531.44
2705.88,30.36,0,0.0,3531.44
2705.88,30.36,0,0.0,3531.44
2705.88,30.36,0,0.0,3531.44
2705.88,30.36,0,0.0,3531.44
2705.88,30.36,0,0.0,3531.44
2705.88,30.31,0,0.0,3531.44
2705.88,30.31,0,0.0,3531.44
2705.88,30.31,0,0.0,3531.44
2705.88,30.31,0,0.0,3531.44
2705.88,30.31,0,0.0,3531.44
2705.88,30.31,0,0.0,3531.44
2705.88,30.31,0,0.0,3531.44
2705.88,30.31,0,0.0,3531.44
2705.88,30.31,0,0.0,3531.44
2705.88,30.31,0,0.0,3531.44
2705.88,30.31,0,0.0,3531.44
2705.88,30.26,0,0.0,3531.44
2705.88,30.26,0,0.0,3531.44
2705.88,30.26,0,0.0,3531.44
2705.88,30.26,0,0.0,3531.44
2705.88,30.26,0,0.0,3531.44
2705.88,30.26,0,0.0,3531.44
2705.88,30.26,0,0.0,3531.44
2705.88,30.26,0,0.0,3531.44
2705.88,30.26,0,0.0,3531.44
2705.88,30.17,0,0.0,3531.44
2705.88,30.17,0,0.0,3531.44
2705.88,30.17,0,0.0,3531.44
2705.88,30.17,0,0.0,3531.44
2705.88,30.17,0,0.0,3531.44
2705.88,30.17,0,0.0,3531.44
2705.88,30.17,0,0.0,3531.44
2705.88,30.17,0,0.0,3531.44
2705.88,30.17,0,0.0,3531.44
2705.88,30.17,0,0.0,3531.44
2705.88,30.07,0,0.0,3531.44
2705.88,30.07,0,0.0,3531.44
2705.88,30.07,0,0.0,3531.44
2705.88,30.07,0,0.0,3531.44
2705.88,30.07,0,0.0,3531.44
2705.88,30.07,0,0.0,3531.44
2705.88,30.07,0,0.0,3531.44
2705.88,30.07,0,1.25,3531.44
2705.88,30.07,0,0.0,3531.44
2705.88,30.07,0,0.0,3531.44
2705.88,30.21,0,0.0,3531.44
2705.88,30.21,0,0.0,3531.44
2705.88,30.21,0,0.0,3531.44
2705.88,30.21,0,0.0,3531.44
2705.88,30.21,0,0.0,3531.44
2705.88,30.21,0,0.0,3531.44
2705.88,30.21,0,0.0,3531.44
2705.88,30.21,0,0.0,3531.44
2705.88,30.21,0,0.0,3531.44
2705.88,30.21,0,0.0,3531.44
2705.88,30.36,0,0.0,3531.44
2705.88,30.36,0,0.0,3531.44
2705.88,30.36,0,0.0,3531.44
2705.88,30.36,0,0.0,3531.44
2705.88,30.36,0,0.0,3531.44
2705.88,30.36,0,0.0,3531.44
2705.88,30.36,0,0.0,3531.44
2705.88,30.36,0,0.0,3531.44
2705.88,30.36,0,0.0,3531.44
2705.88,30.36,0,0.0,3531.44
2705.88,30.31,0,0.0,3531.44
2705.88,30.31,0,1.25,3531.44
2705.88,30.31,0,0.0,3531.44
2705.88,30.31,0,0.0,3531.44
2705.88,30.31,0,0.0,3531.44
2705.88,30.31,0,0.0,3531.44
2705.88,30.31,0,0.0,3531.44
2705.88,30.31,0,0.0,3531.44
2705.88,30.31,0,0.0,3531.44
2705.88,30.31,0,0.0,3531.44
2705.88,30.31,0,0.0,3531.44
2705.88,30.31,0,0.0,3531.44
2705.88,30.31,0,0.0,3531.44
2705.88,30.31,0,0.0,3531.44
2705.88,30.31,0,0.0,3531.44
2705.88,30.31,0,1.25,3531.44
2705.88,30.31,0,0.0,3531.44
2705.88,30.31,0,0.0,3531.44
2705.88,30.31,0,0.0,3531.44
2705.88,30.31,0,0.0,3531.44
2705.88,30.26,0,0.0,3531.44
2705.88,30.26,0,0.0,3531.44
2705.88,30.26,0,0.0,3531.44
2705.88,30.26,0,0.0,3531.44
2705.88,30.26,0,0.0,3531.44
2705.88,30.26,0,0.0,3531.44
2705.88,30.26,0,0.0,3531.44
2705.88,30.26,0,0.0,3531.44
2705.88,30.26,0,0.0,3531.44
2705.88,30.26,0,0.0,3531.44
2705.88,30.12,0,0.0,3531.44
2705.88,30.12,0,0.0,3531.44
2705.88,30.12,0,0.0,3531.44
2705.88,30.12,0,0.0,3531.44
2705.88,30.12,0,0.0,3531.44
2705.88,30.12,0,0.0,3531.44
2705.88,30.12,0,0.0,3531.44
2705.88,30.12,0,0.0,3531.44
2705.88,30.12,0,0.0,3531.44
2705.88,30.12,0,0.0,3531.44
2705.88,30.21,0,0.0,3531.44
2705.88,30.21,0,0.0,3531.44
2705.88,30.21,0,0.0,3531.44
2705.88,30.21,0,0.0,3531.44
2705.88,30.21,0,0.0,3531.44
2705.88,30.21,0,0.0,3531.44
2705.88,30.21,0,1.2375,3531.44
2705.88,30.21,0,0.0,3531.44
2705.88,30.21,0,0.0,3531.44
2705.88,30.36,0,0.0,3531.44
2705.88,30.36,0,0.0,3531.44
2705.88,30.36,0,0.0,3531.44
2705.88,30.36,0,0.0,3531.44
2705.88,30.36,0,0.0,3531.44
2705.88,30.36,0,0.0,3531.44
2705.88,30.36,0,0.0,3531.44
2705.88,30.36,0,0.0,3531.44
2705.88,30.36,0,0.0,3531.44
2705.88,30.36,0,0.0,3531.44
2705.88,30.36,0,1.25,3531.44
2705.88,30.31,0,0.0,3531.44
2705.88,30.31,0,0.0,3531.44
2705.88,30.31,0,0.0,3531.44
2705.88,30.31,0,0.0,3531.44
2705.88,30.31,0,0.0,3531.44
2705.88,30.31,0,0.0,3531.44
2705.88,30.31,0,0.0,3531.44
2705.88,30.31,0,0.0,3531.44
2705.88,30.31,0,0.0,3531.44
2705.88,30.31,0,0.0,3531.44
2705.88,30.31,0,0.0,3531.44
2705.88,30.31,0,0.0,3531.44
2705.88,30.31,0,0.0,3531.44
2705.88,30.31,0,0.0,3531.44
2705.88,30.31,0,0.0,3531.44
2705.88,30.31,0,0.0,3531.44
2705.88,30.31,0,0.0,3531.44
2705.88,30.31,0,0.0,3531.44
2705.88,30.31,0,0.0,3531.44
2705.88,30.26,0,0.0,3531.44
2705.88,30.26,0,0.0,3531.44
2705.88,30.26,0,0.0,3531.44
2705.88,30.26,0,0.0,3531.44
2705.88,30.26,0,0.0,3531.44
2705.88,30.26,0,0.0,3531.44
2705.88,30.26,0,0.0,3531.44
2705.88,30.26,0,0.0,3531.44
2705.88,30.26,0,0.0,3531.44
2705.88,30.26,0,0.0,3531.44
2705.88,30.26,0,0.0,3531.44
2705.88,30.12,0,0.0,3531.44
2705.88,30.12,0,0.0,3531.44
2705.88,30.12,0,0.0,3531.44
2705.88,30.12,0,0.0,3531.44
2705.88,30.12,0,1.2375,3531.44
2705.88,30.12,0,0.0,3531.44
2705.88,30.12,0,0.0,3531.44
2705.88,30.12,0,0.0,3531.44
2705.88,30.12,0,0.0,3531.44
2705.88,30.12,0,0.0,3531.44
2705.88,30.26,0,0.0,3531.44
2705.88,30.26,0,0.0,3531.44
2705.88,30.26,0,0.0,3531.44
2705.88,30.26,0,0.0,3531.44
2705.88,30.26,0,0.0,3531.44
2705.88,30.26,0,0.0,3531.44
2705.88,30.26,0,1.2375,3531.44
2705.88,30.26,0,0.0,3531.44
2705.88,30.26,0,0.0,3531.44
2705.88,30.41,0,0.0,3531.44
2705.88,30.41,0,0.0,3531.44
2705.88,30.41,0,0.0,3531.44
2705.88,30.41,0,0.0,3531.44
2705.88,30.41,0,0.0,3531.44
2705.88,30.41,0,0.0,3531.44
2705.88,30.41,0,0.0,3531.44
2705.88,30.41,0,0.0,3531.44
2705.88,30.41,0,0.0,3531.44
2705.88,30.41,0,0.0,3531.44
2705.88,30.3,0,0.0,3531.44
2705.88,30.3,0,0.0,3531.44
2705.88,30.3,0,0.0,3531.44
2705.88,30.3,0,0.0,3531.44
2705.88,30.3,0,0.0,3531.44
2705.88,30.3,0,0.0,3531.44
2705.88,30.3,0,0.0,3531.44
2705.88,30.3,0,0.0,3531.44
2705.88,30.3,0,0.0,3531.44
2705.88,30.3,0,0.0,3531.44
2705.88,30.3,0,0.0,3531.44
2705.88,30.26,0,0.0,3531.44
2705.88,30.26,0,0.0,3531.44
2705.88,30.26,0,0.0,3531.44
2705.88,30.26,0,0.0,3531.44
2705.88,30.26,0,0.0,3531.44
2705.88,30.26,0,0.0,3531.44
2705.88,30.26,0,0.0,3531.44
2705.88,30.26,0,0.0,3531.44
2705.88,30.26,0,0.0,3531.44
2705.88,30.21,0,0.0,3531.44
2705.88,30.21,0,0.0,3531.44
2705.88,30.21,0,0.0,3531.44
2705.88,30.21,0,0.0,3531.44
2705.88,30.21,0,0.0,3531.44
2705.88,30.21,0,0.0,3531.44
2705.88,30.21,0,0.0,3531.44
2705.88,30.21,0,1.2375,3531.44
2705.88,30.21,0,0.0,3531.44
2705.88,30.21,0,0.0,3531.44
2705.88,30.12,0,0.0,3531.44
2705.88,30.12,0,0.0,3531.44
2705.88,30.12,0,0.0,3531.44
2705.88,30.12,0,1.2375,3531.44
2705.88,30.12,0,0.0,3531.44
2705.88,30.12,0,0.0,3531.44
2705.88,30.12,0,0.0,3531.44
2705.88,30.12,0,0.0,3531.44
2705.88,30.12,0,0.0,3531.44
2705.88,30.12,0,0.0,3531.44
2705.88,30.12,0,0.0,3531.44
2705.88,30.21,0,0.0,3531.44
2705.88,30.21,0,0.0,3531.44
2705.88,30.21,0,0.0,3531.44
2705.88,30.21,0,0.0,3531.44
2705.88,30.21,0,0.0,3531.44
2705.88,30.21,0,0.0,3531.44
2705.88,30.21,0,0.0,3531.44
2705.88,30.21,0,0.0,3531.44
2705.88,30.21,0,0.0,3531.44
2705.88,30.36,0,0.0,3531.44
2705.88,30.36,0,0.0,3531.44
2705.88,30.36,0,0.0,3531.44
2705.88,30.36,0,0.0,3531.44
2705.88,30.36,0,0.0,3531.44
2705.88,30.36,0,0.0,3531.44
2705.88,30.36,0,0.0,3531.44
2705.88,30.36,0,0.0,3531.44
2705.88,30.36,0,0.0,3531.44
2705.88,30.36,0,0.0,3531.44
2705.88,30.31,0,0.0,3531.44
2705.88,30.31,0,0.0,3531.44
2705.88,30.31,0,0.0,3531.44
2705.88,30.31,0,0.0,3531.44
2705.88,30.31,0,0.0,3531.44
2705.88,30.31,0,0.0,3531.44
2705.88,30.31,0,0.0,3531.44
2705.88,30.31,0,0.0,3531.44
2705.88,30.31,0,0.0,3531.44
2705.88,30.31,0,0.0,3531.44
2705.88,30.31,0,0.0,3531.44
2705.88,30.21,0,0.0,3531.44
2705.88,30.21,0,0.0,3531.44
2705.88,30.21,0,0.0,3531.44
2705.88,30.21,0,1.25,3531.44
2705.88,30.21,0,0.0,3531.44
2705.88,30.21,0,0.0,3531.44
2705.88,30.21,0,0.0,3531.44
2705.88,30.21,0,0.0,3531.44
2705.88,30.21,0,0.0,3531.44
2705.88,30.17,0,0.0,3531.44
2705.88,30.17,0,0.0,3531.44
2705.88,30.17,0,0.0,3531.44
2705.88,30.17,0,0.0,3531.44
2705.88,30.17,0,0.0,3531.44
2705.88,30.17,0,1.25,3531.44
2705.88,30.17,0,0.0,3531.44
2705.88,30.17,0,0.0,3531.44
2705.88,30.17,0,0.0,3531.44
2705.88,30.17,0,0.0,3531.44
2705.88,30.12,0,0.0,3531.44
2705.88,30.12,0,0.0,3531.44
2705.88,30.12,0,0.0,3531.44
2705.88,30.12,0,0.0,3531.44
2705.88,30.12,0,0.0,3531.44
2705.88,30.12,0,0.0,3531.44
2705.88,30.12,0,0.0,3531.44
2705.88,30.12,0,0.0,3531.44
2705.88,30.12,0,0.0,3531.44
2705.88,30.17,0,0.0,3531.44
2705.88,30.17,0,0.0,3531.44
2705.88,30.17,0,0.0,3531.44
2705.88,30.17,0,0.0,3531.44
2705.88,30.17,0,0.0,3531.44
2705.88,30.17,0,0.0,3531.44
2705.88,30.17,0,0.0,3531.44
2705.88,30.17,0,0.0,3531.44
2705.88,30.17,0,0.0,3531.44
2705.88,30.17,0,0.0,3531.44
2705.88,30.17,0,0.0,3531.44
2705.88,30.31,0,0.0,3531.44
2705.88,30.31,0,0.0,3531.44
2705.88,30.31,0,0.0,3531.44
2705.88,30.31,0,0.0,3531.44
2705.88,30.31,0,0.0,3531.44
2705.88,30.31,0,0.0,3531.44
2705.88,30.31,0,0.0,3531.44
2705.88,30.31,0,0.0,3531.44
2705.88,30.31,0,0.0,3531.44
2705.88,30.31,0,0.0,3531.44
2705.88,30.3,0,0.0,3531.44
2705.88,30.3,0,0.0,3531.44
2705.88,30.3,0,0.0,3531.44
2705.88,30.3,0,1.2375,3531.44
2705.88,30.3,0,0.0,3531.44
2705.88,30.3,0,0.0,3531.44
2705.88,30.3,0,0.0,3531.44
2705.88,30.3,0,1.2375,3531.44
2705.88,30.3,0,0.0,3531.44
2705.88,30.16,0,0.0,3531.44
2705.88,30.16,0,0.0,3531.44
2705.88,30.16,0,0.0,3531.44
2705.88,30.16,0,0.0,3531.44
2705.88,30.16,0,0.0,3531.44
2705.88,30.16,0,0.0,3531.44
2705.88,30.16,0,0.0,3531.44
2705.88,30.16,0,0.0,3531.44
2705.88,30.16,0,0.0,3531.44
2705.88,30.16,0,0.0,3531.44
2705.88,30.16,0,0.0,3531.44
2705.88,30.07,0,0.0,3531.44
2705.88,30.07,0,0.0,3531.44
2705.88,30.07,0,0.0,3531.44
2705.88,30.07,0,0.0,3531.44
2705.88,30.07,0,0.0,3531.44
2705.88,30.07,0,0.0,3531.44
2705.88,30.07,0,0.0,3531.44
2705.88,30.07,0,0.0,3531.44
2705.88,30.07,0,0.0,3531.44
2705.88,30.07,0,0.0,3531.44
2705.88,30.07,0,0.0,3531.44
2705.88,30.07,0,0.0,3531.44
2705.88,30.07,0,0.0,3531.44
2705.88,30.07,0,0.0,3531.44
2705.88,30.07,0,0.0,3531.44
2705.88,30.07,0,0.0,3531.44
2705.88,30.07,0,0.0,3531.44
2705.88,30.07,0,0.0,3531.44
2705.88,30.07,0,0.0,3531.44
2705.88,30.12,0,1.2375,3531.44
2705.88,30.12,0,0.0,3531.44
2705.88,30.12,0,0.0,3531.44
2705.88,30.12,0,0.0,3531.44
2705.88,30.12,0,0.0,3531.44
2705.88,30.12,0,0.0,3531.44
2705.88,30.12,0,0.0,3531.44
2705.88,30.12,0,0.0,3531.44
2705.88,30.12,0,0.0,3531.44
2705.88,30.12,0,0.0,3531.44
2705.88,30.17,0,0.0,3531.44
2705.88,30.17,0,0.0,3531.44
2705.88,30.17,0,0.0,3531.44
2705.88,30.17,0,0.0,3531.44
2705.88,30.17,0,0.0,3531.44
2705.88,30.17,0,1.25,3531.44
2705.88,30.17,0,0.0,3531.44
2705.88,30.17,0,0.0,3531.44
2705.88,30.17,0,0.0,3531.44
2705.88,30.17,0,0.0,3531.44
2705.88,30.17,0,0.0,3531.44
2705.88,30.17,0,0.0,3531.44
2705.88,30.17,0,0.0,3531.44
2705.88,30.17,0,0.0,3531.44
2705.88,30.17,0,0.0,3531.44
2705.88,30.17,0,0.0,3531.44
2705.88,30.17,0,0.0,3531.44
2705.88,30.17,0,0.0,3531.44
2705.88,30.17,0,0.0,3531.44
2705.88,30.17,0,0.0,3531.44
2705.88,30.12,0,0.0,3531.44
2705.88,30.12,0,0.0,3531.44
2705.88,30.12,0,0.0,3531.44
2705.88,30.12,0,0.0,3531.44
2705.88,30.12,0,0.0,3531.44
2705.88,30.12,0,0.0,3531.44
2705.88,30.12,0,0.0,3531.44
2705.88,30.12,0,0.0,3531.44
2705.88,30.12,0,0.0,3531.44
2705.88,30.12,0,0.0,3531.44
2705.88,30.02,0,0.0,3531.44
2705.88,30.02,0,0.0,3531.44
2705.88,30.02,0,0.0,3531.44
2705.88,30.02,0,0.0,3531.44
2705.88,30.02,0,0.0,3531.44
2705.88,30.02,0,0.0,3531.44
2705.88,30.02,0,0.0,3531.44
2705.88,30.02,0,0.0,3531.44
2705.88,30.02,0,0.0,3531.44
2705.88,30.02,0,0.0,3531.44
2705.88,30.02,0,0.0,3531.44
2705.88,30.02,0,0.0,3531.44
2705.88,30.02,0,0.0,3531.44
2705.88,30.02,0,1.25,3531.44
2705.88,30.02,0,0.0,3531.44
2705.88,30.02,0,0.0,3531.44
2705.88,30.02,0,0.0,3531.44
2705.88,30.02,0,0.0,3531.44
2705.88,30.02,0,0.0,3531.44
2705.88,30.02,0,0.0,3531.44
2705.88,30.12,0,0.0,3531.44
2705.88,30.12,0,0.0,3531.44
2705.88,30.12,0,1.2375,3531.44
2705.88,30.12,0,0.0,3531.44
2705.88,30.12,0,0.0,3531.44
2705.88,30.12,0,0.0,3531.44
2705.88,30.12,0,0.0,3531.44
2705.88,30.12,0,0.0,3531.44
2705.88,30.12,0,0.0,3531.44
2705.88,30.12,0,0.0,3531.44
2705.88,30.17,0,0.0,3531.44
2705.88,30.17,0,0.0,3531.44
2705.88,30.17,0,0.0,3531.44
2705.88,30.17,0,0.0,3531.44
2705.88,30.17,0,0.0,3531.44
2705.88,30.17,0,0.0,3531.44
2705.88,30.17,0,0.0,3531.44
2705.88,30.17,0,0.0,3531.44
2705.88,30.17,0,0.0,3531.44
2705.88,30.17,0,0.0,3531.44
2705.88,30.17,0,0.0,3531.44
2705.88,30.17,0,0.0,3531.44
2705.88,30.17,0,0.0,3531.44
2705.88,30.17,0,0.0,3531.44
2705.88,30.17,0,0.0,3531.44
2705.88,30.17,0,0.0,3531.44
2705.88,30.17,0,0.0,3531.44
2705.88,30.17,0,0.0,3531.44
2705.88,30.17,0,0.0,3531.44
2705.88,30.17,0,0.0,3531.44
2705.88,30.07,0,0.0,3531.44
2705.88,30.07,0,0.0,3531.44
2705.88,30.07,0,0.0,3531.44
2705.88,30.07,0,0.0,3531.44
2705.88,30.07,0,0.0,3531.44
2705.88,30.07,0,0.0,3531.44
2705.88,30.07,0,0.0,3531.44
2705.88,30.07,0,0.0,3531.44
2705.88,30.07,0,0.0,3531.44
2705.88,30.07,0,0.0,3531.44
2705.88,29.97,0,0.0,3531.44
2705.88,29.97,0,0.0,3531.44
2705.88,29.97,0,0.0,3531.44
2705.88,29.97,0,1.2375,3531.44
2705.88,29.97,0,0.0,3531.44
2705.88,29.97,0,0.0,3531.44
2705.88,29.97,0,0.0,3531.44
2705.88,29.97,0,0.0,3531.44
2705.88,29.97,0,0.0,3531.44
2705.88,29.97,0,0.0,3531.44
2705.88,30.12,0,0.0,3531.44
2705.88,30.12,0,0.0,3531.44
2705.88,30.12,0,0.0,3531.44
2705.88,30.12,0,0.0,3531.44
2705.88,30.12,0,0.0,3531.44
2705.88,30.12,0,0.0,3531.44
2705.88,30.12,0,0.0,3531.44
2705.88,30.12,0,0.0,3531.44
2705.88,30.12,0,0.0,3531.44
2705.88,30.12,0,1.2375,3531.44
2705.88,30.21,0,0.0,3531.44
2705.88,30.21,0,0.0,3531.44
2705.88,30.21,0,0.0,3531.44
2705.88,30.21,0,0.0,3531.44
2705.88,30.21,0,0.0,3531.44
2705.88,30.21,0,0.0,3531.44
2705.88,30.21,0,0.0,3531.44
2705.88,30.21,0,0.0,3531.44
2705.88,30.21,0,0.0,3531.44
2705.88,30.21,0,0.0,3531.44
2705.88,30.17,0,0.0,3531.44
2705.88,30.17,0,0.0,3531.44
2705.88,30.17,0,0.0,3531.44
2705.88,30.17,0,0.0,3531.44
2705.88,30.17,0,0.0,3531.44
2705.88,30.17,0,0.0,3531.44
2705.88,30.17,0,0.0,3531.44
2705.88,30.17,0,0.0,3531.44
2705.88,30.17,0,1.2375,3531.44
2705.88,30.17,0,0.0,3531.44
2705.88,30.12,0,0.0,3531.44
2705.88,30.12,0,0.0,3531.44
2705.88,30.12,0,0.0,3531.44
2705.88,30.12,0,0.0,3531.44
2705.88,30.12,0,0.0,3531.44
2705.88,30.12,0,0.0,3531.44
2705.88,30.12,0,0.0,3531.44
2705.88,30.12,0,0.0,3531.44
2705.88,30.12,0,0.0,3531.44
2705.88,30.02,0,0.0,3531.44
2705.88,30.02,0,0.0,3531.44
2705.88,30.02,0,0.0,3531.44
2705.88,30.02,0,0.0,3531.44
2705.88,30.02,0,0.0,3531.44
2705.88,30.02,0,0.0,3531.44
2705.88,30.02,0,0.0,3531.44
2705.88,30.02,0,0.0,3531.44
2705.88,30.02,0,0.0,3531.44
2705.88,30.02,0,0.0,3531.44
2705.88,30.02,0,0.0,3531.44
2705.88,29.97,0,0.0,3531.44
2705.88,29.97,0,0.0,3531.44
2705.88,29.97,0,0.0,3531.44
2705.88,29.97,0,0.0,3531.44
2705.88,29.97,0,0.0,3531.44
2705.88,29.97,0,0.0,3531.44
2705.88,29.97,0,0.0,3531.44
2705.88,29.97,0,0.0,3531.44
2705.88,29.97,0,0.0,3531.44
2705.88,29.97,0,0.0,3531.44
2705.88,30.12,0,0.0,3531.44
2705.88,30.12,0,0.0,3531.44
2705.88,30.12,0,0.0,3531.44
2705.88,30.12,0,0.0,3531.44
2705.88,30.12,0,1.2375,3531.44
2705.88,30.12,0,0.0,3531.44
2705.88,30.12,0,0.0,3531.44
2705.88,30.12,0,0.0,3531.44
2705.88,30.12,0,0.0,3531.44
2705.88,30.21,0,0.0,3531.44
2705.88,30.21,0,1.25,3531.44
2705.88,30.21,0,0.0,3531.44
2705.88,30.21,0,0.0,3531.44
2705.88,30.21,0,0.0,3531.44
2705.88,30.21,0,0.0,3531.44
2705.88,30.21,0,0.0,3531.44
2705.88,30.21,0,0.0,3531.44
2705.88,30.21,0,0.0,3531.44
2705.88,30.21,0,0.0,3531.44
2705.88,30.21,0,0.0,3531.44
2705.88,30.12,0,0.0,3531.44
2705.88,30.12,0,0.0,3531.44
2705.88,30.12,0,0.0,3531.44
2705.88,30.12,0,0.0,3531.44
2705.88,30.12,0,0.0,3531.44
2705.88,30.12,0,0.0,3531.44
2705.88,30.12,0,0.0,3531.44
2705.88,30.12,0,0.0,3531.44
2705.88,30.12,0,0.0,3531.44
2705.88,30.12,0,0.0,3531.44
2705.88,30.07,0,0.0,3531.44
2705.88,30.07,0,0.0,3531.44
2705.88,30.07,0,0.0,3531.44
2705.88,30.07,0,0.0,3531.44
2705.88,30.07,0,0.0,3531.44
2705.88,30.07,0,0.0,3531.44
2705.88,30.07,0,0.0,3531.44
2705.88,30.07,0,0.0,3531.44
2705.88,30.07,0,0.0,3531.44
2705.88,30.02,0,0.0,3531.44
2705.88,30.02,0,0.0,3531.44
2705.88,30.02,0,0.0,3531.44
2705.88,30.02,0,0.0,3531.44
2705.88,30.02,0,0.0,3531.44
2705.88,30.02,0,1.2375,3531.44
2705.88,30.02,0,0.0,3531.44
2705.88,30.02,0,0.0,3531.44
2705.88,30.02,0,0.0,3531.44
2705.88,30.02,0,0.0,3531.44
2705.88,30.07,0,0.0,3531.44
2705.88,30.07,0,0.0,3531.44
2705.88,30.07,0,0.0,3531.44
2705.88,30.07,0,0.0,3531.44
2705.88,30.07,0,0.0,3531.44
2705.88,30.07,0,0.0,3531.44
2705.88,30.07,0,0.0,3531.44
2705.88,30.07,0,0.0,3531.44
2705.88,30.07,0,0.0,3531.44
2705.88,30.07,0,0.0,3531.44
2705.88,30.07,0,0.0,3531.44
2705.88,30.21,0,0.0,3531.44
2705.88,30.21,0,0.0,3531.44
2705.88,30.21,0,0.0,3531.44
2705.88,30.21,0,1.25,3531.44
2705.88,30.21,0,0.0,3531.44
2705.88,30.21,0,0.0,3531.44
2705.88,30.21,0,0.0,3531.44
2705.88,30.21,0,0.0,3531.44
2705.88,30.21,0,0.0,3531.44
2705.88,30.21,0,0.0,3531.44
2705.88,30.21,0,0.0,3531.44
2705.88,30.21,0,0.0,3531.44
2705.88,30.21,0,0.0,3531.44
2705.88,30.21,0,0.0,3531.44
2705.88,30.21,0,0.0,3531.44
2705.88,30.21,0,0.0,3531.44
2705.88,30.21,0,0.0,3531.44
2705.88,30.21,0,0.0,3531.44
2705.88,30.21,0,0.0,3531.44
2705.88,30.07,0,0.0,3531.44
2705.88,30.07,0,0.0,3531.44
2705.88,30.07,0,0.0,3531.44
2705.88,30.07,0,0.0,3531.44
2705.88,30.07,0,0.0,3531.44
2705.88,30.07,0,0.0,3531.44
2705.88,30.07,0,0.0,3531.44
2705.88,30.07,0,0.0,3531.44
2705.88,30.07,0,0.0,3531.44
2705.88,30.07,0,0.0,3531.44
2705.88,30.07,0,0.0,3531.44
2705.88,30.26,0,0.0,3531.44
2705.88,30.26,0,0.0,3531.44
2705.88,30.26,0,0.0,3531.44
2705.88,30.26,0,0.0,3531.44
2705.88,30.26,0,0.0,3531.44
2705.88,30.26,0,0.0,3531.44
2705.88,30.26,0,0.0,3531.44
2705.88,30.26,0,0.0,3531.44
2705.88,30.26,0,0.0,3531.44
2705.88,30.21,0,0.0,3531.44
2705.88,30.21,0,0.0,3531.44
2705.88,30.21,0,1.25,3531.44
2705.88,30.21,0,0.0,3531.44
2705.88,30.21,0,0.0,3531.44
2705.88,30.21,0,0.0,3531.44
2705.88,30.21,0,1.2375,3531.44
2705.88,30.21,0,0.0,3531.44
2705.88,30.21,0,0.0,3531.44
2705.88,30.21,0,0.0,3531.44
2705.88,30.16,0,0.0,3531.44
2705.88,30.16,0,0.0,3531.44
2705.88,30.16,0,0.0,3531.44
2705.88,30.16,0,0.0,3531.44
2705.88,30.16,0,0.0,3531.44
2705.88,30.16,0,0.0,3531.44
2705.88,30.16,0,0.0,3531.44
2705.88,30.16,0,0.0,3531.44
2705.88,30.16,0,0.0,3531.44
2705.88,30.12,0,0.0,3531.44
2705.88,30.12,0,0.0,3531.44
2705.88,30.12,0,0.0,3531.44
2705.88,30.12,0,0.0,3531.44
2705.88,30.12,0,0.0,3531.44
2705.88,30.12,0,0.0,3531.44
2705.88,30.12,0,0.0,3531.44
2705.88,30.12,0,0.0,3531.44
2705.88,30.12,0,0.0,3531.44
2705.88,30.12,0,0.0,3531.44
2705.88,30.12,0,0.0,3531.44
2705.88,30.02,0,0.0,3531.44
2705.88,30.02,0,0.0,3531.44
2705.88,30.02,0,0.0,3531.44
2705.88,30.02,0,0.0,3531.44
2705.88,30.02,0,0.0,3531.44
2705.88,30.02,0,0.0,3531.44
2705.88,30.02,0,0.0,3531.44
2705.88,30.02,0,0.0,3531.44
2705.88,30.02,0,0.0,3531.44
2705.88,30.02,0,0.0,3531.44
2705.88,29.97,0,0.0,3531.44
2705.88,29.97,0,0.0,3531.44
2705.88,29.97,0,0.0,3531.44
2705.88,29.97,0,0.0,3531.44
2705.88,29.97,0,0.0,3531.44
2705.88,29.97,0,0.0,3531.44
2705.88,29.97,0,0.0,3531.44
2705.88,29.97,0,1.2375,3531.44
2705.88,29.97,0,0.0,3531.44
2705.88,30.07,0,0.0,3531.44
2705.88,30.07,0,0.0,3531.44
2705.88,30.07,0,0.0,3531.44
2705.88,30.07,0,1.2375,3531.44
2705.88,30.07,0,0.0,3531.44
2705.88,30.07,0,0.0,3531.44
2705.88,30.07,0,0.0,3531.44
2705.88,30.07,0,0.0,3531.44
2705.88,30.07,0,0.0,3531.44
2705.88,30.07,0,0.0,3531.44
2705.88,30.07,0,0.0,3531.44
2705.88,30.12,0,0.0,3531.44
2705.88,30.12,0,0.0,3531.44
2705.88,30.12,0,0.0,3531.44
2705.88,30.12,0,0.0,3531.44
2705.88,30.12,0,0.0,3531.44
2705.88,30.12,0,0.0,3531.44
2705.88,30.12,0,0.0,3531.44
2705.88,30.12,0,0.0,3531.44
2705.88,30.12,0,0.0,3531.44
2705.88,30.12,0,0.0,3531.44
2705.88,30.07,0,0.0,3531.44
2705.88,30.07,0,0.0,3531.44
2705.88,30.07,0,0.0,3531.44
2705.88,30.07,0,0.0,3531.44
2705.88,30.07,0,0.0,3531.44
2705.88,30.07,0,0.0,3531.44
2705.88,30.07,0,0.0,3531.44
2705.88,30.07,0,0.0,3531.44
2705.88,30.07,0,0.0,3531.44
2705.88,30.02,0,0.0,3531.44
2705.88,30.02,0,0.0,3531.44
2705.88,30.02,0,0.0,3531.44
2705.88,30.02,0,0.0,3531.44
2705.88,30.02,0,0.0,3531.44
2705.88,30.02,0,0.0,3531.44
2705.88,30.02,0,0.0,3531.44
2705.88,30.02,0,1.2375,3531.44
2705.88,30.02,0,0.0,3531.44
2705.88,30.02,0,0.0,3531.44
2705.88,29.92,0,0.0,3531.44
2705.88,29.92,0,0.0,3531.44
2705.88,29.92,0,0.0,3531.44
2705.88,29.92,0,0.0,3531.44
2705.88,29.92,0,0.0,3531.44
2705.88,29.92,0,0.0,3531.44
2705.88,29.92,0,0.0,3531.44
2705.88,29.92,0,0.0,3531.44
2705.88,29.92,0,0.0,3531.44
2705.88,29.92,0,0.0,3531.44
2705.88,29.92,0,0.0,3531.44
2705.88,29.92,0,0.0,3531.44
2705.88,29.92,0,0.0,3531.44
2705.88,29.92,0,0.0,3531.44
2705.88,29.92,0,0.0,3531.44
2705.88,29.92,0,0.0,3531.44
2705.88,29.92,0,1.2375,3531.44
2705.88,29.92,0,0.0,3531.44
2705.88,29.92,0,0.0,3531.44
2705.88,29.92,0,0.0,3531.44
2705.88,30.07,0,0.0,3531.44
2705.88,30.07,0,0.0,3531.44
2705.88,30.07,0,0.0,3531.44
2705.88,30.07,0,0.0,3531.44
2705.88,30.07,0,0.0,3531.44
2705.88,30.07,0,0.0,3531.44
2705.88,30.07,0,0.0,3531.44
2705.88,30.07,0,1.25,3531.44
2705.88,30.07,0,0.0,3531.44
2705.88,30.07,0,0.0,3531.44
2705.88,30.12,0,0.0,3531.44
2705.88,30.12,0,0.0,3531.44
2705.88,30.12,0,0.0,3531.44
2705.88,30.12,0,0.0,3531.44
2705.88,30.12,0,0.0,3531.44
2705.88,30.12,0,0.0,3531.44
2705.88,30.12,0,0.0,3531.44
2705.88,30.12,0,0.0,3531.44
2705.88,30.12,0,0.0,3531.44
2705.88,30.12,0,0.0,3531.44
2705.88,30.12,0,0.0,3531.44
2705.88,30.07,0,0.0,3531.44
2705.88,30.07,0,0.0,3531.44
2705.88,30.07,0,0.0,3531.44
2705.88,30.07,0,0.0,3531.44
2705.88,30.07,0,0.0,3531.44
2705.88,30.07,0,0.0,3531.44
2705.88,30.07,0,0.0,3531.44
2705.88,30.07,0,0.0,3531.44
2705.88,30.07,0,0.0,3531.44
2705.88,29.97,0,0.0,3531.44
2705.88,29.97,0,0.0,3531.44
2705.88,29.97,0,0.0,3531.44
2705.88,29.97,0,0.0,3531.44
2705.88,29.97,0,0.0,3531.44
2705.88,29.97,0,0.0,3531.44
2705.88,29.97,0,0.0,3531.44
2705.88,29.97,0,0.0,3531.44
2705.88,29.97,0,0.0,3531.44
2705.88,29.97,0,0.0,3531.44
2705.88,29.87,0,0.0,3531.44
2705.88,29.87,0,0.0,3531.44
2705.88,29.87,0,0.0,3531.44
2705.88,29.87,0,0.0,3531.44
2705.88,29.87,0,0.0,3531.44
2705.88,29.87,0,0.0,3531.44
2705.88,29.87,0,0.0,3531.44
2705.88,29.87,0,1.2375,3531.44
2705.88,29.87,0,0.0,3531.44
2705.88,29.87,0,0.0,3531.44
2705.88,29.87,0,0.0,3531.44
2705.88,30.02,0,0.0,3531.44
2705.88,30.02,0,0.0,3531.44
2705.88,30.02,0,0.0,3531.44
2705.88,30.02,0,0.0,3531.44
2705.88,30.02,0,0.0,3531.44
2705.88,30.02,0,0.0,3531.44
2705.88,30.02,0,0.0,3531.44
2705.88,30.02,0,0.0,3531.44
2705.88,30.02,0,0.0,3531.44
2705.88,30.17,0,0.0,3531.44
2705.88,30.17,0,0.0,3531.44
2705.88,30.17,0,0.0,3531.44
2705.88,30.17,0,0.0,3531.44
2705.88,30.17,0,0.0,3531.44
2705.88,30.17,0,0.0,3531.44
2705.88,30.17,0,0.0,3531.44
2705.88,30.17,0,0.0,3531.44
2705.88,30.17,0,1.2375,3531.44
2705.88,30.17,0,0.0,3531.44
2705.88,30.07,0,0.0,3531.44
2705.88,30.07,0,0.0,3531.44
2705.88,30.07,0,0.0,3531.44
2705.88,30.07,0,0.0,3531.44
2705.88,30.07,0,0.0,3531.44
2705.88,30.07,0,0.0,3531.44
2705.88,30.07,0,0.0,3531.44
2705.88,30.07,0,0.0,3531.44
2705.88,30.07,0,0.0,3531.44
2705.88,30.07,0,0.0,3531.44
2705.88,30.02,0,0.0,3531.44
2705.88,30.02,0,0.0,3531.44
2705.88,30.02,0,0.0,3531.44
2705.88,30.02,0,0.0,3531.44
2705.88,30.02,0,1.2375,3531.44
2705.88,30.02,0,0.0,3531.44
2705.88,30.02,0,0.0,3531.44
2705.88,30.02,0,0.0,3531.44
2705.88,30.02,0,0.0,3531.44
2705.88,30.02,0,0.0,3531.44
2705.88,30.07,0,0.0,3531.44
2705.88,30.07,0,0.0,3531.44
2705.88,30.07,0,0.0,3531.44
2705.88,30.07,0,0.0,3531.44
2705.88,30.07,0,0.0,3531.44
2705.88,30.07,0,0.0,3531.44
2705.88,30.07,0,0.0,3531.44
2705.88,30.07,0,0.0,3531.44
2705.88,30.07,0,0.0,3531.44
2705.88,30.07,0,0.0,3531.44
2705.88,30.07,0,0.0,3531.44
2705.88,30.07,0,0.0,3531.44
2705.88,30.07,0,0.0,3531.44
2705.88,30.07,0,0.0,3531.44
2705.88,30.07,0,0.0,3531.44
2705.88,30.07,0,0.0,3531.44
2705.88,30.07,0,0.0,3531.44
2705.88,30.07,0,0.0,3531.44
2705.88,30.07,0,0.0,3531.44
2705.88,30.07,0,0.0,3531.44
2705.88,30.06,0,0.0,3531.44
2705.88,30.06,0,0.0,3531.44
2705.88,30.06,0,0.0,3531.44
2705.88,30.06,0,1.2375,3531.44
2705.88,30.06,0,0.0,3531.44
2705.88,30.06,0,0.0,3531.44
2705.88,30.06,0,0.0,3531.44
2705.88,30.06,0,0.0,3531.44
2705.88,30.06,0,0.0,3531.44
2705.88,30.06,0,0.0,3531.44
2705.88,30.01,0,0.0,3531.44
2705.88,30.01,0,0.0,3531.44
2705.88,30.01,0,0.0,3531.44
2705.88,30.01,0,1.2375,3531.44
2705.88,30.01,0,0.0,3531.44
2705.88,30.01,0,0.0,3531.44
2705.88,30.01,0,0.0,3531.44
2705.88,30.01,0,0.0,3531.44
2705.88,30.01,0,0.0,3531.44
2705.88,30.01,0,0.0,3531.44
2705.88,29.92,0,0.0,3531.44
2705.88,29.92,0,0.0,3531.44
2705.88,29.92,0,0.0,3531.44
2705.88,29.92,0,0.0,3531.44
2705.88,29.92,0,0.0,3531.44
2705.88,29.92,0,0.0,3531.44
2705.88,29.92,0,0.0,3531.44
2705.88,29.92,0,0.0,3531.44
2705.88,29.92,0,0.0,3531.44
2705.88,29.97,0,0.0,3531.44
2705.88,29.97,0,0.0,3531.44
2705.88,29.97,0,0.0,3531.44
2705.88,29.97,0,0.0,3531.44
2705.88,29.97,0,0.0,3531.44
2705.88,29.97,0,0.0,3531.44
2705.88,29.97,0,0.0,3531.44
2705.88,29.97,0,0.0,3531.44
2705.88,29.97,0,0.0,3531.44
2705.88,29.97,0,0.0,3531.44
2705.88,30.12,0,0.0,3531.44
2705.88,30.12,0,0.0,3531.44
2705.88,30.12,0,0.0,3531.44
2705.88,30.12,0,0.0,3531.44
2705.88,30.12,0,0.0,3531.44
2705.88,30.12,0,0.0,3531.44
2705.88,30.12,0,0.0,3531.44
2705.88,30.12,0,0.0,3531.44
2705.88,30.12,0,0.0,3531.44
2705.88,30.12,0,0.0,3531.44
2705.88,30.12,0,0.0,3531.44
2705.88,30.12,0,0.0,3531.44
2705.88,30.12,0,0.0,3531.44
2705.88,30.12,0,0.0,3531.44
2705.88,30.12,0,0.0,3531.44
2705.88,30.12,0,1.2375,3531.44
2705.88,30.12,0,0.0,3531.44
2705.88,30.12,0,0.0,3531.44
2705.88,30.12,0,0.0,3531.44
2705.88,30.12,0,0.0,3531.44
2705.88,29.97,0,0.0,3531.44
2705.88,29.97,0,0.0,3531.44
2705.88,29.97,0,0.0,3531.44
2705.88,29.97,0,0.0,3531.44
2705.88,29.97,0,0.0,3531.44
2705.88,29.97,0,0.0,3531.44
2705.88,29.97,0,0.0,3531.44
2705.88,29.97,0,1.2375,3531.44
2705.88,29.97,0,0.0,3531.44
2705.88,29.97,0,0.0,3531.44
2705.88,29.87,0,0.0,3531.44
2705.88,29.87,0,0.0,3531.44
2705.88,29.87,0,0.0,3531.44
2705.88,29.87,0,0.0,3531.44
2705.88,29.87,0,0.0,3531.44
2705.88,29.87,0,0.0,3531.44
2705.88,29.87,0,0.0,3531.44
2705.88,29.87,0,0.0,3531.44
2705.88,29.87,0,0.0,3531.44
2705.88,29.87,0,0.0,3531.44
2705.88,29.87,0,0.0,3531.44
2705.88,29.97,0,0.0,3531.44
2705.88,29.97,0,0.0,3531.44
2705.88,29.97,0,0.0,3531.44
2705.88,29.97,0,0.0,3531.44
2705.88,29.97,0,0.0,3531.44
2705.88,29.97,0,0.0,3531.44
2705.88,29.97,0,0.0,3531.44
2705.88,29.97,0,0.0,3531.44
2705.88,29.97,0,0.0,3531.44
2705.88,30.07,0,0.0,3531.44
2705.88,30.07,0,0.0,3531.44
2705.88,30.07,0,0.0,3531.44
2705.88,30.07,0,0.0,3531.44
2705.88,30.07,0,0.0,3531.44
2705.88,30.07,0,0.0,3531.44
2705.88,30.07,0,0.0,3531.44
2705.88,30.07,0,0.0,3531.44
2705.88,30.07,0,0.0,3531.44
2705.88,30.07,0,0.0,3531.44
2705.88,30.02,0,0.0,3531.44
2705.88,30.02,0,0.0,3531.44
2705.88,30.02,0,0.0,3531.44
2705.88,30.02,0,1.25,3531.44
2705.88,30.02,0,0.0,3531.44
2705.88,30.02,0,0.0,3531.44
2705.88,30.02,0,0.0,3531.44
2705.88,30.02,0,0.0,3531.44
2705.88,30.02,0,0.0,3531.44
2705.88,30.02,0,0.0,3531.44
2705.88,29.92,0,0.0,3531.44
2705.88,29.92,0,0.0,3531.44
2705.88,29.92,0,1.2375,3531.44
2705.88,29.92,0,0.0,3531.44
2705.88,29.92,0,0.0,3531.44
2705.88,29.92,0,0.0,3531.44
2705.88,29.92,0,0.0,3531.44
2705.88,29.92,0,0.0,3531.44
2705.88,29.92,0,0.0,3531.44
2705.88,29.92,0,0.0,3531.44
2705.88,29.87,0,0.0,3531.44
2705.88,29.87,0,0.0,3531.44
2705.88,29.87,0,0.0,3531.44
2705.88,29.87,0,0.0,3531.44
2705.88,29.87,0,0.0,3531.44
2705.88,29.87,0,0.0,3531.44
2705.88,29.87,0,0.0,3531.44
2705.88,29.87,0,0.0,3531.44
2705.88,29.87,0,0.0,3531.44
2705.88,29.87,0,0.0,3531.44
2705.88,29.97,0,0.0,3531.44
2705.88,29.97,0,0.0,3531.44
2705.88,29.97,0,0.0,3531.44
2705.88,29.97,0,0.0,3531.44
2705.88,29.97,0,0.0,3531.44
2705.88,29.97,0,0.0,3531.44
2705.88,29.97,0,0.0,3531.44
2705.88,29.97,0,0.0,3531.44
2705.88,29.97,0,0.0,3531.44
2705.88,29.97,0,0.0,3531.44
2705.88,30.07,0,0.0,3531.44
2705.88,30.07,0,0.0,3531.44
2705.88,30.07,0,0.0,3531.44
2705.88,30.07,0,0.0,3531.44
2705.88,30.07,0,0.0,3531.44
2705.88,30.07,0,0.0,3531.44
2705.88,30.07,0,0.0,3531.44
2705.88,30.07,0,0.0,3531.44
2705.88,30.07,0,0.0,3531.44
2705.88,30.07,0,0.0,3531.44
2705.88,30.02,0,0.0,3531.44
2705.88,30.02,0,0.0,3531.44
2705.88,30.02,0,0.0,3531.44
2705.88,30.02,0,0.0,3531.44
2705.88,30.02,0,0.0,3531.44
2705.88,30.02,0,1.25,3531.44
2705.88,30.02,0,0.0,3531.44
2705.88,30.02,0,0.0,3531.44
2705.88,30.02,0,0.0,3531.44
2705.88,30.02,0,0.0,3531.44
2705.88,29.92,0,0.0,3531.44
2705.88,29.92,0,0.0,3531.44
2705.88,29.92,0,0.0,3531.44
2705.88,29.92,0,0.0,3531.44
2705.88,29.92,0,0.0,3531.44
2705.88,29.92,0,0.0,3531.44
2705.88,29.92,0,0.0,3531.44
2705.88,29.92,0,0.0,3531.44
2705.88,29.92,0,0.0,3531.44
2705.88,29.92,0,0.0,3531.44
2705.88,29.87,0,0.0,3531.44
2705.88,29.87,0,0.0,3531.44
2705.88,29.87,0,0.0,3531.44
2705.88,29.87,0,0.0,3531.44
2705.88,29.87,0,1.2375,3531.44
2705.88,29.87,0,0.0,3531.44
2705.88,29.87,0,0.0,3531.44
2705.88,29.87,0,0.0,3531.44
2705.88,29.87,0,0.0,3531.44
2705.88,29.87,0,0.0,3531.44
2705.88,29.97,0,0.0,3531.44
2705.88,29.97,0,0.0,3531.44
2705.88,29.97,0,0.0,3531.44
2705.88,29.97,0,0.0,3531.44
2705.88,29.97,0,1.2375,3531.44
2705.88,29.97,0,0.0,3531.44
2705.88,29.97,0,0.0,3531.44
2705.88,29.97,0,0.0,3531.44
2705.88,29.97,0,0.0,3531.44
2705.88,29.97,0,0.0,3531.44
2705.88,30.02,0,0.0,3531.44
2705.88,30.02,0,0.0,3531.44
2705.88,30.02,0,0.0,3531.44
2705.88,30.02,0,0.0,3531.44
2705.88,30.02,0,0.0,3531.44
2705.88,30.02,0,0.0,3531.44
2705.88,30.02,0,0.0,3531.44
2705.88,30.02,0,0.0,3531.44
2705.88,30.02,0,0.0,3531.44
2705.88,30.02,0,0.0,3531.44
2705.88,30.02,0,0.0,3531.44
2705.88,30.02,0,0.0,3531.44
2705.88,30.02,0,0.0,3531.44
2705.88,30.02,0,0.0,3531.44
2705.88,30.02,0,0.0,3531.44
2705.88,30.02,0,0.0,3531.44
2705.88,30.02,0,0.0,3531.44
2705.88,30.02,0,0.0,3531.44
2705.88,30.02,0,0.0,3531.44
2705.88,29.97,0,0.0,3531.44
2705.88,29.97,0,0.0,3531.44
2705.88,29.97,0,0.0,3531.44
2705.88,29.97,0,0.0,3531.44
2705.88,29.97,0,0.0,3531.44
2705.88,29.97,0,0.0,3531.44
2705.88,29.97,0,0.0,3531.44
2705.88,29.97,0,0.0,3531.44
2705.88,29.97,0,0.0,3531.44
2705.88,29.97,0,0.0,3531.44
2705.88,29.87,0,0.0,3531.44
2705.88,29.87,0,0.0,3531.44
2705.88,29.87,0,1.25,3531.44
2705.88,29.87,0,0.0,3531.44
2705.88,29.87,0,0.0,3531.44
2705.88,29.87,0,0.0,3531.44
2705.88,29.87,0,0.0,3531.44
2705.88,29.87,0,0.0,3531.44
2705.88,29.87,0,0.0,3531.44
2705.88,29.87,0,0.0,3531.44
2705.88,29.92,0,0.0,3531.44
2705.88,29.92,0,1.2375,3531.44
2705.88,29.92,0,0.0,3531.44
2705.88,29.92,0,0.0,3531.44
2705.88,29.92,0,0.0,3531.44
2705.88,29.92,0,0.0,3531.44
2705.88,29.92,0,0.0,3531.44
2705.88,29.92,0,0.0,3531.44
2705.88,29.92,0,0.0,3531.44
2705.88,29.92,0,0.0,3531.44
2705.88,29.92,0,0.0,3531.44
2705.88,29.97,0,0.0,3531.44
2705.88,29.97,0,0.0,3531.44
2705.88,29.97,0,0.0,3531.44
2705.88,29.97,0,0.0,3531.44
2705.88,29.97,0,0.0,3531.44
2705.88,29.97,0,0.0,3531.44
2705.88,29.97,0,0.0,3531.44
2705.88,29.97,0,0.0,3531.44
2705.88,29.97,0,0.0,3531.44
2705.88,29.97,0,0.0,3531.44
2705.88,29.92,0,0.0,3531.44
2705.88,29.92,0,0.0,3531.44
2705.88,29.92,0,0.0,3531.44
2705.88,29.92,0,0.0,3531.44
2705.88,29.92,0,0.0,3531.44
2705.88,29.92,0,0.0,3531.44
2705.88,29.92,0,0.0,3531.44
2705.88,29.92,0,0.0,3531.44
2705.88,29.92,0,0.0,3531.44
2705.88,29.92,0,0.0,3531.44
2705.88,29.92,0,0.0,3531.44
2705.88,29.92,0,0.0,3531.44
2705.88,29.92,0,0.0,3531.44
2705.88,29.92,0,0.0,3531.44
2705.88,29.92,0,0.0,3531.44
2705.88,29.92,0,0.0,3531.44
2705.88,29.92,0,0.0,3531.44
2705.88,29.92,0,0.0,3531.44
2705.88,29.92,0,0.0,3531.44
2705.88,30.02,0,0.0,3531.44
2705.88,30.02,0,0.0,3531.44
2705.88,30.02,0,1.25,3531.44
2705.88,30.02,0,0.0,3531.44
2705.88,30.02,0,0.0,3531.44
2705.88,30.02,0,0.0,3531.44
2705.88,30.02,0,1.25,3531.44
2705.88,30.02,0,0.0,3531.44
2705.88,30.02,0,0.0,3531.44
2705.88,30.02,0,0.0,3531.44
2705.88,30.07,0,0.0,3531.44
2705.88,30.07,0,0.0,3531.44
2705.88,30.07,0,0.0,3531.44
2705.88,30.07,0,0.0,3531.44
2705.88,30.07,0,0.0,3531.44
2705.88,30.07,0,0.0,3531.44
2705.88,30.07,0,0.0,3531.44
2705.88,30.07,0,0.0,3531.44
2705.88,30.07,0,0.0,3531.44
2705.88,30.07,0,0.0,3531.44
2705.88,30.02,0,0.0,3531.44
2705.88,30.02,0,0.0,3531.44
2705.88,30.02,0,0.0,3531.44
2705.88,30.02,0,0.0,3531.44
2705.88,30.02,0,0.0,3531.44
2705.88,30.02,0,0.0,3531.44
2705.88,30.02,0,0.0,3531.44
2705.88,30.02,0,0.0,3531.44
2705.88,30.02,0,0.0,3531.44
2705.88,30.02,0,0.0,3531.44
2705.88,29.92,0,0.0,3531.44
2705.88,29.92,0,0.0,3531.44
2705.88,29.92,0,0.0,3531.44
2705.88,29.92,0,0.0,3531.44
2705.88,29.92,0,0.0,3531.44
2705.88,29.92,0,0.0,3531.44
2705.88,29.92,0,0.0,3531.44
2705.88,29.92,0,0.0,3531.44
2705.88,29.92,0,0.0,3531.44
2705.88,29.92,0,0.0,3531.44
2705.88,29.87,0,0.0,3531.44
2705.88,29.87,0,0.0,3531.44
2705.88,29.87,0,0.0,3531.44
2705.88,29.87,0,0.0,3531.44
2705.88,29.87,0,0.0,3531.44
2705.88,29.87,0,0.0,3531.44
2705.88,29.87,0,0.0,3531.44
2705.88,29.87,0,0.0,3531.44
2705.88,29.87,0,0.0,3531.44
2705.88,29.87,0,0.0,3531.44
2705.88,29.87,0,0.0,3531.44
2705.88,29.97,0,0.0,3531.44
2705.88,29.97,0,1.2375,3531.44
2705.88,29.97,0,0.0,3531.44
2705.88,29.97,0,0.0,3531.44
2705.88,29.97,0,1.25,3531.44
2705.88,29.97,0,0.0,3531.44
2705.88,29.97,0,0.0,3531.44
2705.88,29.97,0,0.0,3531.44
2705.88,29.97,0,0.0,3531.44
2705.88,30.02,0,0.0,3531.44
2705.88,30.02,0,0.0,3531.44
2705.88,30.02,0,0.0,3531.44
2705.88,30.02,0,0.0,3531.44
2705.88,30.02,0,0.0,3531.44
2705.88,30.02,0,0.0,3531.44
2705.88,30.02,0,0.0,3531.44
2705.88,30.02,0,0.0,3531.44
2705.88,30.02,0,0.0,3531.44
2705.88,30.02,0,0.0,3531.44
2705.88,29.97,0,0.0,3531.44
2705.88,29.97,0,0.0,3531.44
2705.88,29.97,0,0.0,3531.44
2705.88,29.97,0,0.0,3531.44
2705.88,29.97,0,0.0,3531.44
2705.88,29.97,0,0.0,3531.44
2705.88,29.97,0,0.0,3531.44
2705.88,29.97,0,0.0,3531.44
2705.88,29.97,0,0.0,3531.44
2705.88,29.97,0,0.0,3531.44
2705.88,29.87,0,0.0,3531.44
2705.88,29.87,0,0.0,3531.44
2705.88,29.87,0,0.0,3531.44
2705.88,29.87,0,0.0,3531.44
2705.88,29.87,0,0.0,3531.44
2705.88,29.87,0,0.0,3531.44
2705.88,29.87,0,0.0,3531.44
2705.88,29.87,0,0.0,3531.44
2705.88,29.87,0,0.0,3531.44
2705.88,29.87,0,0.0,3531.44
2705.88,29.87,0,0.0,3531.44
2705.88,29.87,0,0.0,3531.44
2705.88,29.87,0,0.0,3531.44
2705.88,29.87,0,0.0,3531.44
2705.88,29.87,0,0.0,3531.44
2705.88,29.87,0,0.0,3531.44
2705.88,29.87,0,0.0,3531.44
2705.88,29.87,0,0.0,3531.44
2705.88,29.87,0,0.0,3531.44
2705.88,29.87,0,1.25,3531.44
2705.88,30.02,0,1.2375,3531.44
2705.88,30.02,0,0.0,3531.44
2705.88,30.02,0,0.0,3531.44
2705.88,30.02,0,0.0,3531.44
2705.88,30.02,0,0.0,3531.44
2705.88,30.02,0,0.0,3531.44
2705.88,30.02,0,0.0,3531.44
2705.88,30.02,0,0.0,3531.44
2705.88,30.02,0,0.0,3531.44
2705.88,29.97,0,0.0,3531.44
2705.88,29.97,0,0.0,3531.44
2705.88,29.97,0,0.0,3531.44
2705.88,29.97,0,0.0,3531.44
2705.88,29.97,0,0.0,3531.44
2705.88,29.97,0,0.0,3531.44
2705.88,29.97,0,0.0,3531.44
2705.88,29.97,0,0.0,3531.44
2705.88,29.97,0,0.0,3531.44
2705.88,29.97,0,0.0,3531.44
2705.88,29.82,0,0.0,3531.44
2705.88,29.82,0,0.0,3531.44
2705.88,29.82,0,0.0,3531.44
2705.88,29.82,0,0.0,3531.44
2705.88,29.82,0,0.0,3531.44
2705.88,29.82,0,0.0,3531.44
2705.88,29.82,0,0.0,3531.44
2705.88,29.82,0,0.0,3531.44
2705.88,29.82,0,0.0,3531.44
2705.88,29.82,0,0.0,3531.44
2705.88,29.82,0,0.0,3531.44
2705.88,29.82,0,0.0,3531.44
2705.88,29.82,0,0.0,3531.44
2705.88,29.82,0,0.0,3531.44
2705.88,29.82,0,0.0,3531.44
2705.88,29.82,0,0.0,3531.44
2705.88,29.82,0,0.0,3531.44
2705.88,29.82,0,0.0,3531.44
2705.88,29.82,0,0.0,3531.44
2705.88,29.82,0,0.0,3531.44
2705.88,29.82,0,0.0,3531.44
2705.88,29.92,0,1.2375,3531.44
2705.88,29.92,0,0.0,3531.44
2705.88,29.92,0,0.0,3531.44
2705.88,29.92,0,0.0,3531.44
2705.88,29.92,0,0.0,3531.44
2705.88,29.92,0,0.0,3531.44
2705.88,29.92,0,0.0,3531.44
2705.88,29.92,0,1.25,3531.44
2705.88,29.92,0,0.0,3531.44
2705.88,29.92,0,0.0,3531.44
2705.88,29.97,0,0.0,3531.44
2705.88,29.97,0,0.0,3531.44
2705.88,29.97,0,0.0,3531.44
2705.88,29.97,0,0.0,3531.44
2705.88,29.97,0,0.0,3531.44
2705.88,29.97,0,0.0,3531.44
2705.88,29.97,0,0.0,3531.44
2705.88,29.97,0,0.0,3531.44
2705.88,29.97,0,0.0,3531.44
2705.88,29.97,0,0.0,3531.44
2705.88,30.01,0,0.0,3531.44
2705.88,30.01,0,0.0,3531.44
2705.88,30.01,0,0.0,3531.44
2705.88,30.01,0,0.0,3531.44
2705.88,30.01,0,0.0,3531.44
2705.88,30.01,0,0.0,3531.44
2705.88,30.01,0,0.0,3531.44
2705.88,30.01,0,0.0,3531.44
2705.88,30.01,0,0.0,3531.44
2705.88,29.91,0,0.0,3531.44
2705.88,29.91,0,0.0,3531.44
2705.88,29.91,0,0.0,3531.44
2705.88,29.91,0,0.0,3531.44
2705.88,29.91,0,0.0,3531.44
2705.88,29.91,0,0.0,3531.44
2705.88,29.91,0,0.0,3531.44
2705.88,29.91,0,0.0,3531.44
2705.88,29.91,0,0.0,3531.44
2705.88,29.91,0,0.0,3531.44
2705.88,29.77,0,0.0,3531.44
2705.88,29.77,0,0.0,3531.44
2705.88,29.77,0,0.0,3531.44
2705.88,29.77,0,0.0,3531.44
2705.88,29.77,0,0.0,3531.44
2705.88,29.77,0,0.0,3531.44
2705.88,29.77,0,0.0,3531.44
2705.88,29.77,0,0.0,3531.44
2705.88,29.77,0,0.0,3531.44
2705.88,29.77,0,0.0,3531.44
2705.88,29.87,0,0.0,3531.44
2705.88,29.87,0,0.0,3531.44
2705.88,29.87,0,0.0,3531.44
2705.88,29.87,0,0.0,3531.44
2705.88,29.87,0,1.2375,3531.44
2705.88,29.87,0,0.0,3531.44
2705.88,29.87,0,0.0,3531.44
2705.88,29.87,0,1.2375,3531.44
2705.88,29.87,0,0.0,3531.44
2705.88,29.87,0,0.0,3531.44
2705.88,29.96,0,0.0,3531.44
2705.88,29.96,0,0.0,3531.44
2705.88,29.96,0,0.0,3531.44
2705.88,29.96,0,0.0,3531.44
2705.88,29.96,0,0.0,3531.44
2705.88,29.96,0,0.0,3531.44
2705.88,29.96,0,0.0,3531.44
2705.88,29.96,0,0.0,3531.44
2705.88,29.96,0,0.0,3531.44
2705.88,29.96,0,0.0,3531.44
2705.88,29.91,0,0.0,3531.44
2705.88,29.91,0,0.0,3531.44
2705.88,29.91,0,0.0,3531.44
2705.88,29.91,0,0.0,3531.44
2705.88,29.91,0,0.0,3531.44
2705.88,29.91,0,0.0,3531.44
2705.88,29.91,0,0.0,3531.44
2705.88,29.91,0,0.0,3531.44
2705.88,29.91,0,0.0,3531.44
2705.88,29.91,0,0.0,3531.44
2705.88,29.91,0,0.0,3531.44
2705.88,29.92,0,0.0,3531.44
2705.88,29.92,0,0.0,3531.44
2705.88,29.92,0,0.0,3531.44
2705.88,29.92,0,0.0,3531.44
2705.88,29.92,0,0.0,3531.44
2705.88,29.92,0,0.0,3531.44
2705.88,29.92,0,0.0,3531.44
2705.88,29.92,0,0.0,3531.44
2705.88,29.92,0,0.0,3531.44
2705.88,29.97,0,0.0,3531.44
2705.88,29.97,0,0.0,3531.44
2705.88,29.97,0,0.0,3531.44
2705.88,29.97,0,0.0,3531.44
2705.88,29.97,0,0.0,3531.44
2705.88,29.97,0,0.0,3531.44
2705.88,29.97,0,0.0,3531.44
2705.88,29.97,0,1.2375,3531.44
2705.88,29.97,0,0.0,3531.44
2705.88,29.97,0,0.0,3531.44
2705.88,30.02,0,0.0,3531.44
2705.88,30.02,0,0.0,3531.44
2705.88,30.02,0,0.0,3531.44
2705.88,30.02,0,0.0,3531.44
2705.88,30.02,0,0.0,3531.44
2705.88,30.02,0,0.0,3531.44
2705.88,30.02,0,0.0,3531.44
2705.88,30.02,0,0.0,3531.44
2705.88,30.02,0,0.0,3531.44
2705.88,30.02,0,1.2375,3531.44
2705.88,29.97,0,0.0,3531.44
2705.88,29.97,0,0.0,3531.44
2705.88,29.97,0,0.0,3531.44
2705.88,29.97,0,0.0,3531.44
2705.88,29.97,0,0.0,3531.44
2705.88,29.97,0,0.0,3531.44
2705.88,29.97,0,0.0,3531.44
2705.88,29.97,0,0.0,3531.44
2705.88,29.97,0,0.0,3531.44
2705.88,29.97,0,0.0,3531.44
2705.88,29.82,0,0.0,3531.44
2705.88,29.82,0,0.0,3531.44
2705.88,29.82,0,0.0,3531.44
2705.88,29.82,0,0.0,3531.44
2705.88,29.82,0,0.0,3531.44
2705.88,29.82,0,0.0,3531.44
2705.88,29.82,0,0.0,3531.44
2705.88,29.82,0,0.0,3531.44
2705.88,29.82,0,0.0,3531.44
2705.88,29.82,0,0.0,3531.44
2705.88,29.87,0,0.0,3531.44
2705.88,29.87,0,0.0,3531.44
2705.88,29.87,0,0.0,3531.44
2705.88,29.87,0,0.0,3531.44
2705.88,29.87,0,0.0,3531.44
2705.88,29.87,0,0.0,3531.44
2705.88,29.87,0,1.2375,3531.44
2705.88,29.87,0,0.0,3531.44
2705.88,29.87,0,0.0,3531.44
2705.88,29.97,0,0.0,3531.44
2705.88,29.97,0,0.0,3531.44
2705.88,29.97,0,0.0,3531.44
2705.88,29.97,0,0.0,3531.44
2705.88,29.97,0,0.0,3531.44
2705.88,29.97,0,0.0,3531.44
2705.88,29.97,0,0.0,3531.44
2705.88,29.97,0,0.0,3531.44
2705.88,29.97,0,0.0,3531.44
2705.88,29.97,0,0.0,3531.44
2705.88,29.92,0,0.0,3531.44
2705.88,29.92,0,0.0,3531.44
2705.88,29.92,0,0.0,3531.44
2705.88,29.92,0,0.0,3531.44
2705.88,29.92,0,0.0,3531.44
2705.88,29.92,0,0.0,3531.44
2705.88,29.92,0,0.0,3531.44
2705.88,29.92,0,0.0,3531.44
2705.88,29.92,0,0.0,3531.44
2705.88,29.92,0,0.0,3531.44
2705.88,29.92,0,0.0,3531.44
2705.88,29.88,0,0.0,3531.44
2705.88,29.88,0,0.0,3531.44
2705.88,29.88,0,0.0,3531.44
2705.88,29.88,0,0.0,3531.44
2705.88,29.88,0,0.0,3531.44
2705.88,29.88,0,0.0,3531.44
2705.88,29.88,0,0.0,3531.44
2705.88,29.88,0,0.0,3531.44
2705.88,29.88,0,0.0,3531.44
2705.88,29.88,0,0.0,3531.44
2705.88,29.83,0,0.0,3531.44
2705.88,29.83,0,2.4875,3531.44
2705.88,29.83,0,0.0,3531.44
2705.88,29.83,0,0.0,3531.44
2705.88,29.83,0,0.0,3531.44
2705.88,29.83,0,0.0,3531.44
2705.88,29.83,0,0.0,3531.44
2705.88,29.83,0,0.0,3531.44
2705.88,29.83,0,0.0,3531.44
2705.88,29.83,0,0.0,3531.44
2705.88,29.87,0,0.0,3531.44
2705.88,29.87,0,0.0,3531.44
2705.88,29.87,0,0.0,3531.44
2705.88,29.87,0,0.0,3531.44
2705.88,29.87,0,0.0,3531.44
2705.88,29.87,0,0.0,3531.44
2705.88,29.87,0,0.0,3531.44
2705.88,29.87,0,0.0,3531.44
2705.88,29.87,0,0.0,3531.44
2705.88,29.87,0,0.0,3531.44
2705.88,30.02,0,0.0,3531.44
2705.88,30.02,0,0.0,3531.44
2705.88,30.02,0,0.0,3531.44
2705.88,30.02,0,0.0,3531.44
2705.88,30.02,0,0.0,3531.44
2705.88,30.02,0,0.0,3531.44
2705.88,30.02,0,0.0,3531.44
2705.88,30.02,0,0.0,3531.44
2705.88,30.02,0,0.0,3531.44
2705.88,29.92,0,0.0,3531.44
2705.88,29.92,0,0.0,3531.44
2705.88,29.92,0,0.0,3531.44
2705.88,29.92,0,0.0,3531.44
2705.88,29.92,0,0.0,3531.44
2705.88,29.92,0,0.0,3531.44
2705.88,29.92,0,0.0,3531.44
2705.88,29.92,0,0.0,3531.44
2705.88,29.92,0,0.0,3531.44
2705.88,29.92,0,0.0,3531.44
2705.88,29.77,0,0.0,3531.44
2705.88,29.77,0,0.0,3531.44
2705.88,29.77,0,0.0,3531.44
2705.88,29.77,0,0.0,3531.44
2705.88,29.77,0,0.0,3531.44
2705.88,29.77,0,0.0,3531.44
2705.88,29.77,0,0.0,3531.44
2705.88,29.77,0,1.2375,3531.44
2705.88,29.77,0,0.0,3531.44
2705.88,29.77,0,0.0,3531.44
2705.88,29.87,0,0.0,3531.44
2705.88,29.87,0,0.0,3531.44
2705.88,29.87,0,1.2375,3531.44
2705.88,29.87,0,0.0,3531.44
2705.88,29.87,0,0.0,3531.44
2705.88,29.87,0,0.0,3531.44
2705.88,29.87,0,0.0,3531.44
2705.88,29.87,0,0.0,3531.44
2705.88,29.87,0,0.0,3531.44
2705.88,29.87,0,0.0,3531.44
2705.88,29.97,0,0.0,3531.44
2705.88,29.97,0,0.0,3531.44
2705.88,29.97,0,0.0,3531.44
2705.88,29.97,0,0.0,3531.44
2705.88,29.97,0,0.0,3531.44
2705.88,29.97,0,0.0,3531.44
2705.88,29.97,0,0.0,3531.44
2705.88,29.97,0,0.0,3531.44
2705.88,29.97,0,0.0,3531.44
2705.88,29.97,0,0.0,3531.44
2705.88,29.97,0,0.0,3531.44
2705.88,29.92,0,0.0,3531.44
2705.88,29.92,0,0.0,3531.44
2705.88,29.92,0,0.0,3531.44
2705.88,29.92,0,0.0,3531.44
2705.88,29.92,0,0.0,3531.44
2705.88,29.92,0,0.0,3531.44
2705.88,29.92,0,0.0,3531.44
2705.88,29.92,0,0.0,3531.44
2705.88,29.92,0,0.0,3531.44
2705.88,29.92,0,1.2375,3531.44
2705.88,30.07,0,0.0,3531.44
2705.88,30.07,0,0.0,3531.44
2705.88,30.07,0,0.0,3531.44
2705.88,30.07,0,0.0,3531.44
2705.88,30.07,0,0.0,3531.44
2705.88,30.07,0,0.0,3531.44
2705.88,30.07,0,0.0,3531.44
2705.88,30.07,0,0.0,3531.44
2705.88,30.07,0,0.0,3531.44
2705.88,30.01,0,0.0,3531.44
2705.88,30.01,0,0.0,3531.44
2705.88,30.01,0,0.0,3531.44
2705.88,30.01,0,0.0,3531.44
2705.88,30.01,0,0.0,3531.44
2705.88,30.01,0,0.0,3531.44
2705.88,30.01,0,0.0,3531.44
2705.88,30.01,0,0.0,3531.44
2705.88,30.01,0,0.0,3531.44
2705.88,30.01,0,0.0,3531.44
2705.88,29.96,0,0.0,3531.44
2705.88,29.96,0,0.0,3531.44
2705.88,29.96,0,0.0,3531.44
2705.88,29.96,0,0.0,3531.44
2705.88,29.96,0,0.0,3531.44
2705.88,29.96,0,0.0,3531.44
2705.88,29.96,0,0.0,3531.44
2705.88,29.96,0,0.0,3531.44
2705.88,29.96,0,0.0,3531.44
2705.88,29.96,0,0.0,3531.44
2705.88,29.92,0,0.0,3531.44
2705.88,29.92,0,1.2375,3531.44
2705.88,29.92,0,0.0,3531.44
2705.88,29.92,0,0.0,3531.44
2705.88,29.92,0,0.0,3531.44
2705.88,29.92,0,0.0,3531.44
2705.88,29.92,0,0.0,3531.44
2705.88,29.92,0,0.0,3531.44
2705.88,29.92,0,0.0,3531.44
2705.88,29.92,0,0.0,3531.44
2705.88,29.82,0,0.0,3531.44
2705.88,29.82,0,0.0,3531.44
2705.88,29.82,0,0.0,3531.44
2705.88,29.82,0,0.0,3531.44
2705.88,29.82,0,0.0,3531.44
2705.88,29.82,0,0.0,3531.44
2705.88,29.82,0,0.0,3531.44
2705.88,29.82,0,0.0,3531.44
2705.88,29.82,0,0.0,3531.44
2705.88,29.82,0,0.0,3531.44
2705.88,29.77,0,0.0,3531.44
2705.88,29.77,0,0.0,3531.44
2705.88,29.77,0,0.0,3531.44
2705.88,29.77,0,0.0,3531.44
2705.88,29.77,0,0.0,3531.44
2705.88,29.77,0,0.0,3531.44
2705.88,29.77,0,1.2375,3531.44
2705.88,29.77,0,0.0,3531.44
2705.88,29.77,0,0.0,3531.44
2705.88,29.87,0,0.0,3531.44
2705.88,29.87,0,0.0,3531.44
2705.88,29.87,0,1.2375,3531.44
2705.88,29.87,0,0.0,3531.44
2705.88,29.87,0,0.0,3531.44
2705.88,29.87,0,0.0,3531.44
2705.88,29.87,0,0.0,3531.44
2705.88,29.87,0,0.0,3531.44
2705.88,29.87,0,0.0,3531.44
2705.88,29.87,0,0.0,3531.44
2705.88,29.87,0,0.0,3531.44
2705.88,29.92,0,0.0,3531.44
2705.88,29.92,0,0.0,3531.44
2705.88,29.92,0,0.0,3531.44
2705.88,29.92,0,0.0,3531.44
2705.88,29.92,0,0.0,3531.44
2705.88,29.92,0,0.0,3531.44
2705.88,29.92,0,0.0,3531.44
2705.88,29.92,0,0.0,3531.44
2705.88,29.92,0,0.0,3531.44
2705.88,29.92,0,0.0,3531.44
2705.88,29.82,0,0.0,3531.44
2705.88,29.82,0,0.0,3531.44
2705.88,29.82,0,0.0,3531.44
2705.88,29.82,0,0.0,3531.44
2705.88,29.82,0,0.0,3531.44
2705.88,29.82,0,0.0,3531.44
2705.88,29.82,0,0.0,3531.44
2705.88,29.82,0,0.0,3531.44
2705.88,29.82,0,0.0,3531.44
2705.88,29.82,0,0.0,3531.44
2705.88,29.77,0,0.0,3531.44
2705.88,29.77,0,0.0,3531.44
2705.88,29.77,0,0.0,3531.44
2705.88,29.77,0,1.2375,3531.44
2705.88,29.77,0,0.0,3531.44
2705.88,29.77,0,0.0,3531.44
2705.88,29.77,0,0.0,3531.44
2705.88,29.77,0,0.0,3531.44
2705.88,29.77,0,0.0,3531.44
2705.88,29.77,0,0.0,3531.44
2705.88,29.87,0,0.0,3531.44
2705.88,29.87,0,0.0,3531.44
2705.88,29.87,0,0.0,3531.44
2705.88,29.87,0,0.0,3531.44
2705.88,29.87,0,0.0,3531.44
2705.88,29.87,0,0.0,3531.44
2705.88,29.87,0,0.0,3531.44
2705.88,29.87,0,0.0,3531.44
2705.88,29.87,0,0.0,3531.44
2705.88,29.87,0,0.0,3531.44
2705.88,29.97,0,1.25,3531.44
2705.88,29.97,0,0.0,3531.44
2705.88,29.97,0,0.0,3531.44
2705.88,29.97,0,0.0,3531.44
2705.88,29.97,0,0.0,3531.44
2705.88,29.97,0,0.0,3531.44
2705.88,29.97,0,0.0,3531.44
2705.88,29.97,0,0.0,3531.44
2705.88,29.97,0,0.0,3531.44
2705.88,29.87,0,0.0,3531.44
2705.88,29.87,0,0.0,3531.44
2705.88,29.87,0,0.0,3531.44
2705.88,29.87,0,0.0,3531.44
2705.88,29.87,0,0.0,3531.44
2705.88,29.87,0,0.0,3531.44
2705.88,29.87,0,0.0,3531.44
2705.88,29.87,0,0.0,3531.44
2705.88,29.87,0,0.0,3531.44
2705.88,29.87,0,0.0,3531.44
2705.88,29.82,0,0.0,3531.44
2705.88,29.82,0,0.0,3531.44
2705.88,29.82,0,0.0,3531.44
2705.88,29.82,0,0.0,3531.44
2705.88,29.82,0,0.0,3531.44
2705.88,29.82,0,0.0,3531.44
2705.88,29.82,0,0.0,3531.44
2705.88,29.82,0,0.0,3531.44
2705.88,29.82,0,1.25,3531.44
2705.88,29.82,0,0.0,3531.44
2705.88,29.87,0,0.0,3531.44
2705.88,29.87,0,0.0,3531.44
2705.88,29.87,0,0.0,3531.44
2705.88,29.87,0,0.0,3531.44
2705.88,29.87,0,0.0,3531.44
2705.88,29.87,0,0.0,3531.44
2705.88,29.87,0,0.0,3531.44
2705.88,29.87,0,0.0,3531.44
2705.88,29.87,0,0.0,3531.44
2705.88,29.87,0,0.0,3531.44
2705.88,29.87,0,0.0,3531.44
2705.88,29.92,0,0.0,3531.44
2705.88,29.92,0,0.0,3531.44
2705.88,29.92,0,0.0,3531.44
2705.88,29.92,0,0.0,3531.44
2705.88,29.92,0,0.0,3531.44
2705.88,29.92,0,0.0,3531.44
2705.88,29.92,0,0.0,3531.44
2705.88,29.92,0,0.0,3531.44
2705.88,29.92,0,0.0,3531.44
2705.88,29.92,0,0.0,3531.44
2705.88,29.97,0,0.0,3531.44
2705.88,29.97,0,0.0,3531.44
2705.88,29.97,0,0.0,3531.44
2705.88,29.97,0,0.0,3531.44
2705.88,29.97,0,0.0,3531.44
2705.88,29.97,0,0.0,3531.44
2705.88,29.97,0,0.0,3531.44
2705.88,29.97,0,0.0,3531.44
2705.88,29.97,0,0.0,3531.44
2705.88,29.87,0,0.0,3531.44
2705.88,29.87,0,0.0,3531.44
2705.88,29.87,0,0.0,3531.44
2705.88,29.87,0,1.2375,3531.44
2705.88,29.87,0,0.0,3531.44
2705.88,29.87,0,0.0,3531.44
2705.88,29.87,0,0.0,3531.44
2705.88,29.87,0,0.0,3531.44
2705.88,29.87,0,0.0,3531.44
2705.88,29.87,0,0.0,3531.44
2705.88,29.77,0,1.25,3531.44
2705.88,29.77,0,0.0,3531.44
2705.88,29.77,0,0.0,3531.44
2705.88,29.77,0,0.0,3531.44
2705.88,29.77,0,0.0,3531.44
2705.88,29.77,0,0.0,3531.44
2705.88,29.77,0,0.0,3531.44
2705.88,29.77,0,0.0,3531.44
2705.88,29.77,0,0.0,3531.44
2705.88,29.77,0,0.0,3531.44
2705.88,29.82,0,0.0,3531.44
2705.88,29.82,0,0.0,3531.44
2705.88,29.82,0,0.0,3531.44
2705.88,29.82,0,0.0,3531.44
2705.88,29.82,0,0.0,3531.44
2705.88,29.82,0,0.0,3531.44
2705.88,29.82,0,0.0,3531.44
2705.88,29.82,0,0.0,3531.44
2705.88,29.82,0,0.0,3531.44
2705.88,29.82,0,0.0,3531.44
2705.88,29.87,0,0.0,3531.44
2705.88,29.87,0,0.0,3531.44
2705.88,29.87,0,0.0,3531.44
2705.88,29.87,0,0.0,3531.44
2705.88,29.87,0,0.0,3531.44
2705.88,29.87,0,0.0,3531.44
2705.88,29.87,0,0.0,3531.44
2705.88,29.87,0,0.0,3531.44
2705.88,29.87,0,1.2375,3531.44
2705.88,29.87,0,0.0,3531.44
2705.88,29.81,0,0.0,3531.56
2705.88,29.81,0,0.0,3531.56
2705.88,29.81,0,0.0,3531.56
2705.88,29.81,0,0.0,3531.56
2705.88,29.81,0,0.0,3531.56
2705.88,29.81,0,0.0,3531.56
2705.88,29.81,0,0.0,3531.56
2705.88,29.81,0,0.0,3531.56
2705.88,29.81,0,0.0,3531.56
2705.88,29.77,0,0.0,3531.56
2705.88,29.77,0,0.0,3531.56
2705.88,29.77,0,0.0,3531.56
2705.88,29.77,0,0.0,3531.56
2705.88,29.77,0,0.0,3531.56
2705.88,29.77,0,0.0,3531.56
2705.88,29.77,0,0.0,3531.56
2705.88,29.77,0,0.0,3531.56
2705.88,29.77,0,0.0,3531.56
2705.88,29.77,0,0.0,3531.56
2705.88,29.77,0,0.0,3531.56
2705.88,29.82,0,0.0,3531.56
2705.88,29.82,0,0.0,3531.56
2705.88,29.82,0,0.0,3531.56
2705.88,29.82,0,0.0,3531.56
2705.88,29.82,0,0.0,3531.56
2705.88,29.82,0,0.0,3531.56
2705.88,29.82,0,0.0,3531.56
2705.88,29.82,0,1.25,3531.56
2705.88,29.82,0,0.0,3531.56
2705.88,29.82,0,0.0,3531.56
2705.88,29.87,0,0.0,3531.56
2705.88,29.87,0,0.0,3531.56
2705.88,29.87,0,0.0,3531.56
2705.88,29.87,0,0.0,3531.56
2705.88,29.87,0,0.0,3531.56
2705.88,29.87,0,0.0,3531.56
2705.88,29.87,0,0.0,3531.56
2705.88,29.87,0,0.0,3531.56
2705.88,29.87,0,0.0,3531.56
2705.88,29.87,0,1.2375,3531.56
2705.88,29.82,0,0.0,3531.56
2705.88,29.82,0,0.0,3531.56
2705.88,29.82,0,0.0,3531.56
2705.88,29.82,0,0.0,3531.56
2705.88,29.82,0,0.0,3531.56
2705.88,29.82,0,0.0,3531.56
2705.88,29.82,0,0.0,3531.56
2705.88,29.82,0,0.0,3531.56
2705.88,29.82,0,0.0,3531.56
2705.88,29.82,0,0.0,3531.56
2705.88,29.77,0,0.0,3531.56
2705.88,29.77,0,0.0,3531.56
2705.88,29.77,0,0.0,3531.56
2705.88,29.77,0,0.0,3531.56
2705.88,29.77,0,0.0,3531.56
2705.88,29.77,0,0.0,3531.56
2705.88,29.77,0,0.0,3531.56
2705.88,29.77,0,0.0,3531.56
2705.88,29.77,0,0.0,3531.56
2705.88,29.77,0,0.0,3531.56
2705.88,29.92,0,0.0,3531.56
2705.88,29.92,0,0.0,3531.56
2705.88,29.92,0,0.0,3531.56
2705.88,29.92,0,0.0,3531.56
2705.88,29.92,0,0.0,3531.56
2705.88,29.92,0,0.0,3531.56
2705.88,29.92,0,1.2375,3531.56
2705.88,29.92,0,0.0,3531.56
2705.88,29.92,0,0.0,3531.56
2705.88,29.97,0,0.0,3531.56
2705.88,29.97,0,0.0,3531.56
2705.88,29.97,0,0.0,3531.56
2705.88,29.97,0,0.0,3531.56
2705.88,29.97,0,0.0,3531.56
2705.88,29.97,0,0.0,3531.56
2705.88,29.97,0,0.0,3531.56
2705.88,29.97,0,0.0,3531.56
2705.88,29.97,0,0.0,3531.56
2705.88,29.97,0,0.0,3531.56
2705.88,29.82,0,0.0,3531.56
2705.88,29.82,0,0.0,3531.56
2705.88,29.82,0,0.0,3531.56
2705.88,29.82,0,1.2375,3531.56
2705.88,29.82,0,0.0,3531.56
2705.88,29.82,0,0.0,3531.56
2705.88,29.82,0,0.0,3531.56
2705.88,29.82,0,0.0,3531.56
2705.88,29.82,0,0.0,3531.56
2705.88,29.82,0,0.0,3531.56
2705.88,29.72,0,0.0,3531.56
2705.88,29.72,0,0.0,3531.56
2705.88,29.72,0,0.0,3531.56
2705.88,29.72,0,0.0,3531.56
2705.88,29.72,0,0.0,3531.56
2705.88,29.72,0,0.0,3531.56
2705.88,29.72,0,0.0,3531.56
2705.88,29.72,0,0.0,3531.56
2705.88,29.72,0,0.0,3531.56
2705.88,29.72,0,0.0,3531.56
2705.88,29.72,0,0.0,3531.56
2705.88,29.77,0,0.0,3531.56
2705.88,29.77,0,0.0,3531.56
2705.88,29.77,0,0.0,3531.56
2705.88,29.77,0,0.0,3531.56
2705.88,29.77,0,0.0,3531.56
2705.88,29.77,0,0.0,3531.56
2705.88,29.77,0,0.0,3531.56
2705.88,29.77,0,0.0,3531.56
2705.88,29.77,0,0.0,3531.56
2705.88,29.77,0,0.0,3531.56
2705.88,29.92,0,0.0,3531.56
2705.88,29.92,0,0.0,3531.56
2705.88,29.92,0,0.0,3531.56
2705.88,29.92,0,0.0,3531.56
2705.88,29.92,0,0.0,3531.56
2705.88,29.92,0,0.0,3531.56
2705.88,29.92,0,0.0,3531.56
2705.88,29.92,0,0.0,3531.56
2705.88,29.92,0,0.0,3531.56
2705.88,29.87,0,0.0,3531.56
2705.88,29.87,0,0.0,3531.56
2705.88,29.87,0,0.0,3531.56
2705.88,29.87,0,0.0,3531.56
2705.88,29.87,0,1.2375,3531.56
2705.88,29.87,0,0.0,3531.56
2705.88,29.87,0,1.2375,3531.56
2705.88,29.87,0,0.0,3531.56
2705.88,29.87,0,0.0,3531.56
2705.88,29.87,0,0.0,3531.56
2705.88,29.77,0,0.0,3531.56
2705.88,29.77,0,0.0,3531.56
2705.88,29.77,0,0.0,3531.56
2705.88,29.77,0,0.0,3531.56
2705.88,29.77,0,0.0,3531.56
2705.88,29.77,0,0.0,3531.56
2705.88,29.77,0,0.0,3531.56
2705.88,29.77,0,0.0,3531.56
2705.88,29.77,0,0.0,3531.56
2705.88,29.77,0,0.0,3531.56
2705.88,29.82,0,0.0,3531.56
2705.88,29.82,0,0.0,3531.56
2705.88,29.82,0,0.0,3531.56
2705.88,29.82,0,0.0,3531.56
2705.88,29.82,0,0.0,3531.56
2705.88,29.82,0,0.0,3531.56
2705.88,29.82,0,0.0,3531.56
2705.88,29.82,0,0.0,3531.56
2705.88,29.82,0,0.0,3531.56
2705.88,29.82,0,0.0,3531.56
2705.88,29.87,0,0.0,3531.56
2705.88,29.87,0,0.0,3531.56
2705.88,29.87,0,0.0,3531.56
2705.88,29.87,0,0.0,3531.56
2705.88,29.87,0,0.0,3531.56
2705.88,29.87,0,0.0,3531.56
2705.88,29.87,0,0.0,3531.56
2705.88,29.87,0,0.0,3531.56
2705.88,29.87,0,0.0,3531.56
2705.88,29.87,0,0.0,3531.56
2705.88,29.87,0,1.2375,3531.56
2705.88,29.87,0,0.0,3531.56
2705.88,29.87,0,0.0,3531.56
2705.88,29.87,0,0.0,3531.56
2705.88,29.87,0,0.0,3531.56
2705.88,29.87,0,0.0,3531.56
2705.88,29.87,0,0.0,3531.56
2705.88,29.87,0,0.0,3531.56
2705.88,29.87,0,0.0,3531.56
2705.88,29.87,0,0.0,3531.56
2705.88,29.77,0,0.0,3531.56
2705.88,29.77,0,0.0,3531.56
2705.88,29.77,0,0.0,3531.56
2705.88,29.77,0,0.0,3531.56
2705.88,29.77,0,0.0,3531.56
2705.88,29.77,0,0.0,3531.56
2705.88,29.77,0,0.0,3531.56
2705.88,29.77,0,0.0,3531.56
2705.88,29.77,0,0.0,3531.56
2705.88,29.77,0,0.0,3531.56
2705.88,29.72,0,0.0,3531.56
2705.88,29.72,0,0.0,3531.56
2705.88,29.72,0,1.2375,3531.56
2705.88,29.72,0,0.0,3531.56
2705.88,29.72,0,0.0,3531.56
2705.88,29.72,0,0.0,3531.56
2705.88,29.72,0,0.0,3531.56
2705.88,29.72,0,0.0,3531.56
2705.88,29.72,0,0.0,3531.56
2705.88,29.72,0,0.0,3531.56
2705.88,29.87,0,0.0,3531.56
2705.88,29.87,0,0.0,3531.56
2705.88,29.87,0,0.0,3531.56
2705.88,29.87,0,0.0,3531.56
2705.88,29.87,0,0.0,3531.56
2705.88,29.87,0,0.0,3531.56
2705.88,29.87,0,0.0,3531.56
2705.88,29.87,0,0.0,3531.56
2705.88,29.87,0,0.0,3531.56
2705.88,29.87,0,0.0,3531.56
2705.88,29.92,0,0.0,3531.56
2705.88,29.92,0,0.0,3531.56
2705.88,29.92,0,0.0,3531.56
2705.88,29.92,0,0.0,3531.56
2705.88,29.92,0,0.0,3531.56
2705.88,29.92,0,0.0,3531.56
2705.88,29.92,0,0.0,3531.56
2705.88,29.92,0,0.0,3531.56
2705.88,29.92,0,0.0,3531.56
2705.88,29.92,0,0.0,3531.56
2705.88,29.82,0,1.2375,3531.56
2705.88,29.82,0,0.0,3531.56
2705.88,29.82,0,0.0,3531.56
2705.88,29.82,0,0.0,3531.56
2705.88,29.82,0,0.0,3531.56
2705.88,29.82,0,0.0,3531.56
2705.88,29.82,0,0.0,3531.56
2705.88,29.82,0,0.0,3531.56
2705.88,29.82,0,0.0,3531.56
2705.88,29.82,0,0.0,3531.56
2705.88,29.82,0,0.0,3531.56
2705.88,29.82,0,0.0,3531.56
2705.88,29.82,0,0.0,3531.56
2705.88,29.82,0,0.0,3531.56
2705.88,29.82,0,0.0,3531.56
2705.88,29.82,0,0.0,3531.56
2705.88,29.82,0,0.0,3531.56
2705.88,29.82,0,0.0,3531.56
2705.88,29.82,0,0.0,3531.56
2705.88,29.87,0,0.0,3531.56
2705.88,29.87,0,0.0,3531.56
2705.88,29.87,0,0.0,3531.56
2705.88,29.87,0,0.0,3531.56
2705.88,29.87,0,0.0,3531.56
2705.88,29.87,0,0.0,3531.56
2705.88,29.87,0,0.0,3531.56
2705.88,29.87,0,0.0,3531.56
2705.88,29.87,0,0.0,3531.56
2705.88,29.87,0,0.0,3531.56
2705.88,29.87,0,0.0,3531.56
2705.88,29.87,0,1.2375,3531.56
2705.88,29.87,0,0.0,3531.56
2705.88,29.87,0,0.0,3531.56
2705.88,29.87,0,1.25,3531.56
2705.88,29.87,0,0.0,3531.56
2705.88,29.87,0,0.0,3531.56
2705.88,29.87,0,0.0,3531.56
2705.88,29.87,0,1.2,3531.56
2705.88,38.33,0,0.0,3531.69
2705.88,39.9,20,1.2375,3531.69
2705.88,52.02,20,0.0,3531.69
2705.88,52.02,88,0.0,3531.69
2705.88,53.73,88,0.0,3531.69
2705.88,55.27,89,1.2375,3531.69
2705.88,56.68,89,0.0,3531.69
2705.88,57.57,87,0.0,3531.69
2705.88,58.67,87,0.0,3531.69
2705.88,60.34,88,1.2125,3531.69
2705.88,73.1,88,0.0,3531.69
2705.88,70.47,88,2.4375,3531.69
2705.88,70.55,88,0.0,3531.69
2705.88,70.39,83,0.0,3531.69
2705.88,70.66,83,0.0,3531.69
2705.88,70.42,87,1.225,3531.69
2705.88,70.47,89,0.0,3531.69
2705.88,70.87,89,0.0,3531.69
2705.88,70.92,89,0.0,3531.69
2705.88,70.68,88,1.225,3531.69
2705.88,70.46,88,0.0,3531.69
2705.88,70.59,90,0.0,3531.69
2705.88,72.62,90,2.45,3531.69
2705.88,73.78,90,0.0,3531.69
2705.88,73.24,90,0.0,3531.69
2705.88,73.38,86,0.0,3531.69
2705.88,73.69,92,1.225,3531.69
2705.88,73.52,92,0.0,3531.69
2705.88,73.75,91,0.0,3531.69
2705.88,73.53,91,0.0,3531.69
2705.88,73.27,91,1.2125,3531.69
2705.88,73.34,91,0.0,3531.69
2705.88,73.65,91,0.0,3531.69
2705.88,73.43,83,1.2125,3531.69
2705.88,69.6,83,1.2125,3531.69
2705.88,70.09,93,0.0,3531.69
2705.88,69.72,93,0.0,3531.69
2705.88,69.78,93,0.0,3531.69
2705.88,69.34,91,1.2375,3531.69
2705.88,69.18,91,0.0,3531.69
2705.88,69.25,92,0.0,3531.69
2705.88,69.48,90,0.0,3531.69
2705.88,69.1,90,0.0,3531.69
2705.88,69.1,91,0.0,3531.69
2705.88,72.2,91,1.2375,3531.69
2705.88,72.2,87,0.0,3531.69
2705.88,72.72,87,1.225,3531.69
2705.88,72.08,92,0.0,3531.69
2705.88,72.64,92,0.0,3531.69
2705.88,72.74,91,0.0,3531.69
2705.88,72.93,91,0.0,3531.69
2705.88,72.89,91,1.2125,3531.69
2705.88,72.97,91,0.0,3531.69
2705.88,73.15,90,0.0,3531.69
2705.88,73.15,90,0.0,3531.69
2705.88,72.39,91,1.2125,3531.69
2705.88,72.05,91,2.425,3531.69
2705.88,72.43,87,0.0,3531.69
2705.88,72.85,87,0.0,3531.69
2705.88,71.62,98,1.2125,3531.69
2705.88,71.34,98,0.0,3531.69
2705.88,71.01,91,0.0,3531.69
2705.88,71.13,91,1.2125,3531.69
2705.88,71.18,91,0.0,3531.69
2705.88,71.04,91,0.0,3531.69
2705.88,70.95,93,0.0,3531.69
2705.88,71.69,93,1.2125,3531.69
2705.88,71.74,92,0.0,3531.69
2705.88,71.73,92,0.0,3531.69
2705.88,71.04,91,1.2125,3531.69
2705.88,72.31,91,1.2125,3531.69
2705.88,72.61,86,0.0,3531.69
2705.88,72.39,86,0.0,3531.69
2705.88,72.32,91,1.225,3531.69
2705.88,72.52,91,0.0,3531.69
2705.88,72.56,91,0.0,3531.69
2705.88,72.45,91,0.0,3531.69
2705.88,72.79,91,1.2125,3531.69
2705.88,72.7,91,0.0,3531.69
2705.88,72.19,91,0.0,3531.69
2705.88,72.87,91,1.2125,3531.69
2705.88,72.31,92,2.425,3531.69
2705.88,73.37,92,0.0,3531.69
2705.88,72.97,84,0.0,3531.69
2705.88,73.16,84,0.0,3531.69
2705.88,73.22,91,1.2125,3531.69
2705.88,73.22,91,0.0,3531.69
2705.88,73.34,91,0.0,3531.69
2705.88,73.05,91,1.2125,3531.69
2705.88,73.09,91,0.0,3531.69
2705.88,73.62,91,0.0,3531.69
2705.88,73.27,91,1.2125,3531.69
2705.88,73.19,91,1.2125,3531.69
2705.88,69.03,85,0.0,3531.69
2705.88,69.45,93,0.0,3531.69
2705.88,69.22,93,1.2125,3531.69
2705.88,69.38,91,0.0,3531.69
2705.88,69.73,91,0.0,3531.69
2705.88,69.96,91,0.0,3531.69
2705.88,70.23,91,1.2125,3531.69
2705.88,69.82,91,0.0,3531.69
2705.88,69.64,91,0.0,3531.69
2705.88,69.66,91,1.2125,3531.69
2705.88,72.27,91,1.2125,3531.69
2705.88,73.54,86,0.0,3531.69
2705.88,73.54,86,0.0,3531.69
2705.88,73.09,92,1.175,3531.69
2705.88,73.06,92,0.0,3531.69
2705.88,73.1,92,0.0,3531.69
2705.88,73.49,92,1.2125,3531.69
2705.88,73.54,89,0.0,3531.69
2705.88,73.55,89,0.0,3531.69
2705.88,73.71,85,1.2125,3531.69
2705.88,73.44,85,0.0,3531.69
2705.88,72.31,85,1.2125,3531.69
2705.88,73.6,79,1.2125,3531.69
2705.88,72.99,79,0.0,3531.69
2705.88,73.07,85,1.2125,3531.69
2705.88,73.04,85,1.2125,3531.69
2705.88,73.07,88,0.0,3531.69
2705.88,73.14,88,0.0,3531.69
2705.88,73.35,88,1.2125,3531.69
2705.88,72.96,88,0.0,3531.69
2705.88,72.8,89,0.0,3531.69
2705.88,72.92,89,1.2125,3531.69
2705.88,72.34,89,0.0,3531.69
2705.88,68.95,89,1.2125,3531.69
2705.88,69.13,84,1.2,3531.69
2705.88,68.68,84,0.0,3531.69
2705.88,68.75,89,0.0,3531.69
2705.88,69.08,89,1.2125,3531.69
2705.88,69.16,89,0.0,3531.69
2705.88,68.94,89,0.0,3531.69
2705.88,69.44,89,0.0,3531.69
2705.88,69.74,89,1.2125,3531.69
2705.88,69.82,89,0.0,3531.69
2705.88,70.09,89,0.0,3531.69
2705.88,72.47,90,1.2375,3531.69
2705.88,73.99,90,1.175,3531.69
2705.88,73.95,86,0.0,3531.69
2705.88,72.53,86,0.0,3531.69
2705.88,72.23,94,1.2125,3531.69
2705.88,72.05,94,0.0,3531.69
2705.88,72.16,91,0.0,3531.69
2705.88,72.01,92,0.0,3531.69
2705.88,72.04,92,1.2125,3531.69
2705.88,71.96,92,0.0,3531.69
2705.88,72.5,91,0.0,3531.69
2705.88,71.34,92,1.2125,3531.69
2705.88,71.34,92,0.0,3531.69
2705.88,71.76,82,1.2125,3531.69
2705.88,71.04,82,0.0,3531.69
2705.88,70.19,94,1.2375,3531.69
2705.88,70.28,94,0.0,3531.69
2705.88,70.29,91,1.2375,3531.69
2705.88,70.12,91,0.0,3531.69
2705.88,70.49,90,0.0,3531.69
2705.88,70.4,90,0.0,3531.69
2705.88,69.82,91,0.0,3531.69
2705.88,69.68,91,0.0,3531.69
2705.88,69.35,92,1.25,3531.69
2705.88,69.67,92,1.25,3531.69
2705.88,70.36,85,0.0,3531.69
2705.88,70.17,85,0.0,3531.69
2705.88,70.52,90,1.2375,3531.69
2705.88,70.51,90,0.0,3531.69
2705.88,70.8,91,0.0,3531.69
2705.88,70.31,91,1.2375,3531.69
2705.88,70.42,91,0.0,3531.69
2705.88,71.02,91,0.0,3531.69
2705.88,70.56,91,0.0,3531.69
2705.88,70.64,91,1.2375,3531.69
2705.88,71.9,92,1.2375,3531.69
2705.88,72.83,92,0.0,3531.69
2705.88,72.31,92,0.0,3531.69
2705.88,72.17,85,0.0,3531.69
2705.88,72.03,90,1.2375,3531.69
2705.88,71.95,90,0.0,3531.69
2705.88,72.56,89,0.0,3531.69
2705.88,72.52,89,1.25,3531.69
2705.88,72.57,88,0.0,3531.69
2705.88,72.97,88,0.0,3531.69
2705.88,72.73,88,0.0,3531.69
2705.88,72.59,89,1.2375,3531.69
2705.88,69.19,83,1.2375,3531.69
2705.88,69.36,83,0.0,3531.69
2705.88,69.39,83,0.0,3531.69
2705.88,69.25,90,2.4875,3531.69
2705.88,69.5,90,0.0,3531.69
2705.88,69.47,89,0.0,3531.69
2705.88,69.04,89,1.2375,3531.69
2705.88,68.81,88,0.0,3531.69
2705.88,68.85,88,0.0,3531.69
2705.88,69.15,90,0.0,3531.69
2705.88,69.22,90,1.25,3531.69
2705.88,71.77,89,1.2375,3531.69
2705.88,73.92,89,0.0,3531.69
2705.88,73.15,82,0.0,3531.69
2705.88,73.53,82,1.2375,3531.69
2705.88,72.78,93,0.0,3531.69
2705.88,72.88,93,0.0,3531.69
2705.88,73.13,91,1.2125,3531.69
2705.88,73.17,91,0.0,3531.69
2705.88,73.02,91,0.0,3531.69
2705.88,72.75,91,1.2125,3531.69
2705.88,73.11,92,0.0,3531.69
2705.88,72.94,92,1.1625,3531.69
2705.88,67.92,91,0.0,3531.69
2705.88,67.45,84,1.225,3531.69
2705.88,67.3,84,0.0,3531.69
2705.88,67.98,91,0.0,3531.69
2705.88,67.95,91,1.225,3531.69
2705.88,68.01,91,0.0,3531.69
2705.88,67.97,91,0.0,3531.69
2705.88,68.41,91,0.0,3531.69
2705.88,68.49,91,1.2125,3531.69
2705.88,68.38,91,0.0,3531.69
2705.88,68.31,93,1.175,3531.69
2705.88,71.42,93,0.0,3531.69
2705.88,72.89,86,2.45,3531.69
2705.88,72.53,86,0.0,3531.69
2705.88,72.63,91,0.0,3531.69
2705.88,72.38,91,1.2125,3531.69
2705.88,72.65,91,0.0,3531.69
2705.88,72.46,91,0.0,3531.69
2705.88,72.65,91,1.2125,3531.69
2705.88,72.67,91,0.0,3531.69
2705.88,72.58,91,0.0,3531.69
2705.88,72.65,92,0.0,3531.69
2705.88,73.26,82,2.4375,3531.69
2705.88,72.57,82,0.0,3531.69
2705.88,72.37,93,1.2125,3531.69
2705.88,72.46,93,0.0,3531.69
2705.88,72.52,91,0.0,3531.69
2705.88,72.74,91,1.2125,3531.69
2705.88,72.93,92,0.0,3531.69
2705.88,72.79,92,0.0,3531.69
2705.88,72.67,91,1.2125,3531.69
2705.88,73.12,91,0.0,3531.69
2705.88,73.01,91,0.0,3531.69
2705.88,72.0,91,1.225,3531.69
2705.88,73.6,85,0.0,3531.69
2705.88,73.36,85,1.225,3531.69
2705.88,73.37,91,0.0,3531.69
2705.88,73.18,91,0.0,3531.69
2705.88,73.2,91,0.0,3531.69
2705.88,73.15,91,0.0,3531.69
2705.88,73.0,92,1.225,3531.69
2705.88,73.02,92,0.0,3531.69
2705.88,72.63,91,0.0,3531.69
2705.88,72.81,91,1.225,3531.69
2705.88,72.58,91,1.2,3531.69
2705.88,72.83,91,1.2,3531.69
2705.88,72.56,85,0.0,3531.69
2705.88,72.78,85,0.0,3531.69
2705.88,72.86,91,1.225,3531.69
2705.88,72.94,91,0.0,3531.69
2705.88,73.08,91,0.0,3531.69
2705.88,73.21,91,0.0,3531.69
2705.88,73.18,91,0.0,3531.69
2705.88,73.29,91,1.225,3531.69
2705.88,72.89,91,0.0,3531.69
2705.88,72.85,91,2.4625,3531.69
2705.88,69.52,86,0.0,3531.69
2705.88,70.01,86,0.0,3531.69
2705.88,69.83,87,0.0,3531.69
2705.88,69.88,92,1.2125,3531.69
2705.88,69.63,92,0.0,3531.69
2705.88,69.83,91,0.0,3531.69
2705.88,70.23,91,1.2125,3531.69
2705.88,70.31,92,0.0,3531.69
2705.88,70.55,92,0.0,3531.69
2705.88,70.83,91,0.0,3531.69
2705.88,70.85,91,2.35,3531.69
2705.88,74.75,80,1.2,3531.69
2705.88,73.83,80,0.0,3531.69
2705.88,73.53,95,0.0,3531.69
2705.88,73.77,95,0.0,3531.69
2705.88,73.97,91,0.0,3531.69
2705.88,73.81,91,1.2125,3531.69
2705.88,73.62,91,0.0,3531.69
2705.88,73.44,91,0.0,3531.69
2705.88,73.16,92,1.2125,3531.69
2705.88,73.16,92,0.0,3531.69
2705.88,73.07,91,0.0,3531.69
2705.88,71.14,91,2.425,3531.69
2705.88,73.68,81,0.0,3531.69
2705.88,74.08,81,1.2125,3531.69
2705.88,73.71,100,0.0,3531.69
2705.88,73.28,100,0.0,3531.69
2705.88,73.32,92,0.0,3531.69
2705.88,73.73,92,1.2125,3531.69
2705.88,73.54,91,0.0,3531.69
2705.88,73.75,91,0.0,3531.69
2705.88,73.99,92,1.2125,3531.69
2705.88,73.84,92,0.0,3531.69
2705.88,73.85,92,0.0,3531.69
2705.88,72.37,92,1.2125,3531.69
2705.88,71.66,92,0.0,3531.69
2705.88,71.62,92,3.6375,3531.69
2705.88,72.29,80,0.0,3531.69
2705.88,71.38,80,0.0,3531.69
2705.88,71.49,94,1.2125,3531.69
2705.88,71.71,94,0.0,3531.69
2705.88,71.8,91,0.0,3531.69
2705.88,71.91,91,0.0,3531.69
2705.88,72.73,92,1.2125,3531.69
2705.88,72.73,92,0.0,3531.69
2705.88,72.51,91,0.0,3531.69
2705.88,72.22,91,1.225,3531.69
2705.88,72.0,91,1.225,3531.69
2705.88,71.1,91,0.0,3531.69
2705.88,72.79,82,1.225,3531.69
2705.88,72.25,82,0.0,3531.69
2705.88,72.46,93,0.0,3531.69
2705.88,72.81,93,0.0,3531.69
2705.88,72.57,90,0.0,3531.69
2705.88,72.23,90,0.0,3531.69
2705.88,72.14,91,1.225,3531.69
2705.88,72.94,91,0.0,3531.69
2705.88,72.93,91,0.0,3531.69
2705.88,72.67,91,1.175,3531.69
2705.88,69.78,92,0.0,3531.69
2705.88,69.78,92,0.0,3531.69
2705.88,69.51,83,1.225,3531.69
2705.88,69.4,91,0.0,3531.69
2705.88,69.32,91,0.0,3531.69
2705.88,69.7,92,0.0,3531.69
2705.88,69.68,92,0.0,3531.69
2705.88,69.63,91,0.0,3531.69
2705.88,69.34,91,0.0,3531.69
2705.88,69.34,91,1.225,3531.69
2705.88,69.69,91,0.0,3531.69
2705.88,71.89,91,2.4625,3531.69
2705.88,73.03,91,0.0,3531.69
2705.88,72.94,86,0.0,3531.69
2705.88,73.05,86,1.2125,3531.69
2705.88,72.95,91,0.0,3531.69
2705.88,73.01,91,0.0,3531.69
2705.88,73.22,92,0.0,3531.69
2705.88,73.31,92,1.2125,3531.69
2705.88,73.19,91,0.0,3531.69
2705.88,73.47,91,0.0,3531.69
2705.88,73.3,91,0.0,3531.69
2705.88,74.33,91,1.225,3531.69
2705.88,74.17,84,0.0,3531.69
2705.88,74.17,84,0.0,3531.69
2705.88,73.94,93,1.225,3531.69
2705.88,73.84,93,0.0,3531.69
2705.88,74.32,91,0.0,3531.69
2705.88,74.28,91,1.2125,3531.69
2705.88,74.45,91,0.0,3531.69
2705.88,74.46,91,0.0,3531.69
2705.88,74.11,91,0.0,3531.69
2705.88,73.89,91,1.2125,3531.69
2705.88,71.46,91,1.225,3531.69
2705.88,70.92,91,0.0,3531.69
2705.88,70.67,86,0.0,3531.69
2705.88,70.5,91,0.0,3531.69
2705.88,70.44,91,1.2125,3531.69
2705.88,70.36,91,0.0,3531.69
2705.88,70.59,91,0.0,3531.69
2705.88,70.1,91,1.225,3531.69
2705.88,70.28,91,0.0,3531.69
2705.88,70.61,92,0.0,3531.69
2705.88,70.9,92,0.0,3531.69
2705.88,71.79,91,1.2125,3531.69
2705.88,73.78,91,1.2125,3531.69
2705.88,73.56,86,1.2125,3531.69
2705.88,73.83,86,0.0,3531.69
2705.88,73.74,91,0.0,3531.69
2705.88,73.74,91,1.225,3531.69
2705.88,73.47,92,0.0,3531.69
2705.88,73.91,92,0.0,3531.69
2705.88,73.84,91,0.0,3531.69
2705.88,73.45,91,1.2125,3531.69
2705.88,73.5,91,0.0,3531.69
2705.88,73.29,91,1.2125,3531.69
2705.88,73.99,85,0.0,3531.69
2705.88,74.22,100,1.2125,3531.69
2705.88,73.97,100,0.0,3531.69
2705.88,73.97,100,0.0,3531.69
2705.88,73.41,90,0.0,3531.69
2705.88,73.41,92,1.2125,3531.69
2705.88,73.48,92,0.0,3531.69
2705.88,73.84,91,0.0,3531.69
2705.88,73.64,91,0.0,3531.69
2705.88,74.03,91,2.4375,3531.69
2705.88,72.4,91,0.0,3531.69
2705.88,71.96,93,0.0,3531.69
2705.88,72.08,93,1.2125,3531.69
2705.88,72.31,86,1.2125,3531.69
2705.88,72.79,86,0.0,3531.69
2705.88,71.53,98,0.0,3531.69
2705.88,71.64,98,1.225,3531.69
2705.88,72.0,92,0.0,3531.69
2705.88,71.81,92,0.0,3531.69
2705.88,71.99,92,0.0,3531.69
2705.88,71.64,92,1.2125,3531.69
2705.88,71.62,92,0.0,3531.69
2705.88,71.82,92,0.0,3531.69
2705.88,72.05,91,0.0,3531.69
2705.88,71.61,91,1.1875,3531.69
2705.88,70.98,91,0.0,3531.69
2705.88,72.32,91,1.2125,3531.69
2705.88,72.75,86,1.2125,3531.69
2705.88,72.58,86,0.0,3531.69
2705.88,72.49,97,0.0,3531.69
2705.88,72.39,97,1.2,3531.69
2705.88,72.79,91,0.0,3531.69
2705.88,73.01,91,0.0,3531.69
2705.88,72.61,92,0.0,3531.69
2705.88,72.34,92,1.2125,3531.69
2705.88,72.34,93,0.0,3531.69
2705.88,72.96,93,0.0,3531.69
2705.88,72.91,92,1.2125,3531.69
2705.88,72.09,92,0.0,3531.69
2705.88,72.05,91,2.4375,3531.69
2705.88,74.03,91,0.0,3531.69
2705.88,73.55,86,0.0,3531.69
2705.88,73.34,86,1.2125,3531.69
2705.88,73.49,91,0.0,3531.69
2705.88,73.88,91,0.0,3531.69
2705.88,73.8,91,1.2125,3531.69
2705.88,73.74,91,0.0,3531.69
2705.88,73.8,91,0.0,3531.69
2705.88,73.75,91,1.2125,3531.69
2705.88,73.92,91,0.0,3531.69
2705.88,73.58,91,1.2125,3531.69
2705.88,71.85,91,0.0,3531.69
2705.88,72.59,85,1.2125,3531.69
2705.88,72.58,85,0.0,3531.69
2705.88,72.34,91,0.0,3531.69
2705.88,72.33,91,1.2125,3531.69
2705.88,72.38,92,0.0,3531.69
2705.88,72.28,92,0.0,3531.69
2705.88,72.03,91,1.2125,3531.69
2705.88,71.81,91,0.0,3531.69
2705.88,72.07,92,0.0,3531.69
2705.88,71.8,92,2.4125,3531.69
2705.88,72.21,84,0.0,3531.69
2705.88,72.46,84,0.0,3531.69
2705.88,72.21,96,1.2125,3531.69
2705.88,72.49,96,0.0,3531.69
2705.88,72.75,91,0.0,3531.69
2705.88,72.99,91,1.2125,3531.69
2705.88,72.02,91,1.2125,3531.69
2705.88,71.89,91,0.0,3531.69
2705.88,71.94,92,0.0,3531.69
2705.88,71.85,92,1.2125,3531.69
2705.88,71.97,91,0.0,3531.69
2705.88,71.02,91,1.2125,3531.69
2705.88,71.05,91,0.0,3531.69
2705.88,71.73,91,1.2125,3531.69
2705.88,71.71,85,0.0,3531.69
2705.88,71.83,85,0.0,3531.69
2705.88,71.74,92,1.2125,3531.69
2705.88,72.81,92,0.0,3531.69
2705.88,72.9,91,0.0,3531.69
2705.88,72.92,91,1.2125,3531.69
2705.88,72.69,91,0.0,3531.69
2705.88,72.69,91,0.0,3531.69
2705.88,72.83,92,1.2125,3531.69
2705.88,72.53,92,0.0,3531.69
2705.88,73.54,85,1.2125,3531.69
2705.88,72.79,92,0.0,3531.69
2705.88,73.03,92,0.0,3531.69
2705.88,73.03,92,1.2125,3531.69
2705.88,73.15,92,0.0,3531.69
2705.88,73.53,91,0.0,3531.69
2705.88,73.42,91,0.0,3531.69
2705.88,73.67,91,2.4375,3531.69
2705.88,73.88,91,0.0,3531.69
2705.88,73.97,91,1.225,3531.69
2705.88,70.18,91,0.0,3531.69
2705.88,70.73,86,1.25,3531.69
2705.88,70.3,86,0.0,3531.69
2705.88,70.25,91,0.0,3531.69
2705.88,70.55,91,0.0,3531.69
2705.88,70.37,92,1.2375,3531.69
2705.88,69.67,92,0.0,3531.69
2705.88,69.74,91,0.0,3531.69
2705.88,69.85,91,1.2375,3531.69
2705.88,69.78,92,0.0,3531.69
2705.88,69.78,92,0.0,3531.69
2705.88,71.7,93,2.4875,3531.69
2705.88,68.3,93,0.0,3531.69
2705.88,67.99,81,1.25,3531.69
2705.88,67.97,81,0.0,3531.69
2705.88,68.08,92,0.0,3531.69
2705.88,68.35,92,1.25,3531.69
2705.88,68.87,92,0.0,3531.69
2705.88,68.9,92,0.0,3531.69
2705.88,68.82,92,1.2375,3531.69
2705.88,68.96,92,0.0,3531.69
2705.88,68.29,91,0.0,3531.69
2705.88,68.43,91,0.0,3531.69
2705.88,71.7,92,1.25,3531.69
2705.88,72.87,92,1.25,3531.69
2705.88,71.91,84,0.0,3531.69
2705.88,72.12,84,0.0,3531.69
2705.88,72.3,92,1.25,3531.69
2705.88,72.58,92,0.0,3531.69
2705.88,72.72,91,0.0,3531.69
2705.88,72.81,91,1.25,3531.69
2705.88,72.63,91,0.0,3531.69
2705.88,72.99,91,0.0,3531.69
2705.88,73.24,92,0.0,3531.69
2705.88,73.03,92,1.25,3531.69
2705.88,69.2,82,1.25,3531.69
2705.88,69.79,82,0.0,3531.69
2705.88,69.24,95,0.0,3531.69
2705.88,69.32,95,1.2375,3531.69
2705.88,69.36,91,0.0,3531.69
2705.88,69.99,91,0.0,3531.69
2705.88,69.78,91,0.0,3531.69
2705.88,69.49,91,1.2125,3531.69
2705.88,69.71,91,0.0,3531.69
2705.88,69.46,91,0.0,3531.69
2705.88,72.16,91,2.4125,3531.69
2705.88,73.16,83,1.2,3531.69
2705.88,72.33,83,0.0,3531.69
2705.88,72.17,92,0.0,3531.69
2705.88,72.08,92,0.0,3531.69
2705.88,72.08,92,1.2125,3531.69
2705.88,72.09,92,0.0,3531.69
2705.88,72.27,92,0.0,3531.69
2705.88,72.1,92,1.2125,3531.69
2705.88,72.03,91,0.0,3531.69
2705.88,72.3,91,0.0,3531.69
2705.88,72.71,91,0.0,3531.69
2705.88,69.76,91,2.4375,3531.69
2705.88,70.65,87,0.0,3531.69
2705.88,70.6,87,0.0,3531.69
2705.88,70.4,95,0.0,3531.69
2705.88,69.99,95,1.2125,3531.69
2705.88,70.11,91,0.0,3531.69
2705.88,70.16,91,0.0,3531.69
2705.88,69.9,92,1.2125,3531.69
2705.88,70.2,92,0.0,3531.69
2705.88,70.14,93,0.0,3531.69
2705.88,70.22,93,1.2125,3531.69
2705.88,72.44,91,0.0,3531.69
2705.88,72.08,91,0.0,3531.69
2705.88,72.09,91,2.45,3531.69
2705.88,72.45,91,0.0,3531.69
2705.88,72.56,88,1.225,3531.69
2705.88,72.53,88,0.0,3531.69
2705.88,72.7,91,0.0,3531.69
2705.88,73.13,91,0.0,3531.69
2705.88,72.95,91,1.225,3531.69
2705.88,73.32,91,0.0,3531.69
2705.88,73.22,91,0.0,3531.69
2705.88,72.93,92,0.0,3531.69
2705.88,73.5,92,1.2125,3531.69
2705.88,73.43,91,0.0,3531.69
2705.88,72.55,91,1.2125,3531.69
2705.88,72.55,85,0.0,3531.69
2705.88,72.94,85,1.2125,3531.69
2705.88,73.22,100,0.0,3531.69
2705.88,73.21,100,0.0,3531.69
2705.88,73.21,92,1.2125,3531.69
2705.88,73.39,92,0.0,3531.69
2705.88,73.62,91,0.0,3531.69
2705.88,73.52,91,0.0,3531.69
2705.88,73.35,91,1.225,3531.69
2705.88,73.38,91,0.0,3531.69
2705.88,73.61,91,0.0,3531.69
2705.88,72.76,91,0.0,3531.69
2705.88,72.82,93,0.0,3531.69
2705.88,72.01,93,1.2125,3531.69
2705.88,68.99,80,1.2125,3531.69
2705.88,68.55,80,0.0,3531.69
2705.88,68.55,95,1.225,3531.69
2705.88,68.64,95,0.0,3531.69
2705.88,68.41,91,0.0,3531.69
2705.88,68.28,91,0.0,3531.69
2705.88,68.68,92,0.0,3531.69
2705.88,68.45,92,0.0,3531.69
2705.88,68.1,92,1.225,3531.69
2705.88,68.05,92,0.0,3531.69
2705.88,68.51,91,1.225,3531.69
2705.88,71.56,91,1.225,3531.69
2705.88,73.07,82,0.0,3531.69
2705.88,72.39,82,0.0,3531.69
2705.88,72.54,92,0.0,3531.69
2705.88,72.92,92,0.0,3531.69
2705.88,73.29,91,1.225,3531.69
2705.88,73.1,91,0.0,3531.69
2705.88,72.7,91,0.0,3531.69
2705.88,72.82,91,0.0,3531.69
2705.88,72.87,92,1.225,3531.69
2705.88,72.88,92,0.0,3531.69
2705.88,73.02,90,1.2375,3531.69
2705.88,69.86,88,0.0,3531.69
2705.88,70.48,88,0.0,3531.69
2705.88,70.31,88,0.0,3531.69
2705.88,70.05,91,0.0,3531.69
2705.88,70.1,89,1.225,3531.69
2705.88,69.95,89,0.0,3531.69
2705.88,70.47,89,0.0,3531.69
2705.88,70.77,89,0.0,3531.69
2705.88,70.72,90,1.225,3531.69
2705.88,70.55,90,1.2125,3531.69
2705.88,70.46,92,1.2,3531.69
2705.88,72.01,92,1.2125,3531.69
2705.88,73.28,83,0.0,3531.69
2705.88,72.99,83,0.0,3531.69
2705.88,72.75,91,0.0,3531.69
2705.88,73.09,91,1.2125,3531.69
2705.88,72.98,91,0.0,3531.69
2705.88,72.98,91,0.0,3531.69
2705.88,73.17,92,0.0,3531.69
2705.88,73.41,92,1.225,3531.69
2705.88,73.13,91,0.0,3531.69
2705.88,73.06,91,0.0,3531.69
2705.88,69.02,82,2.4375,3531.69
2705.88,69.22,82,0.0,3531.69
2705.88,69.57,90,0.0,3531.69
2705.88,69.54,90,0.0,3531.69
2705.88,69.45,91,2.4375,3531.69
2705.88,69.46,91,0.0,3531.69
2705.88,69.42,91,0.0,3531.69
2705.88,69.2,91,0.0,3531.69
2705.88,68.97,92,1.2125,3531.69
2705.88,69.14,92,0.0,3531.69
2705.88,69.25,92,0.0,3531.69
2705.88,71.82,92,2.4375,3531.69
2705.88,72.83,80,1.2125,3531.69
2705.88,72.55,80,0.0,3531.69
2705.88,72.43,93,0.0,3531.69
2705.88,72.58,93,1.2125,3531.69
2705.88,73.11,91,0.0,3531.69
2705.88,73.2,91,0.0,3531.69
2705.88,73.2,91,0.0,3531.69
2705.88,73.2,91,1.2125,3531.69
2705.88,73.09,92,0.0,3531.69
2705.88,73.03,92,0.0,3531.69
2705.88,73.21,93,2.45,3531.69
2705.88,69.16,93,0.0,3531.69
2705.88,69.43,82,1.2125,3531.69
2705.88,69.62,82,0.0,3531.69
2705.88,68.63,96,0.0,3531.69
2705.88,68.36,96,1.2125,3531.69
2705.88,68.88,91,0.0,3531.69
2705.88,68.97,91,0.0,3531.69
2705.88,69.11,93,0.0,3531.69
2705.88,69.3,93,1.2125,3531.69
2705.88,69.25,92,0.0,3531.69
2705.88,69.3,92,0.0,3531.69
2705.88,72.61,92,1.2125,3531.69
2705.88,71.95,92,0.0,3531.69
2705.88,71.95,93,3.6375,3531.69
2705.88,70.51,82,0.0,3531.69
2705.88,71.17,82,0.0,3531.69
2705.88,70.68,88,1.2125,3531.69
2705.88,70.48,88,0.0,3531.69
2705.88,70.75,90,0.0,3531.69
2705.88,70.71,90,0.0,3531.69
2705.88,71.18,89,1.2125,3531.69
2705.88,70.72,89,0.0,3531.69
2705.88,70.72,89,0.0,3531.69
2705.88,70.89,89,1.2125,3531.69
2705.88,72.97,89,1.2125,3531.69
2705.88,71.72,89,0.0,3531.69
2705.88,71.88,85,1.2125,3531.69
2705.88,71.97,85,0.0,3531.69
2705.88,71.19,100,0.0,3531.69
2705.88,71.1,100,1.2125,3531.69
2705.88,71.3,91,0.0,3531.69
2705.88,71.3,91,0.0,3531.69
2705.88,71.55,90,0.0,3531.69
2705.88,71.55,90,1.2125,3531.69
2705.88,71.36,91,0.0,3531.69
2705.88,72.05,91,1.2125,3531.69
2705.88,72.05,91,0.0,3531.69
2705.88,71.86,91,1.2125,3531.69
2705.88,71.56,92,0.0,3531.69
2705.88,71.88,92,2.425,3531.69
2705.88,72.4,92,0.0,3531.69
2705.88,73.42,92,0.0,3531.69
2705.88,73.5,83,1.2125,3531.69
2705.88,73.79,83,0.0,3531.69
2705.88,73.98,91,0.0,3531.69
2705.88,74.19,91,0.0,3531.69
2705.88,74.2,91,1.2125,3531.69
2705.88,74.28,92,0.0,3531.69
2705.88,74.69,92,0.0,3531.69
2705.88,74.73,92,1.2125,3531.69
2705.88,73.57,92,0.0,3531.69
2705.88,70.38,84,2.4375,3531.69
2705.88,71.03,84,0.0,3531.69
2705.88,70.78,86,1.225,3531.69
2705.88,70.7,86,0.0,3531.69
2705.88,71.1,86,0.0,3531.69
2705.88,70.97,91,0.0,3531.69
2705.88,71.11,91,1.2125,3531.69
2705.88,71.2,91,0.0,3531.69
2705.88,70.83,92,0.0,3531.69
2705.88,70.78,92,1.2125,3531.69
2705.88,71.36,92,0.0,3531.69
2705.88,73.22,80,2.4375,3531.69
2705.88,74.36,80,0.0,3531.69
2705.88,73.69,94,0.0,3531.69
2705.88,73.83,94,1.2125,3531.69
2705.88,73.65,94,0.0,3531.69
2705.88,73.84,91,0.0,3531.69
2705.88,73.31,92,0.0,3531.69
2705.88,73.39,92,1.2125,3531.69
2705.88,73.48,92,1.2125,3531.69
2705.88,73.48,92,0.0,3531.69
2705.88,73.97,92,0.0,3531.69
2705.88,72.05,92,2.4375,3531.69
2705.88,73.34,82,1.2125,3531.69
2705.88,72.9,82,0.0,3531.69
2705.88,72.82,92,0.0,3531.69
2705.88,72.76,92,1.2125,3531.69
2705.88,72.73,91,0.0,3531.69
2705.88,72.92,91,0.0,3531.69
2705.88,73.08,92,0.0,3531.69
2705.88,73.13,92,1.2125,3531.69
2705.88,73.16,91,0.0,3531.69
2705.88,72.94,91,1.2125,3531.69
2705.88,73.22,92,1.175,3531.69
2705.88,71.69,92,1.1875,3531.69
2705.88,71.07,81,0.0,3531.69
2705.88,70.86,81,0.0,3531.69
2705.88,70.87,92,1.2125,3531.69
2705.88,70.86,92,0.0,3531.69
2705.88,71.38,92,0.0,3531.69
2705.88,71.45,92,1.2125,3531.69
2705.88,70.61,91,0.0,3531.69
2705.88,70.74,91,0.0,3531.69
2705.88,70.6,92,0.0,3531.69
2705.88,70.75,92,1.2375,3531.69
2705.88,71.31,92,2.35,3531.69
2705.88,72.74,92,0.0,3531.69
2705.88,72.13,82,0.0,3531.69
2705.88,71.79,82,1.2125,3531.69
2705.88,72.03,92,1.225,3531.69
2705.88,72.04,92,0.0,3531.69
2705.88,72.2,91,0.0,3531.69
2705.88,72.66,91,0.0,3531.69
2705.88,72.65,91,1.2125,3531.69
2705.88,72.85,91,0.0,3531.69
2705.88,72.69,92,0.0,3531.69
2705.88,72.47,92,2.4,3531.69
2705.88,71.7,92,1.2125,3531.69
2705.88,73.5,92,0.0,3531.69
2705.88,73.03,81,0.0,3531.69
2705.88,72.85,81,0.0,3531.69
2705.88,72.66,92,1.2125,3531.69
2705.88,72.6,91,0.0,3531.69
2705.88,73.12,91,0.0,3531.69
2705.88,72.93,92,1.2125,3531.69
2705.88,72.74,92,0.0,3531.69
2705.88,72.74,91,1.2125,3531.69
2705.88,73.22,91,0.0,3531.69
2705.88,72.94,86,2.4375,3531.69
2705.88,69.82,86,0.0,3531.69
2705.88,70.46,88,0.0,3531.69
2705.88,70.24,88,1.2125,3531.69
2705.88,70.51,91,0.0,3531.69
2705.88,70.42,91,0.0,3531.69
2705.88,70.42,91,1.2125,3531.69
2705.88,70.55,91,0.0,3531.69
2705.88,70.37,91,0.0,3531.69
2705.88,70.49,91,0.0,3531.69
2705.88,70.8,93,1.2125,3531.69
2705.88,73.39,93,1.2125,3531.69
2705.88,73.39,80,1.2125,3531.69
2705.88,72.71,80,0.0,3531.69
2705.88,72.55,94,0.0,3531.69
2705.88,72.72,94,0.0,3531.69
2705.88,72.84,91,1.2125,3531.69
2705.88,73.36,91,0.0,3531.69
2705.88,73.41,92,0.0,3531.69
2705.88,73.21,92,1.2125,3531.69
2705.88,72.79,92,0.0,3531.69
2705.88,72.71,92,0.0,3531.69
2705.88,72.71,91,3.6375,3531.69
2705.88,71.53,91,0.0,3531.69
2705.88,73.17,82,1.2125,3531.69
2705.88,72.17,82,0.0,3531.69
2705.88,72.34,93,0.0,3531.69
2705.88,72.26,93,0.0,3531.69
2705.88,72.41,91,1.225,3531.69
2705.88,72.39,91,0.0,3531.69
2705.88,72.38,91,0.0,3531.69
2705.88,72.83,92,0.0,3531.69
2705.88,72.95,92,1.2125,3531.69
2705.88,72.86,91,0.0,3531.69
2705.88,71.75,91,2.4375,3531.69
2705.88,72.83,82,0.0,3531.69
2705.88,73.17,82,1.2125,3531.69
2705.88,73.07,82,0.0,3531.69
2705.88,73.26,91,0.0,3531.69
2705.88,73.26,91,0.0,3531.69
2705.88,73.65,91,1.2125,3531.69
2705.88,73.84,92,0.0,3531.69
2705.88,73.79,92,0.0,3531.69
2705.88,74.11,92,1.2125,3531.69
2705.88,74.09,92,0.0,3531.69
