gpu_memory_mb,gpu_power_w,gpu_util_pct,cpu_util_pct,ram_mb
20660.38,33.73,0,2.8375,3333.3
20808.38,33.73,0,0.0,3333.3
20810.38,34.2,36,0.0,3333.3
20810.38,38.16,36,1.2375,3333.3
20810.38,41.74,99,0.0,3333.3
20810.38,45.81,99,0.0,3333.3
20810.38,49.81,100,1.2375,3333.3
20810.38,53.84,100,0.0,3333.3
20810.38,61.88,100,0.0,3333.3
20810.38,61.88,100,0.0,3333.3
20810.38,65.58,100,1.2375,3333.3
20810.38,69.22,100,0.0,3333.3
20810.38,72.94,100,0.0,3333.3
20810.38,72.27,100,0.0,3333.3
20810.38,71.89,100,1.2375,3333.3
20810.38,72.19,100,0.0,3333.3
20810.38,72.15,100,0.0,3333.3
20810.38,72.15,100,1.25,3333.3
20810.38,72.15,100,0.0,3333.3
20810.38,72.06,100,0.0,3333.3
20810.38,71.75,100,1.2375,3333.3
20810.38,71.75,100,1.2375,3333.3
20810.38,71.76,100,2.4125,3333.3
20810.38,71.78,100,0.0,3333.3
20810.38,73.1,89,0.0,3333.3
20810.38,73.05,89,1.25,3333.3
20810.38,72.41,100,0.0,3333.3
20810.38,72.41,100,0.0,3333.3
20810.38,72.46,100,0.0,3333.3
20810.38,72.59,100,1.2375,3333.3
20810.38,72.59,100,0.0,3333.3
20810.38,72.8,100,0.0,3333.3
20810.38,72.76,100,0.0,3333.3
20810.38,72.87,100,1.2375,3333.3
20810.38,72.89,100,0.0,3333.3
20810.38,71.6,100,0.0,3333.3
20810.38,71.58,100,1.2375,3333.3
20810.38,72.13,100,0.0,3333.3
20810.38,72.14,100,0.0,3333.3
20810.38,72.11,100,1.2125,3333.3
20810.38,71.88,100,0.0,3333.3
20810.38,71.88,100,0.0,3333.3
20810.38,71.72,100,0.0,3333.3
20810.38,71.86,100,1.2125,3333.3
20810.38,71.86,100,0.0,3333.3
20810.38,71.7,100,2.4375,3333.3
20810.38,69.38,93,1.2125,3333.3
20810.38,68.45,99,0.0,3333.3
20810.38,68.49,99,0.0,3333.3
20810.38,68.47,100,1.2125,3333.3
20810.38,68.55,100,1.2125,3333.3
20810.38,68.78,100,0.0,3333.3
20810.38,68.87,100,0.0,3333.3
20810.38,68.85,100,1.2125,3333.3
20810.38,68.77,100,0.0,3333.3
20810.38,68.83,100,0.0,3333.3
20810.38,71.13,100,1.2,3333.3
20810.38,72.13,100,0.0,3333.3
20810.38,72.2,100,0.0,3333.3
20810.38,72.19,100,1.2125,3333.3
20810.38,72.19,100,0.0,3333.3
20810.38,71.85,100,0.0,3333.3
20810.38,71.77,100,0.0,3333.3
20810.38,71.77,100,1.2125,3333.3
20810.38,71.75,100,1.175,3333.3
20810.38,71.75,100,1.175,3333.3
20810.38,73.28,100,1.175,3333.3
20810.38,72.69,92,0.0,3333.3
20810.38,72.99,92,1.2125,3333.3
20810.38,73.23,100,0.0,3333.3
20810.38,73.22,100,0.0,3333.3
20810.38,73.16,100,1.2125,3333.3
20810.38,73.1,100,0.0,3333.3
20810.38,73.06,100,0.0,3333.3
20810.38,73.12,100,1.2125,3333.3
20810.38,73.06,100,0.0,3333.3
20810.38,71.84,100,0.0,3333.3
20810.38,72.32,100,1.2125,3333.3
20810.38,72.33,100,0.0,3333.3
20810.38,72.31,100,0.0,3333.3
20810.38,72.22,100,1.225,3333.3
20810.38,72.2,100,0.0,3333.3
20810.38,72.08,100,0.0,3333.3
20810.38,72.04,100,2.4125,3333.3
20810.38,71.07,91,0.0,3333.3
20810.38,70.1,91,1.2125,3333.3
20810.38,70.06,100,0.0,3333.3
20810.38,70.39,100,0.0,3333.3
20810.38,70.59,100,0.0,3333.3
20810.38,70.61,100,1.225,3333.3
20810.38,70.47,100,0.0,3333.3
20810.38,70.18,100,0.0,3333.3
20810.38,70.1,100,1.2125,3333.3
20810.38,70.11,100,0.0,3333.3
20810.38,70.11,100,0.0,3333.3
20810.38,71.0,100,1.2125,3333.3
20810.38,71.93,100,0.0,3333.3
20810.38,72.16,100,0.0,3333.3
20810.38,72.25,100,1.2125,3333.3
20810.38,72.23,100,0.0,3333.3
20810.38,72.09,100,1.2125,3333.3
20810.38,72.02,100,0.0,3333.3
20810.38,71.98,100,0.0,3333.3
20810.38,72.01,100,2.4125,3333.3
20810.38,72.04,100,0.0,3333.3
20814.38,72.71,100,1.2125,3333.3
20814.38,70.13,81,0.0,3333.3
20814.38,70.37,81,0.0,3333.3
20814.38,70.55,100,0.0,3333.3
20814.38,70.61,100,1.2125,3333.3
20814.38,70.73,100,0.0,3333.3
20814.38,70.76,100,0.0,3333.3
20814.38,70.75,100,1.2125,3333.3
20814.38,70.73,100,0.0,3333.3
20814.38,70.66,100,0.0,3333.3
20814.38,69.82,100,0.0,3333.3
20814.38,72.43,100,2.4375,3333.3
20814.38,72.28,100,0.0,3333.3
20814.38,72.28,100,0.0,3333.3
20814.38,72.19,100,1.2125,3333.3
20814.38,72.14,100,0.0,3333.3
20814.38,71.96,100,0.0,3333.3
20814.38,71.85,100,0.0,3333.3
20814.38,71.88,100,1.2125,3333.3
20814.38,71.88,100,0.0,3333.3
20814.38,73.08,100,2.4,3333.3
20814.38,73.08,100,0.0,3333.3
20814.38,72.47,89,1.2125,3333.3
20814.38,72.47,89,0.0,3333.3
20814.38,72.49,100,0.0,3333.3
20814.38,72.58,100,0.0,3333.3
20814.38,72.58,100,0.0,3333.3
20814.38,72.87,100,1.225,3333.3
20814.38,72.94,100,0.0,3333.3
20814.38,72.89,100,0.0,3333.3
20814.38,73.04,100,0.0,3333.3
20814.38,73.17,100,0.0,3333.3
20814.38,71.93,100,0.0,3333.3
20814.38,71.94,100,1.225,3333.3
20814.38,72.5,100,1.225,3333.3
20814.38,72.35,100,0.0,3333.3
20814.38,72.3,100,0.0,3333.3
20814.38,72.19,100,0.0,3333.3
20814.38,72.02,100,1.225,3333.3
20814.38,72.0,100,0.0,3333.3
20814.38,71.85,100,0.0,3333.3
20814.38,71.83,100,0.0,3333.3
20814.38,69.39,100,2.425,3333.3
20814.38,68.45,91,0.0,3333.3
20814.38,68.44,91,1.2125,3333.3
20814.38,68.67,100,0.0,3333.3
20814.38,68.72,100,1.2,3333.3
20814.38,68.73,100,0.0,3333.3
20814.38,68.82,100,0.0,3333.3
20814.38,68.89,100,1.2125,3333.3
20814.38,68.8,100,0.0,3333.3
20814.38,68.8,100,0.0,3333.3
20814.38,68.76,100,1.2125,3333.3
20814.38,71.16,100,0.0,3333.3
20814.38,72.11,100,0.0,3333.3
20814.38,72.15,100,0.0,3333.3
20814.38,72.03,100,1.175,3333.3
20814.38,71.98,100,1.2,3333.3
20814.38,71.98,100,0.0,3333.3
20814.38,71.73,100,1.225,3333.3
20814.38,71.62,100,0.0,3333.3
20814.38,71.7,100,2.3,3333.3
20814.38,71.71,100,0.0,3333.3
20814.38,72.31,89,0.0,3333.3
20814.38,71.97,89,1.2125,3333.3
20814.38,72.09,99,0.0,3333.3
20814.38,72.09,99,0.0,3333.3
20814.38,72.21,100,1.2125,3333.3
20814.38,72.24,100,0.0,3333.3
20814.38,72.36,100,0.0,3333.3
20814.38,72.53,100,0.0,3333.3
20814.38,72.52,100,1.175,3333.3
20814.38,72.55,100,0.0,3333.3
20814.38,72.48,100,0.0,3333.3
20814.38,71.96,100,1.2125,3333.3
20814.38,72.39,100,0.0,3333.3
20814.38,72.35,100,0.0,3333.3
20814.38,72.32,100,1.2125,3333.3
20814.38,72.29,100,0.0,3333.3
20814.38,72.22,100,0.0,3333.3
20814.38,72.09,100,1.1875,3333.3
20814.38,72.17,100,0.0,3333.3
20814.38,72.05,100,0.0,3333.3
20814.38,72.12,100,2.425,3333.3
20814.38,73.55,92,0.0,3333.3
20814.38,72.81,92,1.2125,3333.3
20814.38,72.89,100,0.0,3333.3
20814.38,72.95,100,0.0,3333.3
20814.38,72.94,100,1.2125,3333.3
20814.38,72.95,100,0.0,3333.3
20814.38,73.04,100,0.0,3333.3
20814.38,73.15,100,1.2125,3333.3
20814.38,73.13,100,1.2125,3333.3
20814.38,73.14,100,0.0,3333.3
20814.38,71.55,100,0.0,3333.3
20814.38,72.28,100,1.2125,3333.3
20814.38,72.29,100,0.0,3333.3
20814.38,72.31,100,1.2125,3333.3
20814.38,71.49,100,1.2125,3333.3
20814.38,71.07,94,0.0,3333.3
20814.38,70.98,94,0.0,3333.3
20814.38,70.96,94,1.25,3333.3
20814.38,71.16,100,0.0,3333.3
20814.38,71.16,100,0.0,3333.3
20814.38,71.19,100,1.2125,3333.3
20814.38,71.51,100,0.0,3333.3
20814.38,71.6,100,0.0,3333.3
20814.38,71.6,100,0.0,3333.3
20814.38,71.27,100,0.0,3333.3
20814.38,71.87,100,1.2375,3333.3
20814.38,72.2,100,0.0,3333.3
20814.38,72.2,100,0.0,3333.3
20814.38,72.19,100,0.0,3333.3
20814.38,72.17,100,0.0,3333.3
20814.38,71.95,100,0.0,3333.3
20814.38,72.09,100,0.0,3333.3
20814.38,72.09,100,1.175,3333.3
20814.38,72.15,100,3.625,3333.3
20814.38,73.48,100,0.0,3333.3
20814.38,73.04,92,0.0,3333.3
20814.38,73.19,92,0.0,3333.3
20814.38,73.27,100,0.0,3333.3
20814.38,73.33,100,0.0,3333.3
20814.38,73.46,100,1.2375,3333.3
20814.38,73.54,100,0.0,3333.3
20814.38,73.63,100,0.0,3333.3
20814.38,73.58,100,0.0,3333.3
20814.38,73.59,100,1.2125,3333.3
20814.38,73.52,100,0.0,3333.3
20814.38,71.95,100,0.0,3333.3
20814.38,72.44,100,0.0,3333.3
20814.38,72.45,100,0.0,3333.3
20814.38,72.42,100,1.2375,3333.3
20814.38,72.36,100,0.0,3333.3
20814.38,72.23,100,0.0,3333.3
20814.38,72.19,100,0.0,3333.3
20814.38,72.14,100,1.2125,3333.3
20814.38,72.02,100,1.2125,3333.3
20814.38,72.02,100,1.2125,3333.3
20814.38,72.59,92,0.0,3333.3
20814.38,72.32,92,0.0,3333.3
20814.38,72.2,100,1.2125,3333.3
20814.38,72.22,100,0.0,3333.3
20814.38,72.28,100,0.0,3333.3
20814.38,72.29,100,1.2125,3333.3
20814.38,72.31,100,0.0,3333.3
20814.38,72.33,100,0.0,3333.3
20814.38,72.29,100,0.0,3333.3
20814.38,72.48,100,1.2125,3333.3
20814.38,71.83,100,0.0,3333.3
20814.38,72.09,100,1.2125,3333.3
20814.38,72.33,100,1.2,3333.3
20814.38,72.3,100,0.0,3333.3
20814.38,72.17,100,0.0,3333.3
20814.38,72.12,100,1.2125,3333.3
20814.38,72.0,100,0.0,3333.3
20814.38,71.97,100,0.0,3333.3
20814.38,72.09,100,0.0,3333.3
20814.38,71.89,100,1.2125,3333.3
20814.38,71.79,100,1.25,3333.3
20814.38,72.35,100,0.0,3333.3
20814.38,72.47,92,0.0,3333.3
20814.38,71.92,92,1.2375,3333.3
20814.38,71.92,100,0.0,3333.3
20814.38,71.99,100,0.0,3333.3
20814.38,72.12,100,1.2375,3333.3
20814.38,72.12,100,0.0,3333.3
20814.38,72.47,100,0.0,3333.3
20814.38,72.39,100,1.2375,3333.3
20814.38,72.46,100,1.2375,3333.3
20814.38,72.59,100,0.0,3333.3
20814.38,72.1,100,0.0,3333.3
20814.38,71.96,100,1.25,3333.3
20814.38,72.37,100,0.0,3333.3
20814.38,72.3,100,0.0,3333.3
20814.38,72.39,100,0.0,3333.3
20814.38,72.34,100,1.25,3333.3
20814.38,72.22,100,0.0,3333.3
20814.38,72.06,100,0.0,3333.3
20814.38,72.13,100,0.0,3333.3
20814.38,72.06,100,1.25,3333.3
20814.38,71.96,100,1.2375,3333.3
20814.38,69.83,94,1.2375,3333.3
20814.38,69.03,94,0.0,3333.3
20814.38,69.03,100,0.0,3333.3
20814.38,69.19,100,0.0,3333.3
20814.38,69.12,100,1.2375,3333.3
20814.38,69.17,100,0.0,3333.3
20814.38,69.27,100,0.0,3333.3
20814.38,69.19,100,1.25,3333.3
20814.38,69.14,100,0.0,3333.3
20814.38,69.01,100,0.0,3333.3
20814.38,69.11,100,0.0,3333.3
20814.38,71.17,100,0.0,3333.3
20814.38,72.03,100,1.2375,3333.3
20814.38,72.15,100,0.0,3333.3
20814.38,72.14,100,0.0,3333.3
20814.38,72.15,100,1.25,3333.3
20814.38,72.03,100,0.0,3333.3
20814.38,71.87,100,0.0,3333.3
20814.38,71.81,100,1.25,3333.3
20814.38,71.81,100,0.0,3333.3
20814.38,71.85,100,1.2375,3333.3
20814.38,72.19,100,1.2375,3333.3
20814.38,71.91,92,0.0,3333.3
20814.38,72.17,92,0.0,3333.3
20814.38,72.28,100,1.225,3333.3
20814.38,72.34,100,0.0,3333.3
20814.38,72.35,100,0.0,3333.3
20814.38,72.39,100,1.2125,3333.3
20814.38,72.36,100,1.2125,3333.3
20814.38,72.43,100,0.0,3333.3
20814.38,72.43,100,0.0,3333.3
20814.38,72.39,100,1.2125,3333.3
20814.38,71.93,100,0.0,3333.3
20814.38,72.3,100,0.0,3333.3
20814.38,72.36,100,0.0,3333.3
20814.38,72.13,100,1.2125,3333.3
20814.38,72.13,100,0.0,3333.3
20814.38,72.2,100,0.0,3333.3
20814.38,72.1,100,0.0,3333.3
20814.38,71.96,100,1.2125,3333.3
20814.38,71.2,100,2.425,3333.3
20814.38,70.32,89,0.0,3333.3
20814.38,70.47,89,0.0,3333.3
20814.38,70.79,100,1.2125,3333.3
20814.38,70.83,100,0.0,3333.3
20814.38,70.87,100,0.0,3333.3
20814.38,70.84,100,1.2125,3333.3
20814.38,70.84,100,0.0,3333.3
20814.38,70.8,100,2.4,3333.3
20814.38,70.74,100,0.0,3333.3
20814.38,70.61,100,0.0,3333.3
20814.38,70.61,100,1.2125,3333.3
20814.38,72.07,100,0.0,3333.3
20814.38,72.24,100,0.0,3333.3
20814.38,72.2,100,0.0,3333.3
20814.38,72.19,100,1.2125,3333.3
20814.38,72.11,100,0.0,3333.3
20814.38,71.98,100,2.425,3333.3
20814.38,72.79,100,0.0,3333.3
20814.38,72.23,91,0.0,3333.3
20814.38,72.5,91,1.2125,3333.3
20814.38,72.7,100,0.0,3333.3
20814.38,72.91,100,1.2,3333.3
20814.38,73.15,100,0.0,3333.3
20814.38,73.14,100,0.0,3333.3
20814.38,73.13,100,1.2125,3333.3
20814.38,73.03,100,0.0,3333.3
20814.38,72.97,100,0.0,3333.3
20814.38,71.73,100,1.2125,3333.3
20814.38,72.26,100,0.0,3333.3
20814.38,72.11,100,0.0,3333.3
20814.38,72.1,100,1.2125,3333.3
20814.38,72.27,100,0.0,3333.3
20814.38,72.37,100,0.0,3333.3
20814.38,72.31,100,0.0,3333.3
20814.38,72.25,100,1.2125,3333.3
20814.38,72.25,100,1.225,3333.3
20814.38,72.03,100,1.2375,3333.3
20816.38,70.9,90,1.25,3333.3
20816.38,71.03,90,0.0,3333.3
20816.38,70.36,99,0.0,3333.3
20816.38,70.47,99,0.0,3333.3
20816.38,70.61,100,1.25,3333.3
20816.38,70.76,100,0.0,3333.3
20816.38,70.7,100,0.0,3333.3
20816.38,70.7,100,1.2375,3333.3
20816.38,70.52,100,0.0,3333.3
20816.38,70.8,100,0.0,3333.3
20816.38,71.68,100,0.0,3333.3
20816.38,71.53,100,1.2375,3333.3
20816.38,72.29,100,0.0,3333.3
20816.38,72.33,100,0.0,3333.3
20816.38,72.3,100,1.2375,3333.3
20816.38,72.24,100,0.0,3333.3
20816.38,72.11,100,0.0,3333.3
20816.38,72.11,100,0.0,3333.3
20816.38,72.03,100,1.25,3333.3
20816.38,72.12,100,0.0,3333.3
20816.38,71.89,100,2.4375,3333.3
20816.38,68.95,100,0.0,3333.3
20816.38,68.2,91,0.0,3333.3
20816.38,68.23,91,1.25,3333.3
20816.38,68.36,100,1.25,3333.3
20816.38,68.44,100,0.0,3333.3
20816.38,68.57,100,0.0,3333.3
20816.38,68.7,100,1.2375,3333.3
20816.38,68.8,100,0.0,3333.3
20816.38,68.57,100,0.0,3333.3
20816.38,68.45,100,1.25,3333.3
20816.38,68.48,100,0.0,3333.3
20816.38,71.38,100,0.0,3333.3
20816.38,71.38,100,0.0,3333.3
20816.38,72.2,100,1.2375,3333.3
20816.38,72.2,100,0.0,3333.3
20816.38,72.17,100,0.0,3333.3
20816.38,72.04,100,2.4875,3333.3
20816.38,72.17,94,0.0,3333.3
20816.38,71.52,94,0.0,3333.3
20816.38,71.73,100,1.25,3333.3
20816.38,71.9,100,0.0,3333.3
20816.38,71.88,100,0.0,3333.3
20816.38,72.0,100,1.25,3333.3
20816.38,72.3,100,0.0,3333.3
20816.38,72.4,100,0.0,3333.3
20816.38,72.35,100,0.0,3333.3
20816.38,72.32,100,1.225,3333.3
20816.38,72.0,100,0.0,3333.3
20816.38,71.59,100,0.0,3333.3
20816.38,72.21,100,0.0,3333.3
20816.38,72.01,100,0.0,3333.3
20816.38,71.86,100,0.0,3333.3
20816.38,72.17,100,1.225,3333.3
20816.38,72.22,100,0.0,3333.3
20816.38,72.23,100,0.0,3333.3
20816.38,72.23,100,0.0,3333.3
20816.38,72.09,100,2.4375,3333.3
20816.38,72.65,95,0.0,3333.3
20816.38,71.87,95,0.0,3333.3
20816.38,71.89,100,0.0,3333.3
20816.38,71.96,100,0.0,3333.3
20816.38,72.02,100,0.0,3333.3
20816.38,72.16,100,1.225,3333.3
20816.38,72.32,100,0.0,3333.3
20816.38,72.22,100,1.2375,3333.3
20816.38,72.17,100,0.0,3333.3
20816.38,72.12,100,0.0,3333.3
20816.38,72.09,100,0.0,3333.3
20816.38,71.21,100,1.225,3333.3
20816.38,72.07,100,0.0,3333.3
20816.38,72.03,100,0.0,3333.3
20816.38,72.03,100,0.0,3333.3
20816.38,72.18,100,0.0,3333.3
20816.38,72.06,100,0.0,3333.3
20816.38,72.15,100,0.0,3333.3
20816.38,72.15,100,0.0,3333.3
20816.38,71.96,100,1.225,3333.3
20816.38,71.81,100,0.0,3333.3
20816.38,71.54,100,1.225,3333.3
20816.38,71.81,98,0.0,3333.3
20816.38,71.81,98,0.0,3333.3
20816.38,71.93,100,1.2125,3333.3
20816.38,72.05,100,0.0,3333.3
20816.38,72.09,100,0.0,3333.3
20816.38,71.98,100,1.2125,3333.3
20816.38,71.88,100,0.0,3333.3
20816.38,71.99,100,0.0,3333.3
20816.38,71.91,100,0.0,3333.3
20816.38,71.94,100,1.2125,3333.3
20816.38,72.39,100,0.0,3333.3
20816.38,72.34,100,0.0,3333.3
20816.38,72.25,100,0.0,3333.3
20816.38,72.25,100,1.2125,3333.3
20816.38,72.2,100,1.225,3333.3
20816.38,72.14,100,0.0,3333.3
20816.38,72.16,100,0.0,3333.3
20816.38,72.12,100,2.425,3333.3
20816.38,73.38,100,1.2125,3333.3
20816.38,72.65,92,0.0,3333.3
20816.38,72.89,92,0.0,3333.3
20816.38,73.05,100,0.0,3333.3
20816.38,73.17,100,1.2125,3333.3
20816.38,73.29,100,0.0,3333.3
20816.38,73.27,100,0.0,3333.3
20816.38,73.39,100,1.2125,3333.3
20816.38,73.14,100,0.0,3333.3
20816.38,72.97,100,0.0,3333.3
20816.38,71.38,100,1.2125,3333.3
20816.38,72.13,100,0.0,3333.3
20816.38,72.22,100,0.0,3333.3
20816.38,72.19,100,1.2125,3333.3
20816.38,72.04,100,0.0,3333.3
20816.38,72.04,100,0.0,3333.3
20816.38,71.89,100,1.2125,3333.3
20816.38,71.89,100,0.0,3333.3
20816.38,71.9,100,0.0,3333.3
20816.38,71.68,100,2.425,3333.3
20816.38,71.68,100,0.0,3333.3
20816.38,71.17,91,1.2125,3333.3
20816.38,71.17,100,0.0,3333.3
20816.38,71.5,100,0.0,3333.3
20816.38,71.62,100,1.2125,3333.3
20816.38,71.62,100,0.0,3333.3
20816.38,71.64,100,0.0,3333.3
20816.38,71.72,100,1.1875,3333.3
20816.38,71.49,100,0.0,3333.3
20816.38,71.54,100,0.0,3333.3
20816.38,71.6,100,0.0,3333.3
20816.38,72.05,100,1.2125,3333.3
20816.38,72.31,100,0.0,3333.3
20816.38,72.26,100,1.1875,3333.3
20816.38,72.21,100,0.0,3333.3
20816.38,72.13,100,0.0,3333.3
20816.38,72.16,100,1.2125,3333.3
20816.38,72.06,100,0.0,3333.3
20816.38,72.16,100,0.0,3333.3
20816.38,73.89,92,2.425,3333.3
20816.38,73.22,92,1.2125,3333.3
20816.38,73.45,92,0.0,3333.3
20816.38,73.64,100,1.2125,3333.3
20816.38,73.69,100,0.0,3333.3
20816.38,73.69,100,1.2125,3333.3
20816.38,73.71,100,0.0,3333.3
20816.38,73.71,100,0.0,3333.3
20816.38,73.48,100,1.2125,3333.3
20816.38,73.41,100,0.0,3333.3
20816.38,73.41,100,0.0,3333.3
20816.38,73.28,100,1.2125,3333.3
20816.38,71.4,100,0.0,3333.3
20816.38,72.13,100,0.0,3333.3
20816.38,72.11,100,1.2125,3333.3
20816.38,72.1,100,0.0,3333.3
20816.38,71.91,100,0.0,3333.3
20816.38,71.86,100,1.2125,3333.3
20816.38,71.78,100,2.4125,3333.3
20816.38,72.92,100,0.0,3333.3
20816.38,72.12,92,0.0,3333.3
20816.38,72.08,92,1.2125,3333.3
20816.38,72.13,100,0.0,3333.3
20816.38,72.17,100,0.0,3333.3
20816.38,72.16,100,0.0,3333.3
20816.38,72.06,100,1.2125,3333.3
20816.38,71.95,100,0.0,3333.3
20816.38,71.94,100,1.2125,3333.3
20816.38,71.72,100,0.0,3333.3
20816.38,72.03,100,0.0,3333.3
20816.38,71.63,100,1.2125,3333.3
20816.38,71.72,100,0.0,3333.3
20816.38,71.72,100,0.0,3333.3
20816.38,71.81,100,0.0,3333.3
20816.38,71.91,100,1.1875,3333.3
20816.38,71.93,100,0.0,3333.3
20816.38,71.91,100,1.2125,3333.3
20816.38,71.82,100,0.0,3333.3
20816.38,71.9,100,2.4125,3333.3
20816.38,70.53,87,0.0,3333.3
20816.38,70.19,87,0.0,3333.3
20816.38,69.6,99,1.2125,3333.3
20816.38,70.07,99,0.0,3333.3
20816.38,70.34,100,0.0,3333.3
20816.38,70.44,100,1.1875,3333.3
20816.38,70.43,100,0.0,3333.3
20816.38,70.42,100,0.0,3333.3
20816.38,70.31,100,1.225,3333.3
20816.38,70.21,100,0.0,3333.3
20816.38,71.54,100,0.0,3333.3
20816.38,71.45,100,1.2125,3333.3
20816.38,71.99,100,1.2125,3333.3
20816.38,71.99,100,0.0,3333.3
20816.38,72.08,100,1.2125,3333.3
20816.38,72.03,100,0.0,3333.3
20816.38,71.91,100,0.0,3333.3
20816.38,71.91,100,1.2125,3333.3
20816.38,71.84,100,0.0,3333.3
20816.38,71.9,100,0.0,3333.3
20816.38,71.71,100,1.2125,3333.3
20816.38,71.77,100,1.175,3333.3
20816.38,72.22,91,1.2125,3333.3
20816.38,71.76,91,0.0,3333.3
20816.38,71.76,100,1.2,3333.3
20816.38,71.85,100,0.0,3333.3
20816.38,71.94,100,0.0,3333.3
20816.38,72.12,100,1.225,3333.3
20816.38,72.16,100,0.0,3333.3
20816.38,72.06,100,0.0,3333.3
20816.38,71.98,100,0.0,3333.3
20816.38,72.18,100,1.2125,3333.3
20816.38,71.76,100,0.0,3333.3
20816.38,72.29,100,0.0,3333.3
20816.38,72.41,100,0.0,3333.3
20816.38,72.37,100,1.2125,3333.3
20816.38,72.25,100,0.0,3333.3
20816.38,72.09,100,1.2125,3333.3
20816.38,71.98,100,1.2125,3333.3
20816.38,71.98,100,0.0,3333.3
20816.38,72.1,100,0.0,3333.3
20816.38,71.92,100,2.4125,3333.3
20816.38,71.42,100,0.0,3333.3
20816.38,71.42,100,0.0,3333.3
20816.38,71.58,96,1.2125,3333.3
20816.38,71.58,100,0.0,3333.3
20816.38,71.57,100,0.0,3333.3
20816.38,71.58,100,1.2,3333.3
20816.38,71.51,100,0.0,3333.3
20816.38,71.52,100,1.2125,3333.3
20816.38,71.43,100,0.0,3333.3
20816.38,71.45,100,1.2125,3333.3
20816.38,71.43,100,0.0,3333.3
20816.38,72.01,100,1.2125,3333.3
20816.38,72.25,100,0.0,3333.3
20816.38,72.2,100,0.0,3333.3
20816.38,72.19,100,1.2125,3333.3
20816.38,72.08,100,0.0,3333.3
20816.38,71.89,100,0.0,3333.3
20816.38,71.92,100,1.2125,3333.3
20816.38,71.94,100,0.0,3333.3
20816.38,74.17,100,2.3125,3333.3
20816.38,73.48,90,0.0,3333.3
20816.38,73.56,90,0.0,3333.3
20816.38,73.71,90,1.225,3333.3
20816.38,73.71,100,0.0,3333.3
20816.38,73.76,100,0.0,3333.3
20816.38,73.8,100,1.2125,3333.3
20816.38,73.8,100,0.0,3333.3
20816.38,73.67,100,1.2125,3333.3
20816.38,73.76,100,0.0,3333.3
20816.38,73.79,100,0.0,3333.3
20816.38,71.5,100,2.375,3333.3
20816.38,72.22,100,0.0,3333.3
20816.38,72.36,100,1.2125,3333.3
20816.38,72.36,100,0.0,3333.3
20816.38,72.29,100,1.2,3333.3
20816.38,72.16,100,0.0,3333.3
20816.38,72.0,100,0.0,3333.3
20816.38,71.97,100,1.2125,3333.3
20816.38,71.95,100,2.4,3333.3
20816.38,71.8,100,0.0,3333.3
20816.38,71.28,90,0.0,3333.3
20816.38,71.19,90,1.2125,3333.3
20816.38,71.58,100,0.0,3333.3
20816.38,71.69,100,0.0,3333.3
20816.38,71.72,100,1.2,3333.3
20816.38,71.78,100,0.0,3333.3
20816.38,71.67,100,0.0,3333.3
20816.38,71.68,100,1.2125,3333.3
20816.38,71.54,100,0.0,3333.3
20816.38,71.5,100,0.0,3333.3
20816.38,72.04,100,1.2,3333.3
20816.38,72.04,100,0.0,3333.3
20816.38,72.28,100,1.2,3333.3
20816.38,72.19,100,0.0,3333.3
20816.38,72.17,100,0.0,3333.3
20816.38,72.04,100,1.2125,3333.3
20816.38,71.86,100,1.1875,3333.3
20816.38,71.86,100,0.0,3333.3
20816.38,71.79,100,2.425,3333.3
20816.38,73.9,89,0.0,3333.3
20816.38,73.85,89,1.2,3333.3
20816.38,73.79,99,0.0,3333.3
20816.38,73.94,99,1.2,3333.3
20816.38,74.02,100,0.0,3333.3
20816.38,73.96,100,0.0,3333.3
20816.38,74.13,100,1.15,3333.3
20816.38,74.2,100,0.0,3333.3
20816.38,74.12,100,1.2,3333.3
20816.38,74.25,100,0.0,3333.3
20816.38,74.23,100,0.0,3333.3
20816.38,72.18,100,1.2,3333.3
20816.38,72.29,100,0.0,3333.3
20816.38,72.19,100,0.0,3333.3
20816.38,72.05,100,1.2125,3333.3
20816.38,72.04,100,0.0,3333.3
20816.38,71.87,100,0.0,3333.3
20816.38,71.87,100,1.2125,3333.3
20816.38,71.73,100,0.0,3333.3
20816.38,71.72,100,1.2,3333.3
20816.38,71.64,100,1.2125,3333.3
20816.38,71.64,92,2.4375,3333.3
20816.38,73.14,92,0.0,3333.3
20816.38,72.71,100,0.0,3333.3
20816.38,73.0,100,0.0,3333.3
20816.38,73.1,100,1.2125,3333.3
20816.38,73.19,100,0.0,3333.3
20816.38,73.19,100,0.0,3333.3
20816.38,73.18,100,1.2,3333.3
20816.38,73.13,100,0.0,3333.3
20816.38,73.14,100,1.2,3333.3
20816.38,73.18,100,0.0,3333.3
20816.38,71.62,100,0.0,3333.3
20816.38,72.2,100,1.2125,3333.3
20816.38,72.23,100,0.0,3333.3
20816.38,72.19,100,0.0,3333.3
20816.38,72.19,100,1.2125,3333.3
20816.38,72.01,100,0.0,3333.3
20816.38,71.9,100,0.0,3333.3
20816.38,71.91,100,1.2125,3333.3
20816.38,71.95,100,1.2125,3333.3
20816.38,71.88,99,1.2125,3333.3
20816.38,71.32,99,0.0,3333.3
20816.38,71.28,92,0.0,3333.3
20816.38,71.54,92,1.2125,3333.3
20816.38,71.58,100,0.0,3333.3
20816.38,71.61,100,0.0,3333.3
20816.38,71.68,100,1.2125,3333.3
20816.38,71.48,100,1.2125,3333.3
20816.38,71.38,100,0.0,3333.3
20816.38,71.36,100,0.0,3333.3
20816.38,71.36,100,1.225,3333.3
20816.38,71.85,100,0.0,3333.3
20816.38,72.17,100,0.0,3333.3
20816.38,72.09,100,0.0,3333.3
20816.38,72.18,100,1.225,3333.3
20816.38,72.18,100,0.0,3333.3
20816.38,72.06,100,0.0,3333.3
20816.38,71.86,100,1.2125,3333.3
20816.38,71.75,100,0.0,3333.3
20816.38,71.73,100,2.4375,3333.3
20816.38,71.76,100,0.0,3333.3
20816.38,73.76,91,0.0,3333.3
20816.38,73.13,91,0.0,3333.3
20816.38,73.12,100,1.2125,3333.3
20816.38,73.16,100,0.0,3333.3
20816.38,73.14,100,0.0,3333.3
20816.38,73.23,100,1.2,3333.3
20816.38,73.36,100,0.0,3333.3
20816.38,73.43,100,0.0,3333.3
20816.38,73.58,100,1.2125,3333.3
20816.38,73.66,100,0.0,3333.3
20816.38,71.51,100,0.0,3333.3
20816.38,71.52,100,0.0,3333.3
20816.38,72.2,100,2.425,3333.3
20816.38,72.28,100,0.0,3333.3
20816.38,72.28,100,0.0,3333.3
20816.38,72.28,100,1.2125,3333.3
20816.38,72.16,100,0.0,3333.3
20816.38,71.97,100,0.0,3333.3
20816.38,71.97,100,1.2125,3333.3
20816.38,71.86,100,0.0,3333.3
20816.38,71.78,100,2.3375,3333.3
20816.38,71.28,100,0.0,3333.3
20816.38,71.4,88,1.2375,3333.3
20816.38,70.93,88,0.0,3333.3
20816.38,70.88,98,1.2125,3333.3
20816.38,70.89,100,0.0,3333.3
20816.38,71.03,100,0.0,3333.3
20816.38,71.19,100,1.2125,3333.3
20816.38,71.22,100,0.0,3333.3
20816.38,71.2,100,0.0,3333.3
20816.38,71.3,100,0.0,3333.3
20816.38,71.82,100,1.2125,3333.3
20816.38,71.72,100,0.0,3333.3
20816.38,72.25,100,0.0,3333.3
20816.38,72.28,100,1.2125,3333.3
20816.38,72.25,100,0.0,3333.3
20816.38,72.22,100,0.0,3333.3
20816.38,72.13,100,1.2125,3333.3
20816.38,72.13,100,1.2125,3333.3
20816.38,71.8,100,0.0,3333.3
20816.38,71.77,100,0.0,3333.3
20816.38,71.7,100,2.4125,3333.3
20816.38,70.25,100,0.0,3333.3
20816.38,69.59,91,1.2125,3333.3
20816.38,69.59,91,0.0,3333.3
20816.38,69.73,100,0.0,3333.3
20816.38,69.79,100,1.2125,3333.3
20816.38,69.85,100,0.0,3333.3
20816.38,69.7,100,0.0,3333.3
20816.38,69.75,100,0.0,3333.3
20816.38,69.81,100,1.2125,3333.3
20816.38,69.85,100,0.0,3333.3
20816.38,69.86,100,0.0,3333.3
20816.38,71.37,100,1.2125,3333.3
20816.38,72.17,100,0.0,3333.3
20816.38,72.4,100,1.2125,3333.3
20816.38,70.03,93,1.2125,3333.3
20816.38,69.17,93,0.0,3333.3
20816.38,69.18,99,1.2125,3333.3
20816.38,69.46,99,0.0,3333.3
20816.38,69.72,100,0.0,3333.3
20816.38,69.72,100,0.0,3333.3
20816.38,69.8,100,1.2125,3333.3
20816.38,69.9,100,0.0,3333.3
20816.38,69.87,100,1.2,3333.3
20816.38,69.89,100,0.0,3333.3
20816.38,71.44,100,0.0,3333.3
20816.38,71.42,100,0.0,3333.3
20816.38,72.06,100,1.2125,3333.3
20816.38,72.22,100,0.0,3333.3
20816.38,71.97,100,0.0,3333.3
20816.38,71.97,100,1.2125,3333.3
20816.38,71.78,100,1.2125,3333.3
20816.38,71.83,100,0.0,3333.3
20816.38,71.94,100,0.0,3333.3
20816.38,72.06,100,1.2125,3333.3
20816.38,71.73,100,2.4125,3333.3
20816.38,71.72,100,0.0,3333.3
20816.38,71.6,92,0.0,3333.3
20816.38,71.41,92,0.0,3333.3
20816.38,71.42,100,1.2125,3333.3
20816.38,71.58,100,0.0,3333.3
20816.38,71.79,100,0.0,3333.3
20816.38,71.87,100,1.2125,3333.3
20816.38,71.84,100,0.0,3333.3
20816.38,71.75,100,0.0,3333.3
20816.38,71.59,100,1.2125,3333.3
20816.38,71.82,100,0.0,3333.3
20816.38,72.06,100,0.0,3333.3
20816.38,72.35,100,1.2125,3333.3
20816.38,72.28,100,0.0,3333.3
20816.38,72.27,100,0.0,3333.3
20816.38,72.27,100,1.2125,3333.3
20816.38,72.2,100,0.0,3333.3
20816.38,72.17,100,0.0,3333.3
20816.38,72.07,100,2.425,3333.3
20816.38,72.06,100,2.4,3333.3
20816.38,72.03,89,0.0,3333.3
20816.38,73.66,89,0.0,3333.3
20816.38,73.25,100,0.0,3333.3
20816.38,73.54,100,1.2125,3333.3
20816.38,73.61,100,0.0,3333.3
20816.38,73.7,100,0.0,3333.3
20816.38,73.66,100,0.0,3333.3
20816.38,73.67,100,1.2125,3333.3
20816.38,73.7,100,0.0,3333.3
20816.38,73.6,100,0.0,3333.3
20816.38,73.53,100,0.0,3333.3
20816.38,71.7,100,1.25,3333.3
20816.38,71.7,100,0.0,3333.3
20816.38,72.34,100,0.0,3333.3
20816.38,72.34,100,0.0,3333.3
20816.38,72.24,100,2.4875,3333.3
20816.38,72.07,100,0.0,3333.3
20816.38,72.04,100,0.0,3333.3
20816.38,71.98,100,1.2375,3333.3
20816.38,71.95,100,1.2375,3333.3
20816.38,69.56,93,1.2375,3333.3
20816.38,68.97,93,0.0,3333.3
20816.38,68.91,97,0.0,3333.3
20816.38,69.09,100,1.2375,3333.3
20816.38,69.09,100,0.0,3333.3
20816.38,69.07,100,0.0,3333.3
20816.38,69.21,100,0.0,3333.3
20816.38,69.25,100,1.25,3333.3
20816.38,69.2,100,0.0,3333.3
20816.38,69.05,100,0.0,3333.3
20816.38,68.94,100,1.2375,3333.3
20816.38,71.23,100,0.0,3333.3
20816.38,71.93,100,0.0,3333.3
20816.38,72.15,100,1.2375,3333.3
20816.38,72.05,100,0.0,3333.3
20816.38,72.05,100,0.0,3333.3
20816.38,72.02,100,3.7375,3333.3
20816.38,69.64,100,0.0,3333.3
20816.38,68.72,90,1.25,3333.3
20816.38,68.62,90,0.0,3333.3
20816.38,68.94,100,0.0,3333.3
20816.38,69.03,100,0.0,3333.3
20816.38,69.12,100,1.25,3333.3
20816.38,69.23,100,0.0,3333.3
20816.38,69.33,100,0.0,3333.3
20816.38,69.38,100,0.0,3333.3
20816.38,69.13,100,1.2375,3333.3
20816.38,69.05,100,0.0,3333.3
20816.38,71.72,100,1.2375,3333.3
20816.38,71.84,100,0.0,3333.3
20816.38,71.66,100,1.2375,3333.3
20816.38,71.66,100,0.0,3333.3
20816.38,71.85,100,0.0,3333.3
20816.38,71.85,100,1.2125,3333.3
20816.38,71.95,100,0.0,3333.3
20816.38,71.91,100,1.2125,3333.3
20816.38,71.83,100,1.2125,3333.3
20816.38,71.88,100,0.0,3333.3
20816.38,73.33,92,1.2125,3333.3
20816.38,73.2,100,0.0,3333.3
20816.38,72.71,100,1.2125,3333.3
20816.38,72.88,100,0.0,3333.3
20816.38,73.39,100,0.0,3333.3
20816.38,73.45,100,0.0,3333.3
20816.38,73.52,100,1.2125,3333.3
20816.38,73.42,100,0.0,3333.3
20816.38,73.32,100,0.0,3333.3
20816.38,73.3,100,1.2125,3333.3
20816.38,71.54,100,0.0,3333.3
20816.38,71.54,100,0.0,3333.3
20816.38,71.67,100,1.2125,3333.3
20816.38,72.16,100,0.0,3333.3
20816.38,72.07,100,0.0,3333.3
20816.38,72.08,100,1.2125,3333.3
20816.38,72.06,100,0.0,3333.3
20816.38,71.93,100,0.0,3333.3
20816.38,71.84,100,0.0,3333.3
20816.38,71.8,100,1.2125,3333.3
20816.38,71.73,90,2.4375,3333.3
20816.38,68.09,90,0.0,3333.3
20816.38,68.09,90,0.0,3333.3
20816.38,68.45,100,1.2125,3333.3
20816.38,68.5,100,0.0,3333.3
20816.38,68.57,100,0.0,3333.3
20816.38,68.61,100,1.2125,3333.3
20816.38,68.65,100,1.2125,3333.3
20816.38,68.53,100,0.0,3333.3
20816.38,68.5,100,0.0,3333.3
20816.38,68.45,100,1.2125,3333.3
20816.38,71.22,100,0.0,3333.3
20816.38,71.92,100,0.0,3333.3
20816.38,72.04,100,1.1875,3333.3
20816.38,72.11,100,0.0,3333.3
20816.38,72.0,100,0.0,3333.3
20816.38,71.87,100,1.2125,3333.3
20816.38,71.74,100,0.0,3333.3
20816.38,71.74,100,0.0,3333.3
20816.38,71.68,100,1.2125,3333.3
20816.38,71.69,100,1.2125,3333.3
20816.38,71.74,100,1.2,3333.3
20816.38,73.11,92,0.0,3333.3
20816.38,72.66,92,1.2,3333.3
20816.38,72.89,100,0.0,3333.3
20816.38,72.94,100,0.0,3333.3
20816.38,73.09,100,1.2125,3333.3
20816.38,73.01,100,0.0,3333.3
20816.38,72.97,100,0.0,3333.3
20816.38,73.0,100,1.2125,3333.3
20816.38,73.08,100,0.0,3333.3
20816.38,73.05,100,0.0,3333.3
20816.38,71.75,100,0.0,3333.3
20816.38,72.38,100,1.2,3333.3
20816.38,72.41,100,0.0,3333.3
20816.38,72.42,100,0.0,3333.3
20816.38,72.16,100,2.425,3333.3
20816.38,72.14,100,0.0,3333.3
20816.38,72.08,100,0.0,3333.3
20816.38,72.14,100,1.2125,3333.3
20816.38,72.0,100,2.4125,3333.3
20816.38,72.09,89,0.0,3333.3
20816.38,71.98,89,0.0,3333.3
20816.38,71.6,100,1.2,3333.3
20816.38,71.62,100,0.0,3333.3
20816.38,71.62,100,0.0,3333.3
20816.38,71.64,100,1.2125,3333.3
20816.38,71.76,100,0.0,3333.3
20816.38,71.88,100,0.0,3333.3
20816.38,71.92,100,1.2125,3333.3
20816.38,71.88,100,0.0,3333.3
20816.38,71.9,100,0.0,3333.3
20816.38,71.75,100,1.2125,3333.3
20816.38,71.82,100,0.0,3333.3
20816.38,72.24,100,0.0,3333.3
20816.38,72.22,100,0.0,3333.3
20816.38,72.22,100,1.2125,3333.3
20816.38,72.07,100,0.0,3333.3
20816.38,71.89,100,0.0,3333.3
20816.38,71.85,100,1.2125,3333.3
20816.38,71.88,100,0.0,3333.3
20816.38,71.88,100,0.0,3333.3
20816.38,71.76,100,2.425,3333.3
20816.38,69.3,92,0.0,3333.3
20816.38,68.64,92,1.2,3333.3
20816.38,68.51,99,0.0,3333.3
20816.38,68.52,99,0.0,3333.3
20816.38,68.44,100,1.2125,3333.3
20816.38,68.55,100,0.0,3333.3
20816.38,68.77,100,1.2125,3333.3
20816.38,68.8,100,0.0,3333.3
20816.38,68.73,100,1.2125,3333.3
20816.38,68.8,100,0.0,3333.3
20816.38,68.8,100,1.2125,3333.3
20816.38,71.26,100,0.0,3333.3
20816.38,71.97,100,0.0,3333.3
20816.38,72.15,100,1.2125,3333.3
20816.38,72.13,100,0.0,3333.3
20816.38,72.17,100,0.0,3333.3
20816.38,72.03,100,1.175,3333.3
20816.38,71.76,89,2.3625,3333.3
20816.38,68.69,89,0.0,3333.3
20816.38,68.7,100,1.225,3333.3
20816.38,68.66,100,0.0,3333.3
20816.38,69.0,100,0.0,3333.3
20816.38,69.28,100,0.0,3333.3
20816.38,69.35,100,0.0,3333.3
20816.38,69.34,100,1.25,3333.3
20816.38,69.32,100,0.0,3333.3
20816.38,69.32,100,0.0,3333.3
20816.38,69.03,100,1.25,3333.3
20816.38,69.03,100,0.0,3333.3
20816.38,71.95,100,0.0,3333.3
20816.38,72.33,100,0.0,3333.3
20816.38,72.25,100,1.25,3333.3
20816.38,72.2,100,0.0,3333.3
20816.38,72.2,100,0.0,3333.3
20816.38,72.16,100,0.0,3333.3
20816.38,72.16,100,1.25,3333.3
20816.38,72.0,100,0.0,3333.3
20816.38,71.78,100,0.0,3333.3
20816.38,71.88,100,2.4875,3333.3
20816.38,72.44,93,0.0,3333.3
20816.38,72.08,93,1.25,3333.3
20816.38,72.22,100,0.0,3333.3
20816.38,72.34,100,0.0,3333.3
20816.38,72.38,100,1.25,3333.3
20816.38,72.43,100,0.0,3333.3
20816.38,72.32,100,0.0,3333.3
20816.38,72.31,100,1.25,3333.3
20816.38,72.22,100,0.0,3333.3
20816.38,72.37,100,0.0,3333.3
20816.38,72.41,100,0.0,3333.3
20816.38,71.67,100,1.2375,3333.3
20816.38,72.2,100,0.0,3333.3
20816.38,72.25,100,0.0,3333.3
20816.38,72.16,100,1.25,3333.3
20816.38,72.15,100,0.0,3333.3
20816.38,71.92,100,0.0,3333.3
20816.38,71.89,100,1.25,3333.3
20816.38,71.89,100,1.2375,3333.3
20816.38,72.06,100,0.0,3333.3
20816.38,71.45,94,0.0,3333.3
20816.38,71.52,94,0.0,3333.3
20816.38,71.52,100,1.2375,3333.3
20816.38,72.07,100,0.0,3333.3
20816.38,72.14,100,0.0,3333.3
20816.38,72.17,100,1.25,3333.3
20816.38,72.13,100,1.2375,3333.3
20816.38,72.16,100,0.0,3333.3
20816.38,72.26,100,1.225,3333.3
20816.38,72.15,100,0.0,3333.3
20816.38,71.9,100,0.0,3333.3
20816.38,72.33,100,0.0,3333.3
20816.38,72.41,100,1.2125,3333.3
20816.38,72.36,100,0.0,3333.3
20816.38,72.28,100,0.0,3333.3
20816.38,72.05,100,1.2125,3333.3
20816.38,72.05,100,0.0,3333.3
20816.38,72.02,100,0.0,3333.3
20816.38,72.05,100,2.4375,3333.3
20816.38,71.8,100,1.2125,3333.3
20816.38,71.54,91,0.0,3333.3
20816.38,71.44,91,0.0,3333.3
20816.38,71.76,100,0.0,3333.3
20816.38,71.91,100,1.2125,3333.3
20816.38,72.03,100,0.0,3333.3
20816.38,72.05,100,0.0,3333.3
20816.38,72.04,100,1.2125,3333.3
20816.38,71.89,100,0.0,3333.3
20816.38,71.75,100,0.0,3333.3
20816.38,71.67,100,0.0,3333.3
20816.38,71.97,100,1.2125,3333.3
20816.38,72.31,100,0.0,3333.3
20816.38,72.28,100,0.0,3333.3
20816.38,72.21,100,1.1875,3333.3
20816.38,72.09,100,0.0,3333.3
20816.38,72.09,100,1.2125,3333.3
20816.38,71.95,100,0.0,3333.3
20816.38,71.89,100,3.65,3333.3
20816.38,71.82,100,0.0,3333.3
20816.38,71.39,94,0.0,3333.3
20816.38,71.62,94,1.2125,3333.3
20816.38,71.82,100,0.0,3333.3
20816.38,71.94,100,0.0,3333.3
20816.38,71.89,100,0.0,3333.3
20816.38,71.85,100,1.2375,3333.3
20816.38,71.75,100,0.0,3333.3
20816.38,71.7,100,0.0,3333.3
20816.38,71.83,100,0.0,3333.3
20816.38,71.63,100,1.25,3333.3
20816.38,71.66,100,0.0,3333.3
20816.38,72.12,100,0.0,3333.3
20816.38,72.18,100,1.25,3333.3
20816.38,72.23,100,0.0,3333.3
20816.38,72.19,100,0.0,3333.3
20816.38,72.19,100,1.2375,3333.3
20816.38,72.31,100,0.0,3333.3
20816.38,72.39,100,0.0,3333.3
20816.38,71.97,100,2.4875,3333.3
20816.38,71.28,100,0.0,3333.3
20816.38,71.2,92,0.0,3333.3
20816.38,71.4,92,1.2375,3333.3
20816.38,71.4,100,0.0,3333.3
20816.38,71.52,100,0.0,3333.3
20816.38,71.53,100,1.2375,3333.3
20816.38,71.34,100,0.0,3333.3
20816.38,71.46,100,0.0,3333.3
20816.38,71.34,100,1.2375,3333.3
20816.38,71.15,100,0.0,3333.3
20816.38,71.08,100,0.0,3333.3
20816.38,71.19,100,0.0,3333.3
20816.38,71.88,100,1.2375,3333.3
20816.38,72.14,100,1.2125,3333.3
20816.38,72.0,100,1.2375,3333.3
20816.38,72.98,90,0.0,3333.3
20816.38,72.12,90,0.0,3333.3
20816.38,72.06,100,1.2375,3333.3
20816.38,72.07,100,0.0,3333.3
20816.38,72.25,100,0.0,3333.3
20816.38,72.29,100,1.25,3333.3
20816.38,72.39,100,0.0,3333.3
20816.38,72.63,100,0.0,3333.3
20816.38,72.7,100,1.25,3333.3
20816.38,72.51,100,0.0,3333.3
20816.38,71.36,100,1.2375,3333.3
20816.38,72.07,100,0.0,3333.3
20816.38,72.07,100,1.2375,3333.3
20816.38,72.28,100,0.0,3333.3
20816.38,72.22,100,0.0,3333.3
20816.38,72.05,100,1.2125,3333.3
20816.38,71.92,100,0.0,3333.3
20816.38,72.02,100,0.0,3333.3
20816.38,72.02,100,0.0,3333.3
20816.38,72.02,100,1.2125,3333.3
20816.38,71.85,100,2.425,3333.3
20816.38,70.19,94,0.0,3333.3
20816.38,69.63,94,0.0,3333.3
20816.38,69.57,100,1.2125,3333.3
20816.38,69.59,100,0.0,3333.3
20816.38,69.77,100,0.0,3333.3
20816.38,69.78,100,1.2125,3333.3
20816.38,69.84,100,0.0,3333.3
20816.38,69.82,100,0.0,3333.3
20816.38,69.78,100,0.0,3333.3
20816.38,69.79,100,1.2125,3333.3
20816.38,71.32,100,0.0,3333.3
20816.38,71.98,100,0.0,3333.3
20816.38,72.14,100,1.1875,3333.3
20816.38,72.14,100,0.0,3333.3
20816.38,71.96,100,1.2125,3333.3
20816.38,71.93,100,0.0,3333.3
20816.38,72.03,100,0.0,3333.3
20816.38,72.09,100,1.225,3333.3
20816.38,72.09,100,0.0,3333.3
20816.38,73.7,100,2.4375,3333.3
20816.38,73.22,92,0.0,3333.3
20816.38,73.47,92,0.0,3333.3
20816.38,73.6,100,1.2125,3333.3
20816.38,73.51,100,1.2125,3333.3
20816.38,73.67,100,0.0,3333.3
20816.38,73.67,100,0.0,3333.3
20816.38,73.59,100,1.2125,3333.3
20816.38,73.59,100,0.0,3333.3
20816.38,73.58,100,0.0,3333.3
20816.38,73.48,100,1.225,3333.3
20816.38,71.63,100,0.0,3333.3
20816.38,72.28,100,0.0,3333.3
20816.38,72.28,100,1.2125,3333.3
20816.38,72.2,100,0.0,3333.3
20816.38,72.14,100,0.0,3333.3
20816.38,72.1,100,0.0,3333.3
20816.38,72.0,100,1.2375,3333.3
20816.38,72.08,100,0.0,3333.3
20816.38,71.85,100,2.4875,3333.3
20816.38,73.38,90,0.0,3333.3
20816.38,72.98,90,0.0,3333.3
20816.38,72.94,90,0.0,3333.3
20816.38,72.78,100,1.25,3333.3
20816.38,72.62,100,0.0,3333.3
20816.38,72.62,100,0.0,3333.3
20816.38,72.47,100,0.0,3333.3
20816.38,72.39,100,1.2375,3333.3
20816.38,72.39,100,0.0,3333.3
20816.38,72.25,100,0.0,3333.3
20816.38,72.39,100,1.25,3333.3
20816.38,72.55,100,0.0,3333.3
20816.38,71.4,100,0.0,3333.3
20816.38,71.58,100,1.25,3333.3
20816.38,71.66,100,0.0,3333.3
20816.38,71.7,100,0.0,3333.3
20816.38,71.63,100,2.475,3333.3
20816.38,71.72,100,0.0,3333.3
20816.38,71.68,100,0.0,3333.3
20816.38,71.93,100,2.475,3333.3
20816.38,73.79,87,1.2375,3333.3
20816.38,73.46,87,0.0,3333.3
20816.38,72.81,100,1.2375,3333.3
20816.38,72.9,100,0.0,3333.3
20816.38,73.17,100,0.0,3333.3
20816.38,73.39,100,1.25,3333.3
20816.38,73.39,100,0.0,3333.3
20816.38,73.54,100,0.0,3333.3
20816.38,73.54,100,1.25,3333.3
20816.38,73.5,100,0.0,3333.3
20816.38,73.29,100,0.0,3333.3
20816.38,71.24,100,1.25,3333.3
20816.38,71.31,100,0.0,3333.3
20816.38,71.97,100,0.0,3333.3
20816.38,72.09,100,1.2375,3333.3
20816.38,72.0,100,0.0,3333.3
20816.38,71.83,100,0.0,3333.3
20816.38,71.86,100,1.225,3333.3
20816.38,71.96,100,0.0,3333.3
20816.38,71.93,100,0.0,3333.3
20816.38,71.97,100,0.0,3333.3
20816.38,71.83,100,0.0,3333.3
20816.38,71.8,100,3.65,3333.3
20816.38,72.5,100,0.0,3333.3
20816.38,72.12,90,0.0,3333.3
20816.38,72.21,90,1.2125,3333.3
20816.38,72.26,100,0.0,3333.3
20816.38,72.51,100,0.0,3333.3
20816.38,72.46,100,1.2125,3333.3
20816.38,72.46,100,0.0,3333.3
20816.38,72.49,100,1.2125,3333.3
20816.38,72.65,100,1.2,3333.3
20816.38,72.64,100,0.0,3333.3
20816.38,71.92,100,0.0,3333.3
20816.38,71.92,100,1.2125,3333.3
20816.38,72.33,100,0.0,3333.3
20816.38,72.33,100,0.0,3333.3
20816.38,72.31,100,1.2125,3333.3
20816.38,72.13,100,0.0,3333.3
20816.38,72.06,100,0.0,3333.3
20816.38,72.02,100,0.0,3333.3
20816.38,71.8,100,1.2,3333.3
20816.38,71.8,100,2.425,3333.3
20816.38,68.86,91,0.0,3333.3
20816.38,68.34,91,0.0,3333.3
20816.38,68.38,100,1.2125,3333.3
20816.38,68.59,100,0.0,3333.3
20816.38,68.6,100,0.0,3333.3
20816.38,68.73,100,1.2125,3333.3
20816.38,68.71,100,0.0,3333.3
20816.38,68.66,100,1.2,3333.3
20816.38,68.58,100,1.2125,3333.3
20816.38,68.62,100,0.0,3333.3
20816.38,71.27,100,0.0,3333.3
20816.38,71.78,100,1.2,3333.3
20816.38,72.17,100,0.0,3333.3
20816.38,72.14,100,0.0,3333.3
20816.38,72.23,100,1.2125,3333.3
20816.38,72.18,100,0.0,3333.3
20816.38,71.96,100,0.0,3333.3
20816.38,71.95,100,1.2125,3333.3
20816.38,71.98,100,0.0,3333.3
20816.38,71.64,100,2.425,3333.3
20816.38,71.06,90,0.0,3333.3
20816.38,71.21,90,1.2,3333.3
20816.38,71.2,100,0.0,3333.3
20816.38,71.25,100,0.0,3333.3
20816.38,71.19,100,1.2125,3333.3
20816.38,71.19,100,1.2,3333.3
20816.38,71.12,100,0.0,3333.3
20816.38,71.11,100,0.0,3333.3
20816.38,71.02,100,1.2125,3333.3
20816.38,71.06,100,0.0,3333.3
20816.38,71.06,100,0.0,3333.3
20816.38,72.08,100,1.2125,3333.3
20816.38,72.23,100,0.0,3333.3
20816.38,72.23,100,0.0,3333.3
20816.38,72.21,100,1.2125,3333.3
20816.38,72.21,100,0.0,3333.3
20816.38,72.15,100,0.0,3333.3
20816.38,72.07,100,1.2125,3333.3
20816.38,72.0,100,0.0,3333.3
20816.38,71.99,100,2.4375,3333.3
20816.38,73.55,100,0.0,3333.3
20816.38,73.13,90,0.0,3333.3
20816.38,73.18,90,1.225,3333.3
20816.38,73.26,100,0.0,3333.3
20816.38,73.22,100,0.0,3333.3
20816.38,73.24,100,1.2125,3333.3
20816.38,73.26,100,0.0,3333.3
20816.38,73.26,100,0.0,3333.3
20816.38,73.41,100,0.0,3333.3
20816.38,73.38,100,1.2125,3333.3
20816.38,71.66,100,0.0,3333.3
20816.38,72.18,100,0.0,3333.3
20816.38,72.28,100,2.325,3333.3
20818.38,73.24,100,1.2125,3333.3
20818.38,72.51,93,1.175,3333.3
20818.38,72.43,93,0.0,3333.3
20818.38,72.4,100,1.2125,3333.3
20818.38,72.54,100,0.0,3333.3
20818.38,72.49,100,0.0,3333.3
20818.38,72.48,100,1.1875,3333.3
20818.38,72.41,100,0.0,3333.3
20818.38,72.63,100,0.0,3333.3
20818.38,72.89,100,1.2125,3333.3
20818.38,72.71,100,0.0,3333.3
20818.38,71.51,100,0.0,3333.3
20818.38,72.23,100,1.2125,3333.3
20818.38,72.23,100,0.0,3333.3
20818.38,72.19,100,0.0,3333.3
20818.38,72.01,100,1.2125,3333.3
20818.38,72.01,100,0.0,3333.3
20818.38,71.89,100,0.0,3333.3
20818.38,72.1,100,1.2125,3333.3
20818.38,72.21,100,1.2,3333.3
20818.38,72.05,100,1.2125,3333.3
20818.38,71.84,90,0.0,3333.3
20818.38,71.67,90,0.0,3333.3
20818.38,71.69,100,1.2125,3333.3
20818.38,71.71,100,0.0,3333.3
20818.38,71.76,100,1.225,3333.3
20818.38,71.74,100,1.2125,3333.3
20818.38,71.86,100,0.0,3333.3
20818.38,71.94,100,0.0,3333.3
20818.38,71.88,100,1.2125,3333.3
20818.38,71.88,100,0.0,3333.3
20818.38,71.71,100,0.0,3333.3
20818.38,71.9,100,0.0,3333.3
20818.38,72.25,100,1.2125,3333.3
20818.38,72.25,100,0.0,3333.3
20818.38,71.98,100,0.0,3333.3
20818.38,71.93,100,0.0,3333.3
20818.38,72.02,100,1.2,3333.3
20818.38,71.91,100,2.425,3333.3
20818.38,72.58,100,1.225,3333.3
20818.38,71.98,88,0.0,3333.3
20818.38,72.29,88,0.0,3333.3
20818.38,72.63,100,1.2125,3333.3
20818.38,72.74,100,0.0,3333.3
20818.38,72.69,100,1.2125,3333.3
20818.38,72.73,100,0.0,3333.3
20818.38,72.78,100,0.0,3333.3
20818.38,72.78,100,1.2125,3333.3
20818.38,72.78,100,0.0,3333.3
20818.38,72.63,100,0.0,3333.3
20818.38,71.82,100,0.0,3333.3
20818.38,71.82,100,1.2125,3333.3
20818.38,72.34,100,0.0,3333.3
20818.38,72.24,100,0.0,3333.3
20818.38,72.2,100,1.2125,3333.3
20818.38,72.08,100,0.0,3333.3
20818.38,72.08,100,0.0,3333.3
20818.38,71.92,100,0.0,3333.3
20818.38,71.88,100,2.425,3333.3
20818.38,71.69,100,0.0,3333.3
20818.38,71.53,92,1.2125,3333.3
20818.38,71.43,92,0.0,3333.3
20818.38,71.61,100,0.0,3333.3
20818.38,71.63,100,0.0,3333.3
20818.38,71.65,100,1.2125,3333.3
20818.38,71.66,100,0.0,3333.3
20818.38,71.6,100,1.2125,3333.3
20818.38,71.59,100,0.0,3333.3
20818.38,71.59,100,0.0,3333.3
20818.38,71.63,100,1.2125,3333.3
20818.38,71.84,100,1.2125,3333.3
20818.38,72.16,100,0.0,3333.3
20818.38,72.15,100,0.0,3333.3
20818.38,72.22,100,1.2125,3333.3
20818.38,72.16,100,0.0,3333.3
20818.38,71.99,100,0.0,3333.3
20818.38,71.99,100,1.2125,3333.3
20818.38,71.87,100,0.0,3333.3
20818.38,71.74,100,2.425,3333.3
20818.38,71.74,90,0.0,3333.3
20818.38,72.34,90,0.0,3333.3
20818.38,71.74,100,1.2125,3333.3
20818.38,72.21,100,0.0,3333.3
20818.38,72.27,100,0.0,3333.3
20818.38,72.19,100,0.0,3333.3
20818.38,72.26,100,1.2125,3333.3
20818.38,72.28,100,0.0,3333.3
20818.38,72.24,100,0.0,3333.3
20818.38,72.18,100,0.0,3333.3
20818.38,72.09,100,1.1875,3333.3
20818.38,71.4,100,0.0,3333.3
20818.38,72.06,100,1.2125,3333.3
20818.38,72.13,100,0.0,3333.3
20818.38,72.06,100,0.0,3333.3
20818.38,72.02,100,0.0,3333.3
20818.38,71.92,100,1.1875,3333.3
20818.38,71.76,100,0.0,3333.3
20818.38,71.76,100,0.0,3333.3
20818.38,70.82,100,2.425,3333.3
20818.38,70.82,97,0.0,3333.3
20818.38,70.32,97,1.2,3333.3
20818.38,70.17,94,0.0,3333.3
20818.38,70.39,94,1.1875,3333.3
20818.38,70.39,100,0.0,3333.3
20818.38,70.43,100,0.0,3333.3
20818.38,70.45,100,1.2125,3333.3
20818.38,70.46,100,1.225,3333.3
20818.38,70.35,100,0.0,3333.3
20818.38,70.22,100,0.0,3333.3
20818.38,70.29,100,1.2125,3333.3
20818.38,71.78,100,0.0,3333.3
20818.38,72.14,100,0.0,3333.3
20818.38,72.12,100,1.2125,3333.3
20818.38,72.17,100,0.0,3333.3
20818.38,72.08,100,0.0,3333.3
20818.38,71.88,100,1.2125,3333.3
20818.38,71.73,100,0.0,3333.3
20818.38,71.85,100,0.0,3333.3
20818.38,71.97,100,2.425,3333.3
20818.38,73.99,100,1.2,3333.3
20818.38,73.38,90,0.0,3333.3
20818.38,73.54,90,0.0,3333.3
20818.38,73.73,100,1.2125,3333.3
20818.38,73.83,100,0.0,3333.3
20818.38,73.83,100,0.0,3333.3
20818.38,73.88,100,1.2125,3333.3
20818.38,73.86,100,0.0,3333.3
20818.38,73.79,100,0.0,3333.3
20818.38,73.65,100,1.2125,3333.3
20818.38,71.49,100,0.0,3333.3
20818.38,72.19,100,0.0,3333.3
20818.38,72.27,100,1.2125,3333.3
20818.38,72.27,100,1.2125,3333.3
20818.38,72.16,100,0.0,3333.3
20818.38,72.16,100,0.0,3333.3
20818.38,71.97,100,1.2125,3333.3
20818.38,71.93,100,0.0,3333.3
20818.38,71.82,100,0.0,3333.3
20818.38,71.9,100,2.425,3333.3
20818.38,71.8,89,0.0,3333.3
20818.38,72.88,89,1.2125,3333.3
20818.38,72.81,100,0.0,3333.3
20818.38,72.26,100,0.0,3333.3
20818.38,72.27,100,1.2125,3333.3
20818.38,72.28,100,0.0,3333.3
20818.38,72.42,100,0.0,3333.3
20818.38,72.49,100,1.2125,3333.3
20818.38,72.51,100,0.0,3333.3
20818.38,72.5,100,0.0,3333.3
20818.38,72.56,100,1.2,3333.3
20818.38,71.41,100,0.0,3333.3
20818.38,71.44,100,0.0,3333.3
20818.38,72.03,100,1.225,3333.3
20818.38,72.06,100,0.0,3333.3
20818.38,72.13,100,0.0,3333.3
20818.38,72.13,100,0.0,3333.3
20818.38,71.99,100,1.2125,3333.3
20818.38,71.9,100,0.0,3333.3
20818.38,71.85,100,0.0,3333.3
20818.38,71.81,100,1.2125,3333.3
20818.38,69.13,90,1.2125,3333.3
20818.38,68.61,90,1.225,3333.3
20818.38,68.55,100,0.0,3333.3
20818.38,68.54,100,0.0,3333.3
20818.38,68.5,100,1.2125,3333.3
20818.38,68.53,100,0.0,3333.3
20818.38,68.69,100,0.0,3333.3
20818.38,68.69,100,1.2125,3333.3
20818.38,68.74,100,0.0,3333.3
20818.38,68.75,100,0.0,3333.3
20818.38,68.64,100,1.2125,3333.3
20818.38,68.65,100,0.0,3333.3
20818.38,71.38,100,0.0,3333.3
20818.38,72.01,100,0.0,3333.3
20818.38,72.19,100,1.2125,3333.3
20818.38,72.14,100,0.0,3333.3
20818.38,71.98,100,0.0,3333.3
20818.38,71.88,100,1.2125,3333.3
20818.38,71.81,100,2.425,3333.3
20818.38,73.75,100,0.0,3333.3
20818.38,73.14,92,1.2125,3333.3
20818.38,73.15,92,0.0,3333.3
20818.38,73.39,100,0.0,3333.3
20818.38,73.63,100,0.0,3333.3
20818.38,73.67,100,1.225,3333.3
20818.38,73.69,100,0.0,3333.3
20818.38,73.66,100,0.0,3333.3
20818.38,73.68,100,0.0,3333.3
20818.38,73.59,100,1.2,3333.3
20818.38,73.5,100,0.0,3333.3
20818.38,71.45,100,1.2125,3333.3
20818.38,72.08,100,0.0,3333.3
20818.38,72.12,100,0.0,3333.3
20818.38,72.21,100,1.2125,3333.3
20818.38,72.21,100,0.0,3333.3
20818.38,72.12,100,0.0,3333.3
20818.38,72.12,100,0.0,3333.3
20818.38,72.05,100,1.225,3333.3
20818.38,71.86,100,1.225,3333.3
20818.38,71.77,100,1.225,3333.3
20818.38,71.57,90,0.0,3333.3
20818.38,71.57,90,0.0,3333.3
20818.38,71.94,100,0.0,3333.3
20818.38,72.18,100,1.225,3333.3
20818.38,72.29,100,0.0,3333.3
20818.38,72.28,100,0.0,3333.3
20818.38,72.19,100,0.0,3333.3
20818.38,72.08,100,0.0,3333.3
20818.38,72.0,100,1.225,3333.3
20818.38,71.93,100,1.225,3333.3
20818.38,71.97,100,2.425,3333.3
20818.38,69.88,90,0.0,3333.3
20818.38,69.61,90,0.0,3333.3
20818.38,69.26,100,0.0,3333.3
20818.38,69.25,100,0.0,3333.3
20818.38,69.26,100,1.2125,3333.3
20818.38,69.38,100,0.0,3333.3
20818.38,69.4,100,0.0,3333.3
20818.38,69.38,100,1.225,3333.3
20818.38,69.24,100,0.0,3333.3
20818.38,69.29,100,0.0,3333.3
20818.38,71.39,100,0.0,3333.3
20818.38,71.39,100,0.0,3333.3
20818.38,72.1,100,0.0,3333.3
20818.38,72.12,100,1.2125,3333.3
20818.38,72.12,100,0.0,3333.3
20818.38,72.06,100,3.6625,3333.3
20818.38,72.67,94,0.0,3333.3
20818.38,71.88,94,0.0,3333.3
20818.38,71.92,100,0.0,3333.3
20818.38,72.19,100,1.2125,3333.3
20818.38,72.19,100,0.0,3333.3
20818.38,72.37,100,0.0,3333.3
20818.38,72.58,100,1.2125,3333.3
20818.38,72.52,100,0.0,3333.3
20818.38,72.48,100,0.0,3333.3
20818.38,72.39,100,1.2125,3333.3
20818.38,72.28,100,0.0,3333.3
20818.38,71.28,100,0.0,3333.3
20818.38,71.93,100,0.0,3333.3
20818.38,71.98,100,1.225,3333.3
20818.38,71.87,100,0.0,3333.3
20818.38,72.05,100,0.0,3333.3
20818.38,72.06,100,0.0,3333.3
20818.38,72.09,100,0.0,3333.3
20818.38,71.95,100,1.225,3333.3
20818.38,71.83,100,1.225,3333.3
20818.38,72.38,100,1.225,3333.3
20818.38,72.12,93,0.0,3333.3
20818.38,72.24,93,1.2125,3333.3
20818.38,72.29,93,0.0,3333.3
20818.38,72.42,100,1.225,3333.3
20818.38,72.41,100,0.0,3333.3
20818.38,72.41,100,0.0,3333.3
20818.38,72.39,100,0.0,3333.3
20818.38,72.38,100,1.2125,3333.3
20818.38,72.31,100,0.0,3333.3
20818.38,72.37,100,0.0,3333.3
20818.38,72.2,100,1.2125,3333.3
20818.38,71.51,100,0.0,3333.3
20818.38,71.92,100,0.0,3333.3
20818.38,71.96,100,2.4125,3333.3
20818.38,72.15,90,0.0,3333.3
20818.38,72.04,90,1.2125,3333.3
20818.38,72.14,100,0.0,3333.3
20818.38,72.32,100,0.0,3333.3
20818.38,72.42,100,1.2125,3333.3
20818.38,72.22,100,0.0,3333.3
20818.38,72.37,100,0.0,3333.3
20818.38,72.53,100,1.2,3333.3
20818.38,72.63,100,0.0,3333.3
20818.38,72.61,100,0.0,3333.3
20818.38,72.52,100,1.2125,3333.3
20818.38,72.48,100,0.0,3333.3
20818.38,72.44,100,0.0,3333.3
20818.38,72.18,100,1.2125,3333.3
20818.38,72.08,100,0.0,3333.3
20818.38,72.09,100,1.2125,3333.3
20818.38,72.06,100,0.0,3333.3
20818.38,72.06,100,0.0,3333.3
20818.38,71.97,100,2.3,3333.3
20818.38,73.77,100,1.1875,3333.3
20818.38,73.03,89,1.2375,3333.3
20818.38,73.03,89,0.0,3333.3
20818.38,73.1,100,0.0,3333.3
20818.38,73.1,100,1.2125,3333.3
20818.38,73.2,100,0.0,3333.3
20818.38,73.41,100,0.0,3333.3
20818.38,73.5,100,0.0,3333.3
20818.38,73.66,100,1.2125,3333.3
20818.38,73.59,100,0.0,3333.3
20818.38,73.43,100,0.0,3333.3
20818.38,71.38,100,1.2125,3333.3
20818.38,72.13,100,0.0,3333.3
20818.38,72.2,100,0.0,3333.3
20818.38,72.25,100,1.2125,3333.3
20818.38,72.11,100,0.0,3333.3
20818.38,71.97,100,0.0,3333.3
20818.38,71.93,100,0.0,3333.3
20818.38,71.97,100,1.2125,3333.3
20818.38,71.8,100,1.225,3333.3
20818.38,71.66,100,1.1625,3333.3
20818.38,71.82,91,1.225,3333.3
20818.38,71.62,91,0.0,3333.3
20818.38,71.8,100,0.0,3333.3
20818.38,71.79,100,0.0,3333.3
20818.38,71.94,100,0.0,3333.3
20818.38,71.93,100,1.2125,3333.3
20818.38,71.93,100,0.0,3333.3
20818.38,72.01,100,0.0,3333.3
20818.38,71.85,100,0.0,3333.3
20818.38,72.08,100,1.225,3333.3
20818.38,72.11,100,0.0,3333.3
20818.38,71.91,100,0.0,3333.3
20818.38,72.33,100,1.225,3333.3
20818.38,72.39,100,0.0,3333.3
20818.38,72.3,100,0.0,3333.3
20818.38,72.05,100,0.0,3333.3
20818.38,72.05,100,1.225,3333.3
20818.38,71.92,100,0.0,3333.3
20818.38,71.97,100,0.0,3333.3
20818.38,69.64,100,1.25,3333.3
20818.38,68.99,92,1.1875,3333.3
20818.38,69.03,92,0.0,3333.3
20818.38,69.22,100,0.0,3333.3
20818.38,69.27,100,1.2125,3333.3
20818.38,69.43,100,0.0,3333.3
20818.38,69.43,100,0.0,3333.3
20818.38,69.43,100,0.0,3333.3
20818.38,69.37,100,1.225,3333.3
20818.38,69.4,100,0.0,3333.3
20818.38,69.34,100,0.0,3333.3
20818.38,69.36,100,0.0,3333.3
20818.38,72.07,100,1.2125,3333.3
20818.38,72.23,100,0.0,3333.3
20818.38,72.23,100,2.425,3333.3
20818.38,71.38,97,0.0,3333.3
20818.38,71.25,97,0.0,3333.3
20818.38,71.22,90,1.2125,3333.3
20818.38,71.03,90,0.0,3333.3
20818.38,71.22,100,1.2,3333.3
20818.38,71.46,100,0.0,3333.3
20818.38,71.52,100,0.0,3333.3
20818.38,71.78,100,1.2125,3333.3
20818.38,72.01,100,1.2125,3333.3
20818.38,71.88,100,0.0,3333.3
20818.38,71.83,100,0.0,3333.3
20818.38,72.62,100,1.2125,3333.3
20818.38,72.24,100,0.0,3333.3
20818.38,72.03,100,0.0,3333.3
20818.38,72.34,100,0.0,3333.3
20818.38,72.08,100,1.2125,3333.3
20818.38,72.1,100,0.0,3333.3
20818.38,72.05,100,0.0,3333.3
20818.38,72.0,100,1.2125,3333.3
20818.38,72.2,100,1.15,3333.3
20818.38,71.37,100,1.2125,3333.3
20818.38,70.39,91,0.0,3333.3
20818.38,70.49,91,0.0,3333.3
20818.38,70.78,100,1.225,3333.3
20818.38,70.84,100,0.0,3333.3
20818.38,70.84,100,0.0,3333.3
20818.38,70.73,100,0.0,3333.3
20818.38,70.83,100,1.2125,3333.3
20818.38,70.91,100,0.0,3333.3
20818.38,70.86,100,0.0,3333.3
20818.38,70.71,100,0.0,3333.3
20818.38,71.28,100,0.0,3333.3
20818.38,72.01,100,1.225,3333.3
20818.38,72.18,100,0.0,3333.3
20818.38,72.14,100,0.0,3333.3
20818.38,72.04,100,0.0,3333.3
20818.38,71.97,100,1.2125,3333.3
20818.38,72.01,100,0.0,3333.3
20818.38,72.04,100,0.0,3333.3
20818.38,71.99,100,2.25,3333.3
20818.38,71.95,91,1.2,3333.3
20818.38,72.43,91,0.0,3333.3
20818.38,72.24,99,1.225,3333.3
20818.38,71.77,99,0.0,3333.3
20818.38,71.81,100,0.0,3333.3
20818.38,71.93,100,1.225,3333.3
20818.38,72.08,100,0.0,3333.3
20818.38,72.07,100,0.0,3333.3
20818.38,72.07,100,0.0,3333.3
20818.38,72.08,100,1.2125,3333.3
20818.38,72.06,100,0.0,3333.3
20818.38,72.06,100,0.0,3333.3
20818.38,71.51,100,0.0,3333.3
20818.38,71.67,100,1.2125,3333.3
20818.38,72.24,100,0.0,3333.3
20818.38,72.27,100,1.2125,3333.3
20818.38,72.32,100,0.0,3333.3
20818.38,72.19,100,0.0,3333.3
20818.38,72.12,100,1.175,3333.3
20818.38,72.07,100,0.0,3333.3
20818.38,72.01,100,0.0,3333.3
20818.38,71.95,100,2.225,3333.3
20818.38,71.01,96,1.2125,3333.3
20818.38,70.38,96,0.0,3333.3
20818.38,70.26,96,0.0,3333.3
20818.38,70.35,96,0.0,3333.3
20818.38,70.4,100,0.0,3333.3
20818.38,70.37,100,1.1875,3333.3
20818.38,70.38,100,0.0,3333.3
20818.38,70.36,100,0.0,3333.3
20818.38,70.31,100,1.225,3333.3
20818.38,70.27,100,0.0,3333.3
20818.38,71.31,100,0.0,3333.3
20818.38,71.31,100,0.0,3333.3
20818.38,72.3,100,0.0,3333.3
20818.38,72.3,100,0.0,3333.3
20818.38,72.25,100,0.0,3333.3
20818.38,72.17,100,1.225,3333.3
20818.38,72.08,100,0.0,3333.3
20818.38,71.97,100,0.0,3333.3
20818.38,71.95,100,0.0,3333.3
20818.38,72.0,100,0.0,3333.3
20818.38,72.01,100,1.175,3333.3
20818.38,72.6,97,1.25,3333.3
20818.38,72.16,97,0.0,3333.3
20818.38,72.26,100,0.0,3333.3
20818.38,72.38,100,0.0,3333.3
20818.38,72.34,100,0.0,3333.3
20818.38,72.3,100,0.0,3333.3
20818.38,72.34,100,2.4875,3333.3
20818.38,72.3,100,0.0,3333.3
20818.38,72.3,100,0.0,3333.3
20818.38,72.45,100,0.0,3333.3
20818.38,72.37,100,0.0,3333.3
20818.38,71.46,100,0.0,3333.3
20818.38,72.06,100,1.225,3333.3
20818.38,72.16,100,0.0,3333.3
20818.38,72.08,100,0.0,3333.3
20818.38,71.94,100,0.0,3333.3
20818.38,71.92,93,2.375,3333.3
20818.38,72.73,93,0.0,3333.3
20818.38,71.86,100,0.0,3333.3
20818.38,71.93,100,1.2125,3333.3
20818.38,71.86,100,0.0,3333.3
20818.38,72.32,100,0.0,3333.3
20818.38,72.51,100,0.0,3333.3
20818.38,72.42,100,0.0,3333.3
20818.38,72.37,100,0.0,3333.3
20818.38,72.35,100,1.225,3333.3
20818.38,72.19,100,0.0,3333.3
20818.38,71.22,100,0.0,3333.3
20818.38,71.94,100,0.0,3333.3
20818.38,71.91,100,0.0,3333.3
20818.38,71.77,100,0.0,3333.3
20818.38,71.87,100,0.0,3333.3
20818.38,71.89,100,1.2375,3333.3
20818.38,71.83,100,0.0,3333.3
20818.38,71.78,100,0.0,3333.3
20818.38,71.74,100,0.0,3333.3
20818.38,71.58,100,2.4375,3333.3
20818.38,72.08,100,0.0,3333.3
20818.38,71.81,92,1.2375,3333.3
20818.38,71.47,92,0.0,3333.3
20818.38,71.47,100,0.0,3333.3
20818.38,71.83,100,0.0,3333.3
20818.38,71.95,100,0.0,3333.3
20818.38,72.02,100,0.0,3333.3
20818.38,71.95,100,1.2375,3333.3
20818.38,71.97,100,1.25,3333.3
20818.38,71.97,100,0.0,3333.3
20818.38,71.99,100,0.0,3333.3
20818.38,71.4,100,1.25,3333.3
20818.38,71.67,100,0.0,3333.3
20818.38,71.67,100,0.0,3333.3
20818.38,72.17,100,0.0,3333.3
20818.38,72.15,100,1.25,3333.3
20818.38,72.15,100,0.0,3333.3
20818.38,72.08,100,0.0,3333.3
20818.38,72.04,100,1.2375,3333.3
20818.38,72.03,100,0.0,3333.3
20818.38,71.86,100,0.0,3333.3
20818.38,71.79,100,2.4875,3333.3
20818.38,71.85,100,0.0,3333.3
20818.38,71.6,92,0.0,3333.3
20818.38,71.42,100,1.25,3333.3
20818.38,71.54,100,0.0,3333.3
20818.38,71.44,100,0.0,3333.3
20818.38,71.55,100,1.25,3333.3
20818.38,71.55,100,0.0,3333.3
20818.38,71.65,100,0.0,3333.3
20818.38,71.64,100,0.0,3333.3
20818.38,71.69,100,1.2375,3333.3
20818.38,71.86,100,0.0,3333.3
20818.38,71.78,100,0.0,3333.3
20818.38,72.03,100,1.25,3333.3
20818.38,72.25,100,0.0,3333.3
20818.38,72.14,100,0.0,3333.3
20818.38,72.17,100,0.0,3333.3
20818.38,72.16,100,1.25,3333.3
20818.38,71.97,100,0.0,3333.3
20818.38,71.93,100,0.0,3333.3
20818.38,71.91,100,1.2375,3333.3
20818.38,73.69,100,1.25,3333.3
20818.38,73.69,93,1.2375,3333.3
20818.38,72.99,93,0.0,3333.3
20818.38,73.18,100,0.0,3333.3
20818.38,73.4,100,0.0,3333.3
20818.38,73.46,100,1.25,3333.3
20818.38,73.5,100,0.0,3333.3
20818.38,73.35,100,0.0,3333.3
20818.38,73.28,100,1.25,3333.3
20818.38,73.29,100,0.0,3333.3
20818.38,73.34,100,0.0,3333.3
20818.38,73.32,100,2.4,3333.3
20818.38,72.16,100,0.0,3333.3
20818.38,72.3,100,0.0,3333.3
20818.38,72.27,100,2.4125,3333.3
20818.38,73.68,100,0.0,3333.3
20818.38,73.22,91,1.1875,3333.3
20818.38,73.37,91,0.0,3333.3
20818.38,73.37,91,0.0,3333.3
20818.38,73.54,100,1.2,3333.3
20818.38,73.61,100,0.0,3333.3
20818.38,73.56,100,0.0,3333.3
20818.38,73.61,100,1.2125,3333.3
20818.38,73.81,100,0.0,3333.3
20818.38,73.95,100,0.0,3333.3
20818.38,73.61,100,1.2125,3333.3
20818.38,72.02,100,0.0,3333.3
20818.38,72.38,100,0.0,3333.3
20818.38,72.33,100,0.0,3333.3
20818.38,72.16,100,1.2125,3333.3
20818.38,72.07,100,0.0,3333.3
20818.38,72.13,100,1.1875,3333.3
20818.38,72.3,100,0.0,3333.3
20818.38,72.31,100,0.0,3333.3
20818.38,71.6,100,2.4375,3333.3
20818.38,70.9,100,0.0,3333.3
20818.38,70.8,92,0.0,3333.3
20818.38,70.83,92,2.425,3333.3
20818.38,70.83,100,0.0,3333.3
20818.38,70.86,100,0.0,3333.3
20818.38,70.89,100,1.2125,3333.3
20818.38,70.84,100,0.0,3333.3
20818.38,70.86,100,1.2,3333.3
20818.38,70.69,100,0.0,3333.3
20818.38,70.6,100,0.0,3333.3
20818.38,70.58,100,1.2125,3333.3
20818.38,70.94,100,0.0,3333.3
20818.38,71.69,100,0.0,3333.3
20818.38,71.89,100,1.2125,3333.3
20818.38,71.77,100,0.0,3333.3
20818.38,71.72,100,0.0,3333.3
20818.38,71.85,100,1.2125,3333.3
20818.38,71.85,100,0.0,3333.3
20818.38,71.86,100,1.1625,3333.3
20818.38,71.93,100,1.15,3333.3
20818.38,69.74,90,0.0,3333.3
20818.38,69.02,90,1.2375,3333.3
20818.38,69.38,100,0.0,3333.3
20818.38,69.47,100,0.0,3333.3
20818.38,69.47,100,1.2125,3333.3
20818.38,69.46,100,0.0,3333.3
20818.38,69.53,100,0.0,3333.3
20818.38,69.46,100,1.2125,3333.3
20818.38,69.33,100,0.0,3333.3
20818.38,69.31,100,0.0,3333.3
20818.38,71.42,100,1.2125,3333.3
20818.38,71.97,100,0.0,3333.3
20818.38,72.18,100,0.0,3333.3
20818.38,71.94,100,1.2125,3333.3
20818.38,71.77,100,0.0,3333.3
20818.38,71.77,100,0.0,3333.3
20818.38,71.76,100,0.0,3333.3
20818.38,71.74,100,1.2125,3333.3
20818.38,71.78,100,0.0,3333.3
20818.38,71.8,100,2.425,3333.3
20818.38,73.77,91,0.0,3333.3
20818.38,73.15,91,0.0,3333.3
20818.38,73.4,100,1.2125,3333.3
20818.38,73.43,100,0.0,3333.3
20818.38,73.53,100,1.2125,3333.3
20818.38,73.68,100,0.0,3333.3
20818.38,73.66,100,0.0,3333.3
20818.38,73.61,100,0.0,3333.3
20818.38,73.6,100,1.2125,3333.3
20818.38,73.61,100,0.0,3333.3
20818.38,71.45,100,0.0,3333.3
20818.38,72.21,100,1.2125,3333.3
20818.38,72.28,100,0.0,3333.3
20818.38,72.32,100,0.0,3333.3
20818.38,72.24,100,0.0,3333.3
20818.38,72.24,100,1.2125,3333.3
20818.38,72.16,100,0.0,3333.3
20818.38,72.1,100,1.2125,3333.3
20818.38,72.04,100,1.2125,3333.3
20818.38,71.88,100,1.2125,3333.3
20818.38,71.78,100,0.0,3333.3
20818.38,71.67,92,1.2125,3333.3
20818.38,71.82,92,0.0,3333.3
20818.38,71.84,100,0.0,3333.3
20818.38,71.81,100,1.2125,3333.3
20818.38,71.69,100,0.0,3333.3
20818.38,71.64,100,0.0,3333.3
20818.38,71.61,100,1.2125,3333.3
20818.38,71.62,100,0.0,3333.3
20818.38,71.76,100,0.0,3333.3
20818.38,71.76,100,1.2125,3333.3
20818.38,72.11,100,0.0,3333.3
20818.38,72.19,100,0.0,3333.3
20818.38,72.09,100,1.2125,3333.3
20818.38,72.22,100,1.2125,3333.3
20818.38,71.85,91,1.2125,3333.3
20818.38,71.62,100,0.0,3333.3
20818.38,71.79,100,0.0,3333.3
20818.38,71.79,100,0.0,3333.3
20818.38,71.93,100,1.2125,3333.3
20818.38,71.78,100,0.0,3333.3
20818.38,71.95,100,0.0,3333.3
20818.38,72.21,100,1.2125,3333.3
20818.38,71.98,100,0.0,3333.3
20818.38,72.02,100,0.0,3333.3
20818.38,71.55,100,1.2,3333.3
20818.38,71.82,100,0.0,3333.3
20818.38,72.1,100,0.0,3333.3
20818.38,72.02,100,0.0,3333.3
20818.38,71.9,100,1.2125,3333.3
20818.38,71.92,100,1.2125,3333.3
20818.38,72.03,100,0.0,3333.3
20818.38,72.01,100,1.2125,3333.3
20818.38,72.02,100,0.0,3333.3
20818.38,71.98,100,0.0,3333.3
20818.38,71.78,100,2.425,3333.3
20818.38,71.78,93,0.0,3333.3
20818.38,71.58,93,1.2125,3333.3
20818.38,71.67,100,0.0,3333.3
20818.38,71.69,100,0.0,3333.3
20818.38,71.73,100,0.0,3333.3
20818.38,71.86,100,1.2125,3333.3
20818.38,71.93,100,0.0,3333.3
20818.38,71.94,100,0.0,3333.3
20818.38,71.75,100,1.2125,3333.3
20818.38,71.94,100,0.0,3333.3
20818.38,71.83,100,0.0,3333.3
20818.38,71.73,100,1.2125,3333.3
20818.38,72.17,100,0.0,3333.3
20818.38,72.01,100,0.0,3333.3
20818.38,71.98,100,1.2125,3333.3
20818.38,71.9,100,0.0,3333.3
20818.38,71.69,100,0.0,3333.3
20818.38,71.72,100,1.2125,3333.3
20818.38,71.72,100,0.0,3333.3
20818.38,71.69,100,2.2,3333.3
20818.38,70.69,90,0.0,3333.3
20818.38,70.02,90,0.0,3333.3
20818.38,70.11,100,1.25,3333.3
20818.38,70.27,100,0.0,3333.3
20818.38,70.45,100,0.0,3333.3
20818.38,70.55,100,0.0,3333.3
20818.38,70.67,100,1.2125,3333.3
20818.38,70.82,100,1.2125,3333.3
20818.38,70.6,100,0.0,3333.3
20818.38,70.61,100,1.2125,3333.3
20818.38,71.23,100,0.0,3333.3
20818.38,72.02,100,0.0,3333.3
20818.38,72.22,100,0.0,3333.3
20818.38,72.23,100,1.2125,3333.3
20818.38,72.08,100,0.0,3333.3
20818.38,71.99,100,0.0,3333.3
20818.38,72.01,100,0.0,3333.3
20818.38,71.86,100,1.2125,3333.3
20818.38,71.96,100,1.175,3333.3
20818.38,72.51,100,1.1875,3333.3
20818.38,72.26,91,0.0,3333.3
20818.38,72.45,91,1.225,3333.3
20818.38,72.45,91,0.0,3333.3
20818.38,72.5,100,0.0,3333.3
20818.38,72.5,100,0.0,3333.3
20818.38,72.65,100,1.2125,3333.3
20818.38,72.61,100,0.0,3333.3
20818.38,72.6,100,0.0,3333.3
20818.38,72.58,100,1.2125,3333.3
20818.38,72.53,100,1.2125,3333.3
20818.38,71.67,100,0.0,3333.3
20818.38,72.16,100,0.0,3333.3
20818.38,72.12,100,1.2125,3333.3
20818.38,72.17,100,0.0,3333.3
20818.38,72.09,100,0.0,3333.3
20818.38,71.98,100,1.2125,3333.3
20818.38,72.0,100,0.0,3333.3
20818.38,71.98,100,0.0,3333.3
20818.38,71.94,100,1.2375,3333.3
20818.38,69.09,100,2.3625,3333.3
20818.38,68.47,90,0.0,3333.3
20818.38,68.47,90,0.0,3333.3
20818.38,68.58,90,0.0,3333.3
20818.38,68.96,100,1.2125,3333.3
20818.38,68.91,100,0.0,3333.3
20818.38,69.01,100,0.0,3333.3
20818.38,69.0,100,1.2125,3333.3
20818.38,68.95,100,0.0,3333.3
20818.38,68.82,100,0.0,3333.3
20818.38,68.82,100,0.0,3333.3
20818.38,71.53,100,1.2125,3333.3
20818.38,72.12,100,0.0,3333.3
20818.38,72.26,100,1.2125,3333.3
20818.38,72.11,100,1.1125,3333.3
20818.38,72.11,100,1.1625,3333.3
20818.38,73.2,85,0.0,3333.3
20818.38,73.27,85,1.2125,3333.3
20818.38,73.5,100,0.0,3333.3
20818.38,73.76,100,1.2125,3333.3
20818.38,73.76,100,0.0,3333.3
20818.38,73.85,100,1.2375,3333.3
20818.38,74.01,100,0.0,3333.3
20818.38,74.22,100,0.0,3333.3
20818.38,74.29,100,1.2125,3333.3
20818.38,73.65,100,0.0,3333.3
20818.38,71.74,100,0.0,3333.3
20818.38,72.25,100,0.0,3333.3
20818.38,72.24,100,1.2125,3333.3
20818.38,71.99,100,0.0,3333.3
20818.38,71.8,100,2.425,3333.3
20818.38,69.52,100,0.0,3333.3
20818.38,68.71,92,0.0,3333.3
20818.38,68.64,92,1.2125,3333.3
20818.38,68.72,100,0.0,3333.3
20818.38,68.95,100,0.0,3333.3
20818.38,69.07,100,0.0,3333.3
20818.38,69.22,100,1.2125,3333.3
20818.38,69.17,100,0.0,3333.3
20818.38,69.09,100,1.2125,3333.3
20818.38,69.02,100,1.225,3333.3
20818.38,71.05,100,0.0,3333.3
20818.38,71.89,100,0.0,3333.3
20818.38,72.0,100,1.2125,3333.3
20818.38,72.0,100,0.0,3333.3
20818.38,71.82,100,0.0,3333.3
20818.38,71.77,100,1.2125,3333.3
20818.38,71.8,100,0.0,3333.3
20818.38,71.73,100,0.0,3333.3
20818.38,71.69,100,0.0,3333.3
20818.38,71.62,100,2.4375,3333.3
20818.38,72.55,93,0.0,3333.3
20818.38,72.2,93,1.2125,3333.3
20818.38,72.28,100,0.0,3333.3
20818.38,72.42,100,0.0,3333.3
20818.38,72.54,100,0.0,3333.3
20818.38,72.49,100,1.2125,3333.3
20818.38,72.56,100,0.0,3333.3
20818.38,72.56,100,0.0,3333.3
20818.38,72.52,100,1.2125,3333.3
20818.38,72.43,100,0.0,3333.3
20818.38,72.34,100,0.0,3333.3
20818.38,72.34,100,1.2125,3333.3
20818.38,71.4,100,0.0,3333.3
20818.38,71.95,100,0.0,3333.3
20818.38,71.91,100,0.0,3333.3
20818.38,71.72,100,1.2125,3333.3
20818.38,71.83,100,0.0,3333.3
20818.38,71.73,100,1.225,3333.3
20818.38,71.73,100,1.2375,3333.3
20818.38,71.43,100,0.0,3333.3
20818.38,71.21,89,1.25,3333.3
20818.38,71.52,89,0.0,3333.3
20818.38,71.82,100,0.0,3333.3
20818.38,71.94,100,1.25,3333.3
20818.38,72.0,100,0.0,3333.3
20818.38,71.97,100,0.0,3333.3
20818.38,71.98,100,1.2375,3333.3
20818.38,71.98,100,0.0,3333.3
20818.38,71.89,100,0.0,3333.3
20818.38,71.79,100,1.2375,3333.3
20818.38,71.91,100,0.0,3333.3
20818.38,72.28,100,0.0,3333.3
20818.38,72.28,100,1.25,3333.3
20818.38,72.22,100,0.0,3333.3
20818.38,72.2,100,0.0,3333.3
20818.38,72.08,100,1.25,3333.3
20818.38,71.98,100,0.0,3333.3
20818.38,71.91,100,0.0,3333.3
20818.38,71.91,100,3.725,3333.3
20818.38,73.15,100,0.0,3333.3
20818.38,72.41,90,1.25,3333.3
20818.38,72.61,90,0.0,3333.3
20818.38,72.7,100,0.0,3333.3
20818.38,72.8,100,1.2375,3333.3
20818.38,72.85,100,0.0,3333.3
20818.38,72.83,100,0.0,3333.3
20818.38,72.88,100,1.2375,3333.3
20818.38,72.92,100,0.0,3333.3
20818.38,72.82,100,0.0,3333.3
20818.38,72.82,100,0.0,3333.3
20818.38,72.17,100,1.25,3333.3
20818.38,72.3,100,0.0,3333.3
20818.38,72.32,100,0.0,3333.3
20818.38,72.32,100,0.0,3333.3
20818.38,72.28,100,1.2375,3333.3
20818.38,72.21,100,1.2375,3333.3
20818.38,71.98,98,1.2375,3333.3
20818.38,71.33,98,0.0,3333.3
20818.38,71.05,96,0.0,3333.3
20818.38,71.11,96,1.2375,3333.3
20818.38,71.28,100,0.0,3333.3
20818.38,71.43,100,0.0,3333.3
20818.38,71.64,100,0.0,3333.3
20818.38,71.59,100,1.2125,3333.3
20818.38,71.59,100,0.0,3333.3
20818.38,71.41,100,0.0,3333.3
20818.38,71.41,100,1.175,3333.3
20818.38,71.84,100,0.0,3333.3
20818.38,71.98,100,1.2125,3333.3
20818.38,72.0,100,0.0,3333.3
20818.38,72.05,100,0.0,3333.3
20818.38,72.22,100,1.2125,3333.3
20818.38,72.26,100,1.2125,3333.3
20818.38,72.27,100,0.0,3333.3
20818.38,70.09,100,2.425,3333.3
20818.38,69.22,92,0.0,3333.3
20818.38,68.92,92,1.2125,3333.3
20818.38,69.22,100,0.0,3333.3
20818.38,69.41,100,0.0,3333.3
20818.38,69.51,100,0.0,3333.3
20818.38,69.56,100,1.2125,3333.3
20818.38,69.52,100,0.0,3333.3
20818.38,69.56,100,0.0,3333.3
20818.38,69.35,100,0.0,3333.3
20818.38,71.88,100,1.2125,3333.3
20818.38,71.88,100,0.0,3333.3
20818.38,71.88,100,0.0,3333.3
20818.38,71.86,100,1.2125,3333.3
20818.38,71.71,100,1.2,3333.3
20818.38,71.71,100,0.0,3333.3
20818.38,71.78,100,1.2125,3333.3
20818.38,71.84,100,0.0,3333.3
20818.38,71.82,100,0.0,3333.3
20818.38,71.6,100,2.225,3333.3
20818.38,71.61,100,0.0,3333.3
20818.38,72.71,92,1.25,3333.3
20818.38,72.17,92,0.0,3333.3
20818.38,72.46,100,0.0,3333.3
20818.38,72.65,100,0.0,3333.3
20818.38,72.87,100,1.2375,3333.3
20818.38,72.89,100,0.0,3333.3
20818.38,72.85,100,0.0,3333.3
20818.38,72.81,100,1.2125,3333.3
20818.38,72.75,100,0.0,3333.3
20818.38,72.86,100,0.0,3333.3
20818.38,71.56,100,0.0,3333.3
20818.38,72.25,100,1.2125,3333.3
20818.38,72.17,100,0.0,3333.3
20818.38,72.11,100,0.0,3333.3
20818.38,71.95,100,1.2125,3333.3
20818.38,71.91,100,1.2125,3333.3
20818.38,72.09,100,1.2125,3333.3
20818.38,71.56,91,0.0,3333.3
20818.38,71.11,91,0.0,3333.3
20818.38,70.88,100,1.2125,3333.3
20818.38,71.21,100,0.0,3333.3
20818.38,71.52,100,0.0,3333.3
20818.38,71.67,100,2.4375,3333.3
20818.38,71.66,100,0.0,3333.3
20818.38,71.67,100,0.0,3333.3
20818.38,71.61,100,0.0,3333.3
20818.38,71.73,100,1.2125,3333.3
20818.38,71.78,100,0.0,3333.3
20818.38,72.15,100,0.0,3333.3
20818.38,72.15,100,1.1875,3333.3
20818.38,72.74,100,1.2125,3333.3
20818.38,72.22,91,1.2125,3333.3
20818.38,72.29,100,0.0,3333.3
20818.38,72.47,100,0.0,3333.3
20818.38,72.61,100,0.0,3333.3
20818.38,72.61,100,1.2125,3333.3
20818.38,72.64,100,0.0,3333.3
20818.38,72.64,100,0.0,3333.3
20818.38,72.68,100,1.2125,3333.3
20818.38,72.68,100,0.0,3333.3
20818.38,72.83,100,0.0,3333.3
20818.38,72.75,100,0.0,3333.3
20818.38,71.87,100,1.2125,3333.3
20818.38,72.34,100,0.0,3333.3
20818.38,72.36,100,0.0,3333.3
20818.38,72.36,100,1.2125,3333.3
20818.38,72.14,100,0.0,3333.3
20818.38,71.89,100,0.0,3333.3
20818.38,71.94,100,1.2125,3333.3
20818.38,71.9,100,2.375,3333.3
20818.38,69.3,92,1.1625,3333.3
20818.38,68.72,92,0.0,3333.3
20818.38,68.79,98,0.0,3333.3
20818.38,68.85,98,1.225,3333.3
20818.38,68.87,100,0.0,3333.3
20818.38,68.83,100,0.0,3333.3
20818.38,69.0,100,1.2125,3333.3
20818.38,69.08,100,0.0,3333.3
20818.38,69.16,100,0.0,3333.3
20818.38,69.06,100,0.0,3333.3
20818.38,69.07,100,1.2125,3333.3
20818.38,71.5,100,0.0,3333.3
20818.38,72.14,100,0.0,3333.3
20818.38,72.34,100,0.0,3333.3
20818.38,72.24,100,1.2125,3333.3
20818.38,72.14,100,0.0,3333.3
20818.38,72.14,100,0.0,3333.3
20818.38,71.91,100,1.2375,3333.3
20818.38,71.91,100,0.0,3333.3
20818.38,71.81,100,1.1625,3333.3
20818.38,74.09,100,1.2125,3333.3
20818.38,74.09,100,0.0,3333.3
20818.38,73.93,88,1.25,3333.3
20818.38,73.95,88,0.0,3333.3
20818.38,73.95,99,0.0,3333.3
20818.38,74.28,99,1.225,3333.3
20818.38,74.28,100,0.0,3333.3
20818.38,74.38,100,0.0,3333.3
20818.38,74.34,100,1.2125,3333.3
20818.38,74.4,100,0.0,3333.3
20818.38,74.36,100,0.0,3333.3
20818.38,72.07,100,1.2125,3333.3
20818.38,72.22,100,0.0,3333.3
20818.38,72.37,100,0.0,3333.3
20818.38,72.29,100,2.425,3333.3
20818.38,72.32,100,0.0,3333.3
20818.38,72.16,100,0.0,3333.3
20818.38,72.0,100,1.2125,3333.3
20818.38,71.95,100,0.0,3333.3
20818.38,71.9,100,0.0,3333.3
20818.38,71.97,100,1.2125,3333.3
20818.38,71.89,100,2.425,3333.3
20818.38,73.29,100,0.0,3333.3
20818.38,73.41,89,0.0,3333.3
20818.38,73.22,89,0.0,3333.3
20818.38,73.31,100,1.2125,3333.3
20818.38,73.27,100,0.0,3333.3
20818.38,73.4,100,0.0,3333.3
20818.38,73.4,100,0.0,3333.3
20818.38,73.4,100,1.2125,3333.3
20818.38,73.32,100,0.0,3333.3
20818.38,73.49,100,0.0,3333.3
20818.38,72.07,100,1.2125,3333.3
20818.38,71.99,100,0.0,3333.3
20818.38,71.99,100,0.0,3333.3
20818.38,72.29,100,1.2125,3333.3
20818.38,72.29,100,0.0,3333.3
20818.38,72.17,100,0.0,3333.3
20818.38,72.04,100,0.0,3333.3
20818.38,72.08,100,1.2125,3333.3
20818.38,71.97,100,0.0,3333.3
20818.38,71.98,100,1.2125,3333.3
20818.38,71.92,100,2.425,3333.3
20818.38,71.92,100,0.0,3333.3
20818.38,72.6,90,1.2125,3333.3
20818.38,72.17,90,0.0,3333.3
20818.38,72.28,100,0.0,3333.3
20818.38,72.38,100,1.2,3333.3
20818.38,72.31,100,0.0,3333.3
20818.38,72.26,100,0.0,3333.3
20818.38,72.32,100,1.2125,3333.3
20818.38,72.25,100,0.0,3333.3
20818.38,72.36,100,0.0,3333.3
20818.38,72.31,100,1.2125,3333.3
20818.38,71.66,100,0.0,3333.3
20818.38,72.25,100,1.1875,3333.3
20818.38,72.27,100,1.2125,3333.3
20818.38,72.26,100,0.0,3333.3
20818.38,72.09,100,0.0,3333.3
20818.38,72.08,100,1.2125,3333.3
20818.38,72.01,100,0.0,3333.3
20818.38,72.01,100,0.0,3333.3
20818.38,71.98,100,2.3625,3333.3
20818.38,72.97,100,0.0,3333.3
20818.38,72.97,87,1.2125,3333.3
20818.38,72.17,87,0.0,3333.3
20818.38,72.17,99,0.0,3333.3
20818.38,72.13,99,1.2125,3333.3
20818.38,72.13,100,0.0,3333.3
20818.38,72.34,100,0.0,3333.3
20818.38,72.31,100,1.2125,3333.3
20818.38,72.32,100,0.0,3333.3
20818.38,72.32,100,0.0,3333.3
20818.38,72.28,100,0.0,3333.3
20818.38,72.37,100,1.225,3333.3
20818.38,71.41,100,0.0,3333.3
20818.38,71.57,100,0.0,3333.3
20818.38,72.18,100,1.225,3333.3
20818.38,72.3,100,0.0,3333.3
20818.38,71.94,100,0.0,3333.3
20818.38,71.98,100,1.225,3333.3
20818.38,71.94,100,0.0,3333.3
20818.38,71.98,100,0.0,3333.3
20818.38,71.95,100,0.0,3333.3
20818.38,71.91,100,0.0,3333.3
20818.38,71.82,98,2.4625,3333.3
20818.38,71.71,98,0.0,3333.3
20818.38,71.42,93,0.0,3333.3
20818.38,71.35,93,1.2375,3333.3
20818.38,71.48,100,0.0,3333.3
20818.38,71.71,100,0.0,3333.3
20818.38,71.69,100,0.0,3333.3
20818.38,71.8,100,0.0,3333.3
20818.38,71.84,100,1.225,3333.3
20818.38,71.81,100,0.0,3333.3
20818.38,71.92,100,0.0,3333.3
20818.38,72.01,100,1.2125,3333.3
20818.38,72.14,100,0.0,3333.3
20818.38,72.14,100,0.0,3333.3
20818.38,72.6,100,1.2125,3333.3
20818.38,72.39,100,0.0,3333.3
20818.38,72.17,100,0.0,3333.3
20818.38,72.19,100,1.2125,3333.3
20818.38,72.06,100,0.0,3333.3
20818.38,72.01,100,0.0,3333.3
20818.38,72.06,100,2.45,3333.3
20818.38,70.53,100,0.0,3333.3
20818.38,70.06,92,0.0,3333.3
20818.38,70.06,92,0.0,3333.3
20818.38,70.14,100,0.0,3333.3
20818.38,70.17,100,1.2375,3333.3
20818.38,70.14,100,0.0,3333.3
20818.38,70.12,100,0.0,3333.3
20818.38,69.99,100,0.0,3333.3
20818.38,69.89,100,0.0,3333.3
20818.38,69.89,100,2.4125,3333.3
20818.38,69.12,93,1.2125,3333.3
20818.38,69.64,93,1.2125,3333.3
20818.38,69.15,94,0.0,3333.3
20818.38,68.92,94,0.0,3333.3
20818.38,68.79,100,1.2125,3333.3
20818.38,69.0,100,0.0,3333.3
20818.38,69.07,100,0.0,3333.3
20818.38,69.18,100,1.2125,3333.3
20818.38,69.32,100,0.0,3333.3
20818.38,69.36,100,0.0,3333.3
20818.38,69.41,100,0.0,3333.3
20818.38,71.66,100,1.25,3333.3
20818.38,71.62,100,0.0,3333.3
20818.38,72.13,100,0.0,3333.3
20818.38,72.28,100,0.0,3333.3
20818.38,72.34,100,1.25,3333.3
20818.38,72.34,100,0.0,3333.3
20818.38,72.12,100,0.0,3333.3
20818.38,72.09,100,1.2375,3333.3
20818.38,72.09,100,0.0,3333.3
20818.38,72.15,100,0.0,3333.3
20818.38,71.95,100,1.2375,3333.3
20818.38,71.93,100,1.2375,3333.3
20818.38,72.79,100,1.2375,3333.3
20818.38,72.71,89,0.0,3333.3
20818.38,72.79,89,0.0,3333.3
20818.38,72.84,100,1.2375,3333.3
20818.38,73.05,100,1.2375,3333.3
20818.38,73.06,100,0.0,3333.3
20818.38,73.06,100,1.2375,3333.3
20818.38,72.91,100,0.0,3333.3
20818.38,72.85,100,0.0,3333.3
20818.38,72.85,100,0.0,3333.3
20818.38,72.89,100,1.2375,3333.3
20818.38,72.08,100,0.0,3333.3
20818.38,72.43,100,0.0,3333.3
20818.38,72.44,100,1.25,3333.3
20818.38,72.36,100,0.0,3333.3
20818.38,72.14,100,1.25,3333.3
20818.38,71.5,100,0.0,3333.3
20818.38,71.39,93,1.25,3333.3
20818.38,71.58,93,0.0,3333.3
20818.38,71.61,100,0.0,3333.3
20818.38,71.62,100,0.0,3333.3
20818.38,71.78,100,0.0,3333.3
20818.38,71.97,100,1.25,3333.3
20818.38,72.02,100,0.0,3333.3
20818.38,71.83,100,0.0,3333.3
20818.38,71.64,100,0.0,3333.3
20818.38,71.42,100,0.0,3333.3
20818.38,71.42,100,0.0,3333.3
20818.38,72.1,100,1.25,3333.3
20818.38,71.99,100,0.0,3333.3
20818.38,72.08,100,0.0,3333.3
20818.38,72.18,100,0.0,3333.3
20818.38,72.3,100,1.25,3333.3
20818.38,72.22,100,0.0,3333.3
20818.38,72.12,100,0.0,3333.3
20818.38,72.09,100,1.2375,3333.3
20818.38,72.24,100,1.2375,3333.3
20818.38,71.96,96,0.0,3333.3
20818.38,72.02,96,0.0,3333.3
20818.38,72.07,100,0.0,3333.3
20818.38,72.1,100,1.2375,3333.3
20818.38,72.09,100,0.0,3333.3
20818.38,72.14,100,1.1,3333.3
20818.38,72.15,100,0.0,3333.3
20818.38,72.29,100,0.0,3333.3
20818.38,72.16,100,1.25,3333.3
20818.38,71.89,100,0.0,3333.3
20818.38,71.89,100,0.0,3333.3
20818.38,72.16,100,1.25,3333.3
20818.38,72.17,100,0.0,3333.3
20818.38,72.13,100,0.0,3333.3
20818.38,72.21,100,1.25,3333.3
20818.38,72.35,100,0.0,3333.3
20818.38,72.33,100,0.0,3333.3
20818.38,72.3,100,1.25,3333.3
20818.38,72.34,100,1.25,3333.3
20818.38,70.6,96,1.25,3333.3
20818.38,69.98,96,0.0,3333.3
20818.38,69.86,100,0.0,3333.3
20818.38,70.19,100,1.25,3333.3
20818.38,70.3,100,0.0,3333.3
20818.38,70.36,100,0.0,3333.3
20818.38,70.27,100,0.0,3333.3
20818.38,70.27,100,0.0,3333.3
20818.38,70.07,100,0.0,3333.3
20818.38,70.0,100,1.25,3333.3
20818.38,70.0,100,0.0,3333.3
20818.38,71.28,100,0.0,3333.3
20818.38,71.93,100,0.0,3333.3
20818.38,72.12,100,0.0,3333.3
20818.38,72.07,100,0.0,3333.3
20818.38,72.08,100,0.0,3333.3
20818.38,72.08,100,1.25,3333.3
20818.38,72.09,100,0.0,3333.3
20818.38,72.2,100,0.0,3333.3
20818.38,72.25,100,1.25,3333.3
20818.38,72.88,97,0.0,3333.3
20818.38,72.64,97,0.0,3333.3
20818.38,72.71,100,0.0,3333.3
20818.38,72.86,100,0.0,3333.3
20818.38,72.8,100,1.25,3333.3
20818.38,72.69,100,0.0,3333.3
20818.38,72.73,100,0.0,3333.3
20818.38,72.65,100,0.0,3333.3
20818.38,72.65,100,0.0,3333.3
20818.38,72.51,100,0.0,3333.3
20818.38,72.61,100,0.0,3333.3
20818.38,72.52,100,1.25,3333.3
20818.38,71.8,100,0.0,3333.3
20818.38,72.14,100,0.0,3333.3
20818.38,72.2,100,0.0,3333.3
20818.38,72.16,100,0.0,3333.3
20818.38,72.14,100,0.0,3333.3
20818.38,72.06,100,0.0,3333.3
20818.38,72.07,100,1.25,3333.3
20818.38,72.09,100,0.0,3333.3
20818.38,73.6,100,1.25,3333.3
20818.38,72.89,97,0.0,3333.3
20818.38,72.91,97,0.0,3333.3
20818.38,73.12,100,0.0,3333.3
20818.38,73.09,100,0.0,3333.3
20818.38,73.09,100,0.0,3333.3
20818.38,73.1,100,1.25,3333.3
20818.38,73.13,100,0.0,3333.3
20818.38,73.2,100,0.0,3333.3
20818.38,73.25,100,0.0,3333.3
20818.38,73.37,100,0.0,3333.3
20818.38,73.24,100,0.0,3333.3
20818.38,72.01,100,1.25,3333.3
20818.38,72.15,100,0.0,3333.3
20818.38,72.12,100,0.0,3333.3
20818.38,72.23,100,0.0,3333.3
20818.38,72.23,100,0.0,3333.3
20818.38,72.23,100,0.0,3333.3
20818.38,72.28,100,0.0,3333.3
20818.38,72.14,100,1.2375,3333.3
20818.38,72.03,100,0.0,3333.3
20818.38,73.89,87,1.225,3333.3
20818.38,73.78,87,0.0,3333.3
20818.38,73.18,99,0.0,3333.3
20818.38,73.36,99,0.0,3333.3
20818.38,73.64,100,0.0,3333.3
20818.38,73.78,100,1.225,3333.3
20818.38,73.79,100,0.0,3333.3
20818.38,73.75,100,0.0,3333.3
20818.38,73.72,100,0.0,3333.3
20818.38,73.78,100,0.0,3333.3
20818.38,71.66,100,0.0,3333.3
20818.38,71.73,100,0.0,3333.3
20818.38,72.36,100,1.2375,3333.3
20818.38,72.55,100,1.2375,3333.3
20818.38,72.4,100,0.0,3333.3
20818.38,72.25,100,0.0,3333.3
20818.38,72.22,100,0.0,3333.3
20818.38,72.14,100,0.0,3333.3
20818.38,72.14,100,0.0,3333.3
20818.38,72.12,100,0.0,3333.3
20818.38,72.06,100,1.225,3333.3
20818.38,72.11,100,1.225,3333.3
20818.38,72.03,100,0.0,3333.3
20818.38,71.72,93,0.0,3333.3
20818.38,71.73,93,0.0,3333.3
20818.38,71.87,100,0.0,3333.3
20818.38,71.87,100,0.0,3333.3
20818.38,71.79,100,0.0,3333.3
20818.38,71.83,100,1.2375,3333.3
20818.38,71.77,100,0.0,3333.3
20818.38,71.69,100,0.0,3333.3
20818.38,71.87,100,0.0,3333.3
20818.38,71.93,100,0.0,3333.3
20818.38,71.9,100,0.0,3333.3
20818.38,72.28,100,0.0,3333.3
20818.38,72.24,100,1.2375,3333.3
20818.38,72.05,100,0.0,3333.3
20818.38,72.09,100,0.0,3333.3
20818.38,72.16,100,0.0,3333.3
20818.38,72.13,100,1.225,3333.3
20818.38,72.13,100,0.0,3333.3
20818.38,68.98,100,3.65,3333.3
20818.38,68.31,90,0.0,3333.3
20818.38,68.31,90,0.0,3333.3
20818.38,68.57,90,0.0,3333.3
20818.38,68.57,100,0.0,3333.3
20818.38,68.75,100,1.225,3333.3
20818.38,68.8,100,0.0,3333.3
20818.38,68.8,100,0.0,3333.3
20818.38,68.75,100,0.0,3333.3
20818.38,68.79,100,0.0,3333.3
20818.38,68.66,100,0.0,3333.3
20818.38,68.66,100,1.2375,3333.3
20818.38,71.58,100,0.0,3333.3
20818.38,72.25,100,0.0,3333.3
20818.38,72.38,100,0.0,3333.3
20818.38,72.2,100,0.0,3333.3
20818.38,72.14,100,1.225,3333.3
20818.38,72.08,100,0.0,3333.3
20818.38,72.04,100,0.0,3333.3
20818.38,73.52,100,1.175,3333.3
20818.38,72.8,94,0.0,3333.3
20818.38,72.77,100,0.0,3333.3
20818.38,73.02,100,1.2375,3333.3
20818.38,73.35,100,0.0,3333.3
20818.38,73.35,100,0.0,3333.3
20818.38,73.31,100,0.0,3333.3
20818.38,73.26,100,0.0,3333.3
20818.38,73.24,100,1.2375,3333.3
20818.38,73.15,100,0.0,3333.3
20818.38,72.94,100,0.0,3333.3
20818.38,72.94,100,0.0,3333.3
20818.38,72.03,100,0.0,3333.3
20818.38,72.2,100,1.225,3333.3
20818.38,72.21,100,0.0,3333.3
20818.38,72.21,100,0.0,3333.3
20818.38,72.19,100,0.0,3333.3
20818.38,72.15,100,2.4375,3333.3
20818.38,72.08,100,0.0,3333.3
20818.38,72.13,100,0.0,3333.3
20818.38,72.18,100,2.425,3333.3
20818.38,72.8,100,0.0,3333.3
20818.38,72.47,91,0.0,3333.3
20818.38,72.72,91,1.2125,3333.3
20818.38,73.01,100,0.0,3333.3
20818.38,73.01,100,0.0,3333.3
20818.38,72.88,100,1.2125,3333.3
20818.38,72.95,100,0.0,3333.3
20818.38,72.94,100,0.0,3333.3
20818.38,72.96,100,1.2125,3333.3
20818.38,72.95,100,0.0,3333.3
20818.38,72.9,100,0.0,3333.3
20818.38,72.24,100,1.2125,3333.3
20818.38,72.75,100,0.0,3333.3
20818.38,72.72,100,0.0,3333.3
20818.38,72.48,100,0.0,3333.3
20818.38,72.47,100,1.2,3333.3
20818.38,72.42,100,0.0,3333.3
20818.38,72.34,100,0.0,3333.3
20818.38,72.13,100,1.2125,3333.3
20818.38,69.44,100,2.425,3333.3
20818.38,68.73,92,1.2125,3333.3
20818.38,68.77,92,0.0,3333.3
20818.38,69.0,100,0.0,3333.3
20818.38,69.14,100,1.2125,3333.3
20818.38,69.05,100,0.0,3333.3
20818.38,69.05,100,0.0,3333.3
20818.38,68.97,100,1.225,3333.3
20818.38,68.99,100,0.0,3333.3
20818.38,68.89,100,0.0,3333.3
20818.38,68.86,100,0.0,3333.3
20818.38,71.39,100,1.2125,3333.3
20818.38,72.02,100,0.0,3333.3
20818.38,72.32,100,0.0,3333.3
20818.38,72.19,100,1.2125,3333.3
20818.38,72.03,100,1.2125,3333.3
20818.38,73.94,100,1.2125,3333.3
20818.38,73.16,92,0.0,3333.3
20818.38,73.17,92,0.0,3333.3
20818.38,73.37,100,0.0,3333.3
20818.38,73.42,100,1.2,3333.3
20818.38,73.44,100,0.0,3333.3
20818.38,73.49,100,1.2375,3333.3
20818.38,73.69,100,0.0,3333.3
20818.38,73.52,100,1.25,3333.3
20818.38,73.48,100,0.0,3333.3
20818.38,71.19,100,0.0,3333.3
20818.38,71.92,100,0.0,3333.3
20818.38,71.8,100,1.25,3333.3
20818.38,71.8,100,0.0,3333.3
20818.38,71.65,100,0.0,3333.3
20818.38,71.7,100,0.0,3333.3
20818.38,71.76,100,1.25,3333.3
20818.38,71.85,100,1.2375,3333.3
20818.38,71.91,100,1.2375,3333.3
20818.38,71.98,91,0.0,3333.3
20818.38,71.48,91,0.0,3333.3
20818.38,71.74,100,1.2375,3333.3
20818.38,71.98,100,0.0,3333.3
20818.38,72.11,100,0.0,3333.3
20818.38,72.17,100,0.0,3333.3
20818.38,72.19,100,1.2375,3333.3
20818.38,72.19,100,0.0,3333.3
20818.38,72.39,100,0.0,3333.3
20818.38,72.39,100,1.2375,3333.3
20818.38,72.15,100,0.0,3333.3
20818.38,72.03,100,0.0,3333.3
20818.38,72.52,100,1.2375,3333.3
20818.38,72.44,100,0.0,3333.3
20818.38,72.28,100,0.0,3333.3
20818.38,72.22,100,2.4875,3333.3
20818.38,72.15,100,0.0,3333.3
20818.38,72.6,90,0.0,3333.3
20818.38,72.4,90,1.2375,3333.3
20818.38,72.31,100,0.0,3333.3
20818.38,72.49,100,0.0,3333.3
20818.38,72.55,100,1.2375,3333.3
20818.38,72.55,100,0.0,3333.3
20818.38,72.53,100,0.0,3333.3
20818.38,72.46,100,0.0,3333.3
20818.38,72.5,100,1.2375,3333.3
20818.38,72.54,100,0.0,3333.3
20818.38,72.41,100,0.0,3333.3
20818.38,71.95,100,1.2375,3333.3
20818.38,72.38,100,0.0,3333.3
20818.38,72.23,100,0.0,3333.3
20818.38,72.18,100,1.25,3333.3
20818.38,72.18,100,0.0,3333.3
20818.38,72.22,100,0.0,3333.3
20818.38,72.16,100,1.2,3333.3
20818.38,72.11,100,1.2125,3333.3
20818.38,69.75,100,1.2125,3333.3
20818.38,69.15,92,1.2125,3333.3
20818.38,69.06,92,0.0,3333.3
20818.38,69.26,100,1.175,3333.3
20818.38,69.45,100,0.0,3333.3
20818.38,69.52,100,0.0,3333.3
20818.38,69.58,100,1.2125,3333.3
20818.38,69.49,100,0.0,3333.3
20818.38,69.49,100,0.0,3333.3
20818.38,69.48,100,0.0,3333.3
20818.38,69.45,100,1.2125,3333.3
20818.38,69.4,100,0.0,3333.3
20818.38,72.28,100,0.0,3333.3
20818.38,72.55,100,1.225,3333.3
20818.38,72.41,100,0.0,3333.3
20818.38,72.23,100,2.425,3333.3
20818.38,71.93,100,0.0,3333.3
20818.38,72.07,86,0.0,3333.3
20818.38,71.83,86,1.2125,3333.3
20818.38,71.71,100,0.0,3333.3
20818.38,71.97,100,0.0,3333.3
20818.38,72.04,100,0.0,3333.3
20818.38,72.19,100,1.2125,3333.3
20818.38,72.35,100,0.0,3333.3
20818.38,72.32,100,0.0,3333.3
20818.38,72.06,100,1.2125,3333.3
20818.38,72.06,100,1.2125,3333.3
20818.38,72.2,100,0.0,3333.3
20818.38,71.82,100,1.2125,3333.3
20818.38,72.01,100,0.0,3333.3
20818.38,72.02,100,0.0,3333.3
20818.38,72.03,100,0.0,3333.3
20818.38,72.1,100,1.2125,3333.3
20818.38,71.99,100,0.0,3333.3
20818.38,71.89,100,0.0,3333.3
20818.38,71.89,100,1.2125,3333.3
20818.38,72.0,100,0.0,3333.3
20818.38,71.88,100,2.425,3333.3
20818.38,73.56,100,0.0,3333.3
20818.38,73.0,89,0.0,3333.3
20818.38,73.0,100,1.2125,3333.3
20818.38,73.1,100,0.0,3333.3
20818.38,73.29,100,0.0,3333.3
20818.38,73.5,100,1.2125,3333.3
20818.38,73.48,100,0.0,3333.3
20818.38,73.54,100,0.0,3333.3
20818.38,73.53,100,0.0,3333.3
20818.38,73.56,100,1.2375,3333.3
20818.38,73.58,100,0.0,3333.3
20818.38,71.91,100,0.0,3333.3
20818.38,72.54,100,1.225,3333.3
20818.38,72.53,100,0.0,3333.3
20818.38,72.33,100,1.2375,3333.3
20818.38,72.14,100,0.0,3333.3
20818.38,72.14,100,0.0,3333.3
20818.38,72.05,100,0.0,3333.3
20818.38,72.05,100,0.0,3333.3
20818.38,71.92,100,0.0,3333.3
20818.38,71.8,100,0.0,3333.3
20818.38,68.43,100,0.0,3333.3
20818.38,65.22,9,0.0,3333.3
20818.38,61.87,9,0.0,3333.3
20818.38,58.35,0,0.0,3333.3
20818.38,54.96,0,0.0,3333.3
20818.38,51.55,0,0.0,3333.3
20818.38,45.79,0,0.0,3333.3
20818.38,44.85,0,0.0,3333.3
20818.38,41.55,0,0.0,3333.3
20818.38,38.29,0,0.0,3333.3
20818.38,38.29,0,0.0,3333.3
20818.38,38.29,0,0.0,3333.3
20818.38,38.29,0,0.0,3333.3
20818.38,38.29,0,0.0,3333.3
20818.38,38.29,0,0.0,3333.3
20818.38,38.29,0,0.0,3333.3
20818.38,38.29,0,0.0,3333.3
20818.38,38.29,0,0.0,3333.3
20818.38,38.29,0,0.0,3333.3
20818.38,35.08,0,1.2375,3333.3
20818.38,35.08,0,0.0,3333.3
20818.38,35.08,0,0.0,3333.3
20818.38,35.08,0,0.0,3333.3
20818.38,35.08,0,0.0,3333.3
20818.38,35.08,0,0.0,3333.3
20818.38,35.08,0,0.0,3333.3
20818.38,35.08,0,0.0,3333.3
20818.38,35.08,0,0.0,3333.3
20818.38,34.86,0,0.0,3333.3
20818.38,34.86,0,0.0,3333.3
20818.38,34.86,0,0.0,3333.3
20818.38,34.86,0,0.0,3333.3
20818.38,34.86,0,0.0,3333.3
20818.38,34.86,0,0.0,3333.3
20818.38,34.86,0,1.2375,3333.3
20818.38,34.86,0,0.0,3333.3
20818.38,34.86,0,0.0,3333.3
20818.38,34.86,0,0.0,3333.3
20818.38,34.86,0,0.0,3333.3
20818.38,34.67,0,0.0,3333.3
20818.38,34.67,0,0.0,3333.3
20818.38,34.67,0,0.0,3333.3
20818.38,34.67,0,0.0,3333.3
20818.38,34.67,0,0.0,3333.3
20818.38,34.67,0,0.0,3333.3
20818.38,34.67,0,0.0,3333.3
20818.38,34.67,0,0.0,3333.3
20818.38,34.67,0,0.0,3333.3
20818.38,34.67,0,0.0,3333.3
20818.38,34.57,0,0.0,3333.3
20818.38,34.57,0,0.0,3333.3
20818.38,34.57,0,0.0,3333.3
20818.38,34.57,0,0.0,3333.3
20818.38,34.57,0,0.0,3333.3
20818.38,34.57,0,0.0,3333.3
20818.38,34.57,0,0.0,3333.3
20818.38,34.57,0,0.0,3333.3
20818.38,34.57,0,0.0,3333.3
20818.38,34.47,0,0.0,3333.3
20818.38,34.47,0,0.0,3333.3
20818.38,34.47,0,0.0,3333.3
20818.38,34.47,0,0.0,3333.3
20818.38,34.47,0,0.0,3333.3
20818.38,34.47,0,0.0,3333.3
20818.38,34.47,0,0.0,3333.3
20818.38,34.47,0,1.2375,3333.3
20818.38,34.47,0,0.0,3333.3
20818.38,34.47,0,0.0,3333.3
20818.38,34.47,0,0.0,3333.3
20818.38,34.47,0,0.0,3333.3
20818.38,34.47,0,0.0,3333.3
20818.38,34.47,0,0.0,3333.3
20818.38,34.47,0,0.0,3333.3
20818.38,34.47,0,0.0,3333.3
20818.38,34.47,0,0.0,3333.3
20818.38,34.47,0,0.0,3333.3
20818.38,34.47,0,0.0,3333.3
20818.38,34.47,0,0.0,3333.3
20818.38,34.47,0,0.0,3333.3
20818.38,34.32,0,0.0,3333.3
20818.38,34.32,0,0.0,3333.3
20818.38,34.32,0,0.0,3333.3
20818.38,34.32,0,0.0,3333.3
20818.38,34.32,0,0.0,3333.3
20818.38,34.32,0,0.0,3333.3
20818.38,34.32,0,0.0,3333.3
20818.38,34.32,0,1.25,3333.3
20818.38,34.32,0,0.0,3333.3
20818.38,34.32,0,0.0,3333.3
20818.38,34.23,0,0.0,3333.3
20818.38,34.23,0,0.0,3333.3
20818.38,34.23,0,0.0,3333.3
20818.38,34.23,0,0.0,3333.3
20818.38,34.23,0,0.0,3333.3
20818.38,34.23,0,0.0,3333.3
20818.38,34.23,0,0.0,3333.3
20818.38,34.23,0,0.0,3333.3
20818.38,34.23,0,0.0,3333.3
20818.38,34.27,0,0.0,3333.3
20818.38,34.27,0,0.0,3333.3
20818.38,34.27,0,0.0,3333.3
20818.38,34.27,0,0.0,3333.3
20818.38,34.27,0,0.0,3333.3
20818.38,34.27,0,0.0,3333.3
20818.38,34.27,0,0.0,3333.3
20818.38,34.27,0,0.0,3333.3
20818.38,34.27,0,0.0,3333.3
20818.38,34.27,0,0.0,3333.3
20818.38,34.13,0,0.0,3333.3
20818.38,34.13,0,0.0,3333.3
20818.38,34.13,0,0.0,3333.3
20818.38,34.13,0,0.0,3333.3
20818.38,34.13,0,0.0,3333.3
20818.38,34.13,0,0.0,3333.3
20818.38,34.13,0,0.0,3333.3
20818.38,34.13,0,0.0,3333.3
20818.38,34.13,0,0.0,3333.3
20818.38,34.13,0,0.0,3333.3
20818.38,34.13,0,0.0,3333.3
20818.38,34.03,0,0.0,3333.3
20818.38,34.03,0,0.0,3333.3
20818.38,34.03,0,1.2375,3333.3
20818.38,34.03,0,0.0,3333.3
20818.38,34.03,0,0.0,3333.3
20818.38,34.03,0,0.0,3333.3
20818.38,34.03,0,0.0,3333.3
20818.38,34.03,0,0.0,3333.3
20818.38,34.03,0,0.0,3333.3
20818.38,34.03,0,0.0,3333.3
20818.38,34.03,0,0.0,3333.3
20818.38,34.03,0,0.0,3333.3
20818.38,34.03,0,0.0,3333.3
20818.38,34.03,0,0.0,3333.3
20818.38,34.03,0,0.0,3333.3
20818.38,34.03,0,0.0,3333.3
20818.38,34.03,0,1.25,3333.3
20818.38,34.03,0,0.0,3333.3
20818.38,34.03,0,0.0,3333.3
20818.38,33.83,0,0.0,3333.3
20818.38,33.83,0,0.0,3333.3
20818.38,33.83,0,0.0,3333.3
20818.38,33.83,0,0.0,3333.3
20818.38,33.83,0,0.0,3333.3
20818.38,33.83,0,0.0,3333.3
20818.38,33.83,0,0.0,3333.3
20818.38,33.83,0,0.0,3333.3
20818.38,33.83,0,0.0,3333.3
20818.38,33.83,0,0.0,3333.3
20818.38,33.78,0,0.0,3333.3
20818.38,33.78,0,0.0,3333.3
20818.38,33.78,0,0.0,3333.3
20818.38,33.78,0,1.2375,3333.3
20818.38,33.78,0,0.0,3333.3
20818.38,33.78,0,0.0,3333.3
20818.38,33.78,0,0.0,3333.3
20818.38,33.78,0,0.0,3333.3
20818.38,33.78,0,0.0,3333.3
20818.38,33.78,0,0.0,3333.3
20818.38,33.83,0,0.0,3333.3
20818.38,33.83,0,0.0,3333.3
20818.38,33.83,0,0.0,3333.3
20818.38,33.83,0,0.0,3333.3
20818.38,33.83,0,0.0,3333.3
20818.38,33.83,0,0.0,3333.3
20818.38,33.83,0,0.0,3333.3
20818.38,33.83,0,0.0,3333.3
20818.38,33.83,0,0.0,3333.3
20818.38,33.83,0,0.0,3333.3
20818.38,33.67,0,0.0,3333.3
20818.38,33.67,0,0.0,3333.3
20818.38,33.67,0,0.0,3333.3
20818.38,33.67,0,0.0,3333.3
20818.38,33.67,0,0.0,3333.3
20818.38,33.67,0,0.0,3333.3
20818.38,33.67,0,0.0,3333.3
20818.38,33.67,0,0.0,3333.3
20818.38,33.67,0,0.0,3333.3
20818.38,33.67,0,0.0,3333.3
20818.38,33.58,0,0.0,3333.3
20818.38,33.58,0,0.0,3333.3
20818.38,33.58,0,0.0,3333.3
20818.38,33.58,0,0.0,3333.3
20818.38,33.58,0,0.0,3333.3
20818.38,33.58,0,0.0,3333.3
20818.38,33.58,0,0.0,3333.3
20818.38,33.58,0,1.25,3333.3
20818.38,33.58,0,0.0,3333.3
20818.38,33.58,0,0.0,3333.3
20818.38,33.63,0,0.0,3333.3
20818.38,33.63,0,0.0,3333.3
20818.38,33.63,0,0.0,3333.3
20818.38,33.63,0,0.0,3333.3
20818.38,33.63,0,0.0,3333.3
20818.38,33.63,0,0.0,3333.3
20818.38,33.63,0,0.0,3333.3
20818.38,33.63,0,0.0,3333.3
20818.38,33.63,0,0.0,3333.3
20818.38,33.59,0,1.2375,3333.3
20818.38,33.59,0,0.0,3333.3
20818.38,33.59,0,0.0,3333.3
20818.38,33.59,0,0.0,3333.3
20818.38,33.59,0,0.0,3333.3
20818.38,33.59,0,0.0,3333.3
20818.38,33.59,0,0.0,3333.3
20818.38,33.59,0,0.0,3333.3
20818.38,33.59,0,0.0,3333.3
20818.38,33.59,0,0.0,3333.3
20818.38,33.59,0,0.0,3333.3
20818.38,33.49,0,0.0,3333.3
20818.38,33.49,0,0.0,3333.3
20818.38,33.49,0,0.0,3333.3
20818.38,33.49,0,0.0,3333.3
20818.38,33.49,0,0.0,3333.3
20818.38,33.49,0,0.0,3333.3
20818.38,33.49,0,0.0,3333.3
20818.38,33.49,0,0.0,3333.3
20818.38,33.49,0,0.0,3333.3
20818.38,33.49,0,0.0,3333.3
20818.38,33.54,0,0.0,3333.3
20818.38,33.54,0,0.0,3333.3
20818.38,33.54,0,0.0,3333.3
20818.38,33.54,0,0.0,3333.3
20818.38,33.54,0,0.0,3333.3
20818.38,33.54,0,0.0,3333.3
20818.38,33.54,0,1.25,3333.3
20818.38,33.54,0,0.0,3333.3
20818.38,33.54,0,0.0,3333.3
20818.38,33.49,0,0.0,3333.3
20818.38,33.49,0,0.0,3333.3
20818.38,33.49,0,0.0,3333.3
20818.38,33.49,0,0.0,3333.3
20818.38,33.49,0,0.0,3333.3
20818.38,33.49,0,0.0,3333.3
20818.38,33.49,0,0.0,3333.3
20818.38,33.49,0,0.0,3333.3
20818.38,33.49,0,0.0,3333.3
20818.38,33.49,0,0.0,3333.3
20818.38,33.44,0,0.0,3333.3
20818.38,33.44,0,0.0,3333.3
20818.38,33.44,0,0.0,3333.3
20818.38,33.44,0,0.0,3333.3
20818.38,33.44,0,0.0,3333.3
20818.38,33.44,0,0.0,3333.3
20818.38,33.44,0,0.0,3333.3
20818.38,33.44,0,0.0,3333.3
20818.38,33.44,0,0.0,3333.3
20818.38,33.44,0,0.0,3333.3
20818.38,33.44,0,0.0,3333.3
20818.38,33.49,0,0.0,3333.3
20818.38,33.49,0,0.0,3333.3
20818.38,33.49,0,0.0,3333.3
20818.38,33.49,0,0.0,3333.3
20818.38,33.49,0,0.0,3333.3
20818.38,33.49,0,0.0,3333.3
20818.38,33.49,0,0.0,3333.3
20818.38,33.49,0,0.0,3333.3
20818.38,33.49,0,0.0,3333.3
20818.38,33.49,0,0.0,3333.3
20818.38,33.54,0,1.2375,3333.3
20818.38,33.54,0,1.2375,3333.3
20818.38,33.54,0,0.0,3333.3
20818.38,33.54,0,0.0,3333.3
20818.38,33.54,0,0.0,3333.3
20818.38,33.54,0,0.0,3333.3
20818.38,33.54,0,0.0,3333.3
20818.38,33.54,0,0.0,3333.3
20818.38,33.54,0,0.0,3333.3
20818.38,33.44,0,0.0,3333.3
20818.38,33.44,0,0.0,3333.3
20818.38,33.44,0,0.0,3333.3
20818.38,33.44,0,0.0,3333.3
20818.38,33.44,0,0.0,3333.3
20818.38,33.44,0,0.0,3333.3
20818.38,33.44,0,0.0,3333.3
20818.38,33.44,0,0.0,3333.3
20818.38,33.44,0,0.0,3333.3
20818.38,33.44,0,0.0,3333.3
20818.38,33.34,0,0.0,3333.3
20818.38,33.34,0,0.0,3333.3
20818.38,33.34,0,0.0,3333.3
20818.38,33.34,0,0.0,3333.3
20818.38,33.34,0,0.0,3333.3
20818.38,33.34,0,0.0,3333.3
20818.38,33.34,0,0.0,3333.3
20818.38,33.34,0,0.0,3333.3
20818.38,33.34,0,0.0,3333.3
20818.38,33.34,0,0.0,3333.3
20818.38,33.34,0,0.0,3333.3
20818.38,33.39,0,0.0,3333.3
20818.38,33.39,0,0.0,3333.3
20818.38,33.39,0,1.25,3333.3
20818.38,33.39,0,0.0,3333.3
20818.38,33.39,0,0.0,3333.3
20818.38,33.39,0,0.0,3333.3
20818.38,33.39,0,0.0,3333.3
20818.38,33.39,0,0.0,3333.3
20818.38,33.39,0,0.0,3333.3
20818.38,33.34,0,0.0,3333.3
20818.38,33.34,0,0.0,3333.3
20818.38,33.34,0,0.0,3333.3
20818.38,33.34,0,0.0,3333.3
20818.38,33.34,0,0.0,3333.3
20818.38,33.34,0,0.0,3333.3
20818.38,33.34,0,0.0,3333.3
20818.38,33.34,0,0.0,3333.3
20818.38,33.34,0,0.0,3333.3
20818.38,33.34,0,0.0,3333.3
20818.38,33.1,0,0.0,3333.3
20818.38,33.1,0,0.0,3333.3
20818.38,33.1,0,0.0,3333.3
20818.38,33.1,0,0.0,3333.3
20818.38,33.1,0,0.0,3333.3
20818.38,33.1,0,0.0,3333.3
20818.38,33.1,0,0.0,3333.3
20818.38,33.1,0,0.0,3333.3
20818.38,33.1,0,0.0,3333.3
20818.38,33.1,0,0.0,3333.3
20818.38,33.14,0,0.0,3333.3
20818.38,33.14,0,0.0,3333.3
20818.38,33.14,0,0.0,3333.3
20818.38,33.14,0,0.0,3333.3
20818.38,33.14,0,0.0,3333.3
20818.38,33.14,0,0.0,3333.3
20818.38,33.14,0,0.0,3333.3
20818.38,33.14,0,0.0,3333.3
20818.38,33.14,0,1.25,3333.3
20818.38,33.14,0,0.0,3333.3
20818.38,33.14,0,0.0,3333.3
20818.38,33.29,0,0.0,3333.3
20818.38,33.29,0,0.0,3333.3
20818.38,33.29,0,0.0,3333.3
20818.38,33.29,0,0.0,3333.3
20818.38,33.29,0,0.0,3333.3
20818.38,33.29,0,0.0,3333.3
20818.38,33.29,0,0.0,3333.3
20818.38,33.29,0,0.0,3333.3
20818.38,33.29,0,0.0,3333.3
20818.38,33.24,0,0.0,3333.3
20818.38,33.24,0,0.0,3333.3
20818.38,33.24,0,0.0,3333.3
20818.38,33.24,0,0.0,3333.3
20818.38,33.24,0,0.0,3333.3
20818.38,33.24,0,0.0,3333.3
20818.38,33.24,0,0.0,3333.3
20818.38,33.24,0,0.0,3333.3
20818.38,33.24,0,0.0,3333.3
20818.38,33.24,0,0.0,3333.3
20818.38,33.1,0,0.0,3333.3
20818.38,33.1,0,0.0,3333.3
20818.38,33.1,0,0.0,3333.3
20818.38,33.1,0,1.25,3333.3
20818.38,33.1,0,0.0,3333.3
20818.38,33.1,0,0.0,3333.3
20818.38,33.1,0,0.0,3333.3
20818.38,33.1,0,0.0,3333.3
20818.38,33.1,0,0.0,3333.3
20818.38,33.1,0,0.0,3333.3
20818.38,33.15,0,0.0,3333.3
20818.38,33.15,0,0.0,3333.3
20818.38,33.15,0,0.0,3333.3
20818.38,33.15,0,0.0,3333.3
20818.38,33.15,0,0.0,3333.3
20818.38,33.15,0,0.0,3333.3
20818.38,33.15,0,0.0,3333.3
20818.38,33.15,0,0.0,3333.3
20818.38,33.15,0,0.0,3333.3
20818.38,33.15,0,0.0,3333.3
20818.38,33.19,0,0.0,3333.3
20818.38,33.19,0,0.0,3333.3
20818.38,33.19,0,1.2375,3333.3
20818.38,33.19,0,0.0,3333.3
20818.38,33.19,0,0.0,3333.3
20818.38,33.19,0,0.0,3333.3
20818.38,33.19,0,0.0,3333.3
20818.38,33.19,0,0.0,3333.3
20818.38,33.19,0,0.0,3333.3
20818.38,33.19,0,0.0,3333.3
20818.38,33.09,0,0.0,3333.3
20818.38,33.09,0,0.0,3333.3
20818.38,33.09,0,0.0,3333.3
20818.38,33.09,0,0.0,3333.3
20818.38,33.09,0,0.0,3333.3
20818.38,33.09,0,0.0,3333.3
20818.38,33.09,0,1.2375,3333.3
20818.38,33.09,0,0.0,3333.3
20818.38,33.09,0,0.0,3333.3
20818.38,33.09,0,0.0,3333.3
20818.38,32.96,0,0.0,3333.3
20818.38,32.96,0,0.0,3333.3
20818.38,32.96,0,0.0,3333.3
20818.38,32.96,0,0.0,3333.3
20818.38,32.96,0,0.0,3333.3
20818.38,32.96,0,0.0,3333.3
20818.38,32.96,0,0.0,3333.3
20818.38,32.96,0,0.0,3333.3
20818.38,32.96,0,0.0,3333.3
20818.38,32.96,0,0.0,3333.3
20818.38,32.96,0,0.0,3333.3
20818.38,32.96,0,0.0,3333.3
20818.38,32.96,0,0.0,3333.3
20818.38,32.96,0,0.0,3333.3
20818.38,32.96,0,0.0,3333.3
20818.38,32.96,0,0.0,3333.3
20818.38,32.96,0,0.0,3333.3
20818.38,32.96,0,0.0,3333.3
20818.38,32.96,0,0.0,3333.3
20818.38,32.96,0,0.0,3333.3
20818.38,33.0,0,0.0,3333.3
20818.38,33.0,0,0.0,3333.3
20818.38,33.0,0,0.0,3333.3
20818.38,33.0,0,1.2375,3333.3
20818.38,33.0,0,0.0,3333.3
20818.38,33.0,0,0.0,3333.3
20818.38,33.0,0,0.0,3333.3
20818.38,33.0,0,0.0,3333.3
20818.38,33.0,0,0.0,3333.3
20818.38,33.0,0,0.0,3333.3
20818.38,33.0,0,0.0,3333.3
20818.38,33.0,0,0.0,3333.3
20818.38,33.0,0,0.0,3333.3
20818.38,33.0,0,0.0,3333.3
20818.38,33.0,0,0.0,3333.3
20818.38,33.0,0,0.0,3333.3
20818.38,33.0,0,0.0,3333.3
20818.38,33.0,0,0.0,3333.3
20818.38,33.0,0,0.0,3333.3
20818.38,33.0,0,0.0,3333.3
20818.38,32.95,0,0.0,3333.3
20818.38,32.95,0,0.0,3333.3
20818.38,32.95,0,0.0,3333.3
20818.38,32.95,0,0.0,3333.3
20818.38,32.95,0,0.0,3333.3
20818.38,32.95,0,0.0,3333.3
20818.38,32.95,0,0.0,3333.3
20818.38,32.95,0,0.0,3333.3
20818.38,32.95,0,0.0,3333.3
20818.38,32.85,0,0.0,3333.3
20818.38,32.85,0,0.0,3333.3
20818.38,32.85,0,0.0,3333.3
20818.38,32.85,0,0.0,3333.3
20818.38,32.85,0,1.25,3333.3
20818.38,32.85,0,0.0,3333.3
20818.38,32.85,0,0.0,3333.3
20818.38,32.85,0,0.0,3333.3
20818.38,32.85,0,0.0,3333.3
20818.38,32.85,0,0.0,3333.3
20818.38,32.85,0,0.0,3333.3
20818.38,32.85,0,0.0,3333.3
20818.38,32.85,0,0.0,3333.3
20818.38,32.85,0,0.0,3333.3
20818.38,32.85,0,0.0,3333.3
20818.38,32.85,0,0.0,3333.3
20818.38,35.95,0,3.725,3333.3
20818.38,35.95,0,0.0,3333.3
20818.38,37.31,0,1.2375,3333.3
20818.38,39.19,90,0.0,3333.3
20818.38,41.09,90,0.0,3333.3
20818.38,42.78,100,1.2375,3333.3
20818.38,56.42,100,0.0,3333.3
20818.38,57.84,100,0.0,3333.3
20818.38,59.01,100,1.2375,3333.3
20818.38,59.74,100,0.0,3333.3
20818.38,60.36,100,0.0,3333.3
20818.38,72.57,100,1.25,3333.3
20818.38,72.82,100,0.0,3333.3
20818.38,72.82,100,0.0,3333.3
20818.38,72.74,100,1.25,3333.3
20818.38,72.41,100,0.0,3333.3
20818.38,72.32,100,0.0,3333.3
20818.38,72.23,100,0.0,3333.3
20818.38,72.11,100,1.25,3333.3
20818.38,71.92,100,0.0,3333.3
20818.38,71.91,100,2.4875,3333.3
20818.38,73.8,100,0.0,3333.3
20818.38,73.2,90,0.0,3333.3
20818.38,73.28,90,1.25,3333.3
20818.38,73.63,100,0.0,3333.3
20818.38,73.81,100,0.0,3333.3
20818.38,73.89,100,1.2375,3333.3
20818.38,73.89,100,0.0,3333.3
20818.38,73.84,100,0.0,3333.3
20818.38,73.7,100,0.0,3333.3
20818.38,73.53,100,1.2375,3333.3
20818.38,73.39,100,0.0,3333.3
20818.38,71.6,100,0.0,3333.3
20818.38,72.23,100,1.25,3333.3
20818.38,72.35,100,0.0,3333.3
20818.38,72.26,100,0.0,3333.3
20818.38,72.32,100,0.0,3333.3
20818.38,72.32,100,1.25,3333.3
20818.38,72.27,100,0.0,3333.3
20818.38,72.27,100,0.0,3333.3
20818.38,72.13,100,1.25,3333.3
20818.38,72.14,100,1.2375,3333.3
20818.38,72.14,91,1.2375,3333.3
20818.38,71.85,91,1.225,3333.3
20818.38,71.66,100,0.0,3333.3
20818.38,72.12,100,1.2125,3333.3
20818.38,72.25,100,0.0,3333.3
20818.38,72.29,100,0.0,3333.3
20818.38,72.22,100,1.2,3333.3
20818.38,72.06,100,0.0,3333.3
20818.38,71.97,100,0.0,3333.3
20818.38,71.87,100,1.2125,3333.3
20818.38,71.79,100,0.0,3333.3
20818.38,72.02,100,0.0,3333.3
20818.38,72.34,100,1.2125,3333.3
20818.38,72.37,100,0.0,3333.3
20818.38,72.33,100,0.0,3333.3
20818.38,72.25,100,1.225,3333.3
20818.38,72.08,100,0.0,3333.3
20818.38,71.89,100,0.0,3333.3
20818.38,71.85,100,0.0,3333.3
20818.38,74.01,100,2.425,3333.3
20818.38,74.03,92,0.0,3333.3
20818.38,74.03,92,1.2125,3333.3
20818.38,73.64,100,0.0,3333.3
20818.38,73.66,100,1.2125,3333.3
20818.38,73.66,100,0.0,3333.3
20818.38,73.68,100,1.2125,3333.3
20818.38,73.68,100,0.0,3333.3
20818.38,73.66,100,0.0,3333.3
20818.38,73.59,100,0.0,3333.3
20818.38,73.64,100,1.1875,3333.3
20818.38,73.88,100,0.0,3333.3
20818.38,71.74,100,0.0,3333.3
20818.38,72.33,100,1.1875,3333.3
20818.38,72.34,100,1.1,3333.3
20818.38,72.23,100,1.15,3333.3
20818.38,72.11,100,1.2125,3333.3
20818.38,72.07,100,0.0,3333.3
20818.38,71.97,100,0.0,3333.3
20818.38,72.11,100,0.0,3333.3
20818.38,72.07,100,1.225,3333.3
20818.38,69.0,91,1.2125,3333.3
20818.38,69.0,91,1.2125,3333.3
20818.38,68.39,91,0.0,3333.3
20818.38,68.56,100,1.2125,3333.3
20818.38,68.56,100,0.0,3333.3
20818.38,68.7,100,0.0,3333.3
20818.38,68.75,100,1.2125,3333.3
20818.38,68.76,100,0.0,3333.3
20818.38,68.74,100,0.0,3333.3
20818.38,68.61,100,1.2125,3333.3
20818.38,68.44,100,0.0,3333.3
20818.38,68.46,100,1.2125,3333.3
20818.38,71.34,100,0.0,3333.3
20818.38,72.29,100,1.2125,3333.3
20818.38,72.23,100,0.0,3333.3
20818.38,72.09,100,0.0,3333.3
20818.38,72.05,100,0.0,3333.3
20818.38,71.85,100,1.2125,3333.3
20818.38,71.85,100,0.0,3333.3
20818.38,71.96,100,0.0,3333.3
20818.38,72.04,100,2.4,3333.3
20818.38,74.22,100,1.175,3333.3
20818.38,73.57,100,0.0,3333.3
20818.38,73.57,90,1.225,3333.3
20818.38,73.74,90,0.0,3333.3
20818.38,73.91,100,0.0,3333.3
20818.38,73.91,100,1.225,3333.3
20818.38,73.74,100,0.0,3333.3
20818.38,73.84,100,0.0,3333.3
20818.38,73.89,100,0.0,3333.3
20818.38,73.89,100,1.225,3333.3
20818.38,73.93,100,0.0,3333.3
20818.38,71.67,100,0.0,3333.3
20818.38,72.47,100,0.0,3333.3
20818.38,72.5,100,0.0,3333.3
20818.38,72.5,100,1.225,3333.3
20818.38,72.3,100,0.0,3333.3
20818.38,72.16,100,0.0,3333.3
20818.38,72.11,100,1.2125,3333.3
20818.38,72.14,100,0.0,3333.3
20818.38,72.1,100,2.4375,3333.3
20818.38,72.02,100,0.0,3333.3
20818.38,71.9,93,1.225,3333.3
20818.38,71.76,93,0.0,3333.3
20818.38,71.97,100,1.2125,3333.3
20818.38,72.11,100,0.0,3333.3
20818.38,72.07,100,0.0,3333.3
20818.38,71.98,100,0.0,3333.3
20818.38,72.02,100,0.0,3333.3
20818.38,71.89,100,1.2375,3333.3
20818.38,72.0,100,0.0,3333.3
20818.38,71.92,100,0.0,3333.3
20818.38,72.02,100,1.25,3333.3
20818.38,72.39,100,0.0,3333.3
20818.38,72.39,100,0.0,3333.3
20818.38,72.31,100,0.0,3333.3
20818.38,72.2,100,1.2375,3333.3
20818.38,71.97,100,0.0,3333.3
20818.38,71.93,100,0.0,3333.3
20818.38,71.84,100,1.2375,3333.3
20818.38,71.95,100,0.0,3333.3
20818.38,72.05,93,2.4875,3333.3
20818.38,73.45,93,0.0,3333.3
20818.38,72.68,100,0.0,3333.3
20818.38,72.79,100,1.2375,3333.3
20818.38,73.06,100,0.0,3333.3
20818.38,73.05,100,0.0,3333.3
20818.38,73.15,100,0.0,3333.3
20818.38,73.15,100,1.25,3333.3
20818.38,73.19,100,0.0,3333.3
20818.38,73.23,100,0.0,3333.3
20818.38,73.16,100,1.2375,3333.3
20818.38,73.09,100,0.0,3333.3
20818.38,71.54,100,0.0,3333.3
20818.38,72.36,100,1.2375,3333.3
20818.38,72.41,100,0.0,3333.3
20818.38,72.2,100,0.0,3333.3
20818.38,72.04,100,1.25,3333.3
20818.38,72.04,100,1.25,3333.3
20818.38,71.75,100,2.4875,3333.3
20818.38,71.75,100,0.0,3333.3
20818.38,74.03,100,0.0,3333.3
20818.38,73.33,90,1.2375,3333.3
20818.38,73.47,90,0.0,3333.3
20818.38,73.89,100,0.0,3333.3
20818.38,73.91,100,1.2375,3333.3
20818.38,73.74,100,0.0,3333.3
20818.38,73.74,100,0.0,3333.3
20818.38,73.73,100,0.0,3333.3
20818.38,73.91,100,1.2375,3333.3
20818.38,73.91,100,0.0,3333.3
20818.38,73.9,100,0.0,3333.3
20818.38,71.52,100,1.2125,3333.3
20818.38,72.15,100,0.0,3333.3
20818.38,72.23,100,0.0,3333.3
20818.38,72.21,100,1.2125,3333.3
20818.38,72.05,100,0.0,3333.3
20818.38,72.04,100,0.0,3333.3
20818.38,71.99,100,0.0,3333.3
20818.38,71.98,100,1.2125,3333.3
20818.38,71.8,100,1.2125,3333.3
20818.38,71.9,90,1.2125,3333.3
20818.38,71.72,90,0.0,3333.3
20818.38,71.94,90,2.3625,3333.3
20818.38,72.12,100,0.0,3333.3
20818.38,72.12,100,0.0,3333.3
20818.38,72.21,100,1.2125,3333.3
20818.38,72.08,100,0.0,3333.3
20818.38,72.04,100,0.0,3333.3
20818.38,71.94,100,1.2125,3333.3
20818.38,71.97,100,0.0,3333.3
20818.38,71.88,100,0.0,3333.3
20818.38,71.78,100,1.2125,3333.3
20818.38,72.19,100,0.0,3333.3
20818.38,72.22,100,1.1625,3333.3
20818.38,72.18,100,1.2125,3333.3
20818.38,73.94,100,1.2375,3333.3
20818.38,73.1,85,0.0,3333.3
20818.38,73.37,100,0.0,3333.3
20818.38,73.67,100,1.2125,3333.3
20818.38,73.76,100,0.0,3333.3
20818.38,73.9,100,0.0,3333.3
20818.38,74.01,100,1.2125,3333.3
20818.38,74.13,100,0.0,3333.3
20818.38,73.97,100,0.0,3333.3
20818.38,73.61,100,0.0,3333.3
20818.38,71.47,100,1.2125,3333.3
20818.38,72.19,100,0.0,3333.3
20818.38,72.16,100,0.0,3333.3
20818.38,72.16,100,1.2125,3333.3
20818.38,71.86,100,2.3875,3333.3
20818.38,71.86,100,1.2,3333.3
20818.38,73.78,93,1.2375,3333.3
20818.38,73.09,93,0.0,3333.3
20818.38,73.17,100,0.0,3333.3
20818.38,73.22,100,1.2125,3333.3
20818.38,73.36,100,0.0,3333.3
20818.38,73.55,100,0.0,3333.3
20818.38,73.63,100,0.0,3333.3
20818.38,73.5,100,1.2125,3333.3
20818.38,73.58,100,0.0,3333.3
20818.38,73.51,100,0.0,3333.3
20818.38,71.46,100,1.2125,3333.3
20818.38,72.22,100,0.0,3333.3
20818.38,72.25,100,0.0,3333.3
20818.38,72.09,100,1.2125,3333.3
20818.38,72.1,100,0.0,3333.3
20818.38,72.05,100,0.0,3333.3
20818.38,71.98,100,0.0,3333.3
20818.38,71.98,100,1.2125,3333.3
20818.38,71.98,100,1.2125,3333.3
20818.38,71.83,100,1.2125,3333.3
20818.38,73.1,84,1.2125,3333.3
20818.38,72.63,84,0.0,3333.3
20818.38,72.58,100,0.0,3333.3
20818.38,72.82,100,0.0,3333.3
20818.38,73.05,100,1.2125,3333.3
20818.38,73.16,100,0.0,3333.3
20818.38,73.16,100,1.2125,3333.3
20818.38,73.11,100,0.0,3333.3
20818.38,73.0,100,0.0,3333.3
20818.38,72.96,100,0.0,3333.3
20818.38,71.64,100,1.2125,3333.3
20818.38,72.34,100,0.0,3333.3
20818.38,72.46,100,0.0,3333.3
20818.38,72.46,100,1.2125,3333.3
20818.38,72.4,100,0.0,3333.3
20818.38,72.2,100,0.0,3333.3
20818.38,72.09,100,1.2125,3333.3
20818.38,72.02,100,1.2125,3333.3
20818.38,72.01,100,0.0,3333.3
20818.38,71.95,100,2.4125,3333.3
20818.38,70.19,100,1.2125,3333.3
20818.38,69.73,86,0.0,3333.3
20818.38,69.58,100,0.0,3333.3
20818.38,69.72,100,1.2125,3333.3
20818.38,69.9,100,0.0,3333.3
20818.38,70.11,100,0.0,3333.3
20818.38,70.2,100,1.2125,3333.3
20818.38,70.2,100,0.0,3333.3
20818.38,70.25,100,0.0,3333.3
20818.38,70.17,100,0.0,3333.3
20818.38,70.19,100,0.0,3333.3
20818.38,71.86,100,1.2125,3333.3
20818.38,72.44,100,0.0,3333.3
20818.38,72.41,100,0.0,3333.3
20818.38,72.34,100,1.225,3333.3
20818.38,72.31,100,0.0,3333.3
20818.38,72.31,100,1.2125,3333.3
20818.38,72.04,100,0.0,3333.3
20818.38,71.9,100,1.2125,3333.3
20818.38,71.81,100,2.4375,3333.3
20818.38,71.83,85,0.0,3333.3
20818.38,74.06,85,0.0,3333.3
20818.38,73.51,100,1.2125,3333.3
20818.38,73.79,100,0.0,3333.3
20818.38,74.06,100,0.0,3333.3
20818.38,74.12,100,1.2125,3333.3
20818.38,74.05,100,0.0,3333.3
20818.38,74.01,100,0.0,3333.3
20818.38,74.08,100,0.0,3333.3
20818.38,74.05,100,1.2125,3333.3
20818.38,74.05,100,0.0,3333.3
20818.38,71.72,100,0.0,3333.3
20818.38,72.41,100,1.2125,3333.3
20818.38,72.48,100,0.0,3333.3
20818.38,72.47,100,0.0,3333.3
20818.38,72.37,100,1.225,3333.3
20818.38,72.07,100,0.0,3333.3
20818.38,71.94,100,1.2125,3333.3
20818.38,71.86,100,1.2125,3333.3
20818.38,71.79,100,1.2125,3333.3
20818.38,71.85,100,0.0,3333.3
20818.38,72.7,87,1.2125,3333.3
20818.38,72.1,87,0.0,3333.3
20818.38,72.21,100,1.2125,3333.3
20818.38,72.27,100,0.0,3333.3
20818.38,72.31,100,0.0,3333.3
20818.38,72.49,100,0.0,3333.3
20818.38,72.53,100,1.2125,3333.3
20818.38,72.56,100,0.0,3333.3
20818.38,72.6,100,0.0,3333.3
20818.38,72.47,100,1.2125,3333.3
20818.38,71.67,100,0.0,3333.3
20818.38,72.37,100,0.0,3333.3
20818.38,72.37,100,1.2125,3333.3
20818.38,72.37,100,0.0,3333.3
20818.38,72.37,100,0.0,3333.3
20818.38,72.37,100,1.2125,3333.3
20818.38,72.17,100,0.0,3333.3
20818.38,72.04,100,0.0,3333.3
20818.38,71.92,100,1.2125,3333.3
20818.38,71.92,100,2.425,3333.3
20818.38,68.71,87,0.0,3333.3
20818.38,68.92,87,0.0,3333.3
20818.38,69.1,95,1.2125,3333.3
20818.38,68.84,95,0.0,3333.3
20818.38,68.87,100,1.2125,3333.3
20818.38,68.87,100,0.0,3333.3
20818.38,69.09,100,1.1625,3333.3
20818.38,69.2,100,1.2375,3333.3
20818.38,69.26,100,0.0,3333.3
20818.38,69.19,100,0.0,3333.3
20818.38,69.27,100,1.2125,3333.3
20818.38,72.48,100,0.0,3333.3
20818.38,72.28,100,0.0,3333.3
20818.38,72.07,100,0.0,3333.3
20818.38,72.41,100,1.2125,3333.3
20818.38,72.42,100,0.0,3333.3
20818.38,72.41,100,0.0,3333.3
20818.38,72.07,100,1.2125,3333.3
20818.38,72.0,100,0.0,3333.3
20818.38,72.08,100,0.0,3333.3
20818.38,72.02,100,1.2125,3333.3
20818.38,71.92,100,1.175,3333.3
20818.38,72.79,100,1.15,3333.3
20818.38,72.67,84,0.0,3333.3
20818.38,72.74,84,1.2375,3333.3
20818.38,72.76,100,0.0,3333.3
20818.38,72.8,100,0.0,3333.3
20818.38,72.75,100,1.2125,3333.3
20818.38,72.79,100,1.2125,3333.3
20818.38,72.77,100,0.0,3333.3
20818.38,72.78,100,0.0,3333.3
20818.38,72.83,100,1.2125,3333.3
20818.38,72.86,100,0.0,3333.3
20818.38,72.05,100,0.0,3333.3
20818.38,72.48,100,1.225,3333.3
20818.38,72.53,100,0.0,3333.3
20818.38,72.11,100,0.0,3333.3
20818.38,72.11,100,0.0,3333.3
20818.38,72.11,100,2.45,3333.3
20818.38,69.85,89,0.0,3333.3
20818.38,69.16,89,1.2125,3333.3
20818.38,69.41,100,0.0,3333.3
20818.38,69.41,100,0.0,3333.3
20818.38,69.65,100,1.2125,3333.3
20818.38,69.85,100,0.0,3333.3
20818.38,69.89,100,0.0,3333.3
20818.38,69.62,100,1.2125,3333.3
20818.38,69.53,100,0.0,3333.3
20818.38,69.52,100,0.0,3333.3
20818.38,69.47,100,0.0,3333.3
20818.38,71.56,100,1.2,3333.3
20818.38,72.21,100,0.0,3333.3
20818.38,72.05,100,0.0,3333.3
20818.38,72.11,100,2.4375,3333.3
20818.38,72.2,100,0.0,3333.3
20818.38,72.11,100,0.0,3333.3
20818.38,71.89,100,2.425,3333.3
20818.38,71.88,100,0.0,3333.3
20818.38,72.65,94,1.225,3333.3
20818.38,72.02,94,0.0,3333.3
20818.38,72.13,100,0.0,3333.3
20818.38,72.28,100,1.1625,3333.3
20818.38,72.5,100,0.0,3333.3
20818.38,72.61,100,1.2125,3333.3
20818.38,72.39,100,0.0,3333.3
20818.38,72.39,100,0.0,3333.3
20818.38,72.6,100,1.2125,3333.3
20818.38,72.56,100,0.0,3333.3
20818.38,71.6,100,0.0,3333.3
20818.38,72.14,100,0.0,3333.3
20818.38,72.09,100,1.2125,3333.3
20818.38,72.08,100,0.0,3333.3
20818.38,72.19,100,0.0,3333.3
20818.38,72.11,100,1.2125,3333.3
20818.38,72.06,100,0.0,3333.3
20818.38,72.18,100,0.0,3333.3
20818.38,72.18,100,2.425,3333.3
20818.38,71.9,84,0.0,3333.3
20818.38,72.58,84,0.0,3333.3
20818.38,72.39,100,2.4375,3333.3
20818.38,72.1,100,0.0,3333.3
20818.38,72.69,100,0.0,3333.3
20818.38,72.85,100,1.2125,3333.3
20818.38,72.96,100,0.0,3333.3
20818.38,73.01,100,0.0,3333.3
20818.38,72.89,100,1.2125,3333.3
20818.38,72.79,100,0.0,3333.3
20818.38,72.72,100,0.0,3333.3
20818.38,72.0,100,1.2125,3333.3
20818.38,72.14,100,0.0,3333.3
20818.38,72.51,100,0.0,3333.3
20818.38,72.5,100,0.0,3333.3
20818.38,72.43,100,1.2125,3333.3
20818.38,72.33,100,0.0,3333.3
20818.38,72.33,100,0.0,3333.3
20818.38,72.17,100,1.2125,3333.3
20818.38,72.04,100,0.0,3333.3
20818.38,71.98,100,0.0,3333.3
20818.38,71.87,100,2.4875,3333.3
20818.38,71.84,91,1.175,3333.3
20818.38,72.02,91,0.0,3333.3
20818.38,72.15,100,0.0,3333.3
20818.38,72.25,100,1.2125,3333.3
20818.38,72.34,100,0.0,3333.3
20818.38,72.23,100,0.0,3333.3
20818.38,72.24,100,1.2125,3333.3
20818.38,72.2,100,0.0,3333.3
20818.38,72.21,100,0.0,3333.3
20818.38,72.24,100,0.0,3333.3
20818.38,72.28,100,1.225,3333.3
20818.38,71.56,100,0.0,3333.3
20818.38,72.29,100,0.0,3333.3
20818.38,72.43,100,1.2125,3333.3
20818.38,72.38,100,1.2125,3333.3
20818.38,72.19,100,0.0,3333.3
20818.38,72.19,100,1.2125,3333.3
20818.38,72.17,100,0.0,3333.3
20818.38,72.0,100,0.0,3333.3
20818.38,71.98,98,2.425,3333.3
20818.38,73.22,98,0.0,3333.3
20818.38,73.09,78,1.2125,3333.3
20818.38,73.26,78,0.0,3333.3
20818.38,73.31,100,0.0,3333.3
20818.38,73.38,100,0.0,3333.3
20818.38,73.55,100,1.2125,3333.3
20818.38,73.6,100,0.0,3333.3
20818.38,73.57,100,0.0,3333.3
20818.38,73.59,100,1.2125,3333.3
20818.38,73.58,100,0.0,3333.3
20818.38,73.45,100,0.0,3333.3
20818.38,72.28,100,0.0,3333.3
20818.38,72.42,100,1.2,3333.3
20818.38,72.36,100,0.0,3333.3
20818.38,72.34,100,0.0,3333.3
20818.38,72.34,100,1.2125,3333.3
20818.38,72.14,100,0.0,3333.3
20818.38,72.14,100,0.0,3333.3
20818.38,72.01,100,1.2125,3333.3
20818.38,72.02,100,1.2125,3333.3
20818.38,69.72,100,0.0,3333.3
20818.38,69.2,93,1.2125,3333.3
20818.38,69.13,93,0.0,3333.3
20818.38,69.49,100,1.2125,3333.3
20818.38,69.62,100,0.0,3333.3
20818.38,69.62,100,0.0,3333.3
20818.38,69.4,100,1.2125,3333.3
20818.38,69.3,100,0.0,3333.3
20818.38,69.25,100,0.0,3333.3
20818.38,69.14,100,1.2125,3333.3
20818.38,69.18,100,1.2125,3333.3
20818.38,71.39,100,0.0,3333.3
20818.38,71.97,100,0.0,3333.3
20818.38,72.1,100,1.2125,3333.3
20818.38,72.1,100,1.1375,3333.3
20818.38,72.58,100,1.225,3333.3
20818.38,72.72,79,0.0,3333.3
20818.38,72.08,79,0.0,3333.3
20818.38,72.23,100,0.0,3333.3
20818.38,72.56,100,1.2125,3333.3
20818.38,72.67,100,0.0,3333.3
20818.38,72.89,100,0.0,3333.3
20818.38,73.08,100,1.2125,3333.3
20818.38,73.26,100,0.0,3333.3
20818.38,72.94,100,0.0,3333.3
20818.38,72.72,100,1.2125,3333.3
20818.38,71.8,100,0.0,3333.3
20818.38,71.46,100,0.0,3333.3
20818.38,72.08,100,1.2125,3333.3
20818.38,72.09,100,0.0,3333.3
20818.38,71.94,100,0.0,3333.3
20818.38,71.93,100,2.25,3333.3
20818.38,72.06,100,1.2125,3333.3
20818.38,71.83,100,0.0,3333.3
20818.38,71.83,100,0.0,3333.3
20818.38,71.72,100,0.0,3333.3
20818.38,71.71,100,2.3375,3333.3
20818.38,73.58,83,1.2125,3333.3
20818.38,73.17,83,0.0,3333.3
20818.38,73.28,83,0.0,3333.3
20818.38,73.48,100,1.2125,3333.3
20818.38,73.81,100,0.0,3333.3
20818.38,73.68,100,0.0,3333.3
20818.38,73.68,100,1.2125,3333.3
20818.38,73.61,100,0.0,3333.3
20818.38,73.57,100,0.0,3333.3
20818.38,73.59,100,1.2125,3333.3
20818.38,73.59,100,0.0,3333.3
20818.38,73.55,100,0.0,3333.3
20818.38,71.7,100,1.2125,3333.3
20818.38,72.21,100,0.0,3333.3
20818.38,72.21,100,0.0,3333.3
20818.38,72.02,100,1.2125,3333.3
20818.38,72.04,100,0.0,3333.3
20818.38,72.08,100,0.0,3333.3
20818.38,72.02,100,1.2125,3333.3
20818.38,72.03,100,2.3375,3333.3
20818.38,71.77,98,1.175,3333.3
20818.38,72.08,98,0.0,3333.3
20818.38,71.92,88,1.225,3333.3
20818.38,71.79,88,0.0,3333.3
20818.38,71.85,100,0.0,3333.3
20818.38,71.94,100,0.0,3333.3
20818.38,72.04,100,1.2125,3333.3
20818.38,72.01,100,0.0,3333.3
20818.38,71.97,100,0.0,3333.3
20818.38,72.02,100,1.2125,3333.3
20818.38,72.05,100,0.0,3333.3
20818.38,72.33,100,0.0,3333.3
20818.38,72.02,100,0.0,3333.3
20818.38,72.23,100,1.2125,3333.3
20818.38,72.53,100,1.2375,3333.3
20818.38,72.32,100,0.0,3333.3
20818.38,72.1,100,0.0,3333.3
20818.38,72.13,100,1.2125,3333.3
20818.38,72.05,100,0.0,3333.3
20818.38,72.07,100,0.0,3333.3
20818.38,72.07,100,1.2125,3333.3
20818.38,72.02,100,1.2125,3333.3
20818.38,72.04,100,0.0,3333.3
20818.38,73.56,100,1.2125,3333.3
20818.38,73.23,88,0.0,3333.3
20818.38,73.26,88,0.0,3333.3
20818.38,73.26,100,1.2125,3333.3
20818.38,73.42,100,0.0,3333.3
20818.38,73.44,100,1.175,3333.3
20818.38,73.46,100,0.0,3333.3
20818.38,73.38,100,1.225,3333.3
20818.38,73.5,100,0.0,3333.3
20818.38,73.48,100,1.2125,3333.3
20818.38,71.97,100,0.0,3333.3
20818.38,72.57,100,0.0,3333.3
20818.38,72.57,100,1.2125,3333.3
20818.38,72.41,100,0.0,3333.3
20818.38,72.18,100,0.0,3333.3
20818.38,72.05,100,1.2125,3333.3
20818.38,71.99,100,0.0,3333.3
20818.38,71.88,100,0.0,3333.3
20818.38,71.99,100,3.6375,3333.3
20818.38,71.87,88,0.0,3333.3
20818.38,71.92,88,0.0,3333.3
20818.38,71.79,88,1.2125,3333.3
20818.38,71.88,100,0.0,3333.3
20818.38,72.03,100,1.2125,3333.3
20818.38,72.08,100,0.0,3333.3
20818.38,72.27,100,1.2125,3333.3
20818.38,72.19,100,0.0,3333.3
20818.38,72.26,100,0.0,3333.3
20818.38,72.29,100,1.2125,3333.3
20818.38,72.21,100,0.0,3333.3
20818.38,72.17,100,0.0,3333.3
20818.38,72.48,100,1.2125,3333.3
20818.38,72.41,100,0.0,3333.3
20818.38,72.41,100,1.2125,3333.3
20818.38,72.33,100,0.0,3333.3
20818.38,72.14,100,1.2125,3333.3
20818.38,72.08,100,0.0,3333.3
20818.38,71.92,100,0.0,3333.3
20818.38,71.94,100,1.1125,3333.3
20818.38,69.95,94,2.3375,3333.3
20818.38,69.95,94,1.2375,3333.3
20818.38,71.34,78,0.0,3333.3
20818.38,71.19,78,0.0,3333.3
20818.38,71.27,100,1.2375,3333.3
20818.38,71.29,100,0.0,3333.3
20818.38,71.48,100,0.0,3333.3
20818.38,71.78,100,0.0,3333.3
20818.38,72.05,100,1.2375,3333.3
20818.38,72.05,100,0.0,3333.3
20818.38,72.02,100,1.2375,3333.3
20818.38,73.81,100,1.2375,3333.3
20818.38,72.4,100,0.0,3333.3
20818.38,72.36,100,0.0,3333.3
20818.38,72.37,100,0.0,3333.3
20818.38,72.23,100,1.25,3333.3
20818.38,72.23,100,0.0,3333.3
20818.38,72.34,100,0.0,3333.3
20818.38,71.79,100,1.2375,3333.3
20818.38,71.79,100,0.0,3333.3
20818.38,71.75,100,0.0,3333.3
20818.38,71.68,100,4.875,3333.3
20818.38,71.72,100,3.725,3333.3
20818.38,68.36,100,0.0,3333.3
20818.38,67.94,69,1.2375,3333.3
20818.38,68.04,69,0.0,3333.3
20818.38,68.11,100,0.0,3333.3
20818.38,68.15,100,0.0,3333.3
20818.38,68.07,100,1.25,3333.3
20818.38,68.34,100,0.0,3333.3
20818.38,68.6,100,0.0,3333.3
20818.38,68.92,100,1.2125,3333.3
20818.38,69.01,100,0.0,3333.3
20818.38,72.4,100,0.0,3333.3
20818.38,72.84,100,1.2125,3333.3
20818.38,72.84,100,0.0,3333.3
20818.38,72.48,100,0.0,3333.3
20818.38,72.41,100,1.2125,3333.3
20818.38,72.41,100,0.0,3333.3
20818.38,72.4,100,0.0,3333.3
20818.38,72.32,100,1.2125,3333.3
20818.38,71.85,100,0.0,3333.3
20818.38,71.85,100,2.425,3333.3
20818.38,71.89,100,0.0,3333.3
20818.38,73.45,90,0.0,3333.3
20818.38,72.88,90,1.2125,3333.3
20818.38,73.34,100,1.2125,3333.3
20818.38,73.34,100,0.0,3333.3
20818.38,73.48,100,2.1375,3333.3
20818.38,73.38,100,0.0,3333.3
20818.38,73.2,100,0.0,3333.3
20818.38,73.1,100,1.225,3333.3
20818.38,73.1,100,0.0,3333.3
20818.38,73.13,100,0.0,3333.3
20818.38,71.5,100,1.2125,3333.3
20818.38,72.04,100,0.0,3333.3
20818.38,72.11,100,1.2125,3333.3
20818.38,72.13,100,0.0,3333.3
20818.38,72.14,100,0.0,3333.3
20818.38,71.97,100,1.2125,3333.3
20818.38,71.94,100,0.0,3333.3
20818.38,71.94,100,0.0,3333.3
20818.38,71.92,100,4.5875,3333.3
20818.38,71.87,100,0.0,3333.3
20818.38,73.7,100,0.0,3333.3
20818.38,73.29,79,0.0,3333.3
20818.38,73.59,79,1.2125,3333.3
20818.38,73.84,100,0.0,3333.3
20818.38,73.83,100,0.0,3333.3
20818.38,73.94,100,1.2125,3333.3
20818.38,73.97,100,0.0,3333.3
20818.38,73.89,100,0.0,3333.3
20818.38,73.78,100,1.2125,3333.3
20818.38,73.75,100,1.225,3333.3
20818.38,71.86,100,0.0,3333.3
20818.38,72.38,100,1.075,3333.3
20818.38,72.41,100,1.175,3333.3
20818.38,72.3,100,0.0,3333.3
20818.38,72.36,100,1.2125,3333.3
20818.38,72.14,100,0.0,3333.3
20818.38,72.1,100,0.0,3333.3
20818.38,71.91,100,0.0,3333.3
20818.38,71.85,100,1.225,3333.3
20818.38,71.86,100,2.45,3333.3
20818.38,68.43,79,0.0,3333.3
20818.38,67.94,79,0.0,3333.3
20818.38,68.0,98,1.2125,3333.3
20818.38,68.13,98,0.0,3333.3
20818.38,68.24,100,0.0,3333.3
20818.38,68.27,100,1.2125,3333.3
20818.38,68.54,100,0.0,3333.3
20818.38,68.58,100,1.2125,3333.3
20818.38,68.54,100,1.2125,3333.3
20818.38,68.6,100,0.0,3333.3
20818.38,72.03,100,0.0,3333.3
20818.38,72.51,100,1.2125,3333.3
20818.38,72.51,100,0.0,3333.3
20818.38,72.56,100,0.0,3333.3
20818.38,72.52,100,0.0,3333.3
20818.38,72.53,100,1.2125,3333.3
20818.38,72.48,100,0.0,3333.3
20818.38,72.27,100,0.0,3333.3
20818.38,72.15,100,0.0,3333.3
20818.38,72.09,100,2.4625,3333.3
20818.38,72.84,100,0.0,3333.3
20818.38,72.41,94,0.0,3333.3
20818.38,72.57,94,0.0,3333.3
20818.38,72.8,100,0.0,3333.3
20818.38,72.81,100,1.2125,3333.3
20818.38,72.74,100,0.0,3333.3
20818.38,72.56,100,0.0,3333.3
20818.38,72.39,100,1.1625,3333.3
20818.38,72.36,100,0.0,3333.3
20818.38,72.56,100,0.0,3333.3
20818.38,72.55,100,0.0,3333.3
20818.38,72.55,100,1.225,3333.3
20818.38,72.19,100,0.0,3333.3
20818.38,72.35,100,0.0,3333.3
20818.38,72.29,100,0.0,3333.3
20818.38,72.29,100,0.0,3333.3
20818.38,72.1,100,1.2375,3333.3
20818.38,71.97,100,0.0,3333.3
20818.38,71.98,100,0.0,3333.3
20818.38,72.02,100,3.5375,3333.3
20818.38,71.8,100,0.0,3333.3
20818.38,72.65,80,0.0,3333.3
20818.38,72.56,80,1.225,3333.3
20818.38,72.84,100,0.0,3333.3
20818.38,72.97,100,0.0,3333.3
20818.38,73.03,100,0.0,3333.3
20818.38,73.11,100,1.2125,3333.3
20818.38,73.05,100,0.0,3333.3
20818.38,73.08,100,0.0,3333.3
20818.38,72.9,100,1.2125,3333.3
20818.38,72.91,100,0.0,3333.3
20818.38,72.11,100,0.0,3333.3
20818.38,72.39,100,1.2125,3333.3
20818.38,72.45,100,0.0,3333.3
20818.38,72.41,100,0.0,3333.3
20818.38,72.45,100,1.2125,3333.3
20818.38,72.45,100,0.0,3333.3
20818.38,72.31,97,0.0,3333.3
20818.38,72.2,97,1.2125,3333.3
20818.38,72.2,100,0.0,3333.3
20818.38,72.2,100,2.425,3333.3
20818.38,69.92,93,1.2125,3333.3
20818.38,69.59,93,0.0,3333.3
20818.38,69.62,91,0.0,3333.3
20818.38,69.91,100,1.2125,3333.3
20818.38,69.93,100,0.0,3333.3
20818.38,69.86,100,0.0,3333.3
20818.38,69.81,100,1.2125,3333.3
20818.38,69.73,100,0.0,3333.3
20818.38,69.77,100,0.0,3333.3
20818.38,69.7,100,0.0,3333.3
20818.38,71.91,100,1.225,3333.3
20818.38,72.24,100,0.0,3333.3
20818.38,72.44,100,0.0,3333.3
20818.38,72.36,100,0.0,3333.3
20818.38,72.4,100,1.2,3333.3
20818.38,72.28,100,0.0,3333.3
20818.38,72.21,100,0.0,3333.3
20818.38,72.09,100,2.425,3333.3
20818.38,73.83,100,1.2125,3333.3
20818.38,73.23,83,1.225,3333.3
20818.38,73.57,100,0.0,3333.3
20818.38,73.92,100,0.0,3333.3
20818.38,74.13,100,1.2125,3333.3
20818.38,74.26,100,0.0,3333.3
20818.38,74.26,100,0.0,3333.3
20818.38,74.12,100,1.2125,3333.3
20818.38,74.09,100,0.0,3333.3
20818.38,73.98,100,0.0,3333.3
20818.38,73.88,100,0.0,3333.3
20818.38,73.73,100,0.0,3333.3
20818.38,72.0,100,1.2375,3333.3
20818.38,72.61,100,0.0,3333.3
20818.38,72.48,100,0.0,3333.3
20818.38,72.47,100,0.0,3333.3
20818.38,72.4,100,1.25,3333.3
20818.38,72.38,100,0.0,3333.3
20818.38,72.19,100,0.0,3333.3
20818.38,71.97,100,2.4875,3333.3
20818.38,73.7,88,0.0,3333.3
20818.38,73.24,88,0.0,3333.3
20818.38,73.32,100,1.25,3333.3
20818.38,73.74,100,0.0,3333.3
20818.38,73.95,100,0.0,3333.3
20818.38,73.95,100,1.25,3333.3
20818.38,73.9,100,0.0,3333.3
20818.38,73.9,100,0.0,3333.3
20818.38,73.71,100,1.2375,3333.3
20818.38,73.54,100,0.0,3333.3
20818.38,73.47,100,0.0,3333.3
20818.38,71.72,100,1.2375,3333.3
20818.38,72.26,100,0.0,3333.3
20818.38,72.35,100,0.0,3333.3
20818.38,72.27,100,0.0,3333.3
20818.38,72.23,100,0.0,3333.3
20818.38,72.21,100,1.2375,3333.3
20818.38,72.13,100,0.0,3333.3
20818.38,72.0,100,0.0,3333.3
20818.38,72.0,100,0.0,3333.3
20818.38,71.97,100,2.4875,3333.3
20818.38,71.93,100,0.0,3333.3
20818.38,71.45,100,1.2375,3333.3
20818.38,71.46,88,0.0,3333.3
20818.38,71.86,100,0.0,3333.3
20818.38,72.06,100,0.0,3333.3
20818.38,71.94,100,0.0,3333.3
20818.38,71.77,100,1.2375,3333.3
20818.38,71.68,100,0.0,3333.3
20818.38,71.58,100,0.0,3333.3
20818.38,71.56,100,0.0,3333.3
20818.38,71.61,100,1.25,3333.3
20818.38,72.07,100,0.0,3333.3
20818.38,72.26,100,0.0,3333.3
20818.38,72.19,100,0.0,3333.3
20818.38,72.19,100,1.25,3333.3
20818.38,72.08,100,0.0,3333.3
20818.38,72.02,100,0.0,3333.3
20818.38,72.13,100,0.0,3333.3
20818.38,72.15,100,0.0,3333.3
20818.38,72.02,100,2.4875,3333.3
20818.38,73.38,100,1.2375,3333.3
20818.38,72.83,91,0.0,3333.3
20818.38,73.03,91,0.0,3333.3
20818.38,73.28,100,1.2375,3333.3
20818.38,73.26,100,0.0,3333.3
20818.38,73.3,100,0.0,3333.3
20818.38,73.19,100,0.0,3333.3
20818.38,73.1,100,0.0,3333.3
20818.38,72.91,100,0.0,3333.3
20818.38,73.04,100,1.2375,3333.3
20818.38,73.04,100,0.0,3333.3
20818.38,71.61,100,0.0,3333.3
20818.38,71.61,100,0.0,3333.3
20818.38,72.44,100,0.0,3333.3
20818.38,72.44,100,0.0,3333.3
20818.38,72.28,100,1.225,3333.3
20818.38,72.11,100,2.4625,3333.3
20818.38,74.11,92,0.0,3333.3
20818.38,73.28,92,0.0,3333.3
20818.38,73.27,100,0.0,3333.3
20818.38,73.27,100,1.225,3333.3
20818.38,73.36,100,0.0,3333.3
20818.38,73.58,100,0.0,3333.3
20818.38,73.73,100,0.0,3333.3
20818.38,73.58,100,0.0,3333.3
20818.38,73.57,100,1.2375,3333.3
20818.38,73.53,100,0.0,3333.3
20818.38,73.42,100,0.0,3333.3
20818.38,71.19,100,0.0,3333.3
20818.38,71.93,100,0.0,3333.3
20818.38,72.01,100,0.0,3333.3
20818.38,71.98,100,0.0,3333.3
20818.38,71.95,100,1.2375,3333.3
20818.38,71.95,100,0.0,3333.3
20818.38,71.91,100,0.0,3333.3
20818.38,71.92,100,0.0,3333.3
20818.38,71.84,100,2.45,3333.3
20818.38,71.72,100,0.0,3333.3
20818.38,71.69,100,0.0,3333.3
20818.38,71.56,93,0.0,3333.3
20818.38,71.64,93,1.2375,3333.3
20818.38,71.86,100,0.0,3333.3
20818.38,72.07,100,0.0,3333.3
20818.38,72.09,100,0.0,3333.3
20818.38,72.11,100,1.2125,3333.3
20818.38,72.0,100,0.0,3333.3
20818.38,71.98,100,0.0,3333.3
20818.38,71.81,100,0.0,3333.3
20818.38,71.81,100,1.225,3333.3
20818.38,71.77,100,0.0,3333.3
20818.38,71.99,100,0.0,3333.3
20818.38,72.02,100,0.0,3333.3
20818.38,71.94,100,0.0,3333.3
20818.38,71.92,100,0.0,3333.3
20818.38,71.97,100,2.4625,3333.3
20818.38,72.04,100,0.0,3333.3
20818.38,71.88,100,0.0,3333.3
20818.38,68.66,100,2.425,3333.3
20818.38,68.15,86,0.0,3333.3
20818.38,68.22,86,1.2125,3333.3
20818.38,68.58,100,0.0,3333.3
20818.38,68.78,100,0.0,3333.3
20818.38,68.89,100,1.225,3333.3
20818.38,68.84,100,0.0,3333.3
20818.38,68.85,100,0.0,3333.3
20818.38,68.85,100,1.2125,3333.3
20818.38,68.81,100,0.0,3333.3
20818.38,68.65,100,0.0,3333.3
20818.38,71.68,100,0.0,3333.3
20818.38,72.24,100,0.0,3333.3
20818.38,72.29,100,1.25,3333.3
20818.38,72.25,100,0.0,3333.3
20818.38,72.11,100,2.475,3333.3
20818.38,71.42,100,0.0,3333.3
20818.38,71.22,90,0.0,3333.3
20818.38,70.93,90,0.0,3333.3
20818.38,71.01,100,1.25,3333.3
20818.38,71.13,100,0.0,3333.3
20818.38,71.18,100,0.0,3333.3
20818.38,71.26,100,1.2375,3333.3
20818.38,71.56,100,0.0,3333.3
20818.38,71.7,100,0.0,3333.3
20818.38,71.47,100,1.25,3333.3
20818.38,71.47,100,0.0,3333.3
20818.38,71.93,100,0.0,3333.3
20818.38,72.08,100,0.0,3333.3
20818.38,72.35,100,1.25,3333.3
20818.38,72.21,100,0.0,3333.3
20818.38,72.1,100,0.0,3333.3
20818.38,72.16,100,1.25,3333.3
20818.38,72.28,100,1.25,3333.3
20818.38,73.48,100,0.0,3333.3
20818.38,73.21,92,1.2375,3333.3
20818.38,72.98,92,0.0,3333.3
20818.38,73.01,98,0.0,3333.3
20818.38,73.31,98,1.2375,3333.3
20818.38,73.43,100,0.0,3333.3
20818.38,73.29,100,1.25,3333.3
20818.38,73.29,100,0.0,3333.3
20818.38,73.39,100,0.0,3333.3
20818.38,73.56,100,0.0,3333.3
20818.38,73.5,100,1.2375,3333.3
20818.38,72.11,100,0.0,3333.3
20818.38,72.09,100,0.0,3333.3
20818.38,72.35,100,1.25,3333.3
20818.38,72.19,100,0.0,3333.3
20818.38,72.08,100,0.0,3333.3
20818.38,72.09,100,1.2375,3333.3
20818.38,72.06,100,0.0,3333.3
20818.38,72.06,100,0.0,3333.3
20818.38,72.16,100,0.0,3333.3
20818.38,71.98,100,1.2375,3333.3
20818.38,71.98,100,1.2375,3333.3
20818.38,73.68,100,0.0,3333.3
20818.38,73.68,92,1.2125,3333.3
20818.38,73.48,92,0.0,3333.3
20818.38,73.31,100,0.0,3333.3
20818.38,73.19,100,1.2125,3333.3
20818.38,73.13,100,0.0,3333.3
20818.38,73.15,100,1.175,3333.3
20818.38,73.2,100,0.0,3333.3
20818.38,73.06,100,0.0,3333.3
20818.38,73.09,100,0.0,3333.3
20818.38,73.35,100,1.25,3333.3
20818.38,71.58,100,0.0,3333.3
20818.38,71.91,100,0.0,3333.3
20818.38,71.91,100,1.25,3333.3
20818.38,71.98,100,0.0,3333.3
20818.38,71.98,100,0.0,3333.3
20818.38,71.99,100,1.2375,3333.3
20818.38,72.0,100,0.0,3333.3
20818.38,71.99,100,0.0,3333.3
20818.38,72.14,100,1.2375,3333.3
20818.38,72.3,96,1.2375,3333.3
20818.38,71.4,96,0.0,3333.3
20818.38,71.25,100,0.0,3333.3
20818.38,71.38,100,1.25,3333.3
20818.38,71.57,100,0.0,3333.3
20818.38,71.55,100,0.0,3333.3
20818.38,71.59,100,0.0,3333.3
20818.38,71.62,100,1.2375,3333.3
20818.38,71.8,100,0.0,3333.3
20818.38,71.81,100,0.0,3333.3
20818.38,71.49,100,1.25,3333.3
20818.38,71.49,100,1.25,3333.3
20818.38,72.05,100,0.0,3333.3
20818.38,72.32,100,0.0,3333.3
20818.38,72.26,100,1.25,3333.3
20818.38,72.33,100,1.25,3333.3
20818.38,73.65,96,0.0,3333.3
20818.38,73.41,96,0.0,3333.3
20818.38,72.59,100,0.0,3333.3
20818.38,72.72,100,0.0,3333.3
20818.38,72.69,100,1.25,3333.3
20818.38,72.95,100,0.0,3333.3
20818.38,72.98,100,0.0,3333.3
20818.38,72.97,100,1.25,3333.3
20818.38,72.95,100,0.0,3333.3
20818.38,73.0,100,0.0,3333.3
20818.38,71.44,100,0.0,3333.3
20818.38,71.5,100,1.25,3333.3
20818.38,72.23,100,0.0,3333.3
20818.38,72.23,100,0.0,3333.3
20818.38,72.25,100,0.0,3333.3
20818.38,72.06,100,1.25,3333.3
20818.38,72.04,100,0.0,3333.3
20818.38,72.1,100,0.0,3333.3
20818.38,72.1,100,1.2,3333.3
20818.38,72.14,100,0.0,3333.3
20818.38,71.92,100,1.2125,3333.3
20818.38,71.92,100,1.2125,3333.3
20818.38,71.78,94,0.0,3333.3
20818.38,71.58,94,0.0,3333.3
20818.38,71.62,100,1.2125,3333.3
20818.38,71.78,100,0.0,3333.3
20818.38,71.74,100,0.0,3333.3
20818.38,71.74,100,0.0,3333.3
20818.38,71.77,100,1.25,3333.3
20818.38,71.84,100,0.0,3333.3
20818.38,71.62,100,0.0,3333.3
20818.38,71.74,100,1.2375,3333.3
20818.38,71.79,100,1.2375,3333.3
20818.38,72.0,100,0.0,3333.3
20818.38,72.22,100,0.0,3333.3
20818.38,72.17,100,1.25,3333.3
20818.38,72.06,100,0.0,3333.3
20818.38,72.09,100,0.0,3333.3
20818.38,72.02,100,1.2375,3333.3
20818.38,71.98,100,0.0,3333.3
20818.38,71.98,100,0.0,3333.3
20818.38,72.02,100,2.4875,3333.3
20818.38,73.42,91,0.0,3333.3
20818.38,73.27,91,0.0,3333.3
20818.38,72.98,100,0.0,3333.3
20818.38,73.03,100,1.25,3333.3
20818.38,73.11,100,0.0,3333.3
20818.38,73.22,100,0.0,3333.3
20818.38,73.39,100,0.0,3333.3
20818.38,73.35,100,1.25,3333.3
20818.38,73.26,100,0.0,3333.3
20818.38,73.27,100,0.0,3333.3
20818.38,73.37,100,0.0,3333.3
20818.38,71.79,100,1.2375,3333.3
20818.38,71.89,100,0.0,3333.3
20818.38,72.17,100,0.0,3333.3
20818.38,72.32,100,1.2375,3333.3
20818.38,72.32,100,0.0,3333.3
20818.38,72.16,100,0.0,3333.3
20818.38,71.94,100,0.0,3333.3
20818.38,71.86,100,1.2375,3333.3
20818.38,71.86,100,0.0,3333.3
20818.38,71.87,100,0.0,3333.3
20818.38,71.76,100,0.0,3333.3
20818.38,71.76,100,2.4875,3333.3
20818.38,73.57,100,0.0,3333.3
20818.38,73.1,94,2.4875,3333.3
20818.38,73.12,100,0.0,3333.3
20818.38,73.07,100,0.0,3333.3
20818.38,73.11,100,0.0,3333.3
20818.38,73.2,100,1.2375,3333.3
20818.38,73.2,100,0.0,3333.3
20818.38,73.27,100,0.0,3333.3
20818.38,73.24,100,0.0,3333.3
20818.38,73.29,100,1.2125,3333.3
20818.38,73.36,100,0.0,3333.3
20818.38,71.58,100,0.0,3333.3
20818.38,72.25,100,1.2125,3333.3
20818.38,72.12,100,0.0,3333.3
20818.38,72.01,100,0.0,3333.3
20818.38,71.94,100,1.2125,3333.3
20818.38,71.85,100,0.0,3333.3
20818.38,71.83,100,0.0,3333.3
20818.38,71.91,100,1.2125,3333.3
20818.38,71.84,100,1.2125,3333.3
20818.38,71.92,95,1.2125,3333.3
20818.38,71.62,95,0.0,3333.3
20818.38,71.72,100,0.0,3333.3
20818.38,71.9,100,1.2125,3333.3
20818.38,71.84,100,0.0,3333.3
20818.38,71.85,100,0.0,3333.3
20818.38,71.85,100,1.2125,3333.3
20818.38,71.81,100,0.0,3333.3
20818.38,71.81,100,0.0,3333.3
20818.38,72.02,100,1.2125,3333.3
20818.38,71.99,100,0.0,3333.3
20818.38,71.99,100,0.0,3333.3
20818.38,71.88,100,1.2125,3333.3
20818.38,72.4,100,0.0,3333.3
20818.38,72.22,100,0.0,3333.3
20818.38,72.23,100,1.2125,3333.3
20818.38,72.15,100,1.2125,3333.3
20818.38,70.56,100,1.2125,3333.3
20818.38,69.8,92,0.0,3333.3
20818.38,69.71,92,0.0,3333.3
20818.38,69.61,100,0.0,3333.3
20818.38,69.81,100,1.2125,3333.3
20818.38,70.01,100,0.0,3333.3
20818.38,69.94,100,0.0,3333.3
20818.38,69.88,100,1.2125,3333.3
20818.38,69.75,100,1.2125,3333.3
20818.38,69.64,100,0.0,3333.3
20818.38,71.17,100,0.0,3333.3
20818.38,71.82,100,1.2125,3333.3
20818.38,72.03,100,0.0,3333.3
20818.38,71.99,100,0.0,3333.3
20818.38,71.99,100,1.2125,3333.3
20818.38,71.99,100,0.0,3333.3
20818.38,71.98,100,0.0,3333.3
20818.38,71.97,100,0.0,3333.3
20818.38,71.93,100,1.2125,3333.3
20818.38,71.91,100,1.225,3333.3
20818.38,71.96,100,1.1875,3333.3
20818.38,72.97,93,0.0,3333.3
20818.38,72.7,93,0.0,3333.3
20818.38,72.38,100,1.2125,3333.3
20818.38,72.51,100,0.0,3333.3
20818.38,72.64,100,0.0,3333.3
20818.38,72.68,100,0.0,3333.3
20818.38,72.68,100,0.0,3333.3
20818.38,72.71,100,1.2375,3333.3
20818.38,72.91,100,0.0,3333.3
20818.38,72.98,100,0.0,3333.3
20818.38,71.83,100,1.25,3333.3
20818.38,72.06,100,0.0,3333.3
20818.38,72.44,100,0.0,3333.3
20818.38,72.32,100,0.0,3333.3
20818.38,72.16,100,1.25,3333.3
20818.38,72.09,100,1.2375,3333.3
20818.38,72.09,100,0.0,3333.3
20818.38,72.03,100,0.0,3333.3
20818.38,71.98,100,1.2375,3333.3
20818.38,71.86,100,0.0,3333.3
20818.38,71.68,100,1.2375,3333.3
20818.38,72.52,92,1.25,3333.3
20818.38,72.49,92,0.0,3333.3
20818.38,71.95,100,0.0,3333.3
20818.38,72.02,100,0.0,3333.3
20818.38,72.25,100,1.25,3333.3
20818.38,72.35,100,0.0,3333.3
20818.38,72.35,100,0.0,3333.3
20818.38,72.42,100,1.2375,3333.3
20818.38,72.48,100,0.0,3333.3
20818.38,72.41,100,0.0,3333.3
20818.38,72.44,100,0.0,3333.3
20818.38,71.58,100,1.25,3333.3
20818.38,71.7,100,0.0,3333.3
20818.38,72.27,100,0.0,3333.3
20818.38,72.23,100,1.25,3333.3
20818.38,72.11,100,0.0,3333.3
20818.38,71.97,100,0.0,3333.3
20818.38,71.9,100,1.25,3333.3
20818.38,71.9,100,0.0,3333.3
20818.38,71.84,100,0.0,3333.3
20818.38,71.83,100,0.0,3333.3
20818.38,71.73,100,2.4875,3333.3
20818.38,74.03,88,0.0,3333.3
20818.38,73.92,88,0.0,3333.3
20818.38,73.39,100,1.25,3333.3
20818.38,73.34,100,0.0,3333.3
20818.38,73.45,100,0.0,3333.3
20818.38,73.67,100,1.2375,3333.3
20818.38,73.79,100,0.0,3333.3
20818.38,73.83,100,0.0,3333.3
20818.38,73.85,100,1.225,3333.3
20818.38,73.89,100,0.0,3333.3
20818.38,73.89,100,0.0,3333.3
20818.38,71.74,100,2.4375,3333.3
20818.38,71.76,100,0.0,3333.3
20818.38,72.33,100,0.0,3333.3
20818.38,72.53,100,0.0,3333.3
20818.38,72.45,100,1.2125,3333.3
20818.38,72.19,100,0.0,3333.3
20818.38,72.05,100,0.0,3333.3
20818.38,71.92,100,1.2125,3333.3
20818.38,71.9,100,0.0,3333.3
20818.38,71.89,100,0.0,3333.3
20818.38,71.74,100,2.2375,3333.3
20818.38,71.79,100,1.175,3333.3
20818.38,73.98,90,0.0,3333.3
20818.38,73.1,90,0.0,3333.3
20818.38,73.16,100,0.0,3333.3
20818.38,73.34,100,1.2125,3333.3
20818.38,73.39,100,0.0,3333.3
20818.38,73.46,100,0.0,3333.3
20818.38,73.46,100,1.2125,3333.3
20818.38,73.25,100,0.0,3333.3
20818.38,73.32,100,0.0,3333.3
20818.38,73.32,100,1.2125,3333.3
20818.38,73.22,100,0.0,3333.3
20818.38,71.87,100,0.0,3333.3
20818.38,71.98,100,0.0,3333.3
20818.38,71.96,100,1.2125,3333.3
20818.38,71.8,100,1.2125,3333.3
20818.38,71.75,100,0.0,3333.3
20818.38,71.69,100,1.2,3333.3
20818.38,71.76,100,1.2,3333.3
20818.38,72.97,93,1.2125,3333.3
20818.38,72.27,93,0.0,3333.3
20818.38,72.3,100,0.0,3333.3
20818.38,72.7,100,1.2125,3333.3
20818.38,72.86,100,0.0,3333.3
20818.38,72.86,100,0.0,3333.3
20818.38,72.74,100,1.2125,3333.3
20818.38,72.72,100,0.0,3333.3
20818.38,72.66,100,0.0,3333.3
20818.38,72.78,100,0.0,3333.3
20818.38,72.78,100,1.2125,3333.3
20818.38,71.56,100,0.0,3333.3
20818.38,72.27,100,0.0,3333.3
20818.38,72.46,100,1.2125,3333.3
20818.38,72.32,100,0.0,3333.3
20818.38,72.13,100,0.0,3333.3
20818.38,72.08,100,1.2125,3333.3
20818.38,72.05,100,0.0,3333.3
20818.38,72.1,100,0.0,3333.3
20818.38,71.95,100,2.4375,3333.3
20818.38,73.17,100,0.0,3333.3
20818.38,72.69,92,1.2125,3333.3
20818.38,72.69,92,0.0,3333.3
20818.38,72.91,100,0.0,3333.3
20818.38,73.03,100,0.0,3333.3
20818.38,73.01,100,1.2125,3333.3
20818.38,73.01,100,0.0,3333.3
20818.38,73.0,100,0.0,3333.3
20818.38,72.95,100,2.4375,3333.3
20818.38,72.95,100,0.0,3333.3
20818.38,72.95,100,0.0,3333.3
20818.38,71.69,100,0.0,3333.3
20818.38,72.28,100,1.2125,3333.3
20818.38,72.42,100,0.0,3333.3
20818.38,72.28,100,0.0,3333.3
20818.38,72.1,100,1.2125,3333.3
20818.38,72.02,100,0.0,3333.3
20818.38,72.02,100,0.0,3333.3
20818.38,72.09,100,1.2125,3333.3
20818.38,72.0,100,0.0,3333.3
20818.38,72.0,100,2.4375,3333.3
20818.38,70.7,96,0.0,3333.3
20818.38,70.2,96,0.0,3333.3
20818.38,70.21,97,1.2125,3333.3
20818.38,70.21,97,0.0,3333.3
20818.38,70.33,100,0.0,3333.3
20818.38,70.27,100,0.0,3333.3
20818.38,70.27,100,0.0,3333.3
20818.38,70.21,100,1.2375,3333.3
20818.38,70.01,100,0.0,3333.3
20818.38,70.14,100,0.0,3333.3
20818.38,71.38,100,1.2375,3333.3
20818.38,71.88,100,0.0,3333.3
20818.38,71.88,100,0.0,3333.3
20818.38,72.15,100,0.0,3333.3
20818.38,72.02,100,1.25,3333.3
20818.38,71.88,100,0.0,3333.3
20818.38,71.92,100,0.0,3333.3
20818.38,71.97,100,0.0,3333.3
20818.38,72.0,100,1.25,3333.3
20818.38,72.08,100,1.25,3333.3
20818.38,73.23,100,0.0,3333.3
20818.38,72.72,95,1.2375,3333.3
20818.38,72.81,95,0.0,3333.3
20818.38,72.98,100,0.0,3333.3
20818.38,73.01,100,1.25,3333.3
20818.38,73.01,100,0.0,3333.3
20818.38,73.01,100,0.0,3333.3
20818.38,72.94,100,0.0,3333.3
20818.38,72.94,100,1.25,3333.3
20818.38,72.99,100,1.2375,3333.3
20818.38,73.08,100,0.0,3333.3
20818.38,72.95,100,1.25,3333.3
20818.38,71.71,100,0.0,3333.3
20818.38,72.58,100,0.0,3333.3
20818.38,72.4,100,1.25,3333.3
20818.38,71.62,93,1.2375,3333.3
20818.38,71.26,93,0.0,3333.3
20818.38,71.45,100,0.0,3333.3
20818.38,71.54,100,0.0,3333.3
20818.38,71.52,100,1.2375,3333.3
20818.38,71.33,100,0.0,3333.3
20818.38,71.33,100,0.0,3333.3
20818.38,71.41,100,0.0,3333.3
20818.38,71.48,100,1.2375,3333.3
20818.38,71.51,100,0.0,3333.3
20818.38,71.62,100,0.0,3333.3
20818.38,71.44,100,1.25,3333.3
20818.38,72.3,100,0.0,3333.3
20818.38,72.13,100,0.0,3333.3
20818.38,72.06,100,0.0,3333.3
20818.38,71.98,100,1.25,3333.3
20818.38,72.01,100,0.0,3333.3
20818.38,72.05,100,0.0,3333.3
20818.38,72.05,100,1.25,3333.3
20818.38,72.15,100,1.2375,3333.3
20818.38,72.13,93,0.0,3333.3
20818.38,73.81,93,1.2125,3333.3
20818.38,73.11,100,0.0,3333.3
20818.38,73.14,100,0.0,3333.3
20818.38,73.4,100,0.0,3333.3
20818.38,73.39,100,1.2125,3333.3
20818.38,73.39,100,0.0,3333.3
20818.38,73.35,100,0.0,3333.3
20818.38,73.4,100,1.2125,3333.3
20818.38,73.49,100,0.0,3333.3
20818.38,73.4,100,1.2125,3333.3
20818.38,71.34,100,0.0,3333.3
20818.38,72.14,100,0.0,3333.3
20818.38,72.34,100,1.2125,3333.3
20818.38,72.06,100,1.2125,3333.3
20818.38,72.05,100,0.0,3333.3
20818.38,71.98,100,0.0,3333.3
20818.38,71.98,100,0.0,3333.3
20818.38,72.1,100,1.2125,3333.3
20818.38,72.13,100,1.2125,3333.3
20818.38,71.95,100,1.2125,3333.3
20818.38,71.93,100,0.0,3333.3
20818.38,71.76,92,0.0,3333.3
20818.38,72.04,92,1.225,3333.3
20818.38,72.21,100,0.0,3333.3
20818.38,72.27,100,0.0,3333.3
20818.38,72.3,100,1.2125,3333.3
20818.38,72.3,100,0.0,3333.3
20818.38,72.35,100,0.0,3333.3
20818.38,72.32,100,0.0,3333.3
20818.38,72.18,100,1.2125,3333.3
20818.38,72.22,100,0.0,3333.3
20818.38,72.61,100,0.0,3333.3
20818.38,72.47,100,0.0,3333.3
20818.38,72.25,100,2.425,3333.3
20818.38,72.18,100,0.0,3333.3
20818.38,72.17,100,0.0,3333.3
20818.38,72.2,100,0.0,3333.3
20818.38,72.1,100,1.2125,3333.3
20818.38,72.11,100,1.225,3333.3
20818.38,69.77,100,1.2,3333.3
20818.38,69.15,92,0.0,3333.3
20818.38,69.07,92,1.2125,3333.3
20818.38,69.23,100,0.0,3333.3
20818.38,69.2,100,0.0,3333.3
20818.38,69.17,100,1.225,3333.3
20818.38,69.24,100,0.0,3333.3
20818.38,69.22,100,0.0,3333.3
20818.38,69.22,100,0.0,3333.3
20818.38,69.11,100,1.2125,3333.3
20818.38,69.11,100,0.0,3333.3
20818.38,71.97,100,0.0,3333.3
20818.38,72.31,100,1.2125,3333.3
20818.38,72.31,100,0.0,3333.3
20818.38,72.08,100,0.0,3333.3
20818.38,72.09,100,1.2125,3333.3
20818.38,72.06,100,0.0,3333.3
20818.38,72.03,100,0.0,3333.3
20818.38,71.91,100,1.2125,3333.3
20818.38,71.96,100,1.225,3333.3
20818.38,72.03,100,0.0,3333.3
20818.38,72.26,96,0.0,3333.3
20818.38,71.89,96,1.225,3333.3
20818.38,72.13,100,0.0,3333.3
20818.38,72.24,100,0.0,3333.3
20818.38,72.36,100,0.0,3333.3
20818.38,72.29,100,1.2125,3333.3
20818.38,72.2,100,0.0,3333.3
20818.38,72.2,100,0.0,3333.3
20818.38,72.28,100,1.2125,3333.3
20818.38,72.25,100,1.2125,3333.3
20818.38,71.81,100,0.0,3333.3
20818.38,72.32,100,0.0,3333.3
20818.38,72.34,100,0.0,3333.3
20818.38,72.14,100,1.225,3333.3
20818.38,72.01,100,0.0,3333.3
20818.38,71.98,100,0.0,3333.3
20818.38,72.0,100,1.2375,3333.3
20818.38,73.92,94,1.225,3333.3
20818.38,73.19,94,0.0,3333.3
20818.38,72.91,100,0.0,3333.3
20818.38,72.95,100,1.2125,3333.3
20818.38,73.36,100,0.0,3333.3
20818.38,73.44,100,0.0,3333.3
20818.38,73.39,100,0.0,3333.3
20818.38,73.42,100,1.2125,3333.3
20818.38,73.44,100,0.0,3333.3
20818.38,73.56,100,0.0,3333.3
20818.38,71.49,100,1.2125,3333.3
20818.38,71.49,100,0.0,3333.3
20818.38,72.24,100,0.0,3333.3
20818.38,72.26,100,2.425,3333.3
20818.38,72.28,100,0.0,3333.3
20818.38,71.94,91,0.0,3333.3
20818.38,71.73,91,1.2125,3333.3
20818.38,71.8,91,0.0,3333.3
20818.38,72.0,100,1.2125,3333.3
20818.38,71.9,100,0.0,3333.3
20818.38,71.89,100,1.2125,3333.3
20818.38,71.9,100,0.0,3333.3
20818.38,71.97,100,0.0,3333.3
20818.38,71.97,100,0.0,3333.3
20818.38,72.19,100,1.225,3333.3
20818.38,72.19,100,0.0,3333.3
20818.38,71.86,100,0.0,3333.3
20818.38,72.03,100,0.0,3333.3
20818.38,72.34,100,1.2125,3333.3
20818.38,72.07,100,0.0,3333.3
20818.38,72.03,100,0.0,3333.3
20818.38,72.03,100,1.2125,3333.3
20818.38,71.94,100,0.0,3333.3
20818.38,72.16,100,0.0,3333.3
20818.38,72.02,100,1.2125,3333.3
20818.38,71.96,100,1.2125,3333.3
20818.38,72.38,100,1.2125,3333.3
20818.38,72.23,92,0.0,3333.3
20818.38,72.2,92,0.0,3333.3
20818.38,72.35,100,1.2125,3333.3
20818.38,72.36,100,0.0,3333.3
20818.38,72.33,100,0.0,3333.3
20818.38,72.45,100,1.2125,3333.3
20818.38,72.47,100,0.0,3333.3
20818.38,72.47,100,0.0,3333.3
20818.38,72.58,100,0.0,3333.3
20818.38,72.55,100,1.2375,3333.3
20818.38,72.16,100,0.0,3333.3
20818.38,72.6,100,0.0,3333.3
20818.38,72.45,100,2.4375,3333.3
20818.38,72.18,100,0.0,3333.3
20818.38,72.14,100,0.0,3333.3
20818.38,72.17,100,0.0,3333.3
20818.38,72.17,100,1.2125,3333.3
20818.38,72.11,100,0.0,3333.3
20818.38,69.19,100,2.4125,3333.3
20818.38,68.47,92,0.0,3333.3
20818.38,68.49,92,0.0,3333.3
20818.38,68.53,100,1.2125,3333.3
20818.38,68.77,100,0.0,3333.3
20818.38,68.77,100,0.0,3333.3
20818.38,68.84,100,1.2125,3333.3
20818.38,68.82,100,0.0,3333.3
20818.38,68.82,100,0.0,3333.3
20818.38,68.73,100,1.2125,3333.3
20818.38,68.69,100,0.0,3333.3
20818.38,71.34,100,0.0,3333.3
20818.38,72.12,100,0.0,3333.3
20818.38,72.39,100,1.2125,3333.3
20818.38,72.39,100,0.0,3333.3
20818.38,72.0,100,0.0,3333.3
20818.38,72.0,100,1.2125,3333.3
20818.38,71.94,100,0.0,3333.3
20818.38,71.86,100,0.0,3333.3
20818.38,71.89,100,1.2125,3333.3
20818.38,71.93,100,1.2125,3333.3
20818.38,73.03,92,1.2125,3333.3
20818.38,72.5,92,0.0,3333.3
20818.38,72.58,100,0.0,3333.3
20818.38,72.6,100,0.0,3333.3
20818.38,72.66,100,1.2125,3333.3
20818.38,72.58,100,0.0,3333.3
20818.38,72.52,100,0.0,3333.3
20818.38,72.58,100,2.4375,3333.3
20818.38,72.62,100,0.0,3333.3
20818.38,72.76,100,0.0,3333.3
20818.38,72.7,100,1.2125,3333.3
20818.38,71.54,100,0.0,3333.3
20818.38,72.25,100,0.0,3333.3
20818.38,72.25,100,0.0,3333.3
20818.38,71.97,100,1.2125,3333.3
20818.38,72.0,100,0.0,3333.3
20818.38,72.09,100,0.0,3333.3
20818.38,72.06,100,1.2125,3333.3
20818.38,72.11,100,0.0,3333.3
20818.38,70.35,100,1.2125,3333.3
20818.38,69.7,95,1.2125,3333.3
20818.38,69.72,98,0.0,3333.3
20818.38,70.04,98,0.0,3333.3
20818.38,70.05,100,1.2125,3333.3
20818.38,70.01,100,0.0,3333.3
20818.38,70.02,100,0.0,3333.3
20818.38,70.1,100,1.2125,3333.3
20818.38,70.13,100,0.0,3333.3
20818.38,69.97,100,0.0,3333.3
20818.38,69.95,100,1.2125,3333.3
20818.38,71.44,100,0.0,3333.3
20818.38,72.15,100,0.0,3333.3
20818.38,72.4,100,1.2125,3333.3
20818.38,72.16,100,0.0,3333.3
20818.38,72.16,100,0.0,3333.3
20818.38,72.48,100,3.6375,3333.3
20818.38,71.93,100,0.0,3333.3
20818.38,72.03,93,0.0,3333.3
20818.38,72.3,93,1.2125,3333.3
20818.38,72.3,100,0.0,3333.3
20818.38,72.28,100,0.0,3333.3
20818.38,72.48,100,1.2125,3333.3
20818.38,72.48,100,0.0,3333.3
20818.38,72.44,100,0.0,3333.3
20818.38,72.6,100,1.2125,3333.3
20818.38,72.52,100,0.0,3333.3
20818.38,72.52,100,0.0,3333.3
20818.38,71.84,100,0.0,3333.3
20818.38,72.24,100,1.2125,3333.3
20818.38,72.11,100,0.0,3333.3
20818.38,71.94,100,0.0,3333.3
20818.38,72.02,100,0.0,3333.3
20818.38,71.99,100,1.225,3333.3
20818.38,72.01,100,0.0,3333.3
20818.38,72.16,100,0.0,3333.3
20818.38,72.16,100,2.4375,3333.3
20818.38,70.48,94,0.0,3333.3
20818.38,70.36,94,0.0,3333.3
20818.38,70.54,100,1.225,3333.3
20818.38,70.55,100,0.0,3333.3
20818.38,70.65,100,0.0,3333.3
20818.38,70.62,100,0.0,3333.3
20818.38,70.62,100,1.225,3333.3
20818.38,70.62,100,0.0,3333.3
20818.38,70.55,100,0.0,3333.3
20818.38,70.53,100,0.0,3333.3
20818.38,71.23,100,1.2125,3333.3
20818.38,71.88,100,0.0,3333.3
20818.38,72.07,100,2.375,3333.3
20818.38,71.41,100,0.0,3333.3
20818.38,71.35,89,0.0,3333.3
20818.38,71.15,89,0.0,3333.3
20818.38,70.86,89,0.0,3333.3
20818.38,71.08,100,2.45,3333.3
20818.38,71.27,100,0.0,3333.3
20818.38,71.34,100,0.0,3333.3
20818.38,71.5,100,0.0,3333.3
20818.38,71.48,100,1.225,3333.3
20818.38,71.71,100,0.0,3333.3
20818.38,72.28,100,0.0,3333.3
20818.38,72.28,100,1.225,3333.3
20818.38,72.12,100,0.0,3333.3
20818.38,72.13,100,0.0,3333.3
20818.38,72.47,100,0.0,3333.3
20818.38,72.34,100,0.0,3333.3
20818.38,72.07,100,1.2375,3333.3
20818.38,71.92,100,0.0,3333.3
20818.38,71.89,100,0.0,3333.3
20818.38,71.86,100,1.25,3333.3
20818.38,71.95,100,0.0,3333.3
20818.38,71.73,100,0.0,3333.3
20818.38,71.69,93,2.4875,3333.3
20818.38,73.25,93,0.0,3333.3
20818.38,72.75,100,0.0,3333.3
20818.38,72.78,100,1.2375,3333.3
20818.38,73.1,100,0.0,3333.3
20818.38,73.12,100,0.0,3333.3
20818.38,73.21,100,1.25,3333.3
20818.38,73.21,100,0.0,3333.3
20818.38,73.24,100,0.0,3333.3
20818.38,73.24,100,0.0,3333.3
20818.38,73.29,100,0.0,3333.3
20818.38,73.14,100,1.2375,3333.3
20818.38,71.6,100,1.25,3333.3
20818.38,72.28,100,0.0,3333.3
20818.38,72.3,100,1.2375,3333.3
20818.38,72.14,100,0.0,3333.3
20818.38,71.98,100,0.0,3333.3
20818.38,72.06,100,0.0,3333.3
20818.38,71.97,100,1.25,3333.3
20818.38,71.98,100,0.0,3333.3
20818.38,71.91,100,2.4875,3333.3
20818.38,71.49,100,0.0,3333.3
20818.38,71.39,93,0.0,3333.3
20818.38,71.59,93,1.25,3333.3
20818.38,71.71,93,0.0,3333.3
20818.38,71.66,100,0.0,3333.3
20818.38,71.66,100,0.0,3333.3
20818.38,71.56,100,1.25,3333.3
20818.38,71.59,100,0.0,3333.3
20818.38,71.55,100,0.0,3333.3
20818.38,71.54,100,0.0,3333.3
20818.38,71.64,100,1.25,3333.3
20818.38,71.52,100,0.0,3333.3
20818.38,72.03,100,0.0,3333.3
20818.38,72.27,100,0.0,3333.3
20818.38,72.05,100,1.2375,3333.3
20818.38,72.05,100,0.0,3333.3
20818.38,72.19,100,0.0,3333.3
20818.38,72.07,100,1.2125,3333.3
20818.38,69.65,100,1.2125,3333.3
20818.38,68.92,92,1.2125,3333.3
20818.38,68.93,92,0.0,3333.3
20818.38,69.28,100,0.0,3333.3
20818.38,69.59,100,0.0,3333.3
20818.38,69.58,100,1.2,3333.3
20818.38,69.49,100,0.0,3333.3
20818.38,69.52,100,1.2125,3333.3
20818.38,69.47,100,0.0,3333.3
20818.38,69.29,100,1.2125,3333.3
20818.38,69.23,100,0.0,3333.3
20818.38,71.49,100,1.2125,3333.3
20818.38,72.19,100,0.0,3333.3
20818.38,72.23,100,0.0,3333.3
20818.38,72.18,100,1.2125,3333.3
20818.38,72.07,100,0.0,3333.3
20818.38,72.02,100,0.0,3333.3
20818.38,72.02,100,1.2125,3333.3
20818.38,71.96,100,0.0,3333.3
20818.38,71.95,100,2.425,3333.3
20818.38,72.03,100,0.0,3333.3
20818.38,72.06,92,0.0,3333.3
20818.38,71.87,92,1.2125,3333.3
20818.38,72.13,100,0.0,3333.3
20818.38,72.28,100,0.0,3333.3
20818.38,72.29,100,0.0,3333.3
20818.38,72.29,100,1.2125,3333.3
20818.38,72.3,100,0.0,3333.3
20818.38,72.23,100,0.0,3333.3
20818.38,72.1,100,1.2125,3333.3
20818.38,72.17,100,0.0,3333.3
20818.38,72.1,100,0.0,3333.3
20818.38,72.53,100,0.0,3333.3
20818.38,72.59,100,1.2125,3333.3
20818.38,72.42,100,0.0,3333.3
20818.38,72.41,100,1.2125,3333.3
20818.38,72.26,100,0.0,3333.3
20818.38,72.2,100,1.2125,3333.3
20818.38,72.19,100,0.0,3333.3
20818.38,72.25,100,1.2375,3333.3
20818.38,70.26,100,1.2125,3333.3
20818.38,69.64,91,0.0,3333.3
20818.38,69.54,91,0.0,3333.3
20818.38,69.59,100,1.25,3333.3
20818.38,69.59,100,0.0,3333.3
20818.38,69.46,100,0.0,3333.3
20818.38,69.46,100,0.0,3333.3
20818.38,69.37,100,1.2375,3333.3
20818.38,69.4,100,0.0,3333.3
20818.38,69.38,100,0.0,3333.3
20818.38,69.56,100,0.0,3333.3
20818.38,71.26,100,1.2375,3333.3
20818.38,71.98,100,0.0,3333.3
20818.38,72.39,100,0.0,3333.3
20818.38,72.33,100,1.2375,3333.3
20818.38,72.3,100,0.0,3333.3
20818.38,72.18,100,0.0,3333.3
20818.38,72.21,100,0.0,3333.3
20818.38,72.19,100,1.2375,3333.3
20818.38,72.43,100,0.0,3333.3
20818.38,72.43,100,2.4875,3333.3
20818.38,72.43,100,0.0,3333.3
20818.38,73.91,89,1.2375,3333.3
20818.38,73.43,89,0.0,3333.3
20818.38,73.71,100,0.0,3333.3
20818.38,73.8,100,1.2375,3333.3
20818.38,73.78,100,0.0,3333.3
20818.38,73.84,100,0.0,3333.3
20818.38,73.84,100,1.2375,3333.3
20818.38,73.77,100,0.0,3333.3
20818.38,73.61,100,0.0,3333.3
20818.38,73.51,100,1.2375,3333.3
20818.38,71.75,100,1.2375,3333.3
20818.38,72.36,100,0.0,3333.3
20818.38,72.33,100,0.0,3333.3
20818.38,72.3,100,0.0,3333.3
20818.38,72.19,100,1.2375,3333.3
20818.38,72.05,100,0.0,3333.3
20818.38,72.05,100,0.0,3333.3
20818.38,71.84,100,1.25,3333.3
20818.38,71.85,100,1.25,3333.3
20818.38,70.75,100,1.25,3333.3
20818.38,70.77,89,0.0,3333.3
20818.38,70.17,89,0.0,3333.3
20818.38,70.29,100,0.0,3333.3
20818.38,70.39,100,1.225,3333.3
20818.38,70.5,100,0.0,3333.3
20818.38,70.61,100,0.0,3333.3
20818.38,70.66,100,1.2125,3333.3
20818.38,70.64,100,0.0,3333.3
20818.38,70.62,100,0.0,3333.3
20818.38,70.72,100,1.2125,3333.3
20818.38,71.67,100,0.0,3333.3
20818.38,71.66,100,0.0,3333.3
20818.38,72.38,100,1.2125,3333.3
20818.38,72.48,100,0.0,3333.3
20818.38,72.38,100,0.0,3333.3
20818.38,72.08,100,1.2125,3333.3
20818.38,71.91,100,0.0,3333.3
20818.38,71.97,100,0.0,3333.3
20818.38,72.02,100,0.0,3333.3
20818.38,71.91,100,3.6125,3333.3
20818.38,74.16,100,0.0,3333.3
20818.38,74.01,90,0.0,3333.3
20818.38,73.78,90,1.2125,3333.3
20818.38,73.78,100,0.0,3333.3
20818.38,73.91,100,0.0,3333.3
20818.38,74.15,100,0.0,3333.3
20818.38,74.16,100,1.175,3333.3
20818.38,74.12,100,0.0,3333.3
20818.38,74.1,100,1.2125,3333.3
20818.38,74.2,100,0.0,3333.3
20818.38,74.2,100,0.0,3333.3
20818.38,74.26,100,0.0,3333.3
20818.38,72.0,100,1.2125,3333.3
20818.38,72.45,100,0.0,3333.3
20818.38,72.41,100,0.0,3333.3
20818.38,72.41,100,1.2125,3333.3
20818.38,71.98,100,0.0,3333.3
20818.38,71.95,100,0.0,3333.3
20818.38,72.04,100,0.0,3333.3
20818.38,72.13,100,1.2125,3333.3
20818.38,71.98,100,2.4125,3333.3
20818.38,71.88,100,1.175,3333.3
20818.38,72.63,100,0.0,3333.3
20818.38,71.94,89,0.0,3333.3
20818.38,71.92,89,0.0,3333.3
20818.38,71.92,100,1.2125,3333.3
20818.38,72.11,100,0.0,3333.3
20818.38,72.27,100,0.0,3333.3
20818.38,72.35,100,1.2125,3333.3
20818.38,72.18,100,0.0,3333.3
20818.38,72.27,100,0.0,3333.3
20818.38,72.2,100,1.2125,3333.3
20818.38,71.4,100,0.0,3333.3
20818.38,72.15,100,0.0,3333.3
20818.38,72.23,100,1.2125,3333.3
20818.38,72.27,100,0.0,3333.3
20818.38,72.16,100,0.0,3333.3
20818.38,72.16,100,1.2125,3333.3
20818.38,72.02,100,0.0,3333.3
20818.38,71.95,100,0.0,3333.3
20818.38,71.91,100,0.0,3333.3
20818.38,71.91,100,1.2125,3333.3
20818.38,71.83,100,2.425,3333.3
20818.38,71.89,100,0.0,3333.3
20818.38,72.04,93,0.0,3333.3
20818.38,71.84,93,0.0,3333.3
20818.38,71.84,100,0.0,3333.3
20818.38,71.84,100,2.4375,3333.3
20818.38,71.83,100,0.0,3333.3
20818.38,71.8,100,0.0,3333.3
20818.38,71.83,100,1.2125,3333.3
20818.38,71.81,100,0.0,3333.3
20818.38,72.05,100,0.0,3333.3
20818.38,71.98,100,0.0,3333.3
20818.38,71.9,100,1.2125,3333.3
20818.38,72.39,100,0.0,3333.3
20818.38,72.36,100,0.0,3333.3
20818.38,72.27,100,2.425,3333.3
20818.38,72.14,100,0.0,3333.3
20818.38,72.45,92,0.0,3333.3
20818.38,72.0,92,0.0,3333.3
20818.38,72.19,100,1.2125,3333.3
20818.38,72.21,100,0.0,3333.3
20818.38,72.29,100,0.0,3333.3
20818.38,72.53,100,1.225,3333.3
20818.38,72.55,100,0.0,3333.3
20818.38,72.55,100,1.2125,3333.3
20818.38,72.37,100,0.0,3333.3
20818.38,72.25,100,1.2125,3333.3
20818.38,72.25,100,0.0,3333.3
20818.38,71.83,100,0.0,3333.3
20818.38,72.35,100,1.2125,3333.3
20818.38,72.28,100,0.0,3333.3
20818.38,72.14,100,0.0,3333.3
20818.38,72.35,100,2.1125,3333.3
20818.38,69.52,91,1.2125,3333.3
20818.38,69.36,91,0.0,3333.3
20818.38,69.3,96,1.2125,3333.3
20818.38,68.95,96,0.0,3333.3
20818.38,69.27,100,0.0,3333.3
20818.38,69.46,100,1.2125,3333.3
20818.38,69.44,100,0.0,3333.3
20818.38,69.39,100,0.0,3333.3
20818.38,69.5,100,0.0,3333.3
20818.38,69.3,100,1.2125,3333.3
20818.38,69.41,100,0.0,3333.3
20818.38,72.07,100,0.0,3333.3
20818.38,71.97,100,1.2125,3333.3
20818.38,71.9,100,0.0,3333.3
20818.38,72.21,100,0.0,3333.3
20818.38,72.05,100,0.0,3333.3
20818.38,72.01,100,1.2125,3333.3
20818.38,72.06,100,0.0,3333.3
20818.38,72.07,100,0.0,3333.3
20818.38,72.28,100,1.2375,3333.3
20818.38,72.12,100,1.2375,3333.3
20818.38,72.12,100,0.0,3333.3
20818.38,72.1,100,2.4875,3333.3
20818.38,73.82,100,0.0,3333.3
20818.38,73.4,90,0.0,3333.3
20818.38,73.48,90,1.25,3333.3
20818.38,73.64,100,0.0,3333.3
20818.38,73.61,100,0.0,3333.3
20818.38,73.64,100,1.2375,3333.3
20818.38,73.69,100,0.0,3333.3
20818.38,73.63,100,0.0,3333.3
20818.38,73.51,100,1.2375,3333.3
20818.38,73.39,100,0.0,3333.3
20818.38,71.66,100,0.0,3333.3
20818.38,72.27,100,0.0,3333.3
20818.38,72.3,100,1.25,3333.3
20818.38,72.15,100,0.0,3333.3
20818.38,72.15,100,0.0,3333.3
20818.38,72.05,100,1.2375,3333.3
20818.38,72.01,100,0.0,3333.3
20818.38,72.01,100,0.0,3333.3
20818.38,71.83,100,1.25,3333.3
20818.38,69.54,100,1.2375,3333.3
20818.38,68.91,100,0.0,3333.3
20818.38,68.91,92,1.2375,3333.3
20818.38,69.07,92,0.0,3333.3
20818.38,69.22,100,0.0,3333.3
20818.38,69.23,100,1.2375,3333.3
20818.38,69.3,100,0.0,3333.3
20818.38,69.21,100,0.0,3333.3
20818.38,69.19,100,1.2375,3333.3
20818.38,69.17,100,0.0,3333.3
20818.38,69.19,100,0.0,3333.3
20818.38,71.47,100,0.0,3333.3
20818.38,72.24,100,1.2375,3333.3
20818.38,72.4,100,0.0,3333.3
20818.38,72.33,100,0.0,3333.3
20818.38,72.24,100,1.25,3333.3
20818.38,72.24,100,0.0,3333.3
20818.38,72.09,100,0.0,3333.3
20818.38,72.04,100,1.2375,3333.3
20818.38,72.03,100,0.0,3333.3
20818.38,71.99,100,2.425,3333.3
20818.38,71.99,93,0.0,3333.3
20818.38,72.37,93,0.0,3333.3
20818.38,71.99,100,0.0,3333.3
20818.38,72.35,100,2.4375,3333.3
20818.38,72.43,100,0.0,3333.3
20818.38,72.42,100,0.0,3333.3
20818.38,72.45,100,0.0,3333.3
20818.38,72.47,100,1.2375,3333.3
20818.38,72.44,100,0.0,3333.3
20818.38,72.48,100,0.0,3333.3
20818.38,72.4,100,0.0,3333.3
20818.38,71.87,100,1.225,3333.3
20818.38,72.34,100,0.0,3333.3
20818.38,72.29,100,0.0,3333.3
20818.38,72.29,100,0.0,3333.3
20818.38,72.04,100,1.2125,3333.3
20818.38,71.8,100,0.0,3333.3
20818.38,71.8,100,1.225,3333.3
20818.38,72.68,96,0.0,3333.3
20818.38,72.1,96,1.2125,3333.3
20818.38,72.1,100,0.0,3333.3
20818.38,72.31,100,0.0,3333.3
20818.38,72.63,100,1.2125,3333.3
20818.38,72.75,100,0.0,3333.3
20818.38,72.72,100,0.0,3333.3
20818.38,72.45,100,1.2125,3333.3
20818.38,72.3,100,0.0,3333.3
20818.38,72.5,100,0.0,3333.3
20818.38,72.47,100,1.2125,3333.3
20818.38,71.47,100,0.0,3333.3
20818.38,71.99,100,0.0,3333.3
20818.38,72.0,100,2.4375,3333.3
20818.38,72.03,100,1.2125,3333.3
20818.38,71.33,93,0.0,3333.3
20818.38,71.11,93,0.0,3333.3
20818.38,71.48,100,1.2125,3333.3
20818.38,71.67,100,0.0,3333.3
20818.38,71.46,100,0.0,3333.3
20818.38,71.5,100,0.0,3333.3
20818.38,71.51,100,1.2,3333.3
20818.38,71.58,100,0.0,3333.3
20818.38,71.73,100,0.0,3333.3
20818.38,71.56,100,1.2125,3333.3
20818.38,72.21,100,0.0,3333.3
20818.38,72.48,100,0.0,3333.3
20818.38,72.42,100,1.2125,3333.3
20818.38,72.42,100,1.2125,3333.3
20818.38,72.0,100,2.425,3333.3
20818.38,72.93,100,0.0,3333.3
20818.38,72.93,91,0.0,3333.3
20818.38,72.99,91,1.2125,3333.3
20818.38,72.99,99,0.0,3333.3
20818.38,72.99,99,0.0,3333.3
20818.38,73.23,100,0.0,3333.3
20818.38,73.29,100,1.1875,3333.3
20818.38,73.21,100,0.0,3333.3
20818.38,73.06,100,0.0,3333.3
20818.38,72.96,100,1.225,3333.3
20818.38,73.09,100,0.0,3333.3
20818.38,71.92,100,0.0,3333.3
20818.38,71.96,100,1.2125,3333.3
20818.38,72.35,100,0.0,3333.3
20818.38,72.17,100,0.0,3333.3
20818.38,72.17,100,0.0,3333.3
20818.38,72.11,100,1.2125,3333.3
20818.38,71.95,100,0.0,3333.3
20818.38,71.91,100,0.0,3333.3
20818.38,71.96,100,1.2125,3333.3
20818.38,71.82,100,1.2375,3333.3
20818.38,73.89,100,1.2,3333.3
20818.38,73.23,93,0.0,3333.3
20818.38,73.18,93,0.0,3333.3
20818.38,73.41,100,1.2125,3333.3
20818.38,73.55,100,0.0,3333.3
20818.38,73.52,100,0.0,3333.3
20818.38,73.52,100,1.2125,3333.3
20818.38,73.49,100,0.0,3333.3
20818.38,73.41,100,0.0,3333.3
20818.38,73.41,100,0.0,3333.3
20818.38,73.54,100,1.2125,3333.3
20818.38,71.46,100,1.2125,3333.3
20818.38,72.15,100,0.0,3333.3
20818.38,72.28,100,1.2125,3333.3
20818.38,72.2,100,0.0,3333.3
20818.38,72.02,100,0.0,3333.3
20818.38,71.93,100,1.2125,3333.3
20818.38,71.84,100,1.2125,3333.3
20818.38,73.13,100,1.2125,3333.3
20818.38,72.65,94,0.0,3333.3
20818.38,72.65,94,0.0,3333.3
20818.38,72.7,100,0.0,3333.3
20818.38,72.88,100,1.2125,3333.3
20818.38,73.24,100,0.0,3333.3
20818.38,73.23,100,0.0,3333.3
20818.38,72.97,100,1.2125,3333.3
20818.38,73.11,100,0.0,3333.3
20818.38,73.08,100,0.0,3333.3
20818.38,71.65,100,0.0,3333.3
20818.38,72.12,100,1.2125,3333.3
20818.38,72.02,100,0.0,3333.3
20818.38,72.02,100,0.0,3333.3
20818.38,72.09,100,0.0,3333.3
20818.38,72.2,100,1.225,3333.3
20818.38,72.12,100,1.2125,3333.3
20818.38,72.0,100,0.0,3333.3
20818.38,71.58,94,1.2125,3333.3
20818.38,71.42,94,0.0,3333.3
20818.38,71.55,100,0.0,3333.3
20818.38,71.55,100,1.2125,3333.3
20818.38,71.75,100,0.0,3333.3
20818.38,71.83,100,0.0,3333.3
20818.38,71.85,100,1.2125,3333.3
20818.38,71.7,100,0.0,3333.3
20818.38,71.65,100,0.0,3333.3
20818.38,71.58,100,1.2125,3333.3
20818.38,71.95,100,0.0,3333.3
20818.38,72.22,100,0.0,3333.3
20818.38,71.98,100,0.0,3333.3
20818.38,72.12,100,1.25,3333.3
20818.38,72.28,100,0.0,3333.3
20818.38,72.36,100,0.0,3333.3
20818.38,72.45,100,0.0,3333.3
20818.38,72.39,100,1.25,3333.3
20818.38,72.38,100,1.25,3333.3
20818.38,72.38,100,0.0,3333.3
20818.38,73.06,96,1.2375,3333.3
20818.38,73.07,96,0.0,3333.3
20818.38,73.07,100,0.0,3333.3
20818.38,73.18,100,0.0,3333.3
20818.38,73.21,100,1.25,3333.3
20818.38,73.14,100,0.0,3333.3
20818.38,73.09,100,0.0,3333.3
20818.38,73.06,100,1.25,3333.3
20818.38,73.2,100,0.0,3333.3
20818.38,73.17,100,1.2375,3333.3
20818.38,71.62,100,0.0,3333.3
20818.38,72.3,100,1.25,3333.3
20818.38,72.29,100,0.0,3333.3
20818.38,72.24,100,0.0,3333.3
20818.38,73.77,100,2.4875,3333.3
20818.38,73.27,100,0.0,3333.3
20818.38,73.37,92,0.0,3333.3
20818.38,73.37,92,1.2375,3333.3
20818.38,73.55,100,0.0,3333.3
20818.38,73.59,100,0.0,3333.3
20818.38,73.58,100,1.2375,3333.3
20818.38,73.68,100,0.0,3333.3
20818.38,73.74,100,0.0,3333.3
20818.38,73.77,100,0.0,3333.3
20818.38,73.76,100,1.2375,3333.3
20818.38,73.58,100,0.0,3333.3
20818.38,71.87,100,0.0,3333.3
20818.38,72.2,100,1.2375,3333.3
20818.38,72.2,100,0.0,3333.3
20818.38,71.92,100,0.0,3333.3
20818.38,71.95,100,0.0,3333.3
20818.38,71.99,100,1.2375,3333.3
20818.38,71.99,100,0.0,3333.3
20818.38,72.06,100,0.0,3333.3
20818.38,72.02,100,2.4875,3333.3
20818.38,69.37,100,1.2375,3333.3
20818.38,69.37,88,0.0,3333.3
20818.38,68.78,88,0.0,3333.3
20818.38,68.74,99,0.0,3333.3
20818.38,68.69,99,1.2125,3333.3
20818.38,68.97,100,0.0,3333.3
20818.38,69.18,100,0.0,3333.3
20818.38,69.25,100,1.2125,3333.3
20818.38,69.24,100,1.2125,3333.3
20818.38,69.13,100,0.0,3333.3
20818.38,69.24,100,1.2125,3333.3
20818.38,71.74,100,0.0,3333.3
20818.38,72.31,100,0.0,3333.3
20818.38,72.34,100,1.2125,3333.3
20818.38,72.34,100,0.0,3333.3
20818.38,72.27,100,0.0,3333.3
20818.38,72.08,100,0.0,3333.3
20818.38,71.98,100,1.2125,3333.3
20818.38,71.96,100,0.0,3333.3
20818.38,71.96,100,0.0,3333.3
20818.38,72.03,100,1.2125,3333.3
20818.38,71.87,100,1.2125,3333.3
20818.38,71.87,90,1.2125,3333.3
20818.38,72.18,90,0.0,3333.3
20818.38,72.33,100,0.0,3333.3
20818.38,72.33,100,0.0,3333.3
20818.38,72.37,100,1.2125,3333.3
20818.38,72.55,100,0.0,3333.3
20818.38,72.64,100,1.2125,3333.3
20818.38,72.64,100,1.2125,3333.3
20818.38,72.54,100,0.0,3333.3
20818.38,72.59,100,0.0,3333.3
20818.38,72.58,100,1.2,3333.3
20818.38,72.02,100,0.0,3333.3
20818.38,72.42,100,0.0,3333.3
20818.38,72.41,100,1.2125,3333.3
20818.38,72.35,100,0.0,3333.3
20818.38,72.06,100,0.0,3333.3
20818.38,71.89,100,2.4125,3333.3
20818.38,71.93,91,0.0,3333.3
20818.38,71.66,91,1.2125,3333.3
20818.38,71.82,100,0.0,3333.3
20818.38,71.92,100,0.0,3333.3
20818.38,72.24,100,0.0,3333.3
20818.38,72.35,100,2.4375,3333.3
20818.38,72.35,100,0.0,3333.3
20818.38,72.31,100,0.0,3333.3
20818.38,72.26,100,0.0,3333.3
20818.38,72.07,100,1.2125,3333.3
20818.38,72.23,100,0.0,3333.3
20818.38,72.28,100,0.0,3333.3
20818.38,72.47,100,1.2125,3333.3
20818.38,72.34,100,0.0,3333.3
20818.38,72.44,100,0.0,3333.3
20818.38,72.4,100,1.2125,3333.3
20818.38,72.39,100,1.2125,3333.3
20818.38,74.04,100,1.2,3333.3
20818.38,73.52,90,0.0,3333.3
20818.38,73.27,90,0.0,3333.3
20818.38,73.34,100,1.2125,3333.3
20818.38,73.58,100,0.0,3333.3
20818.38,73.66,100,1.2,3333.3
20818.38,73.72,100,0.0,3333.3
20818.38,73.88,100,0.0,3333.3
20818.38,73.83,100,0.0,3333.3
20818.38,73.72,100,1.2125,3333.3
20818.38,71.77,100,0.0,3333.3
20818.38,72.05,100,0.0,3333.3
20818.38,72.05,100,1.2125,3333.3
20818.38,72.43,100,0.0,3333.3
20818.38,72.22,100,0.0,3333.3
20818.38,72.02,100,2.425,3333.3
20818.38,72.14,100,0.0,3333.3
20818.38,72.31,100,0.0,3333.3
20818.38,72.21,100,1.2125,3333.3
20818.38,72.14,100,0.0,3333.3
20818.38,71.88,100,2.4,3333.3
20818.38,73.56,100,0.0,3333.3
20818.38,73.61,89,0.0,3333.3
20818.38,73.32,89,0.0,3333.3
20818.38,73.61,99,1.2125,3333.3
20818.38,74.01,99,0.0,3333.3
20818.38,74.01,100,0.0,3333.3
20818.38,73.99,100,1.2125,3333.3
20818.38,73.94,100,0.0,3333.3
20818.38,73.88,100,0.0,3333.3
20818.38,73.68,100,1.175,3333.3
20818.38,73.75,100,0.0,3333.3
20818.38,72.13,100,0.0,3333.3
20818.38,72.07,100,0.0,3333.3
20818.38,72.07,100,1.225,3333.3
20818.38,72.37,100,0.0,3333.3
20818.38,72.28,100,1.2125,3333.3
20818.38,72.22,100,1.2125,3333.3
20818.38,72.19,100,0.0,3333.3
20818.38,72.05,100,0.0,3333.3
20818.38,71.97,100,0.0,3333.3
20818.38,72.11,100,1.2125,3333.3
20818.38,72.1,100,1.2125,3333.3
20818.38,74.2,92,1.2125,3333.3
20818.38,73.65,92,0.0,3333.3
20818.38,73.72,100,0.0,3333.3
20818.38,73.78,100,1.2125,3333.3
20818.38,73.78,100,0.0,3333.3
20818.38,73.65,100,0.0,3333.3
20818.38,73.64,100,0.0,3333.3
20818.38,73.64,100,1.2125,3333.3
20818.38,73.73,100,0.0,3333.3
20818.38,73.72,100,0.0,3333.3
20818.38,71.52,100,1.2125,3333.3
20818.38,72.26,100,0.0,3333.3
20818.38,72.26,100,0.0,3333.3
20818.38,72.3,100,0.0,3333.3
20818.38,72.27,100,1.2125,3333.3
20818.38,72.19,100,0.0,3333.3
20818.38,72.06,100,0.0,3333.3
20818.38,71.99,100,1.2125,3333.3
20818.38,71.97,100,1.2125,3333.3
20818.38,71.89,100,2.4125,3333.3
20818.38,72.32,89,0.0,3333.3
20818.38,72.39,89,0.0,3333.3
20818.38,71.92,100,1.225,3333.3
20818.38,71.87,100,0.0,3333.3
20818.38,71.87,100,0.0,3333.3
20818.38,71.99,100,1.2125,3333.3
20818.38,72.06,100,0.0,3333.3
20818.38,72.18,100,0.0,3333.3
20818.38,72.25,100,1.2125,3333.3
20818.38,72.43,100,0.0,3333.3
20818.38,72.4,100,0.0,3333.3
20818.38,72.4,100,0.0,3333.3
20818.38,71.95,100,1.2125,3333.3
20818.38,72.31,100,0.0,3333.3
20818.38,72.38,100,0.0,3333.3
20818.38,72.3,100,1.2125,3333.3
20818.38,72.12,100,1.225,3333.3
20818.38,73.79,100,0.0,3333.3
20818.38,73.61,92,1.2125,3333.3
20818.38,72.91,100,0.0,3333.3
20818.38,72.96,100,0.0,3333.3
20818.38,73.17,100,1.2125,3333.3
20818.38,73.47,100,0.0,3333.3
20818.38,73.62,100,0.0,3333.3
20818.38,73.55,100,1.2125,3333.3
20818.38,73.45,100,1.2125,3333.3
20818.38,73.58,100,0.0,3333.3
20818.38,71.68,100,0.0,3333.3
20818.38,71.75,100,0.0,3333.3
20818.38,71.75,100,1.2125,3333.3
20818.38,72.41,100,0.0,3333.3
20818.38,72.15,100,0.0,3333.3
20818.38,72.02,100,1.2125,3333.3
20818.38,72.14,100,0.0,3333.3
20818.38,72.18,100,0.0,3333.3
20818.38,72.16,100,0.0,3333.3
20818.38,72.11,100,1.2125,3333.3
20818.38,71.85,100,2.275,3333.3
20818.38,71.06,100,0.0,3333.3
20818.38,70.31,90,0.0,3333.3
20818.38,70.34,90,1.2125,3333.3
20818.38,70.69,100,0.0,3333.3
20818.38,70.95,100,0.0,3333.3
20818.38,71.0,100,0.0,3333.3
20818.38,71.06,100,1.2125,3333.3
20818.38,71.0,100,0.0,3333.3
20818.38,70.68,100,0.0,3333.3
20818.38,70.71,100,1.2125,3333.3
20818.38,71.55,100,1.2125,3333.3
20818.38,71.55,100,0.0,3333.3
20818.38,72.23,100,0.0,3333.3
20818.38,72.36,100,0.0,3333.3
20818.38,72.21,100,1.2125,3333.3
20818.38,72.09,100,0.0,3333.3
20818.38,72.08,100,0.0,3333.3
20818.38,71.67,100,0.0,3333.3
20818.38,71.67,100,1.2125,3333.3
20818.38,71.57,100,2.425,3333.3
20818.38,71.46,91,0.0,3333.3
20818.38,71.24,91,0.0,3333.3
20818.38,71.51,100,1.225,3333.3
20818.38,71.69,100,0.0,3333.3
20818.38,71.83,100,0.0,3333.3
20818.38,71.79,100,1.2125,3333.3
20818.38,71.54,100,0.0,3333.3
20818.38,71.58,100,0.0,3333.3
20818.38,71.57,100,0.0,3333.3
20818.38,71.76,100,1.2125,3333.3
20818.38,71.83,100,0.0,3333.3
20818.38,71.83,100,0.0,3333.3
20818.38,71.86,100,0.0,3333.3
20818.38,72.26,100,1.225,3333.3
20818.38,72.22,100,0.0,3333.3
20818.38,72.07,100,2.425,3333.3
20818.38,71.01,97,0.0,3333.3
20818.38,70.41,97,0.0,3333.3
20818.38,70.13,94,1.2125,3333.3
20818.38,70.52,94,0.0,3333.3
20818.38,70.38,100,0.0,3333.3
20818.38,70.52,100,2.4,3333.3
20818.38,70.67,100,0.0,3333.3
20818.38,70.74,100,0.0,3333.3
20818.38,70.78,100,1.2125,3333.3
20818.38,70.52,100,0.0,3333.3
20818.38,71.28,100,0.0,3333.3
20818.38,71.88,100,1.2125,3333.3
20818.38,72.06,100,0.0,3333.3
20818.38,71.78,100,0.0,3333.3
20818.38,71.78,100,0.0,3333.3
20818.38,71.81,100,1.2125,3333.3
20818.38,71.89,100,0.0,3333.3
20818.38,71.98,100,0.0,3333.3
20818.38,71.97,100,1.2125,3333.3
20818.38,71.88,100,2.425,3333.3
20818.38,71.98,100,0.0,3333.3
20818.38,73.53,91,0.0,3333.3
20818.38,72.93,91,1.2125,3333.3
20818.38,73.34,100,0.0,3333.3
20818.38,73.45,100,0.0,3333.3
20818.38,73.58,100,0.0,3333.3
20818.38,73.61,100,1.2125,3333.3
20818.38,73.57,100,0.0,3333.3
20818.38,73.43,100,1.2125,3333.3
20818.38,73.34,100,0.0,3333.3
20818.38,73.19,100,0.0,3333.3
20818.38,71.39,100,0.0,3333.3
20818.38,72.09,100,1.2125,3333.3
20818.38,72.12,100,0.0,3333.3
20818.38,72.07,100,0.0,3333.3
20818.38,72.17,100,1.2125,3333.3
20818.38,72.19,100,0.0,3333.3
20818.38,72.19,100,0.0,3333.3
20818.38,72.02,100,0.0,3333.3
20818.38,72.04,100,3.4375,3333.3
20818.38,71.95,100,1.2125,3333.3
20818.38,72.47,87,0.0,3333.3
20818.38,72.31,87,0.0,3333.3
20818.38,72.62,100,0.0,3333.3
20818.38,72.8,100,2.4125,3333.3
20818.38,72.92,100,0.0,3333.3
20818.38,72.88,100,0.0,3333.3
20818.38,72.81,100,0.0,3333.3
20818.38,72.67,100,1.2125,3333.3
20818.38,72.58,100,0.0,3333.3
20818.38,72.6,100,0.0,3333.3
20818.38,72.1,100,0.0,3333.3
20818.38,72.42,100,1.2125,3333.3
20818.38,72.34,100,0.0,3333.3
20818.38,72.34,100,1.2125,3333.3
20818.38,72.34,100,0.0,3333.3
20818.38,72.26,100,0.0,3333.3
20818.38,71.99,100,2.4125,3333.3
20818.38,73.21,100,0.0,3333.3
20818.38,72.64,91,1.2125,3333.3
20818.38,72.73,91,0.0,3333.3
20818.38,72.81,100,0.0,3333.3
20818.38,72.81,100,1.225,3333.3
20818.38,73.18,100,0.0,3333.3
20818.38,73.2,100,0.0,3333.3
20818.38,73.05,100,1.2125,3333.3
20818.38,72.83,100,0.0,3333.3
20818.38,72.91,100,0.0,3333.3
20818.38,72.82,100,0.0,3333.3
20818.38,71.59,100,1.2125,3333.3
20818.38,72.08,100,0.0,3333.3
20818.38,72.02,100,0.0,3333.3
20818.38,72.12,100,1.2125,3333.3
20818.38,72.12,100,0.0,3333.3
20818.38,72.16,100,0.0,3333.3
20818.38,72.11,100,3.6375,3333.3
20818.38,71.53,100,0.0,3333.3
20818.38,71.53,100,0.0,3333.3
20818.38,71.14,93,1.2125,3333.3
20818.38,71.25,93,0.0,3333.3
20818.38,71.44,100,0.0,3333.3
20818.38,71.63,100,1.2125,3333.3
20818.38,71.79,100,0.0,3333.3
20818.38,71.83,100,0.0,3333.3
20818.38,71.77,100,1.2125,3333.3
20818.38,71.56,100,0.0,3333.3
20818.38,71.43,100,1.2125,3333.3
20818.38,71.9,100,0.0,3333.3
20818.38,72.14,100,0.0,3333.3
20818.38,72.13,100,0.0,3333.3
20818.38,72.17,100,1.2125,3333.3
20818.38,72.25,100,1.2125,3333.3
20818.38,72.48,100,0.0,3333.3
20818.38,72.43,100,1.1875,3333.3
20818.38,72.02,88,0.0,3333.3
20818.38,72.02,88,0.0,3333.3
20818.38,72.28,100,1.2125,3333.3
20818.38,72.31,100,0.0,3333.3
20818.38,72.34,100,0.0,3333.3
20818.38,72.43,100,0.0,3333.3
20818.38,72.41,100,1.2125,3333.3
20818.38,72.4,100,0.0,3333.3
20818.38,72.45,100,0.0,3333.3
20818.38,71.95,100,1.2125,3333.3
20818.38,71.69,100,0.0,3333.3
20818.38,72.05,100,0.0,3333.3
20818.38,71.68,100,1.2125,3333.3
20818.38,71.68,100,1.2125,3333.3
20818.38,71.76,100,0.0,3333.3
20818.38,71.9,100,0.0,3333.3
20818.38,71.98,100,1.225,3333.3
20818.38,72.15,100,0.0,3333.3
20818.38,71.95,100,1.1,3333.3
20818.38,71.78,100,1.1875,3333.3
20818.38,74.08,100,0.0,3333.3
20818.38,73.44,88,1.2375,3333.3
20818.38,73.54,100,0.0,3333.3
20818.38,73.55,100,0.0,3333.3
20818.38,73.78,100,0.0,3333.3
20818.38,73.82,100,1.2375,3333.3
20818.38,73.94,100,0.0,3333.3
20818.38,73.81,100,0.0,3333.3
20818.38,73.84,100,1.2125,3333.3
20818.38,73.76,100,0.0,3333.3
20818.38,73.76,100,0.0,3333.3
20818.38,72.33,100,0.0,3333.3
20818.38,72.33,100,1.2125,3333.3
20818.38,72.27,100,2.425,3333.3
20818.38,72.23,91,0.0,3333.3
20818.38,72.45,91,1.2125,3333.3
20818.38,72.14,100,0.0,3333.3
20818.38,72.26,100,0.0,3333.3
20818.38,72.42,100,1.2125,3333.3
20818.38,72.32,100,0.0,3333.3
20818.38,72.36,100,0.0,3333.3
20818.38,72.52,100,1.2125,3333.3
20818.38,72.58,100,0.0,3333.3
20818.38,72.58,100,0.0,3333.3
20818.38,72.38,100,1.2125,3333.3
20818.38,72.04,100,0.0,3333.3
20818.38,72.47,100,0.0,3333.3
20818.38,72.46,100,1.2125,3333.3
20818.38,72.22,100,1.2,3333.3
20818.38,72.07,100,0.0,3333.3
20818.38,72.27,100,0.0,3333.3
20818.38,72.38,100,1.2125,3333.3
20818.38,72.36,100,0.0,3333.3
20818.38,72.27,89,1.2125,3333.3
20818.38,71.36,89,1.2125,3333.3
20818.38,70.73,100,0.0,3333.3
20818.38,70.82,100,0.0,3333.3
20818.38,70.82,100,1.2125,3333.3
20818.38,71.06,100,0.0,3333.3
20818.38,71.07,100,0.0,3333.3
20818.38,71.1,100,1.2125,3333.3
20818.38,71.06,100,0.0,3333.3
20818.38,70.96,100,0.0,3333.3
20818.38,70.9,100,0.0,3333.3
20818.38,71.58,100,1.2125,3333.3
20818.38,72.23,100,0.0,3333.3
20818.38,72.43,100,0.0,3333.3
20818.38,72.31,100,1.2125,3333.3
20818.38,72.16,100,0.0,3333.3
20818.38,72.09,100,0.0,3333.3
20818.38,72.08,100,1.2125,3333.3
20818.38,71.97,100,0.0,3333.3
20818.38,71.97,100,0.0,3333.3
20818.38,71.97,100,2.4375,3333.3
20818.38,73.57,100,0.0,3333.3
20818.38,72.93,90,1.2125,3333.3
20818.38,73.26,90,1.2125,3333.3
20818.38,73.32,100,0.0,3333.3
20818.38,73.39,100,0.0,3333.3
20818.38,73.28,100,1.2125,3333.3
20818.38,73.33,100,0.0,3333.3
20818.38,73.33,100,0.0,3333.3
20818.38,73.39,100,1.2125,3333.3
20818.38,73.37,100,0.0,3333.3
20818.38,73.31,100,0.0,3333.3
20818.38,71.71,100,1.2125,3333.3
20818.38,72.44,100,0.0,3333.3
20818.38,72.62,100,0.0,3333.3
20818.38,72.46,100,0.0,3333.3
20818.38,72.37,100,1.2,3333.3
20818.38,72.26,100,0.0,3333.3
20818.38,72.19,100,0.0,3333.3
20818.38,72.08,100,0.0,3333.3
20818.38,72.12,100,3.55,3333.3
20818.38,72.1,91,0.0,3333.3
20818.38,72.45,91,1.2125,3333.3
20818.38,72.17,100,0.0,3333.3
20818.38,72.45,100,0.0,3333.3
20818.38,72.61,100,0.0,3333.3
20818.38,72.61,100,1.2125,3333.3
20818.38,72.59,100,0.0,3333.3
20818.38,72.58,100,0.0,3333.3
20818.38,72.57,100,1.2125,3333.3
20818.38,72.6,100,0.0,3333.3
20818.38,72.44,100,0.0,3333.3
20818.38,72.07,100,0.0,3333.3
20818.38,72.54,100,1.2125,3333.3
20818.38,72.52,100,0.0,3333.3
20818.38,72.42,100,0.0,3333.3
20818.38,72.26,100,0.0,3333.3
20818.38,72.14,100,1.2125,3333.3
20818.38,72.14,100,0.0,3333.3
20818.38,72.23,100,0.0,3333.3
20818.38,73.05,100,2.4375,3333.3
20818.38,72.38,91,1.2125,3333.3
20818.38,72.56,91,0.0,3333.3
20818.38,72.72,100,0.0,3333.3
20818.38,72.76,100,1.225,3333.3
20818.38,72.76,100,1.2125,3333.3
20818.38,72.64,100,0.0,3333.3
20818.38,72.67,100,0.0,3333.3
20818.38,72.63,100,1.2125,3333.3
20818.38,72.63,100,0.0,3333.3
20818.38,72.49,100,0.0,3333.3
20818.38,72.47,100,1.2125,3333.3
20818.38,72.24,100,0.0,3333.3
20818.38,72.24,100,0.0,3333.3
20818.38,72.37,100,0.0,3333.3
20818.38,72.23,100,1.2125,3333.3
20818.38,72.15,100,0.0,3333.3
20818.38,71.95,100,0.0,3333.3
20818.38,71.95,100,1.2125,3333.3
20818.38,71.92,100,0.0,3333.3
20818.38,72.0,100,2.425,3333.3
20818.38,72.32,100,0.0,3333.3
20818.38,72.03,91,0.0,3333.3
20818.38,72.34,91,1.2125,3333.3
20818.38,72.41,100,0.0,3333.3
20818.38,72.46,100,0.0,3333.3
20818.38,72.46,100,1.2125,3333.3
20818.38,72.39,100,0.0,3333.3
20818.38,72.36,100,0.0,3333.3
20818.38,72.19,100,1.2125,3333.3
20818.38,72.27,100,0.0,3333.3
20818.38,72.09,100,0.0,3333.3
20818.38,71.79,100,1.2125,3333.3
20818.38,72.29,100,0.0,3333.3
20818.38,72.15,100,0.0,3333.3
20818.38,72.1,100,0.0,3333.3
20818.38,72.02,100,2.4375,3333.3
20818.38,71.96,100,0.0,3333.3
20818.38,71.92,100,0.0,3333.3
20818.38,72.0,100,0.0,3333.3
20818.38,69.11,100,2.425,3333.3
20818.38,68.46,91,0.0,3333.3
20818.38,68.46,91,1.2125,3333.3
20818.38,68.64,100,0.0,3333.3
20818.38,68.75,100,0.0,3333.3
20818.38,68.78,100,1.2125,3333.3
20818.38,68.81,100,0.0,3333.3
20818.38,68.77,100,0.0,3333.3
20818.38,68.74,100,1.2125,3333.3
20818.38,68.65,100,0.0,3333.3
20818.38,68.69,100,0.0,3333.3
20818.38,71.36,100,1.2125,3333.3
20818.38,72.13,100,0.0,3333.3
20818.38,72.36,100,0.0,3333.3
20818.38,72.36,100,1.2125,3333.3
20818.38,72.33,100,1.2125,3333.3
20818.38,72.2,100,0.0,3333.3
20818.38,72.05,100,0.0,3333.3
20818.38,71.94,100,1.2125,3333.3
20818.38,71.89,100,0.0,3333.3
20818.38,71.99,100,2.425,3333.3
20818.38,73.16,91,0.0,3333.3
20818.38,72.68,91,0.0,3333.3
20818.38,72.88,100,1.2125,3333.3
20818.38,73.07,100,0.0,3333.3
20818.38,73.0,100,0.0,3333.3
20818.38,73.0,100,0.0,3333.3
20818.38,72.95,100,1.2125,3333.3
20818.38,72.84,100,0.0,3333.3
20818.38,72.84,100,0.0,3333.3
20818.38,73.01,100,1.2,3333.3
20818.38,72.95,100,0.0,3333.3
20818.38,71.67,100,0.0,3333.3
20818.38,72.24,100,1.2125,3333.3
20818.38,72.19,100,0.0,3333.3
20818.38,72.19,100,0.0,3333.3
20818.38,71.95,100,1.1875,3333.3
20818.38,71.84,100,0.0,3333.3
20818.38,71.92,100,0.0,3333.3
20818.38,71.99,100,1.2125,3333.3
20818.38,69.06,91,2.4375,3333.3
20818.38,68.36,91,0.0,3333.3
20818.38,68.46,100,0.0,3333.3
20818.38,68.72,100,1.225,3333.3
20818.38,68.75,100,0.0,3333.3
20818.38,68.87,100,0.0,3333.3
20818.38,68.96,100,1.2125,3333.3
20818.38,68.94,100,0.0,3333.3
20818.38,69.01,100,0.0,3333.3
20818.38,68.96,100,1.2125,3333.3
20818.38,68.96,100,0.0,3333.3
20818.38,68.84,100,0.0,3333.3
20818.38,71.48,100,0.0,3333.3
20818.38,72.4,100,1.2125,3333.3
20818.38,72.35,100,0.0,3333.3
20818.38,72.22,100,0.0,3333.3
20818.38,72.06,100,0.0,3333.3
20818.38,71.9,100,1.2125,3333.3
20818.38,71.95,100,0.0,3333.3
20818.38,71.94,100,0.0,3333.3
20818.38,71.89,100,2.4375,3333.3
20818.38,74.04,100,0.0,3333.3
20818.38,73.91,89,1.2125,3333.3
20818.38,73.2,89,0.0,3333.3
20818.38,73.12,100,0.0,3333.3
20818.38,73.19,100,2.4375,3333.3
20818.38,73.31,100,0.0,3333.3
20818.38,73.38,100,0.0,3333.3
20818.38,73.44,100,0.0,3333.3
20818.38,73.42,100,1.2125,3333.3
20818.38,73.53,100,0.0,3333.3
20818.38,71.33,100,0.0,3333.3
20818.38,71.51,100,0.0,3333.3
20818.38,72.34,100,1.2125,3333.3
20818.38,72.44,100,0.0,3333.3
20818.38,72.39,100,0.0,3333.3
20818.38,72.28,100,0.0,3333.3
20818.38,72.28,100,1.2125,3333.3
20818.38,72.14,100,0.0,3333.3
20818.38,72.03,100,1.2125,3333.3
20818.38,72.08,100,1.2125,3333.3
20818.38,71.96,100,0.0,3333.3
20818.38,72.03,100,2.425,3333.3
20818.38,72.28,89,0.0,3333.3
20818.38,71.92,89,0.0,3333.3
20818.38,72.02,100,0.0,3333.3
20818.38,72.14,100,1.2125,3333.3
20818.38,72.17,100,0.0,3333.3
20818.38,72.28,100,0.0,3333.3
20818.38,72.35,100,1.2375,3333.3
20818.38,72.25,100,0.0,3333.3
20818.38,72.19,100,0.0,3333.3
20818.38,72.45,100,1.2125,3333.3
20818.38,72.42,100,0.0,3333.3
20818.38,72.18,100,0.0,3333.3
20818.38,72.59,100,0.0,3333.3
20818.38,72.52,100,1.2125,3333.3
20818.38,72.36,100,0.0,3333.3
20818.38,72.22,100,0.0,3333.3
20818.38,72.12,100,1.2125,3333.3
20818.38,72.07,100,0.0,3333.3
20818.38,72.07,100,0.0,3333.3
20818.38,70.93,100,3.625,3333.3
20818.38,70.22,96,0.0,3333.3
20818.38,70.37,96,1.2125,3333.3
20818.38,70.37,93,0.0,3333.3
20818.38,70.59,93,0.0,3333.3
20818.38,70.69,100,1.2125,3333.3
20818.38,70.71,100,0.0,3333.3
20818.38,70.62,100,0.0,3333.3
20818.38,70.6,100,0.0,3333.3
20818.38,70.69,100,1.2125,3333.3
20818.38,70.69,100,0.0,3333.3
20818.38,71.49,100,0.0,3333.3
20818.38,72.23,100,1.225,3333.3
20818.38,72.35,100,0.0,3333.3
20818.38,72.28,100,0.0,3333.3
20818.38,72.19,100,0.0,3333.3
20818.38,72.14,100,1.2125,3333.3
20818.38,72.0,100,1.2,3333.3
20818.38,71.94,100,1.1875,3333.3
20818.38,69.46,100,1.2,3333.3
20818.38,68.76,87,1.225,3333.3
20818.38,68.91,87,0.0,3333.3
20818.38,69.33,100,0.0,3333.3
20818.38,69.66,100,0.0,3333.3
20818.38,69.7,100,1.225,3333.3
20818.38,69.66,100,0.0,3333.3
20818.38,69.53,100,0.0,3333.3
20818.38,69.33,100,1.2,3333.3
20818.38,69.33,100,0.0,3333.3
20818.38,71.62,100,0.0,3333.3
20818.38,72.39,100,0.0,3333.3
20818.38,72.48,100,1.2125,3333.3
20818.38,72.48,100,0.0,3333.3
20818.38,72.38,100,0.0,3333.3
20818.38,72.31,100,1.2125,3333.3
20818.38,72.22,100,0.0,3333.3
20818.38,72.07,100,0.0,3333.3
20818.38,72.0,100,1.2125,3333.3
20818.38,71.96,100,2.425,3333.3
20818.38,71.93,100,0.0,3333.3
20818.38,72.36,90,1.2125,3333.3
20818.38,72.32,90,0.0,3333.3
20818.38,71.83,100,0.0,3333.3
20818.38,71.94,100,1.2,3333.3
20818.38,72.12,100,0.0,3333.3
20818.38,72.16,100,0.0,3333.3
20818.38,72.26,100,0.0,3333.3
20818.38,72.18,100,1.2125,3333.3
20818.38,72.34,100,0.0,3333.3
20818.38,72.33,100,0.0,3333.3
20818.38,71.88,100,1.2125,3333.3
20818.38,71.92,100,0.0,3333.3
20818.38,72.44,100,0.0,3333.3
20818.38,72.39,100,1.2125,3333.3
20818.38,72.38,100,0.0,3333.3
20818.38,72.24,100,0.0,3333.3
20818.38,72.11,100,1.2,3333.3
20818.38,72.11,100,0.0,3333.3
20818.38,72.11,100,0.0,3333.3
20818.38,71.99,100,1.2125,3333.3
20818.38,71.96,100,1.2125,3333.3
20818.38,69.66,90,1.2125,3333.3
20818.38,68.98,90,0.0,3333.3
20818.38,69.05,100,0.0,3333.3
20818.38,69.15,100,1.2125,3333.3
20818.38,69.16,100,1.2125,3333.3
20818.38,69.19,100,0.0,3333.3
20818.38,69.25,100,0.0,3333.3
20818.38,69.22,100,1.2125,3333.3
20818.38,69.13,100,0.0,3333.3
20818.38,69.09,100,0.0,3333.3
20818.38,69.1,100,1.2125,3333.3
20818.38,71.45,100,0.0,3333.3
20818.38,72.21,100,0.0,3333.3
20818.38,72.32,100,1.2125,3333.3
20818.38,72.29,100,0.0,3333.3
20818.38,72.2,100,0.0,3333.3
20818.38,72.03,100,0.0,3333.3
20818.38,71.9,100,1.2125,3333.3
20818.38,71.95,100,0.0,3333.3
20818.38,71.98,100,2.4375,3333.3
20818.38,73.8,100,0.0,3333.3
20818.38,73.37,89,0.0,3333.3
20818.38,73.09,89,1.2125,3333.3
20818.38,73.1,100,0.0,3333.3
20818.38,73.12,100,0.0,3333.3
20818.38,73.19,100,1.2125,3333.3
20818.38,73.21,100,0.0,3333.3
20818.38,73.27,100,0.0,3333.3
20818.38,73.27,100,1.2125,3333.3
20818.38,73.38,100,1.225,3333.3
20818.38,73.38,100,0.0,3333.3
20818.38,71.58,100,0.0,3333.3
20818.38,72.02,100,0.0,3333.3
20818.38,72.4,100,1.2125,3333.3
20818.38,72.45,100,0.0,3333.3
20818.38,72.35,100,0.0,3333.3
20818.38,72.22,100,1.2125,3333.3
20818.38,72.21,100,0.0,3333.3
20818.38,72.12,100,0.0,3333.3
20818.38,72.16,100,0.0,3333.3
20818.38,72.04,100,1.2125,3333.3
20818.38,72.01,100,1.2125,3333.3
20818.38,73.04,92,0.0,3333.3
20818.38,72.33,92,1.2125,3333.3
20818.38,72.36,100,0.0,3333.3
20818.38,72.39,100,0.0,3333.3
20818.38,72.4,100,0.0,3333.3
20818.38,72.37,100,1.2125,3333.3
20818.38,72.35,100,0.0,3333.3
20818.38,72.35,100,0.0,3333.3
20818.38,72.35,100,1.2125,3333.3
20818.38,72.35,100,0.0,3333.3
20818.38,71.37,100,0.0,3333.3
20818.38,72.17,100,0.0,3333.3
20818.38,72.17,100,2.4375,3333.3
20818.38,72.29,100,0.0,3333.3
20818.38,72.15,100,0.0,3333.3
20818.38,72.08,100,1.2125,3333.3
20818.38,72.02,100,0.0,3333.3
20818.38,71.85,100,0.0,3333.3
20818.38,71.9,100,0.0,3333.3
20818.38,71.92,100,2.4375,3333.3
20818.38,72.12,90,0.0,3333.3
20818.38,71.62,90,1.2,3333.3
20818.38,71.82,100,0.0,3333.3
20818.38,71.95,100,0.0,3333.3
20818.38,72.03,100,1.2125,3333.3
20818.38,72.1,100,0.0,3333.3
20818.38,71.89,100,0.0,3333.3
20818.38,72.0,100,1.2125,3333.3
20818.38,72.05,100,0.0,3333.3
20818.38,72.14,100,0.0,3333.3
20818.38,72.02,100,0.0,3333.3
20818.38,71.78,100,1.2125,3333.3
20818.38,72.44,100,0.0,3333.3
20818.38,72.11,100,1.2125,3333.3
20818.38,72.15,100,1.2125,3333.3
20818.38,71.99,100,0.0,3333.3
20818.38,72.07,100,0.0,3333.3
20818.38,72.11,100,0.0,3333.3
20818.38,72.16,100,1.2,3333.3
20818.38,72.16,100,1.2125,3333.3
20818.38,71.96,100,1.2125,3333.3
20818.38,72.78,100,0.0,3333.3
20818.38,72.45,91,0.0,3333.3
20818.38,72.45,91,0.0,3333.3
20818.38,72.51,100,0.0,3333.3
20818.38,72.53,100,1.2125,3333.3
20818.38,72.53,100,0.0,3333.3
20818.38,72.59,100,1.2125,3333.3
20818.38,72.5,100,0.0,3333.3
20818.38,72.5,100,0.0,3333.3
20818.38,72.41,100,1.2125,3333.3
20818.38,71.65,100,1.2125,3333.3
20818.38,72.32,100,0.0,3333.3
20818.38,72.34,100,0.0,3333.3
20818.38,72.29,100,1.2125,3333.3
20818.38,72.19,100,0.0,3333.3
20818.38,72.16,100,0.0,3333.3
20818.38,72.06,100,1.2125,3333.3
20818.38,72.09,100,0.0,3333.3
20818.38,72.11,100,1.2125,3333.3
20818.38,72.04,90,1.225,3333.3
20818.38,73.83,90,0.0,3333.3
20818.38,73.33,100,1.2125,3333.3
20818.38,73.5,100,0.0,3333.3
20818.38,73.48,100,0.0,3333.3
20818.38,73.48,100,1.2125,3333.3
20818.38,73.52,100,0.0,3333.3
20818.38,73.5,100,0.0,3333.3
20818.38,73.43,100,0.0,3333.3
20818.38,73.39,100,1.225,3333.3
20818.38,73.49,100,0.0,3333.3
20818.38,73.42,100,0.0,3333.3
20818.38,71.63,100,1.225,3333.3
20818.38,72.32,100,0.0,3333.3
20818.38,72.26,100,0.0,3333.3
20818.38,72.25,100,1.225,3333.3
20818.38,72.25,100,1.2125,3333.3
20818.38,72.06,100,0.0,3333.3
20818.38,72.11,100,0.0,3333.3
20818.38,72.1,100,1.2125,3333.3
20818.38,70.28,95,1.2125,3333.3
20818.38,69.69,95,0.0,3333.3
20818.38,69.75,96,1.2125,3333.3
20818.38,69.98,96,0.0,3333.3
20818.38,70.02,100,0.0,3333.3
20818.38,69.95,100,1.2125,3333.3
20818.38,69.83,100,0.0,3333.3
20818.38,69.79,100,0.0,3333.3
20818.38,69.79,100,1.2125,3333.3
20818.38,69.68,100,0.0,3333.3
20818.38,69.68,100,0.0,3333.3
20818.38,71.51,100,1.2125,3333.3
20818.38,72.18,100,0.0,3333.3
20818.38,72.18,100,1.1625,3333.3
20818.38,71.98,100,1.15,3333.3
20818.38,71.61,100,0.0,3333.3
20818.38,71.78,92,1.2375,3333.3
20818.38,71.89,92,0.0,3333.3
20818.38,71.97,100,0.0,3333.3
20818.38,71.97,100,1.2125,3333.3
20818.38,72.09,100,0.0,3333.3
20818.38,71.96,100,0.0,3333.3
20818.38,71.97,100,0.0,3333.3
20818.38,72.04,100,1.2125,3333.3
20818.38,72.16,100,0.0,3333.3
20818.38,71.87,100,1.2125,3333.3
20818.38,72.07,100,0.0,3333.3
20818.38,72.39,100,1.2125,3333.3
20818.38,72.27,100,1.2125,3333.3
20818.38,72.14,93,1.2125,3333.3
20818.38,72.49,93,0.0,3333.3
20818.38,72.04,100,0.0,3333.3
20818.38,72.45,100,0.0,3333.3
20818.38,72.59,100,1.2125,3333.3
20818.38,72.23,100,0.0,3333.3
20818.38,72.38,100,0.0,3333.3
20818.38,72.47,100,1.2125,3333.3
20818.38,72.39,100,0.0,3333.3
20818.38,72.38,100,0.0,3333.3
20818.38,72.29,100,1.2125,3333.3
20818.38,71.81,100,0.0,3333.3
20818.38,72.23,100,0.0,3333.3
20818.38,72.24,100,1.2125,3333.3
20818.38,72.24,100,1.2,3333.3
20818.38,71.99,100,1.175,3333.3
20818.38,72.05,92,1.2125,3333.3
20818.38,71.76,92,0.0,3333.3
20818.38,71.57,100,0.0,3333.3
20818.38,71.57,100,1.2125,3333.3
20818.38,71.86,100,0.0,3333.3
20818.38,72.09,100,0.0,3333.3
20818.38,72.09,100,0.0,3333.3
20818.38,72.23,100,1.2125,3333.3
20818.38,72.04,100,0.0,3333.3
20818.38,72.1,100,0.0,3333.3
20818.38,71.96,100,1.2125,3333.3
20818.38,71.93,100,0.0,3333.3
20818.38,72.03,100,0.0,3333.3
20818.38,72.2,100,0.0,3333.3
20818.38,72.03,100,1.2125,3333.3
20818.38,71.85,100,0.0,3333.3
20818.38,72.01,100,0.0,3333.3
20818.38,72.03,100,2.425,3333.3
20818.38,72.02,100,0.0,3333.3
20818.38,71.83,100,0.0,3333.3
20818.38,71.9,100,2.425,3333.3
20818.38,73.23,90,0.0,3333.3
20818.38,72.88,90,0.0,3333.3
20818.38,73.01,100,1.225,3333.3
20818.38,73.12,100,0.0,3333.3
20818.38,73.32,100,0.0,3333.3
20818.38,73.23,100,0.0,3333.3
20818.38,73.16,100,1.2125,3333.3
20818.38,73.05,100,0.0,3333.3
20818.38,73.05,100,0.0,3333.3
20818.38,73.05,100,0.0,3333.3
20818.38,73.24,100,1.2125,3333.3
20818.38,71.9,100,0.0,3333.3
20818.38,72.42,100,0.0,3333.3
20818.38,72.39,100,2.425,3333.3
20818.38,72.3,100,0.0,3333.3
20818.38,72.19,100,0.0,3333.3
20818.38,72.19,100,0.0,3333.3
20818.38,72.17,100,1.2125,3333.3
20818.38,72.08,100,1.2125,3333.3
20818.38,74.3,100,0.0,3333.3
20818.38,74.03,92,1.225,3333.3
20818.38,73.5,92,0.0,3333.3
20818.38,73.68,100,0.0,3333.3
20818.38,73.9,100,1.2125,3333.3
20818.38,73.94,100,0.0,3333.3
20818.38,73.95,100,0.0,3333.3
20818.38,73.84,100,1.2125,3333.3
20818.38,73.94,100,0.0,3333.3
20818.38,74.17,100,0.0,3333.3
20818.38,71.93,100,0.0,3333.3
20818.38,72.03,100,1.1875,3333.3
20818.38,72.49,100,0.0,3333.3
20818.38,72.48,100,0.0,3333.3
20818.38,72.37,100,1.2125,3333.3
20818.38,72.24,100,0.0,3333.3
20818.38,72.24,100,1.2125,3333.3
20818.38,72.09,100,1.2125,3333.3
20818.38,72.09,100,0.0,3333.3
20818.38,72.23,100,0.0,3333.3
20818.38,72.17,100,1.225,3333.3
20818.38,69.32,100,1.15,3333.3
20818.38,69.32,91,1.2375,3333.3
20818.38,69.06,91,0.0,3333.3
20818.38,69.18,100,0.0,3333.3
20818.38,69.26,100,1.2125,3333.3
20818.38,69.33,100,0.0,3333.3
20818.38,69.45,100,0.0,3333.3
20818.38,69.52,100,0.0,3333.3
20818.38,69.34,100,1.2125,3333.3
20818.38,69.23,100,0.0,3333.3
20818.38,69.33,100,0.0,3333.3
20818.38,71.96,100,1.2125,3333.3
20818.38,72.13,100,0.0,3333.3
20818.38,72.13,100,0.0,3333.3
20818.38,72.32,100,0.0,3333.3
20818.38,72.26,100,1.2125,3333.3
20818.38,72.2,100,0.0,3333.3
20818.38,72.06,100,2.4375,3333.3
20818.38,73.22,100,0.0,3333.3
20818.38,73.05,88,1.2125,3333.3
20818.38,72.44,88,0.0,3333.3
20818.38,72.36,100,0.0,3333.3
20818.38,72.72,100,1.2125,3333.3
20818.38,73.06,100,0.0,3333.3
20818.38,73.22,100,0.0,3333.3
20818.38,73.24,100,1.2125,3333.3
20818.38,73.08,100,1.2125,3333.3
20818.38,72.91,100,0.0,3333.3
20818.38,71.52,100,1.2125,3333.3
20818.38,71.52,100,0.0,3333.3
20818.38,72.2,100,0.0,3333.3
20818.38,72.28,100,0.0,3333.3
20818.38,72.24,100,1.2125,3333.3
20818.38,72.18,100,0.0,3333.3
20818.38,72.21,100,0.0,3333.3
20818.38,71.99,100,1.225,3333.3
20818.38,72.01,100,0.0,3333.3
20818.38,72.09,100,0.0,3333.3
20818.38,72.12,100,1.2125,3333.3
20818.38,72.17,100,1.2125,3333.3
20818.38,73.45,89,1.2125,3333.3
20818.38,73.13,89,0.0,3333.3
20818.38,72.82,100,0.0,3333.3
20818.38,72.84,100,1.2125,3333.3
20818.38,72.89,100,0.0,3333.3
20818.38,72.98,100,0.0,3333.3
20818.38,72.98,100,0.0,3333.3
20818.38,72.98,100,1.2125,3333.3
20818.38,72.98,100,0.0,3333.3
20818.38,73.06,100,0.0,3333.3
20818.38,73.11,100,1.2125,3333.3
20818.38,71.82,100,0.0,3333.3
20818.38,72.11,100,0.0,3333.3
20818.38,72.46,100,0.0,3333.3
20818.38,72.43,100,2.425,3333.3
20818.38,72.45,100,0.0,3333.3
20818.38,72.23,100,0.0,3333.3
20818.38,72.1,100,0.0,3333.3
20818.38,72.22,100,1.2125,3333.3
20818.38,72.13,100,0.0,3333.3
20818.38,72.06,100,2.3625,3333.3
20818.38,73.97,91,0.0,3333.3
20818.38,73.78,91,0.0,3333.3
20818.38,73.91,100,1.2125,3333.3
20818.38,74.04,100,0.0,3333.3
20818.38,74.02,100,0.0,3333.3
20818.38,74.04,100,1.2125,3333.3
20818.38,74.09,100,0.0,3333.3
20818.38,74.09,100,0.0,3333.3
20818.38,73.99,100,1.2125,3333.3
20818.38,73.99,100,0.0,3333.3
20818.38,74.06,100,0.0,3333.3
20818.38,74.07,100,1.2125,3333.3
20818.38,72.26,100,0.0,3333.3
20818.38,72.71,100,0.0,3333.3
20818.38,72.58,100,0.0,3333.3
20818.38,72.41,100,1.225,3333.3
20818.38,72.34,100,1.225,3333.3
20818.38,72.27,100,0.0,3333.3
20818.38,72.23,100,0.0,3333.3
20818.38,72.24,100,2.4375,3333.3
20818.38,72.77,92,0.0,3333.3
20818.38,71.98,100,0.0,3333.3
20818.38,72.07,100,0.0,3333.3
20818.38,72.24,100,1.225,3333.3
20818.38,72.23,100,0.0,3333.3
20818.38,72.23,100,0.0,3333.3
20818.38,72.1,100,0.0,3333.3
20818.38,72.13,100,1.225,3333.3
20818.38,72.09,100,0.0,3333.3
20818.38,72.16,100,0.0,3333.3
20818.38,72.12,100,0.0,3333.3
20818.38,71.4,100,1.2125,3333.3
20818.38,72.17,100,0.0,3333.3
20818.38,72.26,100,0.0,3333.3
20818.38,72.22,100,0.0,3333.3
20818.38,72.13,100,1.2125,3333.3
20818.38,71.95,100,0.0,3333.3
20818.38,71.83,100,0.0,3333.3
20818.38,71.86,100,0.0,3333.3
20818.38,71.78,100,2.4375,3333.3
20818.38,73.05,100,0.0,3333.3
20818.38,72.78,100,1.2125,3333.3
20818.38,72.55,88,0.0,3333.3
20818.38,72.55,88,0.0,3333.3
20818.38,72.63,100,2.4375,3333.3
20818.38,72.62,100,0.0,3333.3
20818.38,72.74,100,0.0,3333.3
20818.38,72.86,100,0.0,3333.3
20818.38,72.98,100,1.225,3333.3
20818.38,73.01,100,0.0,3333.3
20818.38,73.03,100,0.0,3333.3
20818.38,71.75,100,1.2125,3333.3
20818.38,72.04,100,0.0,3333.3
20818.38,72.36,100,0.0,3333.3
20818.38,72.43,100,1.2125,3333.3
20818.38,72.38,100,0.0,3333.3
20818.38,72.1,100,0.0,3333.3
20818.38,72.1,100,0.0,3333.3
20818.38,72.0,100,1.2125,3333.3
20818.38,72.02,100,0.0,3333.3
20818.38,71.96,100,0.0,3333.3
20818.38,71.88,100,2.4375,3333.3
20818.38,73.37,100,0.0,3333.3
20818.38,72.73,91,1.2125,3333.3
20818.38,72.89,91,0.0,3333.3
20818.38,72.89,100,0.0,3333.3
20818.38,72.97,100,1.2125,3333.3
20818.38,73.1,100,0.0,3333.3
20818.38,73.18,100,0.0,3333.3
20818.38,73.27,100,1.2125,3333.3
20818.38,73.2,100,0.0,3333.3
20818.38,73.16,100,0.0,3333.3
20818.38,71.68,100,1.2125,3333.3
20818.38,72.47,100,1.2125,3333.3
20818.38,72.5,100,0.0,3333.3
20818.38,72.45,100,0.0,3333.3
20818.38,72.34,100,1.2125,3333.3
20818.38,72.27,100,0.0,3333.3
20818.38,72.14,100,0.0,3333.3
20818.38,72.14,100,1.2125,3333.3
20818.38,72.26,100,0.0,3333.3
20818.38,72.26,100,2.4125,3333.3
20818.38,72.12,86,0.0,3333.3
20818.38,72.85,86,0.0,3333.3
20818.38,72.75,100,1.2125,3333.3
20818.38,72.29,100,0.0,3333.3
20818.38,72.31,100,1.2,3333.3
20818.38,72.46,100,0.0,3333.3
20818.38,72.58,100,0.0,3333.3
20818.38,72.6,100,0.0,3333.3
20818.38,72.49,100,1.175,3333.3
20818.38,72.43,100,0.0,3333.3
20818.38,72.46,100,1.2125,3333.3
20818.38,71.71,100,1.2125,3333.3
20818.38,71.74,100,0.0,3333.3
20818.38,72.25,100,0.0,3333.3
20818.38,72.25,100,1.2125,3333.3
20818.38,72.27,100,0.0,3333.3
20818.38,72.12,100,0.0,3333.3
20818.38,71.67,100,0.0,3333.3
20818.38,71.72,100,1.2125,3333.3
20818.38,71.73,100,0.0,3333.3
20818.38,71.73,100,0.0,3333.3
20818.38,71.75,100,2.475,3333.3
20818.38,71.75,100,0.0,3333.3
20818.38,72.48,100,1.1875,3333.3
20818.38,72.06,88,0.0,3333.3
20818.38,72.06,88,0.0,3333.3
20818.38,72.02,100,1.2125,3333.3
20818.38,72.09,100,0.0,3333.3
20818.38,72.37,100,0.0,3333.3
20818.38,72.5,100,1.2125,3333.3
20818.38,72.51,100,0.0,3333.3
20818.38,72.65,100,0.0,3333.3
20818.38,72.72,100,0.0,3333.3
20818.38,72.1,100,2.425,3333.3
20818.38,71.86,100,0.0,3333.3
20818.38,72.25,100,0.0,3333.3
20818.38,72.25,100,1.2125,3333.3
20818.38,72.18,100,0.0,3333.3
20818.38,71.96,100,0.0,3333.3
20818.38,72.0,100,0.0,3333.3
20818.38,72.0,100,1.2125,3333.3
20818.38,71.96,100,0.0,3333.3
20818.38,71.9,100,0.0,3333.3
20818.38,71.84,100,2.4125,3333.3
20818.38,73.82,100,0.0,3333.3
20818.38,73.1,92,1.2125,3333.3
20818.38,73.09,92,0.0,3333.3
20818.38,73.1,100,0.0,3333.3
20818.38,73.2,100,0.0,3333.3
20818.38,73.29,100,1.2125,3333.3
20818.38,73.32,100,0.0,3333.3
20818.38,73.33,100,0.0,3333.3
20818.38,73.33,100,1.2125,3333.3
20818.38,73.38,100,0.0,3333.3
20818.38,71.37,100,0.0,3333.3
20818.38,72.16,100,1.225,3333.3
20818.38,72.22,100,0.0,3333.3
20818.38,72.09,100,0.0,3333.3
20818.38,71.9,100,0.0,3333.3
20818.38,71.79,100,1.2125,3333.3
20818.38,71.78,100,0.0,3333.3
20818.38,71.78,100,0.0,3333.3
20818.38,71.82,100,2.4375,3333.3
20818.38,71.85,100,0.0,3333.3
20818.38,72.06,100,1.2125,3333.3
20818.38,71.72,89,1.2125,3333.3
20818.38,72.09,89,0.0,3333.3
20818.38,72.41,100,0.0,3333.3
20818.38,72.44,100,1.2125,3333.3
20818.38,72.36,100,0.0,3333.3
20818.38,72.43,100,0.0,3333.3
20818.38,72.37,100,1.2125,3333.3
20818.38,72.51,100,0.0,3333.3
20818.38,72.39,100,0.0,3333.3
20818.38,72.03,100,1.2,3333.3
20818.38,72.46,100,0.0,3333.3
20818.38,72.44,100,2.425,3333.3
20818.38,69.1,100,0.0,3333.3
20818.38,68.18,88,0.0,3333.3
20818.38,68.05,100,1.2,3333.3
20818.38,68.35,100,0.0,3333.3
20818.38,68.66,100,1.2,3333.3
20818.38,68.46,100,0.0,3333.3
20818.38,68.48,100,1.2,3333.3
20818.38,68.66,100,0.0,3333.3
20818.38,68.59,100,1.2125,3333.3
20818.38,68.39,100,0.0,3333.3
20818.38,71.33,100,0.0,3333.3
20818.38,72.04,100,1.1625,3333.3
20818.38,72.25,100,0.0,3333.3
20818.38,72.1,100,0.0,3333.3
20818.38,72.1,100,1.2125,3333.3
20818.38,71.82,100,1.2125,3333.3
20818.38,71.79,100,0.0,3333.3
20818.38,72.0,100,0.0,3333.3
20818.38,71.96,100,1.2125,3333.3
20818.38,72.03,100,1.2125,3333.3
20818.38,71.71,97,0.0,3333.3
20818.38,71.55,97,1.2125,3333.3
20818.38,71.71,100,0.0,3333.3
20818.38,71.72,100,0.0,3333.3
20818.38,71.59,100,1.2125,3333.3
20818.38,71.64,100,0.0,3333.3
20818.38,71.65,100,0.0,3333.3
20818.38,71.64,100,1.2,3333.3
20818.38,71.62,100,0.0,3333.3
20818.38,71.75,100,0.0,3333.3
20818.38,72.05,100,1.2125,3333.3
20818.38,72.51,100,0.0,3333.3
20818.38,72.49,100,0.0,3333.3
20818.38,72.49,100,1.25,3333.3
20818.38,72.31,100,0.0,3333.3
20818.38,72.35,100,0.0,3333.3
20818.38,72.36,100,1.25,3333.3
20818.38,72.35,100,0.0,3333.3
20818.38,72.46,100,0.0,3333.3
20818.38,72.41,100,1.25,3333.3
20818.38,73.76,95,0.0,3333.3
20818.38,73.12,100,0.0,3333.3
20818.38,73.3,100,0.0,3333.3
20818.38,73.34,100,1.25,3333.3
20818.38,73.34,100,1.25,3333.3
20818.38,73.3,100,0.0,3333.3
20818.38,73.29,100,0.0,3333.3
20818.38,73.22,100,0.0,3333.3
20818.38,73.27,100,0.0,3333.3
20818.38,73.22,100,0.0,3333.3
20818.38,73.14,100,1.25,3333.3
20818.38,71.48,100,0.0,3333.3
20818.38,72.21,100,0.0,3333.3
20818.38,72.13,100,0.0,3333.3
20818.38,72.01,100,0.0,3333.3
20818.38,72.01,100,0.0,3333.3
20818.38,72.14,100,1.25,3333.3
20818.38,72.12,100,0.0,3333.3
20818.38,72.2,100,0.0,3333.3
20818.38,72.13,100,1.25,3333.3
20818.38,71.11,96,0.0,3333.3
20818.38,70.52,100,0.0,3333.3
20818.38,70.76,100,0.0,3333.3
20818.38,70.8,100,1.25,3333.3
20818.38,70.7,100,0.0,3333.3
20818.38,70.69,100,0.0,3333.3
20818.38,70.66,100,0.0,3333.3
20818.38,70.66,100,0.0,3333.3
20818.38,70.62,100,0.0,3333.3
20818.38,70.72,100,1.25,3333.3
20818.38,70.66,100,0.0,3333.3
20818.38,71.42,100,0.0,3333.3
20818.38,72.03,100,0.0,3333.3
20818.38,72.13,100,0.0,3333.3
20818.38,72.02,100,0.0,3333.3
20818.38,71.93,100,1.25,3333.3
20818.38,72.98,100,0.0,3333.3
20818.38,72.42,97,1.25,3333.3
20818.38,72.59,97,0.0,3333.3
20818.38,72.47,97,0.0,3333.3
20818.38,72.58,100,0.0,3333.3
20818.38,72.58,100,0.0,3333.3
20818.38,72.81,100,0.0,3333.3
20818.38,72.95,100,0.0,3333.3
20818.38,73.04,100,1.25,3333.3
20818.38,72.93,100,0.0,3333.3
20818.38,73.02,100,0.0,3333.3
20818.38,72.95,100,0.0,3333.3
20818.38,71.73,100,1.25,3333.3
20818.38,71.94,100,0.0,3333.3
20818.38,71.91,100,0.0,3333.3
20818.38,71.91,100,0.0,3333.3
20818.38,71.86,100,1.2375,3333.3
20818.38,71.87,100,0.0,3333.3
20818.38,71.81,100,0.0,3333.3
20818.38,71.72,99,2.4875,3333.3
20818.38,71.74,99,0.0,3333.3
20818.38,72.8,89,0.0,3333.3
20818.38,72.24,89,1.2375,3333.3
20818.38,72.58,100,0.0,3333.3
20818.38,72.93,100,0.0,3333.3
20818.38,72.95,100,1.2125,3333.3
20818.38,73.05,100,0.0,3333.3
20818.38,73.09,100,0.0,3333.3
20818.38,73.15,100,1.225,3333.3
20818.38,73.13,100,0.0,3333.3
20818.38,73.01,100,0.0,3333.3
20818.38,71.83,100,0.0,3333.3
20818.38,72.29,100,1.2125,3333.3
20818.38,72.29,100,1.2125,3333.3
20818.38,72.24,100,0.0,3333.3
20818.38,72.14,100,0.0,3333.3
20818.38,72.23,100,1.225,3333.3
20818.38,72.17,100,0.0,3333.3
20818.38,72.08,100,0.0,3333.3
20818.38,72.02,100,2.4875,3333.3
20818.38,69.91,100,0.0,3333.3
20818.38,69.37,91,1.2125,3333.3
20818.38,69.29,91,0.0,3333.3
20818.38,69.6,100,0.0,3333.3
20818.38,69.63,100,1.2125,3333.3
20818.38,69.62,100,0.0,3333.3
20818.38,69.62,100,0.0,3333.3
20818.38,69.57,100,1.2125,3333.3
20818.38,69.5,100,0.0,3333.3
20818.38,69.53,100,0.0,3333.3
20818.38,71.53,100,0.0,3333.3
20818.38,71.53,100,0.0,3333.3
20818.38,72.28,100,1.2125,3333.3
20818.38,70.57,100,1.2125,3333.3
20818.38,70.22,100,1.2125,3333.3
20818.38,69.49,91,0.0,3333.3
20818.38,69.56,99,0.0,3333.3
20818.38,69.83,99,0.0,3333.3
20818.38,69.83,99,1.225,3333.3
20818.38,69.97,100,0.0,3333.3
20818.38,70.04,100,0.0,3333.3
20818.38,69.99,100,0.0,3333.3
20818.38,70.03,100,1.225,3333.3
20818.38,70.05,100,0.0,3333.3
20818.38,70.17,100,0.0,3333.3
20818.38,71.64,100,0.0,3333.3
20818.38,72.3,100,1.2,3333.3
20818.38,72.33,100,0.0,3333.3
20818.38,72.11,100,0.0,3333.3
20818.38,71.97,100,2.425,3333.3
20818.38,71.95,100,0.0,3333.3
20818.38,71.9,100,0.0,3333.3
20818.38,71.99,100,1.2125,3333.3
20818.38,71.99,100,0.0,3333.3
20818.38,71.84,100,0.0,3333.3
20818.38,71.86,100,2.425,3333.3
20818.38,71.45,92,0.0,3333.3
20818.38,71.45,92,0.0,3333.3
20818.38,71.44,100,1.2125,3333.3
20818.38,71.44,100,0.0,3333.3
20818.38,71.44,100,0.0,3333.3
20818.38,71.49,100,1.2125,3333.3
20818.38,71.62,100,0.0,3333.3
20818.38,71.6,100,0.0,3333.3
20818.38,71.55,100,1.2125,3333.3
20818.38,71.66,100,0.0,3333.3
20818.38,71.57,100,0.0,3333.3
20818.38,72.22,100,0.0,3333.3
20818.38,71.96,100,1.2125,3333.3
20818.38,71.96,100,0.0,3333.3
20818.38,71.89,100,0.0,3333.3
20818.38,71.91,100,1.2125,3333.3
20818.38,71.88,100,0.0,3333.3
20818.38,71.9,100,0.0,3333.3
20818.38,71.89,100,2.425,3333.3
20818.38,71.91,100,1.2125,3333.3
20818.38,73.61,91,1.2125,3333.3
20818.38,73.09,91,0.0,3333.3
20818.38,73.26,100,0.0,3333.3
20818.38,73.56,100,1.2125,3333.3
20818.38,73.55,100,0.0,3333.3
20818.38,73.68,100,0.0,3333.3
20818.38,73.64,100,0.0,3333.3
20818.38,73.58,100,1.2125,3333.3
20818.38,73.48,100,0.0,3333.3
20818.38,73.35,100,0.0,3333.3
20818.38,71.45,100,1.2125,3333.3
20818.38,72.22,100,0.0,3333.3
20818.38,72.12,100,0.0,3333.3
20818.38,71.84,100,1.2125,3333.3
20818.38,71.9,100,0.0,3333.3
20818.38,71.88,100,0.0,3333.3
20818.38,71.84,100,1.2125,3333.3
20818.38,71.88,100,0.0,3333.3
20818.38,71.88,100,2.4125,3333.3
20818.38,71.53,100,1.2125,3333.3
20818.38,71.5,100,0.0,3333.3
20818.38,71.69,92,0.0,3333.3
20818.38,71.9,92,1.2125,3333.3
20818.38,71.9,100,0.0,3333.3
20818.38,71.91,100,0.0,3333.3
20818.38,71.92,100,0.0,3333.3
20818.38,71.95,100,1.2125,3333.3
20818.38,72.02,100,0.0,3333.3
20818.38,71.94,100,0.0,3333.3
20818.38,72.03,100,1.225,3333.3
20818.38,72.0,100,0.0,3333.3
20818.38,72.59,100,0.0,3333.3
20818.38,72.44,100,0.0,3333.3
20818.38,72.31,100,0.0,3333.3
20818.38,72.31,100,1.2375,3333.3
20818.38,72.37,100,0.0,3333.3
20818.38,72.38,100,0.0,3333.3
20818.38,72.31,100,1.2375,3333.3
20818.38,72.23,100,1.2375,3333.3
20818.38,73.9,100,1.2375,3333.3
20818.38,73.9,92,0.0,3333.3
20818.38,73.55,92,0.0,3333.3
20818.38,73.62,100,1.2375,3333.3
20818.38,73.76,100,0.0,3333.3
20818.38,73.64,100,0.0,3333.3
20818.38,73.64,100,1.25,3333.3
20818.38,73.59,100,0.0,3333.3
20818.38,73.52,100,0.0,3333.3
20818.38,73.45,100,1.25,3333.3
20818.38,73.47,100,0.0,3333.3
20818.38,73.73,100,0.0,3333.3
20818.38,71.98,100,0.0,3333.3
20818.38,72.33,100,1.25,3333.3
20818.38,72.32,100,0.0,3333.3
20818.38,72.12,100,1.2375,3333.3
20818.38,72.16,100,0.0,3333.3
20818.38,72.12,100,1.25,3333.3
20818.38,72.12,100,0.0,3333.3
20818.38,72.09,100,0.0,3333.3
20818.38,72.15,100,1.2375,3333.3
20818.38,72.13,100,1.25,3333.3
20818.38,71.98,100,1.2375,3333.3
20818.38,73.37,89,0.0,3333.3
20818.38,73.08,89,0.0,3333.3
20818.38,72.33,100,1.2375,3333.3
20818.38,72.47,100,0.0,3333.3
20818.38,72.63,100,0.0,3333.3
20818.38,72.65,100,0.0,3333.3
20818.38,72.68,100,1.2375,3333.3
20818.38,72.64,100,0.0,3333.3
20818.38,72.64,100,0.0,3333.3
20818.38,72.65,100,0.0,3333.3
20818.38,72.71,100,1.2375,3333.3
20818.38,71.54,100,0.0,3333.3
20818.38,72.24,100,0.0,3333.3
20818.38,72.36,100,1.2375,3333.3
20818.38,72.14,100,0.0,3333.3
20818.38,71.98,100,0.0,3333.3
20818.38,72.01,100,0.0,3333.3
20818.38,72.06,100,1.2125,3333.3
20818.38,72.12,100,0.0,3333.3
20818.38,72.05,100,0.0,3333.3
20818.38,71.98,100,2.425,3333.3
20818.38,71.99,100,1.1625,3333.3
20818.38,72.05,90,1.2375,3333.3
20818.38,72.01,100,0.0,3333.3
20818.38,72.03,100,0.0,3333.3
20818.38,72.18,100,0.0,3333.3
20818.38,72.25,100,1.2125,3333.3
20818.38,72.3,100,0.0,3333.3
20818.38,72.26,100,0.0,3333.3
20818.38,72.3,100,1.2125,3333.3
20818.38,72.24,100,0.0,3333.3
20818.38,72.3,100,0.0,3333.3
20818.38,72.28,100,1.2125,3333.3
20818.38,72.55,100,0.0,3333.3
20818.38,72.34,100,1.2125,3333.3
20818.38,72.34,100,1.2125,3333.3
20818.38,71.69,90,0.0,3333.3
20818.38,71.58,99,0.0,3333.3
20818.38,71.62,99,1.2125,3333.3
20818.38,71.67,99,1.2125,3333.3
20818.38,71.69,100,0.0,3333.3
20818.38,71.69,100,0.0,3333.3
20818.38,71.72,100,1.2125,3333.3
20818.38,71.79,100,0.0,3333.3
20818.38,71.89,100,0.0,3333.3
20818.38,71.82,100,0.0,3333.3
20818.38,71.82,100,1.2125,3333.3
20818.38,71.44,100,0.0,3333.3
20818.38,72.1,100,0.0,3333.3
20818.38,72.1,100,1.2125,3333.3
20818.38,72.0,100,0.0,3333.3
20818.38,72.05,100,0.0,3333.3
20818.38,72.07,100,1.1875,3333.3
20818.38,72.09,100,0.0,3333.3
20818.38,72.21,100,0.0,3333.3
20818.38,72.02,100,1.2125,3333.3
20818.38,71.94,100,1.2125,3333.3
20818.38,72.61,91,1.2125,3333.3
20818.38,72.27,91,0.0,3333.3
20818.38,72.07,100,0.0,3333.3
20818.38,72.26,100,1.2125,3333.3
20818.38,72.35,100,0.0,3333.3
20818.38,72.36,100,0.0,3333.3
20818.38,72.45,100,1.2125,3333.3
20818.38,72.67,100,0.0,3333.3
20818.38,72.59,98,0.0,3333.3
20818.38,72.78,100,1.2125,3333.3
20818.38,72.76,100,0.0,3333.3
20818.38,72.08,100,0.0,3333.3
20818.38,72.32,100,1.2125,3333.3
20818.38,72.59,100,1.2125,3333.3
20818.38,72.41,100,0.0,3333.3
20818.38,72.27,100,0.0,3333.3
20818.38,72.26,100,1.2125,3333.3
20818.38,72.05,100,0.0,3333.3
20818.38,72.14,100,0.0,3333.3
20818.38,71.96,100,0.0,3333.3
20818.38,71.9,100,2.4375,3333.3
20818.38,73.87,92,0.0,3333.3
20818.38,73.26,92,0.0,3333.3
20818.38,73.36,100,1.2125,3333.3
20818.38,73.55,100,0.0,3333.3
20818.38,73.57,100,0.0,3333.3
20818.38,73.57,100,0.0,3333.3
20818.38,73.64,100,1.2125,3333.3
20818.38,73.66,100,0.0,3333.3
20818.38,73.59,100,0.0,3333.3
20818.38,73.64,100,1.2125,3333.3
20818.38,73.69,100,0.0,3333.3
20818.38,72.54,100,0.0,3333.3
20818.38,72.54,100,2.425,3333.3
20818.38,72.54,98,0.0,3333.3
20818.38,72.42,99,0.0,3333.3
20818.38,72.47,99,0.0,3333.3
20818.38,72.41,100,1.1875,3333.3
20818.38,72.38,100,0.0,3333.3
20818.38,72.38,100,0.0,3333.3
20818.38,72.28,100,2.425,3333.3
20818.38,72.15,100,0.0,3333.3
20818.38,71.66,100,1.2125,3333.3
20818.38,71.66,91,0.0,3333.3
20818.38,71.85,91,0.0,3333.3
20818.38,71.72,100,0.0,3333.3
20818.38,71.81,100,1.2125,3333.3
20818.38,71.85,100,0.0,3333.3
20818.38,71.8,100,0.0,3333.3
20818.38,71.83,100,0.0,3333.3
20818.38,71.73,100,1.2125,3333.3
20818.38,71.71,100,0.0,3333.3
20818.38,71.65,100,1.2125,3333.3
20818.38,72.24,100,0.0,3333.3
20818.38,72.27,100,0.0,3333.3
20818.38,72.28,100,1.2125,3333.3
20818.38,72.26,100,0.0,3333.3
20818.38,72.22,100,0.0,3333.3
20818.38,72.2,100,1.2125,3333.3
20818.38,72.03,100,0.0,3333.3
20818.38,72.07,100,1.2125,3333.3
20818.38,73.12,100,2.4375,3333.3
20818.38,72.77,90,0.0,3333.3
20818.38,72.98,90,0.0,3333.3
20818.38,73.19,100,1.2125,3333.3
20818.38,73.06,100,0.0,3333.3
20818.38,72.99,100,0.0,3333.3
20818.38,72.87,100,0.0,3333.3
20818.38,72.88,100,1.225,3333.3
20818.38,72.77,100,0.0,3333.3
20818.38,72.81,100,0.0,3333.3
20818.38,72.74,100,1.2125,3333.3
20818.38,71.59,100,0.0,3333.3
20818.38,72.33,100,0.0,3333.3
20818.38,72.16,100,1.2125,3333.3
20818.38,70.19,94,1.2125,3333.3
20818.38,69.51,94,1.2125,3333.3
20818.38,69.42,94,0.0,3333.3
20818.38,69.6,98,1.2125,3333.3
20818.38,69.7,98,0.0,3333.3
20818.38,69.7,100,0.0,3333.3
20818.38,69.65,100,0.0,3333.3
20818.38,69.98,100,1.2125,3333.3
20818.38,69.98,100,0.0,3333.3
20818.38,70.02,100,0.0,3333.3
20818.38,69.71,100,1.225,3333.3
20818.38,69.67,100,0.0,3333.3
20818.38,71.42,100,0.0,3333.3
20818.38,72.17,99,1.2125,3333.3
20818.38,72.35,100,0.0,3333.3
20818.38,72.07,100,0.0,3333.3
20818.38,72.14,100,1.2125,3333.3
20818.38,72.33,100,2.3125,3333.3
20818.38,70.54,94,1.2125,3333.3
20818.38,70.34,94,0.0,3333.3
20818.38,70.45,93,0.0,3333.3
20818.38,70.09,93,1.2125,3333.3
20818.38,70.43,100,0.0,3333.3
20818.38,70.54,100,0.0,3333.3
20818.38,70.5,100,1.2125,3333.3
20818.38,70.48,100,0.0,3333.3
20818.38,70.58,100,0.0,3333.3
20818.38,70.5,100,1.2125,3333.3
20818.38,70.51,100,0.0,3333.3
20818.38,72.17,100,0.0,3333.3
20818.38,72.08,100,1.2125,3333.3
20818.38,71.93,100,0.0,3333.3
20818.38,72.28,100,0.0,3333.3
20818.38,72.25,100,0.0,3333.3
20818.38,72.04,100,1.2125,3333.3
20818.38,71.95,100,0.0,3333.3
20818.38,71.97,100,0.0,3333.3
20818.38,72.12,100,1.2125,3333.3
20818.38,71.0,100,0.0,3333.3
20818.38,71.08,94,0.0,3333.3
20818.38,68.39,94,2.425,3333.3
20818.38,67.77,91,0.0,3333.3
20818.38,67.64,91,1.2125,3333.3
20818.38,67.69,100,0.0,3333.3
20818.38,67.84,100,0.0,3333.3
20818.38,67.87,100,1.2125,3333.3
20818.38,67.96,100,1.2125,3333.3
20818.38,67.86,100,0.0,3333.3
20818.38,67.8,100,0.0,3333.3
20818.38,68.67,100,1.225,3333.3
20818.38,68.64,100,0.0,3333.3
20818.38,71.3,100,0.0,3333.3
20818.38,71.98,100,1.2125,3333.3
20818.38,72.18,100,0.0,3333.3
20818.38,72.07,100,0.0,3333.3
20818.38,72.07,100,0.0,3333.3
20818.38,72.03,100,1.225,3333.3
20818.38,71.99,100,0.0,3333.3
20818.38,71.97,100,0.0,3333.3
20818.38,71.96,100,0.0,3333.3
20818.38,71.95,100,2.425,3333.3
20818.38,73.56,89,0.0,3333.3
20818.38,73.51,89,1.2125,3333.3
20818.38,73.0,100,0.0,3333.3
20818.38,73.16,100,1.2125,3333.3
20818.38,73.16,100,1.2125,3333.3
20818.38,73.37,100,0.0,3333.3
20818.38,73.34,98,0.0,3333.3
20818.38,73.34,98,1.225,3333.3
20818.38,73.42,100,0.0,3333.3
20818.38,73.34,100,0.0,3333.3
20818.38,73.41,100,0.0,3333.3
20818.38,71.64,100,1.225,3333.3
20818.38,71.64,100,0.0,3333.3
20818.38,72.28,100,0.0,3333.3
20818.38,72.32,100,0.0,3333.3
20818.38,72.25,100,0.0,3333.3
20818.38,72.0,100,1.2375,3333.3
20818.38,71.91,100,0.0,3333.3
20818.38,71.83,100,0.0,3333.3
20818.38,71.87,100,1.2125,3333.3
20818.38,71.76,100,0.0,3333.3
20818.38,71.83,100,2.425,3333.3
20818.38,73.04,100,0.0,3333.3
20818.38,72.75,89,0.0,3333.3
20818.38,72.74,89,1.2125,3333.3
20818.38,72.84,100,0.0,3333.3
20818.38,72.83,100,1.1875,3333.3
20818.38,72.86,100,0.0,3333.3
20818.38,72.96,100,0.0,3333.3
20818.38,72.96,100,1.2125,3333.3
20818.38,72.91,100,0.0,3333.3
20818.38,73.09,100,0.0,3333.3
20818.38,73.52,100,1.2125,3333.3
20818.38,72.41,95,0.0,3333.3
20818.38,72.91,95,0.0,3333.3
20818.38,72.91,100,1.2125,3333.3
20818.38,72.72,100,0.0,3333.3
20818.38,72.77,100,0.0,3333.3
20818.38,72.74,100,0.0,3333.3
20818.38,72.65,100,1.2125,3333.3
20818.38,72.66,100,0.0,3333.3
20818.38,72.66,100,2.4125,3333.3
20818.38,72.56,100,0.0,3333.3
20818.38,71.55,89,2.4375,3333.3
20818.38,71.62,89,0.0,3333.3
20818.38,71.61,100,0.0,3333.3
20818.38,71.69,100,0.0,3333.3
20818.38,71.75,100,1.2125,3333.3
20818.38,71.75,100,0.0,3333.3
20818.38,71.7,100,0.0,3333.3
20818.38,71.7,100,1.2125,3333.3
20818.38,71.72,100,0.0,3333.3
20818.38,71.55,100,0.0,3333.3
20818.38,72.25,100,1.225,3333.3
20818.38,72.44,100,0.0,3333.3
20818.38,72.44,100,0.0,3333.3
20818.38,72.23,100,0.0,3333.3
20818.38,72.11,100,1.2,3333.3
20818.38,71.66,99,0.0,3333.3
20818.38,71.68,99,0.0,3333.3
20818.38,71.09,98,2.25,3333.3
20818.38,71.01,98,0.0,3333.3
20818.38,70.75,92,1.25,3333.3
20818.38,71.19,92,0.0,3333.3
20818.38,71.45,100,0.0,3333.3
20818.38,71.53,100,1.2125,3333.3
20818.38,71.52,100,0.0,3333.3
20818.38,71.41,100,1.225,3333.3
20818.38,71.38,100,0.0,3333.3
20818.38,71.64,100,0.0,3333.3
20818.38,71.61,100,0.0,3333.3
20818.38,72.1,100,1.225,3333.3
20818.38,72.43,100,0.0,3333.3
20818.38,72.41,100,0.0,3333.3
20818.38,72.41,100,0.0,3333.3
20818.38,72.37,100,1.2125,3333.3
20818.38,72.19,100,0.0,3333.3
20818.38,72.08,100,0.0,3333.3
20818.38,72.12,100,1.2125,3333.3
20818.38,72.09,100,0.0,3333.3
20818.38,72.11,100,2.425,3333.43
20818.38,69.68,100,0.0,3333.43
20818.38,69.09,92,0.0,3333.43
20818.38,69.17,92,0.0,3333.43
20818.38,69.38,100,1.2125,3333.43
20818.38,69.5,100,1.225,3333.43
20818.38,69.45,100,0.0,3333.43
20818.38,69.45,100,0.0,3333.43
20818.38,69.38,100,0.0,3333.43
20818.38,69.25,100,0.0,3333.43
20818.38,69.22,100,1.225,3333.43
20818.38,71.57,100,0.0,3333.43
20818.38,72.19,100,0.0,3333.43
20818.38,72.28,100,1.2125,3333.43
20818.38,72.32,100,0.0,3333.43
20818.38,72.06,100,0.0,3333.43
20818.38,72.06,100,1.2125,3333.43
20818.38,71.83,100,0.0,3333.43
20818.38,71.74,100,0.0,3333.43
20818.38,71.74,100,0.0,3333.43
20818.38,71.72,100,2.4375,3333.43
20818.38,72.84,92,0.0,3333.43
20818.38,72.3,92,1.2125,3333.43
20818.38,72.3,100,0.0,3333.43
20818.38,72.73,100,0.0,3333.43
20818.38,72.7,100,0.0,3333.43
20818.38,72.75,100,1.2125,3333.43
20818.38,72.78,100,0.0,3333.43
20818.38,72.82,100,0.0,3333.43
20818.38,72.8,100,1.2125,3333.43
20818.38,72.96,100,0.0,3333.43
20818.38,72.91,100,0.0,3333.43
20818.38,71.84,100,0.0,3333.43
20818.38,72.37,100,1.225,3333.43
20818.38,72.52,100,1.2125,3333.43
20818.38,72.38,100,0.0,3333.43
20818.38,72.29,100,0.0,3333.43
20818.38,72.22,100,1.2125,3333.43
20818.38,71.56,92,1.2125,3333.43
20818.38,70.85,92,1.2125,3333.43
20818.38,70.64,100,0.0,3333.43
20818.38,70.82,100,0.0,3333.43
20818.38,71.0,100,1.2125,3333.43
20818.38,71.27,100,0.0,3333.43
20818.38,71.05,100,0.0,3333.43
20818.38,70.97,100,0.0,3333.43
20818.38,70.86,100,1.2125,3333.43
20818.38,70.86,100,0.0,3333.43
20818.38,70.76,100,0.0,3333.43
20818.38,71.26,100,1.2125,3333.43
20818.38,71.26,100,0.0,3333.43
20818.38,71.94,100,0.0,3333.43
20818.38,71.98,100,0.0,3333.43
20818.38,72.02,100,1.2125,3333.43
20818.38,72.0,100,1.2125,3333.43
20818.38,72.23,100,1.2125,3333.43
20818.38,71.83,93,0.0,3333.43
20818.38,72.02,93,0.0,3333.43
20818.38,72.23,100,1.175,3333.43
20818.38,72.16,100,1.2125,3333.43
20818.38,72.26,100,0.0,3333.43
20818.38,72.3,100,0.0,3333.43
20818.38,72.41,100,1.2125,3333.43
20818.38,72.39,100,0.0,3333.43
20818.38,72.52,100,0.0,3333.43
20818.38,72.23,100,1.2125,3333.43
20818.38,71.91,100,0.0,3333.43
20818.38,72.36,100,0.0,3333.43
20818.38,72.31,100,1.2125,3333.43
20818.38,72.15,100,0.0,3333.43
20818.38,72.04,100,0.0,3333.43
20818.38,72.1,100,0.0,3333.43
20818.38,72.1,100,1.1875,3333.43
20818.38,72.05,100,0.0,3333.43
20818.38,71.86,100,2.425,3333.43
20818.38,71.18,92,0.0,3333.43
20818.38,71.14,92,0.0,3333.43
20818.38,71.25,100,1.2125,3333.43
20818.38,71.2,100,0.0,3333.43
20818.38,71.21,100,0.0,3333.43
20818.38,71.33,100,1.2125,3333.43
20818.38,71.37,100,0.0,3333.43
20818.38,71.41,100,0.0,3333.43
20818.38,71.35,100,0.0,3333.43
20818.38,71.44,100,1.225,3333.43
20818.38,71.23,100,0.0,3333.43
20818.38,72.04,100,0.0,3333.43
20818.38,72.14,100,0.0,3333.43
20818.38,72.14,100,1.225,3333.43
20818.38,70.32,100,2.425,3333.43
20818.38,70.32,95,0.0,3333.43
20818.38,69.43,96,0.0,3333.43
20818.38,69.43,96,1.2125,3333.43
20818.38,69.64,100,0.0,3333.43
20818.38,69.75,100,0.0,3333.43
20818.38,69.75,100,0.0,3333.43
20818.38,69.79,100,1.2,3333.43
20818.38,69.89,100,0.0,3333.43
20818.38,69.82,100,0.0,3333.43
20818.38,69.92,100,1.2125,3333.43
20818.38,71.38,100,0.0,3333.43
20818.38,71.52,100,0.0,3333.43
20818.38,71.98,100,1.2125,3333.43
20818.38,72.03,100,0.0,3333.43
20818.38,71.8,100,0.0,3333.43
20818.38,71.75,100,1.2125,3333.43
20818.38,71.83,100,1.2125,3333.43
20818.38,71.81,100,0.0,3333.43
20818.38,71.94,100,0.0,3333.43
20818.38,71.75,100,1.2125,3333.43
20818.38,71.76,100,2.4125,3333.43
20818.38,71.74,100,0.0,3333.43
20818.38,71.66,92,0.0,3333.43
20818.38,71.91,92,0.0,3333.43
20818.38,72.07,100,1.2125,3333.43
20818.38,72.14,100,0.0,3333.43
20818.38,72.14,100,0.0,3333.43
20818.38,72.15,100,0.0,3333.43
20818.38,72.32,100,1.2,3333.43
20818.38,72.26,100,0.0,3333.43
20818.38,72.22,100,1.2125,3333.43
20818.38,72.24,100,0.0,3333.43
20818.38,72.24,100,0.0,3333.43
20818.38,72.54,100,0.0,3333.43
20818.38,72.42,100,1.2125,3333.43
20818.38,72.28,100,0.0,3333.43
20818.38,72.22,100,0.0,3333.43
20818.38,72.22,100,1.2375,3333.43
20818.38,72.15,100,0.0,3333.43
20818.38,72.13,100,0.0,3333.43
20818.38,72.04,100,2.4,3333.43
20818.38,74.11,100,0.0,3333.43
20818.38,74.05,90,0.0,3333.43
20818.38,73.42,90,1.2125,3333.43
20818.38,73.46,100,0.0,3333.43
20818.38,73.51,100,1.2125,3333.43
20818.38,73.72,100,1.2125,3333.43
20818.38,73.84,100,0.0,3333.43
20818.38,73.77,100,1.2125,3333.43
20818.38,73.79,100,0.0,3333.43
20818.38,73.7,100,0.0,3333.43
20818.38,73.75,100,0.0,3333.43
20818.38,71.62,100,1.2125,3333.43
20818.38,72.23,100,0.0,3333.43
20818.38,72.28,100,0.0,3333.43
20818.38,72.25,100,1.225,3333.43
20818.38,72.12,100,0.0,3333.43
20818.38,72.12,100,0.0,3333.43
20818.38,72.05,100,1.2125,3333.43
20818.38,72.04,100,0.0,3333.43
20818.38,71.98,100,0.0,3333.43
20818.38,72.08,100,1.2125,3333.43
20818.38,71.99,100,1.2125,3333.43
20818.38,71.98,91,1.2125,3333.43
20818.38,73.33,91,0.0,3333.43
20818.38,72.91,99,0.0,3333.43
20818.38,72.93,99,0.0,3333.43
20818.38,73.14,100,1.2125,3333.43
20818.38,73.11,100,0.0,3333.43
20818.38,73.1,100,0.0,3333.43
20818.38,73.19,100,0.0,3333.43
20818.38,73.11,100,1.225,3333.43
20818.38,73.26,100,0.0,3333.43
20818.38,73.41,100,0.0,3333.43
20818.38,72.1,100,1.2125,3333.43
20818.38,72.1,100,0.0,3333.43
20818.38,72.52,100,0.0,3333.43
20818.38,72.43,100,0.0,3333.43
20818.38,72.17,100,1.2125,3333.43
20818.38,72.19,100,0.0,3333.43
20818.38,72.21,100,0.0,3333.43
20818.38,72.14,100,1.2125,3333.43
20818.38,72.12,100,0.0,3333.43
20818.38,71.92,100,3.4125,3333.43
20818.38,73.36,100,0.0,3333.43
20818.38,72.96,91,0.0,3333.43
20818.38,72.97,100,0.0,3333.43
20818.38,73.16,100,1.225,3333.43
20818.38,73.21,100,0.0,3333.43
20818.38,73.21,100,0.0,3333.43
20818.38,73.21,100,0.0,3333.43
20818.38,73.22,100,1.2125,3333.43
20818.38,73.27,100,0.0,3333.43
20818.38,73.26,100,0.0,3333.43
20818.38,73.31,100,1.2125,3333.43
20818.38,71.8,100,0.0,3333.43
20818.38,72.31,100,0.0,3333.43
20818.38,72.34,100,0.0,3333.43
20818.38,72.13,100,1.2125,3333.43
20818.38,72.02,100,0.0,3333.43
20818.38,71.98,100,0.0,3333.43
20818.38,71.88,100,1.2,3333.43
20818.38,71.83,100,2.475,3333.43
20818.38,71.8,100,0.0,3333.43
20818.38,71.28,91,0.0,3333.43
20818.38,71.56,91,1.2375,3333.43
20818.38,71.99,91,0.0,3333.43
20818.38,72.23,100,0.0,3333.43
20818.38,72.12,100,0.0,3333.43
20818.38,72.12,100,1.2375,3333.43
20818.38,72.1,100,0.0,3333.43
20818.38,72.01,100,0.0,3333.43
20818.38,72.08,100,0.0,3333.43
20818.38,72.04,100,1.25,3333.43
20818.38,71.96,100,0.0,3333.43
20818.38,72.42,100,0.0,3333.43
20818.38,72.39,100,1.2375,3333.43
20818.38,72.26,100,0.0,3333.43
20818.38,72.04,100,0.0,3333.43
20818.38,72.0,100,0.0,3333.43
20818.38,71.99,100,1.2375,3333.43
20818.38,71.99,100,0.0,3333.43
20818.38,72.02,100,1.15,3333.43
20818.38,71.93,91,1.1875,3333.43
20818.38,72.44,91,0.0,3333.43
20818.38,72.17,99,2.4875,3333.43
20818.38,72.07,99,0.0,3333.43
20818.38,72.11,100,0.0,3333.43
20818.38,72.3,100,0.0,3333.43
20818.38,72.37,100,1.25,3333.43
20818.38,72.36,100,0.0,3333.43
20818.38,72.22,100,0.0,3333.43
20818.38,72.22,100,1.25,3333.43
20818.38,72.32,100,0.0,3333.43
20818.38,72.32,100,0.0,3333.43
20818.38,71.77,100,1.2375,3333.43
20818.38,72.06,100,0.0,3333.43
20818.38,72.3,100,0.0,3333.43
20818.38,72.32,100,0.0,3333.43
20818.38,72.13,100,1.25,3333.43
20818.38,72.2,100,0.0,3333.43
20818.38,72.11,100,0.0,3333.43
20818.38,72.18,100,1.25,3333.43
20818.38,72.18,100,0.0,3333.43
20818.38,72.06,100,1.1875,3333.43
20818.38,73.35,100,1.175,3333.43
20818.38,72.88,92,0.0,3333.43
20818.38,72.95,92,1.25,3333.43
20818.38,72.95,100,0.0,3333.43
20818.38,73.01,100,0.0,3333.43
20818.38,73.09,100,1.2375,3333.43
20818.38,73.05,100,0.0,3333.43
20818.38,73.03,100,0.0,3333.43
20818.38,73.06,100,0.0,3333.43
20818.38,73.01,100,1.225,3333.43
20818.38,73.06,100,0.0,3333.43
20818.38,73.1,100,0.0,3333.43
20818.38,71.74,100,1.2125,3333.43
20818.38,72.28,100,0.0,3333.43
20818.38,71.7,98,2.425,3333.43
20818.38,70.77,98,0.0,3333.43
20818.38,70.71,95,1.2125,3333.43
20818.38,70.89,95,0.0,3333.43
20818.38,70.89,100,0.0,3333.43
20818.38,70.95,100,1.2125,3333.43
20818.38,70.91,100,0.0,3333.43
20818.38,70.91,100,0.0,3333.43
20818.38,70.92,100,1.2125,3333.43
20818.38,71.11,100,1.2125,3333.43
20818.38,71.19,100,0.0,3333.43
20818.38,71.08,100,0.0,3333.43
20818.38,72.0,100,1.2125,3333.43
20818.38,72.05,100,0.0,3333.43
20818.38,71.95,100,0.0,3333.43
20818.38,71.96,100,1.2125,3333.43
20818.38,71.96,100,0.0,3333.43
20818.38,72.05,100,0.0,3333.43
20818.38,72.1,100,0.0,3333.43
20818.38,72.13,100,2.4125,3333.43
20818.38,72.09,100,1.175,3333.43
20818.38,73.07,100,0.0,3333.43
20818.38,72.72,89,0.0,3333.43
20818.38,72.86,89,1.2125,3333.43
20818.38,73.06,100,1.2125,3333.43
20818.38,73.05,100,0.0,3333.43
20818.38,73.08,100,0.0,3333.43
20818.38,73.03,100,1.2125,3333.43
20818.38,73.08,100,0.0,3333.43
20818.38,73.11,100,0.0,3333.43
20818.38,73.11,100,0.0,3333.43
20818.38,73.07,100,1.2125,3333.43
20818.38,71.94,100,0.0,3333.43
20818.38,72.6,100,0.0,3333.43
20818.38,72.5,100,1.2125,3333.43
20818.38,72.23,100,0.0,3333.43
20818.38,72.19,100,0.0,3333.43
20818.38,72.18,100,0.0,3333.43
20818.38,72.27,100,1.2125,3333.43
20818.38,72.22,100,2.3,3333.43
20818.38,69.18,100,0.0,3333.43
20818.38,68.54,90,0.0,3333.43
20818.38,68.78,90,1.175,3333.43
20818.38,68.91,100,0.0,3333.43
20818.38,69.0,100,0.0,3333.43
20818.38,68.81,100,1.2125,3333.43
20818.38,68.81,100,0.0,3333.43
20818.38,69.1,100,1.2125,3333.43
20818.38,69.08,100,0.0,3333.43
20818.38,68.91,100,1.2125,3333.43
20818.38,68.74,100,0.0,3333.43
20818.38,71.51,100,0.0,3333.43
20818.38,72.15,100,1.2125,3333.43
20818.38,72.14,100,0.0,3333.43
20818.38,71.99,100,0.0,3333.43
20818.38,71.94,100,1.225,3333.43
20818.38,71.9,100,0.0,3333.43
20818.38,71.87,100,0.0,3333.43
20818.38,71.83,100,2.425,3333.43
20818.38,72.7,100,0.0,3333.43
20818.38,72.43,93,0.0,3333.43
20818.38,72.71,93,1.2125,3333.43
20818.38,72.96,100,0.0,3333.43
20818.38,72.93,100,0.0,3333.43
20818.38,72.84,100,1.2125,3333.43
20818.38,72.73,100,0.0,3333.43
20818.38,72.72,100,0.0,3333.43
20818.38,72.68,100,0.0,3333.43
20818.38,72.86,100,1.2125,3333.43
20818.38,71.92,100,0.0,3333.43
20818.38,71.92,100,0.0,3333.43
20818.38,71.85,100,1.2125,3333.43
20818.38,72.24,100,0.0,3333.43
20818.38,72.29,100,0.0,3333.43
20818.38,72.18,100,2.4375,3333.43
20818.38,72.34,100,0.0,3333.43
20818.38,71.93,92,0.0,3333.43
20818.38,72.09,92,1.2125,3333.43
20818.38,72.14,100,1.2125,3333.43
20818.38,71.98,100,0.0,3333.43
20818.38,72.02,100,1.2125,3333.43
20818.38,72.18,100,0.0,3333.43
20818.38,72.27,100,0.0,3333.43
20818.38,72.1,100,1.2125,3333.43
20818.38,72.23,100,0.0,3333.43
20818.38,71.97,100,0.0,3333.43
20818.38,71.69,100,1.1625,3333.43
20818.38,72.06,100,0.0,3333.43
20818.38,72.03,100,0.0,3333.43
20818.38,72.0,100,1.2125,3333.43
20818.38,72.14,100,0.0,3333.43
20818.38,72.14,100,0.0,3333.43
20818.38,72.13,100,1.2125,3333.43
20818.38,72.13,100,0.0,3333.43
20818.38,72.22,100,2.3375,3333.43
20818.38,71.19,100,0.0,3333.43
20818.38,70.59,92,1.2,3333.43
20818.38,70.45,92,0.0,3333.43
20818.38,70.57,100,0.0,3333.43
20818.38,70.57,100,0.0,3333.43
20818.38,70.61,100,1.2125,3333.43
20818.38,70.72,100,0.0,3333.43
20818.38,70.66,100,0.0,3333.43
20818.38,70.59,100,2.4375,3333.43
20818.38,70.7,100,0.0,3333.43
20818.38,71.3,100,0.0,3333.43
20818.38,71.92,100,0.0,3333.43
20818.38,72.16,100,1.2125,3333.43
20818.38,72.05,100,0.0,3333.43
20818.38,72.05,100,0.0,3333.43
20818.38,72.08,100,1.2125,3333.43
20818.38,72.05,100,0.0,3333.43
20818.38,72.02,100,0.0,3333.43
20818.38,72.13,100,0.0,3333.43
20818.38,72.23,92,2.425,3333.43
20818.38,73.61,92,0.0,3333.43
20818.38,73.12,100,1.2125,3333.43
20818.38,73.35,100,0.0,3333.43
20818.38,73.58,100,0.0,3333.43
20818.38,73.62,100,1.2125,3333.43
20818.38,73.55,100,0.0,3333.43
20818.38,73.67,100,0.0,3333.43
20818.38,73.73,100,0.0,3333.43
20818.38,73.58,100,1.2125,3333.43
20818.38,73.58,100,0.0,3333.43
20818.38,73.46,100,1.2125,3333.43
20818.38,71.76,100,0.0,3333.43
20818.38,72.38,100,1.2125,3333.43
20818.38,72.35,100,1.2125,3333.43
20818.38,72.22,100,1.2125,3333.43
20818.38,73.16,91,0.0,3333.43
20818.38,72.61,91,0.0,3333.43
20818.38,72.93,100,1.2,3333.43
20818.38,72.86,100,0.0,3333.43
20818.38,72.83,100,0.0,3333.43
20818.38,72.78,100,0.0,3333.43
20818.38,72.89,100,1.2125,3333.43
20818.38,73.03,100,0.0,3333.43
20818.38,73.03,100,1.2125,3333.43
20818.38,72.81,100,1.2125,3333.43
20818.38,71.59,100,0.0,3333.43
20818.38,72.18,100,0.0,3333.43
20818.38,72.03,100,0.0,3333.43
20818.38,71.82,100,1.2125,3333.43
20818.38,71.77,100,0.0,3333.43
20818.38,70.59,96,1.2125,3333.43
20818.38,70.59,96,1.225,3333.43
20818.38,69.75,96,0.0,3333.43
20818.38,69.78,97,0.0,3333.43
20818.38,69.78,97,1.2125,3333.43
20818.38,69.97,100,0.0,3333.43
20818.38,70.23,100,0.0,3333.43
20818.38,70.24,100,1.2125,3333.43
20818.38,70.18,100,0.0,3333.43
20818.38,70.2,100,0.0,3333.43
20818.38,70.13,100,0.0,3333.43
20818.38,70.28,100,1.225,3333.43
20818.38,71.43,100,0.0,3333.43
20818.38,72.27,100,0.0,3333.43
20818.38,72.34,100,1.2125,3333.43
20818.38,72.35,100,0.0,3333.43
20818.38,72.34,100,0.0,3333.43
20818.38,72.27,100,1.2125,3333.43
20818.38,72.34,100,0.0,3333.43
20818.38,72.34,100,0.0,3333.43
20818.38,72.49,100,2.4125,3333.43
20818.38,74.46,100,1.2125,3333.43
20818.38,74.46,89,0.0,3333.43
20818.38,73.91,89,1.2125,3333.43
20818.38,73.91,89,0.0,3333.43
20818.38,73.96,99,0.0,3333.43
20818.38,74.13,100,1.2125,3333.43
20818.38,74.06,100,0.0,3333.43
20818.38,74.08,100,0.0,3333.43
20818.38,73.99,100,1.2125,3333.43
20818.38,73.9,100,0.0,3333.43
20818.38,73.86,100,0.0,3333.43
20818.38,71.69,100,1.2125,3333.43
20818.38,71.81,100,0.0,3333.43
20818.38,72.28,100,0.0,3333.43
20818.38,72.3,100,0.0,3333.43
20818.38,72.13,100,1.2125,3333.43
20818.38,71.96,100,0.0,3333.43
20818.38,71.96,100,0.0,3333.43
20818.38,71.88,100,1.2125,3333.43
20818.38,71.9,100,0.0,3333.43
20818.38,71.9,100,0.0,3333.43
20818.38,71.83,100,2.425,3333.43
20818.38,69.15,100,0.0,3333.43
20818.38,69.27,90,1.225,3333.43
20818.38,68.64,90,0.0,3333.43
20818.38,68.58,100,0.0,3333.43
20818.38,68.78,100,0.0,3333.43
20818.38,68.97,100,2.4375,3333.43
20818.38,69.06,100,0.0,3333.43
20818.38,69.06,100,0.0,3333.43
20818.38,69.02,100,0.0,3333.43
20818.38,69.19,100,1.2125,3333.43
20818.38,71.88,100,0.0,3333.43
20818.38,71.69,100,0.0,3333.43
20818.38,72.31,100,1.2125,3333.43
20818.38,72.41,100,0.0,3333.43
20818.38,72.34,100,0.0,3333.43
20818.38,72.11,100,0.0,3333.43
20818.38,72.11,100,1.2125,3333.43
20818.38,72.04,100,0.0,3333.43
20818.38,72.12,100,0.0,3333.43
20818.38,72.22,100,1.2125,3333.43
20818.38,72.06,100,0.0,3333.43
20818.38,72.01,100,2.4375,3333.43
20818.38,72.25,93,0.0,3333.43
20818.38,72.02,93,0.0,3333.43
20818.38,72.13,100,0.0,3333.43
20818.38,72.14,100,1.2,3333.43
20818.38,72.19,100,0.0,3333.43
20818.38,72.14,100,0.0,3333.43
20818.38,72.11,100,1.2125,3333.43
20818.38,72.08,100,0.0,3333.43
20818.38,72.07,100,0.0,3333.43
20818.38,72.3,100,1.2125,3333.43
20818.38,72.34,100,0.0,3333.43
20818.38,72.14,100,0.0,3333.43
20818.38,72.62,100,0.0,3333.43
20818.38,73.99,93,3.625,3333.43
20818.38,73.22,93,0.0,3333.43
20818.38,73.37,100,1.2125,3333.43
20818.38,73.53,100,0.0,3333.43
20818.38,73.66,100,0.0,3333.43
20818.38,73.66,100,1.2125,3333.43
20818.38,73.39,100,0.0,3333.43
20818.38,73.47,100,0.0,3333.43
20818.38,73.74,100,1.2125,3333.43
20818.38,73.59,100,0.0,3333.43
20818.38,73.35,100,0.0,3333.43
20818.38,71.43,100,1.2125,3333.43
20818.38,72.15,100,0.0,3333.43
20818.38,72.15,100,0.0,3333.43
20818.38,72.15,100,0.0,3333.43
20818.38,72.06,100,1.2125,3333.43
20818.38,71.96,100,0.0,3333.43
20818.38,72.07,100,0.0,3333.43
20818.38,72.14,100,1.2125,3333.43
20818.38,71.98,100,0.0,3333.43
20818.38,71.9,100,2.425,3333.43
20818.38,72.16,100,0.0,3333.43
20818.38,72.08,90,0.0,3333.43
20818.38,71.73,90,0.0,3333.43
20818.38,71.86,100,1.2125,3333.43
20818.38,72.01,100,0.0,3333.43
20818.38,72.0,100,0.0,3333.43
20818.38,72.12,100,2.4375,3333.43
20818.38,72.09,100,0.0,3333.43
20818.38,72.19,100,0.0,3333.43
20818.38,72.19,100,1.2125,3333.43
20818.38,72.15,100,0.0,3333.43
20818.38,71.84,100,0.0,3333.43
20818.38,71.97,100,0.0,3333.43
20818.38,72.46,100,1.2125,3333.43
20818.38,72.38,100,0.0,3333.43
20818.38,72.13,100,0.0,3333.43
20818.38,72.17,100,1.2125,3333.43
20818.38,72.11,100,0.0,3333.43
20818.38,72.21,100,0.0,3333.43
20818.38,72.26,100,0.0,3333.43
20818.38,72.03,100,1.2,3333.43
20818.38,72.95,100,1.1625,3333.43
20818.38,72.91,89,1.2375,3333.43
20818.38,72.07,89,0.0,3333.43
20818.38,71.99,100,0.0,3333.43
20818.38,72.27,100,0.0,3333.43
20818.38,72.5,100,1.2125,3333.43
20818.38,72.43,100,0.0,3333.43
20818.38,72.34,100,0.0,3333.43
20818.38,72.31,100,1.2125,3333.43
20818.38,72.31,100,1.2125,3333.43
20818.38,72.34,100,0.0,3333.43
20818.38,72.44,100,0.0,3333.43
20818.38,71.65,100,1.2125,3333.43
20818.38,72.33,100,0.0,3333.43
20818.38,72.38,100,0.0,3333.43
20818.38,72.22,100,1.2125,3333.43
20818.38,72.02,100,0.0,3333.43
20818.38,72.14,100,0.0,3333.43
20818.38,72.07,100,0.0,3333.43
20818.38,72.02,100,1.2125,3333.43
20818.38,71.94,100,0.0,3333.43
20818.38,71.91,100,2.2125,3333.43
20818.38,72.31,91,0.0,3333.43
20818.38,72.19,91,1.2125,3333.43
20818.38,72.29,100,0.0,3333.43
20818.38,72.49,100,0.0,3333.43
20818.38,72.54,100,0.0,3333.43
20818.38,72.47,100,1.1875,3333.43
20818.38,72.47,100,0.0,3333.43
20818.38,72.53,100,1.2125,3333.43
20818.38,72.51,100,0.0,3333.43
20818.38,72.43,100,0.0,3333.43
20818.38,72.39,100,0.0,3333.43
20818.38,72.34,100,1.2125,3333.43
20818.38,72.08,100,0.0,3333.43
20818.38,72.36,100,0.0,3333.43
20818.38,72.18,100,1.2125,3333.43
20818.38,72.06,100,0.0,3333.43
20818.38,72.05,100,0.0,3333.43
20818.38,72.07,100,1.2125,3333.43
20818.38,72.09,100,1.2125,3333.43
20818.38,72.06,100,1.2125,3333.43
20818.38,74.24,90,1.2125,3333.43
20818.38,74.14,90,0.0,3333.43
20818.38,73.7,99,0.0,3333.43
20818.38,73.77,99,1.2125,3333.43
20818.38,73.77,99,0.0,3333.43
20818.38,73.93,100,0.0,3333.43
20818.38,73.97,100,1.2125,3333.43
20818.38,73.95,100,0.0,3333.43
20818.38,73.9,100,0.0,3333.43
20818.38,73.86,100,0.0,3333.43
20818.38,73.98,100,1.2125,3333.43
20818.38,71.72,100,0.0,3333.43
20818.38,71.89,100,0.0,3333.43
20818.38,72.31,100,1.175,3333.43
20818.38,72.22,100,0.0,3333.43
20818.38,72.24,100,0.0,3333.43
20818.38,71.93,100,1.2125,3333.43
20818.38,71.93,100,0.0,3333.43
20818.38,71.94,100,0.0,3333.43
20818.38,71.98,100,1.2,3333.43
20818.38,72.06,100,1.15,3333.43
20818.38,71.95,100,1.2,3333.43
20818.38,73.19,91,0.0,3333.43
20818.38,72.58,91,1.2125,3333.43
20818.38,72.71,100,0.0,3333.43
20818.38,72.82,100,0.0,3333.43
20818.38,72.85,100,1.2375,3333.43
20818.38,72.87,100,0.0,3333.43
20818.38,72.88,100,0.0,3333.43
20818.38,72.88,100,1.2125,3333.43
20818.38,72.78,100,1.2125,3333.43
20818.38,72.79,100,0.0,3333.43
20818.38,71.58,100,0.0,3333.43
20818.38,72.23,100,1.2125,3333.43
20818.38,72.31,100,0.0,3333.43
20818.38,72.23,100,0.0,3333.43
20818.38,72.0,100,0.0,3333.43
20818.38,72.0,100,1.2125,3333.43
20818.38,72.06,100,0.0,3333.43
20818.38,72.03,100,0.0,3333.43
20818.38,71.89,100,2.3625,3333.43
20818.38,71.95,100,0.0,3333.43
20818.38,72.13,100,1.2125,3333.43
20818.38,71.88,91,1.2125,3333.43
20818.38,72.1,91,0.0,3333.43
20818.38,72.17,100,0.0,3333.43
20818.38,72.19,100,0.0,3333.43
20818.38,72.26,100,1.2125,3333.43
20818.38,72.09,100,0.0,3333.43
20818.38,71.93,100,0.0,3333.43
20818.38,72.1,100,1.2125,3333.43
20818.38,72.0,100,0.0,3333.43
20818.38,71.88,100,0.0,3333.43
20818.38,72.3,100,0.0,3333.43
20818.38,72.34,100,1.2125,3333.43
20818.38,72.25,100,0.0,3333.43
20818.38,72.25,100,0.0,3333.43
20818.38,72.11,100,0.0,3333.43
20818.38,72.07,100,1.2125,3333.43
20818.38,72.09,100,0.0,3333.43
20818.38,72.04,100,1.2125,3333.43
20818.38,69.15,100,1.1375,3333.43
20818.38,68.46,90,0.0,3333.43
20818.38,68.48,90,1.25,3333.43
20818.38,68.65,100,1.225,3333.43
20818.38,68.71,100,0.0,3333.43
20818.38,68.81,100,0.0,3333.43
20818.38,68.77,100,1.2125,3333.43
20818.38,68.66,100,0.0,3333.43
20818.38,68.69,100,0.0,3333.43
20818.38,68.67,100,1.2125,3333.43
20818.38,68.68,100,0.0,3333.43
20818.38,72.4,100,0.0,3333.43
20818.38,72.18,100,1.2125,3333.43
20818.38,72.38,100,0.0,3333.43
20818.38,73.46,100,2.425,3333.43
20818.38,72.63,92,0.0,3333.43
20818.38,72.8,100,0.0,3333.43
20818.38,72.94,100,1.2125,3333.43
20818.38,72.94,100,0.0,3333.43
20818.38,72.93,100,0.0,3333.43
20818.38,72.83,100,1.2125,3333.43
20818.38,72.83,100,0.0,3333.43
20818.38,72.86,100,0.0,3333.43
20818.38,73.19,100,1.2125,3333.43
20818.38,73.27,100,0.0,3333.43
20818.38,72.97,100,0.0,3333.43
20818.38,71.52,100,0.0,3333.43
20818.38,72.11,100,1.2125,3333.43
20818.38,71.97,100,0.0,3333.43
20818.38,71.86,100,0.0,3333.43
20818.38,71.8,100,1.2125,3333.43
20818.38,71.96,100,0.0,3333.43
20818.38,72.13,100,0.0,3333.43
20818.38,72.1,100,2.425,3333.43
20818.38,71.93,100,1.2125,3333.43
20818.38,72.05,100,1.2125,3333.43
20818.38,72.21,90,0.0,3333.43
20818.38,71.87,90,0.0,3333.43
20818.38,71.87,90,1.2125,3333.43
20818.38,72.05,100,0.0,3333.43
20818.38,72.21,100,0.0,3333.43
20818.38,72.46,100,1.2125,3333.43
20818.38,72.59,100,0.0,3333.43
20818.38,72.47,100,0.0,3333.43
20818.38,72.54,100,0.0,3333.43
20818.38,72.5,100,1.2375,3333.43
20818.38,72.23,100,0.0,3333.43
20818.38,72.06,100,0.0,3333.43
20818.38,72.49,100,1.2125,3333.43
20818.38,72.35,100,0.0,3333.43
20818.38,72.14,100,1.2125,3333.43
20818.38,72.15,100,0.0,3333.43
20818.38,72.09,100,0.0,3333.43
20818.38,72.11,100,1.2125,3333.43
20818.38,71.88,100,0.0,3333.43
20818.38,71.88,100,0.0,3333.43
20818.38,71.84,100,2.425,3333.43
20818.38,73.63,100,0.0,3333.43
20818.38,72.91,92,1.2125,3333.43
20818.38,72.81,92,0.0,3333.43
20818.38,72.97,100,0.0,3333.43
20818.38,73.22,100,1.2125,3333.43
20818.38,73.16,100,0.0,3333.43
20818.38,73.19,100,0.0,3333.43
20818.38,73.22,100,0.0,3333.43
20818.38,73.17,100,1.2125,3333.43
20818.38,73.1,100,0.0,3333.43
20818.38,71.42,100,0.0,3333.43
20818.38,72.17,100,1.2125,3333.43
20818.38,72.31,100,0.0,3333.43
20818.38,72.24,100,0.0,3333.43
20818.38,72.08,100,1.2125,3333.43
20818.38,72.1,100,1.2125,3333.43
20818.38,72.1,100,0.0,3333.43
20818.38,72.0,100,0.0,3333.43
20818.38,71.98,100,2.225,3333.43
20818.38,72.03,100,0.0,3333.43
20818.38,72.0,90,1.2375,3333.43
20818.38,72.22,90,0.0,3333.43
20818.38,72.22,100,0.0,3333.43
20818.38,72.33,100,1.25,3333.43
20818.38,72.32,100,0.0,3333.43
20818.38,72.31,100,0.0,3333.43
20818.38,72.26,100,0.0,3333.43
20818.38,72.31,100,1.2125,3333.43
20818.38,72.23,100,0.0,3333.43
20818.38,72.17,100,0.0,3333.43
20818.38,71.9,100,1.2125,3333.43
20818.38,72.4,100,0.0,3333.43
20818.38,72.37,100,0.0,3333.43
20818.38,72.2,100,1.2125,3333.43
20818.38,72.2,100,0.0,3333.43
20818.38,72.12,100,0.0,3333.43
20818.38,72.08,100,1.2125,3333.43
20818.38,72.06,100,0.0,3333.43
20818.38,72.02,100,2.4375,3333.43
20818.38,72.09,89,1.1625,3333.43
20818.38,70.77,89,0.0,3333.43
20818.38,70.69,98,0.0,3333.43
20818.38,70.48,98,1.2125,3333.43
20818.38,70.73,100,0.0,3333.43
20818.38,70.86,100,0.0,3333.43
20818.38,70.81,100,1.2125,3333.43
20818.38,70.85,100,0.0,3333.43
20818.38,70.87,100,0.0,3333.43
20818.38,70.84,100,0.0,3333.43
20818.38,70.85,100,1.2125,3333.43
20818.38,71.98,100,0.0,3333.43
20818.38,72.04,100,0.0,3333.43
20818.38,72.36,100,1.2125,3333.43
20818.38,72.3,100,0.0,3333.43
20818.38,72.18,100,0.0,3333.43
20818.38,71.9,100,0.0,3333.43
20818.38,71.96,100,1.2125,3333.43
20818.38,71.9,100,0.0,3333.43
20818.38,71.99,100,0.0,3333.43
20818.38,71.99,100,1.2125,3333.43
20818.38,71.91,88,2.4375,3333.43
20818.38,69.5,88,0.0,3333.43
20818.38,69.15,100,0.0,3333.43
20818.38,69.11,100,1.2125,3333.43
20818.38,69.23,100,0.0,3333.43
20818.38,69.46,100,1.2125,3333.43
20818.38,69.44,100,0.0,3333.43
20818.38,69.39,100,1.2125,3333.43
20818.38,69.36,100,0.0,3333.43
20818.38,69.25,100,0.0,3333.43
20818.38,69.27,100,0.0,3333.43
20818.38,69.27,100,1.2125,3333.43
20818.38,71.71,100,0.0,3333.43
20818.38,71.77,100,0.0,3333.43
20818.38,72.26,100,1.2,3333.43
20818.38,72.25,100,0.0,3333.43
20818.38,72.25,100,0.0,3333.43
20818.38,72.08,100,0.0,3333.43
20818.38,72.04,100,1.225,3333.43
20818.38,72.1,100,0.0,3333.43
20818.38,72.11,100,0.0,3333.43
20818.38,72.05,100,2.425,3333.43
20818.38,73.26,93,0.0,3333.43
20818.38,72.73,93,0.0,3333.43
20818.38,72.74,100,1.2125,3333.43
20818.38,72.79,100,0.0,3333.43
20818.38,72.84,100,0.0,3333.43
20818.38,72.82,100,1.2125,3333.43
20818.38,72.84,100,1.2375,3333.43
20818.38,72.81,100,0.0,3333.43
20818.38,72.81,100,0.0,3333.43
20818.38,72.98,100,1.2125,3333.43
20818.38,72.93,100,0.0,3333.43
20818.38,71.69,100,0.0,3333.43
20818.38,72.4,100,2.4875,3333.43
20818.38,73.19,100,0.0,3333.43
20818.38,72.74,92,1.2125,3333.43
20818.38,72.25,92,0.0,3333.43
20818.38,72.39,100,0.0,3333.43
20818.38,72.53,100,1.2125,3333.43
20818.38,72.67,100,0.0,3333.43
20818.38,72.69,100,0.0,3333.43
20818.38,72.6,100,1.2125,3333.43
20818.38,72.76,100,0.0,3333.43
20818.38,72.91,100,0.0,3333.43
20818.38,71.82,100,0.0,3333.43
20818.38,71.87,100,1.2125,3333.43
20818.38,72.32,100,0.0,3333.43
20818.38,72.3,100,0.0,3333.43
20818.38,72.15,100,1.2125,3333.43
20818.38,72.03,100,0.0,3333.43
20818.38,72.01,100,2.425,3333.43
20818.38,73.07,100,1.2125,3333.43
20818.38,72.61,93,0.0,3333.43
20818.38,72.75,93,0.0,3333.43
20818.38,72.49,100,1.2125,3333.43
20818.38,72.67,100,0.0,3333.43
20818.38,72.91,100,0.0,3333.43
20818.38,72.89,100,1.2125,3333.43
20818.38,72.79,100,0.0,3333.43
20818.38,72.76,100,0.0,3333.43
20818.38,72.96,100,1.2125,3333.43
20818.38,72.89,100,0.0,3333.43
20818.38,71.77,100,0.0,3333.43
20818.38,72.25,100,0.0,3333.43
20818.38,72.04,100,1.2125,3333.43
20818.38,72.24,100,0.0,3333.43
20818.38,72.17,100,0.0,3333.43
20818.38,72.13,100,1.2125,3333.43
20818.38,72.13,100,0.0,3333.43
20818.38,72.12,100,0.0,3333.43
20818.38,71.83,100,2.425,3333.43
20818.38,71.83,100,0.0,3333.43
20818.38,71.95,91,0.0,3333.43
20818.38,71.8,91,1.2125,3333.43
20818.38,71.56,100,0.0,3333.43
20818.38,71.77,100,0.0,3333.43
20818.38,71.88,100,1.2125,3333.43
20818.38,72.01,100,0.0,3333.43
20818.38,71.97,100,0.0,3333.43
20818.38,71.91,100,1.2125,3333.43
20818.38,71.91,100,0.0,3333.43
20818.38,71.91,100,1.2125,3333.43
20818.38,71.73,100,1.2125,3333.43
20818.38,71.88,100,0.0,3333.43
20818.38,72.17,100,0.0,3333.43
20818.38,72.17,100,0.0,3333.43
20818.38,72.1,100,1.2125,3333.43
20818.38,71.96,100,0.0,3333.43
20818.38,71.98,100,0.0,3333.43
20818.38,71.91,100,1.2125,3333.43
20818.38,71.95,100,0.0,3333.43
20818.38,71.79,100,0.0,3333.43
20818.38,71.81,100,2.425,3333.43
20818.38,69.23,91,0.0,3333.43
20818.38,69.16,91,1.2125,3333.43
20818.38,68.57,99,0.0,3333.43
20818.38,68.65,100,0.0,3333.43
20818.38,68.65,100,0.0,3333.43
20818.38,68.91,100,1.2125,3333.43
20818.38,68.96,100,0.0,3333.43
20818.38,68.97,100,0.0,3333.43
20818.38,68.97,100,1.2125,3333.43
20818.38,69.07,100,0.0,3333.43
20818.38,71.69,100,0.0,3333.43
20818.38,71.69,100,1.2125,3333.43
20818.38,71.69,100,0.0,3333.43
20818.38,72.22,100,0.0,3333.43
20818.38,72.33,100,1.2125,3333.43
20818.38,72.25,100,0.0,3333.43
20818.38,72.09,100,0.0,3333.43
20818.38,71.97,100,1.2125,3333.43
20818.38,71.96,100,0.0,3333.43
20818.38,71.99,100,0.0,3333.43
20818.38,72.09,100,0.0,3333.43
20818.38,71.99,96,2.4375,3333.43
20818.38,70.6,96,0.0,3333.43
20818.38,70.05,97,1.2125,3333.43
20818.38,70.0,97,0.0,3333.43
20818.38,70.09,100,0.0,3333.43
20818.38,70.07,100,1.2125,3333.43
20818.38,70.12,100,0.0,3333.43
20818.38,70.1,100,1.2125,3333.43
20818.38,70.03,100,0.0,3333.43
20818.38,69.93,100,1.2125,3333.43
20818.38,70.04,100,0.0,3333.43
20818.38,71.34,100,0.0,3333.43
20818.38,71.96,100,0.0,3333.43
20818.38,72.15,100,1.2125,3333.43
20818.38,72.13,100,0.0,3333.43
20818.38,71.87,100,0.0,3333.43
20818.38,71.82,100,1.2125,3333.43
20818.38,71.79,100,0.0,3333.43
20818.38,71.92,100,0.0,3333.43
20818.38,71.97,100,0.0,3333.43
20818.38,72.93,100,2.425,3333.43
20818.38,72.49,100,0.0,3333.43
20818.38,72.72,93,1.2125,3333.43
20818.38,72.87,93,0.0,3333.43
20818.38,72.78,100,0.0,3333.43
20818.38,72.78,100,0.0,3333.43
20818.38,72.77,100,1.2125,3333.43
20818.38,72.82,100,0.0,3333.43
20818.38,72.76,100,0.0,3333.43
20818.38,72.77,100,1.2125,3333.43
20818.38,72.93,100,0.0,3333.43
20818.38,72.96,100,0.0,3333.43
20818.38,71.84,100,1.2125,3333.43
20818.38,72.45,100,0.0,3333.43
20818.38,72.5,100,0.0,3333.43
20818.38,72.28,100,1.2125,3333.43
20818.38,72.28,100,0.0,3333.43
20818.38,72.17,100,0.0,3333.43
20818.38,72.25,100,1.2125,3333.43
20818.38,72.25,100,1.1875,3333.43
20818.38,69.12,100,1.125,3333.43
20818.38,68.92,88,1.2125,3333.43
20818.38,68.75,88,0.0,3333.43
20818.38,68.61,100,0.0,3333.43
20818.38,68.71,100,1.2125,3333.43
20818.38,68.83,100,0.0,3333.43
20818.38,68.94,100,0.0,3333.43
20818.38,69.01,100,0.0,3333.43
20818.38,69.04,100,1.2125,3333.43
20818.38,68.83,100,0.0,3333.43
20818.38,68.91,100,0.0,3333.43
20818.38,71.81,100,1.2125,3333.43
20818.38,71.99,100,0.0,3333.43
20818.38,72.21,100,0.0,3333.43
20818.38,72.42,100,0.0,3333.43
20818.38,72.08,100,1.2125,3333.43
20818.38,72.04,100,0.0,3333.43
20818.38,72.0,100,0.0,3333.43
20818.38,72.0,100,1.2125,3333.43
20818.38,72.23,100,1.2125,3333.43
20818.38,72.06,100,0.0,3333.43
20818.38,71.98,100,1.2125,3333.43
20818.38,71.98,100,1.2125,3333.43
20818.38,72.62,93,0.0,3333.43
20818.38,72.62,93,0.0,3333.43
20818.38,72.81,100,1.2125,3333.43
20818.38,72.79,100,0.0,3333.43
20818.38,72.79,100,0.0,3333.43
20818.38,72.68,100,1.2125,3333.43
20818.38,72.81,100,1.2125,3333.43
20818.38,72.79,100,0.0,3333.43
20818.38,72.67,100,0.0,3333.43
20818.38,72.82,100,1.2125,3333.43
20818.38,71.86,100,0.0,3333.43
20818.38,72.42,100,0.0,3333.43
20818.38,72.27,100,0.0,3333.43
20818.38,72.08,100,1.2125,3333.43
20818.38,72.12,100,0.0,3333.43
20818.38,72.17,100,0.0,3333.43
20818.38,72.06,100,1.2125,3333.43
20818.38,72.0,100,0.0,3333.43
20818.38,72.03,100,2.425,3333.43
20818.38,71.97,93,0.0,3333.43
20818.38,71.3,93,0.0,3333.43
20818.38,71.31,100,1.2125,3333.43
20818.38,71.39,100,0.0,3333.43
20818.38,71.5,100,0.0,3333.43
20818.38,71.46,100,1.2125,3333.43
20818.38,71.41,100,0.0,3333.43
20818.38,71.42,100,0.0,3333.43
20818.38,71.42,100,1.2125,3333.43
20818.38,71.56,100,0.0,3333.43
20818.38,71.47,100,0.0,3333.43
20818.38,71.47,100,0.0,3333.43
20818.38,72.34,100,1.2125,3333.43
20818.38,72.55,100,0.0,3333.43
20818.38,72.3,100,0.0,3333.43
20818.38,72.17,100,1.2125,3333.43
20818.38,72.11,100,0.0,3333.43
20818.38,72.12,100,0.0,3333.43
20818.38,72.19,100,1.2125,3333.43
20818.38,72.05,100,1.2125,3333.43
20818.38,72.59,100,0.0,3333.43
20818.38,72.23,91,1.2375,3333.43
20818.38,72.4,91,0.0,3333.43
20818.38,72.5,100,0.0,3333.43
20818.38,72.68,100,0.0,3333.43
20818.38,72.59,100,1.2375,3333.43
20818.38,72.66,100,0.0,3333.43
20818.38,72.76,100,0.0,3333.43
20818.38,72.76,100,1.25,3333.43
20818.38,72.7,100,0.0,3333.43
20818.38,72.58,100,0.0,3333.43
20818.38,72.58,100,1.2375,3333.43
20818.38,72.4,100,0.0,3333.43
20818.38,72.4,100,0.0,3333.43
20818.38,72.37,100,0.0,3333.43
20818.38,72.23,100,2.4875,3333.43
20818.38,72.21,100,0.0,3333.43
20818.38,72.17,100,0.0,3333.43
20818.38,72.02,100,0.0,3333.43
20818.38,71.97,100,2.4875,3333.43
20818.38,70.3,100,0.0,3333.43
20818.38,70.32,90,1.2375,3333.43
20818.38,69.76,90,0.0,3333.43
20818.38,69.78,99,0.0,3333.43
20818.38,69.86,99,1.2375,3333.43
20818.38,70.0,100,0.0,3333.43
20818.38,70.03,100,0.0,3333.43
20818.38,70.08,100,0.0,3333.43
20818.38,70.05,100,1.25,3333.43
20818.38,69.99,100,0.0,3333.43
20818.38,70.23,100,0.0,3333.43
20818.38,70.23,100,0.0,3333.43
20818.38,71.81,100,1.25,3333.43
20818.38,72.41,100,0.0,3333.43
20818.38,72.41,100,0.0,3333.43
20818.38,72.45,100,1.2375,3333.43
20818.38,72.29,100,0.0,3333.43
20818.38,72.19,100,0.0,3333.43
20818.38,72.13,100,0.0,3333.43
20818.38,72.11,100,1.2375,3333.43
20818.38,72.17,100,0.0,3333.43
20818.38,71.96,100,0.0,3333.43
20818.38,71.96,100,3.725,3333.43
20818.38,72.26,92,0.0,3333.43
20818.38,72.24,92,0.0,3333.43
20818.38,72.27,100,1.2375,3333.43
20818.38,72.27,100,0.0,3333.43
20818.38,72.43,100,0.0,3333.43
20818.38,72.43,100,1.2125,3333.43
20818.38,72.39,100,0.0,3333.43
20818.38,72.39,100,0.0,3333.43
20818.38,72.39,100,1.2125,3333.43
20818.38,72.41,100,0.0,3333.43
20818.38,72.36,100,1.2125,3333.43
20818.38,72.09,100,0.0,3333.43
20818.38,72.31,100,0.0,3333.43
20818.38,72.3,100,1.2125,3333.43
20818.38,72.07,100,0.0,3333.43
20818.38,71.98,100,0.0,3333.43
20818.38,71.92,100,1.2125,3333.43
20818.38,71.93,100,0.0,3333.43
20818.38,71.94,100,0.0,3333.43
20818.38,71.88,93,2.4375,3333.43
20818.38,73.97,93,0.0,3333.43
20818.38,73.27,100,1.2125,3333.43
20818.38,73.43,100,0.0,3333.43
20818.38,73.52,100,0.0,3333.43
20818.38,73.48,100,0.0,3333.43
20818.38,73.46,100,1.2125,3333.43
20818.38,73.5,100,0.0,3333.43
20818.38,73.44,100,0.0,3333.43
20818.38,73.48,100,1.2125,3333.43
20818.38,73.49,100,0.0,3333.43
20818.38,71.29,100,0.0,3333.43
20818.38,72.14,100,0.0,3333.43
20818.38,72.24,100,1.2125,3333.43
20818.38,72.24,100,0.0,3333.43
20818.38,71.9,100,1.2125,3333.43
20818.38,71.9,100,0.0,3333.43
20818.38,71.91,100,0.0,3333.43
20818.38,71.89,100,1.2375,3333.43
20818.38,72.0,100,1.125,3333.43
20818.38,71.95,100,2.4875,3333.43
20818.38,72.16,100,0.0,3333.43
20818.38,72.13,87,0.0,3333.43
20818.38,71.82,87,0.0,3333.43
20818.38,71.85,100,1.2125,3333.43
20818.38,72.12,100,0.0,3333.43
20818.38,72.27,100,0.0,3333.43
20818.38,72.24,100,1.2125,3333.43
20818.38,72.2,100,0.0,3333.43
20818.38,72.15,100,0.0,3333.43
20818.38,72.28,100,0.0,3333.43
20818.38,71.98,100,1.2125,3333.43
20818.38,72.06,100,0.0,3333.43
20818.38,72.37,100,0.0,3333.43
20818.38,72.38,100,1.2125,3333.43
20818.38,72.21,100,1.2125,3333.43
20818.38,72.08,100,0.0,3333.43
20818.38,72.04,100,0.0,3333.43
20818.38,72.12,100,1.2125,3333.43
20818.38,72.19,100,0.0,3333.43
20818.38,72.19,100,0.0,3333.43
20818.38,71.94,100,1.1875,3333.43
20818.38,71.87,100,1.2125,3333.43
20818.38,70.64,100,1.1875,3333.43
20818.38,70.64,90,0.0,3333.43
20818.38,70.72,90,0.0,3333.43
20818.38,70.75,100,0.0,3333.43
20818.38,70.87,100,1.2125,3333.43
20818.38,70.82,100,0.0,3333.43
20818.38,70.77,100,0.0,3333.43
20818.38,70.74,100,1.2125,3333.43
20818.38,70.77,100,0.0,3333.43
20818.38,70.87,100,0.0,3333.43
20818.38,71.35,100,2.4125,3333.43
20818.38,69.17,100,0.0,3333.43
20818.38,68.64,91,1.2125,3333.43
20818.38,68.25,91,0.0,3333.43
20818.38,68.28,100,1.2125,3333.43
20818.38,68.56,100,0.0,3333.43
20818.38,68.7,100,1.2125,3333.43
20818.38,68.66,100,0.0,3333.43
20818.38,68.73,100,0.0,3333.43
20818.38,68.73,100,1.2125,3333.43
20818.38,68.76,100,0.0,3333.43
20818.38,71.68,100,0.0,3333.43
20818.38,72.09,100,0.0,3333.43
20818.38,70.74,100,2.4125,3333.43
20818.38,69.97,95,0.0,3333.43
20818.38,69.57,98,2.175,3333.43
20818.38,69.72,98,0.0,3333.43
20818.38,69.96,100,0.0,3333.43
20818.38,69.95,100,1.2125,3333.43
20818.38,69.95,100,1.2125,3333.43
20818.38,69.97,100,0.0,3333.43
20818.38,70.09,100,0.0,3333.43
20818.38,69.95,100,1.2125,3333.43
20818.38,69.99,100,0.0,3333.43
20818.38,71.6,100,0.0,3333.43
20818.38,72.1,100,0.0,3333.43
20818.38,72.39,100,1.225,3333.43
20818.38,72.2,100,0.0,3333.43
20818.38,71.95,100,0.0,3333.43
20818.38,71.91,100,1.2125,3333.43
20818.38,71.93,100,0.0,3333.43
20818.38,71.87,100,0.0,3333.43
20818.38,72.06,100,1.2125,3333.43
20818.38,72.15,100,1.2125,3333.43
20818.38,73.72,100,0.0,3333.43
20818.38,73.08,95,1.2125,3333.43
20818.38,73.17,100,0.0,3333.43
20818.38,73.24,100,0.0,3333.43
20818.38,73.23,100,1.2125,3333.43
20818.38,73.3,100,0.0,3333.43
20818.38,73.3,100,0.0,3333.43
20818.38,73.38,100,0.0,3333.43
20818.38,73.39,100,1.2125,3333.43
20818.38,73.32,100,0.0,3333.43
20818.38,71.47,100,0.0,3333.43
20818.38,72.29,100,1.2125,3333.43
20818.38,72.36,100,0.0,3333.43
20818.38,72.22,100,0.0,3333.43
20818.38,72.22,100,1.2125,3333.43
20818.38,72.17,100,1.225,3333.43
20818.38,72.18,100,0.0,3333.43
20818.38,72.18,100,0.0,3333.43
20818.38,72.19,100,1.225,3333.43
20818.38,72.02,100,1.225,3333.43
20818.38,72.71,91,0.0,3333.43
20818.38,72.04,91,0.0,3333.43
20818.38,72.01,100,0.0,3333.43
20818.38,72.09,100,1.2125,3333.43
20818.38,72.16,100,0.0,3333.43
20818.38,72.1,100,0.0,3333.43
20818.38,72.12,100,0.0,3333.43
20818.38,72.1,100,1.2125,3333.43
20818.38,72.11,100,0.0,3333.43
20818.38,72.18,100,0.0,3333.43
20818.38,72.18,100,1.2125,3333.43
20818.38,71.39,100,0.0,3333.43
20818.38,72.08,100,0.0,3333.43
20818.38,72.2,100,0.0,3333.43
20818.38,72.12,100,1.2125,3333.43
20818.38,71.89,100,0.0,3333.43
20818.38,72.05,100,1.2125,3333.43
20818.38,72.07,100,1.2125,3333.43
20818.38,71.96,100,0.0,3333.43
20818.38,71.85,100,0.0,3333.43
20818.38,69.61,100,2.3625,3333.43
20818.38,69.72,85,0.0,3333.43
20818.38,69.64,85,0.0,3333.43
20818.38,69.71,100,1.2125,3333.43
20818.38,69.71,100,0.0,3333.43
20818.38,69.82,100,0.0,3333.43
20818.38,70.05,100,0.0,3333.43
20818.38,69.89,100,1.2125,3333.43
20818.38,69.86,100,0.0,3333.43
20818.38,69.9,100,1.2125,3333.43
20818.38,69.86,100,0.0,3333.43
20818.38,69.97,100,1.2125,3333.55
20818.38,72.14,100,1.2125,3333.55
20818.38,71.57,93,0.0,3333.55
20818.38,71.54,93,0.0,3333.55
20818.38,71.54,100,0.0,3333.55
20818.38,71.61,100,1.2125,3333.55
20818.38,71.65,100,0.0,3333.55
20818.38,71.58,100,0.0,3333.55
20818.38,71.55,100,1.2125,3333.55
20818.38,71.49,100,0.0,3333.55
20818.38,71.45,100,1.1,3333.55
20818.38,71.38,100,1.1875,3333.55
20818.38,71.9,100,0.0,3333.55
20818.38,72.26,100,0.0,3333.55
20818.38,72.22,100,1.2375,3333.55
20818.38,72.16,100,0.0,3333.55
20818.38,71.89,100,0.0,3333.55
20818.38,71.92,100,0.0,3333.55
20818.38,71.99,100,1.2375,3333.55
20818.38,71.99,100,0.0,3333.55
20818.38,73.06,100,2.4875,3333.55
20818.38,73.06,100,0.0,3333.55
20818.38,72.61,83,0.0,3333.55
20818.38,72.92,83,1.2375,3333.55
20818.38,72.92,100,0.0,3333.55
20818.38,73.01,100,0.0,3333.55
20818.38,73.03,100,1.2375,3333.55
20818.38,73.13,100,0.0,3333.55
20818.38,73.11,100,0.0,3333.55
20818.38,73.12,100,1.2375,3333.55
20818.38,73.08,100,0.0,3333.55
20818.38,73.01,100,0.0,3333.55
20818.38,71.94,100,1.2375,3333.55
20818.38,72.55,100,0.0,3333.55
20818.38,72.59,100,0.0,3333.55
20818.38,72.55,100,1.2375,3333.55
20818.38,72.28,100,0.0,3333.55
20818.38,72.28,100,0.0,3333.55
20818.38,72.19,100,2.4875,3333.55
20818.38,72.14,100,0.0,3333.55
20818.38,72.04,100,0.0,3333.55
20818.38,72.0,100,2.4875,3333.55
20818.38,74.13,81,1.2375,3333.55
20818.38,73.97,81,0.0,3333.55
20818.38,74.24,100,0.0,3333.55
20818.38,74.4,100,1.2375,3333.55
20818.38,74.45,100,0.0,3333.55
20818.38,74.48,100,0.0,3333.55
20818.38,74.63,100,1.2375,3333.55
20818.38,74.65,100,1.2375,3333.55
20818.38,74.57,100,0.0,3333.55
20818.38,74.51,100,0.0,3333.55
20818.38,72.33,100,1.225,3333.55
20818.38,72.51,100,0.0,3333.55
20818.38,72.47,100,0.0,3333.55
20818.38,72.33,100,1.225,3333.55
20818.38,72.33,100,0.0,3333.55
20818.38,72.33,100,0.0,3333.55
20818.38,72.24,100,0.0,3333.55
20818.38,72.03,100,2.4375,3333.55
20818.38,69.55,92,0.0,3333.55
20818.38,68.82,92,0.0,3333.55
20818.38,68.82,99,1.225,3333.55
20818.38,68.97,99,0.0,3333.55
20818.38,69.16,100,0.0,3333.55
20818.38,69.45,100,1.175,3333.55
20818.38,69.5,100,0.0,3333.55
20818.38,69.33,100,1.2125,3333.55
20818.38,69.33,100,0.0,3333.55
20818.38,69.09,100,0.0,3333.55
20818.38,71.41,100,1.2125,3333.55
20818.38,72.0,100,1.2125,3333.55
20818.38,74.18,100,1.2125,3333.55
20818.38,73.49,81,0.0,3333.55
20818.38,73.56,81,1.2125,3333.55
20818.38,73.64,100,0.0,3333.55
20818.38,73.7,100,0.0,3333.55
20818.38,73.79,100,0.0,3333.55
20818.38,73.92,100,1.2,3333.55
20818.38,73.96,100,0.0,3333.55
20818.38,73.95,100,1.2125,3333.55
20818.38,73.94,100,0.0,3333.55
20818.38,71.77,100,0.0,3333.55
20818.38,72.41,100,0.0,3333.55
20818.38,72.4,100,1.2125,3333.55
20818.38,72.47,100,0.0,3333.55
20818.38,72.47,100,0.0,3333.55
20818.38,72.44,100,1.2125,3333.55
20818.38,72.2,100,0.0,3333.55
20818.38,72.01,100,1.2125,3333.55
20818.38,71.99,100,1.2125,3333.55
20818.38,71.81,100,1.1875,3333.55
20818.38,71.79,100,1.175,3333.55
20818.38,73.5,85,0.0,3333.55
20818.38,73.12,85,1.225,3333.55
20818.38,72.46,100,0.0,3333.55
20818.38,72.41,100,0.0,3333.55
20818.38,72.35,100,1.2125,3333.55
20818.38,72.6,100,0.0,3333.55
20818.38,72.61,100,0.0,3333.55
20818.38,72.6,100,0.0,3333.55
20818.38,72.64,100,0.0,3333.55
20818.38,72.84,100,1.225,3333.55
20818.38,71.47,100,0.0,3333.55
20818.38,71.58,100,0.0,3333.55
20818.38,72.19,100,0.0,3333.55
20818.38,72.24,100,1.225,3333.55
20818.38,72.23,100,0.0,3333.55
20818.38,72.2,100,0.0,3333.55
20818.38,72.2,100,0.0,3333.55
20818.38,71.86,100,0.0,3333.55
20818.38,71.91,100,1.2125,3333.55
20818.38,72.07,100,1.2125,3333.55
20818.38,71.94,100,2.425,3333.55
20818.38,71.94,100,0.0,3333.55
20818.38,71.39,100,0.0,3333.55
20818.38,71.42,91,0.0,3333.55
20818.38,71.59,91,1.225,3333.55
20818.38,71.59,100,0.0,3333.55
20818.38,71.58,100,0.0,3333.55
20818.38,71.73,100,0.0,3333.55
20818.38,71.74,100,1.2125,3333.55
20818.38,71.73,100,0.0,3333.55
20818.38,71.58,100,0.0,3333.55
20818.38,71.54,100,1.2125,3333.55
20818.38,72.06,100,0.0,3333.55
20818.38,72.22,100,0.0,3333.55
20818.38,72.19,100,1.2125,3333.55
20818.38,72.19,100,0.0,3333.55
20818.38,72.01,100,0.0,3333.55
20818.38,71.89,100,1.2125,3333.55
20818.38,71.92,100,0.0,3333.55
20818.38,71.92,100,0.0,3333.55
20818.38,72.01,100,2.425,3333.55
20818.38,74.45,100,1.2125,3333.55
20818.38,74.53,100,0.0,3333.55
20818.38,74.54,83,0.0,3333.55
20818.38,74.54,83,1.2125,3333.55
20818.38,74.74,99,0.0,3333.55
20818.38,74.77,100,0.0,3333.55
20818.38,74.92,100,0.0,3333.55
20818.38,74.92,100,1.2125,3333.55
20818.38,74.93,100,0.0,3333.55
20818.38,74.77,100,1.2125,3333.55
20818.38,74.71,100,1.2125,3333.55
20818.38,72.34,100,0.0,3333.55
20818.38,72.42,100,0.0,3333.55
20818.38,72.45,100,0.0,3333.55
20818.38,72.38,100,1.2125,3333.55
20818.38,72.39,100,0.0,3333.55
20818.38,72.3,100,0.0,3333.55
20818.38,72.0,100,1.2125,3333.55
20818.38,71.89,100,0.0,3333.55
20818.38,71.89,100,0.0,3333.55
20818.38,71.87,100,2.1625,3333.55
20818.38,73.53,100,0.0,3333.55
20818.38,73.53,100,0.0,3333.55
20818.38,73.0,80,1.2375,3333.55
20818.38,73.08,80,0.0,3333.55
20818.38,73.14,100,0.0,3333.55
20818.38,73.17,100,0.0,3333.55
20818.38,73.48,100,1.25,3333.55
20818.38,73.58,100,1.225,3333.55
20818.38,73.61,100,0.0,3333.55
20818.38,73.7,100,1.2125,3333.55
20818.38,73.71,100,0.0,3333.55
20818.38,73.71,100,0.0,3333.55
20818.38,71.97,100,0.0,3333.55
20818.38,72.32,100,2.4375,3333.55
20818.38,72.32,100,0.0,3333.55
20818.38,73.53,100,0.0,3333.55
20818.38,73.43,90,1.2125,3333.55
20818.38,73.43,100,0.0,3333.55
20818.38,73.49,100,0.0,3333.55
20818.38,73.77,100,1.2375,3333.55
20818.38,73.78,100,0.0,3333.55
20818.38,73.82,100,0.0,3333.55
20818.38,73.86,100,1.2125,3333.55
20818.38,74.2,100,0.0,3333.55
20818.38,74.09,100,0.0,3333.55
20818.38,71.67,100,1.2125,3333.55
20818.38,72.38,100,0.0,3333.55
20818.38,72.48,100,0.0,3333.55
20818.38,72.33,100,0.0,3333.55
20818.38,72.12,100,1.2125,3333.55
20818.38,72.09,100,1.2125,3333.55
20818.38,72.06,100,2.425,3333.55
20818.38,72.06,92,0.0,3333.55
20818.38,72.12,92,0.0,3333.55
20818.38,71.63,100,0.0,3333.55
20818.38,72.25,100,1.2125,3333.55
20818.38,72.33,100,0.0,3333.55
20818.38,72.18,100,0.0,3333.55
20818.38,72.18,100,1.2125,3333.55
20818.38,72.06,100,0.0,3333.55
20818.38,72.06,100,0.0,3333.55
20818.38,71.95,100,1.2,3333.55
20818.38,72.13,100,0.0,3333.55
20818.38,72.07,100,0.0,3333.55
20818.38,72.0,100,1.2125,3333.55
20818.38,72.36,100,0.0,3333.55
20818.38,72.22,100,0.0,3333.55
20818.38,72.11,100,0.0,3333.55
20818.38,72.02,100,1.2125,3333.55
20818.38,71.95,100,0.0,3333.55
20818.38,71.98,100,0.0,3333.55
20818.38,72.05,100,1.2,3333.55
20818.38,71.84,100,2.425,3333.55
20818.38,72.74,100,0.0,3333.55
20818.38,72.69,81,0.0,3333.55
20818.38,72.69,81,0.0,3333.55
20818.38,73.05,100,2.425,3333.55
20818.38,73.14,100,0.0,3333.55
20818.38,73.28,100,0.0,3333.55
20818.38,73.31,100,1.2125,3333.55
20818.38,73.33,100,0.0,3333.55
20818.38,73.19,100,0.0,3333.55
20818.38,73.04,100,1.2125,3333.55
20818.38,73.03,100,0.0,3333.55
20818.38,72.15,100,0.0,3333.55
20818.38,72.25,100,0.0,3333.55
20818.38,72.14,100,1.2125,3333.55
20818.38,72.14,100,0.0,3333.55
20818.38,71.95,100,0.0,3333.55
20818.38,71.95,100,1.2,3333.55
20818.38,71.95,100,0.0,3333.55
20818.38,71.95,100,1.1125,3333.55
20818.38,71.9,100,2.425,3333.55
20818.38,68.95,100,0.0,3333.55
20818.38,69.25,75,0.0,3333.55
20818.38,69.27,75,1.2125,3333.55
20818.38,69.57,100,0.0,3333.55
20818.38,69.61,100,0.0,3333.55
20818.38,69.66,100,2.4125,3333.55
20818.38,69.82,100,0.0,3333.55
20818.38,69.83,100,0.0,3333.55
20818.38,69.7,100,1.175,3333.55
20818.38,69.74,100,0.0,3333.55
20818.38,72.71,100,0.0,3333.55
20818.38,72.44,100,0.0,3333.55
20818.38,72.39,100,1.2125,3333.55
20818.38,72.3,100,0.0,3333.55
20818.38,72.34,100,0.0,3333.55
20818.38,72.39,100,0.0,3333.55
20818.38,72.39,100,1.2125,3333.55
20818.38,72.07,100,0.0,3333.55
20818.38,72.03,100,0.0,3333.55
20818.38,71.99,100,2.3,3333.55
20818.38,73.94,94,0.0,3333.55
20818.38,73.3,94,0.0,3333.55
20818.38,73.28,100,0.0,3333.55
20818.38,73.59,100,1.225,3333.55
20818.38,73.68,100,0.0,3333.55
20818.38,73.64,100,0.0,3333.55
20818.38,73.41,100,0.0,3333.55
20818.38,73.22,100,1.175,3333.55
20818.38,73.15,100,0.0,3333.55
20818.38,73.23,100,0.0,3333.55
20818.38,73.34,100,1.2125,3333.55
20818.38,72.08,100,0.0,3333.55
20818.38,72.25,100,0.0,3333.55
20818.38,72.29,100,1.2125,3333.55
20818.38,72.27,100,0.0,3333.55
20818.38,72.01,100,0.0,3333.55
20818.38,71.95,100,1.2125,3333.55
20818.38,71.95,100,0.0,3333.55
20818.38,71.91,100,0.0,3333.55
20818.38,71.96,100,2.425,3333.55
20818.38,71.95,100,1.2125,3333.55
20818.38,71.77,92,0.0,3333.55
20818.38,71.61,92,0.0,3333.55
20818.38,72.1,100,1.2125,3333.55
20818.38,72.2,100,0.0,3333.55
20818.38,72.08,100,0.0,3333.55
20818.38,72.17,100,0.0,3333.55
20818.38,72.19,100,1.225,3333.55
20818.38,72.14,100,0.0,3333.55
20818.38,72.16,100,0.0,3333.55
20818.38,72.1,100,1.2125,3333.55
20818.38,72.1,100,0.0,3333.55
20818.38,72.62,100,0.0,3333.55
20818.38,72.63,100,0.0,3333.55
20818.38,72.54,100,0.0,3333.55
20818.38,72.33,100,1.2125,3333.55
20818.38,72.22,100,0.0,3333.55
20818.38,72.13,100,0.0,3333.55
20818.38,72.02,100,0.0,3333.55
20818.38,72.05,100,1.2125,3333.55
20818.38,68.86,84,1.2125,3333.55
20818.38,68.27,84,0.0,3333.55
20818.38,68.57,100,0.0,3333.55
20818.38,68.64,100,1.2125,3333.55
20818.38,68.71,100,0.0,3333.55
20818.38,68.71,100,0.0,3333.55
20818.38,68.59,100,1.2125,3333.55
20818.38,68.61,100,0.0,3333.55
20818.38,68.68,100,0.0,3333.55
20818.38,68.64,100,0.0,3333.55
20818.38,71.64,100,1.2125,3333.55
20818.38,72.29,100,1.2125,3333.55
20818.38,72.34,100,0.0,3333.55
20818.38,72.38,100,1.2125,3333.55
20818.38,72.31,100,0.0,3333.55
20818.38,72.12,100,0.0,3333.55
20818.38,72.19,100,1.2125,3333.55
20818.38,72.17,100,0.0,3333.55
20818.38,72.17,100,0.0,3333.55
20818.38,72.06,100,2.425,3333.55
20818.38,74.26,86,0.0,3333.55
20818.38,74.26,86,0.0,3333.55
20818.38,74.25,100,1.2125,3333.55
20818.38,73.5,100,0.0,3333.55
20818.38,73.5,100,0.0,3333.55
20818.38,73.51,100,1.2125,3333.55
20818.38,73.76,100,0.0,3333.55
20818.38,73.86,100,0.0,3333.55
20818.38,73.89,100,0.0,3333.55
20818.38,73.91,100,1.2125,3333.55
20818.38,74.0,100,0.0,3333.55
20818.38,71.77,100,0.0,3333.55
20818.38,71.79,100,1.2125,3333.55
20818.38,72.46,100,0.0,3333.55
20818.38,72.46,100,0.0,3333.55
20818.38,72.3,100,0.0,3333.55
20818.38,72.03,100,1.2125,3333.55
20818.38,72.03,100,1.2125,3333.55
20818.38,71.86,100,0.0,3333.55
20818.38,71.83,100,1.2125,3333.55
20818.38,71.82,100,0.0,3333.55
20818.38,71.71,100,2.4125,3333.55
20818.38,71.72,100,0.0,3333.55
20818.38,73.02,91,0.0,3333.55
20818.38,72.76,91,1.2125,3333.55
20818.38,72.84,100,0.0,3333.55
20818.38,72.92,100,0.0,3333.55
20818.38,72.95,100,1.2125,3333.55
20818.38,73.08,100,0.0,3333.55
20818.38,73.02,100,0.0,3333.55
20818.38,73.09,100,1.2125,3333.55
20818.38,73.28,100,0.0,3333.55
20818.38,73.28,100,0.0,3333.55
20818.38,73.36,100,0.0,3333.55
20818.38,72.6,100,1.2125,3333.55
20818.38,72.6,100,0.0,3333.55
20818.38,72.5,100,0.0,3333.55
20818.38,72.27,100,1.2125,3333.55
20818.38,72.25,100,0.0,3333.55
20818.38,72.21,100,0.0,3333.55
20818.38,72.25,100,1.2125,3333.55
20818.38,72.2,100,1.2375,3333.55
20818.38,69.91,100,1.1875,3333.55
20818.38,69.17,92,1.2125,3333.55
20818.38,69.16,100,0.0,3333.55
20818.38,69.33,100,0.0,3333.55
20818.38,69.32,100,1.2125,3333.55
20818.38,69.36,100,0.0,3333.55
20818.38,69.45,100,0.0,3333.55
20818.38,69.45,100,1.2125,3333.55
20818.38,69.42,100,0.0,3333.55
20818.38,69.3,100,0.0,3333.55
20818.38,71.29,100,1.2125,3333.55
20818.38,71.29,100,0.0,3333.55
20818.38,72.0,100,0.0,3333.55
20818.38,72.22,100,0.0,3333.55
20818.38,72.12,100,1.25,3333.55
20818.38,72.05,100,0.0,3333.55
20818.38,71.92,100,0.0,3333.55
20818.38,71.84,100,0.0,3333.55
20818.38,71.82,100,1.2125,3333.55
20818.38,71.96,100,2.425,3333.55
20818.38,73.05,92,0.0,3333.55
20818.38,72.7,92,0.0,3333.55
20818.38,72.89,100,0.0,3333.55
20818.38,73.01,100,1.225,3333.55
20818.38,72.98,100,1.225,3333.55
20818.38,72.86,100,0.0,3333.55
20818.38,72.78,100,1.2125,3333.55
20818.38,72.7,100,0.0,3333.55
20818.38,72.67,100,0.0,3333.55
20818.38,72.72,100,0.0,3333.55
20818.38,72.67,100,1.2125,3333.55
20818.38,71.54,100,0.0,3333.55
20818.38,72.24,100,0.0,3333.55
20818.38,72.24,100,2.425,3333.68
20818.38,74.05,92,0.0,3333.68
20818.38,73.26,92,0.0,3333.68
20818.38,73.33,100,0.0,3333.68
20818.38,73.65,100,1.2125,3333.68
20818.38,73.81,100,0.0,3333.68
20818.38,73.77,100,0.0,3333.68
20818.38,73.58,100,1.2125,3333.68
20818.38,73.62,100,0.0,3333.68
20818.38,73.85,100,0.0,3333.68
20818.38,73.89,100,1.2,3333.68
20818.38,73.62,100,0.0,3333.68
20818.38,71.52,100,0.0,3333.68
20818.38,72.23,100,1.2125,3333.68
20818.38,72.25,100,0.0,3333.68
20818.38,71.94,100,0.0,3333.68
20818.38,71.96,100,1.2125,3333.68
20818.38,72.13,100,1.2125,3333.68
20818.38,72.25,100,0.0,3333.68
20818.38,72.25,100,0.0,3333.68
20818.38,72.17,100,2.4125,3333.68
20818.38,71.97,100,0.0,3333.68
20818.38,71.51,100,1.2125,3333.68
20818.38,71.7,92,0.0,3333.68
20818.38,71.7,100,0.0,3333.68
20818.38,71.8,100,0.0,3333.68
20818.38,71.66,100,1.2125,3333.68
20818.38,71.77,100,0.0,3333.68
20818.38,71.66,100,0.0,3333.68
20818.38,71.53,100,1.2125,3333.68
20818.38,71.63,100,0.0,3333.68
20818.38,71.51,100,0.0,3333.68
20818.38,72.0,100,0.0,3333.68
20818.38,72.25,100,1.2125,3333.68
20818.38,72.14,100,0.0,3333.68
20818.38,71.96,100,0.0,3333.68
20818.38,71.94,100,1.2125,3333.68
20818.38,71.96,96,1.2125,3333.68
20818.38,70.78,96,1.2125,3333.68
20818.38,70.33,86,0.0,3333.68
20818.38,70.49,86,0.0,3333.68
20818.38,71.0,100,1.2125,3333.68
20818.38,71.21,100,1.2125,3333.68
20818.38,71.21,100,0.0,3333.68
20818.38,71.17,100,0.0,3333.68
20818.38,71.12,100,1.2125,3333.68
20818.38,71.07,100,0.0,3333.68
20818.38,71.08,100,0.0,3333.68
20818.38,70.96,100,1.2,3333.68
20818.38,71.92,100,0.0,3333.68
20818.38,72.38,100,0.0,3333.68
20818.38,72.41,100,1.2125,3333.68
20818.38,72.31,100,0.0,3333.68
20818.38,72.3,100,0.0,3333.68
20818.38,72.26,100,1.2125,3333.68
20818.38,72.16,100,0.0,3333.68
20818.38,72.11,100,0.0,3333.68
20818.38,72.07,100,2.425,3333.68
20818.38,73.72,100,1.2125,3333.68
20818.38,73.54,100,0.0,3333.68
20818.38,73.54,90,0.0,3333.68
20818.38,73.78,90,0.0,3333.68
20818.38,73.97,100,1.2125,3333.68
20818.38,74.02,100,0.0,3333.68
20818.38,74.0,100,0.0,3333.68
20818.38,73.91,100,0.0,3333.68
20818.38,73.89,100,1.2125,3333.68
20818.38,73.76,100,0.0,3333.68
20818.38,73.67,100,0.0,3333.68
20818.38,72.06,100,1.2125,3333.68
20818.38,72.43,100,0.0,3333.68
20818.38,72.33,100,0.0,3333.68
20818.38,72.28,100,1.2125,3333.68
20818.38,72.23,100,0.0,3333.68
20818.38,71.98,100,0.0,3333.68
20818.38,71.98,100,1.2125,3333.68
20818.38,72.02,100,0.0,3333.68
20818.38,71.99,100,1.225,3333.68
20818.38,73.48,100,0.0,3333.68
20818.38,72.86,93,2.425,3333.68
20818.38,73.05,93,0.0,3333.68
20818.38,73.25,100,0.0,3333.68
20818.38,73.42,100,1.2125,3333.68
20818.38,73.18,100,0.0,3333.68
20818.38,73.06,100,0.0,3333.68
20818.38,73.03,100,1.2,3333.68
20818.38,72.97,100,0.0,3333.68
20818.38,72.87,100,0.0,3333.68
20818.38,71.39,100,1.2125,3333.68
20818.38,72.15,100,0.0,3333.68
20818.38,72.19,100,0.0,3333.68
20818.38,72.16,100,1.2125,3333.68
20818.38,72.16,100,0.0,3333.68
20818.38,71.97,100,0.0,3333.68
20818.38,71.71,100,0.0,3333.68
20818.38,71.72,100,2.4375,3333.68
20818.38,71.79,100,0.0,3333.68
20818.38,71.78,100,2.4375,3333.68
20818.38,72.64,90,0.0,3333.68
20818.38,72.3,90,0.0,3333.68
20818.38,72.46,100,0.0,3333.68
20818.38,72.6,100,1.2125,3333.68
20818.38,72.67,100,0.0,3333.68
20818.38,72.71,100,1.2125,3333.68
20818.38,72.8,100,0.0,3333.68
20818.38,72.81,100,0.0,3333.68
20818.38,72.99,100,1.2125,3333.68
20818.38,72.96,100,0.0,3333.68
20818.38,72.96,100,0.0,3333.68
20818.38,72.17,100,0.0,3333.68
20818.38,72.65,100,1.2125,3333.68
20818.38,72.57,100,0.0,3333.68
20818.38,72.53,100,0.0,3333.68
20818.38,72.32,100,1.2125,3333.68
20818.38,72.25,100,0.0,3333.68
20818.38,72.2,100,0.0,3333.68
20818.38,72.08,100,0.0,3333.68
20818.38,70.0,94,2.4125,3333.68
20818.38,69.32,94,1.2125,3333.68
20818.38,69.27,97,0.0,3333.68
20818.38,69.58,97,0.0,3333.68
20818.38,69.58,97,1.2125,3333.68
20818.38,69.76,100,1.2125,3333.68
20818.38,69.67,100,0.0,3333.68
20818.38,69.58,100,1.2125,3333.68
20818.38,69.54,100,0.0,3333.68
20818.38,69.39,100,0.0,3333.68
20818.38,69.6,100,0.0,3333.68
20818.38,71.34,100,1.2125,3333.68
20818.38,72.03,100,0.0,3333.68
20818.38,72.34,100,0.0,3333.68
20818.38,72.26,100,2.4125,3333.68
20818.38,72.64,100,0.0,3333.68
20818.38,72.4,87,1.2125,3333.68
20818.38,71.84,87,0.0,3333.68
20818.38,71.89,100,0.0,3333.68
20818.38,72.12,100,1.225,3333.68
20818.38,72.27,100,0.0,3333.68
20818.38,72.27,100,0.0,3333.68
20818.38,72.5,100,2.4875,3333.68
20818.38,72.62,100,1.2375,3333.68
20818.38,72.5,100,0.0,3333.68
20818.38,72.41,100,0.0,3333.68
20818.38,71.61,100,1.2375,3333.68
20818.38,71.6,100,0.0,3333.68
20818.38,72.17,100,0.0,3333.68
20818.38,72.23,100,1.25,3333.68
20818.38,72.0,100,0.0,3333.68
20818.38,71.96,100,0.0,3333.68
20818.38,71.93,100,0.0,3333.68
20818.38,71.93,100,1.25,3333.68
20818.38,71.99,100,0.0,3333.68
20818.38,71.99,100,0.0,3333.68
20818.38,71.9,100,2.3875,3333.68
20818.38,73.77,100,1.175,3333.68
20818.38,73.37,85,1.2375,3333.68
20818.38,73.42,100,0.0,3333.68
20818.38,73.42,100,0.0,3333.68
20818.38,73.64,100,1.2375,3333.68
20818.38,73.84,100,0.0,3333.68
20818.38,74.03,100,0.0,3333.68
20818.38,74.06,100,0.0,3333.68
20818.38,73.91,100,1.2375,3333.68
20818.38,73.91,100,0.0,3333.68
20818.38,73.95,100,0.0,3333.68
20818.38,73.91,100,1.2375,3333.68
20818.38,72.05,100,0.0,3333.68
20818.38,72.43,100,0.0,3333.68
20818.38,72.38,100,1.225,3333.68
20818.38,73.73,100,2.3,3333.68
20818.38,72.91,86,0.0,3333.68
20818.38,73.03,86,0.0,3333.68
20818.38,73.27,100,1.25,3333.68
20818.38,73.5,100,0.0,3333.68
20818.38,73.47,100,0.0,3333.68
20818.38,73.57,100,0.0,3333.68
20818.38,73.64,100,1.2375,3333.68
20818.38,73.85,100,0.0,3333.68
20818.38,73.51,100,0.0,3333.68
20818.38,73.15,100,1.25,3333.68
20818.38,71.48,100,1.25,3333.68
20818.38,72.18,100,0.0,3333.68
20818.38,72.24,100,0.0,3333.68
20818.38,72.24,100,1.25,3333.68
20818.38,72.07,100,0.0,3333.68
20818.38,71.89,100,0.0,3333.68
20818.38,71.89,100,1.175,3333.68
20818.38,69.01,100,1.1875,3333.68
20818.38,68.07,100,1.2375,3333.68
20818.38,68.06,87,0.0,3333.68
20818.38,68.06,100,0.0,3333.68
20818.38,68.84,100,0.0,3333.68
20818.38,68.91,100,1.2125,3333.68
20818.38,68.91,100,0.0,3333.68
20818.38,68.62,100,0.0,3333.68
20818.38,68.66,100,1.2125,3333.68
20818.38,68.49,100,1.2125,3333.68
20818.38,68.33,100,0.0,3333.68
20818.38,71.19,100,0.0,3333.68
20818.38,71.83,100,1.2125,3333.68
20818.38,72.07,100,0.0,3333.68
20818.38,72.0,100,0.0,3333.68
20818.38,71.89,100,1.2125,3333.68
20818.38,71.69,100,0.0,3333.68
20818.38,71.68,100,0.0,3333.68
20818.38,71.66,100,0.0,3333.68
20818.38,71.62,100,2.2875,3333.68
20818.38,71.69,100,1.2,3333.68
20818.38,73.93,86,1.225,3333.68
20818.38,73.41,86,0.0,3333.68
20818.38,73.74,100,0.0,3333.68
20818.38,73.91,100,1.2125,3333.68
20818.38,73.97,100,0.0,3333.68
20818.38,74.01,100,0.0,3333.68
20818.38,74.07,100,1.2125,3333.68
20818.38,74.03,100,0.0,3333.68
20818.38,73.95,100,0.0,3333.68
20818.38,73.95,100,1.2125,3333.68
20818.38,71.59,100,0.0,3333.68
20818.38,72.24,100,0.0,3333.68
20818.38,72.22,100,1.2125,3333.68
20818.38,72.23,100,1.125,3333.68
20818.38,70.38,100,3.375,3333.68
20818.38,71.24,75,0.0,3333.68
20818.38,71.11,75,0.0,3333.68
20818.38,71.08,100,1.2375,3333.68
20818.38,71.38,100,0.0,3333.68
20818.38,71.72,100,0.0,3333.68
20818.38,72.04,100,1.2375,3333.68
20818.38,72.36,100,0.0,3333.68
20818.38,72.61,100,0.0,3333.68
20818.38,72.38,100,1.25,3333.68
20818.38,73.41,100,0.0,3333.68
20818.38,73.41,100,0.0,3333.68
20818.38,72.22,100,0.0,3333.68
20818.38,72.38,100,1.2375,3333.68
20818.38,72.38,100,0.0,3333.68
20818.38,72.33,100,0.0,3333.68
20818.38,72.35,100,1.25,3333.68
20818.38,72.3,100,0.0,3333.68
20818.38,72.27,100,0.0,3333.68
20818.38,72.03,100,0.0,3333.68
20818.38,71.96,100,1.2375,3333.68
20818.38,71.96,100,0.0,3333.68
20818.38,71.97,100,3.7375,3333.68
20818.38,73.33,90,0.0,3333.68
20818.38,73.04,90,0.0,3333.68
20818.38,72.7,100,1.2375,3333.68
20818.38,72.72,100,0.0,3333.68
20818.38,72.72,100,0.0,3333.68
20818.38,72.72,100,0.0,3333.68
20818.38,72.8,100,0.0,3333.68
20818.38,72.85,100,1.2375,3333.68
20818.38,73.05,100,0.0,3333.68
20818.38,73.14,100,0.0,3333.68
20818.38,73.14,100,1.2375,3333.68
20818.38,72.14,100,0.0,3333.68
20818.38,72.14,100,0.0,3333.68
20818.38,72.45,100,1.2375,3333.68
20818.38,72.43,100,0.0,3333.68
20818.38,72.4,100,0.0,3333.68
20818.38,72.26,100,0.0,3333.68
20818.38,72.06,100,1.2375,3333.68
20818.38,72.03,100,0.0,3333.68
20818.38,72.07,100,0.0,3333.68
20818.38,71.92,100,1.2375,3333.68
20818.38,71.92,79,2.4875,3333.68
20818.38,68.43,79,0.0,3333.68
20818.38,67.89,100,1.2125,3333.68
20818.38,67.92,100,0.0,3333.68
20818.38,67.99,100,0.0,3333.68
20818.38,68.16,100,0.0,3333.68
20818.38,68.48,100,1.2125,3333.68
20818.38,68.7,100,0.0,3333.68
20818.38,68.73,100,0.0,3333.68
20818.38,68.66,100,1.2125,3333.68
20818.38,68.58,100,0.0,3333.68
20818.38,68.58,100,0.0,3333.68
20818.38,72.08,100,0.0,3333.68
20818.38,72.57,100,1.2125,3333.68
20818.38,72.24,100,0.0,3333.68
20818.38,72.24,100,0.0,3333.68
20818.38,72.19,100,1.2125,3333.68
20818.38,72.16,100,0.0,3333.68
20818.38,72.05,100,0.0,3333.68
20818.38,71.9,100,1.2125,3333.68
20818.38,71.85,100,1.2125,3333.68
20818.38,73.24,100,1.2125,3333.68
20818.38,72.61,91,1.2125,3333.68
20818.38,72.86,91,0.0,3333.68
20818.38,73.25,100,0.0,3333.68
20818.38,73.37,100,1.2125,3333.68
20818.38,73.45,100,0.0,3333.68
20818.38,73.38,100,0.0,3333.68
20818.38,73.18,100,1.175,3333.68
20818.38,73.15,100,0.0,3333.68
20818.38,73.19,100,0.0,3333.68
20818.38,73.14,100,1.2125,3333.68
20818.38,71.77,100,0.0,3333.68
20818.38,72.39,100,0.0,3333.68
20818.38,72.39,100,1.2125,3333.68
20818.38,72.36,100,0.0,3333.68
20818.38,72.31,100,0.0,3333.68
20818.38,72.05,100,0.0,3333.68
20818.38,71.85,100,2.4125,3333.68
20818.38,71.9,79,0.0,3333.68
20818.38,74.28,79,1.2125,3333.68
20818.38,73.79,100,0.0,3333.68
20818.38,74.47,100,0.0,3333.68
20818.38,74.83,100,1.2125,3333.68
20818.38,75.0,100,0.0,3333.68
20818.38,74.88,100,0.0,3333.68
20818.38,74.7,100,2.425,3333.68
20818.38,74.73,100,0.0,3333.68
20818.38,74.57,100,0.0,3333.68
20818.38,74.44,100,0.0,3333.68
20818.38,74.44,100,1.2125,3333.68
20818.38,72.43,100,0.0,3333.68
20818.38,72.35,100,0.0,3333.68
20818.38,72.35,100,0.0,3333.68
20818.38,72.44,100,1.225,3333.68
20818.38,72.37,100,0.0,3333.68
20818.38,72.14,100,0.0,3333.68
20818.38,72.14,100,1.2125,3333.68
20818.38,72.03,100,1.2,3333.68
20818.38,72.02,98,1.225,3333.68
20818.38,72.01,98,0.0,3333.68
20818.38,71.95,90,0.0,3333.68
20818.38,72.31,90,1.2,3333.68
20818.38,72.42,100,0.0,3333.68
20818.38,72.4,100,0.0,3333.68
20818.38,72.4,100,1.2125,3333.68
20818.38,72.36,100,0.0,3333.68
20818.38,72.25,100,0.0,3333.68
20818.38,72.16,100,1.2125,3333.68
20818.38,72.13,100,0.0,3333.68
20818.38,72.17,100,1.2125,3333.68
20818.38,72.41,100,1.2125,3333.68
20818.38,72.3,100,0.0,3333.68
20818.38,72.3,100,0.0,3333.68
20818.38,72.17,100,0.0,3333.68
20818.38,72.06,100,2.425,3333.68
20818.38,73.14,92,0.0,3333.68
20818.38,72.5,92,0.0,3333.68
20818.38,72.54,100,1.2125,3333.68
20818.38,72.64,100,0.0,3333.68
20818.38,72.74,100,0.0,3333.68
20818.38,73.0,100,1.2125,3333.68
20818.38,73.11,100,0.0,3333.68
20818.38,73.11,100,0.0,3333.68
20818.38,72.99,100,1.2125,3333.68
20818.38,73.0,100,0.0,3333.68
20818.38,72.9,100,0.0,3333.68
20818.38,71.61,100,1.2125,3333.68
20818.38,72.12,100,0.0,3333.68
20818.38,72.13,100,0.0,3333.68
20818.38,72.24,100,2.425,3333.68
20818.38,70.53,100,0.0,3333.68
20818.38,70.43,89,1.2125,3333.68
20818.38,69.99,89,0.0,3333.68
20818.38,69.65,100,0.0,3333.68
20818.38,69.77,100,0.0,3333.68
20818.38,69.77,100,1.2125,3333.68
20818.38,69.77,100,0.0,3333.68
20818.38,69.9,100,0.0,3333.68
20818.38,70.08,100,1.2125,3333.68
20818.38,70.06,100,0.0,3333.68
20818.38,70.16,100,1.2125,3333.68
20818.38,71.95,100,1.2125,3333.68
20818.38,71.85,100,0.0,3333.68
20818.38,72.02,100,0.0,3333.68
20818.38,72.29,100,0.0,3333.68
20818.38,72.18,100,1.225,3333.68
20818.38,72.11,100,0.0,3333.68
20818.38,72.07,100,0.0,3333.68
20818.38,72.07,100,0.0,3333.68
20818.38,72.42,100,1.225,3333.68
20818.38,72.16,100,0.0,3333.68
20818.38,72.06,100,1.225,3333.68
20818.38,73.17,92,0.0,3333.68
20818.38,72.78,92,1.2125,3333.68
20818.38,72.81,100,0.0,3333.68
20818.38,72.98,100,0.0,3333.68
20818.38,72.91,100,1.225,3333.68
20818.38,72.89,100,0.0,3333.68
20818.38,73.06,100,0.0,3333.68
20818.38,73.06,100,0.0,3333.68
20818.38,72.95,100,0.0,3333.68
20818.38,72.76,100,1.25,3333.68
20818.38,72.95,100,0.0,3333.68
20818.38,72.93,100,0.0,3333.68
20818.38,71.84,100,1.2375,3333.68
20818.38,72.38,100,0.0,3333.68
20818.38,72.23,100,1.2375,3333.68
20818.38,71.93,100,0.0,3333.68
20818.38,72.03,100,1.25,3333.68
20818.38,71.88,100,0.0,3333.68
20818.38,71.93,100,0.0,3333.68
20818.38,72.01,100,2.325,3333.68
20818.38,69.33,92,0.0,3333.68
20818.38,68.73,92,1.2375,3333.68
20818.38,68.67,97,0.0,3333.68
20818.38,68.85,97,0.0,3333.68
20818.38,69.0,100,1.2375,3333.68
20818.38,69.14,100,0.0,3333.68
20818.38,69.08,100,0.0,3333.68
20818.38,69.01,100,1.2375,3333.68
20818.38,69.01,100,0.0,3333.68
20818.38,68.83,100,0.0,3333.68
20818.38,68.83,100,0.0,3333.68
20818.38,71.24,100,1.2375,3333.68
20818.38,71.89,100,0.0,3333.68
20818.38,72.17,100,0.0,3333.68
20818.38,72.08,100,2.4875,3333.68
20818.38,72.04,100,0.0,3333.68
20818.38,72.04,90,1.25,3333.68
20818.38,72.13,90,0.0,3333.68
20818.38,72.13,100,0.0,3333.68
20818.38,72.33,100,1.2375,3333.68
20818.38,72.4,100,0.0,3333.68
20818.38,72.31,100,0.0,3333.68
20818.38,72.32,100,1.2375,3333.68
20818.38,72.43,100,0.0,3333.68
20818.38,72.42,100,0.0,3333.68
20818.38,72.21,100,0.0,3333.68
20818.38,72.07,100,1.25,3333.68
20818.38,72.31,100,0.0,3333.68
20818.38,72.18,100,0.0,3333.68
20818.38,72.12,100,1.2375,3333.68
20818.38,72.06,100,0.0,3333.68
20818.38,72.08,100,1.2375,3333.68
20818.38,72.08,100,0.0,3333.68
20818.38,73.21,100,3.375,3333.68
20818.38,73.13,85,0.0,3333.68
20818.38,72.91,85,1.2375,3333.68
20818.38,72.91,99,0.0,3333.68
20818.38,73.2,99,0.0,3333.68
20818.38,73.29,100,0.0,3333.68
20818.38,73.39,100,1.2125,3333.68
20818.38,73.45,100,0.0,3333.68
20818.38,73.45,100,0.0,3333.68
20818.38,73.39,100,0.0,3333.68
20818.38,73.37,100,1.2125,3333.68
20818.38,73.36,100,0.0,3333.68
20818.38,72.11,100,0.0,3333.68
20818.38,72.0,100,1.2125,3333.68
20818.38,72.43,100,1.225,3333.68
20818.38,72.32,100,0.0,3333.68
20818.38,72.12,100,1.2125,3333.68
20818.38,72.0,100,0.0,3333.68
20818.38,71.94,100,0.0,3333.68
20818.38,71.97,100,1.2125,3333.68
20818.38,71.95,100,0.0,3333.68
20818.38,71.82,100,2.4375,3333.68
20818.38,73.55,91,0.0,3333.68
20818.38,73.11,91,0.0,3333.68
20818.38,73.2,91,0.0,3333.68
20818.38,73.23,100,1.2125,3333.68
20818.38,73.27,100,0.0,3333.68
20818.38,73.89,100,0.0,3333.68
20818.38,73.44,100,1.2125,3333.68
20818.38,73.56,100,0.0,3333.68
20818.38,73.57,100,0.0,3333.68
20818.38,73.58,100,1.2125,3333.68
20818.38,73.58,100,0.0,3333.68
20818.38,71.88,100,0.0,3333.68
20818.38,72.53,100,1.2125,3333.68
20818.38,72.52,100,0.0,3333.68
20818.38,72.44,100,0.0,3333.68
20818.38,72.21,100,0.0,3333.68
20818.38,72.04,100,2.4,3333.68
20818.38,72.04,100,1.2,3333.68
20818.38,72.54,89,0.0,3333.68
20818.38,72.37,89,0.0,3333.68
20818.38,72.21,99,0.0,3333.68
20818.38,72.53,100,1.2125,3333.68
20818.38,73.03,100,0.0,3333.68
20818.38,73.03,100,1.2125,3333.68
20818.38,72.74,100,0.0,3333.68
20818.38,72.73,100,1.2125,3333.68
20818.38,72.85,100,0.0,3333.68
20818.38,72.76,100,0.0,3333.68
20818.38,72.1,100,1.2125,3333.68
20818.38,72.21,100,0.0,3333.68
20818.38,72.49,100,0.0,3333.68
20818.38,72.49,100,0.0,3333.68
20818.38,72.42,100,1.2125,3333.68
20818.38,72.22,100,0.0,3333.68
20818.38,72.22,100,0.0,3333.68
20818.38,72.03,100,1.2125,3333.68
20818.38,72.14,100,0.0,3333.68
20818.38,71.99,100,0.0,3333.68
20818.38,71.96,100,2.4125,3333.68
20818.38,73.84,88,1.2,3333.68
20818.38,73.27,88,0.0,3333.68
20818.38,73.37,100,0.0,3333.68
20818.38,73.52,100,1.2125,3333.68
20818.38,73.55,100,0.0,3333.68
20818.38,73.71,100,0.0,3333.68
20818.38,73.78,100,1.2125,3333.68
20818.38,73.72,100,0.0,3333.68
20818.38,73.7,100,0.0,3333.68
20818.38,73.62,100,1.2125,3333.68
20818.38,71.65,100,0.0,3333.68
20818.38,72.27,100,0.0,3333.68
20818.38,72.2,100,1.2125,3333.68
20818.38,72.2,100,0.0,3333.68
20818.38,72.18,100,0.0,3333.68
20818.38,71.89,100,1.2125,3333.68
20818.38,71.89,100,0.0,3333.68
20818.38,71.89,100,0.0,3333.68
20818.38,71.86,100,2.425,3333.68
20818.38,71.81,100,1.2125,3333.68
20818.38,71.79,100,1.2125,3333.68
20818.38,72.06,100,0.0,3333.68
20818.38,71.84,91,0.0,3333.68
20818.38,72.12,91,1.2125,3333.68
20818.38,72.24,100,0.0,3333.68
20818.38,72.24,100,0.0,3333.68
20818.38,72.18,100,1.2,3333.68
20818.38,72.2,100,0.0,3333.68
20818.38,72.16,100,0.0,3333.68
20818.38,72.33,100,1.2125,3333.68
20818.38,72.32,100,0.0,3333.68
20818.38,72.05,100,0.0,3333.68
20818.38,72.49,100,1.2,3333.68
20818.38,72.38,100,0.0,3333.68
20818.38,72.4,100,0.0,3333.68
20818.38,72.22,100,0.0,3333.68
20818.38,72.09,100,1.225,3333.68
20818.38,72.02,100,0.0,3333.68
20818.38,71.98,100,0.0,3333.68
20818.38,71.97,100,2.425,3333.68
20818.38,68.51,86,0.0,3333.68
20818.38,67.95,86,1.2125,3333.68
20818.38,68.46,100,0.0,3333.68
20818.38,68.56,100,0.0,3333.68
20818.38,68.58,100,1.2125,3333.68
20818.38,68.66,100,0.0,3333.68
20818.38,68.62,100,0.0,3333.68
20818.38,68.62,100,1.2125,3333.68
20818.38,68.64,100,0.0,3333.68
20818.38,68.64,100,0.0,3333.68
20818.38,68.55,100,0.0,3333.68
20818.38,71.81,100,1.2125,3333.68
20818.38,72.37,100,0.0,3333.68
20818.38,72.31,100,0.0,3333.68
20818.38,72.31,100,1.2125,3333.68
20818.38,72.26,100,0.0,3333.68
20818.38,72.09,100,1.2,3333.68
20818.38,72.09,100,0.0,3333.68
20818.38,72.09,100,0.0,3333.68
20818.38,72.04,100,2.425,3333.68
20818.38,71.94,91,0.0,3333.68
20818.38,71.82,91,0.0,3333.68
20818.38,72.19,100,1.225,3333.68
20818.38,72.35,100,0.0,3333.68
20818.38,72.38,100,1.225,3333.68
20818.38,72.32,100,0.0,3333.68
20818.38,72.32,100,0.0,3333.68
20818.38,72.16,100,0.0,3333.68
20818.38,72.02,100,1.2375,3333.68
20818.38,72.02,100,0.0,3333.68
20818.38,71.99,100,0.0,3333.68
20818.38,72.0,100,0.0,3333.68
20818.38,72.38,100,0.0,3333.68
20818.38,72.4,100,1.225,3333.68
20818.38,72.29,100,0.0,3333.68
20818.38,72.1,100,0.0,3333.68
20818.38,71.91,100,0.0,3333.68
20818.38,71.84,100,0.0,3333.68
20818.38,71.77,100,1.2125,3333.68
20818.38,71.8,100,1.2,3333.68
20818.38,73.19,92,0.0,3333.68
20818.38,73.19,92,1.2125,3333.68
20818.38,72.56,100,0.0,3333.68
20818.38,72.56,100,0.0,3333.68
20818.38,72.6,100,0.0,3333.68
20818.38,72.8,100,1.2125,3333.68
20818.38,72.85,100,0.0,3333.68
20818.38,72.88,100,0.0,3333.68
20818.38,72.94,100,1.2125,3333.68
20818.38,73.01,100,0.0,3333.68
20818.38,73.01,100,0.0,3333.68
20818.38,71.52,100,1.2125,3333.68
20818.38,71.6,100,0.0,3333.68
20818.38,72.28,100,0.0,3333.68
20818.38,72.27,100,1.2,3333.68
20818.38,72.25,100,0.0,3333.68
20818.38,72.22,100,0.0,3333.68
20818.38,71.98,100,1.2125,3333.68
20818.38,72.0,100,0.0,3333.68
20818.38,72.02,100,0.0,3333.68
20818.38,71.92,100,1.2,3333.68
20818.38,71.96,100,1.2125,3333.68
20818.38,72.04,100,1.2125,3333.68
20818.38,71.81,91,0.0,3333.68
20818.38,71.96,91,0.0,3333.68
20818.38,72.02,100,2.4375,3333.68
20818.38,72.09,100,0.0,3333.68
20818.38,72.0,100,0.0,3333.68
20818.38,72.07,100,0.0,3333.68
20818.38,72.06,100,1.2125,3333.68
20818.38,71.99,100,0.0,3333.68
20818.38,72.11,100,0.0,3333.68
20818.38,72.06,100,1.2125,3333.68
20818.38,71.96,100,0.0,3333.68
20818.38,72.29,100,0.0,3333.68
20818.38,72.11,100,0.0,3333.68
20818.38,71.86,100,1.2125,3333.68
20818.38,71.86,100,0.0,3333.68
20818.38,71.84,100,2.425,3333.68
20818.38,73.03,92,0.0,3333.68
20818.38,72.81,92,0.0,3333.68
20818.38,72.81,100,1.2125,3333.68
20818.38,72.79,100,0.0,3333.68
20818.38,72.92,100,0.0,3333.68
20818.38,73.22,100,0.0,3333.68
20818.38,73.34,100,1.2125,3333.68
20818.38,73.15,100,0.0,3333.68
20818.38,73.03,100,0.0,3333.68
20818.38,73.16,100,1.2,3333.68
20818.38,73.16,100,1.2125,3333.68
20818.38,72.26,100,0.0,3333.68
20818.38,72.11,100,2.4,3333.68
20818.38,71.79,89,0.0,3333.68
20818.38,71.14,89,1.25,3333.68
20818.38,71.06,100,0.0,3333.68
20818.38,71.19,100,0.0,3333.68
20818.38,71.41,100,0.0,3333.68
20818.38,71.54,100,0.0,3333.68
20818.38,71.54,100,1.2125,3333.68
20818.38,71.34,100,0.0,3333.68
20818.38,71.34,100,0.0,3333.68
20818.38,71.32,100,1.225,3333.68
20818.38,71.32,100,0.0,3333.68
20818.38,71.54,100,0.0,3333.68
20818.38,72.26,100,0.0,3333.68
20818.38,72.41,100,0.0,3333.68
20818.38,72.38,100,1.2125,3333.68
20818.38,72.19,100,0.0,3333.68
20818.38,71.98,100,0.0,3333.68
20818.38,72.03,100,1.2125,3333.68
20818.38,72.05,100,0.0,3333.68
20818.38,72.03,100,0.0,3333.68
20818.38,72.07,100,2.4375,3333.68
20818.38,73.78,100,1.2125,3333.68
20818.38,73.23,94,0.0,3333.68
20818.38,73.33,100,0.0,3333.68
20818.38,73.35,100,1.2125,3333.68
20818.38,73.22,100,0.0,3333.68
20818.38,73.29,100,0.0,3333.68
20818.38,73.3,100,1.2125,3333.68
20818.38,73.36,100,0.0,3333.68
20818.38,73.53,100,0.0,3333.68
20818.38,73.53,100,1.225,3333.68
20818.38,73.56,100,0.0,3333.68
20818.38,71.78,100,0.0,3333.68
20818.38,72.59,100,1.2125,3333.68
20818.38,72.59,100,0.0,3333.68
20818.38,72.45,100,0.0,3333.68
20818.38,72.21,100,1.2125,3333.68
20818.38,72.27,100,0.0,3333.68
20818.38,72.27,100,0.0,3333.68
20818.38,72.26,100,0.0,3333.68
20818.38,71.27,100,2.375,3333.68
20818.38,70.62,91,0.0,3333.68
20818.38,70.5,91,0.0,3333.68
20818.38,70.69,100,1.25,3333.68
20818.38,70.7,100,0.0,3333.68
20818.38,70.68,100,0.0,3333.68
20818.38,70.72,100,0.0,3333.68
20818.38,70.72,100,1.2375,3333.68
20818.38,70.69,100,0.0,3333.68
20818.38,70.61,100,0.0,3333.68
20818.38,70.49,100,1.25,3333.68
20818.38,71.36,100,0.0,3333.68
20818.38,71.95,100,0.0,3333.68
20818.38,72.35,100,0.0,3333.68
20818.38,72.23,100,1.2375,3333.68
20818.38,72.11,100,0.0,3333.68
20818.38,72.08,100,1.25,3333.68
20818.38,72.05,100,0.0,3333.68
20818.38,72.03,100,0.0,3333.68
20818.38,72.16,100,0.0,3333.68
20818.38,72.24,100,2.4875,3333.68
20818.38,73.78,92,1.25,3333.68
20818.38,73.5,92,0.0,3333.68
20818.38,73.73,92,0.0,3333.68
20818.38,73.73,100,0.0,3333.68
20818.38,73.88,100,1.25,3333.68
20818.38,73.88,100,0.0,3333.68
20818.38,73.69,100,0.0,3333.68
20818.38,73.73,100,1.2375,3333.68
20818.38,73.84,100,0.0,3333.68
20818.38,73.76,100,1.2125,3333.68
20818.38,73.72,100,1.225,3333.68
20818.38,71.74,100,0.0,3333.68
20818.38,71.98,92,0.0,3333.68
20818.38,72.11,92,1.2375,3333.68
20818.38,72.07,100,0.0,3333.68
20818.38,72.08,100,0.0,3333.68
20818.38,72.11,100,1.2375,3333.68
20818.38,72.1,100,0.0,3333.68
20818.38,72.03,100,0.0,3333.68
20818.38,71.87,100,2.4875,3333.68
20818.38,71.85,100,0.0,3333.68
20818.38,71.77,100,0.0,3333.68
20818.38,71.99,100,1.25,3333.68
20818.38,71.99,100,0.0,3333.68
20818.38,72.26,100,0.0,3333.68
20818.38,72.07,100,1.25,3333.68
20818.38,71.85,100,0.0,3333.68
20818.38,71.87,100,0.0,3333.68
20818.38,71.9,100,0.0,3333.68
20818.38,72.03,100,1.2125,3333.68
20818.38,72.04,100,1.225,3333.68
20818.38,73.34,100,1.2125,3333.68
20818.38,72.76,91,0.0,3333.68
20818.38,73.01,91,0.0,3333.68
20818.38,73.07,100,1.2125,3333.68
20818.38,73.15,100,0.0,3333.68
20818.38,73.24,100,0.0,3333.68
20818.38,73.38,100,1.2125,3333.68
20818.38,73.28,100,0.0,3333.68
20818.38,73.16,100,0.0,3333.68
20818.38,73.08,100,1.2125,3333.68
20818.38,71.65,100,0.0,3333.68
20818.38,72.34,100,0.0,3333.68
20818.38,72.36,100,1.2125,3333.68
20818.38,72.29,100,0.0,3333.68
20818.38,72.16,100,0.0,3333.68
20818.38,72.16,100,0.0,3333.68
20818.38,72.03,100,1.175,3333.68
20818.38,72.02,100,0.0,3333.68
20818.38,71.98,100,1.2125,3333.68
20818.38,72.05,100,2.425,3333.68
20818.38,72.0,90,1.2125,3333.68
20818.38,71.84,90,0.0,3333.68
20818.38,71.72,100,0.0,3333.68
20818.38,72.15,100,1.2125,3333.68
20818.38,72.24,100,0.0,3333.68
20818.38,72.2,100,0.0,3333.68
20818.38,72.12,100,0.0,3333.68
20818.38,72.07,100,1.225,3333.68
20818.38,71.98,100,0.0,3333.68
20818.38,71.98,100,0.0,3333.68
20818.38,71.94,100,1.2125,3333.68
20818.38,72.06,100,0.0,3333.68
20818.38,72.28,100,0.0,3333.68
20818.38,72.19,97,2.425,3333.68
20818.38,70.72,97,0.0,3333.68
20818.38,70.37,97,1.2125,3333.68
20818.38,70.61,95,0.0,3333.68
20818.38,70.74,95,0.0,3333.68
20818.38,70.74,100,1.2125,3333.68
20818.38,70.7,100,0.0,3333.68
20818.38,70.77,100,0.0,3333.68
20818.38,70.77,100,0.0,3333.68
20818.38,71.1,100,1.2125,3333.68
20818.38,71.04,100,0.0,3333.68
20818.38,71.11,100,0.0,3333.68
20818.38,71.6,100,1.2125,3333.68
20818.38,71.89,100,0.0,3333.68
20818.38,72.3,100,1.2125,3333.68
20818.38,72.17,100,0.0,3333.68
20818.38,72.03,100,0.0,3333.68
20818.38,72.08,100,1.2125,3333.68
20818.38,72.16,100,0.0,3333.68
20818.38,72.11,100,0.0,3333.68
20818.38,72.23,100,1.1875,3333.68
20818.38,69.13,100,2.425,3333.68
20818.38,69.26,85,1.2125,3333.68
20818.38,68.66,85,0.0,3333.68
20818.38,68.59,100,0.0,3333.68
20818.38,68.74,100,0.0,3333.68
20818.38,68.86,100,1.2125,3333.68
20818.38,68.86,100,0.0,3333.68
20818.38,69.03,100,0.0,3333.68
20818.38,69.03,100,1.2125,3333.68
20818.38,68.93,100,0.0,3333.68
20818.38,69.03,100,0.0,3333.68
20818.38,71.82,100,0.0,3333.68
20818.38,71.7,100,1.2125,3333.68
20818.38,72.27,100,0.0,3333.68
20818.38,72.29,100,0.0,3333.68
20818.38,72.19,100,0.0,3333.68
20818.38,72.13,100,1.2125,3333.68
20818.38,71.94,100,1.2125,3333.68
20818.38,71.89,100,0.0,3333.68
20818.38,71.96,100,1.2125,3333.68
20818.38,71.78,100,0.0,3333.68
20818.38,71.78,100,2.425,3333.68
20818.38,71.78,100,0.0,3333.68
20818.38,72.35,92,0.0,3333.68
20818.38,72.08,92,1.2125,3333.68
20818.38,72.21,100,0.0,3333.68
20818.38,72.32,100,0.0,3333.68
20818.38,72.41,100,0.0,3333.68
20818.38,72.42,100,1.1875,3333.68
20818.38,72.5,100,1.1875,3333.68
20818.38,70.52,91,1.225,3333.68
20818.38,69.67,91,0.0,3333.68
20818.38,69.66,100,1.2125,3333.68
20818.38,69.25,100,0.0,3333.68
20818.38,69.71,100,0.0,3333.68
20818.38,69.68,100,1.2125,3333.68
20818.38,69.52,100,0.0,3333.68
20818.38,69.47,100,0.0,3333.68
20818.38,69.36,100,1.2125,3333.68
20818.38,69.43,100,0.0,3333.68
20818.38,71.25,100,0.0,3333.68
20818.38,72.03,100,0.0,3333.68
20818.38,72.05,100,1.2125,3333.68
20818.38,72.12,100,0.0,3333.68
20818.38,72.31,100,2.4375,3333.68
20818.38,73.22,91,0.0,3333.68
20818.38,72.24,91,0.0,3333.68
20818.38,72.47,100,1.2125,3333.68
20818.38,72.58,100,1.2125,3333.68
20818.38,72.58,100,0.0,3333.68
20818.38,72.39,100,0.0,3333.68
20818.38,72.4,100,1.2125,3333.68
20818.38,72.41,100,0.0,3333.68
20818.38,72.47,100,0.0,3333.68
20818.38,72.47,100,1.2125,3333.68
20818.38,72.34,100,0.0,3333.68
20818.38,71.22,100,0.0,3333.68
20818.38,72.05,100,0.0,3333.68
20818.38,71.86,100,1.2125,3333.68
20818.38,71.8,100,0.0,3333.68
20818.38,71.84,100,0.0,3333.68
20818.38,71.9,100,1.2125,3333.68
20818.38,71.9,100,0.0,3333.68
20818.38,71.9,100,0.0,3333.68
20818.38,71.99,100,2.425,3333.68
20818.38,71.99,92,0.0,3333.68
20818.38,72.58,92,1.2125,3333.68
20818.38,72.36,100,0.0,3333.68
20818.38,72.54,100,0.0,3333.68
20818.38,72.58,100,0.0,3333.68
20818.38,72.63,100,1.2125,3333.68
20818.38,72.63,100,0.0,3333.68
20818.38,72.67,100,0.0,3333.68
20818.38,72.72,100,1.2125,3333.68
20818.38,72.78,100,0.0,3333.68
20818.38,72.68,100,1.2125,3333.68
20818.38,71.93,100,0.0,3333.68
20818.38,72.34,100,1.2125,3333.68
20818.38,72.28,100,0.0,3333.68
20818.38,72.03,100,0.0,3333.68
20818.38,72.15,100,1.2125,3333.68
20818.38,72.1,100,0.0,3333.68
20818.38,72.26,100,0.0,3333.68
20818.38,72.38,100,0.0,3333.68
20818.38,70.4,95,2.4375,3333.68
20818.38,69.74,95,1.2125,3333.68
20818.38,69.7,97,0.0,3333.68
20818.38,69.83,97,0.0,3333.68
20818.38,69.9,97,1.2125,3333.68
20818.38,69.98,100,0.0,3333.68
20818.38,69.98,100,0.0,3333.68
20818.38,69.97,100,0.0,3333.68
20818.38,69.93,100,1.2125,3333.68
20818.38,69.75,100,0.0,3333.68
20818.38,69.71,100,0.0,3333.68
20818.38,71.28,100,1.2125,3333.68
20818.38,71.96,100,0.0,3333.68
20818.38,71.96,100,0.0,3333.68
20818.38,72.24,100,0.0,3333.68
20818.38,72.12,100,1.2125,3333.68
20818.38,72.0,100,1.2125,3333.68
20818.38,72.0,100,0.0,3333.68
20818.38,72.0,100,0.0,3333.68
20818.38,71.89,100,1.2125,3333.68
20818.38,71.94,100,2.4375,3333.68
20818.38,73.01,100,0.0,3333.68
20818.38,72.63,90,0.0,3333.68
20818.38,72.89,90,1.2125,3333.68
20818.38,72.97,100,0.0,3333.68
20818.38,72.92,100,0.0,3333.68
20818.38,72.88,100,0.0,3333.68
20818.38,72.84,100,0.0,3333.68
20818.38,72.78,100,1.2125,3333.68
20818.38,72.75,100,0.0,3333.68
20818.38,72.9,100,0.0,3333.68
20818.38,71.65,100,1.2125,3333.68
20818.38,72.31,100,0.0,3333.68
20818.38,72.31,100,0.0,3333.68
20818.38,72.29,100,1.2125,3333.68
20818.38,72.14,100,0.0,3333.68
20818.38,72.07,100,0.0,3333.68
20818.38,72.0,100,0.0,3333.68
20818.38,71.92,100,2.4375,3333.68
20818.38,71.9,100,0.0,3333.68
20818.38,71.91,100,2.4375,3333.68
20818.38,70.76,91,0.0,3333.68
20818.38,70.86,91,0.0,3333.68
20818.38,70.28,99,0.0,3333.68
20818.38,70.34,99,1.2125,3333.68
20818.38,70.59,100,0.0,3333.68
20818.38,70.65,100,0.0,3333.68
20818.38,70.66,100,1.2125,3333.68
20818.38,70.71,100,0.0,3333.68
20818.38,70.67,100,0.0,3333.68
20818.38,70.92,100,1.2125,3333.68
20818.38,71.86,100,0.0,3333.68
20818.38,71.7,100,0.0,3333.68
20818.38,72.37,100,0.0,3333.68
20818.38,72.36,100,1.2125,3333.68
20818.38,72.35,100,0.0,3333.68
20818.38,72.13,100,0.0,3333.68
20818.38,72.06,100,0.0,3333.68
20818.38,71.99,100,1.2125,3333.68
20818.38,72.1,100,1.2125,3333.68
20818.38,72.1,100,0.0,3333.68
20818.38,69.93,100,2.425,3333.68
20818.38,69.93,100,0.0,3333.68
20818.38,69.45,92,1.2125,3333.68
20818.38,69.56,92,0.0,3333.68
20818.38,69.67,100,0.0,3333.68
20818.38,69.71,100,1.2125,3333.68
20818.38,69.74,100,0.0,3333.68
20818.38,69.83,100,0.0,3333.68
20818.38,69.94,100,1.2125,3333.68
20818.38,69.87,100,0.0,3333.68
20818.38,69.74,100,0.0,3333.68
20818.38,71.75,100,1.2125,3333.68
20818.38,72.34,100,0.0,3333.68
20818.38,72.46,100,0.0,3333.68
20818.38,72.3,100,0.0,3333.68
20818.38,72.17,100,1.2,3333.68
20818.38,72.17,100,0.0,3333.68
20818.38,72.11,100,2.425,3333.68
20818.38,71.96,100,0.0,3333.68
20818.38,73.4,100,1.2125,3333.68
20818.38,72.75,93,0.0,3333.68
20818.38,72.93,93,0.0,3333.68
20818.38,73.06,100,0.0,3333.68
20818.38,73.52,100,1.2125,3333.68
20818.38,73.39,100,0.0,3333.68
20818.38,73.37,100,0.0,3333.68
20818.38,73.27,100,1.2125,3333.68
20818.38,73.33,100,1.2125,3333.68
20818.38,73.25,100,0.0,3333.68
20818.38,71.67,100,0.0,3333.68
20818.38,72.23,100,1.2125,3333.68
20818.38,72.21,100,0.0,3333.68
20818.38,72.15,100,0.0,3333.68
20818.38,72.2,100,1.2,3333.68
20818.38,72.22,100,0.0,3333.68
20818.38,72.22,100,1.2125,3333.68
20818.38,72.11,100,0.0,3333.68
20818.38,72.1,100,2.425,3333.68
20818.38,70.03,100,0.0,3333.68
20818.38,69.33,91,0.0,3333.68
20818.38,69.25,91,0.0,3333.68
20818.38,69.52,100,1.2125,3333.68
20818.38,69.63,100,0.0,3333.68
20818.38,69.72,100,0.0,3333.68
20818.38,69.67,100,1.2125,3333.68
20818.38,69.56,100,0.0,3333.68
20818.38,69.57,100,0.0,3333.68
20818.38,69.4,100,1.2125,3333.68
20818.38,69.46,100,1.2125,3333.68
20818.38,71.31,100,0.0,3333.68
20818.38,72.05,100,1.2125,3333.68
20818.38,72.22,100,1.2125,3333.68
20818.38,73.55,92,0.0,3333.68
20818.38,72.87,92,1.2,3333.68
20818.38,72.96,100,0.0,3333.68
20818.38,73.18,100,0.0,3333.68
20818.38,73.2,100,1.2125,3333.68
20818.38,73.2,100,0.0,3333.68
20818.38,73.27,100,0.0,3333.68
20818.38,73.07,100,1.2125,3333.68
20818.38,73.16,100,0.0,3333.68
20818.38,73.38,100,0.0,3333.68
20818.38,73.1,100,1.2125,3333.68
20818.38,71.44,100,0.0,3333.68
20818.38,72.08,100,0.0,3333.68
20818.38,71.97,100,1.2125,3333.68
20818.38,71.82,100,0.0,3333.68
20818.38,71.73,100,0.0,3333.68
20818.38,71.95,100,1.2125,3333.68
20818.38,72.95,100,1.2125,3333.68
20818.38,72.45,90,1.2125,3333.68
20818.38,72.47,90,0.0,3333.68
20818.38,72.7,100,0.0,3333.68
20818.38,72.7,100,1.2125,3333.68
20818.38,73.02,100,0.0,3333.68
20818.38,73.01,100,1.2125,3333.68
20818.38,72.95,100,0.0,3333.68
20818.38,72.84,100,1.2125,3333.68
20818.38,72.86,100,0.0,3333.68
20818.38,72.88,100,0.0,3333.68
20818.38,72.65,100,0.0,3333.68
20818.38,71.6,100,1.2125,3333.68
20818.38,72.13,100,0.0,3333.68
20818.38,72.24,100,1.2125,3333.68
20818.38,72.13,100,1.2125,3333.68
20818.38,71.69,92,0.0,3333.68
20818.38,71.84,92,0.0,3333.68
20818.38,72.01,100,1.2125,3333.68
20818.38,71.98,100,1.2125,3333.68
20818.38,71.93,100,0.0,3333.68
20818.38,72.03,100,0.0,3333.68
20818.38,72.29,100,1.2125,3333.68
20818.38,72.29,100,0.0,3333.68
20818.38,72.32,100,0.0,3333.68
20818.38,72.42,100,1.2125,3333.68
20818.38,72.16,100,0.0,3333.68
20818.38,72.56,100,0.0,3333.68
20818.38,72.29,100,0.0,3333.68
20818.38,72.1,100,1.2125,3333.68
20818.38,72.1,100,0.0,3333.68
20818.38,72.22,100,0.0,3333.68
20818.38,72.39,100,0.0,3333.68
20818.38,72.39,100,1.2125,3333.68
20818.38,72.32,100,2.4375,3333.68
20818.38,71.22,90,0.0,3333.68
20818.38,70.5,90,0.0,3333.68
20818.38,70.67,100,0.0,3333.68
20818.38,70.67,100,1.2125,3333.68
20818.38,70.76,100,0.0,3333.68
20818.38,70.81,100,0.0,3333.68
20818.38,70.93,100,1.2125,3333.68
20818.38,71.03,100,0.0,3333.68
20818.38,70.94,100,0.0,3333.68
20818.38,70.77,100,1.225,3333.68
20818.38,70.66,100,1.2125,3333.68
20818.38,71.42,100,0.0,3333.68
20818.38,72.23,100,0.0,3333.68
20818.38,72.38,100,1.2125,3333.68
20818.38,72.23,100,0.0,3333.68
20818.38,72.36,100,0.0,3333.68
20818.38,72.31,100,1.2125,3333.68
20818.38,72.16,100,0.0,3333.68
20818.38,72.12,100,0.0,3333.68
20818.38,72.15,100,2.4375,3333.68
20818.38,73.3,92,0.0,3333.68
20818.38,72.73,92,0.0,3333.68
20818.38,72.83,100,1.2125,3333.68
20818.38,72.88,100,0.0,3333.68
20818.38,72.88,100,0.0,3333.68
20818.38,72.88,100,1.2125,3333.68
20818.38,72.93,100,0.0,3333.68
20818.38,72.83,100,0.0,3333.68
20818.38,72.78,100,0.0,3333.68
20818.38,72.97,100,1.2125,3333.68
20818.38,72.89,100,0.0,3333.68
20818.38,71.69,100,0.0,3333.68
20818.38,72.33,100,1.2125,3333.68
20818.38,72.29,100,1.2125,3333.68
20818.38,70.57,95,1.2125,3333.68
20818.38,69.71,95,0.0,3333.68
20818.38,69.53,97,0.0,3333.68
20818.38,69.73,100,1.2125,3333.68
20818.38,69.99,100,0.0,3333.68
20818.38,69.77,100,0.0,3333.68
20818.38,69.77,100,1.2125,3333.68
20818.38,69.79,100,0.0,3333.68
20818.38,69.9,100,0.0,3333.68
20818.38,69.9,100,1.2125,3333.68
20818.38,71.22,100,0.0,3333.68
20818.38,71.22,100,0.0,3333.68
20818.38,71.96,100,0.0,3333.68
20818.38,72.07,100,1.2125,3333.68
20818.38,72.03,100,0.0,3333.68
20818.38,71.83,100,1.2125,3333.68
20818.38,71.8,100,1.2125,3333.68
20818.38,71.83,100,0.0,3333.68
20818.38,71.94,100,0.0,3333.68
20818.38,71.92,100,2.425,3333.68
20818.38,73.38,100,0.0,3333.68
20818.38,72.96,90,0.0,3333.68
20818.38,73.19,90,1.2125,3333.68
20818.38,73.38,90,0.0,3333.68
20818.38,73.36,100,0.0,3333.68
20818.38,73.36,100,1.2125,3333.68
20818.38,73.42,100,0.0,3333.68
20818.38,73.43,100,0.0,3333.68
20818.38,73.51,100,1.2125,3333.68
20818.38,73.53,100,0.0,3333.68
20818.38,73.54,100,0.0,3333.68
20818.38,71.89,100,1.2125,3333.68
20818.38,72.53,100,1.1875,3333.68
20818.38,72.57,100,0.0,3333.68
20818.38,72.47,100,1.2125,3333.68
20818.38,72.39,100,0.0,3333.68
20818.38,72.51,100,0.0,3333.68
20818.38,72.39,100,1.2125,3333.68
20818.38,72.39,100,0.0,3333.68
20818.38,74.19,100,2.4125,3333.68
20818.38,74.19,100,0.0,3333.68
20818.38,73.52,89,1.2125,3333.68
20818.38,73.72,89,0.0,3333.68
20818.38,73.96,100,0.0,3333.68
20818.38,73.97,100,0.0,3333.68
20818.38,73.91,100,1.2125,3333.68
20818.38,73.88,100,0.0,3333.68
20818.38,73.78,100,0.0,3333.68
20818.38,73.62,100,1.2125,3333.68
20818.38,73.65,100,0.0,3333.68
20818.38,71.56,100,0.0,3333.68
20818.38,72.19,100,1.2,3333.68
20818.38,72.2,100,0.0,3333.68
20818.38,72.07,100,1.2125,3333.68
20818.38,71.92,100,0.0,3333.68
20818.38,71.83,100,0.0,3333.68
20818.38,71.75,100,2.4125,3333.68
20818.38,73.78,100,1.2125,3333.68
20818.38,73.03,90,0.0,3333.68
20818.38,73.09,90,0.0,3333.68
20818.38,73.09,90,0.0,3333.68
20818.38,73.33,100,2.425,3333.68
20818.38,73.77,100,0.0,3333.68
20818.38,73.76,100,0.0,3333.68
20818.38,73.65,100,1.2125,3333.68
20818.38,73.62,100,0.0,3333.68
20818.38,73.73,100,0.0,3333.68
20818.38,73.68,100,0.0,3333.68
20818.38,71.5,100,1.2125,3333.68
20818.38,72.22,100,0.0,3333.68
20818.38,72.17,100,0.0,3333.68
20818.38,72.17,100,1.2125,3333.68
20818.38,72.23,100,0.0,3333.68
20818.38,72.22,100,0.0,3333.68
20818.38,72.19,100,1.2125,3333.68
20818.38,72.11,100,0.0,3333.68
20818.38,71.93,100,2.4,3333.68
20818.38,73.61,90,0.0,3333.68
20818.38,73.35,90,0.0,3333.68
20818.38,72.96,90,1.2125,3333.68
20818.38,73.15,100,0.0,3333.68
20818.38,73.15,100,1.2125,3333.68
20818.38,73.26,100,1.2125,3333.68
20818.38,73.33,100,0.0,3333.68
20818.38,73.37,100,0.0,3333.68
20818.38,73.25,100,1.2,3333.68
20818.38,73.22,100,0.0,3333.68
20818.38,73.31,100,0.0,3333.68
20818.38,73.33,100,0.0,3333.68
20818.38,71.89,100,1.225,3333.68
20818.38,72.33,100,0.0,3333.68
20818.38,72.26,100,0.0,3333.68
20818.38,72.27,100,0.0,3333.68
20818.38,72.18,100,1.2125,3333.68
20818.38,72.01,100,0.0,3333.68
20818.38,71.98,100,0.0,3333.68
20818.38,72.0,100,1.2125,3333.68
20818.38,71.87,100,0.0,3333.68
20818.38,71.82,100,2.4125,3333.68
20818.38,72.13,92,0.0,3333.68
20818.38,71.45,92,1.2125,3333.68
20818.38,71.49,100,0.0,3333.68
20818.38,71.64,100,0.0,3333.68
20818.38,71.63,100,0.0,3333.68
20818.38,71.66,100,1.2125,3333.68
20818.38,71.75,100,0.0,3333.68
20818.38,71.74,100,0.0,3333.68
20818.38,71.74,100,1.2125,3333.68
20818.38,71.85,100,1.2125,3333.68
20818.38,71.59,100,0.0,3333.68
20818.38,72.32,100,0.0,3333.68
20818.38,72.51,100,1.15,3333.68
20818.38,73.84,89,2.3625,3333.68
20818.38,72.88,89,0.0,3333.68
20818.38,72.89,100,0.0,3333.68
20818.38,73.09,100,1.2125,3333.68
20818.38,73.21,100,0.0,3333.68
20818.38,73.31,100,0.0,3333.68
20818.38,73.23,100,1.2125,3333.68
20818.38,73.21,100,0.0,3333.68
20818.38,73.25,100,1.2125,3333.68
20818.38,73.27,100,0.0,3333.68
20818.38,73.06,100,0.0,3333.68
20818.38,71.35,100,0.0,3333.68
20818.38,72.25,100,1.2125,3333.68
20818.38,72.3,100,0.0,3333.68
20818.38,72.09,100,0.0,3333.68
20818.38,71.96,100,1.2125,3333.68
20818.38,71.9,100,0.0,3333.68
20818.38,72.07,100,0.0,3333.68
20818.38,72.05,100,2.4,3333.68
20818.38,74.05,90,0.0,3333.68
20818.38,73.45,90,1.2125,3333.68
20818.38,73.91,100,0.0,3333.68
20818.38,73.91,100,1.2125,3333.68
20818.38,73.81,100,1.2125,3333.68
20818.38,73.72,100,0.0,3333.68
20818.38,73.72,100,1.2,3333.68
20818.38,73.74,100,0.0,3333.68
20818.38,73.75,100,0.0,3333.68
20818.38,73.81,100,1.2125,3333.68
20818.38,73.67,100,0.0,3333.68
20818.38,71.59,100,0.0,3333.68
20818.38,72.24,100,0.0,3333.68
20818.38,72.3,100,2.4375,3333.68
20818.38,72.26,91,0.0,3333.68
20818.38,71.52,91,0.0,3333.68
20818.38,71.33,100,0.0,3333.68
20818.38,71.56,100,1.225,3333.68
20818.38,71.74,100,0.0,3333.68
20818.38,71.64,100,0.0,3333.68
20818.38,71.75,100,1.2125,3333.68
20818.38,71.91,100,0.0,3333.68
20818.38,71.96,100,0.0,3333.68
20818.38,71.95,100,0.0,3333.68
20818.38,71.7,100,1.225,3333.68
20818.38,72.12,100,0.0,3333.68
20818.38,72.42,100,0.0,3333.68
20818.38,72.26,100,0.0,3333.68
20818.38,72.04,100,0.0,3333.68
20818.38,72.04,100,1.2125,3333.68
20818.38,72.0,100,0.0,3333.68
20818.38,72.02,100,0.0,3333.68
20818.38,72.05,100,1.2125,3333.68
20818.38,72.07,100,2.4375,3333.68
20818.38,73.86,92,0.0,3333.68
20818.38,73.28,92,0.0,3333.68
20818.38,73.64,100,1.225,3333.68
20818.38,73.64,100,0.0,3333.68
20818.38,73.66,100,0.0,3333.68
20818.38,73.73,100,0.0,3333.68
20818.38,73.88,100,1.2125,3333.68
20818.38,73.88,100,1.2125,3333.68
20818.38,73.92,100,0.0,3333.68
20818.38,73.94,100,1.225,3333.68
20818.38,73.78,100,0.0,3333.68
20818.38,71.66,100,0.0,3333.68
20818.38,72.37,100,0.0,3333.68
20818.38,72.26,100,1.2125,3333.68
20818.38,72.13,100,0.0,3333.68
20818.38,72.09,100,0.0,3333.68
20818.38,72.03,100,0.0,3333.68
20818.38,72.13,100,1.2125,3333.68
20818.38,71.98,100,0.0,3333.68
20818.38,70.04,94,2.425,3333.68
20818.38,69.44,94,0.0,3333.68
20818.38,69.52,97,0.0,3333.68
20818.38,69.71,97,1.2125,3333.68
20818.38,69.73,100,0.0,3333.68
20818.38,69.8,100,0.0,3333.68
20818.38,69.78,100,0.0,3333.68
20818.38,69.74,100,1.2125,3333.68
20818.38,69.64,100,0.0,3333.68
20818.38,69.56,100,0.0,3333.68
20818.38,69.53,100,1.2125,3333.68
20818.38,71.29,100,0.0,3333.68
20818.38,72.03,100,1.2125,3333.68
20818.38,72.27,100,0.0,3333.68
20818.38,72.13,100,1.2125,3333.68
20818.38,72.02,100,1.2125,3333.68
20818.38,73.59,90,1.2125,3333.68
20818.38,73.05,90,0.0,3333.68
20818.38,73.05,100,0.0,3333.68
20818.38,73.67,100,1.2,3333.68
20818.38,73.67,100,0.0,3333.68
20818.38,73.67,100,0.0,3333.68
20818.38,73.75,100,1.2125,3333.68
20818.38,73.82,100,0.0,3333.68
20818.38,73.64,100,0.0,3333.68
20818.38,73.56,100,1.2125,3333.68
20818.38,73.46,100,0.0,3333.68
20818.38,71.65,100,0.0,3333.68
20818.38,72.27,100,0.0,3333.68
20818.38,72.1,100,1.2125,3333.68
20818.38,71.96,100,0.0,3333.68
20818.38,72.05,100,0.0,3333.68
20818.38,72.06,100,1.2125,3333.68
20818.38,72.17,96,1.2125,3333.68
20818.38,70.89,96,0.0,3333.68
20818.38,70.81,92,1.1875,3333.68
20818.38,70.07,92,0.0,3333.68
20818.38,70.5,100,1.2125,3333.68
20818.38,70.5,100,0.0,3333.68
20818.38,70.67,100,0.0,3333.68
20818.38,70.64,100,1.2125,3333.68
20818.38,70.65,100,0.0,3333.68
20818.38,70.52,100,0.0,3333.68
20818.38,70.61,100,1.2125,3333.68
20818.38,71.64,100,0.0,3333.68
20818.38,71.58,100,0.0,3333.68
20818.38,72.22,100,1.2125,3333.68
20818.38,72.28,100,1.2125,3333.68
20818.38,72.17,100,0.0,3333.68
20818.38,72.04,100,0.0,3333.68
20818.38,72.02,100,1.2125,3333.68
20818.38,71.91,100,0.0,3333.68
20818.38,71.92,100,0.0,3333.68
20818.38,72.08,100,1.2125,3333.68
20818.38,71.82,100,1.2125,3333.68
20818.38,71.83,100,1.2,3333.68
20818.38,71.98,90,0.0,3333.68
20818.38,71.63,90,0.0,3333.68
20818.38,71.67,90,1.2125,3333.68
20818.38,71.91,100,0.0,3333.68
20818.38,72.03,100,0.0,3333.68
20818.38,72.03,100,0.0,3333.68
20818.38,72.02,100,1.2125,3333.68
20818.38,71.9,100,0.0,3333.68
20818.38,71.9,100,0.0,3333.68
20818.38,72.04,100,1.2125,3333.68
20818.38,72.09,100,0.0,3333.68
20818.38,71.93,100,0.0,3333.68
20818.38,72.28,100,1.2125,3333.68
20818.38,72.49,100,0.0,3333.68
20818.38,72.16,100,0.0,3333.68
20818.38,72.16,100,1.2,3333.68
20818.38,71.97,100,0.0,3333.68
20818.38,71.98,100,0.0,3333.68
20818.38,72.04,100,1.2125,3333.68
20818.38,71.91,100,0.0,3333.68
20818.38,71.94,100,2.3375,3333.68
20818.38,73.28,100,0.0,3333.68
20818.38,72.69,89,2.4375,3333.68
20818.38,72.38,89,0.0,3333.68
20818.38,72.36,100,0.0,3333.68
20818.38,72.53,100,0.0,3333.68
20818.38,72.74,100,1.2125,3333.68
20818.38,72.88,100,0.0,3333.68
20818.38,72.76,100,0.0,3333.68
20818.38,72.72,100,0.0,3333.68
20818.38,72.94,100,1.2125,3333.68
20818.38,72.88,100,0.0,3333.68
20818.38,71.56,100,1.2125,3333.68
20818.38,72.17,100,0.0,3333.68
20818.38,72.48,100,0.0,3333.68
20818.38,72.4,100,1.2125,3333.68
20818.38,72.4,100,0.0,3333.68
20818.38,72.03,100,0.0,3333.68
20818.38,72.14,100,0.0,3333.68
20818.38,72.14,100,1.2125,3333.68
20818.38,72.0,100,0.0,3333.68
20818.38,72.0,100,2.375,3333.68
20818.38,73.29,100,1.2375,3333.68
20818.38,72.84,100,0.0,3333.68
20818.38,72.85,90,0.0,3333.68
20818.38,72.85,90,0.0,3333.68
20818.38,72.91,100,1.2125,3333.68
20818.38,72.94,100,1.2125,3333.68
20818.38,73.08,100,0.0,3333.68
20818.38,73.05,100,1.1875,3333.68
20818.38,73.04,100,0.0,3333.68
20818.38,73.03,100,0.0,3333.68
20818.38,73.08,100,1.2125,3333.68
20818.38,71.81,100,0.0,3333.68
20818.38,72.43,100,0.0,3333.68
20818.38,72.48,100,1.2,3333.68
20818.38,72.3,100,0.0,3333.68
20818.38,72.2,100,0.0,3333.68
20818.38,72.3,100,1.2125,3333.68
20818.38,72.22,100,0.0,3333.68
20818.38,72.15,100,0.0,3333.68
20818.38,72.11,100,2.425,3333.68
20818.38,72.65,100,0.0,3333.68
20818.38,72.34,91,1.2125,3333.68
20818.38,72.7,91,0.0,3333.68
20818.38,72.84,100,0.0,3333.68
20818.38,72.78,100,0.0,3333.68
20818.38,72.78,100,1.2125,3333.68
20818.38,72.69,100,1.2125,3333.68
20818.38,72.69,100,0.0,3333.68
20818.38,72.81,100,1.2125,3333.68
20818.38,72.79,100,0.0,3333.68
20818.38,72.04,100,0.0,3333.68
20818.38,72.58,100,1.15,3333.68
20818.38,74.03,88,2.35,3333.68
20818.38,73.25,88,0.0,3333.68
20818.38,73.04,88,0.0,3333.68
20818.38,73.04,100,0.0,3333.68
20818.38,73.27,100,1.225,3333.68
20818.38,73.43,100,0.0,3333.68
20818.38,73.59,100,0.0,3333.68
20818.38,73.58,100,1.2125,3333.68
20818.38,73.44,100,0.0,3333.68
20818.38,73.46,100,0.0,3333.68
20818.38,73.46,100,1.2125,3333.68
20818.38,73.39,100,0.0,3333.68
20818.38,72.35,100,0.0,3333.68
20818.38,72.55,100,0.0,3333.68
20818.38,72.5,100,1.2125,3333.68
20818.38,72.37,100,0.0,3333.68
20818.38,72.21,100,0.0,3333.68
20818.38,72.11,100,1.2125,3333.68
20818.38,72.12,100,0.0,3333.68
20818.38,72.12,100,0.0,3333.68
20818.38,72.2,100,3.6125,3333.68
20818.38,69.44,90,0.0,3333.68
20818.38,68.66,90,1.2125,3333.68
20818.38,68.55,100,0.0,3333.68
20818.38,68.61,100,0.0,3333.68
20818.38,68.64,100,1.2125,3333.68
20818.38,68.62,100,0.0,3333.68
20818.38,68.62,100,0.0,3333.68
20818.38,68.73,100,1.175,3333.68
20818.38,68.78,100,0.0,3333.68
20818.38,68.75,100,0.0,3333.68
20818.38,71.37,100,1.2125,3333.68
20818.38,71.37,100,0.0,3333.68
20818.38,72.14,100,0.0,3333.68
20818.38,72.39,100,2.425,3333.68
20818.38,72.32,100,0.0,3333.68
20818.38,72.97,93,0.0,3333.68
20818.38,72.41,93,1.2125,3333.68
20818.38,72.59,100,0.0,3333.68
20818.38,72.65,100,0.0,3333.68
20818.38,72.6,100,1.2125,3333.68
20818.38,72.54,100,0.0,3333.68
20818.38,72.62,100,0.0,3333.68
20818.38,72.78,100,1.2125,3333.68
20818.38,72.81,100,0.0,3333.68
20818.38,72.54,100,0.0,3333.68
20818.38,71.56,100,1.2125,3333.68
20818.38,72.11,100,1.2125,3333.68
20818.38,72.05,100,0.0,3333.68
20818.38,71.98,100,1.2,3333.68
20818.38,71.98,100,0.0,3333.68
20818.38,72.06,100,0.0,3333.68
20818.38,72.28,100,1.2125,3333.68
20818.38,72.28,100,2.4125,3333.68
20818.38,73.07,89,0.0,3333.68
20818.38,72.38,89,0.0,3333.68
20818.38,72.84,89,1.2125,3333.68
20818.38,72.84,100,0.0,3333.68
20818.38,72.7,100,0.0,3333.68
20818.38,72.58,100,0.0,3333.68
20818.38,72.59,100,1.2125,3333.68
20818.38,72.69,100,0.0,3333.68
20818.38,72.76,100,1.2125,3333.68
20818.38,72.92,100,0.0,3333.68
20818.38,72.73,100,1.2125,3333.68
20818.38,71.75,100,0.0,3333.68
20818.38,72.27,100,0.0,3333.68
20818.38,72.19,100,1.2125,3333.68
20818.38,71.97,100,0.0,3333.68
20818.38,71.97,100,0.0,3333.68
20818.38,72.08,100,0.0,3333.68
20818.38,72.11,100,1.2125,3333.68
20818.38,71.96,100,0.0,3333.68
20818.38,71.77,100,2.4375,3333.68
20818.38,71.63,91,0.0,3333.68
20818.38,71.49,91,0.0,3333.68
20818.38,71.67,100,1.2125,3333.68
20818.38,71.81,100,0.0,3333.68
20818.38,71.81,100,0.0,3333.68
20818.38,71.83,100,0.0,3333.68
20818.38,71.92,100,1.2125,3333.68
20818.38,71.96,100,0.0,3333.68
20818.38,71.78,100,0.0,3333.68
20818.38,71.9,100,1.2125,3333.68
20818.38,71.9,100,0.0,3333.68
20818.38,71.95,100,0.0,3333.68
20818.38,72.26,100,1.2125,3333.68
20818.38,72.13,100,0.0,3333.68
20818.38,71.96,100,0.0,3333.68
20818.38,72.06,100,2.4375,3333.68
20818.38,72.08,100,0.0,3333.68
20818.38,72.03,100,0.0,3333.68
20818.38,72.01,100,1.2125,3333.68
20818.38,72.07,100,1.2125,3333.68
20818.38,73.54,91,0.0,3333.68
20818.38,72.96,100,1.2125,3333.68
20818.38,73.06,100,0.0,3333.68
20818.38,73.31,100,0.0,3333.68
20818.38,73.39,100,1.2125,3333.68
20818.38,73.3,100,0.0,3333.68
20818.38,73.31,100,0.0,3333.68
20818.38,73.32,100,0.0,3333.68
20818.38,73.28,100,2.4,3333.68
20818.38,73.24,100,0.0,3333.68
20818.38,71.58,100,0.0,3333.68
20818.38,72.31,100,1.2125,3333.68
20818.38,72.31,100,0.0,3333.68
20818.38,72.21,100,0.0,3333.68
20818.38,72.21,100,1.2125,3333.68
20818.38,72.05,100,0.0,3333.68
20818.38,71.95,100,0.0,3333.68
20818.38,71.91,100,0.0,3333.68
20818.38,71.86,100,1.2125,3333.68
20818.38,71.73,100,1.2125,3333.68
20818.38,72.39,100,0.0,3333.68
20818.38,72.24,91,1.2125,3333.68
20818.38,72.48,91,0.0,3333.68
20818.38,72.63,100,0.0,3333.68
20818.38,72.73,100,1.2125,3333.68
20818.38,72.71,100,0.0,3333.68
20818.38,72.81,100,0.0,3333.68
20818.38,72.84,100,0.0,3333.68
20818.38,72.82,100,1.2125,3333.68
20818.38,72.82,100,0.0,3333.68
20818.38,72.84,100,0.0,3333.68
20818.38,72.12,100,1.2,3333.68
20818.38,72.48,100,0.0,3333.68
20818.38,72.47,100,0.0,3333.68
20818.38,72.25,100,1.2125,3333.68
20818.38,72.27,100,1.2125,3333.68
20818.38,72.19,100,0.0,3333.68
20818.38,72.19,100,0.0,3333.68
20818.38,72.12,100,1.2125,3333.68
20818.38,72.05,100,1.2125,3333.68
20818.38,69.68,100,1.2125,3333.68
20818.38,69.02,91,0.0,3333.68
20818.38,69.22,91,0.0,3333.68
20818.38,69.38,100,1.2125,3333.68
20818.38,69.39,100,0.0,3333.68
20818.38,69.35,100,0.0,3333.68
20818.38,69.25,100,1.225,3333.68
20818.38,69.25,100,0.0,3333.68
20818.38,69.15,100,0.0,3333.68
20818.38,69.13,100,1.2125,3333.68
20818.38,71.33,100,0.0,3333.68
20818.38,72.14,100,0.0,3333.68
20818.38,72.24,100,0.0,3333.68
20818.38,72.2,100,1.2125,3333.68
20818.38,72.1,100,0.0,3333.68
20818.38,71.98,100,0.0,3333.68
20818.38,71.94,100,1.2125,3333.68
20818.38,71.95,100,0.0,3333.68
20818.38,71.92,100,1.225,3333.68
20818.38,72.0,86,1.15,3333.68
20818.38,72.63,86,1.2375,3333.68
20818.38,72.04,100,1.225,3333.68
20818.38,72.19,100,0.0,3333.68
20818.38,72.25,100,1.2125,3333.68
20818.38,72.31,100,0.0,3333.68
20818.38,72.4,100,0.0,3333.68
20818.38,72.4,100,1.2125,3333.68
20818.38,72.39,100,0.0,3333.68
20818.38,72.35,100,0.0,3333.68
20818.38,72.31,100,1.2125,3333.68
20818.38,72.27,100,0.0,3333.68
20818.38,71.59,100,0.0,3333.68
20818.38,72.25,100,0.0,3333.68
20818.38,72.29,100,1.2125,3333.68
20818.38,72.32,100,0.0,3333.68
20818.38,72.29,100,0.0,3333.68
20818.38,72.16,100,1.2,3333.68
20818.38,72.06,100,0.0,3333.68
20818.38,72.06,100,0.0,3333.68
20818.38,71.98,100,1.2125,3333.68
20818.38,69.81,100,1.2125,3333.68
20818.38,69.83,91,0.0,3333.68
20818.38,69.45,91,1.2125,3333.68
20818.38,69.47,100,1.2125,3333.68
20818.38,69.55,100,0.0,3333.68
20818.38,69.61,100,1.2125,3333.68
20818.38,69.76,100,0.0,3333.68
20818.38,69.66,100,0.0,3333.68
20818.38,69.68,100,1.2125,3333.68
20818.38,69.54,100,0.0,3333.68
20818.38,69.73,100,0.0,3333.68
20818.38,71.99,100,0.0,3333.68
20818.38,71.98,100,0.0,3333.68
20818.38,71.98,100,1.2125,3333.68
20818.38,72.52,100,0.0,3333.68
20818.38,72.52,100,0.0,3333.68
20818.38,72.23,100,1.2125,3333.68
20818.38,72.09,100,0.0,3333.68
20818.38,72.06,100,0.0,3333.68
20818.38,72.01,100,1.2125,3333.68
20818.38,72.13,100,0.0,3333.68
20818.38,72.01,100,2.425,3333.68
20818.38,74.16,100,0.0,3333.68
20818.38,74.11,90,1.2125,3333.68
20818.38,73.41,90,0.0,3333.68
20818.38,73.34,100,1.2125,3333.68
20818.38,73.55,100,0.0,3333.68
20818.38,73.63,100,0.0,3333.68
20818.38,73.68,100,0.0,3333.68
20818.38,73.75,100,1.2125,3333.68
20818.38,73.71,100,0.0,3333.68
20818.38,73.79,100,0.0,3333.68
20818.38,71.55,100,1.2125,3333.68
20818.38,71.66,100,0.0,3333.68
20818.38,72.33,100,0.0,3333.68
20818.38,72.36,100,1.2125,3333.68
20818.38,72.31,100,0.0,3333.68
20818.38,72.15,100,0.0,3333.68
20818.38,71.97,100,1.2125,3333.68
20818.38,71.97,100,0.0,3333.8
20818.38,71.95,100,0.0,3333.8
20818.38,71.97,100,0.0,3333.8
20818.38,71.89,100,1.175,3333.8
20818.38,71.9,100,1.1625,3333.8
20818.38,72.08,90,1.25,3333.8
20818.38,71.84,90,0.0,3333.8
20818.38,71.88,100,0.0,3333.8
20818.38,71.89,100,1.2125,3333.8
20818.38,71.98,100,0.0,3333.8
20818.38,72.04,100,0.0,3333.8
20818.38,72.08,100,1.2125,3333.8
20818.38,72.05,100,0.0,3333.8
20818.38,72.06,100,0.0,3333.8
20818.38,72.19,100,1.2125,3333.8
20818.38,72.21,100,0.0,3333.8
20818.38,72.01,100,1.1875,3333.8
20818.38,72.28,100,0.0,3333.8
20818.38,72.11,100,1.2125,3333.8
20818.38,71.97,100,0.0,3333.8
20818.38,71.91,100,0.0,3333.8
20818.38,71.93,100,1.2125,3333.8
20818.38,71.96,100,1.2125,3333.8
20818.38,72.28,100,1.2125,3333.8
20818.38,71.9,100,0.0,3333.8
20818.38,71.9,93,0.0,3333.8
20818.38,72.17,93,0.0,3333.8
20818.38,72.62,100,1.2125,3333.8
20818.38,72.62,100,0.0,3333.8
20818.38,72.4,100,0.0,3333.8
20818.38,72.35,100,1.2125,3333.8
20818.38,72.37,100,0.0,3333.8
20818.38,72.44,100,0.0,3333.8
20818.38,72.58,100,0.0,3333.8
20818.38,72.04,100,1.2125,3333.8
20818.38,72.46,100,0.0,3333.8
20818.38,72.47,100,0.0,3333.8
20818.38,72.36,100,1.2125,3333.8
20818.38,72.14,100,0.0,3333.8
20818.38,72.18,100,0.0,3333.8
20818.38,72.18,100,1.2125,3333.8
20818.38,72.26,100,0.0,3333.8
20818.38,72.25,100,2.425,3333.8
20818.38,74.07,93,1.2125,3333.8
20818.38,73.47,93,0.0,3333.8
20818.38,73.58,100,0.0,3333.8
20818.38,73.59,100,1.2125,3333.8
20818.38,73.46,100,0.0,3333.8
20818.38,73.48,100,0.0,3333.8
20818.38,73.47,100,1.2125,3333.8
20818.38,73.42,100,0.0,3333.8
20818.38,73.38,100,0.0,3333.8
20818.38,73.28,100,1.2125,3333.8
20818.38,71.25,100,0.0,3333.8
20818.38,71.25,100,0.0,3333.8
20818.38,71.97,100,1.2125,3333.8
20818.38,71.96,100,0.0,3333.8
20818.38,71.73,100,0.0,3333.8
20818.38,71.73,100,1.2125,3333.8
20818.38,71.81,100,0.0,3333.8
20818.38,71.78,100,0.0,3333.8
20818.38,71.78,100,2.425,3333.8
20818.38,71.64,100,0.0,3333.8
20818.38,71.42,93,0.0,3333.8
20818.38,71.71,93,0.0,3333.8
20818.38,72.0,100,1.2125,3333.8
20818.38,72.03,100,0.0,3333.8
20818.38,72.1,100,0.0,3333.8
20818.38,72.1,100,1.2125,3333.8
20818.38,72.02,100,0.0,3333.8
20818.38,71.97,100,0.0,3333.8
20818.38,72.11,100,1.2125,3333.8
20818.38,72.11,100,0.0,3333.8
20818.38,71.99,100,0.0,3333.8
20818.38,71.99,100,1.2125,3333.8
20818.38,72.06,100,0.0,3333.8
20818.38,72.03,100,1.2,3333.8
20818.38,72.03,100,0.0,3333.8
20818.38,71.96,100,1.2125,3333.8
20818.38,71.96,100,0.0,3333.8
20818.38,72.0,100,0.0,3333.8
20818.38,72.1,100,2.425,3333.8
20818.38,73.7,100,0.0,3333.8
20818.38,73.08,92,1.2125,3333.8
20818.38,73.33,92,0.0,3333.8
20818.38,73.46,100,0.0,3333.8
20818.38,73.38,100,1.2125,3333.8
20818.38,73.48,100,0.0,3333.8
20818.38,73.54,100,0.0,3333.8
20818.38,73.67,100,1.2125,3333.8
20818.38,73.77,100,0.0,3333.8
20818.38,73.66,100,0.0,3333.8
20818.38,71.84,100,1.2125,3333.8
20818.38,72.58,100,0.0,3333.8
20818.38,72.63,100,0.0,3333.8
20818.38,72.51,100,1.2125,3333.8
20818.38,72.57,100,0.0,3333.8
20818.38,72.57,100,0.0,3333.8
20818.38,72.52,100,1.2125,3333.8
20818.38,72.44,100,0.0,3333.8
20818.38,72.15,100,0.0,3333.8
20818.38,72.04,100,2.425,3333.8
20818.38,72.06,93,0.0,3333.8
20818.38,71.88,93,1.2125,3333.8
20818.38,71.88,100,1.2125,3333.8
20818.38,72.11,100,0.0,3333.8
20818.38,72.12,100,0.0,3333.8
20818.38,72.03,100,0.0,3333.8
20818.38,71.99,100,1.2125,3333.8
20818.38,71.92,100,0.0,3333.8
20818.38,71.86,100,0.0,3333.8
20818.38,72.08,100,1.2125,3333.8
20818.38,71.99,100,0.0,3333.8
20818.38,71.91,100,1.2125,3333.8
20818.38,72.28,100,0.0,3333.8
20818.38,72.22,100,0.0,3333.8
20818.38,72.09,100,0.0,3333.8
20818.38,72.04,100,1.2125,3333.8
20818.38,72.03,100,0.0,3333.8
20818.38,72.03,100,0.0,3333.8
20818.38,72.07,100,1.1875,3333.8
20818.38,72.7,100,2.425,3333.8
20818.38,72.7,88,0.0,3333.8
20818.38,72.19,88,0.0,3333.8
20818.38,72.21,100,0.0,3333.8
20818.38,72.21,100,1.2125,3333.8
20818.38,72.44,100,0.0,3333.8
20818.38,72.44,100,0.0,3333.8
20818.38,72.5,100,1.2125,3333.8
20818.38,72.54,100,1.2125,3333.8
20818.38,72.56,100,0.0,3333.8
20818.38,72.49,100,0.0,3333.8
20818.38,71.63,100,1.1875,3333.8
20818.38,71.64,100,0.0,3333.8
20818.38,72.23,100,0.0,3333.8
20818.38,72.33,100,1.225,3333.8
20818.38,72.3,100,0.0,3333.8
20818.38,72.15,100,0.0,3333.8
20818.38,72.08,100,1.2125,3333.8
20818.38,72.03,100,0.0,3333.93
20818.38,72.03,100,0.0,3333.93
20818.38,71.95,100,1.2125,3333.93
20818.38,71.03,100,1.2125,3333.93
20818.38,70.39,97,1.2125,3333.93
20818.38,70.33,96,0.0,3333.93
20818.38,70.3,96,0.0,3333.93
20818.38,70.3,96,1.2125,3333.93
20818.38,70.31,100,0.0,3333.93
20818.38,70.39,100,0.0,3333.93
20818.38,70.34,100,0.0,3333.93
20818.38,70.37,100,1.2125,3333.93
20818.38,70.31,100,0.0,3333.93
20818.38,70.3,100,0.0,3333.93
20818.38,70.37,100,1.2125,3333.93
20818.38,71.32,100,0.0,3333.93
20818.38,72.34,100,0.0,3333.93
20818.38,72.37,100,0.0,3333.93
20818.38,72.13,100,1.2125,3333.93
20818.38,72.03,100,0.0,3333.93
20818.38,72.04,100,0.0,3333.93
20818.38,72.06,100,1.2125,3333.93
20818.38,72.07,100,0.0,3333.93
20818.38,72.15,100,2.425,3333.93
20818.38,73.9,100,0.0,3333.93
20818.38,73.9,100,1.2125,3333.93
20818.38,73.89,90,0.0,3333.93
20818.38,73.27,100,1.2125,3333.93
20818.38,73.38,100,0.0,3333.93
20818.38,73.61,100,0.0,3333.93
20818.38,73.69,100,1.2125,3333.93
20818.38,73.7,100,0.0,3333.93
20818.38,73.68,100,0.0,3333.93
20818.38,73.71,100,0.0,3333.93
20818.38,73.7,100,1.2125,3333.93
20818.38,71.83,100,0.0,3333.93
20818.38,71.82,100,0.0,3333.93
20818.38,72.46,100,1.2125,3333.93
20818.38,72.4,100,0.0,3333.93
20818.38,72.37,100,0.0,3333.93
20818.38,72.09,100,0.0,3333.93
20818.38,72.11,100,1.2125,3333.93
20818.38,72.11,100,0.0,3333.93
20818.38,72.17,100,0.0,3333.93
20818.38,72.12,100,1.2125,3333.93
20818.38,72.04,100,1.2125,3333.93
20818.38,72.0,100,1.2125,3333.93
20818.38,73.16,92,0.0,3333.93
20818.38,72.6,92,0.0,3333.93
20818.38,72.67,100,1.2125,3333.93
20818.38,72.68,100,1.2125,3333.93
20818.38,72.76,100,0.0,3333.93
20818.38,72.79,100,0.0,3333.93
20818.38,72.74,100,1.2125,3333.93
20818.38,72.72,100,0.0,3333.93
20818.38,72.95,100,0.0,3333.93
20818.38,73.01,100,1.2125,3333.93
20818.38,71.93,100,0.0,3333.93
20818.38,72.62,100,0.0,3333.93
20818.38,72.54,100,0.0,3333.93
20818.38,72.44,100,0.0,3333.93
20818.38,72.44,100,1.1875,3333.93
20818.38,72.36,100,0.0,3333.93
20818.38,72.3,100,0.0,3333.93
20818.38,72.2,100,1.2125,3333.93
20818.38,72.28,100,2.4375,3333.93
20818.38,69.89,93,0.0,3333.93
20818.38,69.25,93,0.0,3333.93
20818.38,69.37,98,1.2,3333.93
20818.38,69.52,98,0.0,3333.93
20818.38,69.64,100,0.0,3333.93
20818.38,69.62,100,1.2125,3333.93
20818.38,69.65,100,0.0,3333.93
20818.38,69.57,100,0.0,3333.93
20818.38,69.57,100,1.2125,3333.93
20818.38,69.52,100,0.0,3333.93
20818.38,69.44,100,0.0,3333.93
20818.38,72.23,100,1.2125,3333.93
20818.38,72.3,100,0.0,3333.93
20818.38,72.27,100,0.0,3333.93
20818.38,73.76,100,2.4125,3333.93
20818.38,72.85,92,1.2125,3333.93
20818.38,72.87,92,0.0,3333.93
20818.38,73.12,92,0.0,3333.93
20818.38,73.12,100,1.2125,3333.93
20818.38,73.17,100,0.0,3333.93
20818.38,73.23,100,0.0,3333.93
20818.38,73.22,100,1.225,3333.93
20818.38,73.41,100,1.2125,3333.93
20818.38,73.54,100,0.0,3333.93
20818.38,73.45,100,0.0,3333.93
20818.38,71.27,100,1.225,3333.93
20818.38,72.03,100,0.0,3333.93
20818.38,72.05,100,0.0,3333.93
20818.38,71.88,100,1.2125,3333.93
20818.38,71.86,100,0.0,3333.93
20818.38,71.83,100,0.0,3333.93
20818.38,71.93,100,0.0,3333.93
20818.38,71.92,100,1.2125,3333.93
20818.38,71.83,100,0.0,3333.93
20818.38,71.78,92,2.425,3333.93
20818.38,72.18,92,0.0,3333.93
20818.38,71.98,92,1.2125,3333.93
20818.38,72.27,100,0.0,3333.93
20818.38,72.33,100,0.0,3333.93
20818.38,72.34,100,0.0,3333.93
20818.38,72.44,100,1.2125,3333.93
20818.38,72.48,100,0.0,3333.93
20818.38,72.43,100,0.0,3333.93
20818.38,72.43,100,1.225,3333.93
20818.38,72.47,100,0.0,3333.93
20818.38,72.47,100,0.0,3333.93
20818.38,72.08,100,1.2,3333.93
20818.38,72.59,100,0.0,3333.93
20818.38,72.32,100,0.0,3333.93
20818.38,72.2,100,1.2125,3333.93
20818.38,72.35,100,0.0,3333.93
20818.38,72.28,100,1.225,3333.93
20818.38,72.22,100,0.0,3333.93
20818.38,72.19,100,1.175,3333.93
20818.38,70.08,88,1.175,3333.93
20818.38,69.32,88,1.2375,3333.93
20818.38,69.34,100,0.0,3333.93
20818.38,69.48,100,0.0,3333.93
20818.38,69.66,100,0.0,3333.93
20818.38,69.61,100,1.2125,3333.93
20818.38,69.52,100,0.0,3333.93
20818.38,69.61,100,0.0,3333.93
20818.38,69.65,100,0.0,3333.93
20818.38,69.52,100,1.2125,3333.93
20818.38,69.48,100,0.0,3333.93
20818.38,69.48,100,0.0,3333.93
20818.38,72.16,100,1.2125,3333.93
20818.38,72.16,100,0.0,3333.93
20818.38,72.18,100,1.2125,3333.93
20818.38,72.02,100,0.0,3333.93
20818.38,72.11,100,1.2125,3333.93
20818.38,72.09,100,0.0,3333.93
20818.38,71.96,100,1.2,3333.93
20818.38,71.94,100,1.2125,3333.93
20818.38,71.94,100,1.1375,3333.93
20818.38,73.36,100,0.0,3333.93
20818.38,72.67,90,0.0,3333.93
20818.38,72.81,90,1.225,3333.93
20818.38,72.97,100,0.0,3333.93
20818.38,73.02,100,0.0,3333.93
20818.38,72.94,100,0.0,3333.93
20818.38,72.88,100,1.2125,3333.93
20818.38,72.95,100,0.0,3333.93
20818.38,73.07,100,0.0,3333.93
20818.38,73.0,100,1.2125,3333.93
20818.38,71.48,100,0.0,3333.93
20818.38,72.27,100,0.0,3333.93
20818.38,72.27,100,0.0,3333.93
20818.38,72.38,100,1.2125,3333.93
20818.38,72.32,100,0.0,3333.93
20818.38,72.12,100,0.0,3333.93
20818.38,72.05,100,1.2125,3333.93
20818.38,72.08,100,0.0,3333.93
20818.38,72.01,100,2.4375,3333.93
20818.38,72.45,100,1.2125,3333.93
20818.38,72.12,90,0.0,3333.93
20818.38,72.46,90,1.1625,3333.93
20818.38,72.7,100,0.0,3333.93
20818.38,72.66,100,0.0,3333.93
20818.38,72.55,100,1.2125,3333.93
20818.38,72.62,100,0.0,3333.93
20818.38,72.67,100,0.0,3333.93
20818.38,72.7,100,0.0,3333.93
20818.38,72.73,100,1.2125,3333.93
20818.38,72.73,100,0.0,3333.93
20818.38,72.05,100,0.0,3333.93
20818.38,72.58,100,1.2125,3333.93
20818.38,72.58,100,0.0,3333.93
20818.38,72.53,100,0.0,3333.93
20818.38,72.33,100,1.2125,3333.93
20818.38,72.31,100,0.0,3333.93
20818.38,72.24,100,0.0,3333.93
20818.38,72.1,100,0.0,3333.93
20818.38,69.45,100,2.4375,3333.93
20818.38,68.77,92,0.0,3333.93
20818.38,68.89,92,1.2125,3333.93
20818.38,69.05,100,1.2125,3333.93
20818.38,69.13,100,0.0,3333.93
20818.38,69.08,100,0.0,3333.93
20818.38,69.18,100,1.2125,3333.93
20818.38,69.18,100,0.0,3333.93
20818.38,69.1,100,0.0,3333.93
20818.38,69.08,100,1.225,3333.93
20818.38,68.95,100,0.0,3333.93
20818.38,68.99,100,0.0,3333.93
20818.38,71.49,100,0.0,3333.93
20818.38,72.38,100,1.2125,3333.93
20818.38,72.41,100,0.0,3333.93
20818.38,72.26,100,0.0,3333.93
20818.38,72.15,100,1.2125,3333.93
20818.38,72.0,100,0.0,3333.93
20818.38,72.03,100,0.0,3333.93
20818.38,72.06,100,1.2,3333.93
20818.38,72.2,100,1.2125,3333.93
20818.38,74.11,90,1.2125,3333.93
20818.38,73.48,100,0.0,3333.93
20818.38,73.48,100,1.2125,3333.93
20818.38,73.72,100,0.0,3333.93
20818.38,73.72,100,1.2125,3333.93
20818.38,73.85,100,0.0,3333.93
20818.38,73.84,100,0.0,3333.93
20818.38,73.85,100,1.2125,3333.93
20818.38,73.76,100,0.0,3333.93
20818.38,73.73,100,0.0,3333.93
20818.38,73.61,100,0.0,3333.93
20818.38,72.2,100,1.2125,3333.93
20818.38,72.18,100,0.0,3333.93
20818.38,72.11,100,0.0,3333.93
20818.38,71.99,100,0.0,3333.93
20818.38,71.79,100,1.2125,3333.93
20818.38,71.79,100,0.0,3333.93
20818.38,71.75,100,2.4375,3333.93
20818.38,71.82,100,0.0,3333.93
20818.38,72.9,100,0.0,3333.93
20818.38,72.26,91,1.2125,3333.93
20818.38,72.41,100,0.0,3333.93
20818.38,72.75,100,1.2125,3333.93
20818.38,73.0,100,0.0,3333.93
20818.38,73.03,100,1.2125,3333.93
20818.38,72.99,100,0.0,3333.93
20818.38,72.87,100,0.0,3333.93
20818.38,73.05,100,1.2125,3333.93
20818.38,72.96,100,0.0,3333.93
20818.38,71.83,100,0.0,3333.93
20818.38,72.4,100,1.2125,3333.93
20818.38,72.45,100,0.0,3333.93
20818.38,72.42,100,0.0,3333.93
20818.38,72.42,100,1.2125,3333.93
20818.38,72.23,100,0.0,3333.93
20818.38,72.1,100,0.0,3333.93
20818.38,72.07,100,2.4125,3333.93
20818.38,71.93,98,0.0,3333.93
20818.38,71.22,98,1.2125,3333.93
20818.38,71.1,92,0.0,3333.93
20818.38,71.37,92,0.0,3333.93
20818.38,71.66,100,1.2125,3333.93
20818.38,71.69,100,0.0,3333.93
20818.38,71.74,100,0.0,3333.93
20818.38,71.58,100,1.2125,3333.93
20818.38,71.45,100,1.2125,3333.93
20818.38,71.44,100,0.0,3333.93
20818.38,71.57,100,0.0,3333.93
20818.38,71.99,100,1.2125,3333.93
20818.38,72.13,100,0.0,3333.93
20818.38,72.13,100,0.0,3333.93
20818.38,71.99,100,1.2,3333.93
20818.38,71.99,100,0.0,3333.93
20818.38,71.95,100,0.0,3333.93
20818.38,71.84,100,1.2125,3333.93
20818.38,71.85,100,0.0,3333.93
