gpu_memory_mb,gpu_power_w,gpu_util_pct,cpu_util_pct,ram_mb
15155.88,32.74,0,4.125,3280.4
15379.88,30.95,0,0.0,3280.4
15379.88,33.65,0,0.0,3280.4
15379.88,36.66,73,2.475,3280.4
15379.88,40.59,73,0.0,3280.4
15379.88,44.24,85,0.0,3280.4
15379.88,47.95,85,1.2375,3280.4
15379.88,51.59,85,0.0,3280.4
15379.88,55.62,85,0.0,3280.4
15379.88,59.67,85,1.2375,3280.4
15499.88,63.71,85,1.2375,3280.4
15499.88,66.12,74,0.0,3280.4
15499.88,70.54,74,1.2375,3280.4
15499.88,69.39,93,0.0,3280.4
15499.88,69.92,93,0.0,3280.4
15499.88,69.6,85,0.0,3280.4
15499.88,69.83,85,1.25,3280.4
15499.88,70.22,86,0.0,3280.4
15499.88,70.57,87,0.0,3280.4
15499.88,70.58,87,2.4875,3280.4
15499.88,72.24,79,0.0,3280.4
15499.88,71.25,79,0.0,3280.4
15499.88,72.76,83,1.25,3280.4
15499.88,72.62,83,0.0,3280.4
15499.88,73.13,78,1.25,3280.4
15499.88,70.66,78,0.0,3280.4
15499.88,69.61,85,2.4875,3280.4
15499.88,69.32,85,0.0,3280.4
15499.88,69.2,84,0.0,3280.4
15499.88,69.17,84,0.0,3280.4
15499.88,69.13,85,1.225,3280.4
15499.88,67.48,85,0.0,3280.4
15499.88,68.12,85,1.225,3280.4
15499.88,68.14,85,0.0,3280.4
15499.88,68.14,78,1.1875,3280.4
15499.88,71.16,78,0.0,3280.4
15499.88,72.76,85,0.0,3280.4
15499.88,73.21,85,1.2125,3280.4
15499.88,73.37,84,0.0,3280.4
15499.88,73.29,84,0.0,3280.4
15499.88,73.19,84,1.2125,3280.4
15499.88,72.63,84,0.0,3280.4
15499.88,72.46,84,0.0,3280.4
15499.88,71.78,84,0.0,3280.4
15499.88,71.91,85,2.425,3280.4
15499.88,72.96,85,0.0,3280.4
15499.88,71.1,80,0.0,3280.4
15499.88,70.45,80,1.2125,3280.4
15499.88,70.56,84,0.0,3280.4
15499.88,70.5,84,0.0,3280.4
15499.88,70.63,86,0.0,3280.4
15499.88,70.7,86,1.2125,3280.4
15499.88,70.97,84,0.0,3280.4
15499.88,71.14,84,0.0,3280.4
15499.88,71.42,85,2.425,3280.4
15499.88,71.96,85,1.2125,3280.4
15499.88,70.91,76,0.0,3280.4
15499.88,71.29,76,0.0,3280.4
15499.88,71.18,92,1.2125,3280.4
15499.88,70.76,92,0.0,3280.4
15499.88,70.35,85,0.0,3280.4
15499.88,70.52,85,1.2125,3280.4
15499.88,70.62,84,0.0,3280.4
15499.88,70.4,84,0.0,3280.4
15499.88,70.44,83,2.4375,3280.4
15499.88,72.91,83,0.0,3280.4
15499.88,72.09,78,0.0,3280.4
15499.88,72.25,85,0.0,3280.4
15499.88,73.47,85,1.225,3280.4
15499.88,73.8,84,0.0,3280.4
15499.88,73.9,84,0.0,3280.4
15499.88,74.01,85,1.2125,3280.4
15499.88,73.6,85,1.2125,3280.4
15499.88,73.37,85,0.0,3280.4
15499.88,73.48,85,0.0,3280.4
15499.88,70.89,83,1.2125,3280.4
15499.88,71.4,83,1.2125,3280.4
15499.88,67.58,42,0.0,3280.4
15499.88,69.35,42,1.225,3280.4
15499.88,68.22,66,0.0,3280.4
15499.88,68.35,66,0.0,3280.4
15499.88,68.55,86,0.0,3280.4
15499.88,68.49,86,1.2125,3280.4
15499.88,68.3,83,0.0,3280.4
15499.88,68.36,83,0.0,3280.4
15499.88,68.79,86,0.0,3280.4
15499.88,69.28,86,1.2125,3280.4
15499.88,69.74,85,0.0,3280.4
15499.88,73.36,85,0.0,3280.4
15499.88,71.31,86,0.0,3280.4
15499.88,71.97,86,1.225,3280.4
15499.88,71.8,84,0.0,3280.4
15499.88,71.91,84,0.0,3280.4
15499.88,72.26,86,0.0,3280.4
15499.88,72.7,86,2.4375,3280.4
15499.88,69.87,77,0.0,3280.4
15499.88,68.77,77,0.0,3280.4
15499.88,68.67,89,1.225,3280.4
15499.88,68.67,89,1.225,3280.4
15499.88,69.41,85,0.0,3280.4
15499.88,69.0,85,1.2125,3280.4
15499.88,69.0,80,0.0,3280.4
15499.88,69.02,80,0.0,3280.4
15499.88,69.02,86,0.0,3280.4
15499.88,69.0,86,1.2125,3280.4
15499.88,71.98,85,0.0,3280.4
15499.88,73.11,85,0.0,3280.4
15499.88,73.21,85,0.0,3280.4
15499.88,73.18,85,1.225,3280.4
15499.88,72.98,85,0.0,3280.4
15499.88,72.59,85,0.0,3280.4
15499.88,73.36,85,0.0,3280.4
15499.88,73.35,85,0.0,3280.4
15499.88,73.22,85,1.225,3280.4
15499.88,73.24,87,1.2125,3280.4
15499.88,73.36,87,1.225,3280.4
15499.88,74.26,79,0.0,3280.4
15499.88,73.09,79,0.0,3280.4
15499.88,72.7,79,1.2125,3280.4
15499.88,72.48,88,0.0,3280.4
15499.88,72.45,85,0.0,3280.4
15499.88,72.5,85,1.2125,3280.4
15499.88,72.41,85,0.0,3280.4
15499.88,72.37,85,0.0,3280.4
15499.88,71.93,85,1.1875,3280.4
15499.88,71.57,85,0.0,3280.4
15499.88,71.01,85,0.0,3280.4
15499.88,69.43,86,0.0,3280.4
15499.88,70.4,86,1.2125,3280.4
15499.88,70.43,86,0.0,3280.4
15499.88,70.21,86,0.0,3280.4
15499.88,70.08,86,0.0,3280.4
15499.88,70.05,86,2.4375,3280.4
15499.88,70.94,86,0.0,3280.4
15499.88,71.37,81,1.2125,3280.4
15499.88,71.78,86,0.0,3280.4
15499.88,72.18,86,0.0,3280.4
15499.88,72.74,86,1.2125,3280.4
15499.88,72.72,85,0.0,3280.4
15499.88,72.73,85,0.0,3280.4
15499.88,72.91,86,1.2125,3280.4
15499.88,72.8,86,0.0,3280.4
15499.88,72.79,86,0.0,3280.4
15499.88,71.21,86,0.0,3280.4
15499.88,72.38,85,1.1875,3280.4
15581.88,72.43,85,1.2125,3280.4
15581.88,72.82,86,0.0,3280.4
15581.88,71.79,86,0.0,3280.4
15581.88,71.83,83,1.2125,3280.4
15581.88,72.12,87,0.0,3280.4
15581.88,72.56,87,0.0,3280.4
15581.88,72.88,87,0.0,3280.4
15581.88,73.45,87,1.2125,3280.4
15581.88,73.98,87,0.0,3280.4
15581.88,74.03,87,0.0,3280.4
15581.88,73.57,86,0.0,3280.4
15581.88,72.8,86,1.2125,3280.4
15581.88,72.06,85,0.0,3280.4
15581.88,72.83,85,0.0,3280.4
15581.88,72.8,87,0.0,3280.4
15581.88,72.71,87,2.45,3280.4
15581.88,72.71,87,0.0,3280.4
15581.88,72.75,87,1.225,3280.4
15581.88,74.03,76,0.0,3280.4
15581.88,72.82,76,0.0,3280.4
15581.88,72.8,87,1.2125,3280.4
15581.88,73.06,87,0.0,3280.4
15581.88,73.6,85,0.0,3280.4
15581.88,73.41,87,0.0,3280.4
15581.88,73.25,87,1.225,3280.4
15581.88,69.8,87,1.2125,3279.65
15581.88,69.81,70,0.0,3279.65
15581.88,69.49,61,0.0,3279.65
15581.88,67.78,61,0.0,3279.65
15581.88,68.81,84,0.0,3279.65
15581.88,69.17,84,1.225,3279.65
15581.88,69.38,84,0.0,3279.65
15581.88,69.63,84,0.0,3279.65
15581.88,69.83,84,1.2125,3279.65
15581.88,70.06,86,0.0,3279.65
15581.88,69.77,86,0.0,3279.65
15581.88,72.36,86,0.0,3279.65
15581.88,71.58,86,1.2125,3279.65
15581.88,71.26,86,0.0,3279.65
15581.88,71.33,86,0.0,3279.65
15581.88,71.38,87,1.2125,3279.65
15581.88,70.53,84,1.2125,3279.65
15581.88,72.54,84,0.0,3279.65
15581.88,71.25,75,0.0,3279.65
15581.88,71.01,75,1.225,3279.65
15581.88,71.02,85,0.0,3279.65
15581.88,71.25,85,1.225,3279.65
15581.88,71.68,85,0.0,3279.65
15581.88,72.48,85,0.0,3279.65
15581.88,72.97,83,2.4375,3279.65
15581.88,71.98,83,0.0,3279.65
15581.88,71.78,80,0.0,3279.65
15581.88,72.5,80,2.425,3279.65
15581.88,70.55,80,0.0,3279.65
15581.88,71.2,80,0.0,3279.65
15581.88,71.37,86,1.225,3279.65
15581.88,71.35,86,0.0,3279.65
15581.88,71.7,83,0.0,3279.65
15581.88,72.1,83,0.0,3279.65
15581.88,72.15,86,1.2125,3279.65
15581.88,72.09,86,0.0,3279.65
15581.88,73.11,86,0.0,3279.65
15581.88,73.27,86,0.0,3279.65
15581.88,72.82,86,1.2125,3279.65
15581.88,72.25,84,0.0,3279.65
15581.88,72.66,84,0.0,3279.65
15581.88,72.97,83,1.225,3279.65
15581.88,72.77,83,0.0,3279.65
15581.88,71.23,79,1.2125,3279.65
15581.88,70.9,79,0.0,3279.65
15581.88,70.63,84,0.0,3279.65
15581.88,70.81,84,0.0,3279.65
15581.88,71.08,86,1.225,3279.65
15581.88,71.69,86,1.225,3279.65
15581.88,71.02,79,0.0,3279.65
15581.88,71.17,79,0.0,3279.65
15581.88,71.33,85,1.225,3279.65
15581.88,71.79,85,1.2125,3279.65
15581.88,73.24,86,0.0,3279.65
15581.88,73.64,86,0.0,3279.65
15581.88,73.84,86,1.2125,3279.65
15581.88,73.78,86,0.0,3279.65
15581.88,73.04,82,0.0,3279.65
15581.88,72.72,82,0.0,3279.65
15581.88,71.94,85,1.225,3279.65
15581.88,72.79,85,0.0,3279.65
15581.88,72.81,84,0.0,3279.65
15581.88,72.17,84,1.2125,3279.65
15581.88,72.49,81,0.0,3279.65
15581.88,72.5,81,1.225,3279.65
15581.88,71.31,74,0.0,3279.65
15581.88,69.73,74,1.2125,3279.65
15581.88,69.78,86,0.0,3279.65
15581.88,70.38,86,0.0,3279.65
15581.88,70.41,83,1.2125,3279.65
15581.88,70.95,83,0.0,3279.65
15581.88,71.36,82,0.0,3279.65
15581.88,71.19,82,0.0,3279.65
15581.88,71.15,82,1.2125,3279.65
15581.88,70.66,82,0.0,3279.65
15581.88,70.24,81,0.0,3279.65
15581.88,71.25,81,1.2125,3279.65
15581.88,72.6,82,0.0,3279.65
15581.88,71.82,82,0.0,3279.65
15581.88,71.61,82,0.0,3279.65
15581.88,71.55,82,1.2125,3279.65
15581.88,71.17,86,1.2,3279.65
15581.88,68.63,86,1.2125,3279.65
15581.88,67.29,77,1.2125,3279.65
15581.88,67.23,77,0.0,3279.65
15581.88,67.48,82,0.0,3279.65
15581.88,68.12,82,0.0,3279.65
15581.88,68.04,83,1.2125,3279.65
15581.88,67.76,83,1.2125,3279.65
15581.88,68.59,82,0.0,3279.65
15581.88,70.74,82,0.0,3279.65
15581.88,70.31,78,1.2125,3279.65
15581.88,70.36,78,0.0,3279.65
15581.88,72.61,85,1.225,3279.65
15581.88,74.41,85,0.0,3279.65
15581.88,73.97,81,1.225,3279.65
15581.88,73.75,81,0.0,3279.65
15581.88,73.49,85,0.0,3279.65
15581.88,73.08,82,0.0,3279.65
15581.88,73.42,82,0.0,3279.65
15581.88,73.4,84,1.225,3279.65
15581.88,71.21,84,0.0,3279.65
15581.88,71.65,82,0.0,3279.65
15581.88,71.77,82,0.0,3279.65
15581.88,71.27,84,1.225,3279.65
15581.88,72.03,84,0.0,3279.65
15581.88,72.02,84,0.0,3279.65
15581.88,72.0,84,0.0,3279.65
15581.88,72.51,87,1.2125,3279.65
15581.88,72.55,87,1.2125,3279.65
15581.88,74.44,79,0.0,3279.65
15581.88,73.94,79,0.0,3279.65
15581.88,73.83,87,1.2125,3279.65
15581.88,74.21,87,0.0,3279.65
15581.88,74.54,82,0.0,3279.65
15581.88,74.78,82,1.225,3279.65
15581.88,74.71,84,0.0,3279.65
15581.88,74.39,82,1.2125,3279.65
15581.88,74.39,82,0.0,3279.65
15581.88,74.15,82,1.225,3279.65
15581.88,71.91,83,0.0,3279.65
15581.88,72.36,83,0.0,3279.65
15581.88,70.63,86,1.225,3279.65
15581.88,69.03,86,0.0,3279.65
15581.88,68.91,80,1.225,3279.65
15581.88,68.64,80,0.0,3279.65
15581.88,68.51,85,0.0,3279.65
15581.88,68.63,86,1.2125,3279.65
15581.88,68.45,86,0.0,3279.65
15581.88,68.07,84,0.0,3279.65
15581.88,67.94,84,0.0,3279.65
15581.88,67.73,84,1.2125,3279.65
15581.88,67.47,85,0.0,3279.65
15581.88,69.15,84,0.0,3279.65
15581.88,70.66,84,1.2125,3279.65
15581.88,70.99,84,0.0,3279.65
15581.88,70.76,84,0.0,3279.65
15581.88,70.53,84,1.2125,3279.65
15581.88,70.21,84,1.2125,3279.65
15581.88,69.47,77,0.0,3279.65
15581.88,68.51,77,0.0,3279.65
15581.88,68.29,92,0.0,3279.65
15581.88,68.11,92,1.225,3279.65
15581.88,68.81,84,0.0,3279.65
15581.88,69.19,84,0.0,3279.65
15581.88,69.19,84,1.225,3279.65
15581.88,69.52,84,0.0,3279.65
15581.88,69.96,84,0.0,3279.65
15581.88,70.27,84,0.0,3279.65
15581.88,70.49,85,1.2125,3279.65
15581.88,68.83,80,1.2125,3279.65
15581.88,68.3,80,0.0,3279.65
15581.88,68.3,85,0.0,3279.65
15581.88,69.1,85,0.0,3279.65
15581.88,69.09,85,2.4375,3279.65
15581.88,69.1,85,0.0,3279.65
15581.88,69.35,85,0.0,3279.65
15581.88,69.17,85,0.0,3279.65
15581.88,69.14,85,1.2125,3279.65
15581.88,68.92,85,0.0,3279.65
15581.88,68.74,85,0.0,3279.65
15581.88,71.14,85,0.0,3279.65
15581.88,72.58,84,1.2125,3279.65
15581.88,73.18,84,0.0,3279.65
15581.88,73.0,85,1.2125,3279.65
15581.88,73.02,85,0.0,3279.65
15581.88,72.91,77,1.225,3279.65
15581.88,70.36,77,0.0,3279.65
15581.88,68.5,85,0.0,3279.65
15581.88,68.15,85,1.2125,3279.65
15581.88,68.44,83,0.0,3279.65
15581.88,68.81,83,0.0,3279.65
15581.88,69.23,81,1.2125,3279.65
15581.88,69.41,81,0.0,3279.65
15581.88,69.57,84,0.0,3279.65
15581.88,69.35,84,1.2125,3279.65
15581.88,69.06,86,0.0,3279.65
15581.88,71.25,86,0.0,3279.65
15581.88,72.43,86,1.2125,3279.65
15581.88,72.86,86,1.2125,3279.65
15581.88,73.44,84,0.0,3279.65
15581.88,72.99,84,0.0,3279.65
15581.88,72.96,83,1.2125,3279.65
15581.88,72.75,83,1.2125,3279.65
15581.88,71.32,82,0.0,3279.65
15581.88,70.73,82,0.0,3279.65
15581.88,70.67,86,0.0,3279.65
15581.88,70.63,86,1.225,3279.65
15581.88,70.77,86,0.0,3279.65
15581.88,70.66,86,0.0,3279.65
15581.88,70.64,85,0.0,3279.65
15581.88,70.54,85,1.2125,3279.65
15581.88,70.79,86,0.0,3279.65
15581.88,70.89,86,0.0,3279.65
15581.88,70.62,86,1.2125,3279.65
15581.88,71.37,86,0.0,3279.65
15581.88,71.45,84,0.0,3279.65
15581.88,71.46,84,0.0,3279.65
15581.88,71.5,83,1.2125,3279.65
15581.88,73.9,83,1.15,3279.65
15581.88,73.02,74,0.0,3279.65
15581.88,72.98,74,0.0,3279.65
15581.88,72.94,83,1.225,3279.65
15581.88,72.84,83,0.0,3279.65
15581.88,72.73,86,0.0,3279.65
15581.88,72.92,85,1.2125,3279.65
15581.88,73.4,85,0.0,3279.65
15581.88,73.6,84,1.225,3279.65
15581.88,73.72,84,1.2125,3279.65
15581.88,73.38,84,0.0,3279.65
15581.88,71.07,86,0.0,3279.65
15581.88,71.99,86,1.2125,3279.65
15581.88,72.12,86,0.0,3279.65
15581.88,72.44,84,0.0,3279.65
15581.88,72.57,84,0.0,3279.65
15581.88,72.92,84,1.225,3279.65
15581.88,74.37,86,1.2125,3279.65
15581.88,73.34,81,0.0,3279.65
15581.88,73.33,81,0.0,3279.65
15581.88,73.56,87,0.0,3279.65
15581.88,73.79,86,0.0,3279.65
15581.88,74.11,86,1.225,3279.65
15581.88,74.11,86,0.0,3279.65
15581.88,74.06,86,0.0,3279.65
15581.88,73.79,85,1.2125,3279.65
15581.88,73.67,85,0.0,3279.65
15581.88,73.91,84,0.0,3279.65
15581.88,72.5,84,1.225,3279.65
15581.88,73.27,86,1.225,3279.65
15581.88,73.28,86,0.0,3279.65
15581.88,71.68,78,0.0,3279.65
15581.88,70.54,78,1.2125,3279.65
15581.88,70.42,86,0.0,3279.65
15581.88,70.57,86,0.0,3279.65
15581.88,70.91,85,1.225,3279.65
15581.88,70.56,85,1.225,3279.65
15581.88,70.22,80,0.0,3279.65
15581.88,70.45,80,0.0,3279.65
15581.88,70.53,86,0.0,3279.65
15581.88,70.42,86,1.2,3279.65
15581.88,71.74,86,0.0,3279.65
15581.88,72.73,86,1.225,3279.65
15581.88,72.72,85,1.225,3279.65
15581.88,74.18,85,0.0,3279.65
15581.88,72.6,81,0.0,3279.65
15581.88,72.33,81,1.225,3279.65
15581.88,72.83,86,0.0,3279.65
15581.88,73.2,86,0.0,3279.65
15581.88,73.24,86,0.0,3279.65
15581.88,73.29,86,1.225,3279.65
15581.88,73.0,84,1.225,3279.65
15581.88,73.81,84,0.0,3279.65
15581.88,72.95,82,0.0,3279.65
15581.88,72.9,82,0.0,3279.65
15581.88,71.0,85,1.225,3279.65
15581.88,72.45,85,0.0,3279.65
15581.88,72.83,84,0.0,3279.65
15581.88,72.87,84,0.0,3279.65
15581.88,72.87,86,1.225,3279.65
15581.88,72.7,86,0.0,3279.65
15581.88,72.49,86,0.0,3279.65
15581.88,72.92,86,1.225,3279.65
15581.88,71.6,80,0.0,3279.65
15581.88,72.2,80,1.225,3279.65
15581.88,72.36,85,0.0,3279.65
15581.88,72.74,85,1.2125,3279.65
15581.88,72.79,86,0.0,3279.65
15581.88,72.29,86,1.2125,3279.65
15581.88,70.92,70,0.0,3279.65
15581.88,69.47,70,1.2125,3279.65
15581.88,69.72,82,0.0,3279.65
15581.88,70.25,82,0.0,3279.65
15581.88,70.14,78,1.225,3279.65
15581.88,70.6,78,0.0,3279.65
15581.88,70.81,84,0.0,3279.65
15581.88,70.57,84,1.2125,3279.65
15581.88,72.02,78,0.0,3279.65
15581.88,70.32,90,1.2,3279.65
15581.88,70.19,90,0.0,3279.65
15581.88,71.26,85,0.0,3279.65
15581.88,72.31,85,1.225,3279.65
15581.88,72.06,84,0.0,3279.65
15581.88,71.95,84,0.0,3279.65
15581.88,72.11,85,0.0,3279.65
15581.88,72.43,85,1.225,3279.65
15581.88,72.57,85,0.0,3279.65
15581.88,70.57,85,1.225,3279.65
15581.88,73.77,79,0.0,3279.65
15581.88,72.92,79,1.2125,3279.65
15581.88,73.25,86,0.0,3279.65
15581.88,73.75,86,0.0,3279.65
15581.88,74.06,85,0.0,3279.65
15581.88,73.4,85,1.225,3279.65
15581.88,73.51,80,0.0,3279.65
15581.88,73.65,80,0.0,3279.65
15581.88,73.93,85,0.0,3279.65
15581.88,73.98,85,1.225,3279.65
15581.88,74.35,86,0.0,3279.65
15581.88,72.52,86,0.0,3279.65
15581.88,73.58,86,0.0,3279.65
15581.88,73.6,86,1.225,3279.65
15581.88,73.24,87,1.225,3279.65
15581.88,72.8,87,0.0,3279.65
15581.88,72.88,87,1.225,3279.65
15581.88,73.64,87,0.0,3279.65
15581.88,72.7,82,0.0,3279.65
15581.88,72.36,82,0.0,3279.65
15581.88,72.29,85,1.225,3279.65
15581.88,72.29,85,0.0,3279.65
15581.88,74.03,77,1.225,3279.65
15581.88,73.45,77,0.0,3279.65
15581.88,73.49,86,0.0,3279.65
15581.88,73.69,86,0.0,3279.65
15581.88,74.1,85,1.225,3279.65
15581.88,73.61,85,1.225,3279.65
15581.88,72.86,85,0.0,3279.65
15581.88,72.77,85,0.0,3279.65
15581.88,72.76,77,0.0,3279.65
15581.88,73.0,77,0.0,3279.65
15581.88,71.42,85,1.225,3279.65
15581.88,71.9,85,0.0,3279.65
15581.88,71.9,86,0.0,3279.65
15581.88,71.55,86,0.0,3279.65
15581.88,71.38,87,1.225,3279.65
15581.88,70.98,87,0.0,3279.65
15581.88,70.27,81,0.0,3279.65
15581.88,71.32,81,1.2125,3279.65
15581.88,71.37,88,0.0,3279.65
15581.88,71.26,88,0.0,3279.65
15581.88,71.09,86,1.225,3279.65
15581.88,71.26,85,0.0,3279.65
15581.88,71.66,85,1.2125,3279.65
15581.88,72.1,86,0.0,3279.65
15581.88,72.25,86,1.225,3279.65
15581.88,72.18,87,0.0,3279.65
15581.88,71.5,87,0.0,3279.65
15581.88,72.09,86,0.0,3279.65
15581.88,72.14,86,1.225,3279.65
15581.88,72.16,86,0.0,3279.65
15581.88,72.12,86,1.225,3279.65
15581.88,74.04,81,0.0,3279.65
15581.88,73.12,87,0.0,3279.65
15581.88,72.69,87,0.0,3279.65
15581.88,72.41,87,0.0,3279.65
15581.88,72.41,87,1.225,3279.65
15581.88,72.54,86,1.225,3279.65
15581.88,72.56,86,0.0,3279.65
15581.88,71.82,82,0.0,3279.65
15581.88,71.82,82,0.0,3279.65
15581.88,71.99,82,1.225,3279.65
15581.88,70.1,85,0.0,3279.65
15581.88,71.02,86,0.0,3279.65
15581.88,71.02,86,1.225,3279.65
15581.88,72.97,78,1.225,3279.65
15581.88,71.27,78,0.0,3279.65
15581.88,71.18,91,0.0,3279.65
15581.88,72.33,91,1.2125,3279.65
15581.88,72.55,86,0.0,3279.65
15581.88,72.91,86,0.0,3279.65
15581.88,74.93,78,1.2125,3279.65
15581.88,74.33,78,1.2125,3279.65
15581.88,74.35,87,0.0,3279.65
15581.88,74.19,87,0.0,3279.65
15581.88,74.26,84,0.0,3279.65
15581.88,71.89,84,1.225,3279.65
15581.88,73.51,84,1.225,3279.65
15581.88,73.94,84,0.0,3279.65
15581.88,73.03,81,0.0,3279.65
15581.88,72.75,81,0.0,3279.65
15581.88,72.85,85,0.0,3279.65
15581.88,70.94,85,1.225,3279.65
15581.88,71.92,84,0.0,3279.65
15581.88,72.05,84,0.0,3279.65
15581.88,72.12,87,0.0,3279.65
15581.88,72.43,87,1.225,3279.65
15581.88,72.63,86,0.0,3279.65
15581.88,72.34,86,1.225,3279.65
15581.88,73.53,81,0.0,3279.65
15581.88,73.46,81,0.0,3279.65
15581.88,73.29,85,0.0,3279.65
15581.88,72.68,85,0.0,3279.65
15581.88,72.46,84,3.65,3279.65
15581.88,70.99,84,0.0,3279.65
15581.88,70.58,81,0.0,3279.65
15581.88,70.38,81,0.0,3279.65
15581.88,70.18,85,2.4125,3279.65
15581.88,69.43,85,0.0,3279.65
15581.88,68.85,79,0.0,3279.65
15581.88,67.5,79,1.2125,3279.65
15581.88,68.41,83,0.0,3279.65
15581.88,68.43,83,0.0,3279.65
15581.88,68.92,83,1.225,3279.65
15581.88,70.41,83,0.0,3279.65
15581.88,71.06,81,0.0,3279.65
15581.88,71.31,81,1.2125,3279.65
15581.88,71.66,85,1.225,3279.65
15581.88,74.03,85,0.0,3279.65
15581.88,74.11,79,0.0,3279.65
15581.88,74.67,79,1.2125,3279.65
15581.88,74.36,83,0.0,3279.65
15581.88,74.52,83,0.0,3279.65
15581.88,75.03,84,0.0,3279.65
15581.88,74.97,84,2.4375,3279.65
15581.88,73.56,86,0.0,3279.65
15581.88,74.16,86,0.0,3279.65
15581.88,73.67,80,0.0,3279.65
15581.88,73.5,80,1.2125,3279.65
15581.88,71.32,85,1.225,3279.65
15581.88,72.18,85,0.0,3279.65
15581.88,72.74,83,0.0,3279.65
15581.88,73.19,86,1.225,3279.65
15581.88,73.31,86,0.0,3279.65
15581.88,73.11,86,0.0,3279.65
15581.88,73.11,86,0.0,3279.65
15581.88,72.83,86,0.0,3279.65
15581.88,72.65,84,1.225,3279.65
15581.88,74.69,80,1.225,3279.65
15581.88,74.13,80,0.0,3279.65
15581.88,74.29,86,0.0,3279.65
15581.88,74.31,86,0.0,3279.65
15581.88,74.38,85,1.225,3279.65
15581.88,74.39,85,0.0,3279.65
15581.88,74.36,85,0.0,3279.65
15581.88,74.35,82,1.225,3279.65
15581.88,74.68,82,1.225,3279.65
15581.88,74.68,80,0.0,3279.65
15581.88,73.72,80,0.0,3279.65
15581.88,72.51,80,1.225,3279.65
15581.88,72.41,84,0.0,3279.65
15581.88,72.16,84,0.0,3279.65
15581.88,71.63,85,1.2125,3279.65
15581.88,71.19,85,0.0,3279.65
15581.88,71.0,84,1.2125,3279.65
15581.88,69.42,80,0.0,3279.65
15581.88,69.65,80,0.0,3279.65
15581.88,70.04,85,1.2125,3279.65
15581.88,71.21,85,0.0,3279.65
15581.88,71.46,85,0.0,3279.65
15581.88,71.38,86,0.0,3279.65
15581.88,71.36,86,0.0,3279.65
15581.88,71.35,84,1.1875,3279.65
15581.88,71.58,86,0.0,3279.65
15581.88,71.72,86,0.0,3279.65
15581.88,71.61,86,0.0,3279.65
15581.88,72.73,86,1.225,3279.65
15581.88,72.45,86,0.0,3279.65
15581.88,72.19,86,0.0,3279.65
15581.88,71.84,86,0.0,3279.65
15581.88,71.41,86,1.225,3279.65
15581.88,68.39,78,2.4375,3279.65
15581.88,68.03,78,0.0,3279.65
15581.88,67.88,91,0.0,3279.65
15581.88,68.04,91,0.0,3279.65
15581.88,68.2,86,1.225,3279.65
15581.88,67.93,86,0.0,3279.65
15581.88,68.08,85,0.0,3279.65
15581.88,68.04,85,1.225,3279.65
15581.88,69.54,81,0.0,3279.65
15581.88,69.39,81,1.225,3279.65
15581.88,69.68,81,0.0,3279.65
15581.88,72.82,85,0.0,3279.65
15581.88,73.03,85,0.0,3279.65
15581.88,73.21,85,1.2125,3279.65
15581.88,73.02,75,1.2125,3279.65
15581.88,71.9,75,0.0,3279.65
15581.88,72.52,89,0.0,3279.65
15581.88,72.94,89,1.2125,3279.65
15581.88,73.42,86,0.0,3279.65
15581.88,72.22,86,0.0,3279.65
15581.88,72.83,86,0.0,3279.65
15581.88,72.94,86,0.0,3279.65
15581.88,72.75,86,1.2125,3279.65
15581.88,72.69,86,0.0,3279.65
15581.88,72.62,86,0.0,3279.65
15581.88,72.45,86,1.2125,3279.65
15581.88,73.4,86,1.2125,3279.65
15581.88,73.37,86,0.0,3279.65
15581.88,73.23,86,1.2125,3279.65
15581.88,72.71,83,0.0,3279.65
15581.88,72.5,83,1.1375,3279.65
15581.88,74.44,78,1.2375,3279.65
15581.88,73.43,78,0.0,3279.65
15581.88,73.08,85,0.0,3279.65
15581.88,72.97,85,0.0,3279.65
15581.88,73.62,84,1.2125,3279.65
15581.88,73.62,84,1.2125,3279.65
15581.88,73.53,77,0.0,3279.65
15581.88,74.81,77,0.0,3279.65
15581.88,74.86,87,1.2,3279.65
15581.88,75.15,87,0.0,3279.65
15581.88,72.9,85,0.0,3279.65
15581.88,73.44,85,1.1875,3279.65
15581.88,71.27,77,1.175,3279.65
15581.88,70.18,77,0.0,3279.65
15581.88,69.36,83,0.0,3279.65
15581.88,69.17,83,1.2125,3279.65
15581.88,69.25,86,0.0,3279.65
15581.88,66.67,86,1.2125,3279.65
15581.88,67.39,86,1.2125,3279.65
15581.88,67.64,86,0.0,3279.65
15581.88,67.22,86,0.0,3279.65
15581.88,67.42,86,1.2125,3279.65
15581.88,67.82,83,0.0,3279.65
15581.88,71.2,83,0.0,3279.65
15581.88,71.79,86,1.2125,3279.65
15581.88,72.14,86,0.0,3279.65
15581.88,71.81,86,0.0,3279.65
15581.88,72.06,86,0.0,3279.65
15581.88,72.06,83,1.2125,3279.65
15581.88,72.02,83,0.0,3279.65
15581.88,71.14,81,1.225,3279.65
15581.88,71.3,81,0.0,3279.65
15581.88,71.27,84,0.0,3279.65
15581.88,71.37,84,0.0,3279.65
15581.88,71.28,83,1.225,3279.65
15581.88,70.87,83,0.0,3279.65
15581.88,70.56,85,1.2125,3279.65
15581.88,70.69,85,0.0,3279.65
15581.88,70.41,86,1.2125,3279.65
15581.88,69.97,85,1.1375,3279.65
15581.88,68.08,85,0.0,3279.65
15581.88,67.02,78,1.2375,3279.65
15581.88,66.8,78,0.0,3279.65
15581.88,66.66,84,0.0,3279.65
15581.88,66.67,84,0.0,3279.65
15581.88,66.73,85,0.0,3279.65
15581.88,67.05,85,1.2125,3279.65
15581.88,67.19,86,0.0,3279.65
15581.88,67.43,86,0.0,3279.65
15581.88,67.49,87,0.0,3279.65
15581.88,67.8,87,1.2125,3279.65
15581.88,70.51,86,1.225,3279.65
15581.88,68.51,86,0.0,3279.65
15581.88,67.22,81,0.0,3279.65
15581.88,67.0,81,0.0,3279.65
15581.88,67.0,86,0.0,3279.65
15581.88,66.9,86,1.225,3279.65
15581.88,66.73,86,0.0,3279.65
15581.88,66.78,86,1.2,3279.65
15581.88,67.14,84,1.225,3279.65
15581.88,66.91,84,1.2125,3279.65
15581.88,66.71,77,0.0,3279.65
15581.88,67.13,84,1.225,3279.65
15581.88,70.12,84,0.0,3279.65
15581.88,71.27,84,0.0,3279.65
15581.88,71.27,84,0.0,3279.65
15581.88,71.58,86,0.0,3279.65
15581.88,71.88,86,1.225,3279.65
15581.88,72.13,86,0.0,3279.65
15581.88,72.15,86,0.0,3279.65
15581.88,71.71,86,0.0,3279.65
15581.88,72.18,86,1.225,3279.65
15581.88,72.73,86,0.0,3279.65
15581.88,73.01,86,0.0,3279.65
15581.88,73.3,86,0.0,3279.65
15581.88,71.99,86,2.4375,3279.65
15581.88,70.58,80,0.0,3279.65
15581.88,70.38,80,0.0,3279.65
15581.88,70.45,87,0.0,3279.65
15581.88,70.35,87,0.0,3279.65
15581.88,70.12,84,1.225,3279.65
15581.88,70.06,84,0.0,3279.65
15581.88,69.71,84,1.2125,3279.65
15581.88,71.56,84,0.0,3279.65
15581.88,70.71,81,0.0,3279.65
15581.88,70.27,81,1.2125,3279.65
15581.88,71.45,84,0.0,3279.65
15581.88,72.92,84,0.0,3279.65
15581.88,73.27,84,0.0,3279.65
15581.88,72.58,84,2.4375,3279.65
15581.88,72.93,81,0.0,3279.65
15581.88,73.13,81,0.0,3279.65
15581.88,73.23,84,1.125,3279.65
15581.88,73.71,84,1.225,3279.65
15581.88,71.47,73,0.0,3279.65
15581.88,72.17,73,0.0,3279.65
15581.88,72.32,87,0.0,3279.65
15581.88,72.5,87,1.225,3279.65
15581.88,72.27,87,0.0,3279.65
15581.88,72.05,87,1.2125,3279.65
15581.88,70.0,74,1.2125,3279.65
15581.88,69.01,74,0.0,3279.65
15581.88,68.61,92,0.0,3279.65
15581.88,68.75,92,0.0,3279.65
15581.88,68.6,86,1.225,3279.65
15581.88,68.85,86,0.0,3279.65
15581.88,68.69,86,0.0,3279.65
15581.88,68.81,86,0.0,3279.65
15581.88,68.62,87,0.0,3279.65
15581.88,67.94,87,1.225,3279.65
15581.88,67.88,86,0.0,3279.65
15581.88,70.34,87,2.45,3279.65
15581.88,70.88,87,0.0,3279.65
15581.88,70.26,81,0.0,3279.65
15581.88,69.48,81,0.0,3279.65
15581.88,69.19,86,2.2375,3279.65
15581.88,69.14,86,0.0,3279.65
15581.88,70.03,76,0.0,3279.65
15581.88,70.38,76,2.1875,3279.65
15581.88,68.7,77,0.0,3279.65
15581.88,67.81,77,1.2375,3279.65
15581.88,67.95,81,0.0,3279.65
15581.88,68.22,81,0.0,3279.65
15581.88,69.58,86,0.0,3279.65
15581.88,70.44,86,1.2125,3279.65
15581.88,70.44,85,0.0,3279.65
15581.88,71.32,85,1.2125,3279.65
15581.88,70.43,75,1.2125,3279.65
15581.88,70.69,75,0.0,3279.65
15581.88,73.24,87,0.0,3279.65
15581.88,74.3,87,0.0,3279.65
15581.88,74.54,85,1.225,3279.65
15581.88,74.61,85,0.0,3279.65
15581.88,74.62,85,0.0,3279.65
15581.88,74.49,85,0.0,3279.65
15581.88,74.69,86,1.225,3279.65
15581.88,74.5,86,0.0,3279.65
15581.88,72.81,86,0.0,3279.65
15581.88,73.54,86,0.0,3279.65
15581.88,73.33,86,0.0,3279.65
15581.88,73.14,86,1.225,3279.65
15581.88,73.08,86,1.225,3279.65
15581.88,72.98,87,1.225,3279.65
15581.88,73.83,87,0.0,3279.65
15581.88,72.86,82,0.0,3279.65
15581.88,72.77,82,1.225,3279.65
15581.88,72.64,87,0.0,3279.65
15581.88,72.74,87,0.0,3279.65
15581.88,72.96,87,0.0,3279.65
15581.88,73.71,87,2.325,3279.65
15581.88,73.18,73,0.0,3279.65
15581.88,73.1,73,0.0,3279.65
15581.88,72.96,86,0.0,3279.65
15581.88,72.76,86,1.225,3279.65
15581.88,71.8,86,0.0,3279.65
15581.88,72.66,86,1.225,3279.65
15581.88,72.63,86,1.2125,3279.65
15581.88,72.35,78,0.0,3279.65
15581.88,72.33,85,0.0,3279.65
15581.88,72.21,85,0.0,3279.65
15581.88,71.59,84,1.2125,3279.65
15581.88,71.86,84,0.0,3279.65
15581.88,71.72,87,0.0,3279.65
15581.88,71.63,87,0.0,3279.65
15581.88,71.48,87,2.2,3279.65
15581.88,68.48,77,0.0,3279.65
15581.88,68.68,77,0.0,3279.65
15581.88,68.68,82,0.0,3279.65
15581.88,68.99,82,1.2375,3279.65
15581.88,68.95,84,0.0,3279.65
15581.88,69.4,84,0.0,3279.65
15581.88,69.32,84,2.425,3279.65
15581.88,69.84,84,0.0,3279.65
15581.88,71.26,76,0.0,3279.65
15581.88,70.95,76,1.1875,3279.65
15581.88,71.18,85,0.0,3279.65
15581.88,73.54,85,1.225,3279.65
15581.88,73.95,83,0.0,3279.65
15581.88,74.22,83,1.225,3279.65
15581.88,71.45,74,1.1875,3279.65
15581.88,69.7,74,1.2125,3279.65
15581.88,69.64,87,0.0,3279.65
15581.88,69.42,87,1.1,3279.65
15581.88,68.01,75,0.0,3279.65
15581.88,68.8,75,1.2125,3279.65
15581.88,69.07,84,0.0,3279.65
15581.88,69.57,84,2.4125,3279.65
15581.88,71.3,71,0.0,3279.65
15581.88,70.47,71,0.0,3279.65
15581.88,70.06,86,0.0,3279.65
15581.88,73.02,86,1.225,3279.65
15581.88,74.6,87,0.0,3279.65
15581.88,74.68,87,0.0,3279.65
15581.88,74.54,84,1.2125,3279.65
15581.88,74.44,84,0.0,3279.65
15581.88,73.87,86,1.2125,3279.65
15581.88,73.41,86,0.0,3279.65
15581.88,72.8,84,1.2125,3279.65
15581.88,71.02,84,0.0,3279.65
15581.88,71.62,86,0.0,3279.65
15581.88,71.87,86,0.0,3279.65
15581.88,71.99,87,0.0,3279.65
15581.88,71.12,87,2.1,3279.65
15581.88,71.12,77,2.325,3279.65
15581.88,70.39,77,0.0,3279.65
15581.88,69.89,66,0.0,3279.65
15581.88,70.02,66,1.225,3279.65
15581.88,70.02,83,0.0,3279.65
15581.88,70.18,83,0.0,3279.65
15581.88,70.28,82,0.0,3279.65
15581.88,70.28,82,1.225,3279.65
15581.88,69.91,84,0.0,3279.65
15581.88,69.48,84,0.0,3279.65
15581.88,70.22,85,0.0,3279.65
15581.88,70.15,85,0.0,3279.65
15581.88,70.29,82,1.2125,3279.65
15581.88,71.09,85,2.95,3279.65
15581.88,70.96,85,0.0,3279.65
15581.88,71.25,75,0.0,3279.65
15581.88,71.6,75,2.4375,3279.65
15581.88,69.3,79,0.0,3279.65
15581.88,69.51,83,1.2125,3279.65
15581.88,68.91,83,1.2125,3279.65
15581.88,68.88,85,0.0,3279.65
15581.88,69.47,85,0.0,3279.65
15581.88,70.07,84,0.0,3279.65
15581.88,70.5,84,1.225,3279.65
15581.88,70.5,83,0.0,3279.65
15581.88,70.89,83,1.2125,3279.65
15581.88,70.79,74,1.225,3279.65
15581.88,69.52,74,0.0,3279.65
15581.88,71.94,86,0.0,3279.65
15581.88,71.96,86,0.0,3279.65
15581.88,72.78,86,1.225,3279.65
15581.88,73.15,86,0.0,3279.65
15581.88,72.92,86,0.0,3279.65
15581.88,70.4,86,1.225,3279.65
15581.88,69.43,83,0.0,3279.65
15581.88,68.96,83,1.2125,3279.65
15581.88,68.94,86,0.0,3279.65
15581.88,69.88,86,0.0,3279.65
15581.88,69.57,85,0.0,3279.65
15581.88,69.67,85,0.0,3279.65
15581.88,69.66,85,0.0,3279.65
15581.88,69.5,85,1.225,3279.65
15581.88,69.21,86,0.0,3279.65
15581.88,69.45,86,0.0,3279.65
15581.88,72.13,82,0.0,3279.65
15581.88,72.26,82,2.45,3279.65
15581.88,72.37,83,0.0,3279.65
15581.88,72.38,83,0.0,3279.65
15581.88,72.15,84,0.0,3279.65
15581.88,72.38,84,1.225,3279.65
15581.88,72.31,84,1.2125,3279.65
15581.88,73.89,84,2.1625,3279.65
15581.88,73.69,69,0.0,3279.65
15581.88,74.03,69,0.0,3279.65
15581.88,73.9,86,0.0,3279.65
15581.88,74.26,86,1.225,3279.65
15581.88,75.05,87,2.4375,3279.65
15581.88,77.22,87,0.0,3279.65
15581.88,76.4,72,0.0,3279.65
15581.88,76.48,72,0.0,3279.65
15581.88,76.3,86,1.225,3279.65
15581.88,75.8,86,0.0,3279.65
15581.88,73.98,87,0.0,3279.65
15581.88,73.95,87,1.2125,3279.65
15581.88,74.96,76,1.225,3279.65
15581.88,74.15,76,0.0,3279.65
15581.88,74.18,88,0.0,3279.65
15581.88,73.91,88,0.0,3279.65
15581.88,72.59,84,2.125,3279.65
15581.88,72.92,84,2.225,3279.65
15581.88,73.07,79,0.0,3279.65
15581.88,73.07,79,0.0,3279.65
15581.88,72.98,86,0.0,3279.65
15581.88,72.8,86,1.225,3279.65
15581.88,71.27,86,0.0,3279.65
15581.88,71.51,86,1.225,3279.65
15581.88,71.23,86,0.0,3279.65
15581.88,70.86,84,1.225,3279.65
15581.88,70.93,84,0.0,3279.65
15581.88,71.1,85,1.2,3279.65
15581.88,71.12,76,1.2125,3279.65
15581.88,69.93,76,0.0,3279.65
15581.88,69.81,84,0.0,3279.65
15581.88,70.01,84,0.0,3279.65
15581.88,70.37,85,1.2125,3279.65
15581.88,70.87,85,0.0,3279.65
15581.88,71.2,84,0.0,3279.65
15581.88,70.79,84,1.225,3279.65
15581.88,73.02,76,1.225,3279.65
15581.88,72.2,76,0.0,3279.65
15581.88,71.94,86,0.0,3279.65
15581.88,71.94,86,1.2,3279.65
15581.88,73.22,86,0.0,3279.65
15581.88,73.1,86,0.0,3279.65
15581.88,71.87,77,1.225,3279.65
15581.88,70.97,77,0.0,3279.65
15581.88,71.14,88,1.2375,3279.65
15581.88,71.83,88,0.0,3279.65
15581.88,70.07,86,0.0,3279.65
15581.88,69.77,86,2.175,3279.65
15581.88,69.58,78,0.0,3279.65
15581.88,66.92,78,3.65,3279.65
15581.88,66.08,69,0.0,3279.65
15581.88,65.69,69,1.2125,3279.65
15581.88,66.01,84,0.0,3279.65
15581.88,67.4,84,1.1625,3279.65
15581.88,66.62,80,1.1375,3279.65
15581.88,65.44,80,0.0,3279.65
15581.88,64.74,82,0.0,3279.65
15581.88,64.42,82,0.0,3279.65
15581.88,65.69,85,1.2375,3279.65
15581.88,65.89,85,0.0,3279.65
15581.88,68.64,86,0.0,3279.65
15581.88,69.77,86,2.425,3279.65
15581.88,71.96,78,0.0,3279.65
15581.88,71.2,78,0.0,3279.65
15581.88,70.81,86,2.0875,3279.65
15581.88,72.36,86,1.1625,3279.65
15581.88,73.63,84,0.0,3279.65
15581.88,74.94,84,2.4375,3279.65
15581.88,74.94,86,0.0,3279.65
15581.88,74.53,86,0.0,3279.65
15581.88,74.09,82,0.0,3279.65
15581.88,73.69,82,1.225,3279.65
15581.88,70.96,86,0.0,3279.65
15581.88,70.96,86,0.0,3279.65
15581.88,71.5,86,0.0,3279.65
15581.88,71.86,86,1.225,3279.65
15581.88,71.93,85,2.1125,3279.65
15581.88,68.37,70,0.0,3279.65
15581.88,66.99,70,1.225,3279.65
15581.88,66.97,84,0.0,3279.65
15581.88,67.09,84,0.0,3279.65
15581.88,67.45,87,0.0,3279.65
15581.88,68.02,87,0.0,3279.65
15581.88,68.13,85,2.4375,3279.65
15581.88,68.16,85,0.0,3279.65
15581.88,67.72,79,0.0,3279.65
15581.88,67.55,79,1.2,3279.65
15581.88,67.5,86,0.0,3279.65
15581.88,70.69,86,1.2125,3279.65
15581.88,71.97,86,1.2,3279.65
15581.88,72.41,80,0.0,3279.65
15581.88,71.83,80,0.0,3279.65
15581.88,71.61,86,1.2125,3279.65
15581.88,71.4,86,0.0,3279.65
15581.88,71.66,86,0.0,3279.65
15581.88,71.81,86,0.0,3279.65
15581.88,72.18,85,1.2125,3279.65
15581.88,71.81,85,1.2125,3279.65
15581.88,71.59,81,0.0,3279.65
15581.88,71.19,81,0.0,3279.65
15581.88,70.76,85,1.2125,3279.65
15581.88,71.87,85,0.0,3279.65
15581.88,72.36,84,0.0,3279.65
15581.88,72.83,84,1.2125,3279.65
15581.88,72.82,86,0.0,3279.65
15581.88,72.69,86,0.0,3279.65
15581.88,72.6,87,1.2125,3279.65
15581.88,72.63,87,0.0,3279.65
15581.88,71.75,84,1.1,3279.65
15581.88,71.75,84,1.2125,3279.65
15581.88,72.0,86,0.0,3279.65
15581.88,71.94,86,0.0,3279.65
15581.88,71.69,87,0.0,3279.65
15581.88,71.49,87,2.2375,3279.65
15581.88,69.78,82,0.0,3279.65
15581.88,68.74,82,1.2125,3279.65
15581.88,68.63,79,0.0,3279.65
15581.88,68.73,79,0.0,3279.65
15581.88,68.67,86,1.2125,3279.65
15581.88,69.98,86,0.0,3279.65
15581.88,70.14,84,0.0,3279.65
15581.88,70.42,84,1.2125,3279.65
15581.88,70.5,86,1.2125,3279.65
15581.88,70.22,86,0.0,3279.65
15581.88,69.77,86,0.0,3279.65
15581.88,70.88,86,1.225,3279.65
15581.88,71.55,86,0.0,3279.65
15581.88,71.53,86,0.0,3279.65
15581.88,71.36,86,0.0,3279.65
15581.88,71.4,86,1.225,3279.65
15581.88,68.65,86,1.2125,3279.65
15581.88,67.5,86,0.0,3279.65
15581.88,67.1,75,1.2125,3279.65
15581.88,67.1,75,0.0,3279.65
15581.88,67.15,83,0.0,3279.65
15581.88,67.57,83,1.225,3279.65
15581.88,68.07,84,1.2125,3279.65
15581.88,68.43,79,0.0,3279.65
15581.88,70.77,79,2.1625,3279.65
15581.88,70.08,82,0.0,3279.65
15581.88,70.07,82,0.0,3279.65
15581.88,73.03,81,1.225,3279.65
15581.88,71.23,81,1.2375,3279.65
15581.88,70.58,75,0.0,3279.65
15581.88,70.49,75,0.0,3279.65
15581.88,70.19,84,1.2375,3279.65
15581.88,70.02,84,0.0,3279.65
15581.88,70.17,83,0.0,3279.65
15581.88,68.17,83,0.0,3279.65
15581.88,69.0,86,0.0,3279.65
15581.88,68.94,86,1.25,3279.65
15581.88,68.99,86,0.0,3279.65
15581.88,68.91,86,1.25,3279.65
15581.88,68.76,76,0.0,3279.65
15581.88,68.43,76,0.0,3279.65
15581.88,68.69,88,1.25,3279.65
15581.88,69.14,88,0.0,3279.65
15581.88,69.24,84,1.225,3279.65
15581.88,68.16,80,2.4125,3279.65
15581.88,64.69,80,1.2375,3279.65
15581.88,63.27,80,1.2375,3279.65
15581.88,62.98,74,0.0,3279.65
15581.88,62.98,74,0.0,3279.65
15581.88,65.61,86,1.25,3279.65
15581.88,66.83,86,1.25,3279.65
15581.88,66.67,86,0.0,3279.65
15581.88,66.25,86,0.0,3279.65
15581.88,66.07,86,1.25,3279.65
15581.88,66.49,86,0.0,3279.65
15581.88,65.92,86,0.0,3279.65
15581.88,68.48,86,0.0,3279.65
15581.88,68.48,85,0.0,3279.65
15581.88,69.77,85,1.25,3279.65
15581.88,70.18,85,0.0,3279.65
15581.88,70.57,85,0.0,3279.65
15581.88,70.98,86,0.0,3279.65
15581.88,71.26,86,1.25,3279.65
15581.88,73.52,79,0.0,3279.65
15581.88,72.96,79,1.25,3279.65
15581.88,73.07,87,0.0,3279.65
15581.88,73.58,87,0.0,3279.65
15581.88,73.77,86,0.0,3279.65
15581.88,74.51,86,0.0,3279.65
15581.88,74.0,85,1.25,3279.65
15581.88,73.95,85,1.25,3279.65
15581.88,73.67,85,0.0,3279.65
15581.88,72.73,85,0.0,3279.65
15581.88,72.35,80,0.0,3279.65
15581.88,70.45,80,0.0,3279.65
15581.88,71.5,86,1.225,3279.65
15581.88,71.4,86,0.0,3279.65
15581.88,71.06,87,0.0,3279.65
15581.88,71.0,87,1.15,3279.65
15581.88,72.5,80,0.0,3279.65
15581.88,72.6,80,1.25,3279.65
15581.88,72.83,86,1.1375,3279.65
15581.88,72.31,86,0.0,3279.65
15581.88,73.2,83,0.0,3279.65
15581.88,73.5,83,0.0,3279.65
15581.88,73.65,83,1.225,3279.65
15581.88,73.29,83,0.0,3279.65
15581.88,73.2,83,0.0,3279.65
15581.88,73.18,83,2.4375,3279.65
15581.88,73.38,83,0.0,3279.65
15581.88,71.86,83,0.0,3279.65
15581.88,72.37,86,0.0,3279.65
15581.88,72.24,83,1.225,3279.65
15581.88,72.67,83,0.0,3279.65
15581.88,72.34,87,1.225,3279.65
15581.88,72.34,87,0.0,3279.65
15581.88,72.77,79,2.1375,3279.65
15581.88,72.77,79,0.0,3279.65
15581.88,73.79,83,0.0,3279.65
15581.88,74.08,83,1.225,3279.65
15581.88,74.1,86,2.45,3279.65
15581.88,76.03,86,0.0,3279.65
15581.88,75.32,76,1.225,3279.65
15581.88,75.62,76,0.0,3279.65
15581.88,78.06,87,1.2,3279.65
15581.88,75.63,87,0.0,3279.65
15581.88,75.63,84,0.0,3279.65
15581.88,76.24,84,1.225,3279.65
15581.88,76.0,87,0.0,3279.65
15581.88,76.03,87,0.0,3279.65
15581.88,75.86,86,0.0,3279.65
15581.88,75.55,86,1.225,3279.65
15581.88,74.28,84,0.0,3279.65
15581.88,74.36,84,0.0,3279.65
15581.88,73.81,86,0.0,3279.65
15581.88,71.28,86,1.225,3279.65
15581.88,72.11,86,0.0,3279.65
15581.88,72.43,86,0.0,3279.65
15581.88,72.17,85,0.0,3279.65
15581.88,71.77,85,0.0,3279.65
15581.88,71.77,85,1.225,3279.65
15581.88,72.0,85,1.2125,3279.65
15581.88,71.94,85,0.0,3279.65
15581.88,71.78,85,0.0,3279.65
15581.88,71.79,77,0.0,3279.65
15581.88,72.43,77,1.225,3279.65
15581.88,72.81,85,0.0,3279.65
15581.88,73.08,85,0.0,3279.65
15581.88,73.04,85,0.0,3279.65
15581.88,73.23,86,1.2,3279.65
15581.88,72.94,86,1.2,3279.65
15581.88,72.47,86,0.0,3279.65
15581.88,72.69,71,1.2375,3279.65
15581.88,70.03,71,0.0,3279.65
15581.88,69.13,68,0.0,3279.65
15581.88,69.13,68,1.2375,3279.65
15581.88,69.11,87,0.0,3279.65
15581.88,69.09,86,0.0,3279.65
15581.88,69.18,86,0.0,3279.65
15581.88,68.99,82,1.2375,3279.65
15581.88,68.64,82,0.0,3279.65
15581.88,68.39,85,0.0,3279.65
15581.88,68.9,85,0.0,3279.65
15581.88,69.26,85,1.2375,3279.65
15581.88,69.26,85,1.2375,3279.65
15581.88,72.21,83,0.0,3279.65
15581.88,71.84,83,0.0,3279.65
15581.88,71.67,87,1.2375,3279.65
15581.88,71.81,87,0.0,3279.65
15581.88,71.88,86,0.0,3279.65
15581.88,71.88,86,1.2375,3279.65
15581.88,69.46,78,0.0,3279.65
15581.88,71.58,78,1.25,3279.65
15581.88,70.64,62,0.0,3279.65
15581.88,70.98,62,0.0,3279.65
15581.88,70.63,86,0.0,3279.65
15581.88,72.13,86,0.0,3279.65
15581.88,72.62,87,1.25,3279.65
15581.88,72.69,87,0.0,3279.65
15581.88,72.73,86,0.0,3279.65
15581.88,72.73,86,0.0,3279.65
15581.88,72.57,87,0.0,3279.65
15581.88,74.99,87,1.2375,3279.65
15581.88,72.44,86,0.0,3279.65
15581.88,72.89,86,0.0,3279.65
15581.88,72.47,86,0.0,3279.65
15581.88,72.08,86,0.0,3279.65
15581.88,71.8,86,1.2375,3279.65
15581.88,71.72,86,2.4875,3279.65
15581.88,73.72,81,0.0,3279.65
15581.88,72.53,81,0.0,3279.65
15581.88,72.28,88,0.0,3279.65
15581.88,72.3,88,1.2375,3279.65
15581.88,72.25,86,0.0,3279.65
15581.88,72.51,86,0.0,3279.65
15581.88,72.68,86,0.0,3279.65
15581.88,72.71,86,1.25,3279.65
15581.88,72.58,86,0.0,3279.65
15581.88,72.48,86,0.0,3279.65
15581.88,71.81,86,0.0,3279.65
15581.88,69.09,86,0.0,3279.65
15581.88,70.04,85,1.25,3279.65
15581.88,70.27,85,0.0,3279.65
15581.88,70.49,86,0.0,3279.65
15581.88,70.84,86,0.0,3279.65
15581.88,71.2,86,1.225,3279.65
15581.88,72.77,86,1.225,3279.65
15581.88,71.81,82,0.0,3279.65
15581.88,71.82,82,0.0,3279.65
15581.88,71.78,87,0.0,3279.65
15581.88,72.21,87,0.0,3279.65
15581.88,72.86,87,1.225,3279.65
15581.88,72.93,87,1.225,3279.65
15581.88,71.64,82,0.0,3279.65
15581.88,71.44,82,0.0,3279.65
15581.88,71.63,86,0.0,3279.65
15581.88,71.58,86,0.0,3279.65
15581.88,70.43,86,1.225,3279.65
15581.88,71.59,80,1.225,3279.65
15581.88,69.47,80,0.0,3279.65
15581.88,68.5,86,0.0,3279.65
15581.88,68.38,86,0.0,3279.65
15581.88,68.33,86,1.225,3279.65
15581.88,68.31,86,1.225,3279.65
15581.88,71.32,83,0.0,3279.65
15581.88,70.48,83,1.225,3279.65
15581.88,70.35,87,0.0,3279.65
15581.88,70.41,87,0.0,3279.65
15581.88,70.36,87,0.0,3279.65
15581.88,70.6,87,1.225,3279.65
15581.88,73.05,87,0.0,3279.65
15581.88,74.25,87,0.0,3279.65
15581.88,74.4,87,0.0,3279.65
15581.88,74.37,87,0.0,3279.65
15581.88,74.17,87,1.2125,3279.65
15581.88,72.09,87,0.0,3279.65
15581.88,72.7,86,0.0,3279.65
15581.88,72.44,86,0.0,3279.65
15581.88,71.92,86,1.225,3279.65
15581.88,71.92,86,1.2125,3279.65
15581.88,72.83,78,0.0,3279.65
15581.88,72.02,78,0.0,3279.65
15581.88,72.15,88,0.0,3279.65
15581.88,72.12,88,1.2125,3279.65
15581.88,72.34,86,0.0,3279.65
15581.88,72.7,86,0.0,3279.65
15581.88,73.39,87,0.0,3279.65
15581.88,73.79,87,1.225,3279.65
15581.88,73.79,87,0.0,3279.65
15581.88,73.59,87,0.0,3279.65
15581.88,73.23,86,0.0,3279.65
15581.88,72.08,86,2.45,3279.65
15581.88,72.93,87,0.0,3279.65
15581.88,72.98,87,0.0,3279.65
15581.88,73.08,86,0.0,3279.65
15581.88,73.17,86,1.2125,3279.65
15581.88,73.72,86,0.0,3279.65
15581.88,73.43,86,1.225,3279.65
15581.88,73.43,82,0.0,3279.65
15581.88,73.55,82,0.0,3279.65
15581.88,73.87,86,0.0,3279.65
15581.88,74.1,86,1.225,3279.65
15581.88,74.48,86,0.0,3279.65
15581.88,76.42,86,1.2,3279.65
15581.88,75.5,78,0.0,3279.65
15581.88,75.33,78,0.0,3279.65
15581.88,75.24,88,1.225,3279.65
15581.88,74.64,86,0.0,3279.65
15581.88,74.64,86,0.0,3279.65
15581.88,74.91,86,1.2125,3279.65
15581.88,74.51,87,0.0,3279.65
15581.88,74.56,87,0.0,3279.65
15581.88,74.4,86,1.2125,3279.65
15581.88,74.13,86,0.0,3279.65
15581.88,71.89,87,0.0,3279.65
15581.88,72.82,86,0.0,3279.65
15581.88,73.05,86,0.0,3279.65
15581.88,73.34,87,1.225,3279.65
15581.88,73.46,87,0.0,3279.65
15581.88,73.54,86,1.1875,3279.65
15581.88,72.74,86,0.0,3279.65
15581.88,72.55,81,0.0,3279.65
15581.88,72.66,81,1.2125,3279.65
15581.88,72.88,86,0.0,3279.65
15581.88,73.23,86,0.0,3279.65
15581.88,73.23,86,1.225,3279.65
15581.88,75.11,86,1.225,3279.65
15581.88,74.15,82,0.0,3279.65
15581.88,73.91,82,1.225,3279.65
15581.88,73.44,88,0.0,3279.65
15581.88,73.44,88,0.0,3279.65
15581.88,74.0,87,0.0,3279.65
15581.88,74.1,87,0.0,3279.65
15581.88,74.1,87,0.0,3279.65
15581.88,73.97,87,1.225,3279.65
15581.88,73.96,87,0.0,3279.65
15581.88,73.99,87,0.0,3279.65
15581.88,71.92,87,0.0,3279.65
15581.88,72.42,87,0.0,3279.65
15581.88,72.34,87,1.2125,3279.65
15581.88,72.6,86,0.0,3279.65
15581.88,72.81,86,0.0,3279.65
15581.88,72.76,85,1.225,3279.65
15581.88,71.39,85,1.225,3279.65
15581.88,71.19,82,0.0,3279.65
15581.88,71.2,82,1.2125,3279.65
15581.88,70.91,82,0.0,3279.65
15581.88,70.9,84,0.0,3279.65
15581.88,70.64,84,0.0,3279.65
15581.88,70.67,84,2.4375,3279.65
15581.88,71.85,80,0.0,3279.65
15581.88,71.05,80,0.0,3279.65
15581.88,70.88,88,1.2125,3279.65
15581.88,70.84,88,0.0,3279.65
15581.88,71.87,86,0.0,3279.65
15581.88,71.68,86,1.2125,3279.65
15581.88,71.87,85,0.0,3279.65
15581.88,72.2,85,0.0,3279.65
15581.88,72.42,86,0.0,3279.65
15581.88,72.44,86,1.2125,3279.65
15581.88,72.01,84,1.2125,3279.65
15581.88,72.36,84,0.0,3279.65
15581.88,72.53,80,0.0,3279.65
15581.88,72.59,80,1.1875,3279.65
15581.88,72.68,86,1.2125,3279.65
15581.88,74.03,86,1.2125,3279.65
15581.88,73.52,80,0.0,3279.65
15581.88,72.83,80,0.0,3279.65
15581.88,73.02,84,1.225,3279.65
15581.88,73.09,84,0.0,3279.65
15581.88,73.43,86,0.0,3279.65
15581.88,73.72,86,0.0,3279.65
15581.88,72.11,87,0.0,3279.65
15581.88,72.51,86,1.225,3279.65
15581.88,72.26,86,0.0,3279.65
15581.88,71.84,86,0.0,3279.65
15581.88,70.17,86,0.0,3279.65
15581.88,70.65,86,1.225,3279.65
15581.88,70.92,86,0.0,3279.65
15581.88,70.3,87,0.0,3279.65
15581.88,68.6,87,1.225,3279.65
15581.88,67.61,81,0.0,3279.65
15581.88,67.41,81,0.0,3279.65
15581.88,67.69,86,1.225,3279.65
15581.88,67.8,86,0.0,3279.65
15581.88,67.97,86,0.0,3279.65
15581.88,68.28,86,0.0,3279.65
15581.88,68.46,86,1.2125,3279.65
15581.88,65.73,86,1.2,3279.65
15581.88,64.83,78,0.0,3279.65
15581.88,64.91,78,0.0,3279.65
15581.88,66.14,85,0.0,3279.65
15581.88,67.54,85,1.2125,3279.65
15581.88,67.91,85,0.0,3279.65
15581.88,67.9,85,1.2125,3279.65
15581.88,69.08,81,0.0,3279.65
15581.88,68.67,81,0.0,3279.65
15581.88,68.84,86,1.2375,3279.65
15581.88,68.46,86,0.0,3279.65
15581.88,71.02,84,1.2125,3279.65
15581.88,71.03,84,0.0,3279.65
15581.88,70.67,81,1.225,3279.65
15581.88,71.06,81,0.0,3279.65
15581.88,71.1,85,1.225,3279.65
15581.88,71.28,85,0.0,3279.65
15581.88,71.39,85,1.225,3279.65
15581.88,70.36,85,0.0,3279.65
15581.88,70.85,84,0.0,3279.65
15581.88,70.91,84,0.0,3279.65
15581.88,71.64,83,1.2125,3279.65
15581.88,71.54,83,0.0,3279.65
15581.88,72.47,82,0.0,3279.65
15581.88,72.94,82,1.225,3279.65
15581.88,72.85,85,0.0,3279.65
15581.88,72.26,81,0.0,3279.65
15581.88,72.42,81,1.2125,3279.65
15581.88,72.53,78,1.2125,3279.65
15581.88,72.22,78,0.0,3279.65
15581.88,72.36,82,0.0,3279.65
15581.88,72.33,82,0.0,3279.65
15581.88,72.29,86,1.2125,3279.65
15581.88,72.74,86,1.2125,3279.65
15581.88,74.91,80,0.0,3279.65
15581.88,73.82,80,0.0,3279.65
15581.88,74.61,85,0.0,3279.65
15581.88,74.58,85,1.225,3279.65
15581.88,74.41,85,0.0,3279.65
15581.88,74.8,85,0.0,3279.65
15581.88,74.89,85,1.2125,3279.65
15581.88,74.66,85,1.225,3279.65
15581.88,74.78,82,0.0,3279.65
15581.88,74.58,82,0.0,3279.65
15581.88,72.45,86,0.0,3279.65
15581.88,73.19,86,1.2125,3279.65
15581.88,73.52,86,0.0,3279.65
15581.88,73.27,86,0.0,3279.65
15581.88,72.81,86,1.2125,3279.65
15581.88,72.76,86,1.2125,3279.65
15581.88,74.32,77,0.0,3279.65
15581.88,73.89,77,0.0,3279.65
15581.88,74.23,86,1.2125,3279.65
15581.88,74.16,86,0.0,3279.65
15581.88,74.35,86,0.0,3279.65
15581.88,74.66,86,1.2125,3279.65
15581.88,76.11,78,1.2125,3279.65
15581.88,74.84,78,0.0,3279.65
15581.88,74.79,89,0.0,3279.65
15581.88,75.18,89,0.0,3279.65
15581.88,74.99,86,1.225,3279.65
15581.88,73.06,86,0.0,3279.65
15581.88,73.57,84,0.0,3279.65
15581.88,73.57,84,0.0,3279.65
15581.88,73.39,86,0.0,3279.65
15581.88,73.11,86,2.45,3279.65
15581.88,72.56,86,0.0,3279.65
15581.88,71.4,86,0.0,3279.65
15581.88,71.68,81,0.0,3279.65
15581.88,71.48,81,1.225,3279.65
15581.88,71.55,84,0.0,3279.65
15581.88,72.08,84,0.0,3279.65
15581.88,72.59,86,0.0,3279.65
15581.88,72.55,86,1.225,3279.65
15581.88,72.63,86,1.225,3279.65
15581.88,72.71,80,0.0,3279.65
15581.88,72.41,80,0.0,3279.65
15581.88,71.69,82,1.225,3279.65
15581.88,71.45,82,0.0,3279.65
15581.88,72.46,84,0.0,3279.65
15581.88,73.02,84,1.225,3279.65
15581.88,74.2,81,0.0,3279.65
15581.88,73.31,81,1.225,3279.65
15581.88,73.03,86,1.225,3279.65
15581.88,72.47,86,0.0,3279.65
15581.88,71.91,81,0.0,3279.65
15581.88,72.24,81,0.0,3279.65
15581.88,72.24,83,1.225,3279.65
15581.88,73.88,83,1.225,3279.65
15581.88,74.78,80,0.0,3279.65
15581.88,73.41,80,0.0,3279.65
15581.88,72.95,88,0.0,3279.65
15581.88,71.42,88,0.0,3279.65
15581.88,72.4,86,1.225,3279.65
15581.88,72.57,86,0.0,3279.65
15581.88,72.97,86,0.0,3279.65
15581.88,73.3,86,0.0,3279.65
15581.88,73.36,86,1.225,3279.65
15581.88,72.64,86,0.0,3279.65
15581.88,71.31,84,0.0,3279.65
15581.88,72.19,84,1.2125,3279.65
15581.88,72.21,86,1.2125,3279.65
15581.88,72.53,86,0.0,3279.65
15581.88,72.44,84,0.0,3279.65
15581.88,71.98,84,0.0,3279.65
15581.88,70.23,84,2.4375,3279.65
15581.88,69.05,84,0.0,3279.65
15581.88,69.06,80,0.0,3279.65
15581.88,69.59,80,1.2,3279.65
15581.88,69.91,84,0.0,3279.65
15581.88,70.24,85,0.0,3279.65
15581.88,70.59,85,0.0,3279.65
15581.88,70.84,85,0.0,3279.65
15581.88,70.48,86,1.225,3279.65
15581.88,69.88,85,1.225,3279.65
15581.88,69.99,85,1.2125,3279.65
15581.88,71.38,80,0.0,3279.65
15581.88,72.82,80,0.0,3279.65
15581.88,73.06,85,1.225,3279.65
15581.88,73.01,85,0.0,3279.65
15581.88,69.69,75,1.225,3279.65
15581.88,68.21,75,1.225,3279.65
15581.88,68.06,88,0.0,3279.65
15581.88,68.24,88,0.0,3279.65
15581.88,68.63,85,0.0,3279.65
15581.88,69.19,85,0.0,3279.65
15581.88,69.61,86,1.225,3279.65
15581.88,70.02,86,0.0,3279.65
15581.88,69.91,85,0.0,3279.65
15581.88,69.59,85,1.2125,3279.65
15581.88,69.34,85,0.0,3279.65
15581.88,71.8,85,0.0,3279.65
15581.88,72.7,85,1.225,3279.65
15581.88,72.99,85,0.0,3279.65
15581.88,73.1,84,0.0,3279.65
15581.88,72.9,84,1.2125,3279.65
15581.88,72.59,85,1.2125,3279.65
15581.88,71.18,85,0.0,3279.65
15581.88,70.13,76,1.2125,3279.65
15581.88,69.92,76,0.0,3279.65
15581.88,69.9,82,0.0,3279.65
15581.88,70.27,82,1.225,3279.65
15581.88,70.93,85,0.0,3279.65
15581.88,71.42,85,0.0,3279.65
15581.88,70.43,81,0.0,3279.65
15581.88,70.35,81,1.225,3279.65
15581.88,70.23,84,0.0,3279.65
15581.88,70.34,84,0.0,3279.65
15581.88,71.04,82,1.2125,3279.65
15581.88,71.95,82,0.0,3279.65
15581.88,72.39,85,0.0,3279.65
15581.88,72.54,85,0.0,3279.65
15581.88,72.18,85,0.0,3279.65
15581.88,71.85,85,2.375,3279.65
15581.88,69.17,77,0.0,3279.65
15581.88,68.72,77,0.0,3279.65
15581.88,68.39,85,1.2125,3279.65
15581.88,67.78,85,0.0,3279.65
15581.88,68.02,82,0.0,3279.65
15581.88,68.92,82,0.0,3279.65
15581.88,68.58,85,1.2125,3279.65
15581.88,68.03,85,0.0,3279.65
15581.88,68.11,82,3.65,3279.65
15581.88,69.76,82,0.0,3279.65
15581.88,71.4,73,0.0,3279.65
15581.88,72.37,87,1.2125,3279.65
15581.88,72.26,87,0.0,3279.65
15581.88,72.92,84,1.1625,3279.65
15581.88,70.46,84,1.2125,3279.65
15581.88,68.94,76,0.0,3279.65
15581.88,68.63,76,0.0,3279.65
15581.88,68.78,83,1.2125,3279.65
15581.88,69.24,83,0.0,3279.65
15581.88,68.86,83,0.0,3279.65
15581.88,67.49,84,1.2125,3279.65
15581.88,68.51,84,0.0,3279.65
15581.88,68.69,85,0.0,3279.65
15581.88,68.56,85,1.2125,3279.65
15581.88,68.16,83,0.0,3279.65
15581.88,70.44,83,0.0,3279.65
15581.88,71.77,84,1.2125,3279.65
15581.88,71.52,84,0.0,3279.65
15581.88,71.45,82,0.0,3279.65
15581.88,71.58,82,0.0,3279.65
15581.88,71.58,82,3.6375,3279.65
15581.88,71.81,82,0.0,3279.65
15581.88,71.39,75,1.2125,3279.65
15581.88,71.1,75,0.0,3279.65
15581.88,71.51,84,0.0,3279.65
15581.88,71.93,84,0.0,3279.65
15581.88,71.83,83,1.25,3279.65
15581.88,71.69,83,0.0,3279.65
15581.88,72.57,85,0.0,3279.65
15581.88,72.78,85,1.25,3279.65
15581.88,73.15,85,0.0,3279.65
15581.88,72.26,85,0.0,3279.65
15581.88,71.82,82,1.2375,3279.65
15581.88,72.19,82,0.0,3279.65
15581.88,72.21,85,0.0,3279.65
15581.88,72.35,85,0.0,3279.65
15581.88,72.09,82,0.0,3279.65
15581.88,72.47,82,2.4875,3279.65
15581.88,73.75,77,0.0,3279.65
15581.88,72.59,77,0.0,3279.65
15581.88,72.52,87,1.25,3279.65
15581.88,72.54,87,0.0,3279.65
15581.88,72.84,84,0.0,3279.65
15581.88,73.59,84,1.2375,3279.65
15581.88,73.63,84,0.0,3279.65
15581.88,73.71,84,0.0,3279.65
15581.88,73.53,85,0.0,3279.65
15581.88,73.59,85,2.4875,3279.65
15581.88,75.02,72,0.0,3279.65
15581.88,72.8,72,1.2375,3279.65
15581.88,73.14,85,0.0,3279.65
15581.88,73.62,85,0.0,3279.65
15581.88,73.92,80,0.0,3279.65
15581.88,74.23,80,1.2375,3279.65
15581.88,74.08,84,0.0,3279.65
15581.88,73.83,84,1.2375,3279.65
15581.88,73.91,83,2.4875,3279.65
15581.88,75.69,83,0.0,3279.65
15581.88,75.14,78,0.0,3279.65
15581.88,73.71,78,0.0,3279.65
15581.88,74.69,83,1.2375,3279.65
15581.88,75.0,83,0.0,3279.65
15581.88,73.98,80,1.2375,3279.65
15581.88,73.95,80,1.25,3279.65
15581.88,73.15,79,0.0,3279.65
15581.88,73.47,79,0.0,3279.65
15581.88,73.67,83,1.25,3279.65
15581.88,73.22,83,0.0,3279.65
15581.88,71.34,85,0.0,3279.65
15581.88,72.45,85,1.2125,3279.65
15581.88,69.19,75,1.225,3279.65
15581.88,68.86,75,0.0,3279.65
15581.88,68.24,75,0.0,3279.65
15581.88,68.92,87,1.175,3279.65
15581.88,68.85,86,0.0,3279.65
15581.88,69.7,86,0.0,3279.65
15581.88,69.14,83,1.225,3279.65
15581.88,69.34,83,0.0,3279.65
15581.88,69.72,85,0.0,3279.65
15581.88,69.36,85,1.225,3279.65
15581.88,69.27,84,1.225,3279.65
15581.88,72.2,84,0.0,3279.65
15581.88,71.76,84,1.2125,3279.65
15581.88,70.09,77,1.2125,3279.65
15581.88,68.51,77,0.0,3279.65
15581.88,68.08,77,0.0,3279.65
15581.88,68.83,84,1.2125,3279.65
15581.88,68.83,85,0.0,3279.65
15581.88,68.78,85,0.0,3279.65
15581.88,68.81,85,0.0,3279.65
15581.88,69.47,85,1.2125,3279.65
15581.88,69.31,85,0.0,3279.65
15581.88,69.38,85,0.0,3279.65
15581.88,71.26,84,1.2125,3279.65
15581.88,72.24,84,0.0,3279.65
15581.88,72.62,84,0.0,3279.65
15581.88,72.67,84,0.0,3279.65
15581.88,72.46,85,1.225,3279.65
15581.88,72.19,85,0.0,3279.65
15581.88,69.8,76,1.2125,3279.65
15581.88,68.11,76,0.0,3279.65
15581.88,68.28,81,1.2125,3279.65
15581.88,68.43,81,0.0,3279.65
15581.88,68.75,82,0.0,3279.65
15581.88,68.93,82,1.225,3279.65
15581.88,69.53,84,0.0,3279.65
15581.88,69.71,84,1.2125,3279.65
15581.88,71.52,76,1.2125,3279.65
15581.88,70.53,76,1.2125,3279.65
15581.88,70.59,87,0.0,3279.65
15581.88,72.93,87,0.0,3279.65
15581.88,74.8,82,1.2125,3279.65
15581.88,74.84,82,0.0,3279.65
15581.88,75.19,85,0.0,3279.65
15581.88,75.45,85,0.0,3279.65
15581.88,75.76,84,1.225,3279.65
15581.88,75.11,84,0.0,3279.65
15581.88,74.47,84,0.0,3279.65
15581.88,72.28,84,0.0,3279.65
15581.88,73.17,85,1.2125,3279.65
15581.88,73.09,85,0.0,3279.65
15581.88,72.96,84,0.0,3279.65
15581.88,72.46,84,1.2125,3279.65
15581.88,72.44,84,1.2125,3279.65
15581.88,71.09,84,0.0,3279.65
15581.88,69.9,80,1.2125,3279.65
15581.88,69.59,80,0.0,3279.65
15581.88,70.3,84,0.0,3279.65
15581.88,70.58,84,1.2125,3279.65
15581.88,70.58,82,0.0,3279.65
15581.88,70.63,82,0.0,3279.65
15581.88,70.89,81,1.2125,3279.65
15581.88,71.19,81,0.0,3279.65
15581.88,70.99,85,0.0,3279.65
15581.88,71.53,85,2.425,3279.65
15581.88,71.46,85,0.0,3279.65
15581.88,71.51,85,0.0,3279.65
15581.88,71.07,78,1.2125,3279.65
15581.88,71.35,78,1.2125,3279.65
15581.88,71.41,85,0.0,3279.65
15581.88,71.41,85,0.0,3279.65
15581.88,71.25,85,2.3,3279.65
15581.88,68.28,74,0.0,3279.65
15581.88,67.04,74,0.0,3279.65
15581.88,67.2,81,0.0,3279.65
15581.88,67.53,81,0.0,3279.65
15581.88,68.81,86,1.2125,3279.65
15581.88,69.34,85,0.0,3279.65
15581.88,69.77,85,0.0,3279.65
15581.88,69.37,83,1.2125,3279.65
15581.88,69.0,83,1.2125,3279.65
15581.88,65.85,78,0.0,3279.65
15581.88,64.88,78,2.4375,3279.65
15581.88,67.38,85,0.0,3279.65
15581.88,68.91,85,0.0,3279.65
15581.88,69.22,82,1.2125,3279.65
15581.88,69.34,82,0.0,3279.65
15581.88,69.38,84,0.0,3279.65
15581.88,69.12,84,0.0,3279.65
15581.88,68.82,83,1.2125,3279.65
15581.88,69.38,83,0.0,3279.65
15581.88,69.38,84,0.0,3279.65
15581.88,72.78,84,1.2125,3279.65
15581.88,72.65,85,0.0,3279.65
15581.88,72.91,85,0.0,3279.65
15581.88,72.82,83,1.2125,3279.65
15581.88,72.62,83,0.0,3279.65
15581.88,69.6,75,1.2125,3279.65
15581.88,69.36,75,0.0,3279.65
15581.88,68.99,89,1.2125,3279.65
15581.88,68.71,89,0.0,3279.65
15581.88,68.63,85,0.0,3279.65
15581.88,69.0,85,1.2125,3279.65
15581.88,69.21,85,0.0,3279.65
15581.88,68.84,85,0.0,3279.65
15581.88,68.7,83,2.425,3279.65
15581.88,67.95,83,0.0,3279.65
15581.88,67.55,74,0.0,3279.65
15581.88,70.32,74,2.4125,3279.65
15581.88,70.44,83,0.0,3279.65
15581.88,71.2,83,0.0,3279.65
15581.88,71.59,83,1.1875,3279.65
15581.88,71.72,83,0.0,3279.65
15581.88,71.37,85,0.0,3279.65
15581.88,71.37,85,0.0,3279.65
15581.88,72.11,83,1.2125,3279.65
15581.88,71.93,83,0.0,3279.65
15581.88,72.02,84,0.0,3279.65
15581.88,71.94,84,0.0,3279.65
15581.88,72.01,85,1.2125,3279.65
15581.88,71.51,85,0.0,3279.65
15581.88,71.47,85,1.225,3279.65
15581.88,73.16,85,1.2125,3279.65
15581.88,72.06,74,0.0,3279.65
15581.88,72.17,74,0.0,3279.65
15581.88,71.9,89,0.0,3279.65
15581.88,72.08,89,2.4125,3279.65
15581.88,74.03,84,0.0,3279.65
15581.88,73.62,84,0.0,3279.65
15581.88,73.64,79,2.4375,3279.65
15581.88,74.06,83,0.0,3279.65
15581.88,74.47,83,0.0,3279.65
15581.88,74.49,85,2.425,3279.65
15581.88,74.31,85,0.0,3279.65
15581.88,74.8,77,0.0,3279.65
15581.88,74.89,77,0.0,3279.65
15581.88,74.88,85,1.2125,3279.65
15581.88,74.5,85,0.0,3279.65
15581.88,73.02,85,0.0,3279.65
15581.88,73.93,84,1.2125,3279.65
15581.88,74.28,85,0.0,3279.65
15581.88,74.17,85,0.0,3279.65
15581.88,74.0,86,0.0,3279.65
15581.88,73.52,86,1.225,3279.65
15581.88,71.58,85,0.0,3279.65
15581.88,71.99,85,0.0,3279.65
15581.88,71.76,85,0.0,3279.65
15581.88,71.84,85,1.225,3279.65
15581.88,72.09,85,0.0,3279.65
15581.88,72.32,78,1.2125,3279.65
15581.88,73.58,78,1.2125,3279.65
15581.88,72.56,87,0.0,3279.65
15581.88,71.92,87,0.0,3279.65
15581.88,72.33,84,1.2125,3279.65
15581.88,72.95,84,0.0,3279.65
15581.88,72.9,80,0.0,3279.65
15581.88,73.15,80,1.225,3279.65
15581.88,72.92,83,0.0,3279.65
15581.88,73.22,83,1.225,3279.65
15581.88,73.34,86,0.0,3279.65
15581.88,72.92,86,2.425,3279.65
15581.88,70.69,78,0.0,3279.65
15581.88,70.53,78,0.0,3279.65
15581.88,70.84,86,1.2125,3279.65
15581.88,70.7,86,0.0,3279.65
15581.88,71.46,86,0.0,3279.65
15581.88,71.57,86,0.0,3279.65
15581.88,72.26,86,1.2125,3279.65
15581.88,72.18,86,0.0,3279.65
15581.88,72.03,86,0.0,3279.65
15581.88,71.9,86,1.2125,3279.65
15581.88,72.29,85,0.0,3279.65
15581.88,73.12,85,0.0,3279.65
15581.88,72.97,83,0.0,3279.65
15581.88,72.52,83,1.2125,3279.65
15581.88,72.2,83,0.0,3279.65
15581.88,71.71,83,1.2125,3279.65
15581.88,73.04,77,0.0,3279.65
15581.88,72.16,77,1.2125,3279.65
15581.88,72.15,88,0.0,3279.65
15581.88,72.41,88,0.0,3279.65
15581.88,72.74,85,0.0,3279.65
15581.88,73.2,85,1.2125,3279.65
15581.88,73.13,85,0.0,3279.65
15581.88,73.06,85,1.2125,3279.65
15581.88,72.11,75,1.2125,3279.65
15581.88,71.03,75,0.0,3279.65
15581.88,71.14,90,1.2125,3279.65
15581.88,69.76,90,0.0,3279.65
15581.88,70.57,86,1.2125,3279.65
15581.88,69.13,86,0.0,3279.65
15581.88,67.69,81,1.225,3279.65
15581.88,67.33,81,0.0,3279.65
15581.88,67.24,85,0.0,3279.65
15581.88,67.3,85,0.0,3279.65
15581.88,67.17,85,1.2125,3279.65
15581.88,67.99,85,1.2125,3279.65
15581.88,69.56,75,1.2125,3279.65
15581.88,68.76,75,0.0,3279.65
15581.88,68.78,85,0.0,3279.65
15581.88,68.89,85,0.0,3279.65
15581.88,70.42,85,1.225,3279.65
15581.88,71.93,85,0.0,3279.65
15581.88,72.44,86,0.0,3279.65
15581.88,73.05,86,0.0,3279.65
15581.88,73.22,86,1.2125,3279.65
15581.88,73.5,86,2.45,3279.65
15581.88,74.01,86,0.0,3279.65
15581.88,74.0,86,0.0,3279.65
15581.88,73.81,79,1.2125,3279.65
15581.88,73.77,83,0.0,3279.65
15581.88,73.7,83,0.0,3279.65
15581.88,73.45,83,2.425,3279.65
15581.88,72.97,83,0.0,3279.65
15581.88,72.31,83,0.0,3279.65
15581.88,71.64,76,0.0,3279.65
15581.88,71.83,83,1.2125,3279.65
15581.88,71.91,84,0.0,3279.65
15581.88,71.18,84,0.0,3279.65
15581.88,72.13,86,0.0,3279.65
15581.88,72.23,86,1.2125,3279.65
15581.88,71.99,86,0.0,3279.65
15581.88,71.59,86,0.0,3279.65
15581.88,71.08,86,1.2125,3279.65
15581.88,70.91,86,0.0,3279.65
15581.88,71.18,86,0.0,3279.65
15581.88,70.88,86,1.2125,3279.65
15581.88,70.8,86,0.0,3279.65
15581.88,69.85,86,1.2125,3279.65
15581.88,68.81,76,0.0,3279.65
15581.88,68.36,76,2.425,3279.65
15581.88,68.84,83,0.0,3279.65
15581.88,69.44,83,0.0,3279.65
15581.88,70.33,84,0.0,3279.65
15581.88,70.71,84,1.2125,3279.65
15581.88,71.03,82,0.0,3279.65
15581.88,71.63,82,0.0,3279.65
15581.88,71.55,83,1.2125,3279.65
15581.88,71.22,83,0.0,3279.65
15581.88,71.41,85,0.0,3279.65
15581.88,72.44,85,0.0,3279.65
15581.88,73.1,84,1.2125,3279.65
15581.88,72.5,84,0.0,3279.65
15581.88,69.17,70,1.1875,3279.65
15581.88,67.71,70,1.2125,3279.65
15581.88,67.62,84,0.0,3279.65
15581.88,67.53,84,0.0,3279.65
15581.88,66.78,84,1.2125,3279.65
15581.88,66.84,84,0.0,3279.65
15581.88,67.16,85,0.0,3279.65
15581.88,68.0,85,0.0,3279.65
15581.88,68.14,84,1.225,3279.65
15581.88,67.81,84,0.0,3279.65
15581.88,67.83,86,0.0,3279.65
15581.88,70.51,86,1.225,3279.65
15581.88,72.6,79,1.2125,3279.65
15581.88,72.25,79,0.0,3279.65
15581.88,72.21,86,0.0,3279.65
15581.88,72.69,86,1.2125,3279.65
15581.88,73.16,85,1.2125,3279.65
15581.88,73.5,85,0.0,3279.65
15581.88,73.47,85,0.0,3279.65
15581.88,73.49,85,0.0,3279.65
15581.88,73.77,84,1.225,3279.65
15581.88,73.38,84,0.0,3279.65
15581.88,73.23,84,0.0,3279.65
15581.88,71.9,84,0.0,3279.65
15581.88,72.41,85,1.225,3279.65
15581.88,72.94,85,0.0,3279.65
15581.88,72.95,86,0.0,3279.65
15581.88,72.9,86,2.45,3279.65
15581.88,72.44,86,0.0,3279.65
15581.88,71.62,86,0.0,3279.65
15581.88,71.74,78,0.0,3279.65
15581.88,72.26,78,0.0,3279.65
15581.88,72.84,83,1.2125,3279.65
15581.88,72.99,83,0.0,3279.65
15581.88,73.27,83,0.0,3279.65
15581.88,73.19,83,1.2125,3279.65
15581.88,72.93,85,1.225,3279.65
15581.88,72.57,85,0.0,3279.65
15581.88,71.98,84,0.0,3279.65
15581.88,71.88,84,0.0,3279.65
15581.88,72.58,84,1.225,3279.65
15581.88,72.44,84,0.0,3279.65
15581.88,72.6,84,0.0,3279.65
15581.88,72.71,86,0.0,3279.65
15581.88,72.95,86,2.4375,3279.65
15581.88,73.35,76,0.0,3279.65
15581.88,73.04,76,0.0,3279.65
15581.88,73.28,76,0.0,3279.65
15581.88,73.6,86,1.225,3279.65
15581.88,73.92,85,0.0,3279.65
15581.88,74.16,81,0.0,3279.65
15581.88,74.28,81,2.375,3279.65
15581.88,73.82,75,0.0,3279.65
15581.88,73.59,75,0.0,3279.65
15581.88,73.6,84,1.225,3279.65
15581.88,73.41,84,1.225,3279.65
15581.88,72.82,85,0.0,3279.65
15581.88,72.78,85,0.0,3279.65
15581.88,72.45,83,0.0,3279.65
15581.88,72.55,83,1.2375,3279.65
15581.88,70.78,76,1.1875,3279.65
15581.88,69.42,76,0.0,3279.65
15581.88,68.6,82,0.0,3279.65
15581.88,68.49,82,0.0,3279.65
15581.88,68.75,82,1.2125,3279.65
15581.88,68.83,82,1.15,3279.65
15581.88,71.01,74,0.0,3279.65
15581.88,70.48,74,1.225,3279.65
15581.88,70.42,86,0.0,3279.65
15581.88,70.1,86,0.0,3279.65
15581.88,71.5,85,1.2125,3279.65
15581.88,73.1,85,0.0,3279.65
15581.88,73.79,83,0.0,3279.65
15581.88,74.0,83,0.0,3279.65
15581.88,73.52,82,1.2125,3279.65
15581.88,73.47,82,0.0,3279.65
15581.88,73.39,84,1.2125,3279.65
15581.88,71.24,84,1.2125,3279.65
15581.88,71.85,85,0.0,3279.65
15581.88,71.58,85,0.0,3279.65
15581.88,71.46,83,0.0,3279.65
15581.88,72.29,83,1.225,3279.65
15581.88,72.23,84,1.225,3279.65
15581.88,73.79,84,0.0,3279.65
15581.88,72.84,81,0.0,3279.65
15581.88,73.14,81,1.225,3279.65
15581.88,72.8,86,0.0,3279.65
15581.88,72.8,86,0.0,3279.65
15581.88,72.64,86,1.2125,3279.65
15581.88,73.0,86,0.0,3279.65
15581.88,73.64,85,0.0,3279.65
15581.88,73.97,85,0.0,3279.65
15581.88,72.69,83,0.0,3279.65
15581.88,72.49,83,1.225,3279.65
15581.88,70.63,86,0.0,3279.65
15581.88,71.73,86,0.0,3279.65
15581.88,71.85,86,1.2125,3279.65
15581.88,71.48,86,0.0,3279.65
15581.88,71.95,83,0.0,3279.65
15581.88,72.06,83,1.2,3279.65
15581.88,70.88,81,1.2125,3279.65
15581.88,69.14,81,0.0,3279.65
15581.88,69.14,79,0.0,3279.65
15581.88,70.19,79,1.2125,3279.65
15581.88,70.66,85,1.1875,3279.65
15581.88,70.69,85,0.0,3279.65
15581.88,70.52,80,0.0,3279.65
15581.88,71.19,80,0.0,3279.65
15581.88,70.69,78,1.25,3279.65
15581.88,70.74,78,0.0,3279.65
15581.88,70.85,82,0.0,3279.65
15581.88,72.2,82,1.25,3279.65
15581.88,72.2,85,0.0,3279.65
15581.88,71.79,85,1.25,3279.65
15581.88,71.79,85,0.0,3279.65
15581.88,72.24,85,1.2375,3279.65
15581.88,72.1,80,0.0,3279.65
15581.88,72.5,84,0.0,3279.65
15581.88,71.41,84,1.25,3279.65
15581.88,72.33,86,0.0,3279.65
15581.88,71.92,86,0.0,3279.65
15581.88,71.65,86,0.0,3279.65
15581.88,71.8,86,1.2375,3279.65
15581.88,71.73,84,0.0,3279.65
15581.88,71.81,84,0.0,3279.65
15581.88,71.89,85,0.0,3279.65
15581.88,71.07,85,1.2375,3279.65
15581.88,71.38,86,0.0,3279.65
15581.88,71.84,86,0.0,3279.65
15581.88,71.99,85,0.0,3279.65
15581.88,72.03,85,2.4875,3279.65
15581.88,72.47,79,0.0,3279.65
15581.88,72.01,79,0.0,3279.65
15581.88,72.39,86,1.25,3279.65
15581.88,72.75,86,0.0,3279.65
15581.88,72.96,84,0.0,3279.65
15581.88,72.8,84,0.0,3279.65
15581.88,72.51,85,0.0,3279.65
15581.88,72.68,85,1.25,3279.65
15581.88,72.88,85,0.0,3279.65
15581.88,72.92,85,1.25,3279.65
15581.88,72.2,77,0.0,3279.65
15581.88,71.76,77,1.25,3279.65
15581.88,72.63,86,0.0,3279.65
15581.88,72.81,86,0.0,3279.65
15581.88,71.47,80,2.4875,3279.65
15581.88,72.11,80,0.0,3279.65
15581.88,71.39,77,0.0,3279.65
15581.88,71.4,77,0.0,3279.65
15581.88,71.19,82,1.25,3279.65
15581.88,71.06,82,0.0,3279.65
15581.88,70.86,84,0.0,3279.65
15581.88,71.44,84,1.2375,3279.65
15581.88,71.9,84,0.0,3279.65
15581.88,71.41,84,0.0,3279.65
15581.88,71.64,83,2.45,3279.65
15581.88,72.58,83,0.0,3279.65
15581.88,71.61,86,0.0,3279.65
15581.88,71.99,86,1.2125,3279.65
15581.88,72.05,85,0.0,3279.65
15581.88,72.14,85,0.0,3279.65
15581.88,72.12,85,0.0,3279.65
15581.88,72.03,85,2.425,3279.65
15581.88,71.59,83,0.0,3279.65
15581.88,70.44,83,0.0,3279.65
15581.88,70.41,79,1.2125,3279.65
15581.88,70.3,79,0.0,3279.65
15581.88,70.78,83,0.0,3279.65
15581.88,71.13,83,0.0,3279.65
15581.88,71.94,85,1.2125,3279.65
15581.88,72.39,85,0.0,3279.65
15581.88,72.38,86,0.0,3279.65
15581.88,72.34,86,0.0,3279.65
15581.88,72.59,86,0.0,3279.65
15581.88,72.99,86,1.2125,3279.65
15581.88,73.88,86,0.0,3279.65
15581.88,74.26,86,0.0,3279.65
15581.88,74.04,85,1.2125,3279.65
15581.88,73.41,85,0.0,3279.65
15581.88,73.23,85,1.2125,3279.65
15581.88,70.12,85,2.4375,3279.65
15581.88,68.73,79,0.0,3279.65
15581.88,68.32,79,0.0,3279.65
15581.88,68.27,85,0.0,3279.65
15581.88,68.48,84,1.2125,3279.65
15581.88,68.69,84,0.0,3279.65
15581.88,68.64,84,1.2125,3279.65
15581.88,68.18,82,1.2125,3279.65
15581.88,69.38,78,0.0,3279.65
15581.88,69.12,78,0.0,3279.65
15581.88,71.91,85,1.2125,3279.65
15581.88,72.98,85,0.0,3279.65
15581.88,72.98,85,0.0,3279.65
15581.88,73.27,85,1.2125,3279.65
15581.88,74.25,76,0.0,3279.65
15581.88,73.27,76,1.2125,3279.65
15581.88,73.52,87,0.0,3279.65
15581.88,72.12,87,0.0,3279.65
15581.88,72.58,86,1.2125,3279.65
15581.88,72.9,86,0.0,3279.65
15581.88,72.9,86,1.2125,3279.65
15581.88,73.31,86,0.0,3279.65
15581.88,73.42,85,1.225,3279.65
15581.88,73.5,85,0.0,3279.65
15581.88,72.0,84,0.0,3279.65
15581.88,72.47,84,1.2125,3279.65
15581.88,72.79,84,0.0,3279.65
15581.88,72.72,84,0.0,3279.65
15581.88,73.41,82,1.225,3279.65
15581.88,73.43,82,0.0,3279.65
15581.88,70.29,84,1.225,3279.65
15581.88,68.99,80,0.0,3279.65
15581.88,68.58,80,0.0,3279.65
15581.88,68.53,80,1.2125,3279.65
15581.88,68.02,85,0.0,3279.65
15581.88,68.15,85,0.0,3279.65
15581.88,68.4,86,1.2125,3279.65
15581.88,68.05,86,0.0,3279.65
15581.88,68.44,86,0.0,3279.65
15581.88,67.83,86,0.0,3279.65
15581.88,67.86,86,0.0,3279.65
15581.88,70.55,87,1.1875,3279.65
15581.88,71.31,87,0.0,3279.65
15581.88,71.45,87,0.0,3279.65
15581.88,71.46,86,1.2125,3279.65
15581.88,71.52,86,0.0,3279.65
15581.88,71.47,86,0.0,3279.65
15581.88,71.68,85,2.3625,3279.65
15581.88,72.19,85,0.0,3279.65
15581.88,70.75,81,1.2125,3279.65
15581.88,70.98,81,0.0,3279.65
15581.88,71.19,86,0.0,3279.65
15581.88,71.36,86,1.2125,3279.65
15581.88,71.41,84,0.0,3279.65
15581.88,71.65,84,0.0,3279.65
15581.88,71.87,84,1.2125,3279.65
15581.88,71.67,84,0.0,3279.65
15581.88,71.88,84,0.0,3279.65
15581.88,71.65,85,0.0,3279.65
15581.88,70.58,85,2.425,3279.65
15581.88,73.36,78,0.0,3279.65
15581.88,72.77,78,0.0,3279.65
15581.88,72.53,86,1.2125,3279.65
15581.88,72.79,86,0.0,3279.65
15581.88,72.98,85,1.2,3279.65
15581.88,73.04,85,1.2125,3279.65
15581.88,73.28,84,1.225,3279.65
15581.88,73.12,84,0.0,3279.65
15581.88,73.04,77,1.2125,3279.65
15581.88,73.79,77,0.0,3279.65
15581.88,72.18,84,0.0,3279.65
15581.88,72.94,84,0.0,3279.65
15581.88,72.82,84,1.225,3279.65
15581.88,72.68,84,0.0,3279.65
15581.88,72.81,83,0.0,3279.65
15581.88,72.28,83,1.225,3279.65
15581.88,71.95,84,0.0,3279.65
15581.88,71.58,84,0.0,3279.65
15581.88,71.53,86,0.0,3279.65
15581.88,71.55,86,1.2125,3279.65
15581.88,71.25,85,0.0,3279.65
15581.88,70.88,85,0.0,3279.65
15581.88,70.52,84,0.0,3279.65
15581.88,70.63,84,2.425,3279.65
15581.88,71.94,78,1.1875,3279.65
15581.88,70.93,78,0.0,3279.65
15581.88,71.57,85,0.0,3279.65
15581.88,71.99,85,1.225,3279.65
15581.88,72.27,84,0.0,3279.65
15581.88,72.11,84,0.0,3279.65
15581.88,72.12,86,0.0,3279.65
15581.88,72.19,86,1.225,3279.65
15581.88,72.92,85,0.0,3279.65
15581.88,73.3,85,0.0,3279.65
15581.88,73.05,85,0.0,3279.65
15581.88,70.9,85,0.0,3279.65
15581.88,71.87,84,1.25,3279.65
15581.88,71.68,84,0.0,3279.65
15581.88,71.62,86,0.0,3279.65
15581.88,71.92,86,0.0,3279.65
15581.88,72.37,86,1.2375,3279.65
15581.88,74.25,79,1.25,3279.65
15581.88,73.25,79,0.0,3279.65
15581.88,73.08,83,0.0,3279.65
15581.88,73.49,83,0.0,3279.65
15581.88,74.6,85,1.25,3279.65
15581.88,74.87,85,0.0,3279.65
15581.88,74.98,85,1.25,3279.65
15581.88,74.98,85,0.0,3279.65
15581.88,74.89,86,0.0,3279.65
15581.88,74.59,86,1.25,3279.65
15581.88,72.8,86,0.0,3279.65
15581.88,73.33,86,0.0,3279.65
15581.88,73.9,86,1.2375,3279.65
15581.88,73.92,86,0.0,3279.65
15581.88,73.41,86,0.0,3279.65
15581.88,72.98,84,2.4875,3279.65
15581.88,73.58,84,0.0,3279.65
15581.88,73.21,76,0.0,3279.65
15581.88,73.18,76,1.25,3279.65
15581.88,73.23,86,0.0,3279.65
15581.88,73.48,86,0.0,3279.65
15581.88,73.61,84,1.2375,3279.65
15581.88,73.84,84,1.25,3279.65
15581.88,73.54,77,0.0,3279.65
15581.88,73.54,77,0.0,3279.65
15581.88,73.65,86,0.0,3279.65
15581.88,74.35,86,0.0,3279.65
15581.88,74.04,85,2.4875,3279.65
15581.88,74.04,85,0.0,3279.65
15581.88,75.2,79,0.0,3279.65
15581.88,74.41,79,0.0,3279.65
15581.88,74.12,84,1.25,3279.65
15581.88,73.83,84,0.0,3279.65
15581.88,74.06,83,0.0,3279.65
15581.88,73.81,83,1.25,3279.65
15581.88,74.07,86,0.0,3279.65
15581.88,73.76,86,0.0,3279.65
15581.88,73.1,87,1.25,3279.65
15581.88,73.22,87,0.0,3279.65
15581.88,74.09,76,0.0,3279.65
15581.88,72.36,76,1.25,3279.65
15581.88,73.25,83,0.0,3279.65
15581.88,73.8,85,0.0,3279.65
15581.88,74.21,85,1.225,3279.65
15581.88,74.28,85,0.0,3279.65
15581.88,74.43,85,1.1875,3279.65
15581.88,76.73,76,2.4375,3279.65
15581.88,76.5,76,0.0,3279.65
15581.88,76.35,86,0.0,3279.65
15581.88,75.16,86,0.0,3279.65
15581.88,74.03,81,2.4375,3279.65
15581.88,72.29,81,0.0,3279.65
15581.88,71.96,81,0.0,3279.65
15581.88,71.95,81,1.2125,3279.65
15581.88,71.51,83,0.0,3279.65
15581.88,70.86,83,0.0,3279.65
15581.88,70.91,83,0.0,3279.65
15581.88,69.01,83,1.2125,3279.65
15581.88,69.72,85,0.0,3279.65
15581.88,69.54,85,0.0,3279.65
15581.88,69.12,83,0.0,3279.65
15581.88,70.91,83,1.2125,3279.65
15581.88,72.38,84,0.0,3279.65
15581.88,72.44,84,0.0,3279.65
15581.88,72.66,80,1.2125,3279.65
15581.88,73.63,80,1.2125,3279.65
15581.88,73.3,80,1.225,3279.65
15581.88,72.58,80,0.0,3279.65
15581.88,72.34,82,1.2125,3279.65
15581.88,72.2,82,0.0,3279.65
15581.88,72.72,84,0.0,3279.65
15581.88,73.32,84,0.0,3279.65
15581.88,72.78,83,1.2125,3279.65
15581.88,72.3,83,0.0,3279.65
15581.88,72.29,84,0.0,3279.65
15581.88,71.87,84,0.0,3279.65
15581.88,70.93,85,1.2125,3279.65
15581.88,71.76,85,0.0,3279.65
15581.88,72.43,86,0.0,3279.65
15581.88,72.5,86,0.0,3279.65
15581.88,71.79,82,2.2625,3279.65
15581.88,71.79,82,0.0,3279.65
15581.88,73.64,77,0.0,3279.65
15581.88,72.07,77,0.0,3279.65
15581.88,72.25,89,1.2375,3279.65
15581.88,72.41,89,0.0,3279.65
15581.88,72.5,85,0.0,3279.65
15581.88,72.71,85,1.2125,3279.65
15581.88,72.4,86,1.2125,3279.65
15581.88,72.22,86,0.0,3279.65
15581.88,71.77,85,0.0,3279.65
15581.88,71.72,86,1.2125,3279.65
15581.88,71.72,86,0.0,3279.65
15581.88,71.85,85,0.0,3279.65
15581.88,72.2,85,0.0,3279.65
15581.88,71.86,86,1.2125,3279.65
15581.88,71.86,86,0.0,3279.65
15581.88,71.84,84,1.2125,3279.65
15581.88,69.86,84,0.0,3279.65
15581.88,68.9,81,0.0,3279.65
15581.88,69.02,85,1.2125,3279.65
15581.88,69.08,85,0.0,3279.65
15581.88,70.25,85,0.0,3279.65
15581.88,70.08,81,1.2125,3279.65
15581.88,69.86,81,0.0,3279.65
15581.88,69.66,82,0.0,3279.65
15581.88,69.48,85,1.225,3279.65
15581.88,69.21,85,0.0,3279.65
15581.88,71.07,84,0.0,3279.65
15581.88,72.08,84,0.0,3279.65
15581.88,72.0,86,1.2375,3279.65
15581.88,72.21,86,1.1875,3279.65
15581.88,71.74,82,0.0,3279.65
15581.88,71.41,82,0.0,3279.65
15581.88,69.16,79,1.2125,3279.65
15581.88,68.18,79,1.2125,3279.65
15581.88,68.51,86,0.0,3279.65
15581.88,69.18,86,0.0,3279.65
15581.88,68.91,83,1.2125,3279.65
15581.88,68.97,83,0.0,3279.65
15581.88,66.28,77,1.2125,3279.65
15581.88,65.43,77,0.0,3279.65
15581.88,65.69,86,1.2125,3279.65
15581.88,65.89,86,0.0,3279.65
15581.88,66.09,84,0.0,3279.65
15581.88,68.65,84,0.0,3279.65
15581.88,69.77,86,1.2125,3279.65
15581.88,69.71,86,1.2125,3279.65
15581.88,69.27,85,0.0,3279.65
15581.88,68.77,85,1.2125,3279.65
15581.88,68.82,83,0.0,3279.65
15581.88,71.63,83,0.0,3279.65
15581.88,72.43,84,0.0,3279.65
15581.88,72.16,84,2.4375,3279.65
15581.88,69.33,77,0.0,3279.65
15581.88,68.13,77,0.0,3279.65
15581.88,67.88,84,0.0,3279.65
15581.88,67.98,84,1.225,3279.65
15581.88,67.52,83,0.0,3279.65
15581.88,67.99,83,0.0,3279.65
15581.88,69.06,83,0.0,3279.65
15581.88,68.77,83,0.0,3279.65
15581.88,68.85,81,2.45,3279.65
15581.88,70.08,81,0.0,3279.65
15581.88,69.59,79,0.0,3279.65
15581.88,72.44,79,0.0,3279.65
15581.88,73.89,83,2.4375,3279.65
15581.88,75.93,83,0.0,3279.65
15581.88,75.07,79,1.2125,3279.65
15581.88,75.64,79,0.0,3279.65
15581.88,75.49,85,1.2125,3279.65
15581.88,74.62,85,0.0,3279.65
15581.88,74.6,83,2.425,3279.65
15581.88,74.42,83,0.0,3279.65
15581.88,73.6,78,0.0,3279.65
15581.88,73.78,78,0.0,3279.65
15581.88,73.58,85,1.2125,3279.65
15581.88,72.75,85,0.0,3279.65
15581.88,70.99,83,0.0,3279.65
15581.88,71.96,85,0.0,3279.65
15581.88,71.85,85,0.0,3279.65
15581.88,71.61,83,1.2125,3279.65
15581.88,72.19,83,0.0,3279.65
15581.88,72.14,84,0.0,3279.65
15581.88,71.72,84,1.2125,3279.65
15581.88,71.51,85,0.0,3279.65
15581.88,71.27,85,0.0,3279.65
15581.88,71.27,82,1.2125,3279.65
15581.88,71.44,82,0.0,3279.65
15581.88,71.22,83,1.2125,3279.65
15581.88,68.2,83,1.2125,3279.65
15581.88,67.19,75,0.0,3279.65
15581.88,66.94,75,1.2125,3279.65
15581.88,67.14,84,0.0,3279.65
15581.88,67.52,84,1.2125,3279.65
15581.88,67.12,85,0.0,3279.65
15581.88,67.55,85,0.0,3279.65
15581.88,68.1,84,1.225,3279.65
15581.88,67.93,85,0.0,3279.65
15581.88,67.89,85,0.0,3279.65
15581.88,70.48,85,1.2125,3279.65
15581.88,71.3,84,0.0,3279.65
15581.88,71.3,84,0.0,3279.65
15581.88,71.66,82,0.0,3279.65
15581.88,71.39,82,1.225,3279.65
15581.88,71.39,82,0.0,3279.65
15581.88,71.81,82,1.2125,3279.65
15581.88,68.59,75,0.0,3279.65
15581.88,68.43,75,0.0,3279.65
15581.88,68.69,89,1.2375,3279.65
15581.88,68.9,89,0.0,3279.65
15581.88,69.55,85,0.0,3279.65
15581.88,69.62,81,1.225,3279.65
15581.88,69.53,81,0.0,3279.65
15581.88,69.49,86,1.2125,3279.65
15581.88,69.89,86,0.0,3279.65
15581.88,69.61,84,0.0,3279.65
15581.88,71.44,84,1.2125,3279.65
15581.88,72.22,84,0.0,3279.65
15581.88,72.11,83,0.0,3279.65
15581.88,71.91,84,1.2375,3279.65
15581.88,71.79,84,0.0,3279.65
15581.88,71.84,84,1.2125,3279.65
15581.88,69.88,84,0.0,3279.65
15581.88,68.92,84,1.2125,3279.65
15581.88,68.39,75,0.0,3279.65
15581.88,69.02,81,0.0,3279.65
15581.88,69.29,85,1.2125,3279.65
15581.88,69.97,85,0.0,3279.65
15581.88,71.43,85,1.2,3279.65
15581.88,71.18,74,1.1875,3279.65
15581.88,71.44,86,0.0,3279.65
15581.88,71.23,86,0.0,3279.65
15581.88,73.47,85,0.0,3279.65
15581.88,74.5,85,1.2125,3279.65
15581.88,75.11,85,0.0,3279.65
15581.88,74.57,85,1.2125,3279.65
15581.88,74.17,85,1.2125,3279.65
15581.88,73.93,85,0.0,3279.65
15581.88,73.9,83,0.0,3279.65
15581.88,72.66,83,0.0,3279.65
15581.88,73.02,86,1.2125,3279.65
15581.88,72.81,86,0.0,3279.65
15581.88,72.86,85,0.0,3279.65
15581.88,72.43,85,1.2125,3279.65
15581.88,72.86,81,1.2125,3279.65
15581.88,73.76,81,0.0,3279.65
15581.88,73.35,73,1.2125,3279.65
15581.88,73.27,73,0.0,3279.65
15581.88,72.66,84,0.0,3279.65
15581.88,73.07,84,0.0,3279.65
15581.88,73.35,84,2.425,3279.65
15581.88,75.32,84,0.0,3279.65
15581.88,74.65,79,0.0,3279.65
15581.88,74.67,79,1.2125,3279.65
15581.88,75.12,85,0.0,3279.65
15581.88,74.86,85,0.0,3279.65
15581.88,73.85,80,1.2125,3279.65
15581.88,74.28,80,2.4125,3279.65
15581.88,71.17,72,0.0,3279.65
15581.88,70.44,72,1.2125,3279.65
15581.88,69.5,90,0.0,3279.65
15581.88,69.23,90,0.0,3279.65
15581.88,67.5,84,1.2125,3279.65
15581.88,68.34,84,0.0,3279.65
15581.88,68.27,85,0.0,3279.65
15581.88,68.12,85,1.2125,3279.65
15581.88,67.63,86,0.0,3279.65
15581.88,67.44,85,0.0,3279.65
15581.88,67.51,85,0.0,3279.65
15581.88,70.47,83,1.2125,3279.65
15581.88,71.38,83,0.0,3279.65
15581.88,71.97,85,0.0,3279.65
15581.88,72.18,85,1.2125,3279.65
15581.88,71.69,83,0.0,3279.65
15581.88,71.4,83,1.2125,3279.65
15581.88,71.59,79,0.0,3279.65
15581.88,72.37,79,1.2125,3279.65
15581.88,72.45,85,0.0,3279.65
15581.88,72.84,85,0.0,3279.65
15581.88,72.91,85,1.2125,3279.65
15581.88,73.32,85,0.0,3279.65
15581.88,74.11,83,0.0,3279.65
15581.88,74.23,83,0.0,3279.65
15581.88,74.14,85,1.2125,3279.65
15581.88,73.85,85,1.2125,3279.65
15581.88,73.19,85,0.0,3279.65
15581.88,72.34,85,0.0,3279.65
15581.88,72.74,86,1.2125,3279.65
15581.88,72.69,86,0.0,3279.65
15581.88,72.74,86,0.0,3279.65
15581.88,72.03,86,1.2125,3279.65
15581.88,71.98,82,1.225,3279.65
15581.88,73.64,82,0.0,3279.65
15581.88,72.41,79,0.0,3279.65
15581.88,72.42,79,1.2125,3279.65
15581.88,72.49,84,0.0,3279.65
15581.88,72.83,84,0.0,3279.65
15581.88,72.84,86,0.0,3279.65
15581.88,72.47,86,1.2125,3279.65
15581.88,72.47,85,0.0,3279.65
15581.88,72.44,85,0.0,3279.65
15581.88,73.05,86,1.2125,3279.65
15581.88,73.59,86,1.2125,3279.65
15581.88,70.98,81,0.0,3279.65
15581.88,71.99,81,0.0,3279.65
15581.88,72.11,85,1.2125,3279.65
15581.88,72.2,85,0.0,3279.65
15581.88,72.56,83,0.0,3279.65
15581.88,72.84,83,0.0,3279.65
15581.88,73.46,85,1.2125,3279.65
15581.88,73.63,85,0.0,3279.65
15581.88,73.47,84,0.0,3279.65
15581.88,73.37,86,0.0,3279.65
15581.88,72.24,86,1.2125,3279.65
15581.88,72.69,82,0.0,3279.65
15581.88,73.05,82,0.0,3279.65
15581.88,72.97,82,2.4375,3279.65
15581.88,72.78,82,1.2,3279.65
15581.88,72.29,68,0.0,3279.65
15581.88,68.79,68,1.2375,3279.65
15581.88,67.47,86,0.0,3279.65
15581.88,67.62,86,0.0,3279.65
15581.88,67.62,85,1.2125,3279.65
15581.88,68.23,85,1.2125,3279.65
15581.88,69.2,77,0.0,3279.65
15581.88,68.32,77,1.2125,3279.65
15581.88,68.39,86,0.0,3279.65
15581.88,68.52,86,0.0,3279.65
15581.88,68.96,84,1.2125,3279.65
15581.88,73.51,84,0.0,3279.65
15581.88,73.37,86,0.0,3279.65
15581.88,72.83,86,0.0,3279.65
15581.88,72.42,85,1.225,3279.65
15581.88,72.45,85,1.2125,3279.65
15581.88,70.7,85,0.0,3279.65
15581.88,70.75,78,1.2125,3279.65
15581.88,71.05,78,0.0,3279.65
15581.88,71.25,83,0.0,3279.65
15581.88,70.71,83,0.0,3279.65
15581.88,70.71,82,1.225,3279.65
15581.88,70.47,82,0.0,3279.65
15581.88,70.7,82,0.0,3279.65
15581.88,71.06,84,0.0,3279.65
15581.88,68.22,75,2.425,3279.65
15581.88,66.63,75,0.0,3279.65
15581.88,67.84,87,0.0,3279.65
15581.88,68.46,87,1.2125,3279.65
15581.88,68.33,84,1.225,3279.65
15581.88,68.37,84,0.0,3279.65
15581.88,68.8,85,0.0,3279.65
15581.88,68.8,85,0.0,3279.65
15581.88,68.92,85,1.2125,3279.65
15581.88,68.47,85,0.0,3279.65
15581.88,67.98,85,0.0,3279.65
15581.88,70.38,85,1.2125,3279.65
15581.88,71.52,85,0.0,3279.65
15581.88,71.44,85,0.0,3279.65
15581.88,71.59,84,1.2125,3279.65
15581.88,71.48,84,0.0,3279.65
15581.88,71.28,83,1.2125,3279.65
15581.88,69.93,83,1.2125,3279.65
15581.88,68.9,78,0.0,3279.65
15581.88,69.1,78,0.0,3279.65
15581.88,69.33,83,1.2125,3279.65
15581.88,69.32,83,1.2125,3279.65
15581.88,67.4,77,0.0,3279.65
15581.88,66.38,77,1.2125,3279.65
15581.88,66.42,82,0.0,3279.65
15581.88,66.16,82,0.0,3279.65
15581.88,66.05,86,1.2125,3279.65
15581.88,66.15,86,0.0,3279.65
15581.88,67.47,85,0.0,3279.65
15581.88,68.82,85,1.2125,3279.65
15581.88,68.54,82,0.0,3279.65
15581.88,67.76,82,0.0,3279.65
15581.88,68.14,83,1.2125,3279.65
15581.88,70.25,83,0.0,3279.65
15581.88,71.52,84,0.0,3279.65
15581.88,71.13,84,0.0,3279.65
15581.88,71.74,82,1.2125,3279.65
15581.88,71.7,82,1.2125,3279.65
15581.88,70.81,84,1.2125,3279.65
15581.88,69.59,84,1.2125,3279.65
15581.88,69.02,76,0.0,3279.65
15581.88,69.54,76,0.0,3279.65
15581.88,69.99,83,1.2125,3279.65
15581.88,70.39,83,0.0,3279.65
15581.88,70.78,83,0.0,3279.65
15581.88,71.16,83,0.0,3279.65
15581.88,70.3,84,0.0,3279.65
15581.88,69.82,84,1.2,3279.65
15581.88,69.57,84,0.0,3279.65
15581.88,70.3,84,0.0,3279.65
15581.88,71.17,84,1.225,3279.65
15581.88,71.99,86,0.0,3279.65
15581.88,72.38,86,0.0,3279.65
15581.88,72.19,86,0.0,3279.65
15581.88,72.2,86,2.2625,3279.65
15581.88,70.58,80,0.0,3279.65
15581.88,70.72,80,0.0,3279.65
15581.88,70.69,83,1.2125,3279.65
15581.88,70.65,83,0.0,3279.65
15581.88,71.17,85,0.0,3279.65
15581.88,71.09,86,1.2125,3279.65
15581.88,71.4,86,0.0,3279.65
15581.88,71.41,87,0.0,3279.65
15581.88,71.25,87,0.0,3279.65
15581.88,71.28,86,1.2125,3279.65
15581.88,72.5,86,0.0,3279.65
15581.88,72.1,87,0.0,3279.65
15581.88,72.54,87,1.2125,3279.65
15581.88,72.73,85,0.0,3279.65
15581.88,72.49,85,0.0,3279.65
15581.88,72.42,86,0.0,3279.65
15581.88,72.06,86,2.425,3279.65
15581.88,71.31,78,1.2125,3279.65
15581.88,70.99,78,0.0,3279.65
15581.88,70.77,84,0.0,3279.65
15581.88,70.61,84,0.0,3279.65
15581.88,70.79,86,0.0,3279.65
15581.88,71.0,86,1.1875,3279.65
15581.88,71.06,84,0.0,3279.65
15581.88,71.12,84,1.2125,3279.65
15581.88,72.71,77,1.2125,3279.65
15581.88,72.24,77,0.0,3279.65
15581.88,72.48,86,0.0,3279.65
15581.88,72.86,86,0.0,3279.65
15581.88,72.72,84,1.225,3279.65
15581.88,72.75,84,1.2125,3279.65
15581.88,72.78,85,0.0,3279.65
15581.88,73.14,85,0.0,3279.65
15581.88,73.28,83,1.225,3279.65
15581.88,73.3,83,0.0,3279.65
15581.88,72.92,85,0.0,3279.65
15581.88,70.5,85,0.0,3279.65
15581.88,70.95,83,1.225,3279.65
15581.88,71.22,83,0.0,3279.65
15581.88,71.39,85,0.0,3279.65
15581.88,71.83,85,0.0,3279.65
15581.88,72.12,86,1.225,3279.65
15581.88,73.28,86,1.225,3279.65
15581.88,72.43,79,0.0,3279.65
15581.88,72.51,79,0.0,3279.65
15581.88,72.73,87,0.0,3279.65
15581.88,73.2,87,0.0,3279.65
15581.88,74.11,85,1.225,3279.65
15581.88,74.35,85,1.2125,3279.65
15581.88,74.21,85,0.0,3279.65
15581.88,73.82,85,0.0,3279.65
15581.88,73.55,78,0.0,3279.65
15581.88,73.74,78,0.0,3279.65
15581.88,72.91,84,1.225,3279.65
15581.88,73.73,84,0.0,3279.65
15581.88,74.97,79,1.225,3279.65
15581.88,74.17,79,0.0,3279.65
15581.88,74.1,88,0.0,3279.65
15581.88,74.22,88,0.0,3279.65
15581.88,74.44,85,1.225,3279.65
15581.88,74.31,85,0.0,3279.65
15581.88,74.72,86,1.225,3279.65
15581.88,75.09,86,0.0,3279.65
15581.88,75.68,78,1.2125,3279.65
15581.88,74.69,78,1.2125,3279.65
15581.88,73.28,88,0.0,3279.65
15581.88,73.28,83,0.0,3279.65
15581.88,73.92,83,0.0,3279.65
15581.88,74.25,85,1.225,3279.65
15581.88,74.44,85,0.0,3279.65
15581.88,74.39,85,0.0,3279.65
15581.88,74.47,87,1.225,3279.65
15581.88,74.61,87,0.0,3279.65
15581.88,74.14,87,0.0,3279.65
15581.88,73.61,87,0.0,3279.65
15581.88,73.61,87,0.0,3279.65
15581.88,73.14,87,1.225,3279.65
15581.88,73.23,87,0.0,3279.65
15581.88,73.01,87,1.225,3279.65
15581.88,74.6,87,0.0,3279.65
15581.88,73.62,79,0.0,3279.65
15581.88,73.35,79,0.0,3279.65
15581.88,73.17,87,1.225,3279.65
15581.88,73.31,87,0.0,3279.65
15581.88,73.31,86,0.0,3279.65
15581.88,73.41,86,0.0,3279.65
15581.88,73.68,83,0.0,3279.65
15581.88,73.59,83,1.225,3279.65
15581.88,73.34,86,1.225,3279.65
15581.88,72.72,86,1.225,3279.65
15581.88,69.67,80,0.0,3279.65
15581.88,70.45,80,0.0,3279.65
15581.88,70.69,86,0.0,3279.65
15581.88,70.45,86,1.225,3279.65
15581.88,70.51,86,0.0,3279.65
15581.88,68.86,86,1.225,3279.65
15581.88,67.57,77,0.0,3279.65
15581.88,67.67,77,0.0,3279.65
15581.88,67.67,91,1.225,3279.65
15581.88,68.13,91,0.0,3279.65
15581.88,69.52,84,0.0,3279.65
15581.88,69.52,84,0.0,3279.65
15581.88,69.81,83,1.175,3279.65
15581.88,69.81,83,0.0,3279.65
15581.88,69.84,85,0.0,3279.65
15581.88,69.72,85,1.2125,3279.65
15581.88,69.69,85,0.0,3279.65
15581.88,72.32,85,0.0,3279.65
15581.88,72.07,86,0.0,3279.65
15581.88,72.17,86,1.225,3279.65
15581.88,72.16,84,0.0,3279.65
15581.88,71.7,84,0.0,3279.65
15581.88,70.77,87,1.2125,3279.65
15581.88,70.99,87,1.2125,3279.65
15581.88,70.15,81,1.1875,3279.65
15581.88,70.35,84,0.0,3279.65
15581.88,70.61,84,1.2,3279.65
15581.88,70.11,83,0.0,3279.65
15581.88,70.27,83,0.0,3279.65
15581.88,70.7,86,0.0,3279.65
15581.88,70.95,86,1.225,3279.65
15581.88,71.25,86,0.0,3279.65
15581.88,72.98,82,1.2125,3279.65
15581.88,72.81,82,0.0,3279.65
15581.88,72.37,84,0.0,3279.65
15581.88,73.41,84,0.0,3279.65
15581.88,73.65,86,1.225,3279.65
15581.88,73.61,86,0.0,3279.65
15581.88,74.47,86,0.0,3279.65
15581.88,74.61,86,1.225,3279.65
15581.88,75.48,84,0.0,3279.65
15581.88,74.27,84,0.0,3279.65
15581.88,74.08,87,1.225,3279.65
15581.88,72.49,87,1.225,3279.65
15581.88,74.12,80,1.225,3279.65
15581.88,72.91,80,0.0,3279.65
15581.88,73.1,87,0.0,3279.65
15581.88,73.15,87,0.0,3279.65
15581.88,73.0,86,1.225,3279.65
15581.88,73.03,86,0.0,3279.65
15581.88,72.18,86,0.0,3279.65
15581.88,73.33,86,0.0,3279.65
15581.88,73.3,87,1.225,3279.65
15581.88,73.25,87,0.0,3279.65
15581.88,72.81,86,1.225,3279.65
15581.88,74.04,86,0.0,3279.65
15581.88,74.37,80,1.2125,3279.65
15581.88,74.05,80,0.0,3279.65
15581.88,74.11,85,0.0,3279.65
15581.88,74.08,85,0.0,3279.65
15581.88,74.15,86,1.2,3279.65
15581.88,70.96,86,1.225,3279.65
15581.88,69.89,80,0.0,3279.65
15581.88,70.0,80,0.0,3279.65
15581.88,70.28,86,0.0,3279.65
15581.88,71.05,86,1.2125,3279.65
15581.88,69.17,84,0.0,3279.65
15581.88,69.98,84,0.0,3279.65
15581.88,69.85,83,0.0,3279.65
15581.88,69.39,83,1.2,3279.65
15581.88,68.9,86,0.0,3279.65
15581.88,68.19,86,0.0,3279.65
15581.88,70.99,86,1.2125,3279.65
15581.88,71.72,86,1.2125,3279.65
15581.88,71.75,84,0.0,3279.65
15581.88,71.51,84,0.0,3279.65
15581.88,71.24,86,1.2125,3279.65
15581.88,72.57,86,1.2125,3279.65
15581.88,72.19,76,0.0,3279.65
15581.88,72.58,76,0.0,3279.65
15581.88,73.03,85,1.225,3279.65
15581.88,70.39,85,1.225,3279.65
15581.88,69.66,75,0.0,3279.65
15581.88,69.71,75,0.0,3279.65
15581.88,69.71,85,0.0,3279.65
15581.88,69.28,85,1.225,3279.65
15581.88,69.24,85,0.0,3279.65
15581.88,68.95,85,0.0,3279.65
15581.88,67.2,85,0.0,3279.65
15581.88,67.32,85,1.225,3279.65
15581.88,67.17,83,0.0,3279.65
15581.88,66.94,83,0.0,3279.65
15581.88,69.84,86,0.0,3279.65
15581.88,71.0,86,1.225,3279.65
15581.88,70.93,84,0.0,3279.65
15581.88,70.97,84,0.0,3279.65
15581.88,71.06,85,1.2125,3279.65
15581.88,68.79,85,1.2125,3279.65
15581.88,67.81,72,0.0,3279.65
15581.88,68.04,72,1.2125,3279.65
15581.88,68.16,84,0.0,3279.65
15581.88,67.74,84,0.0,3279.65
15581.88,67.61,83,1.2125,3279.65
15581.88,69.29,78,1.2125,3279.65
15581.88,68.88,78,0.0,3279.65
15581.88,68.84,85,0.0,3279.65
15581.88,68.93,85,0.0,3279.65
15581.88,68.53,85,1.2125,3279.65
15581.88,71.63,85,0.0,3279.65
15581.88,73.08,84,0.0,3279.65
15581.88,73.29,84,0.0,3279.65
15581.88,73.35,85,2.3875,3279.65
15581.88,73.72,85,0.0,3279.65
15581.88,73.61,84,0.0,3279.65
15581.88,72.1,83,1.2125,3279.65
15581.88,72.87,83,0.0,3279.65
15581.88,73.26,85,0.0,3279.65
15581.88,73.52,85,1.2125,3279.65
15581.88,73.83,84,0.0,3279.65
15581.88,73.41,84,1.225,3279.65
15581.88,74.76,77,0.0,3279.65
15581.88,74.12,77,1.2125,3279.65
15581.88,73.73,83,0.0,3279.65
15581.88,73.3,83,0.0,3279.65
15581.88,73.99,84,1.2125,3279.65
15581.88,74.02,84,0.0,3279.65
15581.88,73.99,86,0.0,3279.65
15581.88,73.93,86,1.2125,3279.65
15581.88,73.82,85,0.0,3279.65
15581.88,73.48,85,0.0,3279.65
15581.88,71.41,83,1.2125,3279.65
15581.88,71.89,83,0.0,3279.65
15581.88,71.97,83,0.0,3279.65
15581.88,72.42,83,1.2125,3279.65
15581.88,72.4,80,0.0,3279.65
15581.88,72.24,80,1.2125,3279.65
15581.88,74.04,72,0.0,3279.65
15581.88,72.62,72,1.225,3279.65
15581.88,72.33,89,0.0,3279.65
15581.88,72.5,89,0.0,3279.65
15581.88,73.11,84,1.2125,3279.65
15581.88,73.5,84,0.0,3279.65
15581.88,72.99,84,0.0,3279.65
15581.88,73.43,84,1.2,3279.65
15581.88,73.72,85,0.0,3279.65
15581.88,73.31,85,0.0,3279.65
15581.88,72.99,85,1.2125,3279.65
15581.88,70.33,85,1.2125,3279.65
15581.88,71.69,85,0.0,3279.65
15581.88,72.02,85,1.2,3279.65
15581.88,71.56,85,0.0,3279.65
15581.88,71.26,85,0.0,3279.65
15581.88,71.69,83,2.4125,3279.65
15581.88,72.36,83,0.0,3279.65
15581.88,71.22,78,0.0,3279.65
15581.88,70.86,78,0.0,3279.65
15581.88,71.12,86,1.2125,3279.65
15581.88,71.59,86,0.0,3279.65
15581.88,72.35,85,0.0,3279.65
15581.88,72.29,85,1.2125,3279.65
15581.88,72.13,85,0.0,3279.65
15581.88,72.03,85,0.0,3279.65
15581.88,72.27,84,1.2125,3279.65
15581.88,72.11,83,0.0,3279.65
15581.88,71.76,83,0.0,3279.65
15581.88,72.05,82,0.0,3279.65
15581.88,72.41,82,1.225,3279.65
15581.88,72.33,85,0.0,3279.65
15581.88,72.19,85,0.0,3279.65
15581.88,72.02,82,1.225,3279.65
15581.88,72.06,82,0.0,3279.65
15581.88,71.96,73,1.2125,3279.65
15581.88,71.96,73,0.0,3279.65
15581.88,72.06,84,0.0,3279.65
15581.88,71.7,84,1.2125,3279.65
15581.88,71.93,85,1.2125,3279.65
15581.88,68.5,85,0.0,3279.65
15581.88,67.28,77,1.225,3279.65
15581.88,67.42,77,1.225,3279.65
15581.88,67.42,86,0.0,3279.65
15581.88,67.94,86,0.0,3279.65
15581.88,68.19,83,1.2125,3279.65
15581.88,68.1,83,0.0,3279.65
15581.88,70.49,85,1.2125,3279.65
15581.88,69.42,85,1.2125,3279.65
15581.88,69.29,77,0.0,3279.65
15581.88,72.61,77,0.0,3279.65
15581.88,73.64,84,0.0,3279.65
15581.88,73.69,84,1.2125,3279.65
15581.88,73.52,84,0.0,3279.65
15581.88,75.31,76,1.2125,3279.65
15581.88,74.61,76,0.0,3279.65
15581.88,73.98,86,1.2125,3279.65
15581.88,74.14,86,0.0,3279.65
15581.88,72.15,83,0.0,3279.65
15581.88,73.58,83,1.2125,3279.65
15581.88,73.95,86,0.0,3279.65
15581.88,74.09,86,0.0,3279.65
15581.88,74.34,86,1.2125,3279.65
15581.88,74.22,86,1.2125,3279.65
15581.88,73.95,85,0.0,3279.65
15581.88,71.7,85,0.0,3279.65
15581.88,72.28,85,0.0,3279.65
15581.88,72.88,85,1.2125,3279.65
15581.88,72.45,83,0.0,3279.65
15581.88,72.39,83,0.0,3279.65
15581.88,72.23,85,1.2125,3279.65
15581.88,73.9,85,1.2125,3279.65
15581.88,73.24,80,0.0,3279.65
15581.88,73.07,80,0.0,3279.65
15581.88,73.08,85,0.0,3279.65
15581.88,73.26,85,0.0,3279.65
15581.88,72.97,84,1.2,3279.65
15581.88,73.49,84,1.225,3279.65
15581.88,74.8,77,0.0,3279.65
15581.88,74.46,77,0.0,3279.65
15581.88,74.15,85,1.225,3279.65
15581.88,74.12,85,0.0,3279.65
15581.88,72.06,86,0.0,3279.65
15581.88,72.34,86,0.0,3279.65
15581.88,71.27,84,2.425,3279.65
15581.88,71.52,84,1.2125,3279.65
15581.88,70.61,79,0.0,3279.65
15581.88,70.83,79,0.0,3279.65
15581.88,70.44,84,0.0,3279.65
15581.88,69.11,84,1.2125,3279.65
15581.88,69.69,85,0.0,3279.65
15581.88,69.72,85,0.0,3279.65
15581.88,69.56,85,0.0,3279.65
15581.88,69.49,85,1.225,3279.65
15581.88,69.68,84,1.225,3279.65
15581.88,70.94,84,0.0,3279.65
15581.88,69.31,78,0.0,3279.65
15581.88,70.02,78,1.225,3279.65
15581.88,67.96,78,0.0,3279.65
15581.88,66.82,78,1.225,3279.65
15581.88,66.8,86,0.0,3279.65
15581.88,66.37,83,0.0,3279.65
15581.88,66.87,83,2.4375,3279.65
15581.88,63.95,83,0.0,3279.65
15581.88,63.5,80,0.0,3279.65
15581.88,62.92,83,1.225,3279.65
15581.88,64.52,83,0.0,3279.65
15581.88,64.98,84,0.0,3279.65
15581.88,67.04,84,0.0,3279.65
15581.88,68.15,84,1.2125,3279.65
15581.88,68.58,84,1.225,3279.65
15581.88,68.59,82,0.0,3279.65
15581.88,68.27,82,0.0,3279.65
15581.88,71.11,84,1.175,3279.65
15581.88,71.49,84,0.0,3279.65
15581.88,71.82,84,1.2125,3279.65
15581.88,72.22,84,0.0,3279.65
15581.88,72.07,86,0.0,3279.65
15581.88,71.93,86,1.2125,3279.65
15581.88,72.14,85,1.2125,3279.65
15581.88,74.42,85,0.0,3279.65
15581.88,73.26,80,1.2125,3279.65
15581.88,73.51,80,0.0,3279.65
15581.88,73.43,85,0.0,3279.65
15581.88,73.52,85,1.2125,3279.65
15581.88,76.09,77,1.2125,3279.65
15581.88,75.23,77,0.0,3279.65
15581.88,75.15,86,0.0,3279.65
15581.88,75.2,86,1.2125,3279.65
15581.88,75.54,85,0.0,3279.65
15581.88,73.07,85,0.0,3279.65
15581.88,73.74,83,1.2125,3279.65
15581.88,73.69,85,0.0,3279.65
15581.88,73.64,85,0.0,3279.65
15581.88,73.45,82,1.225,3279.65
15581.88,70.97,82,0.0,3279.65
15581.88,71.32,86,0.0,3279.65
15581.88,71.03,86,1.1875,3279.65
15581.88,70.77,86,0.0,3279.65
15581.88,70.39,85,0.0,3279.65
15581.88,70.09,84,2.425,3279.65
15581.88,72.2,84,0.0,3279.65
15581.88,71.91,78,0.0,3279.65
15581.88,71.91,78,1.2125,3279.65
15581.88,71.96,85,0.0,3279.65
15581.88,72.35,85,0.0,3279.65
15581.88,72.39,83,0.0,3279.65
15581.88,72.99,83,1.2125,3279.65
15581.88,73.3,85,1.225,3279.65
15581.88,73.67,85,0.0,3279.65
15581.88,73.85,85,0.0,3279.65
15581.88,73.78,85,1.225,3279.65
15581.88,71.83,86,0.0,3279.65
15581.88,72.35,86,0.0,3279.65
15581.88,72.52,87,0.0,3279.65
15581.88,72.77,87,1.225,3279.65
15581.88,72.94,86,0.0,3279.65
15581.88,73.42,78,1.2125,3279.65
15581.88,74.02,78,0.0,3279.65
15581.88,72.67,78,1.225,3279.65
15581.88,72.43,88,0.0,3279.65
15581.88,72.73,86,0.0,3279.65
15581.88,73.19,86,0.0,3279.65
15581.88,73.46,86,0.0,3279.65
15581.88,73.55,86,1.225,3279.65
15581.88,73.14,84,0.0,3279.65
15581.88,73.29,84,0.0,3279.65
15581.88,72.78,86,0.0,3279.65
15581.88,71.28,86,1.2125,3279.65
15581.88,72.17,84,0.0,3279.65
15581.88,72.44,84,0.0,3279.65
15581.88,71.97,84,1.225,3279.65
15581.88,71.62,84,0.0,3279.65
15581.88,71.46,85,0.0,3279.65
15581.88,68.24,85,1.225,3279.65
15581.88,67.58,79,1.225,3279.65
15581.88,67.19,79,1.225,3279.65
15581.88,67.26,86,0.0,3279.65
15581.88,67.49,86,0.0,3279.65
15581.88,68.08,86,0.0,3279.65
15581.88,68.54,86,1.2125,3279.65
15581.88,68.1,85,1.225,3279.65
15581.88,69.01,85,0.0,3279.65
15581.88,68.26,77,0.0,3279.65
15581.88,68.42,77,1.225,3279.65
15581.88,71.88,86,0.0,3279.65
15581.88,73.14,86,0.0,3279.65
15581.88,73.02,85,0.0,3279.65
15581.88,73.15,85,1.2125,3279.65
15581.88,73.35,82,0.0,3279.65
15581.88,73.0,82,0.0,3279.65
15581.88,72.78,84,1.225,3279.65
15581.88,72.86,84,0.0,3279.65
15581.88,72.0,85,0.0,3279.65
15581.88,72.68,85,0.0,3279.65
15581.88,72.15,85,0.0,3279.65
15581.88,71.83,85,1.225,3279.65
15581.88,71.86,85,0.0,3279.65
15581.88,72.23,85,1.225,3279.65
15581.88,71.04,75,0.0,3279.65
15581.88,69.44,75,1.225,3279.65
15581.88,69.44,88,0.0,3279.65
15581.88,69.57,88,0.0,3279.65
15581.88,69.66,85,1.225,3279.65
15581.88,69.98,85,0.0,3279.65
15581.88,70.42,85,0.0,3279.65
15581.88,71.25,85,0.0,3279.65
15581.88,71.34,84,1.2125,3279.65
15581.88,71.03,84,0.0,3279.65
15581.88,70.4,84,0.0,3279.65
15581.88,70.84,84,1.225,3279.65
15581.88,71.82,86,1.2125,3279.65
15581.88,71.9,86,0.0,3279.65
15581.88,72.25,84,0.0,3279.65
15581.88,72.46,85,1.15,3279.65
15581.88,72.28,85,0.0,3279.65
15581.88,72.91,74,1.25,3279.65
15581.88,71.24,74,0.0,3279.65
15581.88,71.23,81,0.0,3279.65
15581.88,71.26,81,0.0,3279.65
15581.88,71.62,85,1.2125,3279.65
15581.88,71.87,85,0.0,3279.65
15581.88,72.48,84,0.0,3279.65
15581.88,73.01,84,1.2125,3279.65
15581.88,72.84,84,0.0,3279.65
15581.88,72.25,84,0.0,3279.65
15581.88,71.73,84,0.0,3279.65
15581.88,71.61,84,1.2125,3279.65
15581.88,71.6,87,0.0,3279.65
15581.88,71.89,87,0.0,3279.65
15581.88,71.99,85,1.2125,3279.65
15581.88,72.33,85,1.2125,3279.65
15581.88,69.26,77,0.0,3279.65
15581.88,69.26,77,1.2125,3279.65
15581.88,67.51,89,1.2125,3279.65
15581.88,68.6,89,0.0,3279.65
15581.88,68.44,86,0.0,3279.65
15581.88,68.49,86,1.2125,3279.65
15581.88,68.47,84,0.0,3279.65
15581.88,68.47,84,0.0,3279.65
15581.88,68.46,85,0.0,3279.65
15581.88,68.45,85,0.0,3279.65
15581.88,70.86,85,1.225,3279.65
15581.88,71.47,85,0.0,3279.65
15581.88,71.83,85,0.0,3279.65
15581.88,71.79,85,0.0,3279.65
15581.88,71.89,84,1.2125,3279.65
15581.88,72.31,85,0.0,3279.65
15581.88,71.85,85,1.2125,3279.65
15581.88,70.94,74,2.425,3279.65
15581.88,70.46,74,0.0,3279.65
15581.88,70.27,85,0.0,3279.65
15581.88,70.28,85,0.0,3279.65
15581.88,69.79,83,2.425,3279.65
15581.88,69.45,83,0.0,3279.65
15581.88,68.95,80,0.0,3279.65
15581.88,68.72,80,1.2125,3279.65
15581.88,68.88,81,0.0,3279.65
15581.88,69.05,81,0.0,3279.65
15581.88,69.77,85,2.425,3279.65
15581.88,72.14,85,0.0,3279.65
15581.88,71.61,77,0.0,3279.65
15581.88,72.04,77,0.0,3279.65
15581.88,72.28,84,1.2125,3279.65
15581.88,73.23,84,0.0,3279.65
15581.88,74.36,85,0.0,3279.65
15581.88,74.67,85,0.0,3279.65
15581.88,74.58,84,1.2125,3279.65
15581.88,74.87,84,0.0,3279.65
15581.88,74.66,83,0.0,3279.65
15581.88,74.34,83,1.225,3279.65
15581.88,72.64,84,0.0,3279.65
15581.88,73.28,84,1.2125,3279.65
15581.88,73.39,82,0.0,3279.65
15581.88,73.35,82,1.225,3279.65
15581.88,73.38,86,0.0,3279.65
15581.88,73.2,86,1.225,3279.65
15581.88,75.18,77,0.0,3279.65
15581.88,74.25,77,0.0,3279.65
15581.88,73.78,84,0.0,3279.65
15581.88,74.09,86,1.225,3279.65
15581.88,74.35,86,1.225,3279.65
15581.88,74.03,80,0.0,3279.65
15581.88,73.01,80,0.0,3279.65
15581.88,72.62,85,1.225,3279.65
15581.88,72.54,85,0.0,3279.65
15581.88,72.18,85,0.0,3279.65
15581.88,71.99,85,0.0,3279.65
15581.88,69.95,85,1.225,3279.65
15581.88,71.39,85,0.0,3279.65
15581.88,71.41,82,1.225,3279.65
15581.88,69.32,82,0.0,3279.65
15581.88,68.01,81,1.225,3279.65
15581.88,68.51,81,0.0,3279.65
15581.88,69.78,85,0.0,3279.65
15581.88,69.99,85,0.0,3279.65
15581.88,70.1,85,1.225,3279.65
15581.88,70.39,85,0.0,3279.65
15581.88,70.22,83,0.0,3279.65
15581.88,70.0,83,1.2125,3279.65
15581.88,69.85,84,0.0,3279.65
15581.88,71.48,84,0.0,3279.65
15581.88,72.54,86,1.2125,3279.65
15581.88,72.73,86,0.0,3279.65
15581.88,72.85,86,0.0,3279.65
15581.88,72.43,86,0.0,3279.65
15581.88,72.22,82,1.225,3279.65
15581.88,69.44,82,1.225,3279.65
15581.88,68.93,82,1.225,3279.65
15581.88,69.0,82,0.0,3279.65
15581.88,69.14,84,0.0,3279.65
15581.88,69.4,84,0.0,3279.65
15581.88,69.82,86,1.2,3279.65
15581.88,69.83,86,1.2125,3279.65
15581.88,68.8,80,0.0,3279.65
15581.88,68.38,80,0.0,3279.65
15581.88,68.74,85,0.0,3279.65
15581.88,68.79,85,1.225,3279.65
15581.88,71.38,84,0.0,3279.65
15581.88,71.43,84,1.2125,3279.65
15581.88,71.87,85,0.0,3279.65
15581.88,72.7,85,1.2125,3279.65
15581.88,71.56,76,0.0,3279.65
15581.88,71.42,76,0.0,3279.65
15581.88,71.41,84,1.225,3279.65
15581.88,72.23,84,0.0,3279.65
15581.88,72.69,85,0.0,3279.65
15581.88,72.81,85,0.0,3279.65
15581.88,72.59,83,1.225,3279.65
15581.88,72.92,83,2.425,3279.65
15581.88,73.0,82,0.0,3279.65
15581.88,75.1,82,0.0,3279.65
15581.88,72.67,80,1.2125,3279.65
15581.88,74.12,80,0.0,3279.65
15581.88,74.12,82,0.0,3279.65
15581.88,73.77,82,1.2125,3279.65
15581.88,74.07,83,0.0,3279.65
15581.88,73.58,83,0.0,3279.65
15581.88,73.38,83,0.0,3279.65
15581.88,73.73,86,1.2125,3279.65
15581.88,73.58,86,0.0,3279.65
15581.88,73.68,86,0.0,3279.65
15581.88,71.29,86,1.225,3279.65
15581.88,71.5,85,0.0,3279.65
15581.88,71.42,85,0.0,3279.65
15581.88,72.1,85,0.0,3279.65
15581.88,72.12,85,1.175,3279.65
15581.88,72.59,86,1.1875,3279.65
15581.88,71.56,86,0.0,3279.65
15581.88,71.72,76,0.0,3279.65
15581.88,72.07,76,0.0,3279.65
15581.88,72.48,85,1.2125,3279.65
15581.88,72.8,85,1.2125,3279.65
15581.88,73.21,84,0.0,3279.65
15581.88,72.78,85,0.0,3279.65
15581.88,72.32,85,1.1875,3279.65
15581.88,71.94,84,0.0,3279.65
15581.88,71.5,84,0.0,3279.65
15581.88,72.34,86,0.0,3279.65
15581.88,72.03,86,1.225,3279.65
15581.88,71.59,86,0.0,3279.65
15581.88,70.95,86,0.0,3279.65
15581.88,70.51,86,0.0,3279.65
15581.88,68.46,86,2.45,3279.65
15581.88,67.57,74,0.0,3279.65
15581.88,67.78,74,0.0,3279.65
15581.88,68.22,86,1.2125,3279.65
15581.88,68.69,86,0.0,3279.65
15581.88,69.22,85,0.0,3279.65
15581.88,69.59,85,0.0,3279.65
15581.88,69.99,85,0.0,3279.65
15581.88,70.47,85,2.4,3279.65
15581.88,70.91,86,0.0,3279.65
15581.88,70.83,86,0.0,3279.65
15581.88,72.69,87,1.2125,3279.65
15581.88,73.49,87,0.0,3279.65
15581.88,73.56,85,0.0,3279.65
15581.88,73.59,85,0.0,3279.65
15581.88,73.48,85,0.0,3279.65
15581.88,73.28,85,2.425,3279.65
15581.88,69.82,70,0.0,3279.65
15581.88,69.02,70,1.2125,3279.65
15581.88,68.58,91,0.0,3279.65
15581.88,68.67,91,0.0,3279.65
15581.88,69.12,86,0.0,3279.65
15581.88,69.38,86,1.2125,3279.65
15581.88,69.39,85,0.0,3279.65
15581.88,69.09,86,0.0,3279.65
15581.88,69.19,86,0.0,3279.65
15581.88,68.83,84,1.225,3279.65
15581.88,68.43,84,0.0,3279.65
15581.88,71.3,85,0.0,3279.65
15581.88,71.78,85,0.0,3279.65
15581.88,71.93,86,1.2125,3279.65
15581.88,71.88,86,0.0,3279.65
15581.88,71.9,84,0.0,3279.65
15581.88,72.46,84,2.4125,3279.65
15581.88,73.89,78,0.0,3279.65
15581.88,73.25,78,0.0,3279.65
15581.88,73.42,86,0.0,3279.65
15581.88,73.77,86,1.225,3279.65
15581.88,74.18,85,0.0,3279.65
15581.88,73.49,85,1.2125,3279.65
15581.88,73.79,82,0.0,3279.65
15581.88,73.85,82,1.1375,3279.65
15581.88,74.05,76,1.225,3279.65
15581.88,72.89,76,0.0,3279.65
15581.88,72.17,90,0.0,3279.65
15581.88,70.95,90,0.0,3279.65
15581.88,71.14,86,1.225,3279.65
15581.88,70.85,86,0.0,3279.65
15581.88,70.95,85,0.0,3279.65
15581.88,71.19,85,0.0,3279.65
15581.88,71.32,83,1.2125,3279.65
15581.88,71.1,83,0.0,3279.65
15581.88,70.86,83,1.2125,3279.65
15581.88,72.49,83,0.0,3279.65
15581.88,72.28,83,0.0,3279.65
15581.88,72.34,83,1.225,3279.65
15581.88,72.29,85,0.0,3279.65
15581.88,72.66,85,0.0,3279.65
15581.88,73.09,85,0.0,3279.65
15581.88,72.74,85,1.225,3279.65
15581.88,72.34,84,0.0,3279.65
15581.88,73.19,84,0.0,3279.65
15581.88,73.0,84,0.0,3279.65
15581.88,73.12,84,1.225,3279.65
15581.88,71.03,83,0.0,3279.65
15581.88,72.09,83,0.0,3279.65
15581.88,72.21,85,0.0,3279.65
15581.88,72.52,85,1.2125,3279.65
15581.88,72.53,84,1.2125,3279.65
15581.88,72.24,84,1.2125,3279.65
15581.88,72.28,84,0.0,3279.65
15581.88,72.06,74,1.2125,3279.65
15581.88,71.6,74,0.0,3279.65
15581.88,71.92,85,0.0,3279.65
15581.88,72.15,85,1.225,3279.65
15581.88,72.61,77,1.225,3279.65
15581.88,75.0,77,0.0,3279.65
15581.88,73.98,83,0.0,3279.65
15581.88,73.95,83,0.0,3279.65
15581.88,73.73,84,1.2125,3279.65
15581.88,73.73,84,1.2125,3279.65
15581.88,73.42,76,0.0,3279.65
15581.88,75.7,76,1.225,3279.65
15581.88,75.19,84,1.2125,3279.65
15581.88,74.82,84,0.0,3279.65
15581.88,73.74,85,0.0,3279.65
15581.88,71.58,85,2.4375,3279.65
15581.88,74.44,75,0.0,3279.65
15581.88,73.87,75,0.0,3279.65
15581.88,73.99,85,1.2125,3279.65
15581.88,74.24,85,0.0,3279.65
15581.88,74.57,84,0.0,3279.65
15581.88,72.51,84,1.225,3279.65
15581.88,73.33,83,0.0,3279.65
15581.88,73.53,83,0.0,3279.65
15581.88,73.78,84,0.0,3279.65
15581.88,73.77,84,0.0,3279.65
15581.88,73.51,81,0.0,3279.65
15581.88,72.04,81,1.2125,3279.65
15581.88,72.43,85,1.2375,3279.65
15581.88,73.85,85,0.0,3279.65
15581.88,72.71,75,1.2125,3279.65
15581.88,73.04,75,0.0,3279.65
15581.88,73.41,83,0.0,3279.65
15581.88,73.19,83,0.0,3279.65
15581.88,73.57,83,1.2125,3279.65
15581.88,73.98,83,1.2125,3279.65
15581.88,74.25,85,0.0,3279.65
15581.88,74.7,85,0.0,3279.65
15581.88,74.34,84,0.0,3279.65
15581.88,73.98,84,1.1875,3279.65
15581.88,71.84,86,0.0,3279.65
15581.88,72.97,86,1.2125,3279.65
15581.88,73.03,81,0.0,3279.65
15581.88,72.72,81,0.0,3279.65
15581.88,73.1,83,1.2125,3279.65
15581.88,72.63,83,1.175,3279.65
15581.88,72.59,71,0.0,3279.65
15581.88,71.35,71,1.2125,3279.65
15581.88,72.16,84,0.0,3279.65
15581.88,72.63,84,0.0,3279.65
15581.88,73.35,85,1.2125,3279.65
15581.88,73.35,76,1.1625,3279.65
15581.88,75.42,76,0.0,3279.65
15581.88,75.31,84,1.2125,3279.65
15581.88,75.31,84,0.0,3279.65
15581.88,74.69,84,0.0,3279.65
15581.88,73.9,84,2.425,3279.65
15581.88,74.65,83,0.0,3279.65
15581.88,73.87,83,0.0,3279.65
15581.88,73.55,85,1.2125,3279.65
15581.88,73.75,85,0.0,3279.65
15581.88,71.06,84,0.0,3279.65
15581.88,71.06,84,0.0,3279.65
15581.88,71.71,86,1.225,3279.65
15581.88,72.01,86,0.0,3279.65
15581.88,72.29,86,1.225,3279.65
15581.88,70.99,86,0.0,3279.65
15581.88,71.04,78,0.0,3279.65
15581.88,71.44,78,0.0,3279.65
15581.88,71.67,85,1.2125,3279.65
15581.88,71.7,85,0.0,3279.65
15581.88,71.26,86,0.0,3279.65
15581.88,70.82,86,0.0,3279.65
15581.88,70.37,85,1.225,3279.65
15581.88,69.98,85,0.0,3279.65
15581.88,69.89,83,0.0,3279.65
15581.88,69.77,83,2.4375,3279.65
15581.88,70.59,85,0.0,3279.65
15581.88,71.35,85,1.2125,3279.65
15581.88,71.18,78,0.0,3279.65
15581.88,71.4,78,0.0,3279.65
15581.88,71.52,84,1.2125,3279.65
15581.88,71.77,84,1.2125,3279.65
15581.88,71.96,85,0.0,3279.65
15581.88,72.8,77,0.0,3279.65
15581.88,71.9,77,1.2125,3279.65
15581.88,72.05,83,0.0,3279.65
15581.88,72.3,83,0.0,3279.65
15581.88,72.44,84,0.0,3279.65
15581.88,72.45,84,1.225,3279.65
15581.88,72.66,83,0.0,3279.65
15581.88,72.62,83,0.0,3279.65
15581.88,72.14,82,1.2125,3279.65
15581.88,72.06,82,0.0,3279.65
15581.88,71.21,84,1.2125,3279.65
15581.88,72.26,84,0.0,3279.65
15581.88,71.94,85,1.225,3279.65
15581.88,71.77,84,0.0,3279.65
15581.88,72.06,84,0.0,3279.65
15581.88,71.99,77,1.2125,3279.65
15581.88,68.79,77,0.0,3279.65
15581.88,67.7,77,1.225,3279.65
15581.88,68.54,88,0.0,3279.65
15581.88,68.9,82,0.0,3279.65
15581.88,68.65,82,1.2125,3279.65
15581.88,68.53,81,0.0,3279.65
15581.88,68.9,81,0.0,3279.65
15581.88,69.46,84,1.2125,3279.65
15581.88,68.93,84,0.0,3279.65
15581.88,68.88,84,0.0,3279.65
15581.88,71.3,81,1.2125,3279.65
15581.88,72.16,84,0.0,3279.65
15581.88,72.09,84,1.1375,3279.65
15581.88,73.51,73,1.2125,3279.65
15581.88,72.23,73,0.0,3279.65
15581.88,72.5,87,1.2125,3279.65
15581.88,72.7,87,0.0,3279.65
15581.88,72.73,84,1.2125,3279.65
15581.88,72.68,84,0.0,3279.65
15581.88,73.04,84,0.0,3279.65
15581.88,72.9,84,2.425,3279.65
15581.88,72.86,75,0.0,3279.65
15581.88,72.72,75,0.0,3279.65
15581.88,72.97,85,1.225,3279.65
15581.88,70.98,85,0.0,3279.65
15581.88,71.8,85,0.0,3279.65
15581.88,71.28,85,0.0,3279.65
15581.88,71.44,84,0.0,3279.65
15581.88,71.14,84,1.225,3279.65
15581.88,70.95,84,0.0,3279.65
15581.88,70.93,84,0.0,3279.65
15581.88,70.39,85,0.0,3279.65
15581.88,70.32,85,1.2125,3279.65
15581.88,70.46,85,0.0,3279.65
15581.88,70.23,85,0.0,3279.65
15581.88,70.04,86,1.225,3279.65
15581.88,70.02,86,1.2125,3279.65
15581.88,70.43,84,0.0,3279.65
15581.88,70.57,84,0.0,3279.65
15581.88,70.31,80,0.0,3279.65
15581.88,70.46,80,1.225,3279.65
15581.88,70.9,86,0.0,3279.65
15581.88,71.7,86,0.0,3279.65
15581.88,72.39,86,0.0,3279.65
15581.88,72.61,83,1.2125,3279.65
15581.88,72.98,83,0.0,3279.65
15581.88,73.56,84,0.0,3279.65
15581.88,73.55,84,1.225,3279.65
15581.88,72.71,85,0.0,3279.65
15581.88,73.03,85,0.0,3279.65
15581.88,72.95,86,0.0,3279.65
15581.88,72.86,86,0.0,3279.65
15581.88,72.51,85,1.225,3279.65
15581.88,72.02,85,1.225,3279.65
15581.88,73.95,75,0.0,3279.65
15581.88,72.35,75,2.425,3279.65
15581.88,72.18,86,0.0,3279.65
15581.88,72.61,86,0.0,3279.65
15581.88,73.2,83,1.2125,3279.65
15581.88,73.66,83,0.0,3279.65
15581.88,73.89,85,0.0,3279.65
15581.88,73.88,85,0.0,3279.65
15581.88,73.61,85,1.225,3279.65
15581.88,73.42,85,0.0,3279.65
15581.88,73.77,85,0.0,3279.65
15581.88,71.45,85,0.0,3279.65
15581.88,72.49,84,1.2125,3279.65
15581.88,72.27,84,0.0,3279.65
15581.88,72.26,85,0.0,3279.65
15581.88,72.11,85,1.2125,3279.65
15581.88,72.31,83,0.0,3279.65
15581.88,72.27,83,1.2,3279.65
15581.88,72.06,76,1.2,3279.65
15581.88,71.95,76,0.0,3279.65
15581.88,72.11,83,0.0,3279.65
15581.88,71.84,83,1.2125,3279.65
15581.88,72.5,83,1.225,3279.65
15581.88,69.85,83,0.0,3279.65
15581.88,69.97,77,0.0,3279.65
15581.88,69.24,77,1.2,3279.65
15581.88,69.27,84,1.2125,3279.65
15581.88,68.81,84,0.0,3279.65
15581.88,68.75,83,0.0,3279.65
15581.88,68.58,83,1.225,3279.65
15581.88,68.96,84,0.0,3279.65
15581.88,69.24,84,0.0,3279.65
15581.88,69.34,85,0.0,3279.65
15581.88,68.94,85,1.2125,3279.65
15581.88,71.85,83,0.0,3279.65
15581.88,71.66,83,0.0,3279.65
15581.88,71.35,84,0.0,3279.65
15581.88,71.73,84,1.2125,3279.65
15581.88,71.55,82,0.0,3279.65
15581.88,71.26,82,1.2125,3279.65
15581.88,71.82,85,0.0,3279.65
15581.88,72.48,77,1.225,3279.65
15581.88,71.02,77,0.0,3279.65
15581.88,70.8,83,0.0,3279.65
15581.88,71.28,83,1.2125,3279.65
15581.88,71.62,86,0.0,3279.65
15581.88,71.97,86,1.225,3279.65
15581.88,72.84,85,0.0,3279.65
15581.88,72.51,85,0.0,3279.65
15581.88,72.66,84,0.0,3279.65
15581.88,72.29,84,1.2125,3279.65
15581.88,71.09,83,0.0,3279.65
15581.88,72.14,83,0.0,3279.65
15581.88,72.62,86,1.2125,3279.65
15581.88,72.62,86,0.0,3279.65
15581.88,71.98,85,0.0,3279.65
15581.88,72.17,85,1.1375,3279.65
15581.88,73.34,84,1.2125,3279.65
15581.88,73.21,75,0.0,3279.65
15581.88,73.45,75,1.2375,3279.65
15581.88,73.73,85,0.0,3279.65
15581.88,74.02,85,0.0,3279.65
15581.88,73.4,85,0.0,3279.65
15581.88,73.4,83,1.225,3279.65
15581.88,73.6,83,0.0,3279.65
15581.88,76.01,82,1.2125,3279.65
15581.88,75.13,79,1.2125,3279.65
15581.88,74.77,79,1.2125,3279.65
15581.88,73.81,83,0.0,3279.65
15581.88,73.97,83,0.0,3279.65
15581.88,71.08,83,2.425,3279.65
15581.88,69.39,76,0.0,3279.65
15581.88,69.39,76,0.0,3279.65
15581.88,69.81,83,1.2125,3279.65
15581.88,69.81,83,0.0,3279.65
15581.88,69.14,86,0.0,3279.65
15581.88,66.63,86,0.0,3279.65
15581.88,67.42,85,1.2125,3279.65
15581.88,67.73,84,0.0,3279.65
15581.88,64.71,84,1.1375,3279.65
15581.88,63.1,72,1.2125,3279.65
15581.88,65.8,72,1.2125,3279.65
15581.88,67.53,84,0.0,3279.65
15581.88,67.97,84,1.2125,3279.65
15581.88,68.51,80,0.0,3279.65
15581.88,68.71,80,0.0,3279.65
15581.88,68.78,82,0.0,3279.65
15581.88,68.98,84,1.2125,3279.65
15581.88,68.82,84,0.0,3279.65
15581.88,68.74,84,0.0,3279.65
15581.88,71.25,84,1.2125,3279.65
15581.88,72.43,85,0.0,3279.65
15581.88,72.05,85,0.0,3279.65
15581.88,72.08,78,1.2125,3279.65
15581.88,70.68,78,1.2125,3279.65
15581.88,70.41,86,0.0,3279.65
15581.88,69.71,86,1.2,3279.65
15581.88,69.63,84,0.0,3279.65
15581.88,69.95,84,0.0,3279.65
15581.88,69.87,82,0.0,3279.65
15581.88,69.99,82,1.225,3279.65
15581.88,70.46,83,0.0,3279.65
15581.88,70.36,83,0.0,3279.65
15581.88,70.08,83,0.0,3279.65
15581.88,68.26,83,2.4125,3279.65
15581.88,66.97,77,0.0,3279.65
15581.88,66.97,77,0.0,3279.65
15581.88,67.24,85,0.0,3279.65
15581.88,66.86,85,1.225,3279.65
15581.88,66.72,85,0.0,3279.65
15581.88,66.56,85,0.0,3279.65
15581.88,66.69,85,0.0,3279.65
15581.88,67.2,85,1.2,3279.65
15581.88,67.28,83,0.0,3279.65
15581.88,67.22,83,1.2125,3279.65
15581.88,69.87,86,1.2125,3279.65
15581.88,70.65,86,0.0,3279.65
15581.88,70.64,85,0.0,3279.65
15581.88,71.04,85,1.2125,3279.65
15581.88,71.17,81,0.0,3279.65
15581.88,71.28,81,1.2125,3279.65
15581.88,68.05,73,0.0,3279.65
15581.88,67.79,73,1.2125,3279.65
15581.88,67.55,90,0.0,3279.65
15581.88,68.0,90,0.0,3279.65
15581.88,68.38,86,1.2125,3279.65
15581.88,68.72,86,0.0,3279.65
15581.88,69.1,79,0.0,3279.65
15581.88,69.28,79,0.0,3279.65
15581.88,69.33,83,1.225,3279.65
15581.88,69.65,83,0.0,3279.65
15581.88,69.9,82,0.0,3279.65
15581.88,72.56,82,0.0,3279.65
15581.88,72.54,83,1.225,3279.65
15581.88,72.9,83,0.0,3279.65
15581.88,72.26,86,0.0,3279.65
15581.88,72.36,86,0.0,3279.65
15581.88,72.66,85,1.2125,3279.65
15581.88,72.66,85,1.225,3279.65
15581.88,72.42,75,0.0,3279.65
15581.88,71.09,75,1.225,3279.65
15581.88,70.69,87,0.0,3279.65
15581.88,71.61,87,0.0,3279.65
15581.88,71.4,84,0.0,3279.65
15581.88,71.17,84,1.2125,3279.65
15581.88,71.45,83,0.0,3279.65
15581.88,71.45,83,0.0,3279.65
15581.88,71.84,85,1.225,3279.65
15581.88,71.67,86,0.0,3279.65
15581.88,71.33,86,0.0,3279.65
15581.88,71.41,85,0.0,3279.65
15581.88,72.35,85,1.225,3279.65
15581.88,71.85,85,0.0,3279.65
15581.88,71.22,85,0.0,3279.65
15581.88,71.83,83,2.4375,3279.65
15581.88,70.47,83,0.0,3279.65
15581.88,69.43,75,0.0,3279.65
15581.88,69.31,85,1.2125,3279.65
15581.88,69.63,85,0.0,3279.65
15581.88,69.79,85,0.0,3279.65
15581.88,69.73,85,1.2125,3279.65
15581.88,69.73,85,2.4375,3279.65
15581.88,70.91,75,0.0,3279.65
15581.88,71.11,75,0.0,3279.65
15581.88,71.17,83,0.0,3279.65
15581.88,73.02,83,1.2125,3279.65
15581.88,73.98,83,0.0,3279.65
15581.88,73.76,84,0.0,3279.65
15581.88,73.59,84,1.2125,3279.65
15581.88,73.53,83,0.0,3279.65
15581.88,73.91,83,0.0,3279.65
15581.88,74.09,85,1.225,3279.65
15581.88,72.18,85,0.0,3279.65
15581.88,72.04,81,1.2125,3279.65
15581.88,71.29,81,1.225,3279.65
15581.88,70.9,80,0.0,3279.65
15581.88,70.73,80,0.0,3279.65
15581.88,70.66,85,0.0,3279.65
15581.88,70.23,85,0.0,3279.65
15581.88,70.21,83,1.225,3279.65
15581.88,70.44,83,0.0,3279.65
15581.88,70.36,86,0.0,3279.65
15581.88,70.38,86,1.225,3279.65
15581.88,70.67,85,0.0,3279.65
15581.88,71.36,85,1.225,3279.65
15581.88,72.34,85,0.0,3279.65
15581.88,72.41,85,1.2125,3279.65
15581.88,72.8,73,0.0,3279.65
15581.88,71.76,73,1.2125,3279.65
15581.88,72.11,87,0.0,3279.65
15581.88,71.6,87,0.0,3279.65
15581.88,71.75,83,1.2125,3279.65
15581.88,72.06,83,0.0,3279.65
15581.88,72.24,84,0.0,3279.65
15581.88,72.42,84,2.4125,3279.65
15581.88,69.69,76,0.0,3279.65
15581.88,68.55,76,1.2125,3279.65
15581.88,68.51,87,0.0,3279.65
15581.88,68.25,87,0.0,3279.65
15581.88,69.26,85,1.2125,3279.65
15581.88,69.44,85,1.2125,3279.65
15581.88,68.67,81,0.0,3279.65
15581.88,66.67,81,0.0,3279.65
15581.88,66.39,81,1.225,3279.65
15581.88,66.61,81,0.0,3279.65
15581.88,66.47,84,0.0,3279.65
15581.88,69.09,84,0.0,3279.65
15581.88,70.0,84,1.1875,3279.65
15581.88,69.78,84,0.0,3279.65
15581.88,69.29,86,0.0,3279.65
15581.88,69.0,86,1.225,3279.65
15581.88,69.11,83,0.0,3279.65
15581.88,70.3,83,0.0,3279.65
15581.88,71.71,85,0.0,3279.65
15581.88,71.46,85,1.2125,3279.65
15581.88,71.1,85,0.0,3279.65
15581.88,71.3,85,0.0,3279.65
15581.88,68.66,85,2.425,3279.65
15581.88,67.44,85,0.0,3279.65
15581.88,67.42,77,0.0,3279.65
15581.88,67.49,77,1.2125,3279.65
15581.88,67.3,84,2.425,3279.65
15581.88,68.22,84,0.0,3279.65
15581.88,67.23,75,1.2125,3279.65
15581.88,66.97,91,0.0,3279.65
15581.88,66.93,91,0.0,3279.65
15581.88,66.9,85,1.2125,3279.65
15581.88,67.33,85,0.0,3279.65
15581.88,69.94,84,0.0,3279.65
15581.88,71.12,86,0.0,3279.65
15581.88,71.14,86,1.225,3279.65
15581.88,71.52,86,1.2125,3279.65
15581.88,69.43,85,1.2,3279.65
15581.88,70.42,76,0.0,3279.65
15581.88,71.07,76,0.0,3279.65
15581.88,71.42,76,0.0,3279.65
15581.88,71.59,85,1.225,3279.65
15581.88,71.75,85,0.0,3279.65
15581.88,72.0,85,0.0,3279.65
15581.88,72.45,85,0.0,3279.65
15581.88,72.78,85,1.2125,3279.65
15581.88,72.72,85,0.0,3279.65
15581.88,72.38,85,0.0,3279.65
15581.88,73.24,85,1.2125,3279.65
15581.88,73.07,85,0.0,3279.65
15581.88,72.63,85,1.2125,3279.65
15581.88,72.98,85,1.225,3279.65
15581.88,72.05,81,0.0,3279.65
15581.88,71.79,81,0.0,3279.65
15581.88,71.57,86,0.0,3279.65
15581.88,71.22,86,0.0,3279.65
15581.88,71.45,84,2.425,3279.65
15581.88,71.65,84,0.0,3279.65
15581.88,71.91,86,0.0,3279.65
15581.88,71.8,86,1.2125,3279.65
15581.88,72.09,85,0.0,3279.65
15581.88,72.16,85,0.0,3279.65
15581.88,70.76,82,0.0,3279.65
15581.88,71.27,82,1.225,3279.65
15581.88,71.24,83,0.0,3279.65
15581.88,71.37,83,0.0,3279.65
15581.88,71.79,85,0.0,3279.65
15581.88,71.12,85,2.4,3279.65
15581.88,68.58,76,0.0,3279.65
15581.88,68.31,76,1.2125,3279.65
15581.88,68.35,87,0.0,3279.65
15581.88,68.24,87,0.0,3279.65
15581.88,68.24,83,0.0,3279.65
15581.88,69.32,83,1.2125,3279.65
15581.88,69.74,85,0.0,3279.65
15581.88,69.93,85,0.0,3279.65
15581.88,69.78,85,1.2125,3279.65
15581.88,69.01,85,0.0,3279.65
15581.88,69.47,85,1.2375,3279.65
15581.88,71.7,85,0.0,3279.65
15581.88,70.71,77,1.2125,3279.65
15581.88,70.96,77,0.0,3279.65
15581.88,71.4,85,1.2125,3279.65
15581.88,71.77,85,0.0,3279.65
15581.88,71.77,85,1.2125,3279.65
15581.88,70.09,79,1.2125,3279.65
15581.88,69.02,79,0.0,3279.65
15581.88,68.91,86,0.0,3279.65
15581.88,69.65,86,0.0,3279.65
15581.88,69.65,85,1.2125,3279.65
15581.88,69.7,85,1.2125,3279.65
15581.88,70.18,83,0.0,3279.65
15581.88,70.64,83,1.2125,3279.65
15581.88,70.35,86,0.0,3279.65
15581.88,70.23,86,0.0,3279.65
15581.88,71.44,85,1.2125,3279.65
15581.88,71.97,85,0.0,3279.65
15581.88,71.87,85,0.0,3279.65
15581.88,71.5,85,0.0,3279.65
15581.88,71.72,84,1.2125,3279.65
15581.88,71.7,84,0.0,3279.65
15581.88,72.23,85,1.2125,3279.65
15581.88,72.61,85,1.2125,3279.65
15581.88,71.68,79,0.0,3279.65
15581.88,71.79,79,0.0,3279.65
15581.88,71.73,85,1.2125,3279.65
15581.88,72.32,85,0.0,3279.65
15581.88,72.9,85,0.0,3279.65
15581.88,72.9,85,1.2125,3279.65
15581.88,71.53,84,0.0,3279.65
15581.88,71.4,84,0.0,3279.65
15581.88,71.4,79,1.2125,3279.65
15581.88,71.26,79,0.0,3279.65
15581.88,72.16,85,0.0,3279.65
15581.88,72.23,85,1.2125,3279.65
15581.88,70.31,86,2.425,3279.65
15581.88,69.5,86,0.0,3279.65
15581.88,69.2,75,1.2125,3279.65
15581.88,68.81,84,0.0,3279.65
15581.88,68.75,84,0.0,3279.65
15581.88,70.1,82,1.225,3279.65
15581.88,70.11,82,1.225,3279.65
15581.88,68.7,77,0.0,3279.65
15581.88,68.33,77,0.0,3279.65
15581.88,68.51,84,1.225,3279.65
15581.88,68.68,84,0.0,3279.65
15581.88,70.71,85,0.0,3279.65
15581.88,71.88,85,0.0,3279.65
15581.88,72.28,86,1.2125,3279.65
15581.88,72.45,86,0.0,3279.65
15581.88,72.41,84,0.0,3279.65
15581.88,71.35,84,1.225,3279.65
15581.88,71.46,84,0.0,3279.65
15581.88,72.67,84,0.0,3279.65
15581.88,73.15,85,0.0,3279.65
15581.88,72.95,85,1.2125,3279.65
15581.88,72.7,86,1.2125,3279.65
15581.88,72.16,86,0.0,3279.65
15581.88,71.79,75,1.2125,3279.65
15581.88,71.74,75,1.2125,3279.65
15581.88,71.7,84,0.0,3279.65
15581.88,71.84,84,1.2125,3279.65
15581.88,72.5,85,0.0,3279.65
15581.88,72.33,85,0.0,3279.65
15581.88,71.56,84,0.0,3279.65
15581.88,71.55,84,1.2125,3279.65
15581.88,71.64,83,0.0,3279.65
15581.88,71.03,83,0.0,3279.65
15581.88,71.17,84,1.225,3279.65
15581.88,71.11,84,0.0,3279.65
15581.88,70.8,85,0.0,3279.65
15581.88,70.65,85,0.0,3279.65
15581.88,70.71,85,2.425,3279.65
15581.88,70.98,79,0.0,3279.65
15581.88,70.29,79,0.0,3279.65
15581.88,70.45,82,1.225,3279.65
15581.88,70.58,82,0.0,3279.65
15581.88,70.25,83,1.1625,3279.65
15581.88,70.75,83,0.0,3279.65
15581.88,71.22,75,0.0,3279.65
15581.88,70.5,75,1.2375,3279.65
15581.88,70.4,84,0.0,3279.65
15581.88,70.26,84,1.25,3279.65
15581.88,69.87,85,1.2125,3279.65
15581.88,70.74,85,0.0,3279.65
15581.88,71.53,84,1.225,3279.65
15581.88,73.4,84,1.225,3279.65
15581.88,72.44,78,0.0,3279.65
15581.88,72.39,78,0.0,3279.65
15581.88,72.51,83,0.0,3279.65
15581.88,73.68,83,0.0,3279.65
15581.88,74.07,85,1.225,3279.65
15581.88,74.48,85,0.0,3279.65
15581.88,74.41,82,0.0,3279.65
15581.88,74.42,82,1.2125,3279.65
15581.88,74.6,83,0.0,3279.65
15581.88,74.48,83,0.0,3279.65
15581.88,72.96,85,1.2125,3279.65
15581.88,73.0,85,0.0,3279.65
15581.88,73.0,85,0.0,3279.65
15581.88,72.78,85,0.0,3279.65
15581.88,72.83,83,2.425,3279.65
15581.88,70.63,83,1.2125,3279.65
15581.88,69.04,78,0.0,3279.65
15581.88,69.31,78,1.2125,3279.65
15581.88,69.91,82,0.0,3279.65
15581.88,69.6,82,0.0,3279.65
15581.88,69.59,84,0.0,3279.65
15581.88,69.48,84,1.225,3279.65
15581.88,69.47,85,0.0,3279.65
15581.88,69.41,85,0.0,3279.65
15581.88,69.35,84,0.0,3279.65
15581.88,68.93,84,0.0,3279.65
15581.88,71.29,84,1.225,3279.65
15581.88,71.48,84,0.0,3279.65
15581.88,71.42,83,0.0,3279.65
15581.88,71.42,83,2.3875,3279.65
15581.88,71.8,86,0.0,3279.65
15581.88,73.12,86,0.0,3279.65
15581.88,72.93,76,1.2125,3279.65
15581.88,72.93,76,0.0,3279.65
15581.88,73.37,85,0.0,3279.65
15581.88,73.53,85,1.2125,3279.65
15581.88,73.8,85,1.2125,3279.65
15581.88,74.05,84,0.0,3279.65
15581.88,73.58,84,0.0,3279.65
15581.88,73.11,84,1.2125,3279.65
15581.88,72.95,85,0.0,3279.65
15581.88,71.2,83,0.0,3279.65
15581.88,71.48,83,1.1875,3279.65
15581.88,71.34,84,0.0,3279.65
15581.88,71.29,84,0.0,3279.65
15581.88,71.43,83,0.0,3279.65
15581.88,71.4,76,1.225,3279.65
15581.88,73.06,76,0.0,3279.65
15581.88,72.59,87,0.0,3279.65
15581.88,72.88,87,1.225,3279.65
15581.88,73.68,85,0.0,3279.65
15581.88,74.18,85,0.0,3279.65
15581.88,74.77,85,0.0,3279.65
15581.88,74.9,85,2.4375,3279.65
15581.88,73.35,75,0.0,3279.65
15581.88,72.99,75,0.0,3279.65
15581.88,72.96,84,1.225,3279.65
15581.88,71.2,84,0.0,3279.65
15581.88,72.05,84,1.2125,3279.65
15581.88,72.26,85,1.2125,3279.65
15581.88,72.28,85,0.0,3279.65
15581.88,71.86,85,0.0,3279.65
15581.88,71.3,85,0.0,3279.65
15581.88,70.75,85,0.0,3279.65
15581.88,70.66,86,1.225,3279.65
15581.88,71.97,86,0.0,3279.65
15581.88,72.21,86,0.0,3279.65
15581.88,72.28,86,0.0,3279.65
15581.88,72.48,85,0.0,3279.65
15581.88,72.08,85,1.225,3279.65
15581.88,71.63,85,1.225,3279.65
15581.88,71.91,85,0.0,3279.65
15581.88,71.64,79,1.225,3279.65
15581.88,72.24,79,0.0,3279.65
15581.88,72.66,85,1.225,3279.65
15581.88,72.72,85,0.0,3279.65
15581.88,72.64,85,0.0,3279.65
15581.88,72.71,85,0.0,3279.65
15581.88,72.85,86,0.0,3279.65
15581.88,72.89,86,1.225,3279.65
15581.88,73.22,83,0.0,3279.65
15581.88,73.3,83,0.0,3279.65
15581.88,72.41,86,0.0,3279.65
15581.88,72.82,86,1.225,3279.65
15581.88,72.67,86,0.0,3279.65
15581.88,72.29,86,0.0,3279.65
15581.88,72.29,85,0.0,3279.65
15581.88,72.77,85,1.225,3279.65
15581.88,73.13,77,1.2125,3279.65
15581.88,71.86,77,1.225,3279.65
15581.88,71.6,87,0.0,3279.65
15581.88,71.21,87,0.0,3279.65
15581.88,71.36,84,0.0,3279.65
15581.88,71.84,84,1.225,3279.65
15581.88,71.89,85,0.0,3279.65
15581.88,72.12,84,0.0,3279.65
15581.88,72.22,84,0.0,3279.65
15581.88,72.03,85,1.225,3279.65
15581.88,71.27,85,0.0,3279.65
15581.88,70.23,84,0.0,3279.65
15581.88,71.39,84,0.0,3279.65
15581.88,71.55,84,1.2125,3279.65
15581.88,71.75,84,0.0,3279.65
15581.88,71.57,85,0.0,3279.65
15581.88,71.06,85,1.225,3279.65
15581.88,71.28,76,1.225,3279.65
15581.88,70.29,76,0.0,3279.65
15581.88,70.4,85,0.0,3279.65
15581.88,70.64,85,1.2125,3279.65
15581.88,71.15,86,0.0,3279.65
15581.88,71.24,86,0.0,3279.65
15581.88,71.29,84,1.2125,3279.65
15581.88,71.07,84,0.0,3279.65
15581.88,70.73,87,0.0,3279.65
15581.88,70.4,87,1.2125,3279.65
15581.88,70.4,85,0.0,3279.65
15581.88,70.66,85,0.0,3279.65
15581.88,70.96,84,0.0,3279.65
15581.88,71.18,84,1.2125,3279.65
15581.88,71.03,84,0.0,3279.65
15581.88,70.85,84,1.2125,3279.65
15581.88,73.2,74,1.2125,3279.65
15581.88,71.78,74,0.0,3279.65
15581.88,72.24,89,0.0,3279.65
15581.88,72.69,89,0.0,3279.65
15581.88,73.18,85,0.0,3279.65
15581.88,73.57,85,1.2125,3279.65
15581.88,73.74,85,0.0,3279.65
15581.88,73.75,85,0.0,3279.65
15581.88,73.72,85,0.0,3279.65
15581.88,73.55,85,1.225,3279.65
15581.88,73.25,86,0.0,3279.65
15581.88,70.85,86,0.0,3279.65
15581.88,72.14,86,1.225,3279.65
15581.88,72.11,86,0.0,3279.65
15581.88,71.97,86,1.225,3279.65
15581.88,71.98,86,0.0,3279.65
15581.88,71.85,84,1.2125,3279.65
15581.88,71.78,84,1.2125,3279.65
15581.88,71.66,79,0.0,3279.65
15581.88,70.68,79,0.0,3279.65
15581.88,71.11,84,1.225,3279.65
15581.88,72.48,84,0.0,3279.65
15581.88,72.52,86,0.0,3279.65
15581.88,72.26,86,0.0,3279.65
15581.88,70.0,85,2.4375,3279.65
15581.88,68.86,85,0.0,3279.65
15581.88,68.85,77,0.0,3279.65
15581.88,68.46,77,0.0,3279.65
15581.88,68.41,85,1.225,3279.65
15581.88,69.72,82,0.0,3279.65
15581.88,69.67,82,1.225,3279.65
15581.88,69.16,82,0.0,3279.65
15581.88,68.8,85,0.0,3279.65
15581.88,68.52,85,0.0,3279.65
15581.88,68.26,85,1.225,3279.65
15581.88,70.17,85,0.0,3279.65
15581.88,71.09,86,0.0,3279.65
15581.88,70.84,86,0.0,3279.65
15581.88,70.76,85,1.2125,3279.65
15581.88,70.69,85,0.0,3279.65
15581.88,70.23,85,1.2125,3279.65
15581.88,67.24,85,1.2125,3279.65
15581.88,66.16,76,0.0,3279.65
15581.88,66.19,91,0.0,3279.65
15581.88,66.78,86,0.0,3279.65
15581.88,67.35,86,2.425,3279.65
15581.88,67.82,80,0.0,3279.65
15581.88,66.89,80,0.0,3279.65
15581.88,67.04,86,1.2125,3279.65
15581.88,67.08,86,0.0,3279.65
15581.88,66.89,86,0.0,3279.65
15581.88,69.52,85,1.2125,3279.65
15581.88,70.66,85,0.0,3279.65
15581.88,71.0,85,0.0,3279.65
15581.88,70.68,86,0.0,3279.65
15581.88,70.29,86,1.2,3279.65
15581.88,70.09,85,0.0,3279.65
15581.88,71.42,85,0.0,3279.65
15581.88,71.76,86,1.2125,3279.65
15581.88,72.18,86,1.2125,3279.65
15581.88,71.14,79,0.0,3279.65
15581.88,71.36,79,1.2,3279.65
15581.88,71.85,82,1.225,3279.65
15581.88,72.13,82,0.0,3279.65
15581.88,71.97,85,0.0,3279.65
15581.88,71.84,85,2.4125,3279.65
15581.88,70.83,79,0.0,3279.65
15581.88,70.89,79,0.0,3279.65
15581.88,71.06,85,1.2125,3279.65
15581.88,71.18,85,0.0,3279.65
15581.88,69.98,82,2.4,3279.65
15581.88,72.51,82,0.0,3279.65
15581.88,72.1,74,0.0,3279.65
15581.88,72.04,74,0.0,3279.65
15581.88,72.03,85,1.225,3279.65
15581.88,72.18,85,0.0,3279.65
15581.88,72.69,82,0.0,3279.65
15581.88,74.11,82,0.0,3279.65
15581.88,74.47,85,0.0,3279.65
15581.88,74.36,85,1.225,3279.65
15581.88,74.02,84,0.0,3279.65
15581.88,74.47,84,1.2125,3279.65
15581.88,74.97,75,1.2125,3279.65
15581.88,73.92,75,0.0,3279.65
15581.88,73.77,90,0.0,3279.65
15581.88,73.86,86,1.2125,3279.65
15581.88,74.07,86,0.0,3279.65
15581.88,73.81,86,0.0,3279.65
15581.88,73.42,86,0.0,3279.65
15581.88,73.44,84,1.2125,3279.65
15581.88,72.94,84,0.0,3279.65
15581.88,72.94,74,1.2125,3279.65
15581.88,71.08,74,1.2,3279.65
15581.88,69.27,89,0.0,3279.65
15581.88,68.92,89,1.2375,3279.65
15581.88,68.64,83,1.2,3279.65
15581.88,68.57,83,0.0,3279.65
15581.88,68.89,84,0.0,3279.65
15581.88,66.2,84,2.4375,3279.65
15581.88,64.83,76,0.0,3279.65
15581.88,65.08,76,0.0,3279.65
15581.88,65.76,85,0.0,3279.65
15581.88,68.23,85,1.2125,3279.65
15581.88,69.5,86,0.0,3279.65
15581.88,69.77,86,1.2125,3279.65
15581.88,72.16,73,1.2125,3279.65
15581.88,70.98,73,0.0,3279.65
15581.88,70.83,88,0.0,3279.65
15581.88,70.48,88,1.225,3279.65
15581.88,73.36,85,0.0,3279.65
15581.88,74.34,85,0.0,3279.65
15581.88,73.88,85,0.0,3279.65
15581.88,73.56,85,0.0,3279.65
15581.88,73.59,86,1.225,3279.65
15581.88,73.64,86,0.0,3279.65
15581.88,72.86,83,0.0,3279.65
15581.88,70.76,83,1.225,3279.65
15581.88,72.08,84,0.0,3279.65
15581.88,71.36,84,0.0,3279.65
15581.88,71.7,82,0.0,3279.65
15581.88,71.69,82,1.2125,3279.65
15581.88,71.7,84,2.425,3279.65
15581.88,72.15,84,0.0,3279.65
15581.88,71.29,78,1.2125,3279.65
15581.88,71.01,78,0.0,3279.65
15581.88,70.67,84,0.0,3279.65
15581.88,71.03,84,0.0,3279.65
15581.88,71.28,84,1.225,3279.65
15581.88,71.34,84,0.0,3279.65
15581.88,71.36,85,0.0,3279.65
15581.88,71.15,85,1.2125,3279.65
15581.88,71.18,84,0.0,3279.65
15581.88,70.74,84,0.0,3279.65
15581.88,71.02,84,0.0,3279.65
15581.88,71.4,84,1.225,3279.65
15581.88,71.87,84,0.0,3279.65
15581.88,72.25,84,1.2,3279.65
15581.88,72.06,85,0.0,3279.65
15581.88,71.92,85,1.2125,3279.65
15581.88,73.64,86,0.0,3279.65
15581.88,73.39,78,1.2125,3279.65
15581.88,73.86,78,0.0,3279.65
15581.88,74.17,84,0.0,3279.65
15581.88,74.14,84,1.2125,3279.65
15581.88,75.33,82,0.0,3279.65
15581.88,75.28,82,0.0,3279.65
15581.88,74.94,83,1.225,3279.65
15581.88,74.67,83,0.0,3279.65
15581.88,74.31,85,0.0,3279.65
15581.88,74.25,82,0.0,3279.65
15581.88,72.37,82,1.2125,3279.65
15581.88,71.85,82,0.0,3279.65
15581.88,71.47,84,0.0,3279.65
15581.88,71.64,84,1.2125,3279.65
15581.88,71.11,85,0.0,3279.65
15581.88,72.87,77,2.425,3279.65
15581.88,71.72,77,0.0,3279.65
15581.88,71.93,87,1.2125,3279.65
15581.88,72.52,87,0.0,3279.65
15581.88,72.61,85,0.0,3279.65
15581.88,72.58,85,1.2125,3279.65
15581.88,73.48,81,0.0,3279.65
15581.88,73.61,81,0.0,3279.65
15581.88,74.29,83,1.2125,3279.65
15581.88,74.5,83,0.0,3279.65
15581.88,73.92,84,0.0,3279.65
15581.88,71.43,84,0.0,3279.65
15581.88,72.58,85,1.2125,3279.65
15581.88,72.59,85,0.0,3279.65
15581.88,72.32,85,0.0,3279.65
15581.88,71.53,85,0.0,3279.65
15581.88,71.86,83,1.225,3279.65
15581.88,69.81,83,1.2125,3279.65
15581.88,68.51,78,0.0,3279.65
15581.88,68.17,78,0.0,3279.65
15581.88,67.98,84,1.225,3279.65
15581.88,67.93,84,1.2125,3279.65
15581.88,68.63,82,0.0,3279.65
15581.88,68.85,82,0.0,3279.65
15581.88,68.72,84,0.0,3279.65
15581.88,68.34,84,1.2125,3279.65
15581.88,69.63,75,1.225,3279.65
15581.88,68.62,75,0.0,3279.65
15581.88,70.46,86,0.0,3279.65
15581.88,72.13,86,1.2125,3279.65
15581.88,72.06,85,1.2125,3279.65
15581.88,73.0,85,0.0,3279.65
15581.88,72.43,79,1.2125,3279.65
15581.88,71.94,79,0.0,3279.65
15581.88,71.64,85,0.0,3279.65
15581.88,71.82,85,0.0,3279.65
15581.88,72.51,84,1.225,3279.65
15581.88,72.03,84,1.2125,3279.65
15581.88,73.96,80,0.0,3279.65
15581.88,73.14,80,1.2125,3279.65
15581.88,72.7,84,1.2125,3279.65
15581.88,70.14,84,0.0,3279.65
15581.88,68.03,75,0.0,3279.65
15581.88,68.99,75,1.2125,3279.65
15581.88,69.4,85,0.0,3279.65
15581.88,69.97,85,0.0,3279.65
15581.88,70.06,84,1.2125,3279.65
15581.88,69.61,83,0.0,3279.65
15581.88,69.5,83,0.0,3279.65
15581.88,68.69,84,1.2125,3279.65
15581.88,68.69,84,0.0,3279.65
15581.88,68.91,86,0.0,3279.65
15581.88,71.16,86,0.0,3279.65
15581.88,72.7,82,1.2,3279.65
15581.88,72.9,82,1.2125,3279.65
15581.88,72.65,84,0.0,3279.65
15581.88,72.46,84,0.0,3279.65
15581.88,71.5,81,2.425,3279.65
15581.88,71.8,81,0.0,3279.65
15581.88,71.64,80,1.2125,3279.65
15581.88,71.48,80,0.0,3279.65
15581.88,71.83,82,0.0,3279.65
15581.88,71.99,82,0.0,3279.65
15581.88,72.12,83,0.0,3279.65
15581.88,71.71,83,1.225,3279.65
15581.88,71.76,85,0.0,3279.65
15581.88,71.59,85,0.0,3279.65
15581.88,71.54,85,1.2125,3279.65
15581.88,72.87,85,0.0,3279.65
15581.88,72.08,81,0.0,3279.65
15581.88,72.32,81,0.0,3279.65
15581.88,72.68,84,1.2125,3279.65
15581.88,72.02,84,0.0,3279.65
15581.88,71.99,84,0.0,3279.65
15581.88,72.18,84,2.4375,3279.65
15581.88,69.44,74,0.0,3279.65
15581.88,68.09,74,0.0,3279.65
15581.88,68.27,86,0.0,3279.65
15581.88,68.44,86,2.425,3279.65
15581.88,68.33,86,1.225,3279.65
15581.88,68.99,86,0.0,3279.65
15581.88,70.46,80,0.0,3279.65
15581.88,69.53,80,0.0,3279.65
15581.88,70.14,82,2.425,3279.65
15581.88,67.84,82,0.0,3279.65
15581.88,66.89,80,0.0,3279.65
15581.88,69.79,80,1.2125,3279.65
15581.88,70.91,84,0.0,3279.65
15581.88,70.33,84,0.0,3279.65
15581.88,70.33,85,1.2125,3279.65
15581.88,70.78,85,0.0,3279.65
15581.88,70.67,83,0.0,3279.65
15581.88,69.45,83,0.0,3279.65
15581.88,69.97,83,1.225,3279.65
15581.88,69.49,84,0.0,3279.65
15581.88,71.98,84,0.0,3279.65
15581.88,73.0,85,1.225,3279.65
15581.88,75.11,85,0.0,3279.65
15581.88,74.11,79,1.225,3279.65
15581.88,74.33,79,0.0,3279.65
15581.88,74.33,85,0.0,3279.65
15581.88,73.49,85,0.0,3279.65
15581.88,73.45,85,1.225,3279.65
15581.88,73.85,85,0.0,3279.65
15581.88,73.57,84,1.2125,3279.65
15581.88,73.56,84,0.0,3279.65
15581.88,73.35,84,1.2125,3279.65
15581.88,70.31,84,0.0,3279.65
15581.88,71.57,83,0.0,3279.65
15581.88,71.57,83,1.225,3279.65
15581.88,71.67,86,0.0,3279.65
15581.88,71.43,86,0.0,3279.65
15581.88,72.22,82,0.0,3279.65
15581.88,72.45,82,2.4375,3279.65
15581.88,71.64,86,0.0,3279.65
15581.88,72.09,86,0.0,3279.65
15581.88,71.62,76,1.2125,3279.65
15581.88,72.05,76,0.0,3279.65
15581.88,73.11,81,0.0,3279.65
15581.88,73.02,85,1.2125,3279.65
15581.88,72.97,85,0.0,3279.65
15581.88,73.51,85,0.0,3279.65
15581.88,72.94,85,1.2125,3279.65
15581.88,72.77,85,0.0,3279.65
15581.88,72.43,86,0.0,3279.65
15581.88,72.83,86,0.0,3279.65
15581.88,72.27,86,1.225,3279.65
15581.88,72.48,83,0.0,3279.65
15581.88,69.98,83,2.4125,3279.65
15581.88,68.85,73,0.0,3279.65
15581.88,68.73,73,0.0,3279.65
15581.88,68.39,84,1.2125,3279.65
15581.88,67.91,84,0.0,3279.65
15581.88,67.6,84,0.0,3279.65
15581.88,67.49,84,1.225,3279.65
15581.88,68.06,85,0.0,3279.65
15581.88,68.14,85,0.0,3279.65
15581.88,68.56,86,0.0,3279.65
15581.88,68.23,86,2.425,3279.65
15581.88,70.26,83,0.0,3279.65
15581.88,70.68,84,0.0,3279.65
15581.88,70.65,84,0.0,3279.65
15581.88,70.68,86,1.2125,3279.65
15581.88,71.44,86,0.0,3279.65
15581.88,71.44,78,2.425,3279.65
15581.88,69.47,78,0.0,3279.65
15581.88,69.12,84,0.0,3279.65
15581.88,68.78,84,1.2125,3279.65
15581.88,69.33,86,0.0,3279.65
15581.88,70.07,86,0.0,3279.65
15581.88,69.84,82,1.2125,3279.65
15581.88,70.55,82,0.0,3279.65
15581.88,70.78,86,0.0,3279.65
15581.88,70.92,86,0.0,3279.65
15581.88,70.58,83,1.2125,3279.65
15581.88,72.47,83,0.0,3279.65
15581.88,71.95,85,0.0,3279.65
15581.88,72.53,85,0.0,3279.65
15581.88,72.42,84,1.225,3279.65
15581.88,72.25,84,0.0,3279.65
15581.88,72.87,82,0.0,3279.65
15581.88,72.82,82,2.3125,3279.65
15581.88,70.82,74,0.0,3279.65
15581.88,69.79,74,0.0,3279.65
15581.88,70.17,88,0.0,3279.65
15581.88,70.21,88,2.425,3279.65
15581.88,70.54,86,0.0,3279.65
15581.88,70.78,86,0.0,3279.65
15581.88,70.98,80,0.0,3279.65
15581.88,70.98,80,1.2125,3279.65
15581.88,71.27,85,0.0,3279.65
15581.88,70.86,85,0.0,3279.65
15581.88,70.47,85,1.2125,3279.65
15581.88,71.77,85,0.0,3279.65
15581.88,72.52,84,0.0,3279.65
15581.88,72.74,84,0.0,3279.65
15581.88,72.67,83,1.2125,3279.65
15581.88,72.44,83,0.0,3279.65
15581.88,72.18,84,2.425,3279.65
15581.88,68.72,84,1.2125,3279.65
15581.88,67.33,78,0.0,3279.65
15581.88,66.82,78,0.0,3279.65
15581.88,67.43,83,0.0,3279.65
15581.88,67.91,83,1.2125,3279.65
15581.88,68.44,84,0.0,3279.65
15581.88,68.56,84,1.2125,3279.65
15581.88,68.4,83,0.0,3279.65
15581.88,68.32,83,0.0,3279.65
15581.88,68.12,83,1.2125,3279.65
15581.88,68.38,83,0.0,3279.65
15581.88,71.33,83,0.0,3279.65
15581.88,72.53,83,0.0,3279.65
15581.88,72.59,83,1.2125,3279.65
15581.88,71.49,83,0.0,3279.65
15581.88,71.31,82,0.0,3279.65
15581.88,71.65,82,2.425,3279.65
15581.88,71.65,84,0.0,3279.65
15581.88,72.09,77,0.0,3279.65
15581.88,71.52,77,0.0,3279.65
15581.88,71.64,83,0.0,3279.65
15581.88,72.07,83,2.425,3279.65
15581.88,70.16,74,0.0,3279.65
15581.88,70.07,74,0.0,3279.65
15581.88,69.91,85,1.2125,3279.65
15581.88,70.59,85,0.0,3279.65
15581.88,70.86,82,1.225,3279.65
15581.88,70.95,77,2.3625,3279.65
15581.88,70.83,77,0.0,3279.65
15581.88,70.65,85,0.0,3279.65
15581.88,70.63,85,1.2125,3279.65
15581.88,70.68,85,0.0,3279.65
15581.88,72.94,84,0.0,3279.65
15581.88,73.01,84,0.0,3279.65
15581.88,72.9,84,1.2125,3279.65
15581.88,72.86,84,0.0,3279.65
15581.88,72.9,84,0.0,3279.65
15581.88,72.43,87,1.2125,3279.65
15581.88,71.58,87,0.0,3279.65
15581.88,72.42,82,0.0,3279.65
15581.88,72.81,82,0.0,3279.65
15581.88,72.77,86,1.2125,3279.65
15581.88,72.6,86,0.0,3279.65
15581.88,72.88,82,1.175,3279.65
15581.88,74.0,82,1.175,3279.65
15581.88,73.25,73,0.0,3279.65
15581.88,73.2,73,1.2375,3279.65
15581.88,73.23,85,0.0,3279.65
15581.88,73.62,85,2.425,3279.65
15581.88,75.34,74,0.0,3279.65
15581.88,74.54,74,0.0,3279.65
15581.88,74.46,87,0.0,3279.65
15581.88,74.48,87,1.25,3279.65
15581.88,74.58,84,0.0,3279.65
15581.88,74.02,84,0.0,3279.65
15581.88,72.82,84,0.0,3279.65
15581.88,73.67,84,1.2375,3279.65
15581.88,73.44,86,0.0,3279.65
15581.88,70.57,86,1.25,3279.65
15581.88,69.08,78,0.0,3279.65
15581.88,67.33,78,1.2375,3279.65
15581.88,67.85,84,0.0,3279.65
15581.88,67.48,84,0.0,3279.65
15581.88,67.61,83,1.2375,3279.65
15581.88,67.87,83,0.0,3279.65
15581.88,68.25,84,0.0,3279.65
15581.88,68.47,84,1.2375,3279.65
15581.88,67.6,83,0.0,3279.65
15581.88,67.79,83,0.0,3279.65
15581.88,70.3,83,0.0,3279.65
15581.88,71.08,83,1.25,3279.65
15581.88,71.7,82,0.0,3279.65
15581.88,72.06,82,0.0,3279.65
15581.88,72.55,85,1.25,3279.65
15581.88,72.43,85,0.0,3279.65
15581.88,70.7,85,2.4875,3279.65
15581.88,69.2,80,1.2375,3279.65
15581.88,68.86,84,0.0,3279.65
15581.88,69.68,84,0.0,3279.65
15581.88,69.42,85,1.2375,3279.65
15581.88,69.82,85,0.0,3279.65
15581.88,70.6,85,0.0,3279.65
15581.88,70.43,83,2.4875,3279.65
15581.88,70.43,76,0.0,3279.65
15581.88,71.18,76,0.0,3279.65
15581.88,71.18,85,1.25,3279.65
15581.88,72.88,85,0.0,3279.65
15581.88,74.41,83,0.0,3279.65
15581.88,74.41,83,1.25,3279.65
15581.88,75.28,83,0.0,3279.65
15581.88,75.55,83,0.0,3279.65
15581.88,75.52,85,1.2375,3279.65
15581.88,75.4,85,1.25,3279.65
15581.88,74.49,76,0.0,3279.65
15581.88,73.36,76,0.0,3279.65
15581.88,74.08,83,1.225,3279.65
15581.88,74.11,83,1.2125,3279.65
15581.88,70.89,76,0.0,3279.65
15581.88,69.79,76,0.0,3279.65
15581.88,69.63,92,1.2125,3279.65
15581.88,69.52,92,0.0,3279.65
15581.88,69.39,84,0.0,3279.65
15581.88,69.08,84,1.175,3279.65
15581.88,68.64,85,0.0,3279.65
15581.88,69.32,85,0.0,3279.65
15581.88,69.14,85,2.425,3279.65
15581.88,68.61,85,0.0,3279.65
15581.88,68.1,78,0.0,3279.65
15581.88,70.89,78,1.2125,3279.65
15581.88,71.89,84,0.0,3279.65
15581.88,71.82,84,0.0,3279.65
15581.88,71.93,81,0.0,3279.65
15581.88,72.2,81,1.2125,3279.65
15581.88,72.55,85,0.0,3279.65
15581.88,72.84,85,0.0,3279.65
15581.88,73.11,83,1.2125,3279.65
15581.88,72.55,83,0.0,3279.65
15581.88,72.71,83,0.0,3279.65
15581.88,72.97,83,1.2125,3279.65
15581.88,72.93,85,0.0,3279.65
15581.88,72.66,85,0.0,3279.65
15581.88,73.64,81,0.0,3279.65
15581.88,73.2,81,2.4125,3279.65
15581.88,73.0,84,0.0,3279.65
15581.88,75.02,75,1.2125,3279.65
15581.88,74.17,75,1.225,3279.65
15581.88,74.02,84,0.0,3279.65
15581.88,73.98,84,0.0,3279.65
15581.88,74.42,84,0.0,3279.65
15581.88,74.42,84,1.2125,3279.65
15581.88,74.95,84,0.0,3279.65
15581.88,74.71,84,0.0,3279.65
15581.88,74.72,84,1.2125,3279.65
15581.88,74.44,84,0.0,3279.65
15581.88,71.72,83,0.0,3279.65
15581.88,72.52,83,1.2125,3279.65
15581.88,72.59,83,0.0,3279.65
15581.88,72.59,83,0.0,3279.65
15581.88,72.52,84,0.0,3279.65
15581.88,70.11,84,2.425,3279.65
15581.88,70.11,80,0.0,3279.65
15581.88,68.65,80,1.2125,3279.65
15581.88,68.04,82,0.0,3279.65
15581.88,68.33,82,1.225,3279.65
15581.88,67.62,84,0.0,3279.65
15581.88,67.62,84,1.2125,3279.65
15581.88,67.44,76,0.0,3279.65
15581.88,67.78,76,0.0,3279.65
15581.88,68.08,85,1.2125,3279.65
15581.88,68.55,85,0.0,3279.65
15581.88,68.32,85,0.0,3279.65
15581.88,70.03,85,0.0,3279.65
15581.88,71.28,82,1.2125,3279.65
15581.88,71.24,82,1.2125,3279.65
15581.88,70.77,85,0.0,3279.65
15581.88,71.09,77,1.2125,3279.65
15581.88,71.45,77,0.0,3279.65
15581.88,71.77,85,1.2125,3279.65
15581.88,71.55,85,0.0,3279.65
15581.88,71.21,85,1.2125,3279.65
15581.88,70.44,85,1.15,3279.65
15581.88,70.44,78,0.0,3279.65
15581.88,67.35,78,1.2375,3279.65
15581.88,67.12,84,0.0,3279.65
15581.88,67.37,84,0.0,3279.65
15581.88,66.48,84,0.0,3279.65
15581.88,67.0,84,1.2125,3279.65
15581.88,67.27,83,0.0,3279.65
15581.88,67.51,83,1.2125,3279.65
15581.88,67.75,85,0.0,3279.65
15581.88,67.79,85,0.0,3279.65
15581.88,67.89,85,1.2125,3279.65
15581.88,71.52,78,1.2125,3279.65
15581.88,72.04,78,0.0,3279.65
15581.88,72.21,78,0.0,3279.65
15581.88,72.58,83,0.0,3279.65
15581.88,72.73,83,0.0,3279.65
15581.88,72.33,84,3.6625,3279.65
15581.88,72.33,84,0.0,3279.65
15581.88,71.11,79,0.0,3279.65
15581.88,71.47,79,1.2125,3279.65
15581.88,71.45,84,0.0,3279.65
15581.88,70.01,84,0.0,3279.65
15581.88,70.37,84,1.2125,3279.65
15581.88,70.45,85,0.0,3279.65
15581.88,71.03,85,0.0,3279.65
15581.88,71.26,85,1.2125,3279.65
15581.88,71.63,85,0.0,3279.65
15581.88,71.26,83,0.0,3279.65
15581.88,71.84,83,1.225,3279.65
15581.88,71.89,83,0.0,3279.65
15581.88,71.83,83,0.0,3279.65
15581.88,72.15,85,0.0,3279.65
15581.88,72.55,85,1.225,3279.65
15581.88,73.09,86,1.2125,3279.65
15581.88,72.17,86,0.0,3279.65
15581.88,71.15,78,0.0,3279.65
15581.88,71.21,78,1.2125,3279.65
15581.88,71.05,83,0.0,3279.65
15581.88,71.65,83,0.0,3279.65
15581.88,71.99,84,1.2125,3279.65
15581.88,71.78,84,0.0,3279.65
15581.88,71.2,83,0.0,3279.65
15581.88,71.08,83,0.0,3279.65
15581.88,70.99,84,1.225,3279.65
15581.88,70.36,84,0.0,3279.65
15581.88,70.56,83,0.0,3279.65
15581.88,71.51,83,0.0,3279.65
15581.88,71.34,83,1.2125,3279.65
15581.88,71.5,83,0.0,3279.65
15581.88,71.22,84,1.2125,3279.65
15581.88,70.97,84,1.2125,3279.65
15581.88,70.57,78,0.0,3279.65
15581.88,70.27,78,0.0,3279.65
15581.88,70.08,85,0.0,3279.65
15581.88,69.97,85,1.2125,3279.65
15581.88,70.25,85,0.0,3279.65
15581.88,70.86,86,0.0,3279.65
15581.88,70.46,86,1.225,3279.65
15581.88,70.27,84,1.2125,3279.65
15581.88,70.15,84,0.0,3279.65
15581.88,70.49,84,1.2125,3279.65
15581.88,70.15,84,0.0,3279.65
15581.88,70.24,85,0.0,3279.65
15581.88,70.63,85,0.0,3279.65
15581.88,70.64,85,1.2125,3279.65
15581.88,70.67,85,0.0,3279.65
15581.88,70.92,85,1.2125,3279.65
15581.88,70.98,85,0.0,3279.65
15581.88,71.88,76,1.225,3279.65
15581.88,71.17,76,0.0,3279.65
15581.88,70.81,84,0.0,3279.65
15581.88,71.17,84,0.0,3279.65
15581.88,71.96,84,0.0,3279.65
15581.88,72.53,84,1.1875,3279.65
15581.88,72.93,87,0.0,3279.65
15581.88,73.11,87,0.0,3279.65
15581.88,72.64,86,1.225,3279.65
15581.88,72.69,86,0.0,3279.65
15581.88,71.65,82,0.0,3279.65
15581.88,72.42,82,1.225,3279.65
15581.88,72.48,84,0.0,3279.65
15581.88,72.66,84,1.2,3279.65
15581.88,72.33,85,0.0,3279.65
15581.88,72.0,85,1.2125,3279.65
15581.88,69.46,79,1.2125,3279.65
15581.88,67.5,79,0.0,3279.65
15581.88,67.34,81,0.0,3279.65
15581.88,67.87,81,1.2125,3279.65
15581.88,68.16,84,0.0,3279.65
15581.88,68.68,84,0.0,3279.65
15581.88,68.44,84,1.2125,3279.65
15581.88,68.31,84,0.0,3279.65
15581.88,65.53,85,1.2125,3279.65
15581.88,64.5,85,0.0,3279.65
15581.88,66.59,75,1.2125,3279.65
15581.88,68.14,85,0.0,3279.65
15581.88,67.98,85,1.2125,3279.65
15581.88,68.21,83,0.0,3279.65
15581.88,68.3,83,1.2125,3279.65
15581.88,65.41,77,1.2125,3279.65
15581.88,64.58,77,0.0,3279.65
15581.88,64.84,77,1.2125,3279.65
15581.88,65.06,88,0.0,3279.65
15581.88,68.28,85,0.0,3279.65
15581.88,69.5,85,1.2125,3279.65
15581.88,69.8,84,1.2125,3279.65
15581.88,70.8,84,0.0,3279.65
15581.88,70.32,76,1.2125,3279.65
15581.88,69.52,76,0.0,3279.65
15581.88,69.11,83,0.0,3279.65
15581.88,72.17,83,0.0,3279.65
15581.88,73.34,83,1.2125,3279.65
15581.88,73.09,83,0.0,3279.65
15581.88,72.97,83,0.0,3279.65
15581.88,72.44,83,1.2125,3279.65
15581.88,72.01,84,0.0,3279.65
15581.88,71.3,84,0.0,3279.65
15581.88,70.15,85,2.425,3279.65
15581.88,67.84,85,0.0,3279.65
15581.88,67.22,79,0.0,3279.65
15581.88,67.28,79,0.0,3279.65
15581.88,66.88,83,1.2,3279.65
15581.88,66.42,83,0.0,3279.65
15581.88,66.39,85,0.0,3279.65
15581.88,66.56,85,1.2125,3279.65
15581.88,68.24,76,1.2125,3279.65
15581.88,67.74,76,1.2125,3279.65
15581.88,68.19,87,0.0,3279.65
15581.88,68.31,87,0.0,3279.65
15581.88,71.37,82,1.2,3279.65
15581.88,72.51,82,0.0,3279.65
15581.88,72.76,85,1.2125,3279.65
15581.88,73.09,85,0.0,3279.65
15581.88,73.34,83,0.0,3279.65
15581.88,72.75,83,0.0,3279.65
15581.88,72.75,84,0.0,3279.65
15581.88,71.1,84,1.225,3279.65
15581.88,71.86,86,1.175,3279.65
15581.88,72.15,86,0.0,3279.65
15581.88,70.89,74,1.2125,3279.65
15581.88,70.89,88,0.0,3279.65
15581.88,70.51,88,1.15,3279.65
15581.88,68.3,77,1.2,3279.65
15581.88,67.12,77,0.0,3279.65
15581.88,67.07,79,0.0,3279.65
15581.88,66.79,79,1.225,3279.65
15581.88,67.46,79,1.225,3279.65
15581.88,69.21,82,0.0,3279.65
15581.88,68.54,75,1.2125,3279.65
15581.88,68.62,85,0.0,3279.65
15581.88,69.95,85,0.0,3279.65
15581.88,70.24,85,1.225,3279.65
15581.88,72.42,84,0.0,3279.65
15581.88,73.36,85,0.0,3279.65
15581.88,73.42,85,1.175,3279.65
15581.88,73.79,85,0.0,3279.65
15581.88,73.93,79,1.225,3279.65
15581.88,72.69,85,0.0,3279.65
15667.88,74.97,85,1.2125,3279.65
15667.88,74.3,85,0.0,3279.65
15667.88,73.78,82,1.225,3279.65
15667.88,73.4,82,1.225,3279.65
15667.88,73.46,84,0.0,3279.65
15667.88,73.27,84,1.2125,3279.65
15667.88,73.6,80,0.0,3279.65
15667.88,73.96,86,0.0,3279.65
15667.88,73.53,86,0.0,3279.65
15667.88,73.17,83,1.2125,3279.65
15667.88,73.05,83,0.0,3279.65
15667.88,70.84,85,0.0,3279.65
15667.88,70.85,85,1.2125,3279.65
15667.88,71.25,85,0.0,3279.65
15667.88,71.56,85,0.0,3279.65
15667.88,71.68,87,0.0,3279.65
15667.88,71.94,87,1.225,3279.65
15667.88,71.75,86,1.225,3279.65
15667.88,73.62,86,0.0,3279.65
15667.88,73.86,77,0.0,3279.65
15667.88,74.18,77,1.2125,3279.65
15667.88,74.41,85,0.0,3279.65
15667.88,75.07,85,1.2125,3279.65
15667.88,75.12,75,1.2125,3279.65
15667.88,73.81,75,0.0,3279.65
15667.88,73.34,87,0.0,3279.65
15667.88,72.84,87,0.0,3279.65
15667.88,72.89,84,1.225,3279.65
15667.88,73.19,84,2.4125,3279.65
15667.88,70.04,80,0.0,3279.65
15667.88,68.99,80,1.2125,3279.65
15667.88,68.74,80,0.0,3279.65
15667.88,68.65,80,0.0,3279.65
15667.88,68.7,84,0.0,3279.65
15667.88,69.15,84,1.225,3279.65
15667.88,70.56,86,1.225,3279.65
15667.88,69.94,86,0.0,3279.65
15667.88,70.12,81,0.0,3279.65
15667.88,70.04,81,0.0,3279.65
15667.88,70.01,86,0.0,3279.65
15667.88,71.35,86,1.225,3279.65
15667.88,72.96,86,0.0,3279.65
15667.88,73.13,86,0.0,3279.65
15667.88,73.05,85,0.0,3279.65
15667.88,72.92,86,1.2125,3279.65
15667.88,72.97,86,0.0,3279.65
15667.88,72.69,85,0.0,3279.65
15667.88,73.61,85,1.2125,3279.65
15667.88,73.17,83,0.0,3279.65
15667.88,72.8,83,0.0,3279.65
15667.88,72.51,83,1.2125,3279.65
15667.88,69.48,83,1.225,3279.65
15667.88,69.48,76,0.0,3279.65
15667.88,68.72,76,0.0,3279.65
15667.88,68.24,85,1.225,3279.65
15667.88,68.12,85,0.0,3279.65
15667.88,68.36,87,1.2,3279.65
15667.88,69.06,87,0.0,3279.65
15667.88,68.33,83,1.225,3279.65
15667.88,68.39,83,0.0,3279.65
15667.88,68.55,86,0.0,3279.65
15667.88,68.61,86,0.0,3279.65
15667.88,71.62,86,1.2125,3279.65
15667.88,72.25,86,1.2125,3279.65
15667.88,69.65,76,0.0,3279.65
15667.88,68.32,76,0.0,3279.65
15667.88,68.02,87,0.0,3279.65
15667.88,68.24,87,1.225,3279.65
15667.88,67.85,84,0.0,3279.65
15667.88,69.34,84,0.0,3279.65
15667.88,69.59,85,0.0,3279.65
15667.88,69.67,85,1.225,3279.65
15667.88,69.2,83,0.0,3279.65
15667.88,68.98,83,0.0,3279.65
15667.88,68.87,82,0.0,3279.65
15667.88,71.22,82,1.2125,3279.65
15667.88,72.25,84,0.0,3279.65
15667.88,72.11,84,0.0,3279.65
15667.88,71.84,84,0.0,3279.65
15667.88,71.91,84,1.225,3279.65
15667.88,69.17,85,1.225,3279.65
15667.88,67.9,85,1.225,3279.65
15667.88,68.04,79,0.0,3279.65
15667.88,68.25,79,0.0,3279.65
15667.88,68.03,85,1.225,3279.65
15667.88,68.03,85,0.0,3279.65
15667.88,68.55,84,1.2125,3279.65
15667.88,70.28,84,0.0,3279.65
15667.88,70.54,77,0.0,3279.65
15667.88,70.05,77,0.0,3279.65
15667.88,69.76,82,1.2125,3279.65
15667.88,72.66,82,0.0,3279.65
15667.88,73.72,84,1.225,3279.65
15667.88,73.37,84,0.0,3279.65
15667.88,72.68,77,1.2125,3279.65
15667.88,73.1,84,0.0,3279.65
15667.88,73.34,84,0.0,3279.65
15667.88,72.29,85,0.0,3279.65
15667.88,72.78,85,1.1875,3279.65
15667.88,72.85,86,0.0,3279.65
15667.88,73.25,86,0.0,3279.65
15667.88,73.38,85,2.4375,3279.65
15667.88,72.59,85,0.0,3279.65
15667.88,72.18,84,0.0,3279.65
15667.88,72.07,84,1.2125,3279.65
15667.88,72.28,85,0.0,3279.65
15667.88,72.45,85,0.0,3279.65
15667.88,72.46,84,1.2125,3279.65
15667.88,72.25,84,1.1875,3279.65
15667.88,72.18,84,0.0,3279.65
15667.88,70.97,84,0.0,3279.65
15667.88,70.74,77,0.0,3279.65
15667.88,70.91,77,1.225,3279.65
15667.88,71.55,85,0.0,3279.65
15667.88,72.11,85,0.0,3279.65
15667.88,72.74,86,1.2,3279.65
15667.88,74.05,86,1.2125,3279.65
15667.88,72.45,78,0.0,3279.65
15667.88,72.07,86,0.0,3279.65
15667.88,71.76,86,0.0,3279.65
15667.88,71.98,84,2.4125,3279.65
15667.88,73.18,84,0.0,3279.65
15667.88,72.9,83,0.0,3279.65
15667.88,72.68,83,1.2125,3279.65
15667.88,72.74,86,0.0,3279.65
15667.88,72.6,86,0.0,3279.65
15667.88,71.03,85,0.0,3279.65
15667.88,71.82,85,1.2125,3279.65
15667.88,71.82,86,0.0,3279.65
15667.88,72.11,86,0.0,3279.65
15667.88,71.94,86,0.0,3279.65
15667.88,71.95,86,1.2125,3279.65
15667.88,72.46,86,1.2125,3279.65
15667.88,72.0,86,0.0,3279.65
15667.88,71.46,76,1.2125,3279.65
15667.88,71.06,76,0.0,3279.65
15667.88,71.16,84,0.0,3279.65
15667.88,71.44,84,0.0,3279.65
15667.88,71.97,85,2.4125,3279.65
15667.88,69.61,85,0.0,3279.65
15667.88,68.26,78,1.2125,3279.65
15667.88,67.95,78,1.2125,3279.65
15667.88,67.55,85,0.0,3279.65
15667.88,67.15,85,1.2125,3279.65
15667.88,67.11,83,0.0,3279.65
15667.88,66.41,83,1.2125,3279.65
15667.88,66.58,78,0.0,3279.65
15667.88,66.25,78,0.0,3279.65
15667.88,66.29,84,1.2125,3279.65
15667.88,66.14,84,0.0,3279.65
15667.88,68.61,85,0.0,3279.65
15667.88,69.96,85,1.2125,3279.65
15667.88,70.19,84,1.2125,3279.65
15667.88,69.82,84,0.0,3279.65
15667.88,70.33,81,0.0,3279.65
15667.88,71.18,81,1.2125,3279.65
15667.88,71.18,85,0.0,3279.65
15667.88,72.19,85,0.0,3279.65
15667.88,72.5,84,1.2125,3279.65
15667.88,72.69,84,0.0,3279.65
15667.88,72.3,86,0.0,3279.65
15667.88,72.3,86,0.0,3279.65
15667.88,72.27,84,1.2125,3279.65
15667.88,71.83,84,0.0,3279.65
15667.88,72.73,84,0.0,3279.65
15667.88,72.95,84,2.4375,3279.65
15667.88,73.15,84,0.0,3279.65
15667.88,72.81,84,0.0,3279.65
15667.88,72.5,85,1.2125,3279.65
15667.88,73.46,85,1.2125,3279.65
15667.88,72.61,77,0.0,3279.65
15667.88,73.31,88,0.0,3279.65
15667.88,73.39,88,1.225,3279.65
15667.88,73.53,85,0.0,3279.65
15667.88,74.09,85,0.0,3279.65
15667.88,73.75,85,1.225,3279.65
15667.88,75.39,85,0.0,3279.65
15667.88,73.79,81,1.225,3279.65
15667.88,73.82,81,0.0,3279.65
15667.88,74.06,86,0.0,3279.65
15667.88,73.15,86,0.0,3279.65
15667.88,73.83,83,1.2125,3279.65
15667.88,73.9,83,0.0,3279.65
15667.88,73.69,83,0.0,3279.65
15667.88,73.94,82,1.2125,3279.65
15667.88,73.85,82,1.2125,3279.65
15667.88,70.62,73,0.0,3279.65
15667.88,67.4,73,1.225,3279.65
15667.88,69.13,86,0.0,3279.65
15667.88,69.43,86,0.0,3279.65
15667.88,69.58,84,0.0,3279.65
15667.88,69.26,84,1.2125,3279.65
15667.88,69.41,85,0.0,3279.65
15667.88,69.07,85,0.0,3279.65
15667.88,68.49,83,1.2125,3279.65
15667.88,69.47,83,1.225,3279.65
15667.88,72.12,76,0.0,3279.65
15667.88,73.38,76,1.225,3279.65
15667.88,73.06,87,0.0,3279.65
15667.88,72.78,87,0.0,3279.65
15667.88,72.4,87,1.225,3279.65
15667.88,72.36,87,0.0,3279.65
15667.88,72.28,83,0.0,3279.65
15667.88,72.51,83,0.0,3279.65
15667.88,72.84,84,1.2125,3279.65
15667.88,73.03,84,0.0,3279.65
15667.88,71.85,85,0.0,3279.65
15667.88,72.14,85,0.0,3279.65
15667.88,72.26,85,1.2125,3279.65
15667.88,71.87,85,0.0,3279.65
15667.88,71.77,84,0.0,3279.65
15667.88,71.51,84,1.2125,3279.65
15667.88,71.12,75,1.2125,3279.65
15667.88,70.99,75,0.0,3279.65
15667.88,70.59,82,0.0,3279.65
15667.88,70.34,82,1.2125,3279.65
15667.88,70.28,84,0.0,3279.65
15667.88,70.19,84,1.2125,3279.65
15667.88,71.6,80,1.2125,3279.65
15667.88,72.27,80,0.0,3279.65
15667.88,72.27,84,1.225,3279.65
15667.88,72.75,84,0.0,3279.65
15667.88,73.14,85,0.0,3279.65
15667.88,73.58,85,0.0,3279.65
15667.88,73.74,85,1.225,3279.65
15667.88,73.55,85,0.0,3279.65
15667.88,73.55,84,0.0,3279.65
15667.88,73.42,84,0.0,3279.65
15667.88,70.87,85,0.0,3279.65
15667.88,72.01,85,1.2125,3279.65
15667.88,72.02,84,0.0,3279.65
15667.88,71.86,84,0.0,3279.65
15667.88,71.49,86,1.2125,3279.65
15667.88,71.6,84,1.2125,3279.65
15667.88,73.35,84,0.0,3279.65
15667.88,72.64,84,0.0,3279.65
15667.88,72.69,80,1.2375,3279.65
15667.88,72.69,80,0.0,3279.65
15667.88,73.02,85,0.0,3279.65
15667.88,73.31,85,1.2125,3279.65
15667.88,72.97,86,0.0,3279.65
15667.88,72.99,85,0.0,3279.65
15667.88,72.97,85,1.2125,3279.65
15667.88,72.83,85,0.0,3279.65
15667.88,72.39,84,1.225,3279.65
15667.88,70.44,84,0.0,3279.65
15667.88,71.45,85,1.225,3279.65
15667.88,71.58,85,0.0,3279.65
15667.88,71.8,86,0.0,3279.65
15667.88,71.78,85,0.0,3279.65
15667.88,71.8,85,1.175,3279.65
15667.88,69.77,75,1.2125,3279.65
15667.88,68.53,75,0.0,3279.65
15667.88,68.53,89,0.0,3279.65
15667.88,69.16,89,1.2125,3279.65
15667.88,69.8,85,0.0,3279.65
15667.88,69.89,84,0.0,3279.65
15667.88,69.9,84,0.0,3279.65
15667.88,69.76,85,1.2,3279.65
15667.88,69.64,85,1.2125,3279.65
15667.88,69.38,75,1.2,3279.65
15667.88,67.7,75,0.0,3279.65
15667.88,68.64,88,0.0,3279.65
15667.88,69.78,88,1.2125,3279.65
15667.88,69.86,86,0.0,3279.65
15667.88,69.87,86,0.0,3279.65
15667.88,69.85,85,1.1875,3279.65
15667.88,70.12,85,0.0,3279.65
15667.88,70.34,85,0.0,3279.65
15667.88,70.68,85,0.0,3279.65
15667.88,70.71,86,0.0,3279.65
15667.88,71.08,86,1.225,3279.65
15667.88,72.72,84,0.0,3279.65
15667.88,73.4,84,0.0,3279.65
15667.88,72.72,85,0.0,3279.65
15667.88,72.47,85,1.225,3279.65
15667.88,72.08,85,0.0,3279.65
15667.88,74.04,85,1.225,3279.65
15667.88,72.96,81,0.0,3279.65
15667.88,72.66,81,0.0,3279.65
15667.88,72.74,86,0.0,3279.65
15667.88,72.84,86,1.225,3279.65
15667.88,73.05,86,0.0,3279.65
15667.88,73.67,86,0.0,3279.65
15667.88,73.92,86,0.0,3279.65
15667.88,74.32,86,0.0,3279.65
15667.88,74.4,86,1.225,3279.65
15667.88,73.89,86,0.0,3279.65
15667.88,71.55,82,0.0,3279.65
15667.88,72.47,82,0.0,3279.65
15667.88,72.64,85,1.2125,3279.65
15667.88,72.65,85,0.0,3279.65
15667.88,72.66,85,0.0,3279.65
15667.88,72.55,85,2.425,3279.65
15667.88,74.08,79,1.2125,3279.65
15667.88,73.25,79,0.0,3279.65
15667.88,72.98,85,0.0,3279.65
15667.88,73.38,85,0.0,3279.65
15667.88,74.14,84,1.2125,3279.65
15667.88,74.65,84,0.0,3279.65
15667.88,74.79,84,1.2125,3279.65
15667.88,72.36,84,0.0,3279.65
15667.88,71.05,80,1.2125,3279.65
15667.88,70.74,80,0.0,3279.65
15667.88,70.66,83,0.0,3279.65
15667.88,68.8,83,0.0,3279.65
15667.88,69.32,86,1.2125,3279.65
15667.88,69.25,86,0.0,3279.65
15667.88,68.67,84,0.0,3279.65
15667.88,68.83,84,0.0,3279.65
15667.88,68.44,85,1.225,3279.65
15667.88,68.11,85,0.0,3279.65
15667.88,70.2,85,0.0,3279.65
15667.88,71.36,85,1.2125,3279.65
15667.88,71.57,86,1.2125,3279.65
15667.88,69.0,86,0.0,3279.65
15667.88,68.22,74,0.0,3279.65
15667.88,68.47,74,0.0,3279.65
15667.88,68.9,85,2.4875,3279.65
15667.88,67.84,85,1.25,3279.65
15667.88,66.54,73,1.2375,3279.65
15667.88,66.29,73,0.0,3279.65
15667.88,66.21,85,0.0,3279.65
15667.88,66.46,85,0.0,3279.65
15667.88,66.74,83,1.25,3279.65
15667.88,66.96,83,0.0,3279.65
15667.88,69.82,85,1.2375,3279.65
15667.88,70.85,85,0.0,3279.65
15667.88,69.62,78,0.0,3279.65
15667.88,69.62,78,0.0,3279.65
15667.88,70.29,84,1.25,3279.65
15667.88,71.31,84,0.0,3279.65
15667.88,71.94,84,0.0,3279.65
15667.88,72.37,85,1.2375,3279.65
15667.88,72.55,85,0.0,3279.65
15667.88,72.5,85,0.0,3279.65
15667.88,72.53,85,1.25,3279.65
15667.88,72.48,85,0.0,3279.65
15667.88,72.26,85,0.0,3279.65
15667.88,72.39,85,0.0,3279.65
15667.88,72.57,85,1.25,3279.65
15667.88,72.93,85,0.0,3279.65
15667.88,72.67,85,0.0,3279.65
15667.88,72.16,83,2.4875,3279.65
15667.88,71.45,83,0.0,3279.65
15667.88,69.47,77,0.0,3279.65
15667.88,69.42,77,0.0,3279.65
15667.88,69.61,84,1.25,3279.65
15667.88,70.05,84,2.4875,3279.65
15667.88,69.77,77,0.0,3279.65
15667.88,69.68,77,1.25,3279.65
15667.88,70.12,82,0.0,3279.65
15667.88,70.62,82,0.0,3279.65
15667.88,71.1,86,0.0,3279.65
15667.88,71.82,86,1.25,3279.65
15667.88,73.06,85,0.0,3279.65
15667.88,73.18,85,1.2375,3279.65
15667.88,74.94,74,0.0,3279.65
15667.88,73.37,74,1.2375,3279.65
15667.88,73.29,88,0.0,3279.65
15667.88,74.15,88,0.0,3279.65
15667.88,74.38,84,1.25,3279.65
15667.88,74.47,84,0.0,3279.65
15667.88,74.51,83,0.0,3279.65
15667.88,74.32,83,1.225,3279.65
15667.88,73.9,85,0.0,3279.65
15667.88,74.04,85,1.2125,3279.65
15667.88,74.04,75,0.0,3279.65
15667.88,71.78,75,1.1875,3279.65
15667.88,73.2,86,1.2375,3279.65
15667.88,73.57,86,0.0,3279.65
15667.88,72.56,79,0.0,3279.65
15667.88,72.35,79,1.25,3279.65
15667.88,71.99,84,0.0,3279.65
15667.88,71.58,84,0.0,3279.65
15667.88,71.38,85,0.0,3279.65
15667.88,71.34,85,1.2375,3279.65
15667.88,71.18,85,0.0,3279.65
15667.88,71.02,85,0.0,3279.65
15667.88,71.09,85,1.25,3279.65
15667.88,70.47,85,0.0,3279.65
15667.88,69.54,85,0.0,3279.65
15667.88,70.35,85,0.0,3279.65
15667.88,70.99,84,1.25,3279.65
15667.88,70.92,84,0.0,3279.65
15667.88,70.92,84,0.0,3279.65
15667.88,70.92,84,1.25,3279.65
15667.88,73.03,73,1.25,3279.65
15667.88,72.2,73,0.0,3279.65
15667.88,72.26,87,0.0,3279.65
15667.88,72.44,87,0.0,3279.65
15667.88,73.17,84,2.4875,3279.65
15667.88,75.09,84,0.0,3279.65
15667.88,74.18,80,1.25,3279.65
15667.88,73.86,80,0.0,3279.65
15667.88,73.78,85,0.0,3279.65
15667.88,73.63,85,0.0,3279.65
15667.88,73.56,85,0.0,3279.65
15667.88,71.42,85,1.25,3279.65
15667.88,72.27,85,1.25,3279.65
15667.88,73.83,80,0.0,3279.65
15667.88,73.57,80,0.0,3279.65
15667.88,73.57,86,0.0,3279.65
15667.88,72.28,86,1.25,3279.65
15667.88,73.39,86,0.0,3279.65
15667.88,73.59,86,0.0,3279.65
15667.88,74.29,85,0.0,3279.65
15667.88,74.29,85,0.0,3279.65
15667.88,75.04,85,0.0,3279.65
15667.88,75.04,85,1.25,3279.65
15667.88,73.4,84,0.0,3279.65
15667.88,73.4,84,0.0,3279.65
15667.88,73.07,84,0.0,3279.65
15667.88,72.78,86,0.0,3279.65
15667.88,72.78,86,1.25,3279.65
15667.88,72.23,86,1.25,3279.65
15667.88,72.23,86,0.0,3279.65
15667.88,71.63,75,1.25,3279.65
15667.88,71.23,75,0.0,3279.65
15667.88,70.95,85,0.0,3279.65
15667.88,70.48,85,1.25,3279.65
15667.88,70.35,85,0.0,3279.65
15667.88,70.92,85,0.0,3279.65
15667.88,71.51,84,0.0,3279.65
15667.88,71.78,84,0.0,3279.65
15667.88,72.02,86,1.225,3279.65
15667.88,68.79,86,1.2125,3279.65
15667.88,68.79,75,0.0,3279.65
15667.88,68.04,75,1.2125,3279.65
15667.88,68.3,88,0.0,3279.65
15667.88,68.38,88,0.0,3279.65
15667.88,68.36,84,1.2125,3279.65
15667.88,68.05,85,0.0,3279.65
15667.88,68.01,85,0.0,3279.65
15667.88,68.12,85,0.0,3279.65
15667.88,68.04,85,1.2125,3279.65
15667.88,68.47,85,0.0,3279.65
15667.88,71.17,86,0.0,3279.65
15667.88,71.48,86,1.2125,3279.65
15667.88,71.58,85,0.0,3279.65
15667.88,71.74,84,0.0,3279.65
15667.88,71.94,84,1.2125,3279.65
15667.88,72.14,83,0.0,3279.65
15667.88,72.3,83,1.2125,3279.65
15667.88,73.48,77,1.2125,3279.65
15667.88,72.44,77,0.0,3279.65
15667.88,72.0,84,0.0,3279.65
15667.88,71.85,84,1.2125,3279.65
15667.88,72.34,84,1.2125,3279.65
15667.88,73.39,84,0.0,3279.65
15667.88,73.87,85,0.0,3279.65
15667.88,73.81,85,1.2125,3279.65
15667.88,74.01,85,0.0,3279.65
15667.88,74.18,86,0.0,3279.65
15667.88,73.89,86,1.2,3279.65
15667.88,72.36,85,0.0,3279.65
15667.88,73.27,85,0.0,3279.65
15667.88,73.82,85,1.2125,3279.65
15667.88,73.92,85,0.0,3279.65
15667.88,73.18,81,1.225,3279.65
15667.88,73.36,81,1.2375,3279.65
15667.88,74.14,72,0.0,3279.65
15667.88,73.52,72,0.0,3279.65
15667.88,73.06,85,0.0,3279.65
15667.88,72.81,85,1.25,3279.65
15667.88,72.72,85,0.0,3279.65
15667.88,72.72,85,0.0,3279.65
15667.88,72.8,83,1.2375,3279.65
15667.88,72.94,83,0.0,3279.65
15667.88,73.47,85,0.0,3279.65
15667.88,72.94,85,0.0,3279.65
15667.88,71.64,86,1.25,3279.65
15667.88,73.02,86,1.2375,3279.65
15667.88,72.36,80,0.0,3279.65
15667.88,72.48,80,1.2375,3279.65
15667.88,72.84,80,0.0,3279.65
15667.88,72.51,86,0.0,3279.65
15667.88,72.67,86,1.2375,3279.65
15667.88,72.39,81,0.0,3279.65
15667.88,72.63,81,0.0,3279.65
15667.88,72.63,80,0.0,3279.65
15667.88,72.79,80,1.25,3279.65
15667.88,72.8,84,0.0,3279.65
15667.88,71.55,84,0.0,3279.65
15667.88,71.55,86,0.0,3279.65
15667.88,71.55,86,1.2375,3279.65
15667.88,71.68,83,0.0,3279.65
15667.88,71.76,83,1.2375,3279.65
15667.88,72.39,85,0.0,3279.65
15667.88,71.88,85,1.2375,3279.65
15667.88,68.67,70,1.25,3279.65
15667.88,67.17,70,0.0,3279.65
15667.88,66.73,89,0.0,3279.65
15667.88,67.2,89,1.2375,3279.65
15667.88,67.42,83,1.225,3279.65
15667.88,67.94,83,0.0,3279.65
15667.88,71.0,74,1.2375,3279.65
15667.88,70.45,74,0.0,3279.65
15667.88,70.33,85,0.0,3279.65
15667.88,70.49,85,1.2375,3279.65
15667.88,70.68,80,0.0,3279.65
15667.88,74.04,80,0.0,3279.65
15667.88,75.38,85,1.25,3279.65
15667.88,75.76,85,0.0,3279.65
15667.88,75.82,85,0.0,3279.65
15667.88,75.91,85,0.0,3279.65
15667.88,75.21,83,1.2125,3279.65
15667.88,72.62,83,0.0,3279.65
15667.88,73.09,83,0.0,3279.65
15667.88,73.01,82,0.0,3279.65
15667.88,72.25,82,1.2125,3279.65
15667.88,72.21,85,1.2125,3279.65
15667.88,71.82,85,0.0,3279.65
15667.88,73.71,76,1.2125,3279.65
15667.88,72.32,76,0.0,3279.65
15667.88,72.17,82,1.2125,3279.65
15667.88,72.4,82,1.2125,3279.65
15667.88,72.81,80,1.2125,3279.65
15667.88,73.8,80,0.0,3279.65
15667.88,72.87,78,0.0,3279.65
15667.88,73.1,78,1.2125,3279.65
15667.88,73.02,86,0.0,3279.65
15667.88,73.43,86,0.0,3279.65
15667.88,71.1,83,0.0,3279.65
15667.88,72.34,83,1.2125,3279.65
15667.88,72.17,82,0.0,3279.65
15667.88,72.48,82,0.0,3279.65
15667.88,72.23,81,0.0,3279.65
15667.88,71.04,81,1.2,3279.65
15667.88,72.06,84,0.0,3279.65
15667.88,72.6,84,0.0,3279.65
15667.88,72.61,84,1.2125,3279.65
15667.88,72.28,85,0.0,3279.65
15667.88,71.99,85,1.1375,3279.65
15667.88,74.05,74,0.0,3279.65
15667.88,72.75,74,2.4375,3279.65
15667.88,72.99,83,0.0,3279.65
15667.88,73.36,83,0.0,3279.65
15667.88,73.04,82,1.2125,3279.65
15667.88,73.55,82,1.2125,3279.65
15667.88,72.64,73,0.0,3279.65
15667.88,72.27,73,1.225,3279.65
15667.88,72.4,84,0.0,3279.65
15667.88,72.65,84,0.0,3279.65
15667.88,73.17,85,0.0,3279.65
15667.88,70.94,85,1.2125,3279.65
15667.88,69.38,74,1.2125,3279.65
15667.88,67.85,74,0.0,3279.65
15667.88,67.51,87,0.0,3279.65
15667.88,67.89,87,1.2125,3279.65
15667.88,67.33,85,0.0,3279.65
15667.88,67.97,85,0.0,3279.65
15667.88,67.78,86,0.0,3279.65
15667.88,67.75,86,2.425,3279.65
15667.88,69.53,78,0.0,3279.65
15667.88,68.56,78,0.0,3279.65
15667.88,68.98,87,0.0,3279.65
15667.88,71.89,87,1.225,3279.65
15667.88,73.3,85,0.0,3279.65
15667.88,73.67,85,2.425,3279.65
15667.88,71.59,80,0.0,3279.65
15667.88,70.77,80,0.0,3279.65
15667.88,70.82,84,0.0,3279.65
15667.88,71.22,84,1.2125,3279.65
15667.88,71.19,85,0.0,3279.65
15667.88,69.13,85,0.0,3279.65
15667.88,69.76,84,2.4125,3279.65
15667.88,69.9,84,0.0,3279.65
15667.88,69.8,83,0.0,3279.65
15667.88,69.38,83,1.2125,3279.65
15667.88,68.97,85,0.0,3279.65
15667.88,70.56,85,0.0,3279.65
15667.88,71.62,84,1.2125,3279.65
15667.88,68.97,84,1.2125,3279.65
15667.88,68.61,76,0.0,3279.65
15667.88,68.21,85,0.0,3279.65
15667.88,68.38,85,1.2125,3279.65
15667.88,68.28,84,0.0,3279.65
15667.88,68.27,84,0.0,3279.65
15667.88,68.45,85,1.2125,3279.65
15667.88,68.73,85,0.0,3279.65
15667.88,69.11,85,0.0,3279.65
15667.88,68.99,85,0.0,3279.65
15667.88,71.42,86,0.0,3279.65
15667.88,71.47,86,1.225,3279.65
15667.88,71.97,87,1.2,3279.65
15667.88,68.95,87,0.0,3279.65
15667.88,68.45,79,1.2125,3279.65
15667.88,68.17,79,0.0,3279.65
15667.88,68.08,86,0.0,3279.65
15667.88,67.7,86,1.225,3279.65
15667.88,67.64,83,0.0,3279.65
15667.88,67.88,83,1.225,3279.65
15667.88,67.79,85,0.0,3279.65
15667.88,68.14,85,1.2125,3279.65
15667.88,68.34,77,1.2,3279.65
15667.88,71.23,77,0.0,3279.65
15667.88,71.66,86,0.0,3279.65
15667.88,71.66,86,1.2125,3279.65
15667.88,71.45,84,0.0,3279.65
15667.88,71.14,84,0.0,3279.65
15667.88,71.18,86,0.0,3279.65
15667.88,71.26,86,1.2125,3279.65
15667.88,71.24,86,0.0,3279.65
15667.88,71.21,86,0.0,3279.65
15667.88,70.06,83,1.2125,3279.65
15667.88,70.77,83,0.0,3279.65
15667.88,71.08,84,0.0,3279.65
15667.88,71.83,83,1.2125,3279.65
15667.88,72.21,83,0.0,3279.65
15667.88,72.56,86,2.3375,3279.65
15667.88,74.92,86,1.225,3279.65
15667.88,74.14,78,0.0,3279.65
15667.88,73.25,78,0.0,3279.65
15667.88,73.72,82,1.2125,3279.65
15667.88,73.92,82,0.0,3279.65
15667.88,74.41,84,1.225,3279.65
15667.88,71.68,84,1.1625,3279.65
15667.88,70.23,78,0.0,3279.65
15667.88,69.27,78,1.2125,3279.65
15667.88,69.0,83,0.0,3279.65
15667.88,68.97,83,0.0,3279.65
15667.88,66.59,82,0.0,3279.65
15667.88,67.24,82,1.2125,3279.65
15667.88,68.11,86,0.0,3279.65
15667.88,67.69,86,0.0,3279.65
15667.88,67.54,84,0.0,3279.65
15667.88,66.98,84,1.2,3279.65
15667.88,69.55,82,0.0,3279.65
15667.88,70.87,82,1.2,3279.65
15667.88,71.58,84,1.175,3279.65
15667.88,72.94,84,0.0,3279.65
15667.88,72.29,73,1.225,3279.65
15667.88,72.54,73,0.0,3279.65
15667.88,72.24,75,1.2125,3279.65
15667.88,71.93,75,0.0,3279.65
15667.88,71.92,84,1.2125,3279.65
15667.88,72.22,84,0.0,3279.65
15667.88,72.69,83,1.2,3279.65
15667.88,73.14,83,0.0,3279.65
15667.88,73.39,85,0.0,3279.65
15667.88,73.36,85,1.2125,3279.65
15667.88,71.78,84,0.0,3279.65
15667.88,71.89,84,0.0,3279.65
15667.88,71.46,85,1.2125,3279.65
15667.88,71.56,84,0.0,3279.65
15667.88,71.81,84,1.2,3279.65
15667.88,72.21,84,0.0,3279.65
15667.88,71.82,84,0.0,3279.65
15667.88,70.96,82,1.2125,3279.65
15667.88,71.16,82,0.0,3279.65
15667.88,70.66,75,1.225,3279.65
15667.88,70.51,75,0.0,3279.65
15667.88,71.66,85,0.0,3279.65
15667.88,72.18,85,0.0,3279.65
15667.88,72.69,83,1.225,3279.65
15667.88,72.69,83,0.0,3279.65
15667.88,72.56,83,0.0,3279.65
15667.88,72.93,83,1.2125,3279.65
15667.88,73.1,83,0.0,3279.65
15667.88,72.42,83,0.0,3279.65
15667.88,72.9,84,1.1875,3279.65
15667.88,72.66,84,0.0,3279.65
15667.88,72.66,85,0.0,3279.65
15667.88,72.64,85,0.0,3279.65
15667.88,72.68,85,2.4375,3279.65
15667.88,74.36,85,1.2,3279.65
15667.88,73.13,76,0.0,3279.65
15667.88,72.67,76,1.1875,3279.65
15667.88,72.99,88,0.0,3279.65
15667.88,73.86,88,1.2125,3279.65
15667.88,74.06,84,0.0,3279.65
15667.88,73.58,84,0.0,3279.65
15667.88,73.72,82,0.0,3279.65
15667.88,73.71,82,1.2125,3279.65
15667.88,73.06,85,0.0,3279.65
15667.88,72.59,85,0.0,3279.65
15667.88,71.22,83,1.2125,3279.65
15667.88,72.1,83,0.0,3279.65
15667.88,72.24,86,0.0,3279.65
15667.88,72.35,86,1.2125,3279.65
15667.88,71.71,85,0.0,3279.65
15667.88,71.55,85,0.0,3279.65
15667.88,69.1,83,1.2125,3279.65
15667.88,68.49,83,1.2125,3279.65
15667.88,67.72,78,0.0,3279.65
15667.88,68.12,86,1.2125,3279.65
15667.88,68.27,86,0.0,3279.65
15667.88,68.39,85,0.0,3279.65
15667.88,68.72,85,0.0,3279.65
15667.88,68.78,86,1.2125,3279.65
15667.88,68.9,86,0.0,3279.65
15667.88,69.06,86,1.2125,3279.65
15667.88,66.72,86,0.0,3279.65
15667.88,68.51,79,1.2125,3279.65
15667.88,68.33,79,0.0,3279.65
15667.88,68.93,84,0.0,3279.65
15667.88,68.83,85,2.4125,3279.65
15667.88,69.04,85,0.0,3279.65
15667.88,69.41,84,0.0,3279.65
15667.88,69.43,84,0.0,3279.65
15667.88,69.34,85,1.2125,3279.65
15667.88,68.62,85,0.0,3279.65
15667.88,70.74,85,0.0,3279.65
15667.88,71.56,85,0.0,3279.65
15667.88,72.12,85,1.2125,3279.65
15667.88,72.04,85,0.0,3279.65
15667.88,72.17,85,0.0,3279.65
15667.88,72.13,85,0.0,3279.65
15667.88,72.16,84,2.425,3279.65
15667.88,71.66,84,0.0,3279.65
15667.88,71.45,76,1.2125,3279.65
15667.88,72.12,76,0.0,3279.65
15667.88,72.6,85,0.0,3279.65
15667.88,72.99,85,0.0,3279.65
15667.88,73.24,84,1.225,3279.65
15667.88,73.2,84,0.0,3279.65
15667.88,72.77,84,0.0,3279.65
15667.88,72.6,84,2.4375,3279.65
15667.88,74.03,74,0.0,3279.65
15667.88,72.96,74,0.0,3279.65
15667.88,73.42,85,0.0,3279.65
15667.88,73.63,85,1.225,3279.65
15667.88,73.15,83,2.4375,3279.65
15667.88,73.52,83,0.0,3279.65
15667.88,73.37,74,0.0,3279.65
15667.88,73.69,74,1.225,3279.65
15667.88,73.69,84,0.0,3279.65
15667.88,74.12,84,0.0,3279.65
15667.88,74.33,85,0.0,3279.65
15667.88,73.02,85,2.4375,3279.65
15667.88,74.64,78,0.0,3279.65
15667.88,73.63,81,0.0,3279.65
15667.88,73.92,81,1.2125,3279.65
15667.88,74.29,81,0.0,3279.65
15667.88,73.35,81,0.0,3279.65
15667.88,73.62,84,1.1875,3279.65
15667.88,73.44,84,0.0,3279.65
15667.88,73.6,83,0.0,3279.65
15667.88,73.25,83,0.0,3279.65
15667.88,73.17,85,0.0,3279.65
15667.88,72.56,85,1.225,3279.65
15667.88,71.1,86,0.0,3279.65
15667.88,71.49,86,0.0,3279.65
15667.88,71.0,85,1.2,3279.65
15667.88,71.04,85,0.0,3279.65
15667.88,71.65,85,1.2125,3279.65
15667.88,72.97,85,0.0,3279.65
15667.88,72.62,75,1.2125,3279.65
15667.88,73.31,75,1.2125,3279.65
15667.88,73.27,84,0.0,3279.65
15667.88,73.84,84,0.0,3279.65
15667.88,74.42,83,1.2125,3279.65
15667.88,75.02,83,0.0,3279.65
15667.88,75.39,84,0.0,3279.65
15667.88,75.16,84,0.0,3279.65
15667.88,74.69,85,0.0,3279.65
15667.88,74.0,85,1.2125,3279.65
15667.88,72.43,83,0.0,3279.65
15667.88,72.84,83,1.225,3279.65
15667.88,72.14,79,0.0,3279.65
15667.88,72.08,79,0.0,3279.65
15667.88,72.21,84,1.225,3279.65
15667.88,72.43,84,1.225,3279.65
15667.88,72.25,85,0.0,3279.65
15667.88,72.08,85,0.0,3279.65
15667.88,72.12,85,0.0,3279.65
15667.88,72.23,85,0.0,3279.65
15667.88,72.39,85,1.225,3279.65
15667.88,72.19,85,0.0,3279.65
15667.88,71.4,86,0.0,3279.65
15667.88,71.31,86,2.425,3279.65
15667.88,72.81,77,0.0,3279.65
15667.88,71.86,77,1.2125,3279.65
15667.88,71.32,84,0.0,3279.65
15667.88,71.19,84,0.0,3279.65
15667.88,71.28,85,0.0,3279.65
15667.88,71.3,85,2.4375,3279.65
15667.88,71.58,86,0.0,3279.65
15667.88,73.14,86,0.0,3279.65
15667.88,72.92,78,1.2125,3279.65
15667.88,73.45,78,0.0,3279.65
15667.88,73.73,86,0.0,3279.65
15667.88,72.2,86,1.225,3279.65
15667.88,72.65,86,0.0,3279.65
15667.88,72.7,86,0.0,3279.65
15667.88,72.59,85,0.0,3279.65
15667.88,72.32,85,0.0,3279.65
15667.88,72.17,86,1.2125,3279.65
15667.88,71.36,86,0.0,3279.65
15667.88,69.82,85,0.0,3279.65
15667.88,70.36,85,0.0,3279.65
15667.88,70.57,85,1.1875,3279.65
15667.88,70.96,85,0.0,3279.65
15667.88,71.38,85,1.2125,3279.65
15667.88,71.76,80,1.2125,3279.65
15667.88,71.04,80,1.2125,3279.65
15667.88,70.98,86,0.0,3279.65
15667.88,71.12,86,0.0,3279.65
15667.88,71.7,83,0.0,3279.65
15667.88,71.89,83,1.2125,3279.65
15667.88,71.92,84,1.2125,3279.65
15667.88,71.52,84,0.0,3279.65
15667.88,71.14,75,1.2125,3279.65
15667.88,71.34,75,0.0,3279.65
15667.88,71.12,84,0.0,3279.65
15667.88,72.61,84,1.225,3279.65
15667.88,73.07,82,0.0,3279.65
15667.88,73.44,82,0.0,3279.65
15667.88,73.53,84,1.175,3279.65
15667.88,74.51,84,0.0,3279.65
15667.88,73.46,80,1.225,3279.65
15667.88,73.55,80,0.0,3279.65
15667.88,74.0,84,0.0,3279.65
15667.88,74.35,84,0.0,3279.65
15667.88,74.04,85,1.225,3279.65
15667.88,73.97,85,0.0,3279.65
15667.88,73.21,85,1.2125,3279.65
15667.88,70.57,85,1.225,3279.65
15667.88,70.18,77,0.0,3279.65
15667.88,69.84,77,0.0,3279.65
15667.88,68.94,86,0.0,3279.65
15667.88,69.97,86,1.2125,3279.65
15667.88,69.52,85,0.0,3279.65
15667.88,69.2,85,0.0,3279.65
15667.88,69.39,85,2.4375,3279.65
15667.88,69.65,86,0.0,3279.65
15667.88,69.74,86,0.0,3279.65
15667.88,69.93,82,1.2125,3279.65
15667.88,72.22,82,0.0,3279.65
15667.88,72.18,84,0.0,3279.65
15667.88,71.93,84,0.0,3279.65
15667.88,72.12,84,0.0,3279.65
15667.88,72.38,84,1.2375,3279.65
15667.88,72.74,85,1.2375,3279.65
15667.88,72.79,85,1.2375,3279.65
15667.88,72.89,77,0.0,3279.65
15667.88,72.68,77,0.0,3279.65
15667.88,73.27,82,1.2375,3279.65
15667.88,73.46,82,0.0,3279.65
15667.88,73.4,84,0.0,3279.65
15667.88,73.7,84,1.2375,3279.65
15667.88,73.65,84,0.0,3279.65
15667.88,73.71,84,0.0,3279.65
15667.88,73.94,82,0.0,3279.65
15667.88,73.81,82,1.2375,3279.65
15667.88,71.61,84,0.0,3279.65
15667.88,72.19,84,0.0,3279.65
15667.88,72.48,85,0.0,3279.65
15667.88,72.16,85,1.25,3279.65
15667.88,71.7,84,0.0,3279.65
15667.88,72.16,84,0.0,3279.65
15667.88,72.63,85,2.4875,3279.65
15667.88,72.97,85,1.25,3279.65
15667.88,72.59,76,0.0,3279.65
15667.88,72.49,76,0.0,3279.65
15667.88,72.96,86,1.2375,3279.65
15667.88,73.56,86,0.0,3279.65
15667.88,74.22,85,0.0,3279.65
15667.88,74.36,85,0.0,3279.65
15667.88,74.16,85,0.0,3279.65
15667.88,74.73,85,1.25,3279.65
15667.88,73.75,84,0.0,3279.65
15667.88,73.09,84,0.0,3279.65
15667.88,72.52,84,0.0,3279.65
15667.88,72.79,84,1.25,3279.65
15667.88,72.76,85,0.0,3279.65
15667.88,72.76,85,0.0,3279.65
15667.88,72.31,85,0.0,3279.65
15667.88,71.96,85,2.4875,3279.65
15667.88,71.3,76,0.0,3279.65
15667.88,70.49,76,0.0,3279.65
15667.88,70.26,82,1.25,3279.65
15667.88,71.11,82,0.0,3279.65
15667.88,71.74,84,0.0,3279.65
15667.88,71.61,84,1.2375,3279.65
15667.88,71.77,81,0.0,3279.65
15667.88,71.94,81,0.0,3279.65
15667.88,72.29,84,0.0,3279.65
15667.88,72.33,84,2.4375,3279.65
15667.88,72.08,84,0.0,3279.65
15667.88,72.0,84,0.0,3279.65
15667.88,72.91,83,0.0,3279.65
15667.88,73.18,83,1.2125,3279.65
15667.88,73.1,85,0.0,3279.65
15667.88,73.05,85,1.2125,3279.65
15667.88,73.14,82,1.2,3279.65
15667.88,73.85,82,0.0,3279.65
15667.88,73.23,76,1.2125,3279.65
15667.88,73.21,76,0.0,3279.65
15667.88,73.44,86,0.0,3279.65
15667.88,74.09,85,1.2125,3279.65
15667.88,74.83,85,1.2125,3279.65
15667.88,74.67,75,0.0,3279.65
15667.88,75.96,75,0.0,3279.65
15667.88,75.23,84,0.0,3279.65
15667.88,74.93,84,1.2125,3279.65
15667.88,74.83,83,0.0,3279.65
15667.88,74.1,83,0.0,3279.65
15667.88,73.45,81,2.4125,3279.65
15667.88,75.44,81,0.0,3279.65
15667.88,74.51,78,0.0,3279.65
15667.88,74.15,78,0.0,3279.65
15667.88,74.47,82,1.2125,3279.65
15667.88,73.02,82,1.2125,3279.65
15667.88,73.78,84,0.0,3279.65
15667.88,74.09,84,1.2125,3279.65
15667.88,74.24,82,0.0,3279.65
15667.88,74.16,82,1.2,3279.65
15667.88,71.51,80,0.0,3279.65
15667.88,68.97,80,1.2125,3279.65
15667.88,69.81,82,0.0,3279.65
15667.88,69.98,82,0.0,3279.65
15667.88,70.01,84,0.0,3279.65
15667.88,70.06,84,0.0,3279.65
15667.88,69.77,85,1.2375,3279.65
15667.88,67.86,85,1.2375,3279.65
15667.88,67.98,76,0.0,3279.65
15667.88,67.43,76,1.2375,3279.65
15667.88,69.35,81,1.2375,3279.65
15667.88,70.67,81,0.0,3279.65
15667.88,70.98,83,1.25,3279.65
15667.88,71.2,83,0.0,3279.65
15667.88,71.2,85,0.0,3279.65
15667.88,71.4,85,1.25,3279.65
15667.88,71.25,86,0.0,3279.65
15667.88,70.74,86,0.0,3279.65
15667.88,70.85,83,1.25,3279.65
15667.88,72.42,83,0.0,3279.65
15667.88,71.11,83,0.0,3279.65
15667.88,71.81,83,1.2375,3279.65
15667.88,71.06,81,0.0,3279.65
15667.88,71.47,81,0.0,3279.65
15667.88,71.69,84,2.4875,3279.65
15667.88,71.95,84,0.0,3279.65
15667.88,71.31,76,0.0,3279.65
15667.88,71.05,76,1.25,3279.65
15667.88,71.32,83,0.0,3279.65
15667.88,71.33,83,0.0,3279.65
15667.88,71.62,83,1.25,3279.65
15667.88,73.0,83,0.0,3279.65
15667.88,72.87,85,1.25,3279.65
15667.88,72.15,85,1.25,3279.65
15667.88,72.5,72,0.0,3279.65
15667.88,71.13,72,0.0,3279.65
15667.88,70.53,87,0.0,3279.65
15667.88,71.12,87,1.25,3279.65
15667.88,71.63,83,0.0,3279.65
15667.88,71.95,83,0.0,3279.65
15667.88,71.58,83,0.0,3279.65
15667.88,71.74,83,1.2375,3279.65
15667.88,71.61,85,1.25,3279.65
15667.88,71.07,85,0.0,3279.65
15667.88,70.98,78,1.2375,3279.65
15667.88,70.57,78,0.0,3279.65
15667.88,71.94,85,0.0,3279.65
15667.88,72.35,85,1.2125,3279.65
15667.88,71.9,84,2.3,3279.65
15667.88,73.89,84,1.2125,3279.65
15667.88,73.59,69,0.0,3279.65
15667.88,73.45,69,0.0,3279.65
15667.88,72.93,87,0.0,3279.65
15667.88,73.3,87,1.2125,3279.65
15667.88,74.8,82,0.0,3279.65
15667.88,74.74,82,0.0,3279.65
15667.88,74.69,85,1.2125,3279.65
15667.88,74.43,85,0.0,3279.65
15667.88,74.22,85,2.425,3279.65
15667.88,76.44,85,0.0,3279.65
15667.88,72.77,74,0.0,3279.65
15667.88,73.57,83,1.2125,3279.65
15667.88,73.46,83,0.0,3279.65
15667.88,73.48,82,0.0,3279.65
15667.88,73.76,82,0.0,3279.65
15667.88,73.86,84,1.2125,3279.65
15667.88,73.93,84,0.0,3279.65
15667.88,73.61,83,0.0,3279.65
15667.88,73.28,85,0.0,3279.65
15667.88,72.9,85,1.2,3279.65
15667.88,70.54,83,0.0,3279.65
15667.88,72.06,83,0.0,3279.65
15667.88,71.86,85,1.2125,3279.65
15667.88,72.53,85,0.0,3279.65
15667.88,72.53,83,0.0,3279.65
15667.88,72.55,83,1.2125,3279.65
15667.88,72.1,78,2.4375,3279.65
15667.88,70.97,78,0.0,3279.65
15667.88,70.52,84,0.0,3279.65
15667.88,71.1,84,0.0,3279.65
15667.88,71.61,84,1.2125,3279.65
15667.88,71.15,84,1.2,3279.65
15667.88,70.86,80,0.0,3279.65
15667.88,71.12,80,0.0,3279.65
15667.88,70.7,85,1.2125,3279.65
15667.88,70.21,85,0.0,3279.65
15667.88,70.06,84,0.0,3279.65
15667.88,70.62,84,1.225,3279.65
15667.88,69.9,79,0.0,3279.65
15667.88,70.14,79,1.225,3279.65
15667.88,70.26,83,0.0,3279.65
15667.88,70.15,83,1.225,3279.65
15667.88,70.78,86,0.0,3279.65
15667.88,71.25,86,0.0,3279.65
15667.88,71.24,82,2.4375,3279.65
15667.88,71.03,82,0.0,3279.65
15667.88,70.83,76,0.0,3279.65
15667.88,71.36,76,2.425,3279.65
15667.88,72.64,77,0.0,3279.65
15667.88,72.76,77,0.0,3279.65
15667.88,72.67,86,1.2125,3279.65
15667.88,72.31,86,0.0,3279.65
15667.88,71.9,84,0.0,3279.65
15667.88,71.58,84,0.0,3279.65
15667.88,71.42,86,1.225,3279.65
15667.88,71.47,86,0.0,3279.65
15667.88,71.69,84,0.0,3279.65
15667.88,71.72,84,0.0,3279.65
15667.88,71.22,83,1.2125,3279.65
15667.88,69.96,83,0.0,3279.65
15667.88,70.3,85,0.0,3279.65
15667.88,70.83,85,1.1875,3279.65
15667.88,71.23,84,0.0,3279.65
15667.88,71.42,84,0.0,3279.65
15667.88,71.4,83,2.4375,3279.65
15667.88,72.28,83,1.2125,3279.65
15667.88,71.28,78,0.0,3279.65
15667.88,70.91,78,0.0,3279.65
15667.88,71.56,83,1.2125,3279.65
15667.88,71.49,83,0.0,3279.65
15667.88,71.67,82,0.0,3279.65
15667.88,71.34,82,1.2125,3279.65
15667.88,71.41,83,1.2125,3279.78
15667.88,72.87,83,0.0,3279.78
15667.88,72.24,73,1.225,3279.78
15667.88,72.24,73,0.0,3279.78
15667.88,72.45,84,0.0,3279.78
15667.88,72.8,84,0.0,3279.78
15667.88,72.66,84,0.0,3279.78
15667.88,72.36,84,1.225,3279.78
15667.88,72.94,84,0.0,3279.78
15667.88,73.21,84,0.0,3279.78
15667.88,73.58,85,0.0,3279.78
15667.88,72.64,85,1.225,3279.78
15667.88,70.7,82,0.0,3279.78
15667.88,71.64,85,1.2125,3279.78
15667.88,71.45,85,1.2125,3279.78
15667.88,71.31,82,0.0,3279.78
15667.88,71.37,82,0.0,3279.78
15667.88,71.36,85,1.2125,3279.78
15667.88,73.21,85,1.2125,3279.78
15667.88,72.82,79,0.0,3279.78
15667.88,72.82,79,0.0,3279.78
15667.88,72.68,84,1.2125,3279.78
15667.88,72.85,83,0.0,3279.78
