gpu_memory_mb,gpu_power_w,gpu_util_pct,cpu_util_pct,ram_mb
18911.88,35.94,0,3.1625,3329.23
18911.88,33.74,0,0.0,3329.23
18911.88,30.65,0,0.0,3329.23
19145.88,30.65,0,1.2375,3329.23
19145.88,36.19,0,0.0,3329.23
19145.88,40.13,72,0.0,3329.23
19145.88,44.21,72,0.0,3329.23
19145.88,48.21,100,0.0,3329.23
19145.88,52.32,100,1.25,3329.23
19145.88,54.83,94,0.0,3329.23
19145.88,58.71,94,1.225,3329.23
19145.88,63.11,79,2.475,3329.23
19145.88,66.64,79,0.0,3329.23
19145.88,70.59,94,0.0,3329.23
19145.88,74.1,94,0.0,3329.23
19145.88,72.63,94,1.2375,3329.23
19145.88,72.39,90,0.0,3329.23
19145.88,72.5,90,0.0,3329.23
19145.88,72.15,94,0.0,3329.23
19145.88,72.11,94,1.25,3329.23
19145.88,72.91,95,0.0,3329.23
19145.88,72.82,95,0.0,3329.23
19145.88,71.87,95,0.0,3329.23
19145.88,72.19,95,1.25,3329.23
19145.88,71.95,95,0.0,3329.23
19145.88,72.27,95,1.2375,3329.23
19145.88,69.69,79,0.0,3329.23
19145.88,70.06,79,1.225,3329.23
19145.88,70.0,95,0.0,3329.23
19145.88,70.06,95,0.0,3329.23
19145.88,70.02,95,0.0,3329.23
19145.88,70.49,95,0.0,3329.23
19145.88,70.66,95,1.225,3329.23
19145.88,70.91,95,0.0,3329.23
19145.88,70.95,95,0.0,3329.23
19145.88,70.61,95,1.1875,3329.23
19145.88,70.41,95,0.0,3329.23
19145.88,72.38,95,0.0,3329.23
19145.88,71.48,96,0.0,3329.23
19145.88,71.6,96,1.225,3329.23
19145.88,71.42,95,0.0,3329.23
19145.88,71.53,95,0.0,3329.23
19145.88,71.51,95,0.0,3329.23
19145.88,71.49,95,2.1125,3329.23
19145.88,71.19,85,1.175,3329.23
19145.88,71.81,85,0.0,3329.23
19145.88,71.61,95,0.0,3329.23
19145.88,71.98,95,1.2125,3329.23
19145.88,71.83,95,1.2125,3329.23
19145.88,72.24,95,0.0,3329.23
19145.88,72.18,96,1.2125,3329.23
19145.88,72.23,96,0.0,3329.23
19145.88,71.82,95,0.0,3329.23
19145.88,71.69,95,0.0,3329.23
19145.88,71.71,96,1.2125,3329.23
19145.88,71.78,96,0.0,3329.23
19145.88,71.58,96,0.0,3329.23
19145.88,71.45,96,1.2125,3329.23
19145.88,71.73,95,3.6375,3329.23
19261.88,71.0,95,0.0,3329.23
19261.88,72.53,66,0.0,3329.23
19261.88,72.75,66,0.0,3329.23
19261.88,72.81,100,1.25,3329.23
19261.88,73.3,100,0.0,3329.23
19261.88,73.49,100,0.0,3329.23
19261.88,73.87,100,0.0,3329.23
19261.88,72.96,99,1.2375,3329.23
19261.88,72.8,94,0.0,3329.23
19261.88,73.64,94,0.0,3329.23
19261.88,73.4,93,1.2375,3329.23
19261.88,74.25,93,0.0,3329.23
19261.88,72.5,95,0.0,3329.23
19261.88,72.31,95,1.2375,3329.23
19261.88,72.38,93,0.0,3329.23
19261.88,72.22,93,1.2375,3329.23
19261.88,71.42,95,0.0,3329.23
19261.88,72.36,95,0.0,3329.23
19261.88,72.26,95,1.2375,3329.23
19261.88,71.78,95,0.0,3329.23
19261.88,71.51,95,0.0,3329.23
19261.88,71.75,95,1.25,3329.23
19261.88,71.73,95,0.0,3329.23
19261.88,71.9,95,0.0,3329.23
19261.88,71.71,95,1.2375,3329.23
19261.88,71.62,95,1.2375,3329.23
19261.88,71.62,95,0.0,3329.23
19261.88,71.32,95,0.0,3329.23
19261.88,71.6,95,0.0,3329.23
19261.88,71.44,95,1.2375,3329.23
19261.88,71.73,95,0.0,3329.23
19261.88,71.65,95,0.0,3329.23
19261.88,71.96,95,1.25,3329.23
19261.88,72.1,95,0.0,3329.23
19261.88,72.1,95,0.0,3329.23
19261.88,71.99,93,1.2375,3329.23
19261.88,71.83,93,0.0,3329.23
19261.88,72.11,94,0.0,3329.23
19261.88,71.89,94,0.0,3329.23
19261.88,72.15,95,1.25,3329.23
19261.88,71.98,95,0.0,3329.23
19261.88,72.19,95,0.0,3329.23
19261.88,71.97,95,0.0,3329.23
19261.88,72.17,95,1.25,3329.23
19261.88,71.89,95,0.0,3329.23
19261.88,71.91,95,1.2375,3329.23
19261.88,70.87,95,0.0,3329.23
19261.88,70.87,92,0.0,3329.23
19261.88,71.23,92,0.0,3329.23
19261.88,70.93,95,1.2,3329.23
19261.88,70.98,95,0.0,3329.23
19261.88,71.26,95,0.0,3329.23
19261.88,71.7,95,1.2125,3329.23
19261.88,71.8,88,0.0,3329.23
19261.88,71.8,88,0.0,3329.23
19261.88,71.88,95,1.225,3329.23
19261.88,71.77,93,1.1625,3329.23
19263.88,70.72,76,1.1,3329.23
19263.88,71.43,76,1.25,3329.23
19263.88,71.95,100,0.0,3329.23
19263.88,71.85,100,1.2375,3329.23
19263.88,71.3,91,1.2375,3329.23
19263.88,71.35,91,0.0,3329.23
19263.88,70.78,95,0.0,3329.23
19263.88,71.03,95,0.0,3329.23
19263.88,70.73,95,1.225,3329.23
19263.88,70.97,95,0.0,3329.23
19263.88,70.78,94,0.0,3329.23
19263.88,73.08,94,1.225,3329.23
19263.88,72.48,95,0.0,3329.23
19263.88,71.69,95,0.0,3329.23
19263.88,71.77,93,0.0,3329.23
19263.88,72.17,93,1.2,3329.23
19263.88,72.21,95,0.0,3329.23
19263.88,72.19,95,0.0,3329.23
19263.88,72.1,89,2.4875,3329.23
19263.88,72.11,89,0.0,3329.23
19263.88,72.28,95,0.0,3329.23
19263.88,72.01,95,1.2375,3329.23
19263.88,71.37,95,0.0,3329.23
19263.88,71.83,95,0.0,3329.23
19263.88,71.82,95,0.0,3329.23
19263.88,71.98,95,1.2375,3329.23
19263.88,71.94,95,0.0,3329.23
19263.88,71.91,95,1.2375,3329.23
19263.88,72.03,94,0.0,3329.23
19263.88,72.04,94,0.0,3329.23
19263.88,71.91,95,0.0,3329.23
19263.88,68.85,95,2.45,3329.23
19263.88,69.33,84,0.0,3329.23
19263.88,69.03,84,0.0,3329.23
19263.88,69.36,92,1.2375,3329.23
19263.88,69.13,92,0.0,3329.23
19263.88,69.55,94,0.0,3329.23
19263.88,69.16,94,1.25,3329.23
19263.88,69.58,94,0.0,3329.23
19263.88,69.33,94,0.0,3329.23
19263.88,69.31,95,1.2375,3329.23
19263.88,68.83,95,0.0,3329.23
19263.88,71.84,94,0.0,3329.23
19263.88,71.24,94,1.2375,3329.23
19263.88,72.35,93,0.0,3329.23
19263.88,72.33,93,0.0,3329.23
19263.88,72.08,93,1.2375,3329.23
19263.88,72.11,93,0.0,3329.23
19263.88,72.28,93,0.0,3329.23
19263.88,72.26,94,1.2375,3329.23
19263.88,72.02,94,1.2375,3329.23
19263.88,71.94,94,0.0,3329.23
19263.88,71.96,95,3.725,3329.23
19263.88,71.44,95,0.0,3329.23
19263.88,71.68,66,3.125,3329.23
19263.88,71.43,66,0.0,3329.23
19263.88,69.78,86,0.0,3329.23
19263.88,70.53,86,1.2375,3329.23
19263.88,70.58,95,0.0,3329.23
19263.88,70.31,95,0.0,3329.23
19263.88,70.32,94,1.25,3329.23
19263.88,70.48,94,0.0,3329.23
19263.88,70.64,92,0.0,3329.23
19263.88,70.83,92,0.0,3329.23
19263.88,71.69,94,1.25,3329.23
19263.88,71.28,94,0.0,3329.23
19263.88,70.93,95,0.0,3329.23
19263.88,72.0,95,0.0,3329.23
19263.88,71.78,93,1.2375,3329.23
19263.88,71.7,93,0.0,3329.23
19263.88,71.79,95,0.0,3329.23
19263.88,71.8,95,1.2375,3329.23
19263.88,71.82,95,0.0,3329.23
19263.88,71.94,95,1.2375,3329.23
19263.88,72.0,95,2.45,3329.23
19263.88,72.0,95,0.0,3329.23
19263.88,70.14,81,0.0,3329.23
19263.88,70.26,81,1.2375,3329.23
19263.88,70.68,94,0.0,3329.23
19263.88,70.47,94,0.0,3329.23
19263.88,70.4,94,0.0,3329.23
19263.88,70.82,94,1.2375,3329.23
19263.88,70.62,95,0.0,3329.23
19263.88,70.62,95,1.2375,3329.23
19263.88,70.07,95,0.0,3329.23
19263.88,70.0,95,0.0,3329.23
19263.88,72.07,95,0.0,3329.23
19263.88,71.82,95,1.2375,3329.23
19263.88,71.78,95,1.2375,3329.23
19263.88,71.0,95,0.0,3329.23
19263.88,71.51,83,0.0,3329.23
19263.88,71.55,83,1.2125,3329.23
19263.88,71.35,95,0.0,3329.23
19263.88,71.78,95,0.0,3329.23
19263.88,71.47,96,2.4375,3329.23
19263.88,71.95,96,0.0,3329.23
19263.88,72.03,93,0.0,3329.23
19263.88,72.13,93,0.0,3329.23
19263.88,72.0,95,1.2125,3329.23
19263.88,71.57,95,0.0,3329.23
19263.88,72.37,95,0.0,3329.23
19263.88,71.98,95,0.0,3329.23
19263.88,72.02,95,3.025,3329.23
19263.88,70.6,95,0.0,3329.23
19263.88,71.02,83,1.2125,3329.23
19263.88,70.75,94,4.8375,3329.23
19263.88,70.75,94,1.2125,3329.23
19263.88,67.71,94,0.0,3329.23
19263.88,68.57,62,0.0,3329.23
19263.88,68.04,98,0.0,3329.23
19263.88,67.86,98,1.175,3329.23
19263.88,68.18,95,0.0,3329.23
19263.88,68.18,95,1.2125,3329.23
19263.88,68.19,93,0.0,3329.23
19263.88,69.57,93,0.0,3329.23
19263.88,68.7,94,1.2125,3329.23
19263.88,68.97,94,1.225,3329.23
19263.88,71.87,93,0.0,3329.23
19263.88,71.48,93,0.0,3329.23
19263.88,70.71,95,0.0,3329.23
19263.88,71.88,95,1.225,3329.23
19263.88,71.94,95,0.0,3329.23
19263.88,71.95,95,0.0,3329.23
19263.88,71.84,94,0.0,3329.23
19263.88,71.55,94,1.225,3329.23
19263.88,71.4,95,0.0,3329.23
19263.88,71.62,95,1.1625,3329.23
19263.88,68.3,82,0.0,3329.23
19263.88,68.99,82,0.0,3329.23
19263.88,69.47,94,1.2125,3329.23
19263.88,68.47,94,0.0,3329.23
19263.88,68.94,92,0.0,3329.23
19263.88,68.53,92,1.2125,3329.23
19263.88,68.76,93,0.0,3329.23
19263.88,68.54,93,0.0,3329.23
19263.88,68.54,94,1.225,3329.23
19263.88,68.47,94,0.0,3329.23
19263.88,71.61,94,0.0,3329.23
19263.88,71.03,94,0.0,3329.23
19263.88,71.32,94,1.2125,3329.23
19263.88,71.12,95,0.0,3329.23
19263.88,70.7,95,1.225,3329.23
19263.88,70.56,95,0.0,3329.23
19263.88,70.8,80,0.0,3329.23
19263.88,71.02,94,1.2125,3329.23
19263.88,71.56,94,0.0,3329.23
19263.88,71.33,94,0.0,3329.23
19263.88,71.77,94,1.2125,3329.23
19263.88,71.58,95,0.0,3329.23
19263.88,71.73,94,1.2125,3329.23
19263.88,71.31,94,0.0,3329.23
19263.88,71.12,94,1.2125,3329.23
19263.88,72.41,94,0.0,3329.23
19263.88,71.63,94,0.0,3329.23
19263.88,71.47,92,1.225,3329.23
19263.88,71.02,94,0.0,3329.23
19263.88,71.35,94,0.0,3329.23
19263.88,71.36,95,2.3875,3329.23
19263.88,69.78,95,1.2125,3329.23
19263.88,69.8,62,0.0,3329.23
19263.88,70.33,62,0.0,3329.23
19263.88,70.67,62,1.2125,3329.23
19263.88,70.84,100,0.0,3329.23
19263.88,69.72,98,0.0,3329.23
19263.88,70.14,98,1.2125,3329.23
19263.88,70.21,93,0.0,3329.23
19263.88,70.41,93,0.0,3329.23
19263.88,70.15,95,1.2125,3329.23
19263.88,69.67,95,1.2125,3329.23
19263.88,71.46,95,0.0,3329.23
19263.88,71.41,95,2.2375,3329.23
19263.88,68.81,80,1.1125,3329.23
19263.88,68.94,80,0.0,3329.23
19263.88,68.79,95,0.0,3329.23
19263.88,70.0,95,1.2125,3329.23
19263.88,70.28,95,0.0,3329.23
19263.88,70.11,95,0.0,3329.23
19263.88,69.82,94,0.0,3329.23
19263.88,69.96,94,1.2125,3329.23
19263.88,70.22,94,0.0,3329.23
19263.88,70.24,94,0.0,3329.23
19263.88,69.86,93,1.2125,3329.23
19263.88,72.42,95,0.0,3329.23
19263.88,72.06,95,0.0,3329.23
19263.88,72.32,94,1.2125,3329.23
19263.88,71.95,94,0.0,3329.23
19263.88,72.0,94,0.0,3329.23
19263.88,71.59,94,0.0,3329.23
19263.88,71.83,95,1.2125,3329.23
19263.88,71.67,95,0.0,3329.23
19263.88,71.47,95,2.1375,3329.23
19263.88,72.26,95,1.2125,3329.23
19263.88,72.41,85,1.2125,3329.23
19263.88,72.48,85,0.0,3329.23
19263.88,72.49,93,1.2125,3329.23
19263.88,72.48,93,0.0,3329.23
19263.88,72.54,90,0.0,3329.23
19263.88,72.64,90,1.2125,3329.23
19263.88,72.67,94,0.0,3329.23
19263.88,72.11,94,0.0,3329.23
19263.88,72.14,93,1.2125,3329.23
19263.88,72.02,93,0.0,3329.23
19263.88,71.82,95,0.0,3329.23
19263.88,71.44,95,1.2125,3329.23
19263.88,71.64,95,0.0,3329.23
19263.88,71.17,95,0.0,3329.23
19263.88,71.32,95,0.0,3329.23
19263.88,70.89,95,1.2125,3329.23
19263.88,71.03,95,0.0,3329.23
19263.88,70.7,95,0.0,3329.23
19263.88,71.41,95,0.0,3329.23
19263.88,71.31,95,1.2125,3329.23
19263.88,71.82,95,2.425,3329.23
19263.88,69.07,95,2.0375,3329.23
19263.88,69.83,74,0.0,3329.23
19263.88,69.83,74,1.225,3329.23
19263.88,70.22,100,0.0,3329.23
19263.88,70.4,100,0.0,3329.23
19263.88,70.51,100,0.0,3329.23
19263.88,70.43,93,1.2125,3329.23
19263.88,70.62,93,0.0,3329.23
19263.88,71.11,92,0.0,3329.23
19263.88,71.58,92,1.225,3329.23
19263.88,71.39,95,1.225,3329.23
19263.88,74.22,95,0.0,3329.23
19263.88,73.3,95,0.0,3329.23
19263.88,73.45,95,0.0,3329.23
19263.88,73.07,95,1.2125,3329.23
19263.88,72.74,95,0.0,3329.23
19263.88,72.77,95,0.0,3329.23
19263.88,72.42,95,1.2125,3329.23
19263.88,72.07,94,0.0,3329.23
19263.88,71.53,94,0.0,3329.23
19263.88,71.77,94,1.2125,3329.23
19263.88,71.36,95,0.0,3329.23
19263.88,71.4,95,0.0,3329.23
19263.88,71.83,95,1.2125,3329.23
19263.88,71.05,95,0.0,3329.23
19263.88,71.4,95,0.0,3329.23
19263.88,70.67,95,1.15,3329.23
19263.88,71.22,86,0.0,3329.23
19263.88,71.26,86,1.2125,3329.23
19263.88,71.52,93,0.0,3329.23
19263.88,71.56,93,0.0,3329.23
19263.88,71.6,94,1.2125,3329.23
19263.88,71.56,94,0.0,3329.23
19263.88,71.37,95,0.0,3329.23
19263.88,71.16,95,1.2125,3329.23
19263.88,71.12,95,0.0,3329.23
19263.88,71.17,95,0.0,3329.23
19263.88,71.79,95,1.2125,3329.23
19263.88,71.88,95,0.0,3329.23
19263.88,71.63,94,0.0,3329.23
19263.88,71.93,94,1.225,3329.23
19263.88,71.59,95,0.0,3329.23
19263.88,71.8,95,0.0,3329.23
19263.88,71.32,93,0.0,3329.23
19263.88,71.58,93,1.2125,3329.23
19263.88,71.05,95,0.0,3329.23
19263.88,71.67,95,1.2125,3329.23
19263.88,71.57,94,1.2125,3329.23
19263.88,72.07,94,2.1125,3329.23
19263.88,72.38,81,0.0,3329.23
19263.88,72.58,81,1.2,3329.23
19263.88,72.91,93,0.0,3329.23
19263.88,72.75,93,0.0,3329.23
19263.88,73.06,95,0.0,3329.23
19263.88,72.65,95,1.2125,3329.23
19263.88,69.64,95,3.625,3329.23
19263.88,71.38,95,0.0,3329.23
19263.88,71.63,53,0.0,3329.23
19263.88,71.58,100,1.2125,3329.23
19263.88,70.1,100,1.2125,3329.23
19263.88,69.97,95,0.0,3329.23
19263.88,69.98,95,0.0,3329.23
19263.88,70.08,93,1.2125,3329.23
19263.88,70.53,93,0.0,3329.23
19263.88,70.38,82,1.2125,3329.23
19263.88,70.93,82,0.0,3329.23
19263.88,74.72,94,0.0,3329.23
19263.88,72.68,94,0.0,3329.23
19263.88,72.61,94,1.2125,3329.23
19263.88,71.67,94,0.0,3329.23
19263.88,72.86,94,0.0,3329.23
19263.88,72.44,94,1.2125,3329.23
19263.88,72.33,95,0.0,3329.23
19263.88,71.84,95,0.0,3329.23
19263.88,71.55,93,1.2125,3329.23
19263.88,71.52,93,0.0,3329.23
19263.88,71.52,95,1.175,3329.23
19263.88,71.85,95,0.0,3329.23
19263.88,72.34,85,0.0,3329.23
19263.88,72.08,85,1.225,3329.23
19263.88,73.03,94,0.0,3329.23
19263.88,72.7,94,0.0,3329.23
19263.88,72.95,94,0.0,3329.23
19263.88,72.87,94,0.0,3329.23
19263.88,73.15,94,1.225,3329.23
19263.88,72.97,94,0.0,3329.23
19263.88,72.87,95,0.0,3329.23
19263.88,72.78,95,1.2125,3329.23
19263.88,72.03,94,0.0,3329.23
19263.88,71.95,94,0.0,3329.23
19263.88,71.97,94,1.225,3329.23
19263.88,71.74,94,0.0,3329.23
19263.88,71.79,95,0.0,3329.23
19263.88,71.83,95,0.0,3329.23
19263.88,71.83,95,1.225,3329.23
19263.88,71.81,95,0.0,3329.23
19263.88,71.92,95,0.0,3329.23
19263.88,71.84,95,0.0,3329.23
19263.88,71.94,95,1.225,3329.23
19263.88,72.06,95,0.0,3329.23
19263.88,71.98,95,0.0,3329.23
19263.88,71.95,95,1.125,3329.23
19263.88,72.56,95,1.225,3329.23
19263.88,72.64,95,1.225,3329.23
19263.88,72.92,80,0.0,3329.23
19263.88,72.62,80,1.2,3329.23
19263.88,72.88,95,0.0,3329.23
19263.88,73.43,95,0.0,3329.23
19263.88,72.38,95,4.85,3329.23
19263.88,74.14,95,0.0,3329.23
19263.88,74.18,56,0.0,3329.23
19263.88,74.54,100,1.25,3329.23
19263.88,74.81,100,0.0,3329.23
19263.88,74.5,100,0.0,3329.23
19263.88,74.7,96,0.0,3329.23
19263.88,74.07,96,1.175,3329.23
19263.88,74.29,94,0.0,3329.23
19263.88,74.1,94,1.2125,3329.23
19263.88,73.4,94,0.0,3329.23
19263.88,74.18,94,0.0,3329.23
19263.88,72.42,95,0.0,3329.23
19263.88,72.43,95,0.0,3329.23
19263.88,72.19,95,1.225,3329.23
19263.88,72.14,95,0.0,3329.23
19263.88,71.64,95,0.0,3329.23
19263.88,71.22,95,0.0,3329.23
19263.88,71.6,95,0.0,3329.23
19263.88,71.57,95,1.225,3329.23
19263.88,71.15,94,1.2,3329.23
19263.88,71.68,94,0.0,3329.23
19263.88,71.94,95,0.0,3329.23
19263.88,71.66,95,1.1875,3329.23
19263.88,71.66,78,0.0,3329.23
19263.88,72.19,78,0.0,3329.23
19263.88,72.24,95,1.2125,3329.23
19263.88,72.82,95,0.0,3329.23
19263.88,72.69,94,0.0,3329.23
19263.88,72.89,94,1.2125,3329.23
19263.88,72.9,95,0.0,3329.23
19263.88,73.05,95,0.0,3329.23
19263.88,72.98,94,1.2125,3329.23
19263.88,72.75,94,0.0,3329.23
19263.88,72.39,94,0.0,3329.23
19263.88,72.18,94,1.2125,3329.23
19263.88,71.63,94,1.2125,3329.23
19263.88,72.19,94,0.0,3329.23
19263.88,71.48,94,0.0,3329.23
19263.88,71.89,94,1.1875,3329.23
19263.88,71.78,85,0.0,3329.23
19263.88,72.47,85,1.2125,3329.23
19263.88,72.34,90,0.0,3329.23
19263.88,72.51,90,0.0,3329.23
19263.88,72.26,95,0.0,3329.23
19263.88,72.66,95,1.2125,3329.23
19263.88,72.51,94,0.0,3329.23
19263.88,72.51,94,0.0,3329.23
19263.88,72.61,95,0.0,3329.23
19263.88,72.61,95,1.225,3329.23
19263.88,72.08,95,0.0,3329.23
19263.88,72.15,95,0.0,3329.23
19263.88,71.08,93,1.2125,3329.23
19263.88,71.23,93,0.0,3329.23
19263.88,71.33,93,0.0,3329.23
19263.88,71.17,93,0.0,3329.23
19263.88,71.48,94,5.9,3329.23
19263.88,70.01,94,0.0,3329.23
19263.88,70.35,58,1.2125,3329.23
19263.88,70.55,100,1.2125,3329.23
19263.88,69.67,100,0.0,3329.23
19263.88,69.23,100,0.0,3329.23
19263.88,70.15,94,0.0,3329.23
19263.88,69.92,94,1.2125,3329.23
19263.88,70.51,94,0.0,3329.23
19263.88,70.43,94,2.1375,3329.23
19263.88,66.97,94,0.0,3329.23
19263.88,67.12,78,0.0,3329.23
19263.88,68.32,78,0.0,3329.23
19263.88,68.45,95,1.2125,3329.23
19263.88,68.2,95,0.0,3329.23
19263.88,69.59,94,0.0,3329.23
19263.88,69.83,95,1.2125,3329.23
19263.88,69.71,95,0.0,3329.23
19263.88,69.81,94,0.0,3329.23
19263.88,69.29,94,1.2125,3329.23
19263.88,69.21,95,0.0,3329.23
19263.88,72.52,95,0.0,3329.23
19263.88,72.29,94,0.0,3329.23
19263.88,72.26,94,0.0,3329.23
19263.88,68.38,80,3.7375,3329.23
19263.88,69.03,80,0.0,3329.23
19263.88,68.72,93,0.0,3329.23
19263.88,68.6,93,1.2375,3329.23
19263.88,69.22,94,0.0,3329.23
19263.88,69.35,94,0.0,3329.23
19263.88,69.36,94,1.2375,3329.23
19263.88,69.36,95,0.0,3329.23
19263.88,69.03,95,0.0,3329.23
19263.88,68.73,94,0.0,3329.23
19263.88,72.28,94,1.25,3329.23
19263.88,72.08,94,0.0,3329.23
19263.88,72.16,94,0.0,3329.23
19263.88,72.19,94,0.0,3329.23
19263.88,71.92,94,1.25,3329.23
19263.88,71.91,94,0.0,3329.23
19263.88,71.97,94,0.0,3329.23
19263.88,72.01,95,1.2375,3329.23
19263.88,72.04,95,0.0,3329.23
19263.88,72.02,95,1.2,3329.23
19263.88,72.45,80,1.225,3329.23
19263.88,72.19,80,0.0,3329.23
19263.88,72.2,93,0.0,3329.23
19263.88,72.23,93,1.2375,3329.23
19263.88,72.25,93,0.0,3329.23
19263.88,72.48,93,0.0,3329.23
19263.88,72.47,95,0.0,3329.23
19263.88,72.27,95,1.25,3329.23
19263.88,72.23,95,0.0,3329.23
19263.88,72.45,94,2.9125,3329.23
19263.88,68.89,74,2.3875,3329.23
19263.88,69.56,74,0.0,3329.23
19263.88,69.87,85,1.2375,3329.23
19263.88,69.72,85,0.0,3329.23
19263.88,69.36,97,2.45,3329.23
19263.88,69.2,97,1.225,3329.23
19263.88,69.0,93,0.0,3329.23
19263.88,69.02,93,0.0,3329.23
19263.88,69.29,95,0.0,3329.23
19263.88,69.36,95,1.25,3329.23
19263.88,69.37,95,0.0,3329.23
19263.88,73.23,95,0.0,3329.23
19263.88,72.49,94,0.0,3329.23
19263.88,72.23,94,1.2375,3329.23
19263.88,71.74,95,0.0,3329.23
19263.88,72.22,95,1.2375,3329.23
19263.88,72.29,95,0.0,3329.23
19263.88,72.29,95,0.0,3329.23
19263.88,72.2,95,0.0,3329.23
19263.88,71.98,95,1.2375,3329.23
19263.88,72.04,95,0.0,3329.23
19263.88,72.0,95,0.0,3329.23
19263.88,72.07,91,1.2375,3329.23
19263.88,71.53,91,0.0,3329.23
19263.88,71.59,94,0.0,3329.23
19263.88,71.62,95,1.2125,3329.23
19263.88,71.67,95,0.0,3329.23
19263.88,71.35,94,0.0,3329.23
19263.88,71.84,94,0.0,3329.23
19263.88,71.92,95,1.2125,3329.23
19263.88,71.99,95,0.0,3329.23
19263.88,72.08,93,1.225,3329.23
19263.88,71.91,93,0.0,3329.23
19263.88,71.8,92,3.0125,3329.23
19263.88,72.08,92,0.0,3329.23
19263.88,72.27,95,0.0,3329.23
19263.88,72.44,95,1.2125,3329.23
19263.88,72.41,95,0.0,3329.23
19263.88,72.41,95,0.0,3329.23
19263.88,72.19,93,1.2,3329.23
19263.88,71.86,93,0.0,3329.23
19263.88,72.04,95,0.0,3329.23
19263.88,71.91,95,1.2125,3329.23
19263.88,71.86,96,0.0,3329.23
19263.88,72.02,96,0.0,3329.23
19263.88,72.1,96,1.2,3329.23
19263.88,72.03,96,1.1125,3329.23
19263.88,72.14,96,0.0,3329.23
19263.88,72.17,96,1.2125,3329.23
19263.88,72.36,94,0.0,3329.23
19263.88,72.07,94,0.0,3329.23
19263.88,72.19,96,2.4625,3329.23
19263.88,74.4,73,3.4625,3329.23
19263.88,74.44,73,0.0,3329.23
19263.88,74.72,73,0.0,3329.23
19263.88,73.55,100,1.2125,3329.23
19263.88,73.77,100,0.0,3329.23
19263.88,73.85,96,0.0,3329.23
19263.88,73.81,95,1.2125,3329.23
19263.88,73.97,95,0.0,3329.23
19263.88,73.77,96,2.075,3329.23
19263.88,72.54,96,0.0,3329.23
19263.88,72.79,85,1.2125,3329.23
19263.88,70.8,85,0.0,3329.23
19263.88,70.51,94,0.0,3329.23
19263.88,69.91,94,0.0,3329.23
19263.88,71.03,94,1.225,3329.23
19263.88,71.13,94,0.0,3329.23
19263.88,70.22,93,0.0,3329.23
19263.88,70.55,93,0.0,3329.23
19263.88,69.59,94,1.2125,3329.23
19263.88,69.79,94,0.0,3329.23
19263.88,71.18,95,1.2125,3329.23
19263.88,71.11,95,0.0,3329.23
19263.88,70.8,95,1.1375,3329.23
19263.88,70.89,95,0.0,3329.23
19263.88,71.86,84,1.225,3329.23
19263.88,71.73,84,1.2125,3329.23
19263.88,71.75,94,0.0,3329.23
19263.88,72.7,94,1.2125,3329.23
19263.88,72.06,94,0.0,3329.23
19263.88,72.93,94,0.0,3329.23
19263.88,72.69,94,1.2125,3329.23
19263.88,73.03,94,0.0,3329.23
19263.88,72.48,94,0.0,3329.23
19263.88,72.62,94,0.0,3329.23
19263.88,72.48,95,1.2,3329.23
19263.88,72.17,95,0.0,3329.23
19263.88,72.05,95,0.0,3329.23
19263.88,71.82,95,1.2125,3329.23
19263.88,71.22,94,0.0,3329.23
19263.88,71.67,94,0.0,3329.23
19263.88,71.58,95,0.0,3329.23
19263.88,71.37,95,1.2,3329.23
19263.88,71.28,95,0.0,3329.23
19263.88,71.57,95,0.0,3329.23
19263.88,71.61,94,1.2125,3329.23
19263.88,71.55,95,0.0,3329.23
19263.88,71.42,95,0.0,3329.23
19263.88,71.44,95,1.2125,3329.23
19263.88,71.83,95,0.0,3329.23
19263.88,71.85,95,0.0,3329.23
19263.88,71.47,95,1.2125,3329.23
19263.88,71.87,94,3.5875,3329.23
19263.88,68.99,94,0.0,3329.23
19263.88,69.76,77,0.0,3329.23
19263.88,69.99,100,1.2125,3329.23
19263.88,70.35,100,0.0,3329.23
19263.88,70.58,100,0.0,3329.23
19263.88,69.54,100,1.2125,3329.23
19263.88,69.63,96,0.0,3329.23
19263.88,69.59,96,0.0,3329.23
19263.88,69.68,95,1.2125,3329.23
19263.88,69.2,95,0.0,3329.23
19263.88,72.12,95,0.0,3329.23
19263.88,71.73,95,1.2125,3329.23
19263.88,71.43,95,0.0,3329.23
19263.88,70.73,95,1.1375,3329.23
19263.88,70.6,94,0.0,3329.23
19263.88,70.23,94,0.0,3329.23
19263.88,71.26,92,1.25,3329.23
19263.88,71.04,92,0.0,3329.23
19263.88,70.98,94,0.0,3329.23
19263.88,70.92,94,1.25,3329.23
19263.88,71.42,94,0.0,3329.23
19263.88,71.16,94,0.0,3329.23
19263.88,71.41,94,0.0,3329.23
19263.88,71.1,94,1.2375,3329.23
19263.88,71.6,94,0.0,3329.23
19263.88,71.26,94,0.0,3329.23
19263.88,71.73,94,0.0,3329.23
19263.88,71.49,94,1.25,3329.23
19263.88,71.7,95,0.0,3329.23
19263.88,72.47,95,0.0,3329.23
19263.88,72.25,82,1.25,3329.23
19263.88,72.34,82,0.0,3329.23
19263.88,72.15,94,0.0,3329.23
19263.88,72.28,94,0.0,3329.23
19263.88,72.16,95,1.25,3329.23
19263.88,72.26,95,0.0,3329.23
19263.88,72.26,95,0.0,3329.23
19263.88,72.21,95,0.0,3329.23
19263.88,71.87,94,0.0,3329.23
19263.88,71.77,94,1.25,3329.23
19263.88,70.82,95,0.0,3329.23
19263.88,71.64,95,0.0,3329.23
19263.88,71.54,92,0.0,3329.23
19263.88,72.24,92,1.2375,3329.23
19263.88,71.73,84,0.0,3329.23
19263.88,72.66,84,1.25,3329.23
19263.88,72.94,95,0.0,3329.23
19263.88,73.6,95,0.0,3329.23
19263.88,73.56,95,0.0,3329.23
19263.88,74.17,93,1.2375,3329.23
19263.88,74.17,93,0.0,3329.23
19263.88,73.88,94,1.25,3329.23
19263.88,74.19,94,0.0,3329.23
19263.88,73.53,94,1.25,3329.23
19263.88,73.2,94,0.0,3329.23
19263.88,72.72,94,0.0,3329.23
19263.88,73.18,93,2.4875,3329.23
19263.88,72.44,93,1.25,3329.23
19263.88,72.2,72,0.0,3329.23
19263.88,72.06,72,0.0,3329.23
19263.88,72.12,100,0.0,3329.23
19263.88,72.7,100,1.2375,3329.23
19263.88,72.65,100,0.0,3329.23
19263.88,72.62,100,0.0,3329.23
19263.88,72.42,96,0.0,3329.23
19263.88,72.84,96,1.2375,3329.23
19263.88,72.15,93,0.0,3329.23
19263.88,72.34,93,1.2125,3329.23
19263.88,72.31,94,1.0875,3329.23
19263.88,69.69,94,0.0,3329.23
19263.88,69.6,78,1.2125,3329.23
19263.88,69.74,78,0.0,3329.23
19263.88,69.5,94,0.0,3329.23
19263.88,69.66,94,0.0,3329.23
19263.88,69.81,94,1.225,3329.23
19263.88,70.29,94,0.0,3329.23
19263.88,70.31,94,0.0,3329.23
19263.88,70.73,94,1.225,3329.23
19263.88,70.59,95,0.0,3329.23
19263.88,73.4,95,1.2125,3329.23
19263.88,73.66,95,0.0,3329.23
19263.88,73.66,95,1.225,3329.23
19263.88,70.83,95,0.0,3329.23
19263.88,70.56,77,1.2375,3329.23
19263.88,70.99,77,0.0,3329.23
19263.88,70.72,94,0.0,3329.23
19263.88,70.75,94,0.0,3329.23
19263.88,70.21,95,1.225,3329.23
19263.88,70.54,95,0.0,3329.23
19263.88,70.21,95,0.0,3329.23
19263.88,70.06,95,0.0,3329.23
19263.88,69.43,96,1.225,3329.23
19263.88,69.04,96,0.0,3329.23
19263.88,71.65,95,0.0,3329.23
19263.88,71.88,95,0.0,3329.23
19263.88,71.41,95,0.0,3329.23
19263.88,71.69,95,0.0,3329.23
19263.88,71.12,95,1.1625,3329.23
19263.88,72.08,95,0.0,3329.23
19263.88,71.97,80,1.175,3329.23
19263.88,72.6,80,0.0,3329.23
19263.88,72.35,95,1.2125,3329.23
19263.88,72.74,95,0.0,3329.23
19263.88,72.67,93,0.0,3329.23
19263.88,73.08,93,1.2125,3329.23
19263.88,72.79,95,0.0,3329.23
19263.88,73.09,95,1.2125,3329.23
19263.88,72.21,93,1.2125,3329.23
19263.88,72.61,93,0.0,3329.23
19263.88,71.87,95,1.2,3329.23
19263.88,72.24,95,0.0,3329.23
19263.88,72.5,94,0.0,3329.23
19263.88,72.74,94,1.2125,3329.23
19263.88,72.88,94,2.2375,3329.23
19263.88,73.25,94,1.2125,3329.23
19263.88,73.0,62,0.0,3329.23
19263.88,73.0,62,1.1875,3329.23
19263.88,72.88,100,0.0,3329.23
19263.88,70.1,100,0.0,3329.23
19263.88,70.21,85,0.0,3329.23
19263.88,70.09,85,1.2125,3329.23
19263.88,69.45,95,0.0,3329.23
19263.88,69.51,95,0.0,3329.23
19263.88,68.55,95,1.2125,3329.23
19263.88,68.53,95,0.0,3329.23
19263.88,69.03,93,0.0,3329.23
19263.88,68.76,95,1.2125,3329.23
19263.88,68.29,95,0.0,3329.23
19263.88,71.66,95,1.2125,3329.23
19263.88,71.29,94,0.0,3329.23
19263.88,71.72,92,0.0,3329.23
19263.88,71.72,93,1.2125,3329.23
19263.88,72.03,93,1.2125,3329.23
19263.88,72.75,93,0.0,3329.23
19263.88,72.78,81,1.2125,3329.23
19263.88,72.79,81,0.0,3329.23
19263.88,73.0,95,0.0,3329.23
19263.88,73.46,95,0.0,3329.23
19263.88,73.26,94,0.0,3329.23
19263.88,73.75,92,1.2125,3329.23
19263.88,73.26,92,0.0,3329.23
19263.88,73.19,94,1.2125,3329.23
19263.88,72.77,94,0.0,3329.23
19263.88,72.49,94,0.0,3329.23
19263.88,72.43,94,0.0,3329.23
19263.88,72.17,94,1.225,3329.23
19263.88,71.99,94,0.0,3329.23
19263.88,71.78,95,0.0,3329.23
19263.88,71.45,95,1.2125,3329.23
19263.88,71.95,94,1.2125,3329.23
19263.88,71.72,94,0.0,3329.23
19263.88,71.63,94,0.0,3329.23
19263.88,71.85,94,1.2125,3329.23
19263.88,71.94,95,1.1625,3329.23
19263.88,71.92,95,0.0,3329.23
19263.88,71.79,94,1.225,3329.23
19263.88,71.85,94,0.0,3329.23
19263.88,71.77,94,0.0,3329.23
19263.88,71.83,94,0.0,3329.23
19263.88,71.94,94,1.2125,3329.23
19263.88,71.74,94,0.0,3329.23
19263.88,71.41,95,0.0,3329.23
19263.88,71.85,95,1.2125,3329.23
19263.88,71.84,95,0.0,3329.23
19263.88,71.7,95,0.0,3329.23
19263.88,71.67,95,1.2125,3329.23
19263.88,71.74,95,3.575,3329.23
19263.88,68.09,61,1.225,3329.23
19263.88,70.39,61,0.0,3329.23
19263.88,70.58,71,1.225,3329.23
19263.88,70.75,71,0.0,3329.23
19263.88,69.27,95,1.2125,3329.23
19263.88,69.72,95,0.0,3329.23
19263.88,69.45,94,0.0,3329.23
19263.88,69.54,94,1.175,3329.23
19263.88,69.69,95,0.0,3329.23
19263.88,69.71,95,0.0,3329.23
19263.88,69.67,94,1.2125,3329.23
19263.88,73.35,94,0.0,3329.23
19263.88,71.29,95,0.0,3329.23
19263.88,71.03,95,1.2125,3329.23
19263.88,70.87,95,1.125,3329.23
19263.88,71.89,95,0.0,3329.23
19263.88,71.85,88,0.0,3329.23
19263.88,72.16,93,1.2125,3329.23
19263.88,71.84,93,0.0,3329.23
19263.88,72.06,94,0.0,3329.23
19263.88,71.47,94,1.2125,3329.23
19263.88,71.74,93,0.0,3329.23
19263.88,71.3,93,0.0,3329.23
19263.88,70.99,94,0.0,3329.23
19263.88,71.3,94,1.2,3329.23
19263.88,71.94,95,0.0,3329.23
19263.88,71.45,95,0.0,3329.23
19263.88,71.68,93,2.425,3329.23
19263.88,71.48,94,0.0,3329.23
19263.88,71.57,94,0.0,3329.23
19263.88,71.98,93,1.225,3329.23
19263.88,71.98,93,0.0,3329.23
19263.88,72.04,95,0.0,3329.23
19263.88,72.19,95,1.2125,3329.23
19263.88,72.09,95,0.0,3329.23
19263.88,71.92,95,0.0,3329.23
19263.88,72.26,93,1.225,3329.23
19263.88,71.7,93,0.0,3329.23
19263.88,72.21,94,0.0,3329.23
19263.88,72.41,94,1.2125,3329.23
19263.88,72.22,94,0.0,3329.23
19263.88,72.19,94,0.0,3329.23
19263.88,72.09,95,0.0,3329.23
19263.88,72.17,95,1.225,3329.23
19263.88,72.23,95,0.0,3329.23
19263.88,72.35,95,1.2,3329.23
19263.88,72.19,95,0.0,3329.23
19263.88,72.22,95,0.0,3329.23
19263.88,72.24,94,0.0,3329.23
19263.88,71.8,94,3.2125,3329.23
19263.88,71.33,93,1.1125,3329.23
19263.88,71.52,93,2.3125,3329.23
19263.88,68.55,85,2.3875,3329.23
19263.88,69.87,85,0.0,3329.23
19263.88,69.91,80,0.0,3329.23
19263.88,70.11,80,0.0,3329.23
19263.88,69.35,97,1.2125,3329.23
19263.88,69.28,97,0.0,3329.23
19263.88,69.41,95,0.0,3329.23
19263.88,69.4,95,0.0,3329.23
19263.88,69.66,95,1.225,3329.23
19263.88,69.85,95,1.2125,3329.23
19263.88,69.66,95,0.0,3329.23
19263.88,72.8,95,1.2125,3329.23
19263.88,71.69,95,0.0,3329.23
19263.88,71.56,95,0.0,3329.23
19263.88,71.76,95,3.3125,3329.23
19263.88,71.79,95,0.0,3329.23
19263.88,71.79,95,1.25,3329.23
19263.88,71.86,95,0.0,3329.23
19263.88,71.69,92,0.0,3329.23
19263.88,71.62,92,0.0,3329.23
19263.88,71.86,92,0.0,3329.23
19263.88,71.58,92,1.2375,3329.23
19263.88,71.78,95,0.0,3329.23
19263.88,71.6,95,0.0,3329.23
19263.88,71.81,94,1.2375,3329.23
19263.88,71.61,94,0.0,3329.23
19263.88,71.61,94,0.0,3329.23
19263.88,71.91,94,1.2375,3329.23
19263.88,71.86,94,0.0,3329.23
19263.88,71.89,95,0.0,3329.23
19263.88,71.98,95,0.0,3329.23
19263.88,71.85,95,1.2375,3329.23
19263.88,71.78,95,1.2375,3329.23
19263.88,71.63,95,0.0,3329.23
19263.88,71.6,95,1.2375,3329.23
19263.88,71.59,95,0.0,3329.23
19263.88,71.79,95,0.0,3329.23
19263.88,71.76,94,0.0,3329.23
19263.88,71.35,94,3.675,3329.23
19263.88,71.81,93,0.0,3329.23
19263.88,71.85,93,1.2375,3329.23
19263.88,71.8,94,0.0,3329.23
19263.88,71.92,94,0.0,3329.23
19263.88,71.88,93,0.0,3329.23
19263.88,71.98,93,1.25,3329.23
19263.88,72.05,95,0.0,3329.23
19263.88,72.12,95,0.0,3329.23
19263.88,72.13,95,0.0,3329.23
19263.88,72.18,95,1.25,3329.23
19263.88,72.19,94,0.0,3329.23
19263.88,71.81,94,0.0,3329.23
19263.88,71.31,95,0.0,3329.23
19263.88,71.75,95,4.975,3329.23
19263.88,67.97,66,1.2125,3329.23
19263.88,68.42,66,0.0,3329.23
19263.88,68.49,98,0.0,3329.23
19263.88,67.47,98,0.0,3329.23
19263.88,67.39,96,1.2,3329.23
19263.88,68.22,96,0.0,3329.23
19263.88,68.52,93,1.2125,3329.23
19263.88,68.49,93,0.0,3329.23
19263.88,68.65,95,3.9875,3329.23
19263.88,68.95,84,1.1125,3329.23
19263.88,72.93,84,0.0,3329.23
19263.88,72.68,94,0.0,3329.23
19263.88,72.3,94,0.0,3329.23
19263.88,73.21,92,1.2125,3329.23
19263.88,73.28,92,0.0,3329.23
19263.88,72.57,95,0.0,3329.23
19263.88,72.6,95,1.2125,3329.23
19263.88,72.96,95,0.0,3329.23
19263.88,72.13,95,0.0,3329.23
19263.88,72.82,94,1.225,3329.23
19263.88,72.37,94,0.0,3329.23
19263.88,72.1,95,0.0,3329.23
19263.88,71.98,95,1.2125,3329.23
19263.88,72.2,95,0.0,3329.23
19263.88,72.23,95,0.0,3329.23
19263.88,72.15,95,0.0,3329.23
19263.88,72.27,95,2.425,3329.23
19263.88,71.8,94,0.0,3329.23
19263.88,71.64,94,0.0,3329.23
19263.88,72.05,95,2.1875,3329.23
19263.88,71.83,95,0.0,3329.23
19263.88,72.38,88,0.0,3329.23
19263.88,72.09,88,1.2125,3329.23
19263.88,72.23,95,0.0,3329.23
19263.88,72.29,95,0.0,3329.23
19263.88,72.42,94,1.2125,3329.23
19263.88,72.49,94,0.0,3329.23
19263.88,72.26,95,0.0,3329.23
19263.88,72.43,95,0.0,3329.23
19263.88,72.11,95,1.225,3329.23
19263.88,72.27,93,0.0,3329.23
19263.88,72.09,93,0.0,3329.23
19263.88,71.7,95,1.2125,3329.23
19263.88,71.71,95,0.0,3329.23
19263.88,71.78,95,0.0,3329.23
19263.88,71.6,95,1.2125,3329.23
19263.88,71.81,93,0.0,3329.23
19263.88,71.52,93,0.0,3329.23
19263.88,71.75,94,1.225,3329.23
19263.88,72.25,94,0.0,3329.23
19263.88,72.46,95,0.0,3329.23
19263.88,72.39,95,3.6375,3329.23
19263.88,69.74,65,0.0,3329.23
19263.88,70.11,65,1.2125,3329.23
19263.88,70.24,100,0.0,3329.23
19263.88,70.65,100,1.125,3329.23
19263.88,70.75,100,0.0,3329.23
19263.88,71.03,100,1.1625,3329.23
19263.88,71.45,84,0.0,3329.23
19263.88,71.44,84,1.2,3329.23
19263.88,71.43,94,0.0,3329.23
19263.88,70.7,94,1.2125,3329.23
19263.88,70.88,95,1.2125,3329.23
19263.88,73.22,95,0.0,3329.23
19263.88,73.38,93,0.0,3329.23
19263.88,73.1,93,1.2125,3329.23
19263.88,73.06,94,0.0,3329.23
19263.88,72.35,94,0.0,3329.23
19263.88,72.39,95,0.0,3329.23
19263.88,71.46,95,2.1375,3329.23
19263.88,71.46,94,0.0,3329.23
19263.88,71.75,94,1.2125,3329.23
19263.88,72.03,83,0.0,3329.23
19263.88,71.95,83,0.0,3329.23
19263.88,71.88,95,0.0,3329.23
19263.88,71.85,95,1.225,3329.23
19263.88,71.59,94,0.0,3329.23
19263.88,71.88,94,0.0,3329.23
19263.88,72.05,94,1.2125,3329.23
19263.88,72.17,95,0.0,3329.23
19263.88,71.96,95,0.0,3329.23
19263.88,71.61,92,1.2125,3329.23
19263.88,72.22,92,0.0,3329.23
19263.88,72.18,92,1.2125,3329.23
19263.88,72.66,89,0.0,3329.23
19263.88,72.53,89,1.225,3329.23
19263.88,72.25,92,0.0,3329.23
19263.88,72.65,92,0.0,3329.23
19263.88,72.62,94,0.0,3329.23
19263.88,72.29,94,1.225,3329.23
19263.88,71.86,93,0.0,3329.23
19263.88,72.24,93,0.0,3329.23
19263.88,72.37,94,0.0,3329.23
19263.88,72.2,94,1.2125,3329.23
19263.88,71.82,95,0.0,3329.23
19263.88,71.86,95,0.0,3329.23
19263.88,71.33,95,0.0,3329.23
19263.88,72.02,95,1.225,3329.23
19263.88,71.23,95,0.0,3329.23
19263.88,71.52,95,0.0,3329.23
19263.88,71.16,95,2.175,3329.23
19263.88,72.14,95,0.0,3329.23
19263.88,71.5,82,0.0,3329.23
19263.88,71.81,82,1.2125,3329.23
19263.88,71.98,95,1.225,3329.23
19263.88,71.94,95,0.0,3329.23
19263.88,72.75,94,0.0,3329.23
19263.88,69.53,94,8.575,3329.23
19263.88,67.28,40,0.0,3329.23
19263.88,67.61,40,0.0,3329.23
19263.88,67.96,100,0.0,3329.23
19263.88,66.68,100,1.225,3329.23
19263.88,67.01,96,0.0,3329.23
19263.88,66.73,96,0.0,3329.23
19263.88,66.9,95,0.0,3329.23
19263.88,66.67,95,1.2125,3329.23
19263.88,66.61,93,0.0,3329.23
19263.88,65.76,93,0.0,3329.23
19263.88,68.75,94,1.225,3329.23
19263.88,71.61,94,0.0,3329.23
19263.88,70.86,95,0.0,3329.23
19263.88,70.86,95,0.0,3329.23
19263.88,71.84,94,2.2625,3329.23
19263.88,68.71,94,1.2125,3329.23
19263.88,69.15,84,0.0,3329.23
19263.88,68.89,84,0.0,3329.23
19263.88,69.18,95,0.0,3329.23
19263.88,68.95,95,1.2125,3329.23
19263.88,69.41,95,0.0,3329.23
19263.88,69.23,95,0.0,3329.23
19263.88,68.83,95,1.2125,3329.23
19263.88,69.02,95,0.0,3329.23
19263.88,69.05,94,0.0,3329.23
19263.88,69.06,94,1.2125,3329.23
19263.88,72.23,94,0.0,3329.23
19263.88,72.04,94,0.0,3329.23
19263.88,71.87,94,0.0,3329.23
19263.88,71.86,94,1.2125,3329.23
19263.88,72.48,84,0.0,3329.23
19263.88,72.82,84,0.0,3329.23
19263.88,72.82,94,1.2125,3329.23
19263.88,73.0,95,0.0,3329.23
19263.88,73.0,95,0.0,3329.23
19263.88,72.74,95,1.2,3329.23
19263.88,72.85,95,0.0,3329.23
19263.88,72.85,93,0.0,3329.23
19263.88,72.38,93,0.0,3329.23
19263.88,72.24,93,1.2125,3329.23
19263.88,71.48,93,0.0,3329.23
19263.88,71.74,94,1.225,3329.23
19263.88,71.39,94,0.0,3329.23
19263.88,71.53,94,1.225,3329.23
19263.88,71.38,94,0.0,3329.23
19263.88,71.73,94,0.0,3329.23
19263.88,71.85,94,0.0,3329.23
19263.88,71.78,95,0.0,3329.23
19263.88,72.23,95,1.225,3329.23
19263.88,72.66,95,0.0,3329.23
19263.88,72.57,95,0.0,3329.23
19263.88,72.61,90,0.0,3329.23
19263.88,69.31,73,3.6625,3329.23
19263.88,69.79,73,0.0,3329.23
19263.88,70.21,89,0.0,3329.23
19263.88,70.24,89,1.225,3329.23
19263.88,69.62,89,0.0,3329.23
19263.88,69.62,97,0.0,3329.23
19263.88,69.7,97,0.0,3329.23
19263.88,69.83,95,0.0,3329.23
19263.88,70.03,95,2.45,3329.23
19263.88,69.76,94,0.0,3329.23
19263.88,69.95,94,0.0,3329.23
19263.88,73.21,95,1.1875,3329.23
19263.88,72.71,95,0.0,3329.23
19263.88,72.37,95,0.0,3329.23
19263.88,71.88,95,0.0,3329.23
19263.88,71.88,93,1.225,3329.23
19263.88,72.36,93,0.0,3329.23
19263.88,72.54,95,0.0,3329.23
19263.88,72.41,95,0.0,3329.23
19263.88,71.96,95,1.225,3329.23
19263.88,71.83,95,0.0,3329.23
19263.88,72.11,96,0.0,3329.23
19263.88,71.97,96,0.0,3329.23
19263.88,71.63,95,0.0,3329.23
19263.88,71.83,95,0.0,3329.23
19263.88,72.09,95,1.225,3329.23
19263.88,72.11,95,0.0,3329.23
19263.88,72.07,95,0.0,3329.23
19263.88,71.87,93,1.225,3329.23
19263.88,71.79,93,0.0,3329.23
19263.88,71.9,93,0.0,3329.23
19263.88,71.87,94,0.0,3329.23
19263.88,71.86,95,1.225,3329.23
19263.88,71.44,95,0.0,3329.23
19263.88,72.01,94,0.0,3329.23
19263.88,72.21,95,1.225,3329.23
19263.88,72.18,95,1.225,3329.23
19263.88,72.4,93,0.0,3329.23
19263.88,72.15,93,0.0,3329.23
19263.88,72.19,93,0.0,3329.23
19263.88,72.23,94,1.225,3329.23
19263.88,72.29,95,0.0,3329.23
19263.88,72.23,95,0.0,3329.23
19263.88,72.48,93,0.0,3329.23
19263.88,72.5,93,1.2125,3329.23
19263.88,72.18,95,0.0,3329.23
19263.88,72.44,95,0.0,3329.23
19263.88,71.87,95,1.2125,3329.23
19263.88,72.01,95,0.0,3329.23
19263.88,71.7,95,0.0,3329.23
19263.88,71.97,95,1.2125,3329.23
19263.88,72.07,94,0.0,3329.23
19263.88,72.17,94,2.425,3329.23
19263.88,73.21,73,0.0,3329.23
19263.88,73.71,73,0.0,3329.23
19263.88,73.51,100,1.225,3329.23
19263.88,72.45,100,0.0,3329.23
19263.88,72.34,95,0.0,3329.23
19263.88,72.83,95,1.225,3329.23
19263.88,72.72,95,0.0,3329.23
19263.88,73.27,95,0.0,3329.23
19263.88,73.13,95,0.0,3329.23
19263.88,72.87,95,1.2125,3329.23
19263.88,72.86,95,1.225,3329.23
19263.88,71.79,95,0.0,3329.23
19263.88,71.26,95,0.0,3329.23
19263.88,71.1,95,0.0,3329.23
19263.88,71.82,94,1.225,3329.23
19263.88,71.8,94,0.0,3329.23
19263.88,71.73,95,0.0,3329.23
19263.88,71.7,95,0.0,3329.23
19263.88,71.76,93,0.0,3329.23
19263.88,71.59,93,1.2125,3329.23
19263.88,71.96,95,0.0,3329.23
19263.88,71.76,95,0.0,3329.23
19263.88,71.7,93,1.2125,3329.23
19263.88,71.58,93,0.0,3329.23
19263.88,71.78,94,0.0,3329.23
19263.88,71.83,94,1.2125,3329.23
19263.88,71.93,95,0.0,3329.23
19263.88,71.82,95,0.0,3329.23
19263.88,72.08,95,1.2125,3329.23
19263.88,71.63,95,0.0,3329.23
19263.88,71.96,94,0.0,3329.23
19263.88,71.82,94,0.0,3329.23
19263.88,72.61,93,2.45,3329.23
19263.88,72.61,93,0.0,3329.23
19263.88,72.62,95,0.0,3329.23
19263.88,72.74,95,0.0,3329.23
19263.88,72.92,96,0.0,3329.23
19263.88,73.02,95,1.225,3329.23
19263.88,73.1,95,0.0,3329.23
19263.88,72.93,95,0.0,3329.23
19263.88,72.73,95,0.0,3329.23
19263.88,72.68,96,0.0,3329.23
19263.88,72.68,96,0.0,3329.23
19263.88,71.81,95,1.25,3329.23
19263.88,71.86,95,0.0,3329.23
19263.88,72.11,94,0.0,3329.23
19263.88,72.14,94,0.0,3329.23
19263.88,72.13,94,0.0,3329.23
19263.88,71.93,94,1.25,3329.23
19263.88,71.91,95,0.0,3329.23
19263.88,71.94,95,0.0,3329.23
19263.88,71.7,95,0.0,3329.23
19263.88,68.61,95,3.725,3329.23
19263.88,69.65,71,0.0,3329.23
19263.88,69.66,71,0.0,3329.23
19263.88,69.93,100,1.25,3329.23
19263.88,69.78,100,0.0,3329.23
19263.88,70.17,94,0.0,3329.23
19263.88,69.89,94,1.25,3329.23
19263.88,70.38,94,0.0,3329.23
19263.88,70.27,94,1.2375,3329.23
19263.88,70.43,94,0.0,3329.23
19263.88,70.23,94,0.0,3329.23
19263.88,73.34,95,0.0,3329.23
19263.88,72.64,95,1.2375,3329.23
19263.88,72.64,95,0.0,3329.23
19263.88,72.38,95,0.0,3329.23
19263.88,71.84,95,1.2375,3329.23
19263.88,71.95,95,0.0,3329.23
19263.88,71.57,94,0.0,3329.23
19263.88,72.02,94,1.25,3329.23
19263.88,72.01,95,0.0,3329.23
19263.88,71.82,95,0.0,3329.23
19263.88,71.97,94,1.25,3329.23
19263.88,71.64,94,0.0,3329.23
19263.88,71.62,95,0.0,3329.23
19263.88,71.39,95,0.0,3329.23
19263.88,71.75,95,1.25,3329.23
19263.88,71.86,95,0.0,3329.23
19263.88,71.87,95,0.0,3329.23
19263.88,71.62,95,1.2375,3329.23
19263.88,71.26,95,0.0,3329.23
19263.88,71.63,95,0.0,3329.23
19263.88,71.69,95,0.0,3329.23
19263.88,72.11,95,1.2375,3329.23
19263.88,72.3,93,0.0,3329.23
19263.88,72.06,93,0.0,3329.23
19263.88,72.26,94,1.2125,3329.23
19263.88,72.14,94,0.0,3329.23
19263.88,72.16,94,0.0,3329.23
19263.88,71.89,94,1.2125,3329.23
19263.88,71.94,94,0.0,3329.23
19263.88,71.61,94,0.0,3329.23
19263.88,71.67,94,1.2125,3329.23
19263.88,71.15,94,0.0,3329.23
19263.88,71.45,94,0.0,3329.23
19263.88,70.72,94,1.2,3329.23
19263.88,71.38,93,0.0,3329.23
19263.88,71.0,93,0.0,3329.23
19263.88,71.44,94,0.0,3329.23
19263.88,71.16,94,1.2125,3329.23
19263.88,71.54,95,0.0,3329.23
19263.88,71.2,95,0.0,3329.23
19263.88,71.56,95,2.4375,3329.23
19263.88,71.26,95,0.0,3329.23
19263.88,71.83,94,2.4375,3329.23
19263.88,73.97,94,0.0,3329.23
19263.88,74.28,82,0.0,3329.23
19263.88,74.12,82,1.2,3329.23
19263.88,73.13,98,0.0,3329.23
19263.88,73.17,98,0.0,3329.23
19263.88,73.59,94,0.0,3329.23
19263.88,73.35,94,0.0,3329.23
19263.88,73.94,95,1.2125,3329.23
19263.88,73.87,95,0.0,3329.23
19263.88,74.02,95,0.0,3329.23
19263.88,73.73,95,1.2125,3329.23
19263.88,71.78,95,0.0,3329.23
19263.88,71.37,95,0.0,3329.23
19263.88,71.37,95,0.0,3329.23
19263.88,72.26,94,1.2125,3329.23
19263.88,72.18,94,0.0,3329.23
19263.88,72.2,95,0.0,3329.23
19263.88,72.29,95,0.0,3329.23
19263.88,72.07,95,1.25,3329.23
19263.88,71.95,95,0.0,3329.23
19263.88,72.18,94,0.0,3329.23
19263.88,72.19,94,1.2375,3329.23
19263.88,71.91,95,0.0,3329.23
19263.88,71.87,95,1.2375,3329.23
19263.88,71.97,95,0.0,3329.23
19263.88,72.24,95,1.2375,3329.23
19263.88,72.25,95,0.0,3329.23
19263.88,72.16,95,0.0,3329.23
19263.88,72.32,93,1.2375,3329.23
19263.88,72.37,93,0.0,3329.23
19263.88,72.3,95,0.0,3329.23
19263.88,72.08,95,1.2375,3329.23
19263.88,72.02,95,0.0,3329.23
19263.88,72.11,95,0.0,3329.23
19263.88,72.33,95,0.0,3329.23
19263.88,72.38,95,1.2375,3329.23
19263.88,72.04,95,0.0,3329.23
19263.88,71.76,95,0.0,3329.23
19263.88,71.86,94,1.2375,3329.23
19263.88,71.81,94,0.0,3329.23
19263.88,71.8,95,0.0,3329.23
19263.88,71.68,95,0.0,3329.23
19263.88,71.69,95,1.2375,3329.23
19263.88,71.73,95,0.0,3329.23
19263.88,71.78,94,0.0,3329.23
19263.88,71.99,94,1.25,3329.23
19263.88,71.91,94,0.0,3329.23
19263.88,72.0,94,0.0,3329.23
19263.88,71.9,95,0.0,3329.23
19263.88,72.03,95,0.0,3329.23
19263.88,71.8,95,1.25,3329.23
19263.88,71.67,95,2.4875,3329.23
19263.88,68.52,83,0.0,3329.23
19263.88,68.63,83,1.2375,3329.23
19263.88,68.62,94,0.0,3329.23
19263.88,68.75,94,0.0,3329.23
19263.88,67.94,97,1.2375,3329.23
19263.88,68.08,97,0.0,3329.23
19263.88,68.18,95,0.0,3329.23
19263.88,68.23,95,1.2375,3329.23
19263.88,68.42,95,0.0,3329.23
19263.88,68.07,94,0.0,3329.23
19263.88,68.55,94,1.2125,3329.23
19263.88,71.67,93,0.0,3329.23
19263.88,71.92,93,0.0,3329.23
19263.88,71.79,94,0.0,3329.23
19263.88,71.75,94,1.2,3329.23
19263.88,72.51,95,0.0,3329.23
19263.88,72.45,95,1.2125,3329.23
19263.88,72.29,95,0.0,3329.23
19263.88,72.19,95,0.0,3329.23
19263.88,72.44,95,0.0,3329.23
19263.88,72.37,95,1.2125,3329.23
19263.88,72.08,94,0.0,3329.23
19263.88,71.88,94,0.0,3329.23
19263.88,71.82,95,1.2125,3329.23
19263.88,71.86,95,0.0,3329.23
19263.88,71.8,95,0.0,3329.23
19263.88,71.98,95,1.2125,3329.23
19263.88,72.03,95,0.0,3329.23
19263.88,71.9,95,0.0,3329.23
19263.88,71.94,95,1.225,3329.23
19263.88,71.84,95,0.0,3329.23
19263.88,71.69,95,0.0,3329.23
19263.88,71.59,95,1.225,3329.23
19263.88,71.61,93,0.0,3329.23
19263.88,71.62,93,1.2125,3329.23
19263.88,71.8,95,0.0,3329.23
19263.88,71.66,95,0.0,3329.23
19263.88,71.68,95,1.2125,3329.23
19263.88,71.62,95,0.0,3329.23
19263.88,71.74,94,0.0,3329.23
19263.88,71.69,94,0.0,3329.23
19263.88,71.66,95,1.2125,3329.23
19263.88,71.55,95,0.0,3329.23
19263.88,71.6,95,0.0,3329.23
19263.88,71.74,95,1.2125,3329.23
19263.88,71.87,95,0.0,3329.23
19263.88,71.84,95,0.0,3329.23
19263.88,71.75,95,1.2,3329.23
19263.88,71.71,95,0.0,3329.23
19263.88,71.5,95,0.0,3329.23
19263.88,71.91,95,0.0,3329.23
19263.88,71.88,95,2.2875,3329.23
19263.88,71.69,79,1.225,3329.23
19263.88,74.08,79,0.0,3329.23
19263.88,74.17,100,0.0,3329.23
19263.88,74.14,100,1.2125,3329.23
19263.88,73.28,95,1.2125,3329.23
19263.88,73.04,95,0.0,3329.23
19263.88,73.4,95,0.0,3329.23
19263.88,73.32,95,1.2125,3329.23
19263.88,73.54,94,0.0,3329.23
19263.88,73.36,94,0.0,3329.23
19263.88,73.26,95,1.2125,3329.23
19263.88,73.84,95,0.0,3329.23
19263.88,71.38,95,0.0,3329.23
19263.88,71.54,95,1.2125,3329.23
19263.88,71.06,95,0.0,3329.23
19263.88,72.11,95,0.0,3329.23
19263.88,72.11,95,0.0,3329.23
19263.88,72.08,95,1.225,3329.23
19263.88,72.0,93,0.0,3329.23
19263.88,71.83,93,0.0,3329.23
19263.88,71.87,95,1.2125,3329.23
19263.88,71.92,95,0.0,3329.23
19263.88,72.13,94,0.0,3329.23
19263.88,72.5,94,0.0,3329.23
19263.88,72.81,93,1.2125,3329.23
19263.88,72.75,93,0.0,3329.23
19263.88,72.7,95,0.0,3329.23
19263.88,72.39,92,1.2125,3329.23
19263.88,72.45,92,0.0,3329.23
19263.88,72.32,95,0.0,3329.23
19263.88,72.24,95,0.0,3329.23
19263.88,71.98,95,1.225,3329.23
19263.88,71.91,95,1.225,3329.23
19263.88,71.59,95,0.0,3329.23
19263.88,71.83,95,1.2125,3329.23
19263.88,71.32,95,0.0,3329.23
19263.88,71.79,95,0.0,3329.23
19263.88,71.87,94,0.0,3329.23
19263.88,71.98,94,1.225,3329.23
19263.88,71.92,95,0.0,3329.23
19263.88,71.78,95,0.0,3329.23
19263.88,71.81,95,1.2125,3329.23
19263.88,71.88,95,0.0,3329.23
19263.88,72.02,95,0.0,3329.23
19263.88,72.09,95,0.0,3329.23
19263.88,72.01,95,1.1625,3329.23
19263.88,71.91,95,0.0,3329.23
19263.88,71.63,95,0.0,3329.23
19263.88,71.52,95,1.2375,3329.23
19263.88,71.51,95,0.0,3329.23
19263.88,71.54,95,0.0,3329.23
19263.88,71.51,95,1.225,3329.23
19263.88,68.22,95,1.225,3329.23
19263.88,68.66,83,1.225,3329.23
19263.88,68.55,83,0.0,3329.23
19263.88,67.53,98,0.0,3329.23
19263.88,67.51,98,0.0,3329.23
19263.88,67.72,95,1.225,3329.23
19263.88,68.0,95,0.0,3329.23
19263.88,67.92,95,0.0,3329.23
19263.88,68.39,95,0.0,3329.23
19263.88,68.0,95,1.225,3329.23
19263.88,68.42,95,0.0,3329.23
19263.88,71.75,93,0.0,3329.23
19263.88,71.48,93,0.0,3329.23
19263.88,71.08,95,1.2125,3329.23
19263.88,71.91,95,0.0,3329.23
19263.88,71.81,95,0.0,3329.23
19263.88,72.18,95,0.0,3329.23
19263.88,72.2,95,1.1875,3329.23
19263.88,71.82,95,0.0,3329.23
19263.88,71.83,95,1.2125,3329.23
19263.88,71.93,95,1.2125,3329.23
19263.88,72.03,95,0.0,3329.23
19263.88,71.7,95,0.0,3329.23
19263.88,71.62,95,1.2125,3329.23
19263.88,71.72,95,0.0,3329.23
19263.88,72.02,95,0.0,3329.23
19263.88,71.93,94,0.0,3329.23
19263.88,72.03,94,1.2125,3329.23
19263.88,71.86,93,0.0,3329.23
19263.88,72.66,93,0.0,3329.23
19263.88,72.86,95,1.225,3329.23
19263.88,72.84,95,0.0,3329.23
19263.88,72.61,96,0.0,3329.23
19263.88,72.64,96,0.0,3329.23
19263.88,72.74,95,1.2125,3329.23
19263.88,72.8,95,0.0,3329.23
19263.88,72.85,95,0.0,3329.23
19263.88,72.44,95,1.225,3329.23
19263.88,72.3,93,0.0,3329.23
19263.88,72.02,93,0.0,3329.23
19263.88,71.39,93,0.0,3329.23
19263.88,71.61,93,1.225,3329.23
19263.88,71.36,94,0.0,3329.23
19263.88,71.58,94,0.0,3329.23
19263.88,71.69,95,0.0,3329.23
19263.88,71.92,95,1.225,3329.23
19263.88,71.95,93,0.0,3329.23
19263.88,72.09,93,0.0,3329.23
19263.88,72.33,95,0.0,3329.23
19263.88,72.07,95,1.2125,3329.23
19263.88,72.1,95,0.0,3329.23
19263.88,72.11,95,2.35,3329.23
19263.88,74.52,95,1.2125,3329.23
19263.88,74.75,95,1.2125,3329.23
19263.88,74.75,72,0.0,3329.23
19263.88,74.95,72,0.0,3329.23
19263.88,74.88,100,1.2125,3329.23
19263.88,74.88,100,0.0,3329.23
19263.88,74.22,100,0.0,3329.23
19263.88,74.66,100,1.2125,3329.23
19263.88,74.23,94,0.0,3329.23
19263.88,74.23,94,1.2125,3329.23
19263.88,74.07,95,0.0,3329.23
19263.88,72.13,95,0.0,3329.23
19263.88,71.64,93,0.0,3329.23
19263.88,71.78,93,0.0,3329.23
19263.88,71.54,93,1.2,3329.23
19263.88,71.36,95,0.0,3329.23
19263.88,70.95,95,0.0,3329.23
19263.88,71.62,95,1.2125,3329.23
19263.88,71.18,95,0.0,3329.23
19263.88,71.37,95,0.0,3329.23
19263.88,71.13,95,1.2125,3329.23
19263.88,71.6,95,0.0,3329.23
19263.88,71.19,95,0.0,3329.23
19263.88,71.71,95,1.2125,3329.23
19263.88,71.11,95,0.0,3329.23
19263.88,71.25,95,0.0,3329.23
19263.88,71.09,95,0.0,3329.23
19263.88,71.57,95,1.2125,3329.23
19263.88,71.17,95,0.0,3329.23
19263.88,71.6,93,0.0,3329.23
19263.88,71.27,93,1.225,3329.23
19263.88,71.83,95,0.0,3329.23
19263.88,71.31,95,0.0,3329.23
19263.88,71.72,95,1.2125,3329.23
19263.88,71.25,95,0.0,3329.23
19263.88,71.49,95,1.225,3329.23
19263.88,70.44,95,0.0,3329.23
19263.88,70.89,93,1.225,3329.23
19263.88,70.37,93,0.0,3329.23
19263.88,70.76,95,0.0,3329.23
19263.88,70.22,95,0.0,3329.23
19263.88,70.75,95,1.225,3329.23
19263.88,70.36,95,0.0,3329.23
19263.88,70.86,95,0.0,3329.23
19263.88,70.32,95,1.225,3329.23
19263.88,70.57,95,0.0,3329.23
19263.88,70.26,95,0.0,3329.23
19263.88,71.4,95,0.0,3329.23
19263.88,71.04,95,0.0,3329.23
19263.88,71.44,95,1.225,3329.23
19263.88,70.99,95,0.0,3329.23
19263.88,71.43,95,0.0,3329.23
19263.88,71.17,93,0.0,3329.23
19263.88,71.78,93,0.0,3329.23
19263.88,71.2,94,1.225,3329.23
19263.88,71.65,94,1.225,3329.23
19263.88,71.27,79,0.0,3329.23
19263.88,72.32,79,0.0,3329.23
19263.88,72.44,100,1.225,3329.23
19263.88,71.55,100,0.0,3329.23
19263.88,71.79,95,0.0,3329.23
19263.88,72.03,95,0.0,3329.23
19263.88,72.13,93,1.225,3329.23
19263.88,71.94,93,0.0,3329.23
19263.88,72.02,95,1.2125,3329.23
19263.88,71.86,95,1.225,3329.23
19263.88,72.15,94,0.0,3329.23
19263.88,71.44,94,0.0,3329.23
19263.88,71.2,93,0.0,3329.23
19263.88,70.92,93,1.2125,3329.23
19263.88,71.36,94,0.0,3329.23
19263.88,71.66,94,0.0,3329.23
19263.88,71.33,94,0.0,3329.23
19263.88,71.31,94,1.2125,3329.23
19263.88,70.94,94,0.0,3329.23
19263.88,71.27,94,0.0,3329.23
19263.88,71.34,95,0.0,3329.23
19263.88,71.67,95,1.2125,3329.23
19263.88,71.66,95,0.0,3329.23
19263.88,71.57,95,0.0,3329.23
19263.88,71.89,95,1.2125,3329.23
19263.88,72.27,95,0.0,3329.23
19263.88,72.38,93,0.0,3329.23
19263.88,72.27,93,1.2125,3329.23
19263.88,71.53,95,0.0,3329.23
19263.88,71.7,95,0.0,3329.23
19263.88,71.3,93,0.0,3329.23
19263.88,71.0,93,1.225,3329.23
19263.88,70.63,95,0.0,3329.23
19263.88,70.63,95,0.0,3329.23
19263.88,71.03,95,0.0,3329.23
19263.88,70.89,95,1.25,3329.23
19263.88,71.16,95,0.0,3329.23
19263.88,70.87,95,0.0,3329.23
19263.88,70.81,95,0.0,3329.23
19263.88,72.01,95,1.25,3329.23
19263.88,71.56,94,0.0,3329.23
19263.88,71.87,94,0.0,3329.23
19263.88,71.69,93,1.2375,3329.23
19263.88,72.05,93,0.0,3329.23
19263.88,71.97,93,0.0,3329.23
19263.88,72.13,93,0.0,3329.23
19263.88,71.75,95,1.25,3329.23
19263.88,71.75,95,0.0,3329.23
19263.88,71.89,94,0.0,3329.23
19263.88,71.98,95,1.25,3329.23
19263.88,71.99,95,1.25,3329.23
19263.88,71.79,95,0.0,3329.23
19263.88,71.63,95,2.4875,3329.23
19263.88,71.67,76,0.0,3329.23
19263.88,73.63,76,0.0,3329.23
19263.88,73.69,100,1.2375,3329.23
19263.88,73.94,100,0.0,3329.23
19263.88,72.51,95,0.0,3329.23
19263.88,72.96,95,1.2375,3329.23
19263.88,72.64,95,0.0,3329.23
19263.88,72.96,95,0.0,3329.23
19263.88,72.84,94,1.2375,3329.23
19263.88,72.84,94,0.0,3329.23
19263.88,73.09,95,0.0,3329.23
19263.88,71.3,95,1.2375,3329.23
19263.88,71.0,95,0.0,3329.23
19263.88,70.65,95,0.0,3329.23
19263.88,72.03,95,0.0,3329.23
19263.88,71.95,95,1.2375,3329.23
19263.88,72.09,93,0.0,3329.23
19263.88,72.03,93,0.0,3329.23
19263.88,72.14,95,1.2375,3329.23
19263.88,72.16,95,0.0,3329.23
19263.88,72.34,95,0.0,3329.23
19263.88,72.27,95,1.25,3329.23
19263.88,72.01,95,0.0,3329.23
19263.88,72.14,95,0.0,3329.23
19263.88,72.13,93,1.2375,3329.23
19263.88,72.25,93,0.0,3329.23
19263.88,72.02,94,0.0,3329.23
19263.88,72.19,94,1.2125,3329.23
19263.88,71.77,94,0.0,3329.23
19263.88,72.29,94,0.0,3329.23
19263.88,72.33,94,1.2125,3329.23
19263.88,72.48,94,0.0,3329.23
19263.88,72.44,94,0.0,3329.23
19263.88,72.44,94,0.0,3329.23
19263.88,72.55,94,1.2125,3329.23
19263.88,72.46,94,0.0,3329.23
19263.88,72.48,94,0.0,3329.23
19263.88,72.44,94,1.2125,3329.23
19263.88,72.44,95,0.0,3329.23
19263.88,72.33,95,0.0,3329.23
19263.88,72.07,95,0.0,3329.23
19263.88,71.74,95,1.2125,3329.23
19263.88,71.77,93,0.0,3329.23
19263.88,71.49,93,1.225,3329.23
19263.88,71.9,95,0.0,3329.23
19263.88,72.07,95,1.225,3329.23
19263.88,72.07,95,0.0,3329.23
19263.88,71.98,95,0.0,3329.23
19263.88,71.98,96,0.0,3329.23
19263.88,71.98,96,0.0,3329.23
19263.88,72.13,96,1.225,3329.23
19263.88,71.86,96,1.1875,3329.23
19263.88,68.26,96,0.0,3329.23
19263.88,68.55,96,0.0,3329.23
19263.88,68.73,78,1.2375,3329.23
19263.88,68.32,78,0.0,3329.23
19263.88,68.15,98,0.0,3329.23
19263.88,68.15,98,1.225,3329.23
19263.88,68.18,94,0.0,3329.23
19263.88,68.64,94,0.0,3329.23
19263.88,68.37,94,0.0,3329.23
19263.88,68.38,95,0.0,3329.23
19263.88,68.74,95,1.225,3329.23
19263.88,72.12,94,0.0,3329.23
19263.88,72.14,94,1.225,3329.23
19263.88,71.61,95,0.0,3329.23
19263.88,71.83,95,0.0,3329.23
19263.88,71.91,95,1.225,3329.23
19263.88,71.91,95,0.0,3329.23
19263.88,71.59,95,0.0,3329.23
19263.88,71.94,95,0.0,3329.23
19263.88,72.04,96,0.0,3329.23
19263.88,72.04,96,0.0,3329.23
19263.88,72.06,96,1.2375,3329.23
19263.88,71.91,96,0.0,3329.23
19263.88,71.86,96,0.0,3329.23
19263.88,72.05,96,0.0,3329.23
19263.88,72.32,93,0.0,3329.23
19263.88,72.13,93,0.0,3329.23
19263.88,72.28,94,1.2125,3329.23
19263.88,71.93,95,0.0,3329.23
19263.88,72.03,95,0.0,3329.23
19263.88,71.64,94,1.2,3329.23
19263.88,71.64,94,1.2125,3329.23
19263.88,71.53,94,0.0,3329.23
19263.88,71.58,95,1.2125,3329.23
19263.88,71.79,95,0.0,3329.23
19263.88,71.76,95,0.0,3329.23
19263.88,71.57,95,0.0,3329.23
19263.88,71.82,95,0.0,3329.23
19263.88,72.0,95,1.2125,3329.23
19263.88,71.89,95,0.0,3329.23
19263.88,71.84,94,0.0,3329.23
19263.88,72.1,94,1.2125,3329.23
19263.88,71.98,95,0.0,3329.23
19263.88,71.97,95,0.0,3329.23
19263.88,72.11,95,1.2125,3329.23
19263.88,72.18,95,0.0,3329.23
19263.88,72.15,95,0.0,3329.23
19263.88,72.18,95,1.2125,3329.23
19263.88,71.92,94,0.0,3329.23
19263.88,71.75,94,0.0,3329.23
19263.88,71.66,95,0.0,3329.23
19263.88,71.7,95,2.375,3329.23
19263.88,70.37,91,0.0,3329.23
19263.88,70.78,91,2.425,3329.23
19263.88,71.0,86,0.0,3329.23
19263.88,70.89,86,0.0,3329.23
19263.88,70.37,97,1.225,3329.23
19263.88,70.3,97,0.0,3329.23
19263.88,70.71,95,0.0,3329.23
19263.88,70.76,95,0.0,3329.23
19263.88,70.9,93,0.0,3329.23
19263.88,71.0,93,1.2125,3329.23
19263.88,70.99,95,0.0,3329.23
19263.88,72.38,95,0.0,3329.23
19263.88,72.15,95,1.2125,3329.23
19263.88,71.81,95,0.0,3329.23
19263.88,71.71,93,0.0,3329.23
19263.88,72.15,94,1.2,3329.23
19263.88,72.19,94,0.0,3329.23
19263.88,71.84,95,0.0,3329.23
19263.88,71.98,95,1.2125,3329.23
19263.88,71.69,94,0.0,3329.23
19263.88,72.16,94,1.2125,3329.23
19263.88,72.21,95,0.0,3329.23
19263.88,72.0,95,0.0,3329.23
19263.88,71.79,92,0.0,3329.23
19263.88,70.99,92,1.225,3329.23
19263.88,71.25,95,0.0,3329.23
19263.88,71.2,95,0.0,3329.23
19263.88,71.38,95,1.2125,3329.23
19263.88,71.17,95,0.0,3329.23
19263.88,71.11,95,0.0,3329.23
19263.88,70.81,95,0.0,3329.23
19263.88,70.25,95,1.2125,3329.23
19263.88,70.45,95,0.0,3329.23
19263.88,70.27,95,0.0,3329.23
19263.88,71.78,95,1.2125,3329.23
19263.88,71.61,93,0.0,3329.23
19263.88,72.35,93,0.0,3329.23
19263.88,72.31,95,1.2125,3329.23
19263.88,72.39,95,0.0,3329.23
19263.88,72.24,95,0.0,3329.23
19263.88,72.18,95,0.0,3329.23
19263.88,72.22,95,1.2125,3329.23
19263.88,72.35,94,0.0,3329.23
19263.88,72.32,94,0.0,3329.23
19263.88,72.16,94,1.2125,3329.23
19263.88,72.07,94,0.0,3329.23
19263.88,71.85,94,0.0,3329.23
19263.88,71.41,95,2.425,3329.23
19263.88,71.83,94,0.0,3329.23
19263.88,71.93,94,0.0,3329.23
19263.88,71.77,95,0.0,3329.23
19263.88,71.83,95,1.2125,3329.23
19263.88,71.55,78,1.2125,3329.23
19263.88,71.44,78,1.2125,3329.23
19263.88,71.69,100,0.0,3329.23
19263.88,71.48,100,0.0,3329.23
19263.88,71.65,100,0.0,3329.23
19263.88,70.42,100,1.2125,3329.23
19263.88,70.45,96,0.0,3329.23
19263.88,70.23,96,1.2125,3329.23
19263.88,70.2,94,0.0,3329.23
19263.88,70.23,94,0.0,3329.23
19263.88,70.4,94,0.0,3329.23
19263.88,70.82,94,1.2125,3329.23
19263.88,71.16,95,0.0,3329.23
19263.88,71.06,95,0.0,3329.23
19263.88,71.1,95,1.2125,3329.23
19263.88,70.55,95,0.0,3329.23
19263.88,71.59,93,0.0,3329.23
19263.88,71.46,93,1.2125,3329.23
19263.88,71.68,95,0.0,3329.23
19263.88,70.89,95,0.0,3329.23
19263.88,71.53,93,1.2125,3329.23
19263.88,71.23,93,0.0,3329.23
19263.88,71.62,95,1.225,3329.23
19263.88,71.31,95,0.0,3329.23
19263.88,71.38,95,0.0,3329.23
19263.88,70.63,95,1.2125,3329.23
19263.88,71.2,94,0.0,3329.23
19263.88,71.03,94,0.0,3329.23
19263.88,71.31,95,1.2125,3329.23
19263.88,70.94,95,0.0,3329.23
19263.88,71.66,95,0.0,3329.23
19263.88,71.17,95,1.2,3329.23
19263.88,71.44,95,0.0,3329.23
19263.88,71.03,95,0.0,3329.23
19263.88,71.12,95,0.0,3329.23
19263.88,70.89,93,1.2125,3329.23
19263.88,71.78,93,0.0,3329.23
19263.88,71.38,93,0.0,3329.23
19263.88,71.74,93,1.2125,3329.23
19263.88,72.29,92,0.0,3329.23
19263.88,72.69,92,0.0,3329.23
19263.88,72.81,95,1.2125,3329.23
19263.88,73.28,95,0.0,3329.23
19263.88,73.35,93,0.0,3329.23
19263.88,73.65,93,0.0,3329.23
19263.88,73.7,93,1.2125,3329.23
19263.88,73.7,93,0.0,3329.23
19263.88,73.58,95,0.0,3329.23
19263.88,73.63,95,1.2125,3329.23
19263.88,72.85,95,0.0,3329.23
19263.88,72.83,95,1.2125,3329.23
19263.88,72.33,93,0.0,3329.23
19263.88,72.08,93,1.225,3329.23
19263.88,71.65,94,0.0,3329.23
19263.88,71.55,94,2.425,3329.23
19263.88,69.33,89,0.0,3329.23
19263.88,69.86,89,0.0,3329.23
19263.88,70.14,87,1.2,3329.23
19263.88,70.43,87,0.0,3329.23
19263.88,69.81,98,0.0,3329.23
19263.88,69.9,98,1.2125,3329.23
19263.88,70.0,94,0.0,3329.23
19263.88,70.16,94,0.0,3329.23
19263.88,70.37,94,1.225,3329.23
19263.88,70.25,94,0.0,3329.23
19263.88,70.19,94,0.0,3329.23
19263.88,72.29,94,0.0,3329.23
19263.88,72.36,94,1.2125,3329.23
19263.88,72.14,94,0.0,3329.23
19263.88,71.49,95,1.2,3329.23
19263.88,72.13,95,0.0,3329.23
19263.88,71.91,92,0.0,3329.23
19263.88,71.96,92,1.2,3329.23
19263.88,71.5,94,0.0,3329.23
19263.88,71.54,94,0.0,3329.23
19263.88,71.75,95,1.2125,3329.23
19263.88,71.62,95,1.225,3329.23
19263.88,71.16,93,0.0,3329.23
19263.88,70.99,93,0.0,3329.23
19263.88,71.51,93,1.2125,3329.23
19263.88,71.27,95,0.0,3329.23
19263.88,71.76,95,0.0,3329.23
19263.88,71.43,95,1.2125,3329.23
19263.88,71.93,95,0.0,3329.23
19263.88,71.64,93,0.0,3329.23
19263.88,71.9,92,0.0,3329.23
19263.88,71.33,92,1.225,3329.23
19263.88,71.54,94,0.0,3329.23
19263.88,71.38,94,0.0,3329.23
19263.88,71.66,95,1.2125,3329.23
19263.88,71.61,95,0.0,3329.23
19263.88,71.49,95,0.0,3329.23
19263.88,71.81,95,0.0,3329.23
19263.88,72.1,95,1.25,3329.23
19263.88,71.93,94,0.0,3329.23
19263.88,71.88,94,0.0,3329.23
19263.88,71.9,95,0.0,3329.23
19263.88,72.05,95,1.2375,3329.23
19263.88,72.05,95,0.0,3329.23
19263.88,72.2,95,0.0,3329.23
19263.88,72.17,95,0.0,3329.23
19263.88,72.07,95,1.2375,3329.23
19263.88,72.05,95,1.2375,3329.23
19263.88,71.83,95,0.0,3329.23
19263.88,71.83,94,0.0,3329.23
19263.88,71.31,94,1.2375,3329.23
19263.88,71.54,95,0.0,3329.23
19263.88,68.05,95,2.4875,3329.23
19263.88,68.01,76,0.0,3329.23
19263.88,68.48,76,1.2375,3329.23
19263.88,67.44,100,0.0,3329.23
19263.88,67.54,100,0.0,3329.23
19263.88,67.38,96,1.2375,3329.23
19263.88,67.77,96,0.0,3329.23
19263.88,67.72,95,0.0,3329.23
19263.88,67.72,95,0.0,3329.23
19263.88,68.11,95,1.25,3329.23
19263.88,67.85,95,0.0,3329.23
19263.88,68.15,95,0.0,3329.23
19263.88,71.68,95,0.0,3329.23
19263.88,71.62,95,1.25,3329.23
19263.88,71.31,95,0.0,3329.23
19263.88,71.87,95,0.0,3329.23
19263.88,72.21,95,0.0,3329.23
19263.88,72.38,95,0.0,3329.23
19263.88,72.4,95,0.0,3329.23
19263.88,72.33,96,1.25,3329.23
19263.88,72.11,96,0.0,3329.23
19263.88,72.37,97,0.0,3329.23
19263.88,72.23,97,0.0,3329.23
19263.88,72.27,97,0.0,3329.23
19263.88,71.9,97,1.25,3329.23
19263.88,72.01,96,0.0,3329.23
19263.88,72.29,96,0.0,3329.23
19263.88,72.15,96,0.0,3329.23
19263.88,72.3,96,1.25,3329.23
19263.88,71.91,96,0.0,3329.23
19263.88,72.04,96,0.0,3329.23
19263.88,72.04,96,1.25,3329.23
19263.88,72.1,94,0.0,3329.23
19263.88,72.05,94,0.0,3329.23
19263.88,72.13,94,0.0,3329.23
19263.88,72.25,94,1.225,3329.23
19263.88,72.12,96,0.0,3329.23
19263.88,71.82,96,0.0,3329.23
19263.88,71.78,96,1.225,3329.23
19263.88,71.8,96,0.0,3329.23
19263.88,71.74,96,0.0,3329.23
19263.88,71.75,96,0.0,3329.23
19263.88,71.59,96,0.0,3329.23
19263.88,71.57,96,1.225,3329.23
19263.88,71.49,96,0.0,3329.23
19263.88,71.83,96,0.0,3329.23
19263.88,71.56,96,0.0,3329.23
19263.88,71.79,96,0.0,3329.23
19263.88,71.84,97,1.225,3329.23
19263.88,71.81,97,0.0,3329.23
19263.88,72.04,97,0.0,3329.23
19263.88,71.69,97,0.0,3329.23
19263.88,71.87,94,1.225,3329.23
19263.88,72.91,94,1.225,3329.23
19263.88,73.01,84,0.0,3329.23
19263.88,73.2,84,0.0,3329.23
19263.88,73.04,100,0.0,3329.23
19263.88,73.17,100,1.2125,3329.23
19263.88,73.06,100,0.0,3329.23
19263.88,72.24,100,0.0,3329.23
19263.88,71.84,95,1.2125,3329.23
19263.88,71.9,95,0.0,3329.23
19263.88,72.54,93,0.0,3329.23
19263.88,72.83,93,0.0,3329.23
19263.88,72.54,94,1.2125,3329.23
19263.88,72.95,94,1.2125,3329.23
19263.88,73.48,94,0.0,3329.23
19263.88,73.3,94,1.225,3329.23
19263.88,73.1,95,0.0,3329.23
19263.88,72.73,95,0.0,3329.23
19263.88,73.47,95,0.0,3329.23
19263.88,73.34,94,1.2125,3329.23
19263.88,72.99,94,0.0,3329.23
19263.88,72.78,95,0.0,3329.23
19263.88,72.11,95,0.0,3329.23
19263.88,71.91,95,1.2125,3329.23
19263.88,71.24,95,0.0,3329.23
19263.88,71.4,94,0.0,3329.23
19263.88,71.37,94,0.0,3329.23
19263.88,71.7,94,1.2,3329.23
19263.88,71.62,94,0.0,3329.23
19263.88,72.13,95,0.0,3329.23
19263.88,71.35,95,1.225,3329.23
19263.88,71.67,94,0.0,3329.23
19263.88,71.3,94,0.0,3329.23
19263.88,71.48,95,0.0,3329.23
19263.88,71.18,95,0.0,3329.23
19263.88,71.31,95,1.225,3329.23
19263.88,70.99,95,0.0,3329.23
19263.88,71.2,95,0.0,3329.23
19263.88,70.71,95,0.0,3329.23
19263.88,71.09,95,1.225,3329.23
19263.88,70.73,95,1.225,3329.23
19263.88,71.51,95,0.0,3329.23
19263.88,71.13,95,0.0,3329.23
19263.88,71.58,95,0.0,3329.23
19263.88,70.34,95,1.2375,3329.23
19263.88,70.81,92,0.0,3329.23
19263.88,70.89,92,0.0,3329.23
19263.88,71.32,95,1.2375,3329.23
19263.88,71.69,95,0.0,3329.23
19263.88,72.33,95,0.0,3329.23
19263.88,72.53,95,0.0,3329.23
19263.88,73.03,95,1.2375,3329.23
19263.88,73.08,95,0.0,3329.23
19263.88,73.3,95,0.0,3329.23
19263.88,73.14,95,1.25,3329.23
19263.88,74.39,95,0.0,3329.23
19263.88,74.4,95,2.4875,3329.23
19263.88,71.36,84,0.0,3329.23
19263.88,71.76,84,0.0,3329.23
19263.88,71.53,89,1.2375,3329.23
19263.88,71.62,89,0.0,3329.23
19263.88,71.4,100,0.0,3329.23
19263.88,70.77,100,0.0,3329.23
19263.88,70.31,96,1.25,3329.23
19263.88,70.35,96,0.0,3329.23
19263.88,70.26,96,0.0,3329.23
19263.88,69.98,95,0.0,3329.23
19263.88,69.28,95,1.25,3329.23
19263.88,72.27,95,0.0,3329.23
19263.88,71.7,95,1.2375,3329.23
19263.88,71.78,95,0.0,3329.23
19263.88,71.35,95,1.2375,3329.23
19263.88,71.35,95,0.0,3329.23
19263.88,71.28,93,0.0,3329.23
19263.88,71.61,93,0.0,3329.23
19263.88,71.31,94,1.2375,3329.23
19263.88,71.33,94,0.0,3329.23
19263.88,71.19,95,0.0,3329.23
19263.88,71.71,95,0.0,3329.23
19263.88,71.67,94,1.25,3329.23
19263.88,71.87,94,0.0,3329.23
19263.88,71.38,95,0.0,3329.23
19263.88,71.55,95,1.2375,3329.23
19263.88,71.46,95,0.0,3329.23
19263.88,71.85,95,0.0,3329.23
19263.88,71.6,94,0.0,3329.23
19263.88,71.7,94,1.25,3329.23
19263.88,71.54,95,0.0,3329.23
19263.88,71.94,95,0.0,3329.23
19263.88,71.75,95,0.0,3329.23
19263.88,71.84,95,1.2125,3329.23
19263.88,71.5,95,1.2125,3329.23
19263.88,71.76,95,0.0,3329.23
19263.88,71.59,95,1.2,3329.23
19263.88,71.89,95,0.0,3329.23
19263.88,71.52,95,0.0,3329.23
19263.88,71.63,95,0.0,3329.23
19263.88,71.53,95,1.225,3329.23
19263.88,71.72,95,0.0,3329.23
19263.88,71.44,95,0.0,3329.23
19263.88,71.52,95,0.0,3329.23
19263.88,71.28,95,1.225,3329.23
19263.88,71.58,96,0.0,3329.23
19263.88,71.71,96,0.0,3329.23
19263.88,72.14,96,0.0,3329.23
19263.88,72.17,96,0.0,3329.23
19263.88,72.17,96,1.225,3329.23
19263.88,72.28,96,0.0,3329.23
19263.88,72.25,96,0.0,3329.23
19263.88,72.35,96,0.0,3329.23
19263.88,72.33,97,0.0,3329.23
19263.88,72.29,97,1.1875,3329.23
19263.88,68.69,78,2.4125,3329.23
19263.88,68.75,78,0.0,3329.23
19263.88,68.59,99,0.0,3329.23
19263.88,68.63,99,0.0,3329.23
19263.88,68.34,94,1.2375,3329.23
19263.88,68.62,94,0.0,3329.23
19263.88,68.75,93,0.0,3329.23
19263.88,68.86,93,1.25,3329.23
19263.88,68.78,94,0.0,3329.23
19263.88,68.7,94,0.0,3329.23
19263.88,68.78,95,1.25,3329.23
19263.88,72.42,95,0.0,3329.23
19263.88,72.07,93,0.0,3329.23
19263.88,71.83,93,1.25,3329.23
19263.88,71.32,95,0.0,3329.23
19263.88,71.76,95,0.0,3329.23
19263.88,71.63,95,0.0,3329.23
19263.88,71.59,95,1.2375,3329.23
19263.88,71.55,95,0.0,3329.23
19263.88,71.42,95,0.0,3329.23
19263.88,71.8,94,1.2375,3329.23
19263.88,71.81,94,0.0,3329.23
19263.88,71.73,95,0.0,3329.23
19263.88,71.62,95,1.25,3329.23
19263.88,71.72,95,0.0,3329.23
19263.88,71.88,95,0.0,3329.23
19263.88,71.96,95,1.2375,3329.23
19263.88,71.98,95,0.0,3329.23
19263.88,71.91,94,0.0,3329.23
19263.88,71.85,94,1.2375,3329.23
19263.88,71.98,95,1.2375,3329.23
19263.88,71.89,95,0.0,3329.23
19263.88,71.86,95,0.0,3329.23
19263.88,71.77,95,1.2375,3329.23
19263.88,71.82,95,0.0,3329.23
19263.88,71.92,95,0.0,3329.23
19263.88,71.92,95,0.0,3329.23
19263.88,72.11,93,1.25,3329.23
19263.88,72.11,95,0.0,3329.23
19263.88,72.15,95,0.0,3329.23
19263.88,72.22,95,1.2375,3329.23
19263.88,72.13,95,0.0,3329.23
19263.88,72.13,95,0.0,3329.23
19263.88,71.94,95,0.0,3329.23
19263.88,72.01,95,1.225,3329.23
19263.88,72.09,95,0.0,3329.23
19263.88,72.14,95,0.0,3329.23
19263.88,72.24,95,0.0,3329.23
19263.88,72.33,95,1.225,3329.23
19263.88,71.75,95,0.0,3329.23
19263.88,71.74,95,0.0,3329.23
19263.88,71.77,95,0.0,3329.23
19263.88,71.77,95,2.4375,3329.23
19263.88,71.7,95,0.0,3329.23
19263.88,72.99,82,0.0,3329.23
19263.88,73.0,82,1.2,3329.23
19263.88,73.26,100,0.0,3329.23
19263.88,73.23,100,0.0,3329.23
19263.88,73.19,100,1.225,3329.23
19263.88,73.07,100,0.0,3329.23
19263.88,72.78,97,0.0,3329.23
19263.88,73.24,97,1.2375,3329.23
19263.88,73.21,97,0.0,3329.23
19263.88,73.4,97,0.0,3329.23
19263.88,73.53,97,0.0,3329.23
19263.88,72.38,97,0.0,3329.23
19263.88,72.53,97,0.0,3329.23
19263.88,72.42,97,1.225,3329.23
19263.88,72.38,97,0.0,3329.23
19263.88,72.08,97,0.0,3329.23
19263.88,72.08,96,0.0,3329.23
19263.88,72.16,96,1.225,3329.23
19263.88,72.02,95,0.0,3329.23
19263.88,71.8,94,0.0,3329.23
19263.88,71.95,94,0.0,3329.23
19263.88,71.79,95,1.2125,3329.23
19263.88,72.13,95,0.0,3329.23
19263.88,71.84,95,0.0,3329.23
19263.88,71.64,95,0.0,3329.23
19263.88,71.96,95,1.2,3329.23
19263.88,71.78,95,1.2,3329.23
19263.88,72.12,95,0.0,3329.23
19263.88,71.92,95,1.2125,3329.23
19263.88,72.19,93,0.0,3329.23
19263.88,71.84,93,0.0,3329.23
19263.88,72.07,94,0.0,3329.23
19263.88,71.68,94,1.2125,3329.23
19263.88,71.9,95,0.0,3329.23
19263.88,71.78,95,0.0,3329.23
19263.88,71.48,95,1.2125,3329.23
19263.88,71.89,95,0.0,3329.23
19263.88,71.58,95,0.0,3329.23
19263.88,71.83,95,1.2125,3329.23
19263.88,71.42,95,0.0,3329.23
19263.88,71.42,95,0.0,3329.23
19263.88,71.38,95,1.2125,3329.23
19263.88,71.63,95,0.0,3329.23
19263.88,71.2,95,0.0,3329.23
19263.88,71.48,95,0.0,3329.23
19263.88,71.14,95,1.225,3329.23
19263.88,71.61,95,1.225,3329.23
19263.88,71.27,95,0.0,3329.23
19263.88,71.55,94,0.0,3329.23
19263.88,71.24,94,0.0,3329.23
19263.88,71.64,94,1.2125,3329.23
19263.88,71.33,94,0.0,3329.23
19263.88,71.65,95,0.0,3329.23
19263.88,71.28,95,1.2125,3329.23
19263.88,68.33,81,1.2125,3329.23
19263.88,68.46,81,1.2125,3329.23
19263.88,68.8,99,0.0,3329.23
19263.88,68.62,99,0.0,3329.23
19263.88,68.18,96,1.2125,3329.23
19263.88,68.2,96,0.0,3329.23
19263.88,68.4,95,0.0,3329.23
19263.88,68.39,95,0.0,3329.23
19263.88,68.46,95,1.2125,3329.23
19263.88,68.34,95,0.0,3329.23
19263.88,68.97,95,0.0,3329.23
19263.88,72.16,95,1.2125,3329.23
19263.88,72.32,95,0.0,3329.23
19263.88,71.91,95,1.2,3329.23
19263.88,71.86,95,0.0,3329.23
19263.88,72.16,95,1.2,3329.23
19263.88,72.16,95,0.0,3329.23
19263.88,72.14,95,0.0,3329.23
19263.88,72.07,95,1.2125,3329.23
19263.88,72.05,95,0.0,3329.23
19263.88,72.09,93,0.0,3329.23
19263.88,71.71,93,1.225,3329.23
19263.88,71.82,94,0.0,3329.23
19263.88,71.44,94,0.0,3329.23
19263.88,71.85,94,1.1875,3329.23
19263.88,72.1,94,0.0,3329.23
19263.88,72.14,95,0.0,3329.23
19263.88,72.18,95,1.2125,3329.23
19263.88,72.16,95,0.0,3329.23
19263.88,72.14,95,0.0,3329.23
19263.88,72.13,95,0.0,3329.23
19263.88,72.16,96,1.2125,3329.23
19263.88,72.07,96,0.0,3329.23
19263.88,71.83,96,1.2125,3329.23
19263.88,71.73,96,0.0,3329.23
19263.88,71.72,97,0.0,3329.23
19263.88,71.94,97,1.2125,3329.23
19263.88,71.92,96,0.0,3329.23
19263.88,72.07,96,0.0,3329.23
19263.88,71.89,96,0.0,3329.23
19263.88,72.11,96,1.2125,3329.23
19263.88,71.86,96,0.0,3329.23
19263.88,71.94,96,0.0,3329.23
19263.88,72.03,95,1.2125,3329.23
19263.88,72.24,95,0.0,3329.23
19263.88,72.48,96,0.0,3329.23
19263.88,72.11,96,1.2125,3329.23
19263.88,72.24,96,0.0,3329.23
19263.88,71.83,96,0.0,3329.23
19263.88,71.93,95,0.0,3329.23
19263.88,71.76,95,1.2125,3329.23
19263.88,71.65,95,1.225,3329.23
19263.88,69.28,95,0.0,3329.23
19263.88,69.28,83,1.225,3329.23
19263.88,69.19,83,0.0,3329.23
19263.88,68.98,100,0.0,3329.23
19263.88,68.32,100,0.0,3329.23
19263.88,68.47,94,0.0,3329.23
19263.88,68.59,95,1.225,3329.23
19263.88,68.82,95,0.0,3329.23
19263.88,68.83,95,0.0,3329.23
19263.88,69.02,95,1.2,3329.23
19263.88,69.44,94,1.2125,3329.23
19263.88,72.35,94,0.0,3329.23
19263.88,72.22,95,0.0,3329.23
19263.88,72.28,95,1.2125,3329.23
19263.88,71.93,95,0.0,3329.23
19263.88,72.52,95,0.0,3329.23
19263.88,72.57,94,0.0,3329.23
19263.88,72.52,94,1.1875,3329.23
19263.88,72.41,95,0.0,3329.23
19263.88,72.37,95,1.2,3329.23
19263.88,72.16,94,0.0,3329.23
19263.88,71.88,94,0.0,3329.23
19263.88,72.09,94,0.0,3329.23
19263.88,72.15,94,1.2,3329.23
19263.88,72.2,95,0.0,3329.23
19263.88,72.37,95,0.0,3329.23
19263.88,72.38,95,2.425,3329.23
19263.88,72.3,95,0.0,3329.23
19263.88,72.37,95,0.0,3329.23
19263.88,72.36,95,0.0,3329.23
19263.88,72.22,95,1.225,3329.23
19263.88,71.91,95,0.0,3329.23
19263.88,71.53,94,0.0,3329.23
19263.88,71.36,94,1.2125,3329.23
19263.88,71.35,95,0.0,3329.23
19263.88,72.06,95,0.0,3329.23
19263.88,72.21,94,0.0,3329.23
19263.88,72.07,94,0.0,3329.23
19263.88,72.08,93,1.225,3329.23
19263.88,71.97,95,0.0,3329.23
19263.88,71.91,95,0.0,3329.23
19263.88,71.86,95,1.2125,3329.23
19263.88,71.95,95,0.0,3329.23
19263.88,71.91,93,0.0,3329.23
19263.88,72.2,93,1.225,3329.23
19263.88,72.24,94,0.0,3329.23
19263.88,72.07,94,0.0,3329.23
19263.88,71.65,95,1.2125,3329.23
19263.88,71.72,95,0.0,3329.23
19263.88,71.96,94,0.0,3329.23
19263.88,71.98,94,1.2125,3329.23
19263.88,71.85,95,1.2125,3329.23
19263.88,74.01,95,0.0,3329.23
19263.88,74.3,87,0.0,3329.23
19263.88,74.14,87,1.2125,3329.23
19263.88,73.15,99,0.0,3329.23
19263.88,72.9,99,0.0,3329.23
19263.88,73.19,95,1.2125,3329.23
19263.88,73.07,95,0.0,3329.23
19263.88,73.31,94,0.0,3329.23
19263.88,73.11,94,1.225,3329.23
19263.88,73.1,93,1.225,3329.23
19263.88,73.49,93,0.0,3329.23
19263.88,71.35,95,0.0,3329.23
19263.88,71.08,95,0.0,3329.23
19263.88,70.95,94,0.0,3329.23
19263.88,71.71,94,1.225,3329.23
19263.88,72.02,94,0.0,3329.23
19263.88,72.13,94,0.0,3329.23
19263.88,71.81,94,0.0,3329.23
19263.88,71.85,94,0.0,3329.23
19263.88,71.92,94,1.2125,3329.23
19263.88,72.11,94,0.0,3329.23
19263.88,71.97,95,0.0,3329.23
19263.88,71.97,95,1.2125,3329.23
19263.88,71.99,92,0.0,3329.23
19263.88,72.1,92,0.0,3329.23
19263.88,72.23,95,1.2125,3329.23
19263.88,72.17,95,0.0,3329.23
19263.88,71.83,94,0.0,3329.23
19263.88,72.24,94,1.225,3329.23
19263.88,72.03,93,0.0,3329.23
19263.88,72.19,93,0.0,3329.23
19263.88,71.7,95,0.0,3329.23
19263.88,71.75,95,1.2125,3329.23
19263.88,71.6,95,1.225,3329.23
19263.88,71.96,95,0.0,3329.23
19263.88,72.24,95,0.0,3329.23
19263.88,72.12,95,1.2125,3329.23
19263.88,72.2,95,0.0,3329.23
19263.88,72.24,95,0.0,3329.23
19263.88,72.29,93,1.225,3329.23
19263.88,72.29,93,0.0,3329.23
19263.88,72.1,94,0.0,3329.23
19263.88,72.12,94,0.0,3329.23
19263.88,72.12,95,1.225,3329.23
19263.88,72.05,95,0.0,3329.23
19263.88,72.01,95,0.0,3329.23
19263.88,71.6,95,0.0,3329.23
19263.88,71.89,95,1.225,3329.23
19263.88,71.78,94,0.0,3329.23
19263.88,71.89,94,0.0,3329.23
19263.88,71.71,95,0.0,3329.23
19263.88,71.73,95,1.1875,3329.23
19263.88,69.89,90,1.225,3329.23
19263.88,70.19,90,0.0,3329.23
19263.88,70.39,90,0.0,3329.23
19263.88,70.39,90,0.0,3329.23
19263.88,70.09,97,0.0,3329.23
19263.88,70.28,97,1.225,3329.23
19263.88,70.32,96,0.0,3329.23
19263.88,70.09,96,0.0,3329.23
19263.88,70.34,96,0.0,3329.23
19263.88,70.52,96,1.225,3329.23
19263.88,72.38,96,0.0,3329.23
19263.88,72.38,96,0.0,3329.23
19263.88,72.38,94,0.0,3329.23
19263.88,71.86,94,1.225,3329.23
19263.88,71.52,95,0.0,3329.23
19263.88,71.59,95,0.0,3329.23
19263.88,71.63,94,2.425,3329.23
19263.88,71.51,94,0.0,3329.23
19263.88,71.31,95,0.0,3329.23
19263.88,71.27,95,1.2125,3329.23
19263.88,70.82,95,0.0,3329.23
19263.88,70.82,95,0.0,3329.23
19263.88,70.61,94,0.0,3329.23
19263.88,70.91,94,1.225,3329.23
19263.88,71.18,95,0.0,3329.23
19263.88,71.83,95,0.0,3329.23
19263.88,71.8,94,0.0,3329.23
19263.88,71.8,94,0.0,3329.23
19263.88,71.55,95,1.225,3329.23
19263.88,71.54,95,0.0,3329.23
19263.88,71.71,95,0.0,3329.23
19263.88,71.71,95,0.0,3329.23
19263.88,71.66,95,1.2125,3329.23
19263.88,71.53,95,0.0,3329.23
19263.88,72.05,95,0.0,3329.23
19263.88,72.23,95,1.2125,3329.23
19263.88,72.14,95,0.0,3329.23
19263.88,72.09,95,0.0,3329.23
19263.88,72.12,95,0.0,3329.23
19263.88,72.17,95,1.225,3329.23
19263.88,72.05,95,0.0,3329.23
19263.88,71.98,95,0.0,3329.23
19263.88,72.0,95,0.0,3329.23
19263.88,72.1,95,1.225,3329.23
19263.88,72.11,94,0.0,3329.23
19263.88,71.95,94,0.0,3329.23
19263.88,71.9,95,1.225,3329.23
19263.88,71.86,95,1.225,3329.23
19263.88,71.88,95,0.0,3329.23
19263.88,71.81,95,0.0,3329.23
19263.88,71.81,95,1.225,3329.23
19263.88,71.74,95,1.225,3329.23
19263.88,71.68,79,0.0,3329.23
19263.88,73.08,79,0.0,3329.23
19263.88,73.08,100,1.2125,3329.23
19263.88,73.25,100,0.0,3329.23
19263.88,73.08,100,0.0,3329.23
19263.88,73.3,100,0.0,3329.23
19263.88,72.64,96,1.175,3329.23
19263.88,73.13,96,0.0,3329.23
19263.88,72.85,93,0.0,3329.23
19263.88,73.27,93,0.0,3329.23
19263.88,73.1,94,1.2125,3329.23
19263.88,72.25,94,0.0,3329.23
19263.88,72.02,95,0.0,3329.23
19263.88,72.25,95,1.2125,3329.23
19263.88,71.98,95,0.0,3329.23
19263.88,71.72,95,1.225,3329.23
19263.88,71.25,95,0.0,3329.23
19263.88,71.74,95,1.2125,3329.23
19263.88,71.19,95,0.0,3329.23
19263.88,71.45,95,0.0,3329.23
19263.88,71.17,95,1.2125,3329.23
19263.88,71.62,95,0.0,3329.23
19263.88,71.28,95,0.0,3329.23
19263.88,71.64,95,1.2125,3329.23
19263.88,71.14,93,0.0,3329.23
19263.88,71.45,93,0.0,3329.23
19263.88,71.19,94,1.2125,3329.23
19263.88,71.75,94,0.0,3329.23
19263.88,71.37,95,0.0,3329.23
19263.88,71.88,95,1.2125,3329.23
19263.88,71.83,94,0.0,3329.23
19263.88,72.3,94,0.0,3329.23
19263.88,71.85,95,1.2125,3329.23
19263.88,72.22,95,0.0,3329.23
19263.88,72.48,93,0.0,3329.23
19263.88,72.79,93,0.0,3329.23
19263.88,72.76,95,1.225,3329.23
19263.88,73.27,95,0.0,3329.23
19263.88,73.3,94,0.0,3329.23
19263.88,73.4,94,1.2125,3329.23
19263.88,73.19,95,1.2125,3329.23
19263.88,72.94,95,0.0,3329.23
19263.88,73.01,94,0.0,3329.23
19263.88,72.79,94,1.2125,3329.23
19263.88,72.79,94,0.0,3329.23
19263.88,72.17,94,0.0,3329.23
19263.88,71.78,94,0.0,3329.23
19263.88,71.75,94,1.2125,3329.23
19263.88,71.22,95,0.0,3329.23
19263.88,71.61,95,0.0,3329.23
19263.88,71.28,94,1.225,3329.23
19263.88,71.56,94,0.0,3329.23
19263.88,71.23,95,0.0,3329.23
19263.88,71.43,95,0.0,3329.23
19263.88,71.17,95,1.225,3329.23
19263.88,71.36,95,1.225,3329.23
19263.88,72.36,95,0.0,3329.23
19263.88,72.56,84,0.0,3329.23
19263.88,72.42,84,1.225,3329.23
19263.88,72.33,97,0.0,3329.23
19263.88,72.06,97,0.0,3329.23
19263.88,72.48,95,1.2125,3329.23
19263.88,72.39,95,0.0,3329.23
19263.88,72.89,95,1.2125,3329.23
19263.88,72.66,94,1.2125,3329.23
19263.88,73.04,94,0.0,3329.23
19263.88,73.36,95,0.0,3329.23
19263.88,72.18,95,0.0,3329.23
19263.88,72.08,96,1.2125,3329.23
19263.88,71.77,96,0.0,3329.23
19263.88,72.32,96,0.0,3329.23
19263.88,72.43,96,1.2125,3329.23
19263.88,72.34,96,0.0,3329.23
19263.88,72.46,96,0.0,3329.23
19263.88,71.94,96,0.0,3329.23
19263.88,72.26,96,1.2125,3329.23
19263.88,71.6,96,0.0,3329.23
19263.88,71.57,96,0.0,3329.23
19263.88,71.68,94,1.2125,3329.23
19263.88,71.94,94,0.0,3329.23
19263.88,71.96,96,0.0,3329.23
19263.88,72.0,96,0.0,3329.23
19263.88,71.87,94,1.225,3329.23
19263.88,71.84,94,0.0,3329.23
19263.88,71.82,95,0.0,3329.23
19263.88,71.89,95,0.0,3329.23
19263.88,71.87,94,1.225,3329.23
19263.88,71.86,94,0.0,3329.23
19263.88,71.84,93,0.0,3329.23
19263.88,72.07,93,1.2125,3329.23
19263.88,72.03,95,1.2125,3329.23
19263.88,72.04,95,0.0,3329.23
19263.88,71.78,94,0.0,3329.23
19263.88,71.88,94,1.2,3329.23
19263.88,71.62,95,0.0,3329.23
19263.88,71.9,95,0.0,3329.23
19263.88,71.56,95,1.1875,3329.23
19263.88,72.08,95,0.0,3329.23
19263.88,72.29,95,0.0,3329.23
19263.88,72.31,95,0.0,3329.23
19263.88,72.27,95,1.225,3329.23
19263.88,72.2,95,0.0,3329.23
19263.88,72.33,94,0.0,3329.23
19263.88,72.39,94,0.0,3329.23
19263.88,72.33,95,1.2125,3329.23
19263.88,72.24,95,0.0,3329.23
19263.88,72.16,94,2.2875,3329.23
19263.88,73.85,94,0.0,3329.23
19263.88,73.56,78,0.0,3329.23
19263.88,73.74,100,1.2125,3329.23
19263.88,72.4,100,0.0,3329.23
19263.88,72.8,96,0.0,3329.23
19263.88,72.41,96,1.2125,3329.23
19263.88,72.79,95,0.0,3329.23
19263.88,72.67,95,0.0,3329.23
19263.88,73.12,95,1.2125,3329.23
19263.88,72.76,95,0.0,3329.23
19263.88,73.02,95,0.0,3329.23
19263.88,71.3,95,1.2125,3329.23
19263.88,71.1,94,0.0,3329.23
19263.88,71.03,94,0.0,3329.23
19263.88,71.92,94,0.0,3329.23
19263.88,72.06,94,2.4375,3329.23
19263.88,72.15,95,0.0,3329.23
19263.88,72.1,95,0.0,3329.23
19263.88,72.05,95,1.1875,3329.23
19263.88,71.89,95,0.0,3329.23
19263.88,72.09,95,0.0,3329.23
19263.88,72.07,95,0.0,3329.23
19263.88,71.51,95,1.2375,3329.23
19263.88,71.62,95,0.0,3329.23
19263.88,71.58,94,0.0,3329.23
19263.88,72.15,94,1.2375,3329.23
19263.88,72.19,94,0.0,3329.23
19263.88,72.15,94,0.0,3329.23
19263.88,72.13,95,1.2375,3329.23
19263.88,72.08,95,0.0,3329.23
19263.88,72.15,95,0.0,3329.23
19263.88,72.05,95,1.2375,3329.23
19263.88,71.93,95,0.0,3329.23
19263.88,72.07,95,0.0,3329.23
19263.88,72.19,95,0.0,3329.23
19263.88,72.31,95,1.2375,3329.23
19263.88,72.17,95,0.0,3329.23
19263.88,71.72,94,0.0,3329.23
19263.88,72.22,94,0.0,3329.23
19263.88,72.32,95,1.2375,3329.23
19263.88,72.21,95,0.0,3329.23
19263.88,72.04,95,0.0,3329.23
19263.88,71.92,95,1.2375,3329.23
19263.88,72.01,94,0.0,3329.23
19263.88,72.0,94,0.0,3329.23
19263.88,72.15,94,1.2375,3329.23
19263.88,72.04,94,0.0,3329.23
19263.88,72.01,94,0.0,3329.23
19263.88,71.99,94,0.0,3329.23
19263.88,71.68,94,1.25,3329.23
19263.88,71.24,94,0.0,3329.23
19263.88,71.56,93,0.0,3329.23
19263.88,71.31,93,2.4875,3329.23
19263.88,68.16,93,1.25,3329.23
19263.88,68.47,77,0.0,3329.23
19263.88,68.7,77,0.0,3329.23
19263.88,68.7,100,1.25,3329.23
19263.88,68.95,100,0.0,3329.23
19263.88,68.98,100,0.0,3329.23
19263.88,68.28,100,1.2375,3329.23
19263.88,68.62,97,0.0,3329.23
19263.88,68.23,94,1.2375,3329.23
19263.88,68.23,94,0.0,3329.23
19263.88,68.57,94,0.0,3329.23
19263.88,72.11,95,1.2375,3329.23
19263.88,72.0,95,0.0,3329.23
19263.88,72.04,95,0.0,3329.23
19263.88,71.79,95,0.0,3329.23
19263.88,71.66,95,0.0,3329.23
19263.88,71.35,95,1.225,3329.23
19263.88,71.9,95,0.0,3329.23
19263.88,71.46,95,0.0,3329.23
19263.88,71.93,95,1.225,3329.23
19263.88,71.64,94,0.0,3329.23
19263.88,71.86,94,0.0,3329.23
19263.88,71.56,95,1.2125,3329.23
19263.88,71.74,95,0.0,3329.23
19263.88,71.44,95,0.0,3329.23
19263.88,71.57,95,0.0,3329.23
19263.88,71.39,95,1.225,3329.23
19263.88,71.79,95,0.0,3329.23
19263.88,71.44,95,0.0,3329.23
19263.88,71.86,95,1.2125,3329.23
19263.88,72.24,93,0.0,3329.23
19263.88,72.77,93,0.0,3329.23
19263.88,72.93,95,1.2125,3329.23
19263.88,73.17,95,0.0,3329.23
19263.88,73.0,95,0.0,3329.23
19263.88,72.96,95,1.2125,3329.23
19263.88,72.83,96,0.0,3329.23
19263.88,72.81,96,0.0,3329.23
19263.88,72.7,95,0.0,3329.23
19263.88,72.86,95,1.2125,3329.23
19263.88,72.81,95,0.0,3329.23
19263.88,72.24,95,0.0,3329.23
19263.88,72.11,95,0.0,3329.23
19263.88,71.62,95,1.225,3329.23
19263.88,71.54,95,0.0,3329.23
19263.88,71.33,95,0.0,3329.23
19263.88,71.54,95,0.0,3329.23
19263.88,70.72,95,1.2125,3329.23
19263.88,71.17,93,0.0,3329.23
19263.88,70.83,93,1.2125,3329.23
19263.88,71.4,94,1.2125,3329.23
19263.88,71.09,94,0.0,3329.23
19263.88,71.39,95,0.0,3329.23
19263.88,70.98,95,1.225,3329.23
19263.88,71.41,94,0.0,3329.23
19263.88,71.44,94,0.0,3329.23
19263.88,71.71,95,2.425,3329.23
19263.88,68.26,95,0.0,3329.23
19263.88,69.22,78,0.0,3329.23
19263.88,69.25,78,1.2125,3329.23
19263.88,69.3,98,0.0,3329.23
19263.88,68.7,95,0.0,3329.23
19263.88,69.31,95,1.2125,3329.23
19263.88,69.41,95,0.0,3329.23
19263.88,69.57,95,0.0,3329.23
19263.88,69.58,95,1.2125,3329.23
19263.88,69.12,95,0.0,3329.23
19263.88,69.14,95,0.0,3329.23
19263.88,72.58,95,1.2125,3329.23
19263.88,72.58,95,0.0,3329.23
19263.88,72.24,95,1.175,3329.23
19263.88,72.02,93,0.0,3329.23
19263.88,71.77,93,0.0,3329.23
19263.88,71.42,95,0.0,3329.23
19263.88,71.75,95,1.2125,3329.23
19263.88,71.6,95,0.0,3329.23
19263.88,71.63,95,0.0,3329.23
19263.88,71.76,94,1.2125,3329.23
19263.88,71.4,94,0.0,3329.23
19263.88,71.46,95,0.0,3329.23
19263.88,71.67,95,0.0,3329.23
19263.88,72.12,95,1.2375,3329.23
19263.88,72.03,95,0.0,3329.23
19263.88,72.03,95,0.0,3329.23
19263.88,72.14,95,1.2375,3329.23
19263.88,71.39,95,0.0,3329.23
19263.88,71.39,95,0.0,3329.23
19263.88,71.6,96,2.4875,3329.23
19263.88,71.45,96,0.0,3329.23
19263.88,71.3,94,0.0,3329.23
19263.88,71.31,94,1.2375,3329.23
19263.88,71.57,94,0.0,3329.23
19263.88,71.59,94,0.0,3329.23
19263.88,71.44,95,0.0,3329.23
19263.88,71.44,95,1.2375,3329.23
19263.88,71.24,95,0.0,3329.23
19263.88,71.71,95,0.0,3329.23
19263.88,71.7,95,1.2375,3329.23
19263.88,71.68,95,0.0,3329.23
19263.88,71.7,95,0.0,3329.23
19263.88,71.82,95,0.0,3329.23
19263.88,71.98,92,1.2375,3329.23
19263.88,72.56,92,0.0,3329.23
19263.88,72.6,93,0.0,3329.23
19263.88,72.62,93,0.0,3329.23
19263.88,72.64,95,1.2375,3329.23
19263.88,72.56,95,0.0,3329.23
19263.88,72.61,95,0.0,3329.23
19263.88,72.33,95,2.475,3329.23
19263.88,72.53,95,0.0,3329.23
19263.88,74.06,95,0.0,3329.23
19263.88,74.43,77,1.25,3329.23
19263.88,74.28,77,0.0,3329.23
19263.88,73.8,100,0.0,3329.23
19263.88,72.79,100,1.2375,3329.23
19263.88,72.44,95,0.0,3329.23
19263.88,72.64,95,0.0,3329.23
19263.88,72.73,95,0.0,3329.23
19263.88,72.81,95,1.2375,3329.23
19263.88,72.64,95,0.0,3329.23
19263.88,72.78,95,0.0,3329.23
19263.88,71.04,95,1.25,3329.23
19263.88,71.21,95,1.2375,3329.23
19263.88,70.93,95,0.0,3329.23
19263.88,70.78,95,0.0,3329.23
19263.88,71.28,95,1.2375,3329.23
19263.88,72.01,95,0.0,3329.23
19263.88,71.58,95,0.0,3329.23
19263.88,71.72,95,1.2375,3329.23
19263.88,71.51,95,0.0,3329.23
19263.88,71.93,96,0.0,3329.23
19263.88,71.68,96,1.25,3329.23
19263.88,71.83,96,0.0,3329.23
19263.88,71.33,96,0.0,3329.23
19263.88,71.64,96,0.0,3329.23
19263.88,71.87,96,1.25,3329.23
19263.88,71.92,96,0.0,3329.23
19263.88,71.91,96,0.0,3329.23
19263.88,71.87,95,0.0,3329.23
19263.88,71.95,95,1.25,3329.23
19263.88,71.85,96,1.0875,3329.23
19263.88,71.83,96,1.225,3329.23
19263.88,71.78,95,0.0,3329.23
19263.88,71.7,95,1.2375,3329.23
19263.88,71.83,95,0.0,3329.23
19263.88,71.51,95,1.25,3329.23
19263.88,71.51,96,0.0,3329.23
19263.88,71.65,96,0.0,3329.23
19263.88,71.87,95,0.0,3329.23
19263.88,71.89,95,1.2375,3329.23
19263.88,71.91,95,0.0,3329.23
19263.88,71.98,95,0.0,3329.23
19263.88,71.8,96,1.2375,3329.23
19263.88,71.88,96,0.0,3329.23
19263.88,71.89,96,0.0,3329.23
19263.88,71.81,96,1.225,3329.23
19263.88,71.87,90,0.0,3329.23
19263.88,72.09,90,0.0,3329.23
19263.88,71.91,95,0.0,3329.23
19263.88,72.0,95,1.25,3329.23
19263.88,71.55,95,0.0,3329.23
19263.88,71.84,95,0.0,3329.23
19263.88,71.38,95,0.0,3329.23
19263.88,71.77,95,2.4875,3329.23
19263.88,72.86,80,0.0,3329.23
19263.88,73.06,80,0.0,3329.23
19263.88,73.39,100,1.25,3329.23
19263.88,72.75,100,0.0,3329.23
19263.88,72.64,94,0.0,3329.23
19263.88,73.01,94,0.0,3329.23
19263.88,72.92,94,1.25,3329.23
19263.88,73.56,94,0.0,3329.23
19263.88,73.13,95,0.0,3329.23
19263.88,73.5,95,0.0,3329.23
19263.88,73.25,95,1.25,3329.23
19263.88,72.22,95,0.0,3329.23
19263.88,71.83,95,0.0,3329.23
19263.88,71.47,95,0.0,3329.23
19263.88,71.99,95,1.25,3329.23
19263.88,72.06,95,0.0,3329.23
19263.88,71.98,92,0.0,3329.23
19263.88,72.08,92,1.2375,3329.23
19263.88,71.73,96,0.0,3329.23
19263.88,72.0,96,1.2375,3329.23
19263.88,72.29,93,0.0,3329.23
19263.88,72.1,93,1.2375,3329.23
19263.88,72.03,95,0.0,3329.23
19263.88,72.15,95,0.0,3329.23
19263.88,72.3,95,1.2375,3329.23
19263.88,72.46,95,0.0,3329.23
19263.88,72.41,95,0.0,3329.23
19263.88,72.2,95,1.2125,3329.23
19263.88,72.03,95,0.0,3329.23
19263.88,70.71,95,0.0,3329.23
19263.88,71.19,88,0.0,3329.23
19263.88,70.66,88,1.2125,3329.23
19263.88,70.98,94,0.0,3329.23
19263.88,70.63,94,0.0,3329.23
19263.88,71.04,95,1.2125,3329.23
19263.88,70.86,95,0.0,3329.23
19263.88,71.08,95,0.0,3329.23
19263.88,70.73,95,0.0,3329.23
19263.88,70.81,95,1.2125,3329.23
19263.88,70.69,94,0.0,3329.23
19263.88,72.4,94,0.0,3329.23
19263.88,72.11,95,1.2125,3329.23
19263.88,71.87,95,0.0,3329.23
19263.88,72.02,95,0.0,3329.23
19263.88,72.13,95,1.2125,3329.23
19263.88,72.08,96,1.2125,3329.23
19263.88,72.19,96,0.0,3329.23
19263.88,72.04,96,0.0,3329.23
19263.88,71.89,96,1.2125,3329.23
19263.88,72.01,96,0.0,3329.23
19263.88,72.33,96,0.0,3329.23
19263.88,71.86,96,2.3875,3329.23
19263.88,72.3,96,0.0,3329.23
19263.88,72.22,79,0.0,3329.23
19263.88,72.55,79,0.0,3329.23
19263.88,71.87,98,0.0,3329.23
19263.88,71.95,98,1.225,3329.23
19263.88,71.76,95,0.0,3329.23
19263.88,72.32,95,0.0,3329.23
19263.88,72.21,95,0.0,3329.23
19263.88,72.18,95,0.0,3329.23
19263.88,71.95,95,1.2125,3329.23
19263.88,72.04,95,0.0,3329.23
19263.88,71.87,94,0.0,3329.23
19263.88,71.66,94,0.0,3329.23
19263.88,71.39,95,1.225,3329.23
19263.88,71.85,95,1.2,3329.23
19263.88,71.43,94,0.0,3329.23
19263.88,71.76,94,1.2125,3329.23
19263.88,71.37,94,0.0,3329.23
19263.88,71.63,94,0.0,3329.23
19263.88,71.49,94,1.2125,3329.23
19263.88,72.11,94,0.0,3329.23
19263.88,72.13,94,0.0,3329.23
19263.88,71.78,94,1.225,3329.23
19263.88,71.79,95,0.0,3329.23
19263.88,71.8,95,0.0,3329.23
19263.88,72.11,94,0.0,3329.23
19263.88,72.35,94,1.225,3329.23
19263.88,72.23,95,0.0,3329.23
19263.88,72.14,95,0.0,3329.23
19263.88,71.93,95,1.2125,3329.23
19263.88,71.74,95,0.0,3329.23
19263.88,71.3,95,0.0,3329.23
19263.88,71.61,94,0.0,3329.23
19263.88,70.66,94,1.225,3329.23
19263.88,71.16,94,0.0,3329.23
19263.88,70.87,92,0.0,3329.23
19263.88,71.04,92,1.2,3329.23
19263.88,70.64,95,0.0,3329.23
19263.88,71.02,95,0.0,3329.23
19263.88,71.08,94,1.2125,3329.23
19263.88,70.95,95,1.225,3329.23
19263.88,70.99,95,0.0,3329.23
19263.88,70.96,95,0.0,3329.23
19263.88,71.15,95,0.0,3329.23
19263.88,71.89,95,1.2,3329.23
19263.88,71.83,95,0.0,3329.23
19263.88,71.78,95,0.0,3329.23
19263.88,71.9,95,1.2125,3329.23
19263.88,72.04,93,0.0,3329.23
19263.88,72.0,93,0.0,3329.23
19263.88,71.67,92,1.2125,3329.23
19263.88,72.09,94,0.0,3329.23
19263.88,71.74,94,1.225,3329.23
19263.88,74.44,79,1.2125,3329.23
19263.88,74.49,79,0.0,3329.23
19263.88,74.63,99,0.0,3329.23
19263.88,73.47,99,1.2125,3329.23
19263.88,73.33,95,1.225,3329.23
19263.88,73.48,95,0.0,3329.23
19263.88,73.71,94,0.0,3329.23
19263.88,73.88,94,1.225,3329.23
19263.88,74.0,95,0.0,3329.23
19263.88,73.71,95,0.0,3329.23
19263.88,71.72,94,1.2125,3329.23
19263.88,71.6,94,0.0,3329.23
19263.88,71.2,95,0.0,3329.23
19263.88,72.22,95,1.2125,3329.23
19263.88,72.46,95,0.0,3329.23
19263.88,72.33,95,0.0,3329.23
19263.88,72.3,95,0.0,3329.23
19263.88,72.03,95,1.2125,3329.23
19263.88,71.9,95,0.0,3329.23
19263.88,72.21,95,0.0,3329.23
19263.88,72.54,95,0.0,3329.23
19263.88,71.55,95,1.2125,3329.23
19263.88,71.49,94,0.0,3329.23
19263.88,71.57,94,0.0,3329.23
19263.88,71.77,95,1.2125,3329.23
19263.88,71.8,95,0.0,3329.23
19263.88,71.84,95,0.0,3329.23
19263.88,71.73,95,0.0,3329.23
19263.88,71.71,95,1.2125,3329.23
19263.88,71.91,95,0.0,3329.23
19263.88,72.27,93,0.0,3329.23
19263.88,71.96,93,2.425,3329.23
19263.88,72.67,93,0.0,3329.23
19263.88,72.73,93,0.0,3329.23
19263.88,73.18,94,1.2125,3329.23
19263.88,73.33,94,0.0,3329.23
19263.88,73.14,95,0.0,3329.23
19263.88,73.11,95,1.225,3329.23
19263.88,72.9,94,0.0,3329.23
19263.88,72.87,94,0.0,3329.23
19263.88,72.68,95,0.0,3329.23
19263.88,72.24,95,0.0,3329.23
19263.88,72.16,95,1.225,3329.23
19263.88,72.12,95,0.0,3329.23
19263.88,72.32,96,0.0,3329.23
19263.88,72.22,96,0.0,3329.23
19263.88,72.02,96,1.225,3329.23
19263.88,72.1,96,0.0,3329.23
19263.88,71.92,96,0.0,3329.23
19263.88,71.97,96,0.0,3329.23
19263.88,71.93,95,2.4,3329.23
19263.88,68.28,95,1.1875,3329.23
19263.88,68.48,75,0.0,3329.23
19263.88,68.48,100,1.225,3329.23
19263.88,68.83,100,0.0,3329.23
19263.88,68.55,94,0.0,3329.23
19263.88,67.67,94,0.0,3329.23
19263.88,67.75,94,1.2125,3329.23
19263.88,68.03,94,0.0,3329.23
19263.88,68.56,95,0.0,3329.23
19263.88,68.84,95,1.225,3329.23
19263.88,69.19,92,0.0,3329.23
19263.88,69.19,92,0.0,3329.23
19263.88,72.83,95,0.0,3329.23
19263.88,71.89,95,0.0,3329.23
19263.88,71.81,94,1.225,3329.23
19263.88,72.52,94,0.0,3329.23
19263.88,72.6,95,0.0,3329.23
19263.88,72.52,95,0.0,3329.23
19263.88,71.94,95,1.225,3329.23
19263.88,71.61,95,0.0,3329.23
19263.88,71.7,95,0.0,3329.23
19263.88,72.18,95,1.2,3329.23
19263.88,72.06,93,0.0,3329.23
19263.88,72.43,94,0.0,3329.23
19263.88,72.77,94,2.225,3329.23
19263.88,73.51,81,0.0,3329.23
19263.88,73.43,81,0.0,3329.23
19263.88,73.47,93,0.0,3329.23
19263.88,73.89,93,1.225,3329.23
19263.88,74.49,95,1.225,3329.23
19263.88,74.1,95,0.0,3329.23
19263.88,74.07,93,0.0,3329.23
19263.88,73.38,93,1.2125,3329.23
19263.88,73.39,95,0.0,3329.23
19263.88,73.15,95,0.0,3329.23
19263.88,72.99,95,0.0,3329.23
19263.88,72.25,95,1.2,3329.23
19263.88,72.2,95,0.0,3329.23
19263.88,72.09,95,0.0,3329.23
19263.88,71.77,95,0.0,3329.23
19263.88,71.29,95,2.225,3329.23
19263.88,71.7,93,0.0,3329.23
19263.88,71.56,93,0.0,3329.23
19263.88,71.88,91,0.0,3329.23
19263.88,71.58,91,1.2375,3329.23
19263.88,71.97,95,0.0,3329.23
19263.88,71.72,95,0.0,3329.23
19263.88,71.95,94,1.2375,3329.23
19263.88,71.76,94,1.2375,3329.23
19263.88,71.94,93,0.0,3329.23
19263.88,72.13,93,0.0,3329.23
19263.88,71.95,95,1.2375,3329.23
19263.88,72.06,95,1.2375,3329.23
19263.88,68.62,73,1.25,3329.23
19263.88,68.86,73,0.0,3329.23
19263.88,69.18,99,0.0,3329.23
19263.88,68.09,99,1.25,3329.23
19263.88,68.21,96,0.0,3329.23
19263.88,68.2,95,0.0,3329.23
19263.88,68.51,95,1.2375,3329.23
19263.88,68.31,93,0.0,3329.23
19263.88,68.92,93,0.0,3329.23
19263.88,68.92,85,1.2375,3329.23
19263.88,68.78,85,0.0,3329.23
19263.88,72.39,85,0.0,3329.23
19263.88,71.84,93,1.2375,3329.23
19263.88,72.71,93,0.0,3329.23
19263.88,72.85,94,0.0,3329.23
19263.88,72.8,94,0.0,3329.23
19263.88,72.84,93,1.2375,3329.23
19263.88,72.91,93,0.0,3329.23
19263.88,72.19,95,0.0,3329.23
19263.88,72.08,95,1.25,3329.23
19263.88,71.77,94,0.0,3329.23
19263.88,71.73,94,0.0,3329.23
19263.88,71.52,93,0.0,3329.23
19263.88,71.52,93,1.2375,3329.23
19263.88,71.86,95,0.0,3329.23
19263.88,71.92,95,0.0,3329.23
19263.88,71.99,95,0.0,3329.23
19263.88,71.84,95,1.25,3329.23
19263.88,71.51,95,0.0,3329.23
19263.88,71.24,95,0.0,3329.23
19263.88,71.96,94,0.0,3329.23
19263.88,71.61,94,1.25,3329.23
19263.88,72.27,93,0.0,3329.23
19263.88,72.28,93,0.0,3329.23
19263.88,72.29,95,0.0,3329.23
19263.88,72.33,95,1.2375,3329.23
19263.88,72.43,94,0.0,3329.23
19263.88,72.36,94,0.0,3329.23
19263.88,72.3,95,0.0,3329.23
19263.88,72.32,95,1.225,3329.23
19263.88,72.51,93,0.0,3329.23
19263.88,72.37,93,1.225,3329.23
19263.88,72.11,94,1.2,3329.23
19263.88,71.75,94,0.0,3329.23
19263.88,71.38,95,0.0,3329.23
19263.88,71.66,95,1.225,3329.23
19263.88,71.81,94,0.0,3329.23
19263.88,71.89,94,0.0,3329.23
19263.88,71.94,95,0.0,3329.23
19263.88,71.94,95,0.0,3329.23
19263.88,72.02,95,1.1375,3329.23
19263.88,71.94,95,1.2125,3329.23
19263.88,71.99,92,2.4125,3329.23
19263.88,73.06,71,1.2125,3329.23
19263.88,73.47,71,0.0,3329.23
19263.88,73.75,100,0.0,3329.23
19263.88,73.75,100,0.0,3329.23
19263.88,73.89,100,2.425,3329.23
19263.88,73.36,100,0.0,3329.23
19263.88,73.69,94,0.0,3329.23
19263.88,73.6,94,1.2125,3329.23
19263.88,73.98,95,0.0,3329.23
19263.88,73.48,94,0.0,3329.23
19263.88,73.48,94,1.2125,3329.23
19263.88,72.63,94,0.0,3329.23
19263.88,72.3,93,0.0,3329.23
19263.88,72.05,93,1.2125,3329.23
19263.88,71.56,94,0.0,3329.23
19263.88,72.07,95,0.0,3329.23
19263.88,71.86,95,1.2125,3329.23
19263.88,71.95,94,0.0,3329.23
19263.88,71.58,94,0.0,3329.23
19263.88,71.95,94,0.0,3329.23
19263.88,71.78,94,1.225,3329.23
19263.88,72.11,94,0.0,3329.23
19263.88,71.65,95,0.0,3329.23
19263.88,71.7,92,1.2125,3329.23
19263.88,71.61,92,0.0,3329.23
19263.88,72.07,94,0.0,3329.23
19263.88,71.56,94,1.2125,3329.23
19263.88,71.8,93,0.0,3329.23
19263.88,71.33,93,1.175,3329.23
19263.88,71.68,93,0.0,3329.23
19263.88,71.38,93,0.0,3329.23
19263.88,71.7,94,1.2,3329.23
19263.88,71.21,94,0.0,3329.23
19263.88,71.53,95,0.0,3329.23
19263.88,71.32,95,1.2125,3329.23
19263.88,71.64,95,1.2125,3329.23
19263.88,71.2,95,0.0,3329.23
19263.88,71.62,95,1.2125,3329.23
19263.88,71.15,95,0.0,3329.23
19263.88,71.64,95,0.0,3329.23
19263.88,70.5,95,1.2125,3329.23
19263.88,71.06,93,0.0,3329.23
19263.88,70.72,93,0.0,3329.23
19263.88,71.48,90,1.2125,3329.23
19263.88,71.63,90,0.0,3329.23
19263.88,72.03,95,0.0,3329.23
19263.88,71.59,95,0.0,3329.23
19263.88,72.01,95,1.2125,3329.23
19263.88,71.79,95,0.0,3329.23
19263.88,72.17,95,0.0,3329.23
19263.88,71.75,95,1.2125,3329.23
19263.88,72.86,95,0.0,3329.23
19263.88,72.19,95,0.0,3329.23
19263.88,72.69,92,2.425,3329.23
19263.88,72.5,92,1.2125,3329.23
19263.88,72.52,76,0.0,3329.23
19263.88,73.02,76,0.0,3329.23
19263.88,73.02,100,0.0,3329.23
19263.88,71.86,100,2.425,3329.23
19263.88,72.19,94,0.0,3329.23
19263.88,71.92,94,0.0,3329.23
19263.88,72.29,89,1.2125,3329.23
19263.88,72.53,89,0.0,3329.23
19263.88,72.14,94,0.0,3329.23
19263.88,72.74,94,1.2125,3329.23
19263.88,71.76,95,0.0,3329.23
19263.88,71.55,95,0.0,3329.23
19263.88,71.03,95,1.2125,3329.23
19263.88,72.05,95,0.0,3329.23
19263.88,71.47,95,0.0,3329.23
19263.88,71.73,95,0.0,3329.23
19263.88,71.6,95,1.2125,3329.23
19263.88,71.83,95,0.0,3329.23
19263.88,71.67,94,0.0,3329.23
19263.88,71.81,94,1.225,3329.23
19263.88,71.87,95,0.0,3329.23
19263.88,71.51,95,0.0,3329.23
19263.88,71.52,90,1.175,3329.23
19263.88,69.99,90,0.0,3329.23
19263.88,70.09,93,0.0,3329.23
19263.88,70.42,93,0.0,3329.23
19263.88,70.48,96,1.225,3329.23
19263.88,70.28,96,0.0,3329.23
19263.88,70.45,96,0.0,3329.23
19263.88,70.4,96,1.2125,3329.23
19263.88,70.02,96,0.0,3329.23
19263.88,70.29,96,1.2125,3329.23
19263.88,70.11,96,0.0,3329.23
19263.88,72.11,96,1.2125,3329.23
19263.88,72.15,96,0.0,3329.23
19263.88,72.01,96,0.0,3329.23
19263.88,71.95,96,1.2125,3329.23
19263.88,72.69,96,0.0,3329.23
19263.88,72.69,87,0.0,3329.23
19263.88,72.63,87,0.0,3329.23
19263.88,72.63,95,1.2,3329.23
19263.88,72.7,95,0.0,3329.23
19263.88,72.81,95,1.2125,3329.23
19263.88,72.83,95,0.0,3329.23
19263.88,72.83,96,0.0,3329.23
19263.88,72.47,96,0.0,3329.23
19263.88,72.66,96,1.2125,3329.23
19263.88,72.53,96,0.0,3329.23
19263.88,71.96,96,0.0,3329.23
19263.88,71.91,96,0.0,3329.23
19263.88,71.9,96,2.2375,3329.23
19263.88,70.39,96,1.2,3329.23
19263.88,71.92,60,0.0,3329.23
19263.88,72.14,60,1.2375,3329.23
19263.88,72.46,100,0.0,3329.23
19263.88,71.73,100,0.0,3329.23
19263.88,71.87,95,1.225,3329.23
19263.88,72.17,95,0.0,3329.23
19263.88,72.14,96,0.0,3329.23
19263.88,72.42,96,0.0,3329.23
19263.88,72.17,96,1.2,3329.23
19263.88,72.17,96,0.0,3329.23
19263.88,73.66,96,0.0,3329.23
19263.88,72.29,96,1.2125,3329.23
19263.88,72.26,93,0.0,3329.23
19263.88,71.56,93,0.0,3329.23
19263.88,72.28,95,0.0,3329.23
19263.88,72.39,95,1.225,3329.23
19263.88,72.41,94,0.0,3329.23
19263.88,72.37,94,0.0,3329.23
19263.88,72.28,95,0.0,3329.23
19263.88,72.23,95,1.225,3329.23
19263.88,72.43,94,0.0,3329.23
19263.88,72.06,94,0.0,3329.23
19263.88,71.95,94,0.0,3329.23
19263.88,71.48,95,1.2,3329.23
19263.88,68.97,95,0.0,3329.23
19263.88,68.97,83,1.2125,3329.23
19263.88,69.17,83,0.0,3329.23
19263.88,69.12,95,0.0,3329.23
19263.88,69.53,95,1.2125,3329.23
19263.88,69.39,95,0.0,3329.23
19263.88,69.78,95,1.2125,3329.23
19263.88,69.37,95,0.0,3329.23
19263.88,68.86,95,1.2125,3329.23
19263.88,69.24,92,0.0,3329.23
19263.88,68.97,92,0.0,3329.23
19263.88,72.07,95,1.2125,3329.23
19263.88,71.7,95,0.0,3329.23
19263.88,71.6,95,0.0,3329.23
19263.88,71.25,95,1.2125,3329.23
19263.88,70.86,95,0.0,3329.23
19263.88,71.3,95,0.0,3329.23
19263.88,71.1,94,1.2125,3329.23
19263.88,71.1,94,0.0,3329.23
19263.88,72.0,94,0.0,3329.23
19263.88,72.06,94,0.0,3329.23
19263.88,72.09,95,1.2125,3329.23
19263.88,72.14,95,0.0,3329.23
19263.88,72.23,95,2.1125,3329.23
19263.88,72.08,94,0.0,3329.23
19263.88,72.07,94,1.2125,3329.23
19263.88,72.07,95,0.0,3329.23
19263.88,68.42,95,2.4375,3329.23
19263.88,68.54,78,1.2375,3329.23
19263.88,68.66,78,0.0,3329.23
19263.88,68.6,99,0.0,3329.23
19263.88,68.61,99,0.0,3329.23
19263.88,68.64,95,1.2375,3329.23
19263.88,69.16,95,0.0,3329.23
19263.88,68.94,94,0.0,3329.23
19263.88,69.43,94,0.0,3329.23
19263.88,69.13,96,1.2125,3329.23
19263.88,69.56,96,0.0,3329.23
19263.88,72.91,94,0.0,3329.23
19263.88,73.08,94,1.225,3329.23
19263.88,72.42,93,0.0,3329.23
19263.88,72.23,93,1.2375,3329.23
19263.88,72.36,89,0.0,3329.23
19263.88,72.2,89,0.0,3329.23
19263.88,71.79,93,1.225,3329.23
19263.88,71.98,93,0.0,3329.23
19263.88,71.51,95,0.0,3329.23
19263.88,71.97,95,1.2125,3329.23
19263.88,71.59,95,1.2125,3329.23
19263.88,71.74,95,0.0,3329.23
19263.88,71.31,95,0.0,3329.23
19263.88,71.59,95,1.225,3329.23
19263.88,71.61,96,0.0,3329.23
19263.88,71.5,96,0.0,3329.23
19263.88,71.67,95,1.1375,3329.23
19263.88,71.74,95,0.0,3329.23
19263.88,72.54,80,1.2125,3329.23
19263.88,72.76,80,0.0,3329.23
19263.88,72.79,93,1.2,3329.23
19263.88,73.07,94,0.0,3329.23
19263.88,73.32,94,0.0,3329.23
19263.88,73.96,94,1.2125,3329.23
19263.88,73.73,94,0.0,3329.23
19263.88,74.04,95,0.0,3329.23
19263.88,73.53,95,1.2125,3329.23
19263.88,73.26,95,0.0,3329.23
19263.88,72.41,95,0.0,3329.23
19263.88,72.28,95,0.0,3329.23
19263.88,72.23,95,1.2125,3329.23
19263.88,71.94,94,0.0,3329.23
19263.88,71.64,94,0.0,3329.23
19263.88,71.11,95,1.2125,3329.23
19263.88,71.53,95,0.0,3329.23
19263.88,71.4,95,0.0,3329.23
19263.88,71.65,95,2.425,3329.23
19263.88,71.73,93,0.0,3329.23
19263.88,72.29,93,0.0,3329.23
19263.88,72.4,95,1.175,3329.23
19263.88,72.17,95,0.0,3329.23
19263.88,68.82,95,2.4125,3329.23
19263.88,68.82,95,1.2125,3329.23
19263.88,69.06,74,0.0,3329.23
19263.88,69.57,74,0.0,3329.23
19263.88,69.74,100,0.0,3329.23
19263.88,69.72,100,1.2125,3329.23
19263.88,69.58,100,0.0,3329.23
19263.88,69.04,100,0.0,3329.23
19263.88,68.59,96,1.225,3329.23
19263.88,68.58,96,0.0,3329.23
19263.88,68.49,95,0.0,3329.23
19263.88,68.34,95,1.225,3329.23
19263.88,71.8,95,0.0,3329.23
19263.88,71.77,95,0.0,3329.23
19263.88,71.51,95,0.0,3329.23
19263.88,71.51,92,0.0,3329.23
19263.88,71.12,92,1.2375,3329.23
19263.88,71.42,95,0.0,3329.23
19263.88,71.69,95,0.0,3329.23
19263.88,71.11,95,0.0,3329.23
19263.88,71.59,95,1.2375,3329.23
19263.88,71.49,95,0.0,3329.23
19263.88,71.77,95,0.0,3329.23
19263.88,71.48,95,0.0,3329.23
19263.88,71.71,95,0.0,3329.23
19263.88,71.2,95,1.2375,3329.23
19263.88,71.59,95,0.0,3329.23
19263.88,71.39,95,1.2375,3329.23
19263.88,71.73,95,0.0,3329.23
19263.88,70.22,93,0.0,3329.23
19263.88,70.68,93,1.2375,3329.23
19263.88,70.39,95,0.0,3329.23
19263.88,70.89,95,0.0,3329.23
19263.88,70.44,95,1.25,3329.23
19263.88,70.78,95,0.0,3329.23
19263.88,70.19,95,0.0,3329.23
19263.88,70.6,95,0.0,3329.23
19263.88,70.24,95,0.0,3329.23
19263.88,70.5,95,1.2375,3329.23
19263.88,70.1,95,0.0,3329.23
19263.88,71.67,95,0.0,3329.23
19263.88,72.08,93,0.0,3329.23
19263.88,72.61,93,1.25,3329.23
19263.88,72.73,95,0.0,3329.23
19263.88,73.22,95,0.0,3329.23
19263.88,73.31,95,1.2375,3329.23
19263.88,73.77,95,0.0,3329.23
19263.88,73.53,95,0.0,3329.23
19263.88,73.76,95,1.2375,3329.23
19263.88,73.85,92,0.0,3329.23
19263.88,73.85,92,0.0,3329.23
19263.88,72.86,85,1.25,3329.23
19263.88,72.64,85,0.0,3329.23
19263.88,72.2,93,1.25,3329.23
19263.88,71.92,93,0.0,3329.23
19263.88,71.43,95,1.2375,3329.23
19263.88,71.22,95,0.0,3329.23
19263.88,70.99,91,1.2375,3329.23
19263.88,73.58,91,1.225,3329.23
19263.88,73.45,83,0.0,3329.23
19263.88,73.22,83,0.0,3329.23
19263.88,72.39,98,1.2125,3329.23
19263.88,73.17,98,0.0,3329.23
19263.88,72.82,95,0.0,3329.23
19263.88,73.14,95,0.0,3329.23
19263.88,73.09,95,1.2125,3329.23
19263.88,73.36,95,0.0,3329.23
19263.88,73.5,95,0.0,3329.23
19263.88,73.69,95,1.175,3329.23
19263.88,71.45,95,0.0,3329.23
19263.88,71.53,95,0.0,3329.23
19263.88,71.53,90,1.2125,3329.23
19263.88,72.22,95,0.0,3329.23
19263.88,72.44,95,1.2,3329.23
19263.88,72.23,95,0.0,3329.23
19263.88,72.23,95,1.1625,3329.23
19263.88,72.0,95,0.0,3329.23
19263.88,72.16,95,0.0,3329.23
19263.88,71.8,95,1.2125,3329.23
19263.88,71.75,95,0.0,3329.23
19263.88,71.46,95,0.0,3329.23
19263.88,71.45,95,0.0,3329.23
19263.88,71.68,95,1.2125,3329.23
19263.88,71.99,95,1.0875,3329.23
19263.88,71.89,96,1.2,3329.23
19263.88,71.83,96,1.2125,3329.23
19263.88,71.81,96,0.0,3329.23
19263.88,71.81,96,0.0,3329.23
19263.88,72.07,96,1.2125,3329.23
19263.88,71.78,96,0.0,3329.23
19263.88,71.91,96,0.0,3329.23
19263.88,71.91,96,1.2125,3329.23
19263.88,71.89,96,0.0,3329.23
19263.88,72.02,96,1.2125,3329.23
19263.88,72.13,91,0.0,3329.23
19263.88,71.76,91,0.0,3329.23
19263.88,71.89,93,1.2125,3329.23
19263.88,71.79,93,0.0,3329.23
19263.88,71.6,95,0.0,3329.23
19263.88,71.67,95,2.0875,3329.23
19263.88,71.55,93,0.0,3329.23
19263.88,71.9,93,1.2125,3329.23
19263.88,71.56,90,0.0,3329.23
19263.88,71.79,95,1.2125,3329.23
19263.88,71.58,95,0.0,3329.23
19263.88,72.19,95,0.0,3329.23
19263.88,71.79,95,1.2125,3329.23
19263.88,71.88,94,1.2,3329.23
19263.88,71.55,94,0.0,3329.23
19263.88,71.74,94,2.425,3329.23
19263.88,73.39,94,0.0,3329.23
19263.88,73.69,74,1.2125,3329.23
19263.88,73.73,74,0.0,3329.23
19263.88,73.22,98,0.0,3329.23
19263.88,72.99,98,1.2125,3329.23
19263.88,73.17,95,0.0,3329.23
19263.88,73.12,95,0.0,3329.23
19263.88,73.83,94,1.2125,3329.23
19263.88,74.1,95,0.0,3329.23
19263.88,73.88,95,0.0,3329.23
19263.88,74.03,94,1.2125,3329.23
19263.88,72.19,94,0.0,3329.23
19263.88,72.03,95,0.0,3329.23
19263.88,71.4,95,0.0,3329.23
19263.88,72.23,95,1.225,3329.23
19263.88,72.23,95,0.0,3329.23
19263.88,72.12,95,0.0,3329.23
19263.88,69.63,95,1.1125,3329.23
19263.88,69.75,82,1.225,3329.23
19263.88,70.26,82,0.0,3329.23
19263.88,70.28,96,0.0,3329.23
19263.88,70.11,96,0.0,3329.23
19263.88,70.03,95,0.0,3329.23
19263.88,70.45,95,1.225,3329.23
19263.88,70.62,94,0.0,3329.23
19263.88,71.16,94,0.0,3329.23
19263.88,71.27,92,0.0,3329.23
19263.88,71.43,92,1.2375,3329.23
19263.88,73.25,95,0.0,3329.23
19263.88,73.28,95,0.0,3329.23
19263.88,73.19,94,0.0,3329.23
19263.88,73.0,94,0.0,3329.23
19263.88,72.63,94,1.2,3329.23
19263.88,72.82,94,0.0,3329.23
19263.88,72.62,95,1.2,3329.23
19263.88,72.49,95,1.2125,3329.23
19263.88,71.15,93,0.0,3329.23
19263.88,71.03,93,0.0,3329.23
19263.88,70.91,94,1.2125,3329.23
19263.88,71.24,94,0.0,3329.23
19263.88,70.79,95,0.0,3329.23
19263.88,70.9,95,1.2,3329.23
19263.88,70.71,95,0.0,3329.23
19263.88,71.37,95,0.0,3329.23
19263.88,70.94,92,2.2,3329.23
19263.88,71.32,92,0.0,3329.23
19263.88,70.97,92,1.225,3329.23
19263.88,72.07,92,0.0,3329.23
19263.88,71.78,93,0.0,3329.23
19263.88,71.97,93,0.0,3329.23
19263.88,71.66,95,1.225,3329.23
19263.88,71.78,95,1.2125,3329.23
19263.88,71.56,95,1.175,3329.23
19263.88,73.48,95,0.0,3329.23
19263.88,73.64,71,1.2125,3329.23
19263.88,74.09,98,0.0,3329.23
19263.88,72.99,98,0.0,3329.23
19263.88,73.05,95,1.2,3329.23
19263.88,73.36,95,0.0,3329.23
19263.88,73.43,92,0.0,3329.23
19263.88,73.55,92,1.2125,3329.23
19263.88,73.42,95,0.0,3329.23
19263.88,73.32,95,1.2125,3329.23
19263.88,71.68,94,0.0,3329.23
19263.88,71.42,94,1.2125,3329.23
19263.88,71.36,93,0.0,3329.23
19263.88,72.18,93,0.0,3329.23
19263.88,72.66,93,1.2125,3329.23
19263.88,72.97,93,0.0,3329.23
19263.88,72.58,82,0.0,3329.23
19263.88,72.51,82,1.175,3329.23
19263.88,72.54,94,0.0,3329.23
19263.88,72.8,94,0.0,3329.23
19263.88,72.97,93,1.2,3329.23
19263.88,72.79,93,0.0,3329.23
19263.88,72.53,94,0.0,3329.23
19263.88,72.42,94,1.2125,3329.23
19263.88,72.59,95,0.0,3329.23
19263.88,72.68,95,0.0,3329.23
19263.88,72.42,93,1.2125,3329.23
19263.88,72.59,93,1.2125,3329.23
19263.88,72.61,93,0.0,3329.23
19263.88,72.64,93,0.0,3329.23
19263.88,72.64,94,2.2125,3329.23
19263.88,71.6,94,0.0,3329.23
19263.88,72.37,79,0.0,3329.23
19263.88,72.67,79,1.2125,3329.23
19263.88,72.43,94,0.0,3329.23
19263.88,72.3,94,0.0,3329.23
19263.88,72.22,94,1.2125,3329.23
19263.88,72.11,94,0.0,3329.23
19263.88,72.08,94,0.0,3329.23
19263.88,71.4,92,1.2125,3329.23
19263.88,71.29,92,0.0,3329.23
19263.88,71.96,93,0.0,3329.23
19263.88,71.74,93,1.2,3329.23
19263.88,71.61,95,0.0,3329.23
19263.88,71.59,95,0.0,3329.23
19263.88,71.63,95,1.2125,3329.23
19263.88,71.54,95,0.0,3329.23
19263.88,71.27,95,0.0,3329.23
19263.88,71.49,95,0.0,3329.23
19263.88,70.94,95,1.2125,3329.23
19263.88,71.59,95,0.0,3329.23
19263.88,71.37,95,6.525,3329.23
19263.88,68.35,48,1.2125,3329.23
19263.88,70.11,48,0.0,3329.23
19263.88,70.44,100,0.0,3329.23
19263.88,70.56,100,0.0,3329.23
19263.88,69.65,95,1.2125,3329.23
19263.88,69.27,95,0.0,3329.23
19263.88,69.5,94,0.0,3329.23
19263.88,69.47,94,1.2125,3329.23
19263.88,69.87,91,0.0,3329.23
19263.88,69.99,91,0.0,3329.23
19263.88,70.03,95,1.2125,3329.23
19263.88,73.42,95,0.0,3329.23
19263.88,71.36,95,0.0,3329.23
19263.88,71.18,95,1.2125,3329.23
19263.88,71.99,93,0.0,3329.23
19263.88,72.54,93,0.0,3329.23
19263.88,72.61,94,1.2,3329.23
19263.88,73.09,94,0.0,3329.23
19263.88,73.1,93,0.0,3329.23
19263.88,73.12,93,2.125,3329.23
19263.88,73.09,93,0.0,3329.23
19263.88,72.99,93,1.2125,3329.23
19263.88,71.98,94,0.0,3329.23
19263.88,72.12,94,0.0,3329.23
19263.88,71.9,92,1.2125,3329.23
19263.88,71.73,94,0.0,3329.23
19263.88,71.38,94,0.0,3329.23
19263.88,71.06,94,1.2,3329.23
19263.88,70.44,94,0.0,3329.23
19263.88,71.02,94,1.2125,3329.23
19263.88,70.56,94,0.0,3329.23
19263.88,70.72,95,1.2125,3329.23
19263.88,70.45,95,0.0,3329.23
19263.88,71.59,95,0.0,3329.23
19263.88,71.04,95,1.2125,3329.23
19263.88,71.38,94,0.0,3329.23
19263.88,71.09,94,0.0,3329.23
19263.88,71.41,93,0.0,3329.23
19263.88,71.48,93,1.225,3329.23
19263.88,71.72,95,0.0,3329.23
19263.88,71.71,95,1.0875,3329.23
19263.88,71.11,94,1.1875,3329.23
19263.88,71.25,94,0.0,3329.23
19263.88,71.19,95,1.2125,3329.23
19263.88,71.27,95,0.0,3329.23
19263.88,71.38,95,0.0,3329.23
19263.88,71.44,95,1.225,3329.23
19263.88,71.36,93,0.0,3329.23
19263.88,71.3,93,0.0,3329.23
19263.88,70.92,95,1.2375,3329.23
19263.88,71.16,95,1.1625,3329.23
19263.88,70.79,95,2.3375,3329.23
19263.88,71.52,95,1.2125,3329.23
19263.88,73.42,67,0.0,3329.23
19263.88,73.79,67,2.2875,3329.23
19263.88,73.91,100,0.0,3329.23
19263.88,73.86,100,0.0,3329.23
19263.88,74.3,84,1.2375,3329.23
19263.88,74.08,84,0.0,3329.23
19263.88,74.47,95,0.0,3329.23
19263.88,74.43,95,0.0,3329.23
19263.88,74.41,95,1.2375,3329.23
19263.88,74.41,95,0.0,3329.23
19263.88,74.37,94,0.0,3329.23
19263.88,72.64,94,1.2375,3329.23
19263.88,72.5,95,0.0,3329.23
19263.88,71.9,95,0.0,3329.23
19263.88,72.33,94,1.2375,3329.23
19263.88,72.22,94,0.0,3329.23
19263.88,72.37,95,0.0,3329.23
19263.88,72.38,95,1.2375,3329.23
19263.88,72.23,95,0.0,3329.23
19263.88,72.0,95,0.0,3329.23
19263.88,72.17,95,1.2375,3329.23
19263.88,72.04,95,0.0,3329.23
19263.88,71.52,95,0.0,3329.23
19263.88,71.38,95,1.2375,3329.23
19263.88,71.83,93,0.0,3329.23
19263.88,71.65,94,0.0,3329.23
19263.88,71.94,94,1.2375,3329.23
19263.88,71.92,94,0.0,3329.23
19263.88,71.7,94,1.225,3329.23
19263.88,68.5,81,0.0,3329.23
19263.88,68.94,81,1.2375,3329.23
19263.88,69.18,94,0.0,3329.23
19263.88,69.31,94,0.0,3329.23
19263.88,69.75,95,1.2375,3329.23
19263.88,70.28,95,0.0,3329.23
19263.88,70.03,94,0.0,3329.23
19263.88,70.32,94,1.2375,3329.23
19263.88,69.15,92,0.0,3329.23
19263.88,68.78,92,1.2375,3329.23
19263.88,72.1,95,0.0,3329.23
19263.88,71.74,95,1.25,3329.23
19263.88,71.61,95,0.0,3329.23
19263.88,71.61,95,0.0,3329.23
19263.88,71.37,95,0.0,3329.23
19263.88,71.01,95,1.225,3329.23
19263.88,71.3,94,0.0,3329.23
19263.88,70.79,94,0.0,3329.23
19263.88,71.63,94,1.2125,3329.23
19263.88,71.41,94,0.0,3329.23
19263.88,72.03,94,0.0,3329.23
19263.88,72.0,94,1.2125,3329.23
19263.88,71.89,95,0.0,3329.23
19263.88,71.94,95,3.625,3329.23
19263.88,74.4,69,0.0,3329.23
19263.88,74.58,69,0.0,3329.23
19263.88,74.58,100,1.2125,3329.23
19263.88,73.42,100,0.0,3329.23
19263.88,73.45,94,0.0,3329.23
19263.88,73.75,94,1.2125,3329.23
19263.88,74.0,95,0.0,3329.23
19263.88,73.93,95,0.0,3329.23
19263.88,73.99,95,1.2125,3329.23
19263.88,74.04,95,0.0,3329.23
19263.88,72.09,96,1.2125,3329.23
19263.88,72.15,96,0.0,3329.23
19263.88,71.74,91,1.2125,3329.23
19263.88,73.13,91,0.0,3329.23
19263.88,73.12,94,0.0,3329.23
19263.88,73.17,95,1.225,3329.23
19263.88,72.91,95,0.0,3329.23
19263.88,72.87,95,0.0,3329.23
19263.88,72.66,95,1.2125,3329.23
19263.88,72.73,95,0.0,3329.23
19263.88,72.44,95,0.0,3329.23
19263.88,71.99,95,0.0,3329.23
19263.88,71.57,95,1.2125,3329.23
19263.88,71.75,94,0.0,3329.23
19263.88,71.31,94,0.0,3329.23
19263.88,71.94,94,2.4125,3329.23
19263.88,71.96,94,1.15,3329.23
19263.88,71.88,94,0.0,3329.23
19263.88,71.84,94,0.0,3329.23
19263.88,71.91,95,0.0,3329.23
19263.88,71.94,95,1.2125,3329.23
19263.88,71.76,95,0.0,3329.23
19263.88,71.86,95,0.0,3329.23
19263.88,71.78,93,1.2125,3329.23
19263.88,72.03,93,0.0,3329.23
19263.88,72.05,93,0.0,3329.23
19263.88,71.75,93,0.0,3329.23
19263.88,71.17,94,1.2125,3329.23
19263.88,71.54,94,0.0,3329.23
19263.88,71.27,95,0.0,3329.23
19263.88,71.38,95,1.2125,3329.23
19263.88,71.31,95,0.0,3329.23
19263.88,71.5,95,0.0,3329.23
19263.88,71.73,94,1.1625,3329.23
19263.88,71.18,94,0.0,3329.23
19263.88,71.36,94,1.2375,3329.23
19263.88,71.36,94,0.0,3329.23
19263.88,71.33,95,1.2,3329.23
19263.88,71.5,95,0.0,3329.23
19263.88,71.42,95,0.0,3329.23
19263.88,71.33,95,0.0,3329.23
19263.88,71.25,95,3.6375,3329.23
19263.88,68.45,95,1.2125,3329.23
19263.88,69.81,65,1.2125,3329.23
19263.88,70.92,65,0.0,3329.23
19263.88,69.6,100,0.0,3329.23
19263.88,69.93,100,1.2125,3329.23
19263.88,69.72,96,0.0,3329.23
19263.88,70.23,96,1.1875,3329.23
19263.88,70.56,82,0.0,3329.23
19263.88,70.63,94,0.0,3329.23
19263.88,70.77,94,1.2125,3329.23
19263.88,73.58,95,0.0,3329.23
19263.88,72.42,95,0.0,3329.23
19263.88,72.08,95,1.2125,3329.23
19263.88,71.77,95,0.0,3329.23
19263.88,72.6,95,0.0,3329.23
19263.88,72.33,94,0.0,3329.23
19263.88,72.45,94,1.2125,3329.23
19263.88,72.16,95,0.0,3329.23
19263.88,72.02,95,0.0,3329.23
19263.88,72.03,94,1.2,3329.23
19263.88,72.31,94,0.0,3329.23
19263.88,72.26,95,0.0,3329.23
19263.88,72.02,95,1.225,3329.23
19263.88,72.08,84,1.1125,3329.23
19263.88,72.84,84,0.0,3329.23
19263.88,72.84,95,1.2125,3329.23
19263.88,72.9,95,0.0,3329.23
19263.88,72.7,95,0.0,3329.23
19263.88,72.55,95,1.2125,3329.23
19263.88,72.9,95,0.0,3329.23
19263.88,72.61,95,0.0,3329.23
19263.88,72.86,95,0.0,3329.23
19263.88,72.27,95,1.2125,3329.23
19263.88,72.67,95,0.0,3329.23
19263.88,72.06,95,0.0,3329.23
19263.88,72.15,95,1.2,3329.23
19263.88,72.09,95,0.0,3329.23
19263.88,72.13,94,0.0,3329.23
19263.88,72.03,94,1.2125,3329.23
19263.88,72.08,95,0.0,3329.23
19263.88,71.72,95,1.2125,3329.23
19263.88,71.61,95,1.2125,3329.23
19263.88,71.19,95,0.0,3329.23
19263.88,71.55,94,0.0,3329.23
19263.88,71.55,94,1.2125,3329.23
19263.88,71.96,93,0.0,3329.23
19263.88,71.96,93,0.0,3329.23
19263.88,72.47,94,1.2125,3329.23
19263.88,72.47,94,0.0,3329.23
19263.88,72.39,95,0.0,3329.23
19263.88,72.26,95,1.2,3329.23
19263.88,72.39,95,2.4125,3329.23
19263.88,74.39,95,0.0,3329.23
19263.88,74.39,75,0.0,3329.23
19263.88,74.55,75,1.2125,3329.23
19263.88,72.87,100,0.0,3329.23
19263.88,72.98,100,1.2125,3329.23
19263.88,73.08,85,0.0,3329.23
19263.88,72.95,85,0.0,3329.23
19263.88,73.58,94,0.0,3329.23
19263.88,73.58,95,1.2125,3329.23
19263.88,73.84,95,0.0,3329.23
19263.88,73.82,96,1.2125,3329.23
19263.88,72.06,96,1.2,3329.23
19263.88,71.83,96,0.0,3329.23
19263.88,71.38,96,0.0,3329.23
19263.88,72.68,96,1.2125,3329.23
19263.88,72.31,96,0.0,3329.23
19263.88,71.95,96,0.0,3329.23
19263.88,72.06,96,1.2,3329.23
19263.88,71.52,95,0.0,3329.23
19263.88,71.82,95,0.0,3329.23
19263.88,71.79,94,1.2125,3329.23
19263.88,72.03,94,0.0,3329.23
19263.88,71.79,94,0.0,3329.23
19263.88,71.83,94,0.0,3329.23
19263.88,71.82,95,1.2125,3329.23
19263.88,71.93,95,0.0,3329.23
19263.88,72.04,95,0.0,3329.23
19263.88,72.01,95,1.2125,3329.23
19263.88,71.65,95,0.0,3329.23
19263.88,72.18,95,1.2125,3329.23
19263.88,72.17,95,1.2125,3329.23
19263.88,72.08,95,0.0,3329.23
19263.88,71.92,95,0.0,3329.23
19263.88,71.79,95,0.0,3329.23
19263.88,71.8,95,1.2125,3329.23
19263.88,71.91,95,0.0,3329.23
19263.88,72.0,95,0.0,3329.23
19263.88,71.85,94,1.2125,3329.23
19263.88,71.89,94,0.0,3329.23
19263.88,71.67,95,0.0,3329.23
19263.88,71.15,95,0.0,3329.23
19263.88,71.26,94,1.2125,3329.23
19263.88,71.04,94,0.0,3329.23
19263.88,71.43,94,1.2125,3329.23
19263.88,71.59,94,0.0,3329.23
19263.88,71.67,95,0.0,3329.23
19263.88,71.69,95,0.0,3329.23
19263.88,71.85,95,1.225,3329.23
19263.88,71.97,95,0.0,3329.23
19263.88,72.03,94,0.0,3329.23
19263.88,72.09,94,0.0,3329.23
19263.88,71.98,95,2.45,3329.23
19263.88,68.43,95,0.0,3329.23
19263.88,68.49,75,1.225,3329.23
19263.88,68.52,75,0.0,3329.23
19263.88,68.52,100,0.0,3329.23
19263.88,68.2,100,0.0,3329.23
19263.88,68.32,93,0.0,3329.23
19263.88,68.45,93,2.45,3329.23
19263.88,68.5,95,0.0,3329.23
19263.88,68.59,95,0.0,3329.23
19263.88,68.64,94,1.2,3329.23
19263.88,69.19,94,0.0,3329.23
19263.88,72.79,94,0.0,3329.23
19263.88,73.06,94,0.0,3329.23
19263.88,72.52,95,1.2125,3329.23
19263.88,72.36,95,0.0,3329.23
19263.88,72.65,95,0.0,3329.23
19263.88,72.62,95,0.0,3329.23
19263.88,72.7,95,1.2125,3329.23
19263.88,72.61,95,0.0,3329.23
19263.88,72.35,94,0.0,3329.23
19263.88,72.22,94,1.2125,3329.23
19263.88,71.81,95,0.0,3329.23
19263.88,72.01,95,0.0,3329.23
19263.88,71.71,94,0.0,3329.23
19263.88,72.29,94,1.225,3329.23
19263.88,72.47,94,0.0,3329.23
19263.88,72.45,94,0.0,3329.23
19263.88,72.53,94,0.0,3329.23
19263.88,72.17,94,0.0,3329.23
19263.88,72.12,94,1.225,3329.23
19263.88,72.21,94,0.0,3329.23
19263.88,72.09,94,1.225,3329.23
19263.88,71.85,94,0.0,3329.23
19263.88,71.68,95,1.225,3329.23
19263.88,71.64,95,0.0,3329.23
19263.88,71.64,95,0.0,3329.23
19263.88,71.4,95,1.2,3329.23
19263.88,71.88,94,0.0,3329.23
19263.88,71.88,94,0.0,3329.23
19263.88,72.0,94,1.2125,3329.23
19263.88,71.93,94,0.0,3329.23
19263.88,71.89,94,0.0,3329.23
19263.88,71.82,94,1.2125,3329.23
19263.88,71.92,94,0.0,3329.23
19263.88,71.93,94,0.0,3329.23
19263.88,72.07,94,0.0,3329.23
19263.88,72.0,94,1.2125,3329.23
19263.88,71.89,94,0.0,3329.23
19263.88,71.42,94,0.0,3329.23
19263.88,71.8,93,1.225,3329.23
19263.88,71.51,93,0.0,3329.23
19263.88,71.77,82,1.2375,3329.23
19263.88,72.3,82,1.2125,3329.23
19263.88,70.99,76,1.2125,3329.23
19263.88,70.95,76,0.0,3329.23
19263.88,70.08,98,0.0,3329.23
19263.88,70.27,98,1.2125,3329.23
19263.88,70.05,93,0.0,3329.23
19263.88,70.46,93,0.0,3329.23
19263.88,70.39,94,1.2125,3329.23
19263.88,70.52,94,0.0,3329.23
19263.88,70.21,94,0.0,3329.23
19263.88,69.59,94,1.2125,3329.23
19263.88,71.13,94,0.0,3329.23
19263.88,71.28,94,0.0,3329.23
19263.88,70.94,94,1.2125,3329.23
19263.88,72.12,94,1.2125,3329.23
19263.88,72.39,94,0.0,3329.23
19263.88,73.09,94,1.2125,3329.23
19263.88,73.17,92,0.0,3329.23
19263.88,72.59,92,0.0,3329.23
19263.88,72.69,95,0.0,3329.23
19263.88,72.09,95,1.1625,3329.23
19263.88,69.01,80,1.1875,3329.23
19263.88,69.39,80,0.0,3329.23
19263.88,69.33,92,0.0,3329.23
19263.88,69.52,92,1.2125,3329.23
19263.88,69.49,94,0.0,3329.23
19263.88,69.59,94,0.0,3329.23
19263.88,68.69,95,1.2125,3329.23
19263.88,68.52,95,0.0,3329.23
19263.88,68.92,94,0.0,3329.23
19263.88,68.71,94,0.0,3329.23
19263.88,68.77,93,1.225,3329.23
19263.88,71.94,93,0.0,3329.23
19263.88,71.49,95,0.0,3329.23
19263.88,71.37,95,1.2125,3329.23
19263.88,71.08,94,0.0,3329.23
19263.88,71.21,94,0.0,3329.23
19263.88,70.67,95,0.0,3329.23
19263.88,71.08,95,1.175,3329.23
19263.88,71.05,95,1.2,3329.23
19263.88,71.77,79,0.0,3329.23
19263.88,72.1,79,0.0,3329.23
19263.88,72.95,93,1.2125,3329.23
19263.88,72.98,93,0.0,3329.23
19263.88,73.08,95,0.0,3329.23
19263.88,73.13,95,0.0,3329.23
19263.88,73.3,94,1.225,3329.23
19263.88,73.31,94,1.225,3329.23
19263.88,73.58,95,0.0,3329.23
19263.88,72.89,95,0.0,3329.23
19263.88,71.91,95,1.2125,3329.23
19263.88,71.82,95,0.0,3329.23
19263.88,71.64,94,2.4375,3329.23
19263.88,68.13,94,0.0,3329.23
19263.88,68.55,71,0.0,3329.23
19263.88,68.73,71,0.0,3329.23
19263.88,68.73,100,1.225,3329.23
19263.88,68.54,100,0.0,3329.23
19263.88,69.15,92,0.0,3329.23
19263.88,69.19,92,0.0,3329.23
19263.88,69.64,95,1.225,3329.23
19263.88,69.46,95,0.0,3329.23
19263.88,69.46,95,0.0,3329.23
19263.88,69.46,95,1.2125,3329.23
19263.88,73.02,95,0.0,3329.23
19263.88,71.92,95,2.2,3329.23
19263.88,72.28,95,1.225,3329.23
19263.88,72.43,87,0.0,3329.23
19263.88,72.71,87,0.0,3329.23
19263.88,72.47,95,0.0,3329.23
19263.88,72.58,95,1.2125,3329.23
19263.88,72.15,94,0.0,3329.23
19263.88,72.28,94,0.0,3329.23
19263.88,72.31,93,1.2125,3329.23
19263.88,72.2,93,0.0,3329.23
19263.88,72.47,95,0.0,3329.23
19263.88,72.79,95,1.2125,3329.23
19263.88,72.53,94,0.0,3329.23
19263.88,71.97,94,0.0,3329.23
19263.88,72.13,94,0.0,3329.23
19263.88,71.89,94,1.2125,3329.23
19263.88,71.84,95,0.0,3329.23
19263.88,71.84,95,0.0,3329.23
19263.88,71.81,94,1.2125,3329.23
19263.88,71.75,94,0.0,3329.23
19263.88,71.66,95,1.1375,3329.23
19263.88,71.5,95,0.0,3329.23
19263.88,71.61,85,1.2125,3329.23
19263.88,71.77,85,0.0,3329.23
19263.88,72.73,94,0.0,3329.23
19263.88,72.2,94,1.2125,3329.23
19263.88,72.69,95,0.0,3329.23
19263.88,72.37,95,0.0,3329.23
19263.88,72.72,94,1.2125,3329.23
19263.88,72.25,94,0.0,3329.23
19263.88,72.79,92,0.0,3329.23
19263.88,71.99,92,1.2125,3329.23
19263.88,72.45,94,1.2125,3329.23
19263.88,71.87,94,0.0,3329.23
19263.88,71.81,93,1.2125,3329.23
19263.88,71.41,93,0.0,3329.23
19263.88,71.66,95,0.0,3329.23
19263.88,71.25,95,0.0,3329.23
19263.88,71.6,93,1.15,3329.23
19263.88,71.16,93,1.2125,3329.23
19263.88,69.28,93,3.65,3329.23
19263.88,71.89,93,1.2125,3329.23
19263.88,71.89,65,0.0,3329.23
19263.88,71.8,100,0.0,3329.23
19263.88,72.29,100,1.2125,3329.23
19263.88,72.17,100,0.0,3329.23
19263.88,72.44,100,0.0,3329.23
19263.88,71.42,95,1.2125,3329.23
19263.88,71.76,95,0.0,3329.23
19263.88,71.89,94,0.0,3329.23
19263.88,71.92,94,0.0,3329.23
19263.88,74.2,93,1.225,3329.23
19263.88,72.71,95,0.0,3329.23
19263.88,72.71,95,0.0,3329.23
19263.88,72.62,95,0.0,3329.23
19263.88,72.52,95,1.225,3329.23
19263.88,72.52,95,0.0,3329.23
19263.88,73.63,94,0.0,3329.23
19263.88,73.05,94,0.0,3329.23
19263.88,73.05,95,1.225,3329.23
19263.88,72.96,95,0.0,3329.23
19263.88,72.93,95,0.0,3329.23
19263.88,72.41,95,0.0,3329.23
19263.88,72.34,95,1.2,3329.23
19263.88,72.04,95,0.0,3329.23
19263.88,71.76,95,1.2125,3329.23
19263.88,71.86,94,1.2125,3329.23
19263.88,71.41,94,0.0,3329.23
19263.88,71.48,95,0.0,3329.23
19263.88,71.42,95,1.2125,3329.23
19263.88,71.7,95,0.0,3329.23
19263.88,72.28,95,1.2125,3329.23
19263.88,72.39,85,0.0,3329.23
19263.88,72.42,85,0.0,3329.23
19263.88,72.03,94,1.2125,3329.23
19263.88,72.1,94,0.0,3329.23
19263.88,72.01,94,0.0,3329.23
19263.88,72.08,94,1.2125,3329.23
19263.88,71.45,91,0.0,3329.23
19263.88,71.73,91,0.0,3329.23
19263.88,72.02,94,1.2125,3329.23
19263.88,72.22,94,0.0,3329.23
19263.88,72.11,94,0.0,3329.23
19263.88,72.21,94,0.0,3329.23
19263.88,72.11,94,1.2125,3329.23
19263.88,72.28,94,0.0,3329.23
19263.88,72.22,92,1.2125,3329.23
19263.88,72.46,92,0.0,3329.23
19263.88,72.36,95,0.0,3329.23
19263.88,72.75,95,0.0,3329.23
19263.88,72.55,95,1.2125,3329.23
19263.88,72.36,87,1.1375,3329.23
19263.88,71.39,87,0.0,3329.23
19263.88,71.39,94,0.0,3329.23
19263.88,71.23,94,2.4375,3329.23
19263.88,71.29,94,0.0,3329.23
19263.88,71.25,94,2.4375,3329.23
19263.88,67.8,64,0.0,3329.23
19263.88,68.95,64,1.2125,3329.23
19263.88,69.41,100,0.0,3329.23
19263.88,69.06,100,0.0,3329.23
19263.88,69.29,93,1.2,3329.23
19263.88,70.15,93,0.0,3329.23
19263.88,69.84,93,0.0,3329.23
19263.88,70.11,93,0.0,3329.23
19263.88,69.6,95,1.2,3329.23
19263.88,69.78,95,0.0,3329.23
19263.88,73.05,95,1.2125,3329.23
19263.88,72.24,95,0.0,3329.23
19263.88,71.74,95,0.0,3329.23
19263.88,71.63,95,1.2125,3329.23
19263.88,72.03,95,1.175,3329.23
19263.88,72.12,95,1.175,3329.23
19263.88,71.78,91,0.0,3329.23
19263.88,71.87,91,0.0,3329.23
19263.88,71.46,95,1.2125,3329.23
19263.88,72.0,95,0.0,3329.23
19263.88,72.37,95,0.0,3329.23
19263.88,72.19,95,1.2125,3329.23
19263.88,71.95,95,0.0,3329.23
19263.88,72.01,95,0.0,3329.23
19263.88,72.22,94,1.2125,3329.23
19263.88,72.04,94,0.0,3329.23
19263.88,72.13,94,0.0,3329.23
19263.88,72.1,94,0.0,3329.23
19263.88,72.06,95,1.2125,3329.23
19263.88,72.03,95,0.0,3329.23
19263.88,71.92,95,1.2125,3329.23
19263.88,71.14,95,0.0,3329.23
19263.88,69.32,91,0.0,3329.23
19263.88,70.0,91,1.2125,3329.23
19263.88,70.04,87,0.0,3329.23
19263.88,70.04,87,0.0,3329.23
19263.88,70.08,93,1.2125,3329.23
19263.88,70.04,93,0.0,3329.23
19263.88,70.19,94,0.0,3329.23
19263.88,70.28,94,1.2125,3329.23
19263.88,70.23,95,0.0,3329.23
19263.88,70.7,95,0.0,3329.23
19263.88,70.21,95,1.2125,3329.23
19263.88,72.75,95,0.0,3329.23
19263.88,72.36,95,1.2,3329.23
19263.88,72.31,95,0.0,3329.23
19263.88,72.29,95,1.175,3329.23
19263.88,72.21,92,0.0,3329.23
19263.88,71.96,92,1.2125,3329.23
19263.88,71.85,95,1.1125,3329.23
19263.88,71.48,95,1.1375,3329.23
19263.88,72.46,88,2.4875,3329.23
19263.88,72.11,88,1.25,3329.23
19263.88,73.94,70,0.0,3329.23
19263.88,73.88,100,1.25,3329.23
19263.88,74.18,100,0.0,3329.23
19263.88,73.02,95,0.0,3329.23
19263.88,73.3,95,0.0,3329.23
19263.88,73.12,95,1.25,3329.23
19263.88,73.56,95,0.0,3329.23
19263.88,73.48,94,0.0,3329.23
19263.88,73.99,94,0.0,3329.23
19263.88,73.4,94,1.25,3329.23
19263.88,73.72,94,0.0,3329.23
19263.88,72.5,95,0.0,3329.23
19263.88,71.95,95,0.0,3329.23
19263.88,71.62,95,1.2375,3329.23
19263.88,72.36,95,0.0,3329.23
19263.88,72.3,92,0.0,3329.23
19263.88,72.32,92,2.4875,3329.23
19263.88,72.15,95,0.0,3329.23
19263.88,71.88,95,1.15,3329.23
19263.88,72.32,85,1.2,3329.23
19263.88,72.43,85,1.2375,3329.23
19263.88,72.08,94,0.0,3329.23
19263.88,72.19,94,0.0,3329.23
19263.88,72.44,94,1.2375,3329.23
19263.88,73.01,94,0.0,3329.23
19263.88,72.66,95,0.0,3329.23
19263.88,73.07,95,1.2375,3329.23
19263.88,72.43,95,0.0,3329.23
19263.88,72.53,95,0.0,3329.23
19263.88,72.4,95,0.0,3329.23
19263.88,72.02,95,1.25,3329.23
19263.88,71.91,95,0.0,3329.23
19263.88,71.88,95,1.2375,3329.23
19263.88,72.02,95,1.2375,3329.23
19263.88,71.91,95,0.0,3329.23
19263.88,71.67,95,0.0,3329.23
19263.88,72.14,94,1.225,3329.23
19263.88,72.03,94,0.0,3329.23
19263.88,71.89,95,0.0,3329.23
19263.88,72.17,95,0.0,3329.23
19263.88,72.03,95,1.225,3329.23
19263.88,72.0,95,0.0,3329.23
19263.88,71.89,95,0.0,3329.23
19263.88,72.02,95,0.0,3329.23
19263.88,72.06,95,1.225,3329.23
19263.88,72.06,95,0.0,3329.23
19263.88,71.81,95,0.0,3329.23
19263.88,71.75,95,0.0,3329.23
19263.88,71.77,94,1.2,3329.23
19263.88,72.43,93,0.0,3329.23
19263.88,72.6,93,0.0,3329.23
19263.88,72.54,95,2.4375,3329.23
19263.88,69.38,95,1.225,3329.23
19263.88,70.12,70,0.0,3329.23
19263.88,70.19,70,1.175,3329.23
19263.88,70.46,100,0.0,3329.23
19263.88,70.54,100,1.2125,3329.23
19263.88,71.02,79,0.0,3329.23
19263.88,70.76,79,0.0,3329.23
19263.88,70.86,94,1.2125,3329.23
19263.88,70.75,94,1.2125,3329.23
19263.88,70.34,94,0.0,3329.23
19263.88,70.47,94,0.0,3329.23
19263.88,73.71,94,1.2125,3329.23
19263.88,73.42,94,0.0,3329.23
19263.88,72.88,94,0.0,3329.23
19263.88,72.87,93,1.2125,3329.23
19263.88,72.85,93,1.0875,3329.23
19263.88,72.76,95,1.2375,3329.23
19263.88,72.72,95,0.0,3329.23
19263.88,72.79,95,1.25,3329.23
19263.88,72.52,95,0.0,3329.23
19263.88,72.74,95,0.0,3329.23
19263.88,72.78,95,1.2375,3329.23
19263.88,72.5,95,0.0,3329.23
19263.88,71.87,95,0.0,3329.23
19263.88,72.17,95,0.0,3329.23
19263.88,72.0,95,1.25,3329.23
19263.88,71.83,95,0.0,3329.23
19263.88,72.0,95,0.0,3329.23
19263.88,71.71,94,1.25,3329.23
19263.88,71.78,94,0.0,3329.23
19263.88,71.66,96,0.0,3329.23
19263.88,71.45,96,1.25,3329.23
19263.88,71.48,94,0.0,3329.23
19263.88,71.46,94,0.0,3329.23
19263.88,71.54,95,1.25,3329.23
19263.88,71.51,95,0.0,3329.23
19263.88,72.07,94,0.0,3329.23
19263.88,71.99,94,1.2375,3329.23
19263.88,71.28,93,0.0,3329.23
19263.88,71.41,93,1.2375,3329.23
19263.88,70.91,94,0.0,3329.23
19263.88,70.89,94,0.0,3329.23
19263.88,70.97,95,1.2375,3329.23
19263.88,71.01,95,0.0,3329.23
19263.88,71.25,95,0.0,3329.23
19263.88,71.35,95,1.25,3329.23
19263.88,71.31,95,0.0,3329.23
19263.88,70.85,95,0.0,3329.23
19263.88,70.48,95,1.25,3329.23
19263.88,71.37,93,0.0,3329.23
19263.88,70.88,93,0.0,3329.23
19263.88,71.84,95,0.0,3329.23
19263.88,71.98,95,3.2625,3329.23
19263.88,69.75,95,3.075,3329.23
19263.88,71.68,38,0.0,3329.23
19263.88,71.88,38,1.2375,3329.23
19263.88,71.79,100,0.0,3329.23
19263.88,70.94,100,0.0,3329.23
19263.88,70.19,93,2.4875,3329.23
19263.88,70.69,93,0.0,3329.23
19263.88,70.6,95,0.0,3329.23
19263.88,71.05,95,0.0,3329.23
19263.88,70.72,95,0.0,3329.23
19263.88,70.46,95,1.2375,3329.23
19263.88,72.77,91,0.0,3329.23
19263.88,71.04,91,0.0,3329.23
19263.88,70.69,95,0.0,3329.23
19263.88,70.58,94,1.2125,3329.23
19263.88,71.22,94,0.0,3329.23
19263.88,72.3,91,0.0,3329.23
19263.88,71.72,91,1.225,3329.23
19263.88,72.21,94,0.0,3329.23
19263.88,71.71,94,0.0,3329.23
19263.88,71.74,95,1.2125,3329.23
19263.88,71.8,95,0.0,3329.23
19263.88,72.12,93,0.0,3329.23
19263.88,71.71,93,1.2125,3329.23
19263.88,71.95,95,0.0,3329.23
19263.88,71.82,95,0.0,3329.23
19263.88,72.26,95,1.2125,3329.23
19263.88,71.85,95,0.0,3329.23
19263.88,71.89,95,0.0,3329.23
19263.88,72.27,95,1.2125,3329.23
19263.88,72.42,95,0.0,3329.23
19263.88,71.7,95,0.0,3329.23
19263.88,71.68,94,1.225,3329.23
19263.88,71.52,94,1.225,3329.23
19263.88,71.65,95,0.0,3329.23
19263.88,71.76,95,0.0,3329.23
19263.88,71.83,95,1.225,3329.23
19263.88,71.7,95,0.0,3329.23
19263.88,71.58,94,0.0,3329.23
19263.88,71.4,94,0.0,3329.23
19263.88,71.25,95,0.0,3329.23
19263.88,70.91,95,1.225,3329.23
19263.88,71.6,95,0.0,3329.23
19263.88,71.98,95,0.0,3329.23
19263.88,72.39,83,0.0,3329.23
19263.88,72.49,83,1.25,3329.23
19263.88,72.81,95,0.0,3329.23
19263.88,72.48,95,0.0,3329.23
19263.88,72.84,95,0.0,3329.23
19263.88,72.4,95,0.0,3329.23
19263.88,72.85,94,1.2375,3329.23
19263.88,72.52,94,0.0,3329.23
19263.88,72.66,94,0.0,3329.23
19263.88,72.45,94,3.7375,3329.23
19263.88,68.69,63,1.2375,3329.23
19263.88,68.7,63,0.0,3329.23
19263.88,68.8,100,0.0,3329.23
19263.88,67.49,100,0.0,3329.23
19263.88,67.67,96,1.2375,3329.23
19263.88,67.49,96,0.0,3329.23
19263.88,68.01,95,0.0,3329.23
19263.88,67.68,95,1.2375,3329.23
19263.88,68.28,93,0.0,3329.23
19263.88,68.05,93,0.0,3329.23
19263.88,68.48,94,1.2375,3329.23
19263.88,72.07,94,0.0,3329.23
19263.88,71.87,95,0.0,3329.23
19263.88,71.45,95,0.0,3329.23
19263.88,72.26,95,1.2375,3329.23
19263.88,72.41,95,0.0,3329.23
19263.88,72.46,95,0.0,3329.23
19263.88,72.49,95,1.225,3329.23
19263.88,72.31,95,0.0,3329.23
19263.88,72.0,94,0.0,3329.23
19263.88,72.06,94,2.4875,3329.23
19263.88,71.46,95,0.0,3329.23
19263.88,71.78,95,0.0,3329.23
19263.88,72.07,95,1.2375,3329.23
19263.88,73.05,95,0.0,3329.23
19263.88,73.23,93,0.0,3329.23
19263.88,73.12,93,0.0,3329.23
19263.88,73.04,95,1.25,3329.23
19263.88,72.91,95,0.0,3329.23
19263.88,73.05,95,0.0,3329.23
19263.88,72.99,95,0.0,3329.23
19263.88,72.89,95,1.25,3329.23
19263.88,72.38,95,0.0,3329.23
19263.88,72.32,93,0.0,3329.23
19263.88,72.07,93,1.2125,3329.23
19263.88,71.57,95,0.0,3329.23
19263.88,71.19,95,0.0,3329.23
19263.88,71.67,94,1.125,3329.23
19263.88,71.74,94,1.2125,3329.23
19263.88,71.67,95,0.0,3329.23
19263.88,71.69,95,0.0,3329.23
19263.88,71.7,95,1.225,3329.23
19263.88,71.88,95,0.0,3329.23
19263.88,72.41,92,0.0,3329.23
19263.88,72.61,92,1.175,3329.23
19263.88,72.53,94,0.0,3329.23
19263.88,72.48,94,0.0,3329.23
19263.88,72.32,95,1.2125,3329.23
19263.88,71.97,95,0.0,3329.23
19263.88,71.64,95,0.0,3329.23
19263.88,72.01,95,1.2125,3329.23
19263.88,71.53,95,2.1625,3329.23
19263.88,71.77,95,1.225,3329.23
19263.88,72.77,78,0.0,3329.23
19263.88,73.11,78,0.0,3329.23
19263.88,73.04,100,0.0,3329.23
19263.88,72.67,100,1.2375,3329.23
19263.88,72.51,95,0.0,3329.23
19263.88,72.89,95,0.0,3329.23
19263.88,72.84,96,0.0,3329.23
19263.88,73.2,96,1.2125,3329.23
19263.88,73.03,94,0.0,3329.23
19263.88,73.34,94,0.0,3329.23
19263.88,73.27,94,1.2125,3329.23
19263.88,72.37,94,0.0,3329.23
19263.88,72.02,95,0.0,3329.23
19263.88,72.44,95,1.225,3329.23
19263.88,72.26,92,0.0,3329.23
19263.88,72.69,92,0.0,3329.23
19263.88,72.83,95,1.175,3329.23
19263.88,72.7,95,0.0,3329.23
19263.88,72.58,95,1.2375,3329.23
19263.88,72.44,95,0.0,3329.23
19263.88,72.67,95,0.0,3329.23
19263.88,72.63,95,0.0,3329.23
19263.88,72.31,95,1.2125,3329.23
19263.88,72.27,95,0.0,3329.23
19263.88,72.15,95,0.0,3329.23
19263.88,72.1,94,1.2,3329.23
19263.88,72.09,94,0.0,3329.23
19263.88,71.53,92,0.0,3329.23
19263.88,71.71,92,2.4375,3329.23
19263.88,71.47,94,0.0,3329.23
19263.88,71.69,94,0.0,3329.23
19263.88,71.94,94,0.0,3329.23
19263.88,72.32,94,1.2125,3329.23
19263.88,72.32,94,0.0,3329.23
19263.88,72.66,94,0.0,3329.23
19263.88,72.78,94,1.225,3329.23
19263.88,72.64,94,0.0,3329.23
19263.88,72.81,95,0.0,3329.23
19263.88,72.64,95,0.0,3329.23
19263.88,72.5,95,1.225,3329.23
19263.88,72.25,95,0.0,3329.23
19263.88,72.12,94,0.0,3329.23
19263.88,71.68,94,1.2125,3329.23
19263.88,71.8,94,0.0,3329.23
19263.88,71.45,94,0.0,3329.23
19263.88,71.74,95,1.2125,3329.23
19263.88,71.39,95,0.0,3329.23
19263.88,71.51,92,0.0,3329.23
19263.88,71.2,92,0.0,3329.23
19263.88,71.2,94,1.2125,3329.23
19263.88,71.7,94,0.0,3329.23
19263.88,69.37,95,2.4375,3329.23
19263.88,69.46,95,0.0,3329.23
19263.88,69.76,79,1.225,3329.23
19263.88,69.71,79,1.2125,3329.23
19263.88,69.45,99,0.0,3329.23
19263.88,69.47,93,0.0,3329.23
19263.88,69.54,93,1.2125,3329.23
19263.88,69.68,94,0.0,3329.23
19263.88,69.9,94,0.0,3329.23
19263.88,69.8,94,1.2125,3329.23
19263.88,69.78,94,0.0,3329.23
19263.88,72.89,93,0.0,3329.23
19263.88,72.95,93,1.2125,3329.23
19263.88,72.28,94,0.0,3329.23
19263.88,72.25,94,0.0,3329.23
19263.88,72.44,95,1.2125,3329.23
19263.88,72.44,95,0.0,3329.23
19263.88,72.44,95,0.0,3329.23
19263.88,72.38,95,1.2125,3329.23
19263.88,72.27,95,1.1625,3329.23
19263.88,72.22,95,0.0,3329.23
19263.88,72.05,95,0.0,3329.23
19263.88,71.64,95,0.0,3329.23
19263.88,71.28,93,1.2125,3329.23
19263.88,71.98,93,0.0,3329.23
19263.88,72.2,94,0.0,3329.23
19263.88,72.37,95,0.0,3329.23
19263.88,72.45,95,1.2125,3329.23
19263.88,72.36,95,0.0,3329.23
19263.88,72.44,95,0.0,3329.23
19263.88,72.36,95,1.2,3329.23
19263.88,72.46,95,0.0,3329.23
19263.88,72.25,93,0.0,3329.23
19263.88,72.28,93,0.0,3329.23
19263.88,72.23,95,1.225,3329.23
19263.88,71.84,95,0.0,3329.23
19263.88,72.08,94,1.225,3329.23
19263.88,71.99,94,1.225,3329.23
19263.88,71.92,94,0.0,3329.23
19263.88,71.92,94,0.0,3329.23
19263.88,71.91,94,1.2125,3329.23
19263.88,71.76,94,0.0,3329.23
19263.88,70.85,93,0.0,3329.23
19263.88,71.0,93,0.0,3329.23
19263.88,71.03,95,1.2125,3329.23
19263.88,71.11,95,0.0,3329.23
19263.88,71.04,94,0.0,3329.23
19263.88,70.96,94,1.2125,3329.23
19263.88,70.64,94,0.0,3329.23
19263.88,70.96,94,0.0,3329.23
19263.88,70.6,95,1.2,3329.23
19263.88,70.66,95,0.0,3329.23
19263.88,70.43,95,2.45,3329.23
19263.88,73.7,95,0.0,3329.23
19263.88,73.72,79,0.0,3329.23
19263.88,73.92,79,1.2125,3329.23
19263.88,72.98,98,0.0,3329.23
19263.88,72.87,98,0.0,3329.23
19263.88,72.96,94,1.2125,3329.23
19263.88,73.39,94,0.0,3329.23
19263.88,73.1,94,0.0,3329.23
19263.88,73.56,94,0.0,3329.23
19263.88,73.38,93,1.2125,3329.23
19263.88,73.89,93,0.0,3329.23
19263.88,71.72,94,1.2125,3329.23
19263.88,71.43,94,0.0,3329.23
19263.88,71.02,95,1.2125,3329.23
19263.88,71.81,95,0.0,3329.23
19263.88,72.03,95,0.0,3329.23
19263.88,71.91,95,1.2125,3329.23
19263.88,71.36,94,0.0,3329.23
19263.88,71.62,94,0.0,3329.23
19263.88,71.09,94,1.2,3329.23
19263.88,71.54,95,0.0,3329.23
19263.88,71.48,95,0.0,3329.23
19263.88,71.62,93,0.0,3329.23
19263.88,71.59,93,1.2125,3329.23
19263.88,72.18,95,0.0,3329.23
19263.88,72.48,95,0.0,3329.23
19263.88,72.21,93,1.2125,3329.23
19263.88,72.29,93,0.0,3329.23
19263.88,72.56,93,0.0,3329.23
19263.88,72.62,93,1.2125,3329.23
19263.88,72.63,93,0.0,3329.23
19263.88,72.1,93,0.0,3329.23
19263.88,71.99,95,1.2,3329.23
19263.88,71.87,95,0.0,3329.23
19263.88,71.87,94,1.2125,3329.23
19263.88,71.39,94,0.0,3329.23
19263.88,71.56,95,0.0,3329.23
19263.88,71.83,95,0.0,3329.23
19263.88,71.93,94,1.2,3329.23
19263.88,72.16,94,0.0,3329.23
19263.88,72.16,94,1.2125,3329.23
19263.88,72.16,95,0.0,3329.23
19263.88,72.29,95,0.0,3329.23
19263.88,72.35,95,0.0,3329.23
19263.88,72.37,95,1.2125,3329.23
19263.88,72.46,95,0.0,3329.23
19263.88,72.44,95,0.0,3329.23
19263.88,71.93,93,1.2125,3329.23
19263.88,71.83,93,0.0,3329.23
19263.88,71.42,94,0.0,3329.23
19263.88,71.38,94,0.0,3329.23
19263.88,68.44,94,2.425,3329.23
19263.88,69.05,86,1.2125,3329.23
19263.88,69.05,86,1.2125,3329.23
19263.88,69.22,91,0.0,3329.23
19263.88,68.69,97,0.0,3329.23
19263.88,68.77,97,1.2125,3329.23
19263.88,68.94,95,0.0,3329.23
19263.88,69.54,95,0.0,3329.23
19263.88,69.87,94,1.2125,3329.23
19263.88,70.11,94,0.0,3329.23
19263.88,70.23,93,0.0,3329.23
19263.88,73.3,93,1.2125,3329.23
19263.88,72.75,94,0.0,3329.23
19263.88,72.63,94,0.0,3329.23
19263.88,72.15,95,1.2125,3329.23
19263.88,72.73,95,0.0,3329.23
19263.88,72.59,95,0.0,3329.23
19263.88,72.57,95,1.2125,3329.23
19263.88,72.45,93,0.0,3329.23
19263.88,72.07,95,0.0,3329.23
19263.88,71.8,95,0.0,3329.23
19263.88,71.77,95,1.2125,3329.23
19263.88,71.33,95,0.0,3329.23
19263.88,71.33,93,0.0,3329.23
19263.88,71.91,93,1.225,3329.23
19263.88,71.58,94,1.2,3329.23
19263.88,71.86,94,0.0,3329.23
19263.88,71.56,94,0.0,3329.23
19263.88,71.74,94,1.2,3329.23
19263.88,71.47,94,0.0,3329.23
19263.88,71.68,94,0.0,3329.23
19263.88,71.52,95,1.2125,3329.23
19263.88,71.7,95,0.0,3329.23
19263.88,71.97,95,0.0,3329.23
19263.88,71.91,95,0.0,3329.23
19263.88,71.97,95,1.2125,3329.23
19263.88,71.94,95,0.0,3329.23
19263.88,71.96,95,1.2125,3329.23
19263.88,71.88,95,0.0,3329.23
19263.88,72.2,92,0.0,3329.23
19263.88,71.82,92,0.0,3329.23
19263.88,71.78,93,1.2125,3329.23
19263.88,71.51,93,0.0,3329.23
19263.88,71.62,95,0.0,3329.23
19263.88,71.3,95,1.2125,3329.23
19263.88,71.74,95,0.0,3329.23
19263.88,71.5,95,0.0,3329.23
19263.88,71.73,94,1.2125,3329.23
19263.88,71.4,94,1.2125,3329.23
19263.88,71.63,94,0.0,3329.23
19263.88,71.1,94,0.0,3329.23
19263.88,71.8,94,1.225,3329.23
19263.88,71.61,94,1.225,3329.23
19263.88,71.22,80,0.0,3329.23
19263.88,70.91,80,1.225,3329.23
19263.88,71.13,100,0.0,3329.23
19263.88,69.94,100,0.0,3329.23
19263.88,69.95,97,0.0,3329.23
19263.88,69.7,97,1.225,3329.23
19263.88,70.1,95,0.0,3329.23
19263.88,69.98,95,0.0,3329.23
19263.88,70.41,94,1.2125,3329.23
19263.88,69.97,94,0.0,3329.23
19263.88,70.37,90,0.0,3329.23
19263.88,71.05,90,1.1875,3329.23
19263.88,71.24,94,0.0,3329.23
19263.88,70.72,94,0.0,3329.23
19263.88,71.66,94,0.0,3329.23
19263.88,71.55,94,1.2125,3329.23
19263.88,71.96,95,0.0,3329.23
19263.88,71.66,95,0.0,3329.23
19263.88,71.76,95,1.2125,3329.23
19263.88,71.2,93,0.0,3329.23
19263.88,71.75,93,0.0,3329.23
19263.88,71.89,94,1.2125,3329.23
19263.88,71.53,94,1.2125,3329.23
19263.88,71.46,94,0.0,3329.23
19263.88,71.42,94,0.0,3329.23
19263.88,71.66,94,1.2125,3329.23
19263.88,71.69,94,0.0,3329.23
19263.88,71.57,94,0.0,3329.23
19263.88,71.57,94,0.0,3329.23
19263.88,71.71,94,1.2125,3329.23
19263.88,71.62,94,0.0,3329.23
19263.88,71.12,93,0.0,3329.23
19263.88,71.49,93,0.0,3329.23
19263.88,71.28,95,1.2125,3329.23
19263.88,71.74,95,0.0,3329.23
19263.88,71.6,95,0.0,3329.23
19263.88,71.6,95,1.2125,3329.23
19263.88,71.5,95,0.0,3329.23
19263.88,71.56,95,0.0,3329.23
19263.88,71.55,95,1.2125,3329.23
19263.88,71.48,95,0.0,3329.23
19263.88,71.35,95,1.2125,3329.23
19263.88,71.3,95,0.0,3329.23
19263.88,71.34,95,1.2125,3329.23
19263.88,71.34,95,0.0,3329.23
19263.88,71.09,95,1.2125,3329.23
19263.88,71.44,92,0.0,3329.23
19263.88,71.12,92,0.0,3329.23
19263.88,71.52,95,1.2125,3329.23
19263.88,71.18,95,0.0,3329.23
19263.88,71.59,94,0.0,3329.23
19263.88,71.64,94,3.6125,3329.23
19263.88,73.82,69,0.0,3329.23
19263.88,74.03,69,1.2,3329.23
19263.88,74.38,100,0.0,3329.23
19263.88,74.36,100,0.0,3329.23
19263.88,74.62,100,1.2125,3329.23
19263.88,74.57,100,0.0,3329.23
19263.88,74.13,97,0.0,3329.23
19263.88,74.29,97,1.2125,3329.23
19263.88,75.01,94,0.0,3329.23
19263.88,74.64,94,0.0,3329.23
19263.88,74.79,95,1.2125,3329.23
19263.88,72.88,95,0.0,3329.23
19263.88,72.93,94,1.2125,3329.23
19263.88,72.79,94,0.0,3329.23
19263.88,72.92,95,0.0,3329.23
19263.88,72.47,95,1.2125,3329.23
19263.88,72.35,95,0.0,3329.23
19263.88,72.73,95,0.0,3329.23
19263.88,72.53,95,0.0,3329.23
19263.88,71.83,95,1.225,3329.23
19263.88,72.15,94,0.0,3329.23
19263.88,71.8,94,0.0,3329.23
19263.88,72.03,95,0.0,3329.23
19263.88,71.84,95,1.2125,3329.23
19263.88,71.94,94,0.0,3329.23
19263.88,71.44,94,0.0,3329.23
19263.88,71.81,95,1.225,3329.23
19263.88,71.57,95,0.0,3329.23
19263.88,71.85,95,0.0,3329.23
19263.88,71.47,95,0.0,3329.23
19263.88,71.9,93,1.225,3329.23
19263.88,71.09,93,1.225,3329.23
19263.88,71.52,94,0.0,3329.23
19263.88,71.07,94,0.0,3329.23
19263.88,71.21,96,0.0,3329.23
19263.88,70.88,96,1.225,3329.23
19263.88,71.24,96,0.0,3329.23
19263.88,71.18,96,0.0,3329.23
19263.88,70.94,95,0.0,3329.23
19263.88,71.41,95,1.225,3329.23
19263.88,71.0,95,0.0,3329.23
19263.88,71.9,95,0.0,3329.23
19263.88,71.38,95,0.0,3329.23
19263.88,71.38,95,1.225,3329.23
19263.88,71.74,95,0.0,3329.23
19263.88,71.57,95,0.0,3329.23
19263.88,71.25,95,0.0,3329.23
19263.88,71.96,93,1.225,3329.23
19263.88,72.02,93,0.0,3329.23
19263.88,72.38,95,0.0,3329.23
19263.88,72.27,95,0.0,3329.23
19263.88,72.7,95,1.225,3329.23
19263.88,72.33,95,0.0,3329.23
19263.88,72.76,95,0.0,3329.23
19263.88,72.68,95,0.0,3329.23
19263.88,73.16,95,2.4375,3329.23
19263.88,70.76,80,0.0,3329.23
19263.88,70.73,80,0.0,3329.23
19263.88,70.73,100,1.225,3329.23
19263.88,70.69,100,0.0,3329.23
19263.88,70.12,95,0.0,3329.23
19263.88,70.3,95,0.0,3329.23
19263.88,69.74,93,1.225,3329.23
19263.88,70.11,93,0.0,3329.23
19263.88,69.62,94,0.0,3329.23
19263.88,69.63,94,0.0,3329.23
19263.88,71.88,94,1.225,3329.23
19263.88,72.24,94,0.0,3329.23
19263.88,71.75,95,0.0,3329.23
19263.88,71.69,95,0.0,3329.23
19263.88,71.85,95,1.2,3329.23
19263.88,71.81,95,0.0,3329.23
19263.88,72.06,95,1.2125,3329.23
19263.88,71.92,95,0.0,3329.23
19263.88,71.82,95,1.2125,3329.23
19263.88,71.97,95,0.0,3329.23
19263.88,71.66,95,0.0,3329.23
19263.88,71.69,95,1.2125,3329.23
19263.88,71.4,95,0.0,3329.23
19263.88,71.78,95,0.0,3329.23
19263.88,71.96,95,0.0,3329.23
19263.88,72.01,95,1.2125,3329.23
19263.88,72.05,96,0.0,3329.23
19263.88,72.01,96,0.0,3329.23
19263.88,71.97,96,1.2125,3329.23
19263.88,71.98,96,0.0,3329.23
19263.88,71.86,94,0.0,3329.23
19263.88,71.56,94,1.2125,3329.23
19263.88,71.57,94,0.0,3329.23
19263.88,71.47,94,0.0,3329.23
19263.88,71.6,95,1.2,3329.23
19263.88,71.45,95,0.0,3329.23
19263.88,71.89,94,0.0,3329.23
19263.88,71.96,94,1.2125,3329.23
19263.88,71.75,95,0.0,3329.23
19263.88,71.8,95,0.0,3329.23
19263.88,71.3,94,0.0,3329.23
19263.88,71.34,94,1.2125,3329.23
19263.88,71.5,95,0.0,3329.23
19263.88,71.61,95,0.0,3329.23
19263.88,71.64,96,1.2125,3329.23
19263.88,71.69,96,0.0,3329.23
19263.88,71.52,95,0.0,3329.23
19263.88,71.5,95,0.0,3329.23
19263.88,71.39,95,1.2125,3329.23
19263.88,71.35,95,0.0,3329.23
19263.88,71.49,95,0.0,3329.23
19263.88,71.63,95,2.4375,3329.23
19263.88,73.58,93,0.0,3329.23
19263.88,73.71,93,1.225,3329.23
19263.88,73.95,80,0.0,3329.23
19263.88,73.95,80,0.0,3329.23
19263.88,73.91,100,0.0,3329.23
19263.88,74.02,100,1.225,3329.23
19263.88,73.88,100,0.0,3329.23
19263.88,73.13,100,1.2,3329.23
19263.88,73.12,95,1.2125,3329.23
19263.88,73.47,95,0.0,3329.23
19263.88,73.56,95,0.0,3329.23
19263.88,71.92,95,1.2125,3329.23
19263.88,71.96,95,0.0,3329.23
19263.88,71.74,95,0.0,3329.23
19263.88,71.74,95,0.0,3329.23
19263.88,71.42,91,1.175,3329.23
19263.88,71.21,91,0.0,3329.23
19263.88,71.74,95,1.225,3329.23
19263.88,71.87,95,0.0,3329.23
19263.88,71.05,94,0.0,3329.23
19263.88,71.7,95,0.0,3329.23
19263.88,71.35,95,0.0,3329.23
19263.88,71.63,95,1.225,3329.23
19263.88,71.06,95,0.0,3329.23
19263.88,71.19,95,0.0,3329.23
19263.88,71.4,93,1.2125,3329.23
19263.88,71.45,93,0.0,3329.23
19263.88,71.43,96,0.0,3329.23
19263.88,71.51,95,0.0,3329.23
19263.88,72.11,95,1.2125,3329.23
19263.88,71.83,95,0.0,3329.23
19263.88,71.91,95,1.2125,3329.23
19263.88,71.7,95,0.0,3329.23
19263.88,71.82,94,0.0,3329.23
19263.88,71.89,94,1.2125,3329.23
19263.88,71.59,94,0.0,3329.23
19263.88,71.83,95,0.0,3329.23
19263.88,71.58,95,1.2125,3329.23
19263.88,72.02,95,0.0,3329.23
19263.88,71.88,95,0.0,3329.23
19263.88,72.24,95,0.0,3329.23
19263.88,71.86,95,1.2125,3329.23
19263.88,72.04,94,0.0,3329.23
19263.88,71.57,94,0.0,3329.23
19263.88,71.89,95,0.0,3329.23
19263.88,71.45,95,1.2125,3329.23
19263.88,71.61,95,0.0,3329.23
19263.88,71.21,95,0.0,3329.23
19263.88,71.72,95,1.2125,3329.23
19263.88,71.29,95,1.2125,3329.23
19263.88,71.59,95,0.0,3329.23
19263.88,71.0,95,1.2125,3329.23
19263.88,71.36,95,0.0,3329.23
19263.88,71.02,95,0.0,3329.23
19263.88,71.44,95,0.0,3329.23
19263.88,70.94,95,2.425,3329.23
19263.88,68.16,83,0.0,3329.23
19263.88,68.02,83,1.2125,3329.23
19263.88,68.32,97,0.0,3329.23
19263.88,68.15,97,0.0,3329.23
19263.88,67.82,96,0.0,3329.23
19263.88,67.82,96,1.225,3329.23
19263.88,68.14,93,0.0,3329.23
19263.88,68.25,93,0.0,3329.23
19263.88,68.39,94,0.0,3329.23
19263.88,68.31,94,1.2375,3329.23
19263.88,68.68,95,0.0,3329.23
19263.88,71.96,95,0.0,3329.23
19263.88,71.79,95,1.2125,3329.23
19263.88,71.62,95,0.0,3329.23
19263.88,71.19,94,1.2125,3329.23
19263.88,71.87,94,0.0,3329.23
19263.88,71.9,95,1.2125,3329.23
19263.88,71.83,95,0.0,3329.23
19263.88,71.77,95,0.0,3329.23
19263.88,71.64,95,1.2125,3329.23
19263.88,71.18,95,0.0,3329.23
19263.88,71.16,95,0.0,3329.23
19263.88,71.04,93,1.2125,3329.23
19263.88,71.14,93,0.0,3329.23
19263.88,71.14,95,0.0,3329.23
19263.88,71.29,95,0.0,3329.23
19263.88,71.22,95,1.2125,3329.23
19263.88,71.18,94,0.0,3329.23
19263.88,70.93,94,0.0,3329.23
19263.88,71.5,94,1.2125,3329.23
19263.88,71.45,94,0.0,3329.23
19263.88,71.83,94,0.0,3329.23
19263.88,71.77,94,1.2125,3329.23
19263.88,71.67,94,0.0,3329.23
19263.88,71.89,95,0.0,3329.23
19263.88,71.9,95,1.2125,3329.23
19263.88,72.08,95,0.0,3329.23
19263.88,72.0,95,0.0,3329.23
19263.88,71.97,93,0.0,3329.23
19263.88,71.64,93,0.0,3329.23
19263.88,71.38,93,1.2,3329.23
19263.88,71.27,95,1.225,3329.23
19263.88,70.97,95,0.0,3329.23
19263.88,71.73,95,0.0,3329.23
19263.88,71.8,94,1.2125,3329.23
19263.88,72.21,94,0.0,3329.23
19263.88,72.27,94,0.0,3329.23
19263.88,72.07,94,0.0,3329.23
19263.88,72.11,95,1.2125,3329.23
19263.88,72.31,95,0.0,3329.23
19263.88,72.32,94,0.0,3329.23
19263.88,72.28,94,2.4375,3329.23
19263.88,74.38,79,0.0,3329.23
19263.88,74.47,79,1.225,3329.23
19263.88,74.23,100,0.0,3329.23
19263.88,73.01,100,0.0,3329.23
19263.88,72.6,96,0.0,3329.23
19263.88,72.57,96,1.2125,3329.23
19263.88,72.91,95,0.0,3329.23
19263.88,72.96,95,0.0,3329.23
19263.88,73.15,95,0.0,3329.23
19263.88,72.96,95,1.2125,3329.23
19263.88,73.31,95,1.225,3329.23
19263.88,71.78,95,0.0,3329.23
19263.88,71.85,94,0.0,3329.23
19263.88,71.36,94,1.2125,3329.23
19263.88,72.42,95,0.0,3329.23
19263.88,72.42,95,0.0,3329.23
19263.88,72.47,95,1.2125,3329.23
19263.88,72.32,95,0.0,3329.23
19263.88,72.24,94,0.0,3329.23
19263.88,72.0,94,1.2125,3329.23
19263.88,72.21,95,0.0,3329.23
19263.88,71.92,95,0.0,3329.23
19263.88,71.32,94,0.0,3329.23
19263.88,71.4,94,1.225,3329.23
19263.88,71.59,95,0.0,3329.23
19263.88,71.79,95,0.0,3329.23
19263.88,71.81,94,1.2125,3329.23
19263.88,71.77,94,1.2125,3329.23
19263.88,71.77,95,0.0,3329.23
19263.88,71.78,95,0.0,3329.23
19263.88,71.85,94,1.2125,3329.23
19263.88,71.72,94,0.0,3329.23
19263.88,71.6,95,0.0,3329.23
19263.88,71.61,95,1.2,3329.23
19263.88,71.45,95,0.0,3329.23
19263.88,71.74,95,0.0,3329.23
19263.88,71.89,95,0.0,3329.23
19263.88,71.88,95,1.2125,3329.23
19263.88,71.82,95,0.0,3329.23
19263.88,71.75,95,0.0,3329.23
19263.88,71.69,95,1.2125,3329.23
19263.88,71.69,95,0.0,3329.23
19263.88,71.59,95,0.0,3329.23
19263.88,71.56,95,1.2125,3329.23
19263.88,71.57,95,0.0,3329.23
19263.88,71.59,94,0.0,3329.23
19263.88,71.88,94,1.2125,3329.23
19263.88,71.95,95,0.0,3329.23
19263.88,71.95,95,0.0,3329.23
19263.88,71.92,95,1.2125,3329.23
19263.88,71.95,95,0.0,3329.23
19263.88,71.88,95,1.2125,3329.23
19263.88,70.41,84,1.2125,3329.23
19263.88,70.47,84,0.0,3329.23
19263.88,70.39,84,0.0,3329.23
19263.88,69.5,100,0.0,3329.23
19263.88,69.45,100,1.25,3329.23
19263.88,69.61,94,0.0,3329.23
19263.88,69.68,94,0.0,3329.23
19263.88,69.68,95,0.0,3329.23
19263.88,69.75,95,1.25,3329.23
19263.88,70.02,94,0.0,3329.23
19263.88,71.9,94,0.0,3329.23
19263.88,72.35,94,1.25,3329.23
19263.88,71.98,94,0.0,3329.23
19263.88,71.98,95,0.0,3329.23
19263.88,72.06,95,0.0,3329.23
19263.88,72.29,95,2.475,3329.23
19263.88,72.23,95,0.0,3329.23
19263.88,71.85,94,0.0,3329.23
19263.88,71.82,94,1.2375,3329.23
19263.88,71.71,95,0.0,3329.23
19263.88,71.89,95,0.0,3329.23
19263.88,71.63,95,0.0,3329.23
19263.88,71.23,95,1.25,3329.23
19263.88,70.92,95,0.0,3329.23
19263.88,71.22,95,0.0,3329.23
19263.88,71.58,94,0.0,3329.23
19263.88,72.49,94,1.2375,3329.23
19263.88,72.48,93,0.0,3329.23
19263.88,72.09,93,0.0,3329.23
19263.88,72.16,94,0.0,3329.23
19263.88,72.03,94,1.2375,3329.23
19263.88,72.01,95,0.0,3329.23
19263.88,71.97,95,0.0,3329.23
19263.88,71.94,95,0.0,3329.23
19263.88,71.82,95,1.25,3329.23
19263.88,72.04,95,0.0,3329.23
19263.88,71.71,95,0.0,3329.23
19263.88,71.37,94,1.2375,3329.23
19263.88,71.51,94,0.0,3329.23
19263.88,72.24,95,0.0,3329.23
19263.88,72.14,95,0.0,3329.23
19263.88,72.17,93,2.4875,3329.23
19263.88,72.03,93,0.0,3329.23
19263.88,71.94,94,0.0,3329.23
19263.88,72.16,94,0.0,3329.23
19263.88,72.26,95,1.2375,3329.23
19263.88,72.39,95,0.0,3329.23
19263.88,72.31,95,0.0,3329.23
19263.88,72.25,95,0.0,3329.23
19263.88,71.75,95,1.225,3329.23
19263.88,71.84,95,0.0,3329.23
19263.88,71.48,95,0.0,3329.23
19263.88,71.75,95,2.4125,3329.23
19263.88,71.82,94,0.0,3329.23
19263.88,74.05,94,0.0,3329.23
19263.88,74.09,77,1.2125,3329.23
19263.88,74.55,100,0.0,3329.23
19263.88,74.61,100,0.0,3329.23
19263.88,74.84,100,1.2125,3329.23
19263.88,74.85,100,0.0,3329.23
19263.88,74.89,95,0.0,3329.23
19263.88,74.02,95,0.0,3329.23
19263.88,74.42,95,1.225,3329.23
19263.88,74.04,95,0.0,3329.23
19263.88,74.1,95,0.0,3329.23
19263.88,72.15,95,1.225,3329.23
19263.88,72.23,95,0.0,3329.23
19263.88,71.9,95,0.0,3329.23
19263.88,71.94,95,0.0,3329.23
19263.88,71.63,95,0.0,3329.23
19263.88,71.31,93,1.2125,3329.23
19263.88,72.01,93,0.0,3329.23
19263.88,72.21,93,0.0,3329.23
19263.88,72.65,93,1.2,3329.23
19263.88,72.88,95,0.0,3329.23
19263.88,73.33,95,0.0,3329.23
19263.88,73.42,95,1.25,3329.23
19263.88,73.71,95,0.0,3329.23
19263.88,73.75,94,0.0,3329.23
19263.88,73.74,94,1.25,3329.23
19263.88,73.67,96,0.0,3329.23
19263.88,73.74,96,1.2375,3329.23
19263.88,73.69,94,0.0,3329.23
19263.88,73.12,94,0.0,3329.23
19263.88,73.12,95,1.2375,3329.23
19263.88,72.8,95,0.0,3329.23
19263.88,72.71,95,0.0,3329.23
19263.88,72.36,95,1.2375,3329.23
19263.88,72.1,95,0.0,3329.23
19263.88,71.52,95,0.0,3329.23
19263.88,71.7,95,0.0,3329.23
19263.88,71.59,95,1.2375,3329.23
19263.88,71.98,95,0.0,3329.23
19263.88,71.67,95,0.0,3329.23
19263.88,72.01,95,1.2375,3329.23
19263.88,71.63,95,0.0,3329.23
19263.88,71.78,95,0.0,3329.23
19263.88,71.29,95,1.25,3329.23
19263.88,71.5,95,0.0,3329.23
19263.88,71.03,95,0.0,3329.23
19263.88,71.49,95,1.25,3329.23
19263.88,71.2,95,0.0,3329.23
19263.88,71.6,96,0.0,3329.23
19263.88,71.24,96,0.0,3329.23
19263.88,71.72,96,1.2375,3329.23
19263.88,71.37,96,0.0,3329.23
19263.88,71.96,94,0.0,3329.23
19263.88,71.97,94,1.25,3329.23
19263.88,72.51,94,0.0,3329.23
19263.88,72.57,94,2.3875,3329.23
19263.88,72.97,95,0.0,3329.23
19263.88,74.78,95,1.2375,3329.23
19263.88,75.18,79,0.0,3329.23
19263.88,75.26,79,0.0,3329.23
19263.88,74.38,98,1.2375,3329.23
19263.88,73.98,95,0.0,3329.23
19263.88,74.33,95,0.0,3329.23
19263.88,73.93,94,0.0,3329.23
19263.88,73.99,94,1.2375,3329.23
19263.88,73.72,95,0.0,3329.23
19263.88,73.35,95,1.2375,3329.23
19263.88,73.3,94,0.0,3329.23
19263.88,71.77,94,0.0,3329.23
19263.88,71.69,94,1.2125,3329.23
19263.88,70.97,94,1.2,3329.23
19263.88,72.22,95,0.0,3329.23
19263.88,72.19,95,0.0,3329.23
19263.88,72.21,95,1.2125,3329.23
19263.88,72.18,95,0.0,3329.23
19263.88,72.07,94,0.0,3329.23
19263.88,71.9,94,1.2125,3329.23
19263.88,72.15,95,0.0,3329.23
19263.88,72.07,95,0.0,3329.23
19263.88,71.51,95,1.225,3329.23
19263.88,71.11,95,0.0,3329.23
19263.88,71.56,93,0.0,3329.23
19263.88,72.05,93,0.0,3329.23
19263.88,72.11,95,1.2125,3329.23
19263.88,71.84,95,0.0,3329.23
19263.88,71.9,95,0.0,3329.23
19263.88,71.9,95,1.2125,3329.23
19263.88,71.85,95,0.0,3329.23
19263.88,71.69,95,0.0,3329.23
19263.88,71.69,95,1.2125,3329.23
19263.88,71.97,95,0.0,3329.23
19263.88,72.06,94,0.0,3329.23
19263.88,71.88,94,1.2125,3329.23
19263.88,71.46,95,0.0,3329.23
19263.88,71.84,95,0.0,3329.23
19263.88,71.84,93,1.2125,3329.23
19263.88,71.77,93,0.0,3329.23
19263.88,71.77,94,0.0,3329.23
19263.88,71.82,94,0.0,3329.23
19263.88,71.98,95,2.425,3329.23
19263.88,71.98,95,0.0,3329.23
19263.88,71.98,95,0.0,3329.23
19263.88,71.94,95,0.0,3329.23
19263.88,71.92,94,1.2125,3329.23
19263.88,71.94,95,0.0,3329.23
19263.88,71.8,95,0.0,3329.23
19263.88,71.44,95,1.2125,3329.23
19263.88,71.84,95,0.0,3329.23
19263.88,68.84,84,1.2125,3329.23
19263.88,69.15,84,0.0,3329.23
19263.88,69.09,96,1.2125,3329.23
19263.88,69.13,96,1.2,3329.23
19263.88,68.65,97,0.0,3329.23
19263.88,69.08,97,1.2125,3329.23
19263.88,68.75,95,0.0,3329.23
19263.88,69.2,95,0.0,3329.23
19263.88,69.32,95,0.0,3329.23
19263.88,69.45,95,1.2125,3329.23
19263.88,69.29,94,0.0,3329.23
19263.88,72.41,94,0.0,3329.23
19263.88,72.26,94,1.2125,3329.23
19263.88,72.18,94,0.0,3329.23
19263.88,71.96,93,0.0,3329.23
19263.88,72.26,95,1.2125,3329.23
19263.88,71.93,95,0.0,3329.23
19263.88,72.32,94,0.0,3329.23
19263.88,71.96,94,1.2125,3329.23
19263.88,72.11,95,0.0,3329.23
19263.88,72.48,95,0.0,3329.23
19263.88,72.25,95,1.2125,3329.23
19263.88,72.14,95,0.0,3329.23
19263.88,71.87,94,0.0,3329.23
19263.88,71.98,94,1.2125,3329.23
19263.88,72.05,95,1.2125,3329.23
19263.88,72.18,95,0.0,3329.23
19263.88,72.15,95,0.0,3329.23
19263.88,72.09,95,1.175,3329.23
19263.88,72.0,95,0.0,3329.23
19263.88,71.62,95,1.2125,3329.23
19263.88,71.59,94,0.0,3329.23
19263.88,71.58,94,0.0,3329.23
19263.88,71.63,95,0.0,3329.23
19263.88,71.81,95,1.2125,3329.23
19263.88,71.81,95,0.0,3329.23
19263.88,71.8,95,0.0,3329.23
19263.88,71.38,93,1.225,3329.23
19263.88,71.45,93,0.0,3329.23
19263.88,71.38,94,0.0,3329.23
19263.88,71.26,94,0.0,3329.23
19263.88,71.15,95,1.2125,3329.23
19263.88,71.28,95,0.0,3329.23
19263.88,70.96,95,0.0,3329.23
19263.88,71.33,95,1.225,3329.23
19263.88,71.26,95,0.0,3329.23
19263.88,71.69,95,0.0,3329.23
19263.88,71.77,95,1.2125,3329.23
19263.88,72.55,95,1.2125,3329.23
19263.88,72.44,92,0.0,3329.23
19263.88,72.12,92,0.0,3329.23
19263.88,72.22,94,1.2,3329.23
19263.88,72.13,94,1.225,3329.23
19263.88,74.26,80,0.0,3329.23
19263.88,74.31,80,1.2125,3329.23
19263.88,74.38,100,0.0,3329.23
19263.88,72.85,100,0.0,3329.23
19263.88,72.84,95,1.2125,3329.23
19263.88,72.7,95,0.0,3329.23
19263.88,72.7,93,0.0,3329.23
19263.88,72.83,93,1.2125,3329.23
19263.88,73.35,95,0.0,3329.23
19263.88,73.15,95,0.0,3329.23
19263.88,73.4,95,0.0,3329.23
19263.88,71.47,95,1.2125,3329.23
19263.88,71.58,93,0.0,3329.23
19263.88,71.35,93,1.2125,3329.23
19263.88,72.41,95,0.0,3329.23
19263.88,72.28,95,0.0,3329.23
19263.88,72.23,95,1.2125,3329.23
19263.88,72.07,95,0.0,3329.23
19263.88,71.96,95,0.0,3329.23
19263.88,72.17,95,0.0,3329.23
19263.88,72.06,95,1.2125,3329.23
19263.88,71.75,94,1.2125,3329.23
19263.88,71.15,94,0.0,3329.23
19263.88,71.27,93,1.2125,3329.23
19263.88,70.89,93,0.0,3329.23
19263.88,71.39,94,0.0,3329.23
19263.88,71.13,94,1.2125,3329.23
19263.88,71.57,93,0.0,3329.23
19263.88,71.64,93,0.0,3329.23
19263.88,71.43,95,1.2125,3329.23
19263.88,71.41,95,0.0,3329.23
19263.88,71.28,95,0.0,3329.23
19263.88,71.36,95,1.2125,3329.23
19263.88,71.81,95,0.0,3329.23
19263.88,71.98,95,0.0,3329.23
19263.88,72.23,95,0.0,3329.23
19263.88,72.2,95,1.2,3329.23
19263.88,71.98,95,0.0,3329.23
19263.88,71.82,94,0.0,3329.23
19263.88,71.81,94,1.2125,3329.23
19263.88,72.13,95,0.0,3329.23
19263.88,72.04,95,0.0,3329.23
19263.88,72.21,95,1.2125,3329.23
19263.88,72.27,95,0.0,3329.23
19263.88,72.25,95,1.2125,3329.23
19263.88,72.27,95,0.0,3329.23
19263.88,72.23,95,1.2125,3329.23
19263.88,72.19,95,0.0,3329.23
19263.88,71.9,94,0.0,3329.23
19263.88,71.78,94,1.2125,3329.23
19263.88,71.41,95,1.1625,3329.23
19263.88,68.28,95,1.2375,3329.23
19263.88,68.99,78,0.0,3329.23
19263.88,69.12,78,0.0,3329.23
19263.88,69.49,100,1.25,3329.23
19263.88,68.94,100,0.0,3329.23
19263.88,68.89,95,0.0,3329.23
19263.88,69.08,95,0.0,3329.23
19263.88,69.35,95,1.25,3329.23
19263.88,69.52,95,0.0,3329.23
19263.88,69.12,95,0.0,3329.23
19263.88,69.46,95,1.2375,3329.23
19263.88,72.52,95,0.0,3329.23
19263.88,72.63,95,0.0,3329.23
19263.88,72.3,95,1.25,3329.23
19263.88,71.72,95,0.0,3329.23
19263.88,72.45,94,0.0,3329.23
19263.88,72.1,94,1.2375,3329.23
19263.88,72.2,94,0.0,3329.23
19263.88,71.93,94,0.0,3329.23
19263.88,71.89,95,0.0,3329.23
19263.88,72.1,95,1.25,3329.23
19263.88,72.19,95,0.0,3329.23
19263.88,71.86,95,0.0,3329.23
19263.88,71.41,93,2.4875,3329.23
19263.88,71.25,93,0.0,3329.23
19263.88,71.63,95,0.0,3329.23
19263.88,71.32,95,1.25,3329.23
19263.88,71.94,95,0.0,3329.23
19263.88,71.39,95,0.0,3329.23
19263.88,71.71,95,0.0,3329.23
19263.88,71.67,95,0.0,3329.23
19263.88,71.79,94,1.25,3329.23
19263.88,71.79,94,0.0,3329.23
19263.88,71.8,95,0.0,3329.23
19263.88,71.92,95,0.0,3329.23
19263.88,71.87,94,1.2375,3329.23
19263.88,72.06,94,0.0,3329.23
19263.88,71.92,95,0.0,3329.23
19263.88,71.92,95,1.25,3329.23
19263.88,71.88,94,0.0,3329.23
19263.88,71.89,94,0.0,3329.23
19263.88,71.68,95,0.0,3329.23
19263.88,71.63,95,1.2375,3329.23
19263.88,71.24,95,0.0,3329.23
19263.88,71.58,93,0.0,3329.23
19263.88,71.42,93,1.2125,3329.23
19263.88,71.54,93,0.0,3329.23
19263.88,71.77,95,0.0,3329.23
19263.88,71.61,95,1.2,3329.23
19263.88,71.97,95,0.0,3329.23
19263.88,71.99,95,0.0,3329.23
19263.88,71.9,95,1.2125,3329.23
19263.88,72.06,94,1.25,3329.23
19263.88,72.69,94,1.175,3329.23
19263.88,72.6,94,1.2,3329.23
19263.88,72.93,83,0.0,3329.23
19263.88,71.75,99,1.2125,3329.23
19263.88,71.83,99,0.0,3329.23
19263.88,71.78,94,0.0,3329.23
19263.88,72.04,94,0.0,3329.23
19263.88,72.17,94,0.0,3329.23
19263.88,71.82,94,1.175,3329.23
19263.88,71.98,95,0.0,3329.23
19263.88,71.71,95,0.0,3329.23
19263.88,71.55,94,1.225,3329.23
19263.88,71.32,94,0.0,3329.23
19263.88,70.92,94,0.0,3329.23
19263.88,71.74,94,0.0,3329.23
19263.88,71.89,95,1.2125,3329.23
19263.88,71.77,95,0.0,3329.23
19263.88,71.71,95,0.0,3329.23
19263.88,71.29,95,1.2125,3329.23
19263.88,71.53,94,0.0,3329.23
19263.88,71.73,94,0.0,3329.23
19263.88,71.93,94,1.2125,3329.23
19263.88,71.76,94,0.0,3329.23
19263.88,71.72,95,0.0,3329.23
19263.88,71.99,95,2.4125,3329.23
19263.88,72.04,95,0.0,3329.23
19263.88,72.09,95,0.0,3329.23
19263.88,72.05,95,1.2125,3329.23
19263.88,72.01,95,0.0,3329.23
19263.88,71.98,95,0.0,3329.23
19263.88,71.97,95,0.0,3329.23
19263.88,71.57,95,1.2125,3329.23
19263.88,71.68,95,0.0,3329.23
19263.88,71.73,95,0.0,3329.23
19263.88,71.77,95,1.2125,3329.23
19263.88,71.78,94,0.0,3329.23
19263.88,71.92,94,0.0,3329.23
19263.88,71.86,95,1.2125,3329.23
19263.88,71.8,95,0.0,3329.23
19263.88,71.82,95,0.0,3329.23
19263.88,71.91,95,0.0,3329.23
19263.88,71.89,95,1.2125,3329.23
19263.88,71.94,95,0.0,3329.23
19263.88,71.7,95,0.0,3329.23
19263.88,71.36,95,1.2,3329.23
19263.88,71.88,94,0.0,3329.23
19263.88,72.03,93,0.0,3329.23
19263.88,72.42,93,2.425,3329.23
19263.88,72.46,95,0.0,3329.23
19263.88,72.51,95,0.0,3329.23
19263.88,72.51,94,0.0,3329.23
19263.88,72.33,94,2.25,3329.23
19263.88,71.12,91,0.0,3329.23
19263.88,72.02,91,0.0,3329.23
19263.88,72.35,82,1.2375,3329.23
19263.88,72.26,82,0.0,3329.23
19263.88,71.52,97,0.0,3329.23
19263.88,71.12,97,0.0,3329.23
19263.88,71.17,95,1.2375,3329.23
19263.88,71.39,95,1.25,3329.23
19263.88,71.43,95,0.0,3329.23
19263.88,71.51,95,0.0,3329.23
19263.88,71.53,94,0.0,3329.23
19263.88,73.25,94,1.225,3329.23
19263.88,73.04,93,0.0,3329.23
19263.88,72.89,93,0.0,3329.23
19263.88,72.31,95,0.0,3329.23
19263.88,72.91,95,1.225,3329.23
19263.88,72.81,95,0.0,3329.23
19263.88,72.89,95,0.0,3329.23
19263.88,72.68,95,0.0,3329.23
19263.88,72.51,95,1.225,3329.23
19263.88,72.54,95,0.0,3329.23
19263.88,72.47,95,0.0,3329.23
19263.88,71.95,95,0.0,3329.23
19263.88,71.31,95,0.0,3329.23
19263.88,71.39,95,1.225,3329.23
19263.88,71.84,95,0.0,3329.23
19263.88,71.99,95,0.0,3329.23
19263.88,72.01,95,0.0,3329.23
19263.88,71.87,95,1.225,3329.23
19263.88,71.81,95,0.0,3329.23
19263.88,71.93,95,0.0,3329.23
19263.88,71.92,95,0.0,3329.23
19263.88,71.88,95,1.225,3329.23
19263.88,71.8,95,0.0,3329.23
19263.88,71.7,95,0.0,3329.23
19263.88,71.51,94,1.225,3329.23
19263.88,71.9,94,0.0,3329.23
19263.88,71.81,96,0.0,3329.23
19263.88,71.84,96,1.225,3329.23
19263.88,71.85,96,0.0,3329.23
19263.88,71.86,96,0.0,3329.23
19263.88,71.7,96,1.2125,3329.23
19263.88,71.77,96,0.0,3329.23
19263.88,72.27,96,0.0,3329.23
19263.88,72.1,96,1.2125,3329.23
19263.88,72.41,96,0.0,3329.23
19263.88,72.03,96,0.0,3329.23
19263.88,71.85,96,1.2125,3329.23
19263.88,71.85,96,0.0,3329.23
19263.88,71.88,95,0.0,3329.23
19263.88,72.18,95,1.2125,3329.23
19263.88,71.94,96,1.2,3329.23
19263.88,72.17,96,0.0,3329.23
19263.88,72.61,86,0.0,3329.23
19263.88,72.34,86,0.0,3329.23
19263.88,72.72,100,0.0,3329.23
19263.88,72.05,100,1.2375,3329.23
19263.88,72.06,96,0.0,3329.23
19263.88,72.27,96,0.0,3329.23
19263.88,72.41,96,0.0,3329.23
19263.88,72.45,96,0.0,3329.23
19263.88,72.33,97,1.225,3329.23
19263.88,72.34,97,0.0,3329.23
19263.88,72.57,96,0.0,3329.23
19263.88,71.95,96,0.0,3329.23
19263.88,71.96,96,0.0,3329.23
19263.88,71.57,96,1.2125,3329.23
19263.88,72.15,95,0.0,3329.23
19263.88,72.11,95,0.0,3329.23
19263.88,72.04,95,1.2125,3329.23
19263.88,72.02,94,1.2125,3329.23
19263.88,71.92,94,0.0,3329.23
19263.88,72.24,95,0.0,3329.23
19263.88,72.17,95,1.2125,3329.23
19263.88,72.05,94,0.0,3329.23
19263.88,71.87,94,0.0,3329.23
19263.88,71.93,95,1.2125,3329.23
19263.88,72.08,95,0.0,3329.23
19263.88,72.22,95,0.0,3329.23
19263.88,72.18,95,1.2125,3329.23
19263.88,72.18,91,0.0,3329.23
19263.88,71.75,91,0.0,3329.23
19263.88,71.85,94,1.2125,3329.23
19263.88,71.32,94,0.0,3329.23
19263.88,71.25,94,0.0,3329.23
19263.88,71.55,94,1.225,3329.23
19263.88,71.51,94,0.0,3329.23
19263.88,71.75,94,0.0,3329.23
19263.88,71.59,95,0.0,3329.23
19263.88,71.89,95,1.2125,3329.23
19263.88,71.94,95,0.0,3329.23
19263.88,72.14,95,0.0,3329.23
19263.88,72.1,95,1.2125,3329.23
19263.88,72.05,95,0.0,3329.23
19263.88,72.04,95,0.0,3329.23
19263.88,72.19,95,1.2125,3329.23
19263.88,72.19,94,0.0,3329.23
19263.88,71.8,94,0.0,3329.23
19263.88,71.85,93,1.2125,3329.23
19263.88,71.69,93,1.2125,3329.23
19263.88,71.61,95,0.0,3329.23
19263.88,71.23,95,0.0,3329.23
19263.88,71.49,94,1.2125,3329.23
19263.88,71.4,94,2.4125,3329.23
19263.88,71.48,94,0.0,3329.23
19263.88,72.99,94,0.0,3329.23
19263.88,73.31,79,1.2125,3329.23
19263.88,73.35,79,0.0,3329.23
19263.88,74.01,100,0.0,3329.23
19263.88,72.78,96,0.0,3329.23
19263.88,72.81,96,1.1875,3329.23
19263.88,73.27,95,0.0,3329.23
19263.88,73.11,95,0.0,3329.23
19263.88,73.11,93,1.2125,3329.23
19263.88,73.14,93,0.0,3329.23
19263.88,71.77,95,0.0,3329.23
19263.88,71.49,95,0.0,3329.23
19263.88,71.52,95,1.2125,3329.23
19263.88,70.84,95,0.0,3329.23
19263.88,71.87,95,0.0,3329.23
19263.88,71.61,95,0.0,3329.23
19263.88,72.06,94,1.225,3329.23
19263.88,71.75,94,0.0,3329.23
19263.88,71.51,95,0.0,3329.23
19263.88,71.51,95,1.225,3329.23
19263.88,71.78,94,0.0,3329.23
19263.88,71.47,94,0.0,3329.23
19263.88,71.7,95,1.1875,3329.23
19263.88,71.27,95,0.0,3329.23
19263.88,71.58,94,0.0,3329.23
19263.88,71.92,94,0.0,3329.23
19263.88,71.92,95,1.225,3329.23
19263.88,71.7,95,0.0,3329.23
19263.88,71.45,95,1.225,3329.23
19263.88,71.74,95,0.0,3329.23
19263.88,71.48,95,1.2125,3329.23
19263.88,71.57,95,0.0,3329.23
19263.88,71.16,95,0.0,3329.23
19263.88,71.47,95,1.2125,3329.23
19263.88,71.34,95,0.0,3329.23
19263.88,71.61,95,0.0,3329.23
19263.88,71.31,95,1.2125,3329.23
19263.88,71.47,94,0.0,3329.23
19263.88,71.25,94,0.0,3329.23
19263.88,71.47,94,0.0,3329.23
19263.88,71.21,94,1.2125,3329.23
19263.88,71.2,94,0.0,3329.23
19263.88,70.87,94,1.225,3329.23
19263.88,71.21,94,0.0,3329.23
19263.88,71.05,94,0.0,3329.23
19263.88,71.24,95,1.2125,3329.23
19263.88,71.08,95,0.0,3329.23
19263.88,71.24,95,0.0,3329.23
19263.88,71.22,95,0.0,3329.23
19263.88,71.56,95,1.2125,3329.23
19263.88,71.53,95,0.0,3329.23
19263.88,71.72,95,0.0,3329.23
19263.88,72.06,77,2.4125,3329.23
19263.88,69.66,77,0.0,3329.23
19263.88,69.75,77,0.0,3329.23
19263.88,69.99,100,1.225,3329.23
19263.88,69.39,97,0.0,3329.23
19263.88,69.27,97,0.0,3329.23
19263.88,69.63,95,0.0,3329.23
19263.88,68.9,95,1.2125,3329.23
19263.88,69.18,93,0.0,3329.23
19263.88,68.73,93,0.0,3329.23
19263.88,68.71,95,2.4375,3329.23
19263.88,71.48,95,0.0,3329.23
19263.88,71.4,95,0.0,3329.23
19263.88,70.96,95,1.2,3329.23
19263.88,71.48,95,0.0,3329.23
19263.88,71.36,93,0.0,3329.23
19263.88,71.52,95,1.2125,3329.23
19263.88,71.21,95,0.0,3329.23
19263.88,72.14,95,0.0,3329.23
19263.88,72.09,94,0.0,3329.23
19263.88,72.25,95,1.225,3329.23
19263.88,72.3,95,0.0,3329.23
19263.88,71.98,95,0.0,3329.23
19263.88,71.87,95,1.2125,3329.23
19263.88,71.9,95,0.0,3329.23
19263.88,72.13,95,0.0,3329.23
19263.88,72.24,95,0.0,3329.23
19263.88,72.24,95,1.2125,3329.23
19263.88,72.18,95,0.0,3329.23
19263.88,71.63,95,0.0,3329.23
19263.88,71.76,94,1.225,3329.23
19263.88,72.02,94,0.0,3329.23
19263.88,71.81,95,0.0,3329.23
19263.88,71.73,95,0.0,3329.23
19263.88,71.92,94,1.2125,3329.23
19263.88,72.03,95,0.0,3329.23
19263.88,72.12,95,0.0,3329.23
19263.88,71.99,95,1.2125,3329.23
19263.88,71.94,95,0.0,3329.23
19263.88,71.8,94,0.0,3329.23
19263.88,72.02,94,1.2125,3329.23
19263.88,71.92,94,0.0,3329.23
19263.88,71.53,94,0.0,3329.23
19263.88,71.59,94,1.2125,3329.23
19263.88,71.02,94,1.2125,3329.23
19263.88,71.19,95,0.0,3329.23
19263.88,71.22,95,1.2,3329.23
19263.88,71.14,95,0.0,3329.23
19263.88,71.12,95,0.0,3329.23
19263.88,71.2,95,1.2125,3329.23
19263.88,71.22,95,0.0,3329.23
19263.88,71.14,95,0.0,3329.23
19263.88,70.83,95,1.2375,3329.23
19263.88,71.56,78,1.2375,3329.23
19263.88,72.28,78,0.0,3329.23
19263.88,73.15,100,0.0,3329.23
19263.88,72.53,100,1.2375,3329.23
19263.88,72.37,94,0.0,3329.23
19263.88,72.87,94,0.0,3329.23
19263.88,72.69,93,0.0,3329.23
19263.88,73.19,93,1.2375,3329.23
19263.88,73.01,94,0.0,3329.23
19263.88,73.27,94,0.0,3329.23
19263.88,72.78,94,0.0,3329.23
19263.88,72.16,94,1.2375,3329.23
19263.88,71.89,95,0.0,3329.23
19263.88,71.71,95,0.0,3329.23
19263.88,71.9,95,1.2375,3329.23
19263.88,71.92,95,0.0,3329.23
19263.88,71.7,95,0.0,3329.23
19263.88,71.87,95,0.0,3329.23
19263.88,71.85,94,1.2375,3329.23
19263.88,72.01,94,0.0,3329.23
19263.88,72.1,94,0.0,3329.23
19263.88,72.03,94,1.25,3329.23
19263.88,71.75,96,0.0,3329.23
19263.88,71.74,96,0.0,3329.23
19263.88,71.81,96,1.2375,3329.23
19263.88,72.02,96,0.0,3329.23
19263.88,72.07,96,0.0,3329.23
19263.88,72.02,94,1.25,3329.23
19263.88,71.96,94,1.25,3329.23
19263.88,72.14,94,0.0,3329.23
19263.88,72.04,94,0.0,3329.23
19263.88,72.01,92,1.2375,3329.23
19263.88,71.97,92,0.0,3329.23
19263.88,72.13,94,0.0,3329.23
19263.88,72.17,95,1.2375,3329.23
19263.88,72.17,95,0.0,3329.23
19263.88,72.32,93,0.0,3329.23
19263.88,72.05,93,0.0,3329.23
19263.88,72.22,95,1.2375,3329.23
19263.88,72.1,95,0.0,3329.23
19263.88,72.19,95,0.0,3329.23
19263.88,71.62,95,1.2375,3329.23
19263.88,71.78,94,0.0,3329.23
19263.88,71.24,94,0.0,3329.23
19263.88,71.35,94,0.0,3329.23
19263.88,71.55,94,1.2375,3329.23
19263.88,71.58,95,0.0,3329.23
19263.88,71.71,95,0.0,3329.23
19263.88,71.85,95,1.2125,3329.23
19263.88,71.7,95,0.0,3329.23
19263.88,71.77,95,0.0,3329.23
19263.88,71.72,95,0.0,3329.23
19263.88,71.71,95,2.45,3329.23
19263.88,72.32,95,0.0,3329.23
19263.88,72.59,78,1.2125,3329.23
19263.88,72.59,78,0.0,3329.23
19263.88,71.06,98,0.0,3329.23
19263.88,71.45,98,0.0,3329.23
19263.88,71.4,95,1.1625,3329.23
19263.88,71.87,95,0.0,3329.23
19263.88,71.61,95,1.2125,3329.23
19263.88,71.73,95,0.0,3329.23
19263.88,71.68,95,0.0,3329.23
19263.88,71.54,95,1.2125,3329.23
19263.88,71.35,95,1.2125,3329.23
19263.88,71.19,95,0.0,3329.23
19263.88,72.09,95,1.2125,3329.23
19263.88,72.2,95,0.0,3329.23
19263.88,72.17,95,0.0,3329.23
19263.88,72.08,94,1.2125,3329.23
19263.88,72.16,94,0.0,3329.23
19263.88,72.15,96,0.0,3329.23
19263.88,72.39,96,1.2125,3329.23
19263.88,72.25,95,0.0,3329.23
19263.88,72.07,95,0.0,3329.23
19263.88,71.99,95,0.0,3329.23
19263.88,72.02,95,1.2125,3329.23
19263.88,72.37,96,0.0,3329.23
19263.88,72.75,96,0.0,3329.23
19263.88,73.01,93,1.225,3329.23
19263.88,72.11,93,0.0,3329.23
19263.88,72.11,94,0.0,3329.23
19263.88,72.03,94,0.0,3329.23
19263.88,71.98,95,1.2125,3329.23
19263.88,71.9,95,0.0,3329.23
19263.88,71.79,95,0.0,3329.23
19263.88,71.8,95,1.2125,3329.23
19263.88,71.71,95,1.2125,3329.23
19263.88,71.51,95,0.0,3329.23
19263.88,71.37,94,0.0,3329.23
19263.88,71.3,94,1.2125,3329.23
19263.88,71.89,95,0.0,3329.23
19263.88,71.83,95,0.0,3329.23
19263.88,71.76,95,1.2125,3329.23
19263.88,71.71,95,0.0,3329.23
19263.88,71.67,95,0.0,3329.23
19263.88,71.63,95,1.2125,3329.23
19263.88,71.66,95,0.0,3329.23
19263.88,71.81,95,0.0,3329.23
19263.88,71.81,95,1.2125,3329.23
19263.88,71.83,95,0.0,3329.23
19263.88,71.92,95,0.0,3329.23
19263.88,71.94,93,1.225,3329.23
19263.88,71.96,93,0.0,3329.23
19263.88,71.91,81,2.4375,3329.23
19263.88,68.5,81,0.0,3329.23
19263.88,68.64,97,0.0,3329.23
19263.88,68.85,97,0.0,3329.23
19263.88,68.85,95,1.2125,3329.23
19263.88,68.3,95,0.0,3329.23
19263.88,68.78,93,0.0,3329.23
19263.88,68.4,93,0.0,3329.23
19263.88,68.45,95,1.2125,3329.23
19263.88,68.42,95,0.0,3329.23
19263.88,68.52,94,0.0,3329.23
19263.88,72.08,94,1.225,3329.23
19263.88,72.03,95,0.0,3329.23
19263.88,72.06,95,0.0,3329.23
19263.88,71.68,93,0.0,3329.23
19263.88,72.19,93,1.2125,3329.23
19263.88,71.69,95,0.0,3329.23
19263.88,71.89,95,1.2125,3329.23
19263.88,71.77,95,1.2125,3329.23
19263.88,72.06,95,0.0,3329.23
19263.88,71.91,95,0.0,3329.23
19263.88,71.62,95,0.0,3329.23
19263.88,71.47,95,0.0,3329.23
19263.88,71.47,95,1.25,3329.23
19263.88,71.51,95,0.0,3329.23
19263.88,71.6,95,1.25,3329.23
19263.88,71.74,95,0.0,3329.23
19263.88,71.84,95,0.0,3329.23
19263.88,71.73,94,0.0,3329.23
19263.88,71.76,94,1.25,3329.23
19263.88,71.97,95,0.0,3329.23
19263.88,71.68,95,0.0,3329.23
19263.88,71.59,95,1.25,3329.23
19263.88,71.58,95,0.0,3329.23
19263.88,71.62,95,0.0,3329.23
19263.88,71.75,95,1.25,3329.23
19263.88,71.74,95,0.0,3329.23
19263.88,72.18,95,0.0,3329.23
19263.88,71.97,95,0.0,3329.23
19263.88,72.0,95,1.25,3329.23
19263.88,71.74,95,0.0,3329.23
19263.88,71.74,95,0.0,3329.23
19263.88,71.72,95,1.25,3329.23
19263.88,71.82,95,0.0,3329.23
19263.88,71.83,95,0.0,3329.23
19263.88,71.89,95,1.25,3329.23
19263.88,71.78,95,0.0,3329.23
19263.88,71.85,95,0.0,3329.23
19263.88,71.91,94,1.25,3329.23
19263.88,71.99,94,0.0,3329.23
19263.88,72.21,95,0.0,3329.23
19263.88,71.99,95,0.0,3329.23
19263.88,71.94,95,2.4875,3329.23
19263.88,71.9,95,0.0,3329.23
19263.88,72.47,83,0.0,3329.23
19263.88,72.47,83,1.2375,3329.23
19263.88,72.48,100,0.0,3329.23
19263.88,71.27,100,0.0,3329.23
19263.88,71.53,94,0.0,3329.23
19263.88,71.25,94,1.2375,3329.23
19263.88,71.23,94,0.0,3329.23
19263.88,71.25,94,0.0,3329.23
19263.88,71.47,95,0.0,3329.23
19263.88,71.75,95,1.2375,3329.23
19263.88,71.94,95,0.0,3329.23
19263.88,71.25,95,0.0,3329.23
19263.88,71.23,95,1.225,3329.23
19263.88,71.05,95,0.0,3329.23
19263.88,72.39,94,0.0,3329.23
19263.88,72.35,94,1.2125,3329.23
19263.88,72.15,95,0.0,3329.23
19263.88,72.1,95,0.0,3329.23
19263.88,72.13,95,1.2,3329.23
19263.88,72.02,95,0.0,3329.23
19263.88,71.82,95,1.2125,3329.23
19263.88,71.57,95,1.2125,3329.23
19263.88,71.58,95,0.0,3329.23
19263.88,71.81,95,0.0,3329.23
19263.88,71.66,95,0.0,3329.23
19263.88,71.79,94,1.2125,3329.23
19263.88,71.94,94,0.0,3329.23
19263.88,72.04,95,1.2,3329.23
19263.88,71.91,95,0.0,3329.23
19263.88,71.93,95,0.0,3329.23
19263.88,71.8,95,1.2,3329.23
19263.88,71.72,95,0.0,3329.23
19263.88,71.73,95,0.0,3329.23
19263.88,71.79,95,0.0,3329.23
19263.88,71.67,94,1.2125,3329.23
19263.88,72.11,94,0.0,3329.23
19263.88,72.22,94,0.0,3329.23
19263.88,72.0,94,1.2125,3329.23
19263.88,71.99,94,0.0,3329.23
19263.88,71.92,94,0.0,3329.23
19263.88,71.87,95,1.225,3329.23
19263.88,71.77,95,0.0,3329.23
19263.88,71.76,95,0.0,3329.23
19263.88,71.74,95,0.0,3329.23
19263.88,71.92,94,1.225,3329.23
19263.88,71.92,94,1.225,3329.23
19263.88,71.44,95,0.0,3329.23
19263.88,72.02,95,0.0,3329.23
19263.88,71.98,95,0.0,3329.23
19263.88,71.95,95,1.2,3329.23
19263.88,71.94,93,0.0,3329.23
19263.88,70.81,93,2.4875,3329.23
19263.88,70.81,79,0.0,3329.23
19263.88,71.19,79,0.0,3329.23
19263.88,71.21,99,1.2375,3329.23
19263.88,70.97,99,0.0,3329.23
19263.88,71.04,95,0.0,3329.23
19263.88,71.28,95,1.2375,3329.23
19263.88,70.94,94,0.0,3329.23
19263.88,70.92,94,0.0,3329.23
19263.88,70.69,95,1.2375,3329.23
19263.88,70.9,95,0.0,3329.23
19263.88,72.28,95,0.0,3329.23
19263.88,72.38,95,0.0,3329.23
19263.88,71.97,95,1.2375,3329.23
19263.88,71.84,95,0.0,3329.23
19263.88,71.94,95,0.0,3329.23
19263.88,71.99,95,1.2375,3329.23
19263.88,71.8,93,0.0,3329.23
19263.88,72.14,93,0.0,3329.23
19263.88,72.18,95,0.0,3329.23
19263.88,72.48,95,1.2375,3329.23
19263.88,72.34,95,0.0,3329.23
19263.88,72.03,95,1.2375,3329.23
19263.88,71.93,94,1.2375,3329.23
19263.88,72.01,94,0.0,3329.23
19263.88,72.17,93,0.0,3329.23
19263.88,72.31,93,0.0,3329.23
19263.88,72.23,95,1.2375,3329.23
19263.88,72.01,95,0.0,3329.23
19263.88,71.82,95,0.0,3329.23
19263.88,71.73,95,0.0,3329.23
19263.88,71.57,94,1.2375,3329.23
19263.88,71.46,94,0.0,3329.23
19263.88,71.47,95,0.0,3329.23
19263.88,71.53,95,1.2375,3329.23
19263.88,71.42,95,0.0,3329.23
19263.88,71.52,94,0.0,3329.23
19263.88,71.63,94,0.0,3329.23
19263.88,71.64,95,0.0,3329.23
19263.88,71.69,95,1.25,3329.23
19263.88,71.81,95,0.0,3329.23
19263.88,71.77,95,0.0,3329.23
19263.88,71.74,95,1.2375,3329.23
19263.88,71.76,95,0.0,3329.23
19263.88,71.82,95,0.0,3329.23
19263.88,71.89,95,0.0,3329.23
19263.88,72.19,95,1.25,3329.23
19263.88,72.14,96,0.0,3329.23
19263.88,72.11,96,0.0,3329.23
19263.88,72.23,96,1.2125,3329.23
19263.88,72.39,94,0.0,3329.23
19263.88,71.94,95,0.0,3329.23
19263.88,71.88,91,2.3375,3329.23
19263.88,70.48,91,0.0,3329.23
19263.88,70.97,85,0.0,3329.23
19263.88,71.51,85,1.225,3329.23
19263.88,71.47,97,0.0,3329.23
19263.88,71.38,97,0.0,3329.23
19263.88,71.61,95,0.0,3329.23
19263.88,71.62,95,1.25,3329.23
19263.88,71.65,95,0.0,3329.23
19263.88,71.56,95,1.25,3329.23
19263.88,71.59,96,0.0,3329.23
19263.88,73.4,96,1.25,3329.23
19263.88,72.74,96,0.0,3329.23
19263.88,72.22,94,0.0,3329.23
19263.88,71.81,94,1.25,3329.23
19263.88,72.0,93,0.0,3329.23
19263.88,71.8,93,0.0,3329.23
19263.88,71.8,95,0.0,3329.23
19263.88,71.94,95,1.25,3329.23
19263.88,71.98,95,0.0,3329.23
19263.88,71.68,95,0.0,3329.23
19263.88,71.89,94,0.0,3329.23
19263.88,71.89,94,1.2375,3329.23
19263.88,71.68,94,0.0,3329.23
19263.88,71.82,94,0.0,3329.23
19263.88,72.01,95,0.0,3329.23
19263.88,72.12,95,1.25,3329.23
19263.88,72.0,95,0.0,3329.23
19263.88,72.16,95,0.0,3329.23
19263.88,71.82,94,1.25,3329.23
19263.88,72.56,94,0.0,3329.23
19263.88,72.56,93,0.0,3329.23
19263.88,72.33,93,0.0,3329.23
19263.88,72.31,94,1.25,3329.23
19263.88,72.16,94,0.0,3329.23
19263.88,72.34,95,0.0,3329.23
19263.88,72.44,95,0.0,3329.23
19263.88,72.47,95,0.0,3329.23
19263.88,72.21,95,1.25,3329.23
19263.88,72.18,93,0.0,3329.23
19263.88,72.07,93,0.0,3329.23
19263.88,71.69,95,1.2375,3329.23
19263.88,71.25,95,0.0,3329.23
19263.88,71.55,95,0.0,3329.23
19263.88,71.22,95,0.0,3329.23
19263.88,71.22,94,1.25,3329.23
19263.88,71.97,94,0.0,3329.23
19263.88,72.15,95,0.0,3329.23
19263.88,72.0,95,0.0,3329.23
19263.88,72.03,95,0.0,3329.23
19263.88,72.27,95,1.2375,3329.23
19263.88,72.25,96,1.2375,3329.23
19263.88,72.21,96,0.0,3329.23
19263.88,72.13,95,2.4875,3329.23
19263.88,72.07,95,0.0,3329.23
19263.88,74.0,79,0.0,3329.23
19263.88,74.0,79,1.25,3329.23
19263.88,73.59,100,0.0,3329.23
19263.88,72.24,100,0.0,3329.23
19263.88,72.45,95,0.0,3329.23
19263.88,72.47,95,1.2125,3329.23
19263.88,72.64,95,0.0,3329.23
19263.88,72.43,95,0.0,3329.23
19263.88,72.9,96,0.0,3329.23
19263.88,72.62,96,1.2125,3329.23
19263.88,71.52,95,0.0,3329.23
19263.88,71.52,94,0.0,3329.23
19263.88,71.49,94,1.2125,3329.23
19263.88,71.16,94,0.0,3329.23
19263.88,72.2,94,0.0,3329.23
19263.88,72.07,95,1.2125,3329.23
19263.88,72.05,95,0.0,3329.23
19263.88,72.01,94,0.0,3329.23
19263.88,71.86,94,1.2125,3329.23
19263.88,72.02,95,1.2125,3329.23
19263.88,71.86,95,0.0,3329.23
19263.88,71.66,93,0.0,3329.23
19263.88,71.71,94,1.2125,3329.23
19263.88,71.84,94,0.0,3329.23
19263.88,72.04,94,0.0,3329.23
19263.88,72.1,94,1.2125,3329.23
19263.88,71.78,94,0.0,3329.23
19263.88,72.03,95,0.0,3329.23
19263.88,72.19,95,0.0,3329.23
19263.88,72.14,95,1.225,3329.23
19263.88,71.99,95,0.0,3329.23
19263.88,71.84,95,0.0,3329.23
19263.88,71.89,95,1.1875,3329.23
19263.88,71.91,95,0.0,3329.23
19263.88,71.88,95,0.0,3329.23
19263.88,71.94,95,0.0,3329.23
19263.88,71.82,95,1.2125,3329.23
19263.88,71.9,95,0.0,3329.23
19263.88,72.09,94,0.0,3329.23
19263.88,71.92,94,1.2125,3329.23
19263.88,71.68,95,0.0,3329.23
19263.88,71.75,95,0.0,3329.23
19263.88,71.86,95,1.2125,3329.23
19263.88,71.94,95,0.0,3329.23
19263.88,72.04,94,0.0,3329.23
19263.88,72.1,94,1.2125,3329.23
19263.88,71.98,94,0.0,3329.23
19263.88,72.02,94,0.0,3329.23
19263.88,72.02,95,1.2125,3329.23
19263.88,71.62,95,0.0,3329.23
19263.88,71.27,95,1.2125,3329.23
19263.88,71.26,95,1.2125,3329.23
19263.88,71.05,83,0.0,3329.23
19263.88,71.22,83,1.2125,3329.23
19263.88,70.14,98,0.0,3329.23
19263.88,70.08,98,1.2125,3329.23
19263.88,70.17,94,0.0,3329.23
19263.88,70.67,94,0.0,3329.23
19263.88,70.46,95,0.0,3329.23
19263.88,70.94,95,1.2125,3329.23
19263.88,70.82,95,0.0,3329.23
19263.88,71.3,95,0.0,3329.23
19263.88,71.67,95,1.2125,3329.23
19263.88,71.72,95,0.0,3329.23
19263.88,71.45,93,0.0,3329.23
19263.88,72.35,93,0.0,3329.23
19263.88,72.3,93,1.225,3329.23
19263.88,72.15,93,0.0,3329.23
19263.88,71.82,94,0.0,3329.23
19263.88,72.09,94,1.225,3329.23
19263.88,71.72,94,0.0,3329.23
19263.88,72.14,94,0.0,3329.23
19263.88,72.18,95,0.0,3329.23
19263.88,72.0,95,1.2125,3329.23
19263.88,71.91,95,0.0,3329.23
19263.88,71.88,95,0.0,3329.23
19263.88,71.96,95,0.0,3329.23
19263.88,72.22,95,2.4375,3329.23
19263.88,72.26,95,0.0,3329.23
19263.88,72.19,94,0.0,3329.23
19263.88,72.74,94,1.2125,3329.23
19263.88,72.74,95,0.0,3329.23
19263.88,72.17,95,0.0,3329.23
19263.88,71.94,95,1.2125,3329.23
19263.88,71.83,95,0.0,3329.23
19263.88,71.91,95,0.0,3329.23
19263.88,72.24,95,1.2,3329.23
19263.88,72.18,95,0.0,3329.23
19263.88,72.18,95,0.0,3329.23
19263.88,72.02,95,1.225,3329.23
19263.88,71.88,95,0.0,3329.23
19263.88,71.87,95,0.0,3329.23
19263.88,71.91,95,1.2125,3329.23
19263.88,71.87,95,0.0,3329.23
19263.88,71.87,95,0.0,3329.23
19263.88,72.03,96,0.0,3329.23
19263.88,72.09,96,1.2125,3329.23
19263.88,72.09,95,0.0,3329.23
19263.88,72.15,95,0.0,3329.23
19263.88,71.86,95,1.25,3329.23
19263.88,72.1,95,0.0,3329.23
19263.88,71.65,94,0.0,3329.23
19263.88,71.54,94,1.25,3329.23
19263.88,70.82,90,1.2375,3329.23
19263.88,71.05,90,0.0,3329.23
19263.88,71.3,88,0.0,3329.23
19263.88,70.84,88,1.2375,3329.23
19263.88,70.84,96,0.0,3329.23
19263.88,71.02,96,0.0,3329.23
19263.88,71.02,95,1.25,3329.23
19263.88,71.44,95,0.0,3329.23
19263.88,71.68,95,0.0,3329.23
19263.88,71.68,95,1.25,3329.23
19263.88,71.44,95,0.0,3329.23
19263.88,72.53,95,0.0,3329.23
19263.88,72.2,95,1.2375,3329.23
19263.88,72.26,95,0.0,3329.23
19263.88,71.97,95,0.0,3329.23
19263.88,72.48,95,0.0,3329.23
19263.88,72.43,94,1.25,3329.23
19263.88,72.41,94,0.0,3329.23
19263.88,72.26,95,0.0,3329.23
19263.88,72.08,95,1.2375,3329.23
19263.88,72.22,94,0.0,3329.23
19263.88,72.09,94,0.0,3329.23
19263.88,71.96,95,1.25,3329.23
19263.88,71.75,95,1.2375,3329.23
19263.88,71.52,95,0.0,3329.23
19263.88,71.36,95,0.0,3329.23
19263.88,71.57,94,1.25,3329.23
19263.88,71.66,94,0.0,3329.23
19263.88,71.56,95,0.0,3329.23
19263.88,71.54,95,0.0,3329.23
19263.88,71.68,95,1.2375,3329.23
19263.88,71.58,95,0.0,3329.23
19263.88,71.51,94,0.0,3329.23
19263.88,71.49,94,1.2375,3329.23
19263.88,71.53,95,0.0,3329.23
19263.88,71.68,95,0.0,3329.23
19263.88,71.93,95,0.0,3329.23
19263.88,72.11,95,1.2375,3329.23
19263.88,72.11,95,0.0,3329.23
19263.88,72.08,93,0.0,3329.23
19263.88,72.36,93,0.0,3329.23
19263.88,72.12,95,1.2125,3329.23
19263.88,72.07,95,0.0,3329.23
19263.88,72.06,95,0.0,3329.23
19263.88,72.29,95,1.2125,3329.23
19263.88,72.29,95,0.0,3329.23
19263.88,72.27,95,0.0,3329.23
19263.88,72.28,94,1.225,3329.23
19263.88,72.2,94,1.225,3329.23
19263.88,72.2,95,0.0,3329.23
19263.88,71.91,95,0.0,3329.23
19263.88,71.97,95,0.0,3329.23
19263.88,71.91,95,2.4375,3329.23
19263.88,73.53,79,1.225,3329.23
19263.88,73.47,79,0.0,3329.23
19263.88,73.79,100,0.0,3329.23
19263.88,72.63,100,0.0,3329.23
19263.88,72.89,95,1.225,3329.23
19263.88,72.69,95,0.0,3329.23
19263.88,72.65,95,0.0,3329.23
19263.88,72.78,95,0.0,3329.23
19263.88,72.79,94,1.2125,3329.23
19263.88,73.2,94,0.0,3329.23
19263.88,73.14,96,0.0,3329.23
19263.88,71.94,96,1.2125,3329.23
19263.88,71.75,96,0.0,3329.23
19263.88,71.42,96,0.0,3329.23
19263.88,72.25,97,1.2125,3329.23
19263.88,72.31,97,0.0,3329.23
19263.88,72.6,96,0.0,3329.23
19263.88,72.25,96,0.0,3329.23
19263.88,72.33,96,1.2125,3329.23
19263.88,72.02,96,0.0,3329.23
19263.88,72.04,94,1.2125,3329.23
19263.88,72.01,94,0.0,3329.23
19263.88,71.71,95,0.0,3329.23
19263.88,71.76,95,1.2125,3329.23
19263.88,71.86,93,0.0,3329.23
19263.88,72.05,94,0.0,3329.23
19263.88,72.18,94,1.225,3329.23
19263.88,72.16,94,0.0,3329.23
19263.88,71.99,95,0.0,3329.23
19263.88,72.13,95,0.0,3329.23
19263.88,72.08,95,1.225,3329.23
19263.88,71.94,95,0.0,3329.23
19263.88,71.94,95,0.0,3329.23
19263.88,72.1,95,1.2125,3329.23
19263.88,72.16,95,0.0,3329.23
19263.88,72.03,95,1.2125,3329.23
19263.88,72.0,95,0.0,3329.23
19263.88,72.01,95,0.0,3329.23
19263.88,72.14,95,1.2125,3329.23
19263.88,72.13,95,0.0,3329.23
19263.88,72.07,95,0.0,3329.23
19263.88,71.97,95,1.2125,3329.23
19263.88,72.1,95,0.0,3329.23
19263.88,72.13,95,0.0,3329.23
19263.88,72.16,95,0.0,3329.23
19263.88,72.29,94,1.2125,3329.23
19263.88,72.29,94,0.0,3329.23
19263.88,71.99,94,0.0,3329.23
19263.88,71.89,94,0.0,3329.23
19263.88,71.85,94,1.2125,3329.23
19263.88,71.82,94,0.0,3329.23
19263.88,71.91,95,1.2125,3329.23
19263.88,73.78,95,1.2,3329.23
19263.88,73.78,86,0.0,3329.23
19263.88,73.67,86,0.0,3329.23
19263.88,72.8,99,1.2125,3329.23
19263.88,72.53,99,0.0,3329.23
19263.88,72.9,94,0.0,3329.23
19263.88,72.91,94,0.0,3329.23
19263.88,73.61,92,1.2125,3329.23
19263.88,73.34,92,1.2,3329.23
19263.88,73.78,94,1.2125,3329.23
19263.88,71.76,94,0.0,3329.23
19263.88,71.72,95,0.0,3329.23
19263.88,71.46,95,1.2125,3329.23
19263.88,71.46,95,0.0,3329.23
19263.88,72.42,95,0.0,3329.23
19263.88,72.43,95,0.0,3329.23
19263.88,72.37,95,1.2125,3329.23
19263.88,72.14,95,0.0,3329.23
19263.88,72.15,95,0.0,3329.23
19263.88,72.29,95,0.0,3329.23
19263.88,72.29,95,1.25,3329.23
19263.88,72.09,96,0.0,3329.23
19263.88,72.02,96,0.0,3329.23
19263.88,71.99,96,1.25,3329.23
19263.88,72.45,95,0.0,3329.23
19263.88,72.45,95,0.0,3329.23
19263.88,72.77,94,0.0,3329.23
19263.88,72.58,94,1.25,3329.23
19263.88,72.58,96,0.0,3329.23
19263.88,72.17,96,0.0,3329.23
19263.88,71.66,94,1.2375,3329.23
19263.88,71.56,94,0.0,3329.23
19263.88,71.58,95,0.0,3329.23
19263.88,71.63,95,1.25,3329.23
19263.88,71.68,95,0.0,3329.23
19263.88,71.76,95,0.0,3329.23
19263.88,71.84,94,0.0,3329.23
19263.88,71.88,94,1.2375,3329.23
19263.88,71.95,95,0.0,3329.23
19263.88,71.94,95,0.0,3329.23
19263.88,71.91,95,1.2375,3329.23
19263.88,72.26,95,0.0,3329.23
19263.88,72.22,94,0.0,3329.23
19263.88,72.16,94,1.25,3329.23
19263.88,72.27,95,0.0,3329.23
19263.88,72.21,95,0.0,3329.23
19263.88,72.03,94,0.0,3329.23
19263.88,71.68,94,1.2375,3329.23
19263.88,72.22,94,0.0,3329.23
19263.88,72.14,94,0.0,3329.23
19263.88,71.9,95,1.2375,3329.23
19263.88,71.84,95,1.2375,3329.23
19263.88,72.3,80,0.0,3329.23
19263.88,72.27,80,1.25,3329.23
19263.88,72.5,100,0.0,3329.23
19263.88,72.37,100,1.2375,3329.23
19263.88,72.6,100,1.2375,3329.23
19263.88,72.54,100,0.0,3329.23
19263.88,72.62,100,0.0,3329.23
19263.88,71.87,100,1.2375,3329.23
19263.88,71.8,94,0.0,3329.23
19263.88,71.84,95,0.0,3329.23
19263.88,72.02,95,0.0,3329.23
19263.88,71.69,95,1.2125,3329.23
19263.88,71.92,95,0.0,3329.23
19263.88,71.81,95,0.0,3329.23
19263.88,72.03,95,1.1625,3329.23
19263.88,71.69,95,0.0,3329.23
19263.88,71.49,95,1.2125,3329.23
19263.88,71.05,95,0.0,3329.23
19263.88,71.58,95,0.0,3329.23
19263.88,71.24,95,0.0,3329.23
19263.88,71.38,95,1.2125,3329.23
19263.88,71.62,95,1.2125,3329.23
19263.88,71.25,95,0.0,3329.23
19263.88,71.56,95,0.0,3329.23
19263.88,71.15,95,1.2125,3329.23
19263.88,71.46,95,0.0,3329.23
19263.88,71.09,95,0.0,3329.23
19263.88,71.61,95,1.2125,3329.23
19263.88,71.25,95,0.0,3329.23
19263.88,71.61,95,0.0,3329.23
19263.88,71.11,95,1.2125,3329.23
19263.88,71.55,95,0.0,3329.23
19263.88,70.98,95,0.0,3329.23
19263.88,71.28,95,1.2125,3329.23
19263.88,71.6,95,0.0,3329.23
19263.88,71.79,93,0.0,3329.23
19263.88,71.73,93,1.2125,3329.23
19263.88,72.0,95,0.0,3329.23
19263.88,71.9,95,0.0,3329.23
19263.88,72.13,95,1.2125,3329.23
19263.88,72.15,95,0.0,3329.23
19263.88,72.31,93,0.0,3329.23
19263.88,72.12,93,1.2125,3329.23
19263.88,72.29,95,0.0,3329.23
19263.88,72.37,95,0.0,3329.23
19263.88,71.7,95,0.0,3329.23
19263.88,71.88,95,1.2125,3329.23
19263.88,71.63,95,0.0,3329.23
19263.88,71.96,95,0.0,3329.23
19263.88,71.69,95,2.425,3329.23
19263.88,71.85,95,0.0,3329.23
19263.88,71.47,95,0.0,3329.23
19263.88,71.79,95,0.0,3329.23
19263.88,71.31,95,1.2125,3329.23
19263.88,71.67,94,0.0,3329.23
19263.88,71.17,94,1.2125,3329.23
19263.88,71.48,83,0.0,3329.23
19263.88,72.56,83,1.2125,3329.23
19263.88,72.82,100,0.0,3329.23
19263.88,72.62,100,0.0,3329.23
19263.88,72.04,96,0.0,3329.23
19263.88,72.1,96,1.175,3329.23
19263.88,72.53,94,0.0,3329.23
19263.88,72.23,94,0.0,3329.23
19263.88,72.93,95,1.2125,3329.23
19263.88,72.65,95,0.0,3329.23
19263.88,72.94,95,0.0,3329.23
19263.88,71.92,95,0.0,3329.23
19263.88,71.6,95,1.2375,3329.23
19263.88,71.6,95,0.0,3329.23
19263.88,72.16,95,1.2375,3329.23
19263.88,71.99,95,0.0,3329.23
19263.88,71.86,95,0.0,3329.23
19263.88,71.84,95,1.2375,3329.23
19263.88,71.73,95,0.0,3329.23
19263.88,71.84,95,0.0,3329.23
19263.88,72.06,94,1.2375,3329.23
19263.88,71.98,94,0.0,3329.23
19263.88,71.76,95,0.0,3329.23
19263.88,71.82,95,1.2375,3329.23
19263.88,71.92,95,0.0,3329.23
19263.88,72.06,95,1.2375,3329.23
19263.88,72.25,92,0.0,3329.23
19263.88,72.0,92,1.2375,3329.23
19263.88,72.28,95,0.0,3329.23
19263.88,71.98,95,0.0,3329.23
19263.88,72.35,94,1.2375,3329.23
19263.88,72.14,94,0.0,3329.23
19263.88,71.93,95,0.0,3329.23
19263.88,72.08,95,1.25,3329.23
19263.88,72.07,95,0.0,3329.23
19263.88,72.17,95,0.0,3329.23
19263.88,72.22,94,0.0,3329.23
19263.88,72.16,94,1.25,3329.23
19263.88,72.25,95,0.0,3329.23
19263.88,72.2,95,0.0,3329.23
19263.88,72.16,95,0.0,3329.23
19263.88,71.7,95,1.25,3329.23
19263.88,71.8,95,0.0,3329.23
19263.88,71.69,95,0.0,3329.23
19263.88,71.85,95,1.25,3329.23
19263.88,71.95,95,0.0,3329.23
19263.88,72.03,96,0.0,3329.23
19263.88,72.02,96,1.25,3329.23
19263.88,72.02,96,0.0,3329.23
19263.88,71.91,96,0.0,3329.23
19263.88,71.84,95,0.0,3329.23
19263.88,72.03,95,1.2375,3329.23
19263.88,71.9,96,1.2375,3329.23
19263.88,74.07,86,0.0,3329.23
19263.88,74.07,86,1.25,3329.23
19263.88,73.81,86,0.0,3329.23
19263.88,73.12,98,0.0,3329.23
19263.88,73.22,98,0.0,3329.23
19263.88,73.36,96,1.2125,3329.23
19263.88,73.36,96,0.0,3329.23
19263.88,73.61,96,0.0,3329.23
19263.88,73.35,96,1.2125,3329.23
19263.88,73.35,96,0.0,3329.23
19263.88,73.46,96,0.0,3329.23
19263.88,71.72,96,1.2125,3329.23
19263.88,71.41,96,0.0,3329.23
19263.88,71.23,96,0.0,3329.23
19263.88,72.17,96,1.225,3329.23
19263.88,71.83,96,0.0,3329.23
19263.88,72.08,96,0.0,3329.23
19263.88,71.8,97,0.0,3329.23
19263.88,71.7,97,1.1875,3329.23
19263.88,71.69,96,0.0,3329.23
19263.88,71.67,96,0.0,3329.23
19263.88,71.88,96,1.2125,3329.23
19263.88,71.55,96,0.0,3329.23
19263.88,71.71,97,0.0,3329.23
19263.88,71.79,97,1.2125,3329.23
19263.88,72.14,96,0.0,3329.23
19263.88,72.01,96,0.0,3329.23
19263.88,72.45,94,1.2125,3329.23
19263.88,72.14,94,0.0,3329.23
19263.88,72.37,94,0.0,3329.23
19263.88,72.37,94,2.4875,3329.23
19263.88,72.13,95,0.0,3329.23
19263.88,72.1,95,0.0,3329.23
19263.88,72.24,95,0.0,3329.23
19263.88,72.2,95,0.0,3329.23
19263.88,72.29,93,1.1625,3329.23
19263.88,72.17,93,0.0,3329.23
19263.88,71.61,95,1.2125,3329.23
19263.88,72.08,95,0.0,3329.23
19263.88,72.08,95,0.0,3329.23
19263.88,71.93,95,0.0,3329.23
19263.88,72.01,95,1.2375,3329.23
19263.88,71.96,95,0.0,3329.23
19263.88,71.96,95,0.0,3329.23
19263.88,72.0,95,0.0,3329.23
19263.88,71.98,95,1.25,3329.23
19263.88,71.81,95,0.0,3329.23
19263.88,71.85,94,0.0,3329.23
19263.88,72.17,94,1.25,3329.23
19263.88,71.61,95,0.0,3329.23
19263.88,71.59,95,1.2375,3329.23
19263.88,73.16,95,1.25,3329.23
19263.88,72.9,82,0.0,3329.23
19263.88,72.9,82,0.0,3329.23
19263.88,73.22,100,0.0,3329.23
19263.88,73.24,100,1.25,3329.23
19263.88,73.4,100,0.0,3329.23
19263.88,72.79,100,0.0,3329.23
19263.88,72.92,95,1.25,3329.23
19263.88,73.14,95,0.0,3329.23
19263.88,72.69,95,0.0,3329.23
19263.88,73.18,95,1.25,3329.23
19263.88,73.05,95,0.0,3329.23
19263.88,71.98,95,1.25,3329.23
19263.88,72.16,95,0.0,3329.23
19263.88,72.42,95,1.25,3329.23
19263.88,71.97,92,0.0,3329.23
19263.88,71.84,92,0.0,3329.23
19263.88,72.07,95,0.0,3329.23
19263.88,72.35,95,1.2375,3329.23
19263.88,71.5,94,0.0,3329.23
19263.88,71.94,94,0.0,3329.23
19263.88,71.67,94,1.25,3329.23
19263.88,71.9,94,0.0,3329.23
19263.88,71.6,95,0.0,3329.23
19263.88,71.68,95,0.0,3329.23
19263.88,70.99,95,1.25,3329.23
19263.88,71.32,95,0.0,3329.23
19263.88,71.16,95,0.0,3329.23
19263.88,71.44,95,1.2375,3329.23
19263.88,70.98,95,0.0,3329.23
19263.88,71.72,94,0.0,3329.23
19263.88,71.44,94,0.0,3329.23
19263.88,71.73,95,1.2375,3329.23
19263.88,71.4,95,0.0,3329.23
19263.88,71.67,95,1.2125,3329.23
19263.88,71.34,95,0.0,3329.23
19263.88,71.58,95,1.2125,3329.23
19263.88,71.82,95,0.0,3329.23
19263.88,71.54,95,0.0,3329.23
19263.88,71.89,95,1.2125,3329.23
19263.88,71.55,95,0.0,3329.23
19263.88,71.71,95,0.0,3329.23
19263.88,71.47,95,1.2125,3329.23
19263.88,71.61,95,0.0,3329.23
19263.88,71.32,96,0.0,3329.23
19263.88,71.52,96,0.0,3329.23
19263.88,71.23,95,0.0,3329.23
19263.88,71.46,95,1.2125,3329.23
19263.88,71.34,95,0.0,3329.23
19263.88,71.84,95,0.0,3329.23
19263.88,71.92,96,1.2125,3329.23
19263.88,71.9,96,0.0,3329.23
19263.88,71.95,96,0.0,3329.23
19263.88,71.61,96,0.0,3329.23
19263.88,71.81,93,3.725,3329.23
19263.88,70.89,93,0.0,3329.23
19263.88,71.7,78,1.2125,3329.23
19263.88,71.82,78,0.0,3329.23
19263.88,71.74,100,0.0,3329.23
19263.88,71.94,100,1.2125,3329.23
19263.88,70.75,98,0.0,3329.23
19263.88,70.46,98,0.0,3329.23
19263.88,70.81,94,1.2125,3329.23
19263.88,70.66,94,0.0,3329.23
19263.88,71.13,95,0.0,3329.23
19263.88,70.94,95,1.2125,3329.23
19263.88,72.23,94,0.0,3329.23
19263.88,71.39,94,0.0,3329.23
19263.88,71.66,95,0.0,3329.23
19263.88,71.46,95,1.2125,3329.23
19263.88,71.21,95,0.0,3329.23
19263.88,71.85,95,0.0,3329.23
19263.88,72.15,95,1.2125,3329.23
19263.88,71.86,95,0.0,3329.23
19263.88,71.87,95,0.0,3329.23
19263.88,71.73,95,0.0,3329.23
19263.88,71.78,95,1.2125,3329.23
19263.88,72.13,95,0.0,3329.23
19263.88,71.8,94,0.0,3329.23
19263.88,71.93,94,1.2125,3329.23
19263.88,71.93,94,0.0,3329.23
19263.88,71.86,95,0.0,3329.23
19263.88,72.08,95,0.0,3329.23
19263.88,72.08,94,1.2125,3329.23
19263.88,72.2,94,0.0,3329.23
19263.88,72.45,94,1.2125,3329.23
19263.88,72.19,94,1.2,3329.23
19263.88,72.12,95,0.0,3329.23
19263.88,71.48,94,0.0,3329.23
19263.88,71.58,94,1.1875,3329.23
19263.88,71.57,94,0.0,3329.23
19263.88,71.81,94,0.0,3329.23
19263.88,72.05,94,0.0,3329.23
19263.88,71.74,93,1.2125,3329.23
19263.88,71.76,94,0.0,3329.23
19263.88,71.48,94,0.0,3329.23
19263.88,71.7,95,0.0,3329.23
19263.88,71.45,95,1.1875,3329.23
19263.88,71.78,95,0.0,3329.23
19263.88,71.56,95,0.0,3329.23
19263.88,71.81,95,1.2125,3329.23
19263.88,71.64,95,0.0,3329.23
19263.88,71.77,94,0.0,3329.23
19263.88,71.47,94,0.0,3329.23
19263.88,71.67,95,1.25,3329.23
19263.88,71.44,95,0.0,3329.23
19263.88,71.57,95,0.0,3329.23
19263.88,71.25,95,1.25,3329.23
19263.88,71.39,95,1.25,3329.23
19263.88,72.22,95,1.25,3329.23
19263.88,72.51,78,0.0,3329.23
19263.88,72.77,78,0.0,3329.23
19263.88,73.05,78,0.0,3329.23
19263.88,72.73,100,1.25,3329.23
19263.88,73.11,100,0.0,3329.23
19263.88,72.92,94,0.0,3329.23
19263.88,72.92,94,1.25,3329.23
19263.88,73.3,93,1.2375,3329.23
19263.88,73.31,93,0.0,3329.23
19263.88,73.47,94,0.0,3329.23
19263.88,73.49,94,0.0,3329.23
19263.88,72.8,94,1.25,3329.23
19263.88,72.54,94,0.0,3329.23
19263.88,71.98,94,0.0,3329.23
19263.88,71.55,94,0.0,3329.23
19263.88,71.86,94,1.25,3329.23
19263.88,71.55,94,0.0,3329.23
19263.88,71.96,94,0.0,3329.23
19263.88,71.99,95,1.2375,3329.23
19263.88,71.58,95,0.0,3329.23
19263.88,71.03,94,0.0,3329.23
19263.88,71.09,94,0.0,3329.23
19263.88,71.14,94,1.25,3329.23
19263.88,71.42,94,0.0,3329.23
19263.88,71.48,95,0.0,3329.23
19263.88,71.61,95,0.0,3329.23
19263.88,71.56,95,1.25,3329.23
19263.88,71.31,95,0.0,3329.23
19263.88,70.84,95,0.0,3329.23
19263.88,71.19,95,1.2375,3329.23
19263.88,70.96,95,0.0,3329.23
19263.88,71.84,95,0.0,3329.23
19263.88,71.72,94,0.0,3329.23
19263.88,71.89,94,1.25,3329.23
19263.88,71.94,95,0.0,3329.23
19263.88,71.87,95,0.0,3329.23
19263.88,71.91,95,0.0,3329.23
19263.88,71.88,95,1.25,3329.23
19263.88,71.82,96,0.0,3329.23
19263.88,71.77,96,0.0,3329.23
19263.88,71.83,95,1.225,3329.23
19263.88,71.72,95,0.0,3329.23
19263.88,71.64,94,0.0,3329.23
19263.88,71.39,94,0.0,3329.23
19263.88,71.47,95,1.2125,3329.23
19263.88,71.29,95,0.0,3329.23
19263.88,71.75,94,0.0,3329.23
19263.88,71.89,94,1.2125,3329.23
19263.88,71.8,95,0.0,3329.23
19263.88,71.89,95,0.0,3329.23
19263.88,71.87,96,1.225,3329.23
19263.88,71.92,96,0.0,3329.23
19263.88,71.9,95,2.425,3329.23
19263.88,73.89,95,0.0,3329.23
19263.88,74.28,77,1.2125,3329.23
19263.88,74.41,100,0.0,3329.23
19263.88,74.63,100,0.0,3329.23
19263.88,74.49,100,1.2125,3329.23
19263.88,74.25,100,0.0,3329.23
19263.88,73.89,95,0.0,3329.23
19263.88,74.39,95,1.2125,3329.23
19263.88,74.56,95,0.0,3329.23
19263.88,74.77,95,0.0,3329.23
19263.88,72.97,94,0.0,3329.23
19263.88,72.64,94,1.2125,3329.23
19263.88,72.63,93,0.0,3329.23
19263.88,72.39,93,0.0,3329.23
19263.88,72.22,95,1.2125,3329.23
19263.88,71.8,95,0.0,3329.23
19263.88,72.63,95,0.0,3329.23
19263.88,71.93,95,1.2125,3329.23
19263.88,71.85,95,0.0,3329.23
19263.88,71.5,95,0.0,3329.23
19263.88,71.74,95,0.0,3329.23
19263.88,71.68,95,1.2125,3329.23
19263.88,71.9,95,0.0,3329.23
19263.88,71.6,95,0.0,3329.23
19263.88,71.75,95,1.2125,3329.23
19263.88,71.37,93,0.0,3329.23
19263.88,71.76,94,0.0,3329.23
19263.88,70.88,94,1.2,3329.23
19263.88,71.34,94,0.0,3329.23
19263.88,71.18,94,0.0,3329.23
19263.88,71.5,94,1.225,3329.23
19263.88,71.34,94,0.0,3329.23
19263.88,71.51,95,0.0,3329.23
19263.88,71.13,95,2.25,3329.23
19263.88,71.31,95,0.0,3329.23
19263.88,70.85,95,1.2125,3329.23
19263.88,71.38,95,0.0,3329.23
19263.88,71.05,95,0.0,3329.23
19263.88,72.1,95,0.0,3329.23
19263.88,71.72,95,1.2125,3329.23
19263.88,71.92,95,0.0,3329.23
19263.88,71.57,95,0.0,3329.23
19263.88,71.72,95,1.2125,3329.23
19263.88,71.13,95,0.0,3329.23
19263.88,71.46,95,0.0,3329.23
19263.88,71.03,94,0.0,3329.23
19263.88,71.68,94,1.2,3329.23
19263.88,71.54,95,0.0,3329.23
19263.88,72.09,95,0.0,3329.23
19263.88,71.87,95,1.225,3329.23
19263.88,72.38,95,0.0,3329.23
19263.88,72.2,95,0.0,3329.23
19263.88,72.63,95,0.0,3329.23
19263.88,72.25,95,0.0,3329.23
19263.88,72.66,95,1.175,3329.23
19263.88,72.36,84,2.4375,3329.23
19263.88,69.7,84,0.0,3329.23
19263.88,69.53,94,0.0,3329.23
19263.88,69.37,94,1.225,3329.23
19263.88,68.83,97,0.0,3329.23
19263.88,68.86,97,0.0,3329.23
19263.88,69.07,95,0.0,3329.23
19263.88,68.62,95,1.225,3329.23
19263.88,69.14,95,0.0,3329.23
19263.88,68.77,95,0.0,3329.23
19263.88,69.24,95,0.0,3329.23
19263.88,72.18,95,1.225,3329.23
19263.88,72.19,94,0.0,3329.23
19263.88,71.83,94,0.0,3329.23
19263.88,71.63,95,0.0,3329.23
19263.88,72.06,95,1.225,3329.23
19263.88,71.85,95,0.0,3329.23
19263.88,71.62,95,0.0,3329.23
19263.88,71.99,94,0.0,3329.23
19263.88,71.87,94,0.0,3329.23
19263.88,71.66,94,1.25,3329.23
19263.88,71.7,94,0.0,3329.23
19263.88,71.5,95,0.0,3329.23
19263.88,71.39,95,0.0,3329.23
19263.88,71.03,94,2.4375,3329.23
19263.88,71.4,94,0.0,3329.23
19263.88,71.44,94,0.0,3329.23
19263.88,71.47,94,0.0,3329.23
19263.88,71.42,95,1.2125,3329.23
19263.88,71.27,95,0.0,3329.23
19263.88,70.94,95,0.0,3329.23
19263.88,71.51,95,1.2125,3329.23
19263.88,71.14,95,0.0,3329.23
19263.88,71.62,95,0.0,3329.23
19263.88,71.72,95,0.0,3329.23
19263.88,72.21,95,1.2125,3329.23
19263.88,72.17,95,0.0,3329.23
19263.88,72.09,95,0.0,3329.23
19263.88,72.11,94,1.2125,3329.23
19263.88,72.22,94,0.0,3329.23
19263.88,72.07,94,0.0,3329.23
19263.88,72.05,94,1.2125,3329.23
19263.88,72.05,95,0.0,3329.23
19263.88,71.54,95,0.0,3329.23
19263.88,71.45,94,0.0,3329.23
19263.88,71.26,95,1.225,3329.23
19263.88,71.53,95,0.0,3329.23
19263.88,71.61,94,0.0,3329.23
19263.88,71.72,94,1.225,3329.23
19263.88,71.6,95,0.0,3329.23
19263.88,71.54,95,0.0,3329.23
19263.88,71.47,95,0.0,3329.23
19263.88,73.7,95,2.4125,3329.23
19263.88,73.62,82,0.0,3329.23
19263.88,73.82,100,1.2125,3329.23
19263.88,72.75,100,0.0,3329.23
19263.88,72.74,100,0.0,3329.23
19263.88,72.84,94,1.2125,3329.23
19263.88,72.53,95,0.0,3329.23
19263.88,72.9,95,0.0,3329.23
19263.88,72.89,94,1.225,3329.23
19263.88,73.06,94,0.0,3329.23
19263.88,72.95,94,0.0,3329.23
19263.88,71.31,94,1.2125,3329.23
19263.88,71.17,95,1.2125,3329.23
19263.88,71.04,95,0.0,3329.23
19263.88,72.12,95,0.0,3329.23
19263.88,72.31,95,1.2125,3329.23
19263.88,72.25,95,0.0,3329.23
19263.88,72.18,95,0.0,3329.23
19263.88,72.07,95,0.0,3329.23
19263.88,71.83,95,1.225,3329.23
19263.88,72.06,95,0.0,3329.23
19263.88,71.97,95,0.0,3329.23
19263.88,71.97,95,0.0,3329.23
19263.88,72.31,94,1.2125,3329.23
19263.88,72.06,94,0.0,3329.23
19263.88,72.18,95,0.0,3329.23
19263.88,72.18,95,0.0,3329.23
19263.88,72.04,95,1.25,3329.23
19263.88,72.09,95,0.0,3329.23
19263.88,72.14,95,0.0,3329.23
19263.88,72.14,95,1.2375,3329.23
19263.88,72.12,95,0.0,3329.23
19263.88,72.06,95,0.0,3329.23
19263.88,71.66,95,0.0,3329.23
19263.88,71.73,95,1.2375,3329.23
19263.88,71.83,95,0.0,3329.23
19263.88,71.83,95,0.0,3329.23
19263.88,71.92,95,1.25,3329.23
19263.88,71.94,95,0.0,3329.23
19263.88,71.9,95,0.0,3329.23
19263.88,71.79,95,1.25,3329.23
19263.88,71.85,95,0.0,3329.23
19263.88,71.44,95,0.0,3329.23
19263.88,71.48,95,0.0,3329.23
19263.88,71.58,95,1.2375,3329.23
19263.88,71.65,95,0.0,3329.23
19263.88,71.78,95,0.0,3329.23
19263.88,71.78,95,1.2375,3329.23
19263.88,71.74,95,0.0,3329.23
19263.88,71.61,95,0.0,3329.23
19263.88,71.38,95,1.2375,3329.23
19263.88,71.56,95,0.0,3329.23
19263.88,71.72,95,1.2375,3329.23
19263.88,71.37,95,1.2375,3329.23
19263.88,71.33,81,0.0,3329.23
19263.88,71.74,81,0.0,3329.23
19263.88,71.64,100,1.2375,3329.23
19263.88,71.81,100,1.2375,3329.23
19263.88,71.78,100,0.0,3329.23
19263.88,71.69,100,0.0,3329.23
19263.88,71.97,94,1.2375,3329.23
19263.88,72.31,94,0.0,3329.23
19263.88,72.17,95,0.0,3329.23
19263.88,71.91,95,1.25,3329.23
19263.88,72.97,95,0.0,3329.23
19263.88,72.67,95,0.0,3329.23
19263.88,72.77,95,0.0,3329.23
19263.88,72.43,95,1.2375,3329.23
19263.88,72.19,95,0.0,3329.23
19263.88,71.64,95,0.0,3329.23
19263.88,71.88,95,0.0,3329.23
19263.88,71.32,95,1.225,3329.23
19263.88,71.42,95,0.0,3329.23
19263.88,71.21,95,0.0,3329.23
19263.88,71.58,95,1.2125,3329.23
19263.88,71.15,95,0.0,3329.23
19263.88,71.61,95,0.0,3329.23
19263.88,71.25,95,1.2125,3329.23
19263.88,71.39,95,0.0,3329.23
19263.88,71.19,95,0.0,3329.23
19263.88,71.53,95,1.2125,3329.23
19263.88,71.26,95,0.0,3329.23
19263.88,71.64,95,0.0,3329.23
19263.88,71.37,95,0.0,3329.23
19263.88,71.72,95,1.225,3329.23
19263.88,71.72,94,0.0,3329.23
19263.88,71.35,94,0.0,3329.23
19263.88,71.56,95,0.0,3329.23
19263.88,71.55,95,1.25,3329.23
19263.88,71.85,95,0.0,3329.23
19263.88,71.85,95,0.0,3329.23
19263.88,71.97,95,1.2375,3329.23
19263.88,71.72,95,0.0,3329.23
19263.88,72.08,95,0.0,3329.23
19263.88,71.8,95,1.25,3329.23
19263.88,71.97,95,0.0,3329.23
19263.88,71.65,95,0.0,3329.23
19263.88,71.8,95,1.2375,3329.23
19263.88,71.58,95,0.0,3329.23
19263.88,71.7,95,1.2375,3329.23
19263.88,71.56,95,0.0,3329.23
19263.88,71.84,95,1.2375,3329.23
19263.88,71.63,95,0.0,3329.23
19263.88,71.87,95,0.0,3329.23
19263.88,71.62,95,1.2375,3329.23
19263.88,71.77,95,0.0,3329.23
19263.88,71.52,95,0.0,3329.23
19263.88,71.73,94,0.0,3329.23
19263.88,69.32,94,2.4875,3329.23
19263.88,69.46,83,0.0,3329.23
19263.88,69.46,83,1.2375,3329.23
19263.88,69.54,83,0.0,3329.23
19263.88,68.8,100,0.0,3329.23
19263.88,69.24,94,1.2375,3329.23
19263.88,69.09,94,0.0,3329.23
19263.88,69.4,95,0.0,3329.23
19263.88,69.5,95,1.2375,3329.23
19263.88,69.54,95,0.0,3329.23
19263.88,69.41,95,0.0,3329.23
19263.88,72.14,94,1.2375,3329.23
19263.88,72.36,94,0.0,3329.23
19263.88,71.89,95,0.0,3329.23
19263.88,71.9,95,1.2375,3329.23
19263.88,72.33,94,0.0,3329.23
19263.88,72.34,94,0.0,3329.23
19263.88,72.29,94,0.0,3329.23
19263.88,72.25,95,0.0,3329.23
19263.88,71.88,95,1.25,3329.23
19263.88,72.08,95,1.25,3329.23
19263.88,72.08,95,0.0,3329.23
19263.88,71.79,95,0.0,3329.23
19263.88,71.61,95,0.0,3329.23
19263.88,71.66,95,1.25,3329.23
19263.88,71.83,95,0.0,3329.23
19263.88,71.85,95,0.0,3329.23
19263.88,71.86,95,1.225,3329.23
19263.88,72.01,95,0.0,3329.23
19263.88,71.92,95,0.0,3329.23
19263.88,72.02,95,0.0,3329.23
19263.88,71.86,95,0.0,3329.23
19263.88,71.92,95,1.225,3329.23
19263.88,71.83,95,0.0,3329.23
19263.88,71.85,95,0.0,3329.23
19263.88,71.95,96,0.0,3329.23
19263.88,72.05,96,1.225,3329.23
19263.88,72.14,95,0.0,3329.23
19263.88,72.06,95,0.0,3329.23
19263.88,71.86,95,0.0,3329.23
19263.88,71.73,95,1.225,3329.23
19263.88,71.55,95,0.0,3329.23
19263.88,71.77,95,0.0,3329.23
19263.88,71.98,95,0.0,3329.23
19263.88,71.64,94,1.1875,3329.23
19263.88,71.81,94,0.0,3329.23
19263.88,72.08,95,0.0,3329.23
19263.88,72.12,95,1.2,3329.23
19263.88,72.25,95,0.0,3329.23
19263.88,72.2,95,0.0,3329.23
19263.88,71.96,95,1.2125,3329.23
19263.88,72.02,95,0.0,3329.23
19263.88,72.06,94,1.225,3329.23
19263.88,72.65,94,1.2125,3329.23
19263.88,73.03,84,0.0,3329.23
19263.88,72.86,84,0.0,3329.23
19263.88,72.44,98,0.0,3329.23
19263.88,71.85,98,1.225,3329.23
19263.88,72.14,95,0.0,3329.23
19263.88,72.11,95,0.0,3329.23
19263.88,72.52,95,1.2125,3329.23
19263.88,72.45,95,0.0,3329.23
19263.88,72.94,94,0.0,3329.23
19263.88,73.02,94,1.2125,3329.23
19263.88,71.57,94,0.0,3329.23
19263.88,71.44,94,0.0,3329.23
19263.88,70.86,94,1.2125,3329.23
19263.88,71.51,94,1.2125,3329.23
19263.88,71.81,95,0.0,3329.23
19263.88,71.79,95,1.2125,3329.23
19263.88,71.65,95,0.0,3329.23
19263.88,71.41,95,0.0,3329.23
19263.88,71.45,94,1.2,3329.23
19263.88,71.26,94,0.0,3329.23
19263.88,71.09,95,0.0,3329.23
19263.88,71.45,95,1.2125,3329.23
19263.88,71.57,95,0.0,3329.23
19263.88,72.01,95,0.0,3329.23
19263.88,72.01,95,0.0,3329.23
19263.88,72.01,95,1.2125,3329.23
19263.88,71.92,94,0.0,3329.23
19263.88,71.79,94,0.0,3329.23
19263.88,71.79,95,0.0,3329.23
19263.88,71.89,95,1.2125,3329.23
19263.88,72.06,93,0.0,3329.23
19263.88,72.06,93,0.0,3329.23
19263.88,72.2,94,1.2125,3329.23
19263.88,72.39,94,0.0,3329.23
19263.88,72.26,94,0.0,3329.23
19263.88,72.39,94,1.2125,3329.23
19263.88,72.34,94,0.0,3329.23
19263.88,72.37,94,0.0,3329.23
19263.88,72.23,94,1.2,3329.23
19263.88,72.05,94,1.2125,3329.23
19263.88,71.78,94,0.0,3329.23
19263.88,71.78,94,0.0,3329.23
19263.88,71.46,95,1.2125,3329.23
19263.88,71.78,94,0.0,3329.23
19263.88,71.41,94,0.0,3329.23
19263.88,71.93,94,1.2125,3329.23
19263.88,72.49,94,0.0,3329.23
19263.88,72.42,94,0.0,3329.23
19263.88,72.34,94,1.2125,3329.23
19263.88,72.36,95,0.0,3329.23
19263.88,72.45,95,2.425,3329.23
19263.88,74.46,80,0.0,3329.23
19263.88,74.62,100,0.0,3329.23
19263.88,74.62,100,1.2125,3329.23
19263.88,73.55,96,0.0,3329.23
19263.88,73.54,96,0.0,3329.23
19263.88,73.22,94,0.0,3329.23
19263.88,73.13,94,1.225,3329.23
19263.88,72.96,94,0.0,3329.23
19263.88,73.46,94,0.0,3329.23
19263.88,73.16,95,1.175,3329.23
19263.88,73.5,95,0.0,3329.23
19263.88,71.3,93,1.225,3329.23
19263.88,70.83,93,0.0,3329.23
19263.88,72.15,94,1.2125,3329.23
19263.88,72.19,94,0.0,3329.23
19263.88,72.11,95,0.0,3329.23
19263.88,71.96,95,0.0,3329.23
19263.88,71.69,95,1.2125,3329.23
19263.88,71.6,95,0.0,3329.23
19263.88,71.78,94,0.0,3329.23
19263.88,71.68,94,1.2125,3329.23
19263.88,71.65,94,0.0,3329.23
19263.88,71.63,94,0.0,3329.23
19263.88,71.72,95,0.0,3329.23
19263.88,71.82,95,1.2125,3329.23
19263.88,71.66,94,0.0,3329.23
19263.88,71.85,94,1.2125,3329.23
19263.88,71.94,95,1.2125,3329.23
19263.88,71.94,95,0.0,3329.23
19263.88,72.04,95,0.0,3329.23
19263.88,71.92,95,1.2125,3329.23
19263.88,71.83,95,0.0,3329.23
19263.88,71.8,95,0.0,3329.23
19263.88,71.95,95,1.2125,3329.23
19263.88,72.03,95,0.0,3329.23
19263.88,71.96,95,0.0,3329.23
19263.88,71.76,95,1.2125,3329.23
19263.88,71.86,93,0.0,3329.23
19263.88,71.73,93,0.0,3329.23
19263.88,71.71,95,1.2,3329.23
19263.88,71.71,95,0.0,3329.23
19263.88,71.54,94,0.0,3329.23
19263.88,71.67,94,1.2125,3329.23
19263.88,71.73,94,0.0,3329.23
19263.88,71.88,94,0.0,3329.23
19263.88,71.99,95,1.2125,3329.23
19263.88,72.02,95,0.0,3329.23
19263.88,71.96,94,0.0,3329.23
19263.88,71.9,94,0.0,3329.23
19263.88,71.85,95,1.2125,3329.23
19263.88,71.85,95,0.0,3329.23
19263.88,69.47,94,3.625,3329.23
19263.88,69.32,94,0.0,3329.23
19263.88,69.64,81,0.0,3329.23
19263.88,69.64,81,1.2125,3329.23
19263.88,69.26,100,0.0,3329.23
19263.88,69.29,100,0.0,3329.23
19263.88,69.36,95,1.2125,3329.23
19263.88,69.69,95,0.0,3329.23
19263.88,70.19,94,0.0,3329.23
19263.88,69.78,94,0.0,3329.23
19263.88,70.29,95,1.2125,3329.23
19263.88,72.6,95,0.0,3329.23
19263.88,72.87,95,0.0,3329.23
19263.88,72.37,94,1.2125,3329.23
19263.88,72.05,94,0.0,3329.23
19263.88,72.41,93,1.2125,3329.23
19263.88,72.32,93,0.0,3329.23
19263.88,72.33,95,0.0,3329.23
19263.88,72.0,95,0.0,3329.23
19263.88,71.5,95,1.2125,3329.23
19263.88,72.37,94,0.0,3329.23
19263.88,72.43,94,0.0,3329.23
19263.88,72.41,94,1.2125,3329.23
19263.88,72.23,94,0.0,3329.23
19263.88,72.09,94,0.0,3329.23
19263.88,72.41,94,0.0,3329.23
19263.88,72.26,95,1.2125,3329.23
19263.88,72.28,95,0.0,3329.23
19263.88,72.18,95,1.2125,3329.23
19263.88,72.2,95,1.2125,3329.23
19263.88,72.28,95,0.0,3329.23
19263.88,71.89,95,0.0,3329.23
19263.88,71.55,94,1.2125,3329.23
19263.88,71.63,94,0.0,3329.23
19263.88,71.93,95,0.0,3329.23
19263.88,71.9,95,1.2125,3329.23
19263.88,71.5,94,0.0,3329.23
19263.88,71.7,94,0.0,3329.23
19263.88,71.83,91,1.2125,3329.23
19263.88,72.01,91,0.0,3329.23
19263.88,71.81,95,0.0,3329.23
19263.88,71.79,95,1.2125,3329.23
19263.88,71.74,93,0.0,3329.23
19263.88,71.66,93,0.0,3329.23
19263.88,71.36,95,1.2125,3329.23
19263.88,71.63,95,0.0,3329.23
19263.88,71.32,95,0.0,3329.23
19263.88,71.98,95,0.0,3329.23
19263.88,71.64,95,1.2125,3329.23
19263.88,72.08,95,0.0,3329.23
19263.88,71.85,94,0.0,3329.23
19263.88,71.9,94,1.2125,3329.23
19263.88,72.02,95,1.2125,3329.23
19263.88,74.07,95,0.0,3329.23
19263.88,74.09,79,1.2125,3329.23
19263.88,74.33,79,0.0,3329.23
19263.88,73.19,96,1.2125,3329.23
19263.88,73.67,96,1.2125,3329.23
19263.88,73.8,94,0.0,3329.23
19263.88,74.1,94,0.0,3329.23
19263.88,73.59,95,1.2125,3329.23
19263.88,73.79,95,0.0,3329.23
19263.88,73.8,95,0.0,3329.23
19263.88,73.83,95,1.2125,3329.23
19263.88,72.08,94,0.0,3329.23
19263.88,71.57,94,0.0,3329.23
19263.88,72.49,95,0.0,3329.23
19263.88,72.03,95,1.2125,3329.23
19263.88,72.23,94,0.0,3329.23
19263.88,72.22,94,0.0,3329.23
19263.88,72.07,95,1.2125,3329.23
19263.88,72.02,95,0.0,3329.23
19263.88,71.66,95,0.0,3329.23
19263.88,71.75,93,1.2125,3329.23
19263.88,71.44,93,0.0,3329.23
19263.88,71.5,95,0.0,3329.23
19263.88,71.35,95,1.225,3329.23
19263.88,71.61,93,0.0,3329.23
19263.88,71.64,93,0.0,3329.23
19263.88,71.5,94,0.0,3329.23
19263.88,71.14,94,1.225,3329.23
19263.88,71.47,95,0.0,3329.23
19263.88,71.22,95,0.0,3329.23
19263.88,72.08,94,0.0,3329.23
19263.88,72.1,94,1.225,3329.23
19263.88,71.78,95,0.0,3329.23
19263.88,71.92,95,0.0,3329.23
19263.88,72.08,94,1.2125,3329.23
19263.88,72.19,95,1.225,3329.23
19263.88,72.22,95,0.0,3329.23
19263.88,72.22,95,1.2125,3329.23
19263.88,72.25,95,0.0,3329.23
19263.88,72.19,95,0.0,3329.23
19263.88,72.08,95,0.0,3329.23
19263.88,71.78,94,1.2125,3329.23
19263.88,71.22,94,0.0,3329.23
19263.88,72.01,95,0.0,3329.23
19263.88,72.16,95,1.2125,3329.23
19263.88,72.22,94,0.0,3329.23
19263.88,72.27,94,0.0,3329.23
19263.88,72.21,94,0.0,3329.23
19263.88,72.21,94,1.2125,3329.23
19263.88,72.14,95,0.0,3329.23
19263.88,72.14,95,1.2125,3329.23
19263.88,72.11,77,2.425,3329.23
19263.88,68.88,77,0.0,3329.23
19263.88,68.77,98,0.0,3329.23
19263.88,67.23,98,1.2125,3329.23
19263.88,67.51,95,1.2125,3329.23
19263.88,67.17,95,0.0,3329.23
19263.88,67.58,95,0.0,3329.23
19263.88,67.37,95,1.225,3329.23
19263.88,67.78,94,0.0,3329.23
19263.88,67.47,94,0.0,3329.23
19263.88,67.73,95,1.2125,3329.23
19263.88,71.16,95,0.0,3329.23
19263.88,71.13,94,0.0,3329.23
19263.88,70.9,94,0.0,3329.23
19263.88,71.92,95,1.1875,3329.23
19263.88,72.14,95,0.0,3329.23
19263.88,72.24,95,0.0,3329.23
19263.88,72.12,95,1.1875,3329.23
19263.88,71.93,95,0.0,3329.23
19263.88,72.02,95,0.0,3329.23
19263.88,72.01,95,1.2125,3329.23
19263.88,71.79,95,0.0,3329.23
19263.88,71.58,95,0.0,3329.23
19263.88,71.55,95,1.2125,3329.23
19263.88,72.06,95,0.0,3329.23
19263.88,72.12,95,0.0,3329.23
19263.88,72.16,95,1.2125,3329.23
19263.88,72.06,95,0.0,3329.23
19263.88,72.02,95,0.0,3329.23
19263.88,72.05,95,1.2125,3329.23
19263.88,71.71,95,0.0,3329.23
19263.88,71.6,93,0.0,3329.23
19263.88,71.66,93,0.0,3329.23
19263.88,71.78,95,1.2125,3329.23
19263.88,71.87,95,0.0,3329.23
19263.88,71.72,94,0.0,3329.23
19263.88,71.42,94,1.2125,3329.23
19263.88,71.98,93,0.0,3329.23
19263.88,71.98,93,0.0,3329.23
19263.88,71.84,95,0.0,3329.23
19263.88,71.81,95,1.2125,3329.23
19263.88,71.63,94,0.0,3329.23
19263.88,71.67,94,1.225,3329.23
19263.88,71.74,95,1.225,3329.23
19263.88,71.89,95,0.0,3329.23
19263.88,71.81,95,0.0,3329.23
19263.88,71.91,95,0.0,3329.23
19263.88,71.63,94,1.2125,3329.23
19263.88,71.22,94,0.0,3329.23
19263.88,70.88,95,0.0,3329.23
19263.88,71.32,95,1.2125,3329.23
19263.88,71.3,95,1.225,3329.23
19263.88,71.12,95,0.0,3329.23
19263.88,71.81,82,0.0,3329.23
19263.88,72.09,82,1.2125,3329.23
19263.88,72.15,100,0.0,3329.23
19263.88,72.38,100,0.0,3329.23
19263.88,72.21,100,1.2125,3329.23
19263.88,72.56,100,0.0,3329.23
19263.88,72.52,96,0.0,3329.23
19263.88,72.95,96,0.0,3329.23
19263.88,72.92,95,1.2375,3329.23
19263.88,73.11,95,0.0,3329.23
19263.88,73.78,95,0.0,3329.23
19263.88,73.54,95,1.2375,3329.23
19263.88,73.94,93,0.0,3329.23
19263.88,73.73,93,0.0,3329.23
19263.88,73.78,95,0.0,3329.23
19263.88,73.35,95,1.25,3329.23
19263.88,73.12,95,0.0,3329.23
19263.88,72.84,95,0.0,3329.23
19263.88,72.31,95,1.2375,3329.23
19263.88,72.12,95,0.0,3329.23
19263.88,72.3,95,0.0,3329.23
19263.88,72.05,95,1.2375,3329.23
19263.88,71.54,95,0.0,3329.23
19263.88,71.62,95,0.0,3329.23
19263.88,71.08,95,0.0,3329.23
19263.88,71.45,94,1.25,3329.23
19263.88,71.2,94,0.0,3329.23
19263.88,71.55,94,0.0,3329.23
19263.88,71.33,94,1.2375,3329.23
19263.88,71.66,94,0.0,3329.23
19263.88,71.43,94,1.2375,3329.23
19263.88,71.75,94,0.0,3329.23
19263.88,71.24,94,1.2375,3329.23
19263.88,71.35,94,0.0,3329.23
19263.88,70.97,94,0.0,3329.23
19263.88,71.52,94,1.2375,3329.23
19263.88,71.88,94,0.0,3329.23
19263.88,72.41,94,0.0,3329.23
19263.88,72.48,94,1.2375,3329.23
19263.88,72.77,94,0.0,3329.23
19263.88,72.81,94,0.0,3329.23
19263.88,73.0,94,0.0,3329.23
19263.88,73.0,95,0.0,3329.23
19263.88,72.88,95,1.2375,3329.23
19263.88,73.05,96,0.0,3329.23
19263.88,72.91,96,0.0,3329.23
19263.88,73.0,94,1.2375,3329.23
19263.88,72.78,94,0.0,3329.23
19263.88,72.29,95,0.0,3329.23
19263.88,72.24,95,0.0,3329.23
19263.88,72.0,95,1.2375,3329.23
19263.88,72.04,96,0.0,3329.23
19263.88,71.7,96,0.0,3329.23
19263.88,71.69,95,0.0,3329.23
19263.88,71.24,95,1.25,3329.23
19263.88,71.31,95,1.2375,3329.23
19263.88,71.15,95,0.0,3329.23
19263.88,73.42,80,1.225,3329.23
19263.88,73.61,80,0.0,3329.23
19263.88,74.06,97,0.0,3329.23
19263.88,72.71,97,1.2125,3329.23
19263.88,72.98,95,0.0,3329.23
19263.88,72.92,95,0.0,3329.23
19263.88,73.2,95,1.2125,3329.23
19263.88,73.15,95,0.0,3329.23
19263.88,73.63,95,1.2125,3329.23
19263.88,73.31,95,1.2125,3329.23
19263.88,73.5,95,0.0,3329.23
19263.88,71.14,95,0.0,3329.23
19263.88,70.74,95,0.0,3329.23
19263.88,71.72,95,1.2125,3329.23
19263.88,71.67,95,0.0,3329.23
19263.88,71.62,95,0.0,3329.23
19263.88,71.75,95,0.0,3329.23
19263.88,71.61,95,1.2125,3329.23
19263.88,71.45,94,0.0,3329.23
19263.88,71.67,94,0.0,3329.23
19263.88,71.74,94,0.0,3329.23
19263.88,71.34,94,1.225,3329.23
19263.88,71.62,95,0.0,3329.23
19263.88,71.88,95,0.0,3329.23
19263.88,71.92,96,0.0,3329.23
19263.88,72.07,96,1.225,3329.23
19263.88,72.11,95,0.0,3329.23
19263.88,71.87,95,0.0,3329.23
19263.88,71.94,96,1.225,3329.23
19263.88,71.89,96,0.0,3329.23
19263.88,72.07,95,0.0,3329.23
19263.88,71.59,95,0.0,3329.23
19263.88,71.85,95,1.225,3329.23
19263.88,71.8,95,0.0,3329.23
19263.88,71.92,95,0.0,3329.23
19263.88,72.2,96,0.0,3329.23
19263.88,71.98,96,1.225,3329.23
19263.88,71.83,95,0.0,3329.23
19263.88,71.92,95,0.0,3329.23
19263.88,72.08,95,1.2125,3329.23
19263.88,71.65,95,0.0,3329.23
19263.88,71.69,95,0.0,3329.23
19263.88,71.84,95,1.2125,3329.23
19263.88,71.9,96,1.2125,3329.23
19263.88,72.19,96,0.0,3329.23
19263.88,71.94,95,1.2125,3329.23
19263.88,72.04,95,0.0,3329.23
19263.88,72.21,96,0.0,3329.23
19263.88,71.72,96,0.0,3329.23
19263.88,71.73,95,1.2125,3329.23
19263.88,71.89,95,1.2125,3329.23
19263.88,74.08,82,0.0,3329.23
19263.88,74.08,82,1.2125,3329.23
19263.88,73.96,100,0.0,3329.23
19263.88,73.01,100,0.0,3329.23
19263.88,72.67,95,0.0,3329.23
19263.88,73.26,95,1.225,3329.23
19263.88,73.36,96,0.0,3329.23
19263.88,73.19,96,0.0,3329.23
19263.88,73.66,95,0.0,3329.23
19263.88,73.3,95,1.225,3329.23
19263.88,73.71,95,0.0,3329.23
19263.88,71.81,95,0.0,3329.23
19263.88,71.71,95,0.0,3329.23
19263.88,71.55,95,1.225,3329.23
19263.88,71.98,95,0.0,3329.23
19263.88,72.44,95,0.0,3329.23
19263.88,71.92,95,0.0,3329.23
19263.88,71.78,95,1.225,3329.23
19263.88,71.8,95,0.0,3329.23
19263.88,71.68,95,0.0,3329.23
19263.88,71.85,95,0.0,3329.23
19263.88,71.84,95,1.225,3329.23
19263.88,71.93,95,0.0,3329.23
19263.88,71.48,95,1.225,3329.23
19263.88,71.68,95,0.0,3329.23
19263.88,72.08,95,1.2125,3329.23
19263.88,72.0,94,0.0,3329.23
19263.88,72.08,94,0.0,3329.23
19263.88,72.05,95,0.0,3329.23
19263.88,71.85,95,0.0,3329.23
19263.88,71.8,94,1.25,3329.23
19263.88,71.8,94,0.0,3329.23
19263.88,71.41,94,0.0,3329.23
19263.88,71.07,94,0.0,3329.23
19263.88,71.74,94,1.2375,3329.23
19263.88,71.97,94,0.0,3329.23
19263.88,71.75,95,0.0,3329.23
19263.88,72.01,95,1.2375,3329.23
19263.88,71.87,95,0.0,3329.23
19263.88,71.88,95,0.0,3329.23
19263.88,72.09,95,1.2375,3329.23
19263.88,71.88,95,0.0,3329.23
19263.88,72.14,95,0.0,3329.23
19263.88,72.51,95,1.2375,3329.23
19263.88,72.18,95,0.0,3329.23
19263.88,72.2,96,0.0,3329.23
19263.88,72.22,96,0.0,3329.23
19263.88,72.07,96,1.25,3329.23
19263.88,72.1,96,0.0,3329.23
19263.88,72.22,96,0.0,3329.23
19263.88,72.39,96,1.2375,3329.23
19263.88,72.16,96,1.2375,3329.23
19263.88,74.43,96,1.2375,3329.23
19263.88,74.34,85,0.0,3329.23
19263.88,74.26,85,0.0,3329.23
19263.88,73.34,99,1.2375,3329.23
19263.88,72.88,99,0.0,3329.23
19263.88,73.21,95,0.0,3329.23
19263.88,73.13,95,1.2375,3329.23
19263.88,73.45,95,0.0,3329.23
19263.88,73.18,95,0.0,3329.23
19263.88,73.14,94,1.2375,3329.23
19263.88,73.59,94,0.0,3329.23
19263.88,71.32,94,0.0,3329.23
19263.88,71.35,94,0.0,3329.23
19263.88,70.9,95,2.4875,3329.23
19263.88,71.87,95,0.0,3329.23
19263.88,71.89,95,0.0,3329.23
19263.88,71.79,95,0.0,3329.23
19263.88,71.87,95,0.0,3329.23
19263.88,71.7,95,1.2375,3329.23
19263.88,71.6,95,0.0,3329.23
19263.88,71.82,95,0.0,3329.23
19263.88,71.86,95,0.0,3329.23
19263.88,71.89,95,1.225,3329.23
19263.88,71.88,95,0.0,3329.23
19263.88,72.05,95,0.0,3329.23
19263.88,72.23,94,0.0,3329.23
19263.88,72.33,94,1.2125,3329.23
19263.88,72.29,95,0.0,3329.23
19263.88,72.09,95,0.0,3329.23
19263.88,72.04,94,0.0,3329.23
19263.88,71.91,93,1.2125,3329.23
19263.88,71.9,93,0.0,3329.23
19263.88,71.71,95,0.0,3329.23
19263.88,71.56,95,0.0,3329.23
19263.88,71.68,95,2.4125,3329.23
19263.88,71.87,95,0.0,3329.23
19263.88,71.93,95,0.0,3329.23
19263.88,71.95,95,0.0,3329.23
19263.88,71.85,95,1.25,3329.23
19263.88,71.81,95,0.0,3329.23
19263.88,71.83,93,0.0,3329.23
19263.88,71.86,93,0.0,3329.23
19263.88,71.65,95,1.2375,3329.23
19263.88,71.75,95,0.0,3329.23
19263.88,71.93,95,0.0,3329.23
19263.88,72.09,95,0.0,3329.23
19263.88,72.05,95,0.0,3329.23
19263.88,72.06,95,1.25,3329.23
19263.88,71.85,94,0.0,3329.23
19263.88,71.86,94,0.0,3329.23
19263.88,71.82,95,0.0,3329.23
19263.88,71.75,95,0.0,3329.23
19263.88,71.05,81,2.4875,3329.23
19263.88,70.86,81,0.0,3329.23
19263.88,71.08,100,0.0,3329.23
19263.88,70.77,100,1.2375,3329.23
19263.88,70.59,97,0.0,3329.23
19263.88,70.84,97,0.0,3329.23
19263.88,71.46,95,0.0,3329.23
19263.88,71.27,95,1.25,3329.23
19263.88,71.77,95,0.0,3329.23
19263.88,71.57,95,0.0,3329.23
19263.88,71.57,95,0.0,3329.23
19263.88,72.07,95,2.4875,3329.23
19263.88,72.68,95,0.0,3329.23
19263.88,72.68,95,0.0,3329.23
19263.88,72.46,95,0.0,3329.23
19263.88,72.8,95,0.0,3329.23
19263.88,72.31,95,1.25,3329.23
19263.88,72.39,95,0.0,3329.23
19263.88,72.32,95,0.0,3329.23
19263.88,72.15,95,0.0,3329.23
19263.88,72.03,95,1.25,3329.23
19263.88,72.03,94,0.0,3329.23
19263.88,71.88,94,0.0,3329.23
19263.88,71.76,95,0.0,3329.23
19263.88,71.78,95,1.25,3329.23
19263.88,72.09,94,0.0,3329.23
19263.88,71.75,94,0.0,3329.23
19263.88,71.79,94,1.25,3329.23
19263.88,71.7,94,0.0,3329.23
19263.88,71.71,94,0.0,3329.23
19263.88,71.77,94,0.0,3329.23
19263.88,71.73,95,0.0,3329.23
19263.88,71.94,95,1.25,3329.23
19263.88,71.66,95,0.0,3329.23
19263.88,71.67,95,0.0,3329.23
19263.88,71.35,95,0.0,3329.23
19263.88,71.41,96,0.0,3329.23
19263.88,71.76,96,1.2375,3329.23
19263.88,71.91,94,0.0,3329.23
19263.88,72.08,94,0.0,3329.23
19263.88,71.83,95,0.0,3329.23
19263.88,71.64,95,1.2125,3329.23
19263.88,71.4,95,0.0,3329.23
19263.88,71.54,95,0.0,3329.23
19263.88,71.68,95,1.1875,3329.23
19263.88,72.03,95,0.0,3329.23
19263.88,72.08,95,0.0,3329.23
19263.88,72.23,95,1.2125,3329.23
19263.88,72.13,95,0.0,3329.23
19263.88,72.01,95,0.0,3329.23
19263.88,71.95,94,1.225,3329.23
19263.88,71.87,94,1.225,3329.23
19263.88,71.78,95,1.225,3329.23
19263.88,69.3,95,0.0,3329.23
19263.88,69.18,84,0.0,3329.23
19263.88,69.03,84,1.225,3329.23
19263.88,69.07,100,0.0,3329.23
19263.88,68.51,100,0.0,3329.23
19263.88,68.63,95,0.0,3329.23
19263.88,68.28,95,0.0,3329.23
19263.88,68.66,95,1.225,3329.23
19263.88,68.53,95,0.0,3329.23
19263.88,68.71,94,0.0,3329.23
19263.88,68.84,94,1.2125,3329.23
19263.88,71.89,94,0.0,3329.23
19263.88,71.89,94,0.0,3329.23
19263.88,71.82,95,0.0,3329.23
19263.88,71.3,95,1.225,3329.23
19263.88,71.63,94,0.0,3329.23
19263.88,71.56,94,0.0,3329.23
19263.88,71.65,95,0.0,3329.23
19263.88,71.61,95,1.225,3329.23
19263.88,71.5,96,0.0,3329.23
19263.88,71.72,96,0.0,3329.23
19263.88,71.69,95,0.0,3329.23
19263.88,71.43,95,0.0,3329.23
19263.88,71.32,95,1.225,3329.23
19263.88,71.52,95,0.0,3329.23
19263.88,72.1,95,0.0,3329.23
19263.88,71.92,94,0.0,3329.23
19263.88,72.16,94,1.2375,3329.23
19263.88,72.32,94,0.0,3329.23
19263.88,72.23,94,0.0,3329.23
19263.88,72.3,95,1.2375,3329.23
19263.88,72.21,95,0.0,3329.23
19263.88,72.04,95,0.0,3329.23
19263.88,72.02,95,0.0,3329.23
19263.88,71.91,94,1.25,3329.23
19263.88,71.92,94,0.0,3329.23
19263.88,71.97,94,0.0,3329.23
19263.88,71.76,94,1.25,3329.23
19263.88,71.83,95,0.0,3329.23
19263.88,71.64,95,0.0,3329.23
19263.88,71.84,95,0.0,3329.23
19263.88,71.8,95,1.25,3329.23
19263.88,71.73,96,0.0,3329.23
19263.88,71.69,96,0.0,3329.23
19263.88,71.92,95,2.4875,3329.23
19263.88,71.92,95,0.0,3329.23
19263.88,71.97,95,0.0,3329.23
19263.88,72.35,95,0.0,3329.23
19263.88,72.28,95,1.2375,3329.23
19263.88,72.42,95,0.0,3329.23
19263.88,72.24,94,0.0,3329.23
19263.88,72.2,94,0.0,3329.23
19263.88,72.03,95,2.4875,3329.23
19263.88,72.62,95,0.0,3329.23
19263.88,72.57,84,0.0,3329.23
19263.88,72.55,84,1.25,3329.23
19263.88,71.88,97,0.0,3329.23
19263.88,72.17,97,0.0,3329.23
19263.88,72.51,95,0.0,3329.23
19263.88,72.09,95,1.25,3329.23
19263.88,72.37,95,0.0,3329.23
19263.88,72.18,95,0.0,3329.23
19263.88,72.53,95,0.0,3329.23
19263.88,72.58,95,0.0,3329.23
19263.88,72.31,95,1.2375,3329.23
19263.88,72.41,94,0.0,3329.23
19263.88,72.18,94,0.0,3329.23
19263.88,72.76,96,0.0,3329.23
19263.88,72.19,96,1.25,3329.23
19263.88,72.09,96,0.0,3329.23
19263.88,72.31,96,0.0,3329.23
19263.88,72.06,96,0.0,3329.23
19263.88,72.22,95,1.25,3329.23
19263.88,72.02,95,0.0,3329.23
19263.88,72.02,95,0.0,3329.23
19263.88,71.6,94,0.0,3329.23
19263.88,71.6,94,1.225,3329.23
19263.88,71.72,94,0.0,3329.23
19263.88,72.08,96,0.0,3329.23
19263.88,72.21,96,0.0,3329.23
19263.88,72.27,94,1.2125,3329.23
19263.88,72.15,94,0.0,3329.23
19263.88,72.07,95,0.0,3329.23
19263.88,71.77,94,1.225,3329.23
19263.88,71.98,94,0.0,3329.23
19263.88,71.88,95,0.0,3329.23
19263.88,72.03,95,0.0,3329.23
19263.88,72.06,95,1.225,3329.23
19263.88,72.19,95,0.0,3329.23
19263.88,72.1,95,0.0,3329.23
19263.88,71.95,95,0.0,3329.23
19263.88,71.95,95,1.2125,3329.23
19263.88,71.86,95,1.2125,3329.23
19263.88,71.99,95,0.0,3329.23
19263.88,71.66,95,1.2125,3329.23
19263.88,71.7,95,0.0,3329.23
19263.88,71.74,95,0.0,3329.23
19263.88,71.87,95,0.0,3329.23
19263.88,71.94,94,1.2125,3329.23
19263.88,71.88,95,0.0,3329.23
19263.88,71.9,95,0.0,3329.23
19263.88,71.81,95,0.0,3329.23
19263.88,71.67,95,1.2125,3329.23
19263.88,71.72,95,0.0,3329.23
19263.88,71.8,95,1.2125,3329.23
19263.88,72.88,85,0.0,3329.23
19263.88,72.84,85,1.2125,3329.23
19263.88,73.21,100,0.0,3329.23
19263.88,72.0,100,0.0,3329.23
19263.88,72.24,96,0.0,3329.23
19263.88,72.11,96,1.175,3329.23
19263.88,72.64,94,0.0,3329.23
19263.88,72.89,94,0.0,3329.23
19263.88,73.1,95,1.2125,3329.23
19263.88,73.03,95,1.2125,3329.23
19263.88,72.81,95,0.0,3329.23
19263.88,72.25,95,0.0,3329.23
19263.88,71.85,95,1.2125,3329.23
19263.88,71.62,95,0.0,3329.23
19263.88,72.45,95,0.0,3329.23
19263.88,72.42,95,1.2125,3329.23
19263.88,72.7,95,0.0,3329.23
19263.88,72.12,95,0.0,3329.23
19263.88,71.98,95,0.0,3329.23
19263.88,71.86,95,0.0,3329.23
19263.88,71.86,95,1.2125,3329.23
19263.88,71.8,95,0.0,3329.23
19263.88,71.49,95,0.0,3329.23
19263.88,71.66,95,1.2125,3329.23
19263.88,71.76,95,0.0,3329.23
19263.88,72.1,96,0.0,3329.23
19263.88,71.91,96,1.2125,3329.23
19263.88,71.79,95,0.0,3329.23
19263.88,71.9,95,0.0,3329.23
19263.88,71.97,94,0.0,3329.23
19263.88,71.9,94,1.2125,3329.23
19263.88,71.8,95,0.0,3329.23
19263.88,72.01,95,0.0,3329.23
19263.88,72.37,95,2.425,3329.23
19263.88,72.54,95,0.0,3329.23
19263.88,72.52,94,0.0,3329.23
19263.88,72.46,94,0.0,3329.23
19263.88,72.54,95,1.2125,3329.23
19263.88,72.52,95,0.0,3329.23
19263.88,72.38,96,0.0,3329.23
19263.88,72.3,96,1.2125,3329.23
19263.88,72.37,94,0.0,3329.23
19263.88,72.49,94,0.0,3329.23
19263.88,72.14,95,1.2125,3329.23
19263.88,72.16,95,0.0,3329.23
19263.88,71.54,95,0.0,3329.23
19263.88,71.71,95,1.2125,3329.23
19263.88,71.74,95,0.0,3329.23
19263.88,71.66,95,0.0,3329.23
19263.88,71.39,95,0.0,3329.23
19263.88,71.33,95,1.2125,3329.23
19263.88,71.13,94,2.425,3329.23
19263.88,73.31,94,0.0,3329.23
19263.88,73.66,79,0.0,3329.23
19263.88,74.01,79,1.2125,3329.23
19263.88,73.09,97,0.0,3329.23
19263.88,73.91,94,0.0,3329.23
19263.88,73.53,94,0.0,3329.23
19263.88,73.98,94,1.2125,3329.23
19263.88,73.7,94,0.0,3329.23
19263.88,74.28,94,1.2125,3329.23
19263.88,73.93,94,0.0,3329.23
19263.88,74.55,94,1.2125,3329.23
19263.88,72.26,94,0.0,3329.23
19263.88,71.96,94,0.0,3329.23
19263.88,71.5,94,1.2125,3329.23
19263.88,72.18,95,0.0,3329.23
19263.88,71.87,95,0.0,3329.23
19263.88,71.67,95,0.0,3329.23
19263.88,71.78,95,1.225,3329.23
19263.88,71.79,95,0.0,3329.23
19263.88,72.04,95,0.0,3329.23
19263.88,71.89,95,0.0,3329.23
19263.88,71.61,95,1.225,3329.23
19263.88,71.55,95,0.0,3329.23
19263.88,71.71,95,0.0,3329.23
19263.88,71.8,95,0.0,3329.23
19263.88,71.86,95,0.0,3329.23
19263.88,71.97,94,1.225,3329.23
19263.88,72.11,94,0.0,3329.23
19263.88,71.99,95,0.0,3329.23
19263.88,71.93,95,0.0,3329.23
19263.88,71.84,95,1.225,3329.23
19263.88,71.69,95,0.0,3329.23
19263.88,71.76,95,0.0,3329.23
19263.88,71.81,95,0.0,3329.23
19263.88,71.91,95,0.0,3329.23
19263.88,71.92,95,1.225,3329.23
19263.88,72.28,95,0.0,3329.23
19263.88,71.85,95,0.0,3329.23
19263.88,71.74,95,0.0,3329.23
19263.88,71.85,95,0.0,3329.23
19263.88,71.72,95,2.4125,3329.23
19263.88,71.71,95,0.0,3329.23
19263.88,71.7,95,0.0,3329.23
19263.88,71.83,95,1.2125,3329.23
19263.88,71.78,94,0.0,3329.23
19263.88,71.75,94,0.0,3329.23
19263.88,72.03,94,0.0,3329.23
19263.88,72.04,95,1.2125,3329.23
19263.88,72.05,95,0.0,3329.23
19263.88,72.14,94,0.0,3329.23
19263.88,71.93,94,1.2125,3329.23
19263.88,71.89,82,1.2125,3329.23
19263.88,73.78,82,1.2125,3329.23
19263.88,73.85,100,0.0,3329.23
19263.88,73.95,100,0.0,3329.23
19263.88,73.05,97,0.0,3329.23
19263.88,72.88,97,1.2125,3329.23
19263.88,72.92,95,0.0,3329.23
19263.88,73.22,95,1.2125,3329.23
19263.88,73.23,94,1.2125,3329.23
19263.88,73.61,94,0.0,3329.23
19263.88,73.48,95,0.0,3329.23
19263.88,72.09,95,0.0,3329.23
19263.88,71.8,95,1.2125,3329.23
19263.88,71.72,95,0.0,3329.23
19263.88,72.46,95,0.0,3329.23
19263.88,72.61,95,0.0,3329.23
19263.88,72.44,95,1.2125,3329.23
19263.88,72.56,95,0.0,3329.23
19263.88,72.76,94,0.0,3329.23
19263.88,72.31,94,1.2125,3329.23
19263.88,72.35,95,0.0,3329.23
19263.88,72.23,95,0.0,3329.23
19263.88,71.9,96,1.2125,3329.23
19263.88,71.84,96,0.0,3329.23
19263.88,71.83,96,0.0,3329.23
19263.88,72.02,96,1.2125,3329.23
19263.88,71.82,95,0.0,3329.23
19263.88,72.08,95,0.0,3329.23
19263.88,71.01,95,1.225,3329.23
19263.88,71.08,95,0.0,3329.23
19263.88,71.23,95,0.0,3329.23
19263.88,71.11,95,0.0,3329.23
19263.88,71.09,95,1.225,3329.23
19263.88,70.97,95,0.0,3329.23
19263.88,71.17,95,0.0,3329.23
19263.88,71.16,95,0.0,3329.23
19263.88,71.42,95,1.225,3329.23
19263.88,71.19,94,0.0,3329.23
19263.88,71.73,94,0.0,3329.23
19263.88,71.58,95,0.0,3329.23
19263.88,71.5,95,1.2125,3329.23
19263.88,71.45,95,0.0,3329.23
19263.88,71.33,95,0.0,3329.23
19263.88,71.39,95,1.2125,3329.23
19263.88,71.65,95,0.0,3329.23
19263.88,71.55,95,0.0,3329.23
19263.88,71.69,95,2.425,3329.23
19263.88,72.04,94,0.0,3329.23
19263.88,71.94,94,0.0,3329.23
19263.88,71.86,95,0.0,3329.23
19263.88,71.73,95,1.2125,3329.23
19263.88,71.54,95,2.425,3329.23
19263.88,67.95,95,0.0,3329.23
19263.88,68.39,78,0.0,3329.23
19263.88,68.42,78,0.0,3329.23
19263.88,68.32,100,1.2125,3329.23
19263.88,68.63,100,0.0,3329.23
19263.88,68.38,100,0.0,3329.23
19263.88,67.86,100,1.2125,3329.23
19263.88,67.6,95,0.0,3329.23
19263.88,67.96,95,0.0,3329.23
19263.88,67.67,94,1.2125,3329.23
19263.88,68.15,95,0.0,3329.23
19263.88,71.58,95,0.0,3329.23
19263.88,71.54,95,1.2125,3329.23
19263.88,71.48,95,1.2125,3329.23
19263.88,71.55,95,0.0,3329.23
19263.88,71.09,95,0.0,3329.23
19263.88,71.36,95,1.225,3329.23
19263.88,71.56,95,0.0,3329.23
19263.88,71.2,95,0.0,3329.23
19263.88,71.53,95,1.2125,3329.23
19263.88,71.22,95,0.0,3329.23
19263.88,71.43,95,0.0,3329.23
19263.88,71.33,95,0.0,3329.23
19263.88,71.72,96,1.225,3329.23
19263.88,71.71,96,0.0,3329.23
19263.88,72.12,96,0.0,3329.23
19263.88,72.41,96,0.0,3329.23
19263.88,72.28,96,1.225,3329.23
19263.88,72.32,95,0.0,3329.23
19263.88,72.35,95,0.0,3329.23
19263.88,72.45,95,0.0,3329.23
19263.88,72.05,95,0.0,3329.23
19263.88,72.14,95,1.2125,3329.23
19263.88,71.84,95,0.0,3329.23
19263.88,71.61,95,0.0,3329.23
19263.88,71.3,95,1.2125,3329.23
19263.88,71.37,95,0.0,3329.23
19263.88,70.98,95,0.0,3329.23
19263.88,71.34,95,1.2125,3329.23
19263.88,71.1,95,0.0,3329.23
19263.88,71.41,95,0.0,3329.23
19263.88,71.03,95,0.0,3329.23
19263.88,71.64,95,1.2125,3329.23
19263.88,71.21,95,0.0,3329.23
19263.88,71.57,94,0.0,3329.23
19263.88,71.28,94,1.225,3329.23
19263.88,71.55,95,0.0,3329.23
19263.88,71.2,95,0.0,3329.23
19263.88,71.55,95,1.2125,3329.23
19263.88,71.27,95,1.2125,3329.23
19263.88,71.47,95,0.0,3329.23
19263.88,71.15,95,0.0,3329.23
19263.88,71.45,95,1.2125,3329.23
19263.88,71.12,95,0.0,3329.23
19263.88,71.5,95,1.25,3329.23
19263.88,71.22,83,1.175,3329.23
19263.88,73.21,83,0.0,3329.23
19263.88,73.12,100,0.0,3329.23
19263.88,73.42,100,1.2125,3329.23
19263.88,72.29,95,0.0,3329.23
19263.88,72.54,95,0.0,3329.23
19263.88,72.79,95,0.0,3329.23
19263.88,73.03,95,1.2125,3329.23
19263.88,73.23,95,0.0,3329.23
19263.88,73.14,95,0.0,3329.23
19263.88,73.47,96,0.0,3329.23
19263.88,71.59,96,1.2125,3329.23
19263.88,71.54,96,0.0,3329.23
19263.88,71.1,96,0.0,3329.23
19263.88,72.02,96,1.2125,3329.23
19263.88,72.34,96,0.0,3329.23
19263.88,72.21,96,0.0,3329.23
19263.88,72.21,96,0.0,3329.23
19263.88,71.8,95,1.225,3329.23
19263.88,72.02,95,1.225,3329.23
19263.88,71.76,96,0.0,3329.23
19263.88,71.69,96,0.0,3329.23
19263.88,71.54,96,1.225,3329.23
19263.88,71.48,96,0.0,3329.23
19263.88,71.8,96,0.0,3329.23
19263.88,71.72,96,0.0,3329.23
19263.88,71.88,96,1.225,3329.23
19263.88,71.63,96,0.0,3329.23
19263.88,71.68,96,0.0,3329.23
19263.88,71.65,96,0.0,3329.23
19263.88,71.51,96,1.225,3329.23
19263.88,71.67,96,0.0,3329.23
19263.88,71.44,96,0.0,3329.23
19263.88,71.72,96,0.0,3329.23
19263.88,71.69,96,0.0,3329.23
19263.88,71.84,95,1.2125,3329.23
19263.88,71.86,95,0.0,3329.23
19263.88,71.83,95,0.0,3329.23
19263.88,71.76,95,1.2125,3329.23
19263.88,71.65,95,0.0,3329.23
19263.88,71.88,95,0.0,3329.23
19263.88,71.68,95,1.2125,3329.23
19263.88,71.82,95,0.0,3329.23
19263.88,71.66,95,0.0,3329.23
19263.88,71.77,95,1.2125,3329.23
19263.88,71.81,95,0.0,3329.23
19263.88,71.9,95,0.0,3329.23
19263.88,72.02,93,0.0,3329.23
19263.88,72.07,93,0.0,3329.23
19263.88,72.02,95,1.225,3329.23
19263.88,71.6,95,0.0,3329.23
19263.88,71.77,95,1.2,3329.23
19263.88,73.85,95,1.2125,3329.23
19263.88,74.02,83,0.0,3329.23
19263.88,73.93,83,1.2125,3329.23
19263.88,72.98,99,1.2125,3329.23
19263.88,72.64,99,0.0,3329.23
19263.88,72.98,95,0.0,3329.23
19263.88,72.7,95,1.2125,3329.23
19263.88,73.21,95,0.0,3329.23
19263.88,73.56,95,0.0,3329.23
19263.88,73.61,93,0.0,3329.23
19263.88,71.62,93,1.225,3329.23
19263.88,71.53,94,0.0,3329.23
19263.88,71.33,94,0.0,3329.23
19263.88,72.02,95,1.2125,3329.23
19263.88,72.22,94,0.0,3329.23
19263.88,72.17,94,0.0,3329.23
19263.88,72.23,95,1.2125,3329.23
19263.88,72.11,95,0.0,3329.23
19263.88,71.96,95,0.0,3329.23
19263.88,72.07,95,1.2125,3329.23
19263.88,71.87,95,0.0,3329.23
19263.88,71.66,95,0.0,3329.23
19263.88,71.57,95,1.2125,3329.23
19263.88,71.56,95,0.0,3329.23
19263.88,71.75,93,0.0,3329.23
19263.88,71.8,93,1.2125,3329.23
19263.88,71.42,94,0.0,3329.23
19263.88,71.86,94,0.0,3329.23
19263.88,71.96,95,1.2125,3329.23
19263.88,71.93,95,0.0,3329.23
19263.88,71.86,95,0.0,3329.23
19263.88,71.74,95,0.0,3329.23
19263.88,71.71,95,1.2,3329.23
19263.88,71.74,95,0.0,3329.23
19263.88,71.94,95,0.0,3329.23
19263.88,72.06,95,1.2125,3329.23
19263.88,72.01,95,0.0,3329.23
19263.88,72.3,95,0.0,3329.23
19263.88,71.76,94,1.2125,3329.23
19263.88,71.78,94,0.0,3329.23
19263.88,71.75,95,1.2125,3329.23
19263.88,71.57,95,1.2125,3329.23
19263.88,71.62,95,0.0,3329.23
19263.88,71.75,95,0.0,3329.23
19263.88,71.9,94,0.0,3329.23
19263.88,71.91,94,1.2125,3329.23
19263.88,71.84,95,0.0,3329.23
19263.88,71.84,95,0.0,3329.23
19263.88,71.72,95,1.2125,3329.23
19263.88,71.83,95,0.0,3329.23
19263.88,71.66,95,0.0,3329.23
19263.88,71.61,95,2.425,3329.23
19263.88,68.29,81,0.0,3329.23
19263.88,68.48,81,0.0,3329.23
19263.88,68.51,98,1.225,3329.23
19263.88,68.52,98,0.0,3329.23
19263.88,68.11,96,0.0,3329.23
19263.88,68.51,96,1.2,3329.23
19263.88,68.67,95,1.2125,3329.23
19263.88,69.01,95,0.0,3329.23
19263.88,69.3,93,0.0,3329.23
19263.88,68.81,94,1.2125,3329.23
19263.88,69.35,94,0.0,3329.23
19263.88,72.62,95,0.0,3329.23
19263.88,72.67,95,1.2125,3329.23
19263.88,72.33,95,0.0,3329.23
19263.88,72.44,95,0.0,3329.23
19263.88,72.56,95,0.0,3329.23
19263.88,72.34,95,0.0,3329.23
19263.88,72.22,94,0.0,3329.23
19263.88,71.84,94,1.25,3329.23
19263.88,71.81,95,0.0,3329.23
19263.88,72.19,95,0.0,3329.23
19263.88,72.12,95,1.25,3329.23
19263.88,71.78,95,0.0,3329.23
19263.88,71.81,94,0.0,3329.23
19263.88,71.87,94,0.0,3329.23
19263.88,71.81,94,1.25,3329.23
19263.88,71.97,94,0.0,3329.23
19263.88,71.77,95,0.0,3329.23
19263.88,71.97,95,1.25,3329.23
19263.88,71.95,95,0.0,3329.23
19263.88,71.69,95,0.0,3329.23
19263.88,71.57,95,0.0,3329.23
19263.88,71.01,95,1.25,3329.23
19263.88,71.33,94,0.0,3329.23
19263.88,71.33,94,0.0,3329.23
19263.88,71.48,95,0.0,3329.23
19263.88,71.77,95,2.4875,3329.23
19263.88,71.7,95,0.0,3329.23
19263.88,71.69,95,0.0,3329.23
19263.88,71.55,95,0.0,3329.23
19263.88,71.49,95,1.25,3329.23
19263.88,71.4,95,0.0,3329.23
19263.88,71.41,95,0.0,3329.23
19263.88,71.89,95,0.0,3329.23
19263.88,71.91,95,1.25,3329.23
19263.88,72.05,95,0.0,3329.23
19263.88,72.0,95,0.0,3329.23
19263.88,71.92,94,1.2375,3329.23
19263.88,71.92,94,0.0,3329.23
19263.88,71.81,95,0.0,3329.23
19263.88,71.75,95,1.2375,3329.23
19263.88,71.72,95,1.15,3329.23
19263.88,71.68,95,0.0,3329.23
19263.88,72.08,81,1.2375,3329.23
19263.88,72.38,81,0.0,3329.23
19263.88,72.3,100,0.0,3329.23
19263.88,71.74,100,0.0,3329.23
19263.88,71.5,95,1.2375,3329.23
19263.88,71.91,95,0.0,3329.23
19263.88,71.79,94,0.0,3329.23
19263.88,72.28,94,0.0,3329.23
19263.88,72.08,95,1.25,3329.23
19263.88,72.14,95,0.0,3329.23
19263.88,72.38,95,0.0,3329.23
19263.88,72.22,95,1.25,3329.23
19263.88,72.08,95,0.0,3329.23
19263.88,71.57,95,0.0,3329.23
19263.88,72.25,95,0.0,3329.23
19263.88,72.2,95,0.0,3329.23
19263.88,72.18,95,1.2,3329.23
19263.88,72.14,95,0.0,3329.23
19263.88,72.08,94,0.0,3329.23
19263.88,72.22,94,1.225,3329.23
19263.88,72.14,95,0.0,3329.23
19263.88,72.35,95,0.0,3329.23
19263.88,71.62,95,1.225,3329.23
19263.88,71.75,95,1.225,3329.23
19263.88,71.98,95,0.0,3329.23
19263.88,72.1,95,0.0,3329.23
19263.88,72.35,95,0.0,3329.23
19263.88,72.2,95,0.0,3329.23
19263.88,72.22,95,1.225,3329.23
19263.88,72.24,95,0.0,3329.23
19263.88,72.37,95,0.0,3329.23
19263.88,71.95,95,0.0,3329.23
19263.88,71.95,95,1.225,3329.23
19263.88,71.95,95,0.0,3329.23
19263.88,72.05,95,0.0,3329.23
19263.88,72.07,94,0.0,3329.23
19263.88,71.99,94,1.225,3329.23
19263.88,71.94,95,0.0,3329.23
19263.88,71.83,95,0.0,3329.23
19263.88,71.85,93,0.0,3329.23
19263.88,72.02,93,1.2125,3329.23
19263.88,71.91,95,1.2125,3329.23
19263.88,71.91,95,0.0,3329.23
19263.88,71.97,95,0.0,3329.23
19263.88,72.12,95,1.2125,3329.23
19263.88,72.22,95,0.0,3329.23
19263.88,72.19,95,0.0,3329.23
19263.88,71.74,94,1.2,3329.23
19263.88,71.65,94,0.0,3329.23
19263.88,71.43,94,0.0,3329.23
19263.88,70.89,94,1.225,3329.23
19263.88,73.2,94,2.4375,3329.23
19263.88,73.21,94,0.0,3329.23
19263.88,73.63,82,0.0,3329.23
19263.88,73.52,82,0.0,3329.23
19263.88,73.61,100,0.0,3329.23
19263.88,73.45,100,1.225,3329.23
19263.88,73.53,100,0.0,3329.23
19263.88,73.83,100,0.0,3329.23
19263.88,73.87,94,0.0,3329.23
19263.88,74.06,94,1.225,3329.23
19263.88,74.09,95,1.225,3329.23
19263.88,72.51,95,0.0,3329.23
19263.88,72.39,95,0.0,3329.23
19263.88,72.52,94,1.2125,3329.23
19263.88,72.22,94,0.0,3329.23
19263.88,72.08,95,0.0,3329.23
19263.88,71.65,95,0.0,3329.23
19263.88,72.11,94,1.225,3329.23
19263.88,71.16,94,0.0,3329.23
19263.88,71.52,94,0.0,3329.23
19263.88,71.53,94,0.0,3329.23
19263.88,72.09,94,1.2125,3329.23
19263.88,71.64,94,0.0,3329.23
19263.88,72.02,95,0.0,3329.23
19263.88,71.48,95,1.2125,3329.23
19263.88,71.6,95,0.0,3329.23
19263.88,71.31,95,0.0,3329.23
19263.88,71.69,95,1.2125,3329.23
19263.88,70.83,95,0.0,3329.23
19263.88,71.79,94,0.0,3329.23
19263.88,71.2,94,0.0,3329.23
19263.88,71.33,95,1.2125,3329.23
19263.88,70.87,95,0.0,3329.23
19263.88,71.31,95,0.0,3329.23
19263.88,70.65,95,1.2125,3329.23
19263.88,70.87,95,1.2125,3329.23
19263.88,70.61,95,0.0,3329.23
19263.88,70.92,95,0.0,3329.23
19263.88,70.73,95,1.1875,3329.23
19263.88,71.66,95,0.0,3329.23
19263.88,71.09,95,0.0,3329.23
19263.88,71.74,95,0.0,3329.23
19263.88,71.34,95,1.2125,3329.23
19263.88,71.59,95,0.0,3329.23
19263.88,71.11,95,0.0,3329.23
19263.88,71.47,95,1.2125,3329.23
19263.88,71.14,95,0.0,3329.23
19263.88,71.41,95,0.0,3329.23
19263.88,71.23,95,0.0,3329.23
19263.88,71.55,95,1.2125,3329.23
19263.88,71.27,95,0.0,3329.23
19263.88,71.82,94,0.0,3329.23
19263.88,71.42,94,1.2125,3329.23
19263.88,71.8,93,1.2125,3329.23
19263.88,71.29,93,0.0,3329.23
19263.88,70.89,95,2.425,3329.23
19263.88,71.64,95,0.0,3329.23
19263.88,71.78,81,1.225,3329.23
19263.88,72.08,81,0.0,3329.23
19263.88,71.05,100,0.0,3329.23
19263.88,71.41,100,1.2125,3329.23
19263.88,70.9,96,0.0,3329.23
19263.88,71.31,96,0.0,3329.23
19263.88,71.31,94,0.0,3329.23
19263.88,71.42,94,1.2125,3329.23
19263.88,71.19,95,0.0,3329.23
19263.88,72.07,94,0.0,3329.23
19263.88,71.91,94,0.0,3329.23
19263.88,71.32,95,1.2125,3329.23
19263.88,71.33,95,0.0,3329.23
19263.88,72.09,93,0.0,3329.23
19263.88,72.38,95,0.0,3329.23
19263.88,72.27,95,1.225,3329.23
19263.88,72.15,95,0.0,3329.23
19263.88,72.23,96,0.0,3329.23
19263.88,72.2,96,0.0,3329.23
19263.88,72.12,96,1.225,3329.23
19263.88,71.84,96,0.0,3329.23
19263.88,72.04,95,0.0,3329.23
19263.88,72.13,95,0.0,3329.23
19263.88,72.17,95,2.4375,3329.23
19263.88,72.16,95,0.0,3329.23
19263.88,72.04,95,0.0,3329.23
19263.88,71.96,95,0.0,3329.23
19263.88,71.89,95,0.0,3329.23
19263.88,71.81,95,1.225,3329.23
19263.88,71.79,95,0.0,3329.23
19263.88,71.68,95,0.0,3329.23
19263.88,71.78,95,1.2,3329.23
19263.88,72.03,96,0.0,3329.23
19263.88,72.05,96,0.0,3329.23
19263.88,72.21,96,1.2125,3329.23
19263.88,71.93,96,0.0,3329.23
19263.88,72.22,97,0.0,3329.23
19263.88,71.92,97,1.2125,3329.23
19263.88,72.14,96,0.0,3329.23
19263.88,71.98,96,0.0,3329.23
19263.88,72.08,97,1.2125,3329.23
19263.88,71.98,97,0.0,3329.23
19263.88,72.01,96,0.0,3329.23
19263.88,72.26,96,1.2125,3329.23
19263.88,71.98,96,0.0,3329.23
19263.88,72.15,96,0.0,3329.23
19263.88,71.94,96,0.0,3329.23
19263.88,71.9,96,1.225,3329.23
19263.88,71.85,95,0.0,3329.23
19263.88,71.76,95,0.0,3329.23
19263.88,71.75,95,2.4375,3329.23
19263.88,73.63,95,0.0,3329.23
19263.88,73.54,83,0.0,3329.23
19263.88,73.4,83,1.225,3329.23
19263.88,72.32,98,0.0,3329.23
19263.88,72.66,98,0.0,3329.23
19263.88,72.57,95,0.0,3329.23
19263.88,72.92,95,1.1875,3329.23
19263.88,73.1,96,0.0,3329.23
19263.88,73.21,96,1.2125,3329.23
19263.88,73.3,96,0.0,3329.23
19263.88,73.38,96,0.0,3329.23
19263.88,71.74,96,1.2125,3329.23
19263.88,71.63,96,0.0,3329.23
19263.88,71.47,96,0.0,3329.23
19263.88,72.25,96,0.0,3329.23
19263.88,72.52,94,1.2125,3329.23
19263.88,72.73,94,0.0,3329.23
19263.88,72.51,95,0.0,3329.23
19263.88,72.38,95,1.2125,3329.23
19263.88,72.41,95,1.2125,3329.23
19263.88,72.49,95,0.0,3329.23
19263.88,72.47,95,0.0,3329.23
19263.88,72.23,95,1.2125,3329.23
19263.88,72.6,95,0.0,3329.23
19263.88,72.98,95,0.0,3329.23
19263.88,72.29,95,0.0,3329.23
19263.88,72.14,95,1.2125,3329.23
19263.88,72.06,95,0.0,3329.23
19263.88,72.08,95,0.0,3329.23
19263.88,72.06,95,1.225,3329.23
19263.88,71.86,95,0.0,3329.23
19263.88,71.67,95,0.0,3329.23
19263.88,71.89,94,0.0,3329.23
19263.88,72.23,94,1.2125,3329.23
19263.88,71.76,95,0.0,3329.23
19263.88,71.73,95,0.0,3329.23
19263.88,71.9,95,0.0,3329.23
19263.88,71.94,95,1.225,3329.23
19263.88,71.89,95,0.0,3329.23
19263.88,71.87,95,0.0,3329.23
19263.88,71.83,95,0.0,3329.23
19263.88,71.87,95,1.225,3329.23
19263.88,72.28,95,0.0,3329.23
19263.88,71.85,95,0.0,3329.23
19263.88,71.88,95,0.0,3329.23
19263.88,72.11,95,1.225,3329.23
19263.88,72.07,95,1.225,3329.23
19263.88,72.16,95,0.0,3329.23
19263.88,72.14,95,0.0,3329.23
19263.88,71.8,95,0.0,3329.23
19263.88,71.86,94,2.425,3329.23
19263.88,72.78,94,1.2125,3329.23
19263.88,72.52,83,0.0,3329.23
19263.88,72.52,83,0.0,3329.23
19263.88,72.73,100,0.0,3329.23
19263.88,72.07,100,1.225,3329.23
19263.88,72.23,95,0.0,3329.23
19263.88,72.19,95,0.0,3329.23
19263.88,72.19,95,0.0,3329.23
19263.88,71.94,95,1.2125,3329.23
19263.88,71.94,94,0.0,3329.23
19263.88,72.3,94,0.0,3329.23
19263.88,72.21,93,0.0,3329.23
19263.88,71.26,93,1.2125,3329.23
19263.88,71.19,95,0.0,3329.23
19263.88,71.49,95,0.0,3329.23
19263.88,71.73,95,0.0,3329.23
19263.88,71.41,95,1.2125,3329.23
19263.88,71.66,94,0.0,3329.23
19263.88,71.72,95,0.0,3329.23
19263.88,72.06,95,1.2125,3329.23
19263.88,72.01,95,0.0,3329.23
19263.88,71.97,95,1.2125,3329.23
19263.88,71.82,95,0.0,3329.23
19263.88,71.85,95,1.2125,3329.23
19263.88,71.97,95,0.0,3329.23
19263.88,72.14,94,0.0,3329.23
19263.88,72.2,94,0.0,3329.23
19263.88,72.44,95,1.2125,3329.23
19263.88,72.18,95,0.0,3329.23
19263.88,72.16,94,0.0,3329.23
19263.88,72.07,94,1.2125,3329.23
19263.88,72.02,95,0.0,3329.23
19263.88,71.97,95,0.0,3329.23
19263.88,71.95,96,0.0,3329.23
19263.88,72.15,96,0.0,3329.23
19263.88,72.3,96,0.0,3329.23
19263.88,72.1,96,1.225,3329.23
19263.88,72.06,96,1.2125,3329.23
19263.88,72.05,96,0.0,3329.23
19263.88,71.91,96,0.0,3329.23
19263.88,71.89,96,1.2125,3329.23
19263.88,71.83,95,0.0,3329.23
19263.88,72.14,95,0.0,3329.23
19263.88,71.89,96,1.2125,3329.23
19263.88,72.09,96,0.0,3329.23
19263.88,72.06,96,0.0,3329.23
19263.88,72.11,96,1.2125,3329.23
19263.88,72.24,96,0.0,3329.23
19263.88,71.83,96,0.0,3329.23
19263.88,71.99,97,1.2125,3329.23
19263.88,71.71,97,0.0,3329.23
19263.88,71.95,96,1.2125,3329.23
19263.88,72.0,96,0.0,3329.23
19263.88,71.86,88,1.2125,3329.23
19263.88,72.11,88,0.0,3329.23
19263.88,70.45,97,0.0,3329.23
19263.88,70.77,97,0.0,3329.23
19263.88,70.3,93,1.2125,3329.23
19263.88,70.53,93,0.0,3329.23
19263.88,70.81,95,0.0,3329.23
19263.88,70.83,95,1.2125,3329.23
19263.88,70.86,94,0.0,3329.23
19263.88,71.04,94,0.0,3329.23
19263.88,70.91,95,1.2125,3329.23
19263.88,70.9,95,0.0,3329.23
19263.88,70.9,95,0.0,3329.23
19263.88,72.09,95,0.0,3329.23
19263.88,71.96,95,0.0,3329.23
19263.88,72.11,94,1.25,3329.23
19263.88,72.08,94,0.0,3329.23
19263.88,71.94,94,0.0,3329.23
19263.88,72.11,94,1.25,3329.23
19263.88,72.04,94,0.0,3329.23
19263.88,72.04,94,0.0,3329.23
19263.88,71.75,95,1.2375,3329.23
19263.88,71.42,95,0.0,3329.23
19263.88,72.02,94,0.0,3329.23
19263.88,72.21,94,0.0,3329.23
19263.88,72.28,95,1.2375,3329.23
19263.88,72.25,95,0.0,3329.23
19263.88,72.32,95,1.2375,3329.23
19263.88,72.32,95,0.0,3329.23
19263.88,71.82,95,0.0,3329.23
19263.88,71.75,95,1.2375,3329.23
19263.88,71.82,95,0.0,3329.23
19263.88,71.88,95,0.0,3329.23
19263.88,72.0,95,1.2375,3329.23
19263.88,72.28,95,0.0,3329.23
19263.88,72.26,95,0.0,3329.23
19263.88,72.27,94,1.25,3329.23
19263.88,72.35,94,1.25,3329.23
19263.88,72.17,94,0.0,3329.23
19263.88,72.16,94,0.0,3329.23
19263.88,72.18,95,1.25,3329.23
19263.88,72.16,95,0.0,3329.23
19263.88,72.13,95,0.0,3329.23
19263.88,72.24,95,0.0,3329.23
19263.88,72.34,95,1.2375,3329.23
19263.88,72.34,95,0.0,3329.23
19263.88,72.29,94,0.0,3329.23
19263.88,72.49,94,1.2375,3329.23
19263.88,72.46,93,0.0,3329.23
19263.88,72.42,93,0.0,3329.23
19263.88,72.33,95,0.0,3329.23
19263.88,72.27,95,2.4875,3329.23
19263.88,73.41,79,0.0,3329.23
19263.88,73.39,79,0.0,3329.23
19263.88,73.75,100,1.25,3329.23
19263.88,72.45,100,0.0,3329.23
19263.88,72.49,96,0.0,3329.23
19263.88,71.9,96,0.0,3329.23
19263.88,71.9,95,1.225,3329.23
19263.88,72.07,95,0.0,3329.23
19263.88,72.08,95,0.0,3329.23
19263.88,72.12,95,1.2125,3329.23
19263.88,72.25,95,0.0,3329.23
19263.88,71.49,95,0.0,3329.23
19263.88,71.36,94,1.2125,3329.23
19263.88,72.17,94,1.2125,3329.23
19263.88,72.3,95,0.0,3329.23
19263.88,72.3,95,0.0,3329.23
19263.88,72.16,95,1.2125,3329.23
19263.88,72.19,95,0.0,3329.23
19263.88,72.07,95,0.0,3329.23
19263.88,71.85,95,0.0,3329.23
19263.88,72.01,95,1.2125,3329.23
19263.88,71.92,95,0.0,3329.23
19263.88,71.81,95,0.0,3329.23
19263.88,71.91,95,1.2,3329.23
19263.88,72.15,95,0.0,3329.23
19263.88,72.15,95,0.0,3329.23
19263.88,72.47,95,1.175,3329.23
19263.88,72.24,95,0.0,3329.23
19263.88,72.28,95,1.2125,3329.23
19263.88,72.55,94,0.0,3329.23
19263.88,71.51,94,0.0,3329.23
19263.88,71.56,94,1.175,3329.23
19263.88,71.53,95,0.0,3329.23
19263.88,71.67,95,0.0,3329.23
19263.88,71.68,95,1.2125,3329.23
19263.88,71.71,95,0.0,3329.23
19263.88,71.53,95,1.2125,3329.23
19263.88,71.43,95,0.0,3329.23
19263.88,71.4,94,0.0,3329.23
19263.88,71.37,94,1.2125,3329.23
19263.88,71.34,95,0.0,3329.23
19263.88,71.81,95,0.0,3329.23
19263.88,71.84,95,1.2125,3329.23
19263.88,72.0,95,0.0,3329.23
19263.88,72.03,94,0.0,3329.23
19263.88,72.21,94,0.0,3329.23
19263.88,72.05,95,1.225,3329.23
19263.88,72.0,95,0.0,3329.23
19263.88,71.9,95,0.0,3329.23
19263.88,71.72,95,1.2125,3329.23
19263.88,71.58,94,0.0,3329.23
19263.88,68.47,94,1.25,3329.23
19263.88,69.11,78,1.25,3329.23
19263.88,69.13,78,0.0,3329.23
19263.88,69.66,100,0.0,3329.23
19263.88,69.13,100,0.0,3329.23
19263.88,69.09,94,1.2375,3329.23
19263.88,69.25,94,1.2375,3329.23
19263.88,69.62,95,0.0,3329.23
19263.88,69.6,95,0.0,3329.23
19263.88,70.0,94,1.25,3329.23
19263.88,69.67,94,0.0,3329.23
19263.88,72.83,95,0.0,3329.23
19263.88,72.62,95,0.0,3329.23
19263.88,72.33,95,1.2375,3329.23
19263.88,71.76,95,0.0,3329.23
19263.88,72.24,95,0.0,3329.23
19263.88,72.15,95,0.0,3329.23
19263.88,72.19,95,1.25,3329.23
19263.88,72.13,95,0.0,3329.23
19263.88,71.99,96,0.0,3329.23
19263.88,72.01,96,1.25,3329.23
19263.88,72.29,96,0.0,3329.23
19263.88,72.19,96,0.0,3329.23
19263.88,71.95,96,0.0,3329.23
19263.88,72.07,96,0.0,3329.23
19263.88,72.47,96,0.0,3329.23
19263.88,72.21,96,0.0,3329.23
19263.88,72.47,96,1.2375,3329.23
19263.88,72.47,96,0.0,3329.23
19263.88,71.98,96,0.0,3329.23
19263.88,72.14,96,0.0,3329.23
19263.88,72.07,96,0.0,3329.23
19263.88,72.28,96,1.2375,3329.23
19263.88,72.02,96,0.0,3329.23
19263.88,72.25,96,0.0,3329.23
19263.88,72.14,95,0.0,3329.23
19263.88,72.07,95,1.25,3329.23
19263.88,72.08,95,0.0,3329.23
19263.88,72.05,95,0.0,3329.23
19263.88,72.04,95,1.25,3329.23
19263.88,72.09,95,1.25,3329.23
19263.88,71.96,94,0.0,3329.23
19263.88,72.0,94,0.0,3329.23
19263.88,71.61,94,0.0,3329.23
19263.88,71.85,94,1.2375,3329.23
19263.88,71.82,95,0.0,3329.23
19263.88,72.14,95,0.0,3329.23
19263.88,72.3,95,1.2375,3329.23
19263.88,72.27,95,0.0,3329.23
19263.88,72.23,95,0.0,3329.23
19263.88,72.16,95,0.0,3329.23
19263.88,72.15,95,1.25,3329.23
19263.88,71.95,95,1.2125,3329.23
19263.88,71.97,94,1.2125,3329.23
19263.88,73.2,94,0.0,3329.23
19263.88,73.11,83,0.0,3329.23
19263.88,73.19,83,0.0,3329.23
19263.88,72.19,97,0.0,3329.23
19263.88,72.28,97,1.2375,3329.23
19263.88,72.76,95,0.0,3329.23
19263.88,72.5,95,0.0,3329.23
19263.88,72.95,95,0.0,3329.23
19263.88,72.6,95,1.25,3329.23
19263.88,73.1,94,0.0,3329.23
19263.88,72.99,94,0.0,3329.23
19263.88,72.2,94,0.0,3329.23
19263.88,71.94,94,1.2375,3329.23
19263.88,71.64,95,0.0,3329.23
19263.88,72.22,95,0.0,3329.23
19263.88,72.25,93,2.4875,3329.23
19263.88,72.19,93,0.0,3329.23
19263.88,72.2,95,0.0,3329.23
19263.88,72.07,95,0.0,3329.23
19263.88,72.21,95,1.25,3329.23
19263.88,72.26,95,0.0,3329.23
19263.88,72.2,95,0.0,3329.23
19263.88,71.94,95,1.2375,3329.23
19263.88,71.94,95,0.0,3329.23
19263.88,72.1,96,0.0,3329.23
19263.88,72.5,96,0.0,3329.23
19263.88,71.99,95,1.2375,3329.23
19263.88,72.0,95,0.0,3329.23
19263.88,72.18,94,0.0,3329.23
19263.88,72.18,94,1.25,3329.23
19263.88,72.28,95,0.0,3329.23
19263.88,71.92,95,0.0,3329.23
19263.88,71.91,95,0.0,3329.23
19263.88,72.09,95,1.25,3329.23
19263.88,72.2,94,0.0,3329.23
19263.88,72.28,94,0.0,3329.23
19263.88,72.14,95,1.25,3329.23
19263.88,72.06,95,0.0,3329.23
19263.88,71.83,95,0.0,3329.23
19263.88,71.79,95,0.0,3329.23
19263.88,71.63,94,1.25,3329.23
19263.88,71.59,94,0.0,3329.23
19263.88,71.37,94,0.0,3329.23
19263.88,71.42,94,0.0,3329.23
19263.88,71.45,95,1.25,3329.23
19263.88,71.4,95,0.0,3329.23
19263.88,71.33,95,0.0,3329.23
19263.88,71.44,95,0.0,3329.36
19263.88,71.57,95,1.25,3329.36
19263.88,71.67,95,0.0,3329.36
19263.88,71.67,94,0.0,3329.36
19263.88,71.59,94,2.4125,3329.36
19263.88,73.88,78,0.0,3329.36
19263.88,74.32,78,1.2125,3329.36
19263.88,74.33,100,1.2125,3329.36
19263.88,73.34,100,0.0,3329.36
19263.88,73.17,95,0.0,3329.36
19263.88,73.32,95,1.2125,3329.36
19263.88,73.26,94,0.0,3329.36
19263.88,73.24,94,0.0,3329.36
19263.88,73.44,95,1.2125,3329.36
19263.88,73.28,95,0.0,3329.36
19263.88,73.52,95,0.0,3329.36
19263.88,71.52,95,0.0,3329.36
19263.88,71.54,94,1.2125,3329.36
19263.88,71.29,94,0.0,3329.36
19263.88,72.42,95,0.0,3329.36
19263.88,72.32,95,1.2125,3329.36
19263.88,72.27,95,0.0,3329.36
19263.88,72.42,95,0.0,3329.36
19263.88,72.2,95,0.0,3329.36
19263.88,72.1,95,2.425,3329.36
19263.88,72.12,95,0.0,3329.36
19263.88,71.97,95,0.0,3329.36
19263.88,71.53,94,0.0,3329.36
19263.88,71.29,94,1.2125,3329.36
19263.88,71.7,94,0.0,3329.36
19263.88,71.99,95,0.0,3329.36
19263.88,72.15,95,1.2125,3329.36
19263.88,72.14,95,0.0,3329.36
19263.88,72.09,95,0.0,3329.36
19263.88,72.19,94,1.2125,3329.36
19263.88,72.01,94,0.0,3329.36
19263.88,72.07,94,0.0,3329.36
19263.88,71.99,94,0.0,3329.36
19263.88,72.01,94,1.2125,3329.36
19263.88,71.86,94,0.0,3329.36
19263.88,71.47,94,0.0,3329.36
19263.88,71.87,94,1.2,3329.36
19263.88,71.87,95,0.0,3329.36
19263.88,71.78,95,0.0,3329.36
19263.88,71.68,95,0.0,3329.36
19263.88,71.63,95,1.2125,3329.36
19263.88,71.64,94,0.0,3329.36
19263.88,71.62,94,0.0,3329.36
19263.88,71.79,95,1.2125,3329.36
19263.88,72.04,95,0.0,3329.36
19263.88,72.15,94,1.2125,3329.36
19263.88,72.07,94,1.2125,3329.36
19263.88,71.81,95,0.0,3329.36
19263.88,71.64,95,0.0,3329.36
19263.88,71.56,94,1.1875,3329.36
19263.88,71.62,94,0.0,3329.36
19263.88,71.69,95,1.2125,3329.36
19263.88,68.24,95,1.2125,3329.36
19263.88,68.44,84,0.0,3329.36
19263.88,68.5,84,0.0,3329.36
19263.88,68.78,100,0.0,3329.36
19263.88,68.67,100,1.2125,3329.36
19263.88,67.78,97,0.0,3329.36
19263.88,67.87,97,0.0,3329.36
19263.88,67.83,95,1.225,3329.36
19263.88,68.38,95,0.0,3329.36
19263.88,67.9,95,0.0,3329.36
19263.88,68.26,95,0.0,3329.36
19263.88,71.51,95,1.2125,3329.36
19263.88,71.68,95,0.0,3329.36
19263.88,71.55,96,0.0,3329.36
19263.88,71.57,96,1.225,3329.36
19263.88,71.16,94,0.0,3329.36
19263.88,72.22,95,0.0,3329.36
19263.88,72.19,95,0.0,3329.36
19263.88,72.47,94,2.425,3329.36
19263.88,72.4,94,0.0,3329.36
19263.88,72.81,95,0.0,3329.36
19263.88,72.96,95,0.0,3329.36
19263.88,72.97,95,1.225,3329.36
19263.88,72.97,95,0.0,3329.36
19263.88,72.71,95,0.0,3329.36
19263.88,72.56,95,0.0,3329.36
19263.88,72.63,95,1.225,3329.36
19263.88,72.66,95,0.0,3329.36
19263.88,71.97,94,0.0,3329.36
19263.88,71.48,94,0.0,3329.36
19263.88,71.57,95,1.2125,3329.36
19263.88,71.22,95,0.0,3329.36
19263.88,71.39,95,0.0,3329.36
19263.88,70.84,95,0.0,3329.36
19263.88,71.14,94,1.2375,3329.36
19263.88,71.01,94,0.0,3329.36
19263.88,71.38,94,0.0,3329.36
19263.88,71.0,94,1.2,3329.36
19263.88,71.65,95,0.0,3329.36
19263.88,71.42,95,0.0,3329.36
19263.88,71.69,95,0.0,3329.36
19263.88,71.37,95,1.2125,3329.36
19263.88,71.39,95,0.0,3329.36
19263.88,71.01,95,0.0,3329.36
19263.88,71.23,95,1.2125,3329.36
19263.88,71.43,95,0.0,3329.36
19263.88,71.32,95,0.0,3329.36
19263.88,71.94,95,0.0,3329.36
19263.88,72.09,95,1.2125,3329.36
19263.88,72.42,94,0.0,3329.36
19263.88,72.44,94,1.225,3329.36
19263.88,72.81,94,1.2125,3329.36
19263.88,72.87,94,0.0,3329.36
19263.88,72.64,94,1.2125,3329.36
19263.88,73.16,93,1.2,3329.36
19263.88,73.34,87,0.0,3329.36
19263.88,73.29,87,1.2125,3329.36
19263.88,72.73,98,0.0,3329.36
19263.88,72.33,98,0.0,3329.36
19263.88,72.36,95,0.0,3329.36
19263.88,72.08,95,1.2125,3329.36
19263.88,72.35,94,0.0,3329.36
19263.88,72.32,94,0.0,3329.36
19263.88,72.25,95,1.2125,3329.36
19263.88,73.03,95,0.0,3329.36
19263.88,72.51,95,0.0,3329.36
19263.88,72.33,95,0.0,3329.36
19263.88,72.05,95,1.2125,3329.36
19263.88,72.52,95,0.0,3329.36
19263.88,72.51,95,0.0,3329.36
19263.88,72.49,95,0.0,3329.36
19263.88,72.81,95,2.425,3329.36
19263.88,72.17,95,0.0,3329.36
19263.88,72.13,96,0.0,3329.36
19263.88,72.16,96,0.0,3329.36
19263.88,71.98,96,1.2125,3329.36
19263.88,71.85,95,0.0,3329.36
19263.88,71.98,95,0.0,3329.36
19263.88,72.39,96,1.2125,3329.36
19263.88,72.35,96,0.0,3329.36
19263.88,72.33,94,0.0,3329.36
19263.88,72.14,94,1.2125,3329.36
19263.88,72.33,95,0.0,3329.36
19263.88,72.32,95,0.0,3329.36
19263.88,72.36,95,0.0,3329.36
19263.88,71.95,95,1.2125,3329.36
19263.88,72.19,96,0.0,3329.36
19263.88,71.89,96,0.0,3329.36
19263.88,71.83,96,1.2125,3329.36
19263.88,71.92,96,0.0,3329.36
19263.88,71.91,96,0.0,3329.36
19263.88,71.86,96,0.0,3329.36
19263.88,71.84,92,1.2125,3329.36
19263.88,71.72,92,0.0,3329.36
19263.88,71.6,94,0.0,3329.36
19263.88,71.72,94,1.2125,3329.36
19263.88,71.74,95,1.2125,3329.36
19263.88,71.8,95,0.0,3329.36
19263.88,71.87,95,1.2125,3329.36
19263.88,71.98,95,0.0,3329.36
19263.88,71.94,94,0.0,3329.36
19263.88,71.99,94,1.2125,3329.36
19263.88,72.02,93,0.0,3329.36
19263.88,71.98,93,0.0,3329.36
19263.88,71.89,94,1.1625,3329.36
19263.88,71.91,94,1.2125,3329.36
19263.88,73.09,75,0.0,3329.36
19263.88,73.45,75,1.2375,3329.36
19263.88,73.67,100,0.0,3329.36
19263.88,73.41,100,0.0,3329.36
19263.88,73.12,93,1.2375,3329.36
19263.88,73.56,93,0.0,3329.36
19263.88,73.38,93,0.0,3329.36
19263.88,73.71,93,1.2375,3329.36
19263.88,73.56,96,0.0,3329.36
19263.88,73.73,96,0.0,3329.36
19263.88,73.62,95,0.0,3329.36
19263.88,72.43,95,1.2375,3329.36
19263.88,72.16,95,0.0,3329.36
19263.88,71.81,95,0.0,3329.36
19263.88,72.34,94,0.0,3329.36
19263.88,72.44,94,1.2375,3329.36
19263.88,72.39,94,1.2375,3329.36
19263.88,72.24,94,0.0,3329.36
19263.88,72.14,95,0.0,3329.36
19263.88,72.17,95,1.25,3329.36
19263.88,72.35,95,0.0,3329.36
19263.88,72.21,95,0.0,3329.36
19263.88,72.08,93,1.2375,3329.36
19263.88,71.99,93,0.0,3329.36
19263.88,71.94,95,0.0,3329.36
19263.88,71.78,94,1.25,3329.36
19263.88,72.07,94,0.0,3329.36
19263.88,72.13,95,0.0,3329.36
19263.88,72.19,95,0.0,3329.36
19263.88,72.25,95,1.2375,3329.36
19263.88,72.08,95,0.0,3329.36
19263.88,72.09,92,0.0,3329.36
19263.88,71.79,92,1.2375,3329.36
19263.88,71.77,95,0.0,3329.36
19263.88,71.91,95,0.0,3329.36
19263.88,72.05,95,1.2375,3329.36
19263.88,72.15,95,0.0,3329.36
19263.88,72.06,95,0.0,3329.36
19263.88,71.63,95,0.0,3329.36
19263.88,72.05,95,1.2375,3329.36
19263.88,71.95,95,0.0,3329.36
19263.88,71.75,95,1.2375,3329.36
19263.88,71.98,95,0.0,3329.36
19263.88,72.05,95,0.0,3329.36
19263.88,72.06,95,0.0,3329.36
19263.88,72.11,95,1.2125,3329.36
19263.88,72.13,95,0.0,3329.36
19263.88,72.07,93,0.0,3329.36
19263.88,72.07,93,0.0,3329.36
19263.88,71.66,95,1.225,3329.36
19263.88,71.31,95,0.0,3329.36
19263.88,71.79,94,1.225,3329.36
19263.88,73.43,94,1.225,3329.36
19263.88,73.77,81,0.0,3329.36
19263.88,73.83,81,0.0,3329.36
19263.88,74.08,100,1.2125,3329.36
19263.88,74.0,100,0.0,3329.36
19263.88,73.73,96,0.0,3329.36
19263.88,73.89,96,1.2125,3329.36
19263.88,74.16,95,0.0,3329.36
19263.88,74.48,95,0.0,3329.36
19263.88,74.67,95,0.0,3329.36
19263.88,74.33,95,1.2375,3329.36
19263.88,72.91,95,0.0,3329.36
19263.88,72.68,95,0.0,3329.36
19263.88,72.67,95,1.2375,3329.36
19263.88,72.16,95,0.0,3329.36
19263.88,72.23,95,0.0,3329.36
19263.88,72.35,95,1.2375,3329.36
19263.88,72.25,94,0.0,3329.36
19263.88,71.86,94,1.2375,3329.36
19263.88,71.69,95,0.0,3329.36
19263.88,71.71,95,1.2375,3329.36
19263.88,72.05,95,0.0,3329.36
19263.88,71.64,95,0.0,3329.36
19263.88,71.78,95,0.0,3329.36
19263.88,71.41,95,1.25,3329.36
19263.88,71.83,95,0.0,3329.36
19263.88,71.59,95,0.0,3329.36
19263.88,71.83,95,1.2375,3329.36
19263.88,71.46,95,0.0,3329.36
19263.88,71.63,95,0.0,3329.36
19263.88,71.39,95,1.2375,3329.36
19263.88,71.67,95,0.0,3329.36
19263.88,71.56,94,0.0,3329.36
19263.88,71.6,94,0.0,3329.36
19263.88,71.27,94,1.2375,3329.36
19263.88,71.49,95,0.0,3329.36
19263.88,71.49,95,0.0,3329.36
19263.88,71.92,95,1.25,3329.36
19263.88,72.15,95,0.0,3329.36
19263.88,71.94,95,0.0,3329.36
19263.88,72.14,95,1.25,3329.36
19263.88,72.13,94,0.0,3329.36
19263.88,72.05,94,0.0,3329.36
19263.88,71.78,96,0.0,3329.36
19263.88,71.81,96,1.2375,3329.36
19263.88,71.94,96,0.0,3329.36
19263.88,72.03,96,0.0,3329.36
19263.88,71.95,96,1.2375,3329.36
19263.88,71.74,96,0.0,3329.36
19263.88,71.34,95,0.0,3329.36
19263.88,71.81,95,0.0,3329.36
19263.88,71.52,95,1.2375,3329.36
19263.88,71.82,95,0.0,3329.36
19263.88,71.34,93,0.0,3329.36
19263.88,71.6,93,1.25,3329.36
19263.88,72.83,80,0.0,3329.36
19263.88,73.11,80,1.25,3329.36
19263.88,73.09,100,0.0,3329.36
19263.88,73.11,100,0.0,3329.36
19263.88,73.02,100,1.2125,3329.36
19263.88,73.13,100,0.0,3329.36
19263.88,72.02,98,0.0,3329.36
19263.88,72.17,98,1.2125,3329.36
19263.88,72.07,95,0.0,3329.36
19263.88,72.33,95,0.0,3329.36
19263.88,72.29,95,0.0,3329.36
19263.88,71.29,95,2.45,3329.36
19263.88,71.26,96,0.0,3329.36
19263.88,71.32,96,0.0,3329.36
19263.88,71.32,96,0.0,3329.36
19263.88,71.02,96,0.0,3329.36
19263.88,71.92,96,0.0,3329.36
19263.88,71.69,96,1.225,3329.36
19263.88,71.62,96,0.0,3329.36
19263.88,71.59,96,0.0,3329.36
19263.88,71.9,96,0.0,3329.36
19263.88,71.99,95,0.0,3329.36
19263.88,72.29,95,1.225,3329.36
19263.88,72.46,95,0.0,3329.36
19263.88,72.49,95,0.0,3329.36
19263.88,72.67,95,0.0,3329.36
19263.88,72.77,95,1.225,3329.36
19263.88,72.97,96,0.0,3329.36
19263.88,72.98,96,0.0,3329.36
19263.88,73.19,95,0.0,3329.36
19263.88,72.84,95,1.225,3329.36
19263.88,72.89,95,0.0,3329.36
19263.88,72.39,95,0.0,3329.36
19263.88,72.14,95,0.0,3329.36
19263.88,71.58,95,1.225,3329.36
19263.88,71.63,95,0.0,3329.36
19263.88,71.11,95,0.0,3329.36
19263.88,71.4,95,0.0,3329.36
19263.88,70.94,95,0.0,3329.36
19263.88,71.39,95,1.2375,3329.36
19263.88,70.96,95,0.0,3329.36
19263.88,71.52,95,0.0,3329.36
19263.88,71.09,95,0.0,3329.36
19263.88,71.44,95,1.2375,3329.36
19263.88,71.16,95,0.0,3329.36
19263.88,71.52,95,0.0,3329.36
19263.88,71.3,95,0.0,3329.36
19263.88,71.67,96,0.0,3329.36
19263.88,71.25,96,1.2375,3329.36
19263.88,71.78,95,0.0,3329.36
19263.88,71.36,95,0.0,3329.36
19263.88,71.74,95,0.0,3329.36
19263.88,71.41,95,1.25,3329.36
19263.88,71.63,95,1.25,3329.36
19263.88,71.15,95,0.0,3329.36
19263.88,71.4,96,2.4875,3329.36
19263.88,73.05,96,0.0,3329.36
19263.88,73.11,85,0.0,3329.36
19263.88,73.14,85,0.0,3329.36
19263.88,72.43,99,1.25,3329.36
19263.88,72.25,99,0.0,3329.36
19263.88,72.6,95,0.0,3329.36
19263.88,72.6,95,0.0,3329.36
19263.88,72.85,95,1.2375,3329.36
19263.88,72.91,95,0.0,3329.36
19263.88,73.13,95,0.0,3329.36
19263.88,73.11,95,1.2375,3329.36
19263.88,71.69,95,0.0,3329.36
19263.88,71.46,95,0.0,3329.36
19263.88,71.35,95,0.0,3329.36
19263.88,72.06,95,1.2375,3329.36
19263.88,72.22,95,0.0,3329.36
19263.88,72.2,95,0.0,3329.36
19263.88,72.17,95,1.2375,3329.36
19263.88,71.92,95,0.0,3329.36
19263.88,71.74,94,0.0,3329.36
19263.88,72.12,94,1.25,3329.36
19263.88,72.02,94,0.0,3329.36
19263.88,71.77,94,0.0,3329.36
19263.88,71.67,95,0.0,3329.36
19263.88,71.76,95,1.2375,3329.36
19263.88,72.03,95,0.0,3329.36
19263.88,72.19,95,0.0,3329.36
19263.88,72.14,95,1.2375,3329.36
19263.88,71.81,95,0.0,3329.36
19263.88,71.85,95,0.0,3329.36
19263.88,72.09,95,1.2375,3329.36
19263.88,72.12,95,0.0,3329.36
19263.88,71.79,95,0.0,3329.36
19263.88,71.78,95,0.0,3329.36
19263.88,71.95,95,1.2125,3329.36
19263.88,72.08,95,0.0,3329.36
19263.88,72.28,95,0.0,3329.36
19263.88,72.17,95,1.225,3329.36
19263.88,72.03,95,0.0,3329.36
19263.88,72.41,95,0.0,3329.36
19263.88,72.76,94,0.0,3329.36
19263.88,72.33,94,1.225,3329.36
19263.88,72.11,95,1.225,3329.36
19263.88,72.15,95,0.0,3329.36
19263.88,72.27,95,0.0,3329.36
19263.88,72.54,95,1.2125,3329.36
19263.88,72.57,94,0.0,3329.36
19263.88,72.16,94,0.0,3329.36
19263.88,72.07,95,0.0,3329.36
19263.88,72.06,95,0.0,3329.36
19263.88,71.7,95,1.225,3329.36
19263.88,71.59,95,0.0,3329.36
19263.88,68.28,83,2.375,3329.36
19263.88,68.72,83,0.0,3329.36
19263.88,68.72,97,0.0,3329.36
19263.88,68.74,97,0.0,3329.36
19263.88,68.15,97,0.0,3329.36
19263.88,68.62,97,1.225,3329.36
19263.88,68.57,96,0.0,3329.36
19263.88,69.03,96,0.0,3329.36
19263.88,69.34,95,1.225,3329.36
19263.88,68.9,95,0.0,3329.36
19263.88,69.52,95,0.0,3329.36
19263.88,72.67,95,0.0,3329.36
19263.88,72.68,96,1.2125,3329.36
19263.88,72.33,96,0.0,3329.36
19263.88,72.1,96,0.0,3329.36
19263.88,72.6,96,1.2125,3329.36
19263.88,72.4,95,0.0,3329.36
19263.88,72.4,95,0.0,3329.36
19263.88,72.07,96,1.2125,3329.36
19263.88,71.94,96,0.0,3329.36
19263.88,72.14,96,0.0,3329.36
19263.88,72.23,96,1.2125,3329.36
19263.88,71.85,96,1.2125,3329.36
19263.88,72.03,96,0.0,3329.36
19263.88,72.03,96,0.0,3329.36
19263.88,71.97,96,1.2125,3329.36
19263.88,72.0,96,0.0,3329.36
19263.88,72.14,96,0.0,3329.36
19263.88,72.57,95,0.0,3329.36
19263.88,72.21,95,1.2125,3329.36
19263.88,72.3,95,0.0,3329.36
19263.88,71.84,95,0.0,3329.36
19263.88,71.77,95,1.2125,3329.36
19263.88,71.77,95,0.0,3329.36
19263.88,71.97,95,0.0,3329.36
19263.88,72.04,95,0.0,3329.36
19263.88,72.02,95,1.2125,3329.36
19263.88,72.27,95,0.0,3329.36
19263.88,71.8,95,0.0,3329.36
19263.88,71.69,95,1.2125,3329.36
19263.88,71.73,95,0.0,3329.36
19263.88,71.7,95,0.0,3329.36
19263.88,71.71,95,0.0,3329.36
19263.88,71.7,95,1.2125,3329.36
19263.88,71.84,95,0.0,3329.36
19263.88,71.92,94,0.0,3329.36
19263.88,72.0,94,1.2125,3329.36
19263.88,72.26,94,0.0,3329.36
19263.88,72.34,94,0.0,3329.36
19263.88,72.15,95,1.225,3329.36
19263.88,72.03,95,0.0,3329.36
19263.88,72.0,95,1.225,3329.36
19263.88,68.5,95,1.2125,3329.36
19263.88,68.88,81,1.2125,3329.36
19263.88,68.77,100,0.0,3329.36
19263.88,68.95,100,0.0,3329.36
19263.88,68.28,94,1.2125,3329.36
19263.88,68.58,94,0.0,3329.36
19263.88,68.3,95,0.0,3329.36
19263.88,68.24,95,1.225,3329.36
19263.88,68.67,93,0.0,3329.36
19263.88,68.58,93,0.0,3329.36
19263.88,69.0,95,1.2125,3329.36
19263.88,72.27,95,0.0,3329.36
19263.88,72.29,95,0.0,3329.36
19263.88,72.03,95,0.0,3329.36
19263.88,71.89,94,0.0,3329.36
19263.88,72.29,94,1.25,3329.36
19263.88,72.25,95,0.0,3329.36
19263.88,72.14,95,0.0,3329.36
19263.88,71.88,95,1.2125,3329.36
19263.88,72.12,95,0.0,3329.48
19263.88,72.18,95,0.0,3329.48
19263.88,72.2,95,1.2125,3329.48
19263.88,72.13,94,0.0,3329.48
19263.88,72.26,94,0.0,3329.48
19263.88,72.5,95,1.2125,3329.48
19263.88,72.56,95,0.0,3329.48
19263.88,72.52,95,0.0,3329.48
19263.88,72.36,95,1.2125,3329.48
19263.88,72.31,95,0.0,3329.48
19263.88,72.36,95,0.0,3329.48
19263.88,72.16,94,1.2125,3329.48
19263.88,71.75,94,0.0,3329.48
19263.88,71.85,94,0.0,3329.48
19263.88,71.61,94,0.0,3329.48
19263.88,72.0,94,1.225,3329.48
19263.88,72.16,94,1.225,3329.48
19263.88,72.06,94,0.0,3329.48
19263.88,72.07,94,0.0,3329.48
19263.88,71.97,94,1.2125,3329.48
19263.88,72.06,94,0.0,3329.48
19263.88,72.01,94,0.0,3329.48
19263.88,72.19,94,0.0,3329.48
19263.88,72.27,93,1.2125,3329.48
19263.88,72.27,93,0.0,3329.48
19263.88,72.25,94,0.0,3329.48
19263.88,71.92,94,1.2125,3329.48
19263.88,72.17,95,0.0,3329.48
19263.88,71.8,95,0.0,3329.48
19263.88,72.13,95,0.0,3329.48
19263.88,72.16,95,1.2125,3329.48
19263.88,72.16,95,0.0,3329.48
19263.88,71.94,95,1.225,3329.48
19263.88,73.58,95,1.2125,3329.48
19263.88,73.58,95,0.0,3329.48
19263.88,73.88,83,0.0,3329.48
19263.88,73.62,100,0.0,3329.48
19263.88,73.69,100,1.2125,3329.48
19263.88,73.58,100,0.0,3329.48
19263.88,73.3,100,0.0,3329.48
19263.88,73.15,95,1.2125,3329.48
19263.88,73.23,95,0.0,3329.48
19263.88,73.43,95,0.0,3329.48
19263.88,73.62,95,1.2125,3329.48
19263.88,72.11,95,1.2125,3329.48
19263.88,72.16,95,0.0,3329.48
19263.88,71.95,95,0.0,3329.48
19263.88,72.13,95,0.0,3329.48
19263.88,71.7,95,1.2125,3329.48
19263.88,71.56,95,0.0,3329.48
19263.88,71.85,94,0.0,3329.48
19263.88,72.05,94,1.2125,3329.48
19263.88,71.79,95,0.0,3329.48
19263.88,71.97,95,0.0,3329.48
19263.88,71.75,95,1.2125,3329.48
19263.88,72.03,95,0.0,3329.48
19263.88,71.75,95,0.0,3329.48
19263.88,71.85,95,0.0,3329.48
19263.88,71.51,95,1.2125,3329.48
19263.88,71.88,95,0.0,3329.48
19263.88,71.82,95,0.0,3329.48
19263.88,72.12,95,1.2125,3329.48
19263.88,71.82,95,0.0,3329.48
19263.88,72.03,95,0.0,3329.48
19263.88,71.69,95,1.2125,3329.48
19263.88,71.84,95,0.0,3329.48
19263.88,71.58,95,0.0,3329.48
19263.88,71.79,93,0.0,3329.48
19263.88,71.42,93,1.2125,3329.48
19263.88,71.75,93,0.0,3329.48
19263.88,71.44,93,1.2125,3329.48
19263.88,71.92,94,1.2125,3329.48
19263.88,71.56,94,0.0,3329.48
19263.88,71.95,95,0.0,3329.48
19263.88,71.53,95,0.0,3329.48
19263.88,71.88,95,1.2125,3329.48
19263.88,71.59,95,0.0,3329.48
19263.88,71.82,94,0.0,3329.48
19263.88,71.37,94,1.2125,3329.48
19263.88,71.47,95,0.0,3329.48
19263.88,71.95,95,0.0,3329.48
19263.88,71.4,95,0.0,3329.48
19263.88,71.91,95,1.225,3329.48
19263.88,71.16,94,0.0,3329.48
19263.88,71.69,94,0.0,3329.48
19263.88,70.71,94,1.2125,3329.48
19263.88,71.07,95,0.0,3329.48
19263.88,70.7,95,0.0,3329.48
19263.88,71.2,83,2.425,3329.48
19263.88,72.31,83,0.0,3329.48
19263.88,72.35,100,0.0,3329.48
19263.88,71.45,100,1.1875,3329.48
19263.88,71.37,95,0.0,3329.48
19263.88,71.87,95,0.0,3329.48
19263.88,71.89,94,1.2125,3329.48
19263.88,72.66,94,0.0,3329.48
19263.88,72.56,95,0.0,3329.48
19263.88,72.67,95,1.2125,3329.48
19263.88,72.71,94,0.0,3329.48
19263.88,71.45,94,0.0,3329.48
19263.88,71.55,94,1.2125,3329.48
19263.88,71.48,94,0.0,3329.48
19263.88,72.26,95,0.0,3329.48
19263.88,72.23,95,1.2125,3329.48
19263.88,72.31,95,1.2125,3329.48
19263.88,72.26,95,0.0,3329.48
19263.88,72.11,95,0.0,3329.48
19263.88,72.07,95,1.2125,3329.48
19263.88,72.07,95,0.0,3329.48
19263.88,72.0,95,0.0,3329.48
19263.88,72.14,95,1.2125,3329.48
19263.88,71.73,95,0.0,3329.48
19263.88,71.88,95,1.2,3329.48
19263.88,72.11,95,0.0,3329.48
19263.88,72.13,94,0.0,3329.48
19263.88,72.06,94,0.0,3329.48
19263.88,71.9,95,1.175,3329.48
19263.88,71.96,95,0.0,3329.48
19263.88,71.83,95,1.2125,3329.48
19263.88,71.99,95,0.0,3329.48
19263.88,71.58,94,0.0,3329.48
19263.88,71.57,94,0.0,3329.48
19263.88,71.64,95,1.2125,3329.48
19263.88,71.88,95,0.0,3329.48
19263.88,72.08,95,0.0,3329.48
19263.88,72.08,95,1.225,3329.48
19263.88,72.04,95,0.0,3329.48
19263.88,71.95,95,0.0,3329.48
19263.88,71.9,95,1.2125,3329.48
19263.88,71.8,95,0.0,3329.48
19263.88,71.8,95,0.0,3329.48
19263.88,71.79,95,0.0,3329.48
19263.88,71.89,95,1.225,3329.48
19263.88,72.11,95,0.0,3329.48
19263.88,72.01,95,0.0,3329.48
19263.88,72.02,95,0.0,3329.48
19263.88,71.94,92,0.0,3329.48
19263.88,71.8,92,1.2125,3329.48
19263.88,71.6,95,0.0,3329.48
19263.88,71.5,95,2.4375,3329.48
19263.88,73.96,94,1.225,3329.48
19263.88,74.31,94,0.0,3329.48
19263.88,73.96,84,0.0,3329.48
19263.88,73.14,84,0.0,3329.48
19263.88,72.85,99,0.0,3329.48
19263.88,72.85,99,1.225,3329.48
19263.88,73.29,94,0.0,3329.48
19263.88,73.68,95,0.0,3329.48
19263.88,73.68,95,0.0,3329.48
19263.88,73.98,95,0.0,3329.48
19263.88,74.18,95,1.225,3329.48
19263.88,74.18,94,0.0,3329.48
19263.88,71.73,94,0.0,3329.48
19263.88,71.53,95,0.0,3329.48
19263.88,72.28,95,1.225,3329.48
19263.88,72.28,95,0.0,3329.48
19263.88,71.92,95,0.0,3329.48
19263.88,71.95,95,0.0,3329.48
19263.88,71.73,95,1.225,3329.48
19263.88,71.95,94,0.0,3329.48
19263.88,71.77,94,0.0,3329.48
19263.88,71.64,95,0.0,3329.48
19263.88,71.61,95,1.225,3329.48
19263.88,71.61,95,0.0,3329.48
19263.88,71.83,95,0.0,3329.48
19263.88,71.95,94,0.0,3329.48
19263.88,72.13,94,1.225,3329.48
19263.88,71.95,95,0.0,3329.48
19263.88,71.9,95,0.0,3329.48
19263.88,71.9,95,1.225,3329.48
19263.88,71.87,95,1.225,3329.48
19263.88,71.72,96,0.0,3329.48
19263.88,71.81,96,0.0,3329.48
19263.88,71.61,95,0.0,3329.48
19263.88,72.02,95,0.0,3329.48
19263.88,71.82,95,1.225,3329.48
19263.88,71.81,94,0.0,3329.48
19263.88,71.83,94,0.0,3329.48
19263.88,71.86,94,0.0,3329.48
19263.88,71.89,95,1.225,3329.48
19263.88,71.77,95,0.0,3329.48
19263.88,71.57,94,0.0,3329.48
19263.88,71.56,94,0.0,3329.48
19263.88,71.45,94,0.0,3329.48
19263.88,71.82,94,0.0,3329.48
19263.88,71.63,95,1.225,3329.48
19263.88,71.71,95,0.0,3329.48
19263.88,71.79,95,0.0,3329.48
19263.88,71.95,95,0.0,3329.48
19263.88,71.93,95,1.2125,3329.48
19263.88,71.79,95,0.0,3329.48
19263.88,71.69,95,1.225,3329.48
19263.88,74.13,82,1.225,3329.48
19263.88,74.01,82,0.0,3329.48
19263.88,74.05,100,1.2125,3329.48
19263.88,73.01,100,0.0,3329.48
19263.88,72.18,94,1.2125,3329.48
19263.88,72.63,94,0.0,3329.48
19263.88,72.22,94,0.0,3329.48
19263.88,72.57,94,0.0,3329.48
19263.88,72.43,94,1.2125,3329.48
19263.88,72.64,94,0.0,3329.48
19263.88,72.73,95,0.0,3329.48
19263.88,70.58,95,1.2125,3329.48
19263.88,70.64,95,0.0,3329.48
19263.88,70.87,95,0.0,3329.48
19263.88,71.87,95,0.0,3329.48
19263.88,72.29,95,1.2125,3329.48
19263.88,72.29,95,0.0,3329.48
19263.88,72.29,95,0.0,3329.48
19263.88,72.19,95,0.0,3329.48
19263.88,72.07,95,2.45,3329.48
19263.88,72.17,95,0.0,3329.48
19263.88,71.85,94,0.0,3329.48
19263.88,71.93,94,0.0,3329.48
19263.88,72.14,95,0.0,3329.48
19263.88,71.7,95,1.225,3329.48
19263.88,71.83,95,0.0,3329.48
19263.88,71.98,95,0.0,3329.48
19263.88,71.94,95,0.0,3329.48
19263.88,72.05,95,1.225,3329.48
19263.88,71.99,95,0.0,3329.48
19263.88,71.98,95,0.0,3329.48
19263.88,72.17,95,1.2125,3329.48
19263.88,71.7,95,0.0,3329.48
19263.88,71.72,95,0.0,3329.48
19263.88,71.96,95,1.2125,3329.48
19263.88,71.98,95,0.0,3329.48
19263.88,72.1,95,0.0,3329.48
19263.88,72.02,94,0.0,3329.48
19263.88,71.83,94,1.225,3329.48
19263.88,71.73,94,0.0,3329.48
19263.88,71.52,94,0.0,3329.48
19263.88,71.64,94,0.0,3329.48
19263.88,71.59,94,0.0,3329.48
19263.88,71.66,95,1.2375,3329.48
19263.88,71.72,95,0.0,3329.48
19263.88,71.81,95,0.0,3329.48
19263.88,71.95,95,1.2375,3329.48
19263.88,71.82,95,0.0,3329.48
19263.88,71.81,95,0.0,3329.48
19263.88,71.77,95,0.0,3329.48
19263.88,71.61,95,1.2375,3329.48
19263.88,71.6,94,1.2375,3329.48
19263.88,67.98,94,1.2375,3329.48
19263.88,68.15,81,0.0,3329.48
19263.88,68.56,81,0.0,3329.48
19263.88,68.42,100,1.2375,3329.48
19263.88,68.7,100,1.25,3329.48
19263.88,68.49,100,0.0,3329.48
19263.88,67.66,100,0.0,3329.48
19263.88,67.53,96,0.0,3329.48
19263.88,67.65,96,1.25,3329.48
19263.88,67.71,95,0.0,3329.48
19263.88,67.87,95,0.0,3329.48
19263.88,71.56,95,1.25,3329.48
19263.88,71.33,95,0.0,3329.48
19263.88,71.43,95,0.0,3329.48
19263.88,71.25,95,1.2375,3329.48
19263.88,71.09,95,0.0,3329.48
19263.88,70.52,95,0.0,3329.48
19263.88,71.52,95,0.0,3329.48
19263.88,71.19,95,1.25,3329.48
19263.88,71.5,94,0.0,3329.48
19263.88,71.27,94,0.0,3329.48
19263.88,71.69,95,1.25,3329.48
19263.88,71.42,95,0.0,3329.48
19263.88,71.61,95,0.0,3329.48
19263.88,71.24,95,1.25,3329.48
19263.88,71.55,95,0.0,3329.48
19263.88,71.14,95,0.0,3329.48
19263.88,71.69,95,1.2375,3329.48
19263.88,71.37,93,0.0,3329.48
19263.88,72.01,93,0.0,3329.48
19263.88,72.09,94,0.0,3329.48
19263.88,72.69,94,1.2375,3329.48
19263.88,72.3,95,0.0,3329.48
19263.88,72.68,95,0.0,3329.48
19263.88,72.3,95,0.0,3329.48
19263.88,72.53,95,1.2375,3329.48
19263.88,72.06,95,0.0,3329.48
19263.88,72.47,95,0.0,3329.48
19263.88,72.05,96,1.2125,3329.48
19263.88,72.53,96,0.0,3329.48
19263.88,72.05,96,0.0,3329.48
19263.88,71.91,96,0.0,3329.48
19263.88,71.53,96,1.1875,3329.48
19263.88,71.81,96,0.0,3329.48
19263.88,71.36,96,0.0,3329.48
19263.88,71.6,96,1.2125,3329.48
19263.88,71.76,95,1.2125,3329.48
19263.88,71.47,95,0.0,3329.48
19263.88,72.01,95,0.0,3329.48
19263.88,71.75,95,1.2125,3329.48
19263.88,72.01,95,0.0,3329.48
19263.88,71.71,95,0.0,3329.48
19263.88,71.98,95,0.0,3329.48
19263.88,71.71,95,1.2125,3329.48
19263.88,71.84,95,0.0,3329.48
19263.88,71.54,95,1.1875,3329.48
19263.88,68.36,80,1.175,3329.48
19263.88,68.32,80,0.0,3329.48
19263.88,68.54,99,1.2,3329.48
19263.88,67.25,99,0.0,3329.48
19263.88,67.32,96,0.0,3329.48
19263.88,67.13,96,1.2125,3329.48
19263.88,67.4,95,0.0,3329.48
19263.88,67.25,95,0.0,3329.48
19263.88,67.76,94,1.2125,3329.48
19263.88,67.8,94,0.0,3329.48
19263.88,67.88,95,0.0,3329.48
19263.88,71.4,95,0.0,3329.48
19263.88,71.18,96,1.2125,3329.48
19263.88,71.01,96,0.0,3329.48
19263.88,71.9,96,0.0,3329.48
19263.88,72.04,96,0.0,3329.48
19263.88,72.01,94,1.225,3329.48
19263.88,72.28,94,1.2125,3329.48
19263.88,71.65,95,0.0,3329.48
19263.88,71.77,95,0.0,3329.48
19263.88,71.76,95,1.2125,3329.48
19263.88,71.68,95,0.0,3329.48
19263.88,71.63,95,0.0,3329.48
19263.88,71.86,95,0.0,3329.48
19263.88,71.95,95,1.2125,3329.48
19263.88,72.11,95,0.0,3329.48
19263.88,72.45,95,0.0,3329.48
19263.88,72.03,95,1.2125,3329.48
19263.88,71.93,95,0.0,3329.48
19263.88,72.06,95,0.0,3329.48
19263.88,72.04,95,0.0,3329.48
19263.88,72.1,95,1.2125,3329.48
19263.88,72.07,95,0.0,3329.48
19263.88,72.11,95,0.0,3329.48
19263.88,72.17,95,0.0,3329.48
19263.88,72.4,94,1.2125,3329.48
19263.88,72.42,94,0.0,3329.48
19263.88,72.49,95,0.0,3329.48
19263.88,72.52,95,1.2125,3329.48
19263.88,72.5,95,1.2125,3329.48
19263.88,72.45,95,0.0,3329.48
19263.88,72.36,95,1.2,3329.48
19263.88,72.34,95,0.0,3329.48
19263.88,72.28,95,0.0,3329.48
19263.88,72.32,95,1.2125,3329.48
19263.88,72.27,93,0.0,3329.48
19263.88,72.12,93,0.0,3329.48
19263.88,71.98,94,0.0,3329.48
19263.88,71.87,94,1.225,3329.48
19263.88,72.11,94,0.0,3329.48
19263.88,72.26,94,0.0,3329.48
19263.88,72.08,95,2.425,3329.48
19263.88,68.76,95,0.0,3329.48
19263.88,69.0,83,0.0,3329.48
19263.88,68.99,83,1.2125,3329.48
19263.88,69.21,100,0.0,3329.48
19263.88,69.18,100,0.0,3329.48
19263.88,69.1,100,0.0,3329.48
19263.88,68.56,94,1.2125,3329.48
19263.88,68.32,94,1.2125,3329.48
19263.88,68.61,95,0.0,3329.48
19263.88,67.92,95,0.0,3329.48
19263.88,68.52,95,1.2125,3329.48
19263.88,71.76,95,0.0,3329.48
19263.88,72.01,95,0.0,3329.48
19263.88,71.92,95,1.2125,3329.48
19263.88,71.96,96,0.0,3329.48
19263.88,71.62,96,0.0,3329.48
19263.88,71.76,96,0.0,3329.48
19263.88,71.85,96,1.2125,3329.48
19263.88,71.36,96,0.0,3329.48
19263.88,71.98,96,0.0,3329.48
19263.88,71.69,95,1.2125,3329.48
19263.88,71.94,95,0.0,3329.48
19263.88,71.5,96,0.0,3329.48
19263.88,71.59,96,0.0,3329.48
19263.88,71.14,96,1.2125,3329.48
19263.88,71.3,96,0.0,3329.48
19263.88,71.16,96,0.0,3329.48
19263.88,71.55,96,0.0,3329.48
19263.88,71.57,96,1.225,3329.48
19263.88,72.01,96,0.0,3329.48
19263.88,72.12,96,0.0,3329.48
19263.88,71.98,96,0.0,3329.48
19263.88,71.94,96,0.0,3329.48
19263.88,71.86,96,1.225,3329.48
19263.88,71.87,96,0.0,3329.48
19263.88,71.96,96,0.0,3329.48
19263.88,72.06,96,0.0,3329.48
19263.88,72.13,96,0.0,3329.48
19263.88,72.13,96,1.2375,3329.48
19263.88,72.02,96,0.0,3329.48
19263.88,71.91,96,0.0,3329.48
19263.88,71.5,96,1.2125,3329.48
19263.88,71.83,94,1.2125,3329.48
19263.88,71.4,94,0.0,3329.48
19263.88,71.65,94,0.0,3329.48
19263.88,71.09,94,1.2125,3329.48
19263.88,71.44,92,0.0,3329.48
19263.88,71.6,92,0.0,3329.48
19263.88,71.5,94,1.2125,3329.48
19263.88,71.71,94,0.0,3329.48
19263.88,71.31,95,0.0,3329.48
19263.88,71.54,95,0.0,3329.48
19263.88,71.11,94,1.2125,3329.48
19263.88,71.35,95,0.0,3329.48
19263.88,69.9,95,1.225,3329.48
19263.88,70.92,79,1.2125,3329.48
19263.88,71.06,79,0.0,3329.48
19263.88,71.51,100,0.0,3329.48
19263.88,70.86,100,1.2125,3329.48
19263.88,70.65,92,0.0,3329.48
19263.88,70.83,92,0.0,3329.48
19263.88,71.11,95,0.0,3329.48
19263.88,71.3,95,1.2125,3329.48
19263.88,71.58,94,0.0,3329.48
19263.88,72.03,94,0.0,3329.48
19263.88,73.59,94,1.2125,3329.48
19263.88,73.12,95,0.0,3329.48
19263.88,72.13,95,0.0,3329.48
19263.88,72.13,94,0.0,3329.48
19263.88,72.94,94,1.2125,3329.48
19263.88,72.85,94,0.0,3329.48
19263.88,72.75,95,0.0,3329.48
19263.88,72.43,95,1.2125,3329.48
19263.88,72.31,95,0.0,3329.48
19263.88,72.32,94,1.2125,3329.48
19263.88,72.21,94,0.0,3329.48
19263.88,71.87,95,1.2125,3329.48
19263.88,72.1,95,0.0,3329.48
19263.88,71.98,95,0.0,3329.48
19263.88,72.14,94,1.2125,3329.48
19263.88,72.09,95,0.0,3329.48
19263.88,71.95,95,0.0,3329.48
19263.88,71.88,95,0.0,3329.48
19263.88,71.88,95,1.2125,3329.48
19263.88,71.83,95,0.0,3329.48
19263.88,71.63,95,0.0,3329.48
19263.88,71.6,94,0.0,3329.48
19263.88,71.81,94,1.225,3329.48
19263.88,71.87,95,0.0,3329.48
19263.88,72.43,95,0.0,3329.48
19263.88,72.3,95,0.0,3329.48
19263.88,72.2,95,1.225,3329.48
19263.88,72.2,95,0.0,3329.48
19263.88,72.06,95,0.0,3329.48
19263.88,72.05,95,2.425,3329.48
19263.88,71.92,95,0.0,3329.48
19263.88,71.59,95,0.0,3329.48
19263.88,71.61,95,0.0,3329.48
19263.88,72.04,94,1.2125,3329.48
19263.88,72.17,94,0.0,3329.48
19263.88,72.11,94,0.0,3329.48
19263.88,72.18,94,0.0,3329.48
19263.88,72.07,95,1.2125,3329.48
19263.88,72.04,95,0.0,3329.48
19263.88,72.15,95,0.0,3329.48
19263.88,72.08,95,1.2125,3329.48
19263.88,72.1,95,2.4125,3329.48
19263.88,74.38,95,0.0,3329.48
19263.88,74.35,79,0.0,3329.48
19263.88,74.19,79,1.2125,3329.48
19263.88,73.05,98,0.0,3329.48
19263.88,73.02,98,0.0,3329.48
19263.88,73.0,95,1.2125,3329.48
19263.88,73.35,95,0.0,3329.48
19263.88,73.66,94,0.0,3329.48
19263.88,74.09,95,0.0,3329.48
19263.88,73.75,95,1.2125,3329.48
19263.88,74.11,95,0.0,3329.48
19263.88,71.9,95,0.0,3329.48
19263.88,71.9,94,1.2125,3329.48
19263.88,71.39,94,0.0,3329.48
19263.88,72.32,95,1.2125,3329.48
19263.88,72.33,95,1.2125,3329.48
19263.88,72.29,94,0.0,3329.48
19263.88,71.89,94,0.0,3329.48
19263.88,71.37,95,1.2125,3329.48
19263.88,71.75,95,0.0,3329.48
19263.88,71.58,95,0.0,3329.48
19263.88,71.78,95,1.2125,3329.48
19263.88,71.88,94,0.0,3329.48
19263.88,71.83,94,0.0,3329.48
19263.88,72.03,94,0.0,3329.48
19263.88,72.0,94,1.2125,3329.48
19263.88,71.92,95,0.0,3329.48
19263.88,71.67,95,0.0,3329.48
19263.88,71.77,95,0.0,3329.48
19263.88,71.84,95,1.2125,3329.48
19263.88,71.83,95,0.0,3329.48
19263.88,71.69,95,0.0,3329.48
19263.88,71.42,95,1.2125,3329.48
19263.88,71.14,95,0.0,3329.48
19263.88,71.72,94,0.0,3329.48
19263.88,71.71,94,1.2125,3329.48
19263.88,71.57,95,1.2125,3329.48
19263.88,71.52,95,0.0,3329.48
19263.88,71.6,95,0.0,3329.48
19263.88,71.58,95,1.2125,3329.48
19263.88,71.56,95,0.0,3329.48
19263.88,71.57,95,0.0,3329.48
19263.88,71.65,96,0.0,3329.48
19263.88,71.8,96,1.2125,3329.48
19263.88,71.84,95,0.0,3329.48
19263.88,71.95,95,0.0,3329.48
19263.88,71.95,96,1.2125,3329.48
19263.88,71.99,96,0.0,3329.48
19263.88,71.94,96,0.0,3329.48
19263.88,71.84,96,0.0,3329.48
19263.88,71.75,94,2.4125,3329.48
19263.88,68.29,94,1.175,3329.61
19263.88,68.79,78,0.0,3329.61
19263.88,68.79,97,0.0,3329.61
19263.88,68.83,97,1.2375,3329.61
19263.88,68.95,97,0.0,3329.61
19263.88,68.54,100,0.0,3329.61
19263.88,68.54,97,0.0,3329.61
19263.88,67.88,97,1.2125,3329.61
19263.88,68.49,94,0.0,3329.61
19263.88,68.1,94,0.0,3329.61
19263.88,68.57,95,1.2125,3329.61
19263.88,71.93,95,0.0,3329.61
19263.88,71.81,95,0.0,3329.61
19263.88,71.77,95,1.225,3329.61
19263.88,71.77,94,0.0,3329.61
19263.88,71.24,94,0.0,3329.61
19263.88,71.17,95,0.0,3329.61
19263.88,71.41,95,0.0,3329.61
19263.88,71.89,95,1.2125,3329.61
19263.88,71.38,95,0.0,3329.61
19263.88,71.87,94,1.2125,3329.61
19263.88,71.64,94,0.0,3329.61
19263.88,71.68,95,1.2125,3329.61
19263.88,71.82,95,0.0,3329.61
19263.88,71.45,95,0.0,3329.61
19263.88,71.88,95,0.0,3329.61
19263.88,71.71,94,1.2125,3329.61
19263.88,71.97,95,0.0,3329.61
19263.88,71.73,95,0.0,3329.61
19263.88,72.01,95,0.0,3329.61
19263.88,71.79,95,1.2125,3329.61
19263.88,72.03,94,0.0,3329.61
19263.88,71.89,94,0.0,3329.61
19263.88,71.84,95,1.2125,3329.61
19263.88,71.55,95,1.2125,3329.61
19263.88,71.72,95,0.0,3329.61
19263.88,71.5,95,0.0,3329.61
19263.88,71.8,95,1.2125,3329.61
19263.88,71.58,95,0.0,3329.61
19263.88,71.83,95,0.0,3329.61
19263.88,71.69,95,1.1875,3329.61
19263.88,71.85,95,0.0,3329.61
19263.88,71.6,95,0.0,3329.61
19263.88,71.58,95,1.2125,3329.61
19263.88,71.44,95,0.0,3329.61
19263.88,71.67,95,0.0,3329.61
19263.88,71.46,95,1.2125,3329.61
19263.88,71.68,95,0.0,3329.61
19263.88,71.5,95,0.0,3329.61
19263.88,71.67,95,0.0,3329.61
19263.88,71.5,95,1.2125,3329.61
19263.88,71.61,95,0.0,3329.61
19263.88,71.36,95,0.0,3329.61
19263.88,71.7,95,1.2125,3329.61
19263.88,71.82,95,1.2125,3329.61
19263.88,71.9,95,1.2125,3329.61
19263.88,72.53,95,0.0,3329.61
19263.88,72.62,83,0.0,3329.61
19263.88,72.6,83,1.2125,3329.61
19263.88,72.34,97,0.0,3329.61
19263.88,72.32,97,0.0,3329.61
19263.88,72.61,95,0.0,3329.61
19263.88,72.8,95,1.225,3329.61
19263.88,72.72,95,0.0,3329.61
19263.88,72.63,95,0.0,3329.61
19263.88,72.42,95,0.0,3329.61
19263.88,72.74,95,1.225,3329.61
19263.88,72.14,95,0.0,3329.61
19263.88,72.1,95,0.0,3329.61
19263.88,71.69,95,0.0,3329.61
19263.88,72.12,95,1.225,3329.61
19263.88,72.2,95,0.0,3329.61
19263.88,71.81,95,0.0,3329.61
19263.88,71.86,95,0.0,3329.61
19263.88,71.85,95,0.0,3329.61
19263.88,71.83,95,1.225,3329.61
19263.88,71.62,95,0.0,3329.61
19263.88,71.31,95,1.225,3329.61
19263.88,71.52,95,0.0,3329.61
19263.88,72.02,95,0.0,3329.61
19263.88,71.71,96,1.225,3329.61
19263.88,71.85,96,0.0,3329.61
19263.88,72.01,96,0.0,3329.61
19263.88,71.76,96,0.0,3329.61
19263.88,71.91,96,1.2125,3329.61
19263.88,71.88,96,0.0,3329.61
19263.88,72.11,96,0.0,3329.61
19263.88,71.74,96,1.2125,3329.61
19263.88,72.02,96,0.0,3329.61
19263.88,71.79,96,0.0,3329.61
19263.88,71.78,96,0.0,3329.61
19263.88,71.99,96,1.1875,3329.61
19263.88,71.99,94,0.0,3329.61
19263.88,72.25,94,0.0,3329.61
19263.88,71.89,95,1.225,3329.61
19263.88,71.7,95,0.0,3329.61
19263.88,71.67,95,0.0,3329.61
19263.88,71.67,95,1.2125,3329.61
19263.88,71.74,95,0.0,3329.61
19263.88,71.78,95,0.0,3329.61
19263.88,71.87,95,0.0,3329.61
19263.88,71.81,95,1.2125,3329.61
19263.88,71.94,95,0.0,3329.61
19263.88,71.57,95,1.2125,3329.61
19263.88,71.57,95,1.2125,3329.61
19263.88,71.51,95,0.0,3329.61
19263.88,69.78,95,1.2125,3329.61
19263.88,69.64,84,0.0,3329.61
19263.88,69.78,84,1.2125,3329.61
19263.88,69.78,84,0.0,3329.61
19263.88,69.28,100,0.0,3329.61
19263.88,69.63,100,1.2125,3329.61
19263.88,69.66,95,0.0,3329.61
19263.88,69.91,95,0.0,3329.61
19263.88,69.83,96,1.2125,3329.61
19263.88,69.94,95,0.0,3329.61
19263.88,69.9,95,0.0,3329.61
19263.88,72.03,95,0.0,3329.61
19263.88,72.3,94,1.225,3329.61
19263.88,72.12,95,0.0,3329.61
19263.88,71.82,95,0.0,3329.61
19263.88,72.39,95,1.2125,3329.61
19263.88,72.22,95,0.0,3329.61
19263.88,72.22,95,0.0,3329.61
19263.88,72.0,95,0.0,3329.61
19263.88,72.12,95,1.2125,3329.61
19263.88,72.46,95,0.0,3329.61
19263.88,72.09,94,0.0,3329.61
19263.88,71.82,94,0.0,3329.61
19263.88,71.83,95,1.225,3329.61
19263.88,72.13,94,0.0,3329.61
19263.88,72.33,94,0.0,3329.61
19263.88,72.31,94,1.2125,3329.61
19263.88,72.06,95,1.2125,3329.61
19263.88,72.0,95,0.0,3329.61
19263.88,72.17,95,0.0,3329.61
19263.88,72.01,95,1.2125,3329.61
19263.88,71.71,95,0.0,3329.61
19263.88,71.61,95,0.0,3329.61
19263.88,71.66,95,1.2125,3329.61
19263.88,71.97,95,0.0,3329.61
19263.88,71.99,96,0.0,3329.61
19263.88,71.89,96,1.175,3329.61
19263.88,71.81,94,0.0,3329.61
19263.88,71.83,95,0.0,3329.61
19263.88,72.19,95,1.2125,3329.61
19263.88,72.16,95,0.0,3329.61
19263.88,72.07,95,0.0,3329.61
19263.88,72.09,95,0.0,3329.61
19263.88,72.19,95,1.2125,3329.61
19263.88,72.34,95,0.0,3329.61
19263.88,72.22,95,0.0,3329.61
19263.88,72.15,95,1.2125,3329.61
19263.88,72.06,95,0.0,3329.61
19263.88,72.17,94,0.0,3329.61
19263.88,72.59,94,1.2125,3329.61
19263.88,72.4,93,0.0,3329.61
19263.88,72.45,93,2.4,3329.61
19263.88,72.19,92,0.0,3329.61
19263.88,72.87,84,0.0,3329.61
19263.88,73.25,84,0.0,3329.61
19263.88,73.18,100,1.225,3329.61
19263.88,73.23,100,0.0,3329.61
19263.88,72.7,94,0.0,3329.61
19263.88,72.82,94,1.225,3329.61
19263.88,72.9,94,0.0,3329.61
19263.88,72.59,94,0.0,3329.61
19263.88,72.42,94,1.2125,3329.61
19263.88,72.2,94,0.0,3329.61
19263.88,72.96,95,1.2125,3329.61
19263.88,72.14,95,0.0,3329.61
19263.88,72.06,95,0.0,3329.61
19263.88,71.6,95,1.2125,3329.61
19263.88,71.77,95,0.0,3329.61
19263.88,72.13,95,0.0,3329.61
19263.88,72.12,95,1.2125,3329.61
19263.88,71.78,95,0.0,3329.61
19263.88,72.01,95,0.0,3329.61
19263.88,71.93,95,1.2125,3329.61
19263.88,71.98,95,0.0,3329.61
19263.88,71.77,95,0.0,3329.61
19263.88,71.67,95,0.0,3329.61
19263.88,71.76,95,1.2125,3329.61
19263.88,71.94,95,0.0,3329.61
19263.88,71.58,95,0.0,3329.61
19263.88,71.55,93,0.0,3329.61
19263.88,71.12,93,1.2125,3329.61
19263.88,71.69,94,0.0,3329.61
19263.88,71.35,94,0.0,3329.61
19263.88,71.64,95,1.2125,3329.61
19263.88,71.2,95,0.0,3329.61
19263.88,71.41,95,1.2125,3329.61
19263.88,71.25,95,0.0,3329.61
19263.88,71.53,95,1.175,3329.61
19263.88,71.33,95,0.0,3329.61
19263.88,71.82,95,1.2125,3329.61
19263.88,71.62,95,0.0,3329.61
19263.88,72.26,94,0.0,3329.61
19263.88,72.3,94,1.2125,3329.61
19263.88,72.91,94,0.0,3329.61
19263.88,72.92,94,0.0,3329.61
19263.88,72.9,95,0.0,3329.61
19263.88,73.19,95,1.2125,3329.61
19263.88,72.68,94,0.0,3329.61
19263.88,72.84,94,0.0,3329.61
19263.88,72.89,95,1.2125,3329.61
19263.88,73.17,95,0.0,3329.61
19263.88,72.7,94,0.0,3329.61
19263.88,72.26,94,0.0,3329.61
19263.88,71.78,94,1.2125,3329.61
19263.88,71.42,94,0.0,3329.61
19263.88,68.22,95,2.425,3329.61
19263.88,68.0,95,0.0,3329.61
19263.88,68.7,81,0.0,3329.61
19263.88,68.5,81,1.2125,3329.61
19263.88,68.11,100,0.0,3329.61
19263.88,68.01,100,1.2125,3329.61
19263.88,68.31,93,1.2125,3329.61
19263.88,68.31,93,0.0,3329.61
19263.88,68.3,95,0.0,3329.61
19263.88,68.31,93,0.0,3329.61
19263.88,68.48,93,1.2125,3329.61
19263.88,72.25,94,0.0,3329.61
19263.88,72.4,94,0.0,3329.61
19263.88,71.84,95,1.2125,3329.61
19263.88,71.84,95,0.0,3329.61
19263.88,72.15,95,0.0,3329.61
19263.88,71.95,95,1.2125,3329.61
19263.88,71.91,95,0.0,3329.61
19263.88,71.84,95,0.0,3329.61
19263.88,71.84,95,1.2125,3329.61
19263.88,72.02,95,0.0,3329.61
19263.88,72.08,94,0.0,3329.61
19263.88,71.43,94,1.2125,3329.61
19263.88,71.14,95,0.0,3329.61
19263.88,71.57,95,0.0,3329.61
19263.88,71.79,93,0.0,3329.61
19263.88,71.95,95,1.2125,3329.61
19263.88,71.91,95,0.0,3329.61
19263.88,71.83,95,0.0,3329.61
19263.88,71.79,95,1.2125,3329.61
19263.88,71.72,95,1.2125,3329.61
19263.88,71.4,95,0.0,3329.61
19263.88,71.76,94,0.0,3329.61
19263.88,71.74,94,1.2375,3329.61
19263.88,72.28,95,0.0,3329.61
19263.88,72.23,95,0.0,3329.61
19263.88,72.17,95,0.0,3329.61
19263.88,72.11,95,1.2375,3329.61
19263.88,72.05,94,0.0,3329.61
19263.88,71.95,94,0.0,3329.61
19263.88,71.76,95,1.2375,3329.61
19263.88,71.63,95,0.0,3329.61
19263.88,71.36,93,0.0,3329.61
19263.88,71.23,93,1.25,3329.61
19263.88,71.17,94,0.0,3329.61
19263.88,71.67,94,0.0,3329.61
19263.88,71.44,95,0.0,3329.61
19263.88,71.94,95,1.25,3329.61
19263.88,71.87,93,0.0,3329.61
19263.88,71.67,93,0.0,3329.61
19263.88,71.7,93,0.0,3329.61
19263.88,71.78,95,0.0,3329.61
19263.88,71.87,95,2.4875,3329.61
19263.88,73.69,95,0.0,3329.61
19263.88,73.72,95,1.25,3329.61
19263.88,74.08,82,0.0,3329.61
19263.88,73.37,82,0.0,3329.61
19263.88,73.24,98,0.0,3329.61
19263.88,73.01,98,1.25,3329.61
19263.88,72.78,95,0.0,3329.61
19263.88,73.41,95,0.0,3329.61
19263.88,73.41,95,1.25,3329.61
19263.88,73.11,95,0.0,3329.61
19263.88,73.23,95,0.0,3329.61
19263.88,73.52,94,1.25,3329.61
19263.88,72.07,94,1.25,3329.61
19263.88,70.97,94,0.0,3329.61
19263.88,71.65,94,0.0,3329.61
19263.88,71.74,94,1.25,3329.61
19263.88,71.79,94,0.0,3329.61
19263.88,71.93,95,0.0,3329.61
19263.88,71.66,95,1.25,3329.61
19263.88,71.6,96,0.0,3329.61
19263.88,71.97,96,0.0,3329.61
19263.88,71.85,96,0.0,3329.61
19263.88,71.76,96,1.2375,3329.61
19263.88,71.83,97,0.0,3329.61
19263.88,72.37,97,0.0,3329.61
19263.88,72.44,96,0.0,3329.61
19263.88,72.36,96,1.2125,3329.61
19263.88,72.23,95,0.0,3329.61
19263.88,72.22,95,0.0,3329.61
19263.88,72.01,96,1.2125,3329.61
19263.88,72.35,96,0.0,3329.61
19263.88,71.74,95,0.0,3329.61
19263.88,71.62,95,1.2125,3329.61
19263.88,71.76,95,0.0,3329.61
19263.88,71.82,95,0.0,3329.61
19263.88,72.2,96,0.0,3329.61
19263.88,71.84,96,1.2125,3329.61
19263.88,72.07,96,0.0,3329.61
19263.88,71.8,96,0.0,3329.61
19263.88,71.76,96,1.2125,3329.61
19263.88,71.84,96,0.0,3329.61
19263.88,71.82,95,0.0,3329.61
19263.88,72.31,95,1.2125,3329.61
19263.88,72.1,96,0.0,3329.61
19263.88,72.34,96,0.0,3329.61
19263.88,72.22,96,0.0,3329.61
19263.88,72.08,96,1.2125,3329.61
19263.88,72.16,96,0.0,3329.61
19263.88,72.0,95,0.0,3329.61
19263.88,72.15,95,1.2375,3329.61
19263.88,72.47,95,1.2375,3329.61
19263.88,72.69,95,1.25,3329.61
19263.88,71.63,86,0.0,3329.61
19263.88,71.43,86,0.0,3329.61
19263.88,71.54,100,1.2375,3329.61
19263.88,71.47,100,0.0,3329.61
19263.88,71.14,95,0.0,3329.61
19263.88,71.23,95,1.2375,3329.61
19263.88,71.57,94,0.0,3329.61
19263.88,71.46,94,0.0,3329.61
19263.88,70.93,94,0.0,3329.61
19263.88,70.96,94,1.2375,3329.61
19263.88,72.56,93,0.0,3329.61
19263.88,72.8,93,0.0,3329.61
19263.88,72.33,95,1.2375,3329.61
19263.88,72.18,95,0.0,3329.61
19263.88,72.42,95,0.0,3329.61
19263.88,72.59,95,1.2375,3329.61
19263.88,72.54,95,0.0,3329.61
19263.88,72.28,95,0.0,3329.61
19263.88,72.18,95,0.0,3329.61
19263.88,72.46,95,1.2375,3329.61
19263.88,72.19,95,0.0,3329.61
19263.88,71.53,92,0.0,3329.61
19263.88,71.18,92,1.2375,3329.61
19263.88,71.84,95,0.0,3329.61
19263.88,72.27,95,0.0,3329.61
19263.88,72.36,95,0.0,3329.61
19263.88,72.36,95,1.25,3329.61
19263.88,72.33,95,0.0,3329.61
19263.88,72.28,95,0.0,3329.61
19263.88,72.24,95,0.0,3329.61
19263.88,72.35,95,1.25,3329.61
19263.88,72.29,94,0.0,3329.61
19263.88,72.21,94,0.0,3329.61
19263.88,72.11,95,1.2375,3329.61
19263.88,72.07,94,0.0,3329.61
19263.88,72.41,94,0.0,3329.61
19263.88,72.39,95,1.2375,3329.61
19263.88,72.28,95,0.0,3329.61
19263.88,72.14,95,0.0,3329.61
19263.88,72.18,95,1.2375,3329.61
19263.88,72.17,95,0.0,3329.61
19263.88,72.05,95,0.0,3329.61
19263.88,71.95,95,0.0,3329.61
19263.88,72.14,95,1.2125,3329.61
19263.88,72.63,95,0.0,3329.61
19263.88,72.06,95,0.0,3329.61
19263.88,72.05,95,1.2125,3329.61
19263.88,72.07,95,1.2125,3329.61
19263.88,71.98,95,0.0,3329.61
19263.88,71.96,95,1.2125,3329.61
19263.88,71.94,94,0.0,3329.61
19263.88,71.88,94,1.1875,3329.61
19263.88,71.8,95,1.1875,3329.61
19263.88,72.66,95,0.0,3329.61
19263.88,72.42,84,0.0,3329.61
19263.88,72.21,84,1.2125,3329.61
19263.88,71.65,98,0.0,3329.61
19263.88,71.77,98,0.0,3329.61
19263.88,72.27,94,0.0,3329.61
19263.88,71.96,94,1.225,3329.61
19263.88,72.41,95,0.0,3329.61
19263.88,72.26,95,0.0,3329.61
19263.88,72.57,95,0.0,3329.61
19263.88,72.75,95,1.225,3329.61
19263.88,72.33,94,0.0,3329.61
19263.88,72.35,94,0.0,3329.61
19263.88,72.17,94,0.0,3329.61
19263.88,72.98,95,0.0,3329.61
19263.88,72.49,95,1.25,3329.61
19263.88,72.49,94,0.0,3329.61
19263.88,72.61,94,0.0,3329.61
19263.88,72.47,95,0.0,3329.61
19263.88,72.5,95,1.2375,3329.61
19263.88,72.14,95,0.0,3329.61
19263.88,72.06,95,0.0,3329.61
19263.88,72.28,95,2.4875,3329.61
19263.88,72.17,95,0.0,3329.61
19263.88,72.19,95,0.0,3329.61
19263.88,72.18,95,0.0,3329.61
19263.88,72.03,95,1.25,3329.61
19263.88,72.02,95,0.0,3329.61
19263.88,72.01,95,0.0,3329.61
19263.88,71.88,95,0.0,3329.61
19263.88,71.86,94,1.25,3329.61
19263.88,72.18,94,0.0,3329.61
19263.88,71.93,94,0.0,3329.61
19263.88,72.06,94,1.2375,3329.61
19263.88,72.14,95,0.0,3329.61
19263.88,72.18,95,0.0,3329.61
19263.88,72.19,95,0.0,3329.61
19263.88,72.13,95,1.25,3329.61
19263.88,71.98,95,0.0,3329.61
19263.88,71.91,95,0.0,3329.61
19263.88,72.14,95,0.0,3329.61
19263.88,71.74,95,1.25,3329.61
19263.88,71.77,95,0.0,3329.61
19263.88,71.79,95,0.0,3329.61
19263.88,71.82,95,1.25,3329.61
19263.88,71.85,95,0.0,3329.61
19263.88,71.87,95,0.0,3329.61
19263.88,71.9,95,1.25,3329.61
19263.88,71.79,94,0.0,3329.61
19263.88,72.0,94,0.0,3329.61
19263.88,71.71,95,1.25,3329.61
19263.88,71.77,95,1.25,3329.61
19263.88,72.73,85,0.0,3329.61
19263.88,72.6,85,1.25,3329.61
19263.88,72.95,100,0.0,3329.61
19263.88,71.84,100,0.0,3329.61
19263.88,72.18,95,0.0,3329.61
19263.88,72.2,95,1.25,3329.61
19263.88,72.25,94,0.0,3329.61
19263.88,72.56,94,0.0,3329.61
19263.88,72.27,95,1.2125,3329.61
19263.88,72.66,95,0.0,3329.61
19263.88,72.5,94,0.0,3329.61
19263.88,72.03,94,1.2125,3329.61
19263.88,71.7,95,0.0,3329.61
19263.88,71.45,95,0.0,3329.61
19263.88,72.08,95,1.2125,3329.61
19263.88,71.88,95,0.0,3329.61
19263.88,71.89,95,0.0,3329.61
19263.88,71.7,95,1.2125,3329.61
19263.88,71.64,95,0.0,3329.61
19263.88,71.67,95,0.0,3329.61
19263.88,71.73,95,0.0,3329.61
19263.88,71.63,95,1.2125,3329.61
19263.88,71.41,95,0.0,3329.61
19263.88,71.44,95,0.0,3329.61
19263.88,71.46,94,1.2125,3329.61
19263.88,71.61,94,0.0,3329.61
19263.88,71.72,94,0.0,3329.61
19263.88,71.69,94,0.0,3329.61
19263.88,71.68,95,1.2125,3329.61
19263.88,71.72,95,1.2125,3329.61
19263.88,71.89,95,0.0,3329.61
19263.88,71.79,95,1.2125,3329.61
19263.88,71.74,95,0.0,3329.61
19263.88,71.67,95,0.0,3329.61
19263.88,71.79,95,1.2,3329.61
19263.88,71.86,95,0.0,3329.61
19263.88,72.03,95,0.0,3329.61
19263.88,72.39,93,0.0,3329.61
19263.88,72.61,93,1.2125,3329.61
19263.88,72.71,95,0.0,3329.61
19263.88,72.56,95,0.0,3329.61
19263.88,72.27,95,0.0,3329.61
19263.88,72.26,95,1.2125,3329.61
19263.88,72.17,95,0.0,3329.61
19263.88,72.24,95,0.0,3329.61
19263.88,72.25,95,2.425,3329.61
19263.88,72.11,95,0.0,3329.61
19263.88,71.83,94,0.0,3329.61
19263.88,71.73,94,1.2125,3329.61
19263.88,71.66,95,0.0,3329.61
19263.88,71.63,95,0.0,3329.61
19263.88,71.68,95,2.425,3329.61
19263.88,73.79,95,0.0,3329.61
19263.88,73.79,85,0.0,3329.61
19263.88,72.89,85,0.0,3329.61
19263.88,72.8,98,1.2125,3329.61
19263.88,73.27,98,0.0,3329.61
19263.88,73.27,94,0.0,3329.61
19263.88,73.31,94,1.2125,3329.61
19263.88,73.48,95,0.0,3329.61
19263.88,73.25,95,0.0,3329.61
19263.88,73.77,94,1.2125,3329.61
19263.88,71.81,94,0.0,3329.61
19263.88,71.8,94,0.0,3329.61
19263.88,71.57,94,1.2125,3329.61
19263.88,72.41,95,1.2125,3329.61
19263.88,72.4,95,0.0,3329.61
19263.88,72.14,95,0.0,3329.61
19263.88,71.85,93,1.2125,3329.61
19263.88,72.13,93,0.0,3329.61
19263.88,71.93,95,0.0,3329.61
19263.88,71.88,95,0.0,3329.61
19263.88,71.88,95,1.2125,3329.61
19263.88,71.65,95,0.0,3329.61
19263.88,71.66,95,0.0,3329.61
19263.88,71.78,95,0.0,3329.61
19263.88,71.99,94,0.0,3329.61
19263.88,72.0,94,1.25,3329.61
19263.88,72.07,95,0.0,3329.61
19263.88,72.02,95,0.0,3329.61
19263.88,72.07,94,0.0,3329.61
19263.88,72.14,94,1.25,3329.61
19263.88,72.2,95,0.0,3329.61
19263.88,72.02,95,0.0,3329.61
19263.88,72.09,95,1.25,3329.61
19263.88,72.14,95,0.0,3329.61
19263.88,72.34,92,1.2375,3329.61
19263.88,72.36,92,0.0,3329.61
19263.88,72.37,94,1.2375,3329.61
19263.88,72.29,94,0.0,3329.61
19263.88,72.29,95,0.0,3329.61
19263.88,72.17,95,1.25,3329.61
19263.88,71.83,95,0.0,3329.61
19263.88,71.79,95,0.0,3329.61
19263.88,71.98,94,0.0,3329.61
19263.88,71.84,94,1.2375,3329.61
19263.88,72.02,94,0.0,3329.61
19263.88,72.05,94,0.0,3329.61
19263.88,72.19,94,1.2375,3329.61
19263.88,72.1,94,0.0,3329.61
19263.88,72.14,94,0.0,3329.61
19263.88,72.11,94,0.0,3329.61
19263.88,72.04,95,1.2375,3329.61
19263.88,71.89,95,2.4875,3329.61
19263.88,70.25,95,0.0,3329.61
19263.88,69.9,80,0.0,3329.61
19263.88,70.08,100,0.0,3329.61
19263.88,70.08,100,1.25,3329.61
19263.88,69.57,97,0.0,3329.61
19263.88,69.59,97,0.0,3329.61
19263.88,69.91,93,0.0,3329.61
19263.88,70.04,93,1.25,3329.61
19263.88,70.24,95,0.0,3329.61
19263.88,70.01,95,0.0,3329.61
19263.88,70.53,95,1.2375,3329.61
19263.88,72.29,95,0.0,3329.61
19263.88,72.43,95,1.2375,3329.61
19263.88,72.2,95,0.0,3329.61
19263.88,71.9,95,1.2375,3329.61
19263.88,72.29,94,0.0,3329.61
19263.88,72.21,94,0.0,3329.61
19263.88,72.12,94,1.225,3329.61
19263.88,71.92,95,0.0,3329.61
19263.88,71.8,94,0.0,3329.61
19263.88,72.33,94,1.2125,3329.61
19263.88,72.32,94,0.0,3329.61
19263.88,72.02,94,0.0,3329.61
19263.88,72.02,95,0.0,3329.61
19263.88,71.95,95,1.225,3329.61
19263.88,72.14,95,0.0,3329.61
19263.88,72.23,95,0.0,3329.61
19263.88,72.25,95,0.0,3329.61
19263.88,72.11,95,1.225,3329.61
19263.88,72.06,95,0.0,3329.61
19263.88,71.71,95,0.0,3329.61
19263.88,71.58,95,0.0,3329.61
19263.88,71.49,95,1.225,3329.61
19263.88,71.54,95,0.0,3329.61
19263.88,71.79,95,0.0,3329.61
19263.88,71.83,95,0.0,3329.61
19263.88,71.86,95,0.0,3329.61
19263.88,71.73,95,1.225,3329.61
19263.88,71.97,95,0.0,3329.61
19263.88,71.72,95,0.0,3329.61
19263.88,71.83,95,0.0,3329.61
19263.88,71.85,95,1.225,3329.61
19263.88,71.67,95,0.0,3329.61
19263.88,71.92,95,0.0,3329.61
19263.88,71.94,95,0.0,3329.61
19263.88,71.97,95,1.225,3329.61
19263.88,72.12,95,0.0,3329.61
19263.88,72.3,95,0.0,3329.61
19263.88,72.02,95,0.0,3329.61
19263.88,72.03,95,1.225,3329.61
19263.88,72.15,95,1.225,3329.61
19263.88,71.97,95,0.0,3329.61
19263.88,69.79,95,2.25,3329.61
19263.88,69.62,84,0.0,3329.61
19263.88,69.71,84,0.0,3329.61
19263.88,69.69,100,0.0,3329.61
19263.88,69.24,100,1.25,3329.61
19263.88,69.21,94,0.0,3329.61
19263.88,69.16,94,0.0,3329.61
19263.88,69.61,95,0.0,3329.61
19263.88,69.55,95,1.225,3329.61
19263.88,69.58,95,0.0,3329.61
19263.88,69.69,95,0.0,3329.61
19263.88,71.85,95,0.0,3329.61
19263.88,72.16,95,0.0,3329.61
19263.88,71.66,95,1.225,3329.61
19263.88,71.47,95,0.0,3329.61
19263.88,72.02,95,0.0,3329.61
19263.88,71.96,95,0.0,3329.61
19263.88,71.95,96,1.225,3329.61
19263.88,72.03,96,0.0,3329.61
19263.88,72.02,96,0.0,3329.61
19263.88,71.83,96,0.0,3329.61
19263.88,71.77,95,1.225,3329.61
19263.88,71.77,95,0.0,3329.61
19263.88,71.62,95,0.0,3329.61
19263.88,71.89,96,1.2125,3329.61
19263.88,72.02,96,0.0,3329.61
19263.88,72.33,95,0.0,3329.61
19263.88,71.96,95,0.0,3329.61
19263.88,72.03,95,0.0,3329.61
19263.88,71.53,95,1.25,3329.61
19263.88,71.61,95,0.0,3329.61
19263.88,71.69,95,0.0,3329.61
19263.88,71.65,95,0.0,3329.61
19263.88,71.66,95,1.25,3329.61
19263.88,71.58,95,0.0,3329.61
19263.88,71.75,95,0.0,3329.61
19263.88,71.54,96,1.25,3329.61
19263.88,71.46,96,0.0,3329.61
19263.88,71.43,95,0.0,3329.61
19263.88,71.48,95,0.0,3329.61
19263.88,71.5,95,1.25,3329.61
19263.88,71.59,95,0.0,3329.61
19263.88,71.52,95,0.0,3329.61
19263.88,71.77,95,1.25,3329.61
19263.88,71.66,97,0.0,3329.61
19263.88,71.84,97,0.0,3329.61
19263.88,72.0,97,1.25,3329.61
19263.88,71.92,97,0.0,3329.61
19263.88,72.27,97,0.0,3329.61
19263.88,72.05,97,1.2375,3329.61
19263.88,72.22,97,0.0,3329.61
19263.88,72.0,97,0.0,3329.61
19263.88,71.45,84,1.2375,3329.61
19263.88,71.31,84,0.0,3329.61
19263.88,71.18,100,0.0,3329.61
19263.88,71.45,100,1.25,3329.61
19263.88,70.82,97,0.0,3329.61
19263.88,71.14,97,0.0,3329.61
19263.88,71.24,96,0.0,3329.61
19263.88,71.12,96,1.25,3329.61
19263.88,71.5,96,0.0,3329.61
19263.88,71.17,96,0.0,3329.61
19263.88,71.65,94,1.25,3329.61
19263.88,72.26,94,0.0,3329.61
19263.88,72.37,95,0.0,3329.61
19263.88,72.14,95,1.25,3329.61
19263.88,71.89,95,1.25,3329.61
19263.88,71.96,95,0.0,3329.61
19263.88,71.86,94,0.0,3329.61
19263.88,71.87,94,1.25,3329.61
19263.88,71.79,94,0.0,3329.61
19263.88,71.75,94,0.0,3329.61
19263.88,71.81,94,0.0,3329.61
19263.88,71.8,94,1.2375,3329.61
19263.88,71.62,95,0.0,3329.61
19263.88,71.58,95,0.0,3329.61
19263.88,71.65,95,0.0,3329.61
19263.88,71.78,95,0.0,3329.61
19263.88,72.05,95,1.2125,3329.61
19263.88,72.15,95,0.0,3329.61
19263.88,72.14,95,0.0,3329.61
19263.88,72.22,95,1.175,3329.61
19263.88,72.16,94,0.0,3329.61
19263.88,72.23,94,0.0,3329.61
19263.88,71.97,95,1.2125,3329.61
19263.88,72.03,95,0.0,3329.61
19263.88,72.03,96,0.0,3329.61
19263.88,72.04,96,0.0,3329.61
19263.88,72.17,95,0.0,3329.61
19263.88,72.58,95,1.25,3329.61
19263.88,72.13,95,0.0,3329.61
19263.88,72.25,95,0.0,3329.61
19263.88,72.12,95,1.25,3329.61
19263.88,72.07,95,0.0,3329.61
19263.88,72.05,95,0.0,3329.61
19263.88,71.99,96,0.0,3329.61
19263.88,71.88,96,1.25,3329.61
19263.88,71.92,95,0.0,3329.61
19263.88,71.83,95,0.0,3329.61
19263.88,71.89,95,1.25,3329.61
19263.88,72.04,96,0.0,3329.61
19263.88,72.08,96,0.0,3329.61
19263.88,72.07,95,0.0,3329.61
19263.88,71.97,95,1.25,3329.61
19263.88,69.31,96,2.4875,3329.61
19263.88,69.11,96,0.0,3329.61
19263.88,69.11,82,1.2375,3329.61
19263.88,69.18,82,0.0,3329.61
19263.88,69.04,100,0.0,3329.61
19263.88,68.91,100,0.0,3329.61
19263.88,69.54,95,0.0,3329.61
19263.88,69.25,95,1.25,3329.61
19263.88,69.59,94,0.0,3329.61
19263.88,69.2,94,0.0,3329.61
19263.88,69.37,95,1.25,3329.61
19263.88,69.29,95,0.0,3329.61
19263.88,72.1,95,0.0,3329.61
19263.88,72.16,95,0.0,3329.61
19263.88,72.26,94,0.0,3329.61
19263.88,72.45,94,1.25,3329.61
19263.88,72.33,94,0.0,3329.61
19263.88,72.3,94,0.0,3329.61
19263.88,72.27,95,1.25,3329.61
19263.88,72.28,95,0.0,3329.61
19263.88,72.32,96,0.0,3329.61
19263.88,72.48,96,0.0,3329.61
19263.88,72.31,95,0.0,3329.61
19263.88,72.31,95,0.0,3329.61
19263.88,72.44,95,1.25,3329.61
19263.88,71.8,95,0.0,3329.61
19263.88,71.91,95,1.25,3329.61
19263.88,72.03,95,0.0,3329.61
19263.88,71.96,96,0.0,3329.61
19263.88,72.01,96,1.25,3329.61
19263.88,71.9,95,0.0,3329.61
19263.88,72.07,95,0.0,3329.61
19263.88,71.57,95,0.0,3329.61
19263.88,71.71,95,0.0,3329.61
19263.88,71.38,96,1.225,3329.61
19263.88,71.3,96,0.0,3329.61
19263.88,71.94,94,0.0,3329.61
19263.88,72.0,94,0.0,3329.61
19263.88,72.14,95,0.0,3329.61
19263.88,72.03,95,1.2125,3329.61
19263.88,71.7,95,0.0,3329.61
19263.88,71.65,95,0.0,3329.61
19263.88,71.7,95,0.0,3329.61
19263.88,71.6,96,1.225,3329.61
19263.88,71.71,96,0.0,3329.61
19263.88,71.94,96,0.0,3329.61
19263.88,71.98,96,0.0,3329.61
19263.88,71.93,95,1.225,3329.61
19263.88,72.19,95,0.0,3329.61
19263.88,71.85,95,0.0,3329.61
19263.88,71.99,95,0.0,3329.61
19263.88,71.92,95,1.225,3329.61
19263.88,71.84,95,0.0,3329.61
19263.88,69.71,88,2.4375,3329.61
19263.88,69.88,88,0.0,3329.61
19263.88,70.03,93,0.0,3329.61
19263.88,69.92,93,1.225,3329.61
19263.88,69.43,97,0.0,3329.61
19263.88,69.31,97,0.0,3329.61
19263.88,69.22,96,0.0,3329.61
19263.88,69.44,96,0.0,3329.61
19263.88,69.74,95,1.2125,3329.61
19263.88,69.9,95,0.0,3329.61
19263.88,69.82,96,0.0,3329.61
19263.88,72.38,96,1.2125,3329.61
19263.88,72.25,96,0.0,3329.61
19263.88,72.15,96,0.0,3329.61
19263.88,71.73,96,0.0,3329.61
19263.88,72.25,96,1.2125,3329.61
19263.88,72.55,96,0.0,3329.61
19263.88,72.19,96,0.0,3329.61
19263.88,72.42,94,1.2125,3329.61
19263.88,71.82,94,0.0,3329.61
19263.88,72.04,95,0.0,3329.61
19263.88,71.97,95,0.0,3329.61
19263.88,71.83,95,1.2125,3329.61
19263.88,71.62,95,1.2125,3329.61
19263.88,71.57,95,0.0,3329.61
19263.88,71.5,95,1.2125,3329.61
19263.88,71.59,94,0.0,3329.61
19263.88,71.39,94,0.0,3329.61
19263.88,71.57,94,1.2125,3329.61
19263.88,71.61,94,0.0,3329.61
19263.88,71.65,95,0.0,3329.61
19263.88,71.65,95,1.2125,3329.61
19263.88,71.54,95,0.0,3329.61
19263.88,71.42,95,0.0,3329.61
19263.88,71.38,95,1.2125,3329.61
19263.88,71.58,95,0.0,3329.61
19263.88,71.8,95,0.0,3329.61
19263.88,71.68,95,0.0,3329.61
19263.88,71.75,95,1.2125,3329.61
19263.88,71.65,95,0.0,3329.61
19263.88,71.56,95,0.0,3329.61
19263.88,71.48,95,1.2125,3329.61
19263.88,71.51,95,0.0,3329.61
19263.88,71.6,95,0.0,3329.61
19263.88,71.6,95,1.2125,3329.61
19263.88,71.71,95,0.0,3329.61
19263.88,71.77,95,0.0,3329.61
19263.88,71.8,94,1.2125,3329.61
19263.88,72.14,94,0.0,3329.61
19263.88,72.2,93,0.0,3329.61
19263.88,72.21,93,1.225,3329.61
19263.88,72.15,95,1.225,3329.61
19263.88,73.21,84,0.0,3329.61
19263.88,73.16,84,0.0,3329.61
19263.88,73.25,100,0.0,3329.61
19263.88,72.81,100,1.225,3329.61
19263.88,72.8,95,0.0,3329.61
19263.88,73.0,95,1.225,3329.61
19263.88,72.97,95,0.0,3329.61
19263.88,72.97,95,0.0,3329.61
19263.88,72.57,95,1.225,3329.61
19263.88,72.85,95,0.0,3329.61
19263.88,72.85,95,0.0,3329.61
19263.88,71.92,95,0.0,3329.61
19263.88,71.94,95,1.225,3329.61
19263.88,71.53,95,0.0,3329.61
19263.88,72.1,95,0.0,3329.61
19263.88,71.76,95,0.0,3329.61
19263.88,71.74,95,1.2125,3329.61
19263.88,71.66,94,0.0,3329.61
19263.88,71.58,95,0.0,3329.61
19263.88,71.58,95,1.2125,3329.61
19263.88,71.51,95,0.0,3329.61
19263.88,71.13,95,0.0,3329.61
19263.88,71.01,94,0.0,3329.61
19263.88,70.77,94,1.225,3329.61
19263.88,71.35,94,0.0,3329.61
19263.88,71.52,94,0.0,3329.61
19263.88,71.89,95,0.0,3329.61
19263.88,71.79,95,0.0,3329.61
19263.88,71.78,95,1.225,3329.61
19263.88,71.75,95,1.225,3329.61
19263.88,71.69,95,0.0,3329.61
19263.88,71.65,95,0.0,3329.61
19263.88,71.67,94,0.0,3329.61
19263.88,71.7,94,1.225,3329.61
19263.88,71.78,95,0.0,3329.61
19263.88,72.13,95,0.0,3329.61
19263.88,72.17,95,0.0,3329.61
19263.88,72.28,95,1.225,3329.61
19263.88,72.31,95,0.0,3329.61
19263.88,72.32,95,0.0,3329.61
19263.88,72.25,96,0.0,3329.61
19263.88,72.11,96,0.0,3329.61
19263.88,71.94,95,1.225,3329.61
19263.88,71.89,95,0.0,3329.61
19263.88,72.17,95,0.0,3329.61
19263.88,72.52,95,0.0,3329.61
19263.88,72.09,96,0.0,3329.61
19263.88,71.99,96,1.225,3329.61
19263.88,72.03,96,0.0,3329.61
19263.88,71.96,96,0.0,3329.61
19263.88,71.9,96,0.0,3329.61
19263.88,71.8,94,3.65,3329.61
19263.88,71.75,94,0.0,3329.61
19263.88,73.54,81,0.0,3329.61
19263.88,73.72,81,1.225,3329.61
19263.88,73.71,100,0.0,3329.61
19263.88,73.81,100,0.0,3329.61
19263.88,72.76,98,0.0,3329.61
19263.88,72.55,98,0.0,3329.61
19263.88,72.73,95,1.2,3329.61
19263.88,72.81,95,0.0,3329.61
19263.88,72.74,95,0.0,3329.61
19263.88,72.9,95,1.225,3329.61
19263.88,71.41,95,0.0,3329.61
19263.88,71.5,95,0.0,3329.61
19263.88,71.77,93,1.2125,3329.61
19263.88,71.39,93,0.0,3329.61
19263.88,71.17,95,0.0,3329.61
19263.88,71.83,95,0.0,3329.61
19263.88,72.17,95,0.0,3329.61
19263.88,71.7,95,1.25,3329.61
19263.88,71.82,94,0.0,3329.61
19263.88,71.78,94,0.0,3329.61
19263.88,72.0,95,0.0,3329.61
19263.88,71.73,95,1.2375,3329.61
19263.88,71.94,95,0.0,3329.61
19263.88,71.5,95,0.0,3329.61
19263.88,71.63,94,0.0,3329.61
19263.88,71.55,94,1.2375,3329.61
19263.88,71.89,95,0.0,3329.61
19263.88,71.25,95,0.0,3329.61
19263.88,71.56,94,0.0,3329.61
19263.88,71.35,94,1.25,3329.61
19263.88,71.58,95,0.0,3329.61
19263.88,71.32,95,1.25,3329.61
19263.88,71.55,95,1.25,3329.61
19263.88,71.21,95,0.0,3329.61
19263.88,71.33,95,0.0,3329.61
19263.88,71.34,95,0.0,3329.61
19263.88,71.56,96,1.25,3329.61
19263.88,71.28,96,0.0,3329.61
19263.88,71.84,95,0.0,3329.61
19263.88,71.56,95,1.25,3329.61
19263.88,71.8,95,0.0,3329.61
19263.88,71.59,95,0.0,3329.61
19263.88,71.79,95,0.0,3329.61
19263.88,71.56,95,1.25,3329.61
19263.88,71.71,95,0.0,3329.61
19263.88,71.46,95,0.0,3329.61
19263.88,71.59,95,1.2375,3329.61
19263.88,71.44,95,0.0,3329.61
19263.88,71.58,95,0.0,3329.61
19263.88,71.25,95,0.0,3329.61
19263.88,71.47,94,1.2375,3329.61
19263.88,71.27,94,0.0,3329.61
19263.88,71.49,94,0.0,3329.61
19263.88,71.34,94,0.0,3329.61
19263.88,71.46,96,2.4875,3329.61
19263.88,73.27,96,0.0,3329.61
19263.88,73.6,81,0.0,3329.61
19263.88,73.61,81,1.25,3329.61
19263.88,72.68,99,0.0,3329.61
19263.88,72.77,99,0.0,3329.61
19263.88,73.29,94,0.0,3329.61
19263.88,73.29,94,1.25,3329.61
19263.88,73.41,94,0.0,3329.61
19263.88,73.41,94,0.0,3329.61
19263.88,73.41,95,0.0,3329.61
19263.88,71.87,95,0.0,3329.61
19263.88,71.52,95,1.225,3329.61
19263.88,71.3,95,0.0,3329.61
19263.88,71.96,95,0.0,3329.61
19263.88,71.81,95,1.225,3329.61
19263.88,71.57,95,0.0,3329.61
19263.88,71.82,94,0.0,3329.61
19263.88,71.72,94,0.0,3329.61
19263.88,71.45,95,1.225,3329.61
19263.88,71.68,95,1.225,3329.61
19263.88,71.83,95,0.0,3329.61
19263.88,71.56,95,0.0,3329.61
19263.88,71.57,95,1.225,3329.61
19263.88,71.57,95,0.0,3329.61
19263.88,71.67,95,0.0,3329.61
19263.88,71.78,96,0.0,3329.61
19263.88,72.07,96,0.0,3329.61
19263.88,71.91,96,1.225,3329.61
19263.88,71.86,96,0.0,3329.61
19263.88,72.16,96,0.0,3329.61
19263.88,71.96,96,0.0,3329.61
19263.88,71.95,96,0.0,3329.61
19263.88,71.61,96,0.0,3329.61
19263.88,71.86,96,1.2125,3329.61
19263.88,71.75,96,0.0,3329.61
19263.88,72.09,96,0.0,3329.61
19263.88,71.96,96,0.0,3329.61
19263.88,71.75,96,0.0,3329.61
19263.88,72.03,97,1.225,3329.61
19263.88,71.75,97,0.0,3329.61
19263.88,71.78,97,0.0,3329.61
19263.88,71.56,96,0.0,3329.61
19263.88,71.42,96,1.2125,3329.61
19263.88,71.52,96,0.0,3329.61
19263.88,71.5,96,0.0,3329.61
19263.88,71.73,96,1.2125,3329.61
19263.88,71.48,96,0.0,3329.61
19263.88,71.64,96,0.0,3329.61
19263.88,71.46,96,0.0,3329.61
19263.88,71.51,96,1.225,3329.61
19263.88,71.45,96,0.0,3329.61
19263.88,71.37,96,1.225,3329.61
19263.88,73.73,83,0.0,3329.61
19263.88,73.67,100,1.225,3329.61
19263.88,72.74,100,0.0,3329.61
19263.88,72.68,100,0.0,3329.61
19263.88,72.9,97,0.0,3329.61
19263.88,72.99,97,1.225,3329.61
19263.88,73.35,95,1.225,3329.61
19263.88,73.08,95,0.0,3329.61
19263.88,73.47,94,1.2,3329.61
19263.88,73.58,95,0.0,3329.61
19263.88,71.65,95,0.0,3329.61
19263.88,71.48,95,0.0,3329.61
19263.88,71.4,95,1.2125,3329.61
19263.88,72.2,95,0.0,3329.61
19263.88,72.21,95,0.0,3329.61
19263.88,72.08,95,1.225,3329.61
19263.88,72.36,95,0.0,3329.61
19263.88,72.35,95,0.0,3329.61
19263.88,72.31,95,0.0,3329.61
19263.88,72.39,95,0.0,3329.61
19263.88,72.06,95,1.225,3329.61
19263.88,71.82,95,0.0,3329.61
19263.88,71.82,95,0.0,3329.61
19263.88,71.97,94,0.0,3329.61
19263.88,72.06,94,2.425,3329.61
19263.88,72.22,95,0.0,3329.61
19263.88,72.23,95,0.0,3329.61
19263.88,72.01,94,0.0,3329.61
19263.88,72.05,94,0.0,3329.61
19263.88,72.09,95,1.1875,3329.61
19263.88,71.89,95,0.0,3329.61
19263.88,71.87,95,0.0,3329.61
19263.88,71.9,95,1.2125,3329.61
19263.88,71.89,95,0.0,3329.61
19263.88,71.87,95,0.0,3329.61
19263.88,71.94,95,0.0,3329.61
19263.88,72.0,95,1.225,3329.61
19263.88,72.38,95,0.0,3329.61
19263.88,72.12,95,0.0,3329.61
19263.88,72.05,95,0.0,3329.61
19263.88,71.91,95,0.0,3329.61
19263.88,71.8,95,0.0,3329.61
19263.88,71.86,95,1.225,3329.61
19263.88,71.81,94,1.2,3329.61
19263.88,71.98,94,0.0,3329.61
19263.88,72.04,94,1.225,3329.61
19263.88,72.03,94,0.0,3329.61
19263.88,71.99,95,0.0,3329.61
19263.88,71.95,95,0.0,3329.61
19263.88,71.85,95,0.0,3329.61
19263.88,71.68,96,1.225,3329.61
19263.88,71.72,96,1.225,3329.61
19263.88,68.19,78,0.0,3329.61
19263.88,68.61,78,1.2125,3329.61
19263.88,68.76,100,0.0,3329.61
19263.88,68.72,100,0.0,3329.61
19263.88,68.88,100,1.2125,3329.61
19263.88,67.91,100,0.0,3329.61
19263.88,67.42,96,0.0,3329.61
19263.88,67.78,96,1.2125,3329.61
19263.88,67.36,95,0.0,3329.61
19263.88,67.82,95,0.0,3329.61
19263.88,71.2,95,0.0,3329.61
19263.88,71.22,95,1.2125,3329.61
19263.88,71.06,95,0.0,3329.61
19263.88,71.15,95,0.0,3329.61
19263.88,70.85,95,1.2125,3329.61
19263.88,70.72,95,0.0,3329.61
19263.88,71.26,94,0.0,3329.61
19263.88,71.58,94,1.2125,3329.61
19263.88,71.11,95,0.0,3329.61
19263.88,71.75,95,0.0,3329.61
19263.88,71.5,95,1.2125,3329.61
19263.88,71.78,95,0.0,3329.61
19263.88,71.5,95,0.0,3329.61
19263.88,71.72,95,0.0,3329.61
19263.88,71.35,94,1.2125,3329.61
19263.88,71.58,94,0.0,3329.61
19263.88,71.53,95,0.0,3329.61
19263.88,71.94,95,1.225,3329.61
19263.88,71.78,95,1.2125,3329.61
19263.88,72.16,95,0.0,3329.61
19263.88,71.88,95,0.0,3329.61
19263.88,72.02,95,0.0,3329.61
19263.88,71.73,95,1.2125,3329.61
19263.88,71.84,95,0.0,3329.61
19263.88,71.59,95,0.0,3329.61
19263.88,71.76,95,0.0,3329.61
19263.88,71.55,96,1.2125,3329.61
19263.88,71.66,96,0.0,3329.61
19263.88,71.61,95,0.0,3329.61
19263.88,71.83,95,0.0,3329.61
19263.88,71.61,93,1.2125,3329.61
19263.88,71.78,93,0.0,3329.61
19263.88,71.41,95,0.0,3329.61
19263.88,71.59,95,1.2125,3329.61
19263.88,71.24,95,0.0,3329.61
19263.88,71.42,95,0.0,3329.61
19263.88,71.15,95,1.2125,3329.61
19263.88,71.56,95,0.0,3329.61
19263.88,71.52,94,0.0,3329.61
19263.88,71.65,94,0.0,3329.61
19263.88,71.35,95,1.2125,3329.61
19263.88,71.66,94,0.0,3329.61
19263.88,71.23,94,0.0,3329.61
19263.88,71.54,95,1.2125,3329.61
19263.88,71.28,95,2.425,3329.61
19263.88,71.56,77,1.2125,3329.61
19263.88,71.36,77,0.0,3329.61
19263.88,71.63,100,0.0,3329.61
19263.88,70.68,100,0.0,3329.61
19263.88,70.53,96,1.2125,3329.61
19263.88,70.67,96,0.0,3329.61
19263.88,70.73,95,0.0,3329.61
19263.88,71.16,95,1.2125,3329.61
19263.88,71.31,95,0.0,3329.61
19263.88,71.5,95,0.0,3329.61
19263.88,72.05,94,0.0,3329.61
19263.88,71.77,94,1.2125,3329.61
19263.88,71.57,95,0.0,3329.61
19263.88,72.23,95,0.0,3329.61
19263.88,72.23,95,0.0,3329.61
19263.88,72.36,95,1.2125,3329.61
19263.88,72.33,94,0.0,3329.61
19263.88,72.0,94,0.0,3329.61
19263.88,71.64,95,1.2125,3329.61
19263.88,71.94,95,0.0,3329.61
19263.88,71.75,95,1.2125,3329.61
19263.88,71.61,95,1.2125,3329.61
19263.88,71.52,95,0.0,3329.61
19263.88,71.6,95,0.0,3329.61
19263.88,71.82,95,1.2125,3329.61
19263.88,71.92,95,0.0,3329.61
19263.88,71.84,96,0.0,3329.61
19263.88,71.85,95,0.0,3329.61
19263.88,72.29,95,1.2125,3329.61
19263.88,72.13,93,0.0,3329.61
19263.88,72.42,93,0.0,3329.61
19263.88,71.96,94,1.2125,3329.61
19263.88,71.81,94,0.0,3329.61
19263.88,71.73,93,0.0,3329.61
19263.88,71.89,93,1.2125,3329.61
19263.88,72.0,95,0.0,3329.61
19263.88,71.97,95,0.0,3329.61
19263.88,71.84,95,0.0,3329.61
19263.88,71.66,95,1.2125,3329.61
19263.88,71.25,95,0.0,3329.61
19263.88,71.84,95,0.0,3329.61
19263.88,71.64,95,1.2125,3329.61
19263.88,71.76,95,1.2125,3329.61
19263.88,71.78,95,0.0,3329.61
19263.88,72.11,95,0.0,3329.61
19263.88,72.19,95,1.2125,3329.61
19263.88,72.13,95,0.0,3329.61
19263.88,72.09,94,0.0,3329.61
19263.88,72.24,94,0.0,3329.61
19263.88,72.11,95,1.2125,3329.61
19263.88,71.94,95,0.0,3329.61
19383.88,71.6,94,2.4375,3329.61
19383.88,68.54,94,0.0,3329.61
19383.88,69.11,80,0.0,3329.61
19383.88,69.12,80,1.2125,3329.61
19383.88,69.47,100,0.0,3329.61
19383.88,69.36,100,0.0,3329.61
19383.88,69.45,100,0.0,3329.61
19383.88,68.42,99,1.2125,3329.61
19383.88,68.43,99,0.0,3329.61
19383.88,68.48,95,1.2125,3329.61
19383.88,68.61,95,0.0,3329.61
19383.88,71.51,94,0.0,3329.61
19383.88,71.54,94,1.2125,3329.61
19383.88,71.32,95,0.0,3329.61
19383.88,71.32,95,0.0,3329.61
19383.88,70.93,94,1.2125,3329.61
19383.88,70.87,94,1.2125,3329.61
19383.88,70.84,94,0.0,3329.61
19383.88,71.95,94,0.0,3329.61
19383.88,72.14,95,0.0,3329.61
19383.88,72.07,95,1.2125,3329.61
19383.88,72.14,94,0.0,3329.61
19383.88,72.22,94,0.0,3329.61
19383.88,72.14,94,1.2125,3329.61
19383.88,72.12,94,0.0,3329.61
19383.88,72.11,94,0.0,3329.61
19383.88,72.09,94,0.0,3329.61
19383.88,72.01,95,1.2125,3329.61
19383.88,71.69,95,0.0,3329.61
19383.88,71.74,95,0.0,3329.61
19383.88,71.43,95,2.4125,3329.61
19383.88,71.95,96,0.0,3329.61
19383.88,71.75,96,0.0,3329.61
19383.88,71.97,95,0.0,3329.61
19383.88,71.58,95,1.2125,3329.61
19383.88,71.82,95,0.0,3329.61
19383.88,71.15,95,0.0,3329.61
19383.88,71.53,93,1.2125,3329.61
19383.88,71.92,93,0.0,3329.61
19383.88,72.36,95,0.0,3329.61
19383.88,72.58,95,0.0,3329.61
19383.88,72.75,95,1.2125,3329.61
19383.88,72.63,95,0.0,3329.61
19383.88,72.48,95,0.0,3329.61
19383.88,72.46,95,1.2125,3329.61
19383.88,72.28,95,0.0,3329.61
19383.88,72.61,95,0.0,3329.61
19383.88,72.57,95,0.0,3329.61
19383.88,72.06,95,1.2125,3329.61
19383.88,72.15,95,0.0,3329.61
19383.88,71.39,94,0.0,3329.61
19383.88,71.56,94,1.2125,3329.61
19383.88,71.14,95,0.0,3329.61
19383.88,71.42,95,0.0,3329.61
19383.88,70.97,95,2.425,3329.61
19383.88,71.26,95,0.0,3329.61
19383.88,70.93,95,0.0,3329.61
19383.88,71.25,95,2.425,3329.61
19383.88,72.5,82,0.0,3329.61
19383.88,72.81,82,1.2125,3329.61
19383.88,72.77,100,0.0,3329.61
19383.88,72.71,100,0.0,3329.61
19383.88,72.43,94,0.0,3329.61
19383.88,72.99,94,1.2125,3329.61
19383.88,72.79,95,0.0,3329.61
19383.88,73.35,95,0.0,3329.61
19383.88,72.95,95,1.2125,3329.61
19383.88,73.36,95,0.0,3329.61
19383.88,73.5,95,0.0,3329.61
19383.88,72.12,95,1.2125,3329.61
19383.88,71.92,95,0.0,3329.61
19383.88,71.38,95,0.0,3329.61
19383.88,71.95,95,0.0,3329.61
19383.88,72.04,95,1.2125,3329.61
19383.88,71.94,96,0.0,3329.61
19383.88,71.84,96,0.0,3329.61
19383.88,71.93,94,0.0,3329.61
19383.88,72.32,94,1.2125,3329.61
19383.88,72.25,96,0.0,3329.61
19383.88,71.95,96,0.0,3329.61
19383.88,71.95,96,2.425,3329.61
19383.88,71.92,96,0.0,3329.61
19383.88,72.33,96,0.0,3329.61
19383.88,72.33,96,1.2125,3329.61
19383.88,72.59,96,0.0,3329.61
19383.88,71.8,94,0.0,3329.61
19383.88,71.8,94,0.0,3329.61
19383.88,71.34,95,1.2125,3329.61
19383.88,71.32,95,0.0,3329.61
19383.88,71.22,96,1.2125,3329.61
19383.88,71.29,96,0.0,3329.61
19383.88,71.42,95,0.0,3329.61
19383.88,71.42,95,1.2125,3329.61
19383.88,71.22,96,0.0,3329.61
19383.88,71.91,96,0.0,3329.61
19383.88,71.88,95,1.2125,3329.61
19383.88,72.11,95,0.0,3329.61
19383.88,71.99,94,0.0,3329.61
19383.88,71.87,94,0.0,3329.61
19383.88,71.94,94,1.2125,3329.61
19383.88,71.89,96,0.0,3329.61
19383.88,71.86,96,0.0,3329.61
19383.88,71.71,95,1.2125,3329.61
19383.88,71.89,95,0.0,3329.61
19383.88,71.88,95,0.0,3329.61
19383.88,71.73,95,1.2125,3329.61
19383.88,71.8,95,0.0,3329.61
19383.88,71.69,95,1.2125,3329.61
19383.88,71.72,95,1.2125,3329.61
19383.88,72.94,95,1.2125,3329.61
19383.88,72.95,83,0.0,3329.61
19383.88,73.11,83,0.0,3329.61
19383.88,72.41,98,1.2125,3329.61
19383.88,72.4,98,0.0,3329.61
19383.88,72.74,95,0.0,3329.61
19383.88,72.5,95,1.2125,3329.61
19383.88,73.01,95,0.0,3329.61
19383.88,72.76,95,0.0,3329.61
19383.88,72.98,94,0.0,3329.61
19383.88,72.96,94,2.425,3329.61
19383.88,72.06,95,0.0,3329.61
19383.88,71.61,95,0.0,3329.61
19383.88,71.59,94,1.2125,3329.61
19383.88,72.31,94,0.0,3329.61
19383.88,72.15,94,0.0,3329.61
19383.88,72.14,94,0.0,3329.61
19383.88,72.22,95,1.1875,3329.61
19383.88,72.04,95,0.0,3329.61
19383.88,72.17,95,1.1875,3329.61
19383.88,72.33,94,0.0,3329.61
19383.88,72.1,94,0.0,3329.61
19383.88,72.03,95,1.2125,3329.61
19383.88,71.83,95,0.0,3329.61
19383.88,72.02,95,0.0,3329.61
19383.88,71.62,95,0.0,3329.61
19383.88,71.61,95,1.2375,3329.61
19383.88,70.44,94,0.0,3329.61
19383.88,70.69,94,0.0,3329.61
19383.88,70.59,93,1.2375,3329.61
19383.88,70.37,93,0.0,3329.61
19383.88,70.15,95,0.0,3329.61
19383.88,70.19,95,1.2375,3329.61
19383.88,70.19,94,0.0,3329.61
19383.88,70.14,94,0.0,3329.61
19383.88,70.44,95,0.0,3329.61
19383.88,70.15,95,1.2375,3329.61
19383.88,70.86,94,0.0,3329.61
19383.88,70.86,94,0.0,3329.61
19383.88,72.41,94,0.0,3329.61
19383.88,72.4,94,1.25,3329.61
19383.88,71.77,94,0.0,3329.61
19383.88,71.74,94,0.0,3329.61
19383.88,71.83,95,1.2375,3329.61
19383.88,72.0,95,0.0,3329.61
19383.88,72.1,95,0.0,3329.61
19383.88,72.12,95,0.0,3329.61
19383.88,72.08,95,1.25,3329.61
19383.88,72.09,95,0.0,3329.61
19383.88,72.11,95,0.0,3329.61
19383.88,71.52,95,1.2375,3329.61
19383.88,71.73,95,1.2375,3329.61
19383.88,71.73,95,0.0,3329.61
19383.88,73.52,83,0.0,3329.61
19383.88,73.69,83,1.2375,3329.61
19383.88,73.63,100,0.0,3329.61
19383.88,72.59,100,0.0,3329.61
19383.88,72.8,96,2.4875,3329.61
19383.88,72.92,96,0.0,3329.61
19383.88,73.09,95,0.0,3329.61
19383.88,72.76,95,1.25,3329.61
19383.88,72.66,95,0.0,3329.61
19383.88,72.66,94,0.0,3329.61
19383.88,73.16,94,0.0,3329.61
19383.88,71.46,94,0.0,3329.61
19383.88,71.47,94,1.25,3329.61
19383.88,72.27,95,0.0,3329.61
19383.88,72.26,95,0.0,3329.61
19383.88,72.29,94,1.225,3329.61
19383.88,72.28,94,0.0,3329.61
19383.88,72.25,94,1.2125,3329.61
19383.88,72.18,94,0.0,3329.61
19383.88,72.46,95,0.0,3329.61
19383.88,72.24,95,1.2125,3329.61
19383.88,71.83,94,0.0,3329.61
19383.88,71.64,94,0.0,3329.61
19383.88,71.44,95,0.0,3329.61
19383.88,72.06,95,1.1875,3329.61
19383.88,72.04,95,0.0,3329.61
19383.88,71.94,95,0.0,3329.61
19383.88,71.92,94,0.0,3329.61
19383.88,71.89,94,1.2125,3329.61
19383.88,71.83,95,0.0,3329.61
19383.88,71.77,95,0.0,3329.61
19383.88,71.74,95,1.2125,3329.61
19383.88,71.92,95,0.0,3329.61
19383.88,72.0,95,0.0,3329.61
19383.88,72.05,95,1.2125,3329.61
19383.88,72.12,94,0.0,3329.61
19383.88,72.14,94,0.0,3329.61
19383.88,72.19,95,1.2125,3329.61
19383.88,72.21,95,0.0,3329.61
19383.88,72.08,95,0.0,3329.61
19383.88,71.97,95,1.2125,3329.61
19383.88,71.9,95,1.2125,3329.61
19383.88,71.91,95,0.0,3329.61
19383.88,71.99,95,0.0,3329.61
19383.88,71.98,95,0.0,3329.61
19383.88,72.43,96,1.1875,3329.61
19383.88,72.09,96,0.0,3329.61
19383.88,71.99,96,0.0,3329.61
19383.88,72.01,96,1.2125,3329.61
19383.88,71.75,96,0.0,3329.61
19383.88,71.81,95,2.425,3329.61
19383.88,71.75,95,1.2125,3329.61
19383.88,73.5,80,0.0,3329.61
19383.88,73.67,80,0.0,3329.61
19383.88,73.67,100,0.0,3329.61
19383.88,73.64,100,1.2125,3329.61
19383.88,73.88,100,0.0,3329.61
19383.88,73.28,100,0.0,3329.61
19383.88,73.4,95,1.2125,3329.61
19383.88,73.49,95,1.2125,3329.73
19383.88,73.39,96,0.0,3329.73
19383.88,73.53,96,0.0,3329.73
19383.88,71.93,96,1.2125,3329.73
19383.88,72.22,96,0.0,3329.73
19383.88,72.44,95,0.0,3329.73
19383.88,72.82,95,0.0,3329.73
19383.88,72.6,96,1.2125,3329.73
19383.88,72.14,96,0.0,3329.73
19383.88,72.73,96,0.0,3329.73
19383.88,72.44,96,0.0,3329.73
19383.88,72.4,96,1.225,3329.73
19383.88,72.55,96,0.0,3329.73
19383.88,72.56,94,0.0,3329.73
19383.88,72.61,94,0.0,3329.73
19383.88,72.55,95,1.225,3329.73
19383.88,72.21,95,0.0,3329.73
19383.88,71.75,95,0.0,3329.73
19383.88,71.62,95,0.0,3329.73
19383.88,71.97,95,1.2125,3329.73
19383.88,71.55,95,0.0,3329.73
19383.88,71.86,95,0.0,3329.73
19383.88,71.31,95,0.0,3329.73
19383.88,71.62,93,1.225,3329.73
19383.88,71.41,93,1.225,3329.73
19383.88,71.66,95,0.0,3329.73
19383.88,71.18,95,0.0,3329.73
19383.88,71.5,94,1.2125,3329.73
19383.88,71.27,94,0.0,3329.73
19383.88,71.62,94,0.0,3329.73
19383.88,71.32,94,1.2125,3329.73
19383.88,71.26,95,0.0,3329.73
19383.88,71.26,95,0.0,3329.73
19383.88,71.41,94,1.225,3329.73
19383.88,71.74,94,0.0,3329.73
19383.88,71.26,95,0.0,3329.73
19383.88,71.63,95,1.2125,3329.73
19383.88,71.63,95,0.0,3329.73
19383.88,71.58,95,0.0,3329.73
19383.88,71.58,95,0.0,3329.73
19383.88,71.44,95,1.2125,3329.73
19383.88,71.18,95,0.0,3329.73
19383.88,71.54,95,0.0,3329.73
19383.88,71.2,95,1.2125,3329.73
19383.88,71.63,95,0.0,3329.73
19383.88,71.16,93,0.0,3329.73
19383.88,71.76,93,2.425,3329.73
19383.88,70.51,71,0.0,3329.73
19383.88,72.36,71,0.0,3329.73
19383.88,72.87,100,1.2125,3329.73
19383.88,72.87,100,0.0,3329.73
19383.88,72.92,100,0.0,3329.73
19383.88,72.0,98,1.2125,3329.73
19383.88,71.97,98,0.0,3329.73
19383.88,72.15,95,0.0,3329.73
19383.88,72.2,95,1.2125,3329.73
19383.88,71.73,95,1.2125,3329.73
19383.88,72.64,95,0.0,3329.73
19383.88,71.3,95,0.0,3329.73
19383.88,71.14,95,1.225,3329.73
19383.88,71.09,93,0.0,3329.73
19383.88,70.42,93,0.0,3329.73
19383.88,71.6,94,0.0,3329.73
19383.88,72.26,94,1.2375,3329.73
19383.88,72.53,90,0.0,3329.73
19383.88,72.2,94,0.0,3329.73
19383.88,72.19,94,1.2125,3329.73
19383.88,72.35,95,0.0,3329.73
19383.88,72.48,95,0.0,3329.73
19383.88,72.4,95,1.2125,3329.73
19383.88,72.14,95,0.0,3329.73
19383.88,71.86,95,0.0,3329.73
19383.88,72.03,95,1.2125,3329.73
19383.88,72.06,94,0.0,3329.73
19383.88,71.31,94,0.0,3329.73
19383.88,71.33,94,1.2125,3329.73
19383.88,71.1,94,0.0,3329.73
19383.88,71.4,94,0.0,3329.73
19383.88,71.42,94,0.0,3329.73
19383.88,71.69,94,1.2125,3329.73
19383.88,71.29,94,1.2125,3329.73
19383.88,71.57,95,0.0,3329.73
19383.88,71.54,96,0.0,3329.73
19383.88,71.94,96,0.0,3329.73
19383.88,71.72,94,1.225,3329.73
19383.88,71.81,94,0.0,3329.73
19383.88,71.56,95,0.0,3329.73
19383.88,71.87,95,0.0,3329.73
19383.88,71.7,95,1.2125,3329.73
19383.88,71.63,95,0.0,3329.73
19383.88,71.27,93,0.0,3329.73
19383.88,71.56,93,1.2125,3329.73
19383.88,71.36,94,0.0,3329.73
19383.88,71.61,94,0.0,3329.73
19383.88,71.43,94,1.225,3329.73
19383.88,71.65,94,0.0,3329.73
19383.88,71.49,95,0.0,3329.73
19383.88,71.4,95,0.0,3329.73
19383.88,71.57,94,1.2125,3329.73
19383.88,71.31,94,0.0,3329.73
19383.88,71.61,94,0.0,3329.73
19383.88,70.57,94,2.425,3329.73
19383.88,72.47,68,1.2125,3329.73
19383.88,72.47,68,1.2125,3329.73
19383.88,72.92,100,0.0,3329.73
19383.88,73.01,100,0.0,3329.73
19383.88,73.29,100,1.2125,3329.73
19383.88,73.2,100,0.0,3329.73
19383.88,73.49,100,0.0,3329.73
19383.88,73.45,100,1.2125,3329.73
19383.88,73.51,93,0.0,3329.73
19383.88,73.23,93,0.0,3329.73
19383.88,74.24,95,0.0,3329.73
19383.88,72.84,95,1.2125,3329.73
19383.88,72.6,94,0.0,3329.73
19383.88,72.77,94,0.0,3329.73
19383.88,72.49,93,0.0,3329.73
19383.88,72.48,93,1.2125,3329.73
19383.88,71.91,94,0.0,3329.73
19383.88,71.9,94,0.0,3329.73
19383.88,71.8,94,1.2125,3329.73
19383.88,72.14,94,1.2125,3329.73
19383.88,72.42,94,0.0,3329.73
19383.88,72.45,94,0.0,3329.73
19383.88,72.38,95,1.2125,3329.73
19383.88,72.4,95,0.0,3329.73
19383.88,72.26,95,0.0,3329.73
19383.88,72.14,95,1.225,3329.73
19383.88,71.87,95,0.0,3329.73
19383.88,72.01,95,0.0,3329.73
19383.88,71.88,95,1.2125,3329.73
19383.88,71.96,95,0.0,3329.73
19383.88,71.72,95,0.0,3329.73
19383.88,71.96,95,0.0,3329.73
19383.88,71.8,95,1.225,3329.73
19383.88,71.96,95,0.0,3329.73
19383.88,71.39,95,0.0,3329.73
19383.88,71.73,95,1.2125,3329.73
19383.88,71.35,94,0.0,3329.73
19383.88,71.7,94,0.0,3329.73
19383.88,71.43,95,1.2125,3329.73
19383.88,71.86,95,0.0,3329.73
19383.88,71.68,95,0.0,3329.73
19383.88,72.18,95,0.0,3329.73
19383.88,71.94,95,1.2125,3329.73
19383.88,72.15,95,0.0,3329.73
19383.88,72.0,95,0.0,3329.73
19383.88,72.53,95,0.0,3329.73
19383.88,72.73,95,1.2125,3329.73
19383.88,72.96,94,0.0,3329.73
19383.88,72.85,95,0.0,3329.73
19383.88,73.06,95,1.2125,3329.73
19383.88,73.01,95,0.0,3329.73
19383.88,72.98,95,1.2125,3329.73
19383.88,72.81,95,1.2,3329.73
19383.88,72.57,95,0.0,3329.73
19383.88,72.43,95,1.2375,3329.73
19383.88,72.19,95,0.0,3329.73
19383.88,72.09,83,2.4,3329.73
19383.88,73.61,83,0.0,3329.73
19383.88,73.83,100,0.0,3329.73
19383.88,73.96,100,0.0,3329.73
19383.88,72.99,95,1.225,3329.73
19383.88,73.04,95,0.0,3329.73
19383.88,73.13,93,0.0,3329.73
19383.88,73.63,93,0.0,3329.73
19383.88,73.44,95,1.225,3329.73
19383.88,73.72,95,0.0,3329.73
19383.88,73.72,95,0.0,3329.73
19383.88,72.04,95,1.2,3329.73
19383.88,71.77,95,0.0,3329.73
19383.88,71.55,95,0.0,3329.73
19383.88,72.26,94,1.2125,3329.73
19383.88,72.07,94,0.0,3329.73
19383.88,71.95,95,0.0,3329.73
19383.88,71.94,95,1.2125,3329.73
19383.88,71.97,95,0.0,3329.73
19383.88,71.11,95,0.0,3329.73
19383.88,71.39,93,0.0,3329.73
19383.88,71.17,93,1.2375,3329.73
19383.88,71.03,94,1.2375,3329.73
19383.88,70.97,94,0.0,3329.73
19383.88,71.22,94,1.2375,3329.73
19383.88,71.29,94,0.0,3329.73
19383.88,71.39,95,0.0,3329.73
19383.88,71.42,95,0.0,3329.73
19383.88,71.25,95,1.25,3329.73
19383.88,70.81,95,0.0,3329.73
19383.88,72.09,94,0.0,3329.73
19383.88,71.89,94,1.2375,3329.73
19383.88,72.17,94,0.0,3329.73
19383.88,72.17,94,0.0,3329.73
19383.88,72.2,95,1.25,3329.73
19383.88,72.19,95,0.0,3329.73
19383.88,72.21,95,0.0,3329.73
19383.88,72.31,95,0.0,3329.73
19383.88,72.2,95,1.2375,3329.73
19383.88,72.24,95,0.0,3329.73
19383.88,72.24,95,0.0,3329.73
19383.88,72.32,95,0.0,3329.73
19383.88,72.28,95,1.2375,3329.73
19383.88,71.81,95,0.0,3329.73
19383.88,71.82,95,1.2375,3329.73
19383.88,71.92,95,0.0,3329.73
19383.88,71.94,95,0.0,3329.73
19383.88,72.09,95,0.0,3329.73
19383.88,72.09,94,1.2125,3329.73
19383.88,72.18,94,0.0,3329.73
19383.88,72.05,95,1.2375,3329.73
19383.88,72.17,95,0.0,3329.73
19383.88,72.08,94,2.4875,3329.73
19383.88,68.89,94,0.0,3329.73
19383.88,69.38,81,0.0,3329.73
19383.88,69.34,81,0.0,3329.73
19383.88,69.44,100,1.2375,3329.73
19383.88,68.57,100,0.0,3329.73
19383.88,68.86,96,0.0,3329.73
19383.88,68.75,95,1.2375,3329.73
19383.88,69.0,95,0.0,3329.73
19383.88,69.02,93,0.0,3329.73
19383.88,69.13,93,1.2375,3329.73
19383.88,69.11,94,0.0,3329.73
19383.88,72.06,94,0.0,3329.73
19383.88,72.17,95,1.2125,3329.73
19383.88,71.71,95,0.0,3329.73
19383.88,71.72,95,0.0,3329.73
19383.88,72.35,95,1.2125,3329.73
19383.88,72.29,95,0.0,3329.73
19383.88,72.28,95,0.0,3329.73
19383.88,72.17,95,1.2125,3329.73
19383.88,72.0,95,1.2125,3329.73
19383.88,71.97,95,0.0,3329.73
19383.88,71.61,95,0.0,3329.73
19383.88,71.68,94,0.0,3329.73
19383.88,71.12,94,1.225,3329.73
19383.88,71.54,95,0.0,3329.73
19383.88,71.76,95,0.0,3329.73
19383.88,71.94,94,0.0,3329.73
19383.88,71.53,94,1.2125,3329.73
19383.88,71.85,93,0.0,3329.73
19383.88,72.0,93,0.0,3329.73
19383.88,72.16,94,0.0,3329.73
19383.88,71.94,94,1.2125,3329.73
19383.88,72.06,94,0.0,3329.73
19383.88,72.0,94,0.0,3329.73
19383.88,72.17,95,0.0,3329.73
19383.88,71.96,95,1.225,3329.73
19383.88,71.96,95,0.0,3329.73
19383.88,71.46,95,0.0,3329.73
19383.88,72.03,95,1.225,3329.73
19383.88,71.6,95,0.0,3329.73
19383.88,71.63,95,1.225,3329.73
19383.88,71.3,95,0.0,3329.73
19383.88,71.82,94,0.0,3329.73
19383.88,71.88,94,0.0,3329.73
19383.88,71.91,95,0.0,3329.73
19383.88,72.0,95,1.225,3329.73
19383.88,72.04,95,0.0,3329.73
19383.88,72.09,95,0.0,3329.73
19383.88,72.22,95,0.0,3329.73
19383.88,72.15,95,1.225,3329.73
19383.88,72.15,95,0.0,3329.73
19383.88,72.06,95,0.0,3329.73
19383.88,71.94,96,2.425,3329.73
19383.88,68.25,96,0.0,3329.73
19383.88,68.25,77,0.0,3329.73
19383.88,68.81,77,1.2125,3329.73
19383.88,68.82,100,0.0,3329.73
19383.88,69.02,100,0.0,3329.73
19383.88,68.96,96,1.1875,3329.73
19383.88,69.29,96,0.0,3329.73
19383.88,69.41,95,0.0,3329.73
19383.88,69.11,95,1.2125,3329.73
19383.88,69.44,95,0.0,3329.73
19383.88,72.92,95,0.0,3329.73
19383.88,73.01,95,1.2125,3329.73
19383.88,72.62,94,0.0,3329.73
19383.88,72.31,94,0.0,3329.73
19383.88,72.03,94,1.2125,3329.73
19383.88,72.05,95,0.0,3329.73
19383.88,71.67,95,0.0,3329.73
19383.88,71.96,95,1.2,3329.73
19383.88,71.47,95,0.0,3329.73
19383.88,72.0,95,1.2125,3329.73
19383.88,71.86,95,1.2125,3329.73
19383.88,72.12,95,0.0,3329.73
19383.88,71.53,95,0.0,3329.73
19383.88,71.55,95,1.2125,3329.73
19383.88,71.43,95,0.0,3329.73
19383.88,71.73,95,0.0,3329.73
19383.88,71.56,95,1.2125,3329.73
19383.88,71.98,95,0.0,3329.73
19383.88,72.12,95,0.0,3329.73
19383.88,72.16,95,0.0,3329.73
19383.88,72.22,96,1.2125,3329.73
19383.88,72.14,96,0.0,3329.73
19383.88,71.94,96,0.0,3329.73
19383.88,72.01,96,1.175,3329.73
19383.88,72.35,96,0.0,3329.73
19383.88,72.35,96,0.0,3329.73
19383.88,72.27,96,1.1625,3329.73
19383.88,71.99,95,1.2,3329.73
19383.88,71.67,95,0.0,3329.73
19383.88,71.92,94,0.0,3329.73
19383.88,71.56,94,0.0,3329.73
19383.88,71.92,94,1.2125,3329.73
19383.88,72.09,94,0.0,3329.73
19383.88,72.14,95,1.2125,3329.73
19383.88,72.28,95,1.2125,3329.73
19383.88,72.06,95,0.0,3329.73
19383.88,72.17,95,0.0,3329.73
19383.88,72.18,95,0.0,3329.73
19383.88,72.4,95,1.2125,3329.73
19383.88,72.3,95,0.0,3329.73
19383.88,72.21,95,0.0,3329.73
19383.88,72.18,95,1.2125,3329.73
19383.88,71.99,95,1.2125,3329.73
19383.88,72.61,78,1.225,3329.73
19383.88,72.76,78,0.0,3329.73
19383.88,72.69,100,0.0,3329.73
19383.88,71.78,100,1.2125,3329.73
19383.88,71.57,96,0.0,3329.73
19383.88,71.72,96,0.0,3329.73
19383.88,71.81,94,0.0,3329.73
19383.88,72.31,94,1.2125,3329.73
19383.88,72.37,96,1.2125,3329.73
19383.88,72.44,96,0.0,3329.73
19383.88,72.45,97,0.0,3329.73
19383.88,71.81,97,1.2125,3329.73
19383.88,71.28,97,0.0,3329.73
19383.88,72.36,97,0.0,3329.73
19383.88,72.36,97,0.0,3329.73
19383.88,72.34,97,1.2375,3329.73
19383.88,72.49,96,0.0,3329.73
19383.88,72.08,96,0.0,3329.73
19383.88,71.63,96,0.0,3329.73
19383.88,71.66,96,1.2375,3329.73
19383.88,71.79,97,0.0,3329.73
19383.88,71.74,97,0.0,3329.73
19383.88,71.34,97,1.2375,3329.73
19383.88,71.21,97,0.0,3329.73
19383.88,71.68,97,0.0,3329.73
19383.88,71.57,96,1.2375,3329.73
19383.88,71.86,96,0.0,3329.73
19383.88,71.58,96,0.0,3329.73
19383.88,71.76,96,1.2375,3329.73
19383.88,71.78,95,0.0,3329.73
19383.88,71.69,95,0.0,3329.73
19383.88,71.79,96,0.0,3329.73
19383.88,71.47,96,0.0,3329.73
19383.88,71.77,95,1.2375,3329.73
19383.88,71.72,95,0.0,3329.73
19383.88,71.98,96,0.0,3329.73
19383.88,72.0,96,0.0,3329.73
19383.88,72.35,96,1.25,3329.73
19383.88,71.91,96,0.0,3329.73
19383.88,72.14,95,0.0,3329.73
19383.88,71.9,95,1.2375,3329.73
19383.88,71.78,95,0.0,3329.73
19383.88,71.87,95,0.0,3329.73
19383.88,71.9,95,0.0,3329.73
19383.88,71.98,95,1.2375,3329.73
19383.88,72.13,94,0.0,3329.73
19383.88,72.43,94,0.0,3329.73
19383.88,72.03,95,0.0,3329.73
19383.88,71.87,95,1.2375,3329.73
19383.88,71.94,95,0.0,3329.73
19383.88,71.91,95,0.0,3329.73
19383.88,71.91,95,2.475,3329.73
19383.88,73.95,95,0.0,3329.73
19383.88,74.22,81,1.25,3329.73
19383.88,74.31,81,0.0,3329.73
19383.88,73.51,81,0.0,3329.73
19383.88,73.38,98,0.0,3329.73
19383.88,73.02,98,1.25,3329.73
19383.88,73.57,95,0.0,3329.73
19383.88,73.45,95,1.25,3329.73
19383.88,73.92,95,0.0,3329.73
19383.88,73.57,95,0.0,3329.73
19383.88,73.89,95,1.25,3329.73
19383.88,73.89,95,0.0,3329.73
19383.88,71.83,95,0.0,3329.73
19383.88,71.46,95,0.0,3329.73
19383.88,72.02,95,0.0,3329.73
19383.88,72.02,95,1.225,3329.73
19383.88,72.09,95,0.0,3329.73
19383.88,72.09,95,0.0,3329.73
19383.88,72.03,95,1.2125,3329.73
19383.88,71.96,95,0.0,3329.73
19383.88,72.47,95,1.15,3329.73
19383.88,72.78,93,0.0,3329.73
19383.88,72.78,93,0.0,3329.73
19383.88,72.42,94,1.2125,3329.73
19383.88,72.64,94,0.0,3329.73
19383.88,72.71,95,0.0,3329.73
19383.88,72.71,95,0.0,3329.73
19383.88,72.92,94,1.225,3329.73
19383.88,72.76,94,0.0,3329.73
19383.88,72.68,95,0.0,3329.73
19383.88,72.16,95,2.4375,3329.73
19383.88,71.63,94,0.0,3329.73
19383.88,71.29,94,0.0,3329.73
19383.88,71.72,94,1.2125,3329.73
19383.88,71.83,95,0.0,3329.73
19383.88,71.95,95,0.0,3329.73
19383.88,72.03,95,1.2125,3329.73
19383.88,71.91,95,0.0,3329.73
19383.88,71.89,95,0.0,3329.73
19383.88,71.8,95,0.0,3329.73
19383.88,71.62,95,1.2125,3329.73
19383.88,71.67,95,1.175,3329.73
19383.88,71.7,95,0.0,3329.73
19383.88,71.73,95,0.0,3329.73
19383.88,71.83,94,1.2125,3329.73
19383.88,71.94,94,0.0,3329.73
19383.88,72.05,95,0.0,3329.73
19383.88,72.0,95,0.0,3329.73
19383.88,71.94,95,1.2125,3329.73
19383.88,71.94,95,0.0,3329.73
19383.88,71.89,94,0.0,3329.73
19383.88,71.96,94,2.45,3329.73
19383.88,72.41,75,0.0,3329.73
19383.88,72.41,75,1.2125,3329.73
19383.88,72.7,100,0.0,3329.73
19383.88,71.39,100,0.0,3329.73
19383.88,71.02,96,0.0,3329.73
19383.88,70.49,96,1.2125,3329.73
19383.88,70.58,93,0.0,3329.73
19383.88,70.61,93,1.225,3329.73
19383.88,70.72,95,0.0,3329.73
19383.88,70.62,95,1.225,3329.73
19383.88,70.77,95,0.0,3329.73
19383.88,70.44,95,0.0,3329.73
19383.88,70.53,93,1.2125,3329.73
19383.88,70.14,93,0.0,3329.73
19383.88,71.22,95,0.0,3329.73
19383.88,71.05,95,0.0,3329.73
19383.88,71.84,94,1.225,3329.73
19383.88,71.75,94,0.0,3329.73
19383.88,71.76,94,0.0,3329.73
19383.88,71.81,94,0.0,3329.73
19383.88,72.13,95,1.2125,3329.73
19383.88,72.0,95,0.0,3329.73
19383.88,71.92,93,0.0,3329.73
19383.88,71.94,93,0.0,3329.73
19383.88,72.12,95,1.2125,3329.73
19383.88,72.26,95,0.0,3329.73
19383.88,72.28,95,0.0,3329.73
19383.88,72.18,95,1.25,3329.73
19383.88,71.89,95,0.0,3329.73
19383.88,72.27,95,0.0,3329.73
19383.88,72.22,95,0.0,3329.73
19383.88,72.11,95,0.0,3329.73
19383.88,72.11,95,1.25,3329.73
19383.88,72.1,95,0.0,3329.73
19383.88,72.13,95,0.0,3329.73
19383.88,72.2,94,0.0,3329.73
19383.88,72.24,94,1.25,3329.73
19383.88,72.16,94,0.0,3329.73
19383.88,72.35,94,0.0,3329.73
19383.88,71.91,94,1.2375,3329.73
19383.88,71.85,94,0.0,3329.73
19383.88,71.64,95,0.0,3329.73
19383.88,71.59,95,2.4875,3329.73
19383.88,71.56,95,0.0,3329.73
19383.88,71.65,95,0.0,3329.73
19383.88,71.75,95,0.0,3329.73
19383.88,71.75,95,1.25,3329.73
19383.88,71.73,95,0.0,3329.73
19383.88,71.86,95,0.0,3329.73
19383.88,71.97,95,1.25,3329.73
19383.88,71.92,95,0.0,3329.73
19383.88,71.88,95,0.0,3329.73
19383.88,70.68,95,2.4875,3329.73
19383.88,71.11,80,0.0,3329.73
19383.88,71.43,80,0.0,3329.73
19383.88,71.33,100,0.0,3329.73
19383.88,70.85,100,1.25,3329.73
19383.88,70.78,95,0.0,3329.73
19383.88,71.13,95,0.0,3329.73
19383.88,71.16,96,0.0,3329.73
19383.88,70.68,96,1.25,3329.73
19383.88,71.04,95,0.0,3329.73
19383.88,70.71,95,0.0,3329.73
19383.88,72.46,95,0.0,3329.73
19383.88,71.82,95,1.25,3329.73
19383.88,71.6,94,0.0,3329.73
19383.88,71.28,94,0.0,3329.73
19383.88,71.8,95,1.2375,3329.73
19383.88,71.69,95,0.0,3329.73
19383.88,71.58,94,0.0,3329.73
19383.88,71.16,94,0.0,3329.73
19383.88,71.38,93,1.2375,3329.73
19383.88,71.28,93,0.0,3329.73
19383.88,71.84,93,0.0,3329.73
19383.88,71.95,93,1.2125,3329.73
19383.88,71.7,94,0.0,3329.73
19383.88,71.9,94,0.0,3329.73
19383.88,71.95,95,0.0,3329.73
19383.88,72.09,95,1.225,3329.73
19383.88,71.99,93,0.0,3329.73
19383.88,72.04,93,1.2125,3329.73
19383.88,72.18,95,0.0,3329.73
19383.88,72.21,95,0.0,3329.73
19383.88,72.1,93,1.2375,3329.73
19383.88,71.82,93,0.0,3329.73
19383.88,71.25,95,0.0,3329.73
19383.88,71.63,95,1.2375,3329.73
19383.88,71.37,95,0.0,3329.73
19383.88,72.05,95,0.0,3329.73
19383.88,72.26,94,0.0,3329.73
19383.88,72.35,94,1.2375,3329.73
19383.88,72.36,95,0.0,3329.73
19383.88,72.38,95,0.0,3329.73
19383.88,72.44,93,0.0,3329.73
19383.88,72.31,93,1.25,3329.73
19383.88,72.32,95,0.0,3329.73
19383.88,72.43,95,0.0,3329.73
19383.88,72.45,95,0.0,3329.73
19383.88,72.54,95,1.25,3329.73
19383.88,72.3,93,0.0,3329.73
19383.88,71.9,94,0.0,3329.73
19383.88,72.07,94,1.2375,3329.73
19383.88,71.8,94,0.0,3329.73
19383.88,71.8,94,0.0,3329.73
19383.88,72.17,94,1.2375,3329.73
19383.88,74.17,94,1.2375,3329.73
19383.88,74.13,94,1.2375,3329.73
19383.88,74.13,81,0.0,3329.73
19383.88,72.89,81,0.0,3329.73
19383.88,72.89,97,1.2375,3329.73
19383.88,72.8,97,0.0,3329.73
19383.88,72.83,95,0.0,3329.73
19383.88,73.0,95,0.0,3329.73
19383.88,73.28,94,1.2375,3329.73
19383.88,73.29,94,0.0,3329.73
19383.88,72.78,94,0.0,3329.73
19383.88,73.24,94,1.25,3329.73
19383.88,70.95,94,0.0,3329.73
19383.88,71.4,94,0.0,3329.73
19383.88,71.36,95,1.25,3329.73
19383.88,72.3,95,0.0,3329.73
19383.88,72.46,95,0.0,3329.73
19383.88,72.38,95,1.25,3329.73
19383.88,72.4,95,1.25,3329.73
19383.88,72.1,95,0.0,3329.73
19383.88,72.01,94,0.0,3329.73
19383.88,72.16,94,1.25,3329.73
19383.88,72.03,95,0.0,3329.73
19383.88,71.91,95,0.0,3329.73
19383.88,71.45,95,1.2125,3329.73
19383.88,71.24,95,0.0,3329.73
19383.88,72.01,94,0.0,3329.73
19383.88,71.99,94,0.0,3329.73
19383.88,71.88,94,1.2125,3329.73
19383.88,71.93,94,0.0,3329.73
19383.88,71.77,95,0.0,3329.73
19383.88,71.79,95,1.2125,3329.73
19383.88,71.67,95,0.0,3329.73
19383.88,71.64,95,0.0,3329.73
19383.88,71.62,95,1.2125,3329.73
19383.88,71.79,95,0.0,3329.73
19383.88,71.9,95,0.0,3329.73
19383.88,71.65,95,1.225,3329.73
19383.88,71.86,95,0.0,3329.73
19383.88,71.72,95,0.0,3329.73
19383.88,71.87,95,0.0,3329.73
19383.88,71.78,95,1.2125,3329.73
19383.88,71.83,95,0.0,3329.73
19383.88,71.82,96,0.0,3329.73
19383.88,71.82,96,1.2125,3329.73
19383.88,71.98,95,0.0,3329.73
19383.88,72.25,95,0.0,3329.73
19383.88,72.08,96,1.1875,3329.73
19383.88,71.96,96,1.2125,3329.73
19383.88,71.87,96,0.0,3329.73
19383.88,71.81,96,0.0,3329.73
19383.88,71.81,96,1.2125,3329.73
19383.88,71.75,86,1.2125,3329.73
19383.88,68.95,86,0.0,3329.73
19383.88,69.33,86,1.225,3329.73
19383.88,69.57,90,0.0,3329.73
19383.88,69.0,90,0.0,3329.73
19383.88,69.01,97,0.0,3329.73
19383.88,69.37,94,1.2125,3329.73
19383.88,69.79,94,0.0,3329.73
19383.88,69.29,94,0.0,3329.73
19383.88,69.5,94,0.0,3329.73
19383.88,69.47,95,1.225,3329.73
19383.88,72.73,95,0.0,3329.73
19383.88,72.29,95,0.0,3329.73
19383.88,72.09,95,0.0,3329.73
19383.88,71.63,95,1.225,3329.73
19383.88,72.09,95,0.0,3329.73
19383.88,72.43,95,0.0,3329.73
19383.88,71.82,95,1.2125,3329.73
19383.88,71.67,95,0.0,3329.73
19383.88,71.95,95,0.0,3329.73
19383.88,72.14,94,0.0,3329.73
19383.88,72.14,94,1.225,3329.73
19383.88,71.92,95,0.0,3329.73
19383.88,71.7,95,0.0,3329.73
19383.88,71.79,95,0.0,3329.73
19383.88,72.12,95,1.225,3329.73
19383.88,71.9,95,0.0,3329.73
19383.88,71.75,95,0.0,3329.73
19383.88,71.73,94,1.2125,3329.73
19383.88,71.8,94,0.0,3329.73
19383.88,71.93,95,0.0,3329.73
19383.88,71.82,95,1.2125,3329.73
19383.88,71.73,95,0.0,3329.73
19383.88,71.63,95,0.0,3329.73
19383.88,71.55,95,1.2125,3329.73
19383.88,71.71,95,0.0,3329.73
19383.88,71.87,95,0.0,3329.73
19383.88,71.61,95,0.0,3329.73
19383.88,71.83,94,1.225,3329.73
19383.88,72.01,94,0.0,3329.73
19383.88,71.99,95,0.0,3329.73
19383.88,71.8,95,0.0,3329.73
19383.88,71.68,95,1.225,3329.73
19383.88,71.62,95,1.2125,3329.73
19383.88,71.57,95,0.0,3329.73
19383.88,71.59,95,1.2125,3329.73
19383.88,71.43,95,0.0,3329.73
19383.88,71.51,95,0.0,3329.73
19383.88,71.75,95,1.2125,3329.73
19383.88,71.78,95,0.0,3329.73
19383.88,71.75,95,0.0,3329.73
19383.88,71.65,95,0.0,3329.73
19383.88,71.63,95,2.4375,3329.73
19383.88,71.64,81,0.0,3329.73
19383.88,72.73,81,1.2,3329.73
19383.88,72.95,100,0.0,3329.73
19383.88,72.53,100,0.0,3329.73
19383.88,72.19,94,1.2125,3329.73
19383.88,72.73,94,0.0,3329.73
19383.88,72.26,94,0.0,3329.73
19383.88,72.52,94,1.2125,3329.73
19383.88,72.4,95,0.0,3329.73
19383.88,72.71,95,0.0,3329.73
19383.88,72.68,94,1.2125,3329.73
19383.88,71.76,94,0.0,3329.73
19383.88,71.54,95,0.0,3329.73
19383.88,71.72,95,1.2125,3329.73
19383.88,72.25,94,0.0,3329.73
19383.88,72.56,94,0.0,3329.73
19383.88,72.55,94,1.2125,3329.73
19383.88,72.6,94,0.0,3329.73
19383.88,72.6,95,0.0,3329.73
19383.88,72.49,95,1.2125,3329.73
19383.88,72.52,95,0.0,3329.73
19383.88,72.28,95,1.2125,3329.73
19383.88,72.23,95,0.0,3329.73
19383.88,72.14,95,1.2125,3329.73
19383.88,71.94,95,0.0,3329.73
19383.88,71.82,95,0.0,3329.73
19383.88,71.86,93,1.225,3329.73
19383.88,71.87,93,0.0,3329.73
19383.88,71.74,95,0.0,3329.73
19383.88,71.8,95,0.0,3329.73
19383.88,71.77,95,1.2125,3329.73
19383.88,71.72,95,0.0,3329.73
19383.88,71.68,94,0.0,3329.73
19383.88,71.69,94,1.225,3329.73
19383.88,71.94,95,0.0,3329.73
19383.88,72.19,95,0.0,3329.73
19383.88,72.17,95,0.0,3329.73
19383.88,72.11,95,1.225,3329.73
19383.88,72.06,95,0.0,3329.73
19383.88,72.1,95,0.0,3329.73
19383.88,71.97,95,1.2125,3329.73
19383.88,71.89,95,0.0,3329.73
19383.88,71.86,95,0.0,3329.73
19383.88,71.87,95,0.0,3329.73
19383.88,71.96,95,0.0,3329.73
19383.88,71.98,95,1.225,3329.73
19383.88,71.98,95,0.0,3329.73
19383.88,71.93,94,0.0,3329.73
19383.88,71.93,94,0.0,3329.73
19383.88,71.88,94,1.225,3329.73
19383.88,71.8,94,0.0,3329.73
19383.88,71.68,95,1.225,3329.73
19383.88,73.62,95,1.2,3329.73
19383.88,73.71,85,0.0,3329.73
19383.88,73.77,85,0.0,3329.73
19383.88,73.77,99,1.2125,3329.73
19383.88,72.5,99,0.0,3329.73
19383.88,72.87,95,0.0,3329.73
19383.88,72.84,95,1.2,3329.73
19383.88,73.11,93,1.2125,3329.73
19383.88,72.91,93,0.0,3329.73
19383.88,73.42,95,0.0,3329.73
19383.88,71.64,94,1.2125,3329.73
19383.88,71.88,94,0.0,3329.73
19383.88,71.28,95,0.0,3329.73
19383.88,72.29,95,1.2125,3329.73
19383.88,72.3,95,0.0,3329.73
19383.88,72.38,95,0.0,3329.73
19383.88,72.36,95,1.2125,3329.73
19383.88,72.15,95,0.0,3329.73
19383.88,72.01,94,0.0,3329.73
19383.88,72.02,94,1.2125,3329.73
19383.88,71.72,94,0.0,3329.73
19383.88,71.8,95,0.0,3329.73
19383.88,71.39,95,1.2125,3329.73
19383.88,71.92,93,0.0,3329.73
19383.88,72.26,95,1.2,3329.73
19383.88,72.89,95,0.0,3329.73
19383.88,72.87,93,0.0,3329.73
19383.88,72.66,93,0.0,3329.73
19383.88,72.86,93,1.2125,3329.73
19383.88,72.73,95,0.0,3329.73
19383.88,72.74,95,0.0,3329.73
19383.88,72.67,95,1.2125,3329.73
19383.88,72.32,95,0.0,3329.73
19383.88,72.41,95,1.2125,3329.73
19383.88,72.34,95,0.0,3329.73
19383.88,72.04,95,0.0,3329.73
19383.88,72.12,94,0.0,3329.73
19383.88,72.15,95,1.2125,3329.73
19383.88,72.22,95,0.0,3329.73
19383.88,71.99,93,0.0,3329.73
19383.88,72.0,93,1.225,3329.73
19383.88,72.05,95,0.0,3329.73
19383.88,71.99,95,1.225,3329.73
19383.88,72.11,94,0.0,3329.73
19383.88,72.3,94,0.0,3329.73
19383.88,72.42,95,1.2125,3329.73
19383.88,72.41,95,0.0,3329.73
19383.88,72.01,95,0.0,3329.73
19383.88,71.8,95,1.2125,3329.73
19383.88,71.88,95,0.0,3329.73
19383.88,71.94,95,0.0,3329.73
19383.88,71.91,81,1.225,3329.73
19383.88,68.55,81,1.2125,3329.73
19383.88,68.67,99,0.0,3329.73
19383.88,68.84,99,0.0,3329.73
19383.88,68.82,100,0.0,3329.73
19383.88,68.93,100,1.2125,3329.73
19383.88,68.52,95,0.0,3329.73
19383.88,68.72,95,1.2125,3329.73
19383.88,69.16,93,0.0,3329.73
19383.88,68.98,93,1.2125,3329.73
19383.88,69.53,94,0.0,3329.73
19383.88,73.01,94,0.0,3329.73
19383.88,73.33,94,1.2,3329.73
19383.88,73.58,94,0.0,3329.73
19383.88,73.6,95,0.0,3329.73
19383.88,73.51,95,0.0,3329.73
19383.88,73.42,95,1.2125,3329.73
19383.88,73.85,95,0.0,3329.73
19383.88,73.35,95,0.0,3329.73
19383.88,73.19,95,1.2,3329.73
19383.88,73.07,95,0.0,3329.73
19383.88,72.99,95,0.0,3329.73
19383.88,72.57,95,1.2125,3329.73
19383.88,72.54,95,0.0,3329.73
19383.88,71.96,95,0.0,3329.73
19383.88,71.81,95,1.2,3329.73
19383.88,71.39,94,0.0,3329.73
19383.88,71.5,94,0.0,3329.73
19383.88,71.1,95,1.2125,3329.73
19383.88,71.59,95,0.0,3329.73
19383.88,71.3,95,1.2125,3329.73
19383.88,71.57,95,0.0,3329.73
19383.88,71.19,95,0.0,3329.73
19383.88,71.56,95,1.2125,3329.73
19383.88,71.08,95,0.0,3329.73
19383.88,71.36,95,0.0,3329.73
19383.88,71.1,95,1.2125,3329.73
19383.88,71.71,95,1.2125,3329.73
19383.88,71.5,95,0.0,3329.73
19383.88,71.99,93,0.0,3329.73
19383.88,71.37,93,1.2125,3329.73
19383.88,71.62,95,0.0,3329.73
19383.88,71.31,95,0.0,3329.73
19383.88,71.56,95,1.1875,3329.73
19383.88,71.23,95,0.0,3329.73
19383.88,71.41,95,0.0,3329.73
19383.88,71.1,95,0.0,3329.73
19383.88,71.47,95,1.2125,3329.73
19383.88,71.59,95,0.0,3329.73
19383.88,71.25,94,0.0,3329.73
19383.88,71.77,94,1.2125,3329.73
19383.88,71.45,95,0.0,3329.73
19383.88,71.69,95,0.0,3329.73
19383.88,71.5,94,0.0,3329.73
19383.88,69.43,94,2.425,3329.73
19383.88,70.02,89,0.0,3329.73
19383.88,70.06,92,1.2125,3329.73
19383.88,70.26,92,0.0,3329.73
19383.88,69.79,92,0.0,3329.73
19383.88,69.77,97,1.2125,3329.73
19383.88,69.9,96,1.2125,3329.73
19383.88,70.02,96,0.0,3329.73
19383.88,70.19,95,0.0,3329.73
19383.88,70.06,95,1.2375,3329.73
19383.88,70.25,95,0.0,3329.73
19383.88,72.38,94,0.0,3329.73
19383.88,72.1,94,0.0,3329.73
19383.88,72.1,95,1.2375,3329.73
19383.88,71.74,95,0.0,3329.73
19383.88,72.12,94,0.0,3329.73
19383.88,72.12,94,1.25,3329.73
19383.88,72.09,94,0.0,3329.73
19383.88,72.08,94,0.0,3329.73
19383.88,72.04,95,1.25,3329.73
19383.88,72.04,95,0.0,3329.73
19383.88,72.23,95,0.0,3329.73
19383.88,72.12,95,1.25,3329.73
19383.88,72.17,95,0.0,3329.73
19383.88,71.99,95,0.0,3329.73
19383.88,72.15,96,0.0,3329.73
19383.88,71.96,96,1.25,3329.73
19383.88,72.1,96,0.0,3329.73
19383.88,72.22,96,0.0,3329.73
19383.88,72.06,95,1.25,3329.73
19383.88,72.05,95,0.0,3329.73
19383.88,71.98,96,0.0,3329.73
19383.88,71.82,96,0.0,3329.73
19383.88,71.78,93,1.2375,3329.73
19383.88,71.17,93,0.0,3329.73
19383.88,71.34,92,0.0,3329.73
19383.88,71.3,92,0.0,3329.73
19383.88,71.5,94,1.2375,3329.73
19383.88,71.09,94,0.0,3329.73
19383.88,71.31,92,0.0,3329.73
19383.88,71.11,92,1.25,3329.73
19383.88,71.27,94,0.0,3329.73
19383.88,71.31,94,0.0,3329.73
19383.88,71.29,94,1.25,3329.73
19383.88,71.35,95,0.0,3329.73
19383.88,71.73,95,0.0,3329.73
19383.88,71.88,95,0.0,3329.73
19383.88,72.06,95,1.25,3329.73
19383.88,72.11,95,0.0,3329.73
19383.88,72.05,95,0.0,3329.73
19383.88,71.94,95,2.4875,3329.73
19383.88,71.72,95,0.0,3329.73
19383.88,71.64,95,0.0,3329.73
19383.88,71.52,95,2.425,3329.73
19383.88,71.97,79,0.0,3329.73
19383.88,72.4,79,0.0,3329.73
19383.88,72.34,100,1.2125,3329.73
19383.88,71.45,100,0.0,3329.73
19383.88,71.52,93,0.0,3329.73
19383.88,71.87,93,1.2125,3329.73
19383.88,71.58,94,0.0,3329.73
19383.88,72.06,94,0.0,3329.73
19383.88,71.86,95,1.2125,3329.73
19383.88,72.02,95,0.0,3329.73
19383.88,72.25,95,0.0,3329.73
19383.88,71.92,95,1.2125,3329.73
19383.88,71.53,95,0.0,3329.73
19383.88,71.31,95,0.0,3329.73
19383.88,71.91,95,1.2125,3329.73
19383.88,71.76,95,0.0,3329.73
19383.88,71.8,95,0.0,3329.73
19383.88,71.51,95,1.2125,3329.73
19383.88,71.7,93,0.0,3329.73
19383.88,71.7,93,0.0,3329.73
19383.88,71.77,95,0.0,3329.73
19383.88,71.67,95,1.225,3329.73
19383.88,71.44,93,0.0,3329.73
19383.88,71.38,93,0.0,3329.73
19383.88,71.59,95,0.0,3329.73
19383.88,71.76,95,0.0,3329.73
19383.88,71.78,95,1.225,3329.73
19383.88,71.33,95,0.0,3329.73
19383.88,71.9,94,0.0,3329.73
19383.88,71.45,94,1.2,3329.73
19383.88,71.72,94,1.2,3329.73
19383.88,71.71,94,0.0,3329.73
19383.88,71.53,94,0.0,3329.73
19383.88,71.68,94,1.2125,3329.73
19383.88,71.72,92,0.0,3329.73
19383.88,71.8,92,0.0,3329.73
19383.88,71.68,94,1.2125,3329.73
19383.88,71.73,94,0.0,3329.73
19383.88,71.75,94,0.0,3329.73
19383.88,71.55,94,1.2125,3329.73
19383.88,71.68,94,0.0,3329.73
19383.88,71.68,95,0.0,3329.73
19383.88,71.22,95,1.1875,3329.73
19383.88,71.48,93,0.0,3329.73
19383.88,71.58,93,0.0,3329.73
19383.88,71.27,95,0.0,3329.73
19383.88,71.67,95,1.2125,3329.73
19383.88,71.51,95,0.0,3329.73
19383.88,71.72,95,0.0,3329.73
19383.88,71.88,95,0.0,3329.73
19383.88,71.77,95,1.1875,3329.73
19383.88,71.67,95,3.625,3329.73
19383.88,72.62,81,0.0,3329.73
19383.88,72.66,81,0.0,3329.73
19383.88,71.72,99,1.2,3329.73
19383.88,71.84,99,0.0,3329.73
19383.88,71.67,94,0.0,3329.73
19383.88,71.79,94,1.2125,3329.73
19383.88,72.0,95,0.0,3329.73
19383.88,71.53,95,0.0,3329.73
19383.88,71.84,95,1.2125,3329.73
19383.88,71.68,95,0.0,3329.73
19383.88,71.07,94,0.0,3329.73
19383.88,70.92,94,1.2125,3329.73
19383.88,70.81,95,0.0,3329.73
19383.88,71.54,95,0.0,3329.73
19383.88,71.67,95,1.2125,3329.73
19383.88,71.66,95,0.0,3329.73
19383.88,71.55,94,0.0,3329.73
19383.88,71.52,94,0.0,3329.73
19383.88,71.45,94,0.0,3329.73
19383.88,71.64,94,1.225,3329.73
19383.88,71.5,94,0.0,3329.73
19383.88,71.41,94,0.0,3329.73
19383.88,71.3,95,0.0,3329.73
19383.88,71.51,95,1.25,3329.73
19383.88,71.69,94,0.0,3329.73
19383.88,71.7,94,0.0,3329.73
19383.88,71.56,94,0.0,3329.73
19383.88,71.57,94,1.25,3329.73
19383.88,71.36,95,0.0,3329.73
19383.88,71.63,95,0.0,3329.73
19383.88,71.62,95,1.25,3329.73
19383.88,71.56,95,0.0,3329.73
19383.88,71.54,95,0.0,3329.73
19383.88,71.65,95,0.0,3329.73
19383.88,71.67,0,1.25,3329.73
19383.88,71.74,95,1.25,3329.73
19383.88,71.69,95,0.0,3329.73
19383.88,71.8,95,0.0,3329.73
19383.88,71.78,95,1.25,3329.73
19383.88,71.68,95,0.0,3329.73
19383.88,71.96,94,0.0,3329.73
19383.88,72.06,94,0.0,3329.73
19383.88,72.02,95,1.25,3329.73
19383.88,72.09,95,0.0,3329.73
19383.88,72.17,95,0.0,3329.73
19383.88,72.21,95,0.0,3329.73
19383.88,72.21,95,0.0,3329.73
19383.88,72.25,95,1.25,3329.73
19383.88,72.35,95,0.0,3329.73
19383.88,72.22,95,0.0,3329.73
19383.88,72.36,95,0.0,3329.73
19383.88,72.24,95,1.25,3329.73
19383.88,72.24,83,1.2375,3329.73
19383.88,69.04,83,0.0,3329.73
19383.88,68.89,100,0.0,3329.73
19383.88,68.27,100,0.0,3329.73
19383.88,68.05,96,1.25,3329.73
19383.88,68.08,96,0.0,3329.73
19383.88,68.19,96,0.0,3329.73
19383.88,68.37,96,0.0,3329.73
19383.88,68.37,96,0.0,3329.73
19383.88,67.81,96,0.0,3329.73
19383.88,68.2,95,1.25,3329.73
19383.88,71.7,95,0.0,3329.73
19383.88,71.48,95,0.0,3329.73
19383.88,71.35,95,0.0,3329.73
19383.88,71.71,95,1.25,3329.73
19383.88,71.88,95,0.0,3329.73
19383.88,71.95,95,0.0,3329.73
19383.88,71.92,95,0.0,3329.73
19383.88,72.03,95,1.25,3329.73
19383.88,71.62,95,0.0,3329.73
19383.88,72.15,95,0.0,3329.73
19383.88,71.83,95,0.0,3329.73
19383.88,71.61,95,1.2375,3329.73
19383.88,71.68,95,0.0,3329.73
19383.88,71.76,95,0.0,3329.73
19383.88,72.02,95,0.0,3329.73
19383.88,72.12,95,1.225,3329.73
19383.88,72.06,95,0.0,3329.73
19383.88,72.0,94,0.0,3329.73
19383.88,72.07,94,1.2125,3329.73
19383.88,72.15,95,0.0,3329.73
19383.88,72.09,95,0.0,3329.73
19383.88,71.98,95,0.0,3329.73
19383.88,71.94,96,2.4375,3329.73
19383.88,71.96,96,0.0,3329.73
19383.88,72.02,95,0.0,3329.73
19383.88,71.91,95,1.2125,3329.73
19383.88,72.22,95,0.0,3329.73
19383.88,71.88,95,0.0,3329.73
19383.88,71.88,96,0.0,3329.73
19383.88,71.79,96,1.225,3329.73
19383.88,71.71,95,0.0,3329.73
19383.88,71.74,95,0.0,3329.73
19383.88,71.81,93,0.0,3329.73
19383.88,71.83,93,1.2125,3329.73
19383.88,71.83,93,0.0,3329.73
19383.88,71.78,93,0.0,3329.73
19383.88,71.89,94,1.2125,3329.73
19383.88,71.74,94,0.0,3329.73
19383.88,71.84,94,0.0,3329.73
19383.88,71.79,94,0.0,3329.73
19383.88,71.81,94,1.2125,3329.73
19383.88,68.51,94,1.2,3329.73
19383.88,68.96,78,1.2375,3329.73
19383.88,69.08,78,0.0,3329.73
19383.88,69.21,100,0.0,3329.73
19383.88,69.09,100,1.1875,3329.73
19383.88,69.44,92,0.0,3329.73
19383.88,69.62,92,0.0,3329.73
19383.88,69.8,95,0.0,3329.73
19383.88,69.69,95,1.2125,3329.73
19383.88,69.59,95,1.2,3329.73
19383.88,69.73,95,1.2125,3329.73
19383.88,73.25,94,0.0,3329.73
19383.88,72.79,94,0.0,3329.73
19383.88,72.5,95,1.2125,3329.73
19383.88,72.19,95,0.0,3329.73
19383.88,72.23,94,0.0,3329.73
19383.88,71.76,94,1.2125,3329.73
19383.88,71.71,94,0.0,3329.73
19383.88,71.45,93,0.0,3329.73
19383.88,72.17,93,1.225,3329.73
19383.88,72.47,93,0.0,3329.73
19383.88,73.14,93,0.0,3329.73
19383.88,72.99,95,1.2125,3329.73
19383.88,72.79,95,0.0,3329.73
19383.88,72.93,95,0.0,3329.73
19383.88,73.16,95,0.0,3329.73
19383.88,73.2,95,1.2125,3329.73
19383.88,73.11,95,0.0,3329.73
19383.88,72.92,95,0.0,3329.73
19383.88,72.5,95,1.2125,3329.73
19383.88,72.17,93,0.0,3329.73
19383.88,71.7,93,0.0,3329.73
19383.88,71.59,95,1.2125,3329.73
19383.88,71.65,95,0.0,3329.73
19383.88,71.86,94,0.0,3329.73
19383.88,71.96,94,1.2125,3329.73
19383.88,72.0,95,0.0,3329.73
19383.88,72.02,95,0.0,3329.73
19383.88,72.08,95,0.0,3329.73
19383.88,72.13,95,0.0,3329.73
19383.88,72.15,95,1.2375,3329.73
19383.88,72.01,95,0.0,3329.73
19383.88,71.81,94,0.0,3329.73
19383.88,71.76,94,1.25,3329.73
19383.88,71.97,95,0.0,3329.73
19383.88,71.89,95,0.0,3329.73
19383.88,71.94,95,0.0,3329.73
19383.88,71.94,95,1.2375,3329.73
19383.88,71.93,93,0.0,3329.73
19383.88,72.03,93,0.0,3329.73
19383.88,71.97,94,1.2375,3329.73
19383.88,71.87,94,0.0,3329.73
19383.88,71.79,95,1.25,3329.73
19383.88,74.06,95,1.2375,3329.73
19383.88,74.17,79,0.0,3329.73
19383.88,74.26,79,0.0,3329.73
19383.88,73.11,98,2.4875,3329.73
19383.88,73.12,98,0.0,3329.73
19383.88,73.3,95,0.0,3329.73
19383.88,73.55,95,1.25,3329.73
19383.88,73.56,94,0.0,3329.73
19383.88,73.67,94,0.0,3329.73
19383.88,73.43,93,0.0,3329.73
19383.88,73.64,93,1.25,3329.73
19383.88,71.87,94,0.0,3329.73
19383.88,71.84,94,0.0,3329.73
19383.88,71.34,95,0.0,3329.73
19383.88,72.41,95,1.25,3329.73
19383.88,72.28,93,0.0,3329.73
19383.88,72.25,93,0.0,3329.73
19383.88,72.2,95,0.0,3329.73
19383.88,72.02,95,1.2375,3329.73
19383.88,71.81,94,0.0,3329.73
19383.88,72.12,94,0.0,3329.73
19383.88,72.0,95,0.0,3329.73
19383.88,71.45,95,1.2375,3329.73
19383.88,71.01,95,0.0,3329.73
19383.88,71.78,95,0.0,3329.73
19383.88,72.07,94,0.0,3329.73
19383.88,72.27,94,1.2375,3329.73
19383.88,72.28,95,0.0,3329.73
19383.88,72.0,95,0.0,3329.73
19383.88,72.05,95,1.2375,3329.73
19383.88,72.1,95,0.0,3329.73
19383.88,72.06,94,0.0,3329.73
19383.88,72.05,94,2.4125,3329.73
19383.88,72.11,95,0.0,3329.86
19383.88,72.23,95,0.0,3329.86
19383.88,72.14,95,1.2125,3329.86
19383.88,71.75,94,0.0,3329.86
19383.88,72.08,94,0.0,3329.86
19383.88,72.04,95,1.2125,3329.86
19383.88,72.11,95,0.0,3329.86
19383.88,72.09,94,0.0,3329.86
19383.88,72.03,94,1.2125,3329.86
19383.88,71.95,96,0.0,3329.86
19383.88,71.86,96,0.0,3329.86
19383.88,71.93,95,0.0,3329.86
19383.88,72.09,95,0.0,3329.86
19383.88,72.06,95,1.1875,3329.86
19383.88,72.0,95,0.0,3329.86
19383.88,72.03,95,1.2125,3329.86
19383.88,71.88,95,0.0,3329.86
19383.88,71.92,95,1.2125,3329.86
19383.88,71.88,95,2.425,3329.86
19383.88,68.47,80,0.0,3329.86
19383.88,69.55,80,0.0,3329.86
19383.88,69.68,86,1.2,3329.86
19383.88,69.99,86,0.0,3329.86
19383.88,70.19,100,0.0,3329.86
19383.88,70.45,100,1.2125,3329.86
19383.88,69.25,98,0.0,3329.86
19383.88,68.99,98,0.0,3329.86
19383.88,69.72,95,1.2125,3329.86
19383.88,69.48,95,0.0,3329.86
19383.88,69.78,95,0.0,3329.86
19383.88,73.0,95,1.2,3329.86
19383.88,72.1,95,0.0,3329.86
19383.88,72.05,95,0.0,3329.86
19383.88,71.56,95,1.2,3329.86
19383.88,71.21,95,0.0,3329.86
19383.88,71.98,92,0.0,3329.86
19383.88,72.07,92,1.2125,3329.86
19383.88,70.9,94,0.0,3329.86
19383.88,71.08,93,0.0,3329.86
19383.88,70.73,93,1.2125,3329.86
19383.88,71.2,95,0.0,3329.86
19383.88,71.01,95,0.0,3329.86
19383.88,71.18,95,1.2125,3329.86
19383.88,70.77,94,0.0,3329.86
19383.88,71.06,95,1.2125,3329.86
19383.88,70.92,95,0.0,3329.86
19383.88,71.24,94,1.2,3329.86
19383.88,71.19,94,0.0,3329.86
19383.88,72.11,94,1.2125,3329.86
19383.88,71.86,94,0.0,3329.86
19383.88,72.51,95,0.0,3329.86
19383.88,72.02,95,0.0,3329.86
19383.88,72.35,95,1.2125,3329.86
19383.88,71.89,95,0.0,3329.86
19383.88,72.23,95,0.0,3329.86
19383.88,71.8,95,1.2125,3329.86
19383.88,72.37,94,0.0,3329.86
19383.88,72.47,94,0.0,3329.86
19383.88,72.15,92,0.0,3329.86
19383.88,72.08,92,2.4125,3329.86
19383.88,72.11,95,0.0,3329.86
19383.88,71.93,95,0.0,3329.86
19383.88,71.98,95,0.0,3329.86
19383.88,71.78,95,1.2125,3329.86
19383.88,71.92,95,0.0,3329.86
19383.88,71.87,95,0.0,3329.86
19383.88,72.04,93,1.225,3329.86
19383.88,71.87,93,0.0,3329.86
19383.88,71.4,95,0.0,3329.86
19383.88,71.75,95,1.2125,3329.86
19383.88,71.48,95,0.0,3329.86
19383.88,71.75,95,0.0,3329.86
19383.88,71.45,95,0.0,3329.86
19383.88,71.73,95,1.2125,3329.86
19383.88,71.44,95,2.45,3329.86
19383.88,71.73,95,0.0,3329.86
19383.88,73.11,78,1.2125,3329.86
19383.88,73.39,78,0.0,3329.86
19383.88,73.22,100,1.2125,3329.86
19383.88,72.04,95,0.0,3329.86
19383.88,72.17,95,0.0,3329.86
19383.88,72.28,95,0.0,3329.86
19383.88,72.46,95,1.2125,3329.86
19383.88,72.6,95,0.0,3329.86
19383.88,72.69,95,1.2125,3329.86
19383.88,72.77,93,0.0,3329.86
19383.88,71.23,93,0.0,3329.86
19383.88,71.23,95,0.0,3329.86
19383.88,70.55,95,1.2125,3329.86
19383.88,71.81,94,0.0,3329.86
19383.88,71.58,94,0.0,3329.86
19383.88,71.52,94,1.2,3329.86
19383.88,71.37,94,0.0,3329.86
19383.88,71.54,95,0.0,3329.86
19383.88,71.6,95,1.2125,3329.86
19383.88,71.46,95,0.0,3329.86
19383.88,71.28,95,1.2125,3329.86
19383.88,71.32,94,1.2125,3329.86
19383.88,71.46,95,0.0,3329.86
19383.88,71.56,95,0.0,3329.86
19383.88,71.59,95,1.2125,3329.86
19383.88,71.98,95,0.0,3329.86
19383.88,71.92,95,0.0,3329.86
19383.88,72.0,95,0.0,3329.86
19383.88,71.86,95,1.2,3329.86
19383.88,71.77,95,0.0,3329.86
19383.88,71.75,94,0.0,3329.86
19383.88,71.74,94,1.2125,3329.86
19383.88,71.75,94,0.0,3329.86
19383.88,71.95,95,0.0,3329.86
19383.88,72.09,93,1.2125,3329.86
19383.88,72.03,93,0.0,3329.86
19383.88,71.91,95,0.0,3329.86
19383.88,71.53,95,1.2125,3329.86
19383.88,71.78,94,0.0,3329.86
19383.88,71.36,94,0.0,3329.86
19383.88,71.75,94,1.2125,3329.86
19383.88,71.8,94,0.0,3329.86
19383.88,71.89,94,1.2,3329.86
19383.88,72.06,94,0.0,3329.86
19383.88,72.1,94,1.2125,3329.86
19383.88,72.18,94,0.0,3329.86
19383.88,72.09,95,0.0,3329.86
19383.88,72.15,95,1.2125,3329.86
19383.88,72.2,94,0.0,3329.86
19383.88,72.2,94,0.0,3329.86
19383.88,72.2,94,2.4375,3329.86
19383.88,68.47,94,0.0,3329.86
19383.88,68.38,77,1.2125,3329.86
19383.88,68.67,77,0.0,3329.86
19383.88,68.61,100,0.0,3329.86
19383.88,67.5,100,1.2125,3329.86
19383.88,67.66,93,0.0,3329.86
19383.88,67.73,93,1.2,3329.86
19383.88,67.78,94,0.0,3329.86
19383.88,67.78,94,0.0,3329.86
19383.88,67.6,94,1.2125,3329.86
19383.88,67.51,94,0.0,3329.86
19383.88,71.27,94,0.0,3329.86
19383.88,71.15,94,1.2,3329.86
19383.88,70.92,95,0.0,3329.86
19383.88,70.42,95,0.0,3329.86
19383.88,71.57,93,0.0,3329.86
19383.88,71.23,93,1.2125,3329.86
19383.88,71.4,95,0.0,3329.86
19383.88,71.2,95,0.0,3329.86
19383.88,71.44,95,1.225,3329.86
19383.88,71.66,95,0.0,3329.86
19383.88,71.54,95,0.0,3329.86
19383.88,71.4,95,0.0,3329.86
19383.88,71.43,94,1.225,3329.86
19383.88,71.57,95,0.0,3329.86
19383.88,71.65,95,0.0,3329.86
19383.88,71.65,95,0.0,3329.86
19383.88,71.99,94,1.225,3329.86
19383.88,71.97,95,0.0,3329.86
19383.88,72.04,95,0.0,3329.86
19383.88,72.0,96,2.425,3329.86
19383.88,71.89,95,0.0,3329.86
19383.88,71.9,95,0.0,3329.86
19383.88,71.9,95,0.0,3329.86
19383.88,72.02,94,0.0,3329.86
19383.88,72.19,95,1.175,3329.86
19383.88,72.21,95,0.0,3329.86
19383.88,72.39,94,1.225,3329.86
19383.88,72.31,94,0.0,3329.86
19383.88,72.19,95,0.0,3329.86
19383.88,72.16,95,0.0,3329.86
19383.88,71.93,94,1.225,3329.86
19383.88,71.99,94,0.0,3329.86
19383.88,71.97,95,0.0,3329.86
19383.88,72.06,95,1.225,3329.86
19383.88,71.91,95,0.0,3329.86
19383.88,71.85,95,0.0,3329.86
19383.88,71.92,95,0.0,3329.86
19383.88,71.58,95,1.2125,3329.86
19383.88,71.54,95,0.0,3329.86
19383.88,71.52,95,0.0,3329.86
19383.88,71.49,96,2.4375,3329.86
19383.88,73.25,96,0.0,3329.86
19383.88,73.38,81,0.0,3329.86
19383.88,73.49,81,1.2125,3329.86
19383.88,72.38,97,0.0,3329.86
19383.88,72.81,97,0.0,3329.86
19383.88,72.86,95,0.0,3329.86
19383.88,73.17,95,1.2125,3329.86
19383.88,73.55,95,0.0,3329.86
19383.88,72.99,95,0.0,3329.86
19383.88,73.4,95,0.0,3329.86
19383.88,73.36,95,1.2125,3329.86
19383.88,72.25,95,0.0,3329.86
19383.88,71.7,95,0.0,3329.86
19383.88,71.61,95,1.225,3329.86
19383.88,72.36,95,0.0,3329.86
19383.88,72.22,94,0.0,3329.86
19383.88,72.17,94,0.0,3329.86
19383.88,72.02,93,1.2125,3329.86
19383.88,71.91,95,0.0,3329.86
19383.88,71.87,95,1.2,3329.86
19383.88,72.06,95,1.2125,3329.86
19383.88,71.85,95,0.0,3329.86
19383.88,71.58,94,0.0,3329.86
19383.88,71.75,94,0.0,3329.86
19383.88,71.88,95,1.2125,3329.86
19383.88,72.05,95,0.0,3329.86
19383.88,72.06,95,0.0,3329.86
19383.88,71.93,95,1.2125,3329.86
19383.88,72.02,95,0.0,3329.86
19383.88,72.1,95,0.0,3329.86
19383.88,71.98,94,0.0,3329.86
19383.88,71.93,94,1.225,3329.86
19383.88,71.93,95,0.0,3329.86
19383.88,71.93,95,0.0,3329.86
19383.88,72.09,95,0.0,3329.86
19383.88,72.12,95,0.0,3329.86
19383.88,71.98,94,1.225,3329.86
19383.88,72.19,94,0.0,3329.86
19383.88,71.76,94,0.0,3329.86
19383.88,71.77,94,0.0,3329.86
19383.88,71.67,95,0.0,3329.86
19383.88,71.58,95,1.225,3329.86
19383.88,71.64,95,0.0,3329.86
19383.88,71.66,95,0.0,3329.86
19383.88,71.71,95,1.2125,3329.86
19383.88,71.75,95,0.0,3329.86
19383.88,71.72,95,0.0,3329.86
19383.88,71.9,95,1.2125,3329.86
19383.88,71.97,95,0.0,3329.86
19383.88,71.94,95,0.0,3329.86
19383.88,71.79,95,0.0,3329.86
19383.88,71.84,95,2.4375,3329.86
19383.88,73.8,81,0.0,3329.86
19383.88,73.96,81,1.225,3329.86
19383.88,74.03,100,1.225,3329.86
19383.88,73.43,100,0.0,3329.86
19383.88,73.59,96,0.0,3329.86
19383.88,73.79,96,0.0,3329.86
19383.88,73.88,96,1.2125,3329.86
19383.88,73.69,96,0.0,3329.86
19383.88,74.12,97,0.0,3329.86
19383.88,73.69,97,0.0,3329.86
19383.88,73.78,96,1.25,3329.86
19383.88,71.93,96,0.0,3329.86
19383.88,71.62,96,0.0,3329.86
19383.88,71.44,96,0.0,3329.86
19383.88,72.05,95,1.2125,3329.86
19383.88,71.92,95,0.0,3329.86
19383.88,71.94,95,1.2125,3329.86
19383.88,71.9,96,0.0,3329.86
19383.88,71.9,96,0.0,3329.86
19383.88,70.95,92,0.0,3329.86
19383.88,71.59,92,1.2375,3329.86
19383.88,71.9,92,0.0,3329.86
19383.88,71.77,92,0.0,3329.86
19383.88,71.77,95,1.2375,3329.86
19383.88,71.96,95,0.0,3329.86
19383.88,72.06,94,0.0,3329.86
19383.88,72.16,94,1.25,3329.86
19383.88,71.89,94,0.0,3329.86
19383.88,71.8,94,0.0,3329.86
19383.88,72.56,95,0.0,3329.86
19383.88,71.98,95,1.2375,3329.86
19383.88,71.9,94,0.0,3329.86
19383.88,71.88,94,0.0,3329.86
19383.88,72.2,93,1.25,3329.86
19383.88,72.5,93,0.0,3329.86
19383.88,72.33,95,0.0,3329.86
19383.88,72.23,95,1.2375,3329.86
19383.88,71.93,94,0.0,3329.86
19383.88,72.12,94,0.0,3329.86
19383.88,71.92,95,1.2375,3329.86
19383.88,71.93,95,0.0,3329.86
19383.88,71.92,95,0.0,3329.86
19383.88,71.84,95,0.0,3329.86
19383.88,71.67,95,1.2375,3329.86
19383.88,71.76,95,0.0,3329.86
19383.88,71.28,95,0.0,3329.86
19383.88,71.75,95,1.2375,3329.86
19383.88,71.91,95,0.0,3329.86
19383.88,71.79,95,0.0,3329.86
19383.88,71.78,95,0.0,3329.86
19383.88,71.77,95,1.25,3329.86
19383.88,71.78,95,1.225,3329.86
19383.88,71.95,95,1.25,3329.86
19383.88,72.09,78,0.0,3329.86
19383.88,72.47,78,0.0,3329.86
19383.88,71.42,98,1.25,3329.86
19383.88,71.31,98,1.25,3329.86
19383.88,71.41,94,0.0,3329.86
19383.88,71.2,94,0.0,3329.86
19383.88,71.83,93,0.0,3329.86
19383.88,71.7,93,1.25,3329.86
19383.88,71.76,95,0.0,3329.86
19383.88,71.61,95,0.0,3329.86
19383.88,71.72,95,0.0,3329.86
19383.88,71.45,95,1.2375,3329.86
19383.88,71.22,94,0.0,3329.86
19383.88,72.29,94,0.0,3329.86
19383.88,72.3,95,1.2125,3329.86
19383.88,72.42,95,0.0,3329.86
19383.88,72.27,93,0.0,3329.86
19383.88,72.18,93,1.2,3329.86
19383.88,72.0,95,0.0,3329.86
19383.88,72.31,95,0.0,3329.86
19383.88,72.23,93,1.2125,3329.86
19383.88,72.06,93,0.0,3329.86
19383.88,72.01,95,0.0,3329.86
19383.88,72.05,95,1.175,3329.86
19383.88,71.82,95,0.0,3329.86
19383.88,72.18,95,1.2125,3329.86
19383.88,71.91,95,0.0,3329.86
19383.88,71.98,95,1.2125,3329.86
19383.88,72.25,93,0.0,3329.86
19383.88,72.21,93,0.0,3329.86
19383.88,72.12,95,1.2125,3329.86
19383.88,71.85,95,0.0,3329.86
19383.88,72.02,95,0.0,3329.86
19383.88,72.04,95,1.1875,3329.86
19383.88,72.15,95,0.0,3329.86
19383.88,71.7,95,0.0,3329.86
19383.88,71.73,93,0.0,3329.86
19383.88,71.43,93,1.2125,3329.86
19383.88,71.63,93,0.0,3329.86
19383.88,71.05,93,0.0,3329.86
19383.88,71.24,95,1.2125,3329.86
19383.88,70.86,95,0.0,3329.86
19383.88,71.3,94,1.2125,3329.86
19383.88,71.26,94,1.2125,3329.86
19383.88,71.44,94,0.0,3329.86
19383.88,71.7,93,0.0,3329.86
19383.88,71.82,93,0.0,3329.86
19383.88,71.95,95,1.2125,3329.86
19383.88,71.89,95,0.0,3329.86
19383.88,71.83,94,0.0,3329.86
19383.88,71.83,94,1.175,3329.86
19383.88,69.82,88,1.2,3329.86
19383.88,69.82,88,0.0,3329.86
19383.88,69.61,93,0.0,3329.86
19383.88,69.59,93,0.0,3329.86
19383.88,68.56,97,1.25,3329.86
19383.88,69.01,97,0.0,3329.86
19383.88,69.03,95,0.0,3329.86
19383.88,69.2,95,1.25,3329.86
19383.88,69.34,94,0.0,3329.86
19383.88,69.59,94,0.0,3329.86
19383.88,69.43,94,1.2375,3329.86
19383.88,72.05,94,0.0,3329.86
19383.88,71.85,95,0.0,3329.86
19383.88,71.82,95,0.0,3329.86
19383.88,71.53,95,1.2375,3329.86
19383.88,72.13,95,1.2375,3329.86
19383.88,71.73,94,0.0,3329.86
19383.88,71.64,94,1.2375,3329.86
19383.88,71.57,95,0.0,3329.86
19383.88,71.38,95,0.0,3329.86
19383.88,71.28,93,1.2375,3329.86
19383.88,71.57,93,0.0,3329.86
19383.88,71.38,95,0.0,3329.86
19383.88,71.43,95,1.25,3329.86
19383.88,71.6,95,0.0,3329.86
19383.88,71.73,95,0.0,3329.86
19383.88,71.9,95,1.2375,3329.86
19383.88,72.16,95,0.0,3329.86
19383.88,72.1,95,0.0,3329.86
19383.88,72.08,95,1.2375,3329.86
19383.88,72.11,95,0.0,3329.86
19383.88,71.97,95,0.0,3329.86
19383.88,71.79,94,0.0,3329.86
19383.88,71.74,94,1.2375,3329.86
19383.88,72.18,93,0.0,3329.86
19383.88,72.36,93,0.0,3329.86
19383.88,72.43,93,1.2375,3329.86
19383.88,72.61,93,0.0,3329.86
19383.88,72.8,93,0.0,3329.86
19383.88,72.87,93,0.0,3329.86
19383.88,72.71,95,1.2375,3329.86
19383.88,72.73,95,0.0,3329.86
19383.88,72.61,95,0.0,3329.86
19383.88,72.69,95,1.225,3329.86
19383.88,72.2,94,0.0,3329.86
19383.88,72.01,94,0.0,3329.86
19383.88,71.62,95,0.0,3329.86
19383.88,71.89,95,1.2125,3329.86
19383.88,71.69,93,0.0,3329.86
19383.88,71.73,93,1.175,3329.86
19383.88,71.33,95,0.0,3329.86
19383.88,71.87,95,0.0,3329.86
19383.88,71.78,95,3.6375,3329.86
19383.88,73.74,95,0.0,3329.98
19383.88,74.06,77,0.0,3329.98
19383.88,74.04,77,1.2125,3329.98
19383.88,74.22,100,0.0,3329.98
19383.88,74.25,100,0.0,3329.98
19383.88,73.83,100,1.2125,3329.98
19383.88,73.86,100,0.0,3329.98
19383.88,74.05,94,0.0,3329.98
19383.88,73.89,94,1.2125,3329.98
19383.88,73.89,95,0.0,3329.98
19383.88,73.84,95,0.0,3329.98
19383.88,73.84,95,1.2125,3329.98
19383.88,71.75,95,0.0,3329.98
19383.88,72.35,94,0.0,3329.98
19383.88,72.53,94,0.0,3329.98
19383.88,72.29,94,1.2,3329.98
19383.88,73.0,94,0.0,3329.98
19383.88,73.0,94,0.0,3329.98
19383.88,73.05,94,1.2,3329.98
19383.88,73.35,94,0.0,3329.98
19383.88,73.42,95,1.2125,3329.98
19383.88,73.26,95,0.0,3329.98
19383.88,73.11,95,0.0,3329.98
19383.88,72.51,95,0.0,3329.98
19383.88,72.39,95,1.2125,3329.98
19383.88,72.37,95,1.2125,3329.98
19383.88,72.12,95,0.0,3329.98
19383.88,71.73,96,1.1875,3329.98
19383.88,71.72,96,0.0,3329.98
19383.88,71.45,96,0.0,3329.98
19383.88,71.61,96,1.2125,3329.98
19383.88,71.28,96,0.0,3329.98
19383.88,71.72,96,0.0,3329.98
19383.88,71.74,96,1.2125,3329.98
19383.88,71.95,96,0.0,3329.98
19383.88,72.05,96,0.0,3329.98
19383.88,71.96,96,1.2125,3329.98
19383.88,71.96,96,0.0,3329.98
19383.88,71.96,96,0.0,3329.98
19383.88,72.02,96,0.0,3329.98
19383.88,71.97,96,1.2125,3329.98
19383.88,71.96,96,0.0,3329.98
19383.88,71.94,96,0.0,3329.98
19383.88,71.78,95,1.2,3329.98
19383.88,71.51,95,0.0,3329.98
19383.88,71.69,94,0.0,3329.98
19383.88,71.36,94,1.2125,3329.98
19383.88,71.55,95,0.0,3329.98
19383.88,71.31,95,0.0,3329.98
19383.88,71.53,95,2.425,3329.98
19383.88,71.26,95,0.0,3329.98
19383.88,71.41,95,0.0,3329.98
19383.88,71.31,95,1.2125,3329.98
19383.88,71.69,94,1.2125,3329.98
19383.88,73.73,94,0.0,3329.98
19383.88,73.61,86,0.0,3329.98
19383.88,73.56,100,1.1875,3329.98
19383.88,73.77,100,0.0,3329.98
19383.88,73.77,95,0.0,3329.98
19383.88,73.81,95,0.0,3329.98
19383.88,73.75,95,0.0,3329.98
19383.88,74.06,95,1.225,3329.98
19383.88,74.03,94,0.0,3329.98
19383.88,74.19,94,0.0,3329.98
19383.88,73.91,94,1.225,3329.98
19383.88,71.93,94,0.0,3329.98
19383.88,72.15,93,0.0,3329.98
19383.88,71.76,93,0.0,3329.98
19383.88,71.62,95,1.225,3329.98
19383.88,71.6,95,1.225,3329.98
19383.88,71.73,95,0.0,3329.98
19383.88,71.47,95,0.0,3329.98
19383.88,71.74,94,0.0,3329.98
19383.88,71.77,94,1.2,3329.98
19383.88,72.27,94,0.0,3329.98
19383.88,72.41,94,1.2125,3329.98
19383.88,72.26,95,0.0,3329.98
19383.88,72.37,95,0.0,3329.98
19383.88,72.99,94,0.0,3329.98
19383.88,73.27,94,1.2125,3329.98
19383.88,73.17,95,0.0,3329.98
19383.88,73.32,95,0.0,3329.98
19383.88,73.13,94,1.2125,3329.98
19383.88,73.03,94,0.0,3329.98
19383.88,72.81,95,0.0,3329.98
19383.88,72.53,95,0.0,3329.98
19383.88,71.91,95,1.2125,3329.98
19383.88,72.18,95,0.0,3329.98
19383.88,71.82,95,0.0,3329.98
19383.88,71.66,95,1.2125,3329.98
19383.88,70.96,94,0.0,3329.98
19383.88,71.5,94,0.0,3329.98
19383.88,71.04,95,0.0,3329.98
19383.88,71.53,95,1.2125,3329.98
19383.88,71.15,94,0.0,3329.98
19383.88,71.0,94,0.0,3329.98
19383.88,71.41,95,2.4375,3329.98
19383.88,71.08,95,0.0,3329.98
19383.88,71.46,94,0.0,3329.98
19383.88,71.46,94,0.0,3329.98
19383.88,70.81,93,1.2125,3329.98
19383.88,71.53,93,0.0,3329.98
19383.88,71.39,95,0.0,3329.98
19383.88,71.12,95,1.2125,3329.98
19383.88,71.4,95,0.0,3329.98
19383.88,71.18,95,0.0,3329.98
19383.88,71.54,95,0.0,3329.98
19383.88,68.93,88,2.425,3329.98
19383.88,69.51,88,0.0,3329.98
19383.88,69.66,88,0.0,3329.98
19383.88,70.24,91,1.2125,3329.98
19383.88,70.02,91,0.0,3329.98
19383.88,69.8,100,0.0,3329.98
19383.88,69.52,96,1.2125,3329.98
19383.88,69.86,96,1.2125,3329.98
19383.88,69.86,94,0.0,3329.98
19383.88,70.34,94,0.0,3329.98
19383.88,70.44,95,1.2125,3329.98
19383.88,73.09,95,0.0,3329.98
19383.88,73.07,95,0.0,3329.98
19383.88,72.57,95,1.2125,3329.98
19383.88,72.57,95,0.0,3329.98
19383.88,72.09,95,0.0,3329.98
19383.88,72.53,95,1.2125,3329.98
19383.88,72.45,94,0.0,3329.98
19383.88,72.32,94,0.0,3329.98
19383.88,71.78,95,1.2125,3329.98
19383.88,71.42,95,0.0,3329.98
19383.88,71.54,96,0.0,3329.98
19383.88,71.09,96,1.2125,3329.98
19383.88,71.33,95,0.0,3329.98
19383.88,71.05,95,0.0,3329.98
19383.88,71.58,96,0.0,3329.98
19383.88,71.36,96,1.225,3329.98
19383.88,71.58,96,1.2125,3329.98
19383.88,71.28,96,0.0,3329.98
19383.88,71.85,94,1.2125,3329.98
19383.88,71.67,94,0.0,3329.98
19383.88,71.86,95,0.0,3329.98
19383.88,71.51,95,0.0,3329.98
19383.88,71.49,95,1.225,3329.98
19383.88,71.3,95,0.0,3329.98
19383.88,71.53,95,0.0,3329.98
19383.88,71.41,95,0.0,3329.98
19383.88,71.65,95,1.225,3329.98
19383.88,71.81,95,0.0,3329.98
19383.88,72.13,95,0.0,3329.98
19383.88,72.24,95,0.0,3329.98
19383.88,72.15,95,0.0,3329.98
19383.88,72.09,95,1.225,3329.98
19383.88,71.98,95,0.0,3329.98
19383.88,72.18,95,0.0,3329.98
19383.88,72.19,95,1.225,3329.98
19383.88,72.24,95,0.0,3329.98
19383.88,72.18,95,0.0,3329.98
19383.88,72.21,95,0.0,3329.98
19383.88,71.91,95,0.0,3329.98
19383.88,71.93,95,1.225,3329.98
19383.88,71.53,95,0.0,3329.98
19383.88,71.77,95,0.0,3329.98
19383.88,71.55,95,1.225,3329.98
19383.88,71.88,95,1.225,3329.98
19383.88,73.4,80,0.0,3329.98
19383.88,73.53,80,1.225,3329.98
19383.88,73.59,100,0.0,3329.98
19383.88,72.62,100,1.225,3329.98
19383.88,72.42,96,0.0,3329.98
19383.88,72.7,96,0.0,3329.98
19383.88,72.55,94,0.0,3329.98
19383.88,73.0,94,1.225,3329.98
19383.88,72.88,95,0.0,3329.98
19383.88,72.93,95,0.0,3329.98
19383.88,72.89,95,0.0,3329.98
19383.88,71.47,95,0.0,3329.98
19383.88,71.17,95,1.225,3329.98
19383.88,70.92,95,0.0,3329.98
19383.88,71.9,95,0.0,3329.98
19383.88,71.87,95,1.2125,3329.98
19383.88,71.89,95,0.0,3329.98
19383.88,71.06,94,0.0,3329.98
19383.88,71.02,94,0.0,3329.98
19383.88,71.32,95,1.225,3329.98
19383.88,71.1,95,0.0,3329.98
19383.88,70.94,94,0.0,3329.98
19383.88,70.97,94,0.0,3329.98
19383.88,71.02,94,1.2125,3329.98
19383.88,70.91,94,0.0,3329.98
19383.88,71.11,94,0.0,3329.98
19383.88,70.79,94,1.2125,3329.98
19383.88,71.67,93,0.0,3329.98
19383.88,71.25,93,0.0,3329.98
19383.88,71.68,93,0.0,3329.98
19383.88,71.66,93,1.2125,3329.98
19383.88,71.62,93,0.0,3329.98
19383.88,71.66,93,0.0,3329.98
19383.88,71.62,95,1.225,3329.98
19383.88,72.03,95,0.0,3329.98
19383.88,72.13,92,0.0,3329.98
19383.88,72.2,92,1.225,3329.98
19383.88,72.23,95,0.0,3329.98
19383.88,72.34,95,1.225,3329.98
19383.88,72.33,95,0.0,3329.98
19383.88,72.13,95,0.0,3329.98
19383.88,71.63,95,1.2125,3329.98
19383.88,71.74,95,0.0,3329.98
19383.88,71.41,95,0.0,3329.98
19383.88,72.09,95,1.2125,3329.98
19383.88,72.15,95,0.0,3329.98
19383.88,72.14,95,0.0,3329.98
19383.88,72.19,96,1.2125,3329.98
19383.88,72.15,96,0.0,3329.98
19383.88,72.15,95,0.0,3329.98
19383.88,72.15,95,1.2125,3329.98
19383.88,69.13,95,1.2125,3329.98
19383.88,68.93,95,1.2125,3329.98
19383.88,68.93,82,0.0,3329.98
19383.88,68.74,82,0.0,3329.98
19383.88,67.89,100,1.2125,3329.98
19383.88,67.99,100,0.0,3329.98
19383.88,67.99,94,0.0,3329.98
19383.88,68.06,94,1.2125,3329.98
19383.88,68.37,95,0.0,3329.98
19383.88,68.58,95,0.0,3329.98
19383.88,68.54,95,1.225,3329.98
19383.88,71.82,95,0.0,3329.98
19383.88,72.0,95,0.0,3329.98
19383.88,71.96,95,0.0,3329.98
19383.88,71.68,95,1.225,3329.98
19383.88,72.19,95,0.0,3329.98
19383.88,72.04,95,0.0,3329.98
19383.88,72.2,95,1.2125,3329.98
19383.88,72.54,94,0.0,3329.98
19383.88,72.06,95,0.0,3329.98
19383.88,72.18,95,0.0,3329.98
19383.88,72.14,96,1.2125,3329.98
19383.88,72.01,93,0.0,3329.98
19383.88,71.84,93,0.0,3329.98
19383.88,71.93,95,1.2125,3329.98
19383.88,72.03,95,0.0,3329.98
19383.88,72.14,95,0.0,3329.98
19383.88,72.14,95,1.2125,3329.98
19383.88,72.12,95,0.0,3329.98
19383.88,72.08,95,0.0,3329.98
19383.88,71.94,95,0.0,3329.98
19383.88,71.89,95,1.225,3329.98
19383.88,71.75,93,0.0,3329.98
19383.88,71.67,93,0.0,3329.98
19383.88,71.81,95,0.0,3329.98
19383.88,71.87,95,0.0,3329.98
19383.88,71.89,95,1.2,3329.98
19383.88,71.94,95,1.2125,3329.98
19383.88,71.8,94,0.0,3329.98
19383.88,71.42,94,0.0,3329.98
19383.88,71.88,94,1.2125,3329.98
19383.88,71.86,94,0.0,3329.98
19383.88,71.69,95,0.0,3329.98
19383.88,71.78,95,1.2125,3329.98
19383.88,71.84,95,0.0,3329.98
19383.88,71.89,95,0.0,3329.98
19383.88,71.93,95,1.2125,3329.98
19383.88,72.0,95,0.0,3329.98
19383.88,71.96,95,0.0,3329.98
19383.88,71.91,95,0.0,3329.98
19383.88,71.9,95,1.225,3329.98
19383.88,71.77,95,0.0,3329.98
19383.88,71.77,95,1.225,3329.98
19383.88,74.03,95,0.0,3329.98
19383.88,74.15,79,1.2125,3329.98
19383.88,74.56,79,0.0,3329.98
19383.88,74.41,100,0.0,3329.98
19383.88,74.66,100,1.2125,3329.98
19383.88,74.57,100,0.0,3329.98
19383.88,73.6,100,0.0,3329.98
19383.88,73.57,96,1.2125,3329.98
19383.88,73.66,96,0.0,3329.98
19383.88,73.41,95,0.0,3329.98
19383.88,73.36,95,1.2125,3329.98
19383.88,71.77,95,0.0,3329.98
19383.88,71.58,95,0.0,3329.98
19383.88,71.68,93,1.2125,3329.98
19383.88,71.43,95,1.2125,3329.98
19383.88,71.3,95,0.0,3329.98
19383.88,70.81,95,0.0,3329.98
19383.88,71.85,95,1.2125,3329.98
19383.88,71.54,95,0.0,3329.98
19383.88,71.69,95,0.0,3329.98
19383.88,71.49,95,1.2125,3329.98
19383.88,71.78,95,0.0,3329.98
19383.88,71.48,95,0.0,3329.98
19383.88,71.66,95,1.2125,3329.98
19383.88,71.08,93,0.0,3329.98
19383.88,71.69,93,0.0,3329.98
19383.88,71.6,94,0.0,3329.98
19383.88,72.14,94,1.1875,3329.98
19383.88,72.56,95,0.0,3329.98
19383.88,72.99,95,0.0,3329.98
19383.88,73.64,95,1.2125,3329.98
19383.88,73.59,95,0.0,3329.98
19383.88,73.55,94,0.0,3329.98
19383.88,73.21,94,0.0,3329.98
19383.88,73.25,94,1.2125,3329.98
19383.88,72.83,94,0.0,3329.98
19383.88,72.77,94,0.0,3329.98
19383.88,72.74,94,1.2125,3329.98
19383.88,72.23,95,1.2125,3329.98
19383.88,72.25,95,0.0,3329.98
19383.88,71.78,94,0.0,3329.98
19383.88,71.88,94,1.2125,3329.98
19383.88,71.24,94,0.0,3329.98
19383.88,71.45,94,0.0,3329.98
19383.88,71.26,95,0.0,3329.98
19383.88,71.58,95,1.2125,3329.98
19383.88,71.35,95,0.0,3329.98
19383.88,70.51,95,0.0,3329.98
19383.88,71.08,94,1.2125,3329.98
19383.88,71.08,94,0.0,3329.98
19383.88,71.15,94,0.0,3329.98
19383.88,71.57,94,1.2125,3329.98
19383.88,71.22,95,0.0,3329.98
19383.88,71.55,95,0.0,3329.98
19383.88,71.49,94,1.2125,3329.98
19383.88,71.38,94,1.2125,3329.98
19383.88,72.73,95,1.2125,3329.98
19383.88,72.73,95,0.0,3329.98
19383.88,72.9,82,0.0,3329.98
19383.88,74.02,82,1.2125,3329.98
19383.88,72.69,97,1.2125,3329.98
19383.88,72.68,97,0.0,3329.98
19383.88,72.74,95,0.0,3329.98
19383.88,73.07,95,1.225,3329.98
19383.88,72.96,95,0.0,3329.98
19383.88,73.15,95,0.0,3329.98
19383.88,73.15,95,0.0,3329.98
19383.88,73.11,94,1.2125,3329.98
19383.88,71.9,94,0.0,3329.98
19383.88,71.5,95,0.0,3329.98
19383.88,71.5,95,1.2125,3329.98
19383.88,72.17,95,0.0,3329.98
19383.88,72.17,95,0.0,3329.98
19383.88,71.95,93,0.0,3329.98
19383.88,71.77,93,1.2125,3329.98
19383.88,72.03,95,0.0,3329.98
19383.88,71.83,95,0.0,3329.98
19383.88,71.4,95,1.225,3329.98
19383.88,71.27,95,0.0,3329.98
19383.88,71.27,93,0.0,3329.98
19383.88,71.59,93,0.0,3329.98
19383.88,71.33,95,1.2125,3329.98
19383.88,71.72,95,0.0,3329.98
19383.88,71.8,95,0.0,3329.98
19383.88,71.83,95,1.2125,3329.98
19383.88,71.6,95,1.2125,3329.98
19383.88,71.53,95,0.0,3329.98
19383.88,71.47,93,0.0,3329.98
19383.88,71.63,94,1.225,3329.98
19383.88,71.79,94,0.0,3329.98
19383.88,71.88,95,0.0,3329.98
19383.88,71.91,95,0.0,3329.98
19383.88,71.89,94,0.0,3329.98
19383.88,71.89,94,1.225,3329.98
19383.88,72.02,94,0.0,3329.98
19383.88,72.11,95,0.0,3329.98
19383.88,72.03,95,0.0,3329.98
19383.88,72.03,93,0.0,3329.98
19383.88,72.06,95,1.225,3329.98
19383.88,72.18,95,0.0,3329.98
19383.88,72.16,95,0.0,3329.98
19383.88,72.21,95,0.0,3329.98
19383.88,72.21,95,1.225,3329.98
19383.88,72.06,95,0.0,3329.98
19383.88,71.93,95,0.0,3329.98
19383.88,71.76,95,0.0,3329.98
19383.88,71.64,95,0.0,3329.98
19383.88,71.66,95,2.45,3329.98
19383.88,73.94,79,0.0,3329.98
19383.88,74.4,79,1.2125,3329.98
19383.88,74.16,100,1.25,3329.98
19383.88,73.51,100,0.0,3329.98
19383.88,73.47,95,0.0,3329.98
19383.88,73.55,95,0.0,3329.98
19383.88,73.77,95,1.25,3329.98
19383.88,73.44,95,0.0,3329.98
19383.88,73.97,95,0.0,3329.98
19383.88,73.58,95,0.0,3329.98
19383.88,74.23,95,1.25,3329.98
19383.88,71.77,95,0.0,3329.98
19383.88,71.43,95,0.0,3329.98
19383.88,71.41,95,1.25,3329.98
19383.88,72.17,94,0.0,3329.98
19383.88,72.22,94,0.0,3329.98
19383.88,72.21,95,1.2375,3329.98
19383.88,72.16,95,0.0,3329.98
19383.88,72.2,93,0.0,3329.98
19383.88,72.2,93,0.0,3329.98
19383.88,72.39,95,1.2375,3329.98
19383.88,72.11,95,0.0,3329.98
19383.88,71.87,95,0.0,3329.98
19383.88,71.93,95,0.0,3329.98
19383.88,72.0,95,1.2375,3329.98
19383.88,72.19,95,0.0,3329.98
19383.88,72.18,95,0.0,3329.98
19383.88,72.12,95,0.0,3329.98
19383.88,72.16,95,1.25,3329.98
19383.88,72.23,95,0.0,3329.98
19383.88,72.16,93,0.0,3329.98
19383.88,71.97,93,0.0,3329.98
19383.88,71.84,95,1.25,3329.98
19383.88,71.95,95,0.0,3329.98
19383.88,72.0,95,0.0,3329.98
19383.88,71.61,95,1.25,3329.98
19383.88,71.71,91,0.0,3329.98
19383.88,71.45,91,0.0,3329.98
19383.88,71.67,95,0.0,3329.98
19383.88,71.26,95,1.2375,3329.98
19383.88,71.63,93,0.0,3329.98
19383.88,71.57,93,0.0,3329.98
19383.88,71.42,95,1.2375,3329.98
19383.88,71.63,95,0.0,3329.98
19383.88,71.48,94,1.25,3329.98
19383.88,71.68,94,1.2375,3329.98
19383.88,72.06,95,0.0,3329.98
19383.88,71.95,95,0.0,3329.98
19383.88,72.03,95,0.0,3329.98
19383.88,72.03,95,1.2125,3329.98
19383.88,71.89,95,0.0,3329.98
19383.88,71.72,95,0.0,3329.98
19383.88,71.7,95,2.4125,3329.98
19383.88,72.45,95,0.0,3329.98
19383.88,72.11,84,0.0,3329.98
19383.88,72.36,84,0.0,3329.98
19383.88,71.21,98,1.2125,3329.98
19383.88,71.32,98,0.0,3329.98
19383.88,70.95,95,0.0,3329.98
19383.88,71.36,95,0.0,3329.98
19383.88,71.12,95,0.0,3329.98
19383.88,71.65,95,1.2125,3329.98
19383.88,71.31,95,0.0,3329.98
19383.88,71.48,93,0.0,3329.98
19383.88,71.06,93,0.0,3329.98
19383.88,71.18,96,0.0,3329.98
19383.88,71.02,96,1.225,3329.98
19383.88,72.22,96,1.225,3329.98
19383.88,72.27,96,0.0,3329.98
19383.88,72.41,96,0.0,3329.98
19383.88,72.26,96,0.0,3329.98
19383.88,72.25,95,1.225,3329.98
19383.88,72.3,95,0.0,3329.98
19383.88,72.06,95,0.0,3329.98
19383.88,72.17,95,1.2125,3329.98
19383.88,71.86,95,0.0,3329.98
19383.88,72.18,95,0.0,3329.98
19383.88,71.84,95,1.2125,3329.98
19383.88,71.95,95,0.0,3329.98
19383.88,71.87,95,0.0,3329.98
19383.88,71.86,95,0.0,3329.98
19383.88,71.89,95,1.2125,3329.98
19383.88,71.8,95,0.0,3329.98
19383.88,71.81,94,0.0,3329.98
19383.88,71.55,94,1.225,3329.98
19383.88,71.57,95,0.0,3329.98
19383.88,71.6,95,0.0,3329.98
19383.88,71.72,95,0.0,3329.98
19383.88,71.77,95,0.0,3329.98
19383.88,71.95,93,1.225,3329.98
19383.88,72.09,93,0.0,3329.98
19383.88,72.05,95,0.0,3329.98
19383.88,71.94,95,0.0,3329.98
19383.88,71.8,95,2.45,3329.98
19383.88,71.52,95,0.0,3329.98
19383.88,71.59,94,0.0,3329.98
19383.88,71.35,94,0.0,3329.98
19383.88,71.87,94,1.225,3329.98
19383.88,71.87,94,0.0,3329.98
19383.88,71.94,95,0.0,3329.98
19383.88,71.96,95,1.2125,3329.98
19383.88,71.82,95,0.0,3329.98
19383.88,71.76,95,0.0,3329.98
19383.88,71.8,95,1.2125,3329.98
19383.88,71.77,87,1.225,3329.98
19383.88,69.22,87,1.2125,3329.98
19383.88,69.88,87,0.0,3329.98
19383.88,69.9,88,0.0,3329.98
19383.88,70.18,96,1.2,3329.98
19383.88,69.43,96,0.0,3329.98
19383.88,69.79,94,0.0,3329.98
19383.88,69.1,94,0.0,3329.98
19383.88,69.49,94,1.225,3329.98
19383.88,69.39,94,0.0,3329.98
19383.88,69.52,95,0.0,3329.98
19383.88,69.33,95,0.0,3329.98
19383.88,72.22,95,1.2125,3329.98
19383.88,71.64,95,1.2125,3329.98
19383.88,71.24,95,0.0,3329.98
19383.88,71.47,95,0.0,3329.98
19383.88,71.5,95,1.2125,3329.98
19383.88,71.72,95,0.0,3329.98
19383.88,71.68,94,0.0,3329.98
19383.88,71.63,94,1.2125,3329.98
19383.88,71.74,95,0.0,3329.98
19383.88,71.64,95,0.0,3329.98
19383.88,71.49,95,0.0,3329.98
19383.88,71.49,95,1.1875,3329.98
19383.88,71.54,94,0.0,3329.98
19383.88,71.96,94,1.2125,3329.98
19383.88,71.95,95,0.0,3329.98
19383.88,71.98,95,0.0,3329.98
19383.88,71.92,95,1.225,3329.98
19383.88,71.63,94,0.0,3329.98
19383.88,71.67,94,1.2125,3329.98
19383.88,71.35,94,0.0,3329.98
19383.88,71.34,94,0.0,3329.98
19383.88,71.38,95,0.0,3329.98
19383.88,71.43,95,1.2125,3329.98
19383.88,70.99,93,0.0,3329.98
19383.88,71.3,93,0.0,3329.98
19383.88,71.1,95,1.225,3329.98
19383.88,71.2,95,0.0,3329.98
19383.88,71.16,95,0.0,3329.98
19383.88,71.37,95,1.2125,3329.98
19383.88,71.33,95,0.0,3329.98
19383.88,71.43,95,0.0,3329.98
19383.88,71.49,95,1.2125,3329.98
19383.88,71.55,95,0.0,3329.98
19383.88,71.66,95,0.0,3329.98
19383.88,71.81,95,1.175,3329.98
19383.88,71.91,95,0.0,3329.98
19383.88,72.06,95,0.0,3329.98
19383.88,72.01,96,0.0,3329.98
19383.88,71.98,96,1.2125,3329.98
19383.88,72.1,97,1.225,3329.98
19383.88,71.94,80,0.0,3329.98
19383.88,73.23,80,0.0,3329.98
19383.88,73.48,80,0.0,3329.98
19383.88,73.61,100,1.2125,3329.98
19383.88,72.9,93,0.0,3329.98
19383.88,72.8,93,0.0,3329.98
19383.88,72.85,93,0.0,3329.98
19383.88,72.52,93,1.2375,3329.98
19383.88,72.92,94,0.0,3329.98
19383.88,72.95,94,0.0,3329.98
19383.88,72.95,95,0.0,3329.98
19383.88,72.39,95,1.2125,3329.98
19383.88,71.74,95,1.2125,3329.98
19383.88,71.62,95,0.0,3329.98
19383.88,71.85,95,1.2125,3329.98
19383.88,72.27,95,0.0,3329.98
19383.88,72.29,95,0.0,3329.98
19383.88,72.27,95,0.0,3329.98
19383.88,72.05,95,1.2125,3329.98
19383.88,72.13,95,0.0,3329.98
19383.88,72.26,95,0.0,3329.98
19383.88,72.06,95,1.2125,3329.98
19383.88,71.83,95,0.0,3329.98
19383.88,71.9,95,0.0,3329.98
19383.88,71.94,94,1.2125,3329.98
19383.88,72.09,94,0.0,3329.98
19383.88,72.05,94,0.0,3329.98
19383.88,72.12,94,0.0,3329.98
19383.88,72.05,95,1.2125,3329.98
19383.88,72.1,95,0.0,3329.98
19383.88,72.25,95,0.0,3329.98
19383.88,72.01,95,0.0,3329.98
19383.88,71.84,95,1.2125,3329.98
19383.88,71.71,95,0.0,3329.98
19383.88,71.76,95,0.0,3329.98
19383.88,71.97,95,0.0,3329.98
19383.88,72.46,96,1.1875,3329.98
19383.88,72.18,96,0.0,3329.98
19383.88,71.97,96,1.2125,3329.98
19383.88,72.09,96,1.2125,3329.98
19383.88,72.06,95,0.0,3329.98
19383.88,71.92,95,0.0,3329.98
19383.88,71.81,95,1.2125,3329.98
19383.88,72.07,95,0.0,3329.98
19383.88,72.61,93,0.0,3329.98
19383.88,73.07,93,0.0,3329.98
19383.88,72.86,95,1.225,3329.98
19383.88,72.78,95,0.0,3329.98
19383.88,72.61,95,0.0,3329.98
19383.88,72.79,95,0.0,3329.98
19383.88,72.62,93,1.2125,3329.98
19383.88,72.45,93,2.4,3329.98
19383.88,74.45,95,0.0,3329.98
19383.88,74.41,95,0.0,3329.98
19383.88,74.22,77,0.0,3329.98
19383.88,74.22,77,1.225,3329.98
19383.88,74.29,100,0.0,3329.98
19383.88,73.65,100,0.0,3329.98
19383.88,73.65,97,0.0,3329.98
19383.88,73.74,97,1.225,3329.98
19383.88,73.88,95,0.0,3329.98
19383.88,73.78,95,0.0,3329.98
19383.88,74.02,93,0.0,3329.98
19383.88,72.24,93,1.2125,3329.98
19383.88,72.2,94,0.0,3329.98
19383.88,72.21,94,0.0,3329.98
19383.88,72.21,95,1.225,3329.98
19383.88,71.59,94,0.0,3329.98
19383.88,71.81,94,1.2125,3329.98
19383.88,72.14,94,0.0,3329.98
19383.88,71.57,94,0.0,3329.98
19383.88,71.67,95,1.2125,3329.98
19383.88,71.65,95,0.0,3329.98
19383.88,71.84,95,0.0,3329.98
19383.88,71.47,93,0.0,3329.98
19383.88,71.61,93,1.225,3329.98
19383.88,71.14,94,0.0,3329.98
19383.88,71.61,94,0.0,3329.98
19383.88,71.49,95,0.0,3329.98
19383.88,71.81,95,1.225,3329.98
19383.88,71.39,95,0.0,3329.98
19383.88,71.81,95,0.0,3329.98
19383.88,70.94,93,1.225,3329.98
19383.88,71.27,93,0.0,3329.98
19383.88,71.03,94,0.0,3329.98
19383.88,71.28,94,0.0,3329.98
19383.88,70.61,92,1.2125,3329.98
19383.88,71.16,92,0.0,3329.98
19383.88,70.64,94,0.0,3329.98
19383.88,70.63,94,0.0,3329.98
19383.88,71.05,94,1.2125,3329.98
19383.88,70.58,94,0.0,3329.98
19383.88,71.49,95,1.2125,3329.98
19383.88,70.97,95,1.2125,3329.98
19383.88,71.14,95,0.0,3329.98
19383.88,70.1,95,0.0,3329.98
19383.88,70.86,94,0.0,3329.98
19383.88,70.29,94,1.225,3329.98
19383.88,70.86,95,0.0,3329.98
19383.88,70.42,95,0.0,3329.98
19383.88,70.87,95,0.0,3329.98
19383.88,70.42,95,1.2125,3329.98
19383.88,71.01,93,0.0,3329.98
19383.88,70.57,93,0.0,3329.98
19383.88,70.84,95,1.225,3329.98
19383.88,70.69,95,0.0,3329.98
19383.88,71.81,94,1.225,3329.98
19383.88,73.06,94,0.0,3329.98
19383.88,73.33,83,0.0,3329.98
19383.88,73.26,83,1.225,3329.98
19383.88,72.12,97,0.0,3329.98
19383.88,72.22,97,0.0,3329.98
19383.88,72.35,95,1.225,3329.98
19383.88,72.4,95,1.225,3329.98
19383.88,72.78,95,0.0,3329.98
19383.88,72.98,95,0.0,3329.98
19383.88,72.92,95,0.0,3329.98
19383.88,73.08,95,1.225,3329.98
19383.88,71.91,95,0.0,3329.98
19383.88,71.54,95,0.0,3329.98
19383.88,71.37,95,0.0,3329.98
19383.88,72.34,95,1.225,3329.98
19383.88,72.23,96,0.0,3329.98
19383.88,72.31,96,0.0,3329.98
19383.88,72.2,95,0.0,3329.98
19383.88,71.99,95,1.2125,3329.98
19383.88,71.86,93,0.0,3329.98
19383.88,71.84,93,0.0,3329.98
19383.88,71.62,94,1.225,3329.98
19383.88,71.14,94,0.0,3329.98
19383.88,71.58,94,0.0,3329.98
19383.88,71.88,94,0.0,3329.98
19383.88,72.13,95,0.0,3329.98
19383.88,72.21,95,1.225,3329.98
19383.88,72.18,96,0.0,3329.98
19383.88,72.22,96,0.0,3329.98
19383.88,72.22,93,1.2125,3329.98
19383.88,72.22,93,1.2125,3329.98
19383.88,72.18,95,0.0,3329.98
19383.88,71.93,95,0.0,3329.98
19383.88,71.91,95,1.2125,3329.98
19383.88,72.14,95,0.0,3329.98
19383.88,72.27,95,0.0,3329.98
19383.88,72.19,95,1.2125,3329.98
19383.88,72.08,95,0.0,3329.98
19383.88,71.92,95,0.0,3329.98
19383.88,71.87,95,0.0,3329.98
19383.88,71.79,94,1.2125,3329.98
19383.88,71.7,94,0.0,3329.98
19383.88,71.81,95,0.0,3329.98
19383.88,71.88,94,1.2125,3329.98
19383.88,71.78,94,0.0,3329.98
19383.88,71.42,94,0.0,3329.98
19383.88,71.9,94,0.0,3329.98
19383.88,71.97,94,1.1875,3329.98
19383.88,71.83,94,0.0,3329.98
19383.88,71.88,95,1.2125,3329.98
19383.88,71.73,95,0.0,3329.98
19383.88,73.37,80,2.475,3329.98
19383.88,73.44,80,0.0,3329.98
19383.88,73.56,100,1.2125,3329.98
19383.88,72.32,100,0.0,3329.98
19383.88,72.36,97,0.0,3329.98
19383.88,72.08,97,0.0,3329.98
19383.88,72.14,93,1.225,3329.98
19383.88,72.4,93,0.0,3329.98
19383.88,72.47,95,0.0,3329.98
19383.88,72.48,95,0.0,3329.98
19383.88,72.53,95,0.0,3329.98
19383.88,71.53,95,0.0,3329.98
19383.88,71.56,94,2.4875,3329.98
19383.88,71.52,94,0.0,3329.98
19383.88,72.04,94,0.0,3329.98
19383.88,72.27,94,1.2125,3329.98
19383.88,72.3,95,0.0,3329.98
19383.88,72.28,95,0.0,3329.98
19383.88,72.11,95,0.0,3329.98
19383.88,71.99,95,1.2125,3329.98
19383.88,72.13,95,0.0,3329.98
19383.88,72.18,95,0.0,3329.98
19383.88,72.05,95,0.0,3329.98
19383.88,71.58,95,1.225,3329.98
19383.88,71.71,95,0.0,3329.98
19383.88,72.13,95,0.0,3329.98
19383.88,72.07,95,1.2125,3329.98
19383.88,72.09,95,0.0,3329.98
19383.88,71.81,95,0.0,3329.98
19383.88,71.85,95,1.2125,3329.98
19383.88,71.71,95,0.0,3329.98
19383.88,71.72,95,0.0,3329.98
19383.88,71.75,93,0.0,3329.98
19383.88,71.31,93,1.225,3329.98
19383.88,71.89,95,0.0,3329.98
19383.88,71.98,95,0.0,3329.98
19383.88,72.02,94,1.2125,3329.98
19383.88,72.28,94,0.0,3329.98
19383.88,72.22,95,0.0,3329.98
19383.88,72.29,95,0.0,3329.98
19383.88,72.27,95,1.2125,3329.98
19383.88,72.33,95,0.0,3329.98
19383.88,72.36,94,0.0,3329.98
19383.88,72.12,94,1.225,3329.98
19383.88,72.09,95,0.0,3329.98
19383.88,71.86,95,0.0,3329.98
19383.88,71.63,94,1.2125,3329.98
19383.88,72.02,94,0.0,3329.98
19383.88,71.94,95,0.0,3329.98
19383.88,71.73,95,2.4125,3329.98
19383.88,71.66,95,0.0,3329.98
19383.88,71.76,95,0.0,3329.98
19383.88,69.97,95,2.425,3329.98
19383.88,69.97,95,0.0,3329.98
19383.88,70.31,80,1.2125,3329.98
19383.88,70.59,100,0.0,3329.98
19383.88,70.4,100,0.0,3329.98
19383.88,70.42,94,0.0,3329.98
19383.88,70.03,94,1.2125,3329.98
19383.88,70.55,95,0.0,3329.98
19383.88,70.79,95,0.0,3329.98
19383.88,70.79,95,0.0,3329.98
19383.88,70.57,95,1.2125,3329.98
19383.88,72.89,95,0.0,3329.98
19383.88,72.8,96,1.2,3329.98
19383.88,72.45,96,0.0,3329.98
19383.88,72.07,96,1.2125,3329.98
19383.88,72.32,96,0.0,3329.98
19383.88,72.57,93,1.225,3329.98
19383.88,72.6,93,0.0,3329.98
19383.88,72.28,95,0.0,3329.98
19383.88,72.42,95,0.0,3329.98
19383.88,72.83,95,1.225,3329.98
19383.88,72.06,95,0.0,3329.98
19383.88,71.89,95,0.0,3329.98
19383.88,72.06,95,0.0,3329.98
19383.88,72.22,95,0.0,3329.98
19383.88,72.3,95,1.225,3329.98
19383.88,72.35,95,0.0,3329.98
19383.88,72.16,95,0.0,3329.98
19383.88,71.86,95,0.0,3329.98
19383.88,71.81,95,1.225,3329.98
19383.88,71.65,95,0.0,3329.98
19383.88,71.44,94,0.0,3329.98
19383.88,71.65,94,0.0,3329.98
19383.88,71.7,94,0.0,3329.98
19383.88,71.7,94,1.225,3329.98
19383.88,71.81,95,0.0,3329.98
19383.88,71.83,95,0.0,3329.98
19383.88,71.83,95,0.0,3329.98
19383.88,71.69,95,0.0,3329.98
19383.88,71.74,95,1.225,3329.98
19383.88,71.82,94,0.0,3329.98
19383.88,71.81,94,0.0,3329.98
19383.88,71.68,95,0.0,3329.98
19383.88,72.01,95,1.2125,3329.98
19383.88,72.19,94,0.0,3329.98
19383.88,72.14,94,0.0,3329.98
19383.88,72.16,95,0.0,3329.98
19383.88,72.09,95,1.225,3329.98
19383.88,72.24,94,1.225,3329.98
19383.88,72.14,94,0.0,3329.98
19383.88,72.14,95,0.0,3329.98
19383.88,71.7,95,1.2125,3329.98
19383.88,71.82,93,1.2125,3329.98
19383.88,72.74,93,1.2125,3329.98
19383.88,72.76,83,0.0,3329.98
19383.88,72.66,83,0.0,3329.98
19383.88,72.21,98,0.0,3329.98
19383.88,72.39,98,1.2125,3329.98
19383.88,72.83,95,0.0,3329.98
19383.88,72.55,95,0.0,3329.98
19383.88,73.12,94,0.0,3329.98
19383.88,72.98,94,1.225,3329.98
19383.88,73.52,95,0.0,3329.98
19383.88,73.5,95,0.0,3329.98
19383.88,72.81,95,0.0,3329.98
19383.88,72.29,95,1.225,3329.98
19383.88,71.98,95,0.0,3329.98
19383.88,72.43,95,0.0,3329.98
19383.88,72.43,94,0.0,3329.98
19383.88,72.45,95,1.2125,3329.98
19383.88,72.28,95,0.0,3329.98
19383.88,72.22,95,0.0,3329.98
19383.88,72.18,95,1.2125,3329.98
19383.88,72.42,95,0.0,3329.98
19383.88,71.97,95,0.0,3329.98
19383.88,71.99,95,0.0,3329.98
19383.88,72.04,95,1.225,3329.98
19383.88,72.24,95,0.0,3329.98
19383.88,71.97,95,0.0,3329.98
19383.88,72.0,95,1.225,3329.98
19383.88,71.91,95,0.0,3329.98
19383.88,71.97,94,1.2125,3329.98
19383.88,72.1,94,0.0,3329.98
19383.88,71.96,95,0.0,3329.98
19383.88,71.91,95,1.2125,3329.98
19383.88,71.81,95,0.0,3329.98
19383.88,71.89,95,0.0,3329.98
19383.88,72.1,94,0.0,3329.98
19383.88,72.44,94,1.225,3329.98
19383.88,72.96,93,0.0,3329.98
19383.88,73.06,93,0.0,3329.98
19383.88,73.19,95,0.0,3329.98
19383.88,72.9,95,1.225,3329.98
19383.88,73.06,95,0.0,3329.98
19383.88,73.06,95,0.0,3329.98
19383.88,73.0,93,1.2125,3329.98
19383.88,73.06,93,0.0,3329.98
19383.88,72.95,94,1.2,3329.98
19383.88,72.95,94,0.0,3329.98
19383.88,72.7,95,0.0,3329.98
19383.88,71.78,95,1.2125,3329.98
19383.88,72.12,95,0.0,3329.98
19383.88,72.18,95,0.0,3329.98
19383.88,72.17,95,1.1625,3329.98
19383.88,74.24,77,1.1875,3329.98
19383.88,74.23,77,0.0,3329.98
19383.88,74.06,77,1.2375,3329.98
19383.88,73.21,100,0.0,3329.98
19383.88,73.44,100,0.0,3329.98
19383.88,73.74,95,0.0,3329.98
19383.88,73.52,95,1.225,3329.98
19383.88,73.88,95,0.0,3329.98
19383.88,73.62,96,0.0,3329.98
19383.88,73.62,96,0.0,3329.98
19383.88,73.46,96,1.225,3329.98
19383.88,71.56,95,0.0,3329.98
19383.88,71.82,95,0.0,3329.98
19383.88,71.56,95,1.225,3329.98
19383.88,72.59,95,1.225,3329.98
19383.88,72.17,95,0.0,3329.98
19383.88,72.03,95,0.0,3329.98
19383.88,72.07,96,0.0,3329.98
19383.88,71.86,95,0.0,3329.98
19383.88,71.76,95,1.225,3329.98
19383.88,72.12,94,0.0,3329.98
19383.88,72.26,94,0.0,3329.98
19383.88,71.75,95,0.0,3329.98
19383.88,71.75,95,0.0,3329.98
19383.88,71.98,96,0.0,3329.98
19383.88,72.17,96,1.225,3329.98
19383.88,72.27,95,0.0,3329.98
19383.88,72.25,95,0.0,3329.98
19383.88,72.45,95,0.0,3329.98
19383.88,72.12,95,1.225,3329.98
19383.88,71.69,95,0.0,3329.98
19383.88,71.56,95,1.2125,3329.98
19383.88,71.55,95,0.0,3329.98
19383.88,71.55,95,1.225,3329.98
19383.88,71.62,95,0.0,3329.98
19383.88,71.66,95,0.0,3329.98
19383.88,71.66,95,0.0,3329.98
19383.88,71.9,95,0.0,3329.98
19383.88,71.6,95,1.225,3329.98
19383.88,71.06,95,0.0,3329.98
19383.88,71.06,93,0.0,3329.98
19383.88,71.06,93,0.0,3329.98
19383.88,70.96,95,1.1875,3329.98
19383.88,70.96,95,0.0,3329.98
19383.88,71.08,95,0.0,3329.98
19383.88,71.19,95,1.2125,3329.98
19383.88,71.24,95,0.0,3329.98
19383.88,71.24,95,0.0,3329.98
19383.88,71.47,95,1.2125,3329.98
19383.88,71.51,95,0.0,3329.98
19383.88,72.06,95,0.0,3329.98
19383.88,71.92,94,2.375,3329.98
19383.88,68.75,94,0.0,3329.98
19383.88,68.97,94,1.2125,3329.98
19383.88,69.4,75,0.0,3329.98
19383.88,69.4,100,1.2125,3329.98
19383.88,69.73,100,0.0,3329.98
19383.88,69.75,100,0.0,3329.98
19383.88,69.07,100,1.2375,3329.98
19383.88,68.94,95,0.0,3329.98
19383.88,68.68,95,0.0,3329.98
19383.88,68.85,95,1.2125,3329.98
19383.88,68.53,95,0.0,3329.98
19383.88,72.16,94,0.0,3329.98
19383.88,71.98,95,1.2125,3329.98
19383.88,72.0,95,0.0,3329.98
19383.88,71.65,95,0.0,3329.98
19383.88,71.18,95,1.2125,3329.98
19383.88,72.15,95,0.0,3329.98
19383.88,71.77,93,0.0,3329.98
19383.88,71.8,93,0.0,3329.98
19383.88,71.73,95,1.225,3329.98
19383.88,72.11,95,0.0,3329.98
19383.88,71.9,95,0.0,3329.98
19383.88,72.07,95,0.0,3329.98
19383.88,71.71,95,1.225,3329.98
19383.88,71.72,95,0.0,3329.98
19383.88,71.72,94,0.0,3329.98
19383.88,72.0,94,0.0,3329.98
19383.88,71.5,95,1.2125,3329.98
19383.88,71.82,94,0.0,3329.98
19383.88,71.53,94,0.0,3329.98
19383.88,71.86,95,1.2125,3329.98
19383.88,71.46,95,0.0,3329.98
19383.88,71.84,93,0.0,3329.98
19383.88,71.3,93,1.2125,3329.98
19383.88,71.54,93,0.0,3329.98
19383.88,71.14,95,0.0,3329.98
19383.88,71.55,95,0.0,3329.98
19383.88,71.11,95,1.2125,3329.98
19383.88,71.47,95,0.0,3329.98
19383.88,71.05,95,0.0,3329.98
19383.88,71.59,94,1.2125,3329.98
19383.88,71.08,94,0.0,3329.98
19383.88,71.68,93,0.0,3329.98
19383.88,71.13,93,2.3625,3329.98
19383.88,71.51,95,0.0,3329.98
19383.88,71.05,95,0.0,3329.98
19383.88,71.46,95,1.225,3329.98
19383.88,71.16,95,0.0,3329.98
19383.88,71.57,95,0.0,3329.98
19383.88,71.88,95,1.2125,3329.98
19383.88,72.33,93,0.0,3329.98
19383.88,72.06,93,0.0,3329.98
19383.88,72.75,95,1.225,3329.98
19383.88,72.17,95,0.0,3329.98
19383.88,72.52,95,0.0,3329.98
19383.88,72.15,95,1.2125,3329.98
19383.88,74.52,82,0.0,3329.98
19383.88,74.36,82,1.225,3329.98
19383.88,74.43,100,0.0,3329.98
19383.88,73.22,100,0.0,3329.98
19383.88,72.51,95,0.0,3329.98
19383.88,72.7,95,1.225,3329.98
19383.88,72.61,95,0.0,3329.98
19383.88,72.53,95,0.0,3329.98
19383.88,72.79,95,0.0,3329.98
19383.88,72.74,95,2.4375,3329.98
19383.88,73.33,95,0.0,3329.98
19383.88,71.14,95,0.0,3329.98
19383.88,71.17,95,0.0,3329.98
19383.88,70.94,95,1.225,3329.98
19383.88,71.97,95,0.0,3329.98
19383.88,72.19,95,0.0,3329.98
19383.88,72.0,95,0.0,3329.98
19383.88,72.03,95,1.225,3329.98
19383.88,71.87,95,0.0,3329.98
19383.88,72.1,96,0.0,3329.98
19383.88,71.74,96,0.0,3329.98
19383.88,71.67,96,1.2125,3329.98
19383.88,71.59,96,0.0,3329.98
19383.88,71.78,97,0.0,3329.98
19383.88,71.7,97,0.0,3329.98
19383.88,71.98,97,1.225,3329.98
19383.88,71.81,97,0.0,3329.98
19383.88,71.89,97,0.0,3329.98
19383.88,71.8,97,1.2125,3329.98
19383.88,71.53,96,0.0,3329.98
19383.88,71.7,96,0.0,3329.98
19383.88,71.51,97,0.0,3329.98
19383.88,71.85,97,0.0,3329.98
19383.88,71.88,93,1.225,3329.98
19383.88,72.14,93,0.0,3329.98
19383.88,72.43,97,0.0,3329.98
19383.88,71.98,97,0.0,3329.98
19383.88,72.17,96,0.0,3329.98
19383.88,72.0,96,0.0,3329.98
19383.88,72.1,96,1.2375,3329.98
19383.88,72.05,96,0.0,3329.98
19383.88,71.86,97,0.0,3329.98
19383.88,72.22,97,0.0,3329.98
19383.88,71.93,95,0.0,3329.98
19383.88,72.09,95,1.2375,3329.98
19383.88,71.9,97,0.0,3329.98
19383.88,71.83,97,0.0,3329.98
19383.88,72.17,97,0.0,3329.98
19383.88,71.92,97,0.0,3329.98
19383.88,72.15,97,0.0,3329.98
19383.88,71.59,97,2.4875,3329.98
19383.88,71.7,95,1.25,3329.98
19383.88,73.1,95,0.0,3329.98
19383.88,73.0,81,0.0,3329.98
19383.88,73.23,97,0.0,3329.98
19383.88,72.29,97,1.2375,3329.98
19383.88,72.53,95,0.0,3329.98
19383.88,72.94,95,0.0,3329.98
19383.88,72.94,94,0.0,3329.98
19383.88,73.38,94,1.25,3329.98
19383.88,72.91,95,0.0,3329.98
19383.88,73.53,95,0.0,3329.98
19383.88,72.41,95,0.0,3329.98
19383.88,71.98,95,1.25,3329.98
19383.88,71.81,95,0.0,3329.98
19383.88,72.54,95,0.0,3329.98
19383.88,72.49,95,0.0,3329.98
19383.88,72.37,93,1.2375,3329.98
19383.88,72.01,93,0.0,3329.98
19383.88,71.74,95,0.0,3329.98
19383.88,71.9,95,0.0,3329.98
19383.88,72.04,94,1.2375,3329.98
19383.88,71.55,94,0.0,3329.98
19383.88,71.41,93,0.0,3329.98
19383.88,71.41,93,1.2375,3329.98
19383.88,71.3,95,0.0,3329.98
19383.88,71.55,95,0.0,3329.98
19383.88,71.69,95,0.0,3329.98
19383.88,71.75,95,1.2375,3329.98
19383.88,71.7,95,0.0,3329.98
19383.88,71.58,95,0.0,3329.98
19383.88,71.5,95,1.2375,3329.98
19383.88,71.76,95,0.0,3329.98
19383.88,71.93,93,0.0,3329.98
19383.88,72.6,93,0.0,3329.98
19383.88,72.61,94,1.25,3329.98
19383.88,72.79,94,0.0,3329.98
19383.88,72.79,95,0.0,3329.98
19383.88,72.71,95,1.25,3329.98
19383.88,72.71,95,0.0,3329.98
19383.88,72.79,95,0.0,3329.98
19383.88,72.52,95,0.0,3329.98
19383.88,72.52,95,1.25,3329.98
19383.88,72.57,94,1.2375,3329.98
19383.88,72.27,94,0.0,3329.98
19383.88,71.87,95,0.0,3329.98
19383.88,71.93,95,1.2375,3329.98
19383.88,72.25,96,0.0,3329.98
19383.88,72.17,96,0.0,3329.98
19383.88,72.21,96,1.2125,3329.98
19383.88,72.16,96,0.0,3329.98
19383.88,72.29,96,0.0,3329.98
19383.88,71.99,96,1.2125,3329.98
19383.88,71.99,96,1.2375,3329.98
19383.88,73.55,96,0.0,3329.98
19383.88,73.55,84,0.0,3329.98
19383.88,73.65,84,0.0,3329.98
19383.88,73.68,100,1.2375,3329.98
19383.88,73.73,100,0.0,3329.98
19383.88,72.57,100,0.0,3329.98
19383.88,72.57,97,0.0,3329.98
19383.88,72.48,97,1.25,3329.98
19383.88,72.52,96,0.0,3329.98
19383.88,72.75,96,0.0,3329.98
19383.88,73.28,95,0.0,3329.98
19383.88,71.87,95,1.2375,3329.98
19383.88,71.97,95,0.0,3329.98
19383.88,72.03,95,0.0,3329.98
19383.88,71.61,95,0.0,3329.98
19383.88,71.5,95,1.2375,3329.98
19383.88,72.13,95,0.0,3329.98
19383.88,72.4,95,0.0,3329.98
19383.88,71.98,95,1.2375,3329.98
19383.88,71.93,95,0.0,3329.98
19383.88,71.92,95,0.0,3329.98
19383.88,71.81,95,1.2375,3329.98
19383.88,71.34,94,0.0,3329.98
19383.88,71.53,94,0.0,3329.98
19383.88,71.06,95,1.25,3329.98
19383.88,71.44,95,0.0,3329.98
19383.88,71.36,95,0.0,3329.98
19383.88,71.92,95,1.25,3329.98
19383.88,71.49,95,0.0,3329.98
19383.88,71.95,95,0.0,3329.98
19383.88,71.65,95,1.2375,3329.98
19383.88,71.95,95,1.2375,3329.98
19383.88,71.63,95,0.0,3329.98
19383.88,71.87,95,0.0,3329.98
19383.88,71.42,95,1.2375,3329.98
19383.88,71.67,95,0.0,3329.98
19383.88,71.47,95,0.0,3329.98
19383.88,71.74,95,0.0,3329.98
19383.88,71.48,95,1.25,3329.98
19383.88,71.73,95,0.0,3329.98
19383.88,71.49,95,0.0,3329.98
19383.88,71.83,95,1.25,3329.98
19383.88,71.61,95,0.0,3329.98
19383.88,71.7,95,0.0,3329.98
19383.88,71.4,95,0.0,3329.98
19383.88,71.73,95,1.2125,3329.98
19383.88,71.61,95,0.0,3329.98
19383.88,71.84,95,0.0,3329.98
19383.88,71.59,95,1.2125,3329.98
19383.88,71.79,95,0.0,3329.98
19383.88,71.54,96,0.0,3329.98
19383.88,71.7,96,0.0,3329.98
19383.88,71.44,94,1.2125,3329.98
19383.88,71.47,94,0.0,3329.98
19383.88,71.25,95,0.0,3329.98
19383.88,71.41,95,2.425,3329.98
19383.88,72.87,79,1.2125,3329.98
19383.88,73.11,100,0.0,3329.98
19383.88,73.23,100,0.0,3329.98
19383.88,73.44,100,1.2125,3329.98
19383.88,73.32,100,0.0,3329.98
19383.88,72.58,96,0.0,3329.98
19383.88,72.44,96,1.2125,3329.98
19383.88,72.86,95,0.0,3329.98
19383.88,72.91,95,0.0,3329.98
19383.88,72.74,94,1.2125,3329.98
19383.88,71.4,94,0.0,3329.98
19383.88,71.25,95,0.0,3329.98
19383.88,71.23,95,0.0,3329.98
19383.88,70.89,95,0.0,3329.98
19383.88,70.74,95,1.175,3329.98
19383.88,71.42,96,1.225,3329.98
19383.88,71.63,96,1.225,3329.98
19383.88,71.42,96,0.0,3329.98
19383.88,71.59,96,0.0,3329.98
19383.88,71.99,96,0.0,3329.98
19383.88,72.17,96,1.225,3329.98
19383.88,72.16,96,0.0,3329.98
19383.88,72.05,96,0.0,3329.98
19383.88,71.9,96,0.0,3329.98
19383.88,71.95,96,0.0,3329.98
19383.88,72.12,97,1.1875,3329.98
19383.88,72.22,97,0.0,3329.98
19383.88,72.14,96,1.2125,3329.98
19383.88,72.09,96,0.0,3329.98
19383.88,71.93,96,0.0,3329.98
19383.88,71.81,96,0.0,3329.98
19383.88,71.85,96,0.0,3329.98
19383.88,71.98,96,1.225,3329.98
19383.88,71.97,95,0.0,3329.98
19383.88,72.08,95,0.0,3329.98
19383.88,72.08,95,0.0,3329.98
19383.88,72.17,95,1.1875,3329.98
19383.88,72.12,95,0.0,3329.98
19383.88,72.19,95,0.0,3329.98
19383.88,72.1,95,1.2125,3329.98
19383.88,72.17,95,0.0,3329.98
19383.88,71.98,95,1.225,3329.98
19383.88,72.09,95,0.0,3329.98
19383.88,71.68,95,1.225,3329.98
19383.88,71.83,95,0.0,3329.98
19383.88,71.59,95,0.0,3329.98
19383.88,71.89,96,0.0,3329.98
19383.88,71.72,96,0.0,3329.98
19383.88,71.93,96,1.225,3329.98
19383.88,71.61,96,0.0,3329.98
19383.88,71.76,95,0.0,3329.98
19383.88,71.46,95,0.0,3329.98
19383.88,71.44,95,1.2,3329.98
19383.88,71.57,95,2.4125,3329.98
19383.88,72.12,81,0.0,3329.98
19383.88,72.26,81,0.0,3329.98
19383.88,72.18,100,0.0,3329.98
19383.88,71.75,100,1.2125,3329.98
19383.88,71.65,94,0.0,3329.98
19383.88,72.13,94,0.0,3329.98
19383.88,72.17,95,0.0,3329.98
19383.88,72.42,95,1.2125,3329.98
19383.88,72.2,95,0.0,3329.98
19383.88,72.56,95,0.0,3329.98
19383.88,72.85,95,1.2125,3329.98
19383.88,72.09,95,0.0,3329.98
19383.88,72.0,95,0.0,3329.98
19383.88,71.72,95,0.0,3329.98
19383.88,72.38,94,1.225,3329.98
19383.88,72.52,94,1.225,3329.98
19383.88,72.51,95,0.0,3329.98
19383.88,72.37,95,0.0,3329.98
19383.88,72.33,94,1.2375,3329.98
19383.88,72.43,94,0.0,3329.98
19383.88,72.28,93,0.0,3329.98
19383.88,71.97,93,0.0,3329.98
19383.88,71.78,95,1.225,3329.98
19383.88,72.0,95,0.0,3329.98
19383.88,72.19,95,0.0,3329.98
19383.88,72.28,95,0.0,3329.98
19383.88,72.18,96,0.0,3329.98
19383.88,71.95,96,0.0,3329.98
19383.88,71.9,96,1.225,3329.98
19383.88,72.03,96,0.0,3329.98
19383.88,72.16,95,0.0,3329.98
19383.88,71.71,95,0.0,3329.98
19383.88,71.77,95,1.225,3329.98
19383.88,72.01,95,0.0,3329.98
19383.88,72.02,95,0.0,3329.98
19383.88,72.09,95,1.225,3329.98
19383.88,72.06,95,0.0,3329.98
19383.88,71.94,95,0.0,3329.98
19383.88,71.92,95,0.0,3329.98
19383.88,71.92,94,1.2125,3329.98
19383.88,72.01,94,0.0,3329.98
19383.88,72.04,95,0.0,3329.98
19383.88,72.09,95,0.0,3329.98
19383.88,72.2,95,1.2125,3329.98
19383.88,72.31,95,1.2125,3329.98
19383.88,72.44,95,0.0,3329.98
19383.88,72.33,95,1.2125,3329.98
19383.88,72.12,95,0.0,3329.98
19383.88,72.16,95,0.0,3329.98
19383.88,72.42,95,0.0,3329.98
19383.88,71.7,95,1.2,3329.98
19383.88,73.4,96,1.2125,3329.98
19383.88,73.29,96,0.0,3329.98
19383.88,73.29,84,0.0,3329.98
19383.88,73.4,84,0.0,3329.98
19383.88,73.41,100,1.2125,3329.98
19383.88,73.33,100,0.0,3329.98
19383.88,73.28,100,0.0,3329.98
19383.88,72.78,100,1.225,3329.98
19383.88,72.85,96,1.225,3329.98
19383.88,72.67,96,0.0,3329.98
19383.88,73.09,95,0.0,3329.98
19383.88,73.03,95,0.0,3329.98
19383.88,71.81,96,1.2125,3329.98
19383.88,71.81,96,0.0,3329.98
19383.88,71.84,95,0.0,3329.98
19383.88,71.49,95,1.2125,3329.98
19383.88,71.26,95,0.0,3329.98
19383.88,70.8,95,0.0,3329.98
19383.88,71.6,95,0.0,3329.98
19383.88,71.25,95,1.2125,3329.98
19383.88,71.42,95,0.0,3329.98
19383.88,71.19,95,0.0,3329.98
19383.88,71.36,95,0.0,3329.98
19383.88,71.25,95,1.1875,3329.98
19383.88,71.05,95,0.0,3329.98
19383.88,71.1,95,0.0,3329.98
19383.88,71.1,95,1.2125,3329.98
19383.88,71.1,95,0.0,3329.98
19383.88,71.52,94,0.0,3329.98
19383.88,71.76,95,1.2125,3329.98
19383.88,71.63,95,0.0,3329.98
19383.88,71.91,94,0.0,3329.98
19383.88,71.78,94,0.0,3329.98
19383.88,71.95,95,1.2125,3329.98
19383.88,71.76,95,1.2125,3329.98
19383.88,71.9,95,0.0,3329.98
19383.88,71.66,95,0.0,3329.98
19383.88,71.76,95,1.2125,3329.98
19383.88,72.03,95,0.0,3329.98
19383.88,71.75,95,0.0,3329.98
19383.88,72.06,95,1.2125,3329.98
19383.88,71.75,94,0.0,3329.98
19383.88,71.82,95,0.0,3329.98
19383.88,71.47,95,0.0,3329.98
19383.88,71.68,95,1.2125,3329.98
19383.88,71.44,95,0.0,3329.98
19383.88,71.8,95,0.0,3329.98
19383.88,71.51,95,1.2125,3329.98
19383.88,71.77,95,0.0,3329.98
19383.88,71.42,95,0.0,3329.98
19383.88,71.77,95,1.2125,3329.98
19383.88,71.4,95,0.0,3329.98
19383.88,71.59,95,0.0,3329.98
19383.88,71.23,95,1.2125,3329.98
19383.88,71.56,95,0.0,3329.98
19383.88,71.28,95,1.2375,3329.98
19383.88,73.51,82,0.0,3329.98
19383.88,73.47,82,1.2125,3329.98
19383.88,73.82,100,0.0,3329.98
19383.88,73.72,100,0.0,3329.98
19383.88,73.84,100,1.2125,3329.98
19383.88,73.77,100,0.0,3329.98
19383.88,73.45,98,0.0,3329.98
19383.88,73.84,98,1.2125,3329.98
19383.88,74.47,95,0.0,3329.98
19383.88,74.27,95,1.2125,3329.98
19383.88,74.87,94,0.0,3329.98
19383.88,73.19,94,1.1875,3329.98
19383.88,73.54,95,0.0,3329.98
19383.88,73.45,95,1.2125,3329.98
19383.88,73.62,95,0.0,3329.98
19383.88,73.09,95,0.0,3329.98
19383.88,72.89,95,0.0,3329.98
19383.88,72.98,95,1.225,3329.98
19383.88,72.63,95,0.0,3329.98
19383.88,72.08,95,0.0,3329.98
19383.88,72.47,95,0.0,3329.98
19383.88,71.97,95,1.225,3329.98
19383.88,71.94,95,0.0,3329.98
19383.88,71.42,95,0.0,3329.98
19383.88,71.52,95,0.0,3329.98
19383.88,70.97,95,1.225,3329.98
19383.88,71.39,95,0.0,3329.98
19383.88,71.16,95,0.0,3329.98
19383.88,71.62,95,0.0,3329.98
19383.88,71.23,95,0.0,3329.98
19383.88,71.28,95,1.225,3329.98
19383.88,71.66,96,0.0,3329.98
19383.88,71.34,96,0.0,3329.98
19383.88,71.55,96,0.0,3329.98
19383.88,71.23,96,0.0,3329.98
19383.88,71.5,97,1.225,3329.98
19383.88,71.47,97,0.0,3329.98
19383.88,71.75,97,0.0,3329.98
19383.88,71.5,97,0.0,3329.98
19383.88,71.94,95,1.2125,3329.98
19383.88,71.7,95,0.0,3329.98
19383.88,71.94,95,0.0,3329.98
19383.88,71.59,95,0.0,3329.98
19383.88,71.63,95,1.2125,3329.98
19383.88,71.25,95,0.0,3329.98
19383.88,71.39,95,0.0,3329.98
19383.88,71.3,95,1.225,3329.98
19383.88,71.41,95,0.0,3329.98
19383.88,71.39,95,0.0,3329.98
19383.88,71.65,95,0.0,3329.98
19383.88,71.45,95,1.225,3329.98
19383.88,71.6,95,0.0,3329.98
19383.88,71.36,95,0.0,3329.98
19383.88,71.48,95,0.0,3329.98
19383.88,71.2,95,1.15,3329.98
19383.88,71.43,95,1.2,3329.98
19383.88,72.47,95,0.0,3329.98
19383.88,72.57,82,1.225,3329.98
19383.88,72.65,82,0.0,3329.98
19383.88,72.22,98,0.0,3329.98
19383.88,71.96,98,0.0,3329.98
19383.88,72.29,95,1.225,3329.98
19383.88,72.14,95,1.225,3329.98
19383.88,72.54,95,0.0,3329.98
19383.88,72.36,95,0.0,3329.98
19383.88,72.67,95,1.225,3329.98
19383.88,72.89,95,0.0,3329.98
19383.88,71.77,95,0.0,3329.98
19383.88,71.92,95,0.0,3329.98
19383.88,71.42,93,1.2125,3329.98
19383.88,72.1,93,0.0,3329.98
19383.88,72.09,94,0.0,3329.98
19383.88,72.12,94,0.0,3329.98
19383.88,72.12,95,1.225,3329.98
19383.88,71.87,95,0.0,3329.98
19383.88,71.83,95,0.0,3329.98
19383.88,71.84,95,0.0,3329.98
19383.88,71.5,95,0.0,3329.98
19383.88,71.43,95,1.225,3329.98
19383.88,71.49,95,0.0,3329.98
19383.88,71.8,95,0.0,3329.98
19383.88,71.86,94,0.0,3329.98
19383.88,71.96,95,1.2125,3329.98
19383.88,71.91,95,0.0,3329.98
19383.88,71.57,94,0.0,3329.98
19383.88,71.64,94,1.2125,3329.98
19383.88,71.59,95,0.0,3329.98
19383.88,71.28,95,1.225,3329.98
19383.88,71.28,94,0.0,3329.98
19383.88,71.21,94,1.225,3329.98
19383.88,71.78,94,0.0,3329.98
19383.88,71.91,94,0.0,3329.98
19383.88,71.79,95,0.0,3329.98
19383.88,71.81,95,0.0,3329.98
19383.88,71.94,95,1.225,3329.98
19383.88,71.85,95,0.0,3329.98
19383.88,71.86,95,0.0,3329.98
19383.88,71.86,95,0.0,3329.98
19383.88,72.14,95,0.0,3329.98
19383.88,72.06,95,1.225,3329.98
19383.88,72.12,95,0.0,3329.98
19383.88,71.91,95,0.0,3329.98
19383.88,71.75,94,0.0,3329.98
19383.88,71.95,94,1.25,3329.98
19383.88,71.82,95,0.0,3329.98
19383.88,71.82,95,0.0,3329.98
19383.88,71.73,96,2.3625,3329.98
19383.88,73.47,96,0.0,3329.98
19383.88,73.69,82,1.2125,3329.98
19383.88,73.69,82,1.2125,3329.98
19383.88,73.87,100,0.0,3329.98
19383.88,72.98,100,0.0,3329.98
19383.88,72.62,96,1.2125,3329.98
19383.88,72.67,96,0.0,3329.98
19383.88,72.75,95,0.0,3329.98
19383.88,73.09,95,0.0,3329.98
19383.88,73.09,96,0.0,3329.98
19383.88,73.05,96,1.225,3329.98
19383.88,73.23,95,0.0,3329.98
19383.88,71.74,95,0.0,3329.98
19383.88,71.29,95,0.0,3329.98
19383.88,71.29,95,0.0,3329.98
19383.88,72.38,95,0.0,3329.98
19383.88,72.45,95,1.2375,3329.98
19383.88,72.45,95,0.0,3329.98
19383.88,72.44,95,0.0,3329.98
19383.88,72.18,95,0.0,3329.98
19383.88,71.99,94,1.2375,3329.98
19383.88,71.97,94,0.0,3329.98
19383.88,71.81,94,0.0,3329.98
19383.88,71.52,94,1.2375,3329.98
19383.88,71.04,94,0.0,3329.98
19383.88,71.4,94,0.0,3329.98
19383.88,71.24,94,0.0,3329.98
19383.88,71.58,94,1.2375,3329.98
19383.88,71.11,93,0.0,3329.98
19383.88,71.16,93,0.0,3329.98
19383.88,71.18,94,0.0,3329.98
19383.88,71.39,94,1.2375,3329.98
19383.88,71.7,95,0.0,3329.98
19383.88,71.67,95,1.2375,3329.98
19383.88,71.78,95,1.25,3329.98
19383.88,71.91,95,0.0,3329.98
19383.88,72.28,94,0.0,3329.98
19383.88,72.22,94,0.0,3329.98
19383.88,72.25,95,1.25,3329.98
19383.88,72.21,95,0.0,3329.98
19383.88,71.98,95,0.0,3329.98
19383.88,71.92,95,1.25,3329.98
19383.88,71.6,96,0.0,3329.98
19383.88,72.14,96,0.0,3329.98
19383.88,72.18,95,0.0,3329.98
19383.88,72.33,95,1.25,3329.98
19383.88,72.46,95,0.0,3329.98
19383.88,72.38,95,0.0,3329.98
19383.88,72.33,95,0.0,3329.98
19383.88,72.22,95,1.25,3329.98
19383.88,72.2,95,0.0,3329.98
19383.88,72.13,95,0.0,3329.98
19383.88,72.06,95,2.4875,3329.98
19383.88,69.16,95,0.0,3329.98
19383.88,69.0,81,0.0,3329.98
19383.88,69.02,81,1.25,3329.98
19383.88,69.22,100,0.0,3329.98
19383.88,68.22,100,0.0,3329.98
19383.88,68.64,94,0.0,3329.98
19383.88,68.45,94,1.25,3329.98
19383.88,68.93,95,0.0,3329.98
19383.88,68.9,95,0.0,3329.98
19383.88,69.08,95,0.0,3329.98
19383.88,68.97,95,1.2125,3329.98
19383.88,72.09,94,0.0,3329.98
19383.88,72.17,95,0.0,3329.98
19383.88,71.63,95,1.225,3329.98
19383.88,71.47,95,1.225,3329.98
19383.88,71.86,95,0.0,3329.98
19383.88,71.92,95,0.0,3329.98
19383.88,71.94,95,0.0,3329.98
19383.88,71.84,95,1.225,3329.98
19383.88,72.03,95,0.0,3329.98
19383.88,72.42,95,0.0,3329.98
19383.88,71.93,95,0.0,3329.98
19383.88,71.66,95,0.0,3329.98
19383.88,71.7,95,1.225,3329.98
19383.88,71.98,95,0.0,3329.98
19383.88,72.17,95,0.0,3329.98
19383.88,72.17,95,1.2125,3329.98
19383.88,72.03,95,0.0,3329.98
19383.88,71.88,95,0.0,3329.98
19383.88,71.88,94,0.0,3329.98
19383.88,72.24,94,1.2125,3329.98
19383.88,71.67,96,0.0,3329.98
19383.88,71.78,96,0.0,3329.98
19383.88,71.78,96,0.0,3329.98
19383.88,71.68,96,1.2125,3329.98
19383.88,72.01,95,0.0,3329.98
19383.88,71.99,95,0.0,3329.98
19383.88,71.76,96,1.2125,3329.98
19383.88,72.01,96,1.2125,3329.98
19383.88,71.71,95,0.0,3329.98
19383.88,71.71,95,0.0,3329.98
19383.88,71.6,95,1.225,3329.98
19383.88,71.65,95,0.0,3329.98
19383.88,71.56,95,0.0,3329.98
19383.88,71.63,95,0.0,3329.98
19383.88,71.88,95,0.0,3329.98
19383.88,71.93,94,1.2125,3329.98
19383.88,72.29,94,0.0,3329.98
19383.88,71.92,94,0.0,3329.98
19383.88,72.09,94,1.2125,3329.98
19383.88,72.07,95,0.0,3329.98
19383.88,69.88,95,1.225,3329.98
19383.88,70.05,89,1.225,3329.98
19383.88,70.05,89,0.0,3329.98
19383.88,70.29,92,0.0,3329.98
19383.88,70.11,92,0.0,3329.98
19383.88,69.39,97,1.225,3329.98
19383.88,69.65,97,0.0,3329.98
19383.88,69.33,95,0.0,3329.98
19383.88,69.97,95,0.0,3329.98
19383.88,68.51,92,1.2125,3329.98
19383.88,68.6,92,0.0,3329.98
19383.88,68.6,95,0.0,3329.98
19383.88,70.92,95,1.2,3329.98
19383.88,70.92,94,0.0,3329.98
19383.88,70.73,94,0.0,3329.98
19383.88,70.53,95,0.0,3329.98
19383.88,71.23,95,1.225,3329.98
19383.88,71.2,95,0.0,3329.98
19383.88,71.19,95,1.225,3329.98
19383.88,72.14,95,0.0,3329.98
19383.88,72.31,95,1.2125,3329.98
19383.88,72.31,95,0.0,3329.98
19383.88,72.35,95,0.0,3329.98
19383.88,72.12,95,1.2125,3329.98
19383.88,71.84,95,0.0,3329.98
19383.88,71.91,95,0.0,3329.98
19383.88,72.29,95,0.0,3329.98
19383.88,72.08,95,1.2125,3329.98
19383.88,72.2,94,0.0,3329.98
19383.88,72.17,94,0.0,3329.98
19383.88,72.07,95,0.0,3329.98
19383.88,72.33,95,0.0,3329.98
19383.88,72.1,95,1.2125,3329.98
19383.88,72.1,95,0.0,3329.98
19383.88,72.03,95,0.0,3329.98
19383.88,72.1,95,0.0,3329.98
19383.88,72.29,96,1.225,3329.98
19383.88,72.43,96,0.0,3329.98
19383.88,72.31,95,0.0,3329.98
19383.88,72.41,95,1.2125,3329.98
19383.88,72.27,95,0.0,3329.98
19383.88,72.09,95,0.0,3329.98
19383.88,71.93,96,0.0,3329.98
19383.88,71.94,96,1.2125,3329.98
19383.88,72.01,95,0.0,3329.98
19383.88,72.32,95,0.0,3329.98
19383.88,72.32,94,2.425,3329.98
19383.88,72.22,94,0.0,3329.98
19383.88,72.27,95,0.0,3329.98
19383.88,72.26,95,0.0,3329.98
19383.88,72.14,95,1.2125,3329.98
19383.88,72.07,95,0.0,3329.98
19383.88,72.06,95,1.225,3329.98
19383.88,72.59,82,1.225,3329.98
19383.88,72.43,82,0.0,3329.98
19383.88,72.54,100,0.0,3329.98
19383.88,71.21,100,0.0,3329.98
19383.88,71.08,95,0.0,3329.98
19383.88,71.31,95,1.225,3329.98
19383.88,71.07,94,0.0,3329.98
19383.88,71.47,94,0.0,3329.98
19383.88,71.27,94,0.0,3329.98
19383.88,71.57,95,1.225,3329.98
19383.88,71.55,95,0.0,3329.98
19383.88,71.41,95,0.0,3329.98
19383.88,71.39,95,0.0,3329.98
19383.88,71.36,95,1.225,3329.98
19383.88,72.3,95,0.0,3329.98
19383.88,72.0,95,0.0,3329.98
19383.88,72.29,95,0.0,3329.98
19383.88,72.22,95,1.225,3329.98
19383.88,72.04,96,0.0,3329.98
19383.88,72.14,96,0.0,3329.98
19383.88,72.06,96,0.0,3329.98
19383.88,72.2,96,0.0,3329.98
19383.88,71.93,97,0.0,3329.98
19383.88,72.19,97,1.2125,3329.98
19383.88,72.11,94,0.0,3329.98
19383.88,72.3,94,0.0,3329.98
19383.88,72.36,95,1.2125,3329.98
19383.88,72.21,95,0.0,3329.98
19383.88,72.1,95,0.0,3329.98
19383.88,72.34,95,1.2125,3329.98
19383.88,72.49,95,1.2125,3329.98
19383.88,72.15,95,0.0,3329.98
19383.88,72.09,95,0.0,3329.98
19383.88,72.01,95,0.0,3329.98
19383.88,72.1,95,1.2125,3329.98
19383.88,72.16,95,0.0,3329.98
19383.88,72.23,95,0.0,3329.98
19383.88,72.26,94,1.2125,3329.98
19383.88,72.35,94,0.0,3329.98
19383.88,72.69,95,0.0,3329.98
19383.88,71.94,95,0.0,3329.98
19383.88,71.88,94,1.225,3329.98
19383.88,71.62,94,0.0,3329.98
19383.88,71.82,94,0.0,3329.98
19383.88,71.82,95,0.0,3329.98
19383.88,71.9,96,1.225,3329.98
19383.88,72.06,96,0.0,3329.98
19383.88,71.91,96,1.225,3329.98
19383.88,72.21,96,0.0,3329.98
19383.88,71.78,95,0.0,3329.98
19383.88,71.57,95,1.225,3329.98
19383.88,71.71,96,1.225,3329.98
19383.88,71.63,96,0.0,3329.98
19383.88,72.79,86,1.2125,3329.98
19383.88,72.72,86,0.0,3329.98
19383.88,72.78,96,0.0,3329.98
19383.88,72.07,96,0.0,3329.98
19383.88,72.35,95,1.2125,3329.98
19383.88,72.25,95,0.0,3329.98
19383.88,72.67,95,0.0,3329.98
19383.88,72.42,95,1.2125,3329.98
19383.88,72.82,95,0.0,3329.98
19383.88,72.58,95,0.0,3329.98
19383.88,72.11,93,1.225,3329.98
19383.88,71.86,93,0.0,3329.98
19383.88,71.67,95,0.0,3329.98
19383.88,71.91,95,0.0,3329.98
19383.88,71.75,94,1.2125,3329.98
19383.88,71.74,94,0.0,3329.98
19383.88,71.65,95,0.0,3329.98
19383.88,71.71,95,1.2125,3329.98
19383.88,71.8,95,0.0,3329.98
19383.88,71.72,95,0.0,3329.98
19383.88,71.47,95,0.0,3329.98
19383.88,71.46,95,1.2125,3329.98
19383.88,71.64,95,0.0,3329.98
19383.88,72.01,95,1.2125,3329.98
19383.88,71.66,95,0.0,3329.98
19383.88,71.8,95,0.0,3329.98
19383.88,71.84,94,0.0,3329.98
19383.88,71.68,95,0.0,3329.98
19383.88,71.7,95,1.225,3329.98
19383.88,71.55,95,0.0,3329.98
19383.88,71.58,95,0.0,3329.98
19383.88,71.58,95,1.225,3329.98
19383.88,71.6,95,0.0,3329.98
19383.88,71.66,95,0.0,3329.98
19383.88,71.95,95,0.0,3329.98
19383.88,71.75,94,1.2125,3329.98
19383.88,71.67,94,0.0,3329.98
19383.88,71.8,95,0.0,3329.98
19383.88,71.75,95,0.0,3329.98
19383.88,71.68,95,1.2125,3329.98
19383.88,71.7,95,0.0,3329.98
19383.88,71.64,95,0.0,3329.98
19383.88,71.65,95,2.425,3329.98
19383.88,71.77,95,0.0,3329.98
19383.88,71.86,95,0.0,3329.98
19383.88,71.82,96,1.2125,3329.98
19383.88,72.24,96,0.0,3329.98
19383.88,72.17,96,0.0,3329.98
19383.88,72.08,96,0.0,3329.98
19383.88,72.03,95,1.2125,3329.98
19383.88,72.03,95,1.2125,3329.98
19383.88,73.7,81,1.2,3329.98
19383.88,73.87,81,0.0,3329.98
19383.88,73.83,100,0.0,3329.98
19383.88,72.91,100,0.0,3329.98
19383.88,72.61,95,1.225,3329.98
19383.88,72.59,95,0.0,3329.98
19383.88,72.68,95,0.0,3329.98
19383.88,72.61,95,0.0,3329.98
19383.88,73.0,95,1.225,3329.98
19383.88,72.84,96,0.0,3329.98
19383.88,73.32,96,0.0,3329.98
19383.88,71.45,95,0.0,3329.98
19383.88,71.46,95,1.225,3329.98
19383.88,71.25,96,0.0,3330.11
19383.88,72.2,96,0.0,3330.11
19383.88,72.24,95,0.0,3330.11
19383.88,72.02,95,0.0,3330.11
19383.88,72.23,96,2.45,3330.11
19383.88,72.0,96,0.0,3330.11
19383.88,71.92,95,0.0,3330.11
19383.88,71.93,95,0.0,3330.11
19383.88,71.61,96,1.225,3330.11
19383.88,71.68,96,0.0,3330.11
19383.88,72.07,95,0.0,3330.11
19383.88,71.88,95,0.0,3330.11
19383.88,72.2,96,0.0,3330.11
19383.88,72.15,96,1.225,3330.11
19383.88,72.07,95,0.0,3330.11
19383.88,72.13,95,0.0,3330.11
19383.88,72.07,95,0.0,3330.11
19383.88,72.26,95,1.225,3330.11
19383.88,71.93,95,0.0,3330.11
19383.88,72.19,95,0.0,3330.11
19383.88,71.92,95,0.0,3330.11
19383.88,71.92,95,1.225,3330.11
19383.88,72.25,96,0.0,3330.11
19383.88,72.14,96,0.0,3330.11
19383.88,72.07,95,0.0,3330.11
19383.88,72.13,95,1.2125,3330.11
19383.88,72.42,94,1.2125,3330.11
19383.88,71.99,94,0.0,3330.11
19383.88,71.88,95,0.0,3330.11
19383.88,71.96,95,1.2125,3330.11
19383.88,71.99,95,0.0,3330.11
19383.88,72.08,95,0.0,3330.11
19383.88,72.12,95,1.2125,3330.11
19383.88,72.04,95,0.0,3330.11
19383.88,72.23,94,0.0,3330.11
19383.88,72.4,94,0.0,3330.11
19383.88,72.24,93,0.0,3330.11
19383.88,72.28,93,1.2375,3330.11
19383.88,73.32,95,2.3375,3330.11
19383.88,73.73,95,0.0,3330.11
19383.88,73.79,76,0.0,3330.11
19383.88,74.19,100,0.0,3330.11
19383.88,74.2,100,1.2125,3330.11
19383.88,74.25,100,0.0,3330.11
19383.88,73.45,100,0.0,3330.11
19383.88,73.55,100,0.0,3330.11
19383.88,73.16,96,0.0,3330.11
19383.88,73.16,96,1.225,3330.11
19383.88,72.79,95,0.0,3330.11
19383.88,71.9,95,0.0,3330.11
19383.88,71.71,95,1.225,3330.11
19383.88,71.81,95,1.2125,3330.11
19383.88,71.63,95,0.0,3330.11
19383.88,71.61,95,0.0,3330.11
19383.88,71.62,95,1.2125,3330.11
19383.88,72.75,95,0.0,3330.11
19383.88,72.74,95,0.0,3330.11
19383.88,72.51,95,1.2125,3330.11
19383.88,72.89,95,0.0,3330.11
19383.88,72.9,95,0.0,3330.11
19383.88,73.05,95,0.0,3330.11
19383.88,72.87,95,0.0,3330.11
19383.88,72.84,95,1.2,3330.11
19383.88,72.47,96,0.0,3330.11
19383.88,72.39,96,0.0,3330.11
19383.88,72.21,95,1.2375,3330.11
19383.88,71.84,95,0.0,3330.11
19383.88,71.48,95,0.0,3330.11
19383.88,71.77,96,0.0,3330.11
19383.88,71.49,96,1.2375,3330.11
19383.88,71.84,96,0.0,3330.11
19383.88,71.55,96,0.0,3330.11
19383.88,71.85,96,1.2375,3330.11
19383.88,71.54,96,0.0,3330.11
19383.88,71.86,96,0.0,3330.11
19383.88,71.91,96,0.0,3330.11
19383.88,71.91,94,1.2375,3330.11
19383.88,71.74,94,0.0,3330.11
19383.88,71.74,94,0.0,3330.11
19383.88,72.04,95,0.0,3330.11
19383.88,71.83,95,1.25,3330.11
19383.88,71.88,96,0.0,3330.11
19383.88,71.63,96,0.0,3330.11
19383.88,71.76,96,1.25,3330.11
19383.88,71.51,96,0.0,3330.11
19383.88,71.51,95,0.0,3330.11
19383.88,71.74,95,1.2375,3330.11
19383.88,71.48,95,0.0,3330.11
19383.88,71.62,95,0.0,3330.11
19383.88,71.28,95,0.0,3330.11
19383.88,71.62,95,0.0,3330.11
19383.88,71.28,95,1.25,3330.11
19383.88,71.47,95,0.0,3330.11
19383.88,71.33,95,1.25,3330.11
19383.88,71.49,95,0.0,3330.11
19383.88,71.81,86,0.0,3330.11
19383.88,71.78,86,1.25,3330.11
19383.88,71.64,100,0.0,3330.11
19383.88,71.2,100,1.2375,3330.11
19383.88,71.55,94,0.0,3330.11
19383.88,72.18,94,1.2375,3330.11
19383.88,71.98,95,0.0,3330.11
19383.88,72.06,95,0.0,3330.11
19383.88,72.06,96,1.25,3330.11
19383.88,72.38,96,0.0,3330.11
19383.88,72.38,96,0.0,3330.11
19383.88,72.12,96,0.0,3330.11
19383.88,72.1,95,1.25,3330.11
19383.88,72.31,95,0.0,3330.11
19383.88,72.97,95,0.0,3330.11
19383.88,72.47,95,0.0,3330.11
19383.88,72.42,96,0.0,3330.11
19383.88,72.52,96,1.25,3330.11
19383.88,72.47,96,0.0,3330.11
19383.88,72.42,96,0.0,3330.11
19383.88,72.34,94,0.0,3330.11
19383.88,72.12,94,1.2125,3330.11
19383.88,71.99,94,0.0,3330.11
19383.88,72.19,94,0.0,3330.11
19383.88,72.18,94,1.2125,3330.11
19383.88,72.43,94,0.0,3330.11
19383.88,72.39,94,0.0,3330.11
19383.88,72.44,95,0.0,3330.23
19383.88,72.35,95,1.2375,3330.23
19383.88,72.43,95,0.0,3330.23
19383.88,72.56,95,0.0,3330.23
19383.88,72.36,95,1.2375,3330.23
19383.88,72.25,95,0.0,3330.23
19383.88,72.25,95,0.0,3330.23
19383.88,72.31,95,0.0,3330.23
19383.88,72.19,95,1.2375,3330.23
19383.88,72.27,95,0.0,3330.23
19383.88,72.26,96,0.0,3330.23
19383.88,72.1,96,0.0,3330.23
19383.88,72.08,95,1.2375,3330.23
19383.88,71.76,95,0.0,3330.23
19383.88,71.62,95,0.0,3330.23
19383.88,71.63,95,1.25,3330.23
19383.88,71.59,94,0.0,3330.23
19383.88,71.63,94,0.0,3330.23
19383.88,71.75,95,1.2375,3330.23
19383.88,71.78,95,0.0,3330.23
19383.88,71.9,95,0.0,3330.23
19383.88,71.96,95,1.25,3330.23
19383.88,71.9,95,0.0,3330.23
19383.88,71.86,95,0.0,3330.23
19383.88,71.81,96,2.4875,3330.23
19383.88,73.61,96,0.0,3330.23
19383.88,73.8,84,1.25,3330.23
19383.88,73.82,84,0.0,3330.23
19383.88,72.72,99,0.0,3330.23
19383.88,72.41,99,0.0,3330.23
19383.88,72.22,96,2.4875,3330.23
19383.88,72.3,96,0.0,3330.23
19383.88,72.28,94,0.0,3330.23
19383.88,72.42,94,0.0,3330.23
19383.88,72.51,94,1.2375,3330.23
19383.88,73.09,94,0.0,3330.23
19383.88,71.34,95,0.0,3330.23
19383.88,71.46,95,1.25,3330.23
19383.88,71.21,94,0.0,3330.23
19383.88,72.15,94,0.0,3330.23
19383.88,72.16,94,1.2125,3330.23
19383.88,72.22,94,0.0,3330.23
19383.88,72.33,95,0.0,3330.23
19383.88,72.14,95,0.0,3330.23
19383.88,71.96,95,1.2125,3330.23
19383.88,72.05,95,0.0,3330.23
19383.88,71.71,94,0.0,3330.23
19383.88,71.86,94,1.2125,3330.23
19383.88,71.88,95,0.0,3330.23
19383.88,71.9,95,0.0,3330.23
19383.88,72.15,95,2.425,3330.23
19383.88,72.33,95,0.0,3330.23
19383.88,72.23,95,0.0,3330.23
19383.88,72.0,95,0.0,3330.23
19383.88,72.04,96,1.2125,3330.23
19383.88,72.07,96,0.0,3330.23
19383.88,72.2,94,0.0,3330.23
19383.88,72.26,94,1.2125,3330.23
19383.88,71.86,95,0.0,3330.23
19383.88,71.94,95,0.0,3330.23
19383.88,72.07,95,0.0,3330.23
19383.88,72.22,95,0.0,3330.23
19383.88,72.2,95,1.2125,3330.23
19383.88,72.18,95,0.0,3330.23
19383.88,72.02,95,0.0,3330.23
19383.88,71.98,95,1.2125,3330.23
19383.88,72.11,95,0.0,3330.23
19383.88,71.88,95,0.0,3330.23
19383.88,71.95,95,1.2125,3330.23
19383.88,71.98,95,0.0,3330.23
19383.88,72.03,95,0.0,3330.23
19383.88,72.06,95,1.2125,3330.23
19383.88,72.06,95,1.2,3330.23
19383.88,72.03,95,0.0,3330.23
19383.88,72.03,95,1.2125,3330.23
19383.88,72.03,94,0.0,3330.23
19383.88,72.03,94,1.2125,3330.23
19383.88,72.13,80,1.2125,3330.23
19383.88,71.57,80,0.0,3330.23
19383.88,71.7,100,0.0,3330.23
19383.88,71.7,100,1.2125,3330.23
19383.88,71.32,96,0.0,3330.23
19383.88,71.27,96,0.0,3330.23
19383.88,71.27,95,1.2125,3330.23
19383.88,71.46,95,0.0,3330.23
19383.88,71.61,95,0.0,3330.23
19383.88,71.16,95,1.2125,3330.23
19383.88,71.16,94,0.0,3330.23
19383.88,71.69,94,0.0,3330.23
19383.88,71.8,95,1.2125,3330.23
19383.88,71.85,95,0.0,3330.23
19383.88,71.72,95,0.0,3330.23
19383.88,72.19,95,1.2125,3330.23
19383.88,72.14,95,0.0,3330.23
19383.88,72.03,95,0.0,3330.23
19383.88,71.91,95,1.2125,3330.23
19383.88,72.12,95,0.0,3330.23
19383.88,72.22,95,0.0,3330.23
19383.88,72.03,95,0.0,3330.23
19383.88,71.61,95,1.2125,3330.23
19383.88,71.41,95,1.2125,3330.23
19383.88,71.39,94,0.0,3330.23
19383.88,71.91,94,1.2125,3330.23
19383.88,71.99,94,0.0,3330.23
19383.88,71.82,95,0.0,3330.23
19383.88,71.86,95,1.2125,3330.23
19383.88,71.89,95,0.0,3330.23
19383.88,71.87,95,0.0,3330.23
19383.88,71.71,95,1.2125,3330.23
19383.88,71.8,95,0.0,3330.23
19383.88,72.09,96,0.0,3330.23
19383.88,72.25,96,0.0,3330.23
19383.88,72.11,94,1.2125,3330.23
19383.88,71.83,94,0.0,3330.23
19383.88,71.43,95,1.2125,3330.23
19383.88,71.94,95,0.0,3330.23
19383.88,72.07,95,0.0,3330.23
19383.88,71.98,95,0.0,3330.23
19383.88,71.91,95,1.2125,3330.23
19383.88,71.98,95,0.0,3330.23
19383.88,72.07,95,0.0,3330.23
19383.88,72.06,95,1.225,3330.23
19383.88,72.11,95,0.0,3330.23
19383.88,72.2,95,0.0,3330.23
19383.88,72.05,95,0.0,3330.23
19383.88,71.93,95,1.2125,3330.23
19383.88,71.81,94,0.0,3330.23
19383.88,71.76,94,1.2125,3330.23
19383.88,71.75,95,2.425,3330.23
19383.88,71.83,95,0.0,3330.23
19383.88,73.57,82,1.2125,3330.23
19383.88,73.69,82,0.0,3330.23
19383.88,73.89,100,0.0,3330.23
19383.88,73.27,95,0.0,3330.23
19383.88,73.35,95,1.2125,3330.23
19383.88,73.61,96,0.0,3330.23
19383.88,73.81,96,0.0,3330.23
19383.88,73.82,96,1.2125,3330.23
19383.88,73.45,96,0.0,3330.23
19383.88,73.65,96,0.0,3330.23
19383.88,73.79,96,1.2125,3330.23
19383.88,72.13,96,0.0,3330.23
19383.88,71.49,96,0.0,3330.23
19383.88,72.08,96,1.2125,3330.23
19383.88,72.09,96,0.0,3330.23
19383.88,71.9,95,0.0,3330.23
19383.88,72.15,95,0.0,3330.23
19383.88,71.71,96,1.2125,3330.23
19383.88,71.9,96,0.0,3330.23
19383.88,71.87,96,0.0,3330.23
19383.88,71.67,96,1.225,3330.23
19383.88,71.51,94,0.0,3330.23
19383.88,71.59,94,0.0,3330.23
19383.88,71.92,95,0.0,3330.23
19383.88,71.76,95,0.0,3330.23
19383.88,71.83,96,1.225,3330.23
19383.88,71.7,96,0.0,3330.23
19383.88,71.88,95,0.0,3330.23
19383.88,71.89,95,1.2125,3330.23
19383.88,71.87,95,0.0,3330.23
19383.88,71.83,95,1.225,3330.23
19383.88,71.88,94,0.0,3330.23
19383.88,72.01,95,1.225,3330.23
19383.88,72.1,95,0.0,3330.23
19383.88,72.16,95,0.0,3330.23
19383.88,72.14,94,0.0,3330.23
19383.88,72.04,94,1.225,3330.23
19383.88,72.07,95,0.0,3330.23
19383.88,72.01,95,0.0,3330.23
19383.88,72.0,95,0.0,3330.23
19383.88,71.99,95,1.225,3330.23
19383.88,71.85,95,0.0,3330.23
19383.88,71.89,95,0.0,3330.23
19383.88,71.99,95,0.0,3330.23
19383.88,72.08,95,0.0,3330.23
19383.88,72.37,94,1.225,3330.23
19383.88,72.22,94,0.0,3330.23
19383.88,72.06,93,0.0,3330.23
19383.88,72.13,95,0.0,3330.23
19383.88,71.95,95,1.225,3330.23
19383.88,71.99,95,1.225,3330.23
19383.88,72.96,95,0.0,3330.23
19383.88,72.99,86,1.225,3330.23
19383.88,73.19,86,0.0,3330.23
19383.88,72.2,86,0.0,3330.23
19383.88,72.14,98,0.0,3330.23
19383.88,72.14,98,1.225,3330.23
19383.88,71.91,95,0.0,3330.23
19383.88,72.66,95,0.0,3330.23
19383.88,72.44,95,0.0,3330.23
19383.88,72.91,95,0.0,3330.23
19383.88,72.84,95,1.225,3330.23
19383.88,72.03,95,0.0,3330.23
19383.88,71.97,95,0.0,3330.23
19383.88,71.41,95,0.0,3330.23
19383.88,72.36,95,1.225,3330.23
19383.88,71.99,96,0.0,3330.23
19383.88,71.93,96,0.0,3330.23
19383.88,72.02,96,0.0,3330.23
19383.88,71.92,96,1.225,3330.23
19383.88,72.21,96,0.0,3330.23
19383.88,71.92,95,0.0,3330.23
19383.88,71.91,95,1.225,3330.23
19383.88,71.5,95,0.0,3330.23
19383.88,71.58,95,1.225,3330.23
19383.88,71.83,95,0.0,3330.23
19383.88,71.92,95,0.0,3330.23
19383.88,72.07,94,1.225,3330.23
19383.88,72.25,94,0.0,3330.23
19383.88,72.47,95,0.0,3330.23
19383.88,72.22,95,0.0,3330.23
19383.88,72.12,94,0.0,3330.23
19383.88,71.98,94,0.0,3330.23
19383.88,71.91,95,1.2375,3330.23
19383.88,72.07,95,0.0,3330.23
19383.88,72.34,95,0.0,3330.23
19383.88,72.25,95,1.2375,3330.23
19383.88,72.42,95,0.0,3330.23
19383.88,71.88,95,0.0,3330.23
19383.88,71.97,95,0.0,3330.23
19383.88,71.78,95,1.25,3330.23
19383.88,71.58,96,0.0,3330.23
19383.88,71.65,96,0.0,3330.23
19383.88,71.65,95,0.0,3330.23
19383.88,71.69,95,0.0,3330.23
19383.88,71.82,95,0.0,3330.23
19383.88,72.22,95,2.4875,3330.23
19383.88,72.04,95,0.0,3330.23
19383.88,72.15,95,0.0,3330.23
19383.88,72.12,95,0.0,3330.23
19383.88,71.88,95,1.2375,3330.23
19383.88,71.95,95,0.0,3330.23
19383.88,72.0,95,1.25,3330.23
19383.88,72.57,84,0.0,3330.23
19383.88,72.36,84,0.0,3330.23
19383.88,72.3,84,1.2375,3330.23
19383.88,71.14,100,0.0,3330.23
19383.88,71.14,100,0.0,3330.23
19383.88,71.01,96,0.0,3330.23
19383.88,70.86,96,0.0,3330.23
19383.88,71.36,95,1.2375,3330.23
19383.88,71.13,95,0.0,3330.23
19383.88,71.53,96,0.0,3330.23
19383.88,71.53,96,1.25,3330.23
19383.88,71.53,96,0.0,3330.23
19383.88,71.17,96,0.0,3330.23
19383.88,71.36,96,0.0,3330.23
19383.88,71.29,96,0.0,3330.23
19383.88,72.29,96,1.25,3330.23
19383.88,71.96,96,0.0,3330.23
19383.88,72.17,96,0.0,3330.23
19383.88,72.1,96,1.2375,3330.23
19383.88,71.89,96,0.0,3330.23
19383.88,72.23,97,0.0,3330.23
19383.88,71.96,97,0.0,3330.23
19383.88,71.96,96,0.0,3330.23
19383.88,71.57,96,1.2375,3330.23
19383.88,71.99,96,0.0,3330.23
19383.88,71.75,96,0.0,3330.23
19383.88,72.09,96,0.0,3330.23
19383.88,71.53,96,0.0,3330.23
19383.88,71.85,95,0.0,3330.23
19383.88,71.7,95,1.25,3330.23
19383.88,71.62,95,0.0,3330.23
19383.88,71.46,95,0.0,3330.23
19383.88,71.43,94,1.2375,3330.23
19383.88,71.46,94,0.0,3330.23
19383.88,71.71,94,0.0,3330.23
19383.88,71.74,94,1.225,3330.23
19383.88,71.81,95,0.0,3330.23
19383.88,71.98,95,1.2125,3330.23
19383.88,72.39,95,0.0,3330.23
19383.88,72.29,95,1.2125,3330.23
19383.88,72.19,95,0.0,3330.23
19383.88,72.03,95,0.0,3330.23
19383.88,71.93,95,1.2125,3330.23
19383.88,72.07,95,0.0,3330.23
19383.88,72.34,95,0.0,3330.23
19383.88,72.05,95,1.2125,3330.23
19383.88,72.09,95,0.0,3330.23
19383.88,72.18,95,0.0,3330.23
19383.88,72.14,94,0.0,3330.23
19383.88,72.1,94,1.2125,3330.23
19383.88,72.0,95,0.0,3330.23
19383.88,71.91,95,2.425,3330.23
19383.88,71.8,95,0.0,3330.23
19383.88,72.58,95,0.0,3330.23
19383.88,72.18,82,0.0,3330.23
19383.88,72.02,82,1.225,3330.23
19383.88,71.7,98,0.0,3330.23
19383.88,71.47,98,0.0,3330.23
19383.88,71.9,94,0.0,3330.23
19383.88,71.64,94,1.225,3330.23
19383.88,71.91,95,0.0,3330.23
19383.88,71.74,95,0.0,3330.23
19383.88,72.05,95,0.0,3330.23
19383.88,72.17,95,1.225,3330.23
19383.88,71.95,93,0.0,3330.23
19383.88,72.12,95,0.0,3330.23
19383.88,71.72,95,0.0,3330.23
19383.88,72.38,95,1.2125,3330.23
19383.88,72.27,95,0.0,3330.23
19383.88,72.23,95,0.0,3330.23
19383.88,72.22,95,1.2125,3330.23
19383.88,72.16,95,0.0,3330.23
19383.88,72.18,95,0.0,3330.23
19383.88,72.14,95,2.4375,3330.23
19383.88,72.15,95,0.0,3330.23
19383.88,71.64,95,0.0,3330.23
19383.88,71.75,95,0.0,3330.23
19383.88,72.06,95,1.2125,3330.23
19383.88,72.22,95,0.0,3330.23
19383.88,72.27,95,0.0,3330.23
19383.88,72.19,95,1.2125,3330.23
19383.88,72.11,95,0.0,3330.23
19383.88,71.85,95,0.0,3330.23
19383.88,71.79,94,1.2125,3330.23
19383.88,71.89,94,0.0,3330.23
19383.88,71.77,95,0.0,3330.23
19383.88,71.88,95,1.2125,3330.23
19383.88,71.91,95,0.0,3330.23
19383.88,71.95,95,0.0,3330.23
19383.88,71.84,95,0.0,3330.23
19383.88,71.84,95,1.2125,3330.23
19383.88,71.6,95,0.0,3330.23
19383.88,71.6,95,0.0,3330.23
19383.88,71.98,95,1.225,3330.23
19383.88,71.63,95,0.0,3330.23
19383.88,71.6,94,0.0,3330.23
19383.88,71.8,94,1.2125,3330.23
19383.88,71.9,95,0.0,3330.23
19383.88,71.8,95,0.0,3330.23
19383.88,71.62,95,0.0,3330.23
19383.88,71.64,95,1.2125,3330.23
19383.88,71.47,95,0.0,3330.23
19383.88,71.57,94,0.0,3330.23
19383.88,71.62,94,2.425,3330.23
19383.88,73.4,82,1.2125,3330.23
19383.88,73.1,82,0.0,3330.23
19383.88,73.66,100,0.0,3330.23
19383.88,72.34,100,1.2125,3330.23
19383.88,72.64,96,0.0,3330.23
19383.88,72.46,96,0.0,3330.23
19383.88,72.99,95,0.0,3330.23
19383.88,72.87,95,1.2125,3330.23
19383.88,73.22,96,0.0,3330.23
19383.88,73.02,96,0.0,3330.23
19383.88,73.06,94,1.225,3330.23
19383.88,71.76,94,0.0,3330.23
19383.88,71.61,94,0.0,3330.23
19383.88,71.38,94,1.2125,3330.23
19383.88,71.81,94,0.0,3330.23
19383.88,71.77,94,0.0,3330.23
19383.88,71.76,95,0.0,3330.23
19383.88,71.64,95,1.2125,3330.23
19383.88,71.56,95,0.0,3330.23
19383.88,71.61,95,0.0,3330.23
19383.88,71.63,95,1.2125,3330.23
19383.88,71.52,95,0.0,3330.23
19383.88,71.53,95,0.0,3330.23
19383.88,71.3,95,0.0,3330.23
19383.88,71.42,95,1.2125,3330.23
19383.88,71.89,95,0.0,3330.23
19383.88,71.88,95,0.0,3330.23
19383.88,71.74,95,0.0,3330.23
19383.88,71.66,95,1.225,3330.23
19383.88,71.68,95,0.0,3330.23
19383.88,71.6,95,0.0,3330.23
19383.88,71.79,95,0.0,3330.23
19383.88,71.45,95,1.225,3330.23
19383.88,71.41,96,0.0,3330.23
19383.88,71.78,96,0.0,3330.23
19383.88,71.97,96,0.0,3330.23
19383.88,71.83,96,1.225,3330.23
19383.88,71.89,96,0.0,3330.23
19383.88,71.94,96,0.0,3330.23
19383.88,72.11,95,0.0,3330.23
19383.88,71.78,95,0.0,3330.23
19383.88,71.72,95,2.3875,3330.23
19383.88,71.77,95,0.0,3330.23
19383.88,71.92,95,0.0,3330.23
19383.88,71.78,95,0.0,3330.23
19383.88,71.92,94,0.0,3330.23
19383.88,71.85,94,1.225,3330.23
19383.88,71.72,95,0.0,3330.23
19383.88,71.7,95,0.0,3330.23
19383.88,71.37,94,0.0,3330.23
19383.88,71.33,94,1.2125,3330.23
19383.88,71.3,95,1.2125,3330.23
19383.88,73.39,95,0.0,3330.23
19383.88,73.73,85,1.225,3330.23
19383.88,73.76,85,0.0,3330.23
19383.88,73.19,98,0.0,3330.23
19383.88,72.94,98,0.0,3330.23
19383.88,72.84,95,0.0,3330.23
19383.88,73.16,95,1.225,3330.23
19383.88,73.27,95,0.0,3330.23
19383.88,73.61,95,0.0,3330.23
19383.88,73.27,95,1.225,3330.23
19383.88,73.8,95,0.0,3330.23
19383.88,71.72,95,0.0,3330.23
19383.88,71.56,95,0.0,3330.23
19383.88,71.11,94,2.4375,3330.23
19383.88,71.96,94,0.0,3330.23
19383.88,72.18,95,0.0,3330.23
19383.88,72.17,95,0.0,3330.23
19383.88,72.18,95,1.2125,3330.23
19383.88,71.8,95,0.0,3330.23
19383.88,71.77,95,0.0,3330.23
19383.88,72.02,95,0.0,3330.23
19383.88,71.9,95,1.225,3330.23
19383.88,71.59,95,0.0,3330.23
19383.88,71.65,95,0.0,3330.23
19383.88,71.82,96,0.0,3330.23
19383.88,71.82,96,0.0,3330.23
19383.88,72.04,96,1.225,3330.23
19383.88,71.79,96,0.0,3330.23
19383.88,72.1,95,0.0,3330.23
19383.88,72.0,95,0.0,3330.23
19383.88,72.18,95,1.225,3330.23
19383.88,71.71,95,0.0,3330.23
19383.88,72.07,95,0.0,3330.23
19383.88,71.91,95,0.0,3330.23
19383.88,72.06,96,1.2,3330.23
19383.88,72.22,96,0.0,3330.23
19383.88,72.14,95,0.0,3330.23
19383.88,71.74,95,1.2125,3330.23
19383.88,71.79,94,0.0,3330.23
19383.88,71.73,94,0.0,3330.23
19383.88,71.78,94,0.0,3330.23
19383.88,71.74,94,1.2125,3330.23
19383.88,71.93,95,1.2125,3330.23
19383.88,71.99,95,0.0,3330.23
19383.88,71.99,95,1.2125,3330.23
19383.88,71.92,95,0.0,3330.23
19383.88,71.81,96,0.0,3330.23
19383.88,71.71,96,0.0,3330.23
19383.88,71.94,94,1.225,3330.23
19383.88,72.06,94,0.0,3330.23
19383.88,72.31,96,0.0,3330.23
19383.88,71.83,96,2.4875,3330.23
19383.88,74.05,77,0.0,3330.23
19383.88,74.24,77,1.2125,3330.23
19383.88,74.08,100,0.0,3330.23
19383.88,73.3,100,0.0,3330.23
19383.88,73.17,96,1.2125,3330.23
19383.88,73.61,96,0.0,3330.23
19383.88,73.61,93,0.0,3330.23
19383.88,73.91,93,0.0,3330.23
19383.88,73.67,96,1.225,3330.23
19383.88,73.55,96,0.0,3330.23
19383.88,74.06,95,0.0,3330.23
19383.88,71.71,95,0.0,3330.23
19383.88,71.72,95,1.225,3330.23
19383.88,71.5,95,0.0,3330.23
19383.88,72.52,94,0.0,3330.23
19383.88,72.41,94,1.2125,3330.23
19383.88,72.42,95,0.0,3330.23
19383.88,72.29,94,0.0,3330.23
19383.88,72.01,94,1.2125,3330.23
19383.88,71.86,95,0.0,3330.23
19383.88,72.14,95,0.0,3330.23
19383.88,72.17,94,0.0,3330.23
19383.88,71.44,94,1.2125,3330.23
19383.88,71.51,95,0.0,3330.23
19383.88,71.52,95,1.2125,3330.23
19383.88,71.78,95,0.0,3330.23
19383.88,71.54,95,1.2125,3330.23
19383.88,71.38,95,0.0,3330.23
19383.88,71.34,95,0.0,3330.23
19383.88,71.5,95,0.0,3330.23
19383.88,71.33,95,1.2125,3330.23
19383.88,71.23,95,0.0,3330.23
19383.88,71.78,95,0.0,3330.23
19383.88,71.79,95,0.0,3330.23
19383.88,72.01,95,1.2125,3330.23
19383.88,71.98,94,0.0,3330.23
19383.88,71.77,94,0.0,3330.23
19383.88,71.72,94,1.2125,3330.23
19383.88,71.99,94,0.0,3330.23
19383.88,71.87,94,0.0,3330.23
19383.88,71.75,94,1.2125,3330.23
19383.88,71.55,95,1.2125,3330.23
19383.88,71.55,95,0.0,3330.23
19383.88,72.0,94,0.0,3330.23
19383.88,72.03,94,1.2125,3330.23
19383.88,71.99,95,0.0,3330.23
19383.88,72.02,95,0.0,3330.23
19383.88,71.99,95,1.2125,3330.23
19383.88,71.91,95,0.0,3330.23
19383.88,71.97,95,0.0,3330.23
19383.88,71.86,95,2.35,3330.23
19383.88,68.32,95,1.225,3330.23
19383.88,68.49,95,0.0,3330.23
19383.88,68.38,79,0.0,3330.23
19383.88,68.24,100,0.0,3330.23
19383.88,68.64,100,1.2125,3330.23
19383.88,68.64,100,0.0,3330.23
19383.88,67.72,100,0.0,3330.23
19383.88,67.7,96,1.2125,3330.23
19383.88,67.9,96,0.0,3330.23
19383.88,67.9,95,0.0,3330.23
19383.88,67.49,95,0.0,3330.23
19383.88,71.31,95,1.225,3330.23
19383.88,71.28,95,0.0,3330.23
19383.88,71.39,95,1.225,3330.23
19383.88,71.24,95,0.0,3330.23
19383.88,71.04,95,1.225,3330.23
19383.88,70.59,95,0.0,3330.23
19383.88,71.57,95,0.0,3330.23
19383.88,71.42,95,0.0,3330.23
19383.88,71.41,94,1.225,3330.23
19383.88,71.42,94,0.0,3330.23
19383.88,71.78,95,0.0,3330.23
19383.88,71.78,95,0.0,3330.23
19383.88,71.62,95,0.0,3330.23
19383.88,71.66,95,1.225,3330.23
19383.88,71.66,95,0.0,3330.23
19383.88,71.33,95,0.0,3330.23
19383.88,71.78,95,0.0,3330.23
19383.88,71.58,95,1.2125,3330.23
19383.88,71.83,95,0.0,3330.23
19383.88,71.89,95,0.0,3330.23
19383.88,71.64,95,1.2125,3330.23
19383.88,71.95,95,0.0,3330.23
19383.88,71.53,95,0.0,3330.23
19383.88,71.61,95,1.2125,3330.23
19383.88,71.61,95,0.0,3330.23
19383.88,71.66,95,0.0,3330.23
19383.88,71.37,95,0.0,3330.23
19383.88,71.75,95,1.2125,3330.23
19383.88,71.48,95,0.0,3330.23
19383.88,71.8,95,1.2125,3330.23
19383.88,71.53,95,0.0,3330.23
19383.88,71.74,95,1.2125,3330.23
19383.88,71.29,95,0.0,3330.23
19383.88,71.47,95,0.0,3330.23
19383.88,71.31,95,1.2125,3330.23
19383.88,71.68,95,0.0,3330.23
19383.88,71.43,95,0.0,3330.23
19383.88,71.77,95,1.2125,3330.23
19383.88,71.54,95,0.0,3330.23
19383.88,71.91,95,0.0,3330.23
19383.88,71.63,95,0.0,3330.23
19383.88,71.88,95,1.225,3330.23
19383.88,71.57,95,0.0,3330.23
19383.88,71.82,95,0.0,3330.23
19383.88,71.63,82,1.225,3330.23
19383.88,68.34,82,1.2125,3330.23
19383.88,68.59,82,0.0,3330.23
19383.88,68.59,100,0.0,3330.23
19383.88,68.45,96,0.0,3330.23
19383.88,68.54,96,1.2125,3330.23
19383.88,68.55,95,0.0,3330.23
19383.88,68.76,95,0.0,3330.23
19383.88,68.93,95,0.0,3330.23
19383.88,68.89,95,1.2125,3330.23
19383.88,68.98,95,1.2125,3330.23
19383.88,72.39,95,0.0,3330.23
19383.88,72.33,95,1.2125,3330.23
19383.88,72.14,95,0.0,3330.23
19383.88,71.67,95,0.0,3330.23
19383.88,71.86,95,0.0,3330.23
19383.88,71.73,95,1.225,3330.23
19383.88,71.94,95,0.0,3330.23
19383.88,71.92,94,0.0,3330.23
19383.88,71.81,94,0.0,3330.23
19383.88,72.01,95,1.2125,3330.23
19383.88,71.98,95,0.0,3330.23
19383.88,71.88,96,0.0,3330.23
19383.88,71.73,96,1.2125,3330.23
19383.88,71.78,95,0.0,3330.23
19383.88,72.0,95,0.0,3330.23
19383.88,72.06,93,0.0,3330.23
19383.88,71.86,93,1.2125,3330.23
19383.88,71.97,94,0.0,3330.23
19383.88,71.62,94,0.0,3330.23
19383.88,72.06,94,1.2125,3330.23
19383.88,72.04,94,0.0,3330.23
19383.88,71.8,95,0.0,3330.23
19383.88,71.89,95,1.225,3330.23
19383.88,71.8,93,0.0,3330.23
19383.88,72.05,93,0.0,3330.23
19383.88,72.0,95,0.0,3330.23
19383.88,72.17,95,2.425,3330.23
19383.88,72.2,95,0.0,3330.23
19383.88,72.25,95,0.0,3330.23
19383.88,72.14,95,1.2125,3330.23
19383.88,71.81,95,0.0,3330.23
19383.88,71.43,94,0.0,3330.23
19383.88,71.69,94,0.0,3330.23
19383.88,71.3,95,1.2125,3330.23
19383.88,71.6,95,0.0,3330.23
19383.88,71.33,95,0.0,3330.23
19383.88,71.98,95,0.0,3330.23
19383.88,72.07,95,1.2125,3330.23
19383.88,71.89,95,0.0,3330.23
19383.88,71.83,95,0.0,3330.23
19383.88,71.65,95,1.2125,3330.23
19383.88,71.72,95,1.2125,3330.23
19383.88,71.72,95,1.2125,3330.23
19383.88,73.71,81,0.0,3330.23
19383.88,73.71,100,0.0,3330.23
19383.88,73.78,100,0.0,3330.23
19383.88,72.86,95,1.2125,3330.23
19383.88,72.36,95,0.0,3330.23
19383.88,72.24,95,1.2125,3330.23
19383.88,72.66,95,1.2125,3330.23
19383.88,72.33,95,0.0,3330.23
19383.88,72.63,95,0.0,3330.23
19383.88,73.16,95,0.0,3330.23
19383.88,71.36,95,1.2125,3330.23
19383.88,71.33,95,0.0,3330.23
19383.88,71.04,95,0.0,3330.23
19383.88,71.98,95,0.0,3330.23
19383.88,71.98,95,1.2125,3330.23
19383.88,71.98,94,0.0,3330.23
19383.88,71.98,94,0.0,3330.23
19383.88,72.23,95,1.2125,3330.23
19383.88,72.49,92,0.0,3330.23
19383.88,72.52,92,0.0,3330.23
19383.88,72.33,92,0.0,3330.23
19383.88,72.41,93,1.225,3330.23
19383.88,72.47,93,0.0,3330.23
19383.88,72.92,95,0.0,3330.23
19383.88,72.87,95,0.0,3330.23
19383.88,72.75,93,1.2125,3330.23
19383.88,72.32,95,0.0,3330.23
19383.88,72.66,95,0.0,3330.23
19383.88,72.09,95,1.2125,3330.23
19383.88,72.2,95,1.2375,3330.23
19383.88,72.01,95,0.0,3330.23
19383.88,71.98,95,1.225,3330.23
19383.88,72.11,95,0.0,3330.23
19383.88,72.21,95,0.0,3330.23
19383.88,72.0,95,0.0,3330.23
19383.88,71.99,95,1.2125,3330.23
19383.88,72.01,95,0.0,3330.23
19383.88,71.68,95,0.0,3330.23
19383.88,71.63,95,1.2125,3330.23
19383.88,71.42,91,0.0,3330.23
19383.88,71.33,91,0.0,3330.23
19383.88,71.02,94,0.0,3330.23
19383.88,71.35,95,1.2125,3330.23
19383.88,71.03,95,0.0,3330.23
19383.88,71.46,95,0.0,3330.23
19383.88,71.56,94,1.2125,3330.23
19383.88,71.44,95,0.0,3330.23
19383.88,71.62,95,0.0,3330.23
19383.88,71.99,95,0.0,3330.23
19383.88,72.0,95,1.2125,3330.23
19383.88,68.44,95,2.45,3330.23
19383.88,68.69,95,1.2125,3330.23
19383.88,68.66,80,0.0,3330.23
19383.88,68.92,100,0.0,3330.23
19383.88,68.1,100,0.0,3330.23
19383.88,68.1,100,1.2125,3330.23
19383.88,68.42,94,0.0,3330.23
19383.88,68.42,94,1.2125,3330.23
19383.88,68.87,94,0.0,3330.23
19383.88,68.42,95,0.0,3330.23
19383.88,68.82,95,1.2125,3330.23
19383.88,68.82,95,0.0,3330.23
19383.88,72.28,94,0.0,3330.23
19383.88,72.0,94,1.2125,3330.23
19383.88,71.81,95,0.0,3330.23
19383.88,72.25,95,0.0,3330.23
19383.88,72.18,95,1.225,3330.23
19383.88,72.12,94,0.0,3330.23
19383.88,71.97,94,0.0,3330.23
19383.88,71.81,94,1.2125,3330.23
19383.88,72.05,95,0.0,3330.23
19383.88,72.02,95,0.0,3330.23
19383.88,71.81,95,0.0,3330.23
19383.88,71.56,95,0.0,3330.23
19383.88,71.67,95,1.2125,3330.23
19383.88,71.89,95,0.0,3330.23
19383.88,71.88,95,0.0,3330.23
19383.88,71.88,95,2.375,3330.23
19383.88,71.72,95,0.0,3330.23
19383.88,71.74,94,0.0,3330.23
19383.88,71.69,94,0.0,3330.23
19383.88,71.87,94,1.2125,3330.23
19383.88,71.69,95,0.0,3330.23
19383.88,71.65,95,0.0,3330.23
19383.88,71.74,94,1.2125,3330.23
19383.88,71.87,94,0.0,3330.23
19383.88,71.94,95,0.0,3330.23
19383.88,71.87,95,0.0,3330.23
19383.88,71.73,95,1.2125,3330.23
19383.88,71.84,95,0.0,3330.23
19383.88,71.98,95,0.0,3330.23
19383.88,71.57,95,1.2125,3330.23
19383.88,71.57,95,0.0,3330.23
19383.88,71.73,95,0.0,3330.23
19383.88,71.87,94,1.2125,3330.23
19383.88,71.84,94,0.0,3330.23
19383.88,71.8,95,0.0,3330.23
19383.88,71.86,95,1.2125,3330.23
19383.88,71.77,95,0.0,3330.23
19383.88,71.82,95,0.0,3330.23
19383.88,71.58,94,1.2125,3330.23
19383.88,71.47,94,0.0,3330.23
19383.88,71.67,93,2.4375,3330.23
19383.88,72.47,93,0.0,3330.23
19383.88,72.74,84,0.0,3330.23
19383.88,72.56,84,1.2125,3330.23
19383.88,72.79,100,0.0,3330.23
19383.88,72.81,100,0.0,3330.23
19383.88,72.88,100,0.0,3330.23
19383.88,72.42,100,1.2125,3330.23
19383.88,72.75,95,0.0,3330.23
19383.88,72.47,95,0.0,3330.23
19383.88,72.34,95,1.225,3330.23
19383.88,72.59,95,1.2125,3330.23
19383.88,71.89,95,0.0,3330.23
19383.88,71.88,95,0.0,3330.23
19383.88,72.0,94,1.2125,3330.23
19383.88,71.81,94,0.0,3330.23
19383.88,71.57,95,0.0,3330.23
19383.88,71.09,94,0.0,3330.23
19383.88,71.74,94,1.2125,3330.23
19383.88,71.33,95,0.0,3330.23
19383.88,71.71,95,0.0,3330.23
19383.88,71.35,94,0.0,3330.23
19383.88,71.48,94,1.2125,3330.23
19383.88,71.22,95,0.0,3330.23
19383.88,71.37,95,0.0,3330.23
19383.88,71.02,95,1.2125,3330.23
19383.88,71.09,95,0.0,3330.23
19383.88,70.94,94,0.0,3330.23
19383.88,71.56,94,0.0,3330.23
19383.88,71.32,95,1.225,3330.23
19383.88,71.75,95,0.0,3330.23
19383.88,71.4,95,0.0,3330.23
19383.88,71.86,95,0.0,3330.23
19383.88,71.45,93,1.2125,3330.23
19383.88,70.83,93,0.0,3330.23
19383.88,71.15,94,0.0,3330.23
19383.88,70.78,94,1.2125,3330.23
19383.88,71.31,94,0.0,3330.23
19383.88,71.55,94,0.0,3330.23
19383.88,72.0,94,1.2125,3330.23
19383.88,72.42,94,0.0,3330.23
19383.88,72.8,94,0.0,3330.23
19383.88,73.04,94,1.2125,3330.23
19383.88,73.55,94,0.0,3330.23
19383.88,73.13,94,0.0,3330.23
19383.88,73.25,94,0.0,3330.23
19383.88,73.24,94,1.2125,3330.23
19383.88,73.44,94,0.0,3330.23
19383.88,73.34,94,0.0,3330.23
19383.88,72.9,95,1.2125,3330.23
19383.88,72.73,95,0.0,3330.23
19383.88,72.08,95,1.2375,3330.23
19383.88,72.1,95,0.0,3330.23
19383.88,71.5,96,1.25,3330.23
19383.88,71.6,96,0.0,3330.23
19383.88,71.54,96,0.0,3330.23
19383.88,71.85,96,2.4875,3330.23
19383.88,72.4,78,0.0,3330.23
19383.88,72.62,78,0.0,3330.23
19383.88,72.75,100,0.0,3330.23
19383.88,71.84,100,0.0,3330.23
19383.88,71.46,96,1.25,3330.23
19383.88,71.73,96,0.0,3330.23
19383.88,71.53,95,0.0,3330.23
19383.88,72.01,95,0.0,3330.23
19383.88,72.02,95,1.25,3330.23
19383.88,71.95,95,0.0,3330.23
19383.88,72.02,95,0.0,3330.23
19383.88,71.27,95,1.25,3330.23
19383.88,71.28,95,0.0,3330.23
19383.88,70.44,95,0.0,3330.23
19383.88,71.51,95,0.0,3330.23
19383.88,71.62,95,0.0,3330.23
19383.88,71.72,94,1.2375,3330.23
19383.88,71.69,94,0.0,3330.23
19383.88,71.45,95,0.0,3330.23
19383.88,71.23,95,0.0,3330.23
19383.88,71.5,95,1.25,3330.23
19383.88,71.54,95,0.0,3330.23
19383.88,71.29,95,1.2375,3330.23
19383.88,71.25,95,0.0,3330.23
19383.88,71.49,95,1.2375,3330.23
19383.88,71.68,95,0.0,3330.23
19383.88,72.49,83,0.0,3330.23
19383.88,72.11,95,1.2375,3330.23
19383.88,72.5,95,0.0,3330.23
19383.88,72.52,94,0.0,3330.23
19383.88,72.85,94,0.0,3330.23
19383.88,72.7,95,1.25,3330.23
19383.88,72.53,95,0.0,3330.23
19383.88,72.64,94,0.0,3330.23
19383.88,72.54,94,0.0,3330.23
19383.88,72.41,94,1.2375,3330.23
19383.88,72.06,94,0.0,3330.23
19383.88,71.99,95,0.0,3330.23
19383.88,71.98,95,0.0,3330.23
19383.88,71.8,94,1.2375,3330.23
19383.88,71.89,94,0.0,3330.23
19383.88,71.81,95,0.0,3330.23
19383.88,71.91,95,1.2375,3330.23
19383.88,71.9,95,0.0,3330.23
19383.88,71.75,95,0.0,3330.23
19383.88,71.96,95,1.2125,3330.23
19383.88,71.99,95,0.0,3330.23
19383.88,71.87,95,0.0,3330.23
19383.88,71.83,95,1.2125,3330.23
19383.88,71.94,94,0.0,3330.23
19383.88,71.91,94,0.0,3330.23
19383.88,71.92,95,0.0,3330.23
19383.88,70.4,95,4.8625,3330.23
19383.88,71.85,70,0.0,3330.23
19383.88,72.3,70,1.2125,3330.23
19383.88,72.71,100,0.0,3330.23
19383.88,72.91,100,0.0,3330.23
19383.88,72.91,100,1.2125,3330.23
19383.88,72.3,100,1.2125,3330.23
19383.88,72.31,97,0.0,3330.23
19383.88,72.17,97,0.0,3330.23
19383.88,72.41,95,1.2125,3330.23
19383.88,72.35,95,0.0,3330.23
19383.88,74.01,94,0.0,3330.23
19383.88,72.68,94,0.0,3330.23
19383.88,72.69,96,1.225,3330.23
19383.88,72.89,96,0.0,3330.23
19383.88,73.04,95,0.0,3330.23
19383.88,72.62,95,0.0,3330.23
19383.88,73.1,95,1.2125,3330.23
19383.88,73.49,95,0.0,3330.23
19383.88,73.3,95,0.0,3330.23
19383.88,73.03,95,0.0,3330.23
19383.88,73.23,95,1.2125,3330.23
19383.88,73.11,95,0.0,3330.23
19383.88,73.14,95,1.2375,3330.23
19383.88,72.72,95,0.0,3330.23
19383.88,72.24,95,0.0,3330.23
19383.88,71.66,95,0.0,3330.23
19383.88,72.03,95,1.225,3330.23
19383.88,71.56,95,0.0,3330.23
19383.88,71.43,96,0.0,3330.23
19383.88,71.15,96,0.0,3330.23
19383.88,71.53,95,1.225,3330.23
19383.88,71.18,95,1.2125,3330.23
19383.88,71.72,95,0.0,3330.23
19383.88,71.34,95,0.0,3330.23
19383.88,71.58,95,1.2125,3330.23
19383.88,71.35,95,0.0,3330.23
19383.88,71.84,95,0.0,3330.23
19383.88,71.49,95,0.0,3330.23
19383.88,71.98,94,0.0,3330.23
19383.88,71.69,94,1.225,3330.23
19383.88,71.78,95,0.0,3330.23
19383.88,72.01,95,0.0,3330.23
19383.88,71.52,96,0.0,3330.23
19383.88,71.7,96,1.225,3330.23
19383.88,71.57,95,0.0,3330.23
19383.88,71.79,95,0.0,3330.23
19383.88,71.25,95,1.2,3330.23
19383.88,71.59,95,0.0,3330.23
19383.88,71.28,93,0.0,3330.23
19383.88,71.63,95,1.2125,3330.23
19383.88,71.33,95,0.0,3330.23
19383.88,71.6,95,0.0,3330.23
19383.88,71.25,95,1.225,3330.23
19383.88,71.47,95,0.0,3330.23
19383.88,71.23,95,2.4125,3330.23
19383.88,68.03,81,0.0,3330.23
19383.88,68.03,81,0.0,3330.23
19383.88,68.52,99,0.0,3330.23
19383.88,68.37,97,1.2,3330.23
19383.88,68.23,97,0.0,3330.23
19383.88,68.35,95,1.225,3330.23
19383.88,68.79,95,1.2125,3330.23
19383.88,68.85,94,0.0,3330.23
19383.88,69.36,94,0.0,3330.23
19383.88,68.94,95,1.2125,3330.23
19383.88,69.36,95,0.0,3330.23
19383.88,72.76,95,0.0,3330.23
19383.88,72.82,95,1.2125,3330.23
19383.88,72.5,95,0.0,3330.23
19383.88,72.56,95,0.0,3330.23
19383.88,72.38,93,0.0,3330.23
19383.88,71.91,93,0.0,3330.23
19383.88,71.87,94,1.225,3330.23
19383.88,71.83,94,0.0,3330.23
19383.88,71.97,95,0.0,3330.23
19383.88,72.11,95,0.0,3330.23
19383.88,71.78,95,1.2125,3330.23
19383.88,71.72,95,0.0,3330.23
19383.88,71.67,94,0.0,3330.23
19383.88,71.8,94,1.225,3330.23
19383.88,71.89,95,0.0,3330.23
19383.88,71.89,95,0.0,3330.23
19383.88,71.84,94,1.2125,3330.23
19383.88,71.76,94,0.0,3330.23
19383.88,71.66,94,0.0,3330.23
19383.88,71.79,94,0.0,3330.23
19383.88,71.59,95,2.425,3330.23
19383.88,71.5,95,0.0,3330.23
19383.88,71.57,95,0.0,3330.23
19383.88,71.67,95,1.225,3330.23
19383.88,71.81,95,0.0,3330.23
19383.88,71.84,95,0.0,3330.23
19383.88,71.81,95,0.0,3330.23
19383.88,71.88,95,1.2125,3330.23
19383.88,72.21,93,0.0,3330.23
19383.88,72.33,93,0.0,3330.23
19383.88,72.11,95,0.0,3330.23
19383.88,72.06,95,1.2125,3330.23
19383.88,72.11,95,0.0,3330.23
19383.88,72.33,95,0.0,3330.23
19383.88,72.42,94,0.0,3330.23
19383.88,72.4,94,1.225,3330.23
19383.88,72.3,95,0.0,3330.23
19383.88,72.32,95,0.0,3330.23
19383.88,72.32,95,1.2125,3330.23
19383.88,72.17,95,0.0,3330.23
19383.88,71.73,95,1.2125,3330.23
19383.88,72.16,95,1.2125,3330.23
19383.88,72.35,80,1.2125,3330.23
19383.88,72.35,80,0.0,3330.23
19383.88,72.26,100,1.2125,3330.23
19383.88,72.41,100,0.0,3330.23
19383.88,72.08,97,0.0,3330.23
19383.88,72.15,97,0.0,3330.23
19383.88,72.48,95,1.225,3330.23
19383.88,71.97,95,0.0,3330.23
19383.88,71.81,94,0.0,3330.23
19383.88,72.41,94,0.0,3330.23
19383.88,72.1,94,1.225,3330.23
19383.88,72.05,94,0.0,3330.23
19383.88,71.83,94,0.0,3330.23
19383.88,71.51,95,1.2125,3330.23
19383.88,71.97,95,0.0,3330.23
19383.88,71.69,95,0.0,3330.23
19383.88,71.86,95,0.0,3330.23
19383.88,71.83,95,1.2125,3330.23
19383.88,71.88,95,0.0,3330.23
19383.88,72.03,95,0.0,3330.23
19383.88,71.76,95,1.2125,3330.23
19383.88,71.7,95,0.0,3330.23
19383.88,71.54,95,0.0,3330.23
19383.88,71.76,95,1.2125,3330.23
19383.88,71.94,95,0.0,3330.23
19383.88,72.11,95,0.0,3330.23
19383.88,71.96,95,1.2125,3330.23
19383.88,71.82,95,1.2125,3330.23
19383.88,71.42,93,0.0,3330.23
19383.88,71.74,93,0.0,3330.23
19383.88,71.39,95,0.0,3330.23
19383.88,71.72,95,1.2125,3330.23
19383.88,71.35,95,0.0,3330.23
19383.88,71.39,95,0.0,3330.23
19383.88,71.53,94,1.2125,3330.23
19383.88,71.53,94,0.0,3330.23
19383.88,71.87,94,0.0,3330.23
19383.88,71.82,94,1.2125,3330.23
19383.88,72.06,95,0.0,3330.23
19383.88,72.11,95,0.0,3330.23
19383.88,72.0,94,1.2125,3330.23
19383.88,72.12,94,0.0,3330.23
19383.88,72.19,95,0.0,3330.23
19383.88,72.36,95,1.2125,3330.23
19383.88,72.26,95,0.0,3330.23
19383.88,72.36,95,0.0,3330.23
19383.88,72.24,95,1.2125,3330.23
19383.88,72.01,95,0.0,3330.23
19383.88,71.83,95,0.0,3330.23
19383.88,71.96,95,1.2125,3330.23
19383.88,71.64,95,0.0,3330.23
19383.88,71.77,95,1.2125,3330.23
19383.88,73.03,77,1.2,3330.23
19383.88,72.99,77,0.0,3330.23
19383.88,72.99,100,1.2125,3330.23
19383.88,73.27,100,0.0,3330.23
19383.88,72.27,98,0.0,3330.23
19383.88,72.18,98,0.0,3330.23
19383.88,72.35,94,1.2,3330.23
19383.88,72.61,94,0.0,3330.23
19383.88,72.46,95,0.0,3330.23
19383.88,72.64,95,1.225,3330.23
19383.88,71.43,95,0.0,3330.23
19383.88,71.54,95,0.0,3330.23
19383.88,71.23,94,0.0,3330.23
19383.88,71.23,94,2.45,3330.23
19383.88,71.72,95,0.0,3330.23
19383.88,72.1,95,0.0,3330.23
19383.88,71.83,95,1.2125,3330.23
19383.88,71.83,95,0.0,3330.23
19383.88,71.93,95,0.0,3330.23
19383.88,71.65,95,1.225,3330.23
19383.88,72.31,94,0.0,3330.23
19383.88,72.47,94,0.0,3330.23
19383.88,72.18,95,0.0,3330.23
19383.88,72.05,95,0.0,3330.23
19383.88,72.23,95,1.225,3330.23
19383.88,72.32,95,0.0,3330.23
19383.88,72.36,95,0.0,3330.23
19383.88,72.25,95,1.225,3330.23
19383.88,72.31,95,0.0,3330.23
19383.88,72.2,96,0.0,3330.23
19383.88,71.87,96,0.0,3330.23
19383.88,71.64,96,1.2125,3330.23
19383.88,71.58,96,0.0,3330.23
19383.88,71.69,96,0.0,3330.23
19383.88,71.72,96,0.0,3330.23
19383.88,71.83,96,1.2125,3330.23
19383.88,71.66,95,0.0,3330.23
19383.88,71.77,95,0.0,3330.23
19383.88,71.35,94,2.425,3330.23
19383.88,71.45,94,0.0,3330.23
19383.88,71.37,95,0.0,3330.23
19383.88,71.37,95,1.2125,3330.23
19383.88,71.16,95,0.0,3330.23
19383.88,71.18,95,0.0,3330.23
19383.88,71.51,94,0.0,3330.23
19383.88,71.21,94,1.2125,3330.23
19383.88,71.32,95,0.0,3330.23
19383.88,71.11,95,0.0,3330.23
19383.88,71.62,94,1.2125,3330.23
19383.88,71.46,94,0.0,3330.23
19383.88,71.79,94,0.0,3330.36
19383.88,71.64,94,0.0,3330.36
19383.88,71.86,92,2.45,3330.36
19383.88,73.62,92,1.2375,3330.36
19383.88,73.76,76,0.0,3330.36
19383.88,73.92,76,0.0,3330.36
19383.88,72.98,97,1.2125,3330.36
19383.88,73.13,97,0.0,3330.36
19383.88,73.29,95,0.0,3330.36
19383.88,73.53,95,0.0,3330.36
19383.88,73.74,95,1.225,3330.36
19383.88,73.43,95,0.0,3330.36
19383.88,73.6,95,0.0,3330.36
19383.88,73.58,95,0.0,3330.36
19383.88,72.06,95,1.225,3330.36
19383.88,71.77,95,0.0,3330.36
19383.88,71.47,95,0.0,3330.36
19383.88,72.42,95,0.0,3330.36
19383.88,72.4,94,1.2125,3330.36
19383.88,72.33,94,0.0,3330.36
19383.88,72.2,95,0.0,3330.36
19383.88,71.98,95,1.2125,3330.36
19383.88,71.9,94,1.2125,3330.36
19383.88,72.11,94,0.0,3330.36
19383.88,71.84,95,0.0,3330.36
19383.88,71.59,95,1.2125,3330.36
19383.88,71.58,95,0.0,3330.36
19383.88,71.77,95,0.0,3330.36
19383.88,71.79,95,1.2125,3330.36
19383.88,71.67,95,0.0,3330.36
19383.88,71.77,95,0.0,3330.36
19383.88,71.43,95,0.0,3330.36
19383.88,71.84,93,1.1875,3330.36
19383.88,71.87,93,0.0,3330.36
19383.88,71.76,94,1.2125,3330.36
19383.88,71.67,94,0.0,3330.36
19383.88,71.79,95,0.0,3330.36
19383.88,71.95,95,0.0,3330.36
19383.88,72.03,94,1.2125,3330.36
19383.88,71.9,94,0.0,3330.36
19383.88,71.91,95,0.0,3330.36
19383.88,71.6,95,1.2125,3330.36
19383.88,71.93,95,0.0,3330.36
19383.88,71.65,94,0.0,3330.36
19383.88,72.01,94,0.0,3330.36
19383.88,72.15,94,2.375,3330.36
19383.88,72.13,94,0.0,3330.36
19383.88,72.19,94,0.0,3330.36
19383.88,72.05,94,1.2125,3330.36
19383.88,71.98,95,0.0,3330.36
19383.88,72.03,95,0.0,3330.36
19383.88,72.05,94,1.225,3330.36
19383.88,72.1,94,0.0,3330.36
19383.88,71.81,94,0.0,3330.36
19383.88,71.68,94,2.4375,3330.36
19383.88,73.49,81,0.0,3330.36
19383.88,73.62,81,0.0,3330.36
19383.88,72.72,100,1.2125,3330.36
19383.88,72.56,100,0.0,3330.36
19383.88,72.89,97,0.0,3330.36
19383.88,72.89,97,1.2125,3330.36
19383.88,73.07,94,0.0,3330.36
19383.88,73.58,94,0.0,3330.36
19383.88,73.37,94,1.2125,3330.36
19383.88,73.2,94,0.0,3330.36
19383.88,71.3,94,0.0,3330.36
19383.88,71.15,94,1.2125,3330.36
19383.88,71.03,95,0.0,3330.36
19383.88,71.91,95,1.2125,3330.36
19383.88,71.95,95,1.2125,3330.36
19383.88,71.75,95,0.0,3330.36
19383.88,71.85,95,0.0,3330.36
19383.88,71.82,95,0.0,3330.36
19383.88,72.03,95,1.2,3330.36
19383.88,72.24,95,0.0,3330.36
19383.88,72.23,95,0.0,3330.36
19383.88,72.01,95,1.2125,3330.36
19383.88,71.86,95,0.0,3330.36
19383.88,71.86,95,0.0,3330.36
19383.88,71.82,95,0.0,3330.36
19383.88,71.88,95,1.2125,3330.36
19383.88,72.12,94,0.0,3330.36
19383.88,71.9,93,0.0,3330.36
19383.88,71.96,93,1.2125,3330.36
19383.88,72.52,93,0.0,3330.36
19383.88,72.48,93,0.0,3330.36
19383.88,72.22,95,1.2125,3330.36
19383.88,72.28,95,0.0,3330.36
19383.88,72.42,94,0.0,3330.36
19383.88,72.61,94,2.4375,3330.36
19383.88,72.75,95,0.0,3330.36
19383.88,72.78,95,0.0,3330.36
19383.88,72.66,95,0.0,3330.36
19383.88,72.58,94,1.2125,3330.36
19383.88,72.19,94,0.0,3330.36
19383.88,71.81,95,0.0,3330.36
19383.88,71.46,95,1.2125,3330.36
19383.88,71.62,95,0.0,3330.36
19383.88,71.66,95,0.0,3330.36
19383.88,71.75,95,0.0,3330.36
19383.88,71.75,95,1.2125,3330.36
19383.88,71.84,95,0.0,3330.36
19383.88,71.99,95,0.0,3330.36
19383.88,71.9,95,1.225,3330.36
19383.88,71.89,95,0.0,3330.36
19383.88,71.97,95,0.0,3330.36
19383.88,71.78,95,4.9125,3330.36
19383.88,68.73,69,0.0,3330.36
19383.88,69.48,69,0.0,3330.36
19383.88,69.61,100,1.225,3330.36
19383.88,69.77,100,0.0,3330.36
19383.88,69.28,94,0.0,3330.36
19383.88,69.39,94,1.225,3330.36
19383.88,69.49,95,0.0,3330.36
19383.88,69.72,95,0.0,3330.36
19383.88,69.74,95,1.225,3330.36
19383.88,69.68,95,0.0,3330.36
19383.88,72.99,96,1.225,3330.36
19383.88,72.47,96,0.0,3330.36
19383.88,72.11,96,0.0,3330.36
19383.88,71.73,96,0.0,3330.36
19383.88,72.52,95,0.0,3330.36
19383.88,72.9,95,1.225,3330.36
19383.88,72.46,96,0.0,3330.36
19383.88,72.6,96,0.0,3330.36
19383.88,72.21,97,0.0,3330.36
19383.88,72.21,97,1.2125,3330.36
19383.88,72.61,97,0.0,3330.36
19383.88,72.83,97,0.0,3330.36
19383.88,72.74,93,1.2125,3330.36
19383.88,72.61,93,0.0,3330.36
19383.88,73.06,96,0.0,3330.36
19383.88,72.76,96,0.0,3330.36
19383.88,72.59,95,1.2125,3330.36
19383.88,72.66,95,0.0,3330.36
19383.88,72.56,94,0.0,3330.36
19383.88,72.46,94,0.0,3330.36
19383.88,72.45,94,1.1875,3330.36
19383.88,72.18,94,0.0,3330.36
19383.88,72.04,93,1.2125,3330.36
19383.88,72.14,93,0.0,3330.36
19383.88,72.53,94,1.2125,3330.36
19383.88,72.68,94,0.0,3330.36
19383.88,72.6,94,0.0,3330.36
19383.88,72.5,94,0.0,3330.36
19383.88,72.39,95,1.225,3330.36
19383.88,72.51,95,0.0,3330.36
19383.88,72.54,93,0.0,3330.36
19383.88,72.62,93,0.0,3330.36
19383.88,72.46,95,1.225,3330.36
19383.88,71.98,95,0.0,3330.36
19383.88,72.07,95,0.0,3330.36
19383.88,72.07,95,2.425,3330.36
19383.88,71.98,94,0.0,3330.36
19383.88,71.97,95,0.0,3330.36
19383.88,71.97,95,0.0,3330.36
19383.88,71.85,95,1.2125,3330.36
19383.88,71.85,95,0.0,3330.36
19383.88,71.83,95,3.625,3330.36
19383.88,74.22,95,0.0,3330.36
19383.88,74.22,74,1.2125,3330.36
19383.88,74.56,74,0.0,3330.36
19383.88,74.56,97,0.0,3330.36
19383.88,73.21,97,0.0,3330.36
19383.88,73.42,95,1.2125,3330.36
19383.88,73.68,95,0.0,3330.36
19383.88,73.77,95,0.0,3330.36
19383.88,73.31,95,1.225,3330.36
19383.88,73.42,94,0.0,3330.36
19383.88,71.45,95,0.0,3330.36
19383.88,71.16,95,0.0,3330.36
19383.88,70.6,95,1.225,3330.36
19383.88,71.58,95,1.225,3330.36
19383.88,71.5,95,0.0,3330.36
19383.88,71.55,95,0.0,3330.36
19383.88,71.55,95,0.0,3330.36
19383.88,71.39,95,0.0,3330.36
19383.88,71.28,95,1.225,3330.36
19383.88,71.79,95,0.0,3330.36
19383.88,71.75,95,0.0,3330.36
19383.88,71.45,95,1.225,3330.36
19383.88,71.45,94,0.0,3330.36
19383.88,71.48,94,0.0,3330.36
19383.88,71.64,94,0.0,3330.36
19383.88,71.64,94,1.2125,3330.36
19383.88,71.95,94,0.0,3330.36
19383.88,71.94,94,0.0,3330.36
19383.88,71.54,94,1.25,3330.36
19383.88,71.67,94,0.0,3330.36
19383.88,71.31,94,0.0,3330.36
19383.88,71.27,94,0.0,3330.36
19383.88,71.21,94,1.25,3330.36
19383.88,71.38,94,0.0,3330.36
19383.88,71.57,95,0.0,3330.36
19383.88,71.61,95,1.25,3330.36
19383.88,71.02,93,0.0,3330.36
19383.88,71.1,93,0.0,3330.36
19383.88,70.65,94,1.25,3330.36
19383.88,71.38,94,0.0,3330.36
19383.88,70.94,94,0.0,3330.36
19383.88,71.36,94,1.2375,3330.36
19383.88,71.69,79,1.2375,3330.36
19383.88,71.5,79,0.0,3330.36
19383.88,71.73,93,0.0,3330.36
19383.88,71.7,93,1.2375,3330.36
19383.88,71.96,93,1.2375,3330.36
19383.88,72.29,93,0.0,3330.36
19383.88,72.19,95,0.0,3330.36
19383.88,72.19,95,1.25,3330.36
19383.88,71.92,95,0.0,3330.36
19383.88,71.76,95,0.0,3330.36
19383.88,71.83,93,2.4875,3330.36
19383.88,73.07,93,0.0,3330.36
19383.88,73.73,93,0.0,3330.36
19383.88,73.67,77,1.25,3330.36
19383.88,74.01,77,0.0,3330.36
19383.88,73.87,100,0.0,3330.36
19383.88,73.01,100,1.2375,3330.36
19383.88,72.67,98,0.0,3330.36
19383.88,72.98,98,0.0,3330.36
19383.88,72.88,94,0.0,3330.36
19383.88,73.11,94,1.2375,3330.36
19383.88,73.11,95,0.0,3330.36
19383.88,72.97,95,0.0,3330.36
19383.88,71.52,95,1.2375,3330.36
19383.88,71.41,95,0.0,3330.36
19383.88,71.69,95,0.0,3330.36
19383.88,71.32,79,1.2125,3330.36
19383.88,72.38,79,0.0,3330.36
19383.88,72.44,95,0.0,3330.36
19383.88,72.32,95,0.0,3330.36
19383.88,71.8,94,1.2125,3330.36
19383.88,72.22,93,0.0,3330.36
19383.88,72.31,93,1.225,3330.36
19383.88,71.81,93,0.0,3330.36
19383.88,71.83,95,1.225,3330.36
19383.88,71.16,95,0.0,3330.36
19383.88,71.51,95,0.0,3330.36
19383.88,71.13,95,0.0,3330.36
19383.88,71.37,95,1.225,3330.36
19383.88,71.13,96,0.0,3330.36
19383.88,71.98,96,0.0,3330.36
19383.88,71.56,93,0.0,3330.36
19383.88,71.74,93,1.225,3330.36
19383.88,71.18,95,0.0,3330.36
19383.88,71.84,95,0.0,3330.36
19383.88,71.37,95,0.0,3330.36
19383.88,71.72,95,0.0,3330.36
19383.88,71.27,95,1.225,3330.36
19383.88,71.72,95,0.0,3330.36
19383.88,71.31,94,0.0,3330.36
19383.88,71.66,94,0.0,3330.36
19383.88,71.39,95,0.0,3330.36
19383.88,71.65,95,1.225,3330.36
19383.88,71.24,95,0.0,3330.36
19383.88,71.73,95,0.0,3330.36
19383.88,71.38,96,0.0,3330.36
19383.88,71.75,96,0.0,3330.36
19383.88,71.45,97,0.0,3330.36
19383.88,71.76,97,1.2375,3330.36
19383.88,71.52,97,0.0,3330.36
19383.88,71.84,97,0.0,3330.36
19383.88,71.49,96,0.0,3330.36
19383.88,71.63,96,1.2375,3330.36
19383.88,71.34,96,0.0,3330.36
19383.88,71.83,96,0.0,3330.36
19383.88,71.87,96,1.2375,3330.36
19383.88,71.89,96,1.225,3330.36
19383.88,72.01,85,0.0,3330.36
19383.88,72.02,85,0.0,3330.36
19383.88,71.93,100,0.0,3330.36
19383.88,72.07,100,0.0,3330.36
19383.88,72.35,93,1.2,3330.36
19383.88,72.52,93,0.0,3330.36
19383.88,72.84,96,0.0,3330.36
19383.88,72.92,96,0.0,3330.36
19383.88,72.63,95,1.2125,3330.36
19383.88,72.55,95,0.0,3330.36
19383.88,72.89,94,0.0,3330.36
19383.88,72.47,94,1.2125,3330.36
19383.88,72.43,95,0.0,3330.36
19383.88,72.08,95,0.0,3330.36
19383.88,72.07,94,1.2125,3330.36
19383.88,72.05,94,0.0,3330.36
19383.88,71.95,94,1.2125,3330.36
19383.88,71.95,94,0.0,3330.36
19383.88,71.75,95,1.2125,3330.36
19383.88,71.97,81,0.0,3330.36
19383.88,72.88,81,0.0,3330.36
19383.88,72.58,95,1.2125,3330.36
19383.88,73.09,95,0.0,3330.36
19383.88,73.01,93,0.0,3330.36
19383.88,73.58,93,0.0,3330.36
19383.88,73.47,94,1.2125,3330.36
19383.88,73.39,94,0.0,3330.36
19383.88,73.39,95,0.0,3330.36
19383.88,73.14,95,1.2125,3330.36
19383.88,73.03,95,0.0,3330.36
19383.88,71.77,95,0.0,3330.36
19383.88,72.1,94,0.0,3330.36
19383.88,71.65,94,1.2125,3330.36
19383.88,72.1,94,0.0,3330.36
19383.88,71.93,94,1.2125,3330.36
19383.88,72.32,87,0.0,3330.36
19383.88,72.03,87,0.0,3330.36
19383.88,72.2,95,1.2125,3330.36
19383.88,71.92,95,0.0,3330.36
19383.88,72.36,95,0.0,3330.36
19383.88,72.21,95,1.2125,3330.36
19383.88,72.51,94,0.0,3330.36
19383.88,72.39,94,0.0,3330.36
19383.88,72.14,95,1.2375,3330.36
19383.88,72.22,95,0.0,3330.36
19383.88,72.27,95,1.25,3330.36
19383.88,72.11,95,0.0,3330.36
19383.88,72.03,95,0.0,3330.36
19383.88,72.04,95,1.2375,3330.36
19383.88,72.07,94,0.0,3330.36
19383.88,71.96,94,2.4,3330.36
19383.88,71.91,94,1.225,3330.36
19383.88,68.16,94,0.0,3330.36
19383.88,68.3,80,1.2375,3330.36
19383.88,68.94,80,0.0,3330.36
19383.88,68.73,100,0.0,3330.36
19383.88,68.84,100,1.2375,3330.36
19383.88,68.67,100,0.0,3330.36
19383.88,67.97,100,0.0,3330.36
19383.88,68.08,95,0.0,3330.36
19383.88,68.31,95,0.0,3330.36
19383.88,68.22,95,1.2375,3330.36
19383.88,68.29,95,1.2375,3330.36
19383.88,72.01,95,0.0,3330.36
19383.88,71.81,93,1.25,3330.36
19383.88,71.78,93,0.0,3330.36
19383.88,71.67,95,0.0,3330.36
19383.88,71.41,95,0.0,3330.36
19383.88,71.0,94,1.25,3330.36
19383.88,71.92,94,0.0,3330.36
19383.88,71.49,93,0.0,3330.36
19383.88,71.57,93,0.0,3330.36
19383.88,71.26,94,1.25,3330.36
19383.88,71.61,94,0.0,3330.36
19383.88,71.22,95,0.0,3330.36
19383.88,71.48,95,1.25,3330.36
19383.88,70.97,95,0.0,3330.36
19383.88,70.76,95,0.0,3330.36
19383.88,71.27,95,1.2375,3330.36
19383.88,70.97,95,0.0,3330.36
19383.88,71.35,93,0.0,3330.36
19383.88,71.02,93,1.2375,3330.36
19383.88,71.61,95,0.0,3330.36
19383.88,71.36,95,0.0,3330.36
19383.88,71.84,95,1.2125,3330.36
19383.88,71.25,95,0.0,3330.36
19383.88,71.49,95,0.0,3330.36
19383.88,71.17,95,1.2125,3330.36
19383.88,71.58,94,0.0,3330.36
19383.88,70.63,94,0.0,3330.36
19383.88,71.03,94,1.225,3330.36
19383.88,70.56,94,0.0,3330.36
19383.88,70.95,95,0.0,3330.36
19383.88,70.78,95,0.0,3330.36
19383.88,71.09,95,1.2125,3330.36
19383.88,70.44,95,0.0,3330.36
19383.88,70.71,95,0.0,3330.36
19383.88,70.47,95,0.0,3330.36
19383.88,70.86,95,0.0,3330.36
19383.88,70.57,95,1.225,3330.36
19383.88,71.49,95,0.0,3330.36
19383.88,71.06,95,0.0,3330.36
19383.88,71.62,95,1.225,3330.36
19383.88,71.42,95,1.2,3330.36
19383.88,71.58,95,0.0,3330.36
19383.88,71.17,95,0.0,3330.36
19383.88,71.61,95,1.2125,3330.36
19383.88,71.3,95,1.2125,3330.36
19383.88,70.52,65,1.2125,3330.36
19383.88,70.44,65,0.0,3330.36
19383.88,70.95,100,0.0,3330.36
19383.88,70.97,100,1.2125,3330.36
19383.88,71.15,96,0.0,3330.36
19383.88,71.28,96,0.0,3330.36
19383.88,71.23,95,1.175,3330.36
19383.88,71.38,95,0.0,3330.36
19383.88,71.44,94,1.2125,3330.36
19383.88,71.25,95,0.0,3330.36
19383.88,71.33,95,0.0,3330.36
19383.88,72.72,93,1.225,3330.36
19383.88,72.78,93,0.0,3330.36
19383.88,71.89,95,0.0,3330.36
19383.88,72.13,95,1.2,3330.36
19383.88,71.73,94,0.0,3330.36
19383.88,72.03,94,0.0,3330.36
19383.88,71.68,95,1.2125,3330.36
19383.88,71.68,95,0.0,3330.36
19383.88,71.56,95,0.0,3330.36
19383.88,72.06,95,0.0,3330.36
19383.88,71.91,95,1.2125,3330.36
19383.88,71.51,95,0.0,3330.36
19383.88,71.7,95,0.0,3330.36
19383.88,71.76,95,1.2125,3330.36
19383.88,71.89,95,0.0,3330.36
19383.88,71.88,95,1.2125,3330.36
19383.88,72.23,81,1.2125,3330.36
19383.88,72.64,81,0.0,3330.36
19383.88,72.6,95,0.0,3330.36
19383.88,73.15,95,1.2125,3330.36
19383.88,72.75,95,0.0,3330.36
19383.88,72.63,95,0.0,3330.36
19383.88,72.8,95,0.0,3330.36
19383.88,72.86,95,1.2125,3330.36
19383.88,73.05,95,0.0,3330.36
19383.88,72.56,95,0.0,3330.36
19383.88,72.4,95,1.2125,3330.36
19383.88,71.85,95,0.0,3330.36
19383.88,71.7,95,0.0,3330.36
19383.88,71.79,95,1.2125,3330.36
19383.88,72.07,78,0.0,3330.36
19383.88,72.1,78,0.0,3330.36
19383.88,72.4,93,0.0,3330.36
19383.88,72.58,93,1.2125,3330.36
19383.88,72.81,93,0.0,3330.36
19383.88,72.72,93,0.0,3330.36
19383.88,72.98,94,1.2125,3330.36
19383.88,73.1,94,0.0,3330.36
19383.88,73.22,94,0.0,3330.36
19383.88,72.64,94,0.0,3330.36
19383.88,72.64,95,1.2125,3330.36
19383.88,72.1,95,1.2125,3330.36
19383.88,73.8,93,1.2125,3330.36
19383.88,74.05,93,0.0,3330.36
19383.88,74.06,72,1.2125,3330.36
19383.88,74.06,72,0.0,3330.36
19383.88,74.42,100,0.0,3330.36
19383.88,74.57,100,1.2125,3330.36
19383.88,75.01,100,0.0,3330.36
19383.88,74.46,100,0.0,3330.36
19383.88,74.86,89,1.2125,3330.36
19383.88,75.09,95,0.0,3330.36
19383.88,74.97,95,0.0,3330.36
19383.88,74.8,95,0.0,3330.36
19383.88,72.62,95,1.2125,3330.36
19383.88,72.34,96,0.0,3330.36
19383.88,72.36,96,1.2125,3330.36
19383.88,71.75,96,1.2125,3330.36
19383.88,71.0,96,0.0,3330.36
19383.88,71.79,88,0.0,3330.36
19383.88,72.01,88,1.2125,3330.36
19383.88,71.85,96,0.0,3330.36
19383.88,72.27,96,0.0,3330.36
19383.88,71.97,94,1.2125,3330.36
19383.88,72.47,94,0.0,3330.36
19383.88,72.47,94,0.0,3330.36
19383.88,72.29,94,0.0,3330.36
19383.88,71.85,95,1.2125,3330.36
19383.88,72.04,95,0.0,3330.36
19383.88,72.63,94,0.0,3330.36
19383.88,72.07,94,1.2125,3330.36
19383.88,71.87,95,0.0,3330.36
19383.88,71.58,95,0.0,3330.36
19383.88,71.67,95,1.2125,3330.36
19383.88,71.91,95,0.0,3330.36
19383.88,71.79,94,0.0,3330.36
19383.88,71.35,95,1.2125,3330.36
19383.88,71.46,95,0.0,3330.36
19383.88,71.5,95,0.0,3330.36
19383.88,71.86,95,1.2125,3330.36
19383.88,71.43,95,0.0,3330.36
19383.88,71.67,95,0.0,3330.36
19383.88,70.61,93,1.2125,3330.36
19383.88,71.21,93,0.0,3330.36
19383.88,71.17,94,1.2125,3330.36
19383.88,71.55,94,0.0,3330.36
19383.88,71.09,95,1.2125,3330.36
19383.88,71.38,95,0.0,3330.36
19383.88,71.3,94,0.0,3330.36
19383.88,71.78,94,1.2125,3330.36
19383.88,71.93,93,0.0,3330.36
19383.88,71.86,93,0.0,3330.36
19383.88,72.78,95,0.0,3330.36
19383.88,72.58,95,1.2125,3330.36
19383.88,72.32,95,0.0,3330.36
19383.88,72.01,95,0.0,3330.36
19383.88,72.03,95,1.2125,3330.36
19383.88,71.97,95,2.425,3330.36
19383.88,69.78,88,0.0,3330.36
19383.88,70.41,88,0.0,3330.36
19383.88,70.36,84,1.2125,3330.36
19383.88,70.6,84,0.0,3330.36
19383.88,70.73,100,0.0,3330.36
19383.88,70.91,100,1.2125,3330.36
19383.88,69.87,96,1.2125,3330.36
19383.88,70.28,95,0.0,3330.36
19383.88,70.49,95,0.0,3330.36
19383.88,70.49,95,0.0,3330.36
19383.88,70.56,95,1.2125,3330.36
19383.88,70.14,85,0.0,3330.36
19383.88,69.43,85,0.0,3330.36
19383.88,69.74,93,1.2125,3330.36
19383.88,69.27,93,0.0,3330.36
19383.88,69.18,95,0.0,3330.36
19383.88,69.86,95,1.225,3330.36
19383.88,69.74,95,0.0,3330.36
19383.88,69.47,95,0.0,3330.36
19383.88,69.43,95,0.0,3330.36
19383.88,69.5,95,1.2125,3330.36
19383.88,71.59,95,0.0,3330.36
19383.88,71.06,95,0.0,3330.36
19383.88,71.85,93,1.2125,3330.36
19383.88,71.12,93,0.0,3330.36
19383.88,71.57,94,0.0,3330.36
19383.88,71.31,94,1.2125,3330.36
19383.88,71.69,95,0.0,3330.36
19383.88,71.23,95,0.0,3330.36
19383.88,71.48,95,1.2125,3330.36
19383.88,71.23,95,0.0,3330.36
19383.88,71.66,95,0.0,3330.36
19383.88,71.35,95,0.0,3330.36
19383.88,71.58,95,1.2125,3330.36
19383.88,70.89,95,0.0,3330.36
19383.88,71.29,93,0.0,3330.36
19383.88,70.84,93,1.2125,3330.36
19383.88,71.25,95,0.0,3330.36
19383.88,70.81,95,1.2,3330.36
19383.88,70.19,87,1.225,3330.36
19383.88,70.43,87,0.0,3330.36
19383.88,70.54,94,0.0,3330.36
19383.88,70.58,94,1.2125,3330.36
19383.88,70.5,95,0.0,3330.36
19383.88,70.43,95,0.0,3330.36
19383.88,70.71,94,1.2125,3330.36
19383.88,70.71,94,0.0,3330.36
19383.88,70.93,95,0.0,3330.36
19383.88,70.69,95,1.2125,3330.36
19383.88,70.9,95,0.0,3330.36
19383.88,71.98,94,0.0,3330.36
19383.88,71.58,94,1.2125,3330.36
19383.88,71.91,95,0.0,3330.36
19383.88,71.54,95,0.0,3330.36
19383.88,71.86,95,2.3375,3330.36
19383.88,71.57,95,1.2375,3330.36
19383.88,68.35,79,1.175,3330.36
19383.88,68.54,79,0.0,3330.36
19383.88,68.74,100,0.0,3330.36
19383.88,68.03,100,1.2125,3330.36
19383.88,68.21,93,0.0,3330.36
19383.88,65.99,93,0.0,3330.36
19383.88,65.95,85,1.2125,3330.36
19383.88,66.39,85,0.0,3330.36
19383.88,66.38,95,0.0,3330.36
19383.88,70.19,95,1.2125,3330.36
19383.88,69.96,94,0.0,3330.36
19383.88,69.83,94,0.0,3330.36
19383.88,69.39,95,0.0,3330.36
19383.88,69.39,95,1.2125,3330.36
19383.88,69.64,94,0.0,3330.36
19383.88,72.19,94,0.0,3330.36
19383.88,71.91,94,1.2125,3330.36
19383.88,71.84,94,0.0,3330.36
19383.88,71.78,95,0.0,3330.36
19383.88,72.41,94,0.0,3330.36
19383.88,72.28,94,1.2125,3330.36
19383.88,72.09,95,0.0,3330.36
19383.88,72.26,95,0.0,3330.36
19383.88,72.27,95,1.2125,3330.36
19383.88,72.41,94,0.0,3330.36
19383.88,72.44,95,1.2125,3330.36
19383.88,72.29,95,0.0,3330.36
19383.88,72.38,94,0.0,3330.36
19383.88,72.29,94,1.225,3330.36
19383.88,72.21,94,0.0,3330.36
19383.88,71.91,95,1.1875,3330.36
19383.88,71.53,93,0.0,3330.36
19383.88,71.88,93,0.0,3330.36
19383.88,71.93,95,1.225,3330.36
19383.88,72.08,95,0.0,3330.36
19383.88,72.03,95,0.0,3330.36
19383.88,71.46,95,1.2125,3330.36
19383.88,71.77,93,0.0,3330.36
19383.88,71.67,93,0.0,3330.36
19383.88,71.67,95,1.2125,3330.36
19383.88,71.74,95,0.0,3330.36
19383.88,71.52,95,0.0,3330.36
19383.88,71.35,95,1.2125,3330.36
19383.88,71.35,94,0.0,3330.36
19383.88,71.04,94,0.0,3330.36
19383.88,71.18,95,3.025,3330.36
19383.88,71.11,94,0.0,3330.36
19383.88,71.89,94,0.0,3330.36
19383.88,71.81,94,1.2125,3330.36
19383.88,71.85,94,1.225,3330.36
19383.88,71.84,94,1.225,3330.36
19383.88,71.61,94,0.0,3330.36
19383.88,73.98,80,0.0,3330.36
19383.88,74.33,80,0.0,3330.36
19383.88,73.38,99,1.2,3330.36
19383.88,73.26,99,0.0,3330.36
19383.88,73.49,94,0.0,3330.36
19383.88,73.47,94,1.2125,3330.36
19383.88,73.56,95,0.0,3330.36
19383.88,73.74,95,0.0,3330.36
19383.88,73.48,95,0.0,3330.36
19383.88,73.64,95,1.2125,3330.36
19383.88,71.61,93,0.0,3330.36
19383.88,71.58,93,0.0,3330.36
19383.88,71.14,95,1.2125,3330.36
19383.88,72.2,95,0.0,3330.36
19383.88,72.28,95,0.0,3330.36
19383.88,72.18,95,1.2125,3330.36
19383.88,72.08,95,0.0,3330.36
19383.88,71.91,95,0.0,3330.36
19383.88,71.72,95,1.2125,3330.36
19383.88,71.98,95,1.225,3330.36
19383.88,72.22,95,0.0,3330.36
19383.88,71.56,95,0.0,3330.36
19383.88,71.54,95,0.0,3330.36
19383.88,71.77,95,1.2125,3330.36
19383.88,71.93,95,0.0,3330.36
19383.88,71.96,95,0.0,3330.36
19383.88,71.99,94,1.2125,3330.36
19383.88,72.03,94,0.0,3330.36
19383.88,71.93,95,0.0,3330.36
19383.88,71.78,95,0.0,3330.36
19383.88,71.57,95,1.2,3330.36
19383.88,71.4,95,0.0,3330.36
19383.88,71.39,94,2.4875,3330.36
19383.88,71.47,94,0.0,3330.36
19383.88,71.72,95,0.0,3330.36
19383.88,71.82,95,1.25,3330.36
19383.88,71.81,95,0.0,3330.36
19383.88,71.82,95,0.0,3330.36
19383.88,71.71,95,0.0,3330.36
19383.88,71.64,95,1.25,3330.36
19383.88,71.63,95,0.0,3330.36
19383.88,71.66,95,0.0,3330.36
19383.88,71.54,95,1.25,3330.36
19383.88,72.26,95,0.0,3330.36
19383.88,72.42,95,0.0,3330.36
19383.88,72.39,95,1.25,3330.36
19383.88,72.35,95,0.0,3330.36
19383.88,72.21,95,1.25,3330.36
19383.88,72.12,95,0.0,3330.36
19383.88,72.13,96,1.2375,3330.36
19383.88,72.22,96,1.2,3330.36
19383.88,72.59,82,0.0,3330.36
19383.88,72.69,82,1.2375,3330.36
19383.88,72.41,100,0.0,3330.36
19383.88,72.17,100,0.0,3330.36
19383.88,72.36,100,1.25,3330.36
19383.88,72.19,100,0.0,3330.36
19383.88,71.52,98,0.0,3330.36
19383.88,71.61,98,1.25,3330.36
19383.88,71.77,94,0.0,3330.36
19383.88,71.77,94,0.0,3330.36
19383.88,71.8,95,1.2375,3330.36
19383.88,71.62,95,0.0,3330.36
19383.88,71.51,95,0.0,3330.36
19383.88,71.61,95,1.2375,3330.36
19383.88,71.45,95,0.0,3330.36
19383.88,71.21,95,0.0,3330.36
19383.88,70.76,95,1.2,3330.36
19383.88,71.79,93,0.0,3330.36
19383.88,71.22,95,1.2125,3330.36
19383.88,71.36,95,1.2125,3330.36
19383.88,71.34,95,0.0,3330.36
19383.88,71.61,95,0.0,3330.36
19383.88,71.3,94,1.2125,3330.36
19383.88,71.72,94,0.0,3330.36
19383.88,71.2,95,0.0,3330.36
19383.88,71.28,95,1.2125,3330.36
19383.88,71.05,94,0.0,3330.36
19383.88,71.54,94,0.0,3330.36
19383.88,71.15,94,1.2125,3330.36
19383.88,71.77,94,0.0,3330.36
19383.88,72.02,94,0.0,3330.36
19383.88,72.39,93,1.2125,3330.36
19383.88,72.55,93,0.0,3330.36
19383.88,72.63,95,0.0,3330.36
19383.88,72.29,95,1.2125,3330.36
19383.88,72.4,93,0.0,3330.36
19383.88,72.51,93,1.2125,3330.36
19383.88,72.51,94,0.0,3330.36
19383.88,72.6,94,0.0,3330.36
19383.88,72.49,94,0.0,3330.36
19383.88,71.96,94,1.1625,3330.36
19383.88,71.9,93,0.0,3330.36
19383.88,71.37,93,1.2125,3330.36
19383.88,71.53,95,0.0,3330.36
19383.88,71.42,95,0.0,3330.36
19383.88,71.73,95,1.2,3330.36
19383.88,71.33,95,0.0,3330.36
19383.88,71.74,95,0.0,3330.36
19383.88,71.38,95,1.2125,3330.36
19383.88,71.68,95,0.0,3330.36
19383.88,71.45,95,0.0,3330.36
19383.88,71.77,95,1.2125,3330.36
19383.88,71.0,95,0.0,3330.36
19383.88,71.37,94,0.0,3330.36
19383.88,70.95,94,2.3125,3330.36
19383.88,67.69,95,2.4125,3330.36
19383.88,67.69,95,0.0,3330.36
19383.88,68.05,75,0.0,3330.36
19383.88,68.22,75,1.2125,3330.36
19383.88,67.49,99,0.0,3330.36
19383.88,67.32,99,1.2125,3330.36
19383.88,67.5,95,0.0,3330.36
19383.88,68.06,95,0.0,3330.36
19383.88,68.15,94,1.2125,3330.36
19383.88,68.18,94,0.0,3330.36
19383.88,68.1,94,0.0,3330.36
19383.88,71.56,94,1.2125,3330.36
19383.88,71.57,95,0.0,3330.36
19383.88,71.04,93,0.0,3330.36
19383.88,71.87,93,0.0,3330.36
19383.88,71.7,93,1.2125,3330.36
19383.88,71.9,95,0.0,3330.36
19383.88,71.57,95,0.0,3330.36
19383.88,71.88,93,1.2125,3330.36
19383.88,71.8,95,1.2,3330.36
19383.88,71.99,95,0.0,3330.36
19383.88,72.28,95,0.0,3330.36
19383.88,71.99,95,1.2125,3330.36
19383.88,71.91,95,0.0,3330.36
19383.88,71.94,95,0.0,3330.36
19383.88,72.18,95,1.2125,3330.36
19383.88,72.36,95,0.0,3330.36
19383.88,72.3,95,0.0,3330.36
19383.88,72.23,95,1.2125,3330.36
19383.88,72.11,94,0.0,3330.36
19383.88,72.56,94,0.0,3330.36
19383.88,73.04,85,1.2125,3330.36
19383.88,72.7,85,0.0,3330.36
19383.88,73.14,95,0.0,3330.36
19383.88,72.95,95,1.2125,3330.36
19383.88,73.3,95,0.0,3330.36
19383.88,73.11,95,0.0,3330.36
19383.88,73.2,95,1.2125,3330.36
19383.88,72.74,95,0.0,3330.36
19383.88,72.62,94,0.0,3330.36
19383.88,72.28,94,1.2125,3330.36
19383.88,71.91,94,0.0,3330.36
19383.88,71.88,94,0.0,3330.36
19383.88,71.68,95,1.2125,3330.36
19383.88,71.73,95,0.0,3330.36
19383.88,71.72,94,0.0,3330.36
19383.88,71.98,94,0.0,3330.36
19383.88,71.93,92,1.2125,3330.36
19383.88,71.89,92,1.2125,3330.36
19383.88,71.96,95,0.0,3330.36
19383.88,72.16,95,0.0,3330.36
19383.88,72.01,94,1.2125,3330.36
19383.88,71.5,94,2.4,3330.36
19383.88,73.83,94,0.0,3330.36
19383.88,73.99,94,0.0,3330.36
19383.88,73.99,80,1.2125,3330.36
19383.88,74.44,80,0.0,3330.36
19383.88,74.22,100,0.0,3330.36
19383.88,74.22,100,1.2125,3330.36
19383.88,74.23,100,0.0,3330.36
19383.88,73.25,97,0.0,3330.36
19383.88,73.71,97,1.1125,3330.36
19383.88,73.71,95,0.0,3330.36
19383.88,71.61,95,1.2125,3330.36
19383.88,71.61,95,0.0,3330.36
19383.88,71.25,95,0.0,3330.36
19383.88,71.33,95,1.2125,3330.36
19383.88,71.65,95,0.0,3330.36
19383.88,71.63,93,0.0,3330.36
19383.88,71.91,95,1.2125,3330.36
19383.88,72.69,95,0.0,3330.36
19383.88,72.44,96,0.0,3330.36
19383.88,72.71,96,2.4375,3330.36
19383.88,72.59,95,0.0,3330.36
19383.88,72.74,95,0.0,3330.36
19383.88,72.45,95,0.0,3330.36
19383.88,72.26,95,1.225,3330.36
19383.88,72.17,93,0.0,3330.36
19383.88,71.54,93,0.0,3330.36
19383.88,71.54,94,0.0,3330.36
19383.88,71.13,94,1.2125,3330.36
19383.88,71.46,95,0.0,3330.36
19383.88,71.33,95,0.0,3330.36
19383.88,71.64,94,0.0,3330.36
19383.88,71.13,94,1.2125,3330.36
19383.88,71.27,95,0.0,3330.36
19383.88,71.17,95,0.0,3330.36
19383.88,71.64,95,1.2125,3330.36
19383.88,71.6,95,0.0,3330.36
19383.88,72.11,94,0.0,3330.36
19383.88,72.31,94,1.2125,3330.36
19383.88,72.49,93,0.0,3330.36
19383.88,72.65,93,0.0,3330.36
19383.88,72.76,93,1.225,3330.36
19383.88,72.64,93,0.0,3330.36
19383.88,72.77,95,0.0,3330.36
19383.88,72.74,95,0.0,3330.36
19383.88,72.45,95,1.2125,3330.36
19383.88,72.38,95,0.0,3330.36
19383.88,71.93,95,1.2,3330.36
19383.88,71.92,95,0.0,3330.36
19383.88,71.57,95,0.0,3330.36
19383.88,71.95,95,1.2125,3330.36
19383.88,71.8,94,0.0,3330.36
19383.88,72.17,94,0.0,3330.36
19383.88,72.5,95,1.2125,3330.36
19383.88,72.58,95,1.2125,3330.36
19383.88,72.84,95,0.0,3330.36
19383.88,72.84,95,0.0,3330.36
19383.88,72.85,96,2.4375,3330.36
19383.88,70.46,96,0.0,3330.36
19383.88,70.9,80,1.2125,3330.36
19383.88,70.9,80,0.0,3330.36
19383.88,70.74,100,0.0,3330.36
19383.88,70.62,100,0.0,3330.36
19383.88,70.33,100,0.0,3330.36
19383.88,69.16,100,1.2125,3330.36
19383.88,68.99,97,0.0,3330.36
19383.88,68.72,97,0.0,3330.36
19383.88,68.8,96,1.2125,3330.36
19383.88,71.74,96,0.0,3330.36
19383.88,71.74,96,1.2,3330.36
19383.88,71.47,95,0.0,3330.36
19383.88,71.64,95,0.0,3330.36
19383.88,71.42,95,1.2125,3330.36
19383.88,70.86,95,0.0,3330.36
19383.88,71.85,95,1.2125,3330.36
19383.88,70.67,95,1.2125,3330.36
19383.88,70.92,93,0.0,3330.36
19383.88,70.64,93,0.0,3330.36
19383.88,71.02,95,1.2125,3330.36
19383.88,70.69,95,0.0,3330.36
19383.88,70.94,95,0.0,3330.36
19383.88,70.48,93,1.2125,3330.36
19383.88,70.67,93,0.0,3330.36
19383.88,70.36,95,0.0,3330.36
19383.88,70.79,95,1.225,3330.36
19383.88,70.36,95,0.0,3330.36
19383.88,71.67,95,0.0,3330.36
19383.88,71.05,94,1.225,3330.36
19383.88,71.75,94,0.0,3330.36
19383.88,71.36,95,0.0,3330.36
19383.88,71.77,95,0.0,3330.36
19383.88,71.27,94,1.2125,3330.36
19383.88,71.69,94,0.0,3330.36
19383.88,71.9,92,0.0,3330.36
19383.88,71.98,92,1.2125,3330.36
19383.88,72.07,95,0.0,3330.36
19383.88,72.29,95,1.2125,3330.36
19383.88,72.62,95,0.0,3330.36
19383.88,72.37,95,1.2125,3330.36
19383.88,72.16,94,0.0,3330.36
19383.88,71.94,94,0.0,3330.36
19383.88,71.89,94,1.2125,3330.36
19383.88,71.8,94,0.0,3330.36
19383.88,70.96,94,0.0,3330.36
19383.88,71.33,94,1.2125,3330.36
19383.88,71.02,94,0.0,3330.36
19383.88,71.5,94,0.0,3330.36
19383.88,71.2,94,1.2125,3330.36
19383.88,71.56,94,0.0,3330.36
19383.88,71.14,94,0.0,3330.36
19383.88,71.82,94,0.0,3330.36
19383.88,71.98,93,1.2125,3330.36
19383.88,72.45,93,0.0,3330.36
19383.88,75.24,94,3.45,3330.36
19383.88,75.24,94,1.2375,3330.36
19383.88,75.36,71,0.0,3330.36
19383.88,75.69,71,0.0,3330.36
19383.88,74.63,98,1.2125,3330.36
19383.88,74.64,98,0.0,3330.36
19383.88,74.72,93,0.0,3330.36
19383.88,74.81,93,1.2125,3330.36
19383.88,74.9,95,1.2125,3330.36
19383.88,74.42,95,0.0,3330.36
19383.88,74.31,95,0.0,3330.36
19383.88,72.36,95,1.2125,3330.36
19383.88,72.11,93,0.0,3330.36
19383.88,71.79,95,0.0,3330.36
19383.88,72.53,95,0.0,3330.36
19383.88,72.62,95,1.225,3330.36
19383.88,72.38,94,0.0,3330.36
19383.88,71.97,94,0.0,3330.36
19383.88,72.21,95,1.2,3330.36
19383.88,72.11,95,0.0,3330.36
19383.88,72.1,95,0.0,3330.36
19383.88,72.17,95,1.2125,3330.36
19383.88,71.85,95,0.0,3330.36
19383.88,71.86,95,0.0,3330.36
19383.88,71.89,95,1.2125,3330.36
19383.88,72.02,95,0.0,3330.36
19383.88,71.96,95,1.2125,3330.36
19383.88,71.81,95,0.0,3330.36
19383.88,71.77,95,0.0,3330.36
19383.88,71.79,94,0.0,3330.36
19383.88,71.81,94,1.225,3330.36
19383.88,71.92,95,0.0,3330.36
19383.88,71.69,95,0.0,3330.36
19383.88,71.21,93,1.2125,3330.36
19383.88,71.37,93,0.0,3330.36
19383.88,71.34,94,0.0,3330.36
19383.88,71.38,94,0.0,3330.36
19383.88,71.29,95,1.2,3330.36
19383.88,71.34,95,0.0,3330.36
19383.88,71.43,95,0.0,3330.36
19383.88,71.31,95,1.2125,3330.36
19383.88,70.87,95,0.0,3330.36
19383.88,71.3,95,0.0,3330.36
19383.88,71.34,95,1.2125,3330.36
19383.88,72.02,94,0.0,3330.36
19383.88,72.08,94,0.0,3330.36
19383.88,71.92,95,1.2125,3330.36
19383.88,71.93,95,0.0,3330.36
19383.88,72.01,95,1.2125,3330.36
19383.88,72.11,95,0.0,3330.36
19383.88,71.85,94,1.2125,3330.36
19383.88,71.79,94,0.0,3330.36
19383.88,71.71,77,2.425,3330.36
19383.88,67.95,77,1.2125,3330.36
19383.88,67.94,98,0.0,3330.36
19383.88,68.2,98,0.0,3330.36
19383.88,66.9,96,0.0,3330.36
19383.88,67.33,96,1.2125,3330.36
19383.88,67.14,94,0.0,3330.36
19383.88,67.64,94,0.0,3330.36
19383.88,67.5,94,1.2125,3330.36
19383.88,67.99,94,0.0,3330.36
19383.88,67.8,93,0.0,3330.36
19383.88,71.28,93,0.0,3330.36
19383.88,71.28,94,1.225,3330.36
19383.88,70.75,94,0.0,3330.36
19383.88,71.9,94,0.0,3330.36
19383.88,72.2,94,1.2125,3330.36
19383.88,72.05,94,0.0,3330.36
19383.88,71.9,94,0.0,3330.36
19383.88,71.8,95,0.0,3330.36
19383.88,71.97,95,1.2125,3330.36
19383.88,72.2,95,0.0,3330.36
19383.88,71.98,95,0.0,3330.36
19383.88,71.89,95,1.2125,3330.36
19383.88,71.71,95,0.0,3330.36
19383.88,71.73,95,0.0,3330.36
19383.88,71.57,95,1.2,3330.36
19383.88,71.61,95,1.2125,3330.36
19383.88,71.59,95,0.0,3330.36
19383.88,71.45,95,1.2125,3330.36
19383.88,71.53,95,0.0,3330.36
19383.88,71.46,95,0.0,3330.36
19383.88,71.28,95,1.2125,3330.36
19383.88,71.19,95,0.0,3330.36
19383.88,71.4,95,0.0,3330.36
19383.88,71.62,95,0.0,3330.36
19383.88,71.74,94,1.2125,3330.36
19383.88,71.86,94,0.0,3330.36
19383.88,71.81,95,0.0,3330.36
19383.88,71.83,95,1.2125,3330.36
19383.88,71.85,95,0.0,3330.36
19383.88,71.84,95,0.0,3330.36
19383.88,71.75,95,0.0,3330.36
19383.88,71.7,95,1.2125,3330.36
19383.88,71.84,95,0.0,3330.36
19383.88,71.83,95,0.0,3330.36
19383.88,71.84,95,2.4,3330.36
19383.88,71.94,95,0.0,3330.36
19383.88,71.92,95,0.0,3330.36
19383.88,71.69,95,0.0,3330.36
19383.88,71.64,95,1.2125,3330.36
19383.88,71.65,95,0.0,3330.36
19383.88,71.54,95,2.425,3330.36
19383.88,69.63,95,0.0,3330.36
19383.88,69.9,81,0.0,3330.36
19383.88,70.08,81,1.2125,3330.36
19383.88,70.03,100,0.0,3330.36
19383.88,69.7,100,0.0,3330.36
19383.88,69.88,92,1.2125,3330.36
19383.88,69.84,92,0.0,3330.36
19383.88,70.67,94,0.0,3330.36
19383.88,69.98,94,1.2125,3330.36
19383.88,70.38,94,0.0,3330.36
19383.88,70.26,94,0.0,3330.36
19383.88,72.83,95,1.2125,3330.36
19383.88,72.5,95,0.0,3330.36
19383.88,72.39,95,0.0,3330.36
19383.88,72.11,95,1.2125,3330.36
19383.88,72.42,95,0.0,3330.36
19383.88,72.03,94,1.175,3330.36
19383.88,71.83,94,0.0,3330.36
19383.88,71.74,95,0.0,3330.36
19383.88,72.22,95,1.2125,3330.36
19383.88,72.35,95,0.0,3330.36
19383.88,72.36,95,0.0,3330.36
19383.88,72.0,94,1.225,3330.36
19383.88,71.53,94,0.0,3330.36
19383.88,71.62,94,0.0,3330.36
19383.88,71.74,94,1.2125,3330.36
19383.88,71.57,95,0.0,3330.36
19383.88,71.95,95,0.0,3330.36
19383.88,71.97,94,1.2125,3330.36
19383.88,71.77,95,1.2125,3330.36
19383.88,71.77,95,0.0,3330.36
19383.88,71.6,95,0.0,3330.36
19383.88,71.99,94,1.2125,3330.36
19383.88,72.01,94,0.0,3330.36
19383.88,71.74,95,0.0,3330.36
19383.88,71.92,93,0.0,3330.36
19383.88,71.95,93,1.2125,3330.36
19383.88,71.74,95,0.0,3330.36
19383.88,71.33,95,0.0,3330.36
19383.88,71.65,94,1.2125,3330.36
19383.88,71.49,94,0.0,3330.36
19383.88,71.7,93,0.0,3330.36
19383.88,71.77,93,1.225,3330.36
19383.88,71.65,95,0.0,3330.36
19383.88,72.01,95,0.0,3330.36
19383.88,72.48,91,1.2125,3330.36
19383.88,72.68,91,0.0,3330.36
19383.88,72.73,95,0.0,3330.36
19383.88,72.71,95,1.225,3330.36
19383.88,72.63,95,0.0,3330.36
19383.88,72.55,95,0.0,3330.36
19383.88,72.14,95,2.4375,3330.36
19383.88,74.27,95,0.0,3330.36
19383.88,74.09,82,0.0,3330.36
19383.88,74.61,82,1.225,3330.36
19383.88,73.23,99,0.0,3330.36
19383.88,72.81,99,0.0,3330.36
19383.88,72.75,93,0.0,3330.36
19383.88,72.86,93,1.225,3330.36
19383.88,72.92,94,0.0,3330.36
19383.88,73.0,94,0.0,3330.36
19383.88,73.11,94,1.2125,3330.36
19383.88,73.65,94,0.0,3330.36
19383.88,71.39,95,0.0,3330.36
19383.88,71.39,95,1.2125,3330.36
19383.88,70.91,95,0.0,3330.36
19383.88,71.93,95,0.0,3330.36
19383.88,71.66,93,2.3875,3330.36
19383.88,71.74,93,0.0,3330.36
19383.88,71.64,94,1.2125,3330.36
19383.88,71.53,94,0.0,3330.36
19383.88,71.42,93,0.0,3330.36
19383.88,71.4,93,1.2125,3330.36
19383.88,70.86,94,0.0,3330.36
19383.88,71.09,94,0.0,3330.36
19383.88,70.8,94,1.2125,3330.36
19383.88,71.06,94,0.0,3330.36
19383.88,70.92,94,0.0,3330.36
19383.88,71.86,94,1.15,3330.36
19383.88,72.04,95,0.0,3330.36
19383.88,72.18,95,1.2125,3330.36
19383.88,72.14,93,0.0,3330.36
19383.88,72.11,95,0.0,3330.36
19383.88,72.11,95,1.2125,3330.36
19383.88,72.11,93,0.0,3330.36
19383.88,72.11,93,0.0,3330.36
19383.88,72.39,93,1.2125,3330.36
19383.88,72.4,94,0.0,3330.36
19383.88,72.33,95,0.0,3330.36
19383.88,71.98,95,1.2125,3330.36
19383.88,71.96,95,0.0,3330.36
19383.88,71.52,95,0.0,3330.36
19383.88,72.06,94,1.2125,3330.36
19383.88,72.02,94,0.0,3330.36
19383.88,72.11,94,0.0,3330.36
19383.88,72.17,94,0.0,3330.36
19383.88,72.21,95,1.2125,3330.36
19383.88,72.18,95,0.0,3330.36
19383.88,72.26,95,1.2125,3330.36
19383.88,72.24,95,0.0,3330.36
19383.88,72.19,95,1.2125,3330.36
19383.88,72.15,95,1.2125,3330.36
19383.88,72.09,94,0.0,3330.36
19383.88,71.78,94,2.425,3330.36
19383.88,68.77,86,0.0,3330.36
19383.88,69.04,86,0.0,3330.36
19383.88,69.05,92,0.0,3330.36
19383.88,68.85,97,1.2125,3330.36
19383.88,68.7,97,0.0,3330.36
19383.88,68.74,95,0.0,3330.36
19383.88,69.07,95,1.2125,3330.36
19383.88,69.19,95,0.0,3330.36
19383.88,69.09,95,0.0,3330.36
19383.88,69.08,93,1.2,3330.36
19383.88,71.93,93,0.0,3330.36
19383.88,71.86,95,1.2,3330.36
19383.88,71.58,95,0.0,3330.36
19383.88,71.62,94,0.0,3330.36
19383.88,72.34,94,1.2125,3330.36
19383.88,72.29,95,0.0,3330.36
19383.88,72.34,95,0.0,3330.36
19383.88,72.09,95,0.0,3330.36
19383.88,71.9,95,1.2125,3330.36
19383.88,72.2,95,0.0,3330.36
19383.88,72.26,95,0.0,3330.36
19383.88,72.0,95,1.2125,3330.36
19383.88,71.83,95,0.0,3330.36
19383.88,71.86,93,1.2125,3330.36
19383.88,71.99,93,0.0,3330.36
19383.88,71.64,95,1.2125,3330.36
19383.88,72.17,95,0.0,3330.36
19383.88,72.08,94,0.0,3330.36
19383.88,72.16,94,1.2125,3330.36
19383.88,72.21,95,0.0,3330.36
19383.88,71.97,95,0.0,3330.36
19383.88,71.89,95,1.2125,3330.36
19383.88,72.1,95,0.0,3330.36
19383.88,72.09,95,0.0,3330.36
19383.88,72.08,95,1.2,3330.36
19383.88,71.91,95,0.0,3330.36
19383.88,71.91,95,0.0,3330.36
19383.88,71.64,95,1.2125,3330.36
19383.88,71.56,95,0.0,3330.36
19383.88,71.56,93,0.0,3330.36
19383.88,71.67,93,0.0,3330.36
19383.88,71.8,94,1.2,3330.36
19383.88,72.25,93,0.0,3330.36
19383.88,72.43,93,1.225,3330.36
19383.88,72.35,95,1.1875,3330.36
19383.88,72.54,95,0.0,3330.36
19383.88,72.53,94,1.2375,3330.36
19383.88,72.54,94,0.0,3330.36
19383.88,72.4,94,0.0,3330.36
19383.88,72.28,95,0.0,3330.36
19383.88,71.84,95,1.225,3330.36
19383.88,72.08,95,1.2125,3330.36
19383.88,73.3,78,1.2,3330.36
19383.88,73.27,78,0.0,3330.36
19383.88,73.12,100,1.2125,3330.36
19383.88,72.28,100,0.0,3330.36
19383.88,71.64,95,0.0,3330.36
19383.88,72.22,95,1.2,3330.36
19383.88,72.09,95,0.0,3330.36
19383.88,72.63,95,0.0,3330.36
19383.88,72.51,95,1.2125,3330.36
19383.88,72.66,95,0.0,3330.36
19383.88,72.59,94,0.0,3330.36
19383.88,71.45,94,0.0,3330.36
19383.88,71.28,95,1.225,3330.36
19383.88,70.73,95,0.0,3330.36
19383.88,71.9,95,0.0,3330.36
19383.88,71.73,93,1.225,3330.36
19383.88,71.75,93,0.0,3330.36
19383.88,71.43,94,0.0,3330.36
19383.88,71.29,94,1.225,3330.36
19383.88,71.24,93,0.0,3330.36
19383.88,71.68,93,0.0,3330.36
19383.88,71.58,94,1.2125,3330.36
19383.88,71.26,94,1.225,3330.36
19383.88,70.99,95,0.0,3330.36
19383.88,71.1,95,0.0,3330.36
19383.88,72.08,94,0.0,3330.36
19383.88,72.02,94,1.2125,3330.36
19383.88,72.0,95,0.0,3330.36
19383.88,71.97,95,1.2125,3330.36
19383.88,71.91,95,0.0,3330.36
19383.88,71.76,95,0.0,3330.36
19383.88,71.61,95,0.0,3330.36
19383.88,71.72,95,1.2125,3330.36
19383.88,71.86,95,0.0,3330.36
19383.88,72.05,95,0.0,3330.36
19383.88,72.12,95,1.225,3330.36
19383.88,72.05,95,0.0,3330.36
19383.88,71.85,93,0.0,3330.36
19383.88,72.4,93,0.0,3330.36
19383.88,72.52,94,1.225,3330.36
19383.88,72.49,94,0.0,3330.36
19383.88,72.49,95,0.0,3330.36
19383.88,72.49,95,0.0,3330.36
19383.88,72.59,95,1.225,3330.36
19383.88,72.24,95,0.0,3330.36
19383.88,72.32,93,0.0,3330.36
19383.88,72.32,93,1.2125,3330.36
19383.88,72.1,95,0.0,3330.36
19383.88,71.87,95,0.0,3330.36
19383.88,72.0,94,0.0,3330.36
19383.88,72.07,94,1.2125,3330.36
19383.88,68.79,95,1.2125,3330.36
19383.88,69.02,95,1.2125,3330.36
19383.88,69.02,81,0.0,3330.36
19383.88,68.98,81,0.0,3330.36
19383.88,69.47,100,1.2125,3330.36
19383.88,69.1,100,0.0,3330.36
19383.88,68.9,94,1.2,3330.36
19383.88,69.28,94,1.2125,3330.36
19383.88,69.0,95,0.0,3330.36
19383.88,68.66,95,0.0,3330.36
19383.88,69.05,94,0.0,3330.36
19383.88,72.04,94,1.2125,3330.36
19383.88,72.25,94,0.0,3330.36
19383.88,71.87,95,0.0,3330.36
19383.88,71.8,95,1.2125,3330.36
19383.88,72.15,95,0.0,3330.36
19383.88,72.02,95,0.0,3330.36
19383.88,72.17,95,1.2125,3330.36
19383.88,72.1,95,0.0,3330.36
19383.88,72.04,95,0.0,3330.36
19383.88,72.17,95,0.0,3330.36
19383.88,72.28,95,1.2,3330.36
19383.88,72.24,95,0.0,3330.36
19383.88,71.99,96,1.2125,3330.36
19383.88,72.11,96,0.0,3330.36
19383.88,72.35,93,0.0,3330.36
19383.88,72.59,93,0.0,3330.36
19383.88,72.7,95,1.2125,3330.36
19383.88,72.44,95,0.0,3330.36
19383.88,72.27,95,0.0,3330.36
19383.88,72.34,94,1.2125,3330.36
19383.88,72.05,94,0.0,3330.36
19383.88,71.83,95,0.0,3330.36
19383.88,71.83,95,1.2125,3330.36
19383.88,71.83,95,0.0,3330.36
19383.88,71.89,95,0.0,3330.36
19383.88,71.94,95,1.175,3330.36
19383.88,71.88,95,0.0,3330.36
19383.88,71.68,95,1.2,3330.36
19383.88,71.59,95,0.0,3330.36
19383.88,71.63,95,0.0,3330.36
19383.88,71.83,95,0.0,3330.36
19383.88,71.79,95,1.25,3330.36
19383.88,71.73,95,0.0,3330.36
19383.88,71.73,95,0.0,3330.36
19383.88,71.89,95,0.0,3330.36
19383.88,71.91,95,1.2375,3330.36
19383.88,71.92,95,0.0,3330.36
19383.88,71.9,95,0.0,3330.36
19383.88,71.77,95,1.25,3330.36
19383.88,72.09,93,0.0,3330.36
19383.88,72.19,93,0.0,3330.36
19383.88,71.87,93,2.4875,3330.36
19383.88,72.59,93,0.0,3330.36
19383.88,72.97,83,1.25,3330.36
19383.88,72.99,83,0.0,3330.36
19383.88,72.46,97,0.0,3330.36
19383.88,72.35,97,0.0,3330.36
19383.88,72.75,95,2.4875,3330.36
19383.88,72.85,95,0.0,3330.36
19383.88,73.14,95,0.0,3330.36
19383.88,72.74,95,1.25,3330.36
19383.88,72.55,96,0.0,3330.36
19383.88,73.22,96,0.0,3330.36
19383.88,72.56,96,0.0,3330.36
19383.88,72.28,96,1.25,3330.36
19383.88,71.82,97,0.0,3330.36
19383.88,72.44,97,0.0,3330.36
19383.88,72.27,97,1.2375,3330.36
19383.88,72.01,97,0.0,3330.36
19383.88,72.37,94,0.0,3330.36
19383.88,71.84,94,1.2375,3330.36
19383.88,72.11,94,0.0,3330.36
19383.88,71.99,94,0.0,3330.36
19383.88,72.02,94,0.0,3330.36
19383.88,71.23,94,1.25,3330.36
19383.88,71.42,93,0.0,3330.36
19383.88,71.5,93,0.0,3330.36
19383.88,71.63,93,1.2375,3330.36
19383.88,71.66,94,0.0,3330.36
19383.88,71.78,94,0.0,3330.36
19383.88,71.39,93,0.0,3330.36
19383.88,71.56,93,1.2375,3330.36
19383.88,71.41,95,0.0,3330.36
19383.88,71.87,95,0.0,3330.36
19383.88,71.87,93,1.2375,3330.36
19383.88,71.74,93,0.0,3330.36
19383.88,72.69,93,0.0,3330.36
19383.88,72.43,93,0.0,3330.36
19383.88,72.52,93,1.2125,3330.36
19383.88,72.97,94,0.0,3330.36
19383.88,73.13,94,0.0,3330.36
19383.88,73.01,95,1.2125,3330.36
19383.88,73.08,95,0.0,3330.36
19383.88,72.79,95,0.0,3330.36
19383.88,72.37,95,0.0,3330.36
19383.88,72.22,94,1.2125,3330.36
19383.88,72.38,94,0.0,3330.36
19383.88,72.41,93,0.0,3330.36
19383.88,72.41,93,1.2,3330.36
19383.88,72.15,95,0.0,3330.36
19383.88,71.66,94,1.2125,3330.36
19383.88,71.75,94,0.0,3330.36
19383.88,71.51,94,0.0,3330.36
19383.88,71.97,94,0.0,3330.36
19383.88,73.97,94,2.4375,3330.36
19383.88,74.1,78,1.225,3330.36
19383.88,73.88,78,0.0,3330.36
19383.88,72.85,100,1.225,3330.36
19383.88,72.85,100,0.0,3330.36
19383.88,73.07,95,0.0,3330.36
19383.88,72.92,95,1.2125,3330.36
19383.88,73.36,95,0.0,3330.36
19383.88,73.35,95,0.0,3330.36
19383.88,73.32,95,1.2125,3330.36
19383.88,73.31,95,0.0,3330.36
19383.88,71.19,95,0.0,3330.36
19383.88,71.35,95,0.0,3330.36
19383.88,71.0,95,1.2125,3330.36
19383.88,72.13,95,0.0,3330.36
19383.88,72.15,95,0.0,3330.36
19383.88,72.02,95,1.2125,3330.36
19383.88,72.11,95,0.0,3330.36
19383.88,72.1,93,0.0,3330.36
19383.88,71.93,93,0.0,3330.36
19383.88,72.25,95,1.225,3330.36
19383.88,71.95,95,1.2125,3330.36
19383.88,71.75,94,0.0,3330.36
19383.88,71.41,94,0.0,3330.36
19383.88,71.97,94,1.2125,3330.36
19383.88,72.23,94,0.0,3330.36
19383.88,72.62,93,0.0,3330.36
19383.88,72.74,93,1.2125,3330.36
19383.88,72.56,93,0.0,3330.36
19383.88,72.59,93,0.0,3330.36
19383.88,72.57,95,1.1875,3330.36
19383.88,72.53,95,0.0,3330.36
19383.88,72.35,95,0.0,3330.36
19383.88,72.47,94,1.2,3330.36
19383.88,72.62,94,0.0,3330.36
19383.88,72.61,94,0.0,3330.36
19383.88,72.21,94,1.2,3330.36
19383.88,72.18,94,0.0,3330.36
19383.88,71.78,94,0.0,3330.36
19383.88,72.03,95,1.2125,3330.36
19383.88,71.55,95,0.0,3330.36
19383.88,71.73,95,0.0,3330.36
19383.88,71.5,95,0.0,3330.36
19383.88,71.7,95,1.2125,3330.36
19383.88,71.65,95,0.0,3330.36
19383.88,71.71,95,0.0,3330.36
19383.88,71.67,95,1.225,3330.36
19383.88,71.67,95,0.0,3330.36
19383.88,71.74,95,0.0,3330.36
19383.88,71.62,95,1.2125,3330.36
19383.88,71.64,95,0.0,3330.36
19383.88,71.61,94,2.475,3330.36
19383.88,68.5,94,1.15,3330.36
19383.88,69.69,73,0.0,3330.36
19383.88,69.8,73,1.2125,3330.36
19383.88,70.23,100,0.0,3330.36
19383.88,70.19,100,0.0,3330.36
19383.88,70.5,100,0.0,3330.36
19383.88,69.72,100,1.2125,3330.36
19383.88,69.89,94,0.0,3330.36
19383.88,69.96,94,0.0,3330.36
19383.88,70.05,94,1.2125,3330.36
19383.88,69.84,94,0.0,3330.36
19383.88,73.0,94,0.0,3330.36
19383.88,72.31,94,1.2125,3330.36
19383.88,72.26,95,0.0,3330.36
19383.88,72.04,95,0.0,3330.36
19383.88,71.72,95,0.0,3330.36
19383.88,71.06,92,1.2125,3330.36
19383.88,71.83,92,0.0,3330.36
19383.88,71.58,95,0.0,3330.36
19383.88,71.48,95,1.2125,3330.36
19383.88,71.18,92,0.0,3330.36
19383.88,71.71,92,0.0,3330.36
19383.88,71.83,93,1.2125,3330.36
19383.88,72.09,93,0.0,3330.36
19383.88,71.65,95,0.0,3330.36
19383.88,71.49,95,1.2125,3330.36
19383.88,72.09,95,0.0,3330.36
19383.88,71.55,95,0.0,3330.36
19383.88,71.68,95,1.2,3330.36
19383.88,71.25,95,0.0,3330.36
19383.88,71.72,95,0.0,3330.36
19383.88,71.25,95,1.2125,3330.36
19383.88,71.38,94,1.2125,3330.36
19383.88,70.73,94,0.0,3330.36
19383.88,71.13,95,1.2125,3330.36
19383.88,70.79,95,0.0,3330.36
19383.88,71.24,94,0.0,3330.36
19383.88,70.81,94,0.0,3330.36
19383.88,71.32,95,1.2125,3330.36
19383.88,71.44,95,0.0,3330.36
19383.88,71.14,95,0.0,3330.36
19383.88,71.65,95,1.2125,3330.36
19383.88,71.09,94,0.0,3330.36
19383.88,71.56,94,0.0,3330.36
19383.88,71.1,94,1.2,3330.36
19383.88,71.1,94,0.0,3330.36
19383.88,71.59,95,0.0,3330.36
19383.88,71.28,95,0.0,3330.36
19383.88,71.39,95,1.2125,3330.36
19383.88,71.91,95,0.0,3330.36
19383.88,71.53,95,0.0,3330.36
19383.88,71.88,95,1.2125,3330.36
19383.88,71.13,95,0.0,3330.36
19383.88,71.46,94,0.0,3330.36
19383.88,71.27,94,2.425,3330.36
19383.88,73.67,81,0.0,3330.36
19383.88,73.46,81,1.2125,3330.36
19383.88,73.65,100,0.0,3330.36
19383.88,72.42,100,0.0,3330.36
19383.88,72.28,95,0.0,3330.36
19383.88,72.5,95,2.425,3330.36
19383.88,72.75,95,0.0,3330.36
19383.88,72.97,95,0.0,3330.36
19383.88,73.5,95,0.0,3330.36
19383.88,73.42,95,1.2125,3330.36
19383.88,73.61,95,0.0,3330.36
19383.88,71.84,96,0.0,3330.36
19383.88,71.84,94,1.2125,3330.36
19383.88,71.43,94,0.0,3330.36
19383.88,72.48,94,0.0,3330.36
19383.88,72.43,94,0.0,3330.36
19383.88,72.38,93,1.2125,3330.36
19383.88,72.3,93,0.0,3330.36
19383.88,72.11,95,0.0,3330.36
19383.88,71.85,95,1.2,3330.36
19383.88,71.97,95,0.0,3330.36
19383.88,71.46,95,0.0,3330.36
19383.88,71.12,93,1.2125,3330.36
19383.88,70.78,93,0.0,3330.36
19383.88,71.16,95,0.0,3330.36
19383.88,70.77,95,1.2125,3330.36
19383.88,71.35,93,0.0,3330.36
19383.88,71.04,93,0.0,3330.36
19383.88,71.43,94,1.175,3330.36
19383.88,71.51,95,0.0,3330.36
19383.88,71.27,95,1.175,3330.36
19383.88,71.21,95,0.0,3330.36
19383.88,71.4,95,0.0,3330.36
19383.88,71.39,94,1.1875,3330.36
19383.88,71.43,94,0.0,3330.36
19383.88,71.6,94,0.0,3330.36
19383.88,71.95,94,1.225,3330.36
19383.88,71.97,92,0.0,3330.36
19383.88,72.01,92,0.0,3330.36
19383.88,71.39,95,1.2125,3330.36
19383.88,71.86,95,0.0,3330.36
19383.88,71.55,95,0.0,3330.36
19383.88,71.63,95,0.0,3330.36
19383.88,71.82,95,1.225,3330.36
19383.88,71.94,95,0.0,3330.36
19383.88,71.99,95,0.0,3330.36
19383.88,71.97,95,0.0,3330.36
19383.88,72.0,95,1.225,3330.36
19383.88,71.99,95,0.0,3330.36
19383.88,71.93,93,0.0,3330.36
19383.88,71.9,93,0.0,3330.36
19383.88,71.82,95,2.3625,3330.36
19383.88,69.48,95,1.225,3330.36
19383.88,69.98,77,0.0,3330.36
19383.88,69.97,77,0.0,3330.36
19383.88,70.38,100,0.0,3330.36
19383.88,69.75,100,1.2125,3330.36
19383.88,69.9,95,1.2,3330.36
19383.88,69.87,95,0.0,3330.36
19383.88,70.09,94,0.0,3330.36
19383.88,70.47,94,1.225,3330.36
19383.88,70.76,93,0.0,3330.36
19383.88,70.52,93,0.0,3330.36
19383.88,73.42,95,0.0,3330.36
19383.88,72.89,95,1.2125,3330.36
19383.88,72.65,95,0.0,3330.36
19383.88,72.11,95,0.0,3330.36
19383.88,72.65,95,1.2125,3330.36
19383.88,72.5,95,0.0,3330.36
19383.88,72.41,95,0.0,3330.36
19383.88,72.07,95,1.2125,3330.36
19383.88,71.88,94,0.0,3330.36
19383.88,72.07,94,0.0,3330.36
19383.88,72.13,95,0.0,3330.36
19383.88,71.91,95,1.225,3330.36
19383.88,71.8,95,0.0,3330.36
19383.88,71.86,95,0.0,3330.36
19383.88,72.04,95,0.0,3330.36
19383.88,72.0,96,1.225,3330.36
19383.88,72.05,96,1.225,3330.36
19383.88,71.95,96,0.0,3330.36
19383.88,72.21,96,0.0,3330.36
19383.88,71.87,94,0.0,3330.36
19383.88,71.82,94,0.0,3330.36
19383.88,71.86,95,1.225,3330.36
19383.88,71.74,95,0.0,3330.36
19383.88,71.9,96,0.0,3330.36
19383.88,72.02,96,0.0,3330.36
19383.88,72.07,94,1.225,3330.36
19383.88,72.29,94,0.0,3330.36
19383.88,72.21,95,0.0,3330.36
19383.88,72.37,95,0.0,3330.36
19383.88,72.16,94,1.2125,3330.36
19383.88,72.11,94,0.0,3330.36
19383.88,72.02,95,0.0,3330.36
19383.88,72.11,95,1.2125,3330.36
19383.88,72.16,95,0.0,3330.36
19383.88,72.1,95,0.0,3330.36
19383.88,71.84,95,0.0,3330.36
19383.88,71.78,95,0.0,3330.36
19383.88,71.52,93,1.225,3330.36
19383.88,71.83,93,1.225,3330.36
19383.88,71.88,95,0.0,3330.36
19383.88,71.86,95,1.225,3330.36
19383.88,73.16,95,0.0,3330.36
19383.88,73.16,95,1.225,3330.36
19383.88,73.11,86,0.0,3330.36
19383.88,73.09,86,0.0,3330.36
19383.88,72.02,97,0.0,3330.36
19383.88,72.47,97,1.225,3330.36
19383.88,72.53,95,0.0,3330.36
19383.88,72.92,95,0.0,3330.36
19383.88,72.89,95,0.0,3330.36
19383.88,72.47,95,0.0,3330.36
19383.88,72.97,95,1.225,3330.36
19383.88,72.82,94,0.0,3330.36
19383.88,72.06,94,0.0,3330.36
19383.88,71.75,95,1.2125,3330.36
19383.88,72.51,95,0.0,3330.36
19383.88,72.55,95,0.0,3330.36
19383.88,72.29,95,0.0,3330.36
19383.88,72.28,94,1.2125,3330.36
19383.88,71.98,94,0.0,3330.36
19383.88,72.6,93,1.2125,3330.36
19383.88,72.59,93,1.2125,3330.36
19383.88,72.25,93,0.0,3330.36
19383.88,71.95,93,0.0,3330.36
19383.88,71.8,95,1.2125,3330.36
19383.88,72.04,95,0.0,3330.36
19383.88,72.19,94,0.0,3330.36
19383.88,72.13,94,0.0,3330.36
19383.88,72.03,95,1.2125,3330.36
19383.88,71.98,95,0.0,3330.36
19383.88,71.99,93,0.0,3330.36
19383.88,71.6,93,0.0,3330.36
19383.88,71.17,94,1.2125,3330.36
19383.88,71.39,94,0.0,3330.36
19383.88,71.04,94,0.0,3330.36
19383.88,71.46,94,1.2125,3330.36
19383.88,71.44,94,0.0,3330.36
19383.88,72.17,94,0.0,3330.36
19383.88,72.22,94,1.2125,3330.36
19383.88,72.37,94,0.0,3330.36
19383.88,72.34,95,0.0,3330.36
19383.88,72.25,95,0.0,3330.36
19383.88,72.21,95,1.2125,3330.36
19383.88,72.08,95,0.0,3330.36
19383.88,72.22,95,0.0,3330.36
19383.88,72.41,95,1.2125,3330.36
19383.88,72.37,94,0.0,3330.36
19383.88,72.17,94,1.2125,3330.36
19383.88,71.69,94,1.2125,3330.36
19383.88,71.78,94,0.0,3330.36
19383.88,71.88,94,0.0,3330.36
19383.88,71.9,92,1.2,3330.36
19383.88,72.11,92,1.2125,3330.36
19383.88,72.2,74,1.2125,3330.36
19383.88,69.0,74,0.0,3330.36
19383.88,69.16,100,1.2,3330.36
19383.88,69.81,100,0.0,3330.36
19383.88,69.81,100,0.0,3330.36
19383.88,69.22,100,1.2125,3330.36
19383.88,69.11,95,0.0,3330.36
19383.88,69.12,95,0.0,3330.36
19383.88,69.07,95,0.0,3330.36
19383.88,68.65,95,1.2125,3330.36
19383.88,68.37,95,0.0,3330.36
19383.88,71.64,95,1.2125,3330.36
19383.88,71.63,94,0.0,3330.36
19383.88,71.56,94,0.0,3330.36
19383.88,71.47,94,1.2125,3330.36
19383.88,71.23,94,1.2125,3330.36
19383.88,71.93,94,0.0,3330.36
19383.88,71.78,94,0.0,3330.36
19383.88,72.01,94,1.2125,3330.36
19383.88,71.9,94,0.0,3330.36
19383.88,72.24,95,0.0,3330.36
19383.88,72.65,95,0.0,3330.36
19383.88,72.7,95,1.25,3330.36
19383.88,72.71,95,0.0,3330.36
19383.88,72.36,95,0.0,3330.36
19383.88,72.31,95,0.0,3330.36
19383.88,71.99,94,1.25,3330.36
19383.88,72.17,94,0.0,3330.36
19383.88,71.92,95,0.0,3330.36
19383.88,71.75,95,0.0,3330.36
19383.88,71.45,95,1.2375,3330.36
19383.88,71.67,95,0.0,3330.36
19383.88,71.25,94,0.0,3330.36
19383.88,71.55,94,1.2375,3330.36
19383.88,70.66,94,0.0,3330.36
19383.88,70.97,94,0.0,3330.36
19383.88,70.65,94,1.2375,3330.36
19383.88,71.34,94,0.0,3330.36
19383.88,70.37,94,0.0,3330.36
19383.88,70.88,94,1.2375,3330.36
19383.88,70.47,94,0.0,3330.36
19383.88,70.88,95,0.0,3330.36
19383.88,70.46,95,1.25,3330.36
19383.88,70.72,95,0.0,3330.36
19383.88,70.29,95,0.0,3330.36
19383.88,71.15,94,1.25,3330.36
19383.88,70.82,94,0.0,3330.36
19383.88,71.22,94,0.0,3330.36
19383.88,70.82,94,0.0,3330.36
19383.88,71.69,95,1.2375,3330.36
19383.88,71.31,95,0.0,3330.36
19383.88,71.84,93,0.0,3330.36
19383.88,71.51,93,1.25,3330.36
19383.88,71.82,95,0.0,3330.36
19383.88,71.4,95,2.4875,3330.36
19383.88,73.53,74,0.0,3330.36
19383.88,73.93,74,1.25,3330.36
19383.88,73.96,100,0.0,3330.36
19383.88,74.29,100,0.0,3330.36
19383.88,74.28,100,1.25,3330.36
19383.88,74.34,100,0.0,3330.36
19383.88,73.28,98,0.0,3330.36
19383.88,73.23,98,1.225,3330.36
19383.88,73.4,94,0.0,3330.36
19383.88,73.35,94,0.0,3330.36
19383.88,73.35,94,0.0,3330.36
19383.88,71.5,94,1.25,3330.36
19383.88,71.6,95,0.0,3330.36
19383.88,71.41,95,1.25,3330.36
19383.88,71.51,95,1.25,3330.36
19383.88,71.17,95,0.0,3330.36
19383.88,71.14,95,0.0,3330.36
19383.88,71.77,95,0.0,3330.36
19383.88,72.06,95,1.25,3330.36
19383.88,71.35,95,0.0,3330.36
19383.88,71.85,95,0.0,3330.36
19383.88,71.65,95,1.25,3330.36
19383.88,71.97,95,0.0,3330.36
19383.88,71.61,95,0.0,3330.36
19383.88,71.74,95,1.2375,3330.36
19383.88,71.26,95,0.0,3330.36
19383.88,71.57,95,0.0,3330.36
19383.88,71.24,95,0.0,3330.36
19383.88,71.24,95,1.25,3330.36
19383.88,71.1,95,0.0,3330.36
19383.88,71.81,95,0.0,3330.36
19383.88,71.49,95,0.0,3330.36
19383.88,71.91,95,1.2375,3330.36
19383.88,71.39,95,0.0,3330.36
19383.88,71.65,95,0.0,3330.36
19383.88,71.81,95,1.2375,3330.36
19383.88,72.16,95,0.0,3330.36
19383.88,72.41,93,0.0,3330.36
19383.88,72.41,94,0.0,3330.36
19383.88,72.75,94,1.25,3330.36
19383.88,72.56,95,0.0,3330.36
19383.88,72.71,95,0.0,3330.36
19383.88,72.59,95,1.2375,3330.36
19383.88,72.45,95,0.0,3330.36
19383.88,72.53,95,0.0,3330.36
19383.88,72.36,95,0.0,3330.36
19383.88,71.92,95,1.25,3330.36
19383.88,71.95,95,0.0,3330.36
19383.88,71.47,95,0.0,3330.36
19383.88,71.54,95,1.2375,3330.36
19383.88,71.48,95,0.0,3330.36
19383.88,71.86,95,0.0,3330.36
19383.88,71.58,94,0.0,3330.36
19383.88,71.89,94,1.2375,3330.36
19383.88,71.56,93,0.0,3330.36
19383.88,71.82,93,0.0,3330.36
19383.88,71.51,94,2.425,3330.36
19383.88,68.61,94,1.2125,3330.36
19383.88,68.88,79,0.0,3330.36
19383.88,68.99,79,0.0,3330.36
19383.88,68.99,100,0.0,3330.36
19383.88,68.71,100,1.2125,3330.36
19383.88,68.82,94,0.0,3330.36
19383.88,69.07,94,1.225,3330.36
19383.88,69.05,94,0.0,3330.36
19383.88,69.41,94,1.225,3330.36
19383.88,69.14,94,0.0,3330.36
19383.88,69.46,94,0.0,3330.36
19383.88,72.86,93,1.225,3330.36
19383.88,72.74,93,0.0,3330.36
19383.88,72.18,95,0.0,3330.36
19383.88,72.24,95,0.0,3330.36
19383.88,72.44,94,1.25,3330.36
19383.88,72.47,94,0.0,3330.36
19383.88,72.36,95,0.0,3330.36
19383.88,72.23,95,0.0,3330.36
19383.88,71.98,95,1.25,3330.36
19383.88,72.16,95,0.0,3330.36
19383.88,71.99,95,0.0,3330.36
19383.88,71.51,95,0.0,3330.36
19383.88,71.14,95,1.25,3330.36
19383.88,71.87,95,0.0,3330.36
19383.88,72.17,93,0.0,3330.36
19383.88,72.46,93,0.0,3330.36
19383.88,72.5,95,1.2375,3330.36
19383.88,72.25,95,0.0,3330.36
19383.88,72.23,95,0.0,3330.36
19383.88,72.27,95,1.25,3330.36
19383.88,72.31,94,0.0,3330.36
19383.88,72.15,94,0.0,3330.36
19383.88,72.14,95,1.2375,3330.36
19383.88,72.07,95,0.0,3330.36
19383.88,72.16,95,0.0,3330.36
19383.88,71.98,95,0.0,3330.36
19383.88,71.99,94,0.0,3330.36
19383.88,71.84,94,1.2375,3330.36
19383.88,71.89,95,0.0,3330.36
19383.88,71.84,95,0.0,3330.36
19383.88,71.88,96,0.0,3330.36
19383.88,71.74,96,1.25,3330.36
19383.88,71.73,95,0.0,3330.36
19383.88,71.79,95,0.0,3330.36
19383.88,71.87,95,0.0,3330.36
19383.88,71.7,96,0.0,3330.36
19383.88,71.74,96,1.25,3330.36
19383.88,71.67,97,0.0,3330.36
19383.88,71.57,97,0.0,3330.36
19383.88,71.61,96,0.0,3330.36
19383.88,71.6,96,0.0,3330.36
19383.88,71.79,93,2.4875,3330.36
19383.88,70.8,93,0.0,3330.36
19383.88,71.8,85,1.25,3330.36
19383.88,72.04,85,0.0,3330.36
19383.88,72.18,100,0.0,3330.36
19383.88,72.0,100,0.0,3330.36
19383.88,71.24,98,1.2375,3330.36
19383.88,71.33,98,0.0,3330.36
19383.88,71.49,95,1.2375,3330.36
19383.88,71.43,95,1.2375,3330.36
19383.88,71.21,95,0.0,3330.36
19383.88,72.36,95,0.0,3330.36
19383.88,71.61,95,0.0,3330.36
19383.88,71.84,95,1.2375,3330.36
19383.88,71.68,94,0.0,3330.36
19383.88,71.49,94,0.0,3330.36
19383.88,71.12,95,1.2125,3330.36
19383.88,71.92,95,0.0,3330.36
19383.88,71.69,95,0.0,3330.36
19383.88,71.77,95,1.2,3330.36
19383.88,71.64,95,0.0,3330.36
19383.88,71.86,95,0.0,3330.36
19383.88,71.72,95,1.2125,3330.36
19383.88,71.88,95,0.0,3330.36
19383.88,71.53,95,0.0,3330.36
19383.88,71.61,95,0.0,3330.36
19383.88,71.45,95,1.2125,3330.36
19383.88,71.76,95,0.0,3330.36
19383.88,71.58,95,0.0,3330.36
19383.88,71.73,95,1.2125,3330.36
19383.88,71.57,95,0.0,3330.36
19383.88,71.73,95,0.0,3330.36
19383.88,71.55,95,0.0,3330.36
19383.88,71.64,95,1.2125,3330.36
19383.88,71.49,95,0.0,3330.36
19383.88,71.86,95,0.0,3330.36
19383.88,71.87,95,1.2125,3330.36
19383.88,72.39,95,0.0,3330.36
19383.88,72.65,95,0.0,3330.36
19383.88,72.99,95,2.4,3330.36
19383.88,73.13,95,0.0,3330.36
19383.88,73.13,95,1.2,3330.36
19383.88,73.26,95,0.0,3330.36
19383.88,73.16,95,0.0,3330.36
19383.88,73.19,94,0.0,3330.36
19383.88,73.04,94,1.2125,3330.36
19383.88,72.95,94,0.0,3330.36
19383.88,72.66,94,0.0,3330.36
19383.88,72.5,95,0.0,3330.36
19383.88,71.97,95,1.2125,3330.36
19383.88,72.05,95,0.0,3330.36
19383.88,72.09,95,0.0,3330.36
19383.88,72.1,93,1.2125,3330.36
19383.88,72.5,93,1.2125,3330.36
19383.88,72.19,95,0.0,3330.36
19383.88,72.46,95,2.4375,3330.36
19383.88,74.28,95,0.0,3330.36
19383.88,74.7,95,0.0,3330.36
19383.88,74.75,78,1.2125,3330.36
19383.88,75.16,78,0.0,3330.36
19383.88,74.91,100,0.0,3330.36
19383.88,75.34,100,0.0,3330.36
19383.88,74.4,100,1.2125,3330.36
19383.88,74.38,94,0.0,3330.36
19383.88,74.0,94,0.0,3330.36
19383.88,74.25,93,1.225,3330.36
19383.88,74.09,93,0.0,3330.36
19383.88,72.37,95,0.0,3330.36
19383.88,72.19,95,0.0,3330.36
19383.88,72.17,95,1.225,3330.36
19383.88,71.67,95,1.225,3330.36
19383.88,71.67,95,0.0,3330.36
19383.88,71.74,95,0.0,3330.36
19383.88,71.42,95,0.0,3330.36
19383.88,71.69,95,1.225,3330.36
19383.88,71.57,95,0.0,3330.36
19383.88,71.86,95,0.0,3330.36
19383.88,71.66,95,0.0,3330.36
19383.88,71.77,95,1.225,3330.36
19383.88,71.32,95,0.0,3330.36
19383.88,71.42,94,0.0,3330.36
19383.88,71.33,94,1.2125,3330.36
19383.88,71.65,94,0.0,3330.36
19383.88,71.45,95,0.0,3330.36
19383.88,71.69,94,1.2125,3330.36
19383.88,71.43,94,0.0,3330.36
19383.88,71.69,95,0.0,3330.36
19383.88,71.49,95,1.2125,3330.36
19383.88,71.6,93,0.0,3330.36
19383.88,71.33,93,0.0,3330.36
19383.88,71.55,95,0.0,3330.36
19383.88,71.32,95,1.2125,3330.36
19383.88,71.72,93,0.0,3330.36
19383.88,71.35,93,0.0,3330.36
19383.88,71.7,95,0.0,3330.36
19383.88,71.49,95,1.2375,3330.36
19383.88,71.8,94,0.0,3330.36
19383.88,71.41,94,0.0,3330.36
19383.88,71.75,94,1.2375,3330.36
19383.88,71.3,94,0.0,3330.36
19383.88,71.59,94,0.0,3330.36
19383.88,71.5,94,1.2375,3330.36
19383.88,71.88,94,1.25,3330.36
19383.88,71.41,94,0.0,3330.36
19383.88,71.86,95,0.0,3330.36
19383.88,71.6,95,1.2375,3330.36
19383.88,71.9,95,0.0,3330.36
19383.88,71.42,95,0.0,3330.36
19383.88,71.8,95,0.0,3330.36
19383.88,71.16,95,1.25,3330.36
19383.88,71.8,92,1.1375,3330.36
19383.88,71.95,92,1.225,3330.36
19383.88,72.71,79,0.0,3330.36
19383.88,72.69,79,0.0,3330.36
19383.88,73.07,100,0.0,3330.36
19383.88,72.38,100,1.2375,3330.36
19383.88,72.24,93,0.0,3330.36
19383.88,72.41,93,0.0,3330.36
19383.88,72.66,94,0.0,3330.36
19383.88,72.75,94,1.25,3330.36
19383.88,72.92,93,0.0,3330.36
19383.88,72.78,94,0.0,3330.36
19383.88,72.53,94,1.2375,3330.36
19383.88,72.03,93,0.0,3330.36
19383.88,71.53,93,0.0,3330.36
19383.88,71.42,94,0.0,3330.36
19383.88,71.57,94,1.25,3330.36
19383.88,71.98,94,0.0,3330.36
19383.88,71.62,94,0.0,3330.36
19383.88,71.38,94,1.2375,3330.36
19383.88,71.38,94,1.2375,3330.36
19383.88,71.65,94,0.0,3330.36
19383.88,71.38,94,0.0,3330.36
19383.88,71.38,93,0.0,3330.36
19383.88,70.89,93,1.25,3330.36
19383.88,71.25,93,0.0,3330.36
19383.88,71.05,93,0.0,3330.36
19383.88,71.44,93,0.0,3330.36
19383.88,71.57,95,1.2375,3330.36
19383.88,71.7,95,0.0,3330.36
19383.88,71.75,95,0.0,3330.36
19383.88,71.78,95,0.0,3330.36
19383.88,71.72,95,1.2375,3330.36
19383.88,71.69,94,0.0,3330.36
19383.88,71.75,94,0.0,3330.36
19383.88,71.91,95,1.2375,3330.36
19383.88,72.01,95,0.0,3330.36
19383.88,71.97,95,0.0,3330.36
19383.88,71.83,95,1.2125,3330.36
19383.88,72.18,95,0.0,3330.36
19383.88,72.16,94,0.0,3330.36
19383.88,72.08,94,1.2125,3330.36
19383.88,72.05,94,0.0,3330.36
19383.88,71.84,95,0.0,3330.36
19383.88,72.12,95,0.0,3330.36
19383.88,72.17,93,1.2125,3330.36
19383.88,72.28,93,1.2125,3330.36
19383.88,72.28,95,0.0,3330.36
19383.88,72.33,95,0.0,3330.36
19383.88,72.31,95,1.2125,3330.36
19383.88,71.94,95,0.0,3330.36
19383.88,71.52,93,0.0,3330.36
19383.88,71.75,93,1.2125,3330.36
19383.88,71.21,93,1.225,3330.36
19383.88,68.36,93,1.225,3330.36
19383.88,68.05,81,0.0,3330.36
19383.88,68.31,81,0.0,3330.36
19383.88,67.35,98,0.0,3330.36
19383.88,67.36,98,1.225,3330.36
19383.88,67.38,95,0.0,3330.36
19383.88,67.8,95,0.0,3330.36
19383.88,67.58,95,0.0,3330.36
19383.88,68.07,95,1.225,3330.36
19383.88,67.86,95,0.0,3330.36
19383.88,68.43,95,0.0,3330.36
19383.88,71.55,95,1.1875,3330.36
19383.88,71.53,95,0.0,3330.36
19383.88,71.12,95,0.0,3330.36
19383.88,71.72,95,1.2125,3330.36
19383.88,71.6,93,0.0,3330.36
19383.88,71.78,93,0.0,3330.36
19383.88,71.72,95,2.425,3330.36
19383.88,71.64,95,0.0,3330.36
19383.88,71.75,93,0.0,3330.36
19383.88,71.81,94,1.2125,3330.36
19383.88,71.8,94,0.0,3330.36
19383.88,71.59,95,0.0,3330.36
19383.88,71.58,95,0.0,3330.36
19383.88,71.64,94,1.225,3330.36
19383.88,71.9,94,0.0,3330.36
19383.88,72.05,94,0.0,3330.36
19383.88,71.91,94,0.0,3330.36
19383.88,71.2,93,0.0,3330.36
19383.88,71.63,93,1.2125,3330.36
19383.88,70.92,93,0.0,3330.36
19383.88,71.21,93,0.0,3330.36
19383.88,70.8,94,1.2125,3330.36
19383.88,70.97,94,0.0,3330.36
19383.88,71.0,94,0.0,3330.36
19383.88,71.32,94,0.0,3330.36
19383.88,71.5,95,1.2125,3330.36
19383.88,71.46,95,0.0,3330.36
19383.88,71.8,95,1.2125,3330.36
19383.88,71.79,95,1.2,3330.36
19383.88,71.86,93,0.0,3330.36
19383.88,71.79,93,1.2,3330.36
19383.88,71.85,94,0.0,3330.36
19383.88,71.95,95,0.0,3330.36
19383.88,71.78,95,0.0,3330.36
19383.88,71.86,94,1.2,3330.36
19383.88,71.52,94,0.0,3330.36
19383.88,71.98,94,0.0,3330.36
19383.88,72.69,95,0.0,3330.36
19383.88,72.77,92,1.225,3330.36
19383.88,72.67,92,0.0,3330.36
19383.88,72.72,95,2.425,3330.36
19383.88,74.67,95,1.225,3330.36
19383.88,74.72,80,0.0,3330.36
19383.88,75.23,80,0.0,3330.36
19383.88,74.19,97,1.2125,3330.36
19383.88,74.52,97,0.0,3330.36
19383.88,74.26,94,0.0,3330.36
19383.88,74.32,94,0.0,3330.36
19383.88,73.81,94,1.2125,3330.36
19383.88,73.62,94,0.0,3330.36
19383.88,73.67,94,0.0,3330.36
19383.88,73.81,94,1.2125,3330.36
19383.88,72.36,95,0.0,3330.36
19383.88,71.87,95,0.0,3330.36
19383.88,71.54,95,1.2125,3330.36
19383.88,72.27,95,0.0,3330.36
19383.88,72.2,95,0.0,3330.36
19383.88,72.37,95,1.2125,3330.36
19383.88,72.39,95,0.0,3330.36
19383.88,72.14,95,0.0,3330.36
19383.88,72.05,95,1.2,3330.36
19383.88,72.22,95,0.0,3330.36
19383.88,71.98,93,0.0,3330.36
19383.88,71.4,93,0.0,3330.36
19383.88,71.97,95,1.2125,3330.36
19383.88,72.24,95,0.0,3330.36
19383.88,72.48,95,0.0,3330.36
19383.88,72.6,95,0.0,3330.36
19383.88,72.39,95,1.225,3330.36
19383.88,72.11,95,0.0,3330.36
19383.88,72.11,96,0.0,3330.36
19383.88,72.08,96,0.0,3330.36
19383.88,72.15,96,0.0,3330.36
19383.88,71.83,96,1.2,3330.36
19383.88,72.06,96,0.0,3330.36
19383.88,71.73,96,0.0,3330.36
19383.88,71.76,95,1.2125,3330.36
19383.88,71.78,95,0.0,3330.36
19383.88,71.62,95,0.0,3330.36
19383.88,71.59,94,1.2125,3330.36
19383.88,71.81,94,0.0,3330.36
19383.88,72.13,95,0.0,3330.36
19383.88,71.9,95,1.2125,3330.36
19383.88,71.83,95,0.0,3330.36
19383.88,71.94,95,0.0,3330.36
19383.88,72.07,95,1.2125,3330.36
19383.88,72.26,95,1.225,3330.36
19383.88,72.17,95,0.0,3330.36
19383.88,72.1,95,0.0,3330.36
19383.88,72.13,95,0.0,3330.36
19383.88,72.54,95,1.25,3330.36
19383.88,71.97,95,0.0,3330.36
19383.88,71.84,95,2.4875,3330.36
19383.88,71.84,76,0.0,3330.36
19383.88,74.15,76,0.0,3330.36
19383.88,74.33,100,1.2375,3330.36
19383.88,73.53,100,0.0,3330.36
19383.88,73.33,94,0.0,3330.36
19383.88,73.65,94,0.0,3330.36
19383.88,73.82,95,1.25,3330.36
19383.88,73.45,95,0.0,3330.36
19383.88,74.03,95,0.0,3330.36
19383.88,73.58,95,0.0,3330.36
19383.88,74.05,94,0.0,3330.36
19383.88,71.84,94,1.25,3330.36
19383.88,71.81,95,0.0,3330.36
19383.88,72.25,95,0.0,3330.36
19383.88,72.28,94,0.0,3330.36
19383.88,72.17,94,1.2375,3330.36
19383.88,72.02,95,0.0,3330.36
19383.88,72.0,95,0.0,3330.36
19383.88,71.89,95,1.25,3330.36
19383.88,71.73,95,0.0,3330.36
19383.88,72.12,95,0.0,3330.36
19383.88,72.06,95,0.0,3330.36
19383.88,71.7,94,1.2375,3330.36
19383.88,71.78,94,0.0,3330.36
19383.88,71.99,94,0.0,3330.36
19383.88,72.0,94,0.0,3330.36
19383.88,71.98,95,1.2375,3330.36
19383.88,72.04,95,0.0,3330.36
19383.88,71.85,95,0.0,3330.36
19383.88,71.79,95,0.0,3330.36
19383.88,72.0,95,1.2375,3330.36
19383.88,71.84,95,0.0,3330.36
19383.88,71.77,95,0.0,3330.36
19383.88,71.83,95,0.0,3330.36
19383.88,71.85,95,1.25,3330.36
19383.88,71.86,95,0.0,3330.36
19383.88,71.85,95,0.0,3330.36
19383.88,72.08,95,0.0,3330.36
19383.88,71.68,95,2.4875,3330.36
19383.88,71.78,95,0.0,3330.36
19383.88,71.85,95,0.0,3330.36
19383.88,71.71,95,1.2375,3330.36
19383.88,71.75,95,0.0,3330.36
19383.88,71.67,95,0.0,3330.36
19383.88,71.7,95,0.0,3330.36
19383.88,71.72,95,1.2375,3330.36
19383.88,71.72,95,0.0,3330.36
19383.88,71.64,95,0.0,3330.36
19383.88,71.78,95,1.2125,3330.36
19383.88,71.85,95,0.0,3330.36
19383.88,71.79,95,0.0,3330.36
19383.88,71.81,95,1.1875,3330.36
19383.88,71.65,95,1.2125,3330.36
19383.88,71.7,95,0.0,3330.36
19383.88,71.86,78,1.2125,3330.36
19383.88,72.28,100,0.0,3330.36
19383.88,72.23,100,0.0,3330.36
19383.88,72.25,100,1.225,3330.36
19383.88,72.38,100,0.0,3330.36
19383.88,72.31,98,0.0,3330.36
19383.88,72.15,98,0.0,3330.36
19383.88,72.21,95,0.0,3330.36
19383.88,72.16,95,1.175,3330.36
19383.88,72.48,95,0.0,3330.36
19383.88,72.21,95,1.2125,3330.36
19383.88,72.08,93,0.0,3330.36
19383.88,71.38,93,0.0,3330.36
19383.88,71.59,93,1.225,3330.36
19383.88,71.11,93,0.0,3330.36
19383.88,71.03,95,0.0,3330.36
19383.88,70.96,95,0.0,3330.36
19383.88,71.07,95,1.225,3330.36
19383.88,71.01,95,0.0,3330.36
19383.88,71.29,95,0.0,3330.36
19383.88,71.06,95,0.0,3330.36
19383.88,71.32,95,1.225,3330.36
19383.88,71.05,95,0.0,3330.36
19383.88,71.85,95,0.0,3330.36
19383.88,71.22,95,1.225,3330.36
19383.88,71.69,95,0.0,3330.36
19383.88,71.35,95,1.225,3330.36
19383.88,71.88,95,0.0,3330.36
19383.88,71.57,95,0.0,3330.36
19383.88,72.04,95,1.225,3330.36
19383.88,71.61,95,0.0,3330.36
19383.88,71.79,95,0.0,3330.36
19383.88,72.04,95,0.0,3330.36
19383.88,72.37,93,1.225,3330.36
19383.88,72.32,93,0.0,3330.36
19383.88,72.96,95,0.0,3330.36
19383.88,73.3,95,0.0,3330.36
19383.88,73.8,95,1.2125,3330.36
19383.88,73.81,95,0.0,3330.36
19383.88,74.2,94,0.0,3330.36
19383.88,74.09,94,1.2125,3330.36
19383.88,74.1,95,0.0,3330.36
19383.88,73.97,95,0.0,3330.36
19383.88,73.31,95,0.0,3330.36
19383.88,73.16,95,1.225,3330.36
19383.88,72.97,94,0.0,3330.36
19383.88,72.83,94,0.0,3330.36
19383.88,72.27,95,0.0,3330.36
19383.88,72.17,95,1.2125,3330.36
19383.88,71.91,95,0.0,3330.36
19383.88,71.93,95,1.2125,3330.36
19383.88,71.5,95,1.225,3330.36
19383.88,71.81,95,0.0,3330.36
19383.88,71.76,94,0.0,3330.36
19383.88,71.76,94,2.4125,3330.36
19383.88,74.04,95,0.0,3330.36
19383.88,74.04,95,0.0,3330.36
19383.88,74.08,81,1.2125,3330.36
19383.88,74.16,81,0.0,3330.36
19383.88,72.76,98,0.0,3330.36
19383.88,72.83,98,1.2125,3330.36
19383.88,73.06,93,0.0,3330.36
19383.88,73.19,93,0.0,3330.36
19383.88,73.51,94,1.2125,3330.36
19383.88,73.35,94,0.0,3330.36
19383.88,73.63,95,0.0,3330.36
19383.88,71.41,94,0.0,3330.36
19383.88,71.31,94,1.2125,3330.36
19383.88,70.86,95,0.0,3330.36
19383.88,71.88,95,0.0,3330.36
19383.88,71.58,93,1.2125,3330.36
19383.88,71.66,93,0.0,3330.36
19383.88,71.55,94,0.0,3330.36
19383.88,71.62,94,0.0,3330.36
19383.88,71.42,93,1.225,3330.36
19383.88,71.74,95,0.0,3330.36
19383.88,71.58,95,0.0,3330.36
19383.88,71.28,95,0.0,3330.36
19383.88,70.98,95,1.225,3330.36
19383.88,71.38,95,0.0,3330.36
19383.88,71.3,95,0.0,3330.36
19383.88,72.14,94,1.225,3330.36
19383.88,72.06,94,0.0,3330.36
19383.88,72.41,94,0.0,3330.36
19383.88,72.33,94,0.0,3330.36
19383.88,72.3,95,1.225,3330.36
19383.88,72.06,95,0.0,3330.36
19383.88,72.16,95,0.0,3330.36
19383.88,72.24,95,0.0,3330.36
19383.88,72.4,95,2.45,3330.36
19383.88,72.4,95,0.0,3330.36
19383.88,72.36,94,0.0,3330.36
19383.88,72.38,94,0.0,3330.36
19383.88,71.97,95,0.0,3330.36
19383.88,72.03,95,1.225,3330.36
19383.88,72.0,93,0.0,3330.36
19383.88,71.97,93,0.0,3330.36
19383.88,71.99,95,0.0,3330.36
19383.88,72.06,95,1.225,3330.36
19383.88,72.13,95,0.0,3330.36
19383.88,72.07,95,0.0,3330.36
19383.88,72.07,95,0.0,3330.36
19383.88,71.93,95,1.225,3330.36
19383.88,71.9,96,0.0,3330.36
19383.88,71.92,96,0.0,3330.36
19383.88,71.68,96,0.0,3330.36
19383.88,71.77,96,1.225,3330.36
19383.88,68.27,79,1.225,3330.36
19383.88,68.76,79,0.0,3330.36
19383.88,68.82,98,0.0,3330.36
19383.88,69.09,98,0.0,3330.36
19383.88,69.09,100,1.2125,3330.36
19383.88,69.24,100,0.0,3330.36
19383.88,69.25,100,0.0,3330.36
19383.88,68.04,100,1.2125,3330.36
19383.88,68.31,95,0.0,3330.36
19383.88,67.81,95,0.0,3330.36
19383.88,68.29,95,0.0,3330.36
19383.88,71.64,95,1.2125,3330.36
19383.88,71.74,95,0.0,3330.36
19383.88,71.54,95,0.0,3330.36
19383.88,71.81,92,1.2125,3330.36
19383.88,71.72,92,0.0,3330.36
19383.88,71.69,95,0.0,3330.36
19383.88,71.48,95,0.0,3330.36
19383.88,72.5,95,2.3875,3330.36
19383.88,72.68,95,0.0,3330.36
19383.88,73.17,93,0.0,3330.36
19383.88,72.98,93,1.2125,3330.36
19383.88,73.0,93,0.0,3330.36
19383.88,72.86,93,0.0,3330.36
19383.88,72.87,95,1.2125,3330.36
19383.88,72.51,95,0.0,3330.36
19383.88,72.33,95,0.0,3330.36
19383.88,72.25,95,0.0,3330.36
19383.88,72.02,95,0.0,3330.36
19383.88,72.12,95,1.225,3330.36
19383.88,71.66,95,0.0,3330.36
19383.88,71.87,95,0.0,3330.36
19383.88,71.6,95,1.2125,3330.36
19383.88,71.84,94,0.0,3330.36
19383.88,71.44,94,1.2125,3330.36
19383.88,71.58,95,0.0,3330.36
19383.88,71.17,95,0.0,3330.36
19383.88,71.38,95,1.2125,3330.36
19383.88,71.99,95,0.0,3330.36
19383.88,72.14,95,0.0,3330.36
19383.88,72.65,95,1.2125,3330.36
19383.88,72.8,95,0.0,3330.36
19383.88,73.21,95,0.0,3330.36
19383.88,73.46,95,1.2125,3330.36
19383.88,73.89,95,0.0,3330.36
19383.88,74.05,95,0.0,3330.36
19383.88,74.41,95,0.0,3330.36
19383.88,74.62,95,1.2125,3330.36
19383.88,74.52,95,0.0,3330.36
19383.88,74.27,95,1.2125,3330.36
19383.88,73.65,95,0.0,3330.36
19383.88,73.14,95,0.0,3330.36
19383.88,72.88,95,1.2125,3330.36
19383.88,72.26,95,0.0,3330.36
19383.88,72.13,93,0.0,3330.36
19383.88,71.68,93,1.2125,3330.36
19383.88,68.44,80,2.425,3330.36
19383.88,68.66,80,1.2125,3330.36
19383.88,69.14,91,0.0,3330.36
19383.88,69.22,91,0.0,3330.36
19383.88,68.75,96,1.2125,3330.36
19383.88,68.89,96,0.0,3330.36
19383.88,68.96,95,0.0,3330.36
19383.88,69.21,95,1.2125,3330.36
19383.88,69.39,95,0.0,3330.36
19383.88,69.25,95,0.0,3330.36
19383.88,69.25,95,1.225,3330.36
19383.88,72.79,95,0.0,3330.36
19383.88,72.33,91,0.0,3330.36
19383.88,71.89,91,1.2125,3330.36
19383.88,71.47,95,0.0,3330.36
19383.88,71.94,95,0.0,3330.36
19383.88,71.7,94,0.0,3330.36
19383.88,71.93,94,1.225,3330.36
19383.88,71.95,95,0.0,3330.36
19383.88,71.68,95,0.0,3330.36
19383.88,71.9,94,0.0,3330.36
19383.88,71.88,94,1.25,3330.36
19383.88,71.79,95,0.0,3330.36
19383.88,71.65,95,0.0,3330.36
19383.88,71.75,95,1.2375,3330.36
19383.88,71.95,95,0.0,3330.36
19383.88,72.08,95,0.0,3330.36
19383.88,72.05,95,0.0,3330.36
19383.88,71.84,94,1.2375,3330.36
19383.88,71.32,94,0.0,3330.36
19383.88,71.92,94,0.0,3330.36
19383.88,71.75,94,1.2375,3330.36
19383.88,72.39,92,0.0,3330.36
19383.88,72.08,93,0.0,3330.36
19383.88,72.48,93,1.2375,3330.36
19383.88,72.59,94,1.2375,3330.36
19383.88,72.79,94,0.0,3330.36
19383.88,72.97,95,0.0,3330.36
19383.88,72.72,95,1.2375,3330.36
19383.88,72.8,95,0.0,3330.36
19383.88,72.86,95,0.0,3330.36
19383.88,72.79,93,1.2375,3330.36
19383.88,72.56,93,0.0,3330.36
19383.88,72.29,94,0.0,3330.36
19383.88,72.18,94,0.0,3330.36
19383.88,72.0,94,1.2375,3330.36
19383.88,72.05,94,0.0,3330.36
19383.88,71.65,94,0.0,3330.36
19383.88,71.95,94,0.0,3330.36
19383.88,71.63,94,1.2375,3330.36
19383.88,71.88,95,0.0,3330.36
19383.88,71.51,95,0.0,3330.36
19383.88,71.51,94,1.2375,3330.36
19383.88,72.02,94,1.2375,3330.36
19383.88,74.22,78,1.25,3330.36
19383.88,74.05,78,0.0,3330.36
19383.88,74.05,100,0.0,3330.36
19383.88,73.06,100,1.2375,3330.36
19383.88,73.24,96,0.0,3330.36
19383.88,73.69,96,0.0,3330.36
19383.88,73.02,94,0.0,3330.36
19383.88,73.47,94,1.25,3330.36
19383.88,73.67,94,0.0,3330.36
19383.88,73.4,94,0.0,3330.36
19383.88,71.4,95,0.0,3330.36
19383.88,71.24,95,1.2375,3330.36
19383.88,71.17,95,0.0,3330.36
19383.88,71.87,95,0.0,3330.48
19383.88,71.87,95,1.2125,3330.48
19383.88,71.53,95,0.0,3330.48
19383.88,71.19,93,0.0,3330.48
19383.88,72.01,93,1.2125,3330.48
19383.88,71.56,94,0.0,3330.48
19383.88,72.38,94,0.0,3330.48
19383.88,72.17,95,1.2125,3330.48
19383.88,72.07,95,1.2125,3330.48
19383.88,71.95,95,0.0,3330.48
19383.88,72.09,95,0.0,3330.48
19383.88,72.19,95,1.225,3330.48
19383.88,72.38,95,0.0,3330.48
19383.88,72.38,95,0.0,3330.48
19383.88,72.19,95,0.0,3330.48
19383.88,72.38,95,1.225,3330.48
19383.88,71.72,95,0.0,3330.48
19383.88,71.65,94,0.0,3330.48
19383.88,70.7,94,0.0,3330.48
19383.88,70.72,93,1.2125,3330.48
19383.88,70.8,95,0.0,3330.48
19383.88,70.9,95,0.0,3330.48
19383.88,70.99,94,1.2125,3330.48
19383.88,71.03,94,0.0,3330.48
19383.88,70.96,95,0.0,3330.48
19383.88,71.03,95,1.2125,3330.48
19383.88,70.79,95,1.2125,3330.48
19383.88,71.06,95,0.0,3330.48
19383.88,70.9,95,0.0,3330.48
19383.88,71.91,95,1.2125,3330.48
19383.88,72.01,95,0.0,3330.48
19383.88,72.01,93,0.0,3330.48
19383.88,72.25,93,1.2125,3330.48
19383.88,72.19,95,0.0,3330.48
19383.88,72.14,95,0.0,3330.48
19383.88,72.17,95,1.2125,3330.48
19383.88,72.22,95,0.0,3330.48
19383.88,72.07,94,0.0,3330.48
19383.88,71.99,94,2.4375,3330.48
19383.88,69.33,80,0.0,3330.48
19383.88,69.77,80,1.225,3330.48
19383.88,70.03,100,0.0,3330.48
19383.88,69.29,100,0.0,3330.48
19383.88,69.29,94,0.0,3330.48
19383.88,69.54,94,1.2125,3330.48
19383.88,69.7,94,0.0,3330.48
19383.88,69.83,94,0.0,3330.48
19383.88,69.81,94,1.2125,3330.48
19383.88,69.81,94,1.2125,3330.48
19383.88,72.29,95,0.0,3330.48
19383.88,72.11,95,0.0,3330.48
19383.88,71.62,95,1.2125,3330.48
19383.88,71.57,95,0.0,3330.48
19383.88,72.23,95,0.0,3330.48
19383.88,72.17,95,1.2125,3330.48
19383.88,72.08,93,0.0,3330.48
19383.88,71.98,93,0.0,3330.48
19383.88,71.81,94,0.0,3330.48
19383.88,71.72,94,1.2125,3330.48
19383.88,71.88,95,0.0,3330.48
19383.88,71.88,95,0.0,3330.48
19383.88,71.72,95,1.2125,3330.48
19383.88,71.71,95,0.0,3330.48
19383.88,71.81,95,0.0,3330.48
19383.88,71.4,95,1.2125,3330.48
19383.88,71.76,94,0.0,3330.48
19383.88,71.81,94,0.0,3330.48
19383.88,71.6,95,0.0,3330.48
19383.88,71.6,95,1.225,3330.48
19383.88,71.79,95,0.0,3330.48
19383.88,71.69,95,0.0,3330.48
19383.88,71.61,95,1.225,3330.48
19383.88,71.63,95,0.0,3330.48
19383.88,71.89,95,1.225,3330.48
19383.88,71.84,95,0.0,3330.48
19383.88,71.89,95,0.0,3330.48
19383.88,72.0,95,0.0,3330.48
19383.88,71.93,95,1.225,3330.48
19383.88,71.98,95,0.0,3330.48
19383.88,72.04,95,0.0,3330.48
19383.88,71.9,95,0.0,3330.48
19383.88,71.86,95,1.225,3330.48
19383.88,71.89,95,0.0,3330.48
19383.88,72.06,94,0.0,3330.48
19383.88,71.95,94,1.2125,3330.48
19383.88,71.77,95,0.0,3330.48
19383.88,71.59,95,0.0,3330.48
19383.88,71.37,94,1.2125,3330.48
19383.88,71.7,94,0.0,3330.48
19383.88,71.37,94,0.0,3330.48
19383.88,71.61,94,2.45,3330.48
19383.88,73.74,95,0.0,3330.48
19383.88,73.84,82,0.0,3330.48
19383.88,73.62,82,0.0,3330.48
19383.88,72.71,98,1.2125,3330.48
19383.88,72.67,98,1.2125,3330.48
19383.88,73.3,95,0.0,3330.48
19383.88,73.05,95,1.2125,3330.48
19383.88,73.42,95,0.0,3330.48
19383.88,73.31,95,0.0,3330.48
19383.88,73.56,95,1.2125,3330.48
19383.88,73.54,95,0.0,3330.48
19383.88,71.42,95,0.0,3330.48
19383.88,71.19,94,1.2125,3330.48
19383.88,71.32,94,0.0,3330.48
19383.88,72.42,95,0.0,3330.48
19383.88,71.97,95,1.2125,3330.48
19383.88,72.04,95,0.0,3330.48
19383.88,71.83,95,0.0,3330.48
19383.88,71.89,95,0.0,3330.48
19383.88,71.98,95,1.1875,3330.48
19383.88,71.95,96,0.0,3330.48
19383.88,72.15,96,0.0,3330.48
19383.88,72.22,93,1.2125,3330.48
19383.88,72.25,93,0.0,3330.48
19383.88,72.52,95,0.0,3330.48
19383.88,72.8,95,0.0,3330.48
19383.88,72.72,95,1.225,3330.48
19383.88,72.81,95,0.0,3330.48
19383.88,72.95,95,0.0,3330.48
19383.88,72.87,95,1.2125,3330.48
19383.88,72.74,95,0.0,3330.48
19383.88,72.49,95,0.0,3330.48
19383.88,72.12,95,0.0,3330.48
19383.88,72.47,95,1.225,3330.48
19383.88,72.17,95,0.0,3330.48
19383.88,72.05,95,0.0,3330.48
19383.88,72.02,95,1.2125,3330.48
19383.88,72.01,95,0.0,3330.48
19383.88,71.91,95,0.0,3330.48
19383.88,71.76,95,1.175,3330.48
19383.88,71.6,96,0.0,3330.48
19383.88,71.53,96,0.0,3330.48
19383.88,71.95,95,0.0,3330.48
19383.88,71.86,95,1.2125,3330.48
19383.88,71.94,96,0.0,3330.48
19383.88,72.05,96,0.0,3330.48
19383.88,72.1,96,0.0,3330.48
19383.88,72.15,96,1.25,3330.48
19383.88,72.07,95,0.0,3330.48
19383.88,72.34,95,0.0,3330.48
19383.88,71.93,96,1.25,3330.48
19383.88,72.05,96,2.4875,3330.48
19383.88,73.53,81,0.0,3330.48
19383.88,73.49,100,1.25,3330.48
19383.88,73.64,100,0.0,3330.48
19383.88,72.44,96,0.0,3330.48
19383.88,72.33,96,0.0,3330.48
19383.88,72.51,95,1.2375,3330.48
19383.88,72.71,95,0.0,3330.48
19383.88,72.89,95,0.0,3330.48
19383.88,72.82,95,1.25,3330.48
19383.88,73.2,95,0.0,3330.48
19383.88,71.37,95,0.0,3330.48
19383.88,71.34,95,0.0,3330.48
19383.88,71.02,95,1.25,3330.48
19383.88,71.02,95,0.0,3330.48
19383.88,72.01,95,0.0,3330.48
19383.88,72.1,95,1.25,3330.48
19383.88,71.91,95,0.0,3330.48
19383.88,71.84,95,0.0,3330.48
19383.88,71.69,94,0.0,3330.48
19383.88,71.33,94,0.0,3330.48
19383.88,72.03,94,1.2375,3330.48
19383.88,72.02,94,0.0,3330.48
19383.88,71.98,95,0.0,3330.48
19383.88,72.09,95,1.25,3330.48
19383.88,72.25,95,0.0,3330.48
19383.88,72.25,95,0.0,3330.48
19383.88,72.3,93,1.2375,3330.48
19383.88,72.3,93,0.0,3330.48
19383.88,72.06,95,0.0,3330.48
19383.88,72.11,95,0.0,3330.48
19383.88,72.09,95,1.2375,3330.48
19383.88,71.74,95,0.0,3330.48
19383.88,71.42,95,0.0,3330.48
19383.88,71.67,95,0.0,3330.48
19383.88,72.11,94,1.2375,3330.48
19383.88,72.19,94,0.0,3330.48
19383.88,72.21,95,0.0,3330.48
19383.88,72.25,95,0.0,3330.48
19383.88,72.21,95,1.25,3330.48
19383.88,72.22,95,0.0,3330.48
19383.88,72.22,95,0.0,3330.48
19383.88,72.13,95,0.0,3330.48
19383.88,72.03,95,1.225,3330.48
19383.88,71.91,95,0.0,3330.48
19383.88,72.36,94,0.0,3330.48
19383.88,72.19,95,1.2,3330.48
19383.88,72.23,95,0.0,3330.48
19383.88,72.25,95,0.0,3330.48
19383.88,72.19,95,1.2125,3330.48
19383.88,72.16,95,0.0,3330.48
19383.88,72.09,95,0.0,3330.48
19383.88,71.95,95,2.275,3330.48
19383.88,71.91,95,1.2375,3330.48
19383.88,68.5,80,1.1875,3330.48
19383.88,68.92,80,0.0,3330.48
19383.88,68.61,99,0.0,3330.48
19383.88,67.59,99,0.0,3330.48
19383.88,67.34,93,1.1875,3330.48
19383.88,67.8,93,0.0,3330.48
19383.88,67.8,95,1.225,3330.48
19383.88,68.18,95,0.0,3330.48
19383.88,67.86,92,0.0,3330.48
19383.88,68.18,92,0.0,3330.48
19383.88,71.66,94,0.0,3330.48
19383.88,71.47,94,1.225,3330.48
19383.88,71.06,95,0.0,3330.48
19383.88,71.88,95,0.0,3330.48
19383.88,71.81,95,1.2125,3330.48
19383.88,72.33,95,0.0,3330.48
19383.88,72.27,95,0.0,3330.48
19383.88,72.12,95,0.0,3330.48
19383.88,71.88,95,0.0,3330.48
19383.88,72.1,95,1.225,3330.48
19383.88,72.14,95,0.0,3330.48
19383.88,71.95,95,0.0,3330.48
19383.88,71.85,95,0.0,3330.48
19383.88,71.94,95,1.225,3330.48
19383.88,72.16,95,0.0,3330.48
19383.88,71.96,95,0.0,3330.48
19383.88,71.66,92,0.0,3330.48
19383.88,71.32,92,1.2125,3330.48
19383.88,71.53,94,1.2125,3330.48
19383.88,71.51,94,0.0,3330.48
19383.88,71.89,94,0.0,3330.48
19383.88,71.86,94,1.2125,3330.48
19383.88,71.66,95,0.0,3330.48
19383.88,70.98,95,1.2,3330.48
19383.88,70.98,93,0.0,3330.48
19383.88,71.3,95,0.0,3330.48
19383.88,71.39,95,0.0,3330.48
19383.88,71.35,95,0.0,3330.48
19383.88,71.24,95,1.225,3330.48
19383.88,71.24,95,0.0,3330.48
19383.88,71.0,95,0.0,3330.48
19383.88,70.7,95,0.0,3330.48
19383.88,71.17,95,1.2125,3330.48
19383.88,71.11,93,0.0,3330.48
19383.88,72.34,93,0.0,3330.48
19383.88,72.34,95,1.2125,3330.48
19383.88,72.18,95,0.0,3330.48
19383.88,72.2,95,0.0,3330.48
19383.88,72.26,95,0.0,3330.48
19383.88,72.19,94,1.2125,3330.48
19383.88,72.25,95,3.4375,3330.48
19383.88,73.52,95,0.0,3330.48
19383.88,73.45,95,1.2125,3330.48
19383.88,73.73,82,0.0,3330.48
19383.88,72.95,97,0.0,3330.48
19383.88,72.61,97,0.0,3330.48
19383.88,73.14,97,1.2125,3330.48
19383.88,73.01,95,0.0,3330.48
19383.88,73.62,94,0.0,3330.48
19383.88,73.66,94,1.2125,3330.48
19383.88,73.61,95,0.0,3330.48
19383.88,73.83,95,0.0,3330.48
19383.88,72.73,95,0.0,3330.48
19383.88,72.5,95,1.2125,3330.48
19383.88,71.81,93,0.0,3330.48
19383.88,72.5,93,0.0,3330.48
19383.88,72.53,93,1.2125,3330.48
19383.88,72.32,94,0.0,3330.48
19383.88,72.25,94,0.0,3330.48
19383.88,72.16,95,1.2125,3330.48
19383.88,72.25,95,0.0,3330.48
19383.88,72.38,94,0.0,3330.48
19383.88,72.29,94,1.2125,3330.48
19383.88,72.04,94,1.2125,3330.48
19383.88,72.04,94,0.0,3330.48
19383.88,72.29,95,0.0,3330.48
19383.88,72.37,95,1.2125,3330.48
19383.88,72.39,95,0.0,3330.48
19383.88,72.21,95,0.0,3330.48
19383.88,72.27,94,1.2125,3330.48
19383.88,71.95,94,0.0,3330.48
19383.88,71.83,95,0.0,3330.48
19383.88,71.72,95,1.2125,3330.48
19383.88,71.66,95,0.0,3330.48
19383.88,71.8,95,0.0,3330.48
19383.88,71.95,94,0.0,3330.48
19383.88,72.0,94,1.225,3330.48
19383.88,71.85,93,0.0,3330.48
19383.88,71.95,93,0.0,3330.48
19383.88,71.81,95,1.2125,3330.48
19383.88,71.86,95,0.0,3330.48
19383.88,71.7,95,0.0,3330.48
19383.88,72.06,95,0.0,3330.48
19383.88,72.07,95,1.2125,3330.48
19383.88,72.02,95,0.0,3330.48
19383.88,72.18,95,0.0,3330.48
19383.88,72.11,95,1.225,3330.48
19383.88,72.04,93,0.0,3330.48
19383.88,72.12,93,0.0,3330.48
19383.88,72.17,95,0.0,3330.48
19383.88,72.13,95,1.225,3330.48
19383.88,72.09,95,0.0,3330.48
19383.88,71.85,95,2.4375,3330.48
19383.88,73.61,80,0.0,3330.48
19383.88,73.34,80,0.0,3330.48
19383.88,73.78,100,1.225,3330.48
19383.88,72.68,100,0.0,3330.48
19383.88,72.97,95,0.0,3330.48
19383.88,72.68,95,0.0,3330.48
19383.88,73.11,95,1.225,3330.48
19383.88,73.04,95,0.0,3330.48
19383.88,73.47,96,0.0,3330.48
19383.88,73.36,96,0.0,3330.48
19383.88,73.72,95,0.0,3330.48
19383.88,72.06,95,1.2125,3330.48
19383.88,71.92,94,0.0,3330.48
19383.88,71.65,94,0.0,3330.48
19383.88,72.0,95,1.225,3330.48
19383.88,71.93,95,0.0,3330.48
19383.88,72.03,94,0.0,3330.48
19383.88,72.06,94,0.0,3330.48
19383.88,71.91,95,0.0,3330.48
19383.88,71.86,95,1.2125,3330.48
19383.88,71.82,95,0.0,3330.48
19383.88,71.81,95,0.0,3330.48
19383.88,71.71,95,1.2125,3330.48
19383.88,71.76,95,0.0,3330.48
19383.88,71.93,94,1.225,3330.48
19383.88,72.13,95,0.0,3330.48
19383.88,72.23,95,1.225,3330.48
19383.88,72.18,95,0.0,3330.48
19383.88,72.25,95,0.0,3330.48
19383.88,72.09,95,0.0,3330.48
19383.88,72.1,95,1.225,3330.48
19383.88,72.04,94,0.0,3330.48
19383.88,72.03,94,0.0,3330.48
19383.88,72.02,95,0.0,3330.48
19383.88,72.07,95,0.0,3330.48
19383.88,72.33,95,1.225,3330.48
19383.88,72.29,95,0.0,3330.48
19383.88,72.29,95,0.0,3330.48
19383.88,72.14,96,0.0,3330.48
19383.88,72.02,95,1.225,3330.48
19383.88,72.21,95,0.0,3330.48
19383.88,72.42,95,0.0,3330.48
19383.88,72.08,95,0.0,3330.48
19383.88,72.14,95,0.0,3330.48
19383.88,72.32,95,2.4375,3330.48
19383.88,72.51,94,0.0,3330.48
19383.88,72.61,94,0.0,3330.48
19383.88,72.5,95,1.2125,3330.48
19383.88,72.33,95,0.0,3330.48
19383.88,72.07,95,0.0,3330.48
19383.88,71.97,95,1.225,3330.48
19383.88,71.7,93,1.225,3330.48
19383.88,73.39,93,0.0,3330.48
19383.88,73.53,83,0.0,3330.48
19383.88,73.48,83,0.0,3330.48
19383.88,73.77,100,1.225,3330.48
19383.88,73.66,100,0.0,3330.48
19383.88,73.66,100,0.0,3330.48
19383.88,73.09,93,0.0,3330.48
19383.88,74.26,93,1.2125,3330.48
19383.88,74.39,93,0.0,3330.48
19383.88,74.73,95,0.0,3330.48
19383.88,72.85,95,0.0,3330.48
19383.88,73.31,95,1.225,3330.48
19383.88,73.07,95,0.0,3330.48
19383.88,73.09,95,0.0,3330.48
19383.88,72.6,95,0.0,3330.48
19383.88,72.43,95,1.225,3330.48
19383.88,72.48,95,0.0,3330.48
19383.88,72.05,95,0.0,3330.48
19383.88,71.41,94,0.0,3330.48
19383.88,71.88,94,2.4125,3330.48
19383.88,71.69,94,0.0,3330.48
19383.88,72.1,94,0.0,3330.48
19383.88,71.62,95,0.0,3330.48
19383.88,71.93,95,1.225,3330.48
19383.88,71.2,94,0.0,3330.48
19383.88,71.74,94,0.0,3330.48
19383.88,71.46,94,1.225,3330.48
19383.88,71.89,94,0.0,3330.48
19383.88,71.5,95,0.0,3330.48
19383.88,72.06,95,0.0,3330.48
19383.88,71.54,94,0.0,3330.48
19383.88,71.76,94,1.2125,3330.48
19383.88,71.05,95,0.0,3330.48
19383.88,71.31,95,0.0,3330.48
19383.88,70.71,95,0.0,3330.48
19383.88,71.31,95,1.1625,3330.48
19383.88,70.74,95,0.0,3330.48
19383.88,71.27,95,1.2125,3330.48
19383.88,71.0,95,0.0,3330.48
19383.88,71.53,95,0.0,3330.48
19383.88,71.2,93,1.2125,3330.48
19383.88,71.75,93,0.0,3330.48
19383.88,71.27,94,1.175,3330.48
19383.88,71.85,94,0.0,3330.48
19383.88,71.39,95,1.2125,3330.48
19383.88,71.97,95,0.0,3330.48
19383.88,72.13,95,0.0,3330.48
19383.88,71.73,95,1.175,3330.48
19383.88,71.73,95,0.0,3330.48
19383.88,72.04,95,1.2125,3330.48
19383.88,71.67,95,0.0,3330.48
19383.88,72.09,95,0.0,3330.48
19383.88,72.45,93,1.2125,3330.48
19383.88,72.55,93,0.0,3330.48
19383.88,72.93,94,2.425,3330.48
19383.88,74.55,94,0.0,3330.48
19383.88,74.95,79,1.2125,3330.48
19383.88,74.7,100,0.0,3330.48
19383.88,73.62,100,0.0,3330.48
19383.88,73.69,95,1.2125,3330.48
19383.88,73.82,95,0.0,3330.48
19383.88,73.86,95,0.0,3330.48
19383.88,73.25,95,0.0,3330.48
19383.88,73.38,94,1.225,3330.48
19383.88,72.93,94,0.0,3330.48
19383.88,73.12,95,0.0,3330.48
19383.88,71.46,95,0.0,3330.48
19383.88,71.04,94,1.225,3330.48
19383.88,71.0,94,0.0,3330.48
19383.88,71.87,95,0.0,3330.48
19383.88,71.88,95,0.0,3330.48
19383.88,71.91,95,0.0,3330.48
19383.88,71.84,95,1.225,3330.48
19383.88,71.9,95,0.0,3330.48
19383.88,71.63,95,0.0,3330.48
19383.88,71.74,95,1.2125,3330.48
19383.88,71.44,95,0.0,3330.48
19383.88,71.55,93,0.0,3330.48
19383.88,71.59,93,1.2125,3330.48
19383.88,71.8,95,1.2125,3330.48
19383.88,71.16,95,0.0,3330.48
19383.88,71.35,93,0.0,3330.48
19383.88,71.28,95,1.2125,3330.48
19383.88,71.14,95,0.0,3330.48
19383.88,71.12,95,0.0,3330.48
19383.88,71.06,95,1.2125,3330.48
19383.88,70.88,94,0.0,3330.48
19383.88,70.91,94,0.0,3330.48
19383.88,70.44,94,0.0,3330.48
19383.88,70.73,94,1.2125,3330.48
19383.88,70.26,93,0.0,3330.48
19383.88,71.52,93,0.0,3330.48
19383.88,71.27,94,1.2125,3330.48
19383.88,71.52,94,0.0,3330.48
19383.88,71.71,94,1.2,3330.48
19383.88,71.48,94,1.2125,3330.48
19383.88,71.56,95,0.0,3330.48
19383.88,71.5,95,0.0,3330.48
19383.88,71.61,95,1.175,3330.48
19383.88,71.89,95,0.0,3330.48
19383.88,72.15,95,0.0,3330.48
19383.88,72.15,95,1.2125,3330.48
19383.88,71.9,95,0.0,3330.48
19383.88,71.82,95,0.0,3330.48
19383.88,71.23,93,0.0,3330.48
19383.88,71.49,93,1.1875,3330.48
19383.88,68.77,94,1.2125,3330.48
19383.88,68.88,94,0.0,3330.48
19383.88,69.17,80,1.2125,3330.48
19383.88,69.17,80,0.0,3330.48
19383.88,69.31,100,0.0,3330.48
19383.88,69.21,100,0.0,3330.48
19383.88,69.36,100,1.2125,3330.48
19383.88,68.92,100,0.0,3330.48
19383.88,68.29,97,0.0,3330.48
19383.88,68.41,97,1.2125,3330.48
19383.88,68.91,92,0.0,3330.48
19383.88,72.18,94,1.225,3330.48
19383.88,72.47,94,0.0,3330.48
19383.88,72.59,95,1.225,3330.48
19383.88,72.74,95,0.0,3330.48
19383.88,72.97,95,0.0,3330.48
19383.88,73.08,95,1.225,3330.48
19383.88,72.91,96,0.0,3330.48
19383.88,73.43,96,0.0,3330.48
19383.88,74.24,95,1.2,3330.48
19383.88,74.27,95,0.0,3330.48
19383.88,74.05,95,0.0,3330.48
19383.88,73.99,95,1.2125,3330.48
19383.88,73.49,95,0.0,3330.48
19383.88,73.32,95,0.0,3330.48
19383.88,72.79,95,0.0,3330.48
19383.88,72.42,95,0.0,3330.48
19383.88,71.96,95,1.2125,3330.48
19383.88,72.02,95,0.0,3330.48
19383.88,71.71,95,0.0,3330.48
19383.88,71.95,95,1.225,3330.48
19383.88,71.71,95,0.0,3330.48
19383.88,71.77,95,0.0,3330.48
19383.88,71.48,95,1.225,3330.48
19383.88,71.68,95,1.225,3330.48
19383.88,71.42,95,0.0,3330.48
19383.88,71.56,95,0.0,3330.48
19383.88,71.39,95,0.0,3330.48
19383.88,71.67,95,1.2125,3330.48
19383.88,71.52,95,0.0,3330.48
19383.88,71.83,95,0.0,3330.48
19383.88,71.59,95,0.0,3330.48
19383.88,71.75,95,1.2125,3330.48
19383.88,71.53,95,0.0,3330.48
19383.88,71.73,95,0.0,3330.48
19383.88,71.36,95,1.2125,3330.48
19383.88,71.53,95,0.0,3330.48
19383.88,71.31,95,0.0,3330.48
19383.88,71.72,95,1.2125,3330.48
19383.88,71.48,95,0.0,3330.48
19383.88,71.87,95,0.0,3330.48
19383.88,71.49,95,0.0,3330.48
19383.88,71.71,95,1.2125,3330.48
19383.88,71.38,95,0.0,3330.48
19383.88,71.6,95,0.0,3330.48
19383.88,71.25,95,1.175,3330.48
19383.88,71.55,95,2.4125,3330.48
19383.88,71.25,95,0.0,3330.48
19383.88,73.5,95,0.0,3330.48
19383.88,73.5,79,1.2,3330.48
19383.88,73.7,100,0.0,3330.48
19383.88,73.97,100,0.0,3330.48
19383.88,72.75,98,1.2125,3330.48
19383.88,72.97,98,0.0,3330.48
19383.88,72.97,95,0.0,3330.48
19383.88,73.33,95,1.2125,3330.48
19383.88,72.94,95,0.0,3330.48
19383.88,71.35,95,1.1625,3330.48
19383.88,71.38,95,1.2125,3330.48
19383.88,71.18,95,0.0,3330.48
19383.88,71.09,95,0.0,3330.48
19383.88,71.09,95,1.2125,3330.48
19383.88,70.7,95,0.0,3330.48
19383.88,71.04,95,0.0,3330.48
19383.88,71.2,91,0.0,3330.48
19383.88,70.8,91,1.2125,3330.48
19383.88,71.24,95,0.0,3330.48
19383.88,71.0,95,0.0,3330.48
19383.88,71.25,95,1.2,3330.48
19383.88,71.05,95,0.0,3330.48
19383.88,71.1,95,0.0,3330.48
19383.88,70.37,94,1.2125,3330.48
19383.88,70.74,94,0.0,3330.48
19383.88,70.51,95,0.0,3330.48
19383.88,71.22,95,0.0,3330.48
19383.88,70.78,95,1.225,3330.48
19383.88,71.13,95,0.0,3330.48
19383.88,70.97,95,0.0,3330.48
19383.88,71.27,95,1.2,3330.48
19383.88,70.94,94,0.0,3330.48
19383.88,70.96,94,0.0,3330.48
19383.88,70.62,94,1.2125,3330.48
19383.88,71.53,94,0.0,3330.48
19383.88,71.31,95,0.0,3330.48
19383.88,71.88,95,0.0,3330.48
19383.88,71.14,91,1.225,3330.48
19383.88,71.66,91,0.0,3330.48
19383.88,71.3,95,0.0,3330.48
19383.88,71.5,95,0.0,3330.48
19383.88,71.08,95,1.225,3330.48
19383.88,71.31,95,1.2125,3330.48
19383.88,71.01,94,0.0,3330.48
19383.88,71.5,94,1.2125,3330.48
19383.88,71.01,94,0.0,3330.48
19383.88,71.3,94,0.0,3330.48
19383.88,70.89,95,1.2125,3330.48
19383.88,71.69,95,0.0,3330.48
19383.88,71.21,94,0.0,3330.48
19383.88,71.61,94,1.2125,3330.48
19383.88,71.09,94,0.0,3330.48
19383.88,71.44,94,0.0,3330.48
19383.88,70.99,95,3.6375,3330.48
19383.88,68.13,95,0.0,3330.48
19383.88,68.27,76,0.0,3330.48
19383.88,68.99,76,0.0,3330.48
19383.88,68.98,100,1.2125,3330.48
19383.88,68.67,100,0.0,3330.48
19383.88,68.7,94,0.0,3330.48
19383.88,68.9,94,1.2125,3330.48
19383.88,68.95,93,0.0,3330.48
19383.88,69.64,93,0.0,3330.48
19383.88,69.57,93,1.225,3330.48
19383.88,70.17,93,0.0,3330.48
19383.88,73.33,94,0.0,3330.48
19383.88,73.33,94,1.2125,3330.48
19383.88,72.64,95,0.0,3330.48
19383.88,72.51,93,0.0,3330.48
19383.88,72.92,93,1.2125,3330.48
19383.88,72.89,95,0.0,3330.48
19383.88,72.92,95,0.0,3330.48
19383.88,72.13,95,0.0,3330.48
19383.88,72.14,95,1.2125,3330.48
19383.88,72.04,95,0.0,3330.48
19383.88,72.28,95,0.0,3330.48
19383.88,72.1,95,1.2125,3330.48
19383.88,72.13,95,0.0,3330.48
19383.88,72.27,95,0.0,3330.48
19383.88,72.17,95,1.2125,3330.48
19383.88,72.16,95,0.0,3330.48
19383.88,71.81,95,1.2125,3330.48
19383.88,71.89,95,0.0,3330.48
19383.88,71.94,95,1.2125,3330.48
19383.88,71.58,95,0.0,3330.48
19383.88,71.54,94,0.0,3330.48
19383.88,71.45,94,1.2125,3330.48
19383.88,71.79,93,0.0,3330.48
19383.88,71.81,93,0.0,3330.48
19383.88,72.14,93,0.0,3330.48
19383.88,72.11,94,1.2125,3330.48
19383.88,72.17,94,0.0,3330.48
19383.88,72.18,95,0.0,3330.48
19383.88,71.69,93,1.2,3330.48
19383.88,71.7,93,0.0,3330.48
19383.88,71.73,95,0.0,3330.48
19383.88,71.72,95,0.0,3330.48
19383.88,71.51,95,1.2,3330.48
19383.88,71.63,95,1.2125,3330.48
19383.88,71.35,95,0.0,3330.48
19383.88,71.18,95,0.0,3330.48
19383.88,70.86,95,1.2125,3330.48
19383.88,71.02,95,0.0,3330.48
19383.88,70.83,93,0.0,3330.48
19383.88,71.47,93,0.0,3330.48
19383.88,71.33,95,2.4375,3330.48
19383.88,73.51,95,0.0,3330.48
19383.88,73.55,81,1.2125,3330.48
19383.88,73.91,81,0.0,3330.48
19383.88,73.72,100,0.0,3330.48
19383.88,73.46,100,1.2125,3330.48
19383.88,73.38,94,0.0,3330.48
19383.88,73.86,94,0.0,3330.48
19383.88,73.97,93,0.0,3330.48
19383.88,74.23,93,1.225,3330.48
19383.88,74.09,95,0.0,3330.48
19383.88,74.31,95,0.0,3330.48
19383.88,72.36,95,1.2125,3330.48
19383.88,72.42,95,1.2125,3330.48
19383.88,71.93,95,0.0,3330.48
19383.88,71.8,95,0.0,3330.48
19383.88,71.96,95,1.2,3330.48
19383.88,72.18,93,0.0,3330.48
19383.88,71.84,93,1.1875,3330.48
19383.88,71.48,94,0.0,3330.48
19383.88,71.83,94,1.2125,3330.48
19383.88,71.71,95,0.0,3330.48
19383.88,72.02,95,0.0,3330.48
19383.88,71.85,95,0.0,3330.48
19383.88,71.81,95,1.2125,3330.48
19383.88,72.09,95,0.0,3330.48
19383.88,72.17,95,0.0,3330.48
19383.88,72.19,95,1.2,3330.48
19383.88,72.0,95,0.0,3330.48
19383.88,72.14,94,0.0,3330.48
19383.88,72.27,94,1.2125,3330.48
19383.88,72.2,95,0.0,3330.48
19383.88,71.92,95,0.0,3330.48
19383.88,71.64,94,0.0,3330.48
19383.88,71.4,94,1.2125,3330.48
19383.88,71.83,95,0.0,3330.48
19383.88,71.66,95,0.0,3330.48
19383.88,71.86,95,1.2125,3330.48
19383.88,71.56,95,0.0,3330.48
19383.88,71.93,94,0.0,3330.48
19383.88,71.68,94,0.0,3330.48
19383.88,71.88,94,2.4375,3330.48
19383.88,71.57,94,0.0,3330.48
19383.88,71.81,94,0.0,3330.48
19383.88,71.47,94,1.2125,3330.48
19383.88,71.72,94,0.0,3330.48
19383.88,71.68,94,0.0,3330.48
19383.88,72.21,94,1.2125,3330.48
19383.88,72.49,94,0.0,3330.48
19383.88,72.31,94,0.0,3330.48
19383.88,72.48,94,1.2125,3330.48
19383.88,72.18,95,0.0,3330.48
19383.88,72.19,95,0.0,3330.48
19383.88,72.15,95,2.4125,3330.48
19383.88,68.88,95,1.2125,3330.48
19383.88,69.43,78,0.0,3330.48
19383.88,69.36,78,0.0,3330.48
19383.88,69.35,100,0.0,3330.48
19383.88,68.91,100,1.2125,3330.48
19383.88,68.52,100,0.0,3330.48
19383.88,68.45,94,0.0,3330.48
19383.88,67.93,94,1.225,3330.48
19383.88,68.61,95,0.0,3330.48
19383.88,68.12,95,0.0,3330.48
19383.88,68.68,93,0.0,3330.48
19383.88,72.4,93,1.2125,3330.48
19383.88,72.45,95,0.0,3330.48
19383.88,72.29,95,0.0,3330.48
19383.88,72.5,94,1.2125,3330.48
19383.88,71.96,94,1.2125,3330.48
19383.88,72.51,93,0.0,3330.48
19383.88,72.89,93,0.0,3330.48
19383.88,72.85,95,0.0,3330.48
19383.88,73.51,95,1.2125,3330.48
19383.88,73.23,95,0.0,3330.48
19383.88,73.11,95,0.0,3330.48
19383.88,72.63,95,1.2125,3330.48
19383.88,72.81,95,0.0,3330.48
19383.88,72.07,95,0.0,3330.48
19383.88,72.54,94,1.2125,3330.48
19383.88,72.33,94,0.0,3330.48
19383.88,71.78,95,0.0,3330.48
19383.88,71.94,95,0.0,3330.48
19383.88,71.48,94,1.225,3330.48
19383.88,71.75,94,0.0,3330.48
19383.88,71.25,95,0.0,3330.48
19383.88,71.49,95,0.0,3330.48
19383.88,70.95,95,1.2125,3330.48
19383.88,71.54,95,0.0,3330.48
19383.88,71.31,95,0.0,3330.48
19383.88,71.67,95,2.4375,3330.48
19383.88,70.89,94,0.0,3330.48
19383.88,71.47,94,0.0,3330.48
19383.88,70.81,95,0.0,3330.48
19383.88,71.29,95,1.2125,3330.48
19383.88,70.49,94,0.0,3330.48
19383.88,70.81,94,0.0,3330.48
19383.88,70.3,94,1.2125,3330.48
19383.88,71.04,94,0.0,3330.48
19383.88,70.54,94,0.0,3330.48
19383.88,70.96,94,0.0,3330.48
19383.88,70.6,95,1.2125,3330.61
19383.88,71.52,95,0.0,3330.61
19383.88,70.73,94,0.0,3330.61
19383.88,71.33,94,0.0,3330.61
19383.88,70.75,95,1.2125,3330.61
19383.88,71.35,95,0.0,3330.61
19383.88,70.94,95,0.0,3330.61
19383.88,71.47,95,2.425,3330.61
19383.88,72.82,80,0.0,3330.61
19383.88,73.2,80,1.2125,3330.61
19383.88,73.05,100,0.0,3330.61
19383.88,72.1,100,0.0,3330.61
19383.88,72.06,95,1.2125,3330.61
19383.88,71.64,95,1.2125,3330.61
19383.88,71.65,92,0.0,3330.61
19383.88,71.93,92,0.0,3330.61
19383.88,72.04,95,1.2125,3330.61
19383.88,72.2,95,0.0,3330.61
19383.88,72.23,95,0.0,3330.61
19383.88,70.53,95,0.0,3330.61
19383.88,70.41,93,1.225,3330.61
19383.88,70.19,93,0.0,3330.61
19383.88,71.25,95,0.0,3330.61
19383.88,71.03,95,0.0,3330.61
19383.88,71.89,94,1.225,3330.61
19383.88,71.64,94,0.0,3330.61
19383.88,71.78,95,0.0,3330.61
19383.88,71.66,95,0.0,3330.61
19383.88,71.61,94,1.2125,3330.61
19383.88,71.51,94,0.0,3330.61
19383.88,71.53,95,0.0,3330.61
19383.88,71.52,95,0.0,3330.61
19383.88,71.7,95,2.425,3330.61
19383.88,71.64,94,0.0,3330.61
19383.88,71.88,94,0.0,3330.61
19383.88,71.75,94,1.2125,3330.61
19383.88,71.95,95,0.0,3330.61
19383.88,71.97,95,0.0,3330.61
19383.88,71.95,95,1.2125,3330.61
19383.88,71.85,95,0.0,3330.61
19383.88,71.79,95,0.0,3330.61
19383.88,71.88,94,0.0,3330.61
19383.88,72.01,94,1.2125,3330.61
19383.88,72.09,95,0.0,3330.61
19383.88,72.06,95,0.0,3330.61
19383.88,72.0,95,1.2125,3330.61
19383.88,71.82,95,0.0,3330.61
19383.88,72.18,94,0.0,3330.61
19383.88,72.01,94,1.2,3330.61
19383.88,71.95,95,0.0,3330.61
19383.88,72.05,95,0.0,3330.61
19383.88,72.08,95,1.2125,3330.61
19383.88,72.21,95,0.0,3330.61
19383.88,72.21,95,0.0,3330.61
19383.88,72.25,95,1.2125,3330.61
19383.88,72.31,95,0.0,3330.61
19383.88,72.31,95,0.0,3330.61
19383.88,72.18,95,1.2125,3330.61
19383.88,71.74,95,1.2125,3330.61
19383.88,71.57,95,1.2125,3330.61
19383.88,71.48,83,1.2125,3330.61
19383.88,71.33,83,0.0,3330.61
19383.88,71.63,100,0.0,3330.61
19383.88,71.49,100,1.2125,3330.61
19383.88,71.15,95,0.0,3330.61
19383.88,71.19,95,0.0,3330.61
19383.88,71.5,95,1.2125,3330.61
19383.88,71.37,95,0.0,3330.61
19383.88,71.86,96,0.0,3330.61
19383.88,71.69,96,1.2125,3330.61
19383.88,71.88,96,0.0,3330.61
19383.88,72.28,96,0.0,3330.61
19383.88,72.31,96,1.2125,3330.61
19383.88,71.92,96,0.0,3330.61
19383.88,72.51,96,0.0,3330.61
19383.88,72.2,96,1.2125,3330.61
19383.88,72.1,96,1.2125,3330.61
19383.88,72.11,96,0.0,3330.61
19383.88,72.5,95,0.0,3330.61
19383.88,72.17,95,0.0,3330.61
19383.88,72.25,96,1.225,3330.61
19383.88,71.71,96,0.0,3330.61
19383.88,71.89,91,0.0,3330.61
19383.88,71.99,95,0.0,3330.61
19383.88,72.07,95,1.2125,3330.61
19383.88,72.18,95,0.0,3330.61
19383.88,72.16,95,0.0,3330.61
19383.88,72.06,94,0.0,3330.61
19383.88,72.07,94,1.2125,3330.61
19383.88,71.44,95,0.0,3330.61
19383.88,71.53,95,0.0,3330.61
19383.88,71.09,95,2.4375,3330.61
19383.88,71.65,95,0.0,3330.61
19383.88,71.72,95,0.0,3330.61
19383.88,71.81,95,0.0,3330.61
19383.88,71.93,95,1.225,3330.61
19383.88,71.66,95,0.0,3330.61
19383.88,71.66,94,0.0,3330.61
19383.88,71.58,94,1.2125,3330.61
19383.88,71.38,95,0.0,3330.61
19383.88,71.06,95,0.0,3330.61
19383.88,71.09,93,1.2125,3330.61
19383.88,71.23,93,0.0,3330.61
19383.88,71.22,95,0.0,3330.61
19383.88,71.03,95,1.2125,3330.61
19383.88,71.55,94,0.0,3330.61
19383.88,71.5,94,1.2125,3330.61
19383.88,71.72,94,0.0,3330.61
19383.88,71.72,94,0.0,3330.61
19383.88,71.55,95,0.0,3330.61
19383.88,71.65,95,2.35,3330.61
19383.88,70.57,90,1.225,3330.61
19383.88,71.28,90,0.0,3330.61
19383.88,71.72,82,0.0,3330.61
19383.88,71.72,82,0.0,3330.61
19383.88,71.28,97,1.225,3330.61
19383.88,71.11,97,0.0,3330.61
19383.88,71.13,95,0.0,3330.61
19383.88,71.18,95,1.2125,3330.61
19383.88,71.46,94,1.225,3330.61
19383.88,71.9,94,0.0,3330.61
19383.88,71.31,95,0.0,3330.61
19383.88,73.24,95,0.0,3330.61
19383.88,72.54,95,0.0,3330.61
19383.88,72.26,95,1.225,3330.61
19383.88,71.87,95,0.0,3330.61
19383.88,72.5,95,0.0,3330.61
19383.88,72.37,94,1.225,3330.61
19383.88,72.3,94,0.0,3330.61
19383.88,72.19,95,0.0,3330.61
19383.88,71.62,95,0.0,3330.61
19383.88,71.74,94,1.2125,3330.61
19383.88,71.97,94,0.0,3330.61
19383.88,71.83,95,0.0,3330.61
19383.88,71.58,95,0.0,3330.61
19383.88,71.64,95,1.2125,3330.61
19383.88,71.79,95,0.0,3330.61
19383.88,71.66,95,0.0,3330.61
19383.88,71.77,95,1.2125,3330.61
19383.88,72.06,94,0.0,3330.61
19383.88,71.93,94,0.0,3330.61
19383.88,71.86,95,0.0,3330.61
19383.88,71.84,95,2.4375,3330.61
19383.88,71.83,95,0.0,3330.61
19383.88,71.9,95,0.0,3330.61
19383.88,72.05,95,1.2125,3330.61
19383.88,72.03,95,0.0,3330.61
19383.88,71.83,95,0.0,3330.61
19383.88,71.93,95,1.2,3330.61
19383.88,71.5,93,0.0,3330.61
19383.88,72.15,93,0.0,3330.61
19383.88,72.18,93,1.2125,3330.61
19383.88,72.13,95,0.0,3330.61
19383.88,72.33,95,0.0,3330.61
19383.88,72.51,94,1.2125,3330.61
19383.88,72.69,93,0.0,3330.61
19383.88,72.45,93,0.0,3330.61
19383.88,72.71,95,1.2125,3330.61
19383.88,72.55,95,0.0,3330.61
19383.88,72.5,95,0.0,3330.61
19383.88,72.41,95,0.0,3330.61
19383.88,72.08,94,1.2125,3330.61
19383.88,71.77,94,2.425,3330.61
19383.88,74.12,78,0.0,3330.61
19383.88,73.85,78,0.0,3330.61
19383.88,73.93,100,1.2,3330.61
19383.88,72.29,100,0.0,3330.61
19383.88,72.91,95,0.0,3330.61
19383.88,72.64,95,0.0,3330.61
19383.88,73.18,95,1.2125,3330.61
19383.88,73.17,95,0.0,3330.61
19383.88,73.62,95,1.2125,3330.61
19383.88,73.25,95,0.0,3330.61
19383.88,73.4,95,1.2125,3330.61
19383.88,71.44,95,0.0,3330.61
19383.88,71.32,93,1.2125,3330.61
19383.88,71.05,93,0.0,3330.61
19383.88,72.58,94,0.0,3330.61
19383.88,72.47,94,1.1875,3330.61
19383.88,72.42,95,0.0,3330.61
19383.88,72.44,95,0.0,3330.61
19383.88,72.17,95,1.2125,3330.61
19383.88,71.98,95,0.0,3330.61
19383.88,72.09,95,0.0,3330.61
19383.88,72.3,95,0.0,3330.61
19383.88,72.0,93,1.2375,3330.61
19383.88,72.0,93,0.0,3330.61
19383.88,71.72,94,1.2125,3330.61
19383.88,71.66,94,0.0,3330.61
19383.88,71.5,94,0.0,3330.61
19383.88,71.85,94,1.2125,3330.61
19383.88,71.76,95,0.0,3330.61
19383.88,71.66,95,0.0,3330.61
19383.88,71.83,94,0.0,3330.61
19383.88,71.76,94,1.2125,3330.61
19383.88,71.61,93,0.0,3330.61
19383.88,71.67,93,0.0,3330.61
19383.88,72.05,94,0.0,3330.61
19383.88,72.1,94,1.225,3330.61
19383.88,72.13,95,0.0,3330.61
19383.88,72.02,94,0.0,3330.61
19383.88,71.59,94,2.425,3330.61
19383.88,71.97,94,0.0,3330.61
19383.88,71.5,94,0.0,3330.61
19383.88,71.73,94,0.0,3330.61
19383.88,71.23,94,1.2125,3330.61
19383.88,71.6,94,0.0,3330.61
19383.88,71.4,93,0.0,3330.61
19383.88,71.9,93,1.2125,3330.61
19383.88,72.02,93,0.0,3330.61
19383.88,71.63,94,0.0,3330.61
19383.88,71.81,94,1.2125,3330.61
19383.88,71.71,94,0.0,3330.61
19383.88,71.69,94,0.0,3330.61
19383.88,71.56,93,2.425,3330.61
19383.88,68.25,79,0.0,3330.61
19383.88,68.72,79,1.2125,3330.61
19383.88,68.78,100,0.0,3330.61
19383.88,68.97,100,0.0,3330.61
19383.88,67.88,95,0.0,3330.61
19383.88,67.91,95,1.2125,3330.61
19383.88,68.33,95,0.0,3330.61
19383.88,68.3,95,1.225,3330.61
19383.88,68.62,95,0.0,3330.61
19383.88,68.46,95,1.2125,3330.61
19383.88,68.72,94,0.0,3330.61
19383.88,72.27,94,0.0,3330.61
19383.88,71.88,95,0.0,3330.61
19383.88,71.61,95,1.225,3330.61
19383.88,72.06,93,0.0,3330.61
19383.88,72.03,93,0.0,3330.61
19383.88,71.81,94,1.225,3330.61
19383.88,71.81,94,0.0,3330.61
19383.88,71.67,95,0.0,3330.61
19383.88,71.85,95,0.0,3330.61
19383.88,71.79,95,0.0,3330.61
19383.88,71.55,95,1.225,3330.61
19383.88,70.94,95,0.0,3330.61
19383.88,71.39,95,0.0,3330.61
19383.88,71.61,95,0.0,3330.61
19383.88,71.86,95,1.225,3330.61
19383.88,71.85,95,0.0,3330.61
19383.88,71.89,95,0.0,3330.61
19383.88,71.8,95,0.0,3330.61
19383.88,71.78,95,1.225,3330.61
19383.88,71.74,95,0.0,3330.61
19383.88,71.66,95,0.0,3330.61
19383.88,71.53,95,0.0,3330.61
19383.88,71.62,95,1.225,3330.61
19383.88,71.72,95,0.0,3330.61
19383.88,71.64,95,0.0,3330.61
19383.88,71.97,93,1.225,3330.61
19383.88,71.96,93,0.0,3330.61
19383.88,71.93,95,0.0,3330.61
19383.88,71.95,95,0.0,3330.61
19383.88,71.84,95,1.225,3330.61
19383.88,71.78,95,0.0,3330.61
19383.88,71.7,95,0.0,3330.61
19383.88,71.81,95,0.0,3330.61
19383.88,71.9,94,1.225,3330.61
19383.88,72.07,94,1.2,3330.61
19383.88,71.92,95,0.0,3330.61
19383.88,71.65,95,0.0,3330.61
19383.88,71.45,95,1.2125,3330.61
19383.88,71.6,95,0.0,3330.61
19383.88,71.54,95,0.0,3330.61
19383.88,71.53,95,2.425,3330.61
19383.88,71.53,94,0.0,3330.61
19383.88,73.68,94,0.0,3330.61
19383.88,73.85,79,1.225,3330.61
19383.88,74.15,79,0.0,3330.61
19383.88,73.18,99,0.0,3330.61
19383.88,73.18,94,0.0,3330.61
19383.88,73.44,94,1.225,3330.61
19383.88,73.66,95,0.0,3330.61
19383.88,73.57,95,0.0,3330.61
19383.88,73.45,95,0.0,3330.61
19383.88,73.59,95,1.225,3330.61
19383.88,71.51,93,0.0,3330.61
19383.88,71.43,93,0.0,3330.61
19383.88,70.66,93,1.2125,3330.61
19383.88,71.55,93,0.0,3330.61
19383.88,71.54,95,0.0,3330.61
19383.88,71.33,95,1.225,3330.61
19383.88,71.04,93,0.0,3330.61
19383.88,71.34,93,0.0,3330.61
19383.88,71.04,92,1.2,3330.61
19383.88,71.53,92,0.0,3330.61
19383.88,71.18,95,0.0,3330.61
19383.88,71.36,95,1.2375,3330.61
19383.88,71.08,95,0.0,3330.61
19383.88,71.78,95,1.25,3330.61
19383.88,71.52,95,0.0,3330.61
19383.88,71.86,95,0.0,3330.61
19383.88,71.78,95,1.2375,3330.61
19383.88,71.79,95,0.0,3330.61
19383.88,71.93,95,0.0,3330.61
19383.88,71.84,95,0.0,3330.61
19383.88,71.81,95,1.2375,3330.61
19383.88,71.67,95,0.0,3330.61
19383.88,71.85,94,0.0,3330.61
19383.88,71.88,94,1.2375,3330.61
19383.88,72.11,93,0.0,3330.61
19383.88,72.12,93,0.0,3330.61
19383.88,72.04,93,1.2375,3330.61
19383.88,71.86,93,0.0,3330.61
19383.88,71.99,95,0.0,3330.61
19383.88,71.56,95,0.0,3330.61
19383.88,71.83,95,1.2375,3330.61
19383.88,71.55,95,0.0,3330.61
19383.88,71.89,94,0.0,3330.61
19383.88,71.59,94,1.2375,3330.61
19383.88,71.9,94,0.0,3330.61
19383.88,71.45,95,0.0,3330.61
19383.88,71.86,94,1.2375,3330.61
19383.88,71.64,94,0.0,3330.61
19383.88,71.64,93,0.0,3330.61
19383.88,71.52,93,0.0,3330.61
19383.88,71.94,94,1.25,3330.61
19383.88,71.97,94,1.2375,3330.61
19383.88,72.01,93,0.0,3330.61
19383.88,72.52,93,1.2375,3330.61
19383.88,72.55,84,0.0,3330.61
19383.88,72.55,84,1.2375,3330.61
19383.88,72.1,97,0.0,3330.61
19383.88,72.12,97,1.2375,3330.61
19383.88,72.12,95,0.0,3330.61
19383.88,72.04,95,0.0,3330.61
19383.88,72.49,95,1.2375,3330.61
19383.88,72.09,95,0.0,3330.61
19383.88,72.14,94,0.0,3330.61
19383.88,72.2,94,1.2375,3330.61
19383.88,71.82,94,0.0,3330.61
19383.88,71.82,94,0.0,3330.61
19383.88,71.31,94,1.2125,3330.61
19383.88,72.03,94,0.0,3330.61
19383.88,72.14,92,0.0,3330.61
19383.88,72.2,92,0.0,3330.61
19383.88,72.06,94,1.2125,3330.61
19383.88,72.06,94,0.0,3330.61
19383.88,72.14,94,0.0,3330.61
19383.88,72.15,94,1.2125,3330.61
19383.88,71.93,95,0.0,3330.61
19383.88,71.68,95,0.0,3330.61
19383.88,71.41,95,1.2125,3330.61
19383.88,71.86,95,0.0,3330.61
19383.88,71.99,95,0.0,3330.61
19383.88,71.99,95,1.2125,3330.61
19383.88,71.77,94,0.0,3330.61
19383.88,71.87,94,0.0,3330.61
19383.88,71.83,95,0.0,3330.61
19383.88,71.72,95,1.2125,3330.61
19383.88,71.64,95,0.0,3330.61
19383.88,71.71,95,0.0,3330.61
19383.88,71.68,95,1.2125,3330.61
19383.88,71.9,95,0.0,3330.61
19383.88,71.92,93,0.0,3330.61
19383.88,71.92,93,2.375,3330.61
19383.88,71.54,95,0.0,3330.61
19383.88,71.96,94,0.0,3330.61
19383.88,71.97,94,0.0,3330.61
19383.88,71.79,94,1.2125,3330.61
19383.88,71.82,94,0.0,3330.61
19383.88,71.74,95,0.0,3330.61
19383.88,71.87,95,1.2125,3330.61
19383.88,71.94,95,0.0,3330.61
19383.88,71.95,94,0.0,3330.61
19383.88,71.6,94,1.2125,3330.61
19383.88,71.63,95,0.0,3330.61
19383.88,71.65,95,0.0,3330.61
19383.88,71.38,95,1.2125,3330.61
19383.88,71.48,95,0.0,3330.61
19383.88,73.57,80,2.4375,3330.61
19383.88,73.79,80,0.0,3330.61
19383.88,73.65,100,0.0,3330.61
19383.88,72.85,100,1.2125,3330.61
19383.88,72.79,96,0.0,3330.61
19383.88,73.48,96,0.0,3330.61
19383.88,73.13,95,1.2125,3330.61
19383.88,73.57,95,0.0,3330.61
19383.88,73.52,95,0.0,3330.61
19383.88,73.84,95,1.2125,3330.61
19383.88,73.69,95,1.2125,3330.61
19383.88,71.73,95,0.0,3330.61
19383.88,71.57,95,0.0,3330.61
19383.88,71.4,95,1.2125,3330.61
19383.88,72.05,95,0.0,3330.61
19383.88,72.05,95,0.0,3330.61
19383.88,71.78,93,1.2125,3330.61
19383.88,72.25,93,0.0,3330.61
19383.88,72.24,95,0.0,3330.61
19383.88,72.21,95,1.2125,3330.61
19383.88,72.45,95,0.0,3330.61
19383.88,72.21,95,0.0,3330.61
19383.88,71.98,94,1.2125,3330.61
19383.88,71.97,94,0.0,3330.61
19383.88,72.04,95,0.0,3330.61
19383.88,72.11,95,0.0,3330.61
19383.88,72.03,94,1.2125,3330.61
19383.88,71.94,94,0.0,3330.61
19383.88,71.95,94,0.0,3330.61
19383.88,71.94,94,0.0,3330.61
19383.88,71.66,94,1.2125,3330.61
19383.88,71.58,94,0.0,3330.61
19383.88,71.03,94,0.0,3330.61
19383.88,71.08,94,1.2125,3330.61
19383.88,71.14,93,1.2125,3330.61
19383.88,71.34,93,0.0,3330.61
19383.88,71.15,94,0.0,3330.61
19383.88,71.33,94,0.0,3330.61
19383.88,71.35,95,1.2375,3330.61
19383.88,71.25,95,0.0,3330.61
19383.88,70.92,94,0.0,3330.61
19383.88,71.31,94,0.0,3330.61
19383.88,70.74,94,1.25,3330.61
19383.88,71.54,94,0.0,3330.61
19383.88,71.34,93,0.0,3330.61
19383.88,71.48,93,0.0,3330.61
19383.88,71.3,95,1.25,3330.61
19383.88,72.17,95,0.0,3330.61
19383.88,72.27,95,0.0,3330.61
19383.88,72.12,95,1.25,3330.61
19383.88,72.11,95,0.0,3330.61
19383.88,71.9,95,0.0,3330.61
19383.88,71.8,95,2.4875,3330.61
19383.88,69.74,95,0.0,3330.61
19383.88,70.0,81,1.25,3330.61
19383.88,70.26,81,0.0,3330.61
19383.88,70.42,100,1.2375,3330.61
19383.88,69.96,100,0.0,3330.61
19383.88,68.93,92,1.2375,3330.61
19383.88,69.03,95,0.0,3330.61
19383.88,69.33,95,0.0,3330.61
19383.88,69.4,95,1.2375,3330.61
19383.88,69.43,95,0.0,3330.61
19383.88,69.53,94,0.0,3330.61
19383.88,71.83,94,1.25,3330.61
19383.88,71.76,94,0.0,3330.61
19383.88,71.47,94,0.0,3330.61
19383.88,71.54,94,1.2375,3330.61
19383.88,72.27,94,0.0,3330.61
19383.88,72.59,94,0.0,3330.61
19383.88,72.56,94,0.0,3330.61
19383.88,72.51,95,1.25,3330.61
19383.88,72.4,95,0.0,3330.61
19383.88,72.57,94,0.0,3330.61
19383.88,72.64,94,1.25,3330.61
19383.88,72.45,95,0.0,3330.61
19383.88,72.05,95,0.0,3330.61
19383.88,71.92,95,0.0,3330.61
19383.88,71.57,95,1.25,3330.61
19383.88,72.2,93,0.0,3330.61
19383.88,72.14,93,0.0,3330.61
19383.88,72.06,95,1.2125,3330.61
19383.88,72.12,95,0.0,3330.61
19383.88,71.99,95,0.0,3330.61
19383.88,71.91,95,0.0,3330.61
19383.88,71.79,93,1.225,3330.61
19383.88,72.02,93,0.0,3330.61
19383.88,72.16,94,0.0,3330.61
19383.88,72.25,94,1.2,3330.61
19383.88,72.25,95,0.0,3330.61
19383.88,72.15,95,0.0,3330.61
19383.88,71.69,95,1.2125,3330.61
19383.88,71.98,95,0.0,3330.61
19383.88,72.02,95,1.2125,3330.61
19383.88,71.77,95,0.0,3330.61
19383.88,71.81,94,1.2125,3330.61
19383.88,71.93,94,0.0,3330.61
19383.88,71.98,94,0.0,3330.61
19383.88,71.73,94,1.2125,3330.61
19383.88,71.86,94,0.0,3330.61
19383.88,71.92,94,0.0,3330.61
19383.88,71.85,95,1.2125,3330.61
19383.88,71.83,95,0.0,3330.61
19383.88,71.6,95,0.0,3330.61
19383.88,71.12,95,1.2125,3330.61
19383.88,71.41,95,1.2125,3330.61
19383.88,73.45,95,1.2,3330.61
19383.88,73.61,82,0.0,3330.61
19383.88,73.48,82,0.0,3330.61
19383.88,72.88,98,1.2125,3330.61
19383.88,72.84,98,0.0,3330.61
19383.88,73.2,95,0.0,3330.61
19383.88,72.83,95,1.225,3330.61
19383.88,73.34,95,0.0,3330.61
19383.88,73.3,95,0.0,3330.61
19383.88,73.6,95,1.2125,3330.61
19383.88,73.77,95,1.2125,3330.61
19383.88,71.69,95,0.0,3330.61
19383.88,71.44,94,0.0,3330.61
19383.88,71.42,94,0.0,3330.61
19383.88,72.29,94,1.2125,3330.61
19383.88,71.96,94,0.0,3330.61
19383.88,71.92,95,0.0,3330.61
19383.88,72.25,95,1.2125,3330.61
19383.88,72.13,95,0.0,3330.61
19383.88,72.25,95,0.0,3330.61
19383.88,72.07,95,0.0,3330.61
19383.88,71.96,95,1.2125,3330.61
19383.88,72.17,95,0.0,3330.61
19383.88,72.17,95,0.0,3330.61
19383.88,72.45,95,1.2125,3330.61
19383.88,72.51,95,0.0,3330.61
19383.88,72.52,95,0.0,3330.61
19383.88,72.47,95,2.4,3330.61
19383.88,72.38,94,0.0,3330.61
19383.88,72.35,93,0.0,3330.61
19383.88,72.14,93,1.2125,3330.61
19383.88,72.11,95,0.0,3330.61
19383.88,72.04,95,0.0,3330.61
19383.88,71.92,95,1.2125,3330.61
19383.88,71.88,95,0.0,3330.61
19383.88,72.15,95,0.0,3330.61
19383.88,71.69,93,1.2125,3330.61
19383.88,71.87,94,0.0,3330.61
19383.88,71.84,94,0.0,3330.61
19383.88,71.63,95,0.0,3330.61
19383.88,71.62,95,1.2125,3330.61
19383.88,71.68,95,0.0,3330.61
19383.88,71.65,95,0.0,3330.61
19383.88,71.71,95,1.2125,3330.61
19383.88,71.88,95,0.0,3330.61
19383.88,71.79,95,0.0,3330.61
19383.88,71.79,95,1.2125,3330.61
19383.88,72.16,95,0.0,3330.61
19383.88,71.59,95,0.0,3330.61
19383.88,71.59,95,1.2125,3330.61
19383.88,71.65,95,1.2125,3330.61
19383.88,68.15,80,1.225,3330.61
19383.88,68.56,80,0.0,3330.61
19383.88,68.59,96,0.0,3330.61
19383.88,68.95,96,0.0,3330.61
19383.88,68.87,100,0.0,3330.61
19383.88,68.84,100,1.225,3330.61
19383.88,67.78,98,0.0,3330.61
19383.88,67.28,98,0.0,3330.61
19383.88,67.93,95,0.0,3330.61
19383.88,67.43,95,1.2125,3330.61
19383.88,68.0,95,0.0,3330.61
19383.88,71.29,95,1.2,3330.61
19383.88,71.31,95,0.0,3330.61
19383.88,71.38,95,0.0,3330.61
19383.88,70.94,95,1.2125,3330.61
19383.88,70.93,95,0.0,3330.61
19383.88,71.54,95,0.0,3330.61
19383.88,71.91,95,1.2,3330.61
19383.88,71.39,95,1.2125,3330.61
19383.88,71.96,95,0.0,3330.61
19383.88,71.61,95,1.2125,3330.61
19383.88,71.89,95,0.0,3330.61
19383.88,71.7,95,0.0,3330.61
19383.88,71.85,95,1.2125,3330.61
19383.88,71.53,95,0.0,3330.61
19383.88,71.79,95,0.0,3330.61
19383.88,71.58,95,0.0,3330.61
19383.88,71.97,95,0.0,3330.61
19383.88,71.69,95,1.25,3330.61
19383.88,71.96,95,0.0,3330.61
19383.88,71.75,95,0.0,3330.61
19383.88,71.99,95,0.0,3330.61
19383.88,71.75,95,1.25,3330.61
19383.88,71.76,95,0.0,3330.61
19383.88,71.43,95,0.0,3330.61
19383.88,71.43,95,1.25,3330.61
19383.88,71.55,95,0.0,3330.61
19383.88,71.38,95,0.0,3330.61
19383.88,71.67,95,0.0,3330.61
19383.88,71.5,95,1.25,3330.61
19383.88,71.75,95,0.0,3330.61
19383.88,71.62,95,0.0,3330.61
19383.88,71.75,96,1.2375,3330.61
19383.88,71.56,96,1.2375,3330.61
19383.88,71.72,93,0.0,3330.61
19383.88,71.51,95,0.0,3330.61
19383.88,71.74,95,1.2375,3330.61
19383.88,71.56,95,0.0,3330.61
19383.88,71.9,95,0.0,3330.61
19383.88,71.73,94,0.0,3330.61
19383.88,71.94,94,1.2375,3330.61
19383.88,71.82,95,0.0,3330.61
19383.88,71.98,95,0.0,3330.61
19383.88,71.83,94,0.0,3330.61
19383.88,71.97,94,1.25,3330.61
19383.88,71.67,95,2.4875,3330.61
19383.88,71.94,95,0.0,3330.61
19383.88,70.42,77,0.0,3330.61
19383.88,70.74,77,0.0,3330.61
19383.88,70.73,100,1.25,3330.61
19383.88,70.99,100,0.0,3330.61
19383.88,70.96,100,0.0,3330.61
19383.88,69.89,100,0.0,3330.61
19383.88,70.11,95,1.25,3330.61
19383.88,69.81,95,0.0,3330.61
19383.88,69.99,95,0.0,3330.61
19383.88,69.71,95,1.25,3330.61
19383.88,71.45,95,0.0,3330.61
19383.88,71.35,95,0.0,3330.61
19383.88,71.5,95,1.225,3330.61
19383.88,71.28,95,1.2125,3330.61
19383.88,71.22,95,0.0,3330.61
19383.88,70.72,95,0.0,3330.61
19383.88,71.71,95,1.2125,3330.61
19383.88,71.27,95,0.0,3330.61
19383.88,71.57,95,0.0,3330.61
19383.88,71.5,95,1.225,3330.61
19383.88,71.9,95,0.0,3330.61
19383.88,71.67,95,0.0,3330.61
19383.88,71.84,95,0.0,3330.61
19383.88,71.36,95,1.2125,3330.61
19383.88,71.52,94,0.0,3330.61
19383.88,71.09,94,0.0,3330.61
19383.88,71.6,94,1.2125,3330.61
19383.88,71.2,94,0.0,3330.61
19383.88,71.61,94,0.0,3330.61
19383.88,71.27,94,0.0,3330.61
19383.88,71.72,94,1.1625,3330.61
19383.88,71.52,94,0.0,3330.61
19383.88,71.69,95,1.2125,3330.61
19383.88,71.31,95,0.0,3330.61
19383.88,71.13,95,0.0,3330.61
19383.88,71.65,95,0.0,3330.61
19383.88,71.28,95,1.2125,3330.61
19383.88,71.76,95,0.0,3330.61
19383.88,71.76,95,0.0,3330.61
19383.88,71.53,95,1.225,3330.61
19383.88,71.93,95,0.0,3330.61
19383.88,71.72,95,0.0,3330.61
19383.88,71.33,95,0.0,3330.61
19383.88,71.57,95,1.2,3330.61
19383.88,71.3,96,1.2125,3330.61
19383.88,71.61,96,0.0,3330.61
19383.88,71.4,95,0.0,3330.61
19383.88,71.75,95,1.2125,3330.61
19383.88,71.56,95,0.0,3330.61
19383.88,71.76,95,0.0,3330.61
19383.88,71.54,96,0.0,3330.61
19383.88,71.59,96,1.2125,3330.61
19383.88,71.34,96,0.0,3330.61
19383.88,71.42,96,0.0,3330.61
19383.88,71.23,86,2.425,3330.61
19383.88,72.59,86,0.0,3330.61
19383.88,72.56,86,0.0,3330.61
19383.88,72.56,100,0.0,3330.61
19383.88,71.37,95,1.2125,3330.61
19383.88,71.3,95,0.0,3330.61
19383.88,71.47,95,0.0,3330.61
19383.88,71.52,95,1.2125,3330.61
19383.88,71.96,95,0.0,3330.61
19383.88,72.44,95,1.225,3330.61
19383.88,72.92,95,0.0,3330.61
19383.88,71.92,96,1.225,3330.61
19383.88,71.95,96,0.0,3330.61
19383.88,71.76,96,0.0,3330.61
19383.88,72.54,96,0.0,3330.61
19383.88,72.81,96,0.0,3330.61
19383.88,72.44,96,0.0,3330.61
19383.88,72.62,96,1.225,3330.61
19383.88,72.09,97,0.0,3330.61
19383.88,71.88,97,0.0,3330.61
19383.88,72.26,96,0.0,3330.61
19383.88,71.88,96,1.2125,3330.61
19383.88,71.78,97,0.0,3330.61
19383.88,71.63,97,0.0,3330.61
19383.88,71.79,95,0.0,3330.61
19383.88,72.04,95,1.2125,3330.61
19383.88,72.03,95,0.0,3330.61
19383.88,71.95,95,0.0,3330.61
19383.88,72.18,94,0.0,3330.61
19383.88,72.61,94,1.25,3330.61
19383.88,72.38,94,0.0,3330.61
19383.88,72.17,94,0.0,3330.61
19383.88,71.93,95,1.2375,3330.61
19383.88,71.95,95,0.0,3330.61
19383.88,71.99,95,0.0,3330.61
19383.88,72.14,95,1.2375,3330.61
19383.88,72.18,95,0.0,3330.61
19383.88,72.14,95,0.0,3330.61
19383.88,72.35,95,0.0,3330.61
19383.88,71.86,95,1.2375,3330.61
19383.88,71.78,95,0.0,3330.61
19383.88,71.73,95,0.0,3330.61
19383.88,71.64,95,1.2375,3330.61
19383.88,71.84,95,1.2375,3330.61
19383.88,71.94,96,0.0,3330.61
19383.88,71.85,96,0.0,3330.61
19383.88,71.8,96,1.2375,3330.61
19383.88,71.64,95,0.0,3330.61
19383.88,71.9,95,0.0,3330.61
19383.88,71.9,94,1.25,3330.61
19383.88,72.17,95,0.0,3330.61
19383.88,71.99,95,0.0,3330.61
19383.88,71.83,95,1.2375,3330.61
19383.88,74.06,95,1.25,3330.61
19383.88,74.06,82,0.0,3330.61
19383.88,74.22,82,0.0,3330.61
19383.88,73.28,97,1.25,3330.61
19383.88,73.28,97,0.0,3330.61
19383.88,73.67,95,0.0,3330.61
19383.88,73.39,95,1.25,3330.61
19383.88,73.39,95,0.0,3330.61
19383.88,73.31,95,0.0,3330.61
19383.88,73.81,95,1.25,3330.61
19383.88,73.8,95,0.0,3330.61
19383.88,71.43,95,0.0,3330.61
19383.88,71.3,95,0.0,3330.61
19383.88,70.98,95,1.25,3330.61
19383.88,71.97,95,0.0,3330.61
19383.88,71.9,95,0.0,3330.61
19383.88,71.85,95,0.0,3330.61
19383.88,71.73,94,1.2375,3330.61
19383.88,71.62,94,0.0,3330.61
19383.88,71.66,95,0.0,3330.61
19383.88,71.98,95,0.0,3330.61
19383.88,71.96,94,1.225,3330.61
19383.88,71.88,94,0.0,3330.61
19383.88,71.89,95,0.0,3330.61
19383.88,71.86,95,1.225,3330.61
19383.88,72.14,95,1.225,3330.61
19383.88,72.32,95,0.0,3330.61
19383.88,72.19,95,0.0,3330.61
19383.88,72.38,95,0.0,3330.61
19383.88,72.08,95,1.225,3330.61
19383.88,71.92,95,0.0,3330.61
19383.88,71.83,95,0.0,3330.61
19383.88,71.63,95,0.0,3330.61
19383.88,71.53,95,0.0,3330.61
19383.88,71.55,95,1.225,3330.61
19383.88,71.81,95,0.0,3330.61
19383.88,71.76,95,0.0,3330.61
19383.88,71.86,95,0.0,3330.61
19383.88,71.63,95,1.225,3330.61
19383.88,71.77,95,0.0,3330.61
19383.88,71.79,95,0.0,3330.61
19383.88,71.74,95,0.0,3330.61
19383.88,71.72,95,1.2125,3330.61
19383.88,71.86,93,0.0,3330.61
19383.88,71.98,93,0.0,3330.61
19383.88,71.99,94,1.2125,3330.61
19383.88,71.98,94,0.0,3330.61
19383.88,71.98,95,0.0,3330.61
19383.88,71.9,95,1.2125,3330.61
19383.88,71.91,95,0.0,3330.61
19383.88,71.75,95,0.0,3330.61
19383.88,71.82,95,2.45,3330.61
19383.88,72.18,95,0.0,3330.61
19383.88,72.24,77,0.0,3330.61
19383.88,72.44,100,0.0,3330.61
19383.88,72.33,100,2.4375,3330.61
19383.88,72.33,100,0.0,3330.61
19383.88,72.22,100,0.0,3330.61
19383.88,71.27,100,0.0,3330.61
19383.88,71.86,98,1.225,3330.61
19383.88,71.85,94,0.0,3330.61
19383.88,72.39,94,0.0,3330.61
19383.88,72.55,95,0.0,3330.61
19383.88,72.61,95,0.0,3330.61
19383.88,72.85,95,1.225,3330.61
19383.88,72.73,95,0.0,3330.61
19383.88,72.91,95,0.0,3330.61
19383.88,72.64,96,0.0,3330.61
19383.88,72.61,96,1.225,3330.61
19383.88,73.07,95,0.0,3330.61
19383.88,72.86,95,0.0,3330.61
19383.88,72.41,95,1.2,3330.61
19383.88,72.32,95,0.0,3330.61
19383.88,72.01,96,0.0,3330.61
19383.88,71.98,96,0.0,3330.61
19383.88,71.71,97,1.225,3330.61
19383.88,71.37,97,0.0,3330.61
19383.88,71.62,97,0.0,3330.61
19383.88,71.51,97,0.0,3330.61
19383.88,71.83,96,1.2,3330.61
19383.88,71.47,96,0.0,3330.61
19383.88,71.83,95,0.0,3330.61
19383.88,71.73,95,0.0,3330.61
19383.88,71.91,95,1.2125,3330.61
19383.88,71.55,95,1.2125,3330.61
19383.88,71.64,95,0.0,3330.61
19383.88,71.41,95,0.0,3330.61
19383.88,71.52,95,0.0,3330.61
19383.88,71.38,95,1.225,3330.61
19383.88,71.58,95,0.0,3330.61
19383.88,71.52,95,0.0,3330.61
19383.88,71.81,95,1.2,3330.61
19383.88,71.59,95,0.0,3330.61
19383.88,71.73,95,0.0,3330.61
19383.88,71.47,95,1.2125,3330.61
19383.88,71.64,95,0.0,3330.61
19383.88,71.49,95,0.0,3330.61
19383.88,71.65,96,0.0,3330.61
19383.88,71.5,96,1.2125,3330.61
19383.88,71.8,95,0.0,3330.61
19383.88,71.73,95,0.0,3330.61
19383.88,71.95,96,1.225,3330.61
19383.88,71.82,96,0.0,3330.61
19383.88,71.96,96,0.0,3330.61
19383.88,71.64,96,0.0,3330.61
19383.88,71.76,95,1.2125,3330.61
19383.88,71.5,95,0.0,3330.61
19383.88,71.53,95,2.425,3330.61
19383.88,72.53,95,0.0,3330.61
19383.88,72.86,81,0.0,3330.61
19383.88,72.75,81,1.2125,3330.61
19383.88,72.78,100,1.2125,3330.61
19383.88,72.82,100,0.0,3330.61
19383.88,73.04,100,0.0,3330.61
19383.88,71.8,100,1.2125,3330.61
19383.88,71.95,96,0.0,3330.61
19383.88,71.98,96,0.0,3330.61
19383.88,72.06,96,1.2125,3330.61
19383.88,72.23,96,0.0,3330.61
19383.88,71.39,96,0.0,3330.61
19383.88,71.24,96,0.0,3330.61
19383.88,71.44,96,1.1875,3330.61
19383.88,71.45,96,0.0,3330.61
19383.88,71.29,96,0.0,3330.61
19383.88,72.26,97,1.225,3330.61
19383.88,72.34,97,0.0,3330.61
19383.88,72.11,97,0.0,3330.61
19383.88,72.45,97,0.0,3330.61
19383.88,72.32,96,0.0,3330.61
19383.88,72.38,96,1.225,3330.61
19383.88,72.36,96,0.0,3330.61
19383.88,72.34,96,0.0,3330.61
19383.88,72.15,97,0.0,3330.61
19383.88,72.14,97,0.0,3330.61
19383.88,71.98,95,1.225,3330.61
19383.88,71.9,95,0.0,3330.61
19383.88,71.6,95,0.0,3330.61
19383.88,71.86,95,0.0,3330.61
19383.88,71.52,95,1.225,3330.61
19383.88,71.72,95,0.0,3330.61
19383.88,71.37,95,1.225,3330.61
19383.88,71.62,95,0.0,3330.61
19383.88,71.43,94,0.0,3330.61
19383.88,71.23,94,0.0,3330.61
19383.88,71.63,95,1.225,3330.61
19383.88,71.29,95,0.0,3330.61
19383.88,71.65,95,0.0,3330.61
19383.88,71.65,95,0.0,3330.61
19383.88,71.38,95,1.225,3330.61
19383.88,71.69,95,0.0,3330.61
19383.88,71.46,94,0.0,3330.61
19383.88,71.71,94,0.0,3330.61
19383.88,71.67,95,1.225,3330.61
19383.88,71.43,95,0.0,3330.61
19383.88,71.81,95,0.0,3330.61
19383.88,71.56,95,0.0,3330.61
19383.88,71.97,96,1.225,3330.61
19383.88,71.61,96,0.0,3330.61
19383.88,71.92,95,0.0,3330.61
19383.88,71.55,95,0.0,3330.61
19383.88,71.72,95,0.0,3330.61
19383.88,71.2,93,1.225,3330.61
19383.88,71.55,93,0.0,3330.61
19383.88,71.99,82,1.1125,3330.61
19383.88,72.21,82,1.25,3330.61
19383.88,72.14,100,0.0,3330.61
19383.88,71.12,100,0.0,3330.61
19383.88,71.04,96,0.0,3330.61
19383.88,71.14,96,0.0,3330.61
19383.88,71.27,95,2.475,3330.61
19383.88,71.58,95,0.0,3330.61
19383.88,71.66,96,0.0,3330.61
19383.88,72.02,96,0.0,3330.61
19383.88,71.93,94,1.225,3330.61
19383.88,71.57,94,0.0,3330.61
19383.88,71.35,96,0.0,3330.61
19383.88,71.19,96,0.0,3330.61
19383.88,72.05,95,1.2125,3330.61
19383.88,72.13,95,0.0,3330.61
19383.88,72.18,96,0.0,3330.61
19383.88,72.23,96,0.0,3330.61
19383.88,72.32,96,1.225,3330.61
19383.88,71.86,96,0.0,3330.61
19383.88,72.13,96,0.0,3330.61
19383.88,71.93,96,0.0,3330.61
19383.88,71.73,95,0.0,3330.61
19383.88,71.62,95,1.225,3330.61
19383.88,71.67,95,0.0,3330.61
19383.88,71.81,94,0.0,3330.61
19383.88,72.15,94,1.2,3330.61
19383.88,72.47,95,0.0,3330.61
19383.88,71.85,95,1.2125,3330.61
19383.88,71.79,95,0.0,3330.61
19383.88,71.99,95,1.225,3330.61
19383.88,71.87,95,0.0,3330.61
19383.88,72.16,95,0.0,3330.61
19383.88,72.16,95,0.0,3330.61
19383.88,71.89,95,1.225,3330.61
19383.88,72.04,96,0.0,3330.61
19383.88,71.85,96,0.0,3330.61
19383.88,71.67,96,0.0,3330.61
19383.88,71.86,96,0.0,3330.61
19383.88,71.92,95,1.2125,3330.61
19383.88,71.94,95,0.0,3330.61
19383.88,71.9,95,0.0,3330.61
19383.88,71.96,95,1.225,3330.61
19383.88,72.06,95,0.0,3330.61
19383.88,72.42,95,0.0,3330.61
19383.88,72.2,96,0.0,3330.61
19383.88,72.09,96,1.225,3330.61
19383.88,72.22,95,0.0,3330.61
19383.88,72.28,95,0.0,3330.61
19383.88,72.39,95,0.0,3330.61
19383.88,72.24,95,1.225,3330.61
19383.88,72.19,96,1.225,3330.61
19383.88,71.74,96,0.0,3330.61
19383.88,71.81,83,0.0,3330.61
19383.88,71.7,83,1.225,3330.61
19383.88,71.53,100,0.0,3330.61
19383.88,71.74,100,0.0,3330.61
19383.88,71.6,100,0.0,3330.61
19383.88,71.37,100,1.225,3330.61
19383.88,71.42,95,1.225,3330.61
19383.88,71.52,95,0.0,3330.61
19383.88,71.37,96,0.0,3330.61
19383.88,71.52,96,0.0,3330.61
19383.88,72.03,95,1.225,3330.61
19383.88,71.98,95,0.0,3330.61
19383.88,72.01,96,0.0,3330.61
19383.88,71.9,96,0.0,3330.61
19383.88,71.81,95,0.0,3330.61
19383.88,71.81,95,1.225,3330.61
19383.88,72.55,95,0.0,3330.61
19383.88,72.52,95,0.0,3330.61
19383.88,72.48,95,0.0,3330.61
19383.88,72.73,95,1.225,3330.61
19383.88,72.5,95,0.0,3330.61
19383.88,72.56,95,0.0,3330.61
19383.88,72.6,95,0.0,3330.61
19383.88,72.86,95,1.2125,3330.61
19383.88,72.61,93,0.0,3330.61
19383.88,72.79,93,0.0,3330.61
19383.88,72.44,95,0.0,3330.61
19383.88,72.35,95,1.2125,3330.61
19383.88,72.01,94,0.0,3330.61
19383.88,72.16,94,0.0,3330.61
19383.88,71.78,95,1.2125,3330.61
19383.88,72.14,95,1.2125,3330.61
19383.88,71.68,95,0.0,3330.61
19383.88,71.9,95,0.0,3330.61
19383.88,71.25,95,1.2375,3330.61
19383.88,71.76,95,0.0,3330.61
19383.88,71.32,95,0.0,3330.61
19383.88,71.81,95,1.2125,3330.61
19383.88,71.25,95,0.0,3330.61
19383.88,71.55,95,0.0,3330.61
19383.88,71.18,95,0.0,3330.61
19383.88,70.36,93,1.2125,3330.61
19383.88,70.86,93,0.0,3330.61
19383.88,70.27,94,0.0,3330.61
19383.88,70.79,94,0.0,3330.61
19383.88,70.53,95,1.2125,3330.61
19383.88,71.13,95,0.0,3330.61
19383.88,70.63,94,0.0,3330.61
19383.88,71.02,94,1.2125,3330.61
19383.88,70.63,94,0.0,3330.61
19383.88,70.87,94,0.0,3330.61
19383.88,70.35,94,1.2125,3330.61
19383.88,71.56,95,0.0,3330.61
19383.88,71.01,95,2.425,3330.61
19383.88,68.38,83,1.2125,3330.61
19383.88,68.32,83,0.0,3330.61
19383.88,68.46,99,0.0,3330.61
19383.88,67.58,99,1.2125,3330.61
19383.88,67.26,95,0.0,3330.61
19383.88,67.84,95,0.0,3330.61
19383.88,67.88,95,0.0,3330.61
19383.88,68.44,95,1.2125,3330.61
19383.88,67.91,95,0.0,3330.61
19383.88,68.36,95,0.0,3330.61
19383.88,71.72,95,1.2125,3330.61
19383.88,71.38,95,0.0,3330.61
19383.88,71.38,95,0.0,3330.61
19383.88,71.77,95,0.0,3330.61
19383.88,71.95,95,1.2125,3330.61
19383.88,72.04,95,0.0,3330.61
19383.88,71.86,96,0.0,3330.61
19383.88,71.68,96,1.2125,3330.61
19383.88,71.63,95,0.0,3330.61
19383.88,72.1,95,0.0,3330.61
19383.88,71.98,96,1.2125,3330.61
19383.88,71.91,96,0.0,3330.61
19383.88,71.43,93,0.0,3330.61
19383.88,71.53,93,1.2125,3330.61
19383.88,71.9,95,0.0,3330.61
19383.88,71.89,95,0.0,3330.61
19383.88,71.92,95,0.0,3330.61
19383.88,71.81,95,1.2125,3330.61
19383.88,71.64,95,0.0,3330.61
19383.88,71.68,95,0.0,3330.61
19383.88,71.67,95,0.0,3330.61
19383.88,71.73,95,1.25,3330.61
19383.88,71.69,94,1.25,3330.73
19383.88,72.11,94,0.0,3330.73
19383.88,72.22,94,0.0,3330.73
19383.88,72.27,94,1.2375,3330.73
19383.88,72.3,95,0.0,3330.73
19383.88,72.2,95,0.0,3330.73
19383.88,72.17,95,1.2375,3330.73
19383.88,72.3,95,0.0,3330.73
19383.88,72.11,95,0.0,3330.73
19383.88,71.71,95,1.2375,3330.73
19383.88,71.83,94,0.0,3330.73
19383.88,71.79,94,0.0,3330.73
19383.88,71.89,95,1.2375,3330.73
19383.88,72.03,95,0.0,3330.73
19383.88,71.96,95,0.0,3330.73
19383.88,71.92,95,1.2375,3330.73
19383.88,71.8,95,0.0,3330.73
19383.88,71.89,95,0.0,3330.73
19383.88,71.87,93,1.25,3330.73
19383.88,71.83,93,1.25,3330.73
19383.88,69.56,87,1.25,3330.73
19383.88,69.91,87,0.0,3330.73
19383.88,69.78,90,0.0,3330.73
19383.88,70.27,90,1.25,3330.73
19383.88,69.48,96,0.0,3330.73
19383.88,69.86,96,0.0,3330.73
19383.88,69.55,94,0.0,3330.73
19383.88,70.02,94,1.2375,3330.73
19383.88,69.9,95,0.0,3330.73
19383.88,70.05,95,0.0,3330.73
19383.88,70.18,96,1.2375,3330.73
19383.88,72.44,95,0.0,3330.73
19383.88,72.12,95,0.0,3330.73
19383.88,71.61,94,1.25,3330.73
19383.88,71.32,94,0.0,3330.73
19383.88,71.52,94,0.0,3330.73
19383.88,71.56,94,1.25,3330.73
19383.88,71.74,93,0.0,3330.73
19383.88,71.58,93,0.0,3330.73
19383.88,71.69,94,1.2375,3330.73
19383.88,71.47,94,0.0,3330.73
19383.88,71.73,95,1.2125,3330.73
19383.88,71.26,95,0.0,3330.73
19383.88,72.13,94,1.2125,3330.73
19383.88,72.39,94,0.0,3330.73
19383.88,72.94,93,0.0,3330.73
19383.88,73.0,93,1.2125,3330.73
19383.88,72.87,95,0.0,3330.73
19383.88,72.73,95,0.0,3330.73
19383.88,72.62,95,1.2125,3330.73
19383.88,72.61,95,0.0,3330.73
19383.88,72.41,95,0.0,3330.73
19383.88,72.38,95,0.0,3330.73
19383.88,72.45,93,1.2125,3330.73
19383.88,72.34,93,0.0,3330.73
19383.88,72.08,94,0.0,3330.73
19383.88,71.93,94,1.2125,3330.73
19383.88,71.53,94,0.0,3330.73
19383.88,71.74,94,0.0,3330.73
19383.88,71.92,95,1.2125,3330.73
19383.88,71.93,95,0.0,3330.73
19383.88,71.94,94,1.2125,3330.73
19383.88,71.83,94,0.0,3330.73
19383.88,71.99,95,0.0,3330.73
19383.88,72.11,95,1.2125,3330.73
19383.88,72.1,95,0.0,3330.73
19383.88,72.09,95,0.0,3330.73
19383.88,71.92,95,1.2125,3330.73
19383.88,71.72,95,1.2125,3330.73
19383.88,71.72,94,0.0,3330.73
19383.88,71.47,94,0.0,3330.73
19383.88,72.01,93,2.4125,3330.73
19383.88,71.96,93,1.2,3330.73
19383.88,73.98,80,0.0,3330.73
19383.88,73.98,80,0.0,3330.73
19383.88,74.18,100,0.0,3330.73
19383.88,72.75,100,1.225,3330.73
19383.88,73.02,96,0.0,3330.73
19383.88,73.58,96,0.0,3330.73
19383.88,73.58,95,1.2125,3330.73
19383.88,73.53,95,0.0,3330.73
19383.88,73.05,95,0.0,3330.73
19383.88,73.09,95,0.0,3330.73
19383.88,73.09,95,1.2125,3330.73
19383.88,71.15,95,0.0,3330.73
19383.88,70.97,94,0.0,3330.73
19383.88,71.9,94,1.2125,3330.73
19383.88,71.84,95,1.2125,3330.73
19383.88,71.89,92,0.0,3330.73
19383.88,71.94,92,0.0,3330.73
19383.88,71.71,95,1.225,3330.73
19383.88,71.89,95,0.0,3330.73
19383.88,71.96,95,0.0,3330.73
19383.88,71.9,95,0.0,3330.73
19383.88,71.35,95,0.0,3330.73
19383.88,71.74,95,0.0,3330.73
19383.88,71.79,95,1.225,3330.73
19383.88,71.91,95,0.0,3330.73
19383.88,72.02,95,0.0,3330.73
19383.88,71.67,95,1.2125,3330.73
19383.88,71.64,92,1.2125,3330.73
19383.88,71.76,92,0.0,3330.73
19383.88,71.89,94,0.0,3330.73
19383.88,71.76,94,1.2125,3330.73
19383.88,71.7,95,0.0,3330.73
19383.88,71.75,95,1.225,3330.73
19383.88,71.7,95,0.0,3330.73
19383.88,71.48,95,0.0,3330.73
19383.88,71.79,95,0.0,3330.73
19383.88,71.74,94,1.2125,3330.73
19383.88,72.08,94,0.0,3330.73
19383.88,72.07,95,0.0,3330.73
19383.88,72.09,95,1.225,3330.73
19383.88,71.89,94,0.0,3330.73
19383.88,71.86,94,0.0,3330.73
19383.88,71.81,95,0.0,3330.73
19383.88,71.88,95,1.2125,3330.73
19383.88,72.05,95,0.0,3330.73
19383.88,72.06,95,0.0,3330.73
19383.88,71.87,95,0.0,3330.73
19383.88,72.17,95,1.2125,3330.73
19383.88,72.31,94,0.0,3330.73
19383.88,72.19,94,0.0,3330.73
19383.88,72.15,94,2.4875,3330.73
19383.88,70.19,94,0.0,3330.73
19383.88,70.3,78,1.2375,3330.73
19383.88,70.5,78,0.0,3330.73
19383.88,69.34,98,0.0,3330.73
19383.88,69.53,98,0.0,3330.73
19383.88,69.46,95,1.2375,3330.73
19383.88,69.6,95,0.0,3330.73
19383.88,69.39,95,0.0,3330.73
19383.88,68.99,95,1.25,3330.73
19383.88,69.19,95,0.0,3330.73
19383.88,68.97,95,0.0,3330.73
19383.88,71.33,95,1.25,3330.73
19383.88,71.05,95,0.0,3330.73
19383.88,70.99,95,0.0,3330.73
19383.88,71.87,95,1.25,3330.73
19383.88,72.06,95,1.25,3330.73
19383.88,71.94,95,0.0,3330.73
19383.88,71.94,94,0.0,3330.73
19383.88,72.06,94,1.25,3330.73
19383.88,71.81,94,0.0,3330.73
19383.88,71.94,94,0.0,3330.73
19383.88,71.85,95,0.0,3330.73
19383.88,71.74,95,1.25,3330.73
19383.88,71.75,96,0.0,3330.73
19383.88,71.84,96,0.0,3330.73
19383.88,72.01,96,1.25,3330.73
19383.88,71.96,96,0.0,3330.73
19383.88,72.22,96,0.0,3330.73
19383.88,71.97,96,0.0,3330.73
19383.88,71.89,97,1.25,3330.73
19383.88,72.05,97,0.0,3330.73
19383.88,71.99,96,0.0,3330.73
19383.88,71.99,96,1.25,3330.73
19383.88,72.18,96,0.0,3330.73
19383.88,71.34,95,0.0,3330.73
19383.88,71.71,95,0.0,3330.73
19383.88,71.46,95,1.25,3330.73
19383.88,71.65,95,0.0,3330.73
19383.88,71.5,95,0.0,3330.73
19383.88,71.42,95,0.0,3330.73
19383.88,71.32,95,1.2375,3330.73
19383.88,70.88,94,0.0,3330.73
19383.88,70.66,94,0.0,3330.73
19383.88,70.52,94,0.0,3330.73
19383.88,71.79,94,1.225,3330.73
19383.88,71.93,95,0.0,3330.73
19383.88,71.98,95,0.0,3330.73
19383.88,72.04,94,0.0,3330.73
19383.88,71.8,94,1.2125,3330.73
19383.88,71.87,94,0.0,3330.73
19383.88,71.87,94,0.0,3330.73
19383.88,71.97,94,0.0,3330.73
19383.88,68.65,94,2.4375,3330.73
19383.88,68.96,79,0.0,3330.73
19383.88,68.96,79,0.0,3330.73
19383.88,68.62,100,0.0,3330.73
19383.88,68.44,100,1.225,3330.73
19383.88,68.66,100,0.0,3330.73
19383.88,68.66,100,1.225,3330.73
19383.88,68.95,100,0.0,3330.73
19383.88,68.41,100,1.2125,3330.73
19383.88,68.8,94,0.0,3330.73
19383.88,68.43,94,0.0,3330.73
19383.88,68.88,95,0.0,3330.73
19383.88,72.41,95,1.2125,3330.73
19383.88,72.26,95,0.0,3330.73
19383.88,72.36,95,0.0,3330.73
19383.88,72.07,95,1.225,3330.73
19383.88,71.88,95,0.0,3330.73
19383.88,71.56,95,0.0,3330.73
19383.88,71.56,95,0.0,3330.73
19383.88,71.34,95,1.2125,3330.73
19383.88,71.34,95,0.0,3330.73
19383.88,71.32,94,0.0,3330.73
19383.88,71.63,94,0.0,3330.73
19383.88,71.33,93,1.2125,3330.73
19383.88,71.72,93,0.0,3330.73
19383.88,71.12,95,0.0,3330.73
19383.88,71.29,95,1.2125,3330.73
19383.88,71.08,95,1.2125,3330.73
19383.88,71.43,95,0.0,3330.73
19383.88,71.0,95,0.0,3330.73
19383.88,71.57,95,1.2125,3330.73
19383.88,71.28,95,0.0,3330.73
19383.88,71.85,95,0.0,3330.73
19383.88,71.26,95,0.0,3330.73
19383.88,71.7,95,1.2125,3330.73
19383.88,70.98,95,0.0,3330.73
19383.88,71.5,95,0.0,3330.73
19383.88,71.13,95,1.2125,3330.73
19383.88,71.53,95,0.0,3330.73
19383.88,71.1,95,0.0,3330.73
19383.88,71.67,95,1.2125,3330.73
19383.88,71.31,95,0.0,3330.73
19383.88,71.7,95,0.0,3330.73
19383.88,71.13,94,1.225,3330.73
19383.88,71.57,94,0.0,3330.73
19383.88,71.46,94,0.0,3330.73
19383.88,71.98,94,1.2,3330.73
19383.88,72.12,93,0.0,3330.73
19383.88,72.37,93,1.2125,3330.73
19383.88,72.44,95,0.0,3330.73
19383.88,72.39,95,1.175,3330.73
19383.88,72.56,94,0.0,3330.73
19383.88,72.41,94,0.0,3330.73
19383.88,72.54,95,1.2125,3330.73
19383.88,72.43,95,0.0,3330.73
19383.88,71.98,95,0.0,3330.73
19383.88,71.9,95,2.4,3330.73
19383.88,72.48,82,0.0,3330.73
19383.88,72.58,82,0.0,3330.73
19383.88,72.61,100,0.0,3330.73
19383.88,71.62,100,1.2125,3330.73
19383.88,71.59,95,0.0,3330.73
19383.88,71.63,95,0.0,3330.73
19383.88,71.84,95,0.0,3330.73
19383.88,71.94,95,1.225,3330.73
19383.88,71.97,93,0.0,3330.73
19383.88,72.11,93,0.0,3330.73
19383.88,72.46,93,1.2125,3330.73
19383.88,71.76,93,0.0,3330.73
19383.88,71.87,93,1.2,3330.73
19383.88,71.83,93,1.2125,3330.73
19383.88,72.67,94,0.0,3330.73
19383.88,72.72,94,0.0,3330.73
19383.88,72.78,95,1.2125,3330.73
19383.88,72.79,95,0.0,3330.73
19383.88,72.64,95,0.0,3330.73
19383.88,72.69,95,1.2125,3330.73
19383.88,72.74,95,0.0,3330.73
19383.88,72.31,95,0.0,3330.73
19383.88,71.87,95,1.2125,3330.73
19383.88,71.73,95,0.0,3330.73
19383.88,71.5,93,0.0,3330.73
19383.88,71.81,93,0.0,3330.73
19383.88,71.9,95,1.225,3330.73
19383.88,71.63,95,0.0,3330.73
19383.88,71.69,95,0.0,3330.73
19383.88,71.7,95,0.0,3330.73
19383.88,71.73,95,1.225,3330.73
19383.88,71.46,95,0.0,3330.73
19383.88,71.49,95,1.225,3330.73
19383.88,71.56,95,0.0,3330.73
19383.88,71.78,95,0.0,3330.73
19383.88,71.87,94,0.0,3330.73
19383.88,71.88,94,1.225,3330.73
19383.88,71.92,94,0.0,3330.73
19383.88,71.92,94,0.0,3330.73
19383.88,71.85,95,0.0,3330.73
19383.88,71.71,95,1.225,3330.73
19383.88,71.79,95,0.0,3330.73
19383.88,71.79,95,0.0,3330.73
19383.88,71.77,95,0.0,3330.73
19383.88,71.89,95,1.2,3330.73
19383.88,71.9,94,0.0,3330.73
19383.88,71.83,94,0.0,3330.73
19383.88,71.53,95,1.2125,3330.73
19383.88,72.18,95,0.0,3330.73
19383.88,72.14,95,0.0,3330.73
19383.88,72.14,95,1.2125,3330.73
19383.88,72.93,95,3.6375,3330.73
19383.88,72.8,95,0.0,3330.73
19383.88,73.06,81,0.0,3330.73
19383.88,71.81,81,1.2125,3330.73
19383.88,71.8,98,0.0,3330.73
19383.88,71.68,98,0.0,3330.73
19383.88,72.01,94,1.2125,3330.73
19383.88,72.01,94,0.0,3330.73
19383.88,71.62,95,0.0,3330.73
19383.88,71.6,95,0.0,3330.73
19383.88,71.84,95,1.2125,3330.73
19383.88,71.53,95,0.0,3330.73
19383.88,71.22,95,0.0,3330.73
19383.88,71.09,95,1.225,3330.73
19383.88,71.85,95,0.0,3330.73
19383.88,71.85,95,0.0,3330.73
19383.88,72.06,95,1.2125,3330.73
19383.88,71.96,95,0.0,3330.73
19383.88,71.79,95,0.0,3330.73
19383.88,71.76,95,0.0,3330.73
19383.88,72.35,94,1.2375,3330.73
19383.88,72.01,94,0.0,3330.73
19383.88,71.75,95,0.0,3330.73
19383.88,71.78,95,1.2375,3330.73
19383.88,71.83,95,0.0,3330.73
19383.88,71.83,95,0.0,3330.73
19383.88,72.14,95,0.0,3330.73
19383.88,72.2,96,1.2375,3330.73
19383.88,72.29,96,0.0,3330.73
19383.88,71.92,96,0.0,3330.73
19383.88,72.19,96,1.2375,3330.73
19383.88,71.97,96,0.0,3330.73
19383.88,71.74,96,0.0,3330.73
19383.88,71.65,96,0.0,3330.73
19383.88,71.62,96,0.0,3330.73
19383.88,72.05,96,1.2375,3330.73
19383.88,72.2,96,0.0,3330.73
19383.88,71.52,95,0.0,3330.73
19383.88,71.68,95,0.0,3330.73
19383.88,71.81,95,1.2375,3330.73
19383.88,71.69,95,0.0,3330.73
19383.88,71.53,95,0.0,3330.73
19383.88,71.47,95,1.2375,3330.73
19383.88,71.7,95,1.2375,3330.73
19383.88,71.4,95,0.0,3330.73
19383.88,71.51,95,0.0,3330.73
19383.88,71.48,95,1.2375,3330.73
19383.88,71.57,95,0.0,3330.73
19383.88,72.11,95,0.0,3330.73
19383.88,72.0,95,1.2375,3330.73
19383.88,71.94,95,0.0,3330.73
19383.88,71.97,93,0.0,3330.73
19383.88,71.77,93,2.4875,3330.73
19383.88,68.11,76,0.0,3330.73
19383.88,68.35,76,1.25,3330.73
19383.88,68.84,94,0.0,3330.73
19383.88,68.83,94,0.0,3330.73
19383.88,69.02,100,1.25,3330.73
19383.88,68.04,100,0.0,3330.73
19383.88,68.02,95,0.0,3330.73
19383.88,68.14,95,1.25,3330.73
19383.88,68.33,95,0.0,3330.73
19383.88,68.04,95,0.0,3330.73
19383.88,68.16,95,1.2375,3330.73
19383.88,71.76,95,0.0,3330.73
19383.88,71.45,95,1.2125,3330.73
19383.88,71.5,95,0.0,3330.73
19383.88,71.06,93,0.0,3330.73
19383.88,70.86,93,1.2125,3330.73
19383.88,71.48,94,0.0,3330.73
19383.88,71.67,94,0.0,3330.73
19383.88,71.26,93,0.0,3330.73
19383.88,71.19,93,1.2125,3330.73
19383.88,71.18,95,0.0,3330.73
19383.88,71.56,95,0.0,3330.73
19383.88,71.49,95,1.2125,3330.73
19383.88,71.62,95,0.0,3330.73
19383.88,71.22,95,0.0,3330.73
19383.88,71.5,95,1.2125,3330.73
19383.88,71.53,94,0.0,3330.73
19383.88,71.79,94,0.0,3330.73
19383.88,71.41,94,1.2125,3330.73
19383.88,71.68,94,0.0,3330.73
19383.88,71.5,94,0.0,3330.73
19383.88,71.8,94,0.0,3330.73
19383.88,71.55,95,1.225,3330.73
19383.88,71.26,95,0.0,3330.73
19383.88,71.57,93,0.0,3330.73
19383.88,71.4,93,0.0,3330.73
19383.88,71.62,95,1.225,3330.73
19383.88,71.62,95,0.0,3330.73
19383.88,71.36,95,1.225,3330.73
19383.88,71.67,95,0.0,3330.73
19383.88,71.5,95,0.0,3330.73
19383.88,71.79,95,1.225,3330.73
19383.88,71.5,95,0.0,3330.73
19383.88,71.31,95,0.0,3330.73
19383.88,71.56,95,0.0,3330.73
19383.88,71.26,95,0.0,3330.73
19383.88,71.26,95,1.2125,3330.73
19383.88,71.37,95,0.0,3330.73
19383.88,71.69,95,1.2125,3330.73
19383.88,71.53,95,0.0,3330.73
19383.88,71.94,95,0.0,3330.73
19383.88,71.99,95,1.2125,3330.73
19383.88,72.63,95,0.0,3330.73
19383.88,72.61,94,0.0,3330.73
19383.88,73.07,94,2.425,3330.73
19383.88,74.97,77,1.2125,3330.73
19383.88,74.97,77,0.0,3330.73
19383.88,75.23,100,0.0,3330.73
19383.88,75.35,100,1.2125,3330.73
19383.88,75.31,100,0.0,3330.73
19383.88,75.14,100,0.0,3330.73
19383.88,74.78,94,1.2125,3330.73
19383.88,75.04,94,0.0,3330.73
19383.88,74.88,95,0.0,3330.73
19383.88,74.65,95,1.2125,3330.73
19383.88,74.59,95,0.0,3330.73
19383.88,73.01,95,0.0,3330.73
19383.88,73.06,95,1.2125,3330.73
19383.88,72.47,95,0.0,3330.73
19383.88,72.24,93,0.0,3330.73
19383.88,71.8,94,1.225,3330.73
19383.88,72.28,94,0.0,3330.73
19383.88,72.1,95,1.225,3330.73
19383.88,71.81,95,0.0,3330.73
19383.88,70.71,92,0.0,3330.73
19383.88,71.27,92,1.2125,3330.73
19383.88,71.34,94,0.0,3330.73
19383.88,70.72,94,0.0,3330.73
19383.88,70.72,95,1.225,3330.73
19383.88,70.86,95,0.0,3330.73
19383.88,71.38,95,0.0,3330.73
19383.88,70.92,95,0.0,3330.73
19383.88,71.14,95,1.2125,3330.73
19383.88,70.83,95,0.0,3330.73
19383.88,71.75,95,0.0,3330.73
19383.88,71.63,95,0.0,3330.73
19383.88,71.08,95,1.2125,3330.73
19383.88,71.45,95,0.0,3330.73
19383.88,71.24,94,1.2125,3330.73
19383.88,71.61,94,0.0,3330.73
19383.88,71.31,94,0.0,3330.73
19383.88,71.58,95,0.0,3330.73
19383.88,71.44,95,1.2125,3330.73
19383.88,71.8,95,0.0,3330.73
19383.88,71.21,95,0.0,3330.73
19383.88,71.47,93,1.2125,3330.73
19383.88,71.27,93,1.2125,3330.73
19383.88,71.59,93,0.0,3330.73
19383.88,71.42,93,1.2125,3330.73
19383.88,71.78,95,0.0,3330.73
19383.88,71.46,95,0.0,3330.73
19383.88,71.62,95,0.0,3330.73
19383.88,71.53,95,1.2125,3330.73
19383.88,71.79,94,0.0,3330.73
19383.88,71.53,94,0.0,3330.73
19383.88,72.09,95,1.2125,3330.73
19383.88,71.74,95,0.0,3330.73
19383.88,71.9,94,0.0,3330.73
19383.88,69.37,94,2.425,3330.73
19383.88,69.94,80,0.0,3330.73
19383.88,70.03,80,0.0,3330.73
19383.88,70.32,100,1.2125,3330.73
19383.88,69.88,100,0.0,3330.73
19383.88,69.82,93,0.0,3330.73
19383.88,69.93,93,0.0,3330.73
19383.88,70.21,94,1.2125,3330.73
19383.88,70.16,94,0.0,3330.73
19383.88,70.42,94,0.0,3330.73
19383.88,70.16,94,1.2125,3330.73
19383.88,72.85,95,1.2125,3330.73
19383.88,72.34,95,0.0,3330.73
19383.88,71.96,95,0.0,3330.73
19383.88,71.57,95,1.2125,3330.73
19383.88,71.91,95,0.0,3330.73
19383.88,72.0,95,0.0,3330.73
19383.88,71.62,95,1.2125,3330.73
19383.88,71.67,96,0.0,3330.73
19383.88,71.52,96,0.0,3330.73
19383.88,71.57,97,1.2125,3330.73
19383.88,71.58,97,0.0,3330.73
19383.88,71.66,96,0.0,3330.73
19383.88,71.61,96,1.2125,3330.73
19383.88,71.98,96,0.0,3330.73
19383.88,71.92,96,0.0,3330.73
19383.88,72.03,97,1.2125,3330.73
19383.88,72.26,97,0.0,3330.73
19383.88,71.87,96,0.0,3330.73
19383.88,72.16,96,1.2125,3330.73
19383.88,71.97,96,0.0,3330.73
19383.88,72.02,96,0.0,3330.73
19383.88,71.64,97,0.0,3330.73
19383.88,71.74,97,1.2125,3330.73
19383.88,72.09,97,0.0,3330.73
19383.88,71.93,97,0.0,3330.73
19383.88,72.14,97,1.1875,3330.73
19383.88,71.95,97,0.0,3330.73
19383.88,71.98,96,0.0,3330.73
19383.88,72.3,96,0.0,3330.73
19383.88,72.01,96,1.25,3330.73
19383.88,72.11,96,0.0,3330.73
19383.88,71.99,96,0.0,3330.73
19383.88,72.24,97,0.0,3330.73
19383.88,72.06,96,1.25,3330.73
19383.88,71.82,96,0.0,3330.73
19383.88,71.98,97,0.0,3330.73
19383.88,71.98,97,1.25,3330.73
19383.88,71.91,96,0.0,3330.73
19383.88,71.8,96,0.0,3330.73
19383.88,71.7,96,1.25,3330.73
19383.88,71.91,96,1.2375,3330.73
19383.88,72.11,81,0.0,3330.73
19383.88,72.0,81,1.25,3330.73
19383.88,71.97,100,0.0,3330.73
19383.88,72.09,100,0.0,3330.73
19383.88,72.22,100,1.25,3330.73
19383.88,71.54,100,0.0,3330.73
19383.88,71.83,95,0.0,3330.73
19383.88,72.07,95,0.0,3330.73
19383.88,72.08,97,1.25,3330.73
19383.88,71.97,97,0.0,3330.73
19383.88,71.75,96,0.0,3330.73
19383.88,71.64,96,1.25,3330.73
19383.88,71.7,95,0.0,3330.73
19383.88,71.89,95,0.0,3330.73
19383.88,71.59,95,1.25,3330.73
19383.88,71.43,95,0.0,3330.73
19383.88,71.85,95,0.0,3330.73
19383.88,71.85,95,0.0,3330.73
19383.88,71.48,95,1.25,3330.73
19383.88,71.61,95,0.0,3330.73
19383.88,71.53,95,0.0,3330.73
19383.88,71.72,95,1.25,3330.73
19383.88,71.43,95,0.0,3330.73
19383.88,71.6,95,0.0,3330.73
19383.88,71.16,95,0.0,3330.73
19383.88,71.38,95,1.2375,3330.73
19383.88,71.31,95,0.0,3330.73
19383.88,71.61,95,0.0,3330.73
19383.88,71.5,95,0.0,3330.73
19383.88,71.71,95,1.2375,3330.73
19383.88,71.99,94,0.0,3330.73
19383.88,72.13,94,0.0,3330.73
19383.88,72.26,94,0.0,3330.73
19383.88,72.57,94,1.25,3330.73
19383.88,72.67,95,0.0,3330.73
19383.88,72.96,95,0.0,3330.73
19383.88,73.17,94,0.0,3330.73
19383.88,73.11,94,1.225,3330.73
19383.88,73.14,95,0.0,3330.73
19383.88,72.93,95,0.0,3330.73
19383.88,73.0,95,0.0,3330.73
19383.88,72.4,95,1.2,3330.73
19383.88,72.58,95,0.0,3330.73
19383.88,72.14,95,0.0,3330.73
19383.88,72.06,95,0.0,3330.73
19383.88,71.66,95,1.2,3330.73
19383.88,71.52,95,0.0,3330.73
19383.88,71.9,95,0.0,3330.73
19383.88,71.64,95,1.225,3330.73
19383.88,71.87,96,0.0,3330.73
19383.88,71.62,96,0.0,3330.73
19383.88,71.83,96,0.0,3330.73
19383.88,71.38,96,1.225,3330.73
19383.88,71.72,95,0.0,3330.73
19383.88,68.66,95,2.4125,3330.86
19383.88,68.93,82,0.0,3330.86
19383.88,68.91,82,0.0,3330.86
19383.88,69.02,100,0.0,3330.86
19383.88,68.62,100,1.225,3330.86
19383.88,68.94,95,0.0,3330.86
19383.88,68.82,95,0.0,3330.86
19383.88,69.3,93,1.2125,3330.86
19383.88,69.6,93,1.2125,3330.86
19383.88,69.69,94,0.0,3330.86
19383.88,69.92,94,1.2125,3330.86
19383.88,72.84,94,0.0,3330.86
19383.88,72.92,94,0.0,3330.86
19383.88,72.49,95,1.2125,3330.86
19383.88,72.39,95,0.0,3330.86
19383.88,72.51,95,0.0,3330.86
19383.88,72.47,94,1.2125,3330.86
19383.88,72.53,94,0.0,3330.86
19383.88,72.17,94,0.0,3330.86
19383.88,71.72,94,1.2125,3330.86
19383.88,71.93,94,0.0,3330.86
19383.88,71.72,94,0.0,3330.86
19383.88,71.72,94,1.2125,3330.86
19383.88,71.61,95,0.0,3330.86
19383.88,71.87,95,0.0,3330.86
19383.88,71.87,95,1.2125,3330.86
19383.88,71.89,95,0.0,3330.86
19383.88,71.96,95,0.0,3330.86
19383.88,71.78,95,0.0,3330.86
19383.88,71.84,95,1.2125,3330.86
19383.88,71.71,95,0.0,3330.86
19383.88,71.18,95,1.2125,3330.86
19383.88,71.18,95,0.0,3330.86
19383.88,71.5,94,0.0,3330.86
19383.88,71.62,94,1.2125,3330.86
19383.88,71.87,95,0.0,3330.86
19383.88,72.09,95,0.0,3330.86
19383.88,72.02,95,1.2125,3330.86
19383.88,72.02,95,0.0,3330.86
19383.88,72.02,95,0.0,3330.86
19383.88,72.03,95,1.2125,3330.86
19383.88,71.94,95,0.0,3330.86
19383.88,71.87,95,0.0,3330.86
19383.88,71.8,95,1.2125,3330.86
19383.88,71.54,95,1.2125,3330.86
19383.88,71.96,95,0.0,3330.86
19383.88,72.08,95,0.0,3330.86
19383.88,72.08,95,0.0,3330.86
19383.88,71.83,94,1.2375,3330.86
19383.88,71.91,94,0.0,3330.86
19383.88,71.81,95,0.0,3330.86
19383.88,71.81,95,1.2125,3330.86
19383.88,73.84,95,1.2,3330.86
19383.88,73.84,95,0.0,3330.86
19383.88,74.59,74,1.2375,3330.86
19383.88,74.32,74,0.0,3330.86
19383.88,74.09,100,0.0,3330.86
19383.88,74.59,100,1.2375,3330.86
19383.88,73.54,100,0.0,3330.86
19383.88,73.54,100,0.0,3330.86
19383.88,73.74,96,1.25,3330.86
19383.88,73.7,96,0.0,3330.86
19383.88,73.71,95,0.0,3330.86
19383.88,73.48,95,1.25,3330.86
19383.88,71.83,95,0.0,3330.86
19383.88,71.52,95,0.0,3330.86
19383.88,71.65,95,0.0,3330.86
19383.88,71.62,95,1.2375,3330.86
19383.88,71.46,95,0.0,3330.86
19383.88,70.91,95,0.0,3330.86
19383.88,71.93,95,1.2375,3330.86
19383.88,71.49,95,0.0,3330.86
19383.88,71.45,95,0.0,3330.86
19383.88,70.85,95,0.0,3330.86
19383.88,71.45,93,1.2375,3330.86
19383.88,71.22,93,1.25,3330.86
19383.88,71.58,94,0.0,3330.86
19383.88,71.09,94,0.0,3330.86
19383.88,71.22,95,1.2375,3330.86
19383.88,70.97,95,0.0,3330.86
19383.88,71.38,95,0.0,3330.86
19383.88,70.8,95,1.2375,3330.86
19383.88,71.1,95,0.0,3330.86
19383.88,71.65,95,0.0,3330.86
19383.88,72.83,94,1.2375,3330.86
19383.88,72.79,94,0.0,3330.86
19383.88,73.12,95,0.0,3330.86
19383.88,72.99,95,1.2375,3330.86
19383.88,73.48,95,0.0,3330.86
19383.88,73.67,95,0.0,3330.86
19383.88,73.8,93,0.0,3330.86
19383.88,73.65,93,1.25,3330.86
19383.88,73.92,94,0.0,3330.86
19383.88,73.95,94,0.0,3330.86
19383.88,73.33,95,0.0,3330.86
19383.88,73.06,95,1.2375,3330.86
19383.88,72.63,95,0.0,3330.86
19383.88,72.49,95,0.0,3330.86
19383.88,72.04,95,0.0,3330.86
19383.88,71.91,93,1.225,3330.86
19383.88,71.27,93,0.0,3330.86
19383.88,71.55,95,0.0,3330.86
19383.88,71.37,95,0.0,3330.86
19383.88,71.7,95,1.225,3330.86
19383.88,71.49,95,0.0,3330.86
19383.88,71.81,95,0.0,3330.86
19383.88,71.61,95,0.0,3330.86
19383.88,71.88,95,0.0,3330.86
19383.88,71.34,95,1.225,3330.86
19383.88,71.71,92,2.4375,3330.86
19383.88,70.7,92,0.0,3330.86
19383.88,71.43,88,0.0,3330.86
19383.88,71.38,88,1.225,3330.86
19383.88,71.6,100,0.0,3330.86
19383.88,71.81,100,0.0,3330.86
19383.88,70.67,97,1.2125,3330.86
19383.88,70.97,97,0.0,3330.86
19383.88,70.85,95,0.0,3330.86
19383.88,71.29,95,0.0,3330.86
19383.88,71.13,95,1.225,3330.86
19383.88,72.21,95,0.0,3330.86
19383.88,71.67,95,0.0,3330.86
19383.88,71.75,95,0.0,3330.86
19383.88,71.49,95,1.225,3330.86
19383.88,71.49,95,0.0,3330.86
19383.88,71.14,94,0.0,3330.86
19383.88,72.08,94,0.0,3330.86
19383.88,71.84,95,1.2125,3330.86
19383.88,71.92,95,0.0,3330.86
19383.88,71.78,95,0.0,3330.86
19383.88,71.96,95,1.2125,3330.86
19383.88,71.94,95,0.0,3330.86
19383.88,71.71,95,0.0,3330.86
19383.88,71.71,95,1.2125,3330.86
19383.88,71.71,95,0.0,3330.86
19383.88,71.85,93,0.0,3330.86
19383.88,71.69,93,0.0,3330.86
19383.88,71.89,95,1.2125,3330.86
19383.88,71.78,95,0.0,3330.86
19383.88,71.95,95,0.0,3330.86
19383.88,71.1,93,1.225,3330.86
19383.88,71.47,93,0.0,3330.86
19383.88,71.2,94,0.0,3330.86
19383.88,71.2,94,0.0,3330.86
19383.88,71.02,94,1.225,3330.86
19383.88,71.47,95,0.0,3330.86
19383.88,71.22,94,0.0,3330.86
19383.88,71.5,94,0.0,3330.86
19383.88,71.21,95,1.2125,3330.86
19383.88,71.31,95,1.2125,3330.86
19383.88,71.03,95,0.0,3330.86
19383.88,71.92,95,0.0,3330.86
19383.88,71.47,94,1.1875,3330.86
19383.88,71.67,94,0.0,3330.86
19383.88,71.45,95,0.0,3330.86
19383.88,71.76,95,1.2125,3330.86
19383.88,71.43,95,0.0,3330.86
19383.88,71.77,95,0.0,3330.86
19383.88,71.32,93,0.0,3330.86
19383.88,71.63,93,1.2125,3330.86
19383.88,71.23,94,0.0,3330.86
19383.88,71.55,94,0.0,3330.86
19383.88,70.75,93,1.2125,3330.86
19383.88,71.26,93,0.0,3330.86
19383.88,70.79,94,1.2375,3330.86
19383.88,73.29,94,0.0,3330.86
19383.88,73.37,81,1.175,3330.86
19383.88,73.47,81,1.2125,3330.86
19383.88,72.44,98,0.0,3330.86
19383.88,72.71,98,1.2125,3330.86
19383.88,72.69,94,0.0,3330.86
19383.88,73.31,94,0.0,3330.86
19383.88,73.03,95,1.2125,3330.86
19383.88,73.87,95,0.0,3330.86
19383.88,73.26,95,0.0,3330.86
19383.88,73.86,95,0.0,3330.86
19383.88,71.63,95,1.2125,3330.86
19383.88,71.31,95,0.0,3330.86
19383.88,71.05,95,0.0,3330.86
19383.88,71.83,95,1.2125,3330.86
19383.88,71.77,93,0.0,3330.86
19383.88,71.98,94,0.0,3330.86
19383.88,71.96,94,0.0,3330.86
19383.88,71.89,94,1.1875,3330.86
19383.88,71.94,94,0.0,3330.86
19383.88,72.13,95,1.2125,3330.86
19383.88,71.96,95,0.0,3330.86
19383.88,71.25,94,0.0,3330.86
19383.88,71.42,94,1.2125,3330.86
19383.88,71.57,95,0.0,3330.86
19383.88,71.59,95,0.0,3330.86
19383.88,71.39,95,1.2125,3330.86
19383.88,71.39,95,1.2125,3330.86
19383.88,71.33,94,0.0,3330.86
19383.88,71.14,94,0.0,3330.86
19383.88,71.2,95,1.2125,3330.86
19383.88,71.63,95,0.0,3330.86
19383.88,71.76,93,0.0,3330.86
19383.88,71.83,93,0.0,3330.86
19383.88,71.95,94,1.2125,3330.86
19383.88,71.84,94,0.0,3330.86
19383.88,71.76,95,0.0,3330.86
19383.88,71.44,95,1.2125,3330.86
19383.88,71.94,95,0.0,3330.86
19383.88,71.81,95,0.0,3330.86
19383.88,72.05,95,0.0,3330.86
19383.88,72.03,95,1.2125,3330.86
19383.88,72.07,94,0.0,3330.86
19383.88,72.19,95,0.0,3330.86
19383.88,72.27,95,1.2125,3330.86
19383.88,72.25,95,0.0,3330.86
19383.88,72.41,95,0.0,3330.86
19383.88,72.43,95,0.0,3330.86
19383.88,72.25,95,1.225,3330.86
19383.88,72.26,94,1.225,3330.86
19383.88,72.22,94,1.2,3330.86
19383.88,68.77,74,1.2125,3330.86
19383.88,68.95,74,0.0,3330.86
19383.88,69.28,98,0.0,3330.86
19383.88,69.11,98,1.2125,3330.86
19383.88,68.89,96,0.0,3330.86
19383.88,68.91,96,0.0,3330.86
19383.88,69.24,95,0.0,3330.86
19383.88,69.08,95,1.2125,3330.86
19383.88,69.74,95,0.0,3330.86
19383.88,69.11,95,0.0,3330.86
19383.88,69.17,95,1.2125,3330.86
19383.88,72.53,95,1.2125,3330.86
19383.88,72.44,95,0.0,3330.86
19383.88,72.05,95,0.0,3330.86
19383.88,71.99,94,0.0,3330.86
19383.88,72.19,94,1.225,3330.86
19383.88,72.15,95,0.0,3330.86
19383.88,71.96,95,0.0,3330.86
19383.88,72.1,94,1.2125,3330.86
19383.88,71.89,94,0.0,3330.86
19383.88,71.95,95,0.0,3330.86
19383.88,72.03,95,1.1875,3330.86
19383.88,71.81,94,0.0,3330.86
19383.88,71.68,95,0.0,3330.86
19383.88,71.86,95,0.0,3330.86
19383.88,71.98,95,1.225,3330.86
19383.88,71.77,95,0.0,3330.86
19383.88,71.84,93,0.0,3330.86
19383.88,71.68,93,0.0,3330.86
19383.88,71.5,95,1.225,3330.86
19383.88,72.14,95,0.0,3330.86
19383.88,71.86,94,0.0,3330.86
19383.88,72.54,94,0.0,3330.86
19383.88,72.58,93,2.425,3330.86
19383.88,72.82,93,0.0,3330.86
19383.88,72.85,95,0.0,3330.86
19383.88,72.76,95,1.2125,3330.86
19383.88,72.89,95,0.0,3330.86
19383.88,72.81,95,0.0,3330.86
19383.88,72.88,95,1.2125,3330.86
19383.88,72.81,95,0.0,3330.86
19383.88,72.36,95,0.0,3330.86
19383.88,72.27,95,0.0,3330.86
19383.88,71.87,94,1.2125,3330.86
19383.88,71.62,94,0.0,3330.86
19383.88,71.86,94,1.2125,3330.86
19383.88,71.95,94,0.0,3330.86
19383.88,72.3,94,0.0,3330.86
19383.88,72.38,94,1.2125,3330.86
19383.88,72.27,95,0.0,3330.86
19383.88,72.2,95,0.0,3330.86
19383.88,72.06,94,1.225,3330.86
19383.88,72.21,94,2.375,3330.86
19383.88,73.99,77,0.0,3330.86
19383.88,74.06,77,0.0,3330.86
19383.88,74.38,100,1.225,3330.86
19383.88,74.17,100,0.0,3330.86
19383.88,74.0,100,0.0,3330.86
19383.88,73.9,100,0.0,3330.86
19383.88,73.25,97,1.225,3330.86
19383.88,73.47,97,0.0,3330.86
19383.88,73.57,95,0.0,3330.86
19383.88,73.62,95,0.0,3330.86
19383.88,73.69,95,0.0,3330.86
19383.88,71.92,95,1.225,3330.86
19383.88,71.61,94,0.0,3330.86
19383.88,71.61,94,0.0,3330.86
19383.88,71.72,95,1.2125,3330.86
19383.88,71.27,95,0.0,3330.86
19383.88,71.27,95,0.0,3330.86
19383.88,71.52,95,1.2125,3330.86
19383.88,71.2,95,0.0,3330.86
19383.88,71.56,95,0.0,3330.86
19383.88,71.27,94,1.2125,3330.86
19383.88,71.78,94,0.0,3330.86
19383.88,71.45,95,0.0,3330.86
19383.88,71.74,95,1.2125,3330.86
19383.88,70.86,95,0.0,3330.86
19383.88,71.34,94,0.0,3330.86
19383.88,71.48,94,1.2125,3330.86
19383.88,71.73,92,0.0,3330.86
19383.88,71.61,92,0.0,3330.86
19383.88,71.97,95,0.0,3330.86
19383.88,72.03,95,1.225,3330.86
19383.88,72.46,94,0.0,3330.86
19383.88,72.23,94,0.0,3330.86
19383.88,72.46,95,1.2125,3330.86
19383.88,72.23,95,0.0,3330.86
19383.88,73.04,95,0.0,3330.86
19383.88,72.78,95,1.2125,3330.86
19383.88,72.92,95,0.0,3330.86
19383.88,72.7,95,0.0,3330.86
19383.88,72.92,95,1.2,3330.86
19383.88,72.74,94,1.2125,3330.86
19383.88,72.81,94,0.0,3330.86
19383.88,73.11,94,1.2125,3330.86
19383.88,73.19,94,0.0,3330.86
19383.88,73.44,95,0.0,3330.86
19383.88,73.74,95,1.2125,3330.86
19383.88,73.74,94,0.0,3330.86
19383.88,73.61,94,0.0,3330.86
19383.88,73.58,95,0.0,3330.86
19383.88,73.47,95,0.0,3330.86
19383.88,73.44,95,1.2,3330.86
19383.88,73.2,95,0.0,3330.86
19383.88,72.27,95,0.0,3330.86
19383.88,72.21,95,1.25,3330.86
19383.88,71.75,94,1.25,3330.86
19383.88,73.78,94,0.0,3330.86
19383.88,73.81,78,1.25,3330.86
19383.88,73.94,78,0.0,3330.86
19383.88,72.86,98,0.0,3330.86
19383.88,72.78,98,0.0,3330.86
19383.88,73.06,95,1.2375,3330.86
19383.88,73.14,95,0.0,3330.86
19383.88,73.29,95,0.0,3330.86
19383.88,73.67,95,1.2375,3330.86
19383.88,73.76,94,0.0,3330.86
19383.88,74.23,94,0.0,3330.86
19383.88,71.89,95,1.2375,3330.86
19383.88,71.72,95,0.0,3330.86
19383.88,71.17,95,0.0,3330.86
19383.88,72.2,95,1.2375,3330.86
19383.88,72.37,95,0.0,3330.86
19383.88,72.22,95,0.0,3330.86
19383.88,71.89,93,0.0,3330.86
19383.88,71.82,93,1.2375,3330.86
19383.88,71.61,93,1.2375,3330.86
19383.88,71.64,94,0.0,3330.86
19383.88,71.34,95,0.0,3330.86
19383.88,71.22,95,1.2375,3330.86
19383.88,71.22,95,0.0,3330.86
19383.88,71.26,95,0.0,3330.86
19383.88,71.65,95,1.2375,3330.86
19383.88,71.31,93,0.0,3330.86
19383.88,71.33,93,0.0,3330.86
19383.88,71.46,94,1.25,3330.86
19383.88,71.5,94,0.0,3330.86
19383.88,71.42,95,0.0,3330.86
19383.88,71.36,95,1.25,3330.86
19383.88,71.13,94,0.0,3330.86
19383.88,71.2,95,0.0,3330.86
19383.88,71.0,95,0.0,3330.86
19383.88,71.64,95,1.25,3330.86
19383.88,71.54,94,0.0,3330.86
19383.88,71.54,93,0.0,3330.86
19383.88,71.86,93,0.0,3330.86
19383.88,72.02,95,1.25,3330.86
19383.88,72.01,95,0.0,3330.86
19383.88,72.04,95,0.0,3330.86
19383.88,71.96,95,1.2125,3330.86
19383.88,71.88,95,0.0,3330.86
19383.88,72.07,95,0.0,3330.86
19383.88,72.11,95,0.0,3330.86
19383.88,71.89,95,0.0,3330.86
19383.88,71.75,95,1.225,3330.86
19383.88,72.02,95,0.0,3330.86
19383.88,71.95,95,0.0,3330.86
19383.88,71.96,95,0.0,3330.86
19383.88,71.91,95,1.2125,3330.86
19383.88,71.92,79,2.4875,3330.86
19383.88,68.47,79,0.0,3330.86
19383.88,68.9,79,1.25,3330.86
19383.88,69.12,99,0.0,3330.86
19383.88,68.62,99,0.0,3330.86
19383.88,68.77,97,0.0,3330.86
19383.88,68.65,97,1.25,3330.86
19383.88,68.72,95,0.0,3330.86
19383.88,69.2,95,0.0,3330.86
19383.88,68.63,95,0.0,3330.86
19383.88,69.18,95,1.25,3330.86
19383.88,72.56,94,0.0,3330.86
19383.88,72.49,94,0.0,3330.86
19383.88,72.49,95,1.25,3330.86
19383.88,71.87,95,0.0,3330.86
19383.88,71.87,95,0.0,3330.86
19383.88,72.29,95,0.0,3330.86
19383.88,72.13,95,1.25,3330.86
19383.88,72.23,95,0.0,3330.86
19383.88,71.75,94,0.0,3330.86
19383.88,71.51,94,1.25,3330.86
19383.88,71.88,95,0.0,3330.86
19383.88,71.61,95,0.0,3330.86
19383.88,71.61,94,0.0,3330.86
19383.88,71.38,94,1.2375,3330.86
19383.88,71.54,95,0.0,3330.86
19383.88,71.78,95,1.25,3330.86
19383.88,71.72,95,1.25,3330.86
19383.88,71.64,95,0.0,3330.86
19383.88,71.65,95,0.0,3330.86
19383.88,71.76,95,0.0,3330.86
19383.88,71.96,95,1.2375,3330.86
19383.88,71.96,95,0.0,3330.86
19383.88,71.65,95,0.0,3330.86
19383.88,71.66,95,1.2375,3330.86
19383.88,71.82,95,0.0,3330.86
19383.88,71.31,95,0.0,3330.86
19383.88,71.31,93,0.0,3330.86
19383.88,71.27,93,1.2375,3330.86
19383.88,71.33,94,0.0,3330.86
19383.88,71.06,94,0.0,3330.86
19383.88,71.19,95,1.2375,3330.86
19383.88,70.94,95,0.0,3330.86
19383.88,70.73,95,0.0,3330.86
19383.88,70.89,95,1.2125,3330.86
19383.88,70.97,95,0.0,3330.86
19383.88,71.05,95,0.0,3330.86
19383.88,71.49,94,0.0,3330.86
19383.88,71.53,94,0.0,3330.86
19383.88,71.65,95,1.225,3330.86
19383.88,71.78,95,0.0,3330.86
19383.88,71.73,94,0.0,3330.86
19383.88,71.68,94,1.2125,3330.86
19383.88,71.86,95,2.425,3330.86
19383.88,71.86,95,0.0,3330.86
19383.88,72.96,75,0.0,3330.86
19383.88,73.32,100,1.2125,3330.86
19383.88,73.21,100,1.2125,3330.86
19383.88,72.6,95,0.0,3330.86
19383.88,72.61,95,0.0,3330.86
19383.88,72.67,94,1.2,3330.86
19383.88,73.03,94,0.0,3330.86
19383.88,72.64,94,0.0,3330.86
19383.88,73.05,94,1.2125,3330.86
19383.88,72.84,95,0.0,3330.86
19383.88,71.79,94,0.0,3330.86
19383.88,71.33,94,1.2125,3330.86
19383.88,71.19,95,0.0,3330.86
19383.88,71.83,95,0.0,3330.86
19383.88,71.83,94,0.0,3330.86
19383.88,71.9,94,1.2125,3330.86
19383.88,71.81,94,0.0,3330.86
19383.88,71.1,94,0.0,3330.86
19383.88,71.58,95,1.2,3330.86
19383.88,71.61,95,0.0,3330.86
19383.88,71.46,95,0.0,3330.86
19383.88,71.42,95,0.0,3330.86
19383.88,71.7,95,2.425,3330.86
19383.88,71.82,95,0.0,3330.86
19383.88,71.81,95,0.0,3330.86
19383.88,71.68,95,0.0,3330.86
19383.88,71.69,94,1.2125,3330.86
19383.88,72.1,94,0.0,3330.86
19383.88,72.05,93,0.0,3330.86
19383.88,71.83,93,0.0,3330.86
19383.88,71.77,94,1.225,3330.86
19383.88,71.54,94,0.0,3330.86
19383.88,71.77,94,0.0,3330.86
19383.88,71.68,94,1.175,3330.86
19383.88,71.89,94,0.0,3330.86
19383.88,72.0,94,0.0,3330.86
19383.88,71.78,95,1.2125,3330.86
19383.88,71.78,95,0.0,3330.86
19383.88,71.41,94,0.0,3330.86
19383.88,71.42,94,1.225,3330.86
19383.88,71.14,94,0.0,3330.86
19383.88,71.22,94,0.0,3330.86
19383.88,71.18,95,1.2125,3330.86
19383.88,71.32,95,0.0,3330.86
19383.88,71.08,95,0.0,3330.86
19383.88,71.36,95,0.0,3330.86
19383.88,71.38,95,1.2125,3330.86
19383.88,71.53,95,0.0,3330.86
19383.88,71.59,94,0.0,3330.86
19383.88,71.94,94,1.2125,3330.86
19383.88,71.96,94,2.425,3330.86
19383.88,69.73,94,0.0,3330.86
19383.88,69.98,76,0.0,3330.86
19383.88,70.41,76,2.425,3330.86
19383.88,70.39,100,0.0,3330.86
19383.88,70.62,100,0.0,3330.86
19383.88,70.28,100,1.2125,3330.86
19383.88,68.99,100,0.0,3330.86
19383.88,69.17,96,0.0,3330.86
19383.88,68.87,96,0.0,3330.86
19383.88,68.89,93,1.2125,3330.86
19383.88,68.71,93,0.0,3330.86
19383.88,71.55,94,0.0,3330.86
19383.88,71.27,94,1.2125,3330.86
19383.88,71.3,94,0.0,3330.86
19383.88,71.13,94,0.0,3330.86
19383.88,70.44,95,1.2125,3330.86
19383.88,71.63,95,0.0,3330.86
19383.88,71.38,94,0.0,3330.86
19383.88,71.62,94,1.2125,3330.86
19383.88,71.53,95,0.0,3330.86
19383.88,71.78,95,0.0,3330.86
19383.88,71.46,95,1.2125,3330.86
19383.88,71.61,95,0.0,3330.86
19383.88,71.16,95,0.0,3330.86
19383.88,71.36,95,1.2125,3330.86
19383.88,71.12,95,0.0,3330.86
19383.88,71.83,94,0.0,3330.86
19383.88,71.42,94,0.0,3330.86
19383.88,71.78,95,1.2125,3330.86
19383.88,71.39,95,0.0,3330.86
19383.88,71.83,95,0.0,3330.86
19383.88,71.39,95,1.2125,3330.86
19383.88,71.81,95,0.0,3330.86
19383.88,71.3,95,0.0,3330.86
19383.88,71.6,95,0.0,3330.86
19383.88,71.1,95,2.4375,3330.86
19383.88,71.46,95,0.0,3330.86
19383.88,71.04,94,0.0,3330.86
19383.88,71.43,94,0.0,3330.86
19383.88,71.19,95,1.225,3330.86
19383.88,71.77,95,0.0,3330.86
19383.88,71.25,95,0.0,3330.86
19383.88,71.66,95,1.2,3330.86
19383.88,70.83,94,0.0,3330.86
19383.88,71.34,94,0.0,3330.86
19383.88,71.06,95,1.2125,3330.86
19383.88,71.57,95,0.0,3330.86
19383.88,71.3,95,0.0,3330.86
19383.88,71.89,95,1.2125,3330.86
19383.88,71.56,95,0.0,3330.86
19383.88,71.86,95,0.0,3330.86
19383.88,71.18,95,0.0,3330.86
19383.88,71.53,95,1.2125,3330.86
19383.88,71.08,95,0.0,3330.86
19383.88,71.79,95,1.2125,3330.86
19383.88,68.4,83,1.1375,3330.86
19383.88,68.51,83,0.0,3330.86
19383.88,68.51,93,1.2375,3330.86
19383.88,68.53,93,0.0,3330.86
19383.88,68.49,96,0.0,3330.86
19383.88,68.58,96,1.2125,3330.86
19383.88,68.92,94,0.0,3330.86
19383.88,69.02,94,1.2125,3330.86
19383.88,69.31,93,0.0,3330.86
19383.88,69.48,93,1.2125,3330.86
19383.88,72.9,94,0.0,3330.86
19383.88,72.9,94,0.0,3330.86
19383.88,72.71,95,1.225,3330.86
19383.88,72.49,95,0.0,3330.86
19383.88,72.14,93,0.0,3330.86
19383.88,72.27,93,0.0,3330.86
19383.88,72.07,94,1.2125,3330.86
19383.88,71.71,94,0.0,3330.86
19383.88,71.63,95,0.0,3330.86
19383.88,71.63,95,1.2125,3330.86
19383.88,71.8,95,0.0,3330.86
19383.88,72.06,95,0.0,3330.86
19383.88,71.53,94,0.0,3330.86
19383.88,71.64,94,1.2125,3330.86
19383.88,71.64,93,0.0,3330.86
19383.88,71.64,93,0.0,3330.86
19383.88,71.9,95,1.2125,3330.86
19383.88,71.95,93,0.0,3330.86
19383.88,71.89,93,0.0,3330.86
19383.88,72.05,93,1.2125,3330.86
19383.88,71.65,95,1.2125,3330.86
19383.88,71.62,95,0.0,3330.86
19383.88,71.09,94,0.0,3330.86
19383.88,71.46,94,1.225,3330.86
19383.88,71.24,95,0.0,3330.86
19383.88,72.05,94,0.0,3330.86
19383.88,72.21,94,1.2125,3330.86
19383.88,72.17,94,0.0,3330.86
19383.88,72.19,94,0.0,3330.86
19383.88,71.97,93,1.2125,3330.86
19383.88,72.18,93,0.0,3330.86
19383.88,71.97,93,0.0,3330.86
19383.88,71.95,93,1.2125,3330.86
19383.88,72.09,94,0.0,3330.86
19383.88,72.12,94,0.0,3330.86
19383.88,72.11,94,1.2125,3330.86
19383.88,72.04,94,0.0,3330.86
19383.88,71.72,94,0.0,3330.86
19383.88,72.0,94,1.225,3330.86
19383.88,71.62,94,0.0,3330.86
19383.88,72.14,95,0.0,3330.86
19383.88,71.61,95,0.0,3330.86
19383.88,71.97,76,2.4375,3330.86
19383.88,73.34,76,0.0,3330.86
19383.88,73.57,100,1.2125,3330.86
19383.88,73.59,100,0.0,3330.86
19383.88,72.7,95,0.0,3330.86
19383.88,72.75,95,1.225,3330.86
19383.88,73.11,95,1.225,3330.86
19383.88,72.8,95,0.0,3330.86
19383.88,73.29,95,0.0,3330.86
19383.88,73.19,95,1.225,3330.86
19383.88,73.25,95,0.0,3330.86
19383.88,73.16,95,0.0,3330.86
19383.88,71.93,95,0.0,3330.86
19383.88,71.53,95,0.0,3330.86
19383.88,71.95,95,1.225,3330.86
19383.88,71.86,95,0.0,3330.86
19383.88,71.75,93,0.0,3330.86
19383.88,72.12,93,1.2125,3330.86
19383.88,72.11,95,0.0,3330.86
19383.88,71.9,95,0.0,3330.86
19383.88,72.16,95,1.2125,3330.86
19383.88,72.19,95,0.0,3330.86
19383.88,71.99,95,0.0,3330.86
19383.88,72.01,95,0.0,3330.86
19383.88,72.15,94,1.2125,3330.86
19383.88,72.33,94,0.0,3330.86
19383.88,72.19,95,0.0,3330.86
19383.88,71.99,95,1.2125,3330.86
19383.88,71.86,94,0.0,3330.86
19383.88,71.51,94,0.0,3330.86
19383.88,72.05,93,1.2125,3330.86
19383.88,72.14,93,0.0,3330.86
19383.88,71.8,94,0.0,3330.86
19383.88,71.88,94,1.2125,3330.86
19383.88,71.88,95,0.0,3330.86
19383.88,72.05,95,0.0,3330.86
19383.88,72.15,95,1.2125,3330.86
19383.88,72.21,95,0.0,3330.86
19383.88,72.06,95,0.0,3330.86
19383.88,72.02,95,0.0,3330.86
19383.88,71.93,95,1.2125,3330.86
19383.88,71.78,95,0.0,3330.86
19383.88,71.9,95,0.0,3330.86
19383.88,71.95,95,2.4375,3330.86
19383.88,72.04,93,0.0,3330.86
19383.88,72.17,93,0.0,3330.86
19383.88,72.17,93,1.2125,3330.86
19383.88,72.14,93,0.0,3330.86
19383.88,72.1,94,0.0,3330.86
19383.88,72.13,94,1.2125,3330.86
19383.88,72.11,95,0.0,3330.86
19383.88,71.84,94,0.0,3330.86
19383.88,69.39,94,2.4375,3330.86
19383.88,70.41,75,0.0,3330.86
19383.88,70.5,75,0.0,3330.86
19383.88,70.91,75,0.0,3330.86
19383.88,70.76,100,0.0,3330.86
19383.88,71.09,100,2.45,3330.86
19383.88,70.96,100,0.0,3330.86
19383.88,71.17,96,0.0,3330.86
19383.88,71.2,95,1.2125,3330.86
19383.88,71.4,95,0.0,3330.86
19383.88,71.16,95,0.0,3330.86
19383.88,72.99,95,0.0,3330.98
19383.88,72.99,95,1.225,3330.98
19383.88,73.08,95,0.0,3330.98
19383.88,72.93,95,0.0,3330.98
19383.88,72.88,94,0.0,3330.98
19383.88,72.36,94,1.2125,3330.98
19383.88,72.04,92,0.0,3330.98
19383.88,72.02,92,0.0,3330.98
19383.88,71.68,95,1.175,3330.98
19383.88,72.05,95,0.0,3330.98
19383.88,71.86,94,0.0,3330.98
19383.88,72.15,94,0.0,3330.98
19383.88,71.84,94,1.2125,3330.98
19383.88,71.98,94,0.0,3330.98
19383.88,71.99,94,0.0,3330.98
19383.88,72.56,94,1.2125,3330.98
19383.88,72.65,94,0.0,3330.98
19383.88,73.08,95,0.0,3330.98
19383.88,73.22,95,2.4125,3330.98
19383.88,73.76,95,0.0,3330.98
19383.88,73.58,95,0.0,3330.98
19383.88,73.88,95,0.0,3330.98
19383.88,73.37,95,1.225,3330.98
19383.88,73.42,95,0.0,3330.98
19383.88,72.96,95,0.0,3330.98
19383.88,73.04,95,1.2125,3330.98
19383.88,72.42,95,0.0,3330.98
19383.88,72.48,95,0.0,3330.98
19383.88,72.11,95,0.0,3330.98
19383.88,72.06,95,1.225,3330.98
19383.88,71.52,95,0.0,3330.98
19383.88,71.86,95,0.0,3330.98
19383.88,71.64,95,0.0,3331.11
19383.88,71.86,94,1.2125,3331.11
19383.88,71.49,94,0.0,3331.11
19383.88,71.79,95,0.0,3331.11
19383.88,71.58,95,0.0,3331.11
19383.88,72.19,95,1.225,3331.11
19383.88,72.1,95,0.0,3331.11
19383.88,72.37,92,0.0,3331.11
19383.88,72.32,92,0.0,3331.11
19383.88,72.46,94,1.225,3331.11
19383.88,72.24,94,0.0,3331.11
19383.88,72.1,95,0.0,3331.11
19383.88,71.95,95,1.1375,3331.11
19383.88,71.73,94,1.1625,3331.11
19383.88,73.86,94,0.0,3331.11
19383.88,74.28,76,2.45,3331.11
19383.88,74.23,76,0.0,3331.11
19383.88,73.2,98,0.0,3331.11
19383.88,72.98,98,1.225,3331.11
19383.88,73.05,94,0.0,3331.11
19383.88,73.16,94,0.0,3331.11
19383.88,73.3,94,1.225,3331.11
19383.88,74.07,95,0.0,3331.11
19383.88,74.07,95,0.0,3331.11
19383.88,74.04,95,0.0,3331.11
19383.88,71.63,95,1.2125,3331.11
19383.88,71.36,95,0.0,3331.11
19383.88,70.79,95,0.0,3331.11
19383.88,71.72,94,1.2125,3331.11
19383.88,71.68,94,0.0,3331.11
19383.88,71.67,95,0.0,3331.11
19383.88,71.69,95,1.2125,3331.11
19383.88,71.6,95,0.0,3331.11
19383.88,71.78,95,0.0,3331.11
19383.88,71.8,95,1.2125,3331.11
19383.88,71.81,95,0.0,3331.11
19383.88,71.81,95,0.0,3331.11
19383.88,72.4,95,1.2,3331.11
19383.88,72.38,92,0.0,3331.11
19383.88,72.34,92,0.0,3331.11
19383.88,72.34,95,1.2125,3331.11
19383.88,72.17,95,0.0,3331.11
19383.88,71.93,95,0.0,3331.11
19383.88,72.05,95,1.2125,3331.11
19383.88,71.98,93,0.0,3331.11
19383.88,71.96,93,0.0,3331.11
19383.88,72.05,94,0.0,3331.11
19383.88,71.88,95,1.2125,3331.11
19383.88,71.81,95,0.0,3331.11
19383.88,71.78,95,1.2125,3331.11
19383.88,71.8,95,1.2125,3331.11
19383.88,71.9,95,0.0,3331.11
19383.88,71.82,95,0.0,3331.11
19383.88,71.67,95,0.0,3331.11
19383.88,71.59,95,1.225,3331.11
19383.88,71.65,95,0.0,3331.11
19383.88,71.58,95,0.0,3331.11
19383.88,71.61,94,1.225,3331.11
19383.88,71.72,94,0.0,3331.11
19383.88,71.74,94,0.0,3331.11
19383.88,71.72,94,0.0,3331.11
19383.88,71.73,95,0.0,3331.11
19383.88,71.65,95,1.225,3331.11
19383.88,71.67,95,0.0,3331.11
19383.88,71.65,95,2.4375,3331.11
19383.88,67.91,76,0.0,3331.11
19383.88,67.95,76,0.0,3331.11
19383.88,68.39,100,0.0,3331.11
19383.88,68.35,100,1.225,3331.11
19383.88,68.14,97,0.0,3331.11
19383.88,67.87,97,0.0,3331.11
19383.88,68.39,94,0.0,3331.11
19383.88,68.26,94,1.2125,3331.11
19383.88,68.73,95,1.2125,3331.11
19383.88,67.91,95,0.0,3331.11
19383.88,68.28,93,0.0,3331.11
19383.88,71.79,95,0.0,3331.11
19383.88,71.73,95,1.2125,3331.11
19383.88,71.28,95,0.0,3331.11
19383.88,71.23,95,1.1875,3331.11
19383.88,71.48,95,0.0,3331.11
19383.88,71.11,95,0.0,3331.11
19383.88,71.42,94,0.0,3331.11
19383.88,71.22,94,1.2125,3331.11
19383.88,71.72,94,0.0,3331.11
19383.88,72.0,94,0.0,3331.11
19383.88,71.76,95,0.0,3331.11
19383.88,71.7,95,1.2125,3331.11
19383.88,71.64,95,0.0,3331.11
19383.88,71.9,95,0.0,3331.11
19383.88,72.03,95,1.2125,3331.11
19383.88,72.07,95,0.0,3331.11
19383.88,71.7,95,0.0,3331.11
19383.88,71.42,95,1.2125,3331.11
19383.88,71.19,95,0.0,3331.11
19383.88,71.63,95,1.15,3331.11
19383.88,71.01,95,1.2125,3331.11
19383.88,71.35,95,0.0,3331.11
19383.88,71.46,95,0.0,3331.11
19383.88,71.71,95,1.2125,3331.11
19383.88,71.73,95,0.0,3331.11
19383.88,71.54,95,0.0,3331.11
19383.88,71.52,95,1.225,3331.11
19383.88,71.73,95,0.0,3331.11
19383.88,71.82,95,0.0,3331.11
19383.88,71.88,95,0.0,3331.11
19383.88,71.81,96,0.0,3331.11
19383.88,71.7,96,1.2,3331.11
19383.88,71.77,95,0.0,3331.11
19383.88,71.79,95,1.175,3331.11
19383.88,71.79,95,0.0,3331.11
19383.88,71.81,95,0.0,3331.11
19383.88,71.88,96,0.0,3331.11
19383.88,71.83,96,0.0,3331.11
19383.88,71.93,96,1.25,3331.11
19383.88,71.89,96,0.0,3331.11
19383.88,71.73,97,0.0,3331.11
19383.88,71.53,97,1.2375,3331.11
19383.88,74.04,83,1.25,3331.11
19383.88,73.96,100,0.0,3331.11
19383.88,73.79,100,0.0,3331.11
19383.88,73.06,97,1.25,3331.11
19383.88,72.81,97,0.0,3331.11
19383.88,73.27,97,0.0,3331.11
19383.88,73.27,97,1.25,3331.11
19383.88,73.42,97,0.0,3331.11
19383.88,73.62,97,0.0,3331.11
19383.88,73.97,97,1.25,3331.11
19383.88,71.71,97,0.0,3331.11
19383.88,71.59,97,0.0,3331.11
19383.88,71.27,97,0.0,3331.11
19383.88,72.11,97,1.25,3331.11
19383.88,72.38,97,0.0,3331.11
19383.88,72.08,97,0.0,3331.11
19383.88,72.08,97,1.25,3331.11
19383.88,72.18,97,0.0,3331.11
19383.88,71.87,97,0.0,3331.11
19383.88,72.02,97,0.0,3331.11
19383.88,72.17,97,1.25,3331.11
19383.88,71.82,97,0.0,3331.11
19383.88,71.89,97,1.25,3331.11
19383.88,71.86,97,0.0,3331.11
19383.88,72.11,97,1.25,3331.11
19383.88,72.29,97,0.0,3331.11
19383.88,71.99,96,0.0,3331.11
19383.88,72.16,96,1.25,3331.11
19383.88,71.85,97,0.0,3331.11
19383.88,72.04,97,0.0,3331.11
19383.88,71.87,96,1.25,3331.11
19383.88,71.88,96,0.0,3331.11
19383.88,72.13,96,0.0,3331.11
19383.88,71.99,96,0.0,3331.11
19383.88,72.09,97,1.25,3331.11
19383.88,72.1,97,0.0,3331.11
19383.88,72.29,97,0.0,3331.11
19383.88,71.97,96,0.0,3331.11
19383.88,72.2,96,1.2125,3331.11
19383.88,71.98,97,1.1,3331.11
19383.88,72.11,97,1.2,3331.11
19383.88,71.75,97,0.0,3331.11
19383.88,71.7,97,0.0,3331.11
19383.88,71.97,97,0.0,3331.11
19383.88,71.89,97,1.2125,3331.11
19383.88,72.09,97,0.0,3331.11
19383.88,71.93,97,0.0,3331.11
19383.88,71.95,96,0.0,3331.11
19383.88,72.25,96,0.0,3331.11
19383.88,71.98,97,0.0,3331.11
19383.88,72.18,97,2.45,3331.11
19383.88,70.05,90,0.0,3331.11
19383.88,70.4,90,0.0,3331.11
19383.88,70.44,91,2.4875,3331.11
19383.88,70.37,91,1.2375,3331.11
19383.88,69.81,96,0.0,3331.11
19383.88,70.0,96,0.0,3331.11
19383.88,70.02,95,1.25,3331.11
19383.88,70.14,95,0.0,3331.11
19383.88,70.09,96,0.0,3331.11
19383.88,70.35,96,0.0,3331.11
19383.88,70.42,96,1.25,3331.11
19383.88,70.42,96,0.0,3331.11
19383.88,72.36,97,0.0,3331.11
19383.88,72.02,97,1.25,3331.11
19383.88,71.8,96,0.0,3331.11
19383.88,72.25,96,0.0,3331.11
19383.88,71.8,94,0.0,3331.11
19383.88,72.24,94,1.2375,3331.11
19383.88,71.83,95,0.0,3331.11
19383.88,71.91,95,0.0,3331.11
19383.88,71.68,95,1.2375,3331.11
19383.88,71.73,95,0.0,3331.11
19383.88,71.6,94,0.0,3331.11
19383.88,71.57,94,0.0,3331.11
19383.88,71.54,95,1.2375,3331.11
19383.88,71.6,95,0.0,3331.11
19383.88,71.61,95,0.0,3331.11
19383.88,72.04,95,0.0,3331.11
19383.88,71.89,95,1.2375,3331.11
19383.88,71.82,95,0.0,3331.11
19383.88,71.88,95,0.0,3331.11
19383.88,71.84,95,1.2375,3331.11
19383.88,71.67,95,0.0,3331.11
19383.88,71.57,95,1.25,3331.11
19383.88,71.52,95,0.0,3331.11
19383.88,71.68,95,0.0,3331.11
19383.88,71.85,95,1.2375,3331.11
19383.88,72.09,95,0.0,3331.11
19383.88,71.66,95,0.0,3331.11
19383.88,71.67,95,0.0,3331.11
19383.88,71.65,95,1.2125,3331.11
19383.88,71.6,95,0.0,3331.11
19383.88,71.52,95,0.0,3331.11
19383.88,71.54,94,1.2125,3331.11
19383.88,71.67,94,0.0,3331.11
19383.88,71.75,95,1.2125,3331.11
19383.88,71.61,95,0.0,3331.11
19383.88,71.86,95,0.0,3331.11
19383.88,72.09,95,1.2125,3331.11
19383.88,72.01,96,0.0,3331.11
19383.88,71.84,96,0.0,3331.11
19383.88,71.89,96,0.0,3331.11
19383.88,69.42,96,3.6,3331.11
19383.88,69.53,81,0.0,3331.11
19383.88,69.53,81,0.0,3331.11
19383.88,69.4,100,1.225,3331.11
19383.88,69.7,100,0.0,3331.11
19383.88,68.84,97,0.0,3331.11
19383.88,68.77,97,0.0,3331.11
19383.88,69.07,95,1.2125,3331.11
19383.88,69.31,95,0.0,3331.11
19383.88,69.22,96,0.0,3331.11
19383.88,69.38,96,0.0,3331.11
19383.88,72.05,95,1.225,3331.11
19383.88,72.06,95,0.0,3331.11
19383.88,72.13,95,0.0,3331.11
19383.88,72.17,95,1.225,3331.11
19383.88,71.77,95,0.0,3331.11
19383.88,72.25,95,0.0,3331.11
19383.88,71.92,95,0.0,3331.11
19383.88,71.97,95,1.2125,3331.11
19383.88,71.46,95,0.0,3331.11
19383.88,71.75,95,0.0,3331.11
19383.88,71.47,95,0.0,3331.11
19383.88,71.74,95,1.2125,3331.11
19383.88,71.62,95,0.0,3331.11
19383.88,71.51,95,0.0,3331.11
19383.88,71.59,95,1.2125,3331.11
19383.88,71.59,95,0.0,3331.11
19383.88,71.82,96,0.0,3331.11
19383.88,71.73,96,1.2125,3331.11
19383.88,71.81,95,0.0,3331.11
19383.88,71.86,95,1.2125,3331.11
19383.88,71.92,96,0.0,3331.11
19383.88,71.76,96,1.225,3331.11
19383.88,71.49,96,0.0,3331.11
19383.88,71.23,96,0.0,3331.11
19383.88,71.39,95,0.0,3331.11
19383.88,71.23,95,0.0,3331.11
19383.88,71.61,95,1.2125,3331.11
19383.88,71.33,95,0.0,3331.11
19383.88,71.66,95,0.0,3331.11
19383.88,71.75,95,0.0,3331.11
19383.88,71.98,95,1.225,3331.11
19383.88,71.91,95,0.0,3331.11
19383.88,71.78,95,0.0,3331.11
19383.88,71.78,95,0.0,3331.11
19383.88,71.85,95,1.225,3331.11
19383.88,71.94,92,0.0,3331.11
19383.88,72.24,92,0.0,3331.11
19383.88,71.52,94,0.0,3331.11
19383.88,71.65,94,0.0,3331.11
19383.88,71.16,95,1.2125,3331.11
19383.88,71.15,95,0.0,3331.11
19383.88,70.82,96,0.0,3331.11
19383.88,71.27,96,2.425,3331.11
19383.88,69.31,90,1.1875,3331.11
19383.88,69.89,90,0.0,3331.11
19383.88,69.83,89,0.0,3331.11
19383.88,69.97,89,0.0,3331.11
19383.88,69.18,97,1.2125,3331.11
19383.88,69.95,97,0.0,3331.11
19383.88,70.03,94,0.0,3331.11
19383.88,70.06,94,1.225,3331.11
19383.88,70.22,94,0.0,3331.11
19383.88,70.22,94,0.0,3331.11
19383.88,70.23,95,1.2125,3331.11
19383.88,72.0,95,0.0,3331.11
19383.88,71.92,94,0.0,3331.11
19383.88,71.93,94,0.0,3331.11
19383.88,71.34,95,1.225,3331.11
19383.88,71.96,95,0.0,3331.11
19383.88,72.02,95,0.0,3331.11
19383.88,71.91,95,0.0,3331.11
19383.88,72.1,95,0.0,3331.11
19383.88,71.88,95,1.225,3331.11
19383.88,71.99,95,0.0,3331.11
19383.88,71.9,95,1.225,3331.11
19383.88,71.66,95,0.0,3331.11
19383.88,71.38,95,1.225,3331.11
19383.88,71.14,95,0.0,3331.11
19383.88,71.93,95,0.0,3331.11
19383.88,72.1,95,0.0,3331.11
19383.88,72.03,95,0.0,3331.11
19383.88,71.99,95,1.225,3331.11
19383.88,71.9,95,0.0,3331.11
19383.88,71.98,95,0.0,3331.11
19383.88,71.61,93,1.2125,3331.11
19383.88,71.65,93,0.0,3331.11
19383.88,71.42,93,0.0,3331.11
19383.88,71.48,93,0.0,3331.11
19383.88,71.57,95,0.0,3331.11
19383.88,71.17,95,1.1875,3331.11
19383.88,71.17,95,0.0,3331.11
19383.88,71.38,95,1.2125,3331.11
19383.88,71.49,94,0.0,3331.11
19383.88,71.6,94,0.0,3331.11
19383.88,71.74,95,0.0,3331.11
19383.88,71.67,95,1.2125,3331.11
19383.88,72.05,95,1.2125,3331.11
19383.88,72.11,95,0.0,3331.11
19383.88,72.09,95,1.2125,3331.11
19383.88,72.08,95,0.0,3331.11
19383.88,72.02,93,0.0,3331.11
19383.88,71.98,95,0.0,3331.11
19383.88,71.76,95,1.2125,3331.11
19383.88,71.23,95,0.0,3331.11
19383.88,71.55,95,0.0,3331.11
19383.88,73.52,78,2.4375,3331.11
19383.88,73.96,78,0.0,3331.11
19383.88,73.89,78,0.0,3331.11
19383.88,72.88,100,1.2125,3331.11
19383.88,72.66,96,0.0,3331.11
19383.88,72.7,96,0.0,3331.11
19383.88,72.85,93,1.225,3331.11
19383.88,73.04,93,0.0,3331.11
19383.88,73.43,93,0.0,3331.11
19383.88,73.74,94,1.2125,3331.11
19383.88,73.6,94,0.0,3331.11
19383.88,71.97,94,0.0,3331.11
19383.88,71.67,95,0.0,3331.11
19383.88,71.47,95,1.2125,3331.11
19383.88,72.23,94,0.0,3331.11
19383.88,72.45,94,0.0,3331.11
19383.88,72.45,94,0.0,3331.11
19383.88,72.39,94,1.2125,3331.11
19383.88,72.16,94,0.0,3331.11
19383.88,71.76,94,0.0,3331.11
19383.88,71.62,95,1.2125,3331.11
19383.88,72.13,95,1.225,3331.11
19383.88,71.96,95,0.0,3331.11
19383.88,71.11,95,0.0,3331.11
19383.88,71.33,94,0.0,3331.11
19383.88,71.53,94,1.225,3331.11
19383.88,71.49,95,0.0,3331.11
19383.88,71.29,95,0.0,3331.11
19383.88,71.23,95,0.0,3331.11
19383.88,71.36,95,1.2125,3331.11
19383.88,71.53,95,0.0,3331.11
19383.88,71.81,95,0.0,3331.11
19383.88,71.14,95,1.225,3331.11
19383.88,70.96,95,0.0,3331.11
19383.88,71.76,95,0.0,3331.11
19383.88,71.83,95,0.0,3331.11
19383.88,71.96,95,1.225,3331.11
19383.88,71.89,95,0.0,3331.11
19383.88,71.88,95,0.0,3331.11
19383.88,71.98,95,0.0,3331.11
19383.88,72.22,95,0.0,3331.11
19383.88,71.65,95,1.2125,3331.11
19383.88,71.56,95,0.0,3331.11
19383.88,71.57,95,0.0,3331.11
19383.88,71.71,95,1.225,3331.11
19383.88,71.88,95,1.225,3331.11
19383.88,71.9,95,0.0,3331.11
19383.88,71.82,95,0.0,3331.11
19383.88,71.79,95,0.0,3331.11
19383.88,71.8,94,1.225,3331.11
19383.88,71.82,94,0.0,3331.11
19383.88,71.97,95,0.0,3331.11
19383.88,68.7,95,2.4375,3331.11
19383.88,68.7,81,0.0,3331.11
19383.88,68.92,81,1.225,3331.11
19383.88,68.48,98,0.0,3331.11
19383.88,68.21,98,0.0,3331.11
19383.88,68.61,94,0.0,3331.11
19383.88,68.88,94,1.2125,3331.11
19383.88,69.1,95,0.0,3331.11
19383.88,69.1,95,0.0,3331.11
19383.88,68.49,96,1.2125,3331.11
19383.88,68.94,96,0.0,3331.11
19383.88,72.14,96,0.0,3331.11
19383.88,72.1,96,0.0,3331.11
19383.88,71.84,97,1.225,3331.11
19383.88,72.16,97,0.0,3331.11
19383.88,72.25,97,0.0,3331.11
19383.88,71.75,97,0.0,3331.11
19383.88,71.64,95,1.2375,3331.11
19383.88,71.58,95,0.0,3331.11
19383.88,71.37,94,0.0,3331.11
19383.88,71.94,94,0.0,3331.11
19383.88,71.49,94,1.2375,3331.11
19383.88,71.55,94,0.0,3331.11
19383.88,71.2,95,0.0,3331.11
19383.88,71.39,95,0.0,3331.11
19383.88,71.38,95,1.25,3331.11
19383.88,71.51,95,0.0,3331.11
19383.88,71.6,94,0.0,3331.11
19383.88,71.52,94,1.25,3331.11
19383.88,71.41,95,1.2375,3331.11
19383.88,71.39,95,0.0,3331.11
19383.88,70.93,94,0.0,3331.11
19383.88,71.4,94,1.2375,3331.11
19383.88,71.42,95,0.0,3331.11
19383.88,71.59,95,0.0,3331.11
19383.88,71.73,95,1.2375,3331.11
19383.88,71.87,95,0.0,3331.11
19383.88,72.12,93,0.0,3331.11
19383.88,72.21,93,0.0,3331.11
19383.88,72.21,95,1.2375,3331.11
19383.88,72.18,95,0.0,3331.11
19383.88,72.28,95,0.0,3331.11
19383.88,72.19,95,1.25,3331.11
19383.88,71.97,95,0.0,3331.11
19383.88,71.65,95,0.0,3331.11
19383.88,72.01,95,1.25,3331.11
19383.88,71.78,95,0.0,3331.11
19383.88,71.99,93,0.0,3331.11
19383.88,71.64,93,0.0,3331.11
19383.88,71.92,94,0.0,3331.11
19383.88,72.1,94,1.25,3331.11
19383.88,71.88,95,0.0,3331.11
19383.88,71.89,95,2.475,3331.11
19383.88,70.44,90,0.0,3331.11
19383.88,70.8,90,0.0,3331.11
19383.88,71.11,87,1.25,3331.11
19383.88,71.09,87,0.0,3331.11
19383.88,70.62,97,0.0,3331.11
19383.88,70.46,97,0.0,3331.11
19383.88,70.66,95,1.25,3331.11
19383.88,70.48,95,0.0,3331.11
19383.88,70.4,95,0.0,3331.11
19383.88,70.76,94,0.0,3331.11
19383.88,71.03,94,1.225,3331.11
19383.88,73.08,95,0.0,3331.11
19383.88,72.54,95,0.0,3331.11
19383.88,72.39,95,0.0,3331.11
19383.88,71.87,95,1.225,3331.11
19383.88,72.5,95,0.0,3331.11
19383.88,72.46,95,0.0,3331.11
19383.88,72.45,95,0.0,3331.11
19383.88,72.31,95,1.225,3331.11
19383.88,72.1,96,0.0,3331.11
19383.88,72.37,96,0.0,3331.11
19383.88,71.96,95,0.0,3331.11
19383.88,71.69,95,2.4375,3331.11
19383.88,71.53,95,0.0,3331.11
19383.88,71.61,95,0.0,3331.11
19383.88,71.88,95,0.0,3331.11
19383.88,71.9,95,0.0,3331.11
19383.88,71.77,95,1.225,3331.11
19383.88,72.01,95,0.0,3331.11
19383.88,71.75,95,0.0,3331.11
19383.88,71.68,95,0.0,3331.11
19383.88,71.52,95,0.0,3331.11
19383.88,71.47,95,1.225,3331.11
19383.88,71.61,95,0.0,3331.11
19383.88,71.65,95,0.0,3331.11
19383.88,71.75,96,0.0,3331.11
19383.88,71.88,96,1.225,3331.11
19383.88,72.05,96,0.0,3331.11
19383.88,71.86,96,0.0,3331.11
19383.88,71.81,96,0.0,3331.11
19383.88,72.0,96,0.0,3331.11
19383.88,71.79,97,1.2375,3331.11
19383.88,72.02,97,0.0,3331.11
19383.88,71.75,96,0.0,3331.11
19383.88,72.08,96,0.0,3331.11
19383.88,71.94,96,0.0,3331.11
19383.88,72.1,96,1.225,3331.11
19383.88,71.78,96,0.0,3331.11
19383.88,71.83,96,0.0,3331.11
19383.88,72.1,95,1.2375,3331.11
19383.88,71.72,95,1.1875,3331.11
19383.88,71.87,95,1.225,3331.11
19383.88,70.38,95,0.0,3331.11
19383.88,70.67,83,1.2125,3331.11
19383.88,70.89,83,0.0,3331.11
19383.88,70.86,100,0.0,3331.11
19383.88,70.46,100,1.2125,3331.11
19383.88,70.34,94,0.0,3331.11
19383.88,70.63,94,0.0,3331.11
19383.88,70.52,95,0.0,3331.11
19383.88,70.53,95,1.2125,3331.11
19383.88,70.81,93,0.0,3331.11
19383.88,70.5,93,0.0,3331.11
19383.88,72.31,95,1.2125,3331.11
19383.88,71.87,95,0.0,3331.11
19383.88,71.83,94,0.0,3331.11
19383.88,71.33,94,0.0,3331.11
19383.88,71.91,95,1.225,3331.11
19383.88,71.9,95,0.0,3331.11
19383.88,71.86,95,0.0,3331.11
19383.88,71.75,95,1.2125,3331.11
19383.88,71.62,95,0.0,3331.11
19383.88,71.94,95,0.0,3331.11
19383.88,71.88,95,1.2125,3331.11
19383.88,71.63,95,0.0,3331.11
19383.88,71.63,95,0.0,3331.11
19383.88,71.79,95,1.2125,3331.11
19383.88,71.86,95,1.2125,3331.11
19383.88,71.82,95,0.0,3331.11
19383.88,71.82,95,0.0,3331.11
19383.88,71.84,95,1.2125,3331.11
19383.88,71.68,95,0.0,3331.11
19383.88,71.61,96,0.0,3331.11
19383.88,71.44,96,0.0,3331.11
19383.88,71.65,95,1.2125,3331.11
19383.88,71.72,96,0.0,3331.11
19383.88,71.97,96,0.0,3331.11
19383.88,71.97,95,1.175,3331.11
19383.88,72.19,95,0.0,3331.11
19383.88,71.89,95,0.0,3331.11
19383.88,72.15,95,1.2,3331.11
19383.88,72.07,95,0.0,3331.11
19383.88,71.89,95,0.0,3331.11
19383.88,71.95,95,1.2125,3331.11
19383.88,71.87,95,0.0,3331.11
19383.88,71.81,95,0.0,3331.11
19383.88,71.95,95,1.2125,3331.11
19383.88,71.82,94,0.0,3331.11
19383.88,71.94,94,0.0,3331.11
19383.88,72.11,95,1.2125,3331.11
19383.88,72.22,95,0.0,3331.11
19383.88,72.04,95,0.0,3331.11
19383.88,71.96,95,0.0,3331.11
19383.88,71.96,95,2.425,3331.11
19383.88,73.49,95,1.2125,3331.11
19383.88,73.48,81,1.2125,3331.11
19383.88,73.73,81,0.0,3331.11
19383.88,73.59,100,0.0,3331.11
19383.88,73.35,100,1.2,3331.11
19383.88,73.14,94,0.0,3331.11
19383.88,73.14,94,0.0,3331.11
19383.88,73.38,95,1.2125,3331.11
19383.88,73.27,95,0.0,3331.11
19383.88,73.42,95,0.0,3331.11
19383.88,73.58,95,1.2125,3331.11
19383.88,72.5,95,0.0,3331.11
19383.88,72.4,95,0.0,3331.11
19383.88,72.24,95,0.0,3331.11
19383.88,71.8,95,1.2125,3331.11
19383.88,72.35,95,0.0,3331.11
19383.88,72.26,95,0.0,3331.11
19383.88,72.24,95,1.2125,3331.11
19383.88,71.99,95,0.0,3331.11
19383.88,72.03,95,0.0,3331.11
19383.88,71.98,95,0.0,3331.11
19383.88,71.91,95,1.225,3331.11
19383.88,71.38,94,0.0,3331.11
19383.88,71.29,94,0.0,3331.11
19383.88,71.29,95,1.225,3331.11
19383.88,71.67,95,0.0,3331.11
19383.88,71.89,94,1.225,3331.11
19383.88,71.66,94,0.0,3331.11
19383.88,71.96,95,0.0,3331.11
19383.88,72.11,95,1.2125,3331.11
19383.88,72.54,92,0.0,3331.11
19383.88,72.45,92,0.0,3331.11
19383.88,72.27,95,0.0,3331.11
19383.88,72.5,95,1.225,3331.11
19383.88,72.56,95,0.0,3331.11
19383.88,72.64,95,0.0,3331.11
19383.88,72.54,95,0.0,3331.11
19383.88,72.5,95,0.0,3331.11
19383.88,72.33,95,1.225,3331.11
19383.88,72.42,95,0.0,3331.11
19383.88,71.97,95,0.0,3331.11
19383.88,71.69,95,0.0,3331.11
19383.88,71.46,95,1.225,3331.11
19383.88,71.85,95,0.0,3331.11
19383.88,71.63,95,0.0,3331.11
19383.88,71.93,95,0.0,3331.11
19383.88,71.68,95,1.225,3331.11
19383.88,72.02,95,0.0,3331.11
19383.88,72.1,95,0.0,3331.11
19383.88,72.21,95,1.2125,3331.11
19383.88,72.3,93,0.0,3331.11
19383.88,72.14,93,1.2125,3331.11
19383.88,72.18,95,2.425,3331.11
19383.88,68.93,95,0.0,3331.11
19383.88,69.23,77,1.2125,3331.11
19383.88,69.39,77,0.0,3331.11
19383.88,69.33,100,0.0,3331.11
19383.88,69.62,100,0.0,3331.11
19383.88,69.5,100,1.2125,3331.11
19383.88,68.42,100,0.0,3331.11
19383.88,68.1,94,1.2,3331.11
19383.88,68.1,94,0.0,3331.11
19383.88,68.11,92,0.0,3331.11
19383.88,68.34,92,0.0,3331.11
19383.88,72.21,93,0.0,3331.11
19383.88,72.28,93,1.225,3331.11
19383.88,72.79,94,0.0,3331.11
19383.88,73.1,94,0.0,3331.11
19383.88,72.78,95,0.0,3331.11
19383.88,73.2,95,1.225,3331.11
19383.88,73.66,95,0.0,3331.11
19383.88,73.04,95,0.0,3331.11
19383.88,73.54,95,0.0,3331.11
19383.88,73.05,95,1.225,3331.11
19383.88,72.8,95,0.0,3331.11
19383.88,72.33,95,0.0,3331.11
19383.88,72.14,94,0.0,3331.11
19383.88,71.38,95,1.2125,3331.11
19383.88,71.55,95,0.0,3331.11
19383.88,71.12,95,0.0,3331.11
19383.88,71.54,95,1.2125,3331.11
19383.88,71.09,95,1.2125,3331.11
19383.88,71.66,95,0.0,3331.11
19383.88,71.19,95,1.2125,3331.11
19383.88,71.59,95,0.0,3331.11
19383.88,71.19,95,0.0,3331.11
19383.88,71.45,95,1.2125,3331.11
19383.88,70.72,95,0.0,3331.11
19383.88,71.26,95,0.0,3331.11
19383.88,70.8,95,0.0,3331.11
19383.88,71.63,89,1.2125,3331.11
19383.88,71.63,89,0.0,3331.11
19383.88,71.74,95,0.0,3331.11
19383.88,71.64,95,1.2125,3331.11
19383.88,71.91,94,0.0,3331.11
19383.88,71.9,94,0.0,3331.11
19383.88,71.6,94,1.225,3331.11
19383.88,71.58,94,0.0,3331.11
19383.88,71.65,94,0.0,3331.11
19383.88,71.62,94,0.0,3331.11
19383.88,71.4,95,0.0,3331.11
19383.88,71.11,95,1.225,3331.11
19383.88,71.64,95,0.0,3331.11
19383.88,71.21,95,0.0,3331.11
19383.88,71.42,95,0.0,3331.11
19383.88,70.9,95,1.225,3331.11
19383.88,71.49,96,0.0,3331.11
19383.88,70.93,96,0.0,3331.11
19383.88,68.05,82,2.425,3331.11
19383.88,68.03,82,0.0,3331.11
19383.88,68.46,98,0.0,3331.11
19383.88,68.37,98,1.2125,3331.11
19383.88,67.98,97,0.0,3331.11
19383.88,68.0,97,0.0,3331.11
19383.88,68.39,95,1.2125,3331.11
19383.88,68.46,95,0.0,3331.11
19383.88,68.7,96,0.0,3331.11
19383.88,68.7,96,2.4375,3331.11
19383.88,69.47,95,0.0,3331.11
19383.88,72.44,95,0.0,3331.11
19383.88,72.54,95,1.2125,3331.11
19383.88,72.12,95,0.0,3331.11
19383.88,71.89,95,0.0,3331.11
19383.88,72.32,95,0.0,3331.11
19383.88,72.15,95,1.2125,3331.11
19383.88,71.97,95,0.0,3331.11
19383.88,71.99,94,0.0,3331.11
19383.88,72.27,94,1.2125,3331.11
19383.88,72.11,95,0.0,3331.11
19383.88,71.98,95,0.0,3331.11
19383.88,71.93,95,0.0,3331.11
19383.88,71.67,95,0.0,3331.11
19383.88,71.72,95,1.25,3331.11
19383.88,72.06,95,0.0,3331.11
19383.88,72.1,95,0.0,3331.11
19383.88,72.06,95,1.25,3331.11
19383.88,72.34,95,0.0,3331.11
19383.88,71.89,95,0.0,3331.11
19383.88,71.88,95,1.25,3331.11
19383.88,71.78,95,0.0,3331.11
19383.88,71.62,95,0.0,3331.11
19383.88,71.68,96,0.0,3331.11
19383.88,71.73,96,1.25,3331.11
19383.88,71.98,95,0.0,3331.11
19383.88,71.82,95,0.0,3331.11
19383.88,72.01,96,0.0,3331.11
19383.88,71.84,96,1.25,3331.11
19383.88,71.76,97,0.0,3331.11
19383.88,71.86,97,0.0,3331.11
19383.88,71.78,96,0.0,3331.11
19383.88,72.03,96,0.0,3331.11
19383.88,71.82,97,1.25,3331.11
19383.88,71.93,97,0.0,3331.11
19383.88,72.08,95,0.0,3331.11
19383.88,71.95,95,1.2375,3331.11
19383.88,72.06,93,1.25,3331.11
19383.88,72.03,93,0.0,3331.11
19383.88,72.01,95,0.0,3331.11
19383.88,71.83,95,1.2375,3331.11
19383.88,71.95,94,0.0,3331.11
19383.88,68.86,94,1.25,3331.11
19383.88,69.25,81,0.0,3331.11
19383.88,69.27,81,0.0,3331.11
19383.88,69.45,100,1.25,3331.11
19383.88,69.36,100,0.0,3331.11
19383.88,69.45,99,0.0,3331.11
19383.88,68.92,99,0.0,3331.11
19383.88,69.14,99,1.2375,3331.11
19383.88,69.03,94,0.0,3331.11
19383.88,69.21,94,0.0,3331.11
19383.88,68.95,95,1.25,3331.11
19383.88,72.13,95,0.0,3331.11
19383.88,71.73,95,0.0,3331.11
19383.88,71.75,95,1.25,3331.11
19383.88,71.53,94,0.0,3331.11
19383.88,71.33,94,0.0,3331.11
19383.88,71.06,94,0.0,3331.11
19383.88,71.48,94,1.2375,3331.11
19383.88,71.25,95,0.0,3331.11
19383.88,71.35,95,0.0,3331.11
19383.88,71.34,95,0.0,3331.11
19383.88,71.49,95,1.225,3331.11
19383.88,71.23,95,0.0,3331.11
19383.88,71.57,94,0.0,3331.11
19383.88,71.23,94,0.0,3331.11
19383.88,71.45,95,1.225,3331.11
19383.88,71.51,95,0.0,3331.11
19383.88,72.02,95,1.225,3331.11
19383.88,71.95,95,0.0,3331.11
19383.88,72.43,95,1.225,3331.11
19383.88,72.64,95,0.0,3331.11
19383.88,72.58,95,0.0,3331.11
19383.88,72.74,95,0.0,3331.11
19383.88,72.48,95,1.225,3331.11
19383.88,72.32,95,0.0,3331.11
19383.88,72.19,96,0.0,3331.11
19383.88,72.37,96,0.0,3331.11
19383.88,72.25,94,0.0,3331.11
19383.88,72.14,94,1.2125,3331.11
19383.88,71.69,94,0.0,3331.11
19383.88,71.6,92,0.0,3331.11
19383.88,70.67,92,0.0,3331.11
19383.88,71.12,94,1.25,3331.11
19383.88,70.4,94,0.0,3331.11
19383.88,70.86,93,0.0,3331.11
19383.88,70.9,93,0.0,3331.11
19383.88,71.42,95,1.25,3331.11
19383.88,70.86,95,0.0,3331.11
19383.88,71.28,95,0.0,3331.11
19383.88,70.91,95,1.2375,3331.11
19383.88,71.54,95,0.0,3331.11
19383.88,71.07,95,0.0,3331.11
19383.88,71.87,94,0.0,3331.11
19383.88,71.24,94,1.25,3331.11
19383.88,71.78,94,0.0,3331.11
19383.88,70.76,94,2.4875,3331.11
19383.88,67.72,81,0.0,3331.11
19383.88,67.7,81,0.0,3331.11
19383.88,68.04,100,1.2375,3331.11
19383.88,67.62,100,0.0,3331.11
19383.88,67.66,100,0.0,3331.11
19383.88,67.88,94,0.0,3331.11
19383.88,68.07,94,1.2375,3331.11
19383.88,68.4,95,1.2375,3331.11
19383.88,68.24,95,0.0,3331.11
19383.88,69.08,95,0.0,3331.11
19383.88,72.25,95,0.0,3331.11
19383.88,72.3,95,1.25,3331.11
19383.88,71.91,95,0.0,3331.11
19383.88,71.73,94,0.0,3331.11
19383.88,72.1,94,0.0,3331.11
19383.88,72.1,95,0.0,3331.11
19383.88,72.06,95,1.25,3331.11
19383.88,71.99,95,0.0,3331.11
19383.88,71.87,95,0.0,3331.11
19383.88,71.76,95,0.0,3331.11
19383.88,71.86,95,1.25,3331.11
19383.88,71.86,95,0.0,3331.11
19383.88,71.74,95,0.0,3331.11
19383.88,71.51,96,1.2375,3331.11
19383.88,71.59,96,0.0,3331.11
19383.88,71.77,96,0.0,3331.11
19383.88,72.11,96,1.2375,3331.11
19383.88,72.1,97,0.0,3331.11
19383.88,72.27,97,0.0,3331.11
19383.88,72.07,94,0.0,3331.11
19383.88,72.35,94,0.0,3331.11
19383.88,71.93,96,0.0,3331.11
19383.88,72.07,96,1.25,3331.11
19383.88,71.65,94,0.0,3331.11
19383.88,71.68,94,0.0,3331.11
19383.88,71.82,95,0.0,3331.11
19383.88,71.9,95,1.2125,3331.11
19383.88,71.75,95,1.2125,3331.11
19383.88,71.55,95,0.0,3331.11
19383.88,71.51,95,0.0,3331.11
19383.88,71.96,95,1.2,3331.11
19383.88,71.66,93,0.0,3331.11
19383.88,72.16,93,0.0,3331.11
19383.88,72.12,94,1.2125,3331.11
19383.88,72.15,94,0.0,3331.11
19383.88,72.34,95,0.0,3331.11
19383.88,72.25,95,1.175,3331.11
19383.88,72.25,95,0.0,3331.11
19383.88,72.23,95,0.0,3331.11
19383.88,72.45,94,1.2125,3331.11
19383.88,71.89,95,0.0,3331.11
19383.88,71.89,95,0.0,3331.11
19383.88,71.37,95,2.425,3331.11
19383.88,72.9,95,1.225,3331.11
19383.88,73.36,77,0.0,3331.11
19383.88,73.36,77,0.0,3331.11
19383.88,72.56,98,0.0,3331.11
19383.88,72.5,98,1.2125,3331.11
19383.88,72.68,95,1.225,3331.11
19383.88,72.83,95,0.0,3331.11
19383.88,73.14,95,0.0,3331.11
19383.88,72.89,95,0.0,3331.11
19383.88,73.21,95,1.225,3331.11
19383.88,73.27,95,0.0,3331.11
19383.88,72.0,95,0.0,3331.11
19383.88,71.62,95,0.0,3331.11
19383.88,71.47,95,0.0,3331.11
19383.88,72.25,95,1.2125,3331.11
19383.88,72.27,94,0.0,3331.11
19383.88,72.14,94,0.0,3331.11
19383.88,71.94,94,1.225,3331.11
19383.88,71.89,94,0.0,3331.11
19383.88,72.23,95,0.0,3331.11
19383.88,72.07,95,0.0,3331.11
19383.88,71.81,94,1.225,3331.11
19383.88,71.9,94,0.0,3331.11
19383.88,71.98,95,0.0,3331.11
19383.88,71.98,95,0.0,3331.11
19383.88,72.02,95,1.225,3331.11
19383.88,72.21,95,0.0,3331.11
19383.88,71.82,96,0.0,3331.11
19383.88,71.82,96,0.0,3331.11
19383.88,71.82,97,1.2375,3331.11
19383.88,71.83,97,0.0,3331.11
19383.88,71.9,95,1.2125,3331.11
19383.88,71.9,95,0.0,3331.11
19383.88,71.9,95,1.2125,3331.11
19383.88,72.0,95,0.0,3331.11
19383.88,72.23,94,0.0,3331.11
19383.88,72.42,94,1.225,3331.11
19383.88,72.52,94,0.0,3331.11
19383.88,72.24,94,0.0,3331.11
19383.88,72.32,95,0.0,3331.11
19383.88,72.15,94,1.2125,3331.11
19383.88,72.18,94,0.0,3331.11
19383.88,72.21,94,0.0,3331.11
19383.88,72.27,94,0.0,3331.11
19383.88,72.28,95,1.225,3331.11
19383.88,72.13,95,0.0,3331.11
19383.88,71.89,95,0.0,3331.11
19383.88,71.78,95,1.225,3331.11
19383.88,71.37,93,0.0,3331.11
19383.88,71.68,95,0.0,3331.11
19383.88,71.68,95,1.2,3331.11
19383.88,71.84,74,2.425,3331.11
19383.88,73.12,74,0.0,3331.11
19383.88,73.67,100,0.0,3331.11
19383.88,73.67,100,1.225,3331.11
19383.88,73.56,100,0.0,3331.11
19383.88,73.98,96,0.0,3331.11
19383.88,73.82,93,1.225,3331.11
19383.88,74.33,93,0.0,3331.11
19383.88,74.31,93,0.0,3331.11
19383.88,74.11,95,0.0,3331.11
19383.88,73.88,95,1.225,3331.11
19383.88,72.62,95,0.0,3331.11
19383.88,72.5,95,0.0,3331.11
19383.88,72.33,95,1.2125,3331.11
19383.88,72.38,95,0.0,3331.11
19383.88,72.5,95,1.1875,3331.11
19383.88,72.49,95,0.0,3331.11
19383.88,72.44,95,0.0,3331.11
19383.88,72.33,95,1.2125,3331.11
19383.88,72.06,95,0.0,3331.11
19383.88,72.2,95,0.0,3331.11
19383.88,72.21,95,1.225,3331.11
19383.88,72.09,94,0.0,3331.11
19383.88,71.75,94,0.0,3331.11
19383.88,71.64,95,0.0,3331.11
19383.88,71.49,95,1.225,3331.11
19383.88,71.87,95,0.0,3331.11
19383.88,71.71,95,0.0,3331.11
19383.88,71.57,95,0.0,3331.11
19383.88,71.59,95,1.225,3331.11
19383.88,71.41,95,0.0,3331.11
19383.88,71.53,95,0.0,3331.11
19383.88,71.46,95,1.225,3331.11
19383.88,71.5,95,0.0,3331.11
19383.88,71.67,95,1.225,3331.11
19383.88,71.8,95,0.0,3331.11
19383.88,71.76,95,0.0,3331.11
19383.88,71.45,95,1.2125,3331.11
19383.88,71.45,95,0.0,3331.11
19383.88,71.51,95,0.0,3331.11
19383.88,72.03,95,1.2125,3331.11
19383.88,71.98,95,0.0,3331.11
19383.88,71.9,95,0.0,3331.11
19383.88,72.02,95,1.2125,3331.11
19383.88,71.99,95,0.0,3331.11
19383.88,71.97,95,0.0,3331.11
19383.88,72.0,95,0.0,3331.11
19383.88,71.97,95,1.225,3331.11
19383.88,72.0,95,0.0,3331.11
19383.88,72.03,95,0.0,3331.11
19383.88,71.74,95,1.225,3331.11
19383.88,71.53,95,0.0,3331.11
19383.88,71.27,95,1.225,3331.11
19383.88,73.25,79,0.0,3331.11
19383.88,73.07,79,1.2125,3331.11
19383.88,73.4,100,0.0,3331.11
19383.88,72.36,100,0.0,3331.11
19383.88,72.6,96,1.2125,3331.11
19383.88,72.47,96,0.0,3331.11
19383.88,73.12,94,0.0,3331.11
19383.88,73.38,94,1.2125,3331.11
19383.88,73.36,95,0.0,3331.11
19383.88,73.4,95,0.0,3331.11
19383.88,73.37,95,1.2,3331.11
19383.88,71.91,95,0.0,3331.11
19383.88,71.73,95,0.0,3331.11
19383.88,71.47,95,1.2125,3331.11
19383.88,72.3,94,1.2125,3331.11
19383.88,72.22,94,0.0,3331.11
19383.88,72.07,95,1.2125,3331.11
19383.88,71.95,95,0.0,3331.11
19383.88,71.69,93,0.0,3331.11
19383.88,72.18,93,0.0,3331.11
19383.88,72.42,94,1.2125,3331.11
19383.88,72.27,94,0.0,3331.11
19383.88,72.09,95,0.0,3331.11
19383.88,72.08,95,0.0,3331.11
19383.88,72.29,95,1.2125,3331.11
19383.88,72.01,95,0.0,3331.11
19383.88,72.03,94,0.0,3331.11
19383.88,72.22,94,0.0,3331.11
19383.88,71.95,95,1.225,3331.11
19383.88,71.79,95,0.0,3331.11
19383.88,71.85,95,0.0,3331.11
19383.88,71.78,95,0.0,3331.11
19383.88,71.99,94,1.2125,3331.11
19383.88,72.13,94,0.0,3331.11
19383.88,71.83,95,0.0,3331.11
19383.88,71.88,95,1.2125,3331.11
19383.88,72.15,94,0.0,3331.11
19383.88,72.31,95,1.2,3331.11
19383.88,72.19,95,1.2125,3331.11
19383.88,72.19,95,0.0,3331.11
19383.88,72.18,95,0.0,3331.11
19383.88,71.74,95,0.0,3331.11
19383.88,71.58,95,1.2125,3331.11
19383.88,71.73,95,0.0,3331.11
19383.88,71.97,95,0.0,3331.11
19383.88,72.11,94,1.2125,3331.11
19383.88,72.11,94,0.0,3331.11
19383.88,71.94,95,0.0,3331.11
19383.88,71.87,95,1.225,3331.11
19383.88,71.86,95,0.0,3331.11
19383.88,71.73,95,0.0,3331.11
19383.88,71.75,95,2.425,3331.11
19383.88,73.49,95,0.0,3331.11
19383.88,73.43,81,0.0,3331.11
19383.88,72.65,81,0.0,3331.11
19383.88,72.21,99,1.2125,3331.11
19383.88,72.66,95,0.0,3331.11
19383.88,72.45,95,0.0,3331.11
19383.88,72.95,95,0.0,3331.11
19383.88,72.85,95,1.2125,3331.11
19383.88,72.98,95,0.0,3331.11
19383.88,73.14,95,0.0,3331.11
19383.88,71.5,93,1.2,3331.11
19383.88,71.19,93,0.0,3331.11
19383.88,71.06,95,1.2125,3331.11
19383.88,71.83,95,0.0,3331.11
19383.88,72.24,95,0.0,3331.11
19383.88,72.19,95,1.2125,3331.11
19383.88,71.95,95,0.0,3331.11
19383.88,71.8,95,0.0,3331.11
19383.88,71.66,95,1.2125,3331.11
19383.88,71.98,95,0.0,3331.11
19383.88,71.79,95,0.0,3331.11
19383.88,71.59,95,2.4375,3331.11
19383.88,71.53,95,0.0,3331.11
19383.88,71.84,95,0.0,3331.11
19383.88,72.39,95,0.0,3331.11
19383.88,71.99,95,1.2125,3331.11
19383.88,72.05,95,0.0,3331.11
19383.88,72.2,95,0.0,3331.11
19383.88,72.16,95,1.2125,3331.11
19383.88,72.26,95,0.0,3331.11
19383.88,72.17,95,0.0,3331.11
19383.88,72.06,95,1.2125,3331.11
19383.88,72.03,95,0.0,3331.11
19383.88,72.12,95,0.0,3331.11
19383.88,72.26,94,1.2125,3331.11
19383.88,72.37,94,0.0,3331.11
19383.88,72.3,94,0.0,3331.11
19383.88,72.31,94,1.2,3331.11
19383.88,72.35,95,0.0,3331.11
19383.88,72.26,95,0.0,3331.11
19383.88,72.16,96,0.0,3331.11
19383.88,72.06,96,1.2125,3331.11
19383.88,71.93,95,0.0,3331.11
19383.88,71.97,95,0.0,3331.11
19383.88,72.02,95,0.0,3331.11
19383.88,71.99,95,1.2125,3331.11
19383.88,71.88,95,0.0,3331.11
19383.88,71.86,95,0.0,3331.11
19383.88,71.69,95,1.2125,3331.11
19383.88,71.75,95,1.2125,3331.11
19383.88,71.79,95,1.125,3331.11
19383.88,71.77,78,1.2,3331.11
19383.88,68.22,78,0.0,3331.11
19383.88,68.48,100,0.0,3331.11
19383.88,68.62,100,1.2375,3331.11
19383.88,68.05,96,0.0,3331.11
19383.88,67.99,96,0.0,3331.11
19383.88,68.42,95,1.2125,3331.11
19383.88,68.11,95,0.0,3331.11
19383.88,68.53,96,0.0,3331.11
19383.88,68.24,96,1.2125,3331.11
19383.88,68.63,96,0.0,3331.11
19383.88,72.14,96,0.0,3331.11
19383.88,72.23,96,0.0,3331.11
19383.88,72.18,96,0.0,3331.11
19383.88,71.91,97,1.25,3331.11
19383.88,72.25,97,0.0,3331.11
19383.88,72.03,97,0.0,3331.11
19383.88,71.98,97,0.0,3331.11
19383.88,72.34,97,1.25,3331.11
19383.88,71.96,97,0.0,3331.11
19383.88,72.35,96,0.0,3331.11
19383.88,72.03,96,1.2375,3331.11
19383.88,72.04,95,0.0,3331.11
19383.88,71.71,95,0.0,3331.11
19383.88,71.82,95,0.0,3331.11
19383.88,72.22,95,1.2375,3331.11
19383.88,72.08,96,0.0,3331.11
19383.88,72.29,96,0.0,3331.11
19383.88,71.96,93,0.0,3331.11
19383.88,71.92,93,1.25,3331.11
19383.88,71.95,95,0.0,3331.11
19383.88,71.82,95,0.0,3331.11
19383.88,71.73,95,0.0,3331.11
19383.88,71.75,95,0.0,3331.11
19383.88,71.78,95,1.25,3331.11
19383.88,71.87,94,0.0,3331.11
19383.88,71.61,94,0.0,3331.11
19383.88,71.78,95,1.25,3331.11
19383.88,71.86,95,1.25,3331.11
19383.88,71.83,95,0.0,3331.11
19383.88,71.83,95,0.0,3331.11
19383.88,71.57,95,1.2375,3331.11
19383.88,71.57,95,0.0,3331.11
19383.88,71.36,95,0.0,3331.11
19383.88,71.38,95,0.0,3331.11
19383.88,71.57,95,1.2375,3331.11
19383.88,71.98,94,0.0,3331.11
19383.88,71.71,94,0.0,3331.11
19383.88,71.62,95,0.0,3331.11
19383.88,71.71,95,0.0,3331.11
19383.88,71.62,95,1.2375,3331.11
19383.88,71.7,95,0.0,3331.11
19383.88,70.37,96,1.2375,3331.11
19383.88,70.16,96,0.0,3331.11
19383.88,70.16,84,1.2375,3331.11
19383.88,70.2,84,0.0,3331.11
19383.88,70.45,100,0.0,3331.11
19383.88,69.54,100,0.0,3331.11
19383.88,69.5,96,0.0,3331.11
19383.88,69.82,96,0.0,3331.11
19383.88,69.79,97,1.25,3331.11
19383.88,70.17,97,0.0,3331.11
19383.88,69.91,96,0.0,3331.11
19383.88,70.31,96,0.0,3331.11
19383.88,71.61,96,1.25,3331.11
19383.88,72.04,96,0.0,3331.11
19383.88,71.92,94,0.0,3331.11
19383.88,71.78,94,1.225,3331.11
19383.88,72.04,94,1.2375,3331.11
19383.88,71.9,94,0.0,3331.11
19383.88,72.04,96,0.0,3331.11
19383.88,71.7,96,0.0,3331.11
19383.88,71.64,96,0.0,3331.11
19383.88,71.85,96,0.0,3331.11
19383.88,71.62,96,1.225,3331.11
19383.88,71.4,95,0.0,3331.11
19383.88,71.26,95,0.0,3331.11
19383.88,71.53,94,0.0,3331.11
19383.88,71.39,94,1.225,3331.11
19383.88,71.95,95,0.0,3331.11
19383.88,71.77,95,0.0,3331.11
19383.88,71.73,95,1.2125,3331.11
19383.88,71.88,95,0.0,3331.11
19383.88,71.8,96,0.0,3331.11
19383.88,71.6,96,0.0,3331.11
19383.88,71.95,95,1.225,3331.11
19383.88,71.28,95,0.0,3331.11
19383.88,71.45,95,0.0,3331.11
19383.88,71.52,95,1.1875,3331.11
19383.88,71.48,95,0.0,3331.11
19383.88,71.6,95,0.0,3331.11
19383.88,71.63,95,1.2125,3331.11
19383.88,71.56,95,0.0,3331.11
19383.88,71.3,95,0.0,3331.11
19383.88,71.34,95,1.2125,3331.11
19383.88,71.36,94,0.0,3331.11
19383.88,70.58,94,1.225,3331.11
19383.88,71.81,87,0.0,3331.11
19383.88,71.5,87,0.0,3331.11
19383.88,71.89,95,1.2125,3331.11
19383.88,71.66,95,0.0,3331.11
19383.88,71.82,94,0.0,3331.11
19383.88,71.45,94,0.0,3331.11
19383.88,71.64,94,1.2125,3331.11
19383.88,71.59,94,2.425,3331.11
19383.88,71.59,94,0.0,3331.11
19383.88,72.64,94,1.2125,3331.11
19383.88,73.54,80,0.0,3331.11
19383.88,73.31,80,0.0,3331.11
19383.88,72.76,97,1.2125,3331.11
19383.88,72.73,97,0.0,3331.11
19383.88,73.12,95,0.0,3331.11
19383.88,73.33,95,0.0,3331.11
19383.88,73.05,95,1.2125,3331.11
19383.88,73.05,95,0.0,3331.11
19383.88,73.17,95,0.0,3331.11
19383.88,72.63,95,0.0,3331.11
19383.88,71.33,93,1.1875,3331.11
19383.88,71.33,93,0.0,3331.11
19383.88,71.67,93,1.225,3331.11
19383.88,71.73,93,0.0,3331.11
19383.88,71.44,95,0.0,3331.11
19383.88,71.44,95,1.2125,3331.11
19383.88,71.62,95,0.0,3331.11
19383.88,71.33,94,0.0,3331.11
19383.88,71.83,94,1.2125,3331.11
19383.88,71.77,94,0.0,3331.11
19383.88,71.43,94,0.0,3331.11
19383.88,71.36,94,1.2125,3331.11
19383.88,71.49,94,0.0,3331.11
19383.88,71.52,95,0.0,3331.11
19383.88,71.57,95,0.0,3331.11
19383.88,71.47,95,1.2125,3331.11
19383.88,71.16,95,0.0,3331.11
19383.88,71.38,95,0.0,3331.11
19383.88,71.27,95,1.2125,3331.11
19383.88,71.83,95,0.0,3331.11
19383.88,72.08,93,1.2125,3331.11
19383.88,72.33,93,1.175,3331.11
19383.88,72.51,95,0.0,3331.11
19383.88,72.56,95,0.0,3331.11
19383.88,72.57,94,1.2125,3331.11
19383.88,72.42,94,0.0,3331.11
19383.88,72.51,95,0.0,3331.11
19383.88,72.53,95,1.2125,3331.11
19383.88,72.35,95,0.0,3331.11
19383.88,71.92,95,0.0,3331.11
19383.88,72.19,95,1.2125,3331.11
19383.88,71.86,95,0.0,3331.11
19383.88,72.12,94,0.0,3331.11
19383.88,71.67,94,0.0,3331.11
19383.88,71.81,94,1.2125,3331.11
19383.88,71.6,94,0.0,3331.11
19383.88,72.1,94,1.2,3331.11
19383.88,72.14,94,0.0,3331.11
19383.88,71.88,95,0.0,3331.11
19383.88,72.0,95,2.4625,3331.11
19383.88,72.84,81,0.0,3331.11
19383.88,72.93,81,0.0,3331.11
19383.88,73.1,100,1.2125,3331.11
19383.88,73.05,100,0.0,3331.11
19383.88,73.22,100,0.0,3331.11
19383.88,73.12,100,1.2125,3331.11
19383.88,73.02,100,0.0,3331.11
19383.88,72.44,100,0.0,3331.11
19383.88,72.74,94,0.0,3331.11
19383.88,72.64,94,1.2125,3331.11
19383.88,72.25,95,0.0,3331.11
19383.88,72.1,95,1.2125,3331.11
19383.88,72.27,95,0.0,3331.11
19383.88,72.06,94,1.225,3331.11
19383.88,72.1,94,0.0,3331.11
19383.88,71.83,93,0.0,3331.11
19383.88,71.85,93,1.2125,3331.11
19383.88,71.78,95,0.0,3331.11
19383.88,71.85,95,0.0,3331.11
19383.88,71.8,95,0.0,3331.11
19383.88,72.14,95,1.2125,3331.11
19383.88,71.77,95,0.0,3331.11
19383.88,72.03,95,0.0,3331.11
19383.88,71.41,95,0.0,3331.11
19383.88,71.55,95,1.2125,3331.11
19383.88,71.09,95,0.0,3331.11
19383.88,71.43,95,0.0,3331.11
19383.88,71.06,95,1.2125,3331.11
19383.88,71.58,95,0.0,3331.11
19383.88,71.33,95,0.0,3331.11
19383.88,71.75,95,0.0,3331.11
19383.88,71.91,93,1.2125,3331.11
19383.88,72.34,93,0.0,3331.11
19383.88,72.27,95,0.0,3331.11
19383.88,72.31,95,1.2125,3331.11
19383.88,72.08,95,1.225,3331.11
19383.88,72.28,95,0.0,3331.11
19383.88,72.24,94,0.0,3331.11
19383.88,72.49,94,1.2125,3331.11
19383.88,72.41,95,0.0,3331.11
19383.88,72.5,95,0.0,3331.11
19383.88,72.44,95,1.2125,3331.11
19383.88,71.9,95,0.0,3331.11
19383.88,71.76,95,1.2125,3331.11
19383.88,71.29,95,0.0,3331.11
19383.88,71.54,95,0.0,3331.11
19383.88,71.42,95,0.0,3331.11
19383.88,71.72,94,1.2125,3331.11
19383.88,71.45,94,0.0,3331.11
19383.88,71.89,94,0.0,3331.11
19383.88,71.69,94,1.225,3331.11
19383.88,72.0,95,0.0,3331.11
19383.88,71.67,95,0.0,3331.11
19383.88,71.82,94,0.0,3331.11
19383.88,71.58,94,1.2125,3331.11
19383.88,71.95,95,1.2,3331.11
19383.88,72.04,95,2.4125,3331.11
19383.88,74.13,76,0.0,3331.11
19383.88,74.1,100,0.0,3331.11
19383.88,74.55,100,1.2125,3331.11
19383.88,73.21,95,0.0,3331.11
19383.88,73.11,95,0.0,3331.11
19383.88,73.38,95,0.0,3331.11
19383.88,73.49,95,1.2125,3331.11
19383.88,73.55,95,0.0,3331.11
19383.88,73.39,95,0.0,3331.11
19383.88,73.41,94,0.0,3331.11
19383.88,71.78,94,1.2125,3331.11
19383.88,71.95,93,0.0,3331.11
19383.88,71.23,93,0.0,3331.11
19383.88,72.58,94,1.2125,3331.11
19383.88,72.64,94,0.0,3331.11
19383.88,72.73,95,0.0,3331.11
19383.88,72.66,95,1.2125,3331.11
19383.88,72.55,95,0.0,3331.11
19383.88,72.1,95,0.0,3331.11
19383.88,72.22,94,1.2125,3331.11
19383.88,71.96,94,0.0,3331.11
19383.88,71.75,95,1.2125,3331.11
19383.88,71.14,95,0.0,3331.11
19383.88,71.71,94,1.2125,3331.11
19383.88,71.44,94,0.0,3331.11
19383.88,71.86,94,0.0,3331.11
19383.88,71.8,94,1.2125,3331.11
19383.88,71.53,95,0.0,3331.11
19383.88,71.67,95,0.0,3331.11
19383.88,71.96,93,1.2,3331.11
19383.88,71.95,93,0.0,3331.11
19383.88,71.85,94,0.0,3331.11
19383.88,71.95,94,1.2125,3331.11
19383.88,72.23,94,0.0,3331.11
19383.88,72.27,94,0.0,3331.11
19383.88,72.17,95,1.2125,3331.11
19383.88,71.99,95,0.0,3331.11
19383.88,71.71,95,0.0,3331.11
19383.88,71.96,95,0.0,3331.11
19383.88,71.91,95,1.225,3331.11
19383.88,71.92,95,0.0,3331.11
19383.88,71.91,95,0.0,3331.11
19383.88,71.93,95,1.2125,3331.11
19383.88,71.86,95,0.0,3331.11
19383.88,71.93,95,0.0,3331.11
19383.88,71.93,93,1.2125,3331.11
19383.88,71.97,93,0.0,3331.11
19383.88,71.91,95,0.0,3331.11
19383.88,71.84,94,0.0,3331.11
19383.88,71.59,94,1.2125,3331.11
19383.88,71.51,95,1.2,3331.11
19383.88,68.37,79,1.2125,3331.11
19383.88,68.83,79,0.0,3331.11
19383.88,68.83,79,0.0,3331.11
19383.88,69.21,100,1.2125,3331.11
19383.88,68.33,100,0.0,3331.11
19383.88,68.72,95,0.0,3331.11
19383.88,69.07,95,1.2125,3331.11
19383.88,69.15,95,0.0,3331.11
19383.88,69.11,95,0.0,3331.11
19383.88,69.34,95,1.2125,3331.11
19383.88,72.76,94,0.0,3331.11
19383.88,72.77,94,0.0,3331.11
19383.88,72.27,94,1.2125,3331.11
19383.88,71.97,94,0.0,3331.11
19383.88,72.57,95,0.0,3331.11
19383.88,72.38,95,1.2125,3331.11
19383.88,72.24,95,1.2125,3331.11
19383.88,72.12,95,0.0,3331.11
19383.88,71.84,95,1.2125,3331.11
19383.88,72.04,95,0.0,3331.11
19383.88,72.42,95,0.0,3331.11
19383.88,71.78,95,0.0,3331.11
19383.88,71.48,95,1.2125,3331.11
19383.88,71.6,95,0.0,3331.11
19383.88,71.84,95,0.0,3331.11
19383.88,71.91,95,1.2375,3331.11
19383.88,71.95,95,0.0,3331.11
19383.88,71.98,95,0.0,3331.11
19383.88,71.83,95,0.0,3331.11
19383.88,71.96,95,1.225,3331.11
19383.88,71.88,94,0.0,3331.11
19383.88,71.61,94,0.0,3331.11
19383.88,71.71,95,0.0,3331.11
19383.88,71.89,95,1.225,3331.11
19383.88,72.09,95,0.0,3331.11
19383.88,72.13,95,0.0,3331.11
19383.88,72.08,95,0.0,3331.11
19383.88,71.98,95,1.225,3331.11
19383.88,71.83,95,0.0,3331.11
19383.88,72.06,95,0.0,3331.11
19383.88,72.26,95,0.0,3331.11
19383.88,71.77,95,1.225,3331.11
19383.88,71.77,95,1.225,3331.11
19383.88,71.89,95,0.0,3331.11
19383.88,71.88,95,0.0,3331.11
19383.88,72.01,95,1.225,3331.11
19383.88,71.96,95,0.0,3331.11
19383.88,71.91,95,0.0,3331.11
19383.88,71.79,95,0.0,3331.11
19383.88,71.98,94,1.225,3331.11
19383.88,71.93,94,0.0,3331.11
19383.88,71.88,92,2.4375,3331.11
19383.88,71.16,92,0.0,3331.11
19383.88,71.79,86,0.0,3331.11
19383.88,72.28,86,0.0,3331.11
19383.88,72.28,97,1.225,3331.11
19383.88,71.66,97,0.0,3331.11
19383.88,72.06,95,0.0,3331.11
19383.88,72.36,95,0.0,3331.11
19383.88,72.33,94,1.225,3331.11
19383.88,72.07,94,0.0,3331.11
19383.88,71.79,95,0.0,3331.11
19383.88,73.21,95,0.0,3331.11
19383.88,72.74,94,1.2,3331.11
19383.88,72.22,94,0.0,3331.11
19383.88,71.77,95,0.0,3331.11
19383.88,71.81,95,0.0,3331.11
19383.88,71.69,94,1.225,3331.11
19383.88,71.74,94,0.0,3331.11
19383.88,71.57,95,0.0,3331.11
19383.88,71.5,95,0.0,3331.11
19383.88,71.62,95,1.2125,3331.11
19383.88,71.77,95,0.0,3331.11
19383.88,71.32,95,0.0,3331.11
19383.88,71.09,95,1.2125,3331.11
19383.88,71.28,95,0.0,3331.11
19383.88,71.53,95,0.0,3331.11
19383.88,72.03,95,1.2125,3331.11
19383.88,71.96,95,0.0,3331.11
19383.88,71.79,95,0.0,3331.11
19383.88,71.75,95,1.2125,3331.11
19383.88,71.92,95,1.2125,3331.11
19383.88,71.59,95,0.0,3331.11
19383.88,71.7,95,0.0,3331.11
19383.88,71.7,95,1.2125,3331.11
19383.88,71.94,95,0.0,3331.11
19383.88,71.88,95,0.0,3331.11
19383.88,71.88,96,1.2125,3331.11
19383.88,71.89,96,0.0,3331.11
19383.88,71.84,95,0.0,3331.11
19383.88,72.09,95,0.0,3331.11
19383.88,71.96,96,1.2125,3331.11
19383.88,71.96,96,0.0,3331.11
19383.88,72.15,96,0.0,3331.11
19383.88,72.06,96,0.0,3331.11
19383.88,72.21,96,1.2125,3331.11
19383.88,72.11,96,0.0,3331.11
19383.88,72.38,96,0.0,3331.11
19383.88,72.04,96,0.0,3331.11
19383.88,72.08,94,1.2125,3331.11
19383.88,71.98,94,0.0,3331.11
19383.88,71.9,95,0.0,3331.11
19383.88,72.02,95,1.2125,3331.11
19383.88,69.75,93,2.4375,3331.11
19383.88,70.1,93,0.0,3331.11
19383.88,70.41,77,1.225,3331.11
19383.88,70.46,100,0.0,3331.11
19383.88,69.75,100,0.0,3331.11
19383.88,70.01,93,0.0,3331.11
19383.88,69.98,93,0.0,3331.11
19383.88,70.28,95,1.2125,3331.11
19383.88,70.5,95,0.0,3331.11
19383.88,70.73,95,0.0,3331.11
19383.88,70.29,95,1.2125,3331.11
19383.88,72.99,95,0.0,3331.11
19383.88,72.46,94,0.0,3331.11
19383.88,72.13,94,0.0,3331.11
19383.88,71.69,95,1.225,3331.11
19383.88,72.25,95,1.225,3331.11
19383.88,72.25,95,0.0,3331.11
19383.88,72.17,95,0.0,3331.11
19383.88,71.94,94,1.2,3331.11
19383.88,71.7,94,0.0,3331.11
19383.88,71.55,94,0.0,3331.11
19383.88,71.86,94,0.0,3331.11
19383.88,71.75,93,1.2125,3331.11
19383.88,71.58,93,0.0,3331.11
19383.88,72.31,93,0.0,3331.11
19383.88,72.57,93,1.225,3331.11
19383.88,72.36,95,0.0,3331.11
19383.88,72.36,95,0.0,3331.11
19383.88,72.23,95,1.225,3331.11
19383.88,72.39,95,0.0,3331.11
19383.88,72.38,95,0.0,3331.11
19383.88,72.35,95,0.0,3331.11
19383.88,72.15,95,0.0,3331.11
19383.88,71.97,95,1.225,3331.11
19383.88,72.23,95,0.0,3331.11
19383.88,71.87,95,0.0,3331.11
19383.88,71.73,95,1.2125,3331.11
19383.88,71.79,95,0.0,3331.11
19383.88,71.78,95,0.0,3331.11
19383.88,71.92,95,0.0,3331.11
19383.88,71.78,95,1.2125,3331.11
19383.88,71.79,95,0.0,3331.11
19383.88,71.73,95,0.0,3331.11
19383.88,71.72,95,1.2125,3331.11
19383.88,72.06,94,0.0,3331.11
19383.88,72.18,94,0.0,3331.11
19383.88,72.16,96,0.0,3331.11
19383.88,72.1,96,1.2125,3331.11
19383.88,72.16,95,1.2125,3331.11
19383.88,72.11,95,0.0,3331.11
19383.88,72.18,92,1.2125,3331.11
19383.88,72.21,92,0.0,3331.11
19383.88,72.09,95,2.425,3331.11
19383.88,74.02,95,0.0,3331.11
19383.88,73.99,83,0.0,3331.11
19383.88,73.99,83,1.2125,3331.11
19383.88,72.86,98,0.0,3331.11
19383.88,73.13,98,0.0,3331.11
19383.88,73.13,93,1.2125,3331.11
19383.88,73.53,93,0.0,3331.11
19383.88,73.29,95,0.0,3331.11
19383.88,73.67,95,1.2125,3331.11
19383.88,73.97,93,0.0,3331.11
19383.88,73.97,93,0.0,3331.11
19383.88,71.81,95,0.0,3331.11
19383.88,71.59,95,1.2125,3331.11
19383.88,71.59,95,0.0,3331.11
19383.88,72.4,95,0.0,3331.11
19383.88,72.44,95,1.2125,3331.11
19383.88,71.76,95,0.0,3331.11
19383.88,71.9,93,0.0,3331.11
19383.88,71.61,93,1.1875,3331.11
19383.88,71.81,95,0.0,3331.11
19383.88,71.81,95,0.0,3331.11
19383.88,71.53,95,1.2125,3331.11
19383.88,71.65,94,0.0,3331.11
19383.88,71.69,94,0.0,3331.11
19383.88,71.85,93,1.2125,3331.11
19383.88,71.74,93,0.0,3331.11
19383.88,71.81,93,0.0,3331.11
19383.88,71.45,93,1.2125,3331.11
19383.88,71.65,93,0.0,3331.11
19383.88,71.48,93,0.0,3331.11
19383.88,71.57,95,1.2,3331.11
19383.88,71.04,95,0.0,3331.11
19383.88,71.22,95,0.0,3331.11
19383.88,70.89,95,1.2125,3331.11
19383.88,71.28,94,0.0,3331.11
19383.88,71.22,94,0.0,3331.11
19383.88,71.48,94,2.45,3331.11
19383.88,71.46,93,0.0,3331.11
19383.88,71.4,93,0.0,3331.11
19383.88,71.48,95,1.2125,3331.11
19383.88,71.34,95,0.0,3331.11
19383.88,71.32,95,0.0,3331.11
19383.88,71.31,95,0.0,3331.11
19383.88,71.51,95,1.2125,3331.11
19383.88,71.64,95,0.0,3331.11
19383.88,71.56,95,0.0,3331.11
19383.88,71.37,95,1.2125,3331.11
19383.88,71.71,95,0.0,3331.11
19383.88,71.85,95,0.0,3331.11
19383.88,72.25,95,0.0,3331.11
19383.88,72.05,95,2.25,3331.11
19383.88,68.54,79,0.0,3331.11
19383.88,69.11,79,0.0,3331.11
19383.88,69.17,97,1.2375,3331.11
19383.88,69.15,97,1.225,3331.11
19383.88,68.78,96,0.0,3331.11
19383.88,69.32,96,0.0,3331.11
19383.88,69.29,95,1.2,3331.11
19383.88,68.99,95,0.0,3331.11
19383.88,69.35,95,0.0,3331.11
19383.88,68.98,95,1.2125,3331.11
19383.88,69.34,95,0.0,3331.11
19383.88,72.71,95,0.0,3331.11
19383.88,72.33,95,1.2125,3331.11
19383.88,71.91,95,0.0,3331.11
19383.88,71.91,94,0.0,3331.11
19383.88,72.04,94,1.2125,3331.11
19383.88,71.99,94,0.0,3331.11
19383.88,71.99,94,0.0,3331.11
19383.88,71.73,95,1.2125,3331.11
19383.88,71.94,95,0.0,3331.11
19383.88,71.94,95,0.0,3331.11
19383.88,71.98,95,1.2125,3331.11
19383.88,71.78,95,0.0,3331.11
19383.88,71.78,95,0.0,3331.11
19383.88,71.83,95,1.2125,3331.11
19383.88,71.98,95,0.0,3331.11
19383.88,72.01,94,0.0,3331.11
19383.88,72.06,94,0.0,3331.11
19383.88,71.98,94,1.2125,3331.11
19383.88,72.13,94,0.0,3331.11
19383.88,72.08,95,0.0,3331.11
19383.88,71.95,95,1.2125,3331.11
19383.88,71.85,95,0.0,3331.11
19383.88,71.96,95,0.0,3331.11
19383.88,72.08,95,1.2125,3331.11
19383.88,72.14,95,0.0,3331.11
19383.88,72.1,95,0.0,3331.11
19383.88,72.06,94,0.0,3331.11
19383.88,72.01,94,0.0,3331.11
19383.88,72.22,95,1.225,3331.11
19383.88,72.1,95,0.0,3331.11
19383.88,72.03,95,1.2125,3331.11
19383.88,71.99,95,1.2125,3331.11
19383.88,72.01,95,0.0,3331.11
19383.88,71.98,95,0.0,3331.11
19383.88,72.08,94,1.2125,3331.11
19383.88,72.14,94,0.0,3331.11
19383.88,72.07,95,0.0,3331.11
19383.88,72.09,95,0.0,3331.11
19383.88,72.1,95,1.2125,3331.11
19383.88,71.86,95,0.0,3331.11
19383.88,71.84,94,2.4125,3331.11
19383.88,70.89,94,0.0,3331.11
19383.88,71.47,77,1.2125,3331.11
19383.88,71.77,100,0.0,3331.11
19383.88,71.83,100,0.0,3331.11
19383.88,71.29,100,0.0,3331.11
19383.88,71.29,95,1.2125,3331.11
19383.88,71.72,92,0.0,3331.11
19383.88,71.09,92,1.2125,3331.11
19383.88,71.19,95,0.0,3331.11
19383.88,71.19,95,0.0,3331.11
19383.88,71.21,95,0.0,3331.11
19383.88,72.36,95,1.2125,3331.11
19383.88,71.97,95,0.0,3331.11
19383.88,71.63,95,0.0,3331.11
19383.88,71.45,95,1.225,3331.11
19383.88,71.78,95,0.0,3331.11
19383.88,72.0,95,0.0,3331.11
19383.88,72.05,95,0.0,3331.11
19383.88,72.18,95,1.2125,3331.11
19383.88,72.01,95,1.2125,3331.11
19383.88,72.16,95,0.0,3331.11
19383.88,72.13,95,0.0,3331.11
19383.88,71.87,95,1.2,3331.11
19383.88,71.76,95,0.0,3331.11
19383.88,71.76,94,0.0,3331.11
19383.88,71.85,94,1.2125,3331.11
19383.88,71.66,94,0.0,3331.11
19383.88,71.72,94,0.0,3331.11
19383.88,71.74,95,1.2125,3331.11
19383.88,71.68,95,0.0,3331.11
19383.88,71.62,95,0.0,3331.11
19383.88,71.45,95,1.2125,3331.11
19383.88,71.37,95,0.0,3331.11
19383.88,71.54,95,0.0,3331.11
19383.88,71.64,95,1.225,3331.11
19383.88,71.66,95,0.0,3331.11
19383.88,71.9,95,0.0,3331.11
19383.88,71.92,95,0.0,3331.11
19383.88,72.0,95,1.2125,3331.11
19383.88,72.0,95,0.0,3331.11
19383.88,72.02,95,0.0,3331.11
19383.88,71.9,96,1.2125,3331.11
19383.88,71.89,96,0.0,3331.11
19383.88,71.92,95,0.0,3331.11
19383.88,72.02,95,0.0,3331.11
19383.88,71.97,95,1.2375,3331.11
19383.88,72.32,95,0.0,3331.11
19383.88,71.99,96,0.0,3331.11
19383.88,71.85,96,0.0,3331.11
19383.88,71.83,96,1.2125,3331.11
19383.88,71.61,96,0.0,3331.11
19383.88,71.59,96,1.2125,3331.11
19383.88,72.93,96,1.2125,3331.11
19383.88,72.98,85,0.0,3331.11
19383.88,72.99,85,0.0,3331.11
19383.88,72.04,98,0.0,3331.11
19383.88,72.32,98,1.2125,3331.11
19383.88,72.11,95,0.0,3331.11
19383.88,72.46,95,0.0,3331.11
19383.88,72.38,95,1.2125,3331.11
19383.88,72.62,95,0.0,3331.11
19383.88,72.61,95,0.0,3331.11
19383.88,72.77,95,1.2125,3331.11
19383.88,71.8,94,0.0,3331.11
19383.88,71.55,94,0.0,3331.11
19383.88,71.5,95,2.4375,3331.11
19383.88,72.29,95,0.0,3331.11
19383.88,72.34,95,0.0,3331.11
19383.88,72.49,95,0.0,3331.11
19383.88,72.48,95,1.2375,3331.11
19383.88,72.25,95,0.0,3331.11
19383.88,71.94,94,0.0,3331.11
19383.88,72.17,94,0.0,3331.11
19383.88,71.93,95,1.2375,3331.11
19383.88,71.59,95,0.0,3331.11
19383.88,71.63,95,0.0,3331.11
19383.88,71.75,95,1.2375,3331.11
19383.88,71.89,95,0.0,3331.11
19383.88,71.95,95,0.0,3331.11
19383.88,71.83,95,0.0,3331.11
19383.88,71.59,94,1.2375,3331.11
19383.88,71.54,94,0.0,3331.11
19383.88,71.93,94,0.0,3331.11
19383.88,71.73,94,1.25,3331.11
19383.88,71.75,95,0.0,3331.11
19383.88,71.66,95,0.0,3331.11
19383.88,71.75,95,0.0,3331.11
19383.88,71.98,95,0.0,3331.11
19383.88,72.16,95,1.2375,3331.11
19383.88,72.06,95,0.0,3331.11
19383.88,71.97,95,0.0,3331.11
19383.88,71.96,95,0.0,3331.11
19383.88,71.89,94,1.2375,3331.11
19383.88,71.67,94,0.0,3331.11
19383.88,71.67,94,0.0,3331.11
19383.88,71.77,94,1.25,3331.11
19383.88,72.1,95,0.0,3331.11
19383.88,72.38,95,0.0,3331.11
19383.88,72.32,95,1.2375,3331.11
19383.88,72.2,95,0.0,3331.11
19383.88,72.22,95,0.0,3331.11
19383.88,72.18,95,0.0,3331.11
19383.88,72.19,94,1.25,3331.11
19383.88,71.95,94,1.1625,3331.11
19383.88,73.61,78,1.2125,3331.11
19383.88,73.99,78,0.0,3331.11
19383.88,73.63,100,1.25,3331.11
19383.88,72.76,100,0.0,3331.11
19383.88,72.6,96,1.25,3331.11
19383.88,72.96,96,0.0,3331.11
19383.88,72.85,95,0.0,3331.11
19383.88,73.01,95,0.0,3331.11
19383.88,73.39,94,1.25,3331.11
19383.88,73.11,94,0.0,3331.11
19383.88,73.44,95,0.0,3331.11
19383.88,71.71,95,0.0,3331.11
19383.88,71.33,96,1.25,3331.11
19383.88,71.05,96,0.0,3331.11
19383.88,71.92,95,0.0,3331.11
19383.88,71.86,95,1.225,3331.11
19383.88,71.65,94,0.0,3331.11
19383.88,71.79,94,0.0,3331.11
19383.88,71.56,95,0.0,3331.11
19383.88,71.28,95,0.0,3331.11
19383.88,71.67,95,1.225,3331.11
19383.88,71.64,95,0.0,3331.11
19383.88,71.12,94,0.0,3331.11
19383.88,71.25,94,1.2125,3331.11
19383.88,71.39,95,0.0,3331.11
19383.88,71.6,95,0.0,3331.11
19383.88,71.31,93,0.0,3331.11
19383.88,71.44,93,1.2125,3331.11
19383.88,70.98,95,0.0,3331.11
19383.88,71.26,95,0.0,3331.11
19383.88,71.05,94,1.2125,3331.11
19383.88,71.14,94,0.0,3331.11
19383.88,70.78,94,1.2125,3331.11
19383.88,71.36,94,0.0,3331.11
19383.88,71.48,95,1.2125,3331.11
19383.88,71.35,95,0.0,3331.11
19383.88,71.47,95,0.0,3331.11
19383.88,71.56,95,1.2125,3331.11
19383.88,71.58,95,0.0,3331.11
19383.88,71.74,95,0.0,3331.11
19383.88,71.74,95,0.0,3331.11
19383.88,71.67,95,1.2125,3331.11
19383.88,71.68,95,0.0,3331.11
19383.88,71.85,95,0.0,3331.11
19383.88,71.7,95,1.225,3331.11
19383.88,71.79,95,0.0,3331.11
19383.88,71.92,95,0.0,3331.11
19383.88,71.8,95,1.2125,3331.11
19383.88,71.74,94,0.0,3331.11
19383.88,71.64,94,0.0,3331.11
19383.88,71.6,94,0.0,3331.11
19383.88,71.56,94,1.2125,3331.11
19383.88,68.14,95,1.2125,3331.11
19383.88,68.2,95,1.2125,3331.11
19383.88,68.42,82,0.0,3331.11
19383.88,67.24,99,0.0,3331.11
19383.88,67.37,99,1.2125,3331.11
19383.88,67.27,99,0.0,3331.11
19383.88,68.12,95,0.0,3331.11
19383.88,68.03,95,0.0,3331.11
19383.88,68.12,94,1.225,3331.11
19383.88,68.01,94,0.0,3331.11
19383.88,67.99,95,0.0,3331.11
19383.88,71.61,95,0.0,3331.11
19383.88,71.3,95,1.225,3331.11
19383.88,71.05,95,0.0,3331.11
19383.88,71.75,95,0.0,3331.11
19383.88,71.89,95,0.0,3331.11
19383.88,71.96,95,0.0,3331.11
19383.88,71.58,94,2.4875,3331.11
19383.88,71.68,94,0.0,3331.11
19383.88,71.6,95,0.0,3331.11
19383.88,71.74,95,1.2375,3331.11
19383.88,71.88,95,0.0,3331.11
19383.88,71.68,95,0.0,3331.11
19383.88,71.72,93,0.0,3331.11
19383.88,71.72,93,1.2375,3331.11
19383.88,71.92,95,0.0,3331.11
19383.88,71.97,95,0.0,3331.11
19383.88,71.83,95,1.2375,3331.11
19383.88,72.02,95,0.0,3331.11
19383.88,71.93,95,0.0,3331.11
19383.88,71.96,95,0.0,3331.11
19383.88,72.0,95,1.2375,3331.11
19383.88,71.81,95,0.0,3331.11
19383.88,71.89,95,0.0,3331.11
19383.88,71.96,95,0.0,3331.11
19383.88,72.05,95,0.0,3331.11
19383.88,72.14,95,1.2375,3331.11
19383.88,72.17,95,0.0,3331.11
19383.88,72.07,95,0.0,3331.11
19383.88,71.7,95,1.25,3331.11
19383.88,72.1,95,0.0,3331.11
19383.88,72.13,94,0.0,3331.11
19383.88,72.07,94,1.2375,3331.11
19383.88,72.14,95,0.0,3331.11
19383.88,72.24,95,0.0,3331.11
19383.88,72.24,95,0.0,3331.11
19383.88,72.32,95,1.25,3331.11
19383.88,72.32,96,0.0,3331.11
19383.88,72.21,96,0.0,3331.11
19383.88,72.45,96,0.0,3331.11
19383.88,72.21,96,1.2375,3331.11
19383.88,72.31,96,0.0,3331.11
19507.88,71.9,96,3.725,3331.11
19507.88,68.33,80,1.2375,3331.11
19507.88,68.92,80,0.0,3331.11
19507.88,68.9,95,0.0,3331.11
19507.88,69.08,95,0.0,3331.11
19507.88,68.87,100,1.2375,3331.11
19507.88,68.86,100,0.0,3331.11
19507.88,68.8,100,0.0,3331.11
19507.88,68.59,100,1.25,3331.11
19507.88,68.39,97,0.0,3331.11
19507.88,68.03,97,0.0,3331.11
19507.88,68.58,94,1.2125,3331.11
19507.88,72.3,94,0.0,3331.11
19507.88,72.39,95,0.0,3331.11
19507.88,72.81,95,1.2125,3331.11
19507.88,73.03,95,0.0,3331.11
19507.88,73.54,95,0.0,3331.11
19507.88,73.68,95,1.2125,3331.11
19507.88,73.57,95,0.0,3331.11
19507.88,73.3,95,0.0,3331.11
19507.88,73.57,95,0.0,3331.11
19507.88,73.56,93,1.225,3331.11
19507.88,73.38,93,0.0,3331.11
19507.88,72.97,94,0.0,3331.11
19507.88,72.85,94,0.0,3331.11
19507.88,72.28,95,1.225,3331.11
19507.88,72.25,95,0.0,3331.11
19507.88,71.47,96,0.0,3331.11
19507.88,71.38,95,0.0,3331.11
19507.88,71.09,95,1.225,3331.11
19507.88,71.49,95,0.0,3331.11
19507.88,71.65,95,0.0,3331.11
19507.88,72.05,95,0.0,3331.11
19507.88,72.34,95,1.225,3331.11
19507.88,72.75,95,0.0,3331.11
19507.88,73.02,95,0.0,3331.11
19507.88,73.4,95,1.225,3331.11
19507.88,73.71,95,1.225,3331.11
19507.88,73.7,96,0.0,3331.11
19507.88,73.85,96,0.0,3331.11
19507.88,73.85,96,0.0,3331.11
19507.88,73.62,96,1.2125,3331.11
19507.88,73.6,95,0.0,3331.11
19507.88,73.12,95,0.0,3331.11
19507.88,72.93,96,0.0,3331.11
19507.88,72.32,96,1.2125,3331.11
19507.88,72.17,95,0.0,3331.11
19507.88,71.54,95,0.0,3331.11
19507.88,71.46,95,1.2125,3331.11
19507.88,71.09,95,0.0,3331.11
19507.88,71.51,95,0.0,3331.11
19507.88,71.85,95,0.0,3331.11
19507.88,71.73,94,1.2125,3331.11
19507.88,71.9,94,0.0,3331.11
19507.88,71.79,95,0.0,3331.11
19507.88,72.09,95,1.2125,3331.11
19507.88,72.33,95,0.0,3331.11
19507.88,72.53,95,0.0,3331.11
19507.88,70.56,95,2.4375,3331.11
19507.88,70.92,82,0.0,3331.11
19507.88,70.81,82,1.2125,3331.11
19507.88,71.06,82,0.0,3331.11
19507.88,70.26,100,0.0,3331.11
19507.88,70.58,93,1.2125,3331.11
19507.88,70.45,93,0.0,3331.11
19507.88,70.73,94,1.225,3331.11
19507.88,70.62,94,0.0,3331.11
19507.88,70.28,93,1.2125,3331.11
19507.88,70.56,93,0.0,3331.11
19507.88,72.43,95,0.0,3331.11
19507.88,72.54,95,1.2125,3331.11
19507.88,72.08,95,0.0,3331.11
19507.88,72.02,95,0.0,3331.11
19507.88,72.27,95,0.0,3331.11
19507.88,72.2,95,1.225,3331.11
19507.88,72.16,95,0.0,3331.11
19507.88,71.99,95,0.0,3331.11
19507.88,71.71,94,0.0,3331.11
19507.88,72.05,94,1.2125,3331.11
19507.88,72.08,95,0.0,3331.11
19507.88,72.64,95,0.0,3331.11
19507.88,72.65,93,0.0,3331.11
19507.88,72.75,93,1.2125,3331.11
19507.88,72.96,95,0.0,3331.11
19507.88,73.05,95,1.2,3331.11
19507.88,72.97,95,0.0,3331.11
19507.88,72.91,95,0.0,3331.11
19507.88,72.9,95,1.2125,3331.11
19507.88,72.95,95,0.0,3331.11
19507.88,72.45,93,0.0,3331.11
19507.88,72.07,93,1.2125,3331.11
19507.88,71.61,94,1.2125,3331.11
19507.88,71.33,94,0.0,3331.11
19507.88,71.85,94,0.0,3331.11
19507.88,71.82,94,1.225,3331.11
19507.88,71.93,94,0.0,3331.11
19507.88,71.91,95,0.0,3331.11
19507.88,71.82,95,0.0,3331.11
19507.88,71.8,95,0.0,3331.11
19507.88,71.83,95,1.2125,3331.11
19507.88,71.99,95,0.0,3331.11
19507.88,71.9,95,0.0,3331.11
19507.88,71.96,94,1.2125,3331.11
19507.88,72.07,94,0.0,3331.11
19507.88,71.94,95,0.0,3331.11
19507.88,72.06,95,1.2125,3331.11
19507.88,71.84,95,0.0,3331.11
19507.88,71.86,95,0.0,3331.11
19507.88,71.84,95,0.0,3331.11
19507.88,71.71,95,1.2125,3331.11
19507.88,71.69,95,1.2125,3331.11
19507.88,72.7,95,1.2125,3331.11
19507.88,72.7,82,0.0,3331.11
19507.88,72.76,82,0.0,3331.11
19507.88,72.05,98,1.2125,3331.11
19507.88,71.65,98,0.0,3331.11
19507.88,72.18,95,0.0,3331.11
19507.88,71.99,95,1.2125,3331.11
19507.88,72.45,95,0.0,3331.11
19507.88,72.37,95,0.0,3331.11
19507.88,72.55,95,1.2125,3331.11
19507.88,72.54,95,0.0,3331.11
19507.88,71.84,93,0.0,3331.11
19507.88,71.8,93,0.0,3331.11
19507.88,71.33,95,1.2125,3331.11
19507.88,72.17,95,1.2125,3331.11
19507.88,72.3,95,0.0,3331.11
19507.88,72.24,95,1.2125,3331.11
19507.88,72.22,95,0.0,3331.11
19507.88,71.98,95,0.0,3331.11
19507.88,72.11,95,0.0,3331.11
19507.88,71.92,95,0.0,3331.11
19507.88,71.87,95,1.225,3331.11
19507.88,72.03,95,0.0,3331.11
19507.88,72.28,95,0.0,3331.11
19507.88,72.45,95,0.0,3331.11
19507.88,72.45,95,1.2125,3331.11
19507.88,72.36,95,0.0,3331.11
19507.88,72.26,95,0.0,3331.11
19507.88,72.2,95,1.2125,3331.11
19507.88,72.13,95,0.0,3331.11
19507.88,71.95,94,0.0,3331.11
19507.88,72.14,94,0.0,3331.11
19507.88,71.71,95,1.175,3331.11
19507.88,71.8,95,0.0,3331.11
19507.88,71.9,95,0.0,3331.11
19507.88,71.83,95,2.425,3331.11
19507.88,71.79,95,0.0,3331.11
19507.88,71.72,95,0.0,3331.11
19507.88,71.69,95,1.2125,3331.11
19507.88,71.63,95,0.0,3331.11
19507.88,71.54,95,0.0,3331.11
19507.88,71.86,95,0.0,3331.11
19507.88,71.99,95,1.2125,3331.11
19507.88,72.12,94,0.0,3331.11
19507.88,72.29,94,0.0,3331.11
19507.88,72.36,95,1.2125,3331.11
19507.88,72.24,95,0.0,3331.11
19507.88,72.29,95,0.0,3331.11
19507.88,72.23,95,1.2125,3331.11
19507.88,72.14,95,0.0,3331.11
19507.88,72.08,95,2.425,3331.11
19507.88,72.18,77,0.0,3331.11
19507.88,73.56,77,1.2,3331.11
19507.88,73.56,100,0.0,3331.11
19507.88,72.46,100,0.0,3331.11
19507.88,72.68,96,1.2125,3331.11
19507.88,72.6,96,0.0,3331.11
19507.88,72.95,95,0.0,3331.11
19507.88,72.91,95,1.2125,3331.11
19507.88,73.3,95,1.2125,3331.11
19507.88,73.18,95,0.0,3331.11
19507.88,73.49,93,1.2125,3331.11
19507.88,71.74,93,0.0,3331.11
19507.88,71.52,94,0.0,3331.11
19507.88,70.91,94,1.2125,3331.11
19507.88,72.1,94,0.0,3331.11
19507.88,72.23,94,0.0,3331.11
19507.88,72.63,93,1.2125,3331.11
19507.88,72.59,93,0.0,3331.11
19507.88,72.44,95,0.0,3331.11
19507.88,72.45,95,1.2125,3331.11
19507.88,72.39,95,0.0,3331.11
19507.88,72.44,95,0.0,3331.11
19507.88,72.2,95,1.2125,3331.11
19507.88,72.37,95,0.0,3331.11
19507.88,72.57,94,0.0,3331.11
19507.88,72.72,94,1.2125,3331.11
19507.88,72.39,95,0.0,3331.11
19507.88,72.09,95,1.2125,3331.11
19507.88,71.73,93,0.0,3331.11
19507.88,71.88,93,0.0,3331.11
19507.88,71.74,93,0.0,3331.11
19507.88,72.04,93,1.2125,3331.11
19507.88,71.73,94,0.0,3331.11
19507.88,72.13,94,0.0,3331.11
19507.88,72.02,94,0.0,3331.11
19507.88,72.49,94,1.225,3331.11
19507.88,72.68,94,0.0,3331.11
19507.88,72.53,94,0.0,3331.11
19507.88,72.6,95,0.0,3331.11
19507.88,72.44,95,1.225,3331.11
19507.88,72.61,95,0.0,3331.11
19507.88,72.42,95,1.225,3331.11
19507.88,72.37,95,0.0,3331.11
19507.88,72.29,95,1.225,3331.11
19507.88,72.06,95,0.0,3331.11
19507.88,72.16,94,0.0,3331.11
19507.88,72.16,94,0.0,3331.11
19507.88,72.15,93,0.0,3331.11
19507.88,72.45,93,1.2125,3331.11
19507.88,72.49,95,0.0,3331.11
19507.88,72.41,95,0.0,3331.11
19507.88,72.41,95,2.425,3331.11
19507.88,68.9,95,0.0,3331.11
19507.88,69.08,78,1.225,3331.11
19507.88,69.12,78,0.0,3331.11
19507.88,69.28,100,0.0,3331.11
19507.88,68.39,100,1.225,3331.11
19507.88,68.38,94,0.0,3331.11
19507.88,68.36,94,0.0,3331.11
19507.88,68.61,94,0.0,3331.11
19507.88,68.36,94,1.2,3331.11
19507.88,68.36,94,0.0,3331.11
19507.88,68.42,94,1.2125,3331.11
19507.88,71.99,94,0.0,3331.11
19507.88,71.91,94,1.2125,3331.11
19507.88,72.0,93,0.0,3331.11
19507.88,72.25,93,0.0,3331.11
19507.88,72.23,95,0.0,3331.11
19507.88,72.16,95,1.2125,3331.11
19507.88,72.04,95,0.0,3331.11
19507.88,71.78,95,0.0,3331.11
19507.88,72.04,95,1.225,3331.11
19507.88,72.08,95,0.0,3331.11
19507.88,71.81,95,0.0,3331.11
19507.88,71.67,95,0.0,3331.11
19507.88,71.72,95,0.0,3331.11
19507.88,72.0,95,1.225,3331.11
19507.88,72.16,95,0.0,3331.11
19507.88,72.12,95,0.0,3331.11
19507.88,72.02,95,1.225,3331.11
19507.88,71.96,95,0.0,3331.11
19507.88,72.13,95,0.0,3331.11
19507.88,72.03,95,0.0,3331.11
19507.88,71.89,95,1.2125,3331.11
19507.88,71.89,94,0.0,3331.11
19507.88,71.86,94,0.0,3331.11
19507.88,71.85,94,1.2125,3331.11
19507.88,71.87,94,0.0,3331.11
19507.88,72.25,93,0.0,3331.11
19507.88,72.28,93,1.225,3331.11
19507.88,72.33,95,0.0,3331.11
19507.88,72.32,95,0.0,3331.11
19507.88,72.09,95,0.0,3331.11
19507.88,72.07,95,1.225,3331.11
19507.88,72.05,95,0.0,3331.11
19507.88,72.13,95,1.225,3331.11
19507.88,72.28,95,0.0,3331.11
19507.88,72.44,95,0.0,3331.11
19507.88,72.15,93,1.2125,3331.11
19507.88,72.07,93,0.0,3331.11
19507.88,71.85,95,0.0,3331.11
19507.88,71.94,95,1.2125,3331.11
19507.88,72.0,93,0.0,3331.11
19507.88,72.18,93,2.4375,3331.11
19507.88,72.22,94,0.0,3331.11
19507.88,74.15,82,0.0,3331.11
19507.88,74.15,82,0.0,3331.11
19507.88,74.35,82,1.1875,3331.11
19507.88,74.17,100,0.0,3331.11
19507.88,74.35,98,0.0,3331.11
19507.88,73.19,98,1.2,3331.11
19507.88,73.53,95,1.2125,3331.11
19507.88,73.14,95,0.0,3331.11
19507.88,73.34,93,0.0,3331.11
19507.88,73.9,93,1.2125,3331.11
19507.88,72.52,94,0.0,3331.11
19507.88,72.95,94,0.0,3331.11
19507.88,73.23,94,1.2125,3331.11
19507.88,73.31,94,0.0,3331.11
19507.88,73.07,94,0.0,3331.11
19507.88,74.21,94,1.2125,3331.11
19507.88,74.4,95,0.0,3331.11
19507.88,74.2,95,0.0,3331.11
19507.88,74.71,95,1.2125,3331.11
19507.88,74.81,95,0.0,3331.11
19507.88,74.58,94,0.0,3331.11
19507.88,74.62,94,1.2125,3331.11
19507.88,74.48,94,0.0,3331.11
19507.88,74.06,94,0.0,3331.11
19507.88,73.9,95,0.0,3331.11
19507.88,73.87,95,1.2125,3331.11
19507.88,73.71,95,0.0,3331.11
19507.88,73.49,95,0.0,3331.11
19507.88,73.62,95,1.2125,3331.11
19507.88,73.11,95,0.0,3331.11
19507.88,73.11,95,0.0,3331.11
19507.88,72.56,95,0.0,3331.11
19507.88,72.38,95,1.2125,3331.11
19507.88,72.01,95,0.0,3331.11
19507.88,71.58,95,0.0,3331.11
19507.88,71.81,95,1.2125,3331.11
19507.88,71.36,95,0.0,3331.11
19507.88,71.64,95,0.0,3331.11
19507.88,71.16,95,1.2125,3331.11
19507.88,71.57,95,1.2125,3331.11
19507.88,71.29,95,0.0,3331.11
19507.88,71.57,95,1.2125,3331.11
19507.88,71.1,95,0.0,3331.11
19507.88,71.56,95,0.0,3331.11
19507.88,71.07,94,0.0,3331.11
19507.88,71.54,95,1.2125,3331.11
19507.88,70.97,95,0.0,3331.11
19507.88,71.45,95,0.0,3331.11
19507.88,71.17,95,1.2125,3331.11
19507.88,71.56,94,0.0,3331.11
19507.88,71.09,94,0.0,3331.11
19507.88,71.29,95,1.2125,3331.11
19507.88,70.84,95,0.0,3331.11
19507.88,71.31,95,1.2125,3331.11
19507.88,71.93,95,0.0,3331.11
19507.88,72.34,83,1.2,3331.11
19507.88,72.32,83,1.2125,3331.11
19507.88,72.89,100,0.0,3331.11
19507.88,72.9,100,1.2125,3331.11
19507.88,72.92,100,0.0,3331.11
19507.88,72.33,100,0.0,3331.11
19507.88,72.38,94,1.1875,3331.11
19507.88,72.57,95,0.0,3331.11
19507.88,72.54,95,0.0,3331.11
19507.88,72.76,95,1.2125,3331.11
19507.88,72.02,95,0.0,3331.11
19507.88,72.13,95,0.0,3331.11
19507.88,71.85,95,0.0,3331.11
19507.88,71.92,95,1.2125,3331.11
19507.88,71.43,95,0.0,3331.11
19507.88,71.47,95,0.0,3331.11
19507.88,71.79,95,0.0,3331.11
19507.88,71.34,95,1.2125,3331.11
19507.88,71.88,95,0.0,3331.11
19507.88,71.48,95,0.0,3331.11
19507.88,71.68,95,1.2125,3331.11
19507.88,71.35,95,0.0,3331.11
19507.88,71.65,95,0.0,3331.11
19507.88,71.22,95,1.2,3331.11
19507.88,71.59,95,0.0,3331.11
19507.88,71.45,95,0.0,3331.11
19507.88,71.89,95,1.2125,3331.11
19507.88,71.58,95,0.0,3331.11
19507.88,71.9,95,0.0,3331.11
19507.88,71.61,95,1.2125,3331.11
19507.88,71.82,95,0.0,3331.11
19507.88,71.46,95,1.2125,3331.11
19507.88,71.7,95,0.0,3331.11
19507.88,71.39,95,1.2125,3331.11
19507.88,71.65,95,0.0,3331.11
19507.88,71.5,95,0.0,3331.11
19507.88,71.84,95,1.2125,3331.11
19507.88,71.5,95,0.0,3331.11
19507.88,71.89,95,0.0,3331.11
19507.88,71.58,94,0.0,3331.11
19507.88,71.88,94,1.2125,3331.11
19507.88,71.52,94,0.0,3331.11
19507.88,71.68,94,0.0,3331.11
19507.88,71.3,95,1.225,3331.11
19507.88,71.49,95,0.0,3331.11
19507.88,71.29,95,0.0,3331.11
19507.88,71.56,95,1.2125,3331.11
19507.88,71.33,95,0.0,3331.11
19507.88,71.72,95,0.0,3331.11
19507.88,71.35,95,0.0,3331.11
19507.88,71.6,95,1.2125,3331.11
19507.88,71.2,95,1.225,3331.11
19507.88,71.42,95,0.0,3331.11
19507.88,71.22,95,2.4375,3331.11
19507.88,71.6,95,0.0,3331.11
19507.88,72.5,81,0.0,3331.11
19507.88,72.69,81,1.2125,3331.11
19507.88,72.52,100,0.0,3331.11
19507.88,72.27,100,0.0,3331.11
19507.88,72.07,94,0.0,3331.11
19507.88,72.5,94,1.2375,3331.11
19507.88,72.45,96,0.0,3331.11
19507.88,72.85,96,0.0,3331.11
19507.88,72.99,96,0.0,3331.11
19507.88,72.99,96,0.0,3331.11
19507.88,73.03,96,1.225,3331.11
19507.88,72.04,96,0.0,3331.11
19507.88,71.91,96,0.0,3331.11
19507.88,71.7,96,0.0,3331.11
19507.88,72.28,96,0.0,3331.11
19507.88,71.98,96,0.0,3331.11
19507.88,72.07,96,0.0,3331.11
19507.88,71.82,96,1.225,3331.11
19507.88,71.73,96,0.0,3331.11
19507.88,71.9,97,0.0,3331.11
19507.88,71.82,97,0.0,3331.11
19507.88,71.97,96,0.0,3331.11
19507.88,71.84,96,0.0,3331.11
19507.88,72.22,96,1.225,3331.11
19507.88,72.22,96,0.0,3331.11
19507.88,72.16,96,0.0,3331.11
19507.88,72.32,96,0.0,3331.11
19507.88,72.12,95,0.0,3331.11
19507.88,72.28,95,1.2375,3331.11
19507.88,72.11,97,0.0,3331.11
19507.88,72.11,97,0.0,3331.11
19507.88,71.8,97,1.2375,3331.11
19507.88,71.92,97,0.0,3331.11
19507.88,72.29,96,0.0,3331.11
19507.88,72.11,96,0.0,3331.11
19507.88,72.28,96,1.2375,3331.11
19507.88,72.11,96,0.0,3331.11
19507.88,72.2,96,0.0,3331.11
19507.88,72.28,96,0.0,3331.11
19507.88,72.08,96,0.0,3331.11
19507.88,72.21,96,0.0,3331.11
19507.88,71.99,96,1.225,3331.11
19507.88,72.34,95,0.0,3331.11
19507.88,72.12,95,0.0,3331.11
19507.88,72.07,95,0.0,3331.11
19507.88,72.24,96,0.0,3331.11
19507.88,71.89,96,1.225,3331.11
19507.88,72.11,96,0.0,3331.11
19507.88,71.72,95,0.0,3331.11
19507.88,71.75,95,0.0,3331.11
19507.88,71.6,79,2.4125,3331.11
19507.88,68.09,79,0.0,3331.11
19507.88,68.47,100,1.2125,3331.11
19507.88,67.52,100,0.0,3331.11
19507.88,67.44,96,1.2,3331.11
19507.88,67.16,96,1.2125,3331.11
19507.88,67.68,94,0.0,3331.11
19507.88,67.42,94,0.0,3331.11
19507.88,67.88,95,0.0,3331.11
19507.88,67.46,95,1.2125,3331.11
19507.88,67.89,95,0.0,3331.11
19507.88,71.32,95,0.0,3331.11
19507.88,71.17,95,1.2125,3331.11
19507.88,70.92,95,0.0,3331.11
19507.88,71.89,94,0.0,3331.11
19507.88,71.98,94,0.0,3331.11
19507.88,71.91,95,1.2125,3331.11
19507.88,71.9,95,0.0,3331.11
19507.88,71.84,95,0.0,3331.11
19507.88,71.75,95,1.2125,3331.11
19507.88,72.02,93,0.0,3331.11
19507.88,71.95,93,0.0,3331.11
19507.88,71.74,95,1.2125,3331.11
19507.88,71.61,95,0.0,3331.11
19507.88,71.53,95,0.0,3331.11
19507.88,71.84,95,1.2125,3331.11
19507.88,72.02,95,1.2125,3331.11
19507.88,72.07,95,0.0,3331.11
19507.88,71.91,95,0.0,3331.11
19507.88,71.94,95,1.2125,3331.11
19507.88,71.94,95,0.0,3331.11
19507.88,71.85,95,0.0,3331.11
19507.88,71.71,95,1.2125,3331.11
19507.88,71.65,95,0.0,3331.11
19507.88,71.69,95,0.0,3331.11
19507.88,71.87,95,0.0,3331.11
19507.88,71.74,94,0.0,3331.11
19507.88,71.81,94,1.2125,3331.11
19507.88,71.98,95,0.0,3331.11
19507.88,72.08,95,0.0,3331.11
19507.88,72.17,95,1.2125,3331.11
19507.88,72.08,96,0.0,3331.11
19507.88,72.09,96,0.0,3331.11
19507.88,72.08,96,1.2125,3331.11
19507.88,72.42,96,0.0,3331.11
19507.88,72.29,94,0.0,3331.11
19507.88,72.57,94,1.2125,3331.11
19507.88,72.45,96,0.0,3331.11
19507.88,72.29,96,0.0,3331.11
19507.88,72.37,94,1.2,3331.11
19507.88,72.08,94,0.0,3331.11
19507.88,71.91,95,2.4375,3331.11
19507.88,71.91,95,0.0,3331.11
19507.88,69.18,80,0.0,3331.11
19507.88,68.93,80,2.4125,3331.11
19507.88,69.29,100,0.0,3331.11
19507.88,68.6,100,0.0,3331.11
19507.88,68.55,93,0.0,3331.11
19507.88,68.61,93,1.2125,3331.11
19507.88,68.63,94,0.0,3331.11
19507.88,68.72,94,0.0,3331.11
19507.88,68.39,92,1.1875,3331.11
19507.88,68.67,92,0.0,3331.11
19507.88,71.56,94,0.0,3331.11
19507.88,71.56,94,1.225,3331.11
19507.88,71.5,93,0.0,3331.11
19507.88,71.23,93,0.0,3331.11
19507.88,71.44,94,1.2,3331.11
19507.88,71.8,94,0.0,3331.11
19507.88,71.89,95,0.0,3331.11
19507.88,71.69,95,1.2125,3331.11
19507.88,72.01,95,0.0,3331.11
19507.88,71.93,95,0.0,3331.11
19507.88,71.8,95,0.0,3331.11
19507.88,71.63,95,1.2125,3331.11
19507.88,71.67,95,0.0,3331.11
19507.88,71.74,95,0.0,3331.11
19507.88,71.78,95,0.0,3331.11
19507.88,71.83,95,1.25,3331.11
19507.88,71.83,94,0.0,3331.11
19507.88,71.92,94,0.0,3331.11
19507.88,71.92,95,1.2375,3331.11
19507.88,71.72,95,0.0,3331.11
19507.88,71.72,95,0.0,3331.11
19507.88,71.74,95,0.0,3331.11
19507.88,71.74,93,1.25,3331.11
19507.88,71.78,93,0.0,3331.11
19507.88,71.81,95,0.0,3331.11
19507.88,71.97,95,1.2375,3331.11
19507.88,72.09,95,0.0,3331.11
19507.88,71.82,93,0.0,3331.11
19507.88,71.57,93,1.2375,3331.11
19507.88,71.79,94,0.0,3331.11
19507.88,71.4,94,0.0,3331.11
19507.88,71.78,95,1.2375,3331.11
19507.88,71.83,95,1.2375,3331.11
19507.88,71.69,95,0.0,3331.11
19507.88,71.8,95,0.0,3331.11
19507.88,71.83,95,1.2375,3331.11
19507.88,71.93,95,0.0,3331.11
19507.88,72.0,95,0.0,3331.11
19507.88,71.97,95,0.0,3331.11
19507.88,71.82,95,1.25,3331.11
19507.88,71.8,95,0.0,3331.11
19507.88,71.97,94,2.4875,3331.11
19507.88,73.85,94,0.0,3331.11
19507.88,74.39,81,0.0,3331.11
19507.88,74.22,81,1.2375,3331.11
19507.88,73.46,98,0.0,3331.11
19507.88,73.16,98,0.0,3331.11
19507.88,73.47,95,1.2375,3331.11
19507.88,73.37,95,0.0,3331.11
19507.88,73.57,94,0.0,3331.11
19507.88,73.86,94,0.0,3331.11
19507.88,73.66,94,1.2375,3331.11
19507.88,73.68,94,0.0,3331.11
19507.88,71.62,93,0.0,3331.11
19507.88,71.41,93,1.25,3331.11
19507.88,71.04,94,0.0,3331.11
19507.88,72.08,94,0.0,3331.11
19507.88,72.25,95,0.0,3331.11
19507.88,72.23,95,1.2125,3331.11
19507.88,72.11,94,1.2125,3331.11
19507.88,72.0,94,0.0,3331.11
19507.88,71.53,95,1.2125,3331.11
19507.88,71.95,95,0.0,3331.11
19507.88,71.62,95,0.0,3331.11
19507.88,71.79,95,1.2,3331.11
19507.88,71.87,95,0.0,3331.11
19507.88,71.92,95,0.0,3331.11
19507.88,72.05,95,1.2125,3331.11
19507.88,72.06,95,0.0,3331.11
19507.88,72.02,95,0.0,3331.11
19507.88,71.96,95,1.2125,3331.11
19507.88,71.96,95,0.0,3331.11
19507.88,72.0,95,0.0,3331.11
19507.88,71.87,95,1.2125,3331.11
19507.88,71.7,95,0.0,3331.11
19507.88,71.72,94,0.0,3331.11
19507.88,71.94,94,1.2125,3331.11
19507.88,72.71,93,0.0,3331.11
19507.88,72.77,93,0.0,3331.11
19507.88,72.54,94,0.0,3331.11
19507.88,72.53,94,1.2125,3331.11
19507.88,72.52,95,0.0,3331.11
19507.88,72.48,95,0.0,3331.11
19507.88,72.57,93,1.225,3331.11
19507.88,72.57,93,0.0,3331.11
19507.88,72.57,95,0.0,3331.11
19507.88,72.57,95,0.0,3331.11
19507.88,72.36,95,0.0,3331.11
19507.88,71.61,95,1.175,3331.11
19507.88,72.09,95,1.225,3331.11
19507.88,72.1,95,0.0,3331.11
19507.88,72.01,95,1.225,3331.11
19507.88,72.06,95,0.0,3331.11
19507.88,71.74,95,1.225,3331.11
19507.88,68.41,80,0.0,3331.11
19507.88,68.82,98,0.0,3331.11
19507.88,68.72,98,1.225,3331.11
19507.88,68.75,96,0.0,3331.11
19507.88,68.23,96,0.0,3331.11
19507.88,68.71,94,1.225,3331.11
19507.88,68.47,94,0.0,3331.11
19507.88,68.57,95,0.0,3331.11
19507.88,68.71,95,1.225,3331.11
19507.88,68.38,94,1.225,3331.11
19507.88,72.66,94,0.0,3331.11
19507.88,72.82,94,0.0,3331.11
19507.88,72.85,94,1.2125,3331.11
19507.88,72.83,92,0.0,3331.11
19507.88,73.1,92,0.0,3331.11
19507.88,73.14,94,1.2125,3331.11
19507.88,72.7,94,0.0,3331.11
19507.88,72.72,94,0.0,3331.11
19507.88,72.51,94,1.2125,3331.11
19507.88,72.86,95,0.0,3331.11
19507.88,72.77,95,0.0,3331.11
19507.88,72.19,95,1.2,3331.11
19507.88,71.52,95,0.0,3331.11
19507.88,71.41,95,0.0,3331.11
19507.88,71.11,95,1.2125,3331.11
19507.88,71.64,94,0.0,3331.11
19507.88,71.59,94,0.0,3331.11
19507.88,72.03,95,1.2125,3331.11
19507.88,71.85,95,0.0,3331.11
19507.88,71.89,93,0.0,3331.11
19507.88,71.86,93,1.2125,3331.11
19507.88,71.44,92,0.0,3331.11
19507.88,71.62,92,0.0,3331.11
19507.88,71.69,95,1.2125,3331.11
19507.88,71.72,95,0.0,3331.11
19507.88,71.6,94,0.0,3331.11
19507.88,71.45,94,1.2125,3331.11
19507.88,71.12,94,0.0,3331.11
19507.88,71.22,94,0.0,3331.11
19507.88,70.99,95,1.2125,3331.11
19507.88,71.17,95,0.0,3331.11
19507.88,70.86,94,0.0,3331.11
19507.88,71.41,94,1.2125,3331.11
19507.88,71.13,94,0.0,3331.11
19507.88,71.9,94,0.0,3331.11
19507.88,71.84,94,0.0,3331.11
19507.88,71.9,94,1.2125,3331.11
19507.88,71.74,94,0.0,3331.11
19507.88,71.76,94,0.0,3331.11
19507.88,71.72,95,1.2,3331.11
19507.88,71.91,95,0.0,3331.11
19507.88,71.83,93,2.425,3331.11
19507.88,73.32,93,0.0,3331.11
19507.88,73.8,72,1.2125,3331.11
19507.88,73.81,100,0.0,3331.11
19507.88,73.77,100,0.0,3331.11
19507.88,74.29,100,1.2125,3331.11
19507.88,74.16,100,0.0,3331.11
19507.88,73.97,100,0.0,3331.11
19507.88,73.94,97,1.2125,3331.11
19507.88,74.43,97,0.0,3331.11
19507.88,73.97,95,0.0,3331.11
19507.88,74.47,95,0.0,3331.11
19507.88,72.77,95,1.2125,3331.11
19507.88,72.81,95,0.0,3331.11
19507.88,72.3,95,0.0,3331.11
19507.88,72.46,95,0.0,3331.11
19507.88,71.84,95,1.1875,3331.11
19507.88,71.72,95,1.2125,3331.11
19507.88,71.71,95,0.0,3331.11
19507.88,71.71,95,1.2125,3331.11
19507.88,71.02,95,0.0,3331.11
19507.88,71.58,94,0.0,3331.11
19507.88,71.16,93,1.2125,3331.11
19507.88,71.59,93,0.0,3331.11
19507.88,71.71,95,0.0,3331.11
19507.88,72.26,95,1.2125,3331.11
19507.88,71.73,95,0.0,3331.11
19507.88,72.35,95,0.0,3331.11
19507.88,72.45,94,0.0,3331.11
19507.88,72.97,94,1.2125,3331.11
19507.88,73.29,94,0.0,3331.11
19507.88,73.88,94,0.0,3331.11
19507.88,73.96,95,1.2125,3331.11
19507.88,74.49,95,0.0,3331.11
19507.88,74.77,95,0.0,3331.11
19507.88,74.69,95,1.2125,3331.11
19507.88,74.41,95,0.0,3331.11
19507.88,74.77,95,0.0,3331.11
19507.88,74.81,95,1.2125,3331.11
19507.88,74.86,95,0.0,3331.11
19507.88,74.95,95,0.0,3331.11
19507.88,74.75,95,2.4375,3331.11
19507.88,74.41,95,0.0,3331.11
19507.88,74.36,95,0.0,3331.11
19507.88,74.02,95,0.0,3331.11
19507.88,73.7,95,1.2125,3331.11
19507.88,73.18,94,0.0,3331.11
19507.88,73.16,94,0.0,3331.11
19507.88,73.16,95,1.2125,3331.11
19507.88,73.53,95,0.0,3331.11
19507.88,73.13,93,0.0,3331.11
19507.88,72.98,93,1.2125,3331.11
19507.88,72.91,93,0.0,3331.11
19507.88,72.85,93,0.0,3331.11
19507.88,72.5,95,1.2125,3331.11
19507.88,72.5,95,0.0,3331.11
19507.88,72.52,95,1.225,3331.11
19507.88,74.33,95,1.2125,3331.11
19507.88,74.25,84,0.0,3331.11
19507.88,74.17,84,0.0,3331.11
19507.88,72.77,98,0.0,3331.11
19507.88,72.87,98,0.0,3331.11
19507.88,73.23,94,2.425,3331.11
19507.88,73.08,94,0.0,3331.11
19507.88,73.5,94,0.0,3331.11
19507.88,73.23,94,1.2125,3331.11
19507.88,73.71,95,0.0,3331.11
19507.88,71.69,95,1.2125,3331.11
19507.88,71.58,95,0.0,3331.11
19507.88,71.08,95,0.0,3331.11
19507.88,71.95,95,1.2125,3331.11
19507.88,72.1,94,0.0,3331.11
19507.88,72.01,94,0.0,3331.11
19507.88,71.84,95,0.0,3331.11
19507.88,72.06,95,1.2125,3331.11
19507.88,72.11,95,0.0,3331.11
19507.88,71.46,95,0.0,3331.11
19507.88,71.44,93,1.2125,3331.11
19507.88,70.93,93,0.0,3331.11
19507.88,71.02,94,0.0,3331.11
19507.88,71.04,94,0.0,3331.11
19507.88,71.2,95,1.2125,3331.11
19507.88,71.18,95,0.0,3331.11
19507.88,71.16,94,0.0,3331.11
19507.88,71.05,94,1.2125,3331.11
19507.88,70.89,95,0.0,3331.11
19507.88,70.3,95,0.0,3331.11
19507.88,71.25,94,0.0,3331.11
19507.88,70.55,94,1.2125,3331.11
19507.88,71.08,94,1.2125,3331.11
19507.88,71.09,94,0.0,3331.11
19507.88,71.44,94,1.225,3331.11
19507.88,71.6,94,0.0,3331.11
19507.88,71.51,93,0.0,3331.11
19507.88,71.61,93,0.0,3331.11
19507.88,71.46,95,1.2125,3331.11
19507.88,71.58,95,0.0,3331.11
19507.88,71.62,94,0.0,3331.11
19507.88,71.57,94,1.2125,3331.11
19507.88,71.73,95,0.0,3331.11
19507.88,71.74,95,0.0,3331.11
19507.88,71.5,95,1.225,3331.11
19507.88,71.64,95,0.0,3331.11
19507.88,71.31,94,0.0,3331.11
19507.88,71.91,94,0.0,3331.11
19507.88,71.93,95,1.2125,3331.11
19507.88,71.97,95,0.0,3331.11
19507.88,71.86,95,0.0,3331.11
19507.88,71.87,95,2.4375,3331.11
19507.88,68.46,79,0.0,3331.11
19507.88,68.72,98,0.0,3331.11
19507.88,68.72,98,1.225,3331.11
19507.88,69.0,96,0.0,3331.11
19507.88,68.52,96,0.0,3331.11
19507.88,68.78,96,0.0,3331.11
19507.88,68.04,95,1.225,3331.11
19507.88,68.13,94,0.0,3331.11
19507.88,68.74,94,0.0,3331.11
19507.88,68.22,95,0.0,3331.11
19507.88,68.6,95,1.225,3331.11
19507.88,72.16,95,0.0,3331.11
19507.88,71.78,95,0.0,3331.11
19507.88,71.6,95,0.0,3331.11
19507.88,71.6,95,1.225,3331.11
19507.88,71.78,95,0.0,3331.11
19507.88,71.44,95,0.0,3331.11
19507.88,71.85,94,0.0,3331.11
19507.88,71.93,94,0.0,3331.11
19507.88,72.23,95,1.225,3331.11
19507.88,72.13,95,0.0,3331.11
19507.88,71.95,95,0.0,3331.11
19507.88,71.96,95,0.0,3331.11
19507.88,72.19,94,1.225,3331.11
19507.88,72.23,94,0.0,3331.11
19507.88,72.11,95,0.0,3331.11
19507.88,72.0,95,0.0,3331.11
19507.88,71.94,95,1.225,3331.11
19507.88,71.89,95,0.0,3331.11
19507.88,71.71,95,0.0,3331.11
19507.88,71.6,95,1.225,3331.11
19507.88,71.55,95,0.0,3331.11
19507.88,71.63,95,1.2125,3331.11
19507.88,71.85,95,0.0,3331.11
19507.88,71.85,95,0.0,3331.11
19507.88,71.89,95,0.0,3331.11
19507.88,71.84,95,1.1875,3331.11
19507.88,71.86,95,0.0,3331.11
19507.88,71.91,94,1.2125,3331.11
19507.88,71.52,94,0.0,3331.11
19507.88,71.82,93,0.0,3331.11
19507.88,71.45,93,1.2125,3331.11
19507.88,71.74,94,0.0,3331.11
19507.88,71.78,94,0.0,3331.11
19507.88,71.81,94,1.2125,3331.11
19507.88,71.84,94,0.0,3331.11
19507.88,71.7,95,0.0,3331.11
19507.88,71.88,95,1.2125,3331.11
19507.88,71.92,95,0.0,3331.11
19507.88,71.75,95,0.0,3331.11
19507.88,71.18,93,0.0,3331.11
19507.88,71.32,93,2.425,3331.11
19507.88,72.79,79,0.0,3331.11
19507.88,72.83,79,1.2125,3331.11
19507.88,72.74,100,0.0,3331.11
19507.88,71.87,100,1.2125,3331.11
19507.88,71.9,95,0.0,3331.11
19507.88,72.12,95,0.0,3331.11
19507.88,72.16,94,0.0,3331.11
19507.88,72.43,94,1.175,3331.11
19507.88,72.78,94,0.0,3331.11
19507.88,73.7,94,2.425,3331.11
19507.88,73.31,94,0.0,3331.11
19507.88,72.45,94,0.0,3331.11
19507.88,72.05,95,0.0,3331.11
19507.88,71.95,95,0.0,3331.11
19507.88,72.7,95,1.225,3331.11
19507.88,72.67,95,0.0,3331.11
19507.88,72.62,95,0.0,3331.11
19507.88,72.52,95,1.2125,3331.11
19507.88,72.28,95,0.0,3331.11
19507.88,72.06,95,0.0,3331.11
19507.88,72.1,95,0.0,3331.11
19507.88,72.12,95,1.2125,3331.11
19507.88,71.85,95,0.0,3331.11
19507.88,71.81,95,0.0,3331.11
19507.88,71.94,95,0.0,3331.11
19507.88,72.13,95,1.225,3331.11
19507.88,72.11,95,0.0,3331.11
19507.88,71.7,94,0.0,3331.11
19507.88,71.68,94,1.2125,3331.11
19507.88,71.63,94,0.0,3331.11
19507.88,71.66,94,0.0,3331.11
19507.88,71.64,94,1.2125,3331.11
19507.88,71.9,94,0.0,3331.11
19507.88,71.9,95,0.0,3331.11
19507.88,72.08,95,1.2,3331.11
19507.88,71.56,94,0.0,3331.11
19507.88,71.68,94,1.2125,3331.11
19507.88,72.06,94,0.0,3331.11
19507.88,72.04,94,0.0,3331.11
19507.88,71.92,94,0.0,3331.11
19507.88,71.73,95,1.2125,3331.11
19507.88,71.33,95,0.0,3331.11
19507.88,71.36,95,0.0,3331.11
19507.88,71.43,95,1.2125,3331.11
19507.88,71.48,95,0.0,3331.11
19507.88,71.88,95,2.4125,3331.11
19507.88,71.86,95,0.0,3331.11
19507.88,71.8,95,0.0,3331.11
19507.88,71.83,95,0.0,3331.11
19507.88,71.94,95,1.2125,3331.11
19507.88,71.85,95,1.2,3331.11
19507.88,70.8,95,1.175,3331.11
19507.88,70.9,74,0.0,3331.11
19507.88,70.89,74,1.2125,3331.11
19507.88,71.27,100,0.0,3331.11
19507.88,71.12,100,0.0,3331.11
19507.88,71.18,100,1.2125,3331.11
19507.88,69.91,100,0.0,3331.11
19507.88,70.23,95,0.0,3331.11
19507.88,70.03,95,0.0,3331.11
19507.88,70.13,94,1.2125,3331.11
19507.88,69.93,94,0.0,3331.11
19507.88,71.6,93,0.0,3331.11
19507.88,71.5,93,1.2,3331.11
19507.88,71.7,95,0.0,3331.11
19507.88,71.44,95,0.0,3331.11
19507.88,71.39,95,1.2125,3331.11
19507.88,71.15,95,0.0,3331.11
19507.88,72.31,95,0.0,3331.11
19507.88,71.72,95,0.0,3331.11
19507.88,72.09,93,1.225,3331.11
19507.88,72.51,93,0.0,3331.11
19507.88,72.95,94,0.0,3331.11
19507.88,72.89,94,2.4375,3331.11
19507.88,72.96,94,0.0,3331.11
19507.88,72.76,94,0.0,3331.11
19507.88,72.66,95,1.2125,3331.11
19507.88,72.58,95,0.0,3331.11
19507.88,72.68,93,0.0,3331.11
19507.88,72.67,93,0.0,3331.11
19507.88,72.87,95,0.0,3331.11
19507.88,72.77,95,1.25,3331.11
19507.88,72.34,95,0.0,3331.11
19507.88,72.31,95,0.0,3331.11
19507.88,71.89,94,1.2375,3331.11
19507.88,71.81,94,0.0,3331.11
19507.88,71.0,94,0.0,3331.11
19507.88,71.28,94,0.0,3331.11
19507.88,71.17,95,1.2375,3331.11
19507.88,71.47,95,0.0,3331.11
19507.88,71.14,95,0.0,3331.11
19507.88,71.54,95,1.2375,3331.11
19507.88,71.27,95,0.0,3331.11
19507.88,71.63,95,0.0,3331.11
19507.88,71.32,95,0.0,3331.11
19507.88,71.45,95,0.0,3331.11
19507.88,71.03,94,1.2375,3331.11
19507.88,71.77,94,0.0,3331.11
19507.88,71.42,95,0.0,3331.11
19507.88,71.82,95,1.25,3331.11
19507.88,71.44,95,0.0,3331.11
19507.88,71.85,95,0.0,3331.11
19507.88,71.54,95,0.0,3331.11
19507.88,71.94,95,1.2375,3331.11
19507.88,71.35,95,0.0,3331.11
19507.88,71.55,95,0.0,3331.11
19507.88,71.04,95,1.25,3331.11
19507.88,71.52,74,3.7375,3331.11
19507.88,68.06,74,0.0,3331.11
19507.88,68.4,100,0.0,3331.11
19507.88,68.61,100,0.0,3331.11
19507.88,67.8,96,1.2375,3331.11
19507.88,67.59,96,0.0,3331.11
19507.88,67.63,95,0.0,3331.11
19507.88,67.52,95,0.0,3331.11
19507.88,68.17,93,1.2375,3331.11
19507.88,68.53,93,0.0,3331.11
19507.88,68.09,95,0.0,3331.11
19507.88,71.67,95,0.0,3331.11
19507.88,71.53,95,0.0,3331.11
19507.88,71.08,95,1.25,3331.11
19507.88,71.96,95,0.0,3331.11
19507.88,72.15,95,0.0,3331.11
19507.88,72.16,95,0.0,3331.11
19507.88,72.09,95,1.2375,3331.11
19507.88,72.13,95,0.0,3331.11
19507.88,71.75,95,0.0,3331.11
19507.88,71.89,95,0.0,3331.11
19507.88,72.13,95,1.2375,3331.11
19507.88,72.02,95,0.0,3331.11
19507.88,71.93,95,0.0,3331.11
19507.88,72.13,95,0.0,3331.11
19507.88,72.21,95,0.0,3331.11
19507.88,72.25,94,1.225,3331.11
19507.88,71.93,94,0.0,3331.11
19507.88,71.86,94,0.0,3331.11
19507.88,71.63,94,0.0,3331.11
19507.88,71.68,94,1.225,3331.11
19507.88,71.62,94,0.0,3331.11
19507.88,72.09,93,1.2125,3331.11
19507.88,72.23,93,0.0,3331.11
19507.88,72.11,95,1.2125,3331.11
19507.88,72.28,95,0.0,3331.11
19507.88,72.13,95,0.0,3331.11
19507.88,72.06,95,0.0,3331.11
19507.88,72.31,95,1.2125,3331.11
19507.88,72.33,95,0.0,3331.11
19507.88,72.41,95,0.0,3331.11
19507.88,72.3,95,1.2125,3331.11
19507.88,72.09,95,0.0,3331.11
19507.88,71.77,95,0.0,3331.11
19507.88,71.99,94,1.2,3331.11
19507.88,72.41,94,0.0,3331.11
19507.88,72.3,94,0.0,3331.11
19507.88,72.39,94,1.2125,3331.11
19507.88,72.4,95,0.0,3331.11
19507.88,72.42,95,0.0,3331.11
19507.88,72.47,93,1.225,3331.11
19507.88,72.37,93,0.0,3331.11
19507.88,72.44,95,1.225,3331.11
19507.88,70.26,95,1.2125,3331.11
19507.88,70.63,80,1.225,3331.11
19507.88,70.42,80,0.0,3331.11
19507.88,70.52,100,0.0,3331.11
19507.88,70.48,100,0.0,3331.11
19507.88,70.73,100,1.225,3331.11
19507.88,69.63,100,0.0,3331.11
19507.88,70.02,95,0.0,3331.11
19507.88,70.2,95,0.0,3331.11
19507.88,70.74,95,1.2125,3331.11
19507.88,70.8,95,0.0,3331.11
19507.88,73.23,94,0.0,3331.11
19507.88,72.87,94,1.2125,3331.11
19507.88,72.35,94,0.0,3331.11
19507.88,72.17,94,0.0,3331.11
19507.88,71.73,93,1.2125,3331.11
19507.88,72.66,93,0.0,3331.11
19507.88,72.07,94,0.0,3331.11
19507.88,71.89,94,1.2125,3331.11
19507.88,71.28,94,0.0,3331.11
19507.88,71.53,94,0.0,3331.11
19507.88,71.13,94,1.2125,3331.11
19507.88,71.34,94,0.0,3331.11
19507.88,70.57,94,0.0,3331.11
19507.88,71.25,92,1.2125,3331.11
19507.88,71.36,95,0.0,3331.11
19507.88,71.77,95,0.0,3331.11
19507.88,71.94,95,0.0,3331.11
19507.88,72.56,95,1.2125,3331.11
19507.88,72.46,95,0.0,3331.11
19507.88,73.0,95,1.2125,3331.11
19507.88,72.44,95,0.0,3331.11
19507.88,72.81,95,1.225,3331.11
19507.88,72.18,95,0.0,3331.11
19507.88,72.81,95,0.0,3331.11
19507.88,72.08,95,0.0,3331.11
19507.88,72.07,95,1.225,3331.11
19507.88,71.7,95,0.0,3331.11
19507.88,71.7,95,0.0,3331.11
19507.88,71.09,95,0.0,3331.11
19507.88,71.39,95,0.0,3331.11
19507.88,71.06,95,0.0,3331.11
19507.88,71.42,95,1.225,3331.11
19507.88,71.01,93,0.0,3331.11
19507.88,71.67,93,1.225,3331.11
19507.88,71.22,95,0.0,3331.11
19507.88,71.75,95,1.2125,3331.11
19507.88,71.14,94,0.0,3331.11
19507.88,71.81,94,0.0,3331.11
19507.88,71.6,95,0.0,3331.11
19507.88,72.2,95,1.2125,3331.11
19507.88,71.71,95,0.0,3331.11
19507.88,71.46,95,0.0,3331.11
19507.88,71.93,95,1.25,3331.11
19507.88,71.25,95,1.15,3331.11
19507.88,68.52,83,1.2375,3331.11
19507.88,68.41,83,0.0,3331.11
19507.88,69.06,94,0.0,3331.11
19507.88,68.77,94,1.225,3331.11
19507.88,68.38,95,0.0,3331.11
19507.88,68.3,95,0.0,3331.11
19507.88,68.37,93,0.0,3331.11
19507.88,68.82,93,1.2125,3331.11
19507.88,68.48,94,0.0,3331.11
19507.88,68.86,94,0.0,3331.11
19507.88,72.0,95,1.2125,3331.11
19507.88,72.24,95,0.0,3331.11
19507.88,72.24,95,0.0,3331.11
19507.88,71.42,95,1.2125,3331.11
19507.88,71.76,94,0.0,3331.11
19507.88,71.69,94,0.0,3331.11
19507.88,71.87,94,0.0,3331.11
19507.88,71.76,94,1.225,3331.11
19507.88,71.53,94,0.0,3331.11
19507.88,71.8,95,0.0,3331.11
19507.88,71.72,95,1.2125,3331.11
19507.88,71.67,94,0.0,3331.11
19507.88,71.08,94,1.2125,3331.11
19507.88,71.49,94,0.0,3331.11
19507.88,71.52,94,1.2125,3331.11
19507.88,71.67,94,0.0,3331.11
19507.88,71.84,94,0.0,3331.11
19507.88,71.87,95,1.225,3331.11
19507.88,71.78,95,0.0,3331.11
19507.88,71.77,95,0.0,3331.11
19507.88,71.86,95,1.175,3331.11
19507.88,71.72,93,0.0,3331.11
19507.88,71.72,93,0.0,3331.11
19507.88,71.49,94,0.0,3331.11
19507.88,71.66,94,1.2125,3331.11
19507.88,71.66,95,0.0,3331.11
19507.88,71.76,95,0.0,3331.11
19507.88,71.37,94,1.2125,3331.11
19507.88,71.5,94,0.0,3331.11
19507.88,71.26,93,0.0,3331.11
19507.88,71.49,93,1.2125,3331.11
19507.88,71.2,95,0.0,3331.11
19507.88,71.69,95,0.0,3331.11
19507.88,71.79,95,0.0,3331.11
19507.88,71.77,95,1.2125,3331.11
19507.88,72.11,93,0.0,3331.11
19507.88,72.07,93,0.0,3331.11
19507.88,72.09,95,0.0,3331.11
19507.88,72.01,95,1.2125,3331.11
19507.88,72.06,95,0.0,3331.11
19507.88,72.0,95,0.0,3331.11
19507.88,71.93,95,3.625,3331.11
19507.88,71.72,95,0.0,3331.11
19507.88,72.93,82,0.0,3331.11
19507.88,72.73,82,0.0,3331.11
19507.88,73.36,100,0.0,3331.11
19507.88,72.02,100,1.2125,3331.11
19507.88,72.39,95,0.0,3331.11
19507.88,72.2,95,0.0,3331.11
19507.88,72.61,95,0.0,3331.11
19507.88,72.51,95,1.2125,3331.11
19507.88,72.78,95,0.0,3331.11
19507.88,72.98,95,0.0,3331.11
19507.88,72.93,95,1.225,3331.11
19507.88,71.36,95,0.0,3331.11
19507.88,71.21,93,0.0,3331.11
19507.88,71.21,93,1.225,3331.11
19507.88,71.98,95,0.0,3331.11
19507.88,71.91,95,0.0,3331.11
19507.88,71.89,95,1.2125,3331.11
19507.88,71.86,94,0.0,3331.11
19507.88,71.71,94,1.2125,3331.11
19507.88,71.44,94,0.0,3331.11
19507.88,71.78,94,0.0,3331.11
19507.88,71.33,93,1.225,3331.11
19507.88,71.61,93,0.0,3331.11
19507.88,71.57,95,0.0,3331.11
19507.88,71.92,95,1.2125,3331.11
19507.88,71.91,94,0.0,3331.11
19507.88,71.99,95,0.0,3331.11
19507.88,72.02,95,1.2125,3331.11
19507.88,72.04,95,0.0,3331.11
19507.88,72.0,95,1.2125,3331.11
19507.88,71.84,95,0.0,3331.11
19507.88,71.77,95,0.0,3331.11
19507.88,71.89,95,0.0,3331.11
19507.88,71.86,95,1.2125,3331.11
19507.88,71.77,95,0.0,3331.11
19507.88,71.56,95,0.0,3331.11
19507.88,71.69,93,0.0,3331.11
19507.88,71.41,93,1.2,3331.11
19507.88,71.83,94,0.0,3331.11
19507.88,71.89,94,1.2125,3331.11
19507.88,71.76,95,0.0,3331.11
19507.88,71.92,95,0.0,3331.11
19507.88,71.91,95,1.2125,3331.11
19507.88,72.0,95,0.0,3331.11
19507.88,72.08,95,0.0,3331.11
19507.88,72.17,95,1.2125,3331.11
19507.88,71.97,94,0.0,3331.11
19507.88,71.99,94,0.0,3331.11
19507.88,71.8,94,2.4375,3331.11
19507.88,71.47,94,0.0,3331.11
19507.88,71.17,95,1.2125,3331.11
19507.88,71.56,95,1.2125,3331.11
19507.88,71.28,84,0.0,3331.11
19507.88,71.46,84,0.0,3331.11
19507.88,71.07,99,0.0,3331.11
19507.88,71.0,99,1.2125,3331.11
19507.88,71.04,95,0.0,3331.11
19507.88,71.6,95,0.0,3331.11
19507.88,71.33,95,0.0,3331.11
19507.88,71.82,95,1.2125,3331.11
19507.88,71.65,95,0.0,3331.11
19507.88,72.14,95,0.0,3331.11
19507.88,72.02,95,1.2125,3331.11
19507.88,72.05,95,0.0,3331.11
19507.88,71.85,95,1.2,3331.11
19507.88,72.2,95,1.2,3331.11
19507.88,72.46,95,0.0,3331.11
19507.88,71.99,95,0.0,3331.11
19507.88,72.06,95,1.2,3331.11
19507.88,72.11,95,0.0,3331.11
19507.88,72.04,95,0.0,3331.11
19507.88,72.18,95,0.0,3331.11
19507.88,71.88,95,1.2125,3331.11
19507.88,71.71,95,0.0,3331.11
19507.88,71.82,95,0.0,3331.11
19507.88,72.11,96,1.2125,3331.11
19507.88,71.84,96,0.0,3331.11
19507.88,72.16,96,0.0,3331.11
19507.88,72.16,96,1.2125,3331.11
19507.88,72.0,95,0.0,3331.11
19507.88,71.78,95,1.2125,3331.11
19507.88,71.81,96,1.2125,3331.11
19507.88,71.55,96,0.0,3331.11
19507.88,71.72,96,0.0,3331.11
19507.88,71.5,96,1.2125,3331.11
19507.88,71.6,96,0.0,3331.11
19507.88,71.72,96,0.0,3331.11
19507.88,71.83,94,0.0,3331.11
19507.88,71.85,94,1.225,3331.11
19507.88,71.82,94,0.0,3331.11
19507.88,71.95,94,0.0,3331.11
19507.88,71.86,94,0.0,3331.11
19507.88,71.98,94,1.225,3331.11
19507.88,71.96,94,0.0,3331.11
19507.88,72.14,94,0.0,3331.11
19507.88,72.03,94,1.225,3331.11
19507.88,72.14,94,0.0,3331.11
19507.88,72.05,94,0.0,3331.11
19507.88,71.94,94,0.0,3331.11
19507.88,71.92,95,1.225,3331.11
19507.88,71.78,95,0.0,3331.11
19507.88,71.62,94,0.0,3331.11
19507.88,68.78,94,2.425,3331.11
19507.88,69.18,87,1.2,3331.11
19507.88,69.39,87,0.0,3331.11
19507.88,69.97,90,0.0,3331.11
19507.88,69.31,90,1.2125,3331.11
19507.88,69.31,96,0.0,3331.11
19507.88,69.52,96,0.0,3331.11
19507.88,69.52,95,1.225,3331.11
19507.88,69.85,95,0.0,3331.11
19507.88,70.11,95,0.0,3331.11
19507.88,70.18,95,1.2125,3331.11
19507.88,72.82,96,0.0,3331.11
19507.88,72.82,96,1.2125,3331.11
19507.88,72.12,96,1.2125,3331.11
19507.88,71.78,96,0.0,3331.11
19507.88,72.06,96,0.0,3331.11
19507.88,72.09,95,1.2125,3331.11
19507.88,72.33,95,0.0,3331.11
19507.88,72.12,96,0.0,3331.11
19507.88,71.85,96,1.2,3331.11
19507.88,71.97,96,0.0,3331.11
19507.88,71.95,96,0.0,3331.11
19507.88,71.37,96,0.0,3331.11
19507.88,71.86,96,1.2125,3331.11
19507.88,71.78,96,0.0,3331.11
19507.88,72.11,96,0.0,3331.11
19507.88,71.87,96,1.2125,3331.11
19507.88,71.64,96,0.0,3331.11
19507.88,71.78,96,0.0,3331.11
19507.88,71.57,96,0.0,3331.11
19507.88,71.77,96,1.2125,3331.11
19507.88,71.42,96,0.0,3331.11
19507.88,71.5,96,1.2125,3331.11
19507.88,71.75,96,0.0,3331.11
19507.88,71.68,96,1.2125,3331.11
19507.88,71.88,96,0.0,3331.11
19507.88,71.76,96,0.0,3331.11
19507.88,71.91,95,1.2,3331.11
19507.88,71.69,95,0.0,3331.11
19507.88,71.84,94,0.0,3331.11
19507.88,71.82,94,1.2125,3331.11
19507.88,71.74,95,0.0,3331.11
19507.88,71.72,95,0.0,3331.11
19507.88,71.82,95,1.225,3331.11
19507.88,71.85,95,0.0,3331.11
19507.88,71.94,94,0.0,3331.11
19507.88,71.84,94,0.0,3331.11
19507.88,71.92,94,1.2125,3331.11
19507.88,72.02,94,0.0,3331.11
19507.88,71.94,95,1.225,3331.11
19507.88,71.76,95,0.0,3331.11
19507.88,71.65,95,2.425,3331.11
19507.88,68.25,95,0.0,3331.11
19507.88,68.9,79,1.2125,3331.11
19507.88,68.79,79,0.0,3331.11
19507.88,68.89,100,0.0,3331.11
19507.88,68.88,100,1.2125,3331.11
19507.88,68.92,100,0.0,3331.11
19507.88,67.87,100,0.0,3331.11
19507.88,67.61,96,1.2125,3331.11
19507.88,67.82,96,0.0,3331.11
19507.88,67.61,95,0.0,3331.11
19507.88,67.81,95,0.0,3331.11
19507.88,71.43,95,1.2125,3331.11
19507.88,71.37,96,0.0,3331.11
19507.88,71.31,96,0.0,3331.11
19507.88,71.48,96,1.2125,3331.11
19507.88,71.08,96,0.0,3331.11
19507.88,71.01,96,0.0,3331.11
19507.88,71.76,96,1.2125,3331.11
19507.88,71.9,96,0.0,3331.11
19507.88,71.87,96,0.0,3331.11
19507.88,72.19,96,1.2125,3331.11
19507.88,72.06,96,0.0,3331.11
19507.88,71.67,96,0.0,3331.11
19507.88,71.85,96,1.2125,3331.11
19507.88,71.5,96,0.0,3331.11
19507.88,71.72,96,0.0,3331.11
19507.88,71.71,96,2.425,3331.11
19507.88,72.21,96,0.0,3331.11
19507.88,72.25,96,0.0,3331.11
19507.88,72.25,96,0.0,3331.11
19507.88,72.31,96,1.2125,3331.11
19507.88,72.17,96,0.0,3331.11
19507.88,72.19,96,0.0,3331.11
19507.88,72.05,96,0.0,3331.11
19507.88,72.11,95,1.2125,3331.11
19507.88,71.96,95,0.0,3331.11
19507.88,72.12,95,0.0,3331.11
19507.88,71.95,95,1.2125,3331.11
19507.88,71.83,93,0.0,3331.11
19507.88,71.52,93,0.0,3331.11
19507.88,71.75,95,1.2125,3331.11
19507.88,71.31,95,0.0,3331.11
19507.88,71.61,95,0.0,3331.11
19507.88,71.2,95,0.0,3331.11
19507.88,71.51,95,1.175,3331.11
19507.88,71.08,95,0.0,3331.11
19507.88,71.25,95,0.0,3331.11
19507.88,71.79,95,2.425,3331.11
19507.88,71.45,95,0.0,3331.11
19507.88,71.7,95,0.0,3331.11
19507.88,71.34,95,1.2125,3331.11
19507.88,71.79,95,0.0,3331.11
19507.88,71.33,95,0.0,3331.11
19507.88,71.69,95,0.0,3331.11
19507.88,71.31,95,2.4125,3331.11
19507.88,73.96,77,1.2125,3331.11
19507.88,73.83,77,0.0,3331.11
19507.88,74.17,100,0.0,3331.11
19507.88,72.86,100,1.2125,3331.11
19507.88,72.64,93,0.0,3331.11
19507.88,72.86,93,0.0,3331.11
19507.88,73.04,94,1.2125,3331.11
19507.88,73.2,94,0.0,3331.11
19507.88,73.49,94,0.0,3331.11
19507.88,73.46,94,0.0,3331.11
19507.88,73.49,94,1.2125,3331.11
19507.88,71.4,94,0.0,3331.11
19507.88,71.12,95,0.0,3331.11
19507.88,70.85,95,1.2125,3331.11
19507.88,71.58,94,0.0,3331.11
19507.88,71.82,94,0.0,3331.11
19507.88,71.52,95,1.2125,3331.11
19507.88,71.68,95,0.0,3331.11
19507.88,71.63,95,0.0,3331.11
19507.88,71.45,95,0.0,3331.11
19507.88,71.61,95,1.2125,3331.11
19507.88,71.88,95,0.0,3331.11
19507.88,71.68,95,0.0,3331.11
19507.88,71.68,95,1.2125,3331.11
19507.88,71.71,95,0.0,3331.11
19507.88,71.81,94,0.0,3331.11
19507.88,72.11,94,1.2125,3331.11
19507.88,72.36,96,1.2125,3331.11
19507.88,72.29,96,0.0,3331.11
19507.88,72.11,96,0.0,3331.11
19507.88,72.31,96,1.2125,3331.11
19507.88,72.15,95,0.0,3331.11
19507.88,71.86,95,0.0,3331.11
19507.88,71.78,94,0.0,3331.11
19507.88,71.82,94,1.1875,3331.11
19507.88,71.83,94,0.0,3331.11
19507.88,71.72,94,0.0,3331.11
19507.88,71.46,92,0.0,3331.11
19507.88,71.59,92,1.2125,3331.11
19507.88,71.41,94,0.0,3331.11
19507.88,71.54,94,0.0,3331.11
19507.88,71.04,93,1.2125,3331.11
19507.88,71.3,93,0.0,3331.11
19507.88,71.11,94,0.0,3331.11
19507.88,71.45,94,0.0,3331.11
19507.88,71.61,95,1.2125,3331.11
19507.88,71.65,95,0.0,3331.11
19507.88,71.87,95,0.0,3331.11
19507.88,71.74,95,1.2125,3331.11
19507.88,71.85,95,0.0,3331.11
19507.88,71.78,95,0.0,3331.11
19507.88,71.61,95,2.45,3331.11
19507.88,69.24,95,1.2125,3331.11
19507.88,69.36,82,1.2125,3331.11
19507.88,69.49,82,0.0,3331.11
19507.88,69.33,100,0.0,3331.11
19507.88,69.05,100,1.2125,3331.11
19507.88,69.57,95,0.0,3331.11
19507.88,69.19,95,0.0,3331.11
19507.88,69.6,95,0.0,3331.11
19507.88,69.32,95,1.2125,3331.11
19507.88,69.49,95,0.0,3331.11
19507.88,69.51,95,0.0,3331.11
19507.88,72.4,95,0.0,3331.11
19507.88,72.28,93,1.225,3331.11
19507.88,72.25,93,0.0,3331.11
19507.88,72.18,94,0.0,3331.11
19507.88,72.15,94,1.225,3331.11
19507.88,72.17,95,0.0,3331.11
19507.88,72.12,95,0.0,3331.11
19507.88,71.96,95,0.0,3331.11
19507.88,72.24,95,1.225,3331.11
19507.88,71.97,94,0.0,3331.11
19507.88,71.93,94,0.0,3331.11
19507.88,71.66,95,0.0,3331.11
19507.88,71.74,95,1.2125,3331.11
19507.88,71.94,95,0.0,3331.11
19507.88,71.94,95,0.0,3331.11
19507.88,71.59,93,1.225,3331.11
19507.88,71.89,93,0.0,3331.11
19507.88,71.87,95,0.0,3331.11
19507.88,71.9,95,0.0,3331.11
19507.88,71.84,95,1.225,3331.11
19507.88,71.93,95,0.0,3331.11
19507.88,71.75,95,0.0,3331.11
19507.88,71.83,95,1.2125,3331.11
19507.88,71.97,95,0.0,3331.11
19507.88,72.14,95,0.0,3331.11
19507.88,72.11,95,2.425,3331.11
19507.88,72.3,95,0.0,3331.11
19507.88,71.98,95,0.0,3331.11
19507.88,72.06,95,0.0,3331.11
19507.88,72.04,95,1.2125,3331.11
19507.88,71.84,95,0.0,3331.11
19507.88,71.8,95,0.0,3331.11
19507.88,71.84,95,1.2125,3331.11
19507.88,71.98,93,0.0,3331.11
19507.88,72.03,93,0.0,3331.11
19507.88,72.05,94,0.0,3331.11
19507.88,72.02,94,1.2125,3331.11
19507.88,71.76,95,0.0,3331.11
19507.88,72.24,95,0.0,3331.11
19507.88,72.14,95,0.0,3331.11
19507.88,71.98,95,3.65,3331.11
19507.88,72.0,95,0.0,3331.11
19507.88,73.81,81,0.0,3331.11
19507.88,73.82,81,1.2125,3331.11
19507.88,73.88,99,0.0,3331.11
19507.88,72.88,99,0.0,3331.11
19507.88,72.81,94,1.225,3331.11
19507.88,73.1,94,0.0,3331.11
19507.88,73.32,94,0.0,3331.11
19507.88,73.23,94,1.2125,3331.11
19507.88,72.5,92,0.0,3331.11
19507.88,72.95,92,0.0,3331.11
19507.88,72.77,94,0.0,3331.11
19507.88,71.34,94,1.225,3331.11
19507.88,71.07,94,0.0,3331.11
19507.88,71.0,94,0.0,3331.11
19507.88,71.64,95,0.0,3331.11
19507.88,71.92,95,0.0,3331.11
19507.88,71.61,95,1.225,3331.11
19507.88,71.08,95,0.0,3331.11
19507.88,71.84,94,0.0,3331.11
19507.88,71.89,94,0.0,3331.11
19507.88,72.04,93,1.2125,3331.11
19507.88,71.93,93,0.0,3331.11
19507.88,71.93,94,0.0,3331.11
19507.88,71.98,94,1.2125,3331.11
19507.88,72.15,94,1.2125,3331.11
19507.88,71.98,94,0.0,3331.11
19507.88,72.12,94,0.0,3331.11
19507.88,72.1,93,1.2125,3331.11
19507.88,71.98,93,0.0,3331.11
19507.88,71.65,95,0.0,3331.11
19507.88,71.62,95,1.2125,3331.11
19507.88,71.3,95,0.0,3331.11
19507.88,71.8,95,0.0,3331.11
19507.88,71.53,95,0.0,3331.11
19507.88,71.87,95,1.2,3331.11
19507.88,71.43,95,0.0,3331.11
19507.88,71.96,95,0.0,3331.11
19507.88,71.96,95,1.225,3331.11
19507.88,72.8,95,0.0,3331.11
19507.88,72.83,93,0.0,3331.11
19507.88,72.67,93,0.0,3331.11
19507.88,72.75,95,1.225,3331.11
19507.88,72.74,95,0.0,3331.11
19507.88,72.92,95,0.0,3331.11
19507.88,72.85,95,0.0,3331.11
19507.88,72.83,95,1.225,3331.11
19507.88,72.88,95,0.0,3331.11
19507.88,72.66,94,1.2125,3331.11
19507.88,72.25,94,1.2125,3331.11
19507.88,71.69,95,0.0,3331.11
19507.88,71.29,95,0.0,3331.11
19507.88,71.65,94,2.4125,3331.11
19507.88,72.69,94,1.2125,3331.11
19507.88,73.18,80,0.0,3331.11
19507.88,72.92,80,0.0,3331.11
19507.88,72.55,98,1.2125,3331.11
19507.88,71.62,98,0.0,3331.11
19507.88,72.11,93,0.0,3331.11
19507.88,71.58,93,1.2125,3331.11
19507.88,72.0,94,0.0,3331.11
19507.88,71.81,94,0.0,3331.11
19507.88,72.02,95,1.2,3331.11
19507.88,71.94,95,0.0,3331.11
19507.88,71.03,95,0.0,3331.11
19507.88,70.52,95,1.225,3331.11
19507.88,70.41,94,0.0,3331.11
19507.88,70.5,94,0.0,3331.11
19507.88,71.44,94,1.2125,3331.11
19507.88,71.06,94,0.0,3331.11
19507.88,71.81,93,0.0,3331.11
19507.88,71.85,93,1.2125,3331.11
19507.88,71.88,95,0.0,3331.11
19507.88,72.02,95,0.0,3331.11
19507.88,71.84,95,1.1875,3331.11
19507.88,71.62,95,0.0,3331.11
19507.88,71.55,95,0.0,3331.11
19507.88,71.74,95,0.0,3331.11
19507.88,72.12,95,1.2125,3331.11
19507.88,72.11,95,0.0,3331.11
19507.88,72.01,95,1.2125,3331.11
19507.88,72.11,95,0.0,3331.11
19507.88,72.11,95,1.2125,3331.11
19507.88,72.16,95,0.0,3331.11
19507.88,72.06,95,0.0,3331.11
19507.88,72.0,95,1.2125,3331.11
19507.88,72.24,95,0.0,3331.11
19507.88,72.28,93,0.0,3331.11
19507.88,72.29,93,0.0,3331.11
19507.88,72.23,95,1.2,3331.11
19507.88,72.33,95,0.0,3331.11
19507.88,72.15,94,1.2125,3331.11
19507.88,72.13,94,0.0,3331.11
19507.88,71.57,93,0.0,3331.11
19507.88,71.63,93,1.2125,3331.11
19507.88,71.61,95,0.0,3331.11
19507.88,71.67,95,0.0,3331.11
19507.88,71.71,95,1.225,3331.11
19507.88,71.69,95,0.0,3331.11
19507.88,71.76,95,0.0,3331.11
19507.88,71.47,95,1.2125,3331.11
19507.88,71.28,94,0.0,3331.11
19507.88,70.87,94,0.0,3331.11
19507.88,71.7,94,3.675,3331.11
19507.88,73.78,78,0.0,3331.11
19507.88,73.97,78,0.0,3331.11
19507.88,73.78,78,0.0,3331.11
19507.88,72.82,100,1.225,3331.11
19507.88,72.72,100,0.0,3331.11
19507.88,73.12,95,0.0,3331.11
19507.88,72.89,94,0.0,3331.11
19507.88,73.47,94,0.0,3331.11
19507.88,73.38,95,1.225,3331.11
19507.88,73.49,95,0.0,3331.11
19507.88,73.41,94,0.0,3331.11
19507.88,71.42,94,0.0,3331.11
19507.88,71.08,94,1.225,3331.11
19507.88,71.05,94,0.0,3331.11
19507.88,71.86,94,0.0,3331.11
19507.88,71.86,95,1.2125,3331.11
19507.88,71.79,95,0.0,3331.11
19507.88,71.86,95,0.0,3331.11
19507.88,71.84,95,0.0,3331.11
19507.88,71.84,95,1.225,3331.11
19507.88,72.15,95,0.0,3331.11
19507.88,71.82,94,0.0,3331.11
19507.88,71.72,94,1.2125,3331.11
19507.88,71.87,95,0.0,3331.11
19507.88,71.92,95,0.0,3331.11
19507.88,72.09,95,0.0,3331.11
19507.88,72.15,95,1.2125,3331.11
19507.88,72.13,94,1.2125,3331.11
19507.88,72.05,94,0.0,3331.11
19507.88,72.06,95,1.2125,3331.11
19507.88,71.78,95,0.0,3331.11
19507.88,71.78,95,0.0,3331.11
19507.88,71.68,95,1.225,3331.11
19507.88,71.35,94,0.0,3331.11
19507.88,71.48,94,0.0,3331.11
19507.88,71.46,95,0.0,3331.11
19507.88,71.51,95,1.225,3331.11
19507.88,71.54,95,0.0,3331.11
19507.88,71.41,95,0.0,3331.11
19507.88,71.31,95,0.0,3331.11
19507.88,71.32,95,0.0,3331.11
19507.88,71.23,95,1.225,3331.11
19507.88,71.2,95,0.0,3331.11
19507.88,71.28,95,0.0,3331.11
19507.88,71.64,95,0.0,3331.11
19507.88,71.67,95,1.225,3331.11
19507.88,71.67,95,0.0,3331.11
19507.88,71.77,95,0.0,3331.11
19507.88,71.75,95,0.0,3331.11
19507.88,71.8,94,1.2125,3331.11
19507.88,71.41,94,0.0,3331.11
19507.88,71.78,94,1.225,3331.11
19507.88,68.7,94,2.425,3331.11
19507.88,69.39,77,0.0,3331.11
19507.88,69.57,77,1.2125,3331.11
19507.88,69.73,100,0.0,3331.11
19507.88,69.11,100,0.0,3331.11
19507.88,69.55,94,1.2125,3331.11
19507.88,69.47,94,0.0,3331.11
19507.88,69.82,94,0.0,3331.11
19507.88,70.01,94,1.2125,3331.11
19507.88,70.1,93,0.0,3331.11
19507.88,70.16,93,0.0,3331.11
19507.88,73.06,95,1.2125,3331.11
19507.88,72.85,95,0.0,3331.11
19507.88,72.21,95,0.0,3331.11
19507.88,72.17,95,0.0,3331.11
19507.88,72.6,95,0.0,3331.11
19507.88,72.47,95,1.175,3331.11
19507.88,72.34,95,0.0,3331.11
19507.88,72.37,95,1.2125,3331.11
19507.88,72.3,95,1.2125,3331.11
19507.88,72.11,95,0.0,3331.11
19507.88,72.1,94,1.2125,3331.11
19507.88,71.99,94,0.0,3331.11
19507.88,71.76,95,0.0,3331.11
19507.88,72.05,95,1.2125,3331.11
19507.88,72.22,95,0.0,3331.11
19507.88,72.13,94,0.0,3331.11
19507.88,72.1,94,0.0,3331.11
19507.88,72.36,94,1.2125,3331.11
19507.88,71.83,94,0.0,3331.11
19507.88,71.79,95,0.0,3331.11
19507.88,72.06,95,0.0,3331.11
19507.88,71.85,95,1.2125,3331.11
19507.88,71.54,94,0.0,3331.11
19507.88,71.53,95,0.0,3331.11
19507.88,71.54,95,1.2125,3331.11
19507.88,71.51,95,0.0,3331.11
19507.88,71.41,95,0.0,3331.11
19507.88,71.15,95,1.2125,3331.11
19507.88,71.69,95,0.0,3331.11
19507.88,71.81,95,0.0,3331.11
19507.88,71.68,95,1.2125,3331.11
19507.88,71.81,95,0.0,3331.11
19507.88,72.2,95,0.0,3331.11
19507.88,72.27,95,0.0,3331.11
19507.88,72.27,95,2.425,3331.11
19507.88,72.25,95,0.0,3331.11
19507.88,72.16,94,0.0,3331.11
19507.88,72.17,94,1.2125,3331.11
19507.88,72.12,94,0.0,3331.11
19507.88,72.09,94,0.0,3331.11
19507.88,72.24,92,2.425,3331.11
19507.88,72.46,92,0.0,3331.11
19507.88,72.58,83,1.2125,3331.11
19507.88,72.47,83,0.0,3331.11
19507.88,72.14,97,0.0,3331.11
19507.88,72.12,97,1.2125,3331.11
19507.88,72.59,95,0.0,3331.11
19507.88,72.86,95,0.0,3331.11
19507.88,72.66,94,0.0,3331.11
19507.88,72.52,94,1.2375,3331.11
19507.88,71.96,95,0.0,3331.11
19507.88,72.21,95,0.0,3331.11
19507.88,71.66,95,1.2375,3331.11
19507.88,71.65,95,0.0,3331.11
19507.88,71.31,95,0.0,3331.11
19507.88,71.82,95,0.0,3331.11
19507.88,71.64,94,1.25,3331.11
19507.88,71.44,94,0.0,3331.11
19507.88,71.11,94,0.0,3331.11
19507.88,71.42,94,1.2375,3331.11
19507.88,71.38,95,0.0,3331.11
19507.88,71.66,95,0.0,3331.11
19507.88,71.58,95,0.0,3331.11
19507.88,71.31,95,1.2375,3331.11
19507.88,71.45,95,0.0,3331.11
19507.88,71.53,95,0.0,3331.11
19507.88,71.57,95,1.25,3331.11
19507.88,71.68,94,0.0,3331.11
19507.88,71.69,94,0.0,3331.11
19507.88,71.76,95,0.0,3331.11
19507.88,71.74,95,1.2375,3331.11
19507.88,71.62,95,0.0,3331.11
19507.88,72.03,95,0.0,3331.11
19507.88,71.95,93,2.4875,3331.11
19507.88,72.05,93,0.0,3331.11
19507.88,72.17,95,0.0,3331.11
19507.88,71.81,95,1.2375,3331.11
19507.88,72.02,94,0.0,3331.11
19507.88,71.92,95,0.0,3331.11
19507.88,71.96,95,0.0,3331.11
19507.88,71.91,95,1.2375,3331.11
19507.88,71.93,95,0.0,3331.11
19507.88,71.83,93,0.0,3331.11
19507.88,71.47,93,1.25,3331.11
19507.88,71.19,96,0.0,3331.11
19507.88,71.57,96,0.0,3331.11
19507.88,71.66,95,0.0,3331.11
19507.88,72.12,95,1.25,3331.11
19507.88,71.9,95,0.0,3331.11
19507.88,71.9,95,0.0,3331.11
19507.88,71.88,95,1.25,3331.11
19507.88,71.81,95,0.0,3331.11
19507.88,71.82,95,0.0,3331.11
19507.88,71.82,95,1.2375,3331.11
19507.88,73.44,79,0.0,3331.11
19507.88,73.7,79,1.2375,3331.11
19507.88,73.69,100,0.0,3331.11
19507.88,72.35,100,0.0,3331.11
19507.88,72.67,95,1.2125,3331.11
19507.88,72.59,95,0.0,3331.11
19507.88,72.59,94,0.0,3331.11
19507.88,73.44,94,0.0,3331.11
19507.88,73.15,93,1.2125,3331.11
19507.88,73.45,93,0.0,3331.11
19507.88,71.63,94,0.0,3331.11
19507.88,71.4,94,1.225,3331.11
19507.88,70.97,93,0.0,3331.11
19507.88,71.94,94,0.0,3331.11
19507.88,71.72,94,1.225,3331.11
19507.88,71.93,93,1.225,3331.11
19507.88,71.94,93,0.0,3331.11
19507.88,71.68,94,0.0,3331.11
19507.88,71.57,94,0.0,3331.11
19507.88,71.65,94,1.2125,3331.11
19507.88,71.66,94,0.0,3331.11
19507.88,71.45,95,0.0,3331.11
19507.88,71.5,95,0.0,3331.11
19507.88,71.64,95,0.0,3331.11
19507.88,71.88,95,1.2125,3331.11
19507.88,71.84,93,0.0,3331.11
19507.88,71.7,93,0.0,3331.11
19507.88,71.5,95,1.2375,3331.11
19507.88,71.91,95,0.0,3331.11
19507.88,72.17,94,0.0,3331.11
19507.88,72.94,94,1.2125,3331.11
19507.88,72.89,92,0.0,3331.11
19507.88,72.77,92,0.0,3331.11
19507.88,72.95,95,1.2125,3331.11
19507.88,72.53,95,0.0,3331.11
19507.88,72.76,93,0.0,3331.11
19507.88,72.58,93,1.225,3331.11
19507.88,72.65,94,0.0,3331.11
19507.88,72.41,94,0.0,3331.11
19507.88,72.42,94,1.2125,3331.11
19507.88,71.83,94,1.2125,3331.11
19507.88,71.23,94,0.0,3331.11
19507.88,70.9,94,0.0,3331.11
19507.88,71.42,94,1.2125,3331.11
19507.88,71.15,94,0.0,3331.11
19507.88,71.97,94,0.0,3331.11
19507.88,71.55,94,0.0,3331.11
19507.88,71.77,94,1.225,3331.11
19507.88,71.62,94,0.0,3331.11
19507.88,71.93,94,0.0,3331.11
19507.88,71.93,94,1.2125,3331.11
19507.88,71.88,95,1.2125,3331.11
19507.88,68.59,95,0.0,3331.11
19507.88,68.88,84,0.0,3331.11
19507.88,68.93,84,1.2125,3331.11
19507.88,69.2,100,0.0,3331.11
19507.88,68.51,100,0.0,3331.11
19507.88,68.83,94,0.0,3331.11
19507.88,68.73,94,1.2125,3331.11
19507.88,69.04,92,0.0,3331.11
19507.88,68.78,92,0.0,3331.11
19507.88,68.55,94,1.225,3331.11
19507.88,68.8,94,0.0,3331.11
19507.88,72.11,94,0.0,3331.11
19507.88,71.78,94,1.2125,3331.11
19507.88,71.29,94,1.2125,3331.11
19507.88,71.76,94,0.0,3331.11
19507.88,71.43,94,0.0,3331.11
19507.88,71.43,94,1.2125,3331.11
19507.88,71.7,95,0.0,3331.11
19507.88,71.51,93,0.0,3331.11
19507.88,72.08,93,1.2125,3331.11
19507.88,71.95,94,0.0,3331.11
19507.88,71.83,94,0.0,3331.11
19507.88,71.59,95,1.2125,3331.11
19507.88,71.77,95,0.0,3331.11
19507.88,72.03,95,0.0,3331.11
19507.88,72.15,96,1.2125,3331.11
19507.88,72.18,96,0.0,3331.11
19507.88,72.14,95,0.0,3331.11
19507.88,72.27,95,1.2125,3331.11
19507.88,72.06,95,0.0,3331.11
19507.88,71.95,95,0.0,3331.11
19507.88,71.86,95,0.0,3331.11
19507.88,71.89,95,1.2125,3331.11
19507.88,71.91,95,0.0,3331.11
19507.88,71.96,95,0.0,3331.11
19507.88,71.92,95,1.2125,3331.11
19507.88,72.01,95,0.0,3331.11
19507.88,72.13,94,0.0,3331.11
19507.88,72.16,94,0.0,3331.11
19507.88,72.17,95,1.25,3331.11
19507.88,72.02,95,0.0,3331.11
19507.88,71.97,95,0.0,3331.11
19507.88,72.0,95,2.4875,3331.11
19507.88,72.11,95,0.0,3331.11
19507.88,72.14,95,0.0,3331.11
19507.88,72.13,96,0.0,3331.11
19507.88,72.03,96,1.2375,3331.11
19507.88,72.17,96,0.0,3331.11
19507.88,71.92,96,0.0,3331.11
19507.88,71.78,96,1.2375,3331.11
19507.88,71.78,96,0.0,3331.11
19507.88,71.65,96,2.4875,3331.11
19507.88,72.82,96,0.0,3331.11
19507.88,72.9,81,0.0,3331.11
19507.88,72.99,81,1.2375,3331.11
19507.88,71.78,98,0.0,3331.11
19507.88,72.13,98,0.0,3331.11
19507.88,72.12,95,1.2375,3331.11
19507.88,72.3,95,0.0,3331.11
19507.88,72.36,95,0.0,3331.11
19507.88,72.26,95,0.0,3331.11
19507.88,71.81,93,1.2375,3331.11
19507.88,72.02,93,0.0,3331.11
19507.88,71.07,95,0.0,3331.11
19507.88,70.81,95,1.2375,3331.11
19507.88,70.53,95,0.0,3331.11
19507.88,71.66,95,0.0,3331.11
19507.88,71.25,95,1.2375,3331.11
19507.88,71.66,94,0.0,3331.11
19507.88,71.61,94,0.0,3331.11
19507.88,71.27,95,0.0,3331.11
19507.88,71.33,95,1.2375,3331.11
19507.88,71.82,95,0.0,3331.11
19507.88,71.81,95,0.0,3331.11
19507.88,71.6,95,1.2375,3331.11
19507.88,71.7,95,0.0,3331.11
19507.88,71.49,95,0.0,3331.11
19507.88,71.7,95,1.25,3331.11
19507.88,71.85,94,1.25,3331.11
19507.88,71.64,94,0.0,3331.11
19507.88,71.16,92,0.0,3331.11
19507.88,71.66,93,1.2125,3331.11
19507.88,71.36,93,0.0,3331.11
19507.88,71.62,94,1.2125,3331.11
19507.88,71.22,94,0.0,3331.11
19507.88,71.42,94,0.0,3331.11
19507.88,71.41,94,1.2125,3331.11
19507.88,71.95,95,0.0,3331.11
19507.88,71.7,95,0.0,3331.11
19507.88,71.78,95,0.0,3331.11
19507.88,71.61,95,1.2125,3331.11
19507.88,72.16,94,0.0,3331.11
19507.88,72.27,94,1.2125,3331.11
19507.88,72.1,95,0.0,3331.11
19507.88,72.06,95,0.0,3331.11
19507.88,71.94,95,0.0,3331.11
19507.88,72.25,95,1.2125,3331.11
19507.88,72.12,92,0.0,3331.11
19507.88,72.28,92,0.0,3331.11
19507.88,72.19,95,1.2125,3331.11
19507.88,72.27,95,0.0,3331.11
19507.88,71.89,94,0.0,3331.11
19507.88,71.73,94,0.0,3331.11
19507.88,71.25,95,1.225,3331.11
19507.88,71.64,95,2.425,3331.11
19507.88,68.97,87,0.0,3331.11
19507.88,69.74,87,0.0,3331.11
19507.88,69.59,91,1.2125,3331.11
19507.88,69.75,100,0.0,3331.11
19507.88,69.65,100,0.0,3331.11
19507.88,68.66,98,1.2125,3331.11
19507.88,68.66,98,0.0,3331.11
19507.88,68.85,95,0.0,3331.11
19507.88,69.1,95,1.2,3331.11
19507.88,68.96,93,0.0,3331.11
19507.88,71.77,93,0.0,3331.11
19507.88,71.36,95,1.2125,3331.11
19507.88,71.48,95,0.0,3331.11
19507.88,71.34,95,0.0,3331.11
19507.88,71.29,95,1.2125,3331.11
19507.88,70.79,95,0.0,3331.11
19507.88,71.82,95,1.2125,3331.11
19507.88,71.59,95,0.0,3331.11
19507.88,71.69,95,0.0,3331.11
19507.88,71.39,95,1.2,3331.11
19507.88,71.73,95,0.0,3331.11
19507.88,71.42,94,0.0,3331.11
19507.88,71.65,94,1.2125,3331.11
19507.88,71.22,93,0.0,3331.11
19507.88,71.4,93,0.0,3331.11
19507.88,71.09,93,1.2125,3331.11
19507.88,71.68,93,0.0,3331.11
19507.88,71.94,94,0.0,3331.11
19507.88,71.96,94,1.2125,3331.11
19507.88,72.5,95,0.0,3331.11
19507.88,72.06,95,1.2125,3331.11
19507.88,72.38,95,0.0,3331.11
19507.88,71.82,95,1.225,3331.11
19507.88,72.14,94,0.0,3331.11
19507.88,71.7,95,0.0,3331.11
19507.88,72.13,95,1.2,3331.11
19507.88,71.9,95,0.0,3331.11
19507.88,71.86,95,0.0,3331.11
19507.88,71.83,95,1.2125,3331.11
19507.88,72.41,95,0.0,3331.11
19507.88,71.88,95,0.0,3331.11
19507.88,72.4,95,0.0,3331.11
19507.88,71.73,94,1.2125,3331.11
19507.88,72.21,94,0.0,3331.11
19507.88,71.69,95,0.0,3331.11
19507.88,72.26,95,1.2125,3331.11
19507.88,72.62,93,0.0,3331.11
19507.88,72.82,93,0.0,3331.11
19507.88,72.8,94,1.2125,3331.11
19507.88,72.64,94,0.0,3331.11
19507.88,72.38,95,0.0,3331.11
19507.88,72.39,95,1.2125,3331.11
19507.88,72.06,93,0.0,3331.11
19507.88,72.2,93,0.0,3331.11
19507.88,71.97,94,2.425,3331.11
19507.88,70.24,94,0.0,3331.11
19507.88,70.41,79,1.2125,3331.11
19507.88,70.14,79,1.2125,3331.11
19507.88,70.12,100,0.0,3331.11
19507.88,69.6,100,0.0,3331.11
19507.88,69.92,94,1.2125,3331.11
19507.88,69.93,94,0.0,3331.11
19507.88,70.38,95,0.0,3331.11
19507.88,70.29,94,1.2125,3331.11
19507.88,70.7,94,0.0,3331.11
19507.88,70.93,95,0.0,3331.11
19507.88,73.02,95,0.0,3331.11
19507.88,72.95,94,1.225,3331.11
19507.88,72.26,94,0.0,3331.11
19507.88,72.26,94,0.0,3331.11
19507.88,72.51,94,0.0,3331.11
19507.88,72.43,95,1.2125,3331.11
19507.88,72.19,95,0.0,3331.11
19507.88,72.05,94,0.0,3331.11
19507.88,72.05,94,1.225,3331.11
19507.88,71.86,94,0.0,3331.11
19507.88,71.8,94,0.0,3331.11
19507.88,71.38,95,0.0,3331.11
19507.88,72.22,95,1.2125,3331.11
19507.88,72.42,95,0.0,3331.11
19507.88,72.67,95,0.0,3331.11
19507.88,72.67,94,1.2125,3331.11
19507.88,72.4,94,0.0,3331.11
19507.88,72.52,95,1.2125,3331.11
19507.88,72.61,95,1.2125,3331.11
19507.88,72.58,94,0.0,3331.11
19507.88,72.38,94,0.0,3331.11
19507.88,72.43,95,0.0,3331.11
19507.88,72.47,95,1.2125,3331.11
19507.88,72.26,94,0.0,3331.11
19507.88,71.91,94,1.1875,3331.11
19507.88,71.94,94,0.0,3331.11
19507.88,71.85,94,0.0,3331.11
19507.88,71.9,95,0.0,3331.11
19507.88,71.91,95,1.2125,3331.11
19507.88,71.78,93,0.0,3331.11
19507.88,71.87,93,0.0,3331.11
19507.88,71.94,94,1.2125,3331.11
19507.88,72.13,94,0.0,3331.11
19507.88,72.24,92,0.0,3331.11
19507.88,72.11,92,1.2125,3331.11
19507.88,72.02,95,0.0,3331.11
19507.88,71.01,95,0.0,3331.11
19507.88,71.42,93,0.0,3331.11
19507.88,71.12,94,1.2125,3331.11
19507.88,71.48,94,0.0,3331.11
19507.88,70.95,93,2.4125,3331.11
19507.88,73.61,93,0.0,3331.11
19507.88,73.28,80,0.0,3331.11
19507.88,73.15,80,1.2125,3331.11
19507.88,72.13,98,0.0,3331.11
19507.88,72.57,98,0.0,3331.11
19507.88,72.66,94,0.0,3331.11
19507.88,73.84,94,1.2125,3331.11
19507.88,73.4,94,0.0,3331.11
19507.88,73.93,94,1.2125,3331.11
19507.88,73.47,94,1.2125,3331.11
19507.88,74.07,94,0.0,3331.11
19507.88,71.64,93,0.0,3331.11
19507.88,71.7,93,1.2125,3331.11
19507.88,71.29,94,0.0,3331.11
19507.88,72.02,94,0.0,3331.11
19507.88,71.45,93,1.2125,3331.11
19507.88,71.54,93,0.0,3331.11
19507.88,71.17,95,0.0,3331.11
19507.88,71.61,95,0.0,3331.11
19507.88,71.16,93,1.2125,3331.11
19507.88,71.66,93,0.0,3331.11
19507.88,71.31,94,0.0,3331.11
19507.88,71.52,94,0.0,3331.11
19507.88,71.59,95,1.2125,3331.11
19507.88,71.72,95,0.0,3331.11
19507.88,71.94,95,0.0,3331.11
19507.88,71.99,95,1.2125,3331.11
19507.88,72.03,93,1.2,3331.11
19507.88,71.94,93,0.0,3331.11
19507.88,71.93,95,1.2125,3331.11
19507.88,71.97,95,0.0,3331.11
19507.88,71.84,95,0.0,3331.11
19507.88,71.67,95,0.0,3331.11
19507.88,71.56,94,1.2125,3331.11
19507.88,71.54,94,0.0,3331.11
19507.88,71.86,94,0.0,3331.11
19507.88,72.08,94,0.0,3331.11
19507.88,72.02,93,1.2125,3331.11
19507.88,71.94,93,0.0,3331.11
19507.88,71.94,94,0.0,3331.11
19507.88,72.0,94,1.2125,3331.11
19507.88,71.76,94,0.0,3331.11
19507.88,71.79,94,0.0,3331.11
19507.88,71.73,94,1.2125,3331.11
19507.88,71.84,94,0.0,3331.11
19507.88,71.81,94,0.0,3331.11
19507.88,71.32,94,1.2125,3331.11
19507.88,71.89,94,0.0,3331.11
19507.88,71.5,94,1.2125,3331.11
19507.88,71.72,94,0.0,3331.11
19507.88,71.51,95,1.2125,3331.11
19507.88,71.65,83,1.2125,3331.11
19507.88,68.59,83,0.0,3331.11
19507.88,68.95,94,1.225,3331.11
19507.88,68.99,94,0.0,3331.11
19507.88,68.6,94,0.0,3331.11
19507.88,68.89,96,0.0,3331.11
19507.88,68.74,96,1.225,3331.11
19507.88,69.06,95,0.0,3331.11
19507.88,69.05,95,0.0,3331.11
19507.88,69.05,95,0.0,3331.11
19507.88,69.53,95,1.225,3331.11
19507.88,72.57,95,0.0,3331.11
19507.88,72.71,95,0.0,3331.11
19507.88,72.18,95,0.0,3331.11
19507.88,71.99,95,0.0,3331.11
19507.88,72.26,95,1.225,3331.11
19507.88,72.27,94,0.0,3331.11
19507.88,72.23,94,0.0,3331.11
19507.88,72.04,94,1.225,3331.11
19507.88,71.81,94,0.0,3331.11
19507.88,71.94,94,1.225,3331.11
19507.88,71.76,94,0.0,3331.11
19507.88,72.06,94,0.0,3331.11
19507.88,72.0,93,1.2125,3331.11
19507.88,72.49,94,0.0,3331.11
19507.88,72.8,94,0.0,3331.11
19507.88,72.86,95,1.2125,3331.11
19507.88,72.79,95,0.0,3331.11
19507.88,72.56,95,0.0,3331.11
19507.88,72.66,95,1.2125,3331.11
19507.88,72.75,95,0.0,3331.11
19507.88,72.72,95,0.0,3331.11
19507.88,72.47,94,0.0,3331.11
19507.88,72.06,94,1.2125,3331.11
19507.88,71.65,95,0.0,3331.11
19507.88,71.86,95,0.0,3331.11
19507.88,72.02,95,0.0,3331.11
19507.88,72.07,95,1.2375,3331.11
19507.88,72.26,94,0.0,3331.11
19507.88,72.33,94,0.0,3331.11
19507.88,72.24,95,0.0,3331.11
19507.88,72.23,95,1.25,3331.11
19507.88,72.14,95,0.0,3331.11
19507.88,72.06,95,0.0,3331.11
19507.88,72.03,95,0.0,3331.11
19507.88,72.15,95,1.25,3331.11
19507.88,72.32,94,0.0,3331.11
19507.88,72.3,94,0.0,3331.11
19507.88,71.53,94,0.0,3331.11
19507.88,71.55,94,1.25,3331.11
19507.88,71.49,95,0.0,3331.11
19507.88,71.56,95,0.0,3331.11
19507.88,71.5,95,0.0,3331.11
19507.88,71.49,77,2.3625,3331.11
19507.88,72.98,77,0.0,3331.11
19507.88,73.16,100,1.25,3331.11
19507.88,73.48,100,0.0,3331.11
19507.88,72.14,95,0.0,3331.11
19507.88,72.02,95,0.0,3331.11
19507.88,72.92,95,0.0,3331.11
19507.88,73.1,95,1.25,3331.11
19507.88,72.88,95,0.0,3331.11
19507.88,73.2,94,0.0,3331.11
19507.88,73.16,94,0.0,3331.11
19507.88,72.08,95,1.25,3331.11
19507.88,71.76,95,1.2375,3331.11
19507.88,71.76,93,0.0,3331.11
19507.88,71.41,93,1.2375,3331.11
19507.88,72.17,95,0.0,3331.11
19507.88,72.17,95,0.0,3331.11
19507.88,72.07,95,0.0,3331.11
19507.88,72.0,95,1.25,3331.11
19507.88,71.57,95,0.0,3331.11
19507.88,71.81,95,0.0,3331.11
19507.88,71.95,95,0.0,3331.11
19507.88,71.82,95,0.0,3331.11
19507.88,71.68,95,1.25,3331.11
19507.88,71.58,95,0.0,3331.11
19507.88,71.85,95,0.0,3331.11
19507.88,71.97,95,0.0,3331.11
19507.88,71.94,96,1.25,3331.11
19507.88,71.88,96,0.0,3331.11
19507.88,71.67,95,0.0,3331.11
19507.88,72.05,95,0.0,3331.11
19507.88,71.71,95,0.0,3331.11
19507.88,71.59,95,1.2375,3331.11
19507.88,71.44,95,0.0,3331.11
19507.88,71.44,95,0.0,3331.11
19507.88,71.66,95,0.0,3331.11
19507.88,71.8,95,1.25,3331.11
19507.88,71.77,92,0.0,3331.11
19507.88,71.74,92,0.0,3331.11
19507.88,71.65,95,0.0,3331.11
19507.88,71.88,95,1.225,3331.11
19507.88,71.75,94,0.0,3331.11
19507.88,71.95,94,0.0,3331.11
19507.88,71.61,95,1.2125,3331.11
19507.88,71.89,95,0.0,3331.11
19507.88,71.87,95,0.0,3331.11
19507.88,71.81,95,1.2125,3331.11
19507.88,71.69,95,0.0,3331.11
19507.88,71.76,95,0.0,3331.11
19507.88,71.8,94,1.2125,3331.11
19507.88,71.79,94,0.0,3331.11
19507.88,71.65,95,0.0,3331.11
19507.88,71.74,95,2.425,3331.11
19507.88,73.7,95,0.0,3331.11
19507.88,73.76,82,1.225,3331.11
19507.88,73.67,82,0.0,3331.11
19507.88,72.81,82,0.0,3331.11
19507.88,72.2,99,0.0,3331.11
19507.88,72.86,99,2.4125,3331.11
19507.88,72.72,95,0.0,3331.11
19507.88,73.19,94,0.0,3331.11
19507.88,73.09,94,0.0,3331.11
19507.88,73.15,95,1.225,3331.11
19507.88,73.01,95,0.0,3331.11
19507.88,71.32,95,0.0,3331.11
19507.88,71.24,95,0.0,3331.11
19507.88,71.24,94,1.2125,3331.11
19507.88,72.34,95,0.0,3331.11
19507.88,72.52,95,0.0,3331.11
19507.88,72.42,95,1.2125,3331.11
19507.88,72.47,95,0.0,3331.11
19507.88,72.25,95,0.0,3331.11
19507.88,72.18,95,1.2125,3331.11
19507.88,72.3,95,0.0,3331.11
19507.88,72.07,95,0.0,3331.11
19507.88,71.79,93,1.2125,3331.11
19507.88,71.97,93,0.0,3331.11
19507.88,72.13,94,0.0,3331.11
19507.88,72.15,94,0.0,3331.11
19507.88,72.17,95,1.2125,3331.11
19507.88,71.94,95,1.2125,3331.11
19507.88,72.03,94,0.0,3331.11
19507.88,71.89,94,1.2125,3331.11
19507.88,71.76,95,0.0,3331.11
19507.88,71.75,95,0.0,3331.11
19507.88,71.77,95,0.0,3331.11
19507.88,71.86,95,1.2125,3331.11
19507.88,71.79,94,0.0,3331.11
19507.88,71.74,94,1.2125,3331.11
19507.88,71.88,94,0.0,3331.11
19507.88,71.91,94,0.0,3331.11
19507.88,72.01,94,0.0,3331.11
19507.88,72.03,94,1.2125,3331.11
19507.88,71.98,95,0.0,3331.11
19507.88,71.95,95,0.0,3331.11
19507.88,71.89,95,1.2125,3331.11
19507.88,71.96,95,0.0,3331.11
19507.88,72.03,95,0.0,3331.11
19507.88,72.02,95,1.2125,3331.11
19507.88,72.05,95,0.0,3331.11
19507.88,72.56,95,1.2125,3331.11
19507.88,72.58,93,1.2125,3331.11
19507.88,73.27,93,0.0,3331.11
19507.88,73.06,90,0.0,3331.11
19507.88,73.25,90,2.4125,3331.11
19507.88,70.6,85,0.0,3331.11
19507.88,71.48,85,1.2125,3331.11
19507.88,71.82,89,0.0,3331.11
19507.88,71.96,89,0.0,3331.11
19507.88,71.3,96,1.2125,3331.11
19507.88,71.43,96,0.0,3331.11
19507.88,70.62,94,0.0,3331.11
19507.88,70.6,94,0.0,3331.11
19507.88,69.39,93,1.2125,3331.11
19507.88,69.56,93,0.0,3331.11
19507.88,69.08,91,0.0,3331.11
19507.88,72.31,91,0.0,3331.11
19507.88,72.19,91,1.225,3331.11
19507.88,71.88,91,0.0,3331.11
19507.88,71.4,95,0.0,3331.11
19507.88,72.11,95,1.2125,3331.11
19507.88,71.85,94,1.2,3331.11
19507.88,72.33,94,0.0,3331.11
19507.88,71.84,95,0.0,3331.11
19507.88,72.48,95,0.0,3331.11
19507.88,72.24,95,1.2125,3331.11
19507.88,72.81,95,0.0,3331.11
19507.88,72.05,95,1.2125,3331.11
19507.88,71.56,95,0.0,3331.11
19507.88,71.53,95,0.0,3331.11
19507.88,72.14,95,0.0,3331.11
19507.88,72.14,95,1.2125,3331.11
19507.88,71.98,93,0.0,3331.11
19507.88,72.0,93,0.0,3331.11
19507.88,72.02,95,1.2125,3331.11
19507.88,71.9,95,0.0,3331.11
19507.88,71.85,95,0.0,3331.11
19507.88,71.78,95,1.2125,3331.11
19507.88,71.83,95,0.0,3331.11
19507.88,72.09,95,0.0,3331.11
19507.88,72.22,94,1.2125,3331.11
19507.88,71.94,94,0.0,3331.11
19507.88,71.84,94,0.0,3331.11
19507.88,71.86,94,0.0,3331.11
19507.88,71.92,94,1.2125,3331.11
19507.88,71.85,94,1.2125,3331.11
19507.88,71.79,94,0.0,3331.11
19507.88,71.84,95,0.0,3331.11
19507.88,71.93,95,1.2125,3331.11
19507.88,71.84,96,0.0,3331.11
19507.88,71.85,96,0.0,3331.11
19507.88,71.81,96,1.2125,3331.11
19507.88,72.13,96,0.0,3331.11
19507.88,72.03,95,0.0,3331.11
19507.88,72.01,95,0.0,3331.11
19507.88,71.89,95,0.0,3331.11
19507.88,72.03,95,2.4875,3331.11
19507.88,74.08,95,0.0,3331.11
19507.88,74.2,81,1.25,3331.11
19507.88,74.04,81,0.0,3331.11
19507.88,74.2,100,0.0,3331.11
19507.88,73.94,100,0.0,3331.11
19507.88,72.9,100,1.25,3331.11
19507.88,72.9,100,0.0,3331.11
19507.88,73.29,94,0.0,3331.11
19507.88,73.14,94,1.2375,3331.11
19507.88,73.54,94,0.0,3331.11
19507.88,73.28,94,0.0,3331.11
19507.88,73.72,93,0.0,3331.11
19507.88,71.66,93,1.2375,3331.11
19507.88,71.86,94,0.0,3331.11
19507.88,71.82,94,0.0,3331.11
19507.88,71.68,95,1.2375,3331.11
19507.88,71.25,95,0.0,3331.11
19507.88,72.16,95,0.0,3331.11
19507.88,71.77,95,0.0,3331.11
19507.88,71.89,95,1.25,3331.11
19507.88,71.54,94,0.0,3331.11
19507.88,71.96,94,0.0,3331.11
19507.88,71.5,94,1.2375,3331.11
19507.88,71.75,94,0.0,3331.11
19507.88,71.4,94,0.0,3331.11
19507.88,70.4,94,1.2375,3331.11
19507.88,71.06,92,0.0,3331.11
19507.88,70.74,92,0.0,3331.11
19507.88,71.08,95,1.2375,3331.11
19507.88,70.78,95,1.2375,3331.11
19507.88,71.06,95,0.0,3331.11
19507.88,70.42,95,1.2375,3331.11
19507.88,70.76,94,0.0,3331.23
19507.88,70.34,94,0.0,3331.23
19507.88,70.51,94,0.0,3331.23
19507.88,70.2,94,1.2375,3331.23
19507.88,71.51,95,0.0,3331.23
19507.88,71.11,95,0.0,3331.23
19507.88,71.38,95,0.0,3331.23
19507.88,71.03,95,1.2375,3331.23
19507.88,71.32,95,0.0,3331.23
19507.88,71.05,95,0.0,3331.23
19507.88,71.58,95,1.2125,3331.23
19507.88,71.19,95,0.0,3331.23
19507.88,71.45,95,0.0,3331.23
19507.88,71.34,95,1.2125,3331.23
19507.88,71.76,95,0.0,3331.23
19507.88,71.49,95,0.0,3331.23
19507.88,71.73,95,1.2,3331.23
19507.88,71.53,95,0.0,3331.23
19507.88,71.74,95,0.0,3331.23
19507.88,71.53,95,0.0,3331.23
19507.88,71.58,95,1.2125,3331.23
19507.88,71.37,95,0.0,3331.23
19507.88,71.55,94,1.2125,3331.23
19507.88,71.35,94,1.2,3331.23
19507.88,73.62,77,2.35,3331.23
19507.88,73.44,100,0.0,3331.23
19507.88,73.81,100,0.0,3331.23
19507.88,72.6,100,1.2125,3331.23
19507.88,72.89,95,0.0,3331.23
19507.88,72.86,95,0.0,3331.23
19507.88,73.28,95,0.0,3331.23
19507.88,73.35,94,1.2125,3331.23
19507.88,74.0,94,0.0,3331.23
19507.88,74.04,94,0.0,3331.23
19507.88,74.39,94,1.2125,3331.23
19507.88,72.64,94,0.0,3331.23
19507.88,72.41,94,0.0,3331.23
19507.88,72.05,93,0.0,3331.23
19507.88,72.77,93,1.2125,3331.23
19507.88,72.84,95,0.0,3331.23
19507.88,72.81,95,0.0,3331.23
19507.88,72.75,93,1.225,3331.23
19507.88,72.22,93,0.0,3331.23
19507.88,71.44,94,0.0,3331.23
19507.88,71.38,94,0.0,3331.23
19507.88,70.75,94,1.2375,3331.23
19507.88,70.94,94,1.175,3331.23
19507.88,70.94,95,0.0,3331.23
19507.88,71.58,95,1.2125,3331.23
19507.88,71.67,95,0.0,3331.23
19507.88,71.43,95,0.0,3331.23
19507.88,71.78,95,1.2125,3331.23
19507.88,71.78,95,0.0,3331.23
19507.88,71.86,95,0.0,3331.23
19507.88,72.02,95,0.0,3331.23
19507.88,71.9,95,1.2125,3331.23
19507.88,71.9,95,0.0,3331.23
19507.88,72.27,95,1.2,3331.23
19507.88,72.01,95,0.0,3331.23
19507.88,72.19,94,0.0,3331.23
19507.88,72.22,94,1.2125,3331.23
19507.88,72.21,93,0.0,3331.23
19507.88,72.22,95,0.0,3331.23
19507.88,72.21,95,1.2125,3331.23
19507.88,72.05,95,0.0,3331.23
19507.88,72.16,95,0.0,3331.23
19507.88,72.18,95,0.0,3331.23
19507.88,72.2,94,1.2125,3331.23
19507.88,71.97,94,0.0,3331.23
19507.88,72.15,93,0.0,3331.23
19507.88,71.55,93,0.0,3331.23
19507.88,72.0,95,1.2125,3331.23
19507.88,72.09,95,0.0,3331.23
19507.88,72.01,95,1.2125,3331.23
19507.88,72.07,95,2.4,3331.23
19507.88,71.89,95,0.0,3331.23
19507.88,71.55,79,1.2125,3331.23
19507.88,71.89,79,0.0,3331.23
19507.88,70.62,98,0.0,3331.23
19507.88,70.84,98,0.0,3331.23
19507.88,70.4,93,1.2125,3331.23
19507.88,70.79,93,0.0,3331.23
19507.88,70.54,95,0.0,3331.23
19507.88,70.53,95,1.2125,3331.23
19507.88,70.54,95,0.0,3331.23
19507.88,70.58,95,0.0,3331.23
19507.88,71.35,95,0.0,3331.23
19507.88,71.17,95,1.2125,3331.23
19507.88,71.95,95,0.0,3331.23
19507.88,72.04,95,0.0,3331.23
19507.88,72.07,95,0.0,3331.23
19507.88,72.13,95,1.25,3331.23
19507.88,72.08,95,0.0,3331.23
19507.88,71.99,95,0.0,3331.23
19507.88,72.12,95,1.2375,3331.23
19507.88,71.94,94,0.0,3331.23
19507.88,71.66,94,0.0,3331.23
19507.88,71.66,94,1.25,3331.23
19507.88,71.67,94,0.0,3331.23
19507.88,71.81,94,0.0,3331.23
19507.88,71.91,95,0.0,3331.23
19507.88,72.1,95,1.2375,3331.23
19507.88,72.1,95,1.2375,3331.23
19507.88,71.92,95,0.0,3331.23
19507.88,71.78,95,0.0,3331.23
19507.88,71.77,95,1.2375,3331.23
19507.88,71.69,95,0.0,3331.23
19507.88,71.48,95,0.0,3331.23
19507.88,71.45,95,1.2375,3331.23
19507.88,71.61,95,0.0,3331.23
19507.88,71.61,95,0.0,3331.23
19507.88,71.68,95,0.0,3331.23
19507.88,71.67,94,1.25,3331.23
19507.88,71.48,94,0.0,3331.23
19507.88,71.62,94,0.0,3331.23
19507.88,71.49,94,1.2375,3331.23
19507.88,71.44,94,0.0,3331.23
19507.88,71.29,94,0.0,3331.23
19507.88,71.6,90,0.0,3331.23
19507.88,71.63,90,1.2375,3331.23
19507.88,71.69,94,0.0,3331.23
19507.88,71.31,94,0.0,3331.23
19507.88,71.8,94,0.0,3331.23
19507.88,71.38,94,1.25,3331.23
19507.88,71.89,94,0.0,3331.23
19507.88,71.33,94,0.0,3331.23
19507.88,71.71,94,1.2375,3331.23
19507.88,71.24,94,2.4875,3331.23
19507.88,71.67,94,1.2375,3331.23
19507.88,72.69,94,0.0,3331.23
19507.88,73.15,80,0.0,3331.23
19507.88,73.11,80,0.0,3331.23
19507.88,72.39,97,1.2375,3331.23
19507.88,72.35,95,0.0,3331.23
19507.88,72.62,95,0.0,3331.23
19507.88,72.54,95,0.0,3331.23
19507.88,73.11,95,1.2125,3331.23
19507.88,72.86,95,0.0,3331.23
19507.88,73.17,95,0.0,3331.23
19507.88,72.18,95,1.225,3331.23
19507.88,71.61,95,0.0,3331.23
19507.88,71.33,95,0.0,3331.23
19507.88,72.01,95,1.1875,3331.23
19507.88,71.99,94,0.0,3331.23
19507.88,71.96,94,0.0,3331.23
19507.88,72.06,94,0.0,3331.23
19507.88,72.06,94,1.2125,3331.23
19507.88,72.16,95,0.0,3331.23
19507.88,72.24,95,0.0,3331.23
19507.88,72.21,95,1.2,3331.23
19507.88,72.05,95,0.0,3331.23
19507.88,72.01,95,0.0,3331.23
19507.88,72.22,95,1.2125,3331.23
19507.88,72.32,94,0.0,3331.23
19507.88,72.19,94,0.0,3331.23
19507.88,72.19,95,1.2125,3331.23
19507.88,72.13,95,0.0,3331.23
19507.88,72.08,95,0.0,3331.23
19507.88,72.03,95,1.2125,3331.23
19507.88,71.94,95,0.0,3331.23
19507.88,71.83,95,0.0,3331.23
19507.88,71.85,95,1.2125,3331.23
19507.88,72.1,94,0.0,3331.23
19507.88,72.11,94,1.2125,3331.23
19507.88,72.02,94,0.0,3331.23
19507.88,72.14,94,1.2125,3331.23
19507.88,72.37,95,0.0,3331.23
19507.88,72.05,95,0.0,3331.23
19507.88,71.92,95,0.0,3331.23
19507.88,71.75,95,1.2125,3331.23
19507.88,71.78,95,0.0,3331.23
19507.88,71.83,95,0.0,3331.23
19507.88,71.8,95,1.2125,3331.23
19507.88,71.7,95,0.0,3331.23
19507.88,71.88,94,0.0,3331.23
19507.88,71.94,94,0.0,3331.23
19507.88,71.97,95,1.2125,3331.23
19507.88,72.03,95,0.0,3331.23
19507.88,71.99,95,0.0,3331.23
19507.88,72.02,95,2.4125,3331.23
19507.88,74.24,77,0.0,3331.23
19507.88,74.46,77,1.2125,3331.23
19507.88,74.32,100,1.2125,3331.23
19507.88,73.42,100,0.0,3331.23
19507.88,73.09,95,1.2125,3331.23
19507.88,73.41,95,0.0,3331.23
19507.88,73.28,95,0.0,3331.23
19507.88,73.14,95,0.0,3331.23
19507.88,73.38,94,1.225,3331.23
19507.88,73.22,94,0.0,3331.23
19507.88,73.46,95,0.0,3331.23
19507.88,71.52,95,0.0,3331.23
19507.88,71.48,95,1.225,3331.23
19507.88,71.09,95,0.0,3331.23
19507.88,72.09,95,0.0,3331.23
19507.88,72.35,95,0.0,3331.23
19507.88,72.26,95,1.225,3331.23
19507.88,72.2,95,0.0,3331.23
19507.88,72.1,95,0.0,3331.23
19507.88,71.97,95,1.225,3331.23
19507.88,72.14,94,0.0,3331.23
19507.88,71.98,94,0.0,3331.23
19507.88,71.78,94,0.0,3331.23
19507.88,71.76,94,1.2125,3331.23
19507.88,71.83,95,0.0,3331.23
19507.88,72.08,95,0.0,3331.23
19507.88,72.08,95,1.2125,3331.23
19507.88,72.1,95,0.0,3331.23
19507.88,72.0,95,0.0,3331.23
19507.88,72.07,95,1.2125,3331.23
19507.88,71.93,95,0.0,3331.23
19507.88,71.83,95,1.2375,3331.23
19507.88,71.91,95,0.0,3331.23
19507.88,71.54,95,0.0,3331.23
19507.88,71.62,95,0.0,3331.23
19507.88,71.77,95,1.2125,3331.23
19507.88,71.79,95,0.0,3331.23
19507.88,71.91,95,0.0,3331.23
19507.88,71.92,95,1.225,3331.23
19507.88,71.88,95,0.0,3331.23
19507.88,71.88,95,0.0,3331.23
19507.88,71.73,95,1.2125,3331.23
19507.88,71.87,95,0.0,3331.23
19507.88,71.84,95,0.0,3331.23
19507.88,72.06,95,0.0,3331.23
19507.88,72.11,94,1.225,3331.23
19507.88,72.11,94,0.0,3331.23
19507.88,71.83,95,0.0,3331.23
19507.88,71.82,95,1.2375,3331.23
19507.88,71.72,95,0.0,3331.23
19507.88,71.63,95,1.2125,3331.23
19507.88,70.91,95,2.4375,3331.23
19507.88,70.64,95,0.0,3331.23
19507.88,71.05,83,0.0,3331.23
19507.88,69.7,83,1.2125,3331.23
19507.88,69.83,99,0.0,3331.23
19507.88,69.66,99,0.0,3331.23
19507.88,70.25,94,1.2125,3331.23
19507.88,70.04,94,0.0,3331.23
19507.88,70.37,94,0.0,3331.23
19507.88,70.1,94,1.2125,3331.23
19507.88,70.69,95,0.0,3331.23
19507.88,71.56,95,0.0,3331.23
19507.88,71.35,95,0.0,3331.23
19507.88,71.08,95,1.2125,3331.23
19507.88,71.7,95,0.0,3331.23
19507.88,71.7,95,0.0,3331.23
19507.88,72.0,94,0.0,3331.23
19507.88,71.89,94,1.2125,3331.23
19507.88,71.83,95,0.0,3331.23
19507.88,71.83,95,0.0,3331.23
19507.88,71.63,95,1.2125,3331.23
19507.88,72.1,94,0.0,3331.23
19507.88,71.5,94,0.0,3331.23
19507.88,71.58,96,1.2125,3331.23
19507.88,71.63,96,0.0,3331.23
19507.88,72.1,96,0.0,3331.23
19507.88,71.95,96,0.0,3331.23
19507.88,72.1,96,1.2375,3331.23
19507.88,71.78,96,0.0,3331.23
19507.88,71.93,96,0.0,3331.23
19507.88,71.79,96,0.0,3331.23
19507.88,71.79,95,2.4875,3331.23
19507.88,71.71,95,0.0,3331.23
19507.88,71.67,93,0.0,3331.23
19507.88,71.78,93,0.0,3331.23
19507.88,71.95,94,1.2375,3331.23
19507.88,71.7,94,0.0,3331.23
19507.88,71.71,94,0.0,3331.23
19507.88,71.54,94,0.0,3331.23
19507.88,71.82,94,1.2375,3331.23
19507.88,72.0,94,0.0,3331.23
19507.88,71.84,94,0.0,3331.23
19507.88,71.77,94,1.2375,3331.23
19507.88,71.82,95,0.0,3331.23
19507.88,71.95,95,0.0,3331.23
19507.88,71.97,95,1.25,3331.23
19507.88,72.02,95,0.0,3331.23
19507.88,72.18,95,0.0,3331.23
19507.88,71.97,95,0.0,3331.23
19507.88,71.92,95,1.25,3331.23
19507.88,71.88,95,0.0,3331.23
19507.88,71.77,95,0.0,3331.23
19507.88,71.75,95,2.4875,3331.23
19507.88,68.36,81,0.0,3331.23
19507.88,68.61,81,0.0,3331.23
19507.88,68.6,99,1.25,3331.23
19507.88,68.79,99,0.0,3331.23
19507.88,68.32,97,0.0,3331.23
19507.88,68.68,97,0.0,3331.23
19507.88,68.99,95,1.25,3331.23
19507.88,69.05,95,0.0,3331.23
19507.88,69.28,95,0.0,3331.23
19507.88,68.88,95,1.2375,3331.23
19507.88,69.36,96,0.0,3331.23
19507.88,72.59,96,0.0,3331.23
19507.88,72.56,95,0.0,3331.23
19507.88,72.42,95,1.25,3331.23
19507.88,72.06,95,0.0,3331.23
19507.88,72.56,95,0.0,3331.23
19507.88,72.22,94,0.0,3331.23
19507.88,72.28,94,1.2125,3331.23
19507.88,72.25,95,0.0,3331.23
19507.88,72.0,95,1.2125,3331.23
19507.88,72.23,95,1.2125,3331.23
19507.88,72.25,95,0.0,3331.23
19507.88,72.34,95,0.0,3331.23
19507.88,71.92,95,1.2125,3331.23
19507.88,72.04,95,0.0,3331.23
19507.88,72.1,95,0.0,3331.23
19507.88,72.14,95,0.0,3331.23
19507.88,72.14,95,1.1875,3331.23
19507.88,71.93,95,0.0,3331.23
19507.88,71.95,94,0.0,3331.23
19507.88,72.08,94,1.175,3331.23
19507.88,71.49,95,0.0,3331.23
19507.88,71.52,95,0.0,3331.23
19507.88,71.69,95,1.2,3331.23
19507.88,71.81,95,0.0,3331.23
19507.88,72.06,95,0.0,3331.23
19507.88,72.02,95,1.2125,3331.23
19507.88,71.98,95,0.0,3331.23
19507.88,71.9,95,0.0,3331.23
19507.88,72.09,96,0.0,3331.23
19507.88,71.67,96,2.425,3331.23
19507.88,71.61,96,0.0,3331.23
19507.88,71.72,96,0.0,3331.23
19507.88,71.7,95,0.0,3331.23
19507.88,71.83,95,1.225,3331.23
19507.88,71.68,95,0.0,3331.23
19507.88,71.68,95,0.0,3331.23
19507.88,71.66,94,0.0,3331.23
19507.88,71.83,94,1.225,3331.23
19507.88,71.48,95,0.0,3331.23
19507.88,71.52,95,0.0,3331.23
19507.88,71.63,95,2.4375,3331.23
19507.88,68.21,95,0.0,3331.23
19507.88,68.54,83,0.0,3331.23
19507.88,67.66,83,1.2,3331.23
19507.88,67.52,99,0.0,3331.23
19507.88,67.69,99,0.0,3331.23
19507.88,67.82,94,0.0,3331.23
19507.88,67.74,94,1.25,3331.23
19507.88,68.18,95,0.0,3331.23
19507.88,68.18,95,0.0,3331.23
19507.88,67.66,94,0.0,3331.23
19507.88,67.87,94,0.0,3331.23
19507.88,71.12,94,1.25,3331.23
19507.88,71.21,94,0.0,3331.23
19507.88,70.92,94,0.0,3331.23
19507.88,71.95,94,1.25,3331.23
19507.88,72.08,94,0.0,3331.23
19507.88,71.86,94,0.0,3331.23
19507.88,71.79,95,0.0,3331.23
19507.88,71.55,95,1.2375,3331.23
19507.88,71.47,95,0.0,3331.23
19507.88,71.7,95,0.0,3331.23
19507.88,71.78,95,1.2375,3331.23
19507.88,71.69,95,0.0,3331.23
19507.88,71.39,96,0.0,3331.23
19507.88,71.44,96,1.25,3331.23
19507.88,71.66,94,0.0,3331.23
19507.88,71.81,94,0.0,3331.23
19507.88,71.38,94,0.0,3331.23
19507.88,71.41,94,1.25,3331.23
19507.88,71.42,95,0.0,3331.23
19507.88,71.57,95,0.0,3331.23
19507.88,71.24,94,0.0,3331.23
19507.88,71.25,94,1.25,3331.23
19507.88,71.32,95,0.0,3331.23
19507.88,71.34,95,0.0,3331.23
19507.88,71.38,95,1.25,3331.23
19507.88,71.22,95,1.25,3331.23
19507.88,71.12,95,0.0,3331.23
19507.88,72.06,95,0.0,3331.23
19507.88,72.25,93,0.0,3331.23
19507.88,72.13,93,1.25,3331.23
19507.88,72.05,95,0.0,3331.23
19507.88,72.4,95,0.0,3331.23
19507.88,72.31,95,1.25,3331.23
19507.88,72.24,95,0.0,3331.23
19507.88,72.43,95,0.0,3331.23
19507.88,72.45,95,0.0,3331.23
19507.88,72.34,95,0.0,3331.23
19507.88,72.19,95,1.25,3331.23
19507.88,72.19,94,0.0,3331.23
19507.88,72.05,94,0.0,3331.23
19507.88,72.19,94,1.25,3331.23
19507.88,72.12,91,1.2375,3331.23
19507.88,71.07,91,1.2125,3331.23
19507.88,72.12,84,0.0,3331.23
19507.88,72.13,84,0.0,3331.23
19507.88,71.54,98,1.2125,3331.23
19507.88,71.79,98,0.0,3331.23
19507.88,72.26,95,0.0,3331.23
19507.88,71.78,95,1.2125,3331.23
19507.88,71.8,94,0.0,3331.23
19507.88,71.86,94,0.0,3331.23
19507.88,71.95,94,0.0,3331.23
19507.88,73.17,94,1.225,3331.23
19507.88,72.68,95,0.0,3331.23
19507.88,72.17,95,0.0,3331.23
19507.88,72.06,95,1.225,3331.23
19507.88,72.6,95,0.0,3331.23
19507.88,72.45,94,0.0,3331.23
19507.88,72.4,94,0.0,3331.23
19507.88,72.47,95,1.225,3331.23
19507.88,72.32,95,1.225,3331.23
19507.88,72.43,95,0.0,3331.23
19507.88,72.48,95,0.0,3331.23
19507.88,72.29,96,0.0,3331.23
19507.88,71.97,96,0.0,3331.23
19507.88,72.14,95,1.2125,3331.23
19507.88,72.31,95,0.0,3331.23
19507.88,72.74,95,0.0,3331.23
19507.88,72.77,95,1.2125,3331.23
19507.88,72.49,94,0.0,3331.23
19507.88,72.53,94,0.0,3331.23
19507.88,72.5,95,0.0,3331.23
19507.88,72.35,95,1.2125,3331.23
19507.88,72.35,95,0.0,3331.36
19507.88,72.22,95,0.0,3331.36
19507.88,72.23,94,1.2125,3331.36
19507.88,72.16,94,0.0,3331.36
19507.88,71.84,94,0.0,3331.36
19507.88,71.97,94,1.2125,3331.36
19507.88,71.96,94,0.0,3331.36
19507.88,72.36,94,0.0,3331.36
19507.88,72.47,93,0.0,3331.36
19507.88,72.17,94,1.2125,3331.36
19507.88,72.18,94,0.0,3331.36
19507.88,72.09,94,0.0,3331.36
19507.88,72.33,94,1.175,3331.36
19507.88,72.26,94,1.2125,3331.36
19507.88,72.34,94,0.0,3331.36
19507.88,72.11,94,1.2125,3331.36
19507.88,72.04,94,0.0,3331.36
19507.88,71.73,94,0.0,3331.36
19507.88,71.73,94,0.0,3331.36
19507.88,71.21,94,1.225,3331.36
19507.88,71.55,94,2.4375,3331.36
19507.88,71.83,75,0.0,3331.36
19507.88,72.23,75,0.0,3331.36
19507.88,72.06,100,0.0,3331.36
19507.88,71.2,100,1.2375,3331.36
19507.88,71.01,97,0.0,3331.36
19507.88,71.25,97,0.0,3331.36
19507.88,71.42,94,0.0,3331.36
19507.88,71.94,94,1.25,3331.36
19507.88,71.35,93,0.0,3331.36
19507.88,71.58,93,0.0,3331.36
19507.88,71.45,95,0.0,3331.36
19507.88,71.43,95,0.0,3331.36
19507.88,71.15,95,1.25,3331.36
19507.88,71.05,95,0.0,3331.36
19507.88,71.86,95,0.0,3331.36
19507.88,71.92,95,0.0,3331.36
19507.88,71.88,94,1.2375,3331.36
19507.88,71.7,95,0.0,3331.36
19507.88,71.49,95,0.0,3331.36
19507.88,71.83,95,0.0,3331.36
19507.88,72.08,95,1.25,3331.36
19507.88,72.06,95,0.0,3331.36
19507.88,71.69,95,0.0,3331.36
19507.88,71.73,95,0.0,3331.36
19507.88,71.85,95,1.25,3331.36
19507.88,71.85,94,0.0,3331.36
19507.88,72.04,94,0.0,3331.36
19507.88,72.34,94,1.2375,3331.36
19507.88,71.97,94,0.0,3331.36
19507.88,71.98,92,0.0,3331.36
19507.88,72.3,92,0.0,3331.36
19507.88,72.35,95,2.4875,3331.36
19507.88,72.25,95,0.0,3331.36
19507.88,72.36,95,0.0,3331.36
19507.88,72.49,95,0.0,3331.36
19507.88,72.55,95,1.25,3331.36
19507.88,72.4,93,0.0,3331.36
19507.88,72.19,93,0.0,3331.36
19507.88,72.3,95,0.0,3331.36
19507.88,72.14,95,1.25,3331.36
19507.88,71.96,95,0.0,3331.36
19507.88,71.84,95,0.0,3331.36
19507.88,71.76,95,0.0,3331.36
19507.88,71.76,95,1.2375,3331.36
19507.88,71.62,95,0.0,3331.36
19507.88,71.62,95,0.0,3331.36
19507.88,71.67,95,1.25,3331.36
19507.88,71.83,95,0.0,3331.36
19507.88,71.44,95,0.0,3331.36
19507.88,71.63,95,1.2375,3331.36
19507.88,71.47,94,0.0,3331.36
19507.88,71.61,94,0.0,3331.36
19507.88,68.32,94,1.2375,3331.36
19507.88,68.32,94,0.0,3331.36
19507.88,68.39,86,0.0,3331.36
19507.88,68.45,86,1.225,3331.36
19507.88,68.34,99,0.0,3331.36
19507.88,68.34,99,0.0,3331.36
19507.88,68.59,95,1.2125,3331.36
19507.88,69.12,95,0.0,3331.36
19507.88,69.29,95,0.0,3331.36
19507.88,69.03,95,0.0,3331.36
19507.88,69.08,95,1.225,3331.36
19507.88,69.08,95,0.0,3331.36
19507.88,72.2,95,0.0,3331.36
19507.88,72.44,95,1.2125,3331.36
19507.88,71.9,94,1.2125,3331.36
19507.88,72.06,94,0.0,3331.36
19507.88,71.84,94,0.0,3331.36
19507.88,71.76,94,1.175,3331.36
19507.88,71.7,95,0.0,3331.36
19507.88,71.56,95,0.0,3331.36
19507.88,71.71,95,0.0,3331.36
19507.88,71.64,95,1.2375,3331.36
19507.88,71.44,95,0.0,3331.36
19507.88,71.34,95,0.0,3331.36
19507.88,71.34,95,1.2375,3331.36
19507.88,71.55,95,0.0,3331.36
19507.88,71.67,95,0.0,3331.36
19507.88,71.9,95,0.0,3331.36
19507.88,71.74,95,1.2375,3331.36
19507.88,71.73,95,0.0,3331.36
19507.88,71.76,95,0.0,3331.36
19507.88,71.76,95,1.2375,3331.36
19507.88,71.85,95,0.0,3331.36
19507.88,71.66,95,0.0,3331.36
19507.88,71.65,95,0.0,3331.36
19507.88,71.54,95,0.0,3331.36
19507.88,71.63,95,1.2375,3331.36
19507.88,71.61,94,0.0,3331.36
19507.88,72.07,94,0.0,3331.36
19507.88,72.05,95,0.0,3331.36
19507.88,72.1,95,1.25,3331.36
19507.88,72.07,95,0.0,3331.36
19507.88,72.07,95,0.0,3331.36
19507.88,71.89,95,0.0,3331.36
19507.88,71.91,95,0.0,3331.36
19507.88,71.9,95,1.25,3331.36
19507.88,72.0,95,0.0,3331.36
19507.88,72.16,94,0.0,3331.36
19507.88,72.4,94,0.0,3331.36
19507.88,72.05,95,1.25,3331.36
19507.88,72.1,95,0.0,3331.36
19507.88,72.03,95,0.0,3331.36
19507.88,71.97,95,2.4875,3331.36
19507.88,69.79,88,0.0,3331.36
19507.88,69.79,88,0.0,3331.36
19507.88,69.99,91,0.0,3331.36
19507.88,69.97,91,2.4875,3331.36
19507.88,70.23,96,0.0,3331.36
19507.88,70.32,96,0.0,3331.36
19507.88,69.96,95,0.0,3331.36
19507.88,70.38,95,1.2375,3331.36
19507.88,70.19,95,0.0,3331.36
19507.88,70.4,95,0.0,3331.36
19507.88,70.28,95,1.25,3331.36
19507.88,72.81,95,0.0,3331.36
19507.88,72.75,95,0.0,3331.36
19507.88,72.69,95,0.0,3331.36
19507.88,72.85,94,1.25,3331.36
19507.88,72.51,94,0.0,3331.36
19507.88,72.48,95,0.0,3331.36
19507.88,72.58,95,1.2375,3331.36
19507.88,72.47,95,0.0,3331.36
19507.88,72.11,95,0.0,3331.36
19507.88,72.3,94,1.2125,3331.36
19507.88,72.25,94,0.0,3331.36
19507.88,72.0,95,0.0,3331.36
19507.88,71.69,95,1.2,3331.36
19507.88,71.71,94,0.0,3331.36
19507.88,71.61,94,0.0,3331.36
19507.88,72.05,93,0.0,3331.36
19507.88,72.16,93,0.0,3331.36
19507.88,72.04,95,1.2,3331.36
19507.88,72.12,95,0.0,3331.36
19507.88,72.33,95,0.0,3331.36
19507.88,72.18,95,0.0,3331.36
19507.88,72.03,95,1.1875,3331.36
19507.88,72.05,95,0.0,3331.36
19507.88,72.16,95,1.2125,3331.36
19507.88,72.13,95,0.0,3331.36
19507.88,72.05,95,0.0,3331.36
19507.88,72.36,95,1.2125,3331.36
19507.88,72.29,94,0.0,3331.36
19507.88,72.24,94,0.0,3331.36
19507.88,72.2,95,1.2125,3331.36
19507.88,72.22,95,0.0,3331.36
19507.88,72.22,94,0.0,3331.36
19507.88,72.33,94,0.0,3331.36
19507.88,72.31,95,1.2125,3331.36
19507.88,72.31,94,1.2125,3331.36
19507.88,72.46,94,0.0,3331.36
19507.88,72.17,94,1.2125,3331.36
19507.88,72.17,94,0.0,3331.36
19507.88,72.26,94,0.0,3331.36
19507.88,72.19,94,0.0,3331.36
19507.88,71.99,95,1.2125,3331.36
19507.88,72.01,82,1.2125,3331.36
19507.88,73.39,82,0.0,3331.36
19507.88,73.52,100,1.2125,3331.36
19507.88,72.5,100,0.0,3331.36
19507.88,72.5,100,0.0,3331.36
19507.88,72.52,95,1.2125,3331.36
19507.88,72.61,95,0.0,3331.36
19507.88,72.61,95,0.0,3331.36
19507.88,72.26,94,1.2125,3331.36
19507.88,72.69,94,0.0,3331.36
19507.88,72.51,95,0.0,3331.36
19507.88,71.32,95,1.2125,3331.36
19507.88,71.18,94,1.2125,3331.36
19507.88,71.04,94,0.0,3331.36
19507.88,71.75,95,0.0,3331.36
19507.88,72.31,95,1.2125,3331.36
19507.88,72.35,95,0.0,3331.36
19507.88,72.19,95,0.0,3331.36
19507.88,72.1,95,0.0,3331.36
19507.88,72.12,95,1.175,3331.36
19507.88,72.13,95,0.0,3331.36
19507.88,72.01,95,0.0,3331.36
19507.88,72.01,95,1.2125,3331.36
19507.88,72.04,95,0.0,3331.36
19507.88,72.1,95,0.0,3331.36
19507.88,72.17,95,0.0,3331.36
19507.88,71.94,94,1.2125,3331.36
19507.88,71.31,94,0.0,3331.36
19507.88,71.69,94,1.2125,3331.36
19507.88,71.44,94,0.0,3331.36
19507.88,71.82,94,1.2125,3331.36
19507.88,71.89,94,0.0,3331.36
19507.88,71.8,95,0.0,3331.36
19507.88,71.81,95,0.0,3331.36
19507.88,71.59,95,1.2125,3331.36
19507.88,71.83,95,0.0,3331.36
19507.88,71.81,93,0.0,3331.36
19507.88,71.97,93,1.2125,3331.36
19507.88,72.28,94,0.0,3331.36
19507.88,72.17,94,0.0,3331.36
19507.88,71.96,95,1.2125,3331.36
19507.88,71.7,95,0.0,3331.36
19507.88,71.33,94,0.0,3331.36
19507.88,71.58,94,1.2125,3331.36
19507.88,71.34,95,0.0,3331.36
19507.88,71.88,95,0.0,3331.36
19507.88,71.74,95,0.0,3331.36
19507.88,72.01,95,1.225,3331.36
19507.88,72.06,95,0.0,3331.36
19507.88,71.82,95,0.0,3331.36
19507.88,71.86,95,1.2125,3331.36
19507.88,71.84,95,0.0,3331.36
19507.88,71.84,95,2.4375,3331.36
19507.88,69.79,95,0.0,3331.36
19507.88,70.22,80,1.2125,3331.36
19507.88,70.37,80,0.0,3331.36
19507.88,70.34,100,1.2125,3331.36
19507.88,70.43,100,0.0,3331.36
19507.88,70.47,100,0.0,3331.36
19507.88,69.2,97,1.2125,3331.36
19507.88,69.38,97,0.0,3331.36
19507.88,69.67,95,0.0,3331.36
19507.88,69.92,95,0.0,3331.36
19507.88,71.92,96,1.2125,3331.36
19507.88,71.65,96,0.0,3331.36
19507.88,71.66,96,0.0,3331.36
19507.88,71.86,96,1.2125,3331.36
19507.88,71.42,94,0.0,3331.36
19507.88,71.28,94,0.0,3331.36
19507.88,72.03,94,1.2125,3331.36
19507.88,71.65,94,0.0,3331.36
19507.88,71.66,95,0.0,3331.36
19507.88,71.15,95,0.0,3331.36
19507.88,71.52,94,1.2125,3331.36
19507.88,71.14,95,0.0,3331.36
19507.88,71.42,95,1.2125,3331.36
19507.88,71.03,95,0.0,3331.36
19507.88,71.29,95,1.2125,3331.36
19507.88,70.99,95,0.0,3331.36
19507.88,71.49,95,0.0,3331.36
19507.88,71.07,95,0.0,3331.36
19507.88,71.59,95,1.2125,3331.36
19507.88,71.16,95,0.0,3331.36
19507.88,71.55,95,0.0,3331.36
19507.88,71.27,95,0.0,3331.36
19507.88,71.61,95,1.2125,3331.36
19507.88,70.79,94,0.0,3331.36
19507.88,71.09,94,0.0,3331.36
19507.88,70.84,95,1.225,3331.36
19507.88,71.26,95,0.0,3331.36
19507.88,70.89,95,0.0,3331.36
19507.88,71.33,95,1.225,3331.36
19507.88,71.04,95,0.0,3331.36
19507.88,71.35,95,0.0,3331.36
19507.88,70.78,95,1.225,3331.36
19507.88,71.04,95,0.0,3331.36
19507.88,70.78,95,0.0,3331.36
19507.88,71.47,95,0.0,3331.36
19507.88,71.12,94,1.225,3331.36
19507.88,71.48,94,0.0,3331.36
19507.88,71.25,94,0.0,3331.36
19507.88,71.6,94,1.2125,3331.36
19507.88,71.23,95,0.0,3331.36
19507.88,71.44,95,0.0,3331.36
19507.88,71.08,95,1.2125,3331.36
19507.88,71.55,95,0.0,3331.36
19507.88,71.23,95,0.0,3331.36
19507.88,71.58,95,2.4875,3331.36
19507.88,71.75,78,0.0,3331.36
19507.88,71.98,78,0.0,3331.36
19507.88,71.92,100,1.2125,3331.36
19507.88,70.99,100,0.0,3331.36
19507.88,70.86,97,0.0,3331.36
19507.88,71.11,97,1.2125,3331.36
19507.88,71.28,95,0.0,3331.36
19507.88,71.44,95,0.0,3331.36
19507.88,71.63,94,0.0,3331.36
19507.88,71.86,94,0.0,3331.36
19507.88,71.51,95,1.25,3331.36
19507.88,71.42,95,0.0,3331.36
19507.88,71.17,95,0.0,3331.36
19507.88,70.99,95,0.0,3331.36
19507.88,71.77,95,2.4875,3331.36
19507.88,71.97,95,0.0,3331.36
19507.88,71.91,95,0.0,3331.36
19507.88,71.92,95,0.0,3331.36
19507.88,72.08,95,1.25,3331.36
19507.88,71.66,95,0.0,3331.36
19507.88,71.81,95,0.0,3331.36
19507.88,71.86,95,1.2375,3331.36
19507.88,71.74,95,0.0,3331.36
19507.88,71.78,95,0.0,3331.36
19507.88,71.94,96,0.0,3331.36
19507.88,72.11,96,0.0,3331.36
19507.88,71.97,95,1.2375,3331.36
19507.88,72.21,95,0.0,3331.36
19507.88,71.8,96,0.0,3331.36
19507.88,71.95,96,0.0,3331.36
19507.88,72.06,96,1.2375,3331.36
19507.88,71.99,96,0.0,3331.36
19507.88,71.88,96,0.0,3331.36
19507.88,71.81,96,0.0,3331.36
19507.88,72.19,96,1.2375,3331.36
19507.88,71.99,96,0.0,3331.36
19507.88,72.2,96,0.0,3331.36
19507.88,72.02,96,0.0,3331.36
19507.88,71.93,96,1.2375,3331.36
19507.88,72.1,96,0.0,3331.36
19507.88,71.99,96,0.0,3331.36
19507.88,72.16,96,1.25,3331.36
19507.88,71.85,96,0.0,3331.36
19507.88,72.09,96,0.0,3331.36
19507.88,71.93,96,0.0,3331.36
19507.88,71.84,96,1.2375,3331.36
19507.88,71.94,96,0.0,3331.36
19507.88,72.13,96,0.0,3331.36
19507.88,71.99,96,0.0,3331.36
19507.88,72.01,96,1.2375,3331.36
19507.88,71.71,96,0.0,3331.36
19507.88,71.66,95,2.425,3331.36
19507.88,73.51,95,1.2375,3331.36
19507.88,73.51,83,0.0,3331.36
19507.88,73.68,83,0.0,3331.36
19507.88,72.55,99,1.2375,3331.36
19507.88,72.58,99,0.0,3331.36
19507.88,72.82,95,0.0,3331.36
19507.88,73.22,95,1.225,3331.36
19507.88,73.59,93,0.0,3331.36
19507.88,73.43,93,0.0,3331.36
19507.88,73.59,94,1.2125,3331.36
19507.88,73.52,94,0.0,3331.36
19507.88,72.18,95,0.0,3331.36
19507.88,71.94,95,0.0,3331.36
19507.88,71.8,95,1.2125,3331.36
19507.88,72.6,95,0.0,3331.36
19507.88,72.64,95,0.0,3331.36
19507.88,72.4,95,0.0,3331.36
19507.88,71.96,93,1.225,3331.36
19507.88,71.87,93,0.0,3331.36
19507.88,71.63,95,0.0,3331.36
19507.88,71.97,95,1.175,3331.36
19507.88,71.84,95,0.0,3331.36
19507.88,71.55,95,1.2125,3331.36
19507.88,71.42,95,0.0,3331.36
19507.88,71.5,95,1.2125,3331.36
19507.88,71.66,95,0.0,3331.36
19507.88,71.75,95,0.0,3331.36
19507.88,71.97,95,1.2125,3331.36
19507.88,71.61,95,0.0,3331.36
19507.88,71.58,95,0.0,3331.36
19507.88,71.8,95,0.0,3331.36
19507.88,71.7,95,1.2125,3331.36
19507.88,71.66,95,0.0,3331.36
19507.88,71.59,95,0.0,3331.36
19507.88,71.66,95,1.2125,3331.36
19507.88,71.75,95,0.0,3331.36
19507.88,72.01,95,0.0,3331.36
19507.88,71.77,95,1.1875,3331.36
19507.88,71.75,96,0.0,3331.36
19507.88,71.98,96,0.0,3331.36
19507.88,71.99,96,1.2125,3331.36
19507.88,72.07,96,0.0,3331.36
19507.88,71.96,96,0.0,3331.36
19507.88,72.03,96,1.2125,3331.36
19507.88,72.39,96,0.0,3331.36
19507.88,72.21,96,0.0,3331.36
19507.88,72.2,94,1.2125,3331.36
19507.88,72.35,94,0.0,3331.36
19507.88,72.37,95,0.0,3331.36
19507.88,72.23,95,0.0,3331.36
19507.88,72.37,94,1.2125,3331.36
19507.88,72.47,94,1.225,3331.36
19507.88,73.21,82,0.0,3331.36
19507.88,73.03,82,1.225,3331.36
19507.88,73.23,100,0.0,3331.36
19507.88,72.07,100,1.225,3331.36
19507.88,72.2,97,0.0,3331.36
19507.88,72.16,97,0.0,3331.36
19507.88,72.54,95,1.225,3331.36
19507.88,72.43,95,0.0,3331.36
19507.88,72.89,95,0.0,3331.36
19507.88,72.65,95,0.0,3331.36
19507.88,72.38,95,1.225,3331.36
19507.88,71.69,95,0.0,3331.36
19507.88,71.57,95,0.0,3331.36
19507.88,71.48,95,0.0,3331.36
19507.88,72.34,95,0.0,3331.36
19507.88,72.38,95,1.2125,3331.36
19507.88,72.32,95,0.0,3331.36
19507.88,72.09,95,0.0,3331.36
19507.88,72.21,95,1.2125,3331.36
19507.88,72.03,95,0.0,3331.36
19507.88,72.27,94,0.0,3331.36
19507.88,72.14,94,1.2125,3331.36
19507.88,71.98,95,0.0,3331.36
19507.88,71.98,95,0.0,3331.36
19507.88,72.08,95,1.2,3331.36
19507.88,72.14,95,0.0,3331.36
19507.88,72.25,95,0.0,3331.36
19507.88,72.07,95,0.0,3331.36
19507.88,72.41,94,1.2125,3331.36
19507.88,72.25,94,0.0,3331.36
19507.88,72.18,95,0.0,3331.36
19507.88,72.16,95,1.2125,3331.36
19507.88,72.09,93,0.0,3331.36
19507.88,72.18,95,0.0,3331.36
19507.88,72.32,95,1.2125,3331.36
19507.88,72.41,95,1.2125,3331.36
19507.88,72.28,95,0.0,3331.36
19507.88,72.29,95,0.0,3331.36
19507.88,72.3,95,1.2125,3331.36
19507.88,72.31,95,0.0,3331.36
19507.88,72.15,95,0.0,3331.36
19507.88,71.95,95,1.225,3331.36
19507.88,72.02,94,0.0,3331.36
19507.88,72.18,94,0.0,3331.36
19507.88,72.28,95,0.0,3331.36
19507.88,72.25,95,1.225,3331.36
19507.88,72.18,95,0.0,3331.36
19507.88,72.22,95,0.0,3331.36
19507.88,72.26,94,0.0,3331.36
19507.88,72.09,94,1.225,3331.36
19507.88,71.86,95,0.0,3331.36
19507.88,68.57,95,2.4375,3331.36
19507.88,69.09,78,0.0,3331.36
19507.88,69.17,78,0.0,3331.36
19507.88,69.34,100,0.0,3331.36
19507.88,68.68,100,1.2125,3331.36
19507.88,69.08,94,0.0,3331.36
19507.88,69.05,94,0.0,3331.36
19507.88,69.45,94,1.2125,3331.36
19507.88,69.21,95,0.0,3331.36
19507.88,68.93,95,0.0,3331.36
19507.88,69.48,95,1.2125,3331.36
19507.88,72.5,95,0.0,3331.36
19507.88,72.45,94,0.0,3331.36
19507.88,71.89,94,0.0,3331.36
19507.88,71.76,94,1.2375,3331.36
19507.88,72.14,94,0.0,3331.36
19507.88,72.22,94,0.0,3331.36
19507.88,72.2,94,1.2125,3331.36
19507.88,72.09,95,0.0,3331.36
19507.88,71.81,94,0.0,3331.36
19507.88,72.06,94,1.2125,3331.36
19507.88,71.83,94,1.2125,3331.36
19507.88,72.13,94,0.0,3331.36
19507.88,71.68,95,1.2125,3331.36
19507.88,72.07,95,0.0,3331.36
19507.88,72.51,95,0.0,3331.36
19507.88,72.57,95,0.0,3331.36
19507.88,72.48,95,1.2,3331.36
19507.88,72.29,95,0.0,3331.36
19507.88,72.21,95,0.0,3331.36
19507.88,72.35,94,1.2125,3331.36
19507.88,72.28,94,0.0,3331.36
19507.88,71.81,95,0.0,3331.36
19507.88,71.86,95,0.0,3331.36
19507.88,72.02,94,1.2125,3331.36
19507.88,72.02,94,0.0,3331.36
19507.88,72.09,95,0.0,3331.36
19507.88,71.98,95,0.0,3331.36
19507.88,72.05,95,1.2125,3331.36
19507.88,72.05,95,0.0,3331.36
19507.88,71.8,94,1.2125,3331.36
19507.88,71.73,94,0.0,3331.36
19507.88,71.6,95,1.2125,3331.36
19507.88,71.74,95,0.0,3331.36
19507.88,71.74,94,0.0,3331.36
19507.88,71.78,94,0.0,3331.36
19507.88,71.71,94,1.2125,3331.36
19507.88,71.52,94,0.0,3331.36
19507.88,71.67,95,0.0,3331.36
19507.88,71.52,95,1.2125,3331.36
19507.88,71.52,95,0.0,3331.36
19507.88,71.48,95,0.0,3331.36
19507.88,71.5,93,2.475,3331.36
19507.88,73.59,93,0.0,3331.36
19507.88,73.66,78,1.225,3331.36
19507.88,73.79,78,0.0,3331.36
19507.88,73.01,97,0.0,3331.36
19507.88,73.34,97,0.0,3331.36
19507.88,73.94,94,1.2125,3331.36
19507.88,73.58,94,0.0,3331.36
19507.88,74.24,95,1.2125,3331.36
19507.88,74.06,95,0.0,3331.36
19507.88,74.39,95,1.2125,3331.36
19507.88,74.46,95,0.0,3331.36
19507.88,72.84,95,0.0,3331.36
19507.88,72.49,95,0.0,3331.36
19507.88,72.54,94,1.2125,3331.36
19507.88,73.24,94,0.0,3331.36
19507.88,72.41,95,0.0,3331.36
19507.88,72.37,95,1.2125,3331.36
19507.88,72.45,95,0.0,3331.36
19507.88,72.19,95,0.0,3331.36
19507.88,72.21,95,1.2125,3331.36
19507.88,72.36,95,0.0,3331.36
19507.88,72.18,96,0.0,3331.36
19507.88,72.31,96,0.0,3331.36
19507.88,72.25,93,1.2125,3331.36
19507.88,72.26,93,0.0,3331.36
19507.88,72.37,95,0.0,3331.36
19507.88,72.28,95,1.225,3331.36
19507.88,72.19,95,0.0,3331.36
19507.88,72.23,95,0.0,3331.36
19507.88,72.17,95,1.2125,3331.36
19507.88,71.88,95,1.225,3331.36
19507.88,71.61,95,0.0,3331.36
19507.88,71.22,95,0.0,3331.36
19507.88,71.18,94,0.0,3331.36
19507.88,71.63,94,1.225,3331.36
19507.88,71.77,93,0.0,3331.36
19507.88,71.95,94,0.0,3331.36
19507.88,71.96,94,1.2125,3331.36
19507.88,71.38,94,0.0,3331.36
19507.88,71.38,94,0.0,3331.36
19507.88,71.23,94,1.2125,3331.36
19507.88,71.32,94,0.0,3331.36
19507.88,71.52,95,0.0,3331.36
19507.88,71.67,95,1.2125,3331.36
19507.88,71.74,93,0.0,3331.36
19507.88,71.63,93,0.0,3331.36
19507.88,71.16,94,1.2125,3331.36
19507.88,71.38,94,0.0,3331.36
19507.88,71.02,95,0.0,3331.36
19507.88,71.75,95,1.2125,3331.36
19507.88,71.78,95,0.0,3331.36
19507.88,71.74,76,2.425,3331.36
19507.88,73.92,76,0.0,3331.36
19507.88,74.07,100,0.0,3331.36
19507.88,74.02,100,0.0,3331.36
19507.88,73.19,94,1.2125,3331.36
19507.88,72.95,94,0.0,3331.36
19507.88,73.36,95,0.0,3331.36
19507.88,73.11,95,1.1875,3331.36
19507.88,73.7,95,0.0,3331.36
19507.88,73.34,95,1.2125,3331.36
19507.88,73.86,95,0.0,3331.36
19507.88,71.68,95,0.0,3331.36
19507.88,71.71,94,1.2125,3331.36
19507.88,71.36,94,0.0,3331.36
19507.88,72.29,95,0.0,3331.36
19507.88,72.37,95,0.0,3331.36
19507.88,72.3,95,1.2125,3331.36
19507.88,72.51,95,0.0,3331.36
19507.88,71.81,94,0.0,3331.36
19507.88,71.61,94,1.2125,3331.36
19507.88,71.82,94,0.0,3331.36
19507.88,71.85,94,1.2125,3331.36
19507.88,71.66,95,1.2125,3331.36
19507.88,71.6,95,0.0,3331.36
19507.88,71.89,95,0.0,3331.36
19507.88,71.98,95,1.2125,3331.36
19507.88,71.84,95,0.0,3331.36
19507.88,71.75,95,0.0,3331.36
19507.88,71.52,95,1.2125,3331.36
19507.88,71.98,95,0.0,3331.36
19507.88,72.02,93,0.0,3331.36
19507.88,72.22,93,1.2125,3331.36
19507.88,72.09,95,0.0,3331.36
19507.88,71.98,95,0.0,3331.36
19507.88,72.27,93,0.0,3331.36
19507.88,72.31,93,0.0,3331.36
19507.88,72.37,95,1.225,3331.36
19507.88,72.33,95,0.0,3331.36
19507.88,72.43,95,0.0,3331.36
19507.88,72.37,95,1.2125,3331.36
19507.88,72.2,95,0.0,3331.36
19507.88,71.86,95,0.0,3331.36
19507.88,71.93,94,1.1875,3331.36
19507.88,71.88,94,0.0,3331.36
19507.88,72.22,94,0.0,3331.36
19507.88,72.25,95,1.175,3331.36
19507.88,72.0,95,0.0,3331.36
19507.88,72.02,95,0.0,3331.36
19507.88,72.03,95,1.225,3331.36
19507.88,72.02,95,0.0,3331.36
19507.88,71.96,95,0.0,3331.36
19507.88,71.91,95,2.4375,3331.36
19507.88,71.73,95,0.0,3331.36
19507.88,69.05,81,1.2125,3331.36
19507.88,69.05,81,0.0,3331.36
19507.88,67.88,99,0.0,3331.36
19507.88,68.12,99,0.0,3331.36
19507.88,67.94,95,2.3625,3331.36
19507.88,68.41,95,0.0,3331.36
19507.88,68.33,95,0.0,3331.36
19507.88,68.7,95,1.2125,3331.36
19507.88,68.33,95,0.0,3331.36
19507.88,69.0,95,0.0,3331.36
19507.88,71.93,95,1.2125,3331.36
19507.88,71.61,95,0.0,3331.36
19507.88,71.32,96,0.0,3331.36
19507.88,72.07,96,1.2125,3331.36
19507.88,72.23,96,0.0,3331.36
19507.88,72.26,96,0.0,3331.36
19507.88,72.28,95,1.2125,3331.36
19507.88,72.23,95,0.0,3331.36
19507.88,72.08,93,0.0,3331.36
19507.88,72.65,93,1.2,3331.36
19507.88,72.4,93,0.0,3331.36
19507.88,72.33,93,0.0,3331.36
19507.88,72.05,93,0.0,3331.36
19507.88,72.53,93,1.2125,3331.36
19507.88,72.61,94,0.0,3331.36
19507.88,72.56,94,0.0,3331.36
19507.88,72.36,95,1.2125,3331.36
19507.88,72.2,94,0.0,3331.36
19507.88,72.18,94,0.0,3331.36
19507.88,71.82,95,1.2125,3331.36
19507.88,71.76,95,0.0,3331.36
19507.88,71.31,95,0.0,3331.36
19507.88,72.12,95,0.0,3331.36
19507.88,72.14,95,2.4125,3331.36
19507.88,72.2,95,0.0,3331.36
19507.88,72.22,95,0.0,3331.36
19507.88,72.14,95,1.2125,3331.36
19507.88,72.17,95,0.0,3331.36
19507.88,72.22,95,0.0,3331.36
19507.88,72.16,95,1.2125,3331.36
19507.88,72.01,95,0.0,3331.36
19507.88,72.02,94,0.0,3331.36
19507.88,72.38,95,0.0,3331.36
19507.88,71.9,95,1.2125,3331.36
19507.88,71.79,96,0.0,3331.36
19507.88,71.9,96,0.0,3331.36
19507.88,71.82,95,1.2125,3331.36
19507.88,71.65,95,0.0,3331.36
19507.88,71.65,96,0.0,3331.36
19507.88,71.43,96,0.0,3331.36
19507.88,68.61,83,2.4125,3331.36
19507.88,68.84,83,0.0,3331.36
19507.88,68.68,96,1.2125,3331.36
19507.88,68.9,96,0.0,3331.36
19507.88,68.74,96,0.0,3331.36
19507.88,68.88,100,1.225,3331.36
19507.88,68.88,97,0.0,3331.36
19507.88,69.32,97,0.0,3331.36
19507.88,69.08,97,1.2125,3331.36
19507.88,69.15,96,0.0,3331.36
19507.88,69.28,96,0.0,3331.36
19507.88,72.65,96,0.0,3331.36
19507.88,72.35,96,1.2125,3331.36
19507.88,72.52,96,0.0,3331.36
19507.88,72.44,93,0.0,3331.36
19507.88,72.3,93,1.225,3331.36
19507.88,71.82,95,0.0,3331.36
19507.88,71.87,95,0.0,3331.36
19507.88,71.41,95,0.0,3331.36
19507.88,71.77,95,1.2,3331.36
19507.88,71.55,95,0.0,3331.36
19507.88,71.84,95,0.0,3331.36
19507.88,71.51,95,1.2125,3331.36
19507.88,71.77,95,1.2125,3331.36
19507.88,71.31,95,0.0,3331.36
19507.88,71.49,95,0.0,3331.36
19507.88,71.25,94,1.2125,3331.36
19507.88,71.83,94,0.0,3331.36
19507.88,71.38,94,0.0,3331.36
19507.88,71.73,94,1.2125,3331.36
19507.88,71.35,95,0.0,3331.36
19507.88,71.74,95,0.0,3331.36
19507.88,71.42,95,0.0,3331.36
19507.88,71.68,95,1.2125,3331.36
19507.88,71.28,95,0.0,3331.36
19507.88,71.62,95,0.0,3331.36
19507.88,71.26,95,1.225,3331.36
19507.88,71.75,95,0.0,3331.36
19507.88,71.35,94,0.0,3331.36
19507.88,71.85,95,0.0,3331.36
19507.88,71.33,95,0.0,3331.36
19507.88,71.73,95,1.2125,3331.36
19507.88,71.4,95,0.0,3331.36
19507.88,71.71,95,0.0,3331.36
19507.88,71.39,95,1.2125,3331.36
19507.88,71.65,95,0.0,3331.36
19507.88,71.4,95,0.0,3331.36
19507.88,71.75,95,0.0,3331.36
19507.88,71.52,95,1.225,3331.36
19507.88,71.85,95,0.0,3331.36
19507.88,71.48,95,0.0,3331.36
19507.88,72.0,95,1.2,3331.36
19507.88,71.7,95,0.0,3331.36
19507.88,71.63,95,1.2125,3331.36
19507.88,71.86,95,0.0,3331.36
19507.88,69.26,88,2.4375,3331.36
19507.88,69.62,88,0.0,3331.36
19507.88,69.46,93,0.0,3331.36
19507.88,69.57,93,0.0,3331.36
19507.88,69.49,100,0.0,3331.36
19507.88,69.66,100,1.2,3331.36
19507.88,68.5,98,0.0,3331.36
19507.88,68.49,98,0.0,3331.36
19507.88,68.7,95,1.2125,3331.36
19507.88,68.63,95,0.0,3331.36
19507.88,68.8,96,0.0,3331.36
19507.88,71.43,96,0.0,3331.36
19507.88,71.34,95,1.2375,3331.36
19507.88,71.25,95,0.0,3331.36
19507.88,71.36,96,0.0,3331.36
19507.88,70.81,96,1.25,3331.36
19507.88,70.64,94,0.0,3331.36
19507.88,71.49,94,0.0,3331.36
19507.88,71.72,95,0.0,3331.36
19507.88,71.34,95,1.2375,3331.36
19507.88,71.76,95,0.0,3331.36
19507.88,71.47,95,0.0,3331.36
19507.88,71.57,95,1.25,3331.36
19507.88,71.35,95,0.0,3331.36
19507.88,71.52,95,1.25,3331.36
19507.88,71.03,93,1.2375,3331.36
19507.88,71.5,93,0.0,3331.36
19507.88,71.46,95,0.0,3331.36
19507.88,71.74,95,1.2375,3331.36
19507.88,71.49,95,0.0,3331.36
19507.88,71.73,95,0.0,3331.36
19507.88,71.42,95,0.0,3331.36
19507.88,71.67,95,1.25,3331.36
19507.88,71.4,93,0.0,3331.36
19507.88,71.63,93,0.0,3331.36
19507.88,71.2,95,1.2375,3331.36
19507.88,71.66,95,0.0,3331.36
19507.88,71.52,94,0.0,3331.36
19507.88,71.9,94,1.2375,3331.36
19507.88,72.41,94,0.0,3331.36
19507.88,72.59,88,1.2375,3331.36
19507.88,72.47,94,0.0,3331.36
19507.88,72.45,94,0.0,3331.36
19507.88,72.32,95,0.0,3331.36
19507.88,72.32,95,1.2375,3331.36
19507.88,72.24,95,0.0,3331.36
19507.88,72.4,94,0.0,3331.36
19507.88,72.19,94,1.2375,3331.36
19507.88,72.19,93,0.0,3331.36
19507.88,71.64,93,0.0,3331.36
19507.88,71.64,94,1.2375,3331.36
19507.88,71.49,94,0.0,3331.36
19507.88,71.49,95,0.0,3331.36
19507.88,71.57,95,1.25,3331.36
19507.88,71.57,95,0.0,3331.36
19507.88,71.57,95,0.0,3331.36
19507.88,69.42,95,1.225,3331.36
19507.88,69.42,95,0.0,3331.36
19507.88,69.21,86,1.2125,3331.36
19507.88,69.51,86,0.0,3331.36
19507.88,69.35,100,0.0,3331.36
19507.88,69.57,100,1.2125,3331.36
19507.88,68.15,98,0.0,3331.36
19507.88,68.15,98,0.0,3331.36
19507.88,68.18,94,0.0,3331.36
19507.88,68.25,94,1.225,3331.36
19507.88,68.12,94,0.0,3331.36
19507.88,68.38,95,0.0,3331.36
19507.88,70.89,95,1.2125,3331.36
19507.88,71.07,95,0.0,3331.36
19507.88,71.2,95,0.0,3331.36
19507.88,70.83,94,1.2125,3331.36
19507.88,71.42,94,1.2125,3331.36
19507.88,71.65,94,0.0,3331.36
19507.88,71.35,94,0.0,3331.36
19507.88,71.58,95,1.2125,3331.36
19507.88,71.62,95,0.0,3331.36
19507.88,71.71,95,0.0,3331.36
19507.88,71.56,95,0.0,3331.36
19507.88,71.7,95,1.2125,3331.36
19507.88,71.25,95,0.0,3331.36
19507.88,71.31,95,1.2125,3331.36
19507.88,71.3,95,0.0,3331.36
19507.88,71.52,95,0.0,3331.36
19507.88,71.28,95,1.2125,3331.36
19507.88,71.55,95,0.0,3331.36
19507.88,71.25,95,0.0,3331.36
19507.88,71.43,95,0.0,3331.36
19507.88,71.4,95,1.2125,3331.36
19507.88,71.79,95,0.0,3331.36
19507.88,71.78,95,0.0,3331.36
19507.88,72.06,95,1.2125,3331.36
19507.88,72.39,95,1.2125,3331.36
19507.88,72.29,95,0.0,3331.36
19507.88,72.54,95,0.0,3331.36
19507.88,72.59,94,1.2125,3331.36
19507.88,72.53,94,0.0,3331.36
19507.88,72.57,96,0.0,3331.36
19507.88,72.21,96,1.2125,3331.36
19507.88,71.86,96,0.0,3331.36
19507.88,71.63,97,0.0,3331.36
19507.88,71.67,97,1.2125,3331.36
19507.88,71.34,97,0.0,3331.36
19507.88,71.83,96,0.0,3331.36
19507.88,71.57,96,0.0,3331.36
19507.88,71.73,96,1.2125,3331.36
19507.88,71.23,96,0.0,3331.36
19507.88,71.54,95,0.0,3331.36
19507.88,71.18,94,0.0,3331.36
19507.88,71.5,94,1.1875,3331.36
19507.88,71.35,95,1.2125,3331.36
19507.88,67.98,95,1.2125,3331.36
19507.88,68.13,79,1.2125,3331.36
19507.88,68.45,79,0.0,3331.36
19507.88,68.34,100,1.2125,3331.36
19507.88,67.79,100,0.0,3331.36
19507.88,68.02,94,0.0,3331.36
19507.88,68.44,95,0.0,3331.36
19507.88,68.57,95,1.2125,3331.36
19507.88,68.83,93,0.0,3331.36
19507.88,69.16,93,0.0,3331.36
19507.88,73.2,93,1.225,3331.36
19507.88,73.35,93,0.0,3331.36
19507.88,72.91,93,0.0,3331.36
19507.88,72.82,93,0.0,3331.36
19507.88,73.12,95,1.2125,3331.36
19507.88,73.21,95,0.0,3331.36
19507.88,73.11,95,0.0,3331.36
19507.88,73.06,95,1.2125,3331.36
19507.88,72.6,94,0.0,3331.36
19507.88,72.6,94,0.0,3331.36
19507.88,72.36,95,1.2,3331.36
19507.88,71.67,95,0.0,3331.36
19507.88,71.13,93,0.0,3331.36
19507.88,71.37,93,1.2125,3331.36
19507.88,71.22,95,0.0,3331.36
19507.88,71.63,95,0.0,3331.36
19507.88,71.57,95,2.4,3331.36
19507.88,71.43,95,0.0,3331.36
19507.88,71.39,95,0.0,3331.36
19507.88,71.49,95,1.2125,3331.36
19507.88,71.47,95,0.0,3331.36
19507.88,71.3,95,0.0,3331.36
19507.88,71.5,94,1.2125,3331.36
19507.88,71.58,94,0.0,3331.36
19507.88,71.76,95,1.2125,3331.36
19507.88,71.82,95,0.0,3331.36
19507.88,71.77,95,0.0,3331.36
19507.88,71.37,95,1.2125,3331.36
19507.88,71.64,94,0.0,3331.36
19507.88,71.62,94,0.0,3331.36
19507.88,71.76,94,1.2125,3331.36
19507.88,71.77,94,0.0,3331.36
19507.88,71.79,94,0.0,3331.36
19507.88,71.93,94,1.2125,3331.36
19507.88,71.87,95,0.0,3331.36
19507.88,71.9,95,0.0,3331.36
19507.88,71.99,95,1.175,3331.36
19507.88,72.0,95,0.0,3331.36
19507.88,71.94,95,0.0,3331.36
19507.88,71.89,95,1.2125,3331.36
19507.88,71.57,95,0.0,3331.36
19507.88,71.92,95,2.4125,3331.36
19507.88,72.13,95,1.2,3331.36
19507.88,73.87,83,0.0,3331.36
19507.88,73.64,83,1.2125,3331.36
19507.88,73.92,98,0.0,3331.36
19507.88,72.56,98,0.0,3331.36
19507.88,72.71,95,0.0,3331.36
19507.88,72.53,95,1.2,3331.36
19507.88,72.88,95,0.0,3331.36
19507.88,73.34,95,0.0,3331.36
19507.88,73.36,94,1.2125,3331.36
19507.88,72.89,94,0.0,3331.36
19507.88,71.79,95,0.0,3331.36
19507.88,71.38,95,1.2125,3331.36
19507.88,71.79,95,0.0,3331.36
19507.88,71.79,94,0.0,3331.36
19507.88,71.9,94,1.225,3331.36
19507.88,71.92,94,0.0,3331.36
19507.88,71.92,95,0.0,3331.36
19507.88,71.56,95,0.0,3331.36
19507.88,71.44,95,1.225,3331.36
19507.88,71.63,95,0.0,3331.36
19507.88,71.22,94,1.225,3331.36
19507.88,71.24,94,0.0,3331.36
19507.88,71.41,95,0.0,3331.36
19507.88,71.91,95,1.2125,3331.36
19507.88,71.91,95,0.0,3331.36
19507.88,71.87,95,0.0,3331.36
19507.88,71.74,95,1.2125,3331.36
19507.88,71.73,94,0.0,3331.36
19507.88,71.75,94,0.0,3331.36
19507.88,71.85,94,1.225,3331.36
19507.88,71.58,94,0.0,3331.36
19507.88,71.7,95,0.0,3331.36
19507.88,71.99,95,1.2125,3331.36
19507.88,72.07,95,0.0,3331.48
19507.88,72.14,95,0.0,3331.48
19507.88,72.18,95,0.0,3331.48
19507.88,72.05,95,1.2125,3331.48
19507.88,72.02,95,0.0,3331.48
19507.88,72.04,95,1.2125,3331.48
19507.88,71.85,94,0.0,3331.48
19507.88,71.71,94,0.0,3331.48
19507.88,71.94,94,0.0,3331.48
19507.88,72.07,94,1.2125,3331.48
19507.88,72.11,95,0.0,3331.48
19507.88,72.14,95,1.2125,3331.48
19507.88,72.09,95,0.0,3331.48
19507.88,72.02,95,0.0,3331.48
19507.88,71.98,95,1.2125,3331.48
19507.88,72.0,95,0.0,3331.48
19507.88,71.84,95,0.0,3331.48
19507.88,71.92,95,2.425,3331.48
19507.88,74.07,81,0.0,3331.48
19507.88,73.9,81,0.0,3331.48
19507.88,73.61,100,1.2125,3331.48
19507.88,73.89,100,0.0,3331.48
19507.88,72.67,98,0.0,3331.48
19507.88,72.83,98,0.0,3331.48
19507.88,72.74,93,1.2125,3331.48
19507.88,73.25,93,0.0,3331.48
19507.88,73.18,94,0.0,3331.48
19507.88,73.36,94,0.0,3331.48
19507.88,73.36,95,1.225,3331.48
19507.88,71.14,95,0.0,3331.48
19507.88,71.27,95,0.0,3331.48
19507.88,71.28,95,0.0,3331.48
19507.88,70.79,95,1.225,3331.48
19507.88,71.73,95,0.0,3331.48
19507.88,71.59,94,0.0,3331.48
19507.88,71.75,94,0.0,3331.48
19507.88,71.3,94,1.2125,3331.48
19507.88,71.57,95,0.0,3331.48
19507.88,71.9,95,0.0,3331.48
19507.88,71.71,96,2.45,3331.48
19507.88,71.93,96,0.0,3331.48
19507.88,71.75,95,0.0,3331.48
19507.88,71.81,95,0.0,3331.48
19507.88,71.82,96,1.225,3331.48
19507.88,72.04,96,0.0,3331.48
19507.88,72.05,95,0.0,3331.48
19507.88,72.01,95,0.0,3331.48
19507.88,72.02,95,0.0,3331.48
19507.88,71.95,95,1.225,3331.48
19507.88,72.13,94,0.0,3331.48
19507.88,71.67,94,0.0,3331.48
19507.88,71.95,95,1.2125,3331.48
19507.88,71.85,95,0.0,3331.48
19507.88,72.26,94,0.0,3331.48
19507.88,72.0,94,1.2125,3331.48
19507.88,72.23,95,0.0,3331.48
19507.88,71.97,95,0.0,3331.48
19507.88,71.95,95,0.0,3331.48
19507.88,71.83,95,1.2125,3331.48
19507.88,71.59,95,0.0,3331.48
19507.88,71.77,95,0.0,3331.48
19507.88,71.47,95,1.2125,3331.48
19507.88,71.47,95,0.0,3331.48
19507.88,71.39,95,0.0,3331.48
19507.88,71.74,95,0.0,3331.48
19507.88,71.78,94,1.2125,3331.48
19507.88,72.12,94,0.0,3331.48
19507.88,72.19,95,0.0,3331.48
19507.88,71.96,95,0.0,3331.48
19507.88,72.11,95,2.425,3331.48
19507.88,72.08,96,1.2125,3331.48
19507.88,74.16,96,0.0,3331.48
19507.88,74.53,85,1.2125,3331.48
19507.88,74.54,85,0.0,3331.48
19507.88,73.84,98,0.0,3331.48
19507.88,73.8,98,1.2125,3331.48
19507.88,73.49,95,0.0,3331.48
19507.88,73.53,95,0.0,3331.48
19507.88,73.36,95,1.2125,3331.48
19507.88,73.97,95,0.0,3331.48
19507.88,73.6,95,0.0,3331.48
19507.88,74.03,95,1.225,3331.48
19507.88,71.98,95,0.0,3331.48
19507.88,72.01,95,0.0,3331.48
19507.88,71.88,95,0.0,3331.48
19507.88,72.31,95,1.2,3331.48
19507.88,72.3,95,0.0,3331.48
19507.88,71.57,95,0.0,3331.48
19507.88,71.61,93,1.2125,3331.48
19507.88,71.43,93,0.0,3331.48
19507.88,71.28,95,0.0,3331.48
19507.88,71.53,95,1.2125,3331.48
19507.88,71.33,95,0.0,3331.48
19507.88,70.91,95,0.0,3331.48
19507.88,70.75,94,0.0,3331.48
19507.88,70.76,94,1.2125,3331.48
19507.88,71.32,94,0.0,3331.48
19507.88,71.5,94,0.0,3331.48
19507.88,71.69,94,1.2125,3331.48
19507.88,71.75,93,1.2125,3331.48
19507.88,71.85,93,0.0,3331.48
19507.88,71.93,95,0.0,3331.48
19507.88,71.69,95,1.2125,3331.48
19507.88,71.54,95,0.0,3331.48
19507.88,71.59,95,0.0,3331.48
19507.88,71.6,95,1.2125,3331.48
19507.88,71.58,95,0.0,3331.48
19507.88,71.42,95,0.0,3331.48
19507.88,72.23,95,1.2125,3331.48
19507.88,72.14,95,0.0,3331.48
19507.88,72.08,95,0.0,3331.48
19507.88,71.96,95,1.2125,3331.48
19507.88,71.92,95,0.0,3331.48
19507.88,71.94,95,0.0,3331.48
19507.88,72.15,95,1.2125,3331.48
19507.88,72.16,96,0.0,3331.48
19507.88,72.05,96,0.0,3331.48
19507.88,72.38,94,1.2125,3331.48
19507.88,72.71,94,0.0,3331.48
19507.88,72.25,96,0.0,3331.48
19507.88,72.02,96,0.0,3331.48
19507.88,72.06,96,1.2125,3331.48
19507.88,71.93,96,1.2125,3331.48
19507.88,74.17,81,0.0,3331.48
19507.88,74.0,81,0.0,3331.48
19507.88,74.17,100,1.225,3331.48
19507.88,73.11,100,0.0,3331.48
19507.88,73.11,95,0.0,3331.48
19507.88,73.11,95,0.0,3331.48
19507.88,72.82,95,0.0,3331.48
19507.88,73.14,95,1.225,3331.48
19507.88,72.66,94,1.2125,3331.48
19507.88,72.84,94,0.0,3331.48
19507.88,72.88,94,0.0,3331.48
19507.88,70.99,94,0.0,3331.48
19507.88,70.88,95,1.2125,3331.48
19507.88,70.75,95,0.0,3331.48
19507.88,71.47,94,0.0,3331.48
19507.88,71.98,94,0.0,3331.48
19507.88,71.94,95,1.225,3331.48
19507.88,71.84,95,0.0,3331.48
19507.88,71.65,96,0.0,3331.48
19507.88,72.05,96,0.0,3331.48
19507.88,71.87,95,1.2125,3331.48
19507.88,71.86,95,0.0,3331.48
19507.88,72.02,92,0.0,3331.48
19507.88,72.02,92,0.0,3331.48
19507.88,72.04,95,1.2125,3331.48
19507.88,72.25,95,0.0,3331.48
19507.88,71.76,94,0.0,3331.48
19507.88,72.12,94,0.0,3331.48
19507.88,71.94,93,1.2125,3331.48
19507.88,72.34,93,1.2125,3331.48
19507.88,72.33,94,0.0,3331.48
19507.88,72.06,94,1.2125,3331.48
19507.88,72.08,94,0.0,3331.48
19507.88,72.0,94,0.0,3331.48
19507.88,72.19,94,1.2125,3331.48
19507.88,71.85,94,0.0,3331.48
19507.88,72.0,94,0.0,3331.48
19507.88,72.01,94,1.2125,3331.48
19507.88,71.82,95,0.0,3331.48
19507.88,71.67,94,0.0,3331.48
19507.88,71.39,95,0.0,3331.48
19507.88,70.89,95,1.2125,3331.48
19507.88,71.22,95,0.0,3331.48
19507.88,71.26,95,0.0,3331.48
19507.88,71.14,94,1.225,3331.48
19507.88,71.44,94,0.0,3331.48
19507.88,71.78,95,0.0,3331.48
19507.88,71.79,95,0.0,3331.48
19507.88,71.68,95,1.225,3331.48
19507.88,71.71,95,0.0,3331.48
19507.88,71.65,95,0.0,3331.48
19507.88,71.58,95,1.225,3331.48
19507.88,69.24,78,1.2125,3331.48
19507.88,69.55,78,0.0,3331.48
19507.88,70.11,100,0.0,3331.48
19507.88,69.3,100,0.0,3331.48
19507.88,69.4,94,1.2125,3331.48
19507.88,69.39,94,0.0,3331.48
19507.88,69.5,94,0.0,3331.48
19507.88,69.65,94,2.425,3331.48
19507.88,69.66,94,0.0,3331.48
19507.88,69.62,94,0.0,3331.48
19507.88,72.16,93,0.0,3331.48
19507.88,72.0,93,1.225,3331.48
19507.88,71.51,95,0.0,3331.48
19507.88,71.27,95,0.0,3331.48
19507.88,71.67,95,0.0,3331.48
19507.88,71.97,95,1.2,3331.48
19507.88,72.02,95,0.0,3331.48
19507.88,72.08,95,0.0,3331.48
19507.88,71.91,95,0.0,3331.48
19507.88,71.21,95,1.225,3331.48
19507.88,71.53,93,0.0,3331.48
19507.88,71.43,93,0.0,3331.48
19507.88,71.27,95,1.2125,3331.48
19507.88,71.42,95,0.0,3331.48
19507.88,71.47,95,0.0,3331.48
19507.88,71.42,95,0.0,3331.48
19507.88,71.42,93,2.4375,3331.48
19507.88,71.02,93,0.0,3331.48
19507.88,70.94,95,0.0,3331.48
19507.88,70.82,95,0.0,3331.48
19507.88,72.12,94,1.225,3331.48
19507.88,72.0,94,0.0,3331.48
19507.88,72.47,93,0.0,3331.48
19507.88,72.75,93,1.2125,3331.48
19507.88,72.73,93,0.0,3331.48
19507.88,73.01,93,0.0,3331.48
19507.88,72.56,94,1.2125,3331.48
19507.88,72.59,94,0.0,3331.48
19507.88,72.33,94,0.0,3331.48
19507.88,72.38,94,1.2125,3331.48
19507.88,72.06,95,0.0,3331.48
19507.88,71.68,95,0.0,3331.48
19507.88,71.68,95,0.0,3331.48
19507.88,71.48,95,1.2125,3331.48
19507.88,71.07,95,0.0,3331.48
19507.88,71.1,95,0.0,3331.48
19507.88,71.1,95,0.0,3331.48
19507.88,71.77,95,1.2125,3331.48
19507.88,71.78,95,0.0,3331.48
19507.88,71.78,95,0.0,3331.48
19507.88,71.73,95,1.2125,3331.48
19507.88,71.79,95,1.2125,3331.48
19507.88,71.36,95,1.2125,3331.48
19507.88,71.39,78,0.0,3331.48
19507.88,71.65,78,0.0,3331.48
19507.88,70.48,78,1.2125,3331.48
19507.88,70.48,98,0.0,3331.48
19507.88,70.11,95,0.0,3331.48
19507.88,70.18,95,1.2125,3331.48
19507.88,70.49,95,0.0,3331.48
19507.88,70.71,95,0.0,3331.48
19507.88,70.6,95,2.425,3331.48
19507.88,70.68,95,0.0,3331.48
19507.88,71.31,95,0.0,3331.48
19507.88,71.42,95,1.175,3331.48
19507.88,71.23,95,0.0,3331.48
19507.88,71.98,95,0.0,3331.48
19507.88,72.17,95,0.0,3331.48
19507.88,72.36,95,1.225,3331.48
19507.88,72.41,95,0.0,3331.48
19507.88,71.99,95,0.0,3331.48
19507.88,72.45,95,1.25,3331.48
19507.88,72.34,93,0.0,3331.48
19507.88,72.09,93,0.0,3331.48
19507.88,71.81,95,0.0,3331.48
19507.88,71.57,95,1.25,3331.48
19507.88,72.12,92,0.0,3331.48
19507.88,71.93,92,0.0,3331.48
19507.88,72.21,94,1.2375,3331.48
19507.88,72.09,94,0.0,3331.48
19507.88,71.91,94,0.0,3331.48
19507.88,72.12,95,0.0,3331.48
19507.88,71.83,95,1.25,3331.48
19507.88,71.83,95,0.0,3331.48
19507.88,71.65,95,0.0,3331.48
19507.88,71.65,95,1.2375,3331.48
19507.88,71.75,95,0.0,3331.48
19507.88,72.04,95,0.0,3331.48
19507.88,72.0,95,0.0,3331.48
19507.88,71.94,95,1.2375,3331.48
19507.88,72.02,95,0.0,3331.48
19507.88,72.08,95,0.0,3331.48
19507.88,72.1,95,2.475,3331.48
19507.88,71.94,95,0.0,3331.48
19507.88,71.89,95,0.0,3331.48
19507.88,71.92,95,0.0,3331.48
19507.88,72.05,95,1.25,3331.48
19507.88,72.15,94,0.0,3331.48
19507.88,72.14,94,0.0,3331.48
19507.88,72.07,93,1.25,3331.48
19507.88,72.05,93,0.0,3331.48
19507.88,71.82,95,0.0,3331.48
19507.88,71.61,95,0.0,3331.48
19507.88,71.66,94,1.2375,3331.48
19507.88,71.85,94,1.25,3331.48
19507.88,71.49,91,1.25,3331.48
19507.88,72.41,91,0.0,3331.48
19507.88,72.67,81,0.0,3331.48
19507.88,72.78,97,1.25,3331.48
19507.88,72.41,97,0.0,3331.48
19507.88,72.33,94,0.0,3331.48
19507.88,72.63,94,0.0,3331.48
19507.88,72.57,94,1.2375,3331.48
19507.88,72.75,94,0.0,3331.48
19507.88,73.33,93,1.2,3331.48
19507.88,72.62,93,0.0,3331.48
19507.88,73.42,92,0.0,3331.48
19507.88,71.67,92,1.2125,3331.48
19507.88,71.21,95,0.0,3331.48
19507.88,71.89,95,0.0,3331.48
19507.88,71.81,95,1.2125,3331.48
19507.88,71.78,95,0.0,3331.48
19507.88,71.58,95,0.0,3331.48
19507.88,71.32,95,1.2125,3331.48
19507.88,70.8,95,0.0,3331.48
19507.88,71.13,95,1.225,3331.48
19507.88,70.45,93,0.0,3331.48
19507.88,71.23,93,1.2125,3331.48
19507.88,70.94,94,0.0,3331.48
19507.88,71.45,94,0.0,3331.48
19507.88,71.31,95,1.2125,3331.48
19507.88,71.51,95,0.0,3331.48
19507.88,71.27,95,0.0,3331.48
19507.88,71.42,95,1.2125,3331.48
19507.88,71.42,95,0.0,3331.48
19507.88,71.36,95,0.0,3331.48
19507.88,71.5,95,1.225,3331.48
19507.88,71.81,95,0.0,3331.48
19507.88,71.96,95,0.0,3331.48
19507.88,71.88,95,0.0,3331.48
19507.88,71.72,95,0.0,3331.48
19507.88,71.69,95,1.2,3331.48
19507.88,71.58,94,0.0,3331.48
19507.88,71.24,94,0.0,3331.48
19507.88,71.21,94,1.2125,3331.48
19507.88,70.56,94,0.0,3331.48
19507.88,70.69,94,0.0,3331.48
19507.88,70.71,95,0.0,3331.48
19507.88,70.9,95,1.2125,3331.48
19507.88,70.91,92,0.0,3331.48
19507.88,70.97,92,0.0,3331.48
19507.88,70.83,95,0.0,3331.48
19507.88,70.9,95,1.225,3331.48
19507.88,70.65,95,0.0,3331.48
19507.88,71.35,95,0.0,3331.48
19507.88,71.07,95,1.2125,3331.48
19507.88,72.29,95,2.4375,3331.48
19507.88,74.22,81,0.0,3331.48
19507.88,74.27,81,1.2125,3331.48
19507.88,74.03,100,0.0,3331.48
19507.88,73.11,100,0.0,3331.48
19507.88,72.9,94,0.0,3331.48
19507.88,73.36,94,1.2125,3331.48
19507.88,73.21,95,0.0,3331.48
19507.88,73.46,95,0.0,3331.48
19507.88,73.52,91,1.2,3331.48
19507.88,73.72,91,0.0,3331.48
19507.88,73.44,94,0.0,3331.48
19507.88,71.47,94,1.225,3331.48
19507.88,71.43,95,0.0,3331.48
19507.88,71.52,95,0.0,3331.48
19507.88,72.7,94,0.0,3331.48
19507.88,72.64,94,1.225,3331.48
19507.88,72.69,95,0.0,3331.48
19507.88,72.57,95,0.0,3331.48
19507.88,72.56,95,1.225,3331.48
19507.88,72.43,95,0.0,3331.48
19507.88,72.56,95,0.0,3331.48
19507.88,72.27,95,1.2125,3331.48
19507.88,72.0,95,0.0,3331.48
19507.88,71.9,95,0.0,3331.48
19507.88,71.89,94,1.2125,3331.48
19507.88,72.12,94,1.2125,3331.48
19507.88,72.89,92,0.0,3331.48
19507.88,72.93,92,0.0,3331.48
19507.88,72.81,95,1.2125,3331.48
19507.88,72.91,95,0.0,3331.48
19507.88,72.89,95,0.0,3331.48
19507.88,72.78,94,1.2125,3331.48
19507.88,72.41,94,0.0,3331.48
19507.88,72.5,94,0.0,3331.48
19507.88,72.5,94,1.225,3331.48
19507.88,72.5,95,0.0,3331.48
19507.88,72.12,95,0.0,3331.48
19507.88,71.64,95,0.0,3331.48
19507.88,71.85,95,1.2125,3331.48
19507.88,71.93,95,0.0,3331.48
19507.88,71.74,95,0.0,3331.48
19507.88,71.7,95,1.2125,3331.48
19507.88,72.01,95,0.0,3331.48
19507.88,72.09,95,0.0,3331.48
19507.88,72.2,95,0.0,3331.48
19507.88,72.28,95,1.2125,3331.48
19507.88,72.06,95,0.0,3331.48
19507.88,71.99,95,0.0,3331.48
19507.88,71.94,95,1.2125,3331.48
19507.88,71.83,94,0.0,3331.48
19507.88,71.84,94,0.0,3331.48
19507.88,68.57,95,2.4375,3331.48
19507.88,68.91,95,0.0,3331.48
19507.88,68.93,80,1.2125,3331.48
19507.88,69.14,80,1.2125,3331.48
19507.88,68.33,100,0.0,3331.48
19507.88,68.71,100,0.0,3331.48
19507.88,68.68,93,1.2125,3331.48
19507.88,69.11,93,0.0,3331.48
19507.88,68.98,93,0.0,3331.48
19507.88,68.77,93,0.0,3331.48
19507.88,69.08,94,1.225,3331.48
19507.88,72.46,95,0.0,3331.48
19507.88,72.28,95,0.0,3331.48
19507.88,72.22,95,0.0,3331.48
19507.88,72.09,94,1.2125,3331.48
19507.88,72.39,95,0.0,3331.48
19507.88,72.27,95,0.0,3331.48
19507.88,72.36,95,1.2125,3331.48
19507.88,72.22,95,0.0,3331.48
19507.88,71.91,95,0.0,3331.48
19507.88,72.12,95,1.2125,3331.48
19507.88,72.04,95,0.0,3331.48
19507.88,71.91,95,0.0,3331.48
19507.88,72.07,95,1.2125,3331.48
19507.88,71.68,95,0.0,3331.48
19507.88,71.83,95,0.0,3331.48
19507.88,72.08,95,1.2125,3331.48
19507.88,72.11,95,0.0,3331.48
19507.88,71.97,95,0.0,3331.48
19507.88,71.98,95,1.2,3331.48
19507.88,72.08,95,1.2,3331.48
19507.88,71.92,94,0.0,3331.48
19507.88,71.75,94,1.2125,3331.48
19507.88,71.85,94,0.0,3331.48
19507.88,71.85,94,0.0,3331.48
19507.88,72.01,95,0.0,3331.48
19507.88,72.2,95,1.2125,3331.48
19507.88,72.17,95,0.0,3331.48
19507.88,72.11,95,0.0,3331.48
19507.88,72.13,95,1.2125,3331.48
19507.88,72.05,95,0.0,3331.48
19507.88,72.01,93,0.0,3331.48
19507.88,71.86,93,0.0,3331.48
19507.88,71.79,95,1.2125,3331.48
19507.88,71.66,95,0.0,3331.48
19507.88,71.59,95,0.0,3331.48
19507.88,72.23,95,1.2125,3331.48
19507.88,72.23,95,0.0,3331.48
19507.88,72.16,95,0.0,3331.48
19507.88,72.18,95,1.2125,3331.48
19507.88,72.08,93,0.0,3331.48
19507.88,72.12,93,0.0,3331.48
19507.88,71.96,95,2.425,3331.48
19507.88,72.08,95,1.2125,3331.48
19507.88,73.76,80,0.0,3331.48
19507.88,73.88,80,0.0,3331.48
19507.88,73.69,100,1.2125,3331.48
19507.88,72.51,100,0.0,3331.48
19507.88,72.82,96,0.0,3331.48
19507.88,73.19,96,0.0,3331.48
19507.88,73.21,92,1.2125,3331.48
19507.88,73.11,92,0.0,3331.48
19507.88,73.13,95,0.0,3331.48
19507.88,73.21,95,1.2,3331.48
19507.88,71.56,94,0.0,3331.48
19507.88,71.68,94,0.0,3331.48
19507.88,71.47,95,1.2125,3331.48
19507.88,71.15,95,0.0,3331.48
19507.88,71.76,95,0.0,3331.48
19507.88,71.7,95,0.0,3331.48
19507.88,71.04,95,1.2125,3331.48
19507.88,71.19,95,0.0,3331.61
19507.88,70.91,95,0.0,3331.61
19507.88,71.2,95,1.2125,3331.61
19507.88,71.08,94,1.2125,3331.61
19507.88,71.6,94,0.0,3331.61
19507.88,71.2,95,0.0,3331.61
19507.88,71.19,95,1.2125,3331.61
19507.88,71.56,95,0.0,3331.61
19507.88,71.36,95,0.0,3331.61
19507.88,71.58,95,0.0,3331.61
19507.88,71.58,95,0.0,3331.61
19507.88,71.54,95,1.1875,3331.61
19507.88,72.06,95,0.0,3331.61
19507.88,72.23,95,1.2125,3331.61
19507.88,72.1,95,0.0,3331.61
19507.88,72.61,95,0.0,3331.61
19507.88,72.87,95,1.2125,3331.61
19507.88,73.04,95,0.0,3331.61
19507.88,73.15,95,0.0,3331.61
19507.88,73.15,95,1.2125,3331.61
19507.88,73.0,95,0.0,3331.61
19507.88,73.02,95,0.0,3331.61
19507.88,72.91,95,0.0,3331.61
19507.88,72.65,95,0.0,3331.61
19507.88,72.62,95,1.2375,3331.61
19507.88,72.23,95,0.0,3331.61
19507.88,71.97,95,0.0,3331.61
19507.88,71.74,93,1.2125,3331.61
19507.88,71.84,93,0.0,3331.61
19507.88,71.33,95,1.2125,3331.61
19507.88,71.85,95,0.0,3331.61
19507.88,71.52,95,0.0,3331.61
19507.88,71.73,95,0.0,3331.61
19507.88,71.45,94,1.2125,3331.61
19507.88,71.75,94,0.0,3331.61
19507.88,71.36,81,1.2125,3331.61
19507.88,68.36,81,1.2125,3331.61
19507.88,68.62,98,1.2125,3331.61
19507.88,68.51,98,0.0,3331.61
19507.88,68.94,100,1.2125,3331.61
19507.88,67.82,100,0.0,3331.61
19507.88,68.32,95,1.2125,3331.61
19507.88,67.96,95,0.0,3331.61
19507.88,68.43,95,0.0,3331.61
19507.88,67.89,95,0.0,3331.61
19507.88,68.44,95,1.2125,3331.61
19507.88,71.57,95,0.0,3331.61
19507.88,71.62,92,0.0,3331.61
19507.88,72.24,92,1.225,3331.61
19507.88,72.32,93,0.0,3331.61
19507.88,71.93,93,0.0,3331.61
19507.88,72.97,95,0.0,3331.61
19507.88,72.4,95,0.0,3331.61
19507.88,72.85,95,1.225,3331.61
19507.88,71.82,95,0.0,3331.61
19507.88,72.52,94,0.0,3331.61
19507.88,71.25,94,1.225,3331.61
19507.88,71.79,94,0.0,3331.61
19507.88,71.2,94,0.0,3331.61
19507.88,70.62,95,0.0,3331.61
19507.88,70.23,95,1.225,3331.61
19507.88,70.16,90,0.0,3331.61
19507.88,70.2,90,0.0,3331.61
19507.88,70.17,95,0.0,3331.61
19507.88,69.91,95,1.225,3331.61
19507.88,70.47,95,1.225,3331.61
19507.88,70.27,95,0.0,3331.61
19507.88,71.3,94,0.0,3331.61
19507.88,71.14,94,1.2,3331.61
19507.88,71.32,93,0.0,3331.61
19507.88,71.17,93,0.0,3331.61
19507.88,71.22,94,1.2125,3331.61
19507.88,71.68,94,0.0,3331.61
19507.88,71.35,94,0.0,3331.61
19507.88,71.71,94,1.2125,3331.61
19507.88,71.56,95,0.0,3331.61
19507.88,71.87,95,0.0,3331.61
19507.88,71.74,94,0.0,3331.61
19507.88,71.79,94,1.2125,3331.61
19507.88,71.41,94,0.0,3331.61
19507.88,71.52,94,0.0,3331.61
19507.88,71.5,95,1.2125,3331.61
19507.88,71.76,95,0.0,3331.61
19507.88,71.54,95,0.0,3331.61
19507.88,71.74,95,1.2125,3331.61
19507.88,71.58,95,0.0,3331.61
19507.88,71.82,94,0.0,3331.61
19507.88,71.57,94,1.2125,3331.61
19507.88,71.73,95,0.0,3331.61
19507.88,71.69,95,2.425,3331.61
19507.88,71.19,74,0.0,3331.61
19507.88,71.19,74,0.0,3331.61
19507.88,71.47,100,1.2,3331.61
19507.88,71.62,100,0.0,3331.61
19507.88,71.62,100,0.0,3331.61
19507.88,71.66,100,1.2125,3331.61
19507.88,70.7,98,0.0,3331.61
19507.88,70.5,98,1.2125,3331.61
19507.88,70.75,95,1.225,3331.61
19507.88,70.4,95,0.0,3331.61
19507.88,70.71,93,0.0,3331.61
19507.88,71.78,93,1.2125,3331.61
19507.88,72.03,93,0.0,3331.61
19507.88,72.48,93,0.0,3331.61
19507.88,72.73,95,0.0,3331.61
19507.88,72.77,95,1.2125,3331.61
19507.88,74.08,95,0.0,3331.61
19507.88,74.52,95,0.0,3331.61
19507.88,74.31,95,1.2125,3331.61
19507.88,74.99,95,0.0,3331.61
19507.88,75.01,95,0.0,3331.61
19507.88,74.79,95,1.2125,3331.61
19507.88,74.51,95,0.0,3331.61
19507.88,74.13,95,0.0,3331.61
19507.88,73.41,95,1.2125,3331.61
19507.88,73.44,96,0.0,3331.61
19507.88,73.15,96,0.0,3331.61
19507.88,72.82,96,1.2125,3331.61
19507.88,72.43,96,0.0,3331.61
19507.88,72.6,94,0.0,3331.61
19507.88,72.33,94,0.0,3331.61
19507.88,72.24,95,1.2125,3331.61
19507.88,71.69,95,0.0,3331.61
19507.88,71.8,96,0.0,3331.61
19507.88,71.35,96,1.2125,3331.61
19507.88,71.8,96,0.0,3331.61
19507.88,71.6,96,1.225,3331.61
19507.88,71.9,96,0.0,3331.61
19507.88,71.58,96,0.0,3331.61
19507.88,72.02,96,0.0,3331.61
19507.88,71.75,96,1.225,3331.61
19507.88,71.93,96,0.0,3331.61
19507.88,71.7,96,0.0,3331.61
19507.88,71.9,96,0.0,3331.61
19507.88,71.46,96,1.225,3331.61
19507.88,71.88,93,0.0,3331.61
19507.88,71.67,95,0.0,3331.61
19507.88,71.88,95,0.0,3331.61
19507.88,71.62,95,1.2125,3331.61
19507.88,71.9,95,0.0,3331.61
19507.88,71.56,95,0.0,3331.61
19507.88,71.66,95,1.2125,3331.61
19507.88,71.41,95,0.0,3331.61
19507.88,71.5,95,0.0,3331.61
19507.88,71.26,95,1.2125,3331.61
19507.88,71.7,95,1.2125,3331.61
19507.88,70.32,78,1.2125,3331.61
19507.88,70.56,78,0.0,3331.61
19507.88,69.66,99,0.0,3331.61
19507.88,69.57,99,1.2125,3331.61
19507.88,69.73,95,0.0,3331.61
19507.88,69.84,95,0.0,3331.61
19507.88,70.19,95,2.425,3331.61
19507.88,70.16,95,0.0,3331.61
19507.88,70.34,95,0.0,3331.61
19507.88,70.18,95,0.0,3331.61
19507.88,71.57,95,1.2125,3331.61
19507.88,71.08,95,0.0,3331.61
19507.88,71.03,86,0.0,3331.61
19507.88,71.97,86,1.2,3331.61
19507.88,71.9,94,0.0,3331.61
19507.88,72.11,94,0.0,3331.61
19507.88,72.15,96,1.2125,3331.61
19507.88,71.77,96,0.0,3331.61
19507.88,71.83,96,0.0,3331.61
19507.88,71.88,96,0.0,3331.61
19507.88,71.92,96,1.2,3331.61
19507.88,71.5,96,0.0,3331.61
19507.88,71.98,95,0.0,3331.61
19507.88,72.16,95,1.225,3331.61
19507.88,72.08,94,0.0,3331.61
19507.88,72.48,94,0.0,3331.61
19507.88,72.2,95,1.2125,3331.61
19507.88,72.04,95,0.0,3331.61
19507.88,72.05,95,0.0,3331.61
19507.88,72.07,95,1.2125,3331.61
19507.88,71.91,95,0.0,3331.61
19507.88,71.76,95,0.0,3331.61
19507.88,71.53,94,1.2125,3331.61
19507.88,71.58,94,0.0,3331.61
19507.88,71.34,93,0.0,3331.61
19507.88,71.69,93,1.2125,3331.61
19507.88,71.25,93,1.2125,3331.61
19507.88,71.4,93,0.0,3331.61
19507.88,71.14,94,0.0,3331.61
19507.88,71.33,94,1.2125,3331.61
19507.88,70.99,93,0.0,3331.61
19507.88,71.05,93,0.0,3331.61
19507.88,71.95,95,1.2125,3331.61
19507.88,72.0,95,0.0,3331.61
19507.88,71.9,95,0.0,3331.61
19507.88,72.02,95,1.2125,3331.61
19507.88,72.01,95,0.0,3331.61
19507.88,72.1,95,0.0,3331.61
19507.88,72.1,95,0.0,3331.61
19507.88,72.09,95,1.2125,3331.61
19507.88,72.07,95,0.0,3331.61
19507.88,72.06,95,2.425,3331.61
19507.88,73.0,84,0.0,3331.61
19507.88,72.46,84,0.0,3331.61
19507.88,72.42,98,1.2125,3331.61
19507.88,72.07,98,0.0,3331.61
19507.88,71.73,95,0.0,3331.61
19507.88,72.22,95,0.0,3331.61
19507.88,72.47,95,1.25,3331.61
19507.88,72.47,95,0.0,3331.61
19507.88,72.34,95,0.0,3331.61
19507.88,72.65,95,1.2375,3331.61
19507.88,72.68,95,0.0,3331.61
19507.88,72.32,92,0.0,3331.61
19507.88,72.04,92,1.2375,3331.61
19507.88,71.79,94,0.0,3331.61
19507.88,72.16,94,0.0,3331.61
19507.88,72.65,93,0.0,3331.61
19507.88,72.51,93,1.25,3331.61
19507.88,72.3,94,0.0,3331.61
19507.88,72.35,94,0.0,3331.61
19507.88,72.25,95,1.2375,3331.61
19507.88,72.4,95,0.0,3331.61
19507.88,72.3,93,0.0,3331.61
19507.88,71.88,93,1.2375,3331.61
19507.88,71.92,94,0.0,3331.61
19507.88,72.1,94,0.0,3331.61
19507.88,72.33,95,0.0,3331.61
19507.88,72.06,95,1.2375,3331.61
19507.88,71.41,93,0.0,3331.61
19507.88,71.74,93,1.25,3331.61
19507.88,70.92,92,0.0,3331.61
19507.88,71.33,92,0.0,3331.61
19507.88,70.92,95,1.2375,3331.61
19507.88,70.95,95,0.0,3331.61
19507.88,70.48,94,1.2375,3331.61
19507.88,70.78,94,0.0,3331.61
19507.88,70.75,93,0.0,3331.61
19507.88,70.86,93,1.2375,3331.61
19507.88,70.52,93,0.0,3331.61
19507.88,71.03,93,0.0,3331.61
19507.88,70.73,93,0.0,3331.61
19507.88,71.3,93,1.25,3331.61
19507.88,70.86,94,0.0,3331.61
19507.88,70.93,94,0.0,3331.61
19507.88,70.69,94,1.2375,3331.61
19507.88,71.32,95,0.0,3331.61
19507.88,71.53,95,0.0,3331.61
19507.88,71.43,95,1.25,3331.61
19507.88,71.62,95,0.0,3331.61
19507.88,71.66,95,0.0,3331.61
19507.88,71.71,95,1.2375,3331.61
19507.88,71.7,93,0.0,3331.61
19507.88,71.71,93,0.0,3331.61
19507.88,71.74,78,2.425,3331.61
19507.88,68.35,78,0.0,3331.61
19507.88,68.7,96,1.2,3331.61
19507.88,68.83,96,1.2125,3331.61
19507.88,68.46,95,0.0,3331.61
19507.88,68.21,95,0.0,3331.61
19507.88,68.1,93,1.2125,3331.61
19507.88,68.26,93,0.0,3331.61
19507.88,68.33,94,0.0,3331.61
19507.88,68.52,94,0.0,3331.61
19507.88,68.58,95,1.1875,3331.61
19507.88,69.1,95,0.0,3331.61
19507.88,72.42,95,0.0,3331.61
19507.88,72.59,95,1.2125,3331.61
19507.88,71.9,94,0.0,3331.61
19507.88,72.17,94,0.0,3331.61
19507.88,72.27,94,1.2125,3331.61
19507.88,72.16,94,0.0,3331.61
19507.88,72.26,92,0.0,3331.73
19507.88,72.04,92,1.2125,3331.73
19507.88,72.02,95,0.0,3331.73
19507.88,71.65,95,0.0,3331.73
19507.88,71.8,95,0.0,3331.73
19507.88,71.29,95,1.225,3331.73
19507.88,71.65,95,0.0,3331.73
19507.88,71.79,95,1.2125,3331.73
19507.88,72.46,93,0.0,3331.73
19507.88,72.55,93,1.225,3331.73
19507.88,72.45,94,0.0,3331.73
19507.88,72.3,94,0.0,3331.73
19507.88,72.33,95,0.0,3331.73
19507.88,72.16,95,1.225,3331.73
19507.88,72.14,95,0.0,3331.73
19507.88,72.3,95,0.0,3331.73
19507.88,72.38,95,0.0,3331.73
19507.88,72.38,95,1.225,3331.73
19507.88,72.18,95,0.0,3331.73
19507.88,71.38,95,0.0,3331.73
19507.88,71.76,93,0.0,3331.73
19507.88,71.79,93,1.2125,3331.73
19507.88,71.83,95,0.0,3331.73
19507.88,71.72,95,0.0,3331.73
19507.88,71.75,95,0.0,3331.73
19507.88,71.75,95,1.1875,3331.73
19507.88,71.78,95,0.0,3331.73
19507.88,71.87,95,0.0,3331.73
19507.88,72.03,95,1.2125,3331.73
19507.88,72.08,95,1.2125,3331.73
19507.88,71.98,95,0.0,3331.73
19507.88,71.98,95,0.0,3331.73
19507.88,71.9,94,1.2125,3331.73
19507.88,72.4,93,0.0,3331.73
19507.88,72.42,93,1.2125,3331.73
19507.88,74.45,80,1.2125,3331.73
19507.88,74.34,80,0.0,3331.73
19507.88,74.53,100,0.0,3331.73
19507.88,73.64,95,1.225,3331.73
19507.88,73.91,95,0.0,3331.73
19507.88,73.7,95,0.0,3331.73
19507.88,74.22,95,0.0,3331.73
19507.88,74.05,95,1.225,3331.73
19507.88,74.05,95,0.0,3331.73
19507.88,73.74,95,0.0,3331.73
19507.88,71.76,95,0.0,3331.73
19507.88,72.0,95,1.225,3331.73
19507.88,71.96,94,0.0,3331.73
19507.88,72.33,95,0.0,3331.73
19507.88,72.2,95,1.2125,3331.73
19507.88,72.25,95,0.0,3331.73
19507.88,72.28,95,0.0,3331.73
19507.88,72.3,95,0.0,3331.73
19507.88,72.26,95,1.2,3331.73
19507.88,72.3,92,0.0,3331.73
19507.88,72.13,92,0.0,3331.73
19507.88,71.94,95,2.4875,3331.73
19507.88,71.55,95,0.0,3331.73
19507.88,71.43,95,0.0,3331.73
19507.88,71.95,95,1.2125,3331.73
19507.88,72.14,95,0.0,3331.73
19507.88,72.07,95,0.0,3331.73
19507.88,71.9,95,0.0,3331.73
19507.88,71.86,95,1.2125,3331.73
19507.88,71.74,95,0.0,3331.73
19507.88,71.23,95,0.0,3331.73
19507.88,71.26,93,1.2125,3331.73
19507.88,71.22,93,0.0,3331.73
19507.88,71.46,93,0.0,3331.73
19507.88,71.5,93,0.0,3331.73
19507.88,71.61,95,1.225,3331.73
19507.88,71.22,95,0.0,3331.73
19507.88,71.68,94,0.0,3331.73
19507.88,71.85,94,0.0,3331.73
19507.88,71.65,93,1.225,3331.73
19507.88,71.67,93,0.0,3331.73
19507.88,71.88,95,0.0,3331.73
19507.88,71.87,95,0.0,3331.73
19507.88,72.02,95,1.225,3331.73
19507.88,72.14,95,0.0,3331.73
19507.88,72.19,95,0.0,3331.73
19507.88,72.14,95,0.0,3331.73
19507.88,72.07,95,1.2125,3331.73
19507.88,71.92,94,1.2125,3331.73
19507.88,71.56,94,0.0,3331.73
19507.88,72.19,93,0.0,3331.73
19507.88,72.05,93,2.425,3331.73
19507.88,68.87,77,1.225,3331.73
19507.88,69.33,77,0.0,3331.73
19507.88,68.16,98,0.0,3331.73
19507.88,68.27,98,0.0,3331.73
19507.88,68.16,95,0.0,3331.73
19507.88,68.67,95,1.225,3331.73
19507.88,68.54,93,0.0,3331.73
19507.88,68.73,93,0.0,3331.73
19507.88,68.31,95,1.2125,3331.73
19507.88,67.95,95,0.0,3331.73
19507.88,71.63,95,0.0,3331.73
19507.88,71.47,95,1.2125,3331.73
19507.88,71.1,95,0.0,3331.73
19507.88,71.82,95,0.0,3331.73
19507.88,71.97,95,1.2125,3331.73
19507.88,71.44,95,0.0,3331.73
19507.88,71.4,93,0.0,3331.73
19507.88,71.14,93,1.2125,3331.73
19507.88,70.99,94,0.0,3331.73
19507.88,70.8,94,0.0,3331.73
19507.88,71.28,95,2.4125,3331.73
19507.88,70.81,95,0.0,3331.73
19507.88,71.19,94,0.0,3331.73
19507.88,71.53,94,1.175,3331.73
19507.88,71.57,95,0.0,3331.73
19507.88,71.73,95,0.0,3331.73
19507.88,72.21,95,1.2125,3331.73
19507.88,72.01,95,0.0,3331.73
19507.88,71.99,95,0.0,3331.73
19507.88,72.05,95,0.0,3331.73
19507.88,72.03,96,1.2125,3331.73
19507.88,71.93,96,0.0,3331.73
19507.88,72.31,96,0.0,3331.73
19507.88,71.96,96,1.2125,3331.73
19507.88,71.91,96,0.0,3331.73
19507.88,72.17,96,1.2,3331.73
19507.88,72.05,96,0.0,3331.73
19507.88,72.13,95,0.0,3331.73
19507.88,72.48,95,0.0,3331.73
19507.88,72.18,96,1.2125,3331.73
19507.88,72.44,96,0.0,3331.73
19507.88,72.27,96,0.0,3331.73
19507.88,72.2,96,1.2125,3331.73
19507.88,72.29,96,0.0,3331.73
19507.88,72.03,96,0.0,3331.73
19507.88,72.26,97,0.0,3331.73
19507.88,71.73,97,0.0,3331.73
19507.88,72.05,94,1.2125,3331.73
19507.88,71.52,94,0.0,3331.73
19507.88,71.42,95,0.0,3331.73
19507.88,71.4,95,2.4125,3331.73
19507.88,69.9,81,0.0,3331.73
19507.88,69.93,81,1.2125,3331.73
19507.88,69.77,100,0.0,3331.73
19507.88,68.55,100,0.0,3331.73
19507.88,68.68,96,1.225,3331.73
19507.88,68.88,96,1.225,3331.73
19507.88,69.65,93,0.0,3331.73
19507.88,69.32,93,0.0,3331.73
19507.88,69.87,95,1.225,3331.73
19507.88,69.68,95,0.0,3331.73
19507.88,70.27,95,0.0,3331.73
19507.88,71.4,93,0.0,3331.73
19507.88,71.54,93,1.225,3331.73
19507.88,71.34,94,0.0,3331.73
19507.88,72.53,94,0.0,3331.73
19507.88,72.27,94,1.2125,3331.73
19507.88,71.99,94,0.0,3331.73
19507.88,71.54,94,0.0,3331.73
19507.88,71.95,94,0.0,3331.73
19507.88,71.87,95,1.2125,3331.73
19507.88,71.82,95,0.0,3331.73
19507.88,71.61,94,0.0,3331.73
19507.88,71.78,94,1.2125,3331.73
19507.88,71.63,95,0.0,3331.73
19507.88,71.61,95,0.0,3331.73
19507.88,71.88,95,1.2125,3331.73
19507.88,71.85,95,0.0,3331.73
19507.88,71.83,95,0.0,3331.73
19507.88,71.96,95,1.2125,3331.73
19507.88,71.97,95,0.0,3331.73
19507.88,71.85,95,1.2125,3331.73
19507.88,71.81,95,1.2125,3331.73
19507.88,71.71,95,0.0,3331.73
19507.88,71.81,95,0.0,3331.73
19507.88,71.9,95,1.2125,3331.73
19507.88,71.95,95,0.0,3331.73
19507.88,71.99,95,0.0,3331.73
19507.88,72.21,94,0.0,3331.73
19507.88,72.54,94,1.2125,3331.73
19507.88,72.02,95,0.0,3331.73
19507.88,71.89,95,0.0,3331.73
19507.88,71.85,94,1.2125,3331.73
19507.88,71.78,94,0.0,3331.73
19507.88,71.81,93,0.0,3331.73
19507.88,71.87,93,1.225,3331.73
19507.88,72.08,95,0.0,3331.73
19507.88,72.06,95,0.0,3331.73
19507.88,72.1,95,0.0,3331.73
19507.88,71.92,95,1.2125,3331.73
19507.88,71.83,95,0.0,3331.73
19507.88,71.78,95,0.0,3331.73
19507.88,71.73,95,2.4375,3331.73
19507.88,70.83,95,0.0,3331.73
19507.88,71.7,77,0.0,3331.73
19507.88,71.98,77,1.2125,3331.73
19507.88,71.94,100,0.0,3331.73
19507.88,72.01,100,0.0,3331.73
19507.88,71.97,100,2.425,3331.73
19507.88,70.92,100,0.0,3331.73
19507.88,70.86,96,0.0,3331.73
19507.88,70.65,95,1.2125,3331.73
19507.88,70.57,95,0.0,3331.73
19507.88,72.06,95,0.0,3331.73
19507.88,71.14,95,0.0,3331.73
19507.88,71.24,96,1.2125,3331.73
19507.88,71.15,96,0.0,3331.73
19507.88,71.1,96,0.0,3331.73
19507.88,70.7,96,1.2125,3331.73
19507.88,71.72,96,0.0,3331.73
19507.88,71.56,96,0.0,3331.73
19507.88,71.54,95,0.0,3331.73
19507.88,71.45,95,1.2125,3331.73
19507.88,71.89,94,0.0,3331.73
19507.88,71.56,94,0.0,3331.73
19507.88,71.73,94,1.2125,3331.73
19507.88,71.45,94,0.0,3331.73
19507.88,71.65,94,0.0,3331.73
19507.88,71.3,94,1.2125,3331.73
19507.88,71.77,94,0.0,3331.73
19507.88,71.45,94,0.0,3331.73
19507.88,71.76,94,1.225,3331.73
19507.88,71.59,94,1.2125,3331.73
19507.88,71.93,94,0.0,3331.73
19507.88,71.36,94,0.0,3331.73
19507.88,71.7,94,0.0,3331.73
19507.88,71.12,94,1.2125,3331.73
19507.88,71.38,94,0.0,3331.73
19507.88,71.6,94,0.0,3331.73
19507.88,71.93,91,0.0,3331.73
19507.88,71.79,91,1.225,3331.73
19507.88,71.93,94,0.0,3331.73
19507.88,71.92,94,0.0,3331.73
19507.88,71.97,93,1.225,3331.73
19507.88,71.87,93,0.0,3331.73
19507.88,71.98,94,0.0,3331.73
19507.88,71.8,94,1.2125,3331.73
19507.88,71.97,94,0.0,3331.73
19507.88,71.37,94,0.0,3331.73
19507.88,71.53,94,1.2125,3331.73
19507.88,71.34,94,0.0,3331.73
19507.88,71.86,95,0.0,3331.73
19507.88,71.54,95,1.225,3331.73
19507.88,71.85,95,1.225,3331.73
19507.88,71.5,96,0.0,3331.73
19507.88,71.76,96,0.0,3331.73
19507.88,71.5,96,0.0,3331.73
19507.88,71.76,96,1.1875,3331.73
19507.88,69.3,89,1.1875,3331.73
19507.88,69.91,89,0.0,3331.73
19507.88,69.75,89,0.0,3331.73
19507.88,70.08,90,1.225,3331.73
19507.88,69.55,97,0.0,3331.73
19507.88,69.94,97,0.0,3331.73
19507.88,69.79,96,0.0,3331.73
19507.88,70.2,96,0.0,3331.73
19507.88,70.24,96,1.225,3331.73
19507.88,70.38,96,0.0,3331.73
19507.88,70.25,96,0.0,3331.73
19507.88,72.94,93,0.0,3331.73
19507.88,72.56,93,1.2125,3331.73
19507.88,72.58,95,0.0,3331.73
19507.88,72.42,95,0.0,3331.73
19507.88,72.55,94,1.225,3331.73
19507.88,72.27,94,1.225,3331.73
19507.88,72.39,93,0.0,3331.73
19507.88,72.17,93,0.0,3331.73
19507.88,72.33,95,1.2,3331.73
19507.88,72.33,95,0.0,3331.73
19507.88,72.11,95,0.0,3331.73
19507.88,71.75,95,1.2125,3331.73
19507.88,71.66,93,0.0,3331.73
19507.88,71.46,93,0.0,3331.73
19507.88,71.88,95,1.2125,3331.73
19507.88,71.43,95,0.0,3331.73
19507.88,71.85,94,0.0,3331.73
19507.88,71.72,94,1.2125,3331.73
19507.88,71.67,94,0.0,3331.73
19507.88,71.73,94,0.0,3331.73
19507.88,71.6,95,1.2125,3331.73
19507.88,71.47,95,0.0,3331.73
19507.88,71.56,95,0.0,3331.73
19507.88,71.82,95,1.2125,3331.73
19507.88,71.98,95,0.0,3331.73
19507.88,72.02,95,0.0,3331.73
19507.88,71.95,95,1.2125,3331.73
19507.88,72.0,95,0.0,3331.73
19507.88,72.06,95,0.0,3331.73
19507.88,71.94,95,0.0,3331.73
19507.88,71.85,95,1.2125,3331.73
19507.88,71.71,95,0.0,3331.73
19507.88,71.83,94,0.0,3331.73
19507.88,71.96,94,1.225,3331.73
19507.88,71.97,95,0.0,3331.73
19507.88,72.54,95,0.0,3331.73
19507.88,72.68,88,0.0,3331.73
19507.88,72.61,88,2.425,3331.73
19507.88,72.84,93,0.0,3331.73
19507.88,72.33,93,0.0,3331.73
19507.88,72.7,94,2.3875,3331.73
19507.88,73.65,94,0.0,3331.73
19507.88,73.65,71,1.2375,3331.73
19507.88,73.75,71,0.0,3331.73
19507.88,74.12,100,0.0,3331.73
19507.88,73.92,100,0.0,3331.73
19507.88,73.92,100,1.2,3331.73
19507.88,74.05,100,0.0,3331.73
19507.88,72.71,100,0.0,3331.73
19507.88,73.14,100,2.425,3331.73
19507.88,73.14,95,0.0,3331.73
19507.88,72.61,95,0.0,3331.73
19507.88,73.13,95,0.0,3331.73
19507.88,71.89,93,1.2125,3331.73
19507.88,72.05,93,0.0,3331.73
19507.88,71.64,95,0.0,3331.73
19507.88,71.44,95,1.2125,3331.73
19507.88,71.26,95,0.0,3331.73
19507.88,71.11,95,0.0,3331.73
19507.88,72.1,95,1.2125,3331.73
19507.88,72.12,95,0.0,3331.73
19507.88,72.88,95,0.0,3331.73
19507.88,72.88,95,0.0,3331.73
19507.88,72.88,95,1.2125,3331.73
19507.88,73.05,95,0.0,3331.73
19507.88,72.78,95,0.0,3331.73
19507.88,72.56,95,0.0,3331.73
19507.88,72.62,95,1.2125,3331.73
19507.88,72.32,95,0.0,3331.73
19507.88,72.25,93,1.2125,3331.73
19507.88,71.83,93,0.0,3331.73
19507.88,72.02,94,1.2125,3331.73
19507.88,72.14,92,0.0,3331.73
19507.88,72.41,92,0.0,3331.73
19507.88,72.83,92,1.2125,3331.73
19507.88,72.99,94,0.0,3331.73
19507.88,72.89,95,0.0,3331.73
19507.88,73.0,95,0.0,3331.73
19507.88,72.96,95,1.2,3331.73
19507.88,73.08,95,0.0,3331.73
19507.88,73.08,95,0.0,3331.73
19507.88,73.08,95,1.2125,3331.73
19507.88,73.0,95,0.0,3331.73
19507.88,72.45,95,0.0,3331.73
19507.88,72.33,95,0.0,3331.73
19507.88,71.64,95,1.225,3331.73
19507.88,71.6,95,0.0,3331.73
19507.88,71.34,95,0.0,3331.73
19507.88,71.65,95,0.0,3331.73
19507.88,71.11,95,2.4125,3331.73
19507.88,71.4,94,0.0,3331.73
19507.88,71.09,94,0.0,3331.73
19507.88,71.61,95,1.2125,3331.73
19507.88,71.34,95,0.0,3331.73
19507.88,71.68,95,0.0,3331.73
19507.88,71.39,95,0.0,3331.73
19507.88,71.63,95,1.225,3331.73
19507.88,71.61,95,1.225,3331.73
19507.88,68.87,85,1.225,3331.73
19507.88,68.9,85,0.0,3331.73
19507.88,69.43,94,0.0,3331.73
19507.88,69.43,94,0.0,3331.73
19507.88,69.28,97,0.0,3331.73
19507.88,69.08,97,1.2,3331.73
19507.88,69.33,93,0.0,3331.73
19507.88,69.51,93,0.0,3331.73
19507.88,69.52,94,1.225,3331.73
19507.88,69.5,94,1.2125,3331.73
19507.88,69.35,95,0.0,3331.73
19507.88,72.52,95,0.0,3331.73
19507.88,72.26,95,1.225,3331.73
19507.88,72.16,95,0.0,3331.73
19507.88,71.7,95,0.0,3331.73
19507.88,71.98,95,0.0,3331.73
19507.88,71.69,95,0.0,3331.73
19507.88,71.88,95,1.2125,3331.73
19507.88,71.39,92,0.0,3331.73
19507.88,71.75,92,0.0,3331.73
19507.88,72.06,95,1.2375,3331.73
19507.88,72.1,95,0.0,3331.73
19507.88,72.03,95,0.0,3331.73
19507.88,71.83,95,1.2125,3331.73
19507.88,71.83,95,0.0,3331.73
19507.88,71.88,95,0.0,3331.73
19507.88,72.16,95,0.0,3331.73
19507.88,72.37,95,1.2125,3331.73
19507.88,72.18,95,0.0,3331.73
19507.88,72.14,94,0.0,3331.73
19507.88,72.07,94,1.225,3331.73
19507.88,71.91,94,0.0,3331.73
19507.88,71.58,94,0.0,3331.73
19507.88,71.57,95,1.225,3331.73
19507.88,71.76,95,0.0,3331.73
19507.88,71.92,95,1.225,3331.73
19507.88,72.01,95,0.0,3331.73
19507.88,71.87,95,0.0,3331.73
19507.88,71.92,95,0.0,3331.73
19507.88,71.92,95,1.225,3331.73
19507.88,71.75,95,0.0,3331.73
19507.88,71.78,95,0.0,3331.73
19507.88,71.89,95,1.2125,3331.73
19507.88,71.93,95,0.0,3331.73
19507.88,72.25,95,0.0,3331.73
19507.88,72.2,93,0.0,3331.73
19507.88,72.19,95,1.2125,3331.73
19507.88,71.67,95,0.0,3331.73
19507.88,71.72,93,0.0,3331.73
19507.88,71.66,93,1.2125,3331.73
19507.88,71.54,95,0.0,3331.73
19507.88,70.97,95,2.35,3331.73
19507.88,73.52,73,1.125,3331.73
19507.88,73.59,73,0.0,3331.73
19507.88,74.02,100,1.2125,3331.73
19507.88,72.53,100,0.0,3331.73
19507.88,72.1,94,1.2125,3331.73
19507.88,72.3,94,0.0,3331.73
19507.88,72.92,94,0.0,3331.73
19507.88,73.01,94,1.2125,3331.73
19507.88,73.18,95,0.0,3331.73
19507.88,73.13,95,0.0,3331.73
19507.88,73.82,95,1.1875,3331.73
19507.88,71.32,95,1.2125,3331.73
19507.88,71.2,95,0.0,3331.73
19507.88,70.74,95,0.0,3331.73
19507.88,71.8,95,1.225,3331.73
19507.88,72.33,95,0.0,3331.73
19507.88,72.25,95,0.0,3331.73
19507.88,72.32,95,1.2125,3331.73
19507.88,71.97,95,0.0,3331.73
19507.88,71.76,95,0.0,3331.73
19507.88,72.17,94,1.2125,3331.73
19507.88,72.18,94,0.0,3331.73
19507.88,71.97,95,0.0,3331.73
19507.88,71.92,95,0.0,3331.73
19507.88,72.09,96,1.2125,3331.73
19507.88,72.36,96,0.0,3331.73
19507.88,72.56,93,1.2,3331.73
19507.88,72.48,93,0.0,3331.73
19507.88,71.92,93,1.2125,3331.73
19507.88,71.97,93,0.0,3331.73
19507.88,72.05,95,0.0,3331.73
19507.88,71.68,95,0.0,3331.73
19507.88,71.27,93,1.1875,3331.73
19507.88,71.62,93,0.0,3331.73
19507.88,71.34,95,0.0,3331.73
19507.88,71.7,95,1.2125,3331.73
19507.88,71.79,95,0.0,3331.73
19507.88,71.52,95,1.2125,3331.73
19507.88,71.45,95,1.2125,3331.73
19507.88,71.66,95,0.0,3331.73
19507.88,71.79,95,0.0,3331.73
19507.88,71.79,95,1.2125,3331.73
19507.88,71.83,95,0.0,3331.73
19507.88,71.88,95,0.0,3331.73
19507.88,72.05,95,1.1625,3331.73
19507.88,71.97,94,0.0,3331.73
19507.88,71.83,94,0.0,3331.73
19507.88,71.78,94,0.0,3331.73
19507.88,71.89,93,1.2125,3331.73
19507.88,72.04,93,0.0,3331.73
19507.88,71.96,93,0.0,3331.73
19507.88,68.61,94,2.4125,3331.73
19507.88,68.61,80,0.0,3331.73
19507.88,68.83,80,0.0,3331.73
19507.88,68.21,98,2.425,3331.73
19507.88,67.82,98,0.0,3331.73
19507.88,68.13,94,0.0,3331.73
19507.88,68.81,94,1.2125,3331.73
19507.88,68.42,94,0.0,3331.73
19507.88,68.93,94,0.0,3331.73
19507.88,68.3,93,0.0,3331.73
19507.88,68.81,93,0.0,3331.73
19507.88,71.96,95,1.225,3331.73
19507.88,71.96,95,0.0,3331.73
19507.88,71.54,95,0.0,3331.73
19507.88,72.06,95,1.2,3331.73
19507.88,72.12,95,0.0,3331.73
19507.88,71.74,95,0.0,3331.73
19507.88,71.34,95,1.2125,3331.73
19507.88,71.69,95,0.0,3331.73
19507.88,71.47,95,1.2125,3331.73
19507.88,71.81,95,0.0,3331.73
19507.88,71.73,95,1.2125,3331.73
19507.88,71.61,95,0.0,3331.73
19507.88,71.5,95,0.0,3331.73
19507.88,71.69,95,0.0,3331.73
19507.88,71.78,96,1.225,3331.73
19507.88,71.63,96,0.0,3331.73
19507.88,71.69,93,0.0,3331.73
19507.88,71.62,93,1.2125,3331.73
19507.88,71.66,94,0.0,3331.73
19507.88,71.81,94,0.0,3331.73
19507.88,71.7,95,0.0,3331.73
19507.88,71.61,95,1.2125,3331.73
19507.88,71.55,95,0.0,3331.73
19507.88,71.66,95,0.0,3331.73
19507.88,71.8,95,1.2125,3331.73
19507.88,71.93,95,0.0,3331.73
19507.88,72.14,95,0.0,3331.73
19507.88,72.07,94,1.225,3331.73
19507.88,72.07,94,0.0,3331.73
19507.88,72.12,94,0.0,3331.73
19507.88,72.1,94,1.2125,3331.73
19507.88,72.34,95,0.0,3331.73
19507.88,72.29,95,0.0,3331.73
19507.88,72.26,95,1.2125,3331.73
19507.88,72.33,95,0.0,3331.73
19507.88,72.29,95,0.0,3331.73
19507.88,72.32,95,1.2125,3331.73
19507.88,72.32,95,0.0,3331.73
19507.88,72.26,95,0.0,3331.73
19507.88,72.02,94,2.4,3331.73
19507.88,71.64,94,0.0,3331.73
19507.88,71.53,93,2.4,3331.73
19507.88,72.71,93,0.0,3331.73
19507.88,73.1,79,0.0,3331.73
19507.88,73.01,79,0.0,3331.73
19507.88,72.47,97,1.2125,3331.73
19507.88,72.79,97,0.0,3331.73
19507.88,73.24,95,0.0,3331.73
19507.88,73.42,95,2.225,3331.73
19507.88,73.18,95,0.0,3331.73
19507.88,73.18,95,0.0,3331.73
19507.88,73.4,95,1.2125,3331.73
19507.88,73.46,95,1.2125,3331.73
19507.88,72.35,95,0.0,3331.73
19507.88,71.95,95,0.0,3331.73
19507.88,72.0,94,1.2125,3331.73
19507.88,72.15,94,0.0,3331.73
19507.88,72.11,95,0.0,3331.73
19507.88,72.21,95,1.2125,3331.73
19507.88,72.05,95,0.0,3331.73
19507.88,72.15,95,0.0,3331.73
19507.88,72.22,95,0.0,3331.73
19507.88,72.09,95,1.225,3331.73
19507.88,72.14,95,0.0,3331.73
19507.88,72.42,95,0.0,3331.73
19507.88,72.11,96,0.0,3331.73
19507.88,72.17,96,1.225,3331.73
19507.88,72.36,96,0.0,3331.73
19507.88,72.19,96,0.0,3331.73
19507.88,72.19,96,0.0,3331.73
19507.88,72.35,96,0.0,3331.73
19507.88,72.18,96,0.0,3331.73
19507.88,72.37,96,1.25,3331.73
19507.88,72.06,97,0.0,3331.73
19507.88,72.12,97,0.0,3331.73
19507.88,71.68,96,0.0,3331.73
19507.88,71.72,96,1.25,3331.73
19507.88,72.16,96,0.0,3331.73
19507.88,72.11,96,0.0,3331.73
19507.88,72.11,97,1.25,3331.73
19507.88,72.05,97,0.0,3331.73
19507.88,72.04,96,0.0,3331.73
19507.88,72.21,96,1.25,3331.73
19507.88,71.92,97,0.0,3331.73
19507.88,72.02,96,0.0,3331.73
19507.88,71.83,96,1.25,3331.73
19507.88,72.13,97,0.0,3331.73
19507.88,72.28,97,0.0,3331.73
19507.88,72.07,97,0.0,3331.73
19507.88,72.31,97,1.25,3331.73
19507.88,72.18,96,0.0,3331.73
19507.88,72.18,96,1.25,3331.73
19507.88,71.95,96,1.1875,3331.73
19507.88,68.77,96,1.25,3331.73
19507.88,68.79,80,0.0,3331.73
19507.88,69.06,80,0.0,3331.73
19507.88,68.92,100,1.25,3331.73
19507.88,68.48,100,0.0,3331.73
19507.88,68.94,93,0.0,3331.73
19507.88,68.63,93,1.2375,3331.73
19507.88,68.99,94,1.25,3331.73
19507.88,68.93,94,0.0,3331.73
19507.88,68.83,96,1.25,3331.73
19507.88,69.0,96,0.0,3331.73
19507.88,72.56,95,0.0,3331.73
19507.88,72.41,95,0.0,3331.86
19507.88,72.43,94,1.2375,3331.86
19507.88,72.12,94,0.0,3331.86
19507.88,72.25,94,0.0,3331.86
19507.88,71.82,94,1.25,3331.86
19507.88,71.93,95,0.0,3331.86
19507.88,71.92,95,0.0,3331.86
19507.88,71.82,95,1.2125,3331.86
19507.88,72.05,95,0.0,3331.86
19507.88,71.89,95,0.0,3331.86
19507.88,71.63,95,0.0,3331.86
19507.88,71.48,95,1.225,3331.86
19507.88,71.3,95,0.0,3331.86
19507.88,71.46,95,0.0,3331.86
19507.88,71.6,95,0.0,3331.86
19507.88,71.76,95,1.225,3331.86
19507.88,71.71,95,0.0,3331.86
19507.88,71.6,95,0.0,3331.86
19507.88,71.79,95,0.0,3331.86
19507.88,71.6,96,1.225,3331.86
19507.88,71.43,96,0.0,3331.86
19507.88,71.33,95,0.0,3331.86
19507.88,71.51,95,0.0,3331.86
19507.88,71.29,95,1.225,3331.86
19507.88,71.64,95,0.0,3331.86
19507.88,71.49,95,0.0,3331.86
19507.88,71.71,95,0.0,3331.86
19507.88,71.83,95,1.225,3331.86
19507.88,71.79,95,0.0,3331.86
19507.88,71.59,95,1.225,3331.86
19507.88,71.51,95,0.0,3331.86
19507.88,71.5,95,0.0,3331.86
19507.88,71.62,95,1.225,3331.86
19507.88,71.83,95,0.0,3331.86
19507.88,71.98,95,0.0,3331.86
19507.88,72.05,95,0.0,3331.86
19507.88,72.25,95,1.2,3331.86
19507.88,72.17,95,0.0,3331.86
19507.88,72.03,94,0.0,3331.86
19507.88,71.98,94,1.225,3331.86
19507.88,71.85,95,1.2125,3331.86
19507.88,71.73,95,0.0,3331.86
19507.88,72.78,81,1.225,3331.86
19507.88,72.78,81,0.0,3331.86
19507.88,72.03,98,0.0,3331.86
19507.88,70.99,98,0.0,3331.86
19507.88,71.3,93,1.225,3331.86
19507.88,70.92,93,0.0,3331.86
19507.88,71.36,94,0.0,3331.86
19507.88,71.08,94,1.2125,3331.86
19507.88,71.31,95,0.0,3331.86
19507.88,71.41,95,0.0,3331.86
19507.88,70.66,95,1.2125,3331.86
19507.88,70.25,95,1.2125,3331.86
19507.88,70.09,95,0.0,3331.86
19507.88,72.03,95,0.0,3331.86
19507.88,72.02,94,1.2125,3331.86
19507.88,71.9,94,0.0,3331.86
19507.88,72.09,94,0.0,3331.86
19507.88,72.39,94,1.2,3331.86
19507.88,72.69,92,0.0,3331.86
19507.88,72.08,94,0.0,3331.86
19507.88,72.14,94,0.0,3331.86
19507.88,72.06,95,1.2125,3331.86
19507.88,72.28,95,0.0,3331.86
19507.88,71.89,95,0.0,3331.86
19507.88,71.86,92,1.2125,3331.86
19507.88,71.43,95,0.0,3331.86
19507.88,71.84,95,0.0,3331.86
19507.88,71.28,95,1.2125,3331.86
19507.88,71.29,95,0.0,3331.86
19507.88,70.5,94,0.0,3331.86
19507.88,71.21,94,0.0,3331.86
19507.88,70.81,95,1.2125,3331.86
19507.88,71.21,95,0.0,3331.86
19507.88,71.06,95,0.0,3331.86
19507.88,71.72,95,2.425,3331.86
19507.88,71.28,95,0.0,3331.86
19507.88,71.75,95,0.0,3331.86
19507.88,71.86,95,1.2125,3331.86
19507.88,71.74,95,0.0,3331.86
19507.88,71.7,95,0.0,3331.86
19507.88,72.01,95,0.0,3331.86
19507.88,71.91,96,1.2125,3331.86
19507.88,71.86,96,0.0,3331.86
19507.88,72.09,94,0.0,3331.86
19507.88,72.11,94,1.2,3331.86
19507.88,72.11,96,0.0,3331.86
19507.88,72.17,96,0.0,3331.86
19507.88,71.93,94,0.0,3331.86
19507.88,71.5,94,1.2125,3331.86
19507.88,71.78,92,0.0,3331.86
19507.88,71.39,92,2.375,3331.86
19507.88,71.62,93,0.0,3331.86
19507.88,73.21,93,1.2125,3331.86
19507.88,73.73,79,0.0,3331.86
19507.88,73.75,79,0.0,3331.86
19507.88,73.18,97,1.2125,3331.86
19507.88,73.47,97,0.0,3331.86
19507.88,73.85,95,0.0,3331.86
19507.88,73.65,95,1.2125,3331.86
19507.88,74.15,95,0.0,3331.86
19507.88,73.83,95,0.0,3331.86
19507.88,74.15,95,0.0,3331.86
19507.88,74.15,95,2.425,3331.86
19507.88,72.77,95,0.0,3331.86
19507.88,72.21,95,0.0,3331.86
19507.88,71.81,93,1.2125,3331.86
19507.88,71.99,93,0.0,3331.86
19507.88,71.62,95,0.0,3331.86
19507.88,72.12,95,1.2125,3331.86
19507.88,72.03,94,0.0,3331.86
19507.88,71.98,94,0.0,3331.86
19507.88,72.21,95,1.2125,3331.86
19507.88,72.21,95,0.0,3331.86
19507.88,71.3,93,0.0,3331.86
19507.88,71.32,93,1.2125,3331.86
19507.88,71.63,93,0.0,3331.86
19507.88,71.56,95,0.0,3331.86
19507.88,71.63,95,1.2,3331.86
19507.88,71.57,95,0.0,3331.86
19507.88,71.29,94,0.0,3331.86
19507.88,70.71,94,0.0,3331.86
19507.88,71.07,94,1.2125,3331.86
19507.88,70.45,94,0.0,3331.86
19507.88,71.24,95,0.0,3331.86
19507.88,70.83,95,1.2125,3331.86
19507.88,71.29,94,0.0,3331.86
19507.88,71.8,94,1.2125,3331.86
19507.88,71.81,95,0.0,3331.86
19507.88,71.85,95,0.0,3331.86
19507.88,71.91,92,1.2125,3331.86
19507.88,71.86,92,0.0,3331.86
19507.88,71.86,95,0.0,3331.86
19507.88,71.89,95,1.2125,3331.86
19507.88,72.08,94,0.0,3331.86
19507.88,72.12,94,0.0,3331.86
19507.88,72.11,95,1.2125,3331.86
19507.88,71.92,95,0.0,3331.86
19507.88,71.79,93,0.0,3331.86
19507.88,71.48,93,2.4125,3331.86
19507.88,71.67,94,0.0,3331.86
19507.88,71.33,94,0.0,3331.86
19507.88,71.63,94,1.2,3331.86
19507.88,71.3,94,2.425,3331.86
19507.88,68.01,76,0.0,3331.86
19507.88,68.18,76,0.0,3331.86
19507.88,68.66,100,1.225,3331.86
19507.88,67.52,100,0.0,3331.86
19507.88,67.59,96,0.0,3331.86
19507.88,67.54,96,0.0,3331.86
19507.88,67.98,94,1.2125,3331.86
19507.88,68.15,94,0.0,3331.86
19507.88,68.04,95,0.0,3331.86
19507.88,68.07,95,1.2125,3331.86
19507.88,68.13,95,1.2125,3331.86
19507.88,71.92,95,0.0,3331.86
19507.88,71.4,95,0.0,3331.86
19507.88,70.92,95,1.2125,3331.86
19507.88,71.78,95,0.0,3331.86
19507.88,71.91,95,0.0,3331.86
19507.88,71.84,94,1.2125,3331.86
19507.88,71.86,94,0.0,3331.86
19507.88,72.15,93,1.15,3331.86
19507.88,72.3,93,0.0,3331.86
19507.88,72.66,92,0.0,3331.86
19507.88,72.53,92,1.2125,3331.86
19507.88,72.57,94,0.0,3331.86
19507.88,72.99,93,0.0,3331.86
19507.88,72.85,93,1.2125,3331.86
19507.88,73.01,94,0.0,3331.86
19507.88,72.71,94,0.0,3331.86
19507.88,72.62,94,1.2125,3331.86
19507.88,72.34,94,0.0,3331.86
19507.88,72.4,94,0.0,3331.86
19507.88,71.96,93,1.225,3331.86
19507.88,71.71,95,0.0,3331.86
19507.88,71.42,95,0.0,3331.86
19507.88,71.66,94,1.2125,3331.86
19507.88,71.06,94,0.0,3331.86
19507.88,71.59,93,0.0,3331.86
19507.88,71.26,93,1.2,3331.86
19507.88,71.68,95,0.0,3331.86
19507.88,71.34,95,0.0,3331.86
19507.88,71.77,94,1.2125,3331.86
19507.88,71.67,94,0.0,3331.86
19507.88,72.27,93,0.0,3331.86
19507.88,72.46,95,0.0,3331.86
19507.88,72.34,95,1.225,3331.86
19507.88,72.43,95,1.225,3331.86
19507.88,72.6,95,0.0,3331.86
19507.88,72.56,95,0.0,3331.86
19507.88,72.47,95,1.225,3331.86
19507.88,72.53,95,0.0,3331.86
19507.88,72.42,95,0.0,3331.86
19507.88,72.12,95,0.0,3331.86
19507.88,71.66,95,2.4375,3331.86
19507.88,71.66,79,0.0,3331.86
19507.88,72.27,79,1.225,3331.86
19507.88,72.54,100,0.0,3331.86
19507.88,72.39,100,0.0,3331.86
19507.88,71.55,96,0.0,3331.86
19507.88,71.51,96,1.225,3331.86
19507.88,71.65,94,0.0,3331.86
19507.88,71.77,94,0.0,3331.86
19507.88,71.99,95,0.0,3331.86
19507.88,72.42,95,0.0,3331.86
19507.88,72.2,95,1.225,3331.86
19507.88,71.64,95,0.0,3331.86
19507.88,71.4,93,0.0,3331.86
19507.88,71.29,93,1.2125,3331.86
19507.88,72.15,95,0.0,3331.86
19507.88,72.11,95,0.0,3331.86
19507.88,72.05,95,1.2,3331.86
19507.88,71.92,95,0.0,3331.86
19507.88,71.88,95,0.0,3331.86
19507.88,71.9,95,1.2125,3331.86
19507.88,72.07,94,0.0,3331.86
19507.88,71.97,94,0.0,3331.86
19507.88,71.77,95,1.2,3331.86
19507.88,71.76,95,0.0,3331.86
19507.88,72.0,94,0.0,3331.86
19507.88,71.88,94,1.2125,3331.86
19507.88,71.93,94,0.0,3331.86
19507.88,71.84,94,1.225,3331.86
19507.88,71.77,95,0.0,3331.86
19507.88,71.47,95,0.0,3331.86
19507.88,72.16,94,0.0,3331.86
19507.88,72.05,94,1.225,3331.86
19507.88,71.78,94,0.0,3331.86
19507.88,71.87,94,1.2125,3331.86
19507.88,72.03,95,0.0,3331.86
19507.88,72.06,95,0.0,3331.86
19507.88,72.25,94,0.0,3331.86
19507.88,72.22,94,1.2125,3331.86
19507.88,72.27,95,0.0,3331.86
19507.88,72.4,95,0.0,3331.86
19507.88,72.35,95,1.2125,3331.86
19507.88,71.35,95,0.0,3331.86
19507.88,71.98,94,0.0,3331.86
19507.88,71.98,94,1.2125,3331.86
19507.88,72.01,94,0.0,3331.86
19507.88,72.42,94,0.0,3331.86
19507.88,72.51,94,1.2125,3331.86
19507.88,72.35,94,0.0,3331.86
19507.88,72.34,94,0.0,3331.86
19507.88,72.25,94,1.15,3331.86
19507.88,71.64,92,0.0,3331.86
19507.88,71.96,93,2.4375,3331.86
19507.88,69.12,93,0.0,3331.86
19507.88,69.07,93,1.225,3331.86
19507.88,69.19,77,0.0,3331.86
19507.88,68.19,99,1.2125,3331.86
19507.88,68.07,99,0.0,3331.86
19507.88,68.65,93,1.2125,3331.86
19507.88,68.82,94,0.0,3331.86
19507.88,68.73,94,0.0,3331.86
19507.88,69.0,93,0.0,3331.86
19507.88,69.38,93,1.2125,3331.86
19507.88,69.41,94,0.0,3331.86
19507.88,72.37,94,0.0,3331.86
19507.88,72.36,92,1.2125,3331.86
19507.88,71.51,92,0.0,3331.86
19507.88,72.29,94,0.0,3331.86
19507.88,72.02,94,1.2125,3331.86
19507.88,71.91,95,0.0,3331.86
19507.88,71.52,95,0.0,3331.86
19507.88,71.39,95,2.375,3331.86
19507.88,71.81,95,0.0,3331.86
19507.88,71.69,95,0.0,3331.86
19507.88,71.75,95,1.2125,3331.86
19507.88,71.67,95,0.0,3331.86
19507.88,71.89,95,0.0,3331.86
19507.88,72.03,93,1.225,3331.86
19507.88,72.07,93,0.0,3331.86
19507.88,72.04,93,0.0,3331.86
19507.88,71.95,93,1.2125,3331.86
19507.88,72.04,94,0.0,3331.86
19507.88,71.93,94,0.0,3331.86
19507.88,71.95,95,1.2125,3331.86
19507.88,71.59,95,0.0,3331.86
19507.88,71.56,95,0.0,3331.86
19507.88,71.26,95,1.2125,3331.86
19507.88,71.83,95,0.0,3331.86
19507.88,71.47,95,0.0,3331.86
19507.88,71.65,94,1.2125,3331.86
19507.88,71.46,94,0.0,3331.86
19507.88,71.71,94,0.0,3331.86
19507.88,71.44,94,1.2125,3331.86
19507.88,71.92,93,1.2125,3331.86
19507.88,71.99,93,0.0,3331.86
19507.88,71.88,95,0.0,3331.86
19507.88,72.0,95,1.2125,3331.86
19507.88,72.08,95,0.0,3331.86
19507.88,72.16,95,1.2125,3331.86
19507.88,72.25,95,0.0,3331.86
19507.88,72.12,95,0.0,3331.86
19507.88,72.13,95,0.0,3331.86
19507.88,72.05,95,1.2125,3331.86
19507.88,71.8,95,0.0,3331.86
19507.88,71.38,95,2.425,3331.86
19507.88,73.84,94,0.0,3331.86
19507.88,73.73,94,1.2125,3331.86
19507.88,73.97,80,0.0,3331.86
19507.88,72.75,80,0.0,3331.86
19507.88,72.72,99,1.2125,3331.86
19507.88,72.72,99,0.0,3331.86
19507.88,72.77,94,0.0,3331.86
19507.88,73.2,94,1.2125,3331.86
19507.88,73.69,94,0.0,3331.86
19507.88,73.69,95,0.0,3331.86
19507.88,73.24,95,1.2125,3331.86
19507.88,73.84,95,0.0,3331.86
19507.88,71.53,95,1.175,3331.86
19507.88,70.97,95,0.0,3331.86
19507.88,70.97,95,1.2125,3331.86
19507.88,72.04,95,0.0,3331.86
19507.88,72.04,95,1.2125,3331.86
19507.88,71.8,95,0.0,3331.86
19507.88,71.56,95,0.0,3331.86
19507.88,72.69,95,1.2125,3331.86
19507.88,72.65,95,0.0,3331.86
19507.88,72.47,93,0.0,3331.86
19507.88,72.48,93,0.0,3331.86
19507.88,72.64,95,1.2125,3331.86
19507.88,72.64,95,0.0,3331.86
19507.88,72.37,95,0.0,3331.86
19507.88,72.4,95,0.0,3331.86
19507.88,72.4,93,1.2125,3331.86
19507.88,72.3,93,1.2125,3331.86
19507.88,72.3,95,0.0,3331.86
19507.88,71.92,95,1.2125,3331.86
19507.88,71.29,94,0.0,3331.86
19507.88,71.35,94,0.0,3331.86
19507.88,71.52,94,0.0,3331.86
19507.88,71.54,94,1.2125,3331.86
19507.88,71.53,95,0.0,3331.86
19507.88,71.9,95,0.0,3331.86
19507.88,71.86,95,1.2125,3331.86
19507.88,71.88,93,0.0,3331.86
19507.88,71.88,93,0.0,3331.86
19507.88,71.92,95,1.2,3331.86
19507.88,71.85,95,0.0,3331.86
19507.88,71.63,95,0.0,3331.86
19507.88,71.69,95,1.2125,3331.86
19507.88,71.46,95,0.0,3331.86
19507.88,72.06,95,0.0,3331.86
19507.88,71.99,95,0.0,3331.86
19507.88,71.83,95,0.0,3331.86
19507.88,71.87,95,1.2375,3331.86
19507.88,71.91,95,0.0,3331.86
19507.88,71.92,95,0.0,3331.86
