gpu_memory_mb,gpu_power_w,gpu_util_pct,cpu_util_pct,ram_mb
15499.88,32.4,0,4.2375,3329.11
15499.88,32.4,0,0.0,3329.11
15499.88,30.99,0,1.2125,3329.11
15595.88,30.98,0,1.2125,3329.11
15595.88,31.13,0,0.0,3329.11
15595.88,35.05,52,0.0,3329.11
15595.88,37.52,52,1.2125,3329.11
15595.88,41.19,93,0.0,3329.11
15595.88,45.33,93,0.0,3329.11
15595.88,49.71,89,0.0,3329.11
15595.88,53.82,89,1.225,3329.11
15595.88,58.29,88,0.0,3329.11
15595.88,62.39,90,0.0,3329.11
15595.88,65.85,90,1.2125,3329.11
15595.88,69.63,89,0.0,3329.11
15595.88,72.82,89,0.0,3329.11
15595.88,72.46,89,0.0,3329.11
15595.88,73.75,89,1.2125,3329.11
15595.88,73.65,91,0.0,3329.11
15595.88,73.19,91,0.0,3329.11
15595.88,72.6,89,0.0,3329.11
15595.88,71.51,89,1.225,3329.11
15595.88,71.12,91,0.0,3329.11
15595.88,71.34,91,0.0,3329.11
15595.88,70.97,90,1.2125,3329.11
15595.88,71.29,90,0.0,3329.11
15595.88,71.29,90,0.0,3329.11
15595.88,71.17,90,0.0,3329.11
15595.88,71.26,89,1.2125,3329.11
15595.88,71.31,89,0.0,3329.11
15631.88,71.25,90,2.4375,3329.11
15631.88,73.08,90,0.0,3329.11
15631.88,73.57,82,0.0,3329.11
15631.88,73.81,82,1.2125,3329.11
15631.88,73.28,93,0.0,3329.11
15631.88,73.64,93,0.0,3329.11
15631.88,73.96,89,1.2125,3329.11
15631.88,74.32,89,0.0,3329.11
15631.88,74.11,89,0.0,3329.11
15631.88,74.31,89,0.0,3329.11
15631.88,73.93,90,1.2125,3329.11
15631.88,74.06,91,0.0,3329.11
15631.88,72.35,91,0.0,3329.11
15631.88,71.72,90,1.2125,3329.11
15631.88,71.66,90,0.0,3329.11
15631.88,71.44,90,0.0,3329.11
15631.88,71.08,90,0.0,3329.11
15631.88,70.86,90,1.225,3329.11
15631.88,71.04,90,0.0,3329.11
15631.88,70.84,90,0.0,3329.11
15631.88,71.3,90,1.2125,3329.11
15631.88,71.11,89,0.0,3329.11
15631.88,71.38,89,0.0,3329.11
15631.88,71.67,90,0.0,3329.11
15631.88,71.72,90,1.2125,3329.11
15631.88,72.45,89,0.0,3329.11
15631.88,72.83,89,0.0,3329.11
15631.88,72.79,89,1.225,3329.11
15633.88,69.34,90,1.1875,3329.11
15633.88,69.53,79,2.4375,3329.11
15633.88,69.14,79,0.0,3329.11
15633.88,69.24,90,0.0,3329.11
15633.88,69.52,90,0.0,3329.11
15633.88,69.19,90,1.2125,3329.11
15633.88,69.26,90,0.0,3329.11
15633.88,69.68,90,0.0,3329.11
15633.88,69.27,91,1.2125,3329.11
15633.88,68.79,90,0.0,3329.11
15633.88,68.79,90,0.0,3329.11
15633.88,72.25,90,0.0,3329.11
15633.88,72.25,90,1.2125,3329.11
15633.88,72.48,90,0.0,3329.11
15633.88,72.38,90,0.0,3329.11
15633.88,72.29,91,1.2125,3329.11
15633.88,72.33,91,0.0,3329.11
15633.88,72.18,90,0.0,3329.11
15633.88,71.95,90,0.0,3329.11
15633.88,71.87,90,1.2125,3329.11
15633.88,72.05,90,0.0,3329.11
15633.88,71.94,90,0.0,3329.11
15633.88,71.89,90,1.2125,3329.11
15633.88,71.78,90,0.0,3329.11
15633.88,71.62,90,1.225,3329.11
15633.88,71.78,87,1.2125,3329.11
15633.88,70.01,87,1.2125,3329.11
15633.88,69.8,77,0.0,3329.11
15633.88,69.59,77,0.0,3329.11
15633.88,69.7,88,1.225,3329.11
15633.88,69.89,88,0.0,3329.11
15633.88,70.09,90,0.0,3329.11
15633.88,70.36,91,0.0,3329.11
15633.88,70.62,91,0.0,3329.11
15633.88,71.15,90,1.2125,3329.11
15633.88,70.89,90,0.0,3329.11
15633.88,72.17,90,0.0,3329.11
15633.88,71.99,90,1.2125,3329.11
15633.88,71.9,91,0.0,3329.11
15633.88,71.94,91,1.2125,3329.11
15633.88,71.76,90,0.0,3329.11
15633.88,71.84,90,0.0,3329.11
15633.88,71.87,91,1.2125,3329.11
15633.88,71.6,91,0.0,3329.11
15633.88,71.66,90,0.0,3329.11
15633.88,72.08,90,1.2125,3329.11
15633.88,71.93,90,0.0,3329.11
15633.88,71.97,90,0.0,3329.11
15633.88,71.97,91,1.2125,3329.11
15633.88,72.12,91,0.0,3329.11
15633.88,72.13,90,1.2125,3329.23
15633.88,73.6,90,0.0,3329.23
15633.88,70.85,77,1.2125,3329.23
15633.88,70.91,77,0.0,3329.23
15633.88,71.21,68,0.0,3329.23
15633.88,71.05,68,1.2125,3329.23
15633.88,71.14,88,0.0,3329.23
15633.88,71.7,88,0.0,3329.23
15633.88,72.04,89,1.2125,3329.23
15633.88,72.42,90,1.2125,3329.23
15633.88,72.72,90,0.0,3329.23
15633.88,72.57,89,0.0,3329.23
15633.88,70.88,89,1.2,3329.23
15633.88,73.14,90,0.0,3329.23
15633.88,72.77,90,0.0,3329.23
15633.88,72.31,88,1.225,3329.23
15633.88,72.06,88,0.0,3329.23
15633.88,71.72,90,0.0,3329.23
15633.88,71.55,90,1.2125,3329.23
15633.88,71.69,89,0.0,3329.23
15633.88,71.4,89,0.0,3329.23
15633.88,71.34,88,1.2,3329.23
15633.88,71.24,88,0.0,3329.23
15633.88,71.35,90,0.0,3329.23
15633.88,71.41,90,0.0,3329.23
15633.88,71.73,90,1.225,3329.23
15633.88,72.13,90,1.225,3329.23
15633.88,73.76,75,0.0,3329.23
15633.88,73.6,75,1.225,3329.23
15633.88,72.28,97,0.0,3329.23
15633.88,71.89,97,0.0,3329.23
15633.88,72.11,90,1.2125,3329.23
15633.88,72.07,88,0.0,3329.23
15633.88,72.49,88,0.0,3329.23
15633.88,72.55,89,1.2125,3329.23
15633.88,72.72,89,1.225,3329.23
15633.88,72.72,90,0.0,3329.23
15633.88,70.46,90,0.0,3329.23
15633.88,70.37,90,1.225,3329.23
15633.88,71.38,89,0.0,3329.23
15633.88,71.33,91,0.0,3329.23
15633.88,71.28,91,0.0,3329.23
15633.88,71.41,91,1.225,3329.23
15633.88,71.34,90,0.0,3329.23
15633.88,71.34,90,0.0,3329.23
15633.88,71.58,88,0.0,3329.23
15633.88,71.51,88,0.0,3329.23
15633.88,71.55,89,1.225,3329.23
15633.88,71.44,89,0.0,3329.23
15633.88,71.52,91,0.0,3329.23
15633.88,71.42,91,0.0,3329.23
15633.88,71.55,91,1.225,3329.23
15633.88,71.66,91,0.0,3329.23
15633.88,71.55,90,1.2125,3329.23
15633.88,68.66,90,1.2125,3329.23
15633.88,69.98,77,0.0,3329.23
15633.88,70.01,98,0.0,3329.23
15633.88,68.48,98,0.0,3329.23
15633.88,68.45,90,1.2125,3329.23
15633.88,68.72,90,0.0,3329.23
15633.88,68.87,89,0.0,3329.23
15633.88,69.56,89,1.2125,3329.23
15633.88,69.56,90,0.0,3329.23
15633.88,69.48,90,0.0,3329.23
15633.88,72.45,90,0.0,3329.23
15633.88,70.61,90,1.2125,3329.23
15633.88,70.53,89,0.0,3329.23
15633.88,71.88,89,0.0,3329.23
15633.88,71.83,90,1.2125,3329.23
15633.88,71.78,90,0.0,3329.23
15633.88,71.87,90,0.0,3329.23
15633.88,71.38,90,1.2125,3329.23
15633.88,71.22,89,0.0,3329.23
15633.88,71.39,89,0.0,3329.23
15633.88,71.52,89,1.2125,3329.23
15633.88,71.44,89,0.0,3329.23
15633.88,71.33,89,0.0,3329.23
15633.88,71.4,89,1.2125,3329.23
15633.88,71.46,91,1.2125,3329.23
15633.88,71.47,90,0.0,3329.23
15633.88,71.33,90,1.2125,3329.23
15633.88,74.98,81,1.2125,3329.23
15633.88,73.23,81,0.0,3329.23
15633.88,73.16,90,0.0,3329.23
15633.88,73.12,90,1.2125,3329.23
15633.88,73.21,90,0.0,3329.23
15633.88,73.35,90,0.0,3329.23
15633.88,73.58,87,0.0,3329.23
15633.88,73.7,87,1.2125,3329.23
15633.88,73.72,89,0.0,3329.23
15633.88,73.76,89,0.0,3329.23
15633.88,73.87,88,0.0,3329.23
15633.88,70.53,88,1.2125,3329.23
15633.88,72.01,88,0.0,3329.23
15633.88,72.17,88,0.0,3329.23
15633.88,72.25,89,1.2,3329.23
15633.88,72.19,89,0.0,3329.23
15633.88,72.38,89,0.0,3329.23
15633.88,72.3,89,1.2125,3329.23
15633.88,72.75,88,0.0,3329.23
15633.88,73.39,88,0.0,3329.23
15633.88,73.21,89,0.0,3329.23
15633.88,73.11,89,2.375,3329.23
15633.88,73.21,89,0.0,3329.23
15633.88,73.19,91,0.0,3329.23
15633.88,73.0,90,1.2125,3329.23
15633.88,73.0,75,1.2125,3329.23
15633.88,75.12,75,0.0,3329.23
15633.88,74.96,100,1.2125,3329.23
15633.88,75.25,100,0.0,3329.23
15633.88,74.35,100,0.0,3329.23
15633.88,74.07,90,0.0,3329.23
15633.88,74.3,90,0.0,3329.23
15633.88,74.3,89,1.225,3329.23
15633.88,74.4,89,0.0,3329.23
15633.88,74.55,90,0.0,3329.23
15633.88,74.42,90,0.0,3329.23
15633.88,74.42,90,0.0,3329.23
15633.88,72.19,90,0.0,3329.23
15633.88,72.08,91,1.225,3329.23
15633.88,71.56,91,0.0,3329.23
15633.88,71.83,91,0.0,3329.23
15633.88,71.79,91,0.0,3329.23
15633.88,71.73,89,1.225,3329.23
15633.88,71.68,89,0.0,3329.23
15633.88,71.6,89,0.0,3329.23
15633.88,71.51,89,0.0,3329.23
15633.88,71.55,91,0.0,3329.23
15633.88,71.37,91,1.225,3329.23
15633.88,71.21,91,0.0,3329.23
15633.88,71.18,90,0.0,3329.23
15633.88,71.08,90,0.0,3329.23
15633.88,71.21,90,1.2125,3329.23
15633.88,71.24,90,0.0,3329.23
15633.88,67.89,77,1.2,3329.23
15633.88,68.05,77,1.2375,3329.23
15633.88,67.48,95,0.0,3329.23
15633.88,67.73,95,0.0,3329.23
15633.88,68.04,90,0.0,3329.23
15633.88,68.38,90,1.225,3329.23
15633.88,68.66,89,1.25,3329.23
15633.88,69.2,89,0.0,3329.23
15633.88,69.33,90,0.0,3329.23
15633.88,69.11,90,0.0,3329.23
15633.88,69.07,90,0.0,3329.23
15633.88,72.09,90,1.2375,3329.23
15633.88,71.84,88,0.0,3329.23
15633.88,72.22,88,0.0,3329.23
15633.88,72.1,91,0.0,3329.23
15633.88,71.86,91,0.0,3329.23
15633.88,71.86,91,1.25,3329.23
15633.88,71.97,91,0.0,3329.23
15633.88,71.97,91,0.0,3329.23
15633.88,71.94,90,0.0,3329.23
15633.88,71.85,90,1.2375,3329.23
15633.88,71.78,90,0.0,3329.23
15633.88,71.87,90,0.0,3329.23
15633.88,71.75,90,0.0,3329.23
15633.88,72.16,90,1.2375,3329.23
15633.88,72.35,90,1.25,3329.23
15633.88,69.35,77,0.0,3329.23
15633.88,69.4,77,1.2375,3329.23
15633.88,68.55,93,0.0,3329.23
15633.88,68.49,93,0.0,3329.23
15633.88,68.7,91,0.0,3329.23
15633.88,68.9,91,1.25,3329.23
15633.88,69.15,89,0.0,3329.23
15633.88,69.54,89,0.0,3329.23
15633.88,69.79,89,0.0,3329.23
15633.88,69.22,89,0.0,3329.23
15633.88,69.04,90,1.25,3329.23
15633.88,71.76,90,0.0,3329.23
15633.88,71.12,87,0.0,3329.23
15633.88,71.83,87,0.0,3329.23
15633.88,71.69,90,1.25,3329.23
15633.88,71.51,90,0.0,3329.23
15633.88,71.75,89,0.0,3329.23
15633.88,71.92,89,1.25,3329.23
15633.88,71.61,89,1.2375,3329.23
15633.88,71.7,89,0.0,3329.23
15633.88,71.85,89,0.0,3329.23
15633.88,71.59,89,0.0,3329.23
15633.88,71.84,91,1.25,3329.23
15633.88,72.46,90,0.0,3329.23
15633.88,72.65,90,0.0,3329.23
15633.88,72.65,90,2.4875,3329.23
15633.88,70.41,84,0.0,3329.23
15633.88,70.2,84,0.0,3329.23
15633.88,69.14,87,0.0,3329.23
15633.88,69.31,87,1.2375,3329.23
15633.88,68.98,89,0.0,3329.23
15633.88,69.3,89,0.0,3329.23
15633.88,69.62,90,1.2375,3329.23
15633.88,69.77,90,0.0,3329.23
15633.88,69.91,89,0.0,3329.23
15633.88,69.65,89,1.2375,3329.23
15633.88,69.79,90,0.0,3329.23
15633.88,71.78,90,0.0,3329.23
15633.88,71.48,90,0.0,3329.23
15633.88,72.06,90,0.0,3329.23
15633.88,71.94,89,1.175,3329.23
15633.88,72.12,89,0.0,3329.23
15633.88,72.28,89,1.2125,3329.23
15633.88,72.54,89,0.0,3329.23
15633.88,72.51,87,0.0,3329.23
15633.88,72.29,87,0.0,3329.23
15633.88,72.32,90,1.2125,3329.23
15633.88,72.15,90,1.2125,3329.23
15633.88,72.15,90,0.0,3329.23
15633.88,71.99,89,1.225,3329.23
15633.88,72.23,89,0.0,3329.23
15633.88,72.13,90,2.4375,3329.23
15633.88,73.86,90,0.0,3329.23
15633.88,73.24,81,0.0,3329.23
15633.88,73.31,81,1.2125,3329.23
15633.88,72.53,95,0.0,3329.23
15633.88,72.55,95,0.0,3329.23
15633.88,72.37,89,0.0,3329.23
15633.88,72.66,89,1.2125,3329.23
15633.88,73.29,88,0.0,3329.23
15633.88,73.91,88,0.0,3329.23
15633.88,74.66,88,1.225,3329.23
15633.88,75.53,88,0.0,3329.23
15633.88,73.72,90,0.0,3329.23
15633.88,73.66,90,0.0,3329.23
15633.88,73.28,91,1.2125,3329.23
15633.88,73.85,91,0.0,3329.23
15633.88,73.7,91,0.0,3329.23
15633.88,73.83,91,1.2125,3329.23
15633.88,73.47,89,0.0,3329.23
15633.88,73.12,90,0.0,3329.23
15633.88,73.12,90,1.225,3329.23
15633.88,72.18,90,0.0,3329.23
15633.88,71.08,89,0.0,3329.23
15633.88,71.08,89,0.0,3329.23
15633.88,71.36,89,1.2125,3329.23
15633.88,71.54,89,1.225,3329.23
15633.88,72.42,89,0.0,3329.23
15633.88,72.96,89,0.0,3329.23
15669.88,70.36,90,2.425,3329.23
15669.88,70.36,90,0.0,3329.23
15669.88,70.75,78,1.2125,3329.23
15669.88,70.75,78,0.0,3329.23
15669.88,69.06,97,0.0,3329.23
15669.88,69.56,97,1.2125,3329.23
15669.88,70.0,90,0.0,3329.23
15669.88,70.11,90,0.0,3329.23
15669.88,70.28,91,0.0,3329.23
15669.88,69.6,91,1.2125,3329.23
15669.88,68.9,90,0.0,3329.23
15669.88,68.47,90,0.0,3329.23
15669.88,71.93,90,1.2125,3329.23
15669.88,71.41,89,0.0,3329.23
15669.88,71.57,89,0.0,3329.23
15669.88,73.19,90,1.2125,3329.23
15669.88,72.54,90,0.0,3329.23
15669.88,72.2,88,0.0,3329.23
15669.88,72.19,88,1.2125,3329.23
15669.88,71.88,90,0.0,3329.23
15669.88,72.21,90,0.0,3329.23
15669.88,72.05,90,1.2125,3329.23
15669.88,71.74,90,1.2125,3329.23
15669.88,71.8,90,0.0,3329.23
15669.88,70.98,90,0.0,3329.23
15669.88,70.59,91,0.0,3329.23
15669.88,70.8,91,1.225,3329.23
15669.88,70.71,91,0.0,3329.23
15669.88,70.48,91,2.4125,3329.23
15669.88,71.97,78,0.0,3329.23
15669.88,70.8,78,0.0,3329.23
15669.88,70.75,93,0.0,3329.23
15669.88,71.28,93,1.2125,3329.23
15669.88,71.56,89,0.0,3329.23
15669.88,71.76,89,0.0,3329.23
15669.88,71.88,87,1.225,3329.23
15669.88,72.25,87,0.0,3329.23
15669.88,72.33,88,0.0,3329.23
15669.88,72.3,90,0.0,3329.23
15669.88,72.18,90,1.2,3329.23
15669.88,71.53,90,0.0,3329.23
15669.88,71.28,90,1.2125,3329.23
15669.88,70.89,88,0.0,3329.23
15669.88,70.88,88,1.2125,3329.23
15669.88,71.22,88,0.0,3329.23
15669.88,71.56,88,1.2125,3329.23
15669.88,71.35,89,0.0,3329.23
15669.88,71.15,89,0.0,3329.23
15669.88,71.08,89,0.0,3329.23
15669.88,71.1,89,1.2125,3329.23
15669.88,70.98,89,0.0,3329.23
15669.88,71.05,90,0.0,3329.23
15669.88,71.22,87,0.0,3329.23
15669.88,71.25,87,2.425,3329.23
15669.88,67.71,72,0.0,3329.23
15669.88,67.71,72,1.2125,3329.23
15669.88,67.08,94,0.0,3329.23
15669.88,67.16,94,1.2125,3329.23
15669.88,67.48,89,0.0,3329.23
15669.88,67.76,89,1.2125,3329.23
15669.88,68.1,90,0.0,3329.23
15669.88,68.78,88,0.0,3329.23
15669.88,69.05,88,1.2125,3329.23
15669.88,68.69,88,0.0,3329.23
15669.88,68.81,88,0.0,3329.23
15669.88,71.91,89,0.0,3329.23
15669.88,71.48,89,1.2125,3329.23
15669.88,71.82,91,0.0,3329.23
15669.88,71.59,91,0.0,3329.23
15669.88,71.62,90,1.2125,3329.23
15669.88,71.68,90,0.0,3329.23
15669.88,71.33,87,0.0,3329.23
15669.88,71.19,87,1.2125,3329.23
15669.88,71.36,89,0.0,3329.23
15669.88,71.1,89,0.0,3329.23
15669.88,71.1,89,1.2125,3329.23
15669.88,71.35,90,0.0,3329.23
15669.88,71.28,90,0.0,3329.23
15669.88,71.59,88,1.2125,3329.23
15669.88,71.51,88,1.225,3329.23
15669.88,71.06,89,0.0,3329.23
15669.88,71.47,89,0.0,3329.23
15669.88,70.12,80,0.0,3329.23
15669.88,70.21,80,1.225,3329.23
15669.88,70.47,91,0.0,3329.23
15669.88,70.86,90,0.0,3329.23
15669.88,71.25,90,0.0,3329.23
15669.88,71.82,91,1.225,3329.23
15669.88,71.74,91,0.0,3329.23
15669.88,71.83,90,0.0,3329.23
15669.88,72.06,90,0.0,3329.23
15669.88,71.28,91,1.2125,3329.23
15669.88,72.19,91,0.0,3329.23
15669.88,71.84,89,0.0,3329.23
15669.88,71.67,89,2.425,3329.23
15669.88,71.84,89,0.0,3329.23
15669.88,71.63,89,0.0,3329.23
15669.88,71.4,89,1.2125,3329.23
15669.88,71.07,89,0.0,3329.23
15669.88,71.06,88,0.0,3329.23
15669.88,70.97,88,0.0,3329.23
15669.88,71.06,90,1.2125,3329.23
15669.88,71.03,90,0.0,3329.23
15669.88,71.2,90,0.0,3329.23
15669.88,71.58,90,2.325,3329.23
15669.88,71.62,90,0.0,3329.23
15669.88,73.09,90,0.0,3329.23
15669.88,71.61,80,1.225,3329.23
15669.88,71.68,80,0.0,3329.23
15669.88,72.16,89,0.0,3329.23
15669.88,72.33,89,1.225,3329.23
15669.88,72.44,90,0.0,3329.23
15669.88,72.5,90,0.0,3329.23
15669.88,72.62,90,1.225,3329.23
15669.88,72.75,91,0.0,3329.23
15669.88,72.61,91,0.0,3329.23
15669.88,72.41,89,0.0,3329.23
15669.88,70.82,89,1.2125,3329.23
15669.88,72.13,89,0.0,3329.23
15669.88,72.36,89,0.0,3329.23
15669.88,72.07,89,1.225,3329.23
15669.88,71.92,89,0.0,3329.23
15669.88,71.86,91,0.0,3329.23
15669.88,72.25,91,0.0,3329.23
15669.88,72.32,89,1.2125,3329.23
15669.88,72.14,89,0.0,3329.23
15669.88,72.19,91,0.0,3329.23
15669.88,71.92,91,1.2125,3329.23
15669.88,72.05,90,0.0,3329.23
15669.88,71.83,90,0.0,3329.23
15669.88,72.08,89,2.425,3329.23
15669.88,74.46,89,1.2125,3329.23
15669.88,74.0,83,0.0,3329.23
15669.88,72.37,83,1.2125,3329.23
15669.88,72.25,92,0.0,3329.23
15669.88,72.63,92,0.0,3329.23
15669.88,72.97,90,0.0,3329.23
15669.88,73.13,90,1.1875,3329.23
15669.88,73.21,91,0.0,3329.23
15669.88,73.25,91,0.0,3329.23
15669.88,73.18,91,1.2125,3329.23
15669.88,73.16,91,0.0,3329.23
15669.88,70.65,91,0.0,3329.23
15669.88,70.75,91,1.2125,3329.23
15669.88,72.17,89,0.0,3329.23
15669.88,71.4,91,0.0,3329.23
15669.88,71.31,91,0.0,3329.23
15669.88,71.27,91,1.2125,3329.23
15669.88,71.2,91,0.0,3329.23
15669.88,71.25,91,0.0,3329.23
15669.88,71.45,91,1.2125,3329.23
15669.88,71.21,90,0.0,3329.23
15669.88,71.16,90,0.0,3329.23
15669.88,71.46,91,0.0,3329.23
15669.88,71.63,91,1.2125,3329.23
15669.88,71.75,90,0.0,3329.23
15669.88,71.68,90,1.2375,3329.23
15669.88,71.64,90,2.35,3329.23
15669.88,72.49,90,0.0,3329.23
15669.88,71.32,81,1.2125,3329.23
15669.88,71.3,81,0.0,3329.23
15669.88,71.44,90,0.0,3329.23
15669.88,71.65,90,1.2125,3329.23
15669.88,71.84,90,0.0,3329.23
15669.88,72.34,90,0.0,3329.23
15669.88,72.49,90,1.2125,3329.23
15669.88,72.14,90,0.0,3329.23
15669.88,72.26,89,0.0,3329.23
15669.88,72.02,89,1.2125,3329.23
15669.88,70.99,90,0.0,3329.23
15669.88,71.99,90,0.0,3329.23
15669.88,71.88,87,1.2125,3329.23
15669.88,71.55,88,0.0,3329.23
15669.88,71.52,88,0.0,3329.23
15669.88,71.37,90,1.2125,3329.23
15669.88,71.37,90,0.0,3329.23
15669.88,71.66,91,0.0,3329.23
15669.88,71.44,91,0.0,3329.23
15669.88,71.53,91,1.225,3329.23
15669.88,71.67,91,0.0,3329.23
15669.88,71.77,91,0.0,3329.23
15669.88,72.13,91,0.0,3329.23
15669.88,72.45,88,2.4375,3329.23
15669.88,74.88,88,0.0,3329.23
15669.88,74.35,80,1.225,3329.23
15669.88,74.08,80,0.0,3329.23
15669.88,73.98,91,0.0,3329.23
15669.88,74.28,91,0.0,3329.23
15669.88,74.54,90,1.225,3329.23
15669.88,74.87,90,1.225,3329.23
15669.88,74.97,89,0.0,3329.23
15669.88,75.08,89,0.0,3329.23
15669.88,74.61,90,0.0,3329.23
15669.88,74.3,90,1.225,3329.23
15669.88,71.75,91,0.0,3329.23
15669.88,72.01,91,0.0,3329.23
15669.88,71.96,92,0.0,3329.23
15669.88,72.06,92,0.0,3329.23
15669.88,71.99,92,0.0,3329.23
15669.88,72.0,92,1.225,3329.23
15669.88,71.89,92,0.0,3329.23
15669.88,71.74,91,0.0,3329.23
15669.88,71.67,90,0.0,3329.23
15669.88,71.57,90,0.0,3329.23
15669.88,71.27,88,1.2125,3329.23
15669.88,71.24,88,0.0,3329.23
15669.88,71.31,89,0.0,3329.23
15669.88,71.15,89,1.2125,3329.23
15669.88,68.3,89,1.2125,3329.23
15669.88,68.0,89,0.0,3329.23
15669.88,67.17,82,0.0,3329.23
15669.88,67.36,82,1.225,3329.23
15669.88,67.91,91,1.225,3329.23
15669.88,68.28,90,0.0,3329.23
15669.88,68.71,90,0.0,3329.23
15669.88,68.88,90,1.225,3329.23
15669.88,69.21,90,0.0,3329.23
15669.88,69.08,90,0.0,3329.23
15669.88,69.31,88,0.0,3329.23
15669.88,71.86,88,1.2125,3329.23
15669.88,71.7,89,0.0,3329.23
15669.88,72.23,90,0.0,3329.23
15669.88,72.24,90,1.2125,3329.23
15669.88,71.85,88,0.0,3329.23
15669.88,72.3,88,0.0,3329.23
15669.88,72.45,88,1.2125,3329.23
15669.88,72.06,89,0.0,3329.23
15669.88,71.97,88,0.0,3329.23
15669.88,72.1,88,1.2125,3329.23
15669.88,71.72,89,0.0,3329.23
15669.88,71.72,89,0.0,3329.23
15669.88,71.94,89,0.0,3329.23
15669.88,72.09,91,1.2125,3329.23
15669.88,71.98,91,0.0,3329.23
15669.88,71.94,89,1.225,3329.23
15669.88,72.92,79,1.225,3329.23
15669.88,71.4,79,0.0,3329.23
15669.88,71.64,94,0.0,3329.23
15669.88,71.89,94,0.0,3329.23
15669.88,71.69,94,1.2125,3329.23
15669.88,71.92,89,0.0,3329.23
15669.88,72.16,91,0.0,3329.23
15669.88,72.27,91,1.2125,3329.23
15669.88,72.27,91,0.0,3329.23
15669.88,72.26,91,0.0,3329.23
15669.88,72.26,90,0.0,3329.23
15669.88,72.26,90,1.225,3329.23
15669.88,71.74,91,0.0,3329.23
15669.88,71.55,91,0.0,3329.23
15669.88,71.55,91,0.0,3329.23
15669.88,71.74,91,0.0,3329.23
15669.88,71.89,90,1.2125,3329.23
15669.88,72.12,90,0.0,3329.23
15669.88,72.15,89,0.0,3329.23
15669.88,71.93,89,0.0,3329.23
15669.88,71.93,91,2.45,3329.23
15669.88,71.93,91,0.0,3329.23
15669.88,72.04,89,0.0,3329.23
15669.88,72.19,89,0.0,3329.23
15669.88,71.88,90,1.2125,3329.23
15669.88,74.0,90,1.2125,3329.23
15669.88,72.48,75,0.0,3329.23
15669.88,71.99,75,1.2125,3329.23
15669.88,72.19,94,0.0,3329.23
15669.88,72.19,94,0.0,3329.23
15669.88,72.41,91,0.0,3329.23
15669.88,72.81,91,1.1875,3329.23
15669.88,72.85,90,0.0,3329.23
15669.88,72.8,90,0.0,3329.23
15669.88,72.92,88,1.2125,3329.23
15669.88,72.92,88,0.0,3329.23
15669.88,70.65,90,0.0,3329.23
15669.88,70.65,91,1.2125,3329.23
15669.88,71.81,91,0.0,3329.23
15669.88,71.56,89,0.0,3329.23
15669.88,71.34,89,1.2,3329.23
15669.88,71.2,89,0.0,3329.23
15669.88,71.2,89,0.0,3329.23
15669.88,71.46,88,0.0,3329.23
15669.88,71.56,88,2.425,3329.23
15669.88,71.52,90,0.0,3329.23
15669.88,71.43,90,0.0,3329.23
15669.88,71.43,91,0.0,3329.23
15669.88,71.59,91,1.1875,3329.23
15669.88,71.37,89,0.0,3329.23
15669.88,71.3,89,1.2125,3329.23
15669.88,68.61,80,0.0,3329.23
15669.88,67.88,80,2.425,3329.23
15669.88,67.98,91,0.0,3329.23
15669.88,68.11,91,0.0,3329.23
15669.88,68.21,89,1.2125,3329.23
15669.88,68.76,89,0.0,3329.23
15669.88,69.17,89,0.0,3329.23
15669.88,68.95,89,0.0,3329.23
15669.88,69.06,89,0.0,3329.23
15669.88,69.33,90,1.225,3329.23
15669.88,71.82,90,0.0,3329.23
15669.88,71.53,91,0.0,3329.23
15669.88,71.89,91,0.0,3329.23
15669.88,72.11,91,1.225,3329.23
15669.88,72.02,90,0.0,3329.23
15669.88,72.03,91,0.0,3329.23
15669.88,71.63,91,0.0,3329.23
15669.88,71.63,91,1.225,3329.23
15669.88,71.69,91,0.0,3329.23
15669.88,72.01,91,0.0,3329.23
15669.88,71.73,90,1.2125,3329.23
15669.88,71.68,90,0.0,3329.23
15669.88,71.67,90,0.0,3329.23
15669.88,71.95,91,0.0,3329.23
15669.88,71.7,91,1.2125,3329.23
15669.88,71.62,91,1.2125,3329.23
15669.88,71.91,90,0.0,3329.23
15669.88,70.79,82,1.2125,3329.23
15669.88,70.84,82,0.0,3329.23
15669.88,71.04,90,0.0,3329.23
15669.88,71.4,87,2.4375,3329.23
15669.88,72.34,87,0.0,3329.23
15669.88,72.46,90,0.0,3329.23
15669.88,72.78,90,0.0,3329.23
15669.88,72.8,90,1.2125,3329.23
15669.88,72.75,90,0.0,3329.23
15669.88,72.58,89,0.0,3329.23
15669.88,73.03,89,0.0,3329.23
15669.88,72.82,89,1.2125,3329.23
15669.88,72.58,90,0.0,3329.23
15669.88,72.04,90,0.0,3329.23
15669.88,71.37,88,1.1875,3329.23
15669.88,71.55,88,0.0,3329.23
15669.88,71.44,88,0.0,3329.23
15669.88,71.55,90,0.0,3329.23
15669.88,71.47,90,1.225,3329.23
15669.88,71.56,90,0.0,3329.23
15669.88,71.64,91,0.0,3329.23
15669.88,71.7,91,0.0,3329.23
15669.88,71.7,91,1.225,3329.23
15669.88,71.79,91,1.225,3329.23
15669.88,74.08,91,0.0,3329.23
15669.88,72.72,91,1.225,3329.23
15669.88,72.7,82,0.0,3329.23
15669.88,73.22,82,0.0,3329.23
15669.88,73.21,90,0.0,3329.23
15669.88,73.51,90,0.0,3329.23
15669.88,73.59,91,2.4375,3329.23
15669.88,73.64,91,0.0,3329.23
15669.88,73.74,91,0.0,3329.23
15669.88,74.31,89,0.0,3329.23
15669.88,74.42,89,1.2125,3329.23
15669.88,72.01,89,0.0,3329.23
15669.88,73.11,89,0.0,3329.23
15669.88,73.09,91,1.2125,3329.23
15669.88,72.7,91,0.0,3329.23
15669.88,72.72,90,0.0,3329.23
15669.88,72.72,90,1.2125,3329.23
15669.88,72.75,90,0.0,3329.23
15669.88,73.44,90,0.0,3329.23
15669.88,72.83,88,0.0,3329.23
15669.88,72.5,88,1.2125,3329.23
15669.88,72.51,89,0.0,3329.23
15669.88,72.64,89,0.0,3329.23
15669.88,72.6,90,0.0,3329.23
15669.88,72.6,90,1.225,3329.23
15669.88,69.15,90,1.225,3329.23
15669.88,68.98,90,0.0,3329.23
15669.88,69.08,79,1.2125,3329.23
15669.88,69.08,79,0.0,3329.23
15669.88,68.23,94,0.0,3329.23
15669.88,67.81,94,1.225,3329.23
15669.88,67.95,90,0.0,3329.23
15669.88,68.28,90,1.2,3329.23
15669.88,68.33,88,0.0,3329.23
15669.88,68.82,88,1.2125,3329.23
15669.88,68.72,89,0.0,3329.23
15669.88,68.83,89,0.0,3329.23
15669.88,72.07,90,1.2125,3329.23
15669.88,72.05,90,0.0,3329.23
15669.88,72.5,90,0.0,3329.23
15669.88,72.17,90,1.2125,3329.23
15669.88,72.17,90,0.0,3329.23
15669.88,72.22,90,0.0,3329.23
15669.88,72.23,90,1.2125,3329.23
15669.88,71.74,90,0.0,3329.23
15669.88,72.48,90,0.0,3329.23
15669.88,72.57,87,0.0,3329.23
15669.88,72.39,87,1.2125,3329.23
15669.88,72.12,90,0.0,3329.23
15669.88,71.94,90,0.0,3329.23
15669.88,72.03,89,1.2125,3329.23
15669.88,72.09,89,0.0,3329.23
15669.88,72.13,89,2.4375,3329.23
15669.88,69.03,89,0.0,3329.23
15669.88,68.99,79,0.0,3329.23
15669.88,68.05,79,0.0,3329.23
15669.88,67.42,92,1.2125,3329.23
15669.88,67.25,92,0.0,3329.23
15669.88,67.7,87,0.0,3329.23
15669.88,68.21,87,1.225,3329.23
15669.88,68.47,90,0.0,3329.23
15669.88,68.48,90,0.0,3329.23
15669.88,68.65,89,1.2125,3329.23
15669.88,68.85,89,1.2125,3329.23
15669.88,71.94,89,0.0,3329.23
15669.88,71.75,89,0.0,3329.23
15669.88,72.63,90,1.2125,3329.23
15669.88,72.2,90,0.0,3329.23
15669.88,72.22,86,0.0,3329.23
15669.88,72.23,86,1.225,3329.23
15669.88,72.17,90,0.0,3329.23
15669.88,72.03,91,0.0,3329.23
15669.88,71.88,91,0.0,3329.23
15669.88,71.46,89,0.0,3329.23
15669.88,71.09,89,1.2,3329.23
15669.88,70.9,88,0.0,3329.23
15669.88,70.99,88,0.0,3329.23
15669.88,70.94,88,1.2125,3329.23
15669.88,71.48,90,1.2125,3329.23
15669.88,68.58,75,1.2125,3329.23
15669.88,68.58,75,0.0,3329.23
15669.88,67.99,95,0.0,3329.23
15669.88,67.99,95,1.2125,3329.23
15669.88,68.72,90,0.0,3329.23
15669.88,68.98,90,0.0,3329.23
15669.88,69.29,88,0.0,3329.23
15669.88,69.6,88,1.225,3329.23
15669.88,69.83,90,0.0,3329.23
15669.88,69.69,90,0.0,3329.23
15669.88,69.61,90,1.2,3329.23
15669.88,72.02,90,1.2125,3329.23
15669.88,71.8,89,0.0,3329.23
15669.88,72.34,89,0.0,3329.23
15669.88,72.02,89,1.225,3329.23
15669.88,72.15,89,0.0,3329.23
15669.88,72.08,89,0.0,3329.23
15669.88,71.97,89,0.0,3329.23
15669.88,71.65,90,1.2125,3329.23
15669.88,71.61,90,0.0,3329.23
15669.88,71.35,89,0.0,3329.23
15669.88,71.19,89,1.2125,3329.23
15669.88,71.77,89,0.0,3329.23
15669.88,71.96,89,0.0,3329.23
15669.88,72.35,88,0.0,3329.23
15669.88,72.51,88,2.425,3329.23
15669.88,72.24,88,0.0,3329.23
15669.88,73.43,88,1.2125,3329.23
15669.88,72.26,80,0.0,3329.23
15669.88,72.5,80,0.0,3329.23
15669.88,72.89,90,1.2125,3329.23
15669.88,72.89,90,0.0,3329.23
15669.88,73.19,89,0.0,3329.23
15669.88,72.67,89,1.2125,3329.23
15669.88,72.67,89,0.0,3329.23
15669.88,72.46,88,0.0,3329.23
15669.88,72.2,88,1.2125,3329.23
15669.88,71.77,88,0.0,3329.23
15669.88,71.23,88,0.0,3329.23
15669.88,71.04,89,1.2125,3329.23
15669.88,70.92,89,0.0,3329.23
15669.88,71.0,90,0.0,3329.23
15669.88,71.12,90,1.2125,3329.23
15669.88,71.22,90,0.0,3329.23
15669.88,71.27,90,0.0,3329.23
15669.88,71.04,88,1.225,3329.23
15669.88,71.11,88,0.0,3329.23
15669.88,71.37,90,0.0,3329.23
15669.88,71.41,90,1.2125,3329.23
15669.88,71.5,91,0.0,3329.23
15669.88,71.68,91,0.0,3329.23
15669.88,71.4,90,3.65,3329.23
15669.88,70.53,90,0.0,3329.23
15669.88,70.24,81,0.0,3329.23
15669.88,69.54,81,1.2125,3329.23
15669.88,69.93,90,0.0,3329.23
15669.88,70.31,90,0.0,3329.23
15669.88,70.93,89,0.0,3329.23
15669.88,71.76,87,1.225,3329.23
15669.88,71.79,87,0.0,3329.23
15669.88,72.13,87,0.0,3329.23
15669.88,71.93,90,0.0,3329.23
15669.88,72.08,91,0.0,3329.23
15669.88,72.76,91,1.225,3329.23
15669.88,72.51,89,0.0,3329.23
15669.88,72.47,89,1.2125,3329.23
15669.88,72.24,88,0.0,3329.23
15669.88,71.98,88,1.225,3329.23
15669.88,71.57,89,0.0,3329.23
15669.88,71.56,89,0.0,3329.23
15669.88,71.11,89,1.2125,3329.23
15669.88,71.11,89,0.0,3329.23
15669.88,70.94,87,0.0,3329.23
15669.88,70.88,87,1.2125,3329.23
15669.88,71.0,88,0.0,3329.23
15669.88,71.25,88,0.0,3329.23
15669.88,71.22,90,0.0,3329.23
15669.88,71.67,90,2.4875,3329.23
15669.88,73.0,79,0.0,3329.23
15669.88,72.94,79,0.0,3329.23
15669.88,71.49,97,1.2125,3329.23
15669.88,71.58,97,0.0,3329.23
15669.88,71.85,90,0.0,3329.23
15669.88,71.86,90,1.2125,3329.23
15669.88,72.27,89,0.0,3329.23
15669.88,72.5,90,0.0,3329.23
15669.88,72.54,90,0.0,3329.23
15669.88,72.63,91,1.2125,3329.23
15669.88,72.45,91,1.2125,3329.23
15669.88,70.73,91,0.0,3329.23
15669.88,70.49,91,0.0,3329.23
15669.88,71.67,89,0.0,3329.23
15669.88,71.58,89,1.225,3329.23
15669.88,71.9,90,0.0,3329.23
15669.88,71.9,90,0.0,3329.23
15669.88,71.57,91,0.0,3329.23
15669.88,71.77,91,1.2125,3329.23
15669.88,71.72,90,0.0,3329.23
15669.88,71.14,90,0.0,3329.23
15669.88,71.17,88,1.2125,3329.23
15669.88,71.09,88,0.0,3329.23
15669.88,71.21,90,0.0,3329.23
15669.88,71.24,90,0.0,3329.23
15669.88,71.37,89,1.225,3329.23
15669.88,70.39,89,1.225,3329.23
15669.88,70.68,82,0.0,3329.23
15669.88,69.86,82,0.0,3329.23
15669.88,69.8,90,1.2125,3329.23
15669.88,69.56,90,0.0,3329.23
15669.88,70.21,88,0.0,3329.23
15669.88,70.52,88,1.2125,3329.23
15669.88,70.8,91,0.0,3329.23
15669.88,70.99,91,0.0,3329.23
15669.88,71.0,90,0.0,3329.23
15669.88,70.81,90,1.225,3329.23
15669.88,72.02,90,0.0,3329.23
15669.88,71.46,90,1.225,3329.23
15669.88,72.21,91,1.2125,3329.23
15669.88,72.12,91,0.0,3329.23
15669.88,72.63,88,0.0,3329.23
15669.88,72.41,90,1.2125,3329.23
15669.88,72.44,90,0.0,3329.23
15669.88,72.44,89,0.0,3329.23
15669.88,72.13,89,1.2125,3329.23
15669.88,71.95,90,0.0,3329.23
15669.88,71.29,90,0.0,3329.23
15669.88,71.33,90,1.2125,3329.23
15669.88,71.6,90,0.0,3329.23
15669.88,71.89,88,0.0,3329.23
15669.88,71.96,88,2.4125,3329.23
15669.88,74.08,75,0.0,3329.23
15669.88,72.37,75,0.0,3329.23
15669.88,72.7,91,0.0,3329.23
15669.88,72.99,91,1.2375,3329.23
15669.88,73.11,91,0.0,3329.23
15669.88,73.16,90,0.0,3329.23
15669.88,73.25,90,1.2375,3329.23
15669.88,73.42,88,0.0,3329.23
15669.88,73.29,88,0.0,3329.23
15669.88,73.29,91,0.0,3329.23
15669.88,72.81,91,1.2375,3329.23
15669.88,70.78,90,0.0,3329.23
15669.88,72.94,90,0.0,3329.23
15669.88,73.02,88,0.0,3329.23
15669.88,73.02,88,1.25,3329.23
15669.88,72.91,89,0.0,3329.23
15669.88,72.69,89,0.0,3329.23
15669.88,72.75,90,0.0,3329.23
15669.88,73.02,90,1.2375,3329.23
15669.88,72.94,90,0.0,3329.23
15669.88,72.89,90,0.0,3329.23
15669.88,72.77,90,0.0,3329.23
15669.88,72.37,90,0.0,3329.23
15669.88,72.52,90,1.25,3329.23
15669.88,71.68,90,1.2375,3329.23
15669.88,71.51,90,0.0,3329.23
15669.88,68.67,75,2.4875,3329.23
15669.88,68.65,75,0.0,3329.23
15669.88,68.71,100,0.0,3329.23
15669.88,67.5,100,1.2375,3329.23
15669.88,67.47,92,0.0,3329.23
15669.88,67.9,92,0.0,3329.23
15669.88,68.22,90,1.25,3329.23
15669.88,67.88,90,0.0,3329.23
15669.88,67.88,90,0.0,3329.23
15669.88,67.59,90,0.0,3329.23
15669.88,67.82,90,1.2375,3329.23
15669.88,70.88,90,0.0,3329.23
15669.88,70.84,89,0.0,3329.23
15669.88,71.21,89,1.2375,3329.23
15669.88,72.89,89,0.0,3329.23
15669.88,73.36,89,0.0,3329.23
15669.88,73.38,90,1.2375,3329.23
15669.88,73.32,90,0.0,3329.23
15669.88,73.11,90,0.0,3329.23
15669.88,72.98,91,0.0,3329.23
15669.88,73.2,91,1.2375,3329.23
15669.88,72.93,91,0.0,3329.23
15669.88,72.5,91,0.0,3329.23
15669.88,72.5,91,1.2125,3329.23
15669.88,72.34,91,0.0,3329.23
15669.88,71.92,87,0.0,3329.23
15669.88,71.83,88,0.0,3329.23
15669.88,72.02,88,1.2,3329.23
15669.88,72.0,89,2.475,3329.23
15669.88,73.93,89,1.1875,3329.23
15669.88,73.89,81,0.0,3329.23
15669.88,72.54,93,0.0,3329.23
15669.88,72.73,93,1.2125,3329.23
15669.88,73.35,90,0.0,3329.23
15669.88,74.21,90,0.0,3329.23
15669.88,73.67,90,1.2125,3329.23
15669.88,73.45,90,0.0,3329.23
15669.88,72.95,90,0.0,3329.23
15669.88,72.79,90,1.2125,3329.23
15669.88,70.83,88,0.0,3329.23
15669.88,70.58,88,0.0,3329.23
15669.88,71.69,88,0.0,3329.23
15669.88,71.59,90,1.2125,3329.23
15669.88,71.54,90,0.0,3329.23
15669.88,71.52,90,0.0,3329.23
15669.88,71.39,90,1.2125,3329.23
15669.88,71.39,90,0.0,3329.23
15669.88,71.11,90,0.0,3329.23
15669.88,71.18,90,1.2125,3329.23
15669.88,71.18,90,0.0,3329.23
15669.88,71.17,90,0.0,3329.23
15669.88,71.2,90,1.2125,3329.23
15669.88,71.51,90,0.0,3329.23
15669.88,71.69,90,0.0,3329.23
15669.88,71.69,90,1.2125,3329.23
15669.88,71.62,90,1.2125,3329.23
15669.88,71.6,91,1.2125,3329.23
15669.88,72.37,81,0.0,3329.23
15669.88,70.98,81,0.0,3329.23
15669.88,71.27,90,1.2125,3329.23
15669.88,71.6,90,0.0,3329.23
15669.88,71.6,90,0.0,3329.23
15669.88,71.96,90,1.2125,3329.23
15669.88,71.99,89,1.2125,3329.23
15669.88,71.91,89,0.0,3329.23
15669.88,72.19,89,0.0,3329.23
15669.88,71.81,89,0.0,3329.23
15669.88,70.72,91,1.2125,3329.23
15669.88,71.98,91,0.0,3329.23
15669.88,71.98,90,0.0,3329.23
15669.88,71.94,90,1.2125,3329.23
15669.88,71.67,91,0.0,3329.23
15669.88,72.03,91,0.0,3329.23
15669.88,72.17,90,1.2125,3329.23
15669.88,72.11,90,0.0,3329.23
15669.88,72.04,90,0.0,3329.23
15669.88,71.56,91,0.0,3329.23
15669.88,71.69,91,0.0,3329.23
15669.88,71.72,90,1.2125,3329.23
15669.88,71.79,90,0.0,3329.23
15669.88,72.15,90,2.425,3329.23
15669.88,72.04,90,0.0,3329.23
15669.88,74.43,80,1.2125,3329.23
15669.88,72.65,80,0.0,3329.23
15669.88,72.54,94,0.0,3329.23
15669.88,72.81,94,1.2125,3329.23
15669.88,73.2,91,0.0,3329.23
15669.88,73.5,91,0.0,3329.23
15669.88,73.6,90,1.2125,3329.23
15669.88,73.65,90,0.0,3329.23
15669.88,73.09,90,0.0,3329.23
15669.88,73.21,90,0.0,3329.23
15669.88,70.79,90,1.2125,3329.23
15669.88,70.66,90,0.0,3329.23
15669.88,71.58,90,1.2125,3329.23
15669.88,71.71,90,1.2125,3329.23
15669.88,71.59,90,0.0,3329.23
15669.88,71.41,90,0.0,3329.23
15669.88,71.41,90,1.2125,3329.23
15669.88,71.42,90,0.0,3329.23
15669.88,71.05,90,0.0,3329.23
15669.88,71.26,90,0.0,3329.23
15669.88,70.96,90,1.2125,3329.23
15669.88,70.87,90,0.0,3329.23
15669.88,70.9,90,1.2125,3329.23
15669.88,70.81,90,0.0,3329.23
15669.88,71.1,89,0.0,3329.23
15669.88,71.05,90,1.175,3329.23
15669.88,71.11,90,1.2,3329.23
15669.88,72.95,78,1.2375,3329.23
15669.88,71.87,78,0.0,3329.23
15669.88,71.95,85,0.0,3329.23
15669.88,72.45,85,1.2125,3329.23
15669.88,72.81,89,0.0,3329.23
15669.88,73.16,89,0.0,3329.23
15669.88,73.74,89,0.0,3329.23
15669.88,73.57,89,1.2125,3329.23
15669.88,73.37,90,0.0,3329.23
15669.88,73.0,90,0.0,3329.23
15669.88,70.64,89,1.225,3329.23
15669.88,71.44,89,0.0,3329.23
15669.88,71.6,90,0.0,3329.23
15669.88,70.95,90,0.0,3329.23
15669.88,71.04,88,1.2125,3329.23
15669.88,71.53,88,0.0,3329.23
15669.88,71.14,89,0.0,3329.23
15669.88,71.05,89,0.0,3329.23
15669.88,70.94,89,1.225,3329.23
15669.88,70.61,90,1.225,3329.23
15669.88,70.74,90,0.0,3329.23
15669.88,71.15,88,0.0,3329.23
15669.88,71.1,91,1.2125,3329.23
15669.88,71.13,91,0.0,3329.23
15669.88,71.22,90,1.125,3329.23
15669.88,70.85,74,1.225,3329.23
15669.88,71.78,74,0.0,3329.23
15669.88,70.62,92,0.0,3329.23
15669.88,70.61,92,0.0,3329.23
15669.88,71.28,89,1.1875,3329.23
15669.88,71.46,89,0.0,3329.23
15669.88,71.89,89,0.0,3329.23
15669.88,72.15,88,2.425,3329.23
15669.88,72.29,88,0.0,3329.23
15669.88,71.98,91,0.0,3329.23
15669.88,71.77,91,0.0,3329.23
15669.88,70.32,89,1.2125,3329.23
15669.88,71.49,90,0.0,3329.23
15669.88,71.53,90,0.0,3329.23
15669.88,71.37,90,1.2125,3329.23
15669.88,71.58,89,0.0,3329.23
15669.88,71.69,89,0.0,3329.23
15669.88,71.78,89,0.0,3329.23
15669.88,71.49,87,1.2125,3329.23
15669.88,71.47,87,0.0,3329.23
15669.88,71.47,87,0.0,3329.23
15669.88,71.61,90,1.2125,3329.23
15669.88,71.56,90,0.0,3329.23
15669.88,71.56,89,0.0,3329.23
15669.88,71.45,89,1.225,3329.23
15669.88,71.45,88,1.2125,3329.23
15669.88,67.84,74,1.2125,3329.23
15669.88,67.84,74,0.0,3329.23
15669.88,67.29,93,0.0,3329.23
15669.88,67.47,93,1.2125,3329.23
15669.88,67.66,89,0.0,3329.23
15669.88,68.04,89,0.0,3329.23
15669.88,68.55,89,1.2125,3329.23
15669.88,69.12,89,0.0,3329.23
15669.88,69.43,88,0.0,3329.23
15669.88,69.28,88,1.2125,3329.23
15669.88,69.11,90,0.0,3329.23
15669.88,72.07,90,0.0,3329.23
15669.88,71.31,90,0.0,3329.23
15669.88,71.55,90,1.2125,3329.23
15669.88,71.32,89,0.0,3329.23
15669.88,71.22,89,0.0,3329.23
15669.88,71.5,88,1.2125,3329.23
15669.88,71.41,90,0.0,3329.23
15669.88,71.33,90,0.0,3329.23
15669.88,71.37,90,1.2125,3329.23
15669.88,71.51,90,0.0,3329.23
15669.88,71.29,89,0.0,3329.23
15669.88,71.5,89,0.0,3329.23
15669.88,71.77,90,2.425,3329.23
15669.88,71.98,90,0.0,3329.23
15669.88,71.91,90,2.425,3329.23
15669.88,73.11,90,0.0,3329.23
15669.88,71.78,82,0.0,3329.23
15669.88,71.58,82,1.2125,3329.23
15669.88,71.62,89,0.0,3329.23
15669.88,72.07,89,1.225,3329.23
15669.88,72.46,89,0.0,3329.23
15669.88,72.97,89,0.0,3329.23
15669.88,73.07,90,0.0,3329.23
15669.88,73.12,90,1.2,3329.23
15669.88,73.02,90,0.0,3329.23
15669.88,72.78,90,0.0,3329.23
15669.88,70.89,89,1.2125,3329.23
15669.88,71.92,89,0.0,3329.23
15669.88,71.97,89,0.0,3329.23
15669.88,71.58,88,1.2125,3329.23
15669.88,71.34,88,0.0,3329.23
15669.88,70.94,89,0.0,3329.23
15669.88,70.97,89,1.2125,3329.23
15669.88,71.28,90,0.0,3329.23
15669.88,71.3,90,0.0,3329.23
15669.88,71.38,91,0.0,3329.23
15669.88,71.48,91,1.2125,3329.23
15669.88,71.64,91,0.0,3329.23
15669.88,71.72,89,1.225,3329.23
15669.88,71.95,89,0.0,3329.23
15669.88,68.61,88,2.4375,3329.23
15669.88,68.82,88,0.0,3329.23
15669.88,68.8,78,1.2125,3329.23
15669.88,68.14,95,0.0,3329.23
15669.88,68.1,95,0.0,3329.23
15669.88,68.1,95,1.2125,3329.23
15669.88,68.66,90,0.0,3329.23
15669.88,68.89,90,0.0,3329.23
15669.88,69.01,90,0.0,3329.23
15669.88,69.01,90,1.2125,3329.23
15669.88,68.77,90,0.0,3329.23
15669.88,68.77,90,0.0,3329.23
15669.88,71.2,90,1.225,3329.23
15669.88,71.2,88,0.0,3329.23
15669.88,70.9,88,0.0,3329.23
15669.88,71.32,89,1.2125,3329.23
15669.88,71.31,89,0.0,3329.23
15669.88,71.31,90,0.0,3329.23
15669.88,71.19,90,1.2125,3329.23
15669.88,71.5,88,0.0,3329.23
15669.88,71.78,88,0.0,3329.23
15669.88,71.52,91,0.0,3329.23
15669.88,71.11,91,1.225,3329.23
15669.88,71.74,88,0.0,3329.23
15669.88,71.74,88,0.0,3329.23
15669.88,72.2,91,0.0,3329.23
15669.88,72.2,91,1.2125,3329.23
15669.88,72.14,89,1.2125,3329.23
15669.88,70.85,89,0.0,3329.23
15669.88,71.48,79,0.0,3329.23
15669.88,70.21,79,1.225,3329.23
15669.88,69.95,91,0.0,3329.23
15669.88,70.33,91,0.0,3329.23
15669.88,70.89,90,2.4375,3329.23
15669.88,71.03,90,0.0,3329.23
15669.88,70.95,90,0.0,3329.23
15669.88,71.03,90,0.0,3329.23
15669.88,70.71,89,1.2125,3329.23
15669.88,70.46,89,0.0,3329.23
15669.88,71.34,89,0.0,3329.23
15669.88,70.6,90,0.0,3329.23
15669.88,71.21,90,1.2125,3329.23
15669.88,71.41,90,0.0,3329.23
15669.88,71.14,90,0.0,3329.23
15669.88,71.0,88,0.0,3329.23
15669.88,71.34,88,1.225,3329.23
15669.88,71.21,90,0.0,3329.23
15669.88,71.22,90,0.0,3329.23
15669.88,71.1,91,0.0,3329.23
15669.88,71.16,91,0.0,3329.23
15669.88,71.61,90,1.225,3329.23
15669.88,71.6,90,0.0,3329.23
15669.88,71.72,90,0.0,3329.23
15669.88,71.59,90,2.4,3329.23
15669.88,73.67,80,1.2125,3329.23
15669.88,72.34,80,0.0,3329.23
15669.88,72.13,93,0.0,3329.23
15669.88,72.32,93,1.2125,3329.23
15669.88,72.64,92,0.0,3329.23
15669.88,72.87,92,0.0,3329.23
15669.88,73.45,89,0.0,3329.23
15669.88,73.47,89,1.2125,3329.23
15669.88,73.54,90,0.0,3329.23
15669.88,73.35,90,0.0,3329.23
15669.88,73.44,88,1.2125,3329.23
15669.88,71.36,88,0.0,3329.23
15669.88,72.76,88,0.0,3329.23
15669.88,72.87,88,1.2125,3329.23
15669.88,72.82,89,0.0,3329.23
15669.88,72.51,88,0.0,3329.23
15669.88,72.59,88,1.2125,3329.23
15669.88,72.37,89,0.0,3329.23
15669.88,72.15,89,0.0,3329.23
15669.88,71.99,89,1.2125,3329.23
15669.88,71.75,89,0.0,3329.23
15669.88,71.87,91,0.0,3329.23
15669.88,71.82,91,0.0,3329.23
15669.88,72.17,89,1.2125,3329.23
15669.88,71.92,89,1.2125,3329.23
15669.88,69.12,78,2.4375,3329.23
15669.88,69.24,78,0.0,3329.23
15669.88,69.25,96,0.0,3329.23
15669.88,67.7,96,1.2125,3329.23
15669.88,67.71,94,0.0,3329.23
15669.88,67.97,94,0.0,3329.23
15669.88,68.18,90,0.0,3329.23
15669.88,68.42,90,1.2125,3329.23
15669.88,68.5,90,0.0,3329.23
15669.88,67.89,90,0.0,3329.23
15669.88,67.89,90,0.0,3329.23
15669.88,68.09,91,1.1875,3329.23
15669.88,70.91,91,0.0,3329.23
15669.88,70.91,91,1.2125,3329.23
15669.88,71.69,91,0.0,3329.23
15669.88,71.69,91,0.0,3329.23
15669.88,71.61,89,1.2125,3329.23
15669.88,71.48,89,0.0,3329.23
15669.88,71.74,89,0.0,3329.23
15669.88,71.55,89,1.2125,3329.23
15669.88,71.7,91,0.0,3329.23
15669.88,71.72,91,0.0,3329.23
15669.88,71.51,89,1.2125,3329.23
15669.88,71.41,89,0.0,3329.23
15669.88,71.48,91,0.0,3329.23
15669.88,71.6,91,1.2125,3329.23
15669.88,71.81,90,0.0,3329.23
15669.88,71.46,90,0.0,3329.23
15669.88,71.79,89,2.4375,3329.23
15669.88,71.63,89,0.0,3329.23
15669.88,71.45,82,0.0,3329.23
15669.88,70.97,82,1.225,3329.23
15669.88,71.09,90,0.0,3329.23
15669.88,71.33,90,0.0,3329.23
15669.88,71.6,90,0.0,3329.23
15669.88,72.35,90,1.225,3329.23
15669.88,72.53,90,1.225,3329.23
15669.88,72.57,91,0.0,3329.23
15669.88,72.36,91,0.0,3329.23
15669.88,71.92,91,1.225,3329.23
15669.88,71.93,91,0.0,3329.23
15669.88,72.26,90,0.0,3329.23
15669.88,72.01,90,0.0,3329.23
15669.88,71.61,89,1.2125,3329.23
15669.88,72.11,89,0.0,3329.23
15669.88,71.89,90,0.0,3329.23
15669.88,71.89,90,0.0,3329.23
15669.88,71.8,90,0.0,3329.23
15669.88,71.94,91,1.225,3329.23
15669.88,71.67,90,0.0,3329.23
15669.88,71.54,90,0.0,3329.23
15669.88,71.78,90,0.0,3329.23
15669.88,71.92,90,0.0,3329.23
15669.88,71.91,90,1.2125,3329.23
15669.88,71.15,91,1.2125,3329.23
15669.88,71.21,75,0.0,3329.23
15669.88,71.31,95,1.2125,3329.23
15669.88,70.38,95,0.0,3329.23
15669.88,70.33,89,0.0,3329.23
15669.88,70.76,89,1.225,3329.23
15669.88,71.25,89,0.0,3329.23
15669.88,71.44,91,1.1875,3329.23
15669.88,71.44,91,0.0,3329.23
15669.88,71.36,90,0.0,3329.23
15669.88,71.41,90,0.0,3329.23
15669.88,72.53,91,1.225,3329.23
15669.88,71.6,91,0.0,3329.23
15669.88,71.11,91,0.0,3329.23
15669.88,71.5,91,0.0,3329.23
15669.88,71.35,88,1.2125,3329.23
15669.88,71.55,88,0.0,3329.23
15669.88,71.49,90,0.0,3329.23
15669.88,71.33,90,1.2125,3329.23
15669.88,71.01,90,0.0,3329.23
15669.88,71.14,88,0.0,3329.23
15669.88,71.14,88,0.0,3329.23
15669.88,70.91,91,1.225,3329.23
15669.88,71.03,91,0.0,3329.23
15669.88,71.43,90,0.0,3329.23
15669.88,71.68,90,1.2125,3329.23
15669.88,71.29,88,0.0,3329.23
15669.88,68.05,88,1.2375,3329.23
15669.88,68.13,80,0.0,3329.23
15669.88,67.86,80,1.2375,3329.23
15669.88,67.93,89,0.0,3329.23
15669.88,68.0,89,0.0,3329.23
15669.88,68.43,90,2.4875,3329.23
15669.88,68.74,90,0.0,3329.23
15669.88,68.91,90,0.0,3329.23
15669.88,68.83,90,0.0,3329.23
15669.88,68.5,90,1.2375,3329.23
15669.88,69.2,89,0.0,3329.23
15669.88,69.2,89,0.0,3329.23
15669.88,71.95,89,1.25,3329.23
15669.88,71.78,90,0.0,3329.23
15669.88,72.08,90,0.0,3329.23
15669.88,72.24,90,0.0,3329.23
15669.88,72.29,90,1.2375,3329.23
15669.88,72.02,88,0.0,3329.23
15669.88,71.99,88,0.0,3329.23
15669.88,71.94,90,0.0,3329.23
15669.88,71.78,90,1.25,3329.23
15669.88,71.27,90,0.0,3329.23
15669.88,71.51,90,0.0,3329.23
15669.88,71.78,92,0.0,3329.23
15669.88,72.07,92,1.25,3329.23
15669.88,71.86,93,0.0,3329.23
15669.88,72.0,93,1.25,3329.23
15669.88,71.98,85,0.0,3329.23
15669.88,70.67,85,1.25,3329.23
15669.88,70.71,92,0.0,3329.23
15669.88,70.71,92,0.0,3329.23
15669.88,70.97,92,0.0,3329.23
15669.88,71.62,90,2.4875,3329.23
15669.88,71.67,90,0.0,3329.23
15669.88,71.72,90,0.0,3329.23
15669.88,71.42,90,0.0,3329.23
15669.88,71.42,90,1.2375,3329.23
15669.88,71.0,88,0.0,3329.23
15669.88,70.74,88,0.0,3329.23
15669.88,71.55,90,0.0,3329.23
15669.88,71.33,90,1.2375,3329.23
15669.88,71.19,90,0.0,3329.23
15669.88,71.45,90,0.0,3329.23
15669.88,71.5,90,1.25,3329.23
15669.88,71.55,90,0.0,3329.23
15669.88,71.47,90,0.0,3329.23
15669.88,71.58,90,0.0,3329.23
15669.88,71.34,90,1.2125,3329.23
15669.88,71.3,90,0.0,3329.23
15669.88,71.41,90,0.0,3329.23
15669.88,71.78,90,1.2125,3329.23
15669.88,71.78,90,0.0,3329.23
15669.88,71.33,90,2.4375,3329.23
15669.88,71.32,77,0.0,3329.23
15669.88,70.83,77,1.2125,3329.23
15669.88,70.83,95,0.0,3329.23
15669.88,70.91,95,0.0,3329.23
15669.88,71.14,88,0.0,3329.23
15669.88,72.15,88,1.2125,3329.23
15669.88,72.36,89,0.0,3329.23
15669.88,72.31,89,0.0,3329.23
15669.88,72.32,90,1.2125,3329.23
15669.88,72.12,90,0.0,3329.23
15669.88,72.12,88,0.0,3329.23
15669.88,72.11,88,0.0,3329.23
15669.88,71.7,91,1.225,3329.23
15669.88,71.91,91,0.0,3329.23
15669.88,71.83,90,0.0,3329.23
15669.88,72.27,90,1.2125,3329.23
15669.88,71.79,90,0.0,3329.23
15669.88,71.87,91,0.0,3329.23
15669.88,71.89,91,0.0,3329.23
15669.88,71.93,91,1.2125,3329.23
15669.88,72.23,91,0.0,3329.23
15669.88,72.29,90,0.0,3329.23
15669.88,72.47,90,1.2125,3329.23
15669.88,72.46,90,1.2125,3329.23
15669.88,72.4,90,1.1375,3329.23
15669.88,69.64,83,1.2,3329.23
15669.88,69.79,83,0.0,3329.23
15669.88,68.9,87,0.0,3329.23
15669.88,68.93,87,1.2125,3329.23
15669.88,69.23,91,0.0,3329.23
15669.88,69.62,91,0.0,3329.23
15669.88,69.44,90,0.0,3329.23
15669.88,69.53,90,0.0,3329.23
15669.88,69.86,89,1.2125,3329.23
15669.88,69.93,89,0.0,3329.23
15669.88,70.14,89,0.0,3329.23
15669.88,72.17,91,1.2125,3329.23
15669.88,71.62,91,0.0,3329.23
15669.88,72.36,90,0.0,3329.23
15669.88,72.47,90,1.2125,3329.23
15669.88,72.04,89,0.0,3329.23
15669.88,71.77,89,0.0,3329.23
15669.88,71.61,89,0.0,3329.23
15669.88,71.55,89,1.225,3329.23
15669.88,71.67,91,0.0,3329.23
15669.88,71.37,91,0.0,3329.23
15669.88,71.39,91,0.0,3329.23
15669.88,71.59,91,1.225,3329.23
15669.88,71.59,91,0.0,3329.23
15669.88,71.75,91,0.0,3329.23
15669.88,71.88,91,2.4875,3329.23
15669.88,73.06,90,1.175,3329.23
15669.88,71.88,81,0.0,3329.23
15669.88,71.94,81,0.0,3329.23
15669.88,71.61,89,1.2125,3329.23
15669.88,71.71,89,0.0,3329.23
15669.88,71.95,89,0.0,3329.23
15669.88,72.29,89,1.2125,3329.23
15669.88,72.29,89,0.0,3329.23
15669.88,72.42,90,0.0,3329.23
15669.88,72.53,91,1.2125,3329.23
15669.88,70.38,91,0.0,3329.23
15669.88,70.32,87,0.0,3329.23
15669.88,71.42,87,1.2125,3329.23
15669.88,71.46,90,0.0,3329.23
15669.88,71.39,90,0.0,3329.23
15669.88,71.48,89,0.0,3329.23
15669.88,71.49,89,0.0,3329.23
15669.88,71.39,90,1.2125,3329.23
15669.88,71.37,90,0.0,3329.23
15669.88,71.36,91,0.0,3329.23
15669.88,71.2,91,1.2125,3329.23
15669.88,71.29,91,0.0,3329.23
15669.88,71.37,91,0.0,3329.23
15669.88,71.48,89,1.2125,3329.23
15669.88,71.65,89,0.0,3329.23
15669.88,71.94,90,1.2125,3329.23
15669.88,72.51,90,1.225,3329.23
15669.88,72.51,82,0.0,3329.23
15669.88,70.92,82,1.2125,3329.23
15669.88,71.03,93,0.0,3329.23
15669.88,71.08,93,1.2125,3329.23
15669.88,71.44,91,0.0,3329.23
15669.88,71.95,91,0.0,3329.23
15669.88,71.98,91,1.2125,3329.23
15669.88,72.17,91,0.0,3329.23
15669.88,71.94,91,0.0,3329.23
15669.88,72.02,90,1.2125,3329.23
15669.88,71.23,90,0.0,3329.23
15669.88,70.8,91,0.0,3329.23
15669.88,72.05,91,1.2125,3329.23
15669.88,71.78,90,0.0,3329.23
15669.88,71.72,90,0.0,3329.23
15669.88,71.72,91,1.2125,3329.23
15669.88,71.45,91,0.0,3329.23
15669.88,71.28,91,0.0,3329.23
15669.88,71.27,91,0.0,3329.23
15669.88,70.88,91,1.2125,3329.23
15669.88,70.69,91,0.0,3329.23
15669.88,70.64,90,0.0,3329.23
15669.88,70.75,90,1.2125,3329.23
15669.88,70.87,91,0.0,3329.23
15669.88,70.6,91,1.2125,3329.23
15669.88,70.47,91,0.0,3329.23
15669.88,70.8,91,1.2125,3329.23
15669.88,69.62,85,0.0,3329.23
15669.88,69.67,85,0.0,3329.23
15669.88,70.58,90,0.0,3329.23
15669.88,71.02,90,1.225,3329.23
15669.88,71.02,89,0.0,3329.23
15669.88,71.49,89,0.0,3329.23
15669.88,71.67,91,0.0,3329.23
15669.88,71.64,91,1.225,3329.23
15669.88,71.94,90,0.0,3329.23
15669.88,71.72,90,0.0,3329.23
15669.88,71.08,90,0.0,3329.23
15669.88,72.25,90,1.1875,3329.23
15669.88,72.61,90,1.2125,3329.23
15669.88,72.3,90,0.0,3329.23
15669.88,72.24,91,1.225,3329.23
15669.88,72.19,91,0.0,3329.23
15669.88,72.04,91,0.0,3329.23
15669.88,72.02,91,0.0,3329.23
15669.88,71.88,91,1.225,3329.23
15669.88,71.75,90,0.0,3329.23
15669.88,72.03,90,0.0,3329.23
15669.88,72.88,89,0.0,3329.23
15669.88,72.58,89,0.0,3329.23
15669.88,72.61,90,2.3875,3329.23
15669.88,74.78,90,0.0,3329.23
15669.88,73.46,84,0.0,3329.23
15669.88,73.14,84,1.225,3329.23
15669.88,73.16,90,0.0,3329.23
15669.88,73.57,90,0.0,3329.23
15669.88,73.67,90,0.0,3329.23
15669.88,73.44,90,0.0,3329.23
15669.88,73.19,89,1.2125,3329.23
15669.88,73.36,89,0.0,3329.23
15669.88,73.49,90,0.0,3329.23
15669.88,73.39,90,0.0,3329.23
15669.88,70.91,91,1.225,3329.23
15669.88,71.84,91,0.0,3329.23
15669.88,71.99,91,0.0,3329.23
15669.88,72.02,91,0.0,3329.23
15669.88,71.89,93,1.2125,3329.23
15669.88,71.74,93,0.0,3329.23
15669.88,71.79,92,0.0,3329.23
15669.88,71.82,92,0.0,3329.23
15669.88,72.15,89,1.2,3329.23
15669.88,72.14,89,0.0,3329.23
15669.88,72.16,90,0.0,3329.23
15669.88,72.17,90,0.0,3329.23
15669.88,72.27,91,2.4125,3329.23
15669.88,72.38,91,0.0,3329.23
15669.88,72.21,91,2.425,3329.23
15669.88,69.29,78,0.0,3329.23
15669.88,69.17,78,0.0,3329.23
15669.88,68.97,87,1.2125,3329.23
15669.88,69.01,87,0.0,3329.23
15669.88,68.91,90,0.0,3329.23
15669.88,69.12,90,0.0,3329.23
15669.88,69.45,90,1.1875,3329.23
15669.88,69.75,90,0.0,3329.23
15669.88,69.5,90,0.0,3329.23
15669.88,69.56,90,1.2125,3329.23
15669.88,72.27,91,0.0,3329.23
15669.88,72.24,91,0.0,3329.23
15669.88,72.43,91,0.0,3329.23
15669.88,72.03,91,1.2125,3329.23
15669.88,71.83,91,0.0,3329.23
15669.88,71.92,91,0.0,3329.23
15669.88,71.8,89,1.2125,3329.23
15669.88,71.79,89,0.0,3329.23
15669.88,71.8,89,0.0,3329.23
15669.88,71.99,89,2.425,3329.23
15669.88,71.92,90,0.0,3329.23
15669.88,71.79,90,0.0,3329.23
15669.88,71.83,90,0.0,3329.23
15669.88,72.01,90,1.2125,3329.23
15669.88,72.15,89,1.2125,3329.23
15669.88,72.0,89,0.0,3329.23
15669.88,73.01,74,0.0,3329.23
15669.88,73.2,74,1.225,3329.23
15669.88,72.18,99,0.0,3329.23
15669.88,72.28,99,0.0,3329.23
15669.88,72.8,89,1.225,3329.23
15669.88,72.94,91,0.0,3329.23
15669.88,73.22,91,0.0,3329.23
15669.88,73.56,90,0.0,3329.23
15669.88,73.54,90,1.2125,3329.23
15669.88,73.39,90,0.0,3329.23
15669.88,73.44,90,0.0,3329.23
15669.88,72.17,90,0.0,3329.23
15669.88,72.32,90,1.2125,3329.23
15669.88,71.86,90,0.0,3329.23
15669.88,71.48,90,0.0,3329.23
15669.88,71.46,90,1.2125,3329.23
15669.88,71.45,90,1.2125,3329.23
15669.88,71.25,90,0.0,3329.23
15669.88,71.26,90,0.0,3329.23
15669.88,71.25,91,1.2125,3329.23
15669.88,71.18,91,0.0,3329.23
15669.88,70.98,90,0.0,3329.23
15669.88,71.68,90,1.225,3329.23
15669.88,71.71,87,0.0,3329.23
15669.88,71.86,87,0.0,3329.23
15669.88,71.83,90,1.2125,3329.23
15669.88,71.9,90,1.2125,3329.23
15669.88,68.96,77,0.0,3329.23
15669.88,68.91,77,0.0,3329.23
15669.88,68.53,95,1.225,3329.23
15669.88,68.76,95,0.0,3329.23
15669.88,69.16,91,0.0,3329.23
15669.88,69.53,91,0.0,3329.23
15669.88,69.04,89,0.0,3329.23
15669.88,69.28,89,1.2125,3329.23
15669.88,69.46,90,0.0,3329.23
15669.88,69.18,90,0.0,3329.23
15669.88,69.13,91,1.2125,3329.23
15669.88,71.79,91,0.0,3329.23
15669.88,71.66,91,0.0,3329.23
15669.88,71.94,90,1.1875,3329.23
15669.88,71.95,90,1.25,3329.23
15669.88,71.93,90,0.0,3329.23
15669.88,71.8,90,0.0,3329.23
15669.88,71.82,90,1.2125,3329.23
15669.88,71.64,90,0.0,3329.23
15669.88,71.78,91,0.0,3329.23
15669.88,71.6,91,0.0,3329.23
15669.88,72.11,89,1.225,3329.23
15669.88,72.46,89,0.0,3329.23
15669.88,72.56,90,0.0,3329.23
15669.88,72.51,90,0.0,3329.23
15669.88,70.42,85,1.225,3329.23
15669.88,70.45,85,1.225,3329.23
15669.88,69.18,89,0.0,3329.23
15669.88,69.21,89,0.0,3329.23
15669.88,69.43,91,1.2125,3329.23
15669.88,69.41,91,0.0,3329.23
15669.88,69.54,88,0.0,3329.23
15669.88,69.31,88,1.2125,3329.23
15669.88,69.04,89,0.0,3329.23
15669.88,68.81,89,0.0,3329.23
15669.88,68.85,90,1.2125,3329.23
15669.88,70.96,90,0.0,3329.23
15669.88,70.7,90,0.0,3329.23
15669.88,71.85,90,0.0,3329.23
15669.88,71.77,91,1.225,3329.23
15669.88,71.55,91,0.0,3329.23
15669.88,71.48,89,0.0,3329.23
15669.88,71.58,89,0.0,3329.23
15669.88,71.44,90,1.2125,3329.23
15669.88,71.44,90,0.0,3329.23
15669.88,71.33,89,0.0,3329.23
15669.88,70.96,89,1.2125,3329.23
15669.88,71.03,90,0.0,3329.23
15669.88,71.63,90,0.0,3329.23
15669.88,71.78,90,1.2125,3329.23
15669.88,71.77,90,0.0,3329.23
15669.88,72.67,90,2.425,3329.23
15669.88,71.45,90,0.0,3329.23
15669.88,71.67,78,0.0,3329.23
15669.88,72.67,78,0.0,3329.23
15669.88,72.87,88,1.1875,3329.23
15669.88,72.98,88,0.0,3329.23
15669.88,73.25,88,1.2125,3329.23
15669.88,73.14,90,1.2125,3329.23
15669.88,72.62,90,0.0,3329.23
15669.88,72.49,87,0.0,3329.23
15669.88,72.4,87,1.2125,3329.23
15669.88,71.29,89,0.0,3329.23
15669.88,72.26,89,0.0,3329.23
15669.88,71.9,89,0.0,3329.23
15669.88,71.22,89,1.2125,3329.23
15669.88,71.05,91,0.0,3329.23
15669.88,71.12,91,0.0,3329.23
15669.88,71.41,89,1.2125,3329.23
15669.88,71.52,89,0.0,3329.23
15669.88,71.6,91,0.0,3329.23
15669.88,71.38,91,1.2125,3329.23
15669.88,71.33,90,0.0,3329.23
15669.88,71.42,90,0.0,3329.23
15669.88,71.31,89,0.0,3329.23
15669.88,71.67,89,1.2125,3329.23
15669.88,71.57,90,2.325,3329.23
15669.88,71.42,90,0.0,3329.23
15669.88,72.14,77,0.0,3329.23
15669.88,70.59,92,1.2125,3329.23
15669.88,70.56,92,0.0,3329.23
15669.88,70.67,90,0.0,3329.23
15669.88,71.12,90,0.0,3329.23
15669.88,71.29,89,1.25,3329.23
15669.88,72.14,89,0.0,3329.23
15669.88,71.93,90,0.0,3329.23
15669.88,71.87,90,0.0,3329.23
15669.88,71.84,90,1.225,3329.23
15669.88,70.98,90,0.0,3329.23
15669.88,71.98,91,0.0,3329.23
15669.88,71.88,91,0.0,3329.23
15669.88,72.07,91,1.225,3329.23
15669.88,71.91,90,0.0,3329.23
15669.88,71.84,91,0.0,3329.23
15669.88,71.69,91,1.2125,3329.23
15669.88,71.8,91,0.0,3329.23
15669.88,71.59,91,0.0,3329.23
15669.88,71.57,91,0.0,3329.23
15669.88,71.59,87,1.225,3329.23
15669.88,71.54,87,0.0,3329.23
15669.88,71.49,91,0.0,3329.23
15669.88,71.95,90,1.2125,3329.23
15669.88,71.77,90,2.4,3329.23
15669.88,73.37,82,0.0,3329.23
15669.88,71.88,82,0.0,3329.23
15669.88,71.49,92,1.2125,3329.23
15669.88,71.7,92,0.0,3329.23
15669.88,72.09,90,0.0,3329.23
15669.88,72.53,90,0.0,3329.23
15669.88,72.53,88,1.2125,3329.23
15669.88,72.45,88,0.0,3329.23
15669.88,72.6,90,0.0,3329.23
15669.88,72.46,90,1.2125,3329.23
15669.88,70.57,90,0.0,3329.23
15669.88,72.01,90,0.0,3329.23
15669.88,72.01,90,1.2125,3329.23
15669.88,72.29,90,0.0,3329.23
15669.88,72.1,91,0.0,3329.23
15669.88,71.75,91,0.0,3329.23
15669.88,72.2,90,0.0,3329.23
15669.88,72.55,90,1.25,3329.23
15669.88,72.55,90,0.0,3329.23
15669.88,72.66,90,0.0,3329.23
15669.88,72.25,90,1.25,3329.23
15669.88,72.26,90,0.0,3329.23
15669.88,72.54,89,0.0,3329.23
15669.88,72.67,89,0.0,3329.23
15669.88,72.62,91,0.0,3329.23
15669.88,72.75,91,2.4875,3329.23
15669.88,73.43,78,1.25,3329.23
15669.88,73.36,78,0.0,3329.23
15669.88,72.46,95,1.25,3329.23
15669.88,72.54,95,0.0,3329.23
15669.88,72.72,91,0.0,3329.23
15669.88,73.12,91,0.0,3329.23
15669.88,73.28,91,0.0,3329.23
15669.88,73.4,91,1.25,3329.23
15669.88,73.41,91,0.0,3329.23
15669.88,73.17,90,0.0,3329.23
15669.88,72.94,90,1.25,3329.23
15669.88,72.02,91,0.0,3329.23
15669.88,72.02,91,0.0,3329.23
15669.88,72.12,91,0.0,3329.23
15669.88,72.12,91,0.0,3329.23
15669.88,72.04,90,1.25,3329.23
15669.88,72.04,90,0.0,3329.23
15669.88,71.88,91,0.0,3329.23
15669.88,71.72,91,1.25,3329.23
15669.88,71.72,91,0.0,3329.23
15669.88,71.5,91,0.0,3329.23
15669.88,71.43,91,0.0,3329.23
15669.88,71.59,91,1.2375,3329.23
15669.88,71.93,90,0.0,3329.23
15669.88,72.12,90,0.0,3329.23
15669.88,69.0,78,2.4875,3329.23
15669.88,68.92,78,0.0,3329.23
15669.88,68.14,96,0.0,3329.23
15669.88,68.19,96,1.25,3329.23
15669.88,68.49,96,0.0,3329.23
15669.88,69.12,89,0.0,3329.23
15669.88,69.3,89,0.0,3329.23
15669.88,69.75,90,0.0,3329.23
15669.88,69.8,90,1.25,3329.23
15669.88,69.55,90,0.0,3329.23
15669.88,69.58,90,0.0,3329.23
15669.88,72.23,91,0.0,3329.23
15669.88,71.96,91,0.0,3329.23
15669.88,72.55,90,1.25,3329.23
15669.88,72.55,90,0.0,3329.23
15669.88,72.51,91,0.0,3329.23
15669.88,72.41,91,0.0,3329.23
15669.88,72.03,92,1.225,3329.23
15669.88,72.1,91,0.0,3329.23
15669.88,71.8,91,1.2375,3329.23
15669.88,71.92,91,0.0,3329.23
15669.88,72.02,91,1.2125,3329.23
15669.88,71.59,89,0.0,3329.23
15669.88,71.73,89,0.0,3329.23
15669.88,71.71,90,1.2125,3329.23
15669.88,71.72,90,0.0,3329.23
15669.88,71.67,90,2.425,3329.23
15669.88,72.06,90,0.0,3329.23
15669.88,70.44,80,0.0,3329.23
15669.88,70.71,80,0.0,3329.23
15669.88,70.83,91,1.225,3329.23
15669.88,71.06,91,0.0,3329.23
15669.88,71.5,90,0.0,3329.23
15669.88,71.82,90,0.0,3329.23
15669.88,71.68,90,1.2125,3329.23
15669.88,71.7,90,0.0,3329.23
15669.88,71.78,90,0.0,3329.23
15669.88,71.58,90,1.2125,3329.23
15669.88,70.88,89,0.0,3329.23
15669.88,72.1,89,0.0,3329.23
15669.88,71.85,90,0.0,3329.23
15669.88,71.52,90,1.2125,3329.23
15669.88,71.63,89,0.0,3329.23
15669.88,71.54,89,0.0,3329.23
15669.88,71.54,90,1.2125,3329.23
15669.88,71.78,90,0.0,3329.23
15669.88,71.9,89,0.0,3329.23
15669.88,71.73,89,0.0,3329.23
15669.88,71.72,89,2.4375,3329.23
15669.88,71.81,91,0.0,3329.23
15669.88,72.0,91,0.0,3329.23
15669.88,72.01,91,1.225,3329.23
15669.88,72.24,91,1.225,3329.23
15669.88,73.93,83,0.0,3329.23
15669.88,72.39,83,0.0,3329.23
15669.88,72.14,91,0.0,3329.23
15669.88,72.38,91,1.225,3329.23
15669.88,72.68,91,0.0,3329.23
15669.88,73.23,91,0.0,3329.23
15669.88,73.34,90,0.0,3329.23
15669.88,73.18,90,0.0,3329.23
15669.88,73.09,90,1.225,3329.23
15669.88,72.85,90,0.0,3329.23
15669.88,70.71,90,0.0,3329.23
15669.88,71.93,90,0.0,3329.23
15669.88,72.0,91,1.225,3329.23
15669.88,72.01,91,0.0,3329.23
15669.88,71.91,91,0.0,3329.23
15669.88,71.94,91,0.0,3329.23
15669.88,71.48,91,0.0,3329.23
15669.88,71.32,91,1.225,3329.23
15669.88,71.58,90,0.0,3329.23
15669.88,71.6,90,0.0,3329.23
15669.88,71.57,92,0.0,3329.23
15669.88,71.61,92,1.225,3329.23
15669.88,71.67,91,0.0,3329.23
15669.88,71.78,91,0.0,3329.23
15669.88,71.96,90,2.4375,3329.23
15669.88,74.12,82,0.0,3329.23
15669.88,72.59,82,1.225,3329.23
15669.88,72.44,90,0.0,3329.23
15669.88,72.81,90,0.0,3329.23
15669.88,73.46,90,1.225,3329.23
15669.88,73.46,90,0.0,3329.23
15669.88,73.87,90,0.0,3329.23
15669.88,74.03,90,1.2125,3329.23
15669.88,73.84,91,0.0,3329.23
15669.88,73.64,91,0.0,3329.23
15669.88,71.06,90,0.0,3329.23
15669.88,72.17,90,1.2125,3329.23
15669.88,72.3,90,0.0,3329.23
15669.88,72.2,91,0.0,3329.23
15669.88,72.2,91,0.0,3329.23
15669.88,72.08,91,1.2125,3329.23
15669.88,71.97,91,0.0,3329.23
15669.88,71.97,90,0.0,3329.23
15669.88,71.93,90,1.2125,3329.23
15669.88,71.82,91,0.0,3329.23
15669.88,71.77,91,0.0,3329.23
15669.88,71.44,91,0.0,3329.23
15669.88,71.58,91,1.225,3329.23
15669.88,71.67,90,0.0,3329.23
15669.88,71.82,91,2.45,3329.23
15669.88,71.82,91,0.0,3329.23
15669.88,72.98,91,0.0,3329.23
15669.88,72.66,80,0.0,3329.23
15669.88,72.26,91,0.0,3329.23
15669.88,72.6,91,2.45,3329.23
15669.88,72.82,89,0.0,3329.23
15669.88,73.26,89,0.0,3329.23
15669.88,73.63,91,0.0,3329.23
15669.88,74.2,91,1.2125,3329.23
15669.88,73.95,89,0.0,3329.23
15669.88,73.74,89,0.0,3329.23
15669.88,72.12,90,0.0,3329.23
15669.88,72.15,90,1.225,3329.23
15669.88,72.21,89,0.0,3329.23
15669.88,71.83,89,0.0,3329.23
15669.88,72.03,89,0.0,3329.23
15669.88,72.15,89,1.225,3329.23
15669.88,72.14,88,0.0,3329.23
15669.88,72.05,88,0.0,3329.23
15669.88,71.95,90,0.0,3329.23
15669.88,72.06,90,0.0,3329.23
15669.88,71.96,91,1.225,3329.23
15669.88,72.09,89,0.0,3329.23
15669.88,71.88,89,0.0,3329.23
15669.88,71.99,90,0.0,3329.23
15669.88,71.54,90,2.425,3329.23
15669.88,72.22,75,0.0,3329.23
15669.88,72.19,75,1.2125,3329.23
15669.88,71.17,99,0.0,3329.23
15669.88,70.81,99,0.0,3329.23
15669.88,70.98,90,1.2125,3329.23
15669.88,71.38,90,0.0,3329.23
15669.88,71.67,91,1.2125,3329.23
15669.88,72.22,91,0.0,3329.23
15669.88,72.32,90,1.2125,3329.23
15669.88,72.18,90,0.0,3329.23
15669.88,72.34,90,0.0,3329.23
15669.88,71.22,90,0.0,3329.23
15669.88,70.9,90,1.225,3329.23
15669.88,71.05,90,0.0,3329.23
15669.88,71.17,89,0.0,3329.23
15669.88,71.0,89,0.0,3329.23
15669.88,70.84,91,1.2125,3329.23
15669.88,70.76,91,0.0,3329.23
15669.88,70.6,90,0.0,3329.23
15669.88,70.63,90,1.2125,3329.23
15669.88,70.83,89,0.0,3329.23
15669.88,70.71,89,0.0,3329.23
15669.88,70.62,91,1.2125,3329.23
15669.88,70.64,91,0.0,3329.23
15669.88,71.44,91,0.0,3329.23
15669.88,71.79,91,0.0,3329.23
15669.88,71.79,89,1.225,3329.23
15669.88,72.51,75,1.2125,3329.23
15669.88,75.03,75,0.0,3329.23
15669.88,73.87,94,1.225,3329.23
15669.88,73.58,94,0.0,3329.23
15669.88,73.87,90,1.225,3329.23
15669.88,74.23,90,0.0,3329.23
15669.88,74.23,90,0.0,3329.23
15669.88,74.21,90,0.0,3329.23
15669.88,74.77,90,1.225,3329.23
15669.88,74.63,90,0.0,3329.23
15669.88,73.53,90,0.0,3329.23
15669.88,70.89,90,0.0,3329.23
15669.88,71.8,90,1.2125,3329.23
15669.88,72.0,90,0.0,3329.23
15669.88,71.98,90,0.0,3329.23
15669.88,71.98,90,1.2125,3329.23
15669.88,71.77,90,0.0,3329.23
15669.88,71.64,90,0.0,3329.23
15669.88,71.74,90,0.0,3329.23
15669.88,71.74,90,1.225,3329.23
15669.88,71.68,90,0.0,3329.23
15669.88,71.71,90,0.0,3329.23
15669.88,71.67,90,1.2125,3329.23
15669.88,71.91,89,1.2125,3329.23
15669.88,71.91,89,0.0,3329.23
15669.88,72.18,89,0.0,3329.23
15669.88,72.06,82,2.4375,3329.23
15669.88,69.83,82,0.0,3329.23
15669.88,70.17,84,0.0,3329.23
15669.88,68.74,84,0.0,3329.23
15669.88,68.7,89,1.2125,3329.23
15669.88,68.69,89,0.0,3329.23
15669.88,69.65,89,0.0,3329.23
15669.88,69.81,89,0.0,3329.23
15669.88,70.04,89,1.2125,3329.23
15669.88,69.73,89,1.2125,3329.23
15669.88,69.67,90,0.0,3329.23
15669.88,69.67,90,0.0,3329.23
15669.88,71.08,91,1.2125,3329.23
15669.88,72.05,91,0.0,3329.23
15669.88,71.98,90,0.0,3329.23
15669.88,71.98,90,1.2125,3329.23
15669.88,71.58,90,0.0,3329.23
15669.88,71.85,90,0.0,3329.23
15669.88,71.85,90,0.0,3329.23
15669.88,71.55,90,1.2125,3329.23
15669.88,71.66,90,0.0,3329.23
15669.88,71.78,90,0.0,3329.23
15669.88,71.87,91,1.2125,3329.23
15669.88,71.87,91,0.0,3329.23
15669.88,71.89,91,0.0,3329.23
15669.88,72.01,91,2.425,3329.23
15669.88,73.54,91,0.0,3329.23
15669.88,71.81,91,1.2125,3329.23
15669.88,71.69,81,0.0,3329.23
15669.88,71.91,81,0.0,3329.23
15669.88,72.44,90,1.2125,3329.23
15669.88,72.66,90,0.0,3329.23
15669.88,72.73,90,0.0,3329.23
15669.88,72.93,90,0.0,3329.23
15669.88,73.11,91,1.2125,3329.23
15669.88,72.94,91,0.0,3329.23
15669.88,72.94,90,0.0,3329.23
15669.88,71.21,90,1.2125,3329.23
15669.88,72.72,89,0.0,3329.23
15669.88,72.72,88,1.2125,3329.23
15669.88,72.73,88,1.2,3329.23
15669.88,72.73,86,0.0,3329.23
15669.88,71.88,86,0.0,3329.23
15669.88,71.9,90,1.225,3329.23
15669.88,71.88,90,0.0,3329.23
15669.88,71.65,90,0.0,3329.23
15669.88,71.6,90,1.225,3329.23
15669.88,71.01,89,0.0,3329.23
15669.88,70.93,89,0.0,3329.23
15669.88,70.98,89,1.2125,3329.23
15669.88,71.42,89,0.0,3329.23
15669.88,71.58,89,2.4125,3329.23
15669.88,69.78,89,0.0,3329.23
15669.88,69.88,77,1.2125,3329.23
15669.88,69.34,77,0.0,3329.23
15669.88,69.51,89,0.0,3329.23
15669.88,69.84,89,0.0,3329.23
15669.88,70.19,89,1.2125,3329.23
15669.88,70.56,89,0.0,3329.23
15669.88,70.77,90,0.0,3329.23
15669.88,70.59,90,1.2,3329.23
15669.88,70.19,89,1.2125,3329.23
15669.88,70.27,89,0.0,3329.23
15669.88,72.15,88,0.0,3329.23
15669.88,71.96,89,1.225,3329.23
15669.88,72.65,89,0.0,3329.23
15669.88,72.56,89,0.0,3329.23
15669.88,72.16,89,0.0,3329.23
15669.88,72.26,89,1.225,3329.23
15669.88,72.26,89,0.0,3329.23
15669.88,72.21,90,0.0,3329.23
15669.88,72.18,90,0.0,3329.23
15669.88,71.55,90,1.2125,3329.23
15669.88,71.54,90,0.0,3329.23
15669.88,71.42,90,1.2125,3329.23
15669.88,71.18,90,0.0,3329.23
15669.88,71.19,90,0.0,3329.23
15669.88,71.37,90,2.4125,3329.23
15669.88,72.86,78,0.0,3329.23
15669.88,71.22,78,0.0,3329.23
15669.88,71.33,92,1.2125,3329.23
15669.88,71.63,92,0.0,3329.23
15669.88,71.72,89,0.0,3329.23
15669.88,72.12,89,0.0,3329.23
15669.88,72.29,90,1.225,3329.23
15669.88,72.44,92,0.0,3329.23
15669.88,72.66,92,0.0,3329.23
15669.88,72.56,90,0.0,3329.23
15669.88,72.31,90,0.0,3329.23
15669.88,70.43,87,1.2125,3329.23
15669.88,71.69,87,0.0,3329.23
15669.88,71.61,90,1.2125,3329.23
15669.88,71.49,90,1.2125,3329.23
15669.88,71.68,90,0.0,3329.23
15669.88,71.81,90,0.0,3329.23
15669.88,71.81,90,1.2125,3329.23
15669.88,71.71,90,0.0,3329.23
15669.88,71.55,91,0.0,3329.23
15669.88,71.47,91,0.0,3329.23
15669.88,71.69,90,1.2125,3329.23
15669.88,71.95,90,0.0,3329.23
15669.88,72.03,90,0.0,3329.23
15669.88,72.16,91,2.4375,3329.23
15669.88,73.39,77,0.0,3329.23
15669.88,72.44,77,0.0,3329.23
15669.88,72.03,94,1.225,3329.23
15669.88,72.17,94,0.0,3329.23
15669.88,72.35,94,0.0,3329.23
15669.88,72.8,91,1.2125,3329.23
15669.88,73.08,89,0.0,3329.23
15669.88,73.28,89,0.0,3329.23
15669.88,73.3,89,0.0,3329.23
15669.88,73.03,89,1.2125,3329.23
15669.88,72.8,90,0.0,3329.23
15669.88,71.67,90,0.0,3329.23
15669.88,71.67,90,1.2125,3329.23
15669.88,71.67,90,0.0,3329.23
15669.88,71.82,90,0.0,3329.23
15669.88,72.24,90,2.425,3329.23
15669.88,73.07,88,0.0,3329.23
15669.88,73.07,88,0.0,3329.23
15669.88,72.81,88,1.2125,3329.23
15669.88,72.72,88,0.0,3329.23
15669.88,72.94,89,0.0,3329.23
15669.88,72.9,89,0.0,3329.23
15669.88,72.9,91,1.225,3329.23
15669.88,73.06,91,0.0,3329.23
15669.88,73.06,88,0.0,3329.23
15669.88,73.11,88,2.4375,3329.23
15669.88,70.35,81,0.0,3329.23
15669.88,68.7,81,0.0,3329.23
15669.88,68.7,84,0.0,3329.23
15669.88,68.95,84,1.225,3329.23
15669.88,69.05,91,0.0,3329.23
15669.88,69.12,91,0.0,3329.23
15669.88,69.24,88,0.0,3329.23
15669.88,69.67,88,1.225,3329.23
15669.88,70.01,90,0.0,3329.23
15669.88,70.64,89,0.0,3329.23
15669.88,72.77,89,1.2125,3329.23
15669.88,72.27,90,0.0,3329.23
15669.88,72.59,90,0.0,3329.23
15669.88,72.34,90,0.0,3329.23
15669.88,72.35,90,2.45,3329.23
15669.88,72.54,89,0.0,3329.23
15669.88,72.74,89,0.0,3329.23
15669.88,73.1,89,1.2125,3329.23
15669.88,72.89,89,0.0,3329.23
15669.88,72.17,90,0.0,3329.23
15669.88,71.99,90,0.0,3329.23
15669.88,72.11,91,1.2125,3329.23
15669.88,72.1,91,0.0,3329.23
15669.88,72.38,88,0.0,3329.23
15669.88,72.58,88,1.2125,3329.23
15669.88,72.47,90,1.225,3329.23
15669.88,74.01,90,1.225,3329.23
15669.88,72.26,77,0.0,3329.23
15669.88,71.69,77,0.0,3329.23
15669.88,72.0,91,0.0,3329.23
15669.88,72.46,91,0.0,3329.23
15669.88,72.78,87,1.2125,3329.23
15669.88,73.22,87,0.0,3329.23
15669.88,73.42,89,0.0,3329.23
15669.88,73.5,89,1.225,3329.23
15669.88,73.59,90,0.0,3329.23
15669.88,73.44,90,0.0,3329.23
15669.88,71.37,90,0.0,3329.23
15669.88,72.77,89,1.225,3329.23
15669.88,72.73,89,0.0,3329.23
15669.88,72.47,88,0.0,3329.23
15669.88,72.46,88,1.225,3329.23
15669.88,72.24,90,0.0,3329.23
15669.88,71.89,90,0.0,3329.23
15669.88,71.83,89,0.0,3329.23
15669.88,71.55,89,1.225,3329.23
15669.88,71.57,91,0.0,3329.23
15669.88,71.68,91,0.0,3329.23
15669.88,71.86,91,0.0,3329.23
15669.88,71.82,91,1.225,3329.23
15669.88,71.61,90,1.225,3329.23
15669.88,70.18,90,0.0,3329.23
15669.88,69.94,80,1.2125,3329.23
15669.88,69.4,80,0.0,3329.23
15669.88,69.83,90,0.0,3329.23
15669.88,70.02,90,0.0,3329.23
15669.88,70.1,90,2.45,3329.23
15669.88,70.2,91,0.0,3329.23
15669.88,70.62,90,0.0,3329.23
15669.88,70.77,90,1.225,3329.23
15669.88,70.61,90,0.0,3329.23
15669.88,70.81,90,0.0,3329.23
15669.88,71.85,90,0.0,3329.23
15669.88,71.85,90,0.0,3329.23
15669.88,72.14,90,1.2125,3329.23
15669.88,71.84,90,0.0,3329.23
15669.88,71.73,89,0.0,3329.23
15669.88,71.73,89,1.2125,3329.23
15669.88,71.84,88,0.0,3329.23
15669.88,71.47,88,0.0,3329.23
15669.88,71.37,90,1.2125,3329.23
15669.88,71.79,90,0.0,3329.23
15669.88,71.54,90,0.0,3329.23
15669.88,71.85,90,1.2125,3329.23
15669.88,72.03,89,0.0,3329.23
15669.88,72.18,89,0.0,3329.23
15669.88,72.06,91,1.225,3329.23
15669.88,72.06,91,0.0,3329.23
15669.88,73.12,79,1.225,3329.23
15669.88,71.71,79,0.0,3329.23
15669.88,71.91,92,0.0,3329.23
15669.88,72.07,90,0.0,3329.23
15669.88,71.84,90,1.2125,3329.23
15669.88,72.3,90,0.0,3329.23
15669.88,72.38,90,0.0,3329.23
15669.88,72.46,90,1.2125,3329.23
15669.88,72.46,90,0.0,3329.23
15669.88,72.28,90,0.0,3329.23
15669.88,71.07,90,1.2125,3329.23
15669.88,72.59,90,0.0,3329.23
15669.88,72.63,90,0.0,3329.23
15669.88,72.54,90,0.0,3329.23
15669.88,72.67,90,2.4375,3329.23
15669.88,72.4,90,0.0,3329.23
15669.88,72.36,90,0.0,3329.23
15669.88,72.19,90,0.0,3329.23
15669.88,72.36,90,1.225,3329.23
15669.88,72.28,91,0.0,3329.23
15669.88,72.23,91,0.0,3329.23
15669.88,72.36,91,0.0,3329.23
15669.88,72.09,91,1.2125,3329.23
15669.88,72.01,91,0.0,3329.23
15669.88,71.99,91,2.375,3329.23
15669.88,73.63,76,0.0,3329.23
15669.88,73.36,76,0.0,3329.23
15669.88,73.12,100,1.2125,3329.23
15669.88,72.86,100,0.0,3329.23
15669.88,72.86,90,0.0,3329.23
15669.88,73.15,90,0.0,3329.23
15669.88,73.4,89,1.2125,3329.23
15669.88,73.67,89,0.0,3329.23
15669.88,73.8,90,0.0,3329.23
15669.88,73.65,90,0.0,3329.23
15669.88,73.71,91,1.225,3329.23
15669.88,71.8,91,0.0,3329.23
15669.88,71.76,91,0.0,3329.23
15669.88,71.56,90,0.0,3329.23
15669.88,71.73,90,1.2125,3329.23
15669.88,71.53,90,1.2125,3329.23
15669.88,71.5,90,0.0,3329.23
15669.88,71.83,89,0.0,3329.23
15669.88,72.0,89,1.2125,3329.23
15669.88,72.9,89,0.0,3329.23
15669.88,73.11,89,0.0,3329.23
15669.88,72.84,90,0.0,3329.23
15669.88,72.86,90,1.2125,3329.23
15669.88,73.0,90,0.0,3329.23
15669.88,73.17,90,0.0,3329.23
15669.88,73.36,91,1.2125,3329.23
15669.88,73.25,91,1.225,3329.23
15669.88,69.77,76,0.0,3329.23
15669.88,69.86,76,0.0,3329.23
15669.88,69.51,94,1.2125,3329.23
15669.88,68.82,94,0.0,3329.23
15669.88,68.62,94,0.0,3329.23
15669.88,69.08,91,0.0,3329.23
15669.88,69.08,91,1.225,3329.23
15669.88,69.77,91,0.0,3329.23
15669.88,69.83,88,0.0,3329.23
15669.88,69.44,88,0.0,3329.23
15669.88,69.22,90,2.4375,3329.23
15669.88,72.59,90,0.0,3329.23
15669.88,72.1,90,0.0,3329.23
15669.88,72.28,90,0.0,3329.23
15669.88,72.28,91,1.2125,3329.23
15669.88,72.23,91,0.0,3329.23
15669.88,72.19,90,0.0,3329.23
15669.88,72.06,90,1.225,3329.23
15669.88,71.8,89,0.0,3329.23
15669.88,71.57,89,0.0,3329.23
15669.88,71.63,89,0.0,3329.23
15669.88,71.5,89,1.2125,3329.23
15669.88,70.99,91,0.0,3329.23
15669.88,71.47,91,0.0,3329.23
15669.88,71.47,90,0.0,3329.23
15669.88,71.47,90,2.425,3329.23
15669.88,71.47,90,0.0,3329.23
15669.88,72.52,83,0.0,3329.23
15669.88,71.55,83,0.0,3329.23
15669.88,71.84,94,1.225,3329.23
15669.88,72.31,94,1.2125,3329.23
15669.88,72.7,87,0.0,3329.23
15669.88,73.12,87,0.0,3329.23
15669.88,73.01,87,1.2125,3329.23
15669.88,72.86,87,0.0,3329.23
15669.88,72.74,88,0.0,3329.23
15669.88,73.55,88,1.2125,3329.23
15669.88,72.94,88,0.0,3329.23
15669.88,72.48,88,0.0,3329.23
15669.88,73.3,89,1.2125,3329.23
15669.88,72.86,89,0.0,3329.23
15669.88,72.66,87,0.0,3329.23
15669.88,72.56,87,0.0,3329.23
15669.88,72.53,90,1.225,3329.23
15669.88,72.57,90,0.0,3329.23
15669.88,73.48,88,0.0,3329.23
15669.88,73.6,90,1.2125,3329.23
15669.88,72.52,90,0.0,3329.23
15669.88,71.82,88,0.0,3329.23
15669.88,71.84,88,0.0,3329.23
15669.88,71.81,87,1.2125,3329.23
15669.88,72.99,87,0.0,3329.23
15669.88,73.77,90,0.0,3329.23
15669.88,74.43,90,2.425,3329.23
15669.88,74.46,76,0.0,3329.23
15669.88,75.07,76,1.2125,3329.23
15669.88,73.02,90,0.0,3329.23
15669.88,72.94,90,0.0,3329.23
15669.88,73.62,88,0.0,3329.23
15669.88,73.99,88,1.2125,3329.23
15669.88,74.53,88,0.0,3329.23
15669.88,73.66,88,0.0,3329.23
15669.88,72.77,90,1.225,3329.23
15669.88,72.05,90,1.225,3329.23
15669.88,72.1,89,0.0,3329.23
15669.88,70.96,89,0.0,3329.23
15669.88,71.98,90,0.0,3329.23
15669.88,72.02,90,1.225,3329.23
15669.88,71.94,90,0.0,3329.23
15669.88,71.93,91,0.0,3329.23
15669.88,72.01,90,0.0,3329.23
15669.88,71.82,90,1.225,3329.23
15669.88,71.97,90,0.0,3329.23
15669.88,71.97,91,0.0,3329.23
15669.88,71.81,91,0.0,3329.23
15669.88,71.44,91,0.0,3329.23
15669.88,71.57,91,1.225,3329.23
15669.88,71.57,91,0.0,3329.23
15669.88,72.17,89,0.0,3329.23
15669.88,72.25,89,2.4125,3329.23
15669.88,74.18,76,0.0,3329.23
15669.88,72.97,76,0.0,3329.23
15669.88,72.98,92,1.2125,3329.23
15669.88,73.57,88,0.0,3329.23
15669.88,74.0,88,0.0,3329.23
15669.88,74.3,91,0.0,3329.23
15669.88,74.64,91,0.0,3329.23
15669.88,74.42,91,2.4375,3329.23
15669.88,74.57,91,0.0,3329.23
15669.88,74.33,91,0.0,3329.23
15669.88,72.13,90,1.2125,3329.23
15669.88,73.07,90,0.0,3329.23
15669.88,72.89,91,0.0,3329.23
15669.88,72.89,91,0.0,3329.23
15669.88,72.25,91,1.225,3329.23
15669.88,72.42,91,0.0,3329.23
15669.88,72.42,90,0.0,3329.23
15669.88,72.31,90,0.0,3329.23
15669.88,72.23,91,1.225,3329.23
15669.88,72.25,91,0.0,3329.23
15669.88,71.84,91,0.0,3329.23
15669.88,71.65,91,0.0,3329.23
15669.88,71.56,90,1.2125,3329.23
15669.88,71.96,89,0.0,3329.23
15669.88,72.17,89,2.35,3329.23
15669.88,72.12,72,0.0,3329.23
15669.88,70.52,72,0.0,3329.23
15669.88,70.32,93,1.225,3329.23
15669.88,69.96,93,0.0,3329.23
15669.88,70.39,90,0.0,3329.23
15669.88,70.95,90,0.0,3329.23
15669.88,71.28,90,0.0,3329.23
15669.88,71.67,90,1.225,3329.23
15669.88,71.5,90,0.0,3329.23
15669.88,71.29,90,0.0,3329.23
15669.88,71.13,91,1.2125,3329.23
15669.88,72.16,91,0.0,3329.23
15669.88,72.07,90,0.0,3329.23
15669.88,72.33,90,0.0,3329.23
15669.88,72.14,91,1.225,3329.23
15669.88,72.06,91,0.0,3329.23
15669.88,71.76,90,0.0,3329.23
15669.88,71.87,90,0.0,3329.23
15669.88,71.79,90,0.0,3329.23
15669.88,71.6,90,2.4375,3329.23
15669.88,71.99,90,0.0,3329.23
15669.88,71.82,90,0.0,3329.23
15669.88,71.92,90,1.2125,3329.23
15669.88,71.86,90,0.0,3329.23
15669.88,72.02,90,0.0,3329.23
15669.88,72.06,82,2.425,3329.23
15669.88,69.61,82,0.0,3329.23
15669.88,70.08,90,0.0,3329.23
15669.88,70.02,90,0.0,3329.23
15669.88,68.64,94,1.225,3329.23
15669.88,68.41,94,0.0,3329.23
15669.88,68.27,90,0.0,3329.23
15669.88,68.63,90,0.0,3329.23
15669.88,68.81,88,1.2125,3329.23
15669.88,68.65,88,0.0,3329.23
15669.88,68.6,90,0.0,3329.23
15669.88,71.44,90,1.2125,3329.23
15669.88,70.84,89,0.0,3329.23
15669.88,70.44,89,0.0,3329.23
15669.88,71.59,90,0.0,3329.23
15669.88,71.75,90,1.2125,3329.23
15669.88,71.48,91,1.2125,3329.23
15669.88,71.41,91,0.0,3329.23
15669.88,71.46,90,1.2125,3329.23
15669.88,71.3,90,0.0,3329.23
15669.88,71.56,90,0.0,3329.23
15669.88,71.82,90,1.2125,3329.23
15669.88,71.71,87,0.0,3329.23
15669.88,71.55,87,1.2125,3329.23
15669.88,71.54,90,0.0,3329.23
15669.88,71.57,90,0.0,3329.23
15669.88,71.72,90,0.0,3329.23
15669.88,71.89,90,1.2125,3329.23
15669.88,71.86,90,1.225,3329.23
15669.88,68.9,81,0.0,3329.23
15669.88,68.97,81,1.2125,3329.23
15669.88,68.33,90,0.0,3329.23
15669.88,68.19,90,0.0,3329.23
15669.88,68.54,90,1.2125,3329.23
15669.88,68.54,90,0.0,3329.23
15669.88,69.33,90,0.0,3329.23
15669.88,69.45,90,1.2125,3329.23
15669.88,69.16,90,0.0,3329.23
15669.88,69.38,90,0.0,3329.23
15669.88,72.07,90,0.0,3329.23
15669.88,72.07,90,1.2125,3329.23
15669.88,72.11,90,0.0,3329.23
15669.88,72.02,89,0.0,3329.23
15669.88,72.02,89,1.2125,3329.23
15669.88,71.89,90,0.0,3329.23
15669.88,71.69,90,0.0,3329.23
15669.88,71.63,89,1.2125,3329.23
15669.88,71.42,89,0.0,3329.23
15669.88,71.11,89,0.0,3329.23
15669.88,71.04,89,1.2125,3329.23
15669.88,70.9,89,0.0,3329.23
15669.88,71.13,88,0.0,3329.23
15669.88,71.52,88,0.0,3329.23
15669.88,71.85,90,1.2125,3329.23
15669.88,71.69,90,1.2125,3329.23
15669.88,72.99,76,0.0,3329.23
15669.88,71.91,76,2.45,3329.23
15669.88,72.29,92,0.0,3329.23
15669.88,72.67,92,0.0,3329.23
15669.88,73.21,90,1.225,3329.23
15669.88,73.23,90,0.0,3329.23
15669.88,73.33,90,0.0,3329.23
15669.88,73.01,90,0.0,3329.23
15669.88,73.09,86,1.2125,3329.23
15669.88,73.09,86,0.0,3329.23
15669.88,73.05,90,0.0,3329.23
15669.88,71.47,90,0.0,3329.23
15669.88,72.44,90,1.2125,3329.23
15669.88,72.1,90,0.0,3329.23
15669.88,72.09,88,0.0,3329.23
15669.88,72.14,89,1.2125,3329.23
15669.88,72.05,89,0.0,3329.23
15669.88,71.85,89,0.0,3329.23
15669.88,72.09,89,1.2125,3329.23
15669.88,72.08,91,0.0,3329.23
15669.88,71.78,91,0.0,3329.23
15669.88,72.06,90,1.2125,3329.23
15669.88,72.11,90,0.0,3329.23
15669.88,72.19,90,0.0,3329.23
15669.88,72.16,90,2.425,3329.23
15669.88,73.36,75,0.0,3329.23
15669.88,72.44,75,0.0,3329.23
15669.88,72.32,94,1.2125,3329.23
15669.88,72.37,94,0.0,3329.23
15669.88,72.63,90,0.0,3329.23
15669.88,73.02,90,1.2125,3329.23
15669.88,72.98,89,0.0,3329.23
15669.88,73.12,89,0.0,3329.23
15669.88,73.6,88,1.225,3329.23
15669.88,73.41,88,0.0,3329.23
15669.88,73.08,89,0.0,3329.23
15669.88,71.35,89,0.0,3329.23
15669.88,72.07,89,1.225,3329.23
15669.88,71.99,90,0.0,3329.23
15669.88,72.01,89,1.2125,3329.23
15669.88,71.84,89,0.0,3329.23
15669.88,71.84,89,1.225,3329.23
15669.88,71.81,89,0.0,3329.23
15669.88,71.65,89,0.0,3329.23
15669.88,71.19,89,1.2125,3329.23
15669.88,71.34,89,0.0,3329.23
15669.88,71.34,89,0.0,3329.23
15669.88,71.43,90,0.0,3329.23
15669.88,71.58,90,1.225,3329.23
15669.88,71.91,90,0.0,3329.23
15669.88,71.86,90,2.4375,3329.23
15669.88,69.01,81,0.0,3329.23
15669.88,68.77,81,0.0,3329.23
15669.88,67.14,89,0.0,3329.23
15669.88,67.33,89,1.2125,3329.23
15669.88,67.15,90,0.0,3329.23
15669.88,67.61,90,0.0,3329.23
15669.88,67.85,90,1.225,3329.23
15669.88,68.12,90,0.0,3329.23
15669.88,68.16,91,0.0,3329.23
15669.88,68.07,90,0.0,3329.23
15669.88,68.49,90,1.225,3329.23
15669.88,71.03,90,0.0,3329.23
15669.88,70.93,90,0.0,3329.23
15669.88,72.18,89,0.0,3329.23
15669.88,72.33,89,0.0,3329.23
15669.88,72.33,89,2.3875,3329.23
15669.88,72.21,89,0.0,3329.23
15669.88,72.07,89,0.0,3329.23
15669.88,71.88,89,0.0,3329.23
15669.88,71.62,90,1.2125,3329.23
15669.88,71.07,90,0.0,3329.23
15669.88,71.0,90,0.0,3329.23
15669.88,70.93,90,0.0,3329.23
15669.88,71.21,90,1.225,3329.23
15669.88,71.38,90,0.0,3329.23
15669.88,71.24,90,2.425,3329.23
15669.88,71.1,90,0.0,3329.23
15669.88,70.83,79,0.0,3329.23
15669.88,70.75,79,0.0,3329.23
15669.88,71.25,90,1.2,3329.23
15669.88,71.71,90,0.0,3329.23
15669.88,71.89,91,0.0,3329.23
15669.88,72.24,91,1.2125,3329.23
15669.88,72.51,89,0.0,3329.23
15669.88,72.59,89,0.0,3329.23
15669.88,72.15,90,1.2125,3329.23
15669.88,71.93,90,0.0,3329.23
15669.88,71.77,88,0.0,3329.23
15669.88,71.74,88,0.0,3329.23
15669.88,71.92,90,1.2125,3329.23
15669.88,72.03,90,0.0,3329.23
15669.88,72.0,89,0.0,3329.23
15669.88,71.42,89,2.4375,3329.23
15669.88,71.52,89,0.0,3329.23
15669.88,71.47,89,0.0,3329.23
15669.88,71.45,89,0.0,3329.23
15669.88,71.6,89,0.0,3329.23
15669.88,71.51,90,1.2125,3329.23
15669.88,71.31,89,0.0,3329.23
15669.88,71.51,89,0.0,3329.23
15669.88,71.5,90,0.0,3329.23
15669.88,71.07,90,2.425,3329.23
15669.88,71.11,81,0.0,3329.23
15669.88,72.04,81,0.0,3329.23
15669.88,71.35,89,1.2125,3329.23
15669.88,71.79,89,0.0,3329.23
15669.88,71.85,88,0.0,3329.23
15669.88,72.27,88,1.2125,3329.23
15669.88,72.47,89,0.0,3329.23
15669.88,72.47,89,1.2125,3329.23
15669.88,72.33,89,1.2125,3329.23
15669.88,72.39,89,0.0,3329.23
15669.88,71.97,89,0.0,3329.23
15669.88,71.31,89,0.0,3329.23
15669.88,71.75,89,1.2125,3329.23
15669.88,71.48,89,0.0,3329.23
15669.88,71.55,88,0.0,3329.23
15669.88,71.33,88,1.2125,3329.23
15669.88,71.62,89,0.0,3329.23
15669.88,71.91,89,0.0,3329.23
15669.88,71.95,90,1.2125,3329.23
15669.88,71.9,90,0.0,3329.23
15669.88,71.57,89,0.0,3329.23
15669.88,71.69,89,0.0,3329.23
15669.88,71.76,90,1.2125,3329.23
15669.88,71.87,90,0.0,3329.23
15669.88,71.82,90,0.0,3329.23
15669.88,71.41,90,2.425,3329.23
15669.88,73.56,74,0.0,3329.23
15669.88,72.03,74,1.2125,3329.23
15669.88,71.81,94,0.0,3329.23
15669.88,72.0,94,0.0,3329.23
15669.88,72.33,89,0.0,3329.23
15669.88,72.8,89,1.2125,3329.23
15669.88,73.16,90,0.0,3329.23
15669.88,73.4,91,0.0,3329.23
15669.88,73.38,91,2.4125,3329.23
15669.88,73.25,91,0.0,3329.23
15669.88,73.3,91,0.0,3329.23
15669.88,71.17,91,1.2125,3329.23
15669.88,72.17,91,0.0,3329.23
15669.88,72.25,91,0.0,3329.23
15669.88,72.11,91,0.0,3329.23
15669.88,71.96,91,1.2125,3329.23
15669.88,72.02,91,0.0,3329.23
15669.88,71.98,91,0.0,3329.23
15669.88,72.04,91,1.175,3329.23
15669.88,72.02,93,0.0,3329.23
15669.88,72.3,93,0.0,3329.23
15669.88,72.19,92,1.2125,3329.23
15669.88,72.42,92,0.0,3329.23
15669.88,72.38,93,0.0,3329.23
15669.88,72.41,93,2.425,3329.23
15669.88,74.72,79,0.0,3329.23
15669.88,74.48,79,0.0,3329.23
15669.88,72.87,98,1.2125,3329.23
15669.88,72.75,98,0.0,3329.23
15669.88,73.07,90,0.0,3329.23
15669.88,73.13,90,1.2125,3329.23
15669.88,73.13,90,0.0,3329.23
15669.88,73.92,90,0.0,3329.23
15669.88,73.84,91,0.0,3329.23
15669.88,73.82,91,1.2125,3329.23
15669.88,73.8,91,0.0,3329.23
15669.88,71.23,91,0.0,3329.23
15669.88,71.23,90,1.2125,3329.23
15669.88,72.4,90,0.0,3329.23
15669.88,72.19,91,1.2125,3329.23
15669.88,72.13,91,0.0,3329.23
15669.88,72.04,91,1.2125,3329.23
15669.88,72.04,91,0.0,3329.23
15669.88,71.27,91,0.0,3329.23
15669.88,71.24,91,1.2125,3329.23
15669.88,71.67,91,0.0,3329.23
15669.88,71.56,92,0.0,3329.23
15669.88,71.54,92,0.0,3329.23
15669.88,71.64,91,1.2125,3329.23
15669.88,71.72,91,0.0,3329.23
15669.88,71.67,90,1.2125,3329.23
15669.88,70.63,90,1.2125,3329.23
15669.88,70.5,84,0.0,3329.23
15669.88,70.12,84,0.0,3329.23
15669.88,70.31,90,0.0,3329.23
15669.88,70.06,90,1.2125,3329.23
15669.88,70.25,90,0.0,3329.23
15669.88,70.51,90,0.0,3329.23
15669.88,70.81,91,1.2125,3329.23
15669.88,70.97,91,0.0,3329.23
15669.88,70.95,91,0.0,3329.23
15669.88,71.0,91,0.0,3329.23
15669.88,71.83,90,1.2125,3329.23
15669.88,72.0,90,0.0,3329.23
15669.88,72.49,90,1.2125,3329.23
15669.88,72.37,90,0.0,3329.23
15669.88,72.17,91,1.2125,3329.23
15669.88,72.05,91,0.0,3329.23
15669.88,71.86,91,0.0,3329.23
15669.88,71.97,91,1.2125,3329.23
15669.88,71.51,89,0.0,3329.23
15669.88,71.51,89,0.0,3329.23
15669.88,71.27,91,0.0,3329.23
15669.88,71.4,91,0.0,3329.23
15669.88,71.2,90,1.2125,3329.23
15669.88,71.19,90,0.0,3329.23
15669.88,71.26,88,1.2125,3329.23
15669.88,68.16,82,2.425,3329.23
15669.88,67.42,82,0.0,3329.23
15669.88,67.42,82,0.0,3329.23
15669.88,67.33,91,1.2125,3329.23
15669.88,68.0,90,0.0,3329.23
15669.88,68.17,90,0.0,3329.23
15669.88,68.49,90,0.0,3329.23
15669.88,68.93,91,1.225,3329.23
15669.88,68.89,91,0.0,3329.23
15669.88,68.74,91,0.0,3329.23
15669.88,71.2,90,0.0,3329.23
15669.88,71.34,90,1.225,3329.23
15669.88,71.34,91,0.0,3329.23
15669.88,71.89,91,0.0,3329.23
15669.88,71.67,87,0.0,3329.23
15669.88,71.67,87,1.2125,3329.23
15669.88,71.63,91,0.0,3329.23
15669.88,71.53,91,0.0,3329.23
15669.88,71.16,90,0.0,3329.23
15669.88,71.16,90,1.2125,3329.23
15669.88,70.94,89,0.0,3329.23
15669.88,70.82,89,0.0,3329.23
15669.88,70.92,89,0.0,3329.23
15669.88,71.18,89,1.225,3329.23
15669.88,71.36,91,1.225,3329.23
15669.88,71.83,91,0.0,3329.23
15669.88,71.83,81,0.0,3329.23
15669.88,70.45,81,0.0,3329.23
15669.88,70.45,92,1.225,3329.23
15669.88,70.73,92,0.0,3329.23
15669.88,71.13,91,0.0,3329.23
15669.88,71.8,91,0.0,3329.23
15669.88,71.99,90,1.225,3329.23
15669.88,72.33,90,0.0,3329.23
15669.88,72.29,91,0.0,3329.23
15669.88,72.32,91,0.0,3329.23
15669.88,71.89,91,1.225,3329.23
15669.88,71.39,91,0.0,3329.23
15669.88,72.61,90,1.225,3329.23
15669.88,72.78,90,0.0,3329.23
15669.88,72.62,91,1.225,3329.23
15669.88,72.38,91,0.0,3329.23
15669.88,72.05,91,0.0,3329.23
15669.88,71.81,88,0.0,3329.23
15669.88,72.13,88,1.2125,3329.23
15669.88,71.41,90,0.0,3329.23
15669.88,71.62,90,0.0,3329.23
15669.88,71.45,90,1.2125,3329.23
15669.88,71.46,90,0.0,3329.23
15669.88,71.31,89,0.0,3329.23
15669.88,71.31,89,1.2125,3329.23
15669.88,73.06,77,1.2125,3329.23
15669.88,71.3,77,0.0,3329.23
15669.88,71.52,91,0.0,3329.23
15669.88,71.69,91,0.0,3329.23
15669.88,71.54,90,1.225,3329.23
15669.88,72.31,90,0.0,3329.23
15669.88,72.42,90,0.0,3329.23
15669.88,72.85,90,0.0,3329.23
15669.88,73.05,90,1.225,3329.23
15669.88,72.99,90,0.0,3329.23
15669.88,72.8,90,0.0,3329.23
15669.88,70.96,90,1.2125,3329.23
15669.88,72.48,90,0.0,3329.23
15669.88,72.29,90,0.0,3329.23
15669.88,72.18,90,0.0,3329.23
15669.88,72.1,90,1.2125,3329.23
15669.88,72.11,90,0.0,3329.23
15669.88,71.8,91,0.0,3329.23
15669.88,71.8,91,1.2125,3329.23
15669.88,71.67,90,1.2125,3329.23
15669.88,71.46,90,0.0,3329.23
15669.88,71.81,89,0.0,3329.23
15669.88,71.9,89,0.0,3329.23
15669.88,72.09,91,1.225,3329.23
15669.88,72.09,91,1.2,3329.23
15669.88,73.11,74,0.0,3329.23
15669.88,72.19,74,1.2125,3329.23
15669.88,71.71,94,0.0,3329.23
15669.88,71.97,94,0.0,3329.23
15669.88,72.13,90,0.0,3329.23
15669.88,72.58,90,1.2125,3329.23
15669.88,72.59,90,0.0,3329.23
15669.88,72.62,90,0.0,3329.23
15669.88,72.77,89,0.0,3329.23
15669.88,72.58,89,1.2125,3329.23
15669.88,72.53,91,0.0,3329.23
15669.88,71.18,91,0.0,3329.23
15669.88,71.72,91,1.2125,3329.23
15669.88,71.85,91,0.0,3329.23
15669.88,71.74,89,1.175,3329.23
15669.88,71.53,89,1.2125,3329.23
15669.88,71.42,89,0.0,3329.23
15669.88,71.87,89,0.0,3329.23
15669.88,71.7,90,0.0,3329.23
15669.88,71.68,90,1.225,3329.23
15669.88,71.71,90,0.0,3329.23
15669.88,71.56,91,0.0,3329.23
15669.88,71.55,91,0.0,3329.23
15669.88,71.48,90,1.225,3329.23
15669.88,71.93,90,0.0,3329.23
15669.88,71.96,77,1.225,3329.23
15669.88,69.0,77,0.0,3329.23
15669.88,69.0,94,1.225,3329.23
15669.88,67.78,94,0.0,3329.23
15669.88,67.78,89,0.0,3329.23
15669.88,68.15,89,0.0,3329.23
15669.88,68.52,91,0.0,3329.23
15669.88,68.61,91,1.2125,3329.23
15669.88,69.13,91,0.0,3329.23
15669.88,68.74,89,0.0,3329.23
15669.88,68.73,90,0.0,3329.23
15669.88,71.57,90,1.225,3329.23
15669.88,71.17,90,0.0,3329.23
15669.88,71.6,91,0.0,3329.23
15669.88,72.0,91,0.0,3329.23
15669.88,71.93,90,1.225,3329.23
15669.88,71.95,89,1.225,3329.23
15669.88,71.96,89,0.0,3329.23
15669.88,71.98,90,0.0,3329.23
15669.88,71.72,90,1.225,3329.23
15669.88,71.81,91,0.0,3329.23
15669.88,71.58,91,0.0,3329.23
15669.88,71.54,91,0.0,3329.23
15669.88,71.86,91,1.225,3329.23
15669.88,72.12,91,0.0,3329.23
15669.88,72.08,90,0.0,3329.23
15669.88,70.11,85,1.175,3329.23
15669.88,70.12,85,1.2375,3329.23
15669.88,69.09,87,0.0,3329.23
15669.88,69.31,87,0.0,3329.23
15669.88,69.49,87,1.2125,3329.23
15669.88,69.79,90,0.0,3329.23
15669.88,69.89,90,0.0,3329.23
15669.88,69.37,88,0.0,3329.23
15669.88,69.51,88,0.0,3329.23
15669.88,69.51,88,1.225,3329.23
15669.88,69.55,90,0.0,3329.23
15669.88,71.3,90,0.0,3329.23
15669.88,70.81,91,0.0,3329.23
15669.88,71.47,91,1.225,3329.23
15669.88,71.46,91,0.0,3329.23
15669.88,71.22,91,1.2125,3329.23
15669.88,71.22,89,0.0,3329.23
15669.88,71.91,89,0.0,3329.23
15669.88,71.91,90,1.2125,3329.23
15669.88,72.02,90,0.0,3329.23
15669.88,72.0,90,0.0,3329.23
15669.88,72.0,90,1.225,3329.23
15669.88,72.06,89,0.0,3329.23
15669.88,72.23,89,0.0,3329.23
15669.88,72.43,90,0.0,3329.23
15669.88,72.36,90,2.4375,3329.23
15669.88,72.49,90,0.0,3329.23
15669.88,74.06,90,0.0,3329.23
15669.88,72.53,81,0.0,3329.23
15669.88,72.1,81,1.225,3329.23
15669.88,72.3,91,0.0,3329.23
15669.88,72.34,88,1.2125,3329.23
15669.88,72.49,88,0.0,3329.23
15669.88,72.86,91,0.0,3329.23
15669.88,73.04,91,1.1875,3329.23
15669.88,72.97,91,0.0,3329.23
15669.88,72.91,91,0.0,3329.23
15669.88,72.42,90,0.0,3329.23
15669.88,70.69,90,1.2375,3329.23
15669.88,72.47,90,0.0,3329.23
15669.88,72.38,90,0.0,3329.23
15669.88,72.38,91,0.0,3329.23
15669.88,72.42,91,1.25,3329.23
15669.88,72.24,90,0.0,3329.23
15669.88,72.05,90,0.0,3329.23
15669.88,72.1,91,1.2375,3329.23
15669.88,72.02,91,0.0,3329.23
15669.88,71.52,87,0.0,3329.23
15669.88,71.57,87,0.0,3329.23
15669.88,71.45,90,0.0,3329.23
15669.88,71.25,90,1.2375,3329.23
15669.88,71.25,89,1.25,3329.23
15669.88,73.42,89,0.0,3329.23
15669.88,71.94,82,0.0,3329.23
15669.88,71.25,82,1.25,3329.23
15669.88,71.43,88,0.0,3329.23
15669.88,71.6,88,0.0,3329.23
15669.88,72.03,89,1.2375,3329.23
15669.88,72.68,89,0.0,3329.23
15669.88,72.81,90,0.0,3329.23
15669.88,72.73,90,1.25,3329.23
15669.88,73.15,90,0.0,3329.23
15669.88,73.08,90,0.0,3329.23
15669.88,70.62,89,1.25,3329.23
15669.88,71.79,89,0.0,3329.23
15669.88,72.12,91,1.25,3329.23
15669.88,72.07,91,0.0,3329.23
15669.88,71.99,91,0.0,3329.23
15669.88,71.69,90,0.0,3329.23
15669.88,72.06,89,1.25,3329.23
15669.88,72.0,89,0.0,3329.23
15669.88,72.0,90,0.0,3329.23
15669.88,71.58,90,0.0,3329.23
15669.88,71.35,90,1.2375,3329.23
15669.88,71.5,90,0.0,3329.23
15669.88,71.56,90,0.0,3329.23
15669.88,71.77,90,1.2375,3329.23
15669.88,71.68,89,2.4875,3329.23
15669.88,68.74,89,0.0,3329.23
15669.88,69.27,73,0.0,3329.23
15669.88,68.4,73,0.0,3329.23
15669.88,68.61,89,0.0,3329.23
15669.88,68.91,89,1.25,3329.23
15669.88,69.16,91,0.0,3329.23
15669.88,69.61,91,0.0,3329.23
15669.88,69.84,91,0.0,3329.23
15669.88,70.09,91,0.0,3329.23
15669.88,69.98,90,1.225,3329.23
15669.88,69.97,90,0.0,3329.23
15669.88,72.65,89,0.0,3329.23
15669.88,71.87,89,0.0,3329.23
15669.88,72.03,90,1.2125,3329.23
15669.88,71.88,90,0.0,3329.23
15669.88,71.77,90,0.0,3329.23
15669.88,72.02,90,1.2125,3329.23
15669.88,71.88,90,0.0,3329.23
15669.88,71.62,92,1.2375,3329.23
15669.88,71.77,92,1.1875,3329.23
15669.88,71.65,89,0.0,3329.23
15669.88,71.6,89,0.0,3329.23
15669.88,71.58,91,0.0,3329.23
15669.88,71.91,91,1.2125,3329.23
15669.88,72.15,89,0.0,3329.23
15669.88,72.26,89,1.225,3329.23
15669.88,72.96,80,0.0,3329.23
15669.88,71.55,80,1.225,3329.23
15669.88,71.56,92,0.0,3329.23
15669.88,71.76,92,0.0,3329.23
15669.88,72.07,90,0.0,3329.23
15669.88,72.23,90,1.225,3329.23
15669.88,72.57,89,0.0,3329.23
15669.88,72.86,89,0.0,3329.23
15669.88,73.01,89,0.0,3329.23
15669.88,72.73,91,1.225,3329.23
15669.88,72.28,88,0.0,3329.23
15669.88,72.28,88,0.0,3329.23
15669.88,70.88,88,1.2125,3329.23
15669.88,72.0,88,0.0,3329.23
15669.88,71.99,88,0.0,3329.23
15669.88,71.71,88,1.2125,3329.23
15669.88,71.71,88,0.0,3329.23
15669.88,71.23,88,0.0,3329.23
15669.88,71.23,88,1.2125,3329.23
15669.88,70.92,88,0.0,3329.23
15669.88,70.92,89,0.0,3329.23
15669.88,70.94,89,0.0,3329.23
15669.88,71.3,87,1.2125,3329.23
15669.88,71.66,87,1.2125,3329.23
15669.88,71.5,90,0.0,3329.23
15669.88,71.28,90,2.4375,3329.23
15669.88,68.01,71,1.2,3329.23
15669.88,68.09,71,0.0,3329.23
15669.88,68.09,95,0.0,3329.23
15669.88,68.03,95,1.2125,3329.23
15669.88,68.18,89,0.0,3329.23
15669.88,68.55,89,0.0,3329.23
15669.88,68.91,90,0.0,3329.23
15669.88,69.4,90,1.2125,3329.23
15669.88,69.28,89,0.0,3329.23
15669.88,69.24,89,0.0,3329.23
15669.88,69.24,90,0.0,3329.23
15669.88,72.32,90,1.2125,3329.23
15669.88,71.94,90,0.0,3329.23
15669.88,72.07,89,0.0,3329.23
15669.88,72.28,89,1.2125,3329.23
15669.88,72.23,89,0.0,3329.23
15669.88,72.44,89,0.0,3329.23
15669.88,72.54,90,0.0,3329.23
15669.88,72.21,90,1.225,3329.23
15669.88,72.16,91,0.0,3329.23
15669.88,72.06,91,1.2125,3329.23
15669.88,72.1,90,0.0,3329.23
15669.88,72.08,90,1.225,3329.23
15669.88,72.08,91,0.0,3329.23
15669.88,72.07,91,1.175,3329.23
15669.88,70.56,84,1.15,3329.23
15669.88,70.91,84,0.0,3329.23
15669.88,70.95,82,0.0,3329.23
15669.88,69.69,82,1.2375,3329.23
15669.88,69.54,93,0.0,3329.23
15669.88,71.22,93,0.0,3329.23
15669.88,71.22,90,0.0,3329.23
15669.88,71.74,90,1.225,3329.23
15669.88,72.72,89,0.0,3329.23
15669.88,73.02,89,0.0,3329.23
15669.88,73.43,91,0.0,3329.23
15669.88,73.93,91,1.2,3329.23
15669.88,73.93,91,0.0,3329.23
15669.88,73.41,91,0.0,3329.23
15669.88,74.2,89,2.4375,3329.23
15669.88,74.23,89,0.0,3329.23
15669.88,73.44,91,0.0,3329.23
15669.88,72.94,91,0.0,3329.23
15669.88,72.73,90,0.0,3329.23
15669.88,72.0,90,1.225,3329.23
15669.88,71.73,90,0.0,3329.23
15669.88,71.55,90,0.0,3329.23
15669.88,71.39,90,1.225,3329.23
15669.88,71.34,89,0.0,3329.23
15669.88,72.37,89,0.0,3329.23
15669.88,72.94,91,0.0,3329.23
15669.88,73.24,91,1.2125,3329.23
15669.88,73.42,91,2.375,3329.23
15669.88,70.04,91,0.0,3329.23
15669.88,70.16,76,0.0,3329.23
15669.88,69.63,76,1.2125,3329.23
15669.88,69.65,87,0.0,3329.23
15669.88,69.53,87,0.0,3329.23
15669.88,69.62,87,1.2125,3329.23
15669.88,69.62,87,0.0,3329.23
15669.88,69.37,89,0.0,3329.23
15669.88,69.14,89,1.2125,3329.23
15669.88,68.64,90,0.0,3329.23
15669.88,68.07,90,0.0,3329.23
15669.88,71.32,89,0.0,3329.23
15669.88,71.17,89,1.2125,3329.23
15669.88,71.52,90,0.0,3329.23
15669.88,71.43,90,0.0,3329.23
15669.88,71.89,90,0.0,3329.23
15669.88,72.13,91,0.0,3329.23
15669.88,72.08,91,1.25,3329.23
15669.88,72.13,90,0.0,3329.23
15669.88,71.91,90,0.0,3329.23
15669.88,72.15,88,1.2375,3329.23
15669.88,72.08,88,0.0,3329.23
15669.88,71.97,88,0.0,3329.23
15669.88,72.05,88,1.25,3329.23
15669.88,72.05,88,0.0,3329.23
15669.88,72.22,90,2.4875,3329.23
15669.88,72.22,90,0.0,3329.23
15669.88,72.8,79,0.0,3329.23
15669.88,71.56,79,1.25,3329.23
15669.88,71.56,90,0.0,3329.23
15669.88,71.72,90,0.0,3329.23
15669.88,71.98,90,1.2375,3329.23
15669.88,71.98,90,0.0,3329.23
15669.88,72.08,88,0.0,3329.23
15669.88,72.19,88,1.2375,3329.23
15669.88,72.34,90,0.0,3329.23
15669.88,72.34,90,0.0,3329.23
15669.88,71.95,90,1.2375,3329.23
15669.88,70.97,90,1.2375,3329.23
15669.88,71.85,90,0.0,3329.23
15669.88,71.72,90,1.2375,3329.23
15669.88,71.67,90,0.0,3329.23
15669.88,71.45,90,0.0,3329.23
15669.88,72.0,89,0.0,3329.23
15669.88,71.93,89,1.25,3329.23
15669.88,71.92,91,0.0,3329.23
15669.88,71.82,91,0.0,3329.23
15669.88,71.61,91,1.25,3329.23
15669.88,71.74,90,0.0,3329.23
15669.88,71.79,90,0.0,3329.23
15669.88,72.12,88,1.2375,3329.23
15669.88,71.85,88,0.0,3329.23
15669.88,73.88,75,2.4875,3329.23
15669.88,73.44,75,0.0,3329.23
15669.88,72.17,75,0.0,3329.23
15669.88,72.06,99,1.25,3329.23
15669.88,72.06,99,0.0,3329.23
15669.88,72.62,89,0.0,3329.23
15669.88,72.62,89,0.0,3329.23
15669.88,72.95,90,1.2125,3329.23
15669.88,73.2,90,0.0,3329.23
15669.88,72.73,89,0.0,3329.23
15669.88,72.96,89,1.2125,3329.23
15669.88,70.81,89,0.0,3329.23
15669.88,70.81,89,0.0,3329.23
15669.88,70.73,90,0.0,3329.23
15669.88,71.8,90,1.2125,3329.23
15669.88,71.54,90,0.0,3329.23
15669.88,71.37,90,0.0,3329.23
15669.88,71.19,89,2.4125,3329.23
15669.88,71.19,89,0.0,3329.23
15669.88,71.2,88,0.0,3329.23
15669.88,71.58,88,0.0,3329.23
15669.88,71.58,90,1.2125,3329.23
15669.88,71.28,90,0.0,3329.23
15669.88,71.28,90,0.0,3329.23
15669.88,71.19,90,1.2125,3329.23
15669.88,71.46,90,0.0,3329.23
15669.88,71.49,90,0.0,3329.23
15669.88,71.47,90,2.4125,3329.23
15669.88,73.69,76,0.0,3329.23
15669.88,73.67,76,0.0,3329.23
15669.88,72.65,97,1.225,3329.23
15669.88,73.13,97,0.0,3329.23
15669.88,73.45,91,0.0,3329.23
15669.88,73.12,91,1.2125,3329.23
15669.88,73.63,88,0.0,3329.23
15669.88,73.87,88,0.0,3329.23
15669.88,74.01,91,0.0,3329.23
15669.88,73.8,91,1.2,3329.23
15669.88,73.95,90,0.0,3329.23
15669.88,71.55,90,0.0,3329.23
15669.88,71.3,91,2.425,3329.23
15669.88,71.96,91,0.0,3329.23
15669.88,71.33,90,0.0,3329.23
15669.88,71.06,90,0.0,3329.23
15669.88,71.67,88,0.0,3329.23
15669.88,71.5,88,1.25,3329.23
15669.88,71.52,89,0.0,3329.23
15669.88,71.38,89,0.0,3329.23
15669.88,71.54,90,1.25,3329.23
15669.88,71.22,90,0.0,3329.23
15669.88,71.19,90,0.0,3329.23
15669.88,71.19,91,0.0,3329.23
15669.88,71.34,91,1.2375,3329.23
15669.88,71.56,90,0.0,3329.23
15669.88,71.56,90,1.2375,3329.23
15669.88,69.88,76,1.2375,3329.23
15669.88,68.86,76,0.0,3329.23
15669.88,69.04,92,0.0,3329.23
15669.88,68.99,92,1.2375,3329.23
15669.88,69.27,89,0.0,3329.23
15669.88,69.55,89,0.0,3329.23
15669.88,69.9,91,1.25,3329.23
15669.88,70.16,91,0.0,3329.23
15669.88,70.21,86,0.0,3329.23
15669.88,70.09,86,0.0,3329.23
15669.88,72.03,89,1.2375,3329.23
15669.88,71.22,89,0.0,3329.23
15669.88,71.93,89,0.0,3329.23
15669.88,71.67,88,0.0,3329.23
15669.88,71.83,88,0.0,3329.23
15669.88,71.85,89,1.25,3329.23
15669.88,71.85,89,0.0,3329.23
15669.88,71.8,91,0.0,3329.23
15669.88,71.45,90,0.0,3329.23
15669.88,71.38,90,1.25,3329.23
15669.88,71.76,90,0.0,3329.23
15669.88,71.82,90,0.0,3329.23
15669.88,71.64,89,0.0,3329.23
15669.88,71.35,89,1.25,3329.23
15669.88,71.35,87,0.0,3329.23
15669.88,71.62,87,1.2125,3329.23
15669.88,68.37,77,1.225,3329.23
15669.88,68.45,77,1.25,3329.23
15669.88,68.69,97,0.0,3329.23
15669.88,67.23,97,0.0,3329.23
15669.88,66.7,93,0.0,3329.23
15669.88,66.87,93,0.0,3329.23
15669.88,67.19,90,1.25,3329.23
15669.88,67.81,90,0.0,3329.23
15669.88,68.37,90,0.0,3329.23
15669.88,67.99,90,1.25,3329.23
15669.88,67.94,89,0.0,3329.23
15669.88,71.05,89,0.0,3329.23
15669.88,70.7,91,0.0,3329.23
15669.88,70.36,91,1.2125,3329.23
15669.88,71.57,91,0.0,3329.23
15669.88,72.41,90,0.0,3329.23
15669.88,72.86,88,0.0,3329.23
15669.88,73.43,88,1.2375,3329.23
15669.88,73.43,90,0.0,3329.23
15669.88,73.71,90,0.0,3329.23
15669.88,73.71,90,1.25,3329.23
15669.88,73.81,90,0.0,3329.23
15669.88,73.81,91,0.0,3329.23
15669.88,73.43,91,1.2375,3329.23
15669.88,73.61,89,0.0,3329.23
15669.88,73.77,89,0.0,3329.23
15669.88,73.13,90,1.25,3329.23
15669.88,72.13,90,0.0,3329.23
15669.88,71.14,88,2.4875,3329.23
15669.88,72.93,88,0.0,3329.23
15669.88,72.9,81,0.0,3329.23
15669.88,72.38,81,0.0,3329.23
15669.88,72.4,90,0.0,3329.23
15669.88,72.77,90,1.2375,3329.23
15669.88,73.45,90,0.0,3329.23
15669.88,73.63,90,0.0,3329.23
15669.88,73.84,90,0.0,3329.23
15669.88,73.95,90,1.2375,3329.23
15669.88,74.16,90,0.0,3329.23
15669.88,74.2,89,0.0,3329.23
15669.88,71.61,89,0.0,3329.23
15669.88,71.51,90,1.2375,3329.23
15669.88,71.89,90,0.0,3329.23
15669.88,72.05,89,0.0,3329.23
15669.88,71.68,89,1.2375,3329.23
15669.88,71.68,89,0.0,3329.23
15669.88,71.51,90,0.0,3329.23
15669.88,71.36,90,0.0,3329.23
15669.88,71.12,90,2.4875,3329.23
15669.88,71.35,90,0.0,3329.23
15669.88,71.41,89,0.0,3329.23
15669.88,71.18,89,0.0,3329.23
15669.88,71.31,88,1.25,3329.23
15669.88,71.6,88,0.0,3329.23
15669.88,71.58,90,1.175,3329.23
15669.88,71.47,90,1.1875,3329.23
15669.88,72.93,78,0.0,3329.23
15669.88,71.71,78,0.0,3329.23
15669.88,71.69,93,1.2375,3329.23
15669.88,72.02,93,0.0,3329.23
15669.88,72.06,90,0.0,3329.23
15669.88,72.39,90,1.2375,3329.23
15669.88,72.61,88,0.0,3329.23
15669.88,72.82,88,0.0,3329.23
15669.88,72.53,89,0.0,3329.23
15669.88,72.55,89,0.0,3329.23
15669.88,72.47,90,1.2375,3329.23
15669.88,70.84,90,0.0,3329.23
15669.88,71.97,89,0.0,3329.23
15669.88,71.84,90,0.0,3329.23
15669.88,71.21,90,1.25,3329.23
15669.88,71.39,88,0.0,3329.23
15669.88,72.06,88,0.0,3329.23
15669.88,72.02,89,1.2125,3329.23
15669.88,71.97,89,0.0,3329.23
15669.88,71.74,88,0.0,3329.23
15669.88,71.61,88,1.2125,3329.23
15669.88,71.6,90,0.0,3329.23
15669.88,71.69,90,0.0,3329.23
15669.88,71.8,90,0.0,3329.23
15669.88,71.88,90,1.2125,3329.23
15669.88,68.71,72,2.3625,3329.23
15669.88,68.77,72,0.0,3329.23
15669.88,68.5,93,0.0,3329.23
15669.88,67.99,93,1.2125,3329.23
15669.88,68.37,90,0.0,3329.23
15669.88,68.55,90,0.0,3329.23
15669.88,68.81,90,1.2125,3329.23
15669.88,69.13,90,1.2375,3329.23
15669.88,69.3,90,0.0,3329.23
15669.88,69.23,90,1.2125,3329.23
15669.88,69.21,90,0.0,3329.23
15669.88,72.45,90,0.0,3329.23
15669.88,71.81,90,0.0,3329.23
15669.88,71.38,89,1.2125,3329.23
15669.88,71.66,89,0.0,3329.23
15669.88,71.66,89,0.0,3329.23
15669.88,71.52,89,1.2125,3329.23
15669.88,71.58,91,0.0,3329.23
15669.88,71.36,91,0.0,3329.23
15669.88,71.36,89,0.0,3329.23
15669.88,71.61,89,1.2,3329.23
15669.88,71.3,91,0.0,3329.23
15669.88,71.34,91,0.0,3329.23
15669.88,71.53,90,1.225,3329.23
15669.88,71.77,90,0.0,3329.23
15669.88,71.77,90,0.0,3329.23
15669.88,71.7,91,0.0,3329.23
15669.88,71.69,91,1.225,3329.23
15669.88,73.35,79,1.2125,3329.23
15669.88,71.97,79,0.0,3329.23
15669.88,72.1,94,0.0,3329.23
15669.88,72.1,94,0.0,3329.23
15669.88,72.85,89,1.2125,3329.23
15669.88,73.13,89,0.0,3329.23
15669.88,73.13,91,0.0,3329.23
15669.88,73.17,91,1.2125,3329.23
15669.88,73.08,89,1.2125,3329.23
15669.88,72.96,89,0.0,3329.23
15669.88,72.96,90,1.225,3329.23
15669.88,70.97,90,0.0,3329.23
15669.88,71.86,90,0.0,3329.23
15669.88,72.13,91,0.0,3329.23
15669.88,72.05,91,1.2125,3329.23
15669.88,71.79,90,0.0,3329.23
15669.88,71.94,90,0.0,3329.23
15669.88,71.97,90,0.0,3329.23
15669.88,71.9,90,1.2125,3329.23
15669.88,71.54,90,0.0,3329.23
15669.88,71.56,90,0.0,3329.23
15669.88,71.53,91,0.0,3329.23
15669.88,71.63,91,1.2125,3329.23
15669.88,71.83,90,0.0,3329.23
15669.88,71.74,90,2.425,3329.23
15669.88,68.82,80,0.0,3329.23
15669.88,69.0,80,0.0,3329.23
15669.88,68.06,87,1.2125,3329.23
15669.88,68.08,87,0.0,3329.23
15669.88,68.38,90,0.0,3329.23
15669.88,68.78,90,0.0,3329.23
15669.88,69.2,89,1.2125,3329.23
15669.88,69.76,89,0.0,3329.23
15669.88,69.97,89,1.2125,3329.23
15669.88,69.72,91,1.225,3329.23
15669.88,69.66,91,0.0,3329.23
15669.88,72.26,90,0.0,3329.23
15669.88,71.65,90,0.0,3329.23
15669.88,72.07,89,1.225,3329.23
15669.88,72.07,89,0.0,3329.23
15669.88,72.33,90,0.0,3329.23
15669.88,72.15,90,0.0,3329.23
15669.88,71.93,90,0.0,3329.23
15669.88,71.75,90,1.225,3329.23
15669.88,71.69,90,0.0,3329.23
15669.88,71.41,90,0.0,3329.23
15669.88,71.79,90,0.0,3329.23
15669.88,72.27,90,1.225,3329.23
15669.88,72.5,90,0.0,3329.23
15669.88,72.61,90,0.0,3329.23
15669.88,72.44,88,1.225,3329.23
15669.88,73.46,88,1.225,3329.23
15669.88,72.02,79,0.0,3329.23
15669.88,72.03,79,0.0,3329.23
15669.88,72.27,90,1.2125,3329.23
15669.88,72.63,90,0.0,3329.23
15669.88,73.04,91,0.0,3329.23
15669.88,73.0,91,1.225,3329.23
15669.88,73.21,88,0.0,3329.23
15669.88,73.27,88,0.0,3329.23
15669.88,73.19,91,0.0,3329.23
15669.88,72.73,91,1.2125,3329.23
15669.88,71.33,90,0.0,3329.23
15669.88,72.47,91,1.2125,3329.23
15669.88,72.26,91,0.0,3329.23
15669.88,72.13,89,1.2125,3329.23
15669.88,72.09,89,0.0,3329.23
15669.88,72.13,90,0.0,3329.23
15669.88,72.0,90,1.225,3329.23
15669.88,71.71,91,0.0,3329.23
15669.88,71.36,91,0.0,3329.23
15669.88,71.35,91,0.0,3329.23
15669.88,71.58,88,1.2125,3329.23
15669.88,71.7,88,0.0,3329.23
15669.88,71.63,90,0.0,3329.23
15669.88,71.94,89,1.2125,3329.23
15669.88,72.65,89,1.1875,3329.23
15669.88,71.73,74,0.0,3329.23
15669.88,71.39,74,1.2125,3329.23
15669.88,71.33,90,0.0,3329.23
15669.88,71.5,90,0.0,3329.23
15669.88,71.96,90,0.0,3329.23
15669.88,72.38,90,1.225,3329.23
15669.88,72.47,90,1.2375,3329.23
15669.88,72.62,90,0.0,3329.23
15669.88,72.55,89,0.0,3329.23
15669.88,72.01,89,0.0,3329.23
15669.88,72.01,89,1.225,3329.23
15669.88,71.06,91,0.0,3329.23
15669.88,71.64,91,0.0,3329.23
15669.88,71.84,92,1.2125,3329.23
15669.88,71.84,90,0.0,3329.23
15669.88,71.99,90,0.0,3329.23
15669.88,71.83,90,0.0,3329.23
15669.88,71.72,90,1.225,3329.23
15669.88,71.68,89,0.0,3329.23
15669.88,71.9,89,0.0,3329.23
15669.88,71.88,89,0.0,3329.23
15669.88,71.88,89,1.2125,3329.23
15669.88,71.86,90,0.0,3329.23
15669.88,71.94,90,0.0,3329.23
15669.88,72.36,89,2.425,3329.23
15669.88,69.26,89,0.0,3329.23
15669.88,68.9,82,1.2125,3329.23
15669.88,68.13,82,0.0,3329.23
15669.88,68.33,89,1.225,3329.23
15669.88,68.74,89,0.0,3329.23
15669.88,68.83,90,0.0,3329.23
15669.88,69.11,90,1.2125,3329.23
15669.88,69.33,91,0.0,3329.23
15669.88,69.48,90,0.0,3329.23
15669.88,69.31,90,0.0,3329.23
15669.88,69.02,89,1.2125,3329.23
15669.88,71.94,89,0.0,3329.23
15669.88,72.7,88,0.0,3329.23
15669.88,73.14,88,1.2375,3329.23
15669.88,73.06,90,0.0,3329.23
15669.88,72.88,90,0.0,3329.23
15669.88,72.86,89,0.0,3329.23
15669.88,72.75,89,1.225,3329.23
15669.88,72.88,89,0.0,3329.23
15669.88,72.87,89,0.0,3329.23
15669.88,72.49,90,0.0,3329.23
15669.88,72.31,90,0.0,3329.23
15669.88,71.86,90,1.225,3329.23
15669.88,72.19,90,0.0,3329.23
15669.88,72.17,90,0.0,3329.23
15669.88,71.87,90,2.4375,3329.23
15669.88,72.55,78,0.0,3329.23
15669.88,71.07,78,0.0,3329.23
15669.88,71.17,91,1.2125,3329.23
15669.88,71.34,91,0.0,3329.23
15669.88,71.74,91,0.0,3329.23
15669.88,71.98,91,1.2125,3329.23
15669.88,72.35,90,0.0,3329.23
15669.88,72.43,91,0.0,3329.23
15669.88,72.33,91,0.0,3329.23
15669.88,72.14,91,1.225,3329.23
15669.88,72.02,91,0.0,3329.23
15669.88,70.87,90,0.0,3329.23
15669.88,72.46,90,0.0,3329.23
15669.88,72.52,91,1.225,3329.23
15669.88,72.12,91,1.2125,3329.23
15669.88,72.29,90,0.0,3329.23
15669.88,72.11,90,0.0,3329.23
15669.88,72.11,90,0.0,3329.23
15669.88,71.83,90,1.2125,3329.23
15669.88,71.86,90,0.0,3329.23
15669.88,71.86,91,0.0,3329.23
15669.88,71.87,91,1.2125,3329.23
15669.88,72.06,91,0.0,3329.23
15669.88,71.86,91,0.0,3329.23
15669.88,71.72,91,2.425,3329.23
15669.88,71.72,91,0.0,3329.23
15669.88,73.44,78,0.0,3329.23
15669.88,73.42,78,1.2125,3329.23
15669.88,73.13,99,0.0,3329.23
15669.88,72.92,99,0.0,3329.23
15669.88,73.03,91,1.2125,3329.23
15669.88,73.05,91,0.0,3329.23
15669.88,73.42,89,0.0,3329.23
15669.88,73.68,90,1.2125,3329.23
15669.88,73.7,90,0.0,3329.23
15669.88,73.67,91,0.0,3329.23
15669.88,71.8,91,1.2125,3329.23
15669.88,71.3,89,0.0,3329.23
15669.88,70.93,89,0.0,3329.23
15669.88,71.13,89,0.0,3329.23
15669.88,70.99,89,1.225,3329.23
15669.88,71.03,91,0.0,3329.23
15669.88,71.06,91,0.0,3329.23
15669.88,70.94,91,0.0,3329.23
15669.88,70.83,91,1.225,3329.23
15669.88,70.99,91,0.0,3329.23
15669.88,70.66,91,0.0,3329.23
15669.88,70.62,91,0.0,3329.23
15669.88,70.53,91,1.2125,3329.23
15669.88,71.19,89,0.0,3329.23
15669.88,71.28,90,0.0,3329.23
15669.88,71.78,90,0.0,3329.23
15669.88,68.38,72,3.7125,3329.23
15669.88,68.5,72,0.0,3329.23
15669.88,67.98,94,1.225,3329.23
15669.88,68.11,94,0.0,3329.23
15669.88,68.49,89,0.0,3329.23
15669.88,68.87,89,0.0,3329.23
15669.88,69.51,89,1.2125,3329.23
15669.88,69.51,88,0.0,3329.23
15669.88,69.64,88,0.0,3329.23
15669.88,69.41,90,1.2125,3329.23
15669.88,69.33,90,0.0,3329.23
15669.88,72.23,89,0.0,3329.23
15669.88,72.23,89,1.2125,3329.23
15669.88,71.91,90,0.0,3329.23
15669.88,72.12,90,0.0,3329.23
15669.88,72.12,90,1.2125,3329.23
15669.88,72.04,90,0.0,3329.23
15669.88,71.86,90,0.0,3329.23
15669.88,71.97,89,0.0,3329.23
15669.88,71.93,89,1.2125,3329.23
15669.88,71.79,90,0.0,3329.23
15669.88,71.35,90,0.0,3329.23
15669.88,71.5,90,1.2125,3329.23
15669.88,71.65,90,0.0,3329.23
15669.88,71.79,89,1.2125,3329.23
15669.88,71.89,89,1.175,3329.23
15669.88,71.91,91,1.2,3329.23
15669.88,72.1,91,0.0,3329.23
15669.88,70.7,82,0.0,3329.23
15669.88,70.5,82,1.225,3329.23
15669.88,70.66,90,0.0,3329.23
15669.88,71.07,90,0.0,3329.23
15669.88,71.16,90,1.2125,3329.23
15669.88,71.67,90,0.0,3329.23
15669.88,71.83,90,0.0,3329.23
15669.88,71.81,90,0.0,3329.23
15669.88,71.83,90,0.0,3329.23
15669.88,71.57,90,1.2125,3329.23
15669.88,71.22,90,0.0,3329.23
15669.88,72.22,90,0.0,3329.23
15669.88,72.1,90,1.2125,3329.23
15669.88,71.97,89,0.0,3329.23
15669.88,72.01,89,0.0,3329.23
15669.88,72.21,90,1.2125,3329.23
15669.88,71.98,90,0.0,3329.23
15669.88,72.02,90,0.0,3329.23
15669.88,71.79,90,1.2125,3329.23
15669.88,71.75,90,0.0,3329.23
15669.88,71.76,90,0.0,3329.23
15669.88,72.04,91,1.2125,3329.23
15669.88,72.03,91,1.2125,3329.23
15669.88,72.01,92,2.425,3329.23
15669.88,73.84,92,0.0,3329.23
15669.88,72.42,78,0.0,3329.23
15669.88,72.15,78,0.0,3329.23
15669.88,72.14,89,1.225,3329.23
15669.88,72.54,89,0.0,3329.23
15669.88,73.12,87,0.0,3329.23
15669.88,73.52,87,0.0,3329.23
15669.88,74.0,88,1.2125,3329.23
15669.88,73.98,88,0.0,3329.23
15669.88,73.97,90,0.0,3329.23
15669.88,73.89,90,0.0,3329.23
15669.88,71.5,89,1.225,3329.23
15669.88,71.5,89,0.0,3329.23
15669.88,72.61,89,0.0,3329.23
15669.88,72.52,89,1.2125,3329.23
15669.88,72.09,90,0.0,3329.23
15669.88,72.02,90,0.0,3329.23
15669.88,71.86,90,0.0,3329.23
15669.88,71.66,90,1.2125,3329.23
15669.88,71.65,91,0.0,3329.23
15669.88,71.61,91,0.0,3329.23
15669.88,71.5,91,1.2125,3329.23
15669.88,71.48,91,0.0,3329.23
15669.88,71.83,90,0.0,3329.23
15669.88,72.19,90,1.2125,3329.23
15669.88,72.16,90,1.2125,3329.23
15669.88,69.1,90,1.2125,3329.23
15669.88,68.67,82,0.0,3329.23
15669.88,68.11,82,1.1875,3329.23
15669.88,68.09,91,0.0,3329.23
15669.88,68.26,91,1.2125,3329.23
15669.88,68.63,91,0.0,3329.23
15669.88,68.85,89,0.0,3329.23
15669.88,69.58,89,1.2125,3329.23
15669.88,69.04,90,0.0,3329.23
15669.88,69.04,90,0.0,3329.23
15669.88,71.98,91,1.2125,3329.23
15669.88,71.81,91,0.0,3329.23
15669.88,72.08,91,0.0,3329.23
15669.88,72.03,91,0.0,3329.23
15669.88,72.0,92,1.2125,3329.23
15669.88,71.83,92,0.0,3329.23
15669.88,71.86,92,0.0,3329.23
15669.88,71.48,92,0.0,3329.23
15669.88,71.44,93,1.2125,3329.23
15669.88,71.56,93,0.0,3329.23
15669.88,71.36,92,0.0,3329.23
15669.88,71.64,92,1.2125,3329.23
15669.88,71.8,91,0.0,3329.23
15669.88,71.58,91,0.0,3329.23
15669.88,72.28,85,2.4375,3329.23
15669.88,69.51,85,0.0,3329.23
15669.88,69.61,77,1.225,3329.23
15669.88,68.78,77,0.0,3329.23
15669.88,68.86,89,1.225,3329.23
15669.88,68.8,89,0.0,3329.23
15669.88,69.09,88,0.0,3329.23
15669.88,69.44,88,1.2125,3329.23
15669.88,69.11,90,0.0,3329.23
15669.88,68.98,89,0.0,3329.23
15669.88,69.12,89,1.2125,3329.23
15669.88,68.74,89,0.0,3329.23
15669.88,71.12,89,0.0,3329.23
15669.88,70.73,90,0.0,3329.23
15669.88,71.51,90,1.2125,3329.23
15669.88,71.42,90,0.0,3329.23
15669.88,71.47,90,0.0,3329.23
15669.88,71.28,89,1.2125,3329.23
15669.88,71.42,89,0.0,3329.23
15669.88,71.88,89,0.0,3329.23
15669.88,72.11,89,1.2125,3329.23
15669.88,71.77,89,0.0,3329.23
15669.88,71.87,89,0.0,3329.23
15669.88,72.06,90,1.2125,3329.23
15669.88,72.11,90,0.0,3329.23
15669.88,72.16,90,0.0,3329.23
15669.88,72.13,90,1.2125,3329.23
15669.88,73.45,78,1.2125,3329.23
15669.88,71.93,78,0.0,3329.23
15669.88,71.88,93,1.225,3329.23
15669.88,71.77,93,0.0,3329.23
15669.88,72.02,91,0.0,3329.23
15669.88,72.28,91,1.225,3329.23
15669.88,72.39,89,0.0,3329.23
15669.88,72.95,89,0.0,3329.23
15669.88,73.04,89,0.0,3329.23
15669.88,72.93,89,1.225,3329.23
15669.88,72.86,91,0.0,3329.23
15669.88,71.16,91,0.0,3329.23
15669.88,72.5,90,0.0,3329.23
15669.88,72.44,90,0.0,3329.23
15669.88,72.33,90,1.2125,3329.23
15669.88,72.22,90,0.0,3329.23
15669.88,72.0,91,0.0,3329.23
15669.88,72.12,91,1.225,3329.23
15669.88,71.73,91,1.225,3329.23
15669.88,71.64,90,0.0,3329.23
15669.88,71.32,90,0.0,3329.23
15669.88,71.34,89,1.2125,3329.23
15669.88,71.41,89,0.0,3329.23
15669.88,71.38,89,0.0,3329.23
15669.88,71.85,89,1.2,3329.23
15669.88,71.85,76,1.1875,3329.23
15669.88,72.68,76,0.0,3329.23
15669.88,71.9,94,0.0,3329.23
15669.88,71.38,94,1.2125,3329.23
15669.88,71.38,87,0.0,3329.23
15669.88,71.79,87,0.0,3329.23
15669.88,72.04,87,1.2125,3329.23
15669.88,72.14,87,0.0,3329.23
15669.88,72.38,88,0.0,3329.23
15669.88,71.99,88,1.2125,3329.23
15669.88,71.8,88,0.0,3329.23
15669.88,70.69,88,0.0,3329.23
15669.88,71.21,88,1.2125,3329.23
15669.88,71.16,88,0.0,3329.23
15669.88,71.26,88,0.0,3329.23
15669.88,71.3,88,0.0,3329.23
15669.88,71.34,89,1.2125,3329.23
15669.88,71.28,89,0.0,3329.23
15669.88,71.25,88,0.0,3329.23
15669.88,71.21,88,1.2125,3329.23
15669.88,71.21,87,0.0,3329.23
15669.88,71.08,87,0.0,3329.23
15669.88,71.16,88,1.2125,3329.23
15669.88,71.21,88,0.0,3329.23
15669.88,71.1,88,1.2125,3329.23
15669.88,71.39,88,1.2125,3329.23
15669.88,71.35,88,1.2125,3329.23
15669.88,72.93,81,0.0,3329.23
15669.88,71.36,81,1.2125,3329.23
15669.88,71.32,90,0.0,3329.23
15669.88,71.84,90,0.0,3329.23
15669.88,71.84,90,0.0,3329.23
15669.88,72.36,90,1.2125,3329.23
15669.88,72.73,90,0.0,3329.23
15669.88,73.28,90,0.0,3329.23
15669.88,72.97,90,0.0,3329.23
15669.88,72.77,90,1.175,3329.23
15669.88,70.88,90,0.0,3329.23
15669.88,72.22,90,1.2125,3329.23
15669.88,72.25,90,0.0,3329.23
15669.88,72.12,90,0.0,3329.23
15669.88,72.52,89,1.2125,3329.23
15669.88,72.64,89,0.0,3329.23
15669.88,72.87,88,0.0,3329.23
15669.88,72.82,88,1.2125,3329.23
15669.88,72.62,90,0.0,3329.23
15669.88,72.58,90,0.0,3329.23
15669.88,72.56,91,0.0,3329.23
15669.88,72.66,91,1.2125,3329.23
15669.88,72.88,90,1.225,3329.23
15669.88,72.8,90,0.0,3329.23
15669.88,72.5,89,2.4125,3329.23
15669.88,68.89,89,0.0,3329.23
15669.88,68.66,79,0.0,3329.23
15669.88,67.83,79,0.0,3329.23
15669.88,67.91,89,1.2125,3329.23
15669.88,67.95,90,0.0,3329.23
15669.88,68.25,90,0.0,3329.23
15669.88,68.64,89,1.225,3329.23
15669.88,68.82,89,0.0,3329.23
15669.88,69.18,89,0.0,3329.23
15669.88,69.08,89,1.2125,3329.23
15669.88,69.32,90,0.0,3329.23
15669.88,72.0,90,0.0,3329.23
15669.88,72.38,90,0.0,3329.23
15669.88,72.18,90,1.225,3329.23
15669.88,72.19,90,0.0,3329.23
15669.88,72.26,90,0.0,3329.23
15669.88,72.71,88,1.2375,3329.23
15669.88,72.64,88,0.0,3329.23
15669.88,72.31,91,0.0,3329.23
15669.88,72.54,91,0.0,3329.23
15669.88,72.02,89,1.2125,3329.23
15669.88,72.08,89,0.0,3329.23
15669.88,72.23,89,0.0,3329.23
15669.88,72.47,89,1.2125,3329.23
15669.88,72.39,91,1.2125,3329.23
15669.88,72.28,91,1.2125,3329.23
15669.88,72.82,77,1.2125,3329.23
15669.88,72.22,77,0.0,3329.23
15669.88,71.23,97,0.0,3329.23
15669.88,71.2,97,1.2125,3329.23
15669.88,71.44,91,0.0,3329.23
15669.88,72.14,91,0.0,3329.23
15669.88,72.42,91,0.0,3329.23
15669.88,72.43,91,1.2125,3329.23
15669.88,72.35,90,0.0,3329.23
15669.88,72.29,90,0.0,3329.23
15669.88,72.32,90,1.2125,3329.23
15669.88,71.36,90,0.0,3329.23
15669.88,71.06,90,0.0,3329.23
15669.88,71.86,90,0.0,3329.23
15669.88,71.92,90,1.2125,3329.23
15669.88,71.78,87,0.0,3329.23
15669.88,71.89,87,0.0,3329.23
15669.88,71.89,91,0.0,3329.23
15669.88,71.67,91,1.2375,3329.23
15669.88,71.68,89,0.0,3329.23
15669.88,71.51,89,0.0,3329.23
15669.88,71.59,89,0.0,3329.23
15669.88,71.91,89,1.25,3329.23
15669.88,72.35,90,0.0,3329.23
15669.88,72.83,90,0.0,3329.23
15669.88,72.99,89,1.2375,3329.23
15669.88,72.98,89,2.4875,3329.23
15669.88,73.15,78,1.2375,3329.23
15669.88,71.65,78,0.0,3329.23
15669.88,71.72,91,0.0,3329.23
15669.88,71.89,91,0.0,3329.23
15669.88,72.3,91,1.25,3329.23
15669.88,72.36,91,0.0,3329.23
15669.88,72.61,89,0.0,3329.23
15669.88,72.45,89,1.2375,3329.23
15669.88,71.82,90,0.0,3329.23
15669.88,71.58,90,0.0,3329.23
15669.88,71.26,88,0.0,3329.23
15669.88,70.86,88,1.25,3329.23
15669.88,72.33,89,0.0,3329.23
15669.88,72.38,89,0.0,3329.23
15669.88,72.3,89,1.25,3329.23
15669.88,71.95,89,0.0,3329.23
15669.88,71.95,89,0.0,3329.23
15669.88,71.92,90,1.2375,3329.23
15669.88,71.66,90,0.0,3329.23
15669.88,71.56,90,0.0,3329.23
15669.88,71.64,90,0.0,3329.23
15669.88,71.56,89,1.2375,3329.23
15669.88,71.22,89,0.0,3329.23
15669.88,71.41,90,0.0,3329.23
15669.88,71.98,90,0.0,3329.23
15669.88,72.54,89,1.25,3329.23
15669.88,72.67,89,1.25,3329.23
15669.88,69.92,78,0.0,3329.23
15669.88,70.0,78,0.0,3329.23
15669.88,69.65,94,1.25,3329.23
15669.88,69.88,91,0.0,3329.23
15669.88,70.08,91,1.25,3329.23
15669.88,70.3,89,0.0,3329.23
15669.88,70.56,89,1.25,3329.23
15669.88,70.62,89,0.0,3329.23
15669.88,69.48,89,0.0,3329.23
15669.88,69.44,89,0.0,3329.23
15669.88,72.03,89,1.2125,3329.23
15669.88,71.65,90,0.0,3329.23
15669.88,71.54,90,0.0,3329.23
15669.88,71.45,88,1.2125,3329.23
15669.88,71.38,88,0.0,3329.23
15669.88,71.27,90,0.0,3329.23
15669.88,71.36,90,1.2125,3329.23
15669.88,71.23,90,0.0,3329.23
15669.88,71.32,90,0.0,3329.23
15669.88,71.59,90,0.0,3329.23
15669.88,71.24,90,1.2125,3329.23
15669.88,71.26,90,0.0,3329.23
15669.88,71.51,90,0.0,3329.23
15669.88,71.93,90,1.2125,3329.23
15669.88,71.88,90,1.1625,3329.23
15669.88,71.74,90,1.225,3329.23
15669.88,72.4,90,0.0,3329.23
15669.88,71.18,79,0.0,3329.23
15669.88,71.22,79,0.0,3329.23
15669.88,71.2,90,1.225,3329.23
15669.88,71.51,90,1.225,3329.23
15669.88,71.49,90,0.0,3329.23
15669.88,72.22,89,0.0,3329.23
15669.88,72.5,89,0.0,3329.23
15669.88,72.36,90,1.2125,3329.23
15669.88,72.42,90,0.0,3329.23
15669.88,71.04,89,0.0,3329.23
15669.88,71.85,89,0.0,3329.23
15669.88,72.07,88,1.2125,3329.23
15669.88,72.07,88,0.0,3329.23
15669.88,71.75,91,0.0,3329.23
15669.88,72.0,91,1.2125,3329.23
15669.88,71.37,88,0.0,3329.23
15669.88,71.13,88,1.2125,3329.23
15669.88,71.5,89,0.0,3329.23
15669.88,72.02,89,0.0,3329.23
15669.88,72.32,88,0.0,3329.23
15669.88,72.4,88,1.225,3329.23
15669.88,72.81,90,0.0,3329.23
15669.88,72.84,90,0.0,3329.23
15669.88,72.67,88,2.4375,3329.23
15669.88,73.68,88,0.0,3329.23
15669.88,72.8,79,1.225,3329.23
15669.88,72.83,79,0.0,3329.23
15669.88,73.04,90,1.225,3329.23
15669.88,73.04,90,0.0,3329.23
15669.88,72.55,90,0.0,3329.23
15669.88,72.97,90,1.2125,3329.23
15669.88,73.14,91,0.0,3329.23
15669.88,73.43,91,0.0,3329.23
15669.88,73.11,90,1.2125,3329.23
15669.88,72.74,90,0.0,3329.23
15669.88,71.62,88,0.0,3329.23
15669.88,72.21,90,1.2125,3329.23
15669.88,72.01,90,0.0,3329.23
15669.88,71.9,90,0.0,3329.23
15669.88,71.75,90,0.0,3329.23
15669.88,71.65,89,1.2125,3329.23
15669.88,71.7,89,0.0,3329.23
15669.88,71.36,90,0.0,3329.23
15669.88,71.35,90,1.2125,3329.23
15669.88,71.52,89,0.0,3329.23
15669.88,71.54,89,0.0,3329.23
15669.88,71.65,90,1.2125,3329.23
15669.88,71.96,90,0.0,3329.23
15669.88,71.91,90,0.0,3329.23
15669.88,68.96,90,2.3625,3329.23
15669.88,69.31,77,0.0,3329.23
15669.88,69.08,77,0.0,3329.23
15669.88,68.31,96,0.0,3329.23
15669.88,68.37,96,1.2125,3329.23
15669.88,68.31,89,0.0,3329.23
15669.88,68.73,89,0.0,3329.23
15669.88,68.94,90,1.225,3329.23
15669.88,69.1,90,0.0,3329.23
15669.88,68.97,90,0.0,3329.23
15669.88,68.87,90,0.0,3329.23
15669.88,71.82,90,0.0,3329.23
15669.88,71.21,90,1.225,3329.23
15669.88,70.94,88,0.0,3329.23
15669.88,71.47,88,0.0,3329.23
15669.88,71.31,90,1.2125,3329.23
15669.88,71.75,90,0.0,3329.23
15669.88,71.61,89,0.0,3329.23
15669.88,71.61,90,1.2125,3329.23
15669.88,71.61,90,0.0,3329.23
15669.88,71.67,90,0.0,3329.23
15669.88,71.67,90,1.2125,3329.23
15669.88,70.83,90,0.0,3329.23
15669.88,70.83,89,0.0,3329.23
15669.88,71.72,89,1.2125,3329.23
15669.88,72.35,89,0.0,3329.23
15669.88,72.11,89,0.0,3329.23
15669.88,69.62,91,3.6375,3329.23
15669.88,69.81,91,0.0,3329.23
15669.88,69.81,78,0.0,3329.23
15669.88,68.54,78,0.0,3329.23
15669.88,68.54,92,1.2125,3329.23
15669.88,68.42,92,0.0,3329.23
15669.88,69.5,86,0.0,3329.23
15669.88,68.83,86,1.2125,3329.23
15669.88,68.83,87,0.0,3329.23
15669.88,68.47,87,0.0,3329.23
15669.88,68.45,90,0.0,3329.23
15669.88,70.73,90,1.1875,3329.23
15669.88,70.73,90,0.0,3329.23
15669.88,71.48,90,0.0,3329.23
15669.88,71.48,89,1.2125,3329.23
15669.88,71.39,90,0.0,3329.23
15669.88,71.46,90,1.2125,3329.23
15669.88,71.39,89,0.0,3329.23
15669.88,71.43,89,1.175,3329.23
15669.88,71.43,89,0.0,3329.23
15669.88,71.51,89,1.2125,3329.23
15669.88,71.51,88,0.0,3329.23
15669.88,71.19,88,0.0,3329.23
15669.88,71.19,90,1.2125,3329.23
15669.88,71.02,90,0.0,3329.23
15669.88,71.02,89,0.0,3329.23
15669.88,71.14,89,2.425,3329.23
15669.88,68.01,75,0.0,3329.23
15669.88,68.01,75,1.225,3329.23
15669.88,67.0,90,0.0,3329.23
15669.88,67.48,90,0.0,3329.23
15669.88,67.66,89,0.0,3329.23
15669.88,68.08,89,1.2125,3329.23
15669.88,68.37,87,0.0,3329.23
15669.88,68.37,87,0.0,3329.23
15669.88,69.07,88,1.2,3329.23
15669.88,68.65,88,0.0,3329.23
15669.88,68.65,90,0.0,3329.23
15669.88,71.68,90,0.0,3329.23
15669.88,71.11,90,1.1875,3329.23
15669.88,71.49,90,0.0,3329.23
15669.88,71.12,89,0.0,3329.23
15669.88,71.39,89,1.2,3329.23
15669.88,71.54,90,1.1875,3329.23
15669.88,71.48,90,0.0,3329.23
15669.88,71.44,88,1.2125,3329.23
15669.88,71.3,90,0.0,3329.23
15669.88,71.33,90,0.0,3329.23
15669.88,71.32,90,1.2125,3329.23
15669.88,71.31,90,0.0,3329.23
15669.88,71.23,90,0.0,3329.23
15669.88,71.43,90,1.2125,3329.23
15669.88,71.54,88,1.2125,3329.23
15669.88,73.16,88,1.2125,3329.23
15669.88,71.94,77,0.0,3329.23
15669.88,71.72,77,0.0,3329.23
15669.88,71.86,90,0.0,3329.23
15669.88,72.26,90,1.2125,3329.23
15669.88,72.51,89,0.0,3329.23
15669.88,72.88,89,0.0,3329.23
15669.88,73.01,88,1.225,3329.23
15669.88,73.29,88,0.0,3329.23
15669.88,72.97,89,0.0,3329.23
15669.88,72.5,89,0.0,3329.23
15669.88,70.56,91,0.0,3329.23
15669.88,71.4,91,1.225,3329.23
15669.88,71.76,88,0.0,3329.23
15669.88,71.74,88,0.0,3329.23
15669.88,71.65,90,1.2125,3329.23
15669.88,71.6,90,0.0,3329.23
15669.88,71.44,89,0.0,3329.23
15669.88,71.34,89,2.425,3329.23
15669.88,71.6,90,0.0,3329.23
15669.88,71.62,90,0.0,3329.23
15669.88,71.38,90,0.0,3329.23
15669.88,71.38,90,1.225,3329.23
15669.88,71.78,89,0.0,3329.23
15669.88,71.74,89,0.0,3329.23
15669.88,71.74,89,1.225,3329.23
15669.88,68.32,89,1.225,3329.23
15669.88,68.3,79,0.0,3329.23
15669.88,68.09,79,0.0,3329.23
15669.88,68.09,90,0.0,3329.23
15669.88,68.13,90,1.2125,3329.23
15669.88,68.6,88,0.0,3329.23
15669.88,68.6,89,0.0,3329.23
15669.88,69.18,89,1.2125,3329.23
15669.88,69.0,89,0.0,3329.23
15669.88,68.77,89,0.0,3329.23
15669.88,71.73,90,0.0,3329.23
15669.88,71.23,90,0.0,3329.23
15669.88,71.76,88,1.2375,3329.23
15669.88,71.57,88,0.0,3329.23
15669.88,71.37,89,0.0,3329.23
15669.88,71.96,89,1.2375,3329.23
15669.88,72.66,87,0.0,3329.23
15669.88,72.83,87,1.25,3329.23
15669.88,72.66,90,0.0,3329.23
15669.88,72.65,90,1.2375,3329.23
15669.88,72.66,89,0.0,3329.23
15669.88,72.77,89,0.0,3329.23
15669.88,72.92,90,0.0,3329.23
15669.88,72.98,90,1.25,3329.23
15669.88,72.98,90,0.0,3329.23
15669.88,72.96,90,2.4875,3329.23
15669.88,74.22,73,0.0,3329.23
15669.88,72.35,73,0.0,3329.23
15669.88,72.45,93,0.0,3329.23
15669.88,72.18,93,1.2375,3329.23
15669.88,72.48,89,0.0,3329.23
15669.88,72.77,89,0.0,3329.23
15669.88,73.13,89,1.2375,3329.23
15669.88,73.67,89,0.0,3329.23
15669.88,73.78,90,0.0,3329.23
15669.88,73.78,90,0.0,3329.23
15669.88,73.44,89,1.2375,3329.23
15669.88,71.1,89,0.0,3329.23
15669.88,71.94,89,0.0,3329.23
15669.88,71.41,89,0.0,3329.23
15669.88,71.65,88,1.2375,3329.23
15669.88,71.5,88,0.0,3329.23
15669.88,71.8,89,0.0,3329.23
15669.88,71.86,89,1.2375,3329.23
15669.88,71.67,90,0.0,3329.23
15669.88,71.49,90,0.0,3329.23
15669.88,71.51,89,1.2375,3329.23
15669.88,71.57,89,0.0,3329.23
15669.88,71.59,88,0.0,3329.23
15669.88,71.75,88,0.0,3329.23
15669.88,72.04,89,1.2375,3329.23
15669.88,72.08,89,3.725,3329.23
15669.88,69.73,81,0.0,3329.23
15669.88,69.77,87,0.0,3329.23
15669.88,68.34,87,0.0,3329.23
15669.88,68.68,90,1.2125,3329.23
15669.88,68.68,90,0.0,3329.23
15669.88,68.98,90,0.0,3329.23
15669.88,69.36,89,0.0,3329.23
15669.88,69.32,88,1.225,3329.23
15669.88,68.98,88,0.0,3329.23
15669.88,68.83,89,0.0,3329.23
15669.88,70.81,89,1.2125,3329.23
15669.88,70.09,89,0.0,3329.23
15669.88,71.51,89,0.0,3329.23
15669.88,71.51,89,0.0,3329.23
15669.88,71.66,89,1.2125,3329.23
15669.88,71.66,89,0.0,3329.23
15669.88,71.93,90,0.0,3329.23
15669.88,71.93,90,1.2125,3329.23
15669.88,71.79,90,0.0,3329.23
15669.88,71.89,90,0.0,3329.23
15669.88,72.02,90,1.2125,3329.23
15669.88,71.78,90,0.0,3329.23
15669.88,71.76,90,0.0,3329.23
15669.88,71.98,90,0.0,3329.23
15669.88,72.25,89,1.2125,3329.23
15669.88,72.12,89,2.4125,3329.23
15669.88,69.22,89,0.0,3329.23
15669.88,69.22,75,1.2125,3329.23
15669.88,68.61,75,0.0,3329.23
15669.88,68.8,88,0.0,3329.23
15669.88,69.2,88,1.2125,3329.23
15669.88,69.61,89,0.0,3329.23
15669.88,70.12,89,0.0,3329.23
15669.88,70.14,90,0.0,3329.23
15669.88,69.96,90,1.2,3329.23
15669.88,69.59,88,0.0,3329.23
15669.88,69.76,88,0.0,3329.23
15669.88,72.28,87,1.2125,3329.23
15669.88,72.14,87,0.0,3329.23
15669.88,72.16,89,0.0,3329.23
15669.88,72.05,89,1.2125,3329.23
15669.88,71.79,86,1.2125,3329.23
15669.88,72.08,86,0.0,3329.23
15669.88,71.89,88,0.0,3329.23
15669.88,71.68,88,1.2125,3329.23
15669.88,71.26,90,0.0,3329.23
15669.88,71.45,88,0.0,3329.23
15669.88,71.3,88,0.0,3329.23
15669.88,71.14,89,1.2,3329.23
15669.88,71.63,89,0.0,3329.23
15669.88,71.69,88,1.2125,3329.23
15669.88,71.81,88,1.2125,3329.23
15669.88,73.31,77,0.0,3329.23
15669.88,71.8,77,1.2125,3329.23
15669.88,71.84,93,0.0,3329.23
15669.88,72.1,93,0.0,3329.23
15669.88,72.38,88,1.2125,3329.23
15669.88,72.56,88,1.2125,3329.23
15669.88,72.81,88,0.0,3329.23
15669.88,73.13,88,0.0,3329.23
15669.88,73.07,90,1.2125,3329.23
15669.88,72.97,90,0.0,3329.23
15669.88,73.17,88,0.0,3329.23
15669.88,71.59,88,1.2125,3329.23
15669.88,73.7,87,0.0,3329.23
15669.88,74.03,87,0.0,3329.23
15669.88,73.93,90,1.2125,3329.23
15669.88,73.83,90,0.0,3329.23
15669.88,73.8,90,1.2125,3329.23
15669.88,73.75,90,0.0,3329.23
15669.88,73.7,90,0.0,3329.23
15669.88,73.3,90,0.0,3329.23
15669.88,72.92,90,1.1875,3329.23
15669.88,72.59,89,0.0,3329.23
15669.88,72.27,89,0.0,3329.23
15669.88,71.87,89,1.175,3329.23
15669.88,71.71,89,0.0,3329.23
15669.88,71.92,76,1.2125,3329.23
15669.88,68.86,76,1.2125,3329.23
15669.88,68.97,98,0.0,3329.23
15669.88,68.88,98,0.0,3329.23
15669.88,68.46,91,1.2125,3329.23
15669.88,68.9,91,0.0,3329.23
15669.88,69.61,88,0.0,3329.23
15669.88,69.69,88,0.0,3329.23
15669.88,69.55,90,1.2125,3329.23
15669.88,69.3,90,0.0,3329.23
15669.88,69.08,90,0.0,3329.23
15669.88,72.0,90,2.4375,3329.23
15669.88,71.5,90,0.0,3329.23
15669.88,71.21,90,0.0,3329.23
15669.88,71.21,90,1.225,3329.23
15669.88,71.16,90,0.0,3329.23
15669.88,71.07,90,0.0,3329.23
15669.88,70.99,90,0.0,3329.23
15669.88,70.9,91,1.225,3329.23
15669.88,70.79,91,0.0,3329.23
15669.88,70.89,90,0.0,3329.23
15669.88,70.74,90,0.0,3329.23
15669.88,70.52,90,1.2125,3329.23
15669.88,70.68,88,0.0,3329.23
15669.88,70.82,88,0.0,3329.23
15669.88,71.2,90,1.2125,3329.23
15669.88,71.23,90,0.0,3329.23
15669.88,71.09,72,2.425,3329.23
15669.88,71.21,72,0.0,3329.23
15669.88,70.41,93,0.0,3329.23
15669.88,71.27,93,1.2125,3329.23
15669.88,71.27,93,0.0,3329.23
15669.88,71.88,90,0.0,3329.23
15669.88,72.25,90,1.2125,3329.23
15669.88,72.59,90,0.0,3329.23
15669.88,72.75,90,0.0,3329.23
15669.88,72.67,89,0.0,3329.23
15669.88,72.67,89,1.2125,3329.23
15669.88,72.6,90,0.0,3329.23
15669.88,73.0,90,0.0,3329.23
15669.88,72.6,90,1.2125,3329.23
15669.88,72.6,90,0.0,3329.23
15669.88,72.08,88,0.0,3329.23
15669.88,72.09,88,1.2125,3329.23
15669.88,71.92,89,0.0,3329.23
15669.88,71.69,89,0.0,3329.23
15669.88,71.75,89,0.0,3329.23
15669.88,72.39,89,1.2375,3329.23
15669.88,72.28,89,0.0,3329.23
15669.88,72.17,90,0.0,3329.23
15669.88,72.07,90,0.0,3329.23
15669.88,72.47,89,1.25,3329.23
15669.88,72.5,89,1.2375,3329.23
15669.88,69.79,81,2.4875,3329.23
15669.88,70.19,81,0.0,3329.23
15669.88,69.42,84,0.0,3329.23
15669.88,69.33,84,0.0,3329.23
15669.88,68.37,89,0.0,3329.23
15669.88,68.7,89,1.2375,3329.23
15669.88,69.01,88,0.0,3329.23
15669.88,69.32,88,0.0,3329.23
15669.88,69.58,88,1.2375,3329.23
15669.88,69.33,88,0.0,3329.23
15669.88,69.14,90,0.0,3329.23
15669.88,71.83,90,0.0,3329.23
15669.88,71.22,90,1.2375,3329.23
15669.88,71.83,90,0.0,3329.23
15669.88,71.67,90,0.0,3329.23
15669.88,71.95,90,1.2375,3329.23
15669.88,71.84,90,0.0,3329.23
15669.88,71.79,90,0.0,3329.23
15669.88,72.07,90,0.0,3329.23
15669.88,72.44,89,1.25,3329.23
15669.88,72.44,89,0.0,3329.23
15669.88,72.46,89,0.0,3329.23
15669.88,72.38,88,1.25,3329.23
15669.88,71.81,88,0.0,3329.23
15669.88,72.18,89,0.0,3329.23
15669.88,72.47,89,0.0,3329.23
15669.88,72.33,89,2.4875,3329.23
15669.88,74.31,89,1.2375,3329.23
15669.88,74.46,80,1.25,3329.23
15669.88,72.7,80,0.0,3329.23
15669.88,72.05,92,0.0,3329.23
15669.88,72.33,92,0.0,3329.23
15669.88,72.54,89,1.2375,3329.23
15669.88,73.11,89,0.0,3329.23
15669.88,73.08,90,0.0,3329.23
15669.88,72.99,90,0.0,3329.23
15669.88,72.92,89,1.225,3329.23
15669.88,73.03,89,0.0,3329.23
15669.88,70.75,90,0.0,3329.23
15669.88,70.41,90,0.0,3329.23
15669.88,71.39,91,1.225,3329.23
15669.88,71.38,91,0.0,3329.23
15669.88,71.28,90,0.0,3329.23
15669.88,71.36,90,0.0,3329.23
15669.88,71.31,91,1.225,3329.23
15669.88,71.12,91,0.0,3329.23
15669.88,71.04,91,0.0,3329.23
15669.88,70.74,89,0.0,3329.23
15669.88,70.79,89,1.2125,3329.23
15669.88,70.86,89,0.0,3329.23
15669.88,70.86,89,0.0,3329.23
15669.88,71.35,90,1.2125,3329.23
15669.88,71.46,90,0.0,3329.23
15669.88,69.03,82,2.425,3329.23
15669.88,69.24,82,0.0,3329.23
15669.88,69.34,82,0.0,3329.23
15669.88,67.85,90,1.2125,3329.23
15669.88,68.0,93,1.2125,3329.23
15669.88,68.39,93,0.0,3329.23
15669.88,68.86,93,0.0,3329.23
15669.88,69.17,90,0.0,3329.23
15669.88,69.17,90,1.2125,3329.23
15669.88,69.26,91,0.0,3329.23
15669.88,69.26,91,0.0,3329.23
15669.88,69.13,90,1.225,3329.23
15669.88,71.69,90,0.0,3329.23
15669.88,71.78,89,0.0,3329.23
15669.88,74.17,89,0.0,3329.23
15669.88,74.69,90,1.225,3329.23
15669.88,74.69,90,0.0,3329.23
15669.88,75.05,90,0.0,3329.23
15669.88,75.37,91,0.0,3329.23
15669.88,75.46,91,1.225,3329.23
15669.88,75.42,91,0.0,3329.23
15669.88,75.5,91,0.0,3329.23
15669.88,75.1,91,0.0,3329.23
15669.88,74.56,91,1.225,3329.23
15669.88,74.11,91,0.0,3329.23
15669.88,73.62,91,0.0,3329.23
15669.88,73.17,91,0.0,3329.23
15669.88,72.46,91,1.225,3329.23
15669.88,71.83,90,1.225,3329.23
15669.88,72.35,90,0.0,3329.23
15669.88,71.03,84,0.0,3329.23
15669.88,71.51,84,1.225,3329.23
15669.88,71.5,90,0.0,3329.23
15669.88,71.84,90,0.0,3329.23
15669.88,72.2,90,0.0,3329.23
15669.88,72.35,90,0.0,3329.23
15669.88,72.38,90,1.2125,3329.23
15669.88,72.39,90,0.0,3329.23
15669.88,72.54,90,0.0,3329.23
15669.88,72.41,90,1.2375,3329.23
15669.88,71.5,91,0.0,3329.23
15669.88,72.55,92,0.0,3329.23
15669.88,72.16,92,1.2125,3329.23
15669.88,72.27,92,0.0,3329.23
15669.88,72.38,91,0.0,3329.23
15669.88,72.45,90,1.225,3329.23
15669.88,72.38,90,0.0,3329.23
15669.88,72.25,91,0.0,3329.23
15669.88,72.15,91,1.2125,3329.23
15669.88,72.3,90,0.0,3329.23
15669.88,72.39,90,0.0,3329.23
15669.88,72.39,91,2.425,3329.23
15669.88,72.51,91,0.0,3329.23
15669.88,72.42,91,1.225,3329.23
15669.88,73.87,91,0.0,3329.23
15669.88,72.14,78,1.2125,3329.23
15669.88,71.9,78,0.0,3329.23
15669.88,72.23,89,0.0,3329.23
15669.88,72.23,89,0.0,3329.23
15669.88,72.43,89,1.225,3329.23
15669.88,72.63,89,0.0,3329.23
15669.88,72.78,90,0.0,3329.23
15669.88,72.86,90,0.0,3329.23
15669.88,72.77,89,1.1875,3329.23
15669.88,73.05,88,0.0,3329.23
15669.88,71.17,88,0.0,3329.23
15669.88,72.53,88,1.225,3329.23
15669.88,72.38,91,0.0,3329.23
15669.88,72.63,91,0.0,3329.23
15669.88,72.51,91,0.0,3329.23
15669.88,72.66,91,1.225,3329.23
15669.88,72.66,90,0.0,3329.23
15669.88,72.44,90,0.0,3329.23
15669.88,72.11,89,1.2125,3329.23
15669.88,72.17,89,0.0,3329.23
15669.88,71.7,88,0.0,3329.23
15669.88,71.73,88,1.2125,3329.23
15669.88,71.8,91,0.0,3329.23
15669.88,72.0,91,0.0,3329.23
15669.88,71.92,90,1.2125,3329.23
15669.88,71.45,90,2.4375,3329.23
15669.88,71.13,82,0.0,3329.23
15669.88,70.31,82,0.0,3329.23
15669.88,70.58,90,1.2125,3329.23
15669.88,71.16,90,0.0,3329.23
15669.88,71.08,90,0.0,3329.23
15669.88,71.21,90,0.0,3329.23
15669.88,71.53,89,1.2125,3329.23
15669.88,71.64,91,0.0,3329.23
15669.88,71.37,91,0.0,3329.23
15669.88,71.5,90,0.0,3329.23
15669.88,71.61,90,1.2125,3329.23
15669.88,71.61,90,0.0,3329.23
15669.88,71.77,90,0.0,3329.23
15669.88,71.77,90,1.2125,3329.23
15669.88,71.87,90,0.0,3329.23
15669.88,71.93,91,0.0,3329.23
15669.88,71.83,91,2.4375,3329.23
15669.88,71.93,90,0.0,3329.23
15669.88,71.99,90,0.0,3329.23
15669.88,71.4,90,0.0,3329.23
15669.88,71.28,90,1.2125,3329.23
15669.88,71.6,87,0.0,3329.23
15669.88,71.71,87,0.0,3329.23
15669.88,71.44,90,2.4125,3329.23
15669.88,71.19,90,0.0,3329.23
15669.88,72.51,73,1.2125,3329.23
15669.88,72.57,73,0.0,3329.23
15669.88,72.56,99,0.0,3329.23
15669.88,72.03,99,1.2125,3329.23
15669.88,72.27,92,0.0,3329.23
15669.88,72.88,92,0.0,3329.23
15669.88,73.41,91,1.2125,3329.23
15669.88,73.4,89,0.0,3329.23
15669.88,73.25,89,0.0,3329.23
15669.88,73.48,90,0.0,3329.23
15669.88,73.57,90,0.0,3329.23
15669.88,72.17,90,0.0,3329.23
15669.88,71.52,90,1.25,3329.23
15669.88,71.73,91,0.0,3329.23
15669.88,71.62,91,0.0,3329.23
15669.88,71.63,90,1.25,3329.23
15669.88,71.44,90,0.0,3329.23
15669.88,70.99,89,0.0,3329.23
15669.88,71.12,89,1.25,3329.23
15669.88,71.11,90,0.0,3329.23
15669.88,71.01,90,0.0,3329.23
15669.88,70.84,90,0.0,3329.23
15669.88,70.84,90,1.2375,3329.23
15669.88,70.91,91,0.0,3329.23
15669.88,71.12,91,0.0,3329.23
15669.88,71.1,91,1.25,3329.23
15669.88,71.1,91,1.2,3329.23
15669.88,70.9,91,0.0,3329.23
15669.88,72.54,79,1.2375,3329.23
15669.88,71.86,79,0.0,3329.23
15669.88,71.57,94,0.0,3329.23
15669.88,71.84,94,1.2375,3329.23
15669.88,72.12,91,0.0,3329.23
15669.88,72.65,90,0.0,3329.23
15669.88,73.0,90,1.2375,3329.23
15669.88,73.0,90,0.0,3329.23
15669.88,73.16,90,0.0,3329.23
15669.88,73.22,89,0.0,3329.23
15669.88,71.36,89,1.25,3329.23
15669.88,72.16,91,0.0,3329.23
15669.88,72.31,91,0.0,3329.23
15669.88,72.08,91,1.2375,3329.23
15669.88,72.47,91,1.25,3329.23
15669.88,72.2,90,0.0,3329.23
15669.88,72.34,90,0.0,3329.23
15669.88,72.13,91,1.25,3329.23
15669.88,72.11,91,0.0,3329.23
15669.88,71.87,91,0.0,3329.23
15669.88,71.64,91,1.25,3329.23
15669.88,72.26,91,0.0,3329.23
15669.88,72.82,89,0.0,3329.23
15669.88,72.82,89,0.0,3329.23
15669.88,73.27,88,2.4125,3329.23
15669.88,73.33,78,0.0,3329.23
15669.88,69.79,78,0.0,3329.23
15669.88,69.26,91,0.0,3329.23
15669.88,69.26,91,1.25,3329.23
15669.88,69.34,89,0.0,3329.23
15669.88,69.45,89,0.0,3329.23
15669.88,69.65,91,1.25,3329.23
15669.88,70.09,91,0.0,3329.23
15669.88,69.34,92,0.0,3329.23
15669.88,68.95,92,0.0,3329.23
15669.88,69.09,90,1.2125,3329.23
15669.88,71.86,90,0.0,3329.23
15669.88,71.57,91,0.0,3329.23
15669.88,72.11,91,1.2125,3329.23
15669.88,72.1,90,0.0,3329.23
15669.88,72.06,90,0.0,3329.23
15669.88,72.45,90,1.2125,3329.23
15669.88,72.38,90,1.2125,3329.23
15669.88,72.31,91,0.0,3329.23
15669.88,72.14,91,0.0,3329.23
15669.88,72.13,91,1.2125,3329.23
15669.88,71.72,91,0.0,3329.23
15669.88,71.74,90,0.0,3329.23
15669.88,72.02,90,0.0,3329.23
15669.88,72.23,91,1.2125,3329.23
15669.88,72.11,84,1.2125,3329.23
15669.88,69.88,84,0.0,3329.23
15669.88,69.38,89,0.0,3329.23
15669.88,68.48,89,1.2125,3329.23
15669.88,68.98,91,0.0,3329.23
15669.88,69.42,91,0.0,3329.23
15669.88,69.66,90,1.2125,3329.23
15669.88,69.9,90,0.0,3329.23
15669.88,69.61,89,0.0,3329.23
15669.88,69.44,89,1.2125,3329.23
15669.88,69.65,91,0.0,3329.23
15669.88,71.37,91,0.0,3329.23
15669.88,71.28,89,1.2125,3329.23
15669.88,71.78,89,0.0,3329.23
15669.88,72.09,90,0.0,3329.23
15669.88,72.09,90,1.2125,3329.23
15669.88,71.87,91,0.0,3329.23
15669.88,71.86,91,0.0,3329.23
15669.88,71.8,89,0.0,3329.23
15669.88,72.02,89,1.2125,3329.23
15669.88,71.95,90,0.0,3329.23
15669.88,71.67,90,0.0,3329.23
15669.88,71.75,89,1.2125,3329.23
15669.88,71.56,89,0.0,3329.23
15669.88,71.67,89,0.0,3329.23
15669.88,71.64,89,2.425,3329.23
15669.88,72.96,90,1.2125,3329.23
15669.88,73.06,90,0.0,3329.23
15669.88,71.97,83,0.0,3329.23
15669.88,71.65,83,1.175,3329.23
15669.88,72.02,94,0.0,3329.23
15669.88,72.28,91,0.0,3329.23
15669.88,72.72,91,1.1875,3329.23
15669.88,72.95,91,0.0,3329.23
15669.88,73.09,90,0.0,3329.23
15669.88,72.68,90,1.2125,3329.23
15669.88,73.17,90,0.0,3329.23
15669.88,72.39,87,0.0,3329.23
15669.88,72.73,87,1.2125,3329.23
15669.88,72.73,87,0.0,3329.23
15669.88,74.2,90,0.0,3329.23
15669.88,74.2,90,0.0,3329.23
15669.88,73.6,91,1.1875,3329.23
15669.88,73.6,91,0.0,3329.23
15669.88,73.42,91,0.0,3329.23
15669.88,73.56,91,1.2125,3329.23
15669.88,73.5,91,0.0,3329.23
15669.88,73.58,91,0.0,3329.23
15669.88,72.9,91,0.0,3329.23
15669.88,71.59,91,0.0,3329.23
15669.88,71.31,91,1.2125,3329.23
15669.88,70.99,89,0.0,3329.23
15669.88,71.15,89,0.0,3329.23
15669.88,71.23,90,2.475,3329.23
15669.88,72.58,90,1.2375,3329.23
15669.88,71.54,81,0.0,3329.23
15669.88,70.87,81,0.0,3329.23
15669.88,70.99,89,1.2375,3329.23
15669.88,71.24,89,0.0,3329.23
15669.88,71.56,90,0.0,3329.23
15669.88,71.76,90,0.0,3329.23
15669.88,71.95,90,1.2375,3329.23
15669.88,72.4,89,0.0,3329.23
15669.88,72.47,88,0.0,3329.23
15669.88,72.39,88,1.2375,3329.23
15669.88,72.39,90,0.0,3329.23
15669.88,71.73,90,0.0,3329.23
15669.88,72.16,90,0.0,3329.23
15669.88,71.77,90,1.2375,3329.23
15669.88,71.81,88,0.0,3329.23
15669.88,71.62,88,0.0,3329.23
15669.88,71.18,90,0.0,3329.23
15669.88,71.0,90,1.25,3329.23
15669.88,70.86,89,0.0,3329.23
15669.88,70.99,89,0.0,3329.23
15669.88,71.0,90,1.2375,3329.23
15669.88,71.11,90,0.0,3329.23
15669.88,71.24,90,0.0,3329.23
15669.88,71.56,91,0.0,3329.23
15669.88,71.83,90,2.4875,3329.23
15669.88,68.94,90,0.0,3329.23
15669.88,68.95,79,0.0,3329.23
15669.88,69.15,79,1.25,3329.23
15669.88,68.66,96,0.0,3329.23
15669.88,68.77,96,0.0,3329.23
15669.88,68.67,90,1.25,3329.23
15669.88,68.67,90,0.0,3329.23
15669.88,69.16,90,0.0,3329.23
15669.88,69.28,90,0.0,3329.23
15669.88,69.12,90,1.25,3329.23
15669.88,68.92,90,0.0,3329.23
15669.88,71.65,88,0.0,3329.23
15669.88,71.37,88,1.25,3329.23
15669.88,71.23,88,0.0,3329.23
15669.88,71.59,88,0.0,3329.23
15669.88,71.57,90,0.0,3329.23
15669.88,71.47,90,1.25,3329.23
15669.88,71.61,89,0.0,3329.23
15669.88,71.47,89,1.2125,3329.23
15669.88,71.89,88,0.0,3329.23
15669.88,72.4,88,0.0,3329.23
15669.88,72.86,89,0.0,3329.23
15669.88,73.02,89,1.2125,3329.23
15669.88,73.3,90,0.0,3329.23
15669.88,73.57,88,1.225,3329.23
15669.88,74.03,88,0.0,3329.23
15669.88,73.81,91,0.0,3329.23
15669.88,70.93,91,2.4375,3329.23
15669.88,71.07,79,0.0,3329.23
15669.88,69.85,79,0.0,3329.23
15669.88,69.7,91,1.225,3329.23
15669.88,69.56,91,0.0,3329.23
15669.88,69.85,91,0.0,3329.23
15669.88,70.34,89,1.2125,3329.23
15669.88,70.39,89,0.0,3329.23
15669.88,70.19,89,0.0,3329.23
15669.88,70.17,89,0.0,3329.23
15669.88,70.03,91,1.2125,3329.23
15669.88,72.33,88,0.0,3329.23
15669.88,71.85,88,0.0,3329.23
15669.88,72.56,89,1.2125,3329.23
15669.88,72.56,89,0.0,3329.23
15669.88,71.9,89,0.0,3329.23
15669.88,71.78,90,1.2125,3329.23
15669.88,71.76,90,0.0,3329.23
15669.88,71.74,89,0.0,3329.23
15669.88,71.74,90,0.0,3329.23
15669.88,71.78,90,1.2125,3329.23
15669.88,71.74,90,0.0,3329.23
15669.88,71.93,90,1.225,3329.23
15669.88,72.03,91,0.0,3329.23
15669.88,72.4,91,1.225,3329.23
15669.88,72.52,90,0.0,3329.23
15669.88,72.42,90,2.4375,3329.23
15669.88,73.36,78,0.0,3329.23
15669.88,71.4,78,0.0,3329.23
15669.88,71.19,93,0.0,3329.23
15669.88,71.18,93,1.225,3329.23
15669.88,71.5,90,0.0,3329.23
15669.88,71.92,90,0.0,3329.23
15669.88,71.94,90,0.0,3329.23
15669.88,72.13,90,1.2125,3329.23
15669.88,71.75,89,0.0,3329.23
15669.88,71.72,89,0.0,3329.23
15669.88,72.39,89,1.2125,3329.23
15669.88,70.86,89,0.0,3329.23
15669.88,72.27,91,0.0,3329.23
15669.88,72.4,91,1.225,3329.23
15669.88,72.48,91,0.0,3329.23
15669.88,72.49,89,0.0,3329.23
15669.88,72.34,89,0.0,3329.23
15669.88,72.31,90,1.2125,3329.23
15669.88,72.06,90,1.2125,3329.23
15669.88,72.51,90,0.0,3329.23
15669.88,72.0,90,1.2125,3329.23
15669.88,72.18,90,0.0,3329.23
15669.88,72.24,90,0.0,3329.23
15669.88,72.31,90,0.0,3329.23
15669.88,72.3,90,2.4125,3329.23
15669.88,68.82,73,0.0,3329.23
15669.88,68.95,73,0.0,3329.23
15669.88,68.97,97,1.225,3329.23
15669.88,68.91,97,0.0,3329.23
15669.88,68.91,90,0.0,3329.23
15669.88,68.79,90,1.2125,3329.23
15669.88,69.09,89,1.225,3329.23
15669.88,69.3,89,0.0,3329.23
15669.88,69.18,88,0.0,3329.23
15669.88,69.07,88,1.2125,3329.23
15669.88,68.93,89,0.0,3329.23
15669.88,72.39,89,0.0,3329.23
15669.88,71.92,88,0.0,3329.23
15669.88,71.83,91,0.0,3329.23
15669.88,71.85,91,1.225,3329.23
15669.88,71.74,91,0.0,3329.23
15669.88,71.59,91,0.0,3329.23
15669.88,71.44,91,0.0,3329.23
15669.88,71.44,91,1.225,3329.23
15669.88,71.5,91,0.0,3329.23
15669.88,71.38,91,0.0,3329.23
15669.88,70.97,91,0.0,3329.23
15669.88,70.98,91,1.2125,3329.23
15669.88,71.03,91,0.0,3329.23
15669.88,71.47,91,0.0,3329.23
15669.88,71.19,87,1.225,3329.23
15669.88,71.14,87,0.0,3329.23
15669.88,71.34,76,2.4375,3329.23
15669.88,70.75,76,0.0,3329.23
15669.88,70.52,93,0.0,3329.23
15669.88,70.78,93,0.0,3329.23
15669.88,70.94,88,1.2125,3329.23
15669.88,71.59,88,0.0,3329.23
15669.88,71.85,90,1.2125,3329.23
15669.88,71.96,90,0.0,3329.23
15669.88,71.93,90,1.2125,3329.23
15669.88,72.11,90,0.0,3329.23
15669.88,72.04,91,0.0,3329.23
15669.88,71.5,91,0.0,3329.23
15669.88,71.75,89,1.2125,3329.23
15669.88,71.79,89,0.0,3329.23
15669.88,71.19,86,0.0,3329.23
15669.88,71.29,86,1.2125,3329.23
15669.88,70.87,89,0.0,3329.23
15669.88,70.9,89,0.0,3329.23
15669.88,71.25,89,0.0,3329.23
15669.88,71.11,89,1.2125,3329.23
15669.88,71.12,90,0.0,3329.23
15669.88,71.07,90,0.0,3329.23
15669.88,71.1,90,0.0,3329.23
15669.88,71.3,90,2.425,3329.23
15669.88,71.7,90,0.0,3329.23
15669.88,71.56,90,1.2125,3329.23
15669.88,71.7,90,0.0,3329.23
15669.88,71.06,83,1.2125,3329.23
15669.88,71.32,83,0.0,3329.23
15669.88,72.12,83,0.0,3329.23
15669.88,72.33,88,0.0,3329.23
15669.88,72.78,88,1.1875,3329.23
15669.88,72.85,87,0.0,3329.23
15669.88,73.26,88,0.0,3329.23
15669.88,73.22,88,0.0,3329.23
15669.88,73.26,89,1.2125,3329.23
15669.88,73.07,89,0.0,3329.23
15669.88,72.6,89,0.0,3329.23
15669.88,73.02,89,0.0,3329.23
15669.88,72.28,88,1.225,3329.23
15669.88,71.55,88,0.0,3329.23
15669.88,71.4,90,0.0,3329.23
15669.88,71.31,90,1.225,3329.23
15669.88,71.99,90,0.0,3329.23
15669.88,72.14,88,0.0,3329.23
15669.88,72.39,88,0.0,3329.23
15669.88,72.09,88,1.225,3329.23
15669.88,72.24,90,0.0,3329.23
15669.88,72.24,90,0.0,3329.23
15669.88,72.41,90,0.0,3329.23
15669.88,72.56,91,1.2125,3329.23
15669.88,72.42,90,2.425,3329.23
15669.88,74.71,90,0.0,3329.23
15669.88,74.45,82,1.2125,3329.23
15669.88,72.88,82,0.0,3329.23
15669.88,72.61,91,0.0,3329.23
15669.88,72.61,91,1.225,3329.23
15669.88,73.16,89,0.0,3329.23
15669.88,73.07,89,0.0,3329.23
15669.88,73.34,89,0.0,3329.23
15669.88,73.13,89,1.2125,3329.23
15669.88,73.13,90,0.0,3329.23
15669.88,73.27,90,0.0,3329.23
15669.88,70.57,88,1.2125,3329.23
15669.88,70.57,88,0.0,3329.23
15669.88,71.42,89,0.0,3329.23
15669.88,71.29,89,0.0,3329.23
15669.88,71.29,89,0.0,3329.23
15669.88,71.18,89,1.225,3329.23
15669.88,71.31,91,0.0,3329.23
15669.88,71.38,91,0.0,3329.23
15669.88,71.65,91,0.0,3329.23
15669.88,71.73,91,0.0,3329.23
15669.88,71.64,91,1.225,3329.23
15669.88,71.75,91,0.0,3329.23
15669.88,71.74,91,0.0,3329.23
15669.88,71.83,91,0.0,3329.23
15669.88,71.86,90,1.2125,3329.23
15669.88,71.79,90,1.225,3329.23
15669.88,68.42,74,2.45,3329.23
15669.88,68.56,93,0.0,3329.23
15669.88,68.07,93,0.0,3329.23
15669.88,68.22,89,1.2125,3329.23
15669.88,68.3,89,0.0,3329.23
15669.88,69.0,89,0.0,3329.23
15669.88,69.35,89,0.0,3329.23
15669.88,69.58,91,1.2125,3329.23
15669.88,69.23,91,0.0,3329.23
15669.88,69.09,90,0.0,3329.23
15669.88,72.43,90,1.2125,3329.23
15669.88,72.06,90,0.0,3329.23
15669.88,72.3,90,0.0,3329.23
15669.88,71.85,90,1.2125,3329.23
15669.88,72.06,90,0.0,3329.23
15669.88,72.01,90,0.0,3329.23
15669.88,71.89,90,0.0,3329.23
15669.88,71.91,88,0.0,3329.23
15669.88,71.99,88,1.25,3329.23
15669.88,72.24,90,0.0,3329.23
15669.88,72.15,90,0.0,3329.23
15669.88,71.86,89,0.0,3329.23
15669.88,71.98,89,2.4875,3329.23
15669.88,72.19,90,0.0,3329.23
15669.88,72.11,90,1.2375,3329.23
15669.88,72.11,90,1.2125,3329.23
15669.88,72.71,90,0.0,3329.23
15669.88,71.46,80,0.0,3329.23
15669.88,71.43,80,1.2375,3329.23
15669.88,71.43,89,0.0,3329.23
15669.88,71.61,89,0.0,3329.23
15669.88,71.81,90,0.0,3329.23
15669.88,71.86,90,1.2375,3329.23
15669.88,71.8,88,0.0,3329.23
15669.88,71.57,88,0.0,3329.23
15669.88,71.7,89,1.25,3329.23
15669.88,71.41,89,0.0,3329.23
15669.88,70.54,91,0.0,3329.23
15669.88,71.47,90,0.0,3329.23
15669.88,71.41,90,1.25,3329.23
15669.88,71.41,88,0.0,3329.23
15669.88,71.73,88,0.0,3329.23
15669.88,71.45,88,1.25,3329.23
15669.88,71.68,89,0.0,3329.23
15669.88,71.9,89,0.0,3329.23
15669.88,71.98,91,0.0,3329.23
15669.88,71.88,91,1.25,3329.23
15669.88,72.25,91,0.0,3329.23
15669.88,72.25,91,0.0,3329.23
15669.88,72.48,90,0.0,3329.23
15669.88,72.19,90,1.2375,3329.23
15669.88,73.34,91,1.2375,3329.23
15669.88,72.2,91,0.0,3329.23
15669.88,72.16,82,1.2375,3329.23
15669.88,72.36,82,0.0,3329.23
15669.88,72.63,90,0.0,3329.23
15669.88,72.63,90,0.0,3329.23
15669.88,72.69,88,1.2375,3329.23
15669.88,72.95,88,0.0,3329.23
15669.88,72.7,89,0.0,3329.23
15669.88,72.69,89,0.0,3329.23
15669.88,72.69,91,1.25,3329.23
15669.88,72.69,91,0.0,3329.23
15669.88,70.87,91,0.0,3329.23
15669.88,72.1,91,1.225,3329.23
15669.88,72.12,89,0.0,3329.23
15669.88,71.94,89,0.0,3329.23
15669.88,71.87,89,0.0,3329.23
15669.88,72.09,89,1.2125,3329.23
15669.88,72.33,89,0.0,3329.23
15669.88,72.37,89,0.0,3329.23
15669.88,72.3,89,1.2125,3329.23
15669.88,72.24,89,0.0,3329.23
15669.88,72.1,90,0.0,3329.23
15669.88,72.27,90,1.2125,3329.23
15669.88,72.47,89,1.2125,3329.23
15669.88,72.36,90,1.2375,3329.23
15669.88,72.19,90,1.225,3329.23
15669.88,68.5,75,0.0,3329.23
15669.88,68.46,75,1.2375,3329.23
15669.88,67.67,89,0.0,3329.23
15669.88,67.87,89,0.0,3329.23
15669.88,68.34,89,1.2375,3329.23
15669.88,68.34,89,0.0,3329.23
15669.88,68.72,89,0.0,3329.23
15669.88,69.08,89,0.0,3329.23
15669.88,69.25,90,1.2375,3329.23
15669.88,68.86,90,0.0,3329.23
15669.88,72.17,88,0.0,3329.23
15669.88,71.84,88,0.0,3329.23
15669.88,72.17,90,1.2375,3329.23
15669.88,71.85,90,0.0,3329.23
15669.88,71.56,90,0.0,3329.23
15669.88,71.57,90,1.2375,3329.23
15669.88,71.62,88,0.0,3329.23
15669.88,71.44,88,0.0,3329.23
15669.88,71.07,89,1.2375,3329.23
15669.88,71.01,89,0.0,3329.23
15669.88,71.47,89,0.0,3329.23
15669.88,71.64,89,1.25,3329.23
15669.88,71.72,90,0.0,3329.23
15669.88,71.8,90,0.0,3329.23
15669.88,71.95,89,0.0,3329.23
15669.88,71.95,89,2.4875,3329.23
15669.88,72.48,89,0.0,3329.23
15669.88,71.16,77,0.0,3329.23
15669.88,71.14,77,1.25,3329.23
15669.88,71.55,92,0.0,3329.23
15669.88,71.55,92,0.0,3329.23
15669.88,71.58,90,1.2375,3329.23
15669.88,71.88,89,0.0,3329.23
15669.88,72.16,89,0.0,3329.23
15669.88,72.94,89,1.2375,3329.23
15669.88,73.09,89,0.0,3329.23
15669.88,72.88,89,0.0,3329.23
15669.88,71.89,89,1.2375,3329.23
15669.88,72.83,89,0.0,3329.23
15669.88,72.9,89,0.0,3329.23
15669.88,72.9,88,0.0,3329.23
15669.88,72.92,88,1.2375,3329.23
15669.88,72.71,89,0.0,3329.23
15669.88,72.48,89,1.2125,3329.23
15669.88,71.95,89,1.2125,3329.23
15669.88,72.05,89,0.0,3329.23
15669.88,72.09,90,0.0,3329.23
15669.88,71.92,90,1.2125,3329.23
15669.88,71.98,90,0.0,3329.23
15669.88,72.24,90,0.0,3329.23
15669.88,72.29,91,1.2125,3329.23
15669.88,71.96,91,1.2125,3329.23
15669.88,74.0,79,1.2125,3329.23
15669.88,72.54,79,0.0,3329.23
15669.88,72.42,94,0.0,3329.23
15669.88,72.44,94,1.2125,3329.23
15669.88,72.6,89,0.0,3329.23
15669.88,72.82,89,0.0,3329.23
15669.88,73.12,91,0.0,3329.23
15669.88,73.38,91,1.2125,3329.23
15669.88,73.33,91,0.0,3329.23
15669.88,73.02,90,0.0,3329.23
15669.88,73.0,90,1.2125,3329.23
15669.88,71.19,90,0.0,3329.23
15669.88,72.53,90,0.0,3329.23
15669.88,72.64,90,1.2125,3329.23
15669.88,72.34,90,0.0,3329.23
15669.88,72.34,90,0.0,3329.23
15669.88,72.37,90,0.0,3329.23
15669.88,72.32,89,1.2125,3329.23
15669.88,72.34,89,0.0,3329.23
15669.88,72.26,91,0.0,3329.23
15669.88,72.0,91,1.2125,3329.23
15669.88,71.69,89,0.0,3329.23
15669.88,71.68,89,0.0,3329.23
15669.88,71.7,90,1.2125,3329.23
15669.88,71.72,90,1.2125,3329.23
15669.88,72.19,79,0.0,3329.23
15669.88,71.83,79,1.2125,3329.23
15669.88,71.38,95,0.0,3329.23
15669.88,71.33,95,0.0,3329.23
15669.88,71.45,90,0.0,3329.23
15669.88,71.74,90,1.225,3329.23
15669.88,72.25,88,0.0,3329.23
15669.88,72.64,88,0.0,3329.23
15669.88,72.81,89,0.0,3329.23
15669.88,72.75,89,1.2125,3329.23
15669.88,72.81,90,1.2125,3329.23
15669.88,72.11,90,0.0,3329.23
15669.88,71.97,90,0.0,3329.23
15669.88,72.35,90,0.0,3329.23
15669.88,72.25,89,1.2125,3329.23
15669.88,72.11,89,0.0,3329.23
15669.88,71.95,90,0.0,3329.23
15669.88,71.26,88,0.0,3329.23
15669.88,71.41,88,1.2125,3329.23
15669.88,71.56,90,0.0,3329.23
15669.88,71.56,90,0.0,3329.23
15669.88,71.31,90,0.0,3329.23
15669.88,71.31,90,1.225,3329.23
15669.88,71.09,88,0.0,3329.23
15669.88,71.19,88,0.0,3329.23
15669.88,71.05,88,2.4375,3329.23
15669.88,71.79,88,1.225,3329.23
15669.88,70.65,81,0.0,3329.23
15669.88,70.65,81,0.0,3329.23
15669.88,70.26,88,0.0,3329.23
15669.88,70.45,88,1.2125,3329.23
15669.88,70.83,90,0.0,3329.23
15669.88,71.0,90,1.2,3329.23
15669.88,71.19,88,0.0,3329.23
15669.88,71.39,88,0.0,3329.23
15669.88,71.42,89,0.0,3329.23
15669.88,71.47,89,1.2125,3329.23
15669.88,70.66,90,0.0,3329.23
15669.88,71.7,90,0.0,3329.23
15669.88,71.57,90,1.2125,3329.23
15669.88,71.78,90,0.0,3329.23
15669.88,71.77,90,0.0,3329.23
15669.88,71.6,90,1.2125,3329.23
15669.88,71.63,90,0.0,3329.23
15669.88,71.27,89,0.0,3329.23
15669.88,71.27,89,1.2125,3329.23
15669.88,70.96,91,0.0,3329.23
15669.88,71.03,91,0.0,3329.23
15669.88,71.27,88,1.2125,3329.23
15669.88,71.44,88,0.0,3329.23
15669.88,71.5,89,0.0,3329.23
15669.88,73.22,89,1.225,3329.23
15669.88,71.99,79,1.2125,3329.23
15669.88,71.7,79,0.0,3329.23
15669.88,72.35,79,0.0,3329.23
15669.88,72.57,90,1.2125,3329.23
15669.88,72.91,90,0.0,3329.23
15669.88,73.07,90,0.0,3329.23
15669.88,73.31,89,0.0,3329.23
15669.88,73.9,89,1.2125,3329.23
15669.88,73.64,88,0.0,3329.23
15669.88,73.22,88,0.0,3329.23
15669.88,71.12,89,1.2125,3329.23
15669.88,72.15,89,0.0,3329.23
15669.88,72.27,90,0.0,3329.23
15669.88,72.21,90,1.2125,3329.23
15669.88,72.22,90,0.0,3329.23
15669.88,72.02,90,0.0,3329.23
15669.88,71.93,89,1.2125,3329.23
15669.88,71.75,89,0.0,3329.23
15669.88,71.5,89,0.0,3329.23
15669.88,71.52,89,1.2125,3329.23
15669.88,71.75,90,0.0,3329.23
15669.88,71.85,90,0.0,3329.23
15669.88,71.67,89,1.2125,3329.23
15669.88,71.94,89,0.0,3329.23
15669.88,71.97,87,2.4375,3329.23
15669.88,70.47,76,0.0,3329.23
15669.88,70.83,76,0.0,3329.23
15669.88,70.42,91,2.425,3329.23
15669.88,70.4,91,0.0,3329.23
15669.88,70.25,90,0.0,3329.23
15669.88,70.46,90,0.0,3329.23
15669.88,70.73,89,1.2125,3329.23
15669.88,70.78,89,0.0,3329.23
15669.88,71.17,89,0.0,3329.23
15669.88,70.82,89,1.2125,3329.23
15669.88,70.51,89,0.0,3329.23
15669.88,71.18,89,0.0,3329.23
15669.88,71.96,90,0.0,3329.23
15669.88,71.99,90,1.2125,3329.23
15669.88,71.92,91,0.0,3329.23
15669.88,71.77,91,1.2125,3329.23
15669.88,71.79,89,0.0,3329.23
15669.88,71.89,89,1.2125,3329.23
15669.88,71.55,90,0.0,3329.23
15669.88,71.61,90,0.0,3329.23
15669.88,71.56,88,1.2125,3329.23
15669.88,71.69,88,0.0,3329.23
15669.88,71.6,88,0.0,3329.23
15669.88,71.28,88,0.0,3329.23
15669.88,71.43,89,1.2125,3329.23
15669.88,71.32,89,1.2125,3329.23
15669.88,73.58,78,0.0,3329.23
15669.88,72.37,78,0.0,3329.23
15669.88,72.6,93,1.225,3329.23
15669.88,72.65,93,0.0,3329.23
15669.88,73.03,89,0.0,3329.23
15669.88,73.34,89,1.2125,3329.23
15669.88,73.59,90,0.0,3329.23
15669.88,73.71,90,0.0,3329.23
15669.88,73.71,90,1.2125,3329.23
15669.88,73.47,89,0.0,3329.23
15669.88,73.88,89,0.0,3329.23
15669.88,71.39,89,1.2125,3329.23
15669.88,72.22,90,0.0,3329.23
15669.88,72.19,90,0.0,3329.23
15669.88,72.06,90,0.0,3329.23
15669.88,72.04,91,1.225,3329.23
15669.88,72.36,91,0.0,3329.23
15669.88,72.38,90,0.0,3329.23
15669.88,72.31,90,0.0,3329.23
15669.88,72.11,90,2.425,3329.23
15669.88,71.48,90,0.0,3329.23
15669.88,71.41,90,0.0,3329.23
15669.88,71.7,88,0.0,3329.23
15669.88,71.86,90,1.225,3329.23
15669.88,71.81,90,0.0,3329.23
15669.88,68.29,72,2.425,3329.23
15669.88,68.61,72,0.0,3329.23
15669.88,67.77,92,0.0,3329.23
15669.88,68.05,92,0.0,3329.23
15669.88,68.39,89,1.225,3329.23
15669.88,68.62,89,0.0,3329.23
15669.88,68.99,89,0.0,3329.23
15669.88,69.56,90,1.2125,3329.23
15669.88,69.36,90,0.0,3329.23
15669.88,68.85,89,0.0,3329.23
15669.88,68.75,89,1.2125,3329.23
15669.88,71.78,89,0.0,3329.23
15669.88,71.25,90,0.0,3329.23
15669.88,72.19,90,0.0,3329.23
15669.88,72.47,88,1.225,3329.23
15669.88,72.41,88,0.0,3329.23
15669.88,72.4,90,0.0,3329.23
15669.88,72.4,90,1.2125,3329.23
15669.88,72.18,88,0.0,3329.23
15669.88,72.18,88,0.0,3329.23
15669.88,72.44,89,0.0,3329.23
15669.88,72.48,89,1.225,3329.23
15669.88,72.48,90,0.0,3329.23
15669.88,72.48,90,0.0,3329.23
15669.88,71.87,91,0.0,3329.23
15669.88,71.87,91,1.2375,3329.23
15669.88,71.79,88,1.2375,3329.23
15669.88,73.61,88,0.0,3329.23
15669.88,73.63,78,1.2375,3329.23
15669.88,72.48,78,0.0,3329.23
15669.88,72.77,92,0.0,3329.23
15669.88,73.61,92,1.2375,3329.23
15669.88,74.05,89,1.25,3329.23
15669.88,74.32,89,0.0,3329.23
15669.88,75.23,88,0.0,3329.23
15669.88,75.64,88,1.2375,3329.23
15669.88,75.49,89,0.0,3329.23
15669.88,76.17,89,0.0,3329.23
15669.88,74.47,89,0.0,3329.23
15669.88,74.09,89,1.2375,3329.23
15669.88,74.9,89,0.0,3329.23
15669.88,74.49,89,0.0,3329.23
15669.88,73.91,89,0.0,3329.23
15669.88,73.71,89,1.2375,3329.23
15669.88,73.71,90,0.0,3329.23
15669.88,72.9,90,0.0,3329.23
15669.88,72.72,89,0.0,3329.23
15669.88,72.39,90,1.25,3329.23
15669.88,71.57,90,0.0,3329.23
15669.88,71.32,88,0.0,3329.23
15669.88,71.45,88,0.0,3329.23
15669.88,71.66,88,1.25,3329.23
15669.88,71.56,90,0.0,3329.23
15669.88,71.5,90,2.4875,3329.23
15669.88,72.92,90,0.0,3329.23
15669.88,71.5,77,0.0,3329.23
15669.88,71.36,77,0.0,3329.23
15669.88,71.54,89,1.25,3329.23
15669.88,71.75,89,0.0,3329.23
15669.88,72.1,90,0.0,3329.23
15669.88,72.47,90,1.25,3329.23
15669.88,72.43,90,0.0,3329.23
15669.88,72.8,90,0.0,3329.23
15669.88,72.69,90,1.25,3329.23
15669.88,72.59,90,0.0,3329.23
15669.88,72.59,90,0.0,3329.23
15669.88,70.6,89,0.0,3329.23
15669.88,71.87,89,1.2375,3329.23
15669.88,71.86,90,0.0,3329.23
15669.88,71.74,90,0.0,3329.23
15669.88,71.7,89,1.2375,3329.23
15669.88,71.65,89,0.0,3329.23
15669.88,71.36,90,0.0,3329.23
15669.88,71.18,90,0.0,3329.23
15669.88,70.79,89,1.2125,3329.23
15669.88,70.68,89,0.0,3329.23
15669.88,70.68,89,0.0,3329.23
15669.88,70.93,89,2.425,3329.23
15669.88,71.19,90,0.0,3329.23
15669.88,71.79,90,0.0,3329.23
15669.88,71.86,89,2.4375,3329.23
15669.88,68.89,81,0.0,3329.23
15669.88,68.75,81,1.2125,3329.23
15669.88,68.42,90,0.0,3329.23
15669.88,68.89,90,0.0,3329.23
15669.88,69.18,89,0.0,3329.23
15669.88,69.7,89,1.2125,3329.23
15669.88,70.2,90,0.0,3329.23
15669.88,70.28,90,0.0,3329.23
15669.88,69.49,90,1.2125,3329.23
15669.88,69.48,90,0.0,3329.23
15669.88,72.13,90,0.0,3329.23
15669.88,71.93,90,0.0,3329.23
15669.88,71.98,90,1.2125,3329.23
15669.88,71.83,90,0.0,3329.23
15669.88,71.87,88,0.0,3329.23
15669.88,71.77,88,1.225,3329.23
15669.88,71.56,88,0.0,3329.23
15669.88,71.68,88,0.0,3329.23
15669.88,71.47,91,0.0,3329.23
15669.88,71.54,91,1.2125,3329.23
15669.88,71.09,89,0.0,3329.23
15669.88,70.78,89,0.0,3329.23
15669.88,70.96,89,1.2125,3329.23
15669.88,71.3,89,0.0,3329.23
15669.88,71.58,90,1.2125,3329.23
15669.88,71.72,90,1.2,3329.23
15669.88,73.23,76,0.0,3329.23
15669.88,73.36,76,0.0,3329.23
15669.88,71.79,96,1.2125,3329.23
15669.88,71.87,88,0.0,3329.23
15669.88,71.98,88,1.225,3329.23
15669.88,72.38,89,0.0,3329.23
15669.88,72.48,89,1.225,3329.23
15669.88,72.51,89,0.0,3329.23
15669.88,72.5,89,0.0,3329.23
15669.88,72.59,89,0.0,3329.23
15669.88,70.75,89,1.2125,3329.23
15669.88,70.61,90,0.0,3329.23
15669.88,72.19,90,0.0,3329.23
15669.88,72.25,90,1.2125,3329.23
15669.88,72.95,90,0.0,3329.23
15669.88,73.03,88,0.0,3329.23
15669.88,73.29,88,1.2,3329.23
15669.88,72.99,89,0.0,3329.23
15669.88,73.02,89,0.0,3329.23
15669.88,72.63,90,0.0,3329.23
15669.88,72.22,90,1.2125,3329.23
15669.88,72.26,89,0.0,3329.23
15669.88,72.2,89,0.0,3329.23
15669.88,72.11,90,1.225,3329.23
15669.88,72.16,90,0.0,3329.23
15669.88,71.58,91,0.0,3329.23
15669.88,70.9,91,2.425,3329.23
15669.88,73.16,77,0.0,3329.23
15669.88,72.17,77,0.0,3329.23
15669.88,72.07,93,1.2125,3329.23
15669.88,72.26,89,1.2125,3329.23
15669.88,72.53,89,0.0,3329.23
15669.88,72.92,89,0.0,3329.23
15669.88,73.54,89,1.2125,3329.23
15669.88,73.46,90,0.0,3329.23
15669.88,73.34,90,0.0,3329.23
15669.88,73.64,90,0.0,3329.23
15669.88,71.36,90,1.2125,3329.23
15669.88,72.35,89,0.0,3329.23
15669.88,72.61,89,0.0,3329.23
15669.88,72.41,88,1.2125,3329.23
15669.88,72.0,88,0.0,3329.23
15669.88,71.97,89,0.0,3329.23
15669.88,71.92,89,1.2125,3329.23
15669.88,71.5,89,0.0,3329.23
15669.88,71.2,90,0.0,3329.23
15669.88,71.36,90,1.2125,3329.23
15669.88,71.34,90,0.0,3329.23
15669.88,71.28,90,0.0,3329.23
15669.88,71.6,90,1.2125,3329.23
15669.88,71.5,89,0.0,3329.23
15669.88,71.62,89,1.2125,3329.23
15707.88,68.56,74,1.2,3329.23
15707.88,68.43,74,0.0,3329.23
15707.88,68.23,99,0.0,3329.23
15707.88,67.13,99,1.2125,3329.23
15707.88,67.02,91,0.0,3329.23
15707.88,67.04,91,0.0,3329.23
15707.88,67.3,91,0.0,3329.23
15707.88,67.71,89,1.2125,3329.23
15707.88,67.15,89,0.0,3329.23
15707.88,67.61,89,0.0,3329.23
15707.88,68.03,89,1.225,3329.23
15707.88,71.53,90,0.0,3329.23
15707.88,71.31,90,1.2125,3329.23
15707.88,71.15,90,0.0,3329.23
15707.88,72.37,90,1.2125,3329.23
15707.88,72.37,90,0.0,3329.23
15707.88,72.22,90,0.0,3329.23
15707.88,71.96,90,1.2125,3329.23
15707.88,72.12,91,0.0,3329.23
15707.88,71.91,89,0.0,3329.23
15707.88,71.82,89,0.0,3329.23
15707.88,72.19,90,1.225,3329.23
15707.88,72.66,90,0.0,3329.23
15707.88,72.65,90,0.0,3329.23
15707.88,72.57,91,0.0,3329.23
15707.88,72.76,91,1.225,3329.23
15707.88,72.82,91,0.0,3329.23
15707.88,72.82,91,0.0,3329.23
15707.88,69.59,91,1.2,3329.23
15707.88,70.08,91,1.2125,3329.23
15707.88,69.07,81,0.0,3329.23
15707.88,69.07,81,0.0,3329.23
15707.88,68.78,89,1.225,3329.23
15707.88,68.34,89,0.0,3329.23
15707.88,68.01,88,0.0,3329.23
15707.88,68.73,89,0.0,3329.23
15707.88,68.76,89,2.4125,3329.23
15707.88,68.76,89,0.0,3329.23
15707.88,68.25,89,0.0,3329.23
15707.88,71.26,89,1.2125,3329.23
15707.88,71.38,89,0.0,3329.23
15707.88,72.0,90,0.0,3329.23
15707.88,71.92,90,0.0,3329.23
15707.88,71.72,88,1.2125,3329.23
15707.88,71.88,88,0.0,3329.23
15707.88,71.91,91,0.0,3329.23
15707.88,71.82,91,1.2125,3329.23
15707.88,71.74,90,0.0,3329.23
15707.88,72.25,90,0.0,3329.23
15707.88,72.12,90,1.2125,3329.23
15707.88,72.49,90,0.0,3329.23
15707.88,72.33,88,0.0,3329.23
15707.88,72.29,88,0.0,3329.23
15707.88,72.24,89,2.425,3329.23
15707.88,72.56,89,1.2125,3329.23
15707.88,73.25,76,0.0,3329.23
15707.88,71.73,76,0.0,3329.23
15707.88,71.92,92,1.2125,3329.23
15707.88,71.96,92,0.0,3329.23
15707.88,71.89,89,0.0,3329.23
15707.88,72.36,89,0.0,3329.23
15707.88,72.15,90,1.2125,3329.23
15707.88,71.84,88,0.0,3329.23
15707.88,71.94,88,0.0,3329.23
15707.88,71.73,89,2.4375,3329.23
15707.88,70.55,89,0.0,3329.23
15707.88,70.55,90,0.0,3329.23
15707.88,71.55,90,0.0,3329.23
15707.88,71.75,90,1.2125,3329.23
15707.88,71.68,90,0.0,3329.23
15707.88,71.48,90,0.0,3329.23
15707.88,71.57,90,1.2125,3329.23
15707.88,71.94,88,0.0,3329.23
15707.88,71.98,88,0.0,3329.23
15707.88,72.03,90,0.0,3329.23
15707.88,71.68,90,1.2125,3329.23
15707.88,71.8,90,0.0,3329.23
15707.88,72.04,90,0.0,3329.23
15707.88,72.11,90,0.0,3329.23
15707.88,71.98,90,3.6375,3329.23
15707.88,74.27,78,0.0,3329.23
15707.88,72.97,78,0.0,3329.23
15707.88,72.8,93,1.2125,3329.23
15707.88,72.83,90,0.0,3329.23
15707.88,72.92,90,0.0,3329.23
15707.88,72.81,88,1.2125,3329.23
15707.88,73.13,88,0.0,3329.23
15707.88,73.43,89,0.0,3329.23
15707.88,72.99,89,1.2125,3329.23
15707.88,73.04,89,0.0,3329.23
15707.88,73.04,89,0.0,3329.23
15707.88,71.64,90,0.0,3329.23
15707.88,71.78,90,1.2125,3329.23
15707.88,71.51,87,0.0,3329.23
15707.88,71.18,87,0.0,3329.23
15707.88,71.31,88,1.2125,3329.23
15707.88,71.06,88,0.0,3329.23
15707.88,70.87,89,0.0,3329.23
15707.88,71.36,89,1.1875,3329.23
15707.88,71.01,90,0.0,3329.23
15707.88,70.73,90,1.225,3329.23
15707.88,70.56,89,0.0,3329.23
15707.88,70.71,89,0.0,3329.23
15707.88,71.12,89,1.2125,3329.23
15707.88,71.34,89,0.0,3329.23
15707.88,70.24,86,1.175,3329.23
15707.88,70.94,86,1.225,3329.23
15707.88,71.33,85,0.0,3329.23
15707.88,70.59,85,0.0,3329.23
15707.88,71.11,90,1.225,3329.23
15707.88,71.67,90,0.0,3329.23
15707.88,71.97,90,0.0,3329.23
15707.88,72.79,90,1.2125,3329.23
15707.88,72.85,89,0.0,3329.23
15707.88,72.28,89,1.2125,3329.23
15707.88,72.12,91,0.0,3329.23
15707.88,73.59,91,1.2125,3329.23
15707.88,72.69,90,0.0,3329.23
15707.88,72.64,90,0.0,3329.23
15707.88,72.02,90,1.2125,3329.23
15707.88,71.62,90,0.0,3329.23
15707.88,71.78,90,0.0,3329.23
15707.88,71.33,91,0.0,3329.23
15707.88,71.13,91,1.225,3329.23
15707.88,71.27,90,0.0,3329.23
15707.88,70.94,90,0.0,3329.23
15707.88,70.7,89,1.2125,3329.23
15707.88,70.8,89,0.0,3329.23
15707.88,70.93,89,0.0,3329.23
15707.88,71.02,90,0.0,3329.23
15707.88,71.05,90,1.2125,3329.23
15707.88,71.1,90,0.0,3329.23
15707.88,68.09,79,2.425,3329.23
15707.88,68.07,79,0.0,3329.23
15707.88,68.17,94,0.0,3329.23
15707.88,67.44,94,1.2125,3329.23
15707.88,67.89,91,0.0,3329.23
15707.88,67.92,91,0.0,3329.23
15707.88,68.28,88,0.0,3329.23
15707.88,68.61,88,2.4125,3329.23
15707.88,68.98,90,0.0,3329.23
15707.88,68.77,90,0.0,3329.23
15707.88,68.83,90,1.2125,3329.23
15707.88,71.73,91,0.0,3329.23
15707.88,71.47,91,0.0,3329.23
15707.88,71.4,91,1.2125,3329.23
15707.88,71.89,88,0.0,3329.23
15707.88,71.87,88,0.0,3329.23
15707.88,71.84,90,0.0,3329.23
15707.88,71.81,90,1.2,3329.23
15707.88,71.67,89,0.0,3329.23
15707.88,71.83,90,0.0,3329.23
15707.88,71.57,90,1.2125,3329.23
15707.88,71.34,90,0.0,3329.23
15707.88,71.33,90,0.0,3329.23
15707.88,71.28,90,1.2125,3329.23
15707.88,71.44,90,0.0,3329.23
15707.88,71.39,89,0.0,3329.23
15707.88,71.37,89,1.2125,3329.23
15707.88,68.22,89,2.4375,3329.23
15707.88,68.5,76,0.0,3329.23
15707.88,68.7,89,0.0,3329.23
15707.88,68.63,89,0.0,3329.23
15707.88,68.59,95,1.2125,3329.23
15707.88,68.94,95,0.0,3329.23
15707.88,69.34,88,0.0,3329.23
15707.88,69.63,88,1.2125,3329.23
15707.88,69.71,88,0.0,3329.23
15707.88,69.74,90,0.0,3329.23
15707.88,69.46,90,1.2125,3329.23
15707.88,73.38,90,0.0,3329.23
15707.88,73.53,88,0.0,3329.23
15707.88,73.45,88,1.2125,3329.23
15707.88,73.19,91,1.2,3329.23
15707.88,73.21,91,0.0,3329.23
15707.88,73.04,91,0.0,3329.23
15707.88,73.07,90,1.2125,3329.23
15707.88,73.11,90,0.0,3329.23
15707.88,72.96,90,0.0,3329.23
15707.88,73.04,90,1.2125,3329.23
15707.88,73.24,89,0.0,3329.23
15707.88,72.28,89,0.0,3329.23
15707.88,72.04,89,1.2125,3329.23
15707.88,72.28,89,0.0,3329.23
15707.88,72.36,91,0.0,3329.23
15707.88,72.5,91,1.2125,3329.23
15707.88,72.36,91,0.0,3329.23
15707.88,70.83,89,2.425,3329.23
15707.88,71.29,78,0.0,3329.23
15707.88,70.3,78,0.0,3329.23
15707.88,70.36,78,0.0,3329.23
15707.88,70.57,90,1.2375,3329.23
15707.88,70.33,89,1.2,3329.23
15707.88,70.52,89,0.0,3329.23
15707.88,71.0,89,1.2125,3329.23
15707.88,71.19,89,0.0,3329.23
15707.88,71.0,89,0.0,3329.23
15707.88,70.94,90,0.0,3329.23
15707.88,72.23,90,1.2125,3329.23
15707.88,71.58,90,0.0,3329.23
15707.88,72.33,90,0.0,3329.23
15707.88,72.49,90,1.175,3329.23
15707.88,72.49,90,0.0,3329.23
15707.88,72.66,89,0.0,3329.23
15707.88,72.25,90,1.2125,3329.23
15707.88,72.21,90,0.0,3329.23
15707.88,72.17,90,0.0,3329.23
15707.88,72.15,89,0.0,3329.23
15707.88,71.94,89,1.2125,3329.23
15707.88,71.97,90,0.0,3329.23
15707.88,71.97,89,0.0,3329.23
15707.88,72.59,89,1.2125,3329.23
15707.88,72.44,90,0.0,3329.23
15707.88,74.64,90,1.2125,3329.23
15707.88,74.63,73,1.2125,3329.23
15707.88,74.2,73,0.0,3329.23
15707.88,74.28,95,0.0,3329.23
15707.88,74.66,95,0.0,3329.23
15707.88,75.15,90,1.175,3329.23
15707.88,75.15,90,2.3875,3329.23
15707.88,76.05,88,0.0,3329.23
15707.88,76.37,88,0.0,3329.23
15707.88,76.33,89,0.0,3329.23
15707.88,76.33,89,1.2125,3329.23
15707.88,76.25,88,0.0,3329.23
15707.88,73.49,88,0.0,3329.23
15707.88,73.14,90,1.225,3329.23
15707.88,73.22,90,0.0,3329.23
15707.88,73.14,88,0.0,3329.23
15707.88,72.82,90,0.0,3329.23
15707.88,72.67,90,1.2125,3329.23
15707.88,71.92,90,0.0,3329.23
15707.88,71.78,90,0.0,3329.23
15707.88,71.58,85,1.225,3329.23
15707.88,69.96,85,0.0,3329.23
15707.88,69.96,90,0.0,3329.23
15707.88,70.09,90,1.2125,3329.23
15707.88,70.25,90,0.0,3329.23
15707.88,70.29,90,0.0,3329.23
15707.88,70.35,90,2.425,3329.23
15707.88,72.31,90,0.0,3329.23
15707.88,72.47,79,1.2125,3329.23
15707.88,71.0,79,0.0,3329.23
15707.88,71.06,92,1.175,3329.23
15707.88,72.66,92,1.2,3329.23
15707.88,73.0,89,0.0,3329.23
15707.88,73.47,89,0.0,3329.23
15707.88,73.73,89,1.2125,3329.23
15707.88,74.0,89,0.0,3329.23
15707.88,73.79,90,0.0,3329.23
15707.88,73.87,90,0.0,3329.23
15707.88,71.68,88,1.225,3329.23
15707.88,71.3,88,0.0,3329.23
15707.88,72.53,90,0.0,3329.23
15707.88,72.26,89,1.2125,3329.23
15707.88,72.19,89,0.0,3329.23
15707.88,71.94,88,0.0,3329.23
15707.88,71.79,88,1.2125,3329.23
15707.88,71.58,90,0.0,3329.23
15707.88,71.66,90,0.0,3329.23
15707.88,71.46,90,0.0,3329.23
15707.88,71.32,90,1.2125,3329.23
15707.88,71.04,89,0.0,3329.23
15707.88,71.15,89,0.0,3329.23
15707.88,71.5,89,1.2125,3329.23
15707.88,71.5,90,0.0,3329.23
15707.88,69.37,90,2.425,3329.23
15707.88,69.63,84,0.0,3329.23
15707.88,68.63,84,0.0,3329.23
15707.88,68.42,85,1.2125,3329.23
15707.88,68.68,85,0.0,3329.23
15707.88,68.89,89,1.2125,3329.23
15707.88,68.89,90,0.0,3329.23
15707.88,69.68,90,0.0,3329.23
15707.88,70.03,90,1.2125,3329.23
15707.88,69.8,90,1.2125,3329.23
15707.88,69.8,90,0.0,3329.23
15707.88,71.51,90,0.0,3329.23
15707.88,70.67,89,1.2125,3329.23
15707.88,71.49,89,0.0,3329.23
15707.88,71.71,90,0.0,3329.23
15707.88,71.59,90,0.0,3329.23
15707.88,71.74,89,1.2375,3329.23
15707.88,71.72,89,0.0,3329.23
15707.88,71.53,89,0.0,3329.23
15707.88,71.37,89,1.2375,3329.23
15707.88,71.45,87,0.0,3329.23
15707.88,71.23,87,0.0,3329.23
15707.88,71.25,88,1.25,3329.23
15707.88,71.73,88,0.0,3329.23
15707.88,71.89,89,0.0,3329.23
15707.88,71.87,89,0.0,3329.23
15707.88,71.8,90,2.4875,3329.23
15707.88,73.51,90,0.0,3329.23
15707.88,72.12,76,0.0,3329.23
15707.88,72.2,76,1.25,3329.23
15707.88,72.03,89,0.0,3329.23
15707.88,72.31,89,0.0,3329.23
15707.88,73.15,90,1.25,3329.23
15707.88,73.15,90,0.0,3329.23
15707.88,73.26,90,0.0,3329.23
15707.88,73.61,90,1.25,3329.23
15707.88,73.26,88,0.0,3329.23
15707.88,71.09,88,0.0,3329.23
15707.88,72.24,89,0.0,3329.23
15707.88,72.24,89,1.2375,3329.23
15707.88,72.19,91,0.0,3329.23
15707.88,72.2,91,0.0,3329.23
15707.88,72.2,88,0.0,3329.23
15707.88,72.13,88,1.2375,3329.23
15707.88,72.0,90,0.0,3329.23
15707.88,71.91,90,0.0,3329.23
15707.88,71.19,89,1.2375,3329.23
15707.88,70.94,89,0.0,3329.23
15707.88,71.32,90,1.2375,3329.23
15707.88,71.39,90,1.25,3329.23
15707.88,71.33,90,0.0,3329.23
15707.88,71.54,90,0.0,3329.23
15707.88,71.78,89,2.4875,3329.23
15707.88,68.34,89,0.0,3329.23
15707.88,68.17,77,1.25,3329.23
15707.88,67.51,90,0.0,3329.23
15707.88,67.61,90,0.0,3329.23
15707.88,68.22,89,1.2375,3329.23
15707.88,68.49,89,0.0,3329.23
15707.88,68.76,90,0.0,3329.23
15707.88,69.2,90,1.2125,3329.23
15707.88,69.03,88,0.0,3329.23
15707.88,68.72,88,0.0,3329.23
15707.88,71.56,89,0.0,3329.23
15707.88,71.41,89,1.225,3329.23
15707.88,72.21,89,0.0,3329.23
15707.88,72.21,89,0.0,3329.23
15707.88,72.1,91,0.0,3329.23
15707.88,72.25,91,0.0,3329.23
15707.88,72.22,87,1.225,3329.23
15707.88,72.25,87,0.0,3329.23
15707.88,72.11,91,0.0,3329.23
15707.88,71.91,91,0.0,3329.23
15707.88,71.86,89,1.2125,3329.23
15707.88,72.02,89,0.0,3329.23
15707.88,72.01,89,0.0,3329.23
15707.88,71.87,89,1.2125,3329.23
15707.88,71.62,89,0.0,3329.23
15707.88,71.94,89,1.2125,3329.23
15707.88,72.98,78,1.2125,3329.23
15707.88,71.44,78,0.0,3329.23
15707.88,71.31,91,0.0,3329.23
15707.88,71.58,91,1.2125,3329.23
15707.88,72.21,89,1.2125,3329.23
15707.88,72.71,89,0.0,3329.23
15707.88,72.88,90,0.0,3329.23
15707.88,72.67,88,1.2125,3329.23
15707.88,72.65,88,0.0,3329.23
15707.88,72.79,91,0.0,3329.23
15707.88,72.23,91,0.0,3329.23
15707.88,70.61,90,1.2125,3329.23
15707.88,71.73,90,0.0,3329.23
15707.88,72.1,89,0.0,3329.23
15707.88,71.95,89,0.0,3329.23
15707.88,71.26,89,1.2125,3329.23
15707.88,71.23,89,0.0,3329.23
15707.88,71.65,88,0.0,3329.23
15707.88,71.52,88,1.2125,3329.23
15707.88,71.39,90,0.0,3329.23
15707.88,71.26,90,1.2125,3329.23
15707.88,71.31,89,1.2125,3329.23
15707.88,71.47,89,0.0,3329.23
15707.88,71.0,89,0.0,3329.23
15707.88,70.84,89,1.1625,3329.23
15707.88,68.13,73,1.175,3329.23
15707.88,67.97,73,1.2375,3329.23
15707.88,67.03,95,0.0,3329.23
15707.88,67.19,95,0.0,3329.23
15707.88,67.47,89,0.0,3329.23
15707.88,67.77,89,1.225,3329.23
15707.88,68.02,89,0.0,3329.23
15707.88,68.53,91,0.0,3329.23
15707.88,68.85,90,1.2125,3329.23
15707.88,68.85,90,0.0,3329.23
15707.88,68.96,90,0.0,3329.23
15707.88,72.05,89,0.0,3329.23
15707.88,71.88,90,0.0,3329.23
15707.88,71.88,90,1.2125,3329.23
15707.88,72.5,90,0.0,3329.23
15707.88,72.43,90,1.2125,3329.23
15707.88,72.05,90,1.2125,3329.23
15707.88,72.12,90,0.0,3329.23
15707.88,71.82,88,0.0,3329.23
15707.88,71.77,88,0.0,3329.23
15707.88,71.71,88,1.2125,3329.23
15707.88,71.47,88,0.0,3329.23
15707.88,71.47,89,0.0,3329.23
15707.88,72.32,89,1.2,3329.23
15707.88,72.32,90,0.0,3329.23
15707.88,72.32,90,2.225,3329.23
15707.88,72.14,90,0.0,3329.23
15707.88,74.58,90,0.0,3329.23
15707.88,72.93,78,1.2125,3329.23
15707.88,73.25,78,0.0,3329.23
15707.88,74.04,90,0.0,3329.23
15707.88,74.45,90,1.2,3329.23
15707.88,74.45,89,0.0,3329.23
15707.88,74.6,89,1.1875,3329.23
15707.88,74.4,90,0.0,3329.23
15707.88,74.34,90,1.2125,3329.23
15707.88,74.16,90,0.0,3329.23
15707.88,74.16,88,0.0,3329.23
15707.88,71.69,88,0.0,3329.23
15707.88,72.67,89,1.2125,3329.23
15707.88,72.77,89,0.0,3329.23
15707.88,72.53,90,0.0,3329.23
15707.88,71.84,90,0.0,3329.23
15707.88,71.81,90,1.225,3329.23
15707.88,71.78,90,0.0,3329.23
15707.88,71.48,90,0.0,3329.23
15707.88,71.35,90,0.0,3329.23
15707.88,71.35,89,1.2125,3329.23
15707.88,71.29,89,0.0,3329.23
15707.88,71.76,90,0.0,3329.23
15707.88,72.4,90,1.2125,3329.23
15707.88,72.26,89,1.2125,3329.23
15707.88,69.15,89,1.2,3329.23
15707.88,69.33,76,0.0,3329.23
15707.88,68.6,76,0.0,3329.23
15707.88,68.51,89,0.0,3329.23
15707.88,68.79,89,1.2125,3329.23
15707.88,69.4,89,1.2125,3329.23
15707.88,70.03,89,0.0,3329.23
15707.88,70.36,88,0.0,3329.23
15707.88,70.2,90,1.2125,3329.23
15707.88,69.54,90,0.0,3329.23
15707.88,72.41,90,0.0,3329.23
15707.88,71.95,90,0.0,3329.23
15707.88,72.42,90,1.2125,3329.23
15707.88,72.38,90,0.0,3329.23
15707.88,72.33,87,0.0,3329.23
15707.88,71.96,87,1.2125,3329.23
15707.88,71.63,90,0.0,3329.23
15707.88,72.11,90,0.0,3329.23
15707.88,72.3,89,0.0,3329.23
15707.88,72.37,89,2.4375,3329.23
15707.88,72.07,88,0.0,3329.23
15707.88,72.13,88,0.0,3329.23
15707.88,72.13,90,0.0,3329.23
15707.88,72.23,90,1.2125,3329.23
15707.88,72.22,90,0.0,3329.23
15707.88,72.1,90,2.4375,3329.23
15707.88,73.85,77,0.0,3329.23
15707.88,72.27,77,0.0,3329.23
15707.88,71.56,93,0.0,3329.23
15707.88,71.59,93,1.2125,3329.23
15707.88,71.83,90,0.0,3329.23
15707.88,72.16,90,0.0,3329.23
15707.88,72.49,90,0.0,3329.23
15707.88,72.9,90,1.25,3329.23
15707.88,73.4,88,0.0,3329.23
15707.88,73.45,91,0.0,3329.23
15707.88,73.23,91,1.25,3329.23
15707.88,70.77,89,0.0,3329.23
15707.88,72.21,89,0.0,3329.23
15707.88,72.24,90,1.2375,3329.23
15707.88,72.05,90,0.0,3329.23
15707.88,71.99,89,0.0,3329.23
15707.88,72.09,89,0.0,3329.23
15707.88,71.91,91,1.2375,3329.23
15707.88,71.91,91,0.0,3329.23
15707.88,71.22,88,0.0,3329.23
15707.88,71.34,88,1.25,3329.23
15707.88,71.95,90,0.0,3329.23
15707.88,71.95,90,0.0,3329.23
15707.88,71.98,90,1.2375,3329.23
15707.88,71.88,89,0.0,3329.23
15707.88,69.06,89,2.4875,3329.23
15707.88,68.82,74,0.0,3329.23
15707.88,67.69,74,1.25,3329.23
15707.88,67.21,99,0.0,3329.23
15707.88,67.21,99,0.0,3329.23
15707.88,67.3,91,0.0,3329.23
15707.88,67.69,91,1.25,3329.23
15707.88,67.69,89,0.0,3329.23
15707.88,68.01,89,0.0,3329.23
15707.88,68.14,90,1.25,3329.23
15707.88,68.02,90,0.0,3329.23
15707.88,68.0,89,0.0,3329.23
15707.88,70.3,89,0.0,3329.23
15707.88,70.0,89,1.25,3329.23
15707.88,70.86,89,0.0,3329.23
15707.88,71.09,90,0.0,3329.23
15707.88,70.84,90,0.0,3329.23
15707.88,70.69,90,0.0,3329.23
15707.88,70.74,90,1.2375,3329.23
15707.88,70.65,91,0.0,3329.23
15707.88,70.42,91,0.0,3329.23
15707.88,70.34,88,0.0,3329.23
15707.88,70.02,88,0.0,3329.23
15707.88,70.29,89,1.25,3329.23
15707.88,70.38,89,0.0,3329.23
15707.88,70.66,89,0.0,3329.23
15707.88,70.89,90,0.0,3329.23
15707.88,71.1,90,1.2375,3329.23
15707.88,71.02,76,1.2125,3329.23
15707.88,73.46,76,1.2125,3329.23
15707.88,72.06,92,0.0,3329.23
15707.88,72.03,92,0.0,3329.23
15707.88,72.52,90,0.0,3329.23
15707.88,72.97,90,1.225,3329.23
15707.88,73.82,90,1.225,3329.23
15707.88,73.72,90,0.0,3329.23
15707.88,73.72,90,0.0,3329.23
15707.88,73.33,90,1.2125,3329.23
15707.88,73.19,88,0.0,3329.23
15707.88,70.53,88,0.0,3329.23
15707.88,71.59,91,1.225,3329.23
15707.88,71.55,91,0.0,3329.23
15707.88,71.68,90,0.0,3329.23
15707.88,71.75,90,0.0,3329.23
15707.88,71.64,91,0.0,3329.23
15707.88,71.64,91,1.225,3329.23
15707.88,71.65,91,0.0,3329.23
15707.88,71.52,91,0.0,3329.23
15707.88,71.57,90,0.0,3329.23
15707.88,71.69,90,1.2,3329.23
15707.88,72.28,89,0.0,3329.23
15707.88,73.11,89,0.0,3329.23
15707.88,73.38,89,0.0,3329.23
15707.88,73.03,89,3.65,3329.23
15707.88,69.93,76,0.0,3329.23
15707.88,70.16,76,1.2125,3329.23
15707.88,69.31,91,0.0,3329.23
15707.88,69.28,91,0.0,3329.23
15707.88,69.48,89,0.0,3329.23
15707.88,70.18,89,1.2125,3329.23
15707.88,70.58,88,0.0,3329.23
15707.88,70.4,88,0.0,3329.23
15707.88,69.97,89,1.2125,3329.23
15707.88,69.76,90,0.0,3329.23
15707.88,69.95,90,0.0,3329.23
15707.88,72.77,90,0.0,3329.23
15707.88,72.02,90,1.2125,3329.23
15707.88,72.37,87,0.0,3329.23
15707.88,72.17,87,0.0,3329.23
15707.88,72.11,90,1.2125,3329.23
15707.88,72.11,90,0.0,3329.23
15707.88,72.01,90,0.0,3329.23
15707.88,71.79,90,1.2125,3329.23
15707.88,71.95,89,0.0,3329.23
15707.88,71.69,89,0.0,3329.23
15707.88,71.67,90,1.1625,3329.23
15707.88,71.64,90,0.0,3329.23
15707.88,71.99,88,1.2125,3329.23
15707.88,71.74,88,0.0,3329.23
15707.88,71.69,90,2.425,3329.23
15707.88,73.99,90,0.0,3329.23
15707.88,72.27,74,1.2125,3329.23
15707.88,72.04,74,0.0,3329.23
15707.88,72.27,90,0.0,3329.23
15707.88,72.44,90,1.2125,3329.23
15707.88,72.73,90,1.2125,3329.23
15707.88,73.08,90,0.0,3329.23
15707.88,73.32,89,0.0,3329.23
15707.88,73.21,89,1.2125,3329.23
15707.88,73.73,89,0.0,3329.23
15707.88,73.69,89,0.0,3329.23
15707.88,70.78,91,1.2125,3329.23
15707.88,72.09,91,0.0,3329.23
15707.88,72.07,90,0.0,3329.23
15707.88,72.07,90,0.0,3329.23
15707.88,72.01,90,1.2125,3329.23
15707.88,72.4,89,0.0,3329.23
15707.88,72.13,89,0.0,3329.23
15707.88,72.13,90,1.2125,3329.23
15707.88,71.69,90,0.0,3329.23
15707.88,71.71,91,0.0,3329.23
15707.88,71.79,91,1.2125,3329.23
15707.88,71.91,89,0.0,3329.23
15707.88,72.03,89,0.0,3329.23
15707.88,71.96,88,1.2125,3329.23
15707.88,70.35,88,1.2125,3329.23
15707.88,69.8,80,1.225,3329.23
15707.88,69.18,80,0.0,3329.23
15707.88,69.55,88,0.0,3329.23
15707.88,69.85,88,1.2125,3329.23
15707.88,70.19,89,0.0,3329.23
15707.88,70.43,89,0.0,3329.23
15707.88,70.72,90,1.2125,3329.23
15707.88,70.75,90,0.0,3329.23
15707.88,70.92,89,0.0,3329.23
15707.88,71.12,89,0.0,3329.23
15707.88,72.46,90,1.225,3329.23
15707.88,72.27,90,0.0,3329.23
15707.88,72.77,91,1.225,3329.23
15707.88,72.56,91,0.0,3329.23
15707.88,72.39,90,0.0,3329.23
15707.88,72.29,90,1.2125,3329.23
15707.88,72.38,90,0.0,3329.23
15707.88,72.2,90,0.0,3329.23
15707.88,72.27,91,1.2125,3329.23
15707.88,72.06,90,0.0,3329.23
15707.88,71.55,90,0.0,3329.23
15707.88,71.6,91,1.225,3329.23
15707.88,71.72,91,0.0,3329.23
15707.88,71.99,87,0.0,3329.23
15707.88,71.98,87,3.65,3329.23
15707.88,70.27,77,0.0,3329.23
15707.88,70.55,77,0.0,3329.23
15707.88,69.37,91,0.0,3329.23
15707.88,69.6,91,1.2125,3329.23
15707.88,69.82,90,0.0,3329.23
15707.88,70.17,90,0.0,3329.23
15707.88,70.55,90,1.2125,3329.23
15707.88,70.67,90,0.0,3329.23
15707.88,70.29,90,0.0,3329.23
15707.88,70.33,90,1.2125,3329.23
15707.88,72.02,89,0.0,3329.23
15707.88,71.89,89,0.0,3329.23
15707.88,72.67,89,0.0,3329.23
15707.88,72.36,89,1.225,3329.23
15707.88,72.44,89,0.0,3329.23
15707.88,72.39,89,0.0,3329.23
15707.88,72.37,91,0.0,3329.23
15707.88,72.21,91,1.225,3329.23
15707.88,72.43,89,0.0,3329.23
15707.88,72.45,89,0.0,3329.23
15707.88,72.28,90,0.0,3329.23
15707.88,72.1,90,1.2125,3329.23
15707.88,71.68,91,1.2125,3329.23
15707.88,71.89,91,0.0,3329.23
15707.88,72.14,90,1.2125,3329.23
15707.88,72.41,90,1.2125,3329.23
15707.88,73.98,74,1.2125,3329.23
15707.88,72.44,74,0.0,3329.23
15707.88,72.6,90,0.0,3329.23
15707.88,72.49,90,1.2125,3329.23
15707.88,72.94,90,0.0,3329.23
15707.88,73.23,90,0.0,3329.23
15707.88,73.65,90,1.2125,3329.23
15707.88,73.85,90,0.0,3329.23
15707.88,74.03,90,0.0,3329.23
15707.88,74.3,89,1.225,3329.23
15707.88,73.7,89,0.0,3329.23
15707.88,71.82,91,0.0,3329.23
15707.88,72.65,91,0.0,3329.23
15707.88,72.65,89,1.225,3329.23
15707.88,72.53,89,0.0,3329.23
15707.88,72.54,90,0.0,3329.23
15707.88,72.42,90,1.2125,3329.23
15707.88,72.41,90,0.0,3329.23
15707.88,72.24,90,0.0,3329.23
15707.88,71.76,90,0.0,3329.23
15707.88,71.85,90,1.2125,3329.23
15707.88,71.83,90,0.0,3329.23
15707.88,71.86,90,0.0,3329.23
15707.88,72.1,90,1.2125,3329.23
15707.88,72.05,90,1.2,3329.23
15707.88,68.75,73,0.0,3329.23
15707.88,68.54,73,1.2125,3329.23
15707.88,68.48,100,0.0,3329.23
15707.88,67.55,100,1.2125,3329.23
15707.88,67.47,92,1.2125,3329.23
15707.88,67.8,92,0.0,3329.23
15707.88,68.09,90,0.0,3329.23
15707.88,68.39,90,0.0,3329.23
15707.88,68.72,90,0.0,3329.23
15707.88,68.49,90,1.2125,3329.23
15707.88,68.44,90,0.0,3329.23
15707.88,71.61,90,0.0,3329.23
15707.88,71.49,90,1.2125,3329.23
15707.88,71.22,91,0.0,3329.23
15707.88,71.94,91,0.0,3329.23
15707.88,71.71,90,1.2125,3329.23
15707.88,71.59,90,0.0,3329.23
15707.88,71.69,90,0.0,3329.23
15707.88,71.5,88,0.0,3329.23
15707.88,71.83,88,1.225,3329.23
15707.88,72.49,89,0.0,3329.23
15707.88,72.79,89,0.0,3329.23
15707.88,72.79,89,0.0,3329.23
15707.88,73.55,89,1.2125,3329.23
15707.88,74.15,91,0.0,3329.23
15707.88,74.62,91,1.2125,3329.23
15707.88,75.0,90,0.0,3329.23
15707.88,75.13,89,2.4375,3329.23
15707.88,75.16,89,0.0,3329.23
15707.88,74.0,89,1.2125,3329.23
15707.88,73.78,83,0.0,3329.23
15707.88,73.04,83,1.225,3329.23
15707.88,72.74,87,0.0,3329.23
15707.88,72.84,89,0.0,3329.23
15707.88,72.51,89,0.0,3329.23
15707.88,72.61,89,1.2125,3329.23
15707.88,72.27,89,0.0,3329.23
15707.88,71.93,89,0.0,3329.23
15707.88,71.53,90,1.2125,3329.23
15707.88,71.02,90,0.0,3329.23
15707.88,72.05,90,0.0,3329.23
15707.88,72.06,90,1.2125,3329.23
15707.88,72.23,89,0.0,3329.23
15707.88,71.99,89,0.0,3329.23
15707.88,71.75,89,0.0,3329.23
15707.88,71.9,89,1.2125,3329.23
15707.88,71.51,90,0.0,3329.23
15707.88,71.53,90,0.0,3329.23
15707.88,71.53,90,2.425,3329.23
15707.88,71.42,89,0.0,3329.23
15707.88,71.59,89,0.0,3329.23
15707.88,71.68,89,0.0,3329.23
15707.88,71.68,89,0.0,3329.23
15707.88,71.57,90,2.45,3329.23
15707.88,73.81,90,0.0,3329.23
15707.88,72.34,81,0.0,3329.23
15707.88,72.34,81,1.2125,3329.23
15707.88,72.39,90,0.0,3329.23
15707.88,72.38,90,0.0,3329.23
15707.88,72.62,89,0.0,3329.23
15707.88,72.62,89,0.0,3329.23
15707.88,72.91,89,1.2125,3329.23
15707.88,73.21,89,0.0,3329.23
15707.88,73.01,91,0.0,3329.23
15707.88,70.66,91,1.2125,3329.23
15707.88,70.66,88,0.0,3329.23
15707.88,71.7,88,0.0,3329.23
15707.88,71.46,89,1.225,3329.23
15707.88,71.64,89,0.0,3329.23
15707.88,71.61,89,0.0,3329.23
15707.88,71.52,89,0.0,3329.23
15707.88,71.43,90,1.2,3329.23
15707.88,71.53,91,0.0,3329.23
15707.88,71.31,91,0.0,3329.23
15707.88,71.17,91,1.2125,3329.23
15707.88,71.21,91,0.0,3329.23
15707.88,71.09,90,0.0,3329.23
15707.88,71.71,90,0.0,3329.23
15707.88,71.7,89,3.525,3329.23
15707.88,69.12,89,0.0,3329.23
15707.88,69.52,73,0.0,3329.23
15707.88,69.08,73,0.0,3329.23
15707.88,69.02,91,1.225,3329.23
15707.88,69.1,91,0.0,3329.23
15707.88,69.35,90,0.0,3329.23
15707.88,69.67,90,0.0,3329.23
15707.88,70.06,88,1.225,3329.23
15707.88,70.61,88,0.0,3329.23
15707.88,70.22,89,0.0,3329.23
15707.88,69.96,89,0.0,3329.23
15707.88,72.22,90,1.225,3329.23
15707.88,71.59,90,0.0,3329.23
15707.88,71.98,91,0.0,3329.23
15707.88,71.99,91,1.2125,3329.23
15707.88,71.98,90,0.0,3329.23
15707.88,72.17,90,0.0,3329.23
15707.88,72.05,89,0.0,3329.23
15707.88,72.38,89,0.0,3329.23
15707.88,72.13,90,1.225,3329.23
15707.88,72.17,90,0.0,3329.23
15707.88,71.91,90,0.0,3329.23
15707.88,72.11,90,0.0,3329.23
15707.88,72.11,90,1.2375,3329.23
15707.88,72.04,90,0.0,3329.23
15707.88,71.79,90,2.4875,3329.23
15707.88,73.81,70,0.0,3329.23
15707.88,72.68,70,0.0,3329.23
15707.88,72.54,93,1.25,3329.23
15707.88,72.82,93,1.2375,3329.23
15707.88,72.72,89,0.0,3329.23
15707.88,73.36,89,1.2375,3329.23
15707.88,73.49,90,0.0,3329.23
15707.88,73.85,90,0.0,3329.23
15707.88,73.99,89,0.0,3329.23
15707.88,73.89,89,1.25,3329.23
15707.88,73.7,90,0.0,3329.23
15707.88,71.43,90,0.0,3329.23
15707.88,72.46,90,1.25,3329.23
15707.88,71.97,90,0.0,3329.23
15707.88,71.6,90,0.0,3329.23
15707.88,71.94,90,1.25,3329.23
15707.88,71.88,90,0.0,3329.23
15707.88,71.89,90,0.0,3329.23
15707.88,71.53,90,1.25,3329.23
15707.88,71.81,90,0.0,3329.23
15707.88,72.46,90,0.0,3329.23
15707.88,72.46,88,0.0,3329.23
15707.88,71.35,88,1.2375,3329.23
15707.88,71.37,88,0.0,3329.23
15707.88,71.37,88,0.0,3329.23
15707.88,71.57,90,1.2375,3329.23
15707.88,71.86,75,1.2375,3329.23
15707.88,68.56,75,1.2375,3329.23
15707.88,68.48,95,0.0,3329.23
15707.88,68.02,95,0.0,3329.23
15707.88,67.91,90,0.0,3329.23
15707.88,67.48,90,1.25,3329.23
15707.88,67.87,89,0.0,3329.23
15707.88,69.26,89,0.0,3329.23
15707.88,69.48,90,1.2375,3329.23
15707.88,69.18,90,0.0,3329.23
15707.88,69.0,90,0.0,3329.23
15707.88,72.02,90,1.2375,3329.23
15707.88,71.78,90,0.0,3329.23
15707.88,72.01,90,0.0,3329.23
15707.88,72.08,90,0.0,3329.23
15707.88,71.89,90,1.2125,3329.23
15707.88,71.97,92,0.0,3329.23
15707.88,71.9,92,0.0,3329.23
15707.88,71.76,91,1.2125,3329.23
15707.88,72.38,91,0.0,3329.23
15707.88,72.58,89,0.0,3329.23
15707.88,72.25,89,0.0,3329.23
15707.88,72.35,89,1.2125,3329.23
15707.88,72.35,89,0.0,3329.23
15707.88,72.52,92,0.0,3329.23
15707.88,72.37,92,3.6125,3329.23
15707.88,69.59,81,1.2125,3329.23
15707.88,69.82,81,0.0,3329.23
15707.88,68.85,88,0.0,3329.23
15707.88,68.87,91,0.0,3329.23
15707.88,68.26,91,0.0,3329.23
15707.88,68.47,88,1.225,3329.23
15707.88,68.99,88,0.0,3329.23
15707.88,69.42,90,0.0,3329.23
15707.88,69.7,90,0.0,3329.23
15707.88,69.67,89,1.2125,3329.23
15707.88,69.69,89,0.0,3329.23
15707.88,71.86,90,0.0,3329.23
15707.88,72.43,90,1.2125,3329.23
15707.88,72.44,87,0.0,3329.23
15707.88,72.42,87,0.0,3329.23
15707.88,72.11,90,1.2125,3329.23
15707.88,71.94,90,0.0,3329.23
15707.88,71.73,88,0.0,3329.23
15707.88,71.75,88,0.0,3329.23
15707.88,71.7,90,1.2125,3329.23
15707.88,71.6,90,0.0,3329.23
15707.88,71.51,88,0.0,3329.23
15707.88,71.33,88,1.225,3329.23
15707.88,71.73,88,0.0,3329.23
15707.88,71.75,88,0.0,3329.23
15707.88,71.62,90,1.225,3329.23
15707.88,73.61,90,1.2125,3329.23
15707.88,73.6,82,0.0,3329.23
15707.88,72.03,82,0.0,3329.23
15707.88,71.06,91,1.225,3329.23
15707.88,71.54,91,1.2125,3329.23
15707.88,71.87,89,0.0,3329.23
15707.88,72.31,89,0.0,3329.23
15707.88,72.75,91,1.2375,3329.23
15707.88,72.74,91,0.0,3329.23
15707.88,72.65,91,0.0,3329.23
15707.88,72.81,91,0.0,3329.23
15707.88,72.81,91,0.0,3329.23
15707.88,70.66,91,1.25,3329.23
15707.88,70.66,91,0.0,3329.23
15707.88,72.42,91,0.0,3329.23
15707.88,71.98,89,1.2375,3329.23
15707.88,71.86,89,0.0,3329.23
15707.88,71.77,91,0.0,3329.23
15707.88,71.66,91,0.0,3329.23
15707.88,71.42,91,1.2375,3329.23
15707.88,71.39,91,0.0,3329.23
15707.88,70.93,90,0.0,3329.23
15707.88,70.85,90,1.25,3329.23
15707.88,70.65,91,0.0,3329.23
15707.88,70.68,91,0.0,3329.23
15707.88,70.77,90,0.0,3329.23
15707.88,70.94,90,2.4875,3329.23
15707.88,68.09,82,0.0,3329.23
15707.88,68.44,82,1.2375,3329.23
15707.88,68.52,91,0.0,3329.23
15707.88,68.34,91,0.0,3329.23
15707.88,68.62,89,1.2375,3329.23
15707.88,69.12,89,0.0,3329.23
15707.88,69.53,89,0.0,3329.23
15707.88,69.94,90,0.0,3329.23
15707.88,70.33,90,1.25,3329.23
15707.88,70.38,89,0.0,3329.23
15707.88,70.24,89,0.0,3329.23
15707.88,72.39,90,0.0,3329.23
15707.88,72.39,90,1.2375,3329.23
15707.88,71.83,90,0.0,3329.23
15707.88,71.52,88,0.0,3329.23
15707.88,71.42,88,0.0,3329.23
15707.88,71.42,90,1.25,3329.23
15707.88,71.39,90,0.0,3329.23
15707.88,71.35,90,0.0,3329.23
15707.88,71.14,90,0.0,3329.23
15707.88,71.31,90,1.25,3329.23
15707.88,71.18,90,0.0,3329.23
15707.88,70.95,90,1.25,3329.23
15707.88,70.79,90,0.0,3329.23
15707.88,70.88,89,1.25,3329.23
15707.88,71.46,89,0.0,3329.23
15707.88,71.66,88,0.0,3329.23
15707.88,71.64,88,2.4625,3329.23
15707.88,70.44,72,0.0,3329.23
15707.88,70.52,72,1.2125,3329.23
15707.88,69.4,99,0.0,3329.23
15707.88,69.13,99,0.0,3329.23
15707.88,69.32,91,0.0,3329.23
15707.88,69.64,91,1.2125,3329.23
15707.88,70.17,91,0.0,3329.23
15707.88,70.41,89,0.0,3329.23
15707.88,70.52,89,1.225,3329.23
15707.88,70.17,89,0.0,3329.23
15707.88,71.1,89,0.0,3329.23
15707.88,70.79,91,0.0,3329.23
15707.88,71.69,91,1.2125,3329.23
15707.88,71.71,90,0.0,3329.23
15707.88,71.7,90,0.0,3329.23
15707.88,71.62,90,0.0,3329.23
15707.88,71.48,90,1.2125,3329.23
15707.88,71.36,90,0.0,3329.23
15707.88,70.94,90,0.0,3329.23
15707.88,71.07,89,0.0,3329.23
15707.88,70.97,89,1.2125,3329.23
15707.88,70.94,89,0.0,3329.23
15707.88,70.9,89,0.0,3329.23
15707.88,71.13,91,1.2125,3329.23
15707.88,71.26,91,0.0,3329.23
15707.88,71.11,89,0.0,3329.23
15707.88,70.66,89,3.65,3329.23
15707.88,73.29,74,0.0,3329.23
15707.88,72.0,74,1.2125,3329.23
15707.88,72.13,94,0.0,3329.23
15707.88,72.33,94,0.0,3329.23
15707.88,72.44,90,1.2125,3329.23
15707.88,73.01,90,0.0,3329.23
15707.88,72.94,89,0.0,3329.23
15707.88,73.18,89,1.2125,3329.23
15707.88,73.32,90,0.0,3329.23
15707.88,73.37,89,0.0,3329.23
15707.88,73.7,89,0.0,3329.23
15707.88,71.9,91,1.2125,3329.23
15707.88,71.9,91,0.0,3329.23
15707.88,72.07,90,0.0,3329.23
15707.88,71.83,90,0.0,3329.23
15707.88,71.59,90,1.2125,3329.23
15707.88,72.01,90,0.0,3329.23
15707.88,71.76,91,0.0,3329.23
15707.88,71.59,91,1.2125,3329.23
15707.88,71.95,89,0.0,3329.23
15707.88,71.96,89,0.0,3329.23
15707.88,71.94,91,1.2125,3329.23
15707.88,72.05,91,0.0,3329.23
15707.88,71.96,90,0.0,3329.23
15707.88,72.04,90,1.2,3329.23
15707.88,69.19,75,1.2,3329.23
15707.88,69.04,75,0.0,3329.23
15707.88,68.39,95,1.2125,3329.23
15707.88,68.56,95,1.2125,3329.23
15707.88,68.84,95,0.0,3329.23
15707.88,68.67,90,0.0,3329.23
15707.88,69.08,90,1.2125,3329.23
15707.88,69.34,90,0.0,3329.23
15707.88,69.59,90,0.0,3329.23
15707.88,69.41,91,0.0,3329.23
15707.88,69.41,89,1.25,3329.23
15707.88,71.99,89,0.0,3329.23
15707.88,71.69,90,0.0,3329.23
15707.88,72.04,90,0.0,3329.23
15707.88,72.09,90,1.2375,3329.23
15707.88,72.09,90,0.0,3329.23
15707.88,71.97,91,0.0,3329.23
15707.88,71.76,91,1.2375,3329.23
15707.88,71.7,90,0.0,3329.23
15707.88,71.49,90,0.0,3329.23
15707.88,71.83,89,0.0,3329.23
15707.88,71.83,89,1.2375,3329.23
15707.88,71.76,91,0.0,3329.23
15707.88,71.89,91,0.0,3329.23
15707.88,72.08,88,1.2375,3329.23
15707.88,71.98,88,1.2375,3329.23
15707.88,69.67,83,0.0,3329.23
15707.88,69.93,83,0.0,3329.23
15707.88,69.88,90,1.2375,3329.23
15707.88,68.4,90,0.0,3329.23
15707.88,68.78,93,0.0,3329.23
15707.88,68.84,93,0.0,3329.23
15707.88,69.02,88,1.25,3329.23
15707.88,69.56,91,0.0,3329.23
15707.88,69.56,91,0.0,3329.23
15707.88,69.44,91,1.25,3329.23
15707.88,71.67,91,0.0,3329.23
15707.88,71.67,91,0.0,3329.23
15707.88,71.24,89,0.0,3329.23
15707.88,72.23,89,1.25,3329.23
15707.88,72.23,91,0.0,3329.23
15707.88,71.89,91,1.25,3329.23
15707.88,71.81,91,0.0,3329.23
15707.88,71.43,91,1.25,3329.23
15707.88,71.28,89,0.0,3329.23
15707.88,71.38,89,0.0,3329.23
15707.88,71.5,90,0.0,3329.23
15707.88,71.5,90,1.2375,3329.23
15707.88,71.18,91,0.0,3329.23
15707.88,71.1,91,0.0,3329.23
15707.88,71.03,91,1.25,3329.23
15707.88,71.88,91,0.0,3329.23
15707.88,72.03,89,0.0,3329.23
15707.88,71.75,89,0.0,3329.23
15707.88,71.91,91,2.4875,3329.23
15707.88,72.79,91,1.2375,3329.23
15707.88,71.76,77,0.0,3329.23
15707.88,71.45,77,0.0,3329.23
15707.88,71.62,90,0.0,3329.23
15707.88,72.31,90,1.2125,3329.23
15707.88,72.55,90,0.0,3329.23
15707.88,72.04,89,0.0,3329.23
15707.88,72.12,89,0.0,3329.23
15707.88,72.13,91,1.2,3329.23
15707.88,72.08,91,0.0,3329.23
15707.88,71.12,91,0.0,3329.23
15707.88,71.82,90,1.2125,3329.23
15707.88,71.89,90,0.0,3329.23
15707.88,71.82,90,0.0,3329.23
15707.88,71.67,89,1.2125,3329.23
15707.88,71.57,89,1.2125,3329.23
15707.88,72.03,89,0.0,3329.23
15707.88,71.85,88,0.0,3329.23
15707.88,71.65,91,1.2125,3329.23
15707.88,71.7,91,0.0,3329.23
15707.88,71.64,91,0.0,3329.23
15707.88,71.64,91,0.0,3329.23
15707.88,71.69,91,1.2125,3329.23
15707.88,71.78,89,0.0,3329.23
15707.88,72.32,90,2.4,3329.23
15707.88,69.43,90,0.0,3329.23
15707.88,69.28,80,0.0,3329.23
15707.88,68.45,80,0.0,3329.23
15707.88,68.69,90,1.2125,3329.23
15707.88,68.96,90,0.0,3329.23
15707.88,68.96,90,0.0,3329.23
15707.88,69.53,90,1.2125,3329.23
15707.88,69.79,90,0.0,3329.23
15707.88,69.96,90,0.0,3329.23
15707.88,69.68,89,1.2125,3329.23
15707.88,69.68,89,0.0,3329.23
15707.88,72.26,90,0.0,3329.23
15707.88,72.18,90,0.0,3329.23
15707.88,72.18,89,1.225,3329.23
15707.88,72.01,89,1.225,3329.23
15707.88,72.24,91,0.0,3329.23
15707.88,72.24,91,0.0,3329.23
15707.88,72.05,90,1.2125,3329.23
15707.88,72.05,90,0.0,3329.23
15707.88,72.23,90,0.0,3329.23
15707.88,72.02,90,1.2125,3329.23
15707.88,71.77,90,0.0,3329.23
15707.88,71.61,90,0.0,3329.23
15707.88,72.26,90,1.225,3329.23
15707.88,72.45,90,0.0,3329.23
15707.88,72.48,91,2.4375,3329.23
15707.88,70.39,91,0.0,3329.23
15707.88,70.31,79,0.0,3329.23
15707.88,69.31,79,1.225,3329.23
15707.88,69.45,91,0.0,3329.23
15707.88,69.85,91,0.0,3329.23
15707.88,70.02,91,0.0,3329.23
15707.88,70.65,90,1.2125,3329.23
15707.88,70.63,90,0.0,3329.23
15707.88,70.37,91,0.0,3329.23
15707.88,70.3,91,1.2125,3329.23
15707.88,72.08,91,0.0,3329.23
15707.88,71.46,91,0.0,3329.23
15707.88,71.95,90,0.0,3329.23
15707.88,71.76,90,1.225,3329.23
15707.88,71.67,90,0.0,3329.23
15707.88,71.63,90,0.0,3329.23
15707.88,71.75,90,0.0,3329.23
15707.88,71.68,90,1.2125,3329.23
15707.88,71.59,90,0.0,3329.23
15707.88,71.71,90,0.0,3329.23
15707.88,71.66,89,0.0,3329.23
15707.88,71.52,90,1.225,3329.23
15707.88,71.73,90,0.0,3329.23
15707.88,72.53,90,0.0,3329.23
15707.88,72.86,90,1.225,3329.23
15707.88,72.92,81,1.2125,3329.23
15707.88,73.5,81,0.0,3329.23
15707.88,72.2,91,0.0,3329.23
15707.88,72.06,91,1.2,3329.23
15707.88,72.29,91,0.0,3329.23
15707.88,72.55,91,0.0,3329.23
15707.88,72.76,90,1.2125,3329.23
15707.88,73.0,90,0.0,3329.23
15707.88,72.3,90,1.225,3329.23
15707.88,72.14,90,0.0,3329.23
15707.88,71.86,90,0.0,3329.23
15707.88,70.91,90,1.225,3329.23
15707.88,71.78,90,0.0,3329.23
15707.88,72.16,90,0.0,3329.23
15707.88,72.55,88,1.2125,3329.23
15707.88,72.38,88,0.0,3329.23
15707.88,72.38,88,0.0,3329.23
15707.88,72.23,90,0.0,3329.23
15707.88,72.37,90,1.2125,3329.23
15707.88,72.18,90,0.0,3329.23
15707.88,72.47,90,0.0,3329.23
15707.88,72.17,90,0.0,3329.23
15707.88,71.98,89,1.2125,3329.23
15707.88,71.98,89,0.0,3329.23
15707.88,72.38,90,0.0,3329.23
15707.88,71.82,90,2.425,3329.23
15707.88,73.51,79,0.0,3329.23
15707.88,71.94,79,0.0,3329.23
15707.88,71.73,93,1.2125,3329.23
15707.88,71.95,93,0.0,3329.23
15707.88,72.06,90,0.0,3329.23
15707.88,72.22,90,1.2125,3329.23
15707.88,72.67,89,0.0,3329.23
15707.88,72.76,89,1.2125,3329.23
15707.88,72.75,89,1.2125,3329.23
15707.88,72.62,89,0.0,3329.23
15707.88,72.38,90,0.0,3329.23
15707.88,70.47,90,0.0,3329.23
15707.88,71.81,90,1.2125,3329.23
15707.88,71.9,90,0.0,3329.23
15707.88,71.67,90,1.2125,3329.23
15707.88,71.57,88,0.0,3329.23
15707.88,72.4,88,0.0,3329.23
15707.88,72.46,88,0.0,3329.23
15707.88,72.23,88,1.2125,3329.23
15707.88,72.16,90,0.0,3329.23
15707.88,72.22,90,0.0,3329.23
15707.88,72.27,90,0.0,3329.23
15707.88,72.39,90,1.1875,3329.23
15707.88,72.42,89,0.0,3329.23
15707.88,72.5,89,1.2125,3329.23
15707.88,71.12,75,0.0,3329.23
15707.88,70.83,75,1.2125,3329.23
15707.88,70.09,99,0.0,3329.23
15707.88,69.75,99,0.0,3329.23
15707.88,69.85,91,1.2125,3329.23
15707.88,70.11,91,1.2125,3329.23
15707.88,70.41,90,0.0,3329.23
15707.88,70.51,90,1.2125,3329.23
15707.88,70.68,90,0.0,3329.23
15707.88,70.53,89,0.0,3329.23
15707.88,70.55,90,0.0,3329.23
15707.88,70.55,90,1.2375,3329.23
15707.88,71.64,90,0.0,3329.23
15707.88,71.3,90,0.0,3329.23
15707.88,71.52,89,0.0,3329.23
15707.88,71.41,89,1.2375,3329.23
15707.88,71.32,89,0.0,3329.23
15707.88,71.39,89,0.0,3329.23
15707.88,71.4,89,1.25,3329.23
15707.88,71.36,89,0.0,3329.23
15707.88,71.56,91,0.0,3329.23
15707.88,71.39,91,0.0,3329.23
15707.88,71.32,91,0.0,3329.23
15707.88,71.35,91,1.25,3329.23
15707.88,71.58,90,0.0,3329.23
15707.88,71.78,90,0.0,3329.23
15707.88,71.85,91,1.25,3329.23
15707.88,71.77,74,1.25,3329.23
15707.88,73.15,74,1.25,3329.23
15707.88,72.12,94,0.0,3329.23
15707.88,71.83,94,0.0,3329.23
15707.88,72.01,94,0.0,3329.23
15707.88,72.63,91,1.25,3329.23
15707.88,73.29,91,0.0,3329.23
15707.88,73.86,89,0.0,3329.23
15707.88,73.98,89,0.0,3329.23
15707.88,73.44,89,1.2375,3329.23
15707.88,73.41,89,0.0,3329.23
15707.88,73.41,89,0.0,3329.23
15707.88,71.65,89,1.2375,3329.23
15707.88,72.56,91,0.0,3329.23
15707.88,72.72,91,1.2375,3329.23
15707.88,72.47,90,1.2375,3329.23
15707.88,72.39,90,0.0,3329.23
15707.88,72.37,89,0.0,3329.23
15707.88,72.13,89,1.2375,3329.23
15707.88,71.59,91,0.0,3329.23
15707.88,71.42,91,0.0,3329.23
15707.88,71.81,91,0.0,3329.23
15707.88,71.54,90,1.2375,3329.23
15707.88,71.49,90,0.0,3329.23
15707.88,72.04,90,0.0,3329.23
15707.88,72.08,90,1.25,3329.23
15707.88,72.22,76,1.25,3329.23
15707.88,68.94,76,1.25,3329.23
15707.88,68.83,93,0.0,3329.23
15707.88,68.95,93,0.0,3329.23
15707.88,69.11,91,1.2125,3329.23
15707.88,69.42,91,0.0,3329.23
15707.88,69.91,91,0.0,3329.23
15707.88,70.32,91,1.2125,3329.23
15707.88,69.8,87,0.0,3329.23
15707.88,69.62,87,0.0,3329.23
15707.88,69.62,87,1.2125,3329.23
15707.88,69.45,89,0.0,3329.23
15707.88,72.04,89,0.0,3329.23
15707.88,72.04,87,1.225,3329.23
15707.88,71.81,87,0.0,3329.23
15707.88,71.63,90,0.0,3329.23
15707.88,71.87,90,0.0,3329.23
15707.88,71.82,90,1.225,3329.23
15707.88,71.82,90,0.0,3329.23
15707.88,71.69,90,0.0,3329.23
15707.88,71.77,91,0.0,3329.23
15707.88,71.88,91,1.1875,3329.23
15707.88,71.6,90,0.0,3329.23
15707.88,71.87,90,0.0,3329.23
15707.88,71.76,90,1.2125,3329.23
15707.88,71.92,90,0.0,3329.23
15707.88,71.6,89,2.425,3329.23
15707.88,72.39,89,0.0,3329.23
15707.88,70.99,80,0.0,3329.23
15707.88,71.21,80,1.225,3329.23
15707.88,71.29,88,0.0,3329.23
15707.88,71.68,88,0.0,3329.23
15707.88,72.25,89,0.0,3329.23
15707.88,72.14,89,1.2125,3329.23
15707.88,72.15,90,0.0,3329.23
15707.88,72.77,90,0.0,3329.23
15707.88,72.55,88,0.0,3329.23
15707.88,72.32,88,1.225,3329.23
15707.88,71.47,89,0.0,3329.23
15707.88,72.69,89,0.0,3329.23
15707.88,72.56,89,0.0,3329.23
15707.88,72.64,89,1.2125,3329.23
15707.88,72.45,90,0.0,3329.23
15707.88,72.09,90,0.0,3329.23
15707.88,72.06,89,1.225,3329.23
15707.88,72.11,89,0.0,3329.23
15707.88,71.95,89,0.0,3329.23
15707.88,71.83,88,1.2125,3329.23
15707.88,71.74,88,1.2125,3329.23
15707.88,71.4,89,0.0,3329.23
15707.88,71.52,89,0.0,3329.23
15707.88,71.52,89,2.3375,3329.23
15707.88,69.99,89,0.0,3329.23
15707.88,70.29,78,0.0,3329.23
15707.88,69.9,78,0.0,3329.23
15707.88,70.17,88,1.2125,3329.23
15707.88,70.49,88,0.0,3329.23
15707.88,70.81,90,0.0,3329.23
15707.88,71.59,90,1.2125,3329.23
15707.88,72.03,89,0.0,3329.23
15707.88,72.02,89,0.0,3329.23
15707.88,71.5,89,0.0,3329.23
15707.88,71.35,89,1.2125,3329.23
15707.88,72.58,90,0.0,3329.23
15707.88,72.22,90,0.0,3329.23
15707.88,72.6,89,1.2125,3329.23
15707.88,72.36,89,0.0,3329.23
15707.88,72.34,89,0.0,3329.23
15707.88,72.98,89,0.0,3329.23
15707.88,72.55,88,1.225,3329.23
15707.88,72.47,88,0.0,3329.23
15707.88,72.39,89,0.0,3329.23
15707.88,72.59,89,0.0,3329.23
15707.88,72.43,90,1.225,3329.23
15707.88,72.33,89,0.0,3329.23
15707.88,72.51,89,0.0,3329.23
15707.88,72.2,89,1.2125,3329.23
15707.88,72.01,89,2.425,3329.23
15707.88,71.93,80,0.0,3329.23
15707.88,70.58,80,1.2125,3329.23
15707.88,70.67,92,0.0,3329.23
15707.88,70.84,92,0.0,3329.23
15707.88,71.24,89,0.0,3329.23
15707.88,71.62,89,1.2125,3329.23
15707.88,72.06,90,0.0,3329.23
15707.88,70.47,90,0.0,3329.23
15707.88,70.41,84,0.0,3329.23
15707.88,70.78,84,1.2125,3329.23
15707.88,70.62,90,0.0,3329.23
15707.88,69.83,90,0.0,3329.23
15707.88,70.81,88,1.225,3329.23
15707.88,70.61,88,0.0,3329.23
15707.88,70.51,90,0.0,3329.23
15707.88,70.21,90,0.0,3329.23
15707.88,70.1,89,1.2125,3329.23
15707.88,70.01,89,0.0,3329.23
15707.88,71.52,89,0.0,3329.23
15707.88,71.64,89,1.225,3329.23
15707.88,71.39,90,0.0,3329.23
15707.88,71.45,90,0.0,3329.23
15707.88,71.24,88,0.0,3329.23
15707.88,71.24,88,0.0,3329.23
15707.88,71.64,90,1.2125,3329.23
15707.88,71.33,90,2.425,3329.23
15707.88,72.92,73,0.0,3329.23
15707.88,71.75,73,0.0,3329.23
15707.88,71.66,99,1.2,3329.23
15707.88,71.66,99,1.2125,3329.23
15707.88,71.89,89,0.0,3329.23
15707.88,72.25,89,1.2125,3329.23
15707.88,72.56,90,0.0,3329.23
15707.88,73.11,90,0.0,3329.23
15707.88,73.16,90,1.2375,3329.23
15707.88,72.91,90,0.0,3329.23
15707.88,72.88,89,0.0,3329.23
15707.88,71.21,89,0.0,3329.23
15707.88,70.85,90,1.2125,3329.23
15707.88,71.78,90,0.0,3329.23
15707.88,71.48,90,1.2125,3329.23
15707.88,71.35,90,0.0,3329.23
15707.88,71.23,88,0.0,3329.23
15707.88,71.19,88,0.0,3329.23
15707.88,71.07,91,0.0,3329.23
15707.88,70.9,91,1.225,3329.23
15707.88,71.19,91,0.0,3329.23
15707.88,71.03,91,0.0,3329.23
15707.88,70.98,91,1.2125,3329.23
15707.88,71.11,91,0.0,3329.23
15707.88,71.6,91,0.0,3329.23
15707.88,71.56,91,1.2125,3329.23
15707.88,71.68,91,1.2125,3329.23
15707.88,73.09,80,0.0,3329.23
15707.88,71.46,80,0.0,3329.23
15707.88,71.33,93,1.2125,3329.23
15707.88,71.53,93,0.0,3329.23
15707.88,71.95,91,0.0,3329.23
15707.88,72.23,91,1.225,3329.23
15707.88,72.46,90,0.0,3329.23
15707.88,72.63,90,0.0,3329.23
15707.88,72.71,91,0.0,3329.23
15707.88,72.63,91,0.0,3329.23
15707.88,72.28,90,1.225,3329.23
15707.88,70.45,90,0.0,3329.23
15707.88,72.2,90,0.0,3329.23
15707.88,72.03,89,0.0,3329.23
15707.88,71.91,89,1.225,3329.23
15707.88,71.6,91,0.0,3329.23
15707.88,71.71,91,0.0,3329.23
15707.88,71.6,91,1.2125,3329.23
15707.88,71.6,91,0.0,3329.23
15707.88,71.65,90,0.0,3329.23
15707.88,71.42,90,1.225,3329.23
15707.88,71.6,90,1.225,3329.23
15707.88,71.39,89,0.0,3329.23
15707.88,71.76,91,0.0,3329.23
15707.88,71.74,91,1.1625,3329.23
15707.88,73.62,75,1.1875,3329.23
15707.88,72.47,75,0.0,3329.23
15707.88,72.13,94,0.0,3329.23
15707.88,72.41,94,1.2375,3329.23
15707.88,72.46,94,0.0,3329.23
15707.88,72.46,91,0.0,3329.23
15707.88,72.57,91,0.0,3329.23
15707.88,73.08,91,1.225,3329.23
15707.88,73.3,91,0.0,3329.23
15707.88,73.3,90,0.0,3329.23
15707.88,73.14,89,0.0,3329.23
15707.88,70.64,89,0.0,3329.23
15707.88,71.82,89,1.2125,3329.23
15707.88,72.06,89,0.0,3329.23
15707.88,71.81,91,0.0,3329.23
15707.88,71.87,91,1.2125,3329.23
15707.88,71.9,89,0.0,3329.23
15707.88,71.92,89,0.0,3329.23
15707.88,71.85,90,0.0,3329.23
15707.88,71.72,90,1.2125,3329.23
15707.88,72.21,90,0.0,3329.23
15707.88,72.4,90,0.0,3329.23
15707.88,72.49,90,1.225,3329.23
15707.88,72.32,90,0.0,3329.23
15707.88,72.3,91,0.0,3329.23
15707.88,72.29,91,1.225,3329.23
15707.88,71.11,77,1.225,3329.23
15707.88,70.83,77,0.0,3329.23
15707.88,69.7,99,1.2375,3329.23
15707.88,68.99,99,0.0,3329.23
15707.88,69.32,88,1.2125,3329.23
15707.88,68.84,88,0.0,3329.23
15707.88,69.12,89,0.0,3329.23
15707.88,69.28,89,0.0,3329.23
15707.88,69.33,90,1.2125,3329.23
15707.88,69.06,90,0.0,3329.23
15707.88,69.32,91,0.0,3329.23
15707.88,70.19,91,1.2125,3329.23
15707.88,70.08,91,0.0,3329.23
15707.88,70.84,89,0.0,3329.23
15707.88,71.16,89,1.2,3329.23
15707.88,71.27,90,0.0,3329.23
15707.88,71.2,90,0.0,3329.23
15707.88,71.19,91,0.0,3329.23
15707.88,71.2,91,1.225,3329.23
15707.88,71.52,91,0.0,3329.23
15707.88,71.18,91,0.0,3329.23
15707.88,70.98,90,0.0,3329.23
15707.88,70.98,90,1.225,3329.23
15707.88,71.08,90,0.0,3329.23
15707.88,71.46,91,0.0,3329.23
15707.88,71.48,91,1.225,3329.23
15707.88,71.48,91,2.4375,3329.23
15707.88,73.48,78,0.0,3329.23
15707.88,73.74,78,0.0,3329.23
15707.88,72.49,98,1.225,3329.23
15707.88,72.36,98,0.0,3329.23
15707.88,72.58,91,0.0,3329.23
15707.88,72.99,91,0.0,3329.23
15707.88,73.37,90,0.0,3329.23
15707.88,74.11,90,1.225,3329.23
15707.88,74.17,91,0.0,3329.23
15707.88,73.87,91,0.0,3329.23
15707.88,73.87,91,0.0,3329.23
15707.88,71.27,91,1.225,3329.23
15707.88,72.33,91,0.0,3329.23
15707.88,72.22,91,0.0,3329.23
15707.88,72.22,90,0.0,3329.23
15707.88,72.25,90,1.2125,3329.23
15707.88,72.13,90,0.0,3329.23
15707.88,71.99,90,0.0,3329.23
15707.88,71.26,90,1.2125,3329.23
15707.88,71.16,90,0.0,3329.23
15707.88,71.32,91,0.0,3329.23
15707.88,71.15,91,0.0,3329.23
15707.88,70.97,90,1.225,3329.23
15707.88,70.95,90,0.0,3329.23
15707.88,70.82,90,0.0,3329.23
15707.88,71.12,90,1.2125,3329.23
15707.88,71.13,90,2.4375,3329.23
15707.88,69.14,80,0.0,3329.23
15707.88,69.38,80,0.0,3329.23
15707.88,68.76,91,1.2125,3329.23
15707.88,68.87,91,0.0,3329.23
15707.88,69.11,90,0.0,3329.23
15707.88,69.47,90,1.2125,3329.23
15707.88,69.9,88,0.0,3329.23
15707.88,70.27,88,0.0,3329.23
15707.88,69.95,91,0.0,3329.23
15707.88,69.93,91,1.225,3329.23
15707.88,71.75,91,0.0,3329.23
15707.88,71.14,91,0.0,3329.23
15707.88,71.67,90,0.0,3329.23
15707.88,71.81,90,1.2125,3329.23
15707.88,71.84,91,0.0,3329.23
15707.88,71.82,91,0.0,3329.23
15707.88,71.93,91,0.0,3329.23
15707.88,71.76,91,1.225,3329.23
15707.88,71.6,90,1.2125,3329.23
15707.88,71.75,90,0.0,3329.23
15707.88,71.28,86,1.2125,3329.23
15707.88,71.33,86,0.0,3329.23
15707.88,71.42,91,0.0,3329.23
15707.88,71.85,91,1.2125,3329.23
15707.88,71.75,90,1.1625,3329.23
15707.88,71.17,90,0.0,3329.23
15707.88,73.13,70,1.2375,3329.23
15707.88,73.33,70,0.0,3329.23
15707.88,73.23,100,0.0,3329.23
15707.88,72.83,89,1.2125,3329.23
15707.88,73.06,89,0.0,3329.23
15707.88,73.94,92,0.0,3329.23
15707.88,74.32,92,0.0,3329.23
15707.88,74.2,91,1.2125,3329.23
15707.88,73.69,91,0.0,3329.23
15707.88,73.69,90,0.0,3329.23
15707.88,72.11,90,0.0,3329.23
15707.88,71.65,91,1.225,3329.23
15707.88,71.45,91,0.0,3329.23
15707.88,71.83,91,0.0,3329.23
15707.88,71.73,91,0.0,3329.23
15707.88,71.66,91,1.225,3329.23
15707.88,71.62,91,0.0,3329.23
15707.88,71.38,91,0.0,3329.23
15707.88,71.19,91,0.0,3329.23
15707.88,71.56,91,1.225,3329.23
15707.88,71.42,91,1.225,3329.23
15707.88,71.21,90,0.0,3329.23
15707.88,71.27,90,0.0,3329.23
15707.88,70.87,90,0.0,3329.23
15707.88,71.03,90,1.2125,3329.23
15707.88,71.0,90,0.0,3329.23
15707.88,70.83,90,1.225,3329.23
15707.88,71.67,78,0.0,3329.23
15707.88,71.56,78,1.225,3329.23
15707.88,71.53,100,0.0,3329.23
15707.88,70.06,100,0.0,3329.23
15707.88,70.1,92,0.0,3329.23
15707.88,70.46,92,1.2125,3329.23
15707.88,70.83,91,0.0,3329.23
15707.88,71.6,91,0.0,3329.23
15707.88,71.68,90,1.2125,3329.23
15707.88,71.77,91,0.0,3329.23
15707.88,70.94,91,0.0,3329.23
15707.88,70.99,91,0.0,3329.23
15707.88,70.85,90,1.2125,3329.23
15707.88,70.85,91,0.0,3329.23
15707.88,71.92,91,0.0,3329.23
15707.88,71.7,90,1.2125,3329.23
15707.88,71.58,90,0.0,3329.23
15707.88,71.36,89,0.0,3329.23
15707.88,71.33,89,0.0,3329.23
15707.88,71.44,91,0.0,3329.23
15707.88,71.19,91,2.425,3329.23
15707.88,70.81,90,0.0,3329.23
15707.88,70.78,90,0.0,3329.23
15707.88,70.84,90,1.2125,3329.23
15707.88,70.89,90,0.0,3329.23
15707.88,71.1,90,0.0,3329.23
15707.88,71.09,90,0.0,3329.23
15707.88,70.88,88,2.4375,3329.23
15707.88,71.25,88,0.0,3329.23
15707.88,70.77,84,0.0,3329.23
15707.88,70.87,84,0.0,3329.23
15707.88,71.07,91,1.225,3329.23
15707.88,71.43,91,0.0,3329.23
15707.88,71.7,91,0.0,3329.23
15707.88,71.81,91,0.0,3329.23
15707.88,72.04,88,0.0,3329.23
15707.88,71.96,88,1.225,3329.23
15707.88,72.53,89,0.0,3329.23
15707.88,72.77,89,0.0,3329.23
15707.88,72.12,89,1.2125,3329.23
15707.88,72.48,89,0.0,3329.23
15707.88,72.5,90,0.0,3329.23
15707.88,72.47,90,0.0,3329.23
15707.88,72.34,90,1.2125,3329.23
15707.88,72.35,90,0.0,3329.23
15707.88,72.5,89,0.0,3329.23
15707.88,72.2,90,1.2125,3329.23
15707.88,71.88,90,0.0,3329.23
15707.88,71.88,90,1.2125,3329.23
15707.88,72.22,89,0.0,3329.23
15707.88,72.45,88,0.0,3329.23
15707.88,72.46,88,1.2125,3329.23
15707.88,72.3,90,1.15,3329.23
15707.88,74.79,90,1.15,3329.23
15707.88,73.89,77,0.0,3329.23
15707.88,73.82,77,0.0,3329.23
15707.88,74.23,77,1.25,3329.23
15707.88,74.43,90,0.0,3329.23
15707.88,74.53,90,0.0,3329.23
15707.88,74.63,90,1.2125,3329.23
15707.88,74.77,90,0.0,3329.23
15707.88,74.41,90,0.0,3329.23
15707.88,74.08,89,1.2125,3329.23
15707.88,73.98,89,0.0,3329.23
15707.88,71.59,89,0.0,3329.23
15707.88,72.14,90,1.2125,3329.23
15707.88,72.14,90,0.0,3329.23
15707.88,72.12,91,0.0,3329.23
15707.88,72.12,91,0.0,3329.23
15707.88,72.19,90,1.1875,3329.23
15707.88,71.99,90,0.0,3329.23
15707.88,71.99,90,1.2125,3329.23
15707.88,72.26,90,1.2125,3329.23
15707.88,72.3,90,0.0,3329.23
15707.88,72.18,90,0.0,3329.23
15707.88,71.87,90,0.0,3329.23
15707.88,71.87,89,1.2125,3329.23
15707.88,71.97,89,0.0,3329.23
15707.88,69.51,90,2.425,3329.23
15707.88,69.76,90,0.0,3329.23
15707.88,68.8,76,0.0,3329.23
15707.88,68.8,76,1.2125,3329.23
15707.88,68.9,91,0.0,3329.23
15707.88,69.28,91,0.0,3329.23
15707.88,69.28,90,0.0,3329.23
15707.88,69.93,90,1.1875,3329.23
15707.88,70.32,89,0.0,3329.23
15707.88,70.12,89,0.0,3329.23
15707.88,70.1,90,1.2125,3329.23
15707.88,70.1,90,0.0,3329.23
15707.88,72.21,91,1.2125,3329.23
15707.88,72.28,91,0.0,3329.23
15707.88,72.28,90,0.0,3329.23
15707.88,72.14,90,1.2125,3329.23
15707.88,72.13,90,0.0,3329.23
15707.88,71.94,90,0.0,3329.23
15707.88,72.69,87,0.0,3329.23
15707.88,72.65,87,1.2375,3329.23
15707.88,72.28,90,0.0,3329.23
15707.88,72.48,90,0.0,3329.23
15707.88,72.27,90,0.0,3329.23
15707.88,72.28,90,1.2375,3329.23
15707.88,72.42,90,0.0,3329.23
15707.88,72.38,89,0.0,3329.23
15707.88,72.11,89,2.4875,3329.23
15707.88,71.71,77,0.0,3329.23
15707.88,73.35,77,0.0,3329.23
15707.88,71.04,93,1.25,3329.23
15707.88,71.36,93,0.0,3329.23
15707.88,71.36,89,0.0,3329.23
15707.88,72.01,89,1.25,3329.23
15707.88,72.29,90,0.0,3329.23
15707.88,72.32,90,0.0,3329.23
15707.88,72.48,91,1.2375,3329.23
15707.88,72.81,91,0.0,3329.23
15707.88,72.88,88,0.0,3329.23
15707.88,71.09,88,0.0,3329.23
15707.88,72.23,91,1.2375,3329.23
15707.88,72.18,91,0.0,3329.23
15707.88,72.32,90,0.0,3329.23
15707.88,72.33,90,0.0,3329.23
15707.88,72.33,90,1.25,3329.23
15707.88,71.84,90,0.0,3329.23
15707.88,71.84,90,0.0,3329.23
15707.88,71.86,89,0.0,3329.23
15707.88,71.91,89,0.0,3329.23
15707.88,71.63,91,1.2375,3329.23
15707.88,71.69,89,0.0,3329.23
15707.88,72.18,89,0.0,3329.23
15707.88,72.34,89,0.0,3329.23
15707.88,72.07,89,3.7375,3329.23
15707.88,72.07,77,0.0,3329.23
15707.88,72.21,77,1.25,3329.23
15707.88,71.61,93,0.0,3329.23
15707.88,71.84,93,0.0,3329.23
15707.88,71.81,89,0.0,3329.23
15707.88,72.27,89,1.25,3329.23
15707.88,72.51,90,0.0,3329.23
15707.88,72.28,90,0.0,3329.23
15707.88,72.53,88,0.0,3329.23
15707.88,73.24,88,0.0,3329.23
15707.88,73.17,89,1.2375,3329.23
15707.88,71.43,89,0.0,3329.23
15707.88,72.32,90,0.0,3329.23
15707.88,72.82,90,1.225,3329.23
15707.88,72.65,91,0.0,3329.23
15707.88,72.76,91,0.0,3329.23
15707.88,72.77,90,0.0,3329.23
15707.88,72.59,90,1.225,3329.23
15707.88,72.36,91,0.0,3329.23
15707.88,72.16,91,0.0,3329.23
15707.88,71.42,90,0.0,3329.23
15707.88,71.18,90,0.0,3329.23
15707.88,71.66,90,1.225,3329.23
15707.88,71.87,90,0.0,3329.23
15707.88,72.07,91,0.0,3329.23
15707.88,72.08,91,1.2125,3329.23
15707.88,70.44,78,0.0,3329.23
15707.88,70.12,78,2.45,3329.23
15707.88,69.67,95,0.0,3329.23
15707.88,69.73,95,0.0,3329.23
15707.88,69.99,90,1.2125,3329.23
15707.88,70.09,90,0.0,3329.23
15707.88,70.29,90,0.0,3329.23
15707.88,70.55,90,0.0,3329.23
15707.88,70.67,90,1.2125,3329.23
15707.88,70.41,90,0.0,3329.23
15707.88,70.45,90,0.0,3329.23
15707.88,71.78,91,1.2125,3329.23
15707.88,71.95,91,0.0,3329.23
15707.88,72.29,90,0.0,3329.23
15707.88,72.09,90,0.0,3329.23
15707.88,72.0,90,1.2125,3329.23
15707.88,72.21,90,0.0,3329.23
15707.88,71.9,90,0.0,3329.23
15707.88,71.75,90,0.0,3329.23
15707.88,71.75,91,1.2125,3329.23
15707.88,71.84,91,1.2125,3329.23
15707.88,72.36,89,0.0,3329.23
15707.88,72.38,89,1.225,3329.23
15707.88,72.5,90,0.0,3329.23
15707.88,72.09,90,0.0,3329.23
15707.88,70.05,84,2.4375,3329.23
15707.88,70.84,84,0.0,3329.23
15707.88,69.67,82,1.225,3329.23
15707.88,69.7,82,0.0,3329.23
15707.88,69.75,89,0.0,3329.23
15707.88,70.41,89,1.2,3329.23
15707.88,70.36,89,0.0,3329.23
15707.88,70.2,89,0.0,3329.23
15707.88,70.52,90,1.2125,3329.23
15707.88,70.52,90,0.0,3329.23
15707.88,70.52,91,0.0,3329.23
15707.88,72.44,89,1.2125,3329.23
15707.88,71.72,89,0.0,3329.23
15707.88,72.65,90,0.0,3329.23
15707.88,72.72,90,0.0,3329.23
15707.88,72.72,90,1.2125,3329.23
15707.88,72.22,89,0.0,3329.23
15707.88,72.23,89,0.0,3329.23
15707.88,72.01,89,1.225,3329.23
15707.88,71.89,89,0.0,3329.23
15707.88,71.72,89,1.2125,3329.23
15707.88,71.57,89,1.2125,3329.23
15707.88,71.3,89,0.0,3329.23
15707.88,71.19,89,0.0,3329.23
15707.88,71.32,89,1.2125,3329.23
15707.88,71.27,90,1.2,3329.23
15707.88,72.6,90,1.2125,3329.23
15707.88,72.68,90,0.0,3329.23
15707.88,72.91,75,0.0,3329.23
15707.88,72.41,95,0.0,3329.23
15707.88,73.14,95,1.2125,3329.23
15707.88,73.98,90,0.0,3329.23
15707.88,74.82,90,0.0,3329.23
15707.88,75.39,91,1.2125,3329.23
15707.88,75.55,91,0.0,3329.23
15707.88,75.3,91,0.0,3329.23
15707.88,75.33,91,0.0,3329.23
15707.88,74.12,91,1.225,3329.23
15707.88,73.87,91,0.0,3329.23
15707.88,73.22,91,0.0,3329.23
15707.88,73.5,91,0.0,3329.23
15707.88,72.72,91,1.225,3329.23
15707.88,72.18,91,0.0,3329.23
15707.88,71.67,91,0.0,3329.23
15707.88,71.47,91,1.2125,3329.23
15707.88,71.47,91,0.0,3329.23
15707.88,71.43,91,0.0,3329.23
15707.88,71.03,91,0.0,3329.23
15707.88,71.03,91,1.2125,3329.23
15707.88,71.03,90,0.0,3329.23
15707.88,71.26,90,0.0,3329.23
15707.88,71.26,91,1.2125,3329.23
15707.88,71.5,91,0.0,3329.23
15707.88,68.27,91,2.4375,3329.23
15707.88,68.37,91,0.0,3329.23
15707.88,67.69,81,0.0,3329.23
15707.88,67.82,81,2.425,3329.23
15707.88,68.11,90,0.0,3329.23
15707.88,68.11,90,0.0,3329.23
15707.88,68.72,90,0.0,3329.23
15707.88,68.9,90,1.2125,3329.23
15707.88,69.21,90,0.0,3329.23
15707.88,69.09,90,0.0,3329.23
15707.88,69.1,91,0.0,3329.23
15707.88,69.1,91,1.1875,3329.23
15707.88,71.67,91,0.0,3329.23
15707.88,72.16,91,0.0,3329.23
15707.88,72.02,90,1.2,3329.23
15707.88,72.02,90,0.0,3329.23
15707.88,72.11,89,1.2125,3329.23
15707.88,72.15,88,0.0,3329.23
15707.88,72.5,88,0.0,3329.23
15707.88,72.38,90,1.2125,3329.23
15707.88,71.98,90,0.0,3329.23
15707.88,71.98,90,0.0,3329.23
15707.88,72.04,90,1.2125,3329.23
15707.88,72.3,91,0.0,3329.23
15707.88,72.4,91,0.0,3329.23
15707.88,72.93,90,2.4375,3329.23
15707.88,73.03,90,0.0,3329.23
15707.88,71.45,78,0.0,3329.23
15707.88,71.22,90,0.0,3329.23
15707.88,71.34,90,1.2125,3329.23
15707.88,71.86,90,0.0,3329.23
15707.88,72.68,90,0.0,3329.23
15707.88,72.95,90,2.4375,3329.23
15707.88,73.11,90,0.0,3329.23
15707.88,73.02,90,0.0,3329.23
15707.88,72.89,88,0.0,3329.23
15707.88,71.91,89,1.2125,3329.23
15707.88,71.34,89,0.0,3329.23
15707.88,72.5,89,0.0,3329.23
15707.88,72.48,89,1.2125,3329.23
15707.88,72.22,89,0.0,3329.23
15707.88,72.58,90,0.0,3329.23
15707.88,72.08,90,1.2125,3329.23
15707.88,72.08,89,0.0,3329.23
15707.88,71.94,89,0.0,3329.23
15707.88,71.95,90,0.0,3329.23
15707.88,71.84,90,1.2125,3329.23
15707.88,71.73,90,0.0,3329.23
15707.88,72.03,90,0.0,3329.23
15707.88,72.31,90,1.2125,3329.23
15707.88,72.19,90,0.0,3329.23
15707.88,72.36,90,1.2125,3329.23
15707.88,73.85,78,1.2125,3329.23
15707.88,72.66,78,0.0,3329.23
15707.88,72.48,94,0.0,3329.23
15707.88,72.48,94,1.2125,3329.23
15707.88,72.76,91,0.0,3329.23
15707.88,73.07,91,0.0,3329.23
15707.88,73.4,90,1.2125,3329.23
15707.88,73.56,90,0.0,3329.23
15707.88,73.77,91,0.0,3329.23
15707.88,73.77,91,0.0,3329.23
15707.88,73.57,89,2.4375,3329.23
15707.88,71.06,89,0.0,3329.23
15707.88,72.01,89,0.0,3329.23
15707.88,72.08,89,0.0,3329.23
15707.88,72.08,90,0.0,3329.23
15707.88,71.97,90,1.225,3329.23
15707.88,71.66,90,0.0,3329.23
15707.88,71.59,90,0.0,3329.23
15707.88,71.35,89,1.2125,3329.23
15707.88,71.21,89,0.0,3329.23
15707.88,71.39,89,0.0,3329.23
15707.88,71.47,89,0.0,3329.23
15707.88,71.71,90,1.2125,3329.23
15707.88,71.92,90,0.0,3329.23
15707.88,72.11,91,0.0,3329.23
15707.88,72.0,91,2.4375,3329.23
15707.88,69.31,83,0.0,3329.23
15707.88,69.75,83,1.225,3329.23
15707.88,69.23,83,0.0,3329.23
15707.88,69.4,83,0.0,3329.23
15707.88,69.4,91,1.2125,3329.23
15707.88,69.28,89,0.0,3329.23
15707.88,69.48,89,0.0,3329.23
15707.88,69.83,89,0.0,3329.23
15707.88,70.14,89,1.225,3329.23
15707.88,70.04,90,0.0,3329.23
15707.88,72.2,90,0.0,3329.23
15707.88,71.79,89,1.2125,3329.23
15707.88,71.79,89,0.0,3329.23
15707.88,72.21,90,0.0,3329.23
15707.88,72.23,90,1.2125,3329.23
15707.88,72.26,89,0.0,3329.23
15707.88,72.14,89,0.0,3329.23
15707.88,72.11,90,0.0,3329.23
15707.88,71.91,90,1.225,3329.23
15707.88,71.3,90,0.0,3329.23
15707.88,71.16,90,1.225,3329.23
15707.88,71.43,90,0.0,3329.23
15707.88,71.22,90,1.2125,3329.23
15707.88,71.46,89,0.0,3329.23
15707.88,71.23,89,1.2,3329.23
15707.88,71.23,88,1.225,3329.23
15707.88,72.68,88,0.0,3329.23
15707.88,71.0,79,0.0,3329.23
15707.88,70.51,79,0.0,3329.23
15707.88,70.86,87,1.2375,3329.23
15707.88,71.28,87,0.0,3329.23
15707.88,71.61,89,0.0,3329.23
15707.88,71.96,89,1.2375,3329.23
15707.88,72.29,90,0.0,3329.23
15707.88,72.51,90,0.0,3329.23
15707.88,72.77,90,0.0,3329.23
15707.88,72.44,90,1.25,3329.23
15707.88,70.59,88,0.0,3329.23
15707.88,72.0,88,0.0,3329.23
15707.88,72.27,90,1.2375,3329.23
15707.88,72.01,90,0.0,3329.23
15707.88,72.09,90,0.0,3329.23
15707.88,72.33,90,0.0,3329.23
15707.88,72.23,90,1.2375,3329.23
15707.88,71.93,89,0.0,3329.23
15707.88,71.93,89,0.0,3329.23
15707.88,71.89,90,0.0,3329.23
15707.88,71.94,90,1.25,3329.23
15707.88,72.04,88,0.0,3329.23
15707.88,72.13,88,0.0,3329.23
15707.88,72.16,90,1.2375,3329.23
15707.88,71.96,90,2.4875,3329.23
15707.88,71.6,81,0.0,3329.23
15707.88,71.16,81,0.0,3329.23
15707.88,71.31,90,1.25,3329.23
15707.88,71.45,90,0.0,3329.23
15707.88,72.03,88,0.0,3329.23
15707.88,72.34,88,0.0,3329.23
15707.88,72.58,90,1.2375,3329.23
15707.88,72.52,90,0.0,3329.23
15707.88,72.39,90,0.0,3329.23
15707.88,72.16,91,1.25,3329.23
15707.88,72.19,89,0.0,3329.23
15707.88,72.11,89,0.0,3329.23
15707.88,72.56,91,0.0,3329.23
15707.88,72.5,91,1.25,3329.23
15707.88,72.42,91,0.0,3329.23
15707.88,71.96,91,0.0,3329.23
15707.88,72.1,90,0.0,3329.23
15707.88,72.1,90,1.2375,3329.23
15707.88,72.03,90,0.0,3329.23
15707.88,72.19,91,0.0,3329.23
15707.88,72.17,91,1.225,3329.23
15707.88,72.15,91,0.0,3329.23
15707.88,71.95,91,0.0,3329.23
15707.88,71.88,90,0.0,3329.23
15707.88,71.85,89,1.2125,3329.23
15707.88,72.06,89,2.425,3329.23
15707.88,69.18,79,0.0,3329.23
15707.88,69.19,79,0.0,3329.23
15707.88,68.25,90,1.2125,3329.23
15707.88,68.38,90,1.2125,3329.23
15707.88,69.23,89,0.0,3329.23
15707.88,69.23,89,0.0,3329.23
15707.88,69.92,91,1.2125,3329.23
15707.88,70.04,91,0.0,3329.23
15707.88,69.81,91,0.0,3329.23
15707.88,69.71,91,0.0,3329.23
15707.88,72.55,89,1.2125,3329.23
15707.88,72.29,89,0.0,3329.23
15707.88,72.76,90,0.0,3329.23
15707.88,72.92,90,1.2125,3329.23
15707.88,72.53,87,0.0,3329.23
15707.88,72.65,87,0.0,3329.23
15707.88,72.5,89,0.0,3329.23
15707.88,72.46,89,1.2125,3329.23
15707.88,72.46,89,0.0,3329.23
15707.88,72.56,89,0.0,3329.23
15707.88,72.25,89,1.225,3329.23
15707.88,71.94,89,0.0,3329.23
15707.88,71.88,90,0.0,3329.23
15707.88,71.97,90,0.0,3329.23
15707.88,71.67,88,2.425,3329.23
15707.88,71.84,88,0.0,3329.23
15707.88,73.3,74,1.225,3329.23
15707.88,71.72,74,1.225,3329.23
15707.88,71.73,93,0.0,3329.23
15707.88,71.87,93,0.0,3329.23
15707.88,72.33,91,1.225,3329.23
15707.88,72.92,89,0.0,3329.23
15707.88,73.3,89,0.0,3329.23
15707.88,73.45,91,0.0,3329.23
15707.88,73.3,91,1.225,3329.23
15707.88,72.66,89,0.0,3329.23
15707.88,70.84,89,0.0,3329.23
15707.88,72.14,90,1.2125,3329.23
15707.88,71.83,90,0.0,3329.23
15707.88,71.94,89,0.0,3329.23
15707.88,72.22,89,0.0,3329.23
15707.88,72.27,90,1.2125,3329.23
15707.88,72.11,90,0.0,3329.23
15707.88,71.97,91,0.0,3329.23
15707.88,71.78,91,0.0,3329.23
15707.88,71.84,90,1.225,3329.23
15707.88,71.86,90,0.0,3329.23
15707.88,71.85,88,0.0,3329.23
15707.88,71.58,88,0.0,3329.23
15707.88,71.88,88,1.225,3329.23
15707.88,71.62,88,1.225,3329.23
15707.88,67.73,72,1.2125,3329.23
15707.88,67.78,72,0.0,3329.23
15707.88,67.59,92,0.0,3329.23
15707.88,67.77,92,0.0,3329.23
15707.88,67.99,90,1.225,3329.23
15707.88,68.32,90,0.0,3329.23
15707.88,68.75,90,0.0,3329.23
15707.88,68.93,88,0.0,3329.23
15707.88,69.52,88,1.2125,3329.23
15707.88,69.81,87,0.0,3329.23
15707.88,72.88,87,0.0,3329.23
15707.88,72.85,89,1.2125,3329.23
15707.88,72.85,89,1.2125,3329.23
15707.88,72.44,89,0.0,3329.23
15707.88,72.51,89,0.0,3329.23
15707.88,72.44,91,1.2125,3329.23
15707.88,72.46,91,0.0,3329.23
15707.88,72.48,89,0.0,3329.23
15707.88,72.32,89,1.2125,3329.23
15707.88,71.8,89,0.0,3329.23
15707.88,71.94,90,0.0,3329.23
15707.88,71.93,90,0.0,3329.23
15707.88,71.44,90,1.2125,3329.23
15707.88,71.79,87,0.0,3329.23
15707.88,72.02,87,0.0,3329.23
15707.88,71.98,91,2.425,3329.23
15707.88,72.88,91,0.0,3329.23
15707.88,71.43,78,1.2125,3329.23
15707.88,71.46,78,0.0,3329.23
15707.88,71.67,78,0.0,3329.23
15707.88,72.0,91,1.2125,3329.23
15707.88,72.02,91,0.0,3329.23
15707.88,72.23,91,0.0,3329.23
15707.88,72.92,90,0.0,3329.23
15707.88,73.0,88,1.2125,3329.23
15707.88,72.97,88,0.0,3329.23
15707.88,72.6,88,1.2125,3329.23
15707.88,71.33,90,0.0,3329.23
15707.88,72.47,90,1.1875,3329.23
15707.88,72.26,90,0.0,3329.23
15707.88,72.1,90,0.0,3329.23
15707.88,72.15,90,0.0,3329.23
15707.88,72.33,90,0.0,3329.23
15707.88,72.03,90,1.225,3329.23
15707.88,72.03,90,0.0,3329.23
15707.88,71.74,90,0.0,3329.23
15707.88,71.59,90,0.0,3329.23
15707.88,71.59,90,1.225,3329.23
15707.88,71.73,90,1.225,3329.23
15707.88,71.87,90,0.0,3329.23
15707.88,71.86,90,1.1875,3329.23
15707.88,72.94,89,1.1625,3329.23
15707.88,72.82,89,0.0,3329.23
15707.88,72.78,77,1.225,3329.23
15707.88,71.85,77,0.0,3329.23
15707.88,72.04,95,0.0,3329.23
15707.88,72.21,95,0.0,3329.23
15707.88,72.58,90,1.225,3329.23
15707.88,72.58,90,0.0,3329.23
15707.88,72.58,90,0.0,3329.23
15707.88,72.56,90,0.0,3329.23
15707.88,73.13,89,1.225,3329.23
15707.88,72.66,89,0.0,3329.23
15707.88,72.96,89,0.0,3329.23
15707.88,73.32,89,0.0,3329.23
15707.88,74.59,90,1.175,3329.23
15707.88,74.84,90,0.0,3329.23
15707.88,75.57,90,1.2125,3329.23
15707.88,76.13,89,0.0,3329.23
15707.88,76.6,89,0.0,3329.23
15707.88,76.36,90,0.0,3329.23
15707.88,76.36,90,0.0,3329.23
15707.88,75.89,91,1.175,3329.23
15707.88,74.75,91,0.0,3329.23
15707.88,74.16,90,1.225,3329.23
15707.88,73.71,90,1.2125,3329.23
15707.88,73.36,90,0.0,3329.23
15707.88,72.64,90,0.0,3329.23
15707.88,70.38,90,2.4125,3329.23
15707.88,70.52,90,0.0,3329.23
15707.88,69.43,75,1.225,3329.23
15707.88,69.53,92,0.0,3329.23
15707.88,69.53,92,0.0,3329.23
15707.88,69.94,92,0.0,3329.23
15707.88,70.35,91,1.2125,3329.23
15707.88,70.68,91,0.0,3329.23
15707.88,70.83,90,0.0,3329.23
15707.88,70.6,90,0.0,3329.23
15707.88,70.62,89,1.225,3329.23
15707.88,71.95,89,0.0,3329.23
15707.88,71.95,90,0.0,3329.23
15707.88,71.07,90,1.2375,3329.23
15707.88,71.96,90,0.0,3329.23
15707.88,72.0,90,0.0,3329.23
15707.88,72.05,90,0.0,3329.23
15707.88,71.9,90,1.2125,3329.23
15707.88,71.76,91,0.0,3329.23
15707.88,71.49,89,0.0,3329.23
15707.88,71.33,89,1.2125,3329.23
15707.88,71.26,89,1.2125,3329.23
15707.88,71.13,89,0.0,3329.23
15707.88,71.44,91,1.2125,3329.23
15707.88,71.44,91,0.0,3329.23
15707.88,71.68,90,0.0,3329.23
15707.88,71.79,90,2.4375,3329.23
15707.88,72.76,73,0.0,3329.23
15707.88,71.65,73,0.0,3329.23
15707.88,71.84,93,1.2125,3329.23
15707.88,72.18,93,0.0,3329.23
15707.88,72.29,90,0.0,3329.23
15707.88,72.54,90,0.0,3329.23
15707.88,72.76,90,1.225,3329.23
15707.88,73.12,90,0.0,3329.23
15707.88,73.23,90,0.0,3329.36
15707.88,72.94,90,1.2125,3329.36
15707.88,72.76,89,0.0,3329.36
15707.88,71.52,89,0.0,3329.36
15707.88,72.27,89,0.0,3329.36
15707.88,72.02,89,1.225,3329.36
15707.88,71.83,91,0.0,3329.36
15707.88,71.91,91,0.0,3329.36
15707.88,72.03,90,0.0,3329.36
15707.88,72.25,90,1.225,3329.36
15707.88,72.09,88,0.0,3329.36
15707.88,72.03,88,0.0,3329.36
15707.88,72.15,90,0.0,3329.36
15707.88,71.93,90,0.0,3329.36
15707.88,72.18,90,1.225,3329.36
15707.88,72.43,89,0.0,3329.36
15707.88,72.3,89,1.225,3329.36
15707.88,69.47,80,2.425,3329.36
15707.88,69.6,80,0.0,3329.36
15707.88,68.47,87,0.0,3329.36
15707.88,68.53,87,0.0,3329.36
15707.88,68.67,91,1.225,3329.36
15707.88,68.96,91,0.0,3329.36
15707.88,69.82,88,0.0,3329.36
15707.88,70.23,88,0.0,3329.36
15707.88,70.47,90,1.2125,3329.36
15707.88,70.32,90,0.0,3329.36
15707.88,70.35,90,0.0,3329.36
15707.88,73.0,90,0.0,3329.36
15707.88,72.29,91,1.2125,3329.36
15707.88,72.74,91,0.0,3329.36
15707.88,72.67,90,0.0,3329.36
15707.88,72.44,90,1.225,3329.36
15707.88,72.53,89,0.0,3329.36
15707.88,71.83,89,0.0,3329.36
15707.88,71.77,88,1.2125,3329.36
15707.88,71.69,90,0.0,3329.36
15707.88,71.65,90,0.0,3329.36
15707.88,71.62,90,1.2125,3329.36
15707.88,71.36,90,0.0,3329.36
15707.88,71.23,88,0.0,3329.36
15707.88,71.2,88,0.0,3329.36
15707.88,71.5,89,3.6625,3329.36
15707.88,72.83,89,0.0,3329.36
15707.88,73.02,84,0.0,3329.36
15707.88,72.08,84,1.2125,3329.36
15707.88,71.73,95,0.0,3329.36
15707.88,71.84,95,0.0,3329.36
15707.88,72.01,91,0.0,3329.36
15707.88,72.18,91,1.225,3329.36
15707.88,72.48,91,0.0,3329.36
15707.88,72.77,91,0.0,3329.36
15707.88,72.79,90,0.0,3329.36
15707.88,72.68,90,1.2125,3329.36
15707.88,71.03,90,0.0,3329.36
15707.88,70.66,90,0.0,3329.36
15707.88,71.18,90,1.2125,3329.36
15707.88,71.42,90,0.0,3329.36
15707.88,71.42,90,0.0,3329.36
15707.88,71.39,91,1.2125,3329.36
15707.88,71.49,91,0.0,3329.36
15707.88,71.16,91,0.0,3329.36
15707.88,71.16,88,1.2125,3329.36
15707.88,71.19,88,0.0,3329.36
15707.88,70.92,90,0.0,3329.36
15707.88,70.69,90,0.0,3329.36
15707.88,70.72,90,1.2125,3329.36
15707.88,70.95,90,0.0,3329.36
15707.88,70.91,90,1.2125,3329.36
15707.88,70.91,90,1.2125,3329.36
15707.88,70.87,90,1.2125,3329.36
15707.88,70.8,90,0.0,3329.36
15707.88,70.91,80,1.2125,3329.36
15707.88,70.91,80,0.0,3329.36
15707.88,71.13,91,0.0,3329.36
15707.88,71.13,91,1.2125,3329.36
15707.88,71.42,89,0.0,3329.36
15707.88,71.71,89,0.0,3329.36
15707.88,71.89,91,1.2125,3329.36
15707.88,71.85,91,0.0,3329.36
15707.88,72.27,89,0.0,3329.36
15707.88,72.11,89,0.0,3329.36
15707.88,72.09,89,1.2125,3329.36
15707.88,72.09,89,0.0,3329.36
15707.88,71.94,90,0.0,3329.36
15707.88,71.96,90,0.0,3329.36
15707.88,72.08,89,1.225,3329.36
15707.88,72.06,90,0.0,3329.36
15707.88,72.14,90,0.0,3329.36
15707.88,71.83,89,0.0,3329.36
15707.88,72.1,89,1.225,3329.36
15707.88,71.67,91,0.0,3329.36
15707.88,71.74,91,0.0,3329.36
15707.88,71.79,91,2.425,3329.36
15707.88,72.1,91,0.0,3329.36
15707.88,71.72,87,0.0,3329.36
15707.88,69.76,87,1.2375,3329.36
15707.88,70.6,71,1.2375,3329.36
15707.88,70.44,71,0.0,3329.36
15707.88,69.47,96,0.0,3329.36
15707.88,68.89,96,0.0,3329.36
15707.88,68.91,89,1.25,3329.36
15707.88,69.25,89,0.0,3329.36
15707.88,69.63,90,0.0,3329.36
15707.88,69.97,90,0.0,3329.36
15707.88,69.86,90,1.2375,3329.36
15707.88,69.9,90,0.0,3329.36
15707.88,71.62,90,0.0,3329.36
15707.88,70.44,90,1.2375,3329.36
15707.88,70.16,90,0.0,3329.36
15707.88,70.46,90,0.0,3329.36
15707.88,71.29,90,0.0,3329.36
15707.88,71.16,88,1.2375,3329.36
15707.88,71.16,90,0.0,3329.36
15707.88,71.22,90,0.0,3329.36
15707.88,71.9,88,0.0,3329.36
15707.88,71.9,88,1.25,3329.36
15707.88,73.08,90,1.2375,3329.36
15707.88,73.44,90,0.0,3329.36
15707.88,73.61,90,0.0,3329.36
15707.88,73.65,90,1.2375,3329.36
15707.88,74.35,91,0.0,3329.36
15707.88,74.03,91,0.0,3329.36
15707.88,73.81,89,1.2,3329.36
15707.88,73.65,89,1.2,3329.36
15707.88,74.31,80,0.0,3329.36
15707.88,72.23,80,0.0,3329.36
15707.88,71.85,92,1.2375,3329.36
15707.88,71.52,92,0.0,3329.36
15707.88,71.25,87,0.0,3329.36
15707.88,71.66,87,0.0,3329.36
15707.88,71.96,88,0.0,3329.36
15707.88,71.92,88,1.2375,3329.36
15707.88,71.82,87,0.0,3329.36
15707.88,71.88,87,0.0,3329.36
15707.88,71.71,89,1.25,3329.36
15707.88,71.06,89,0.0,3329.36
15707.88,72.26,91,0.0,3329.36
15707.88,72.04,89,0.0,3329.36
15707.88,71.98,89,1.2375,3329.36
15707.88,72.04,88,0.0,3329.36
15707.88,71.98,88,0.0,3329.36
15707.88,72.08,90,1.25,3329.36
15707.88,72.42,90,0.0,3329.36
15707.88,72.05,90,0.0,3329.36
15707.88,71.96,90,1.25,3329.36
15707.88,71.96,90,0.0,3329.36
15707.88,71.81,91,0.0,3329.36
15707.88,71.96,91,1.2125,3329.36
15707.88,72.17,89,0.0,3329.36
15707.88,72.13,89,2.4375,3329.36
15707.88,74.0,76,1.2125,3329.36
15707.88,72.78,76,0.0,3329.36
15707.88,72.78,95,0.0,3329.36
15707.88,72.84,95,1.2125,3329.36
15707.88,72.85,90,0.0,3329.36
15707.88,72.85,90,0.0,3329.36
15707.88,73.62,89,0.0,3329.36
15707.88,73.94,89,1.2125,3329.36
15707.88,73.96,91,0.0,3329.36
15707.88,73.9,91,0.0,3329.36
15707.88,71.64,91,0.0,3329.36
15707.88,71.64,91,1.2125,3329.36
15707.88,71.41,91,0.0,3329.36
15707.88,72.38,91,0.0,3329.36
15707.88,72.19,91,0.0,3329.36
15707.88,72.01,90,1.225,3329.36
15707.88,71.89,90,0.0,3329.36
15707.88,71.89,90,1.225,3329.36
15707.88,71.38,90,0.0,3329.36
15707.88,71.31,89,0.0,3329.36
15707.88,70.99,89,1.225,3329.36
15707.88,71.07,89,0.0,3329.36
15707.88,71.22,89,0.0,3329.36
15707.88,71.24,90,0.0,3329.36
15707.88,71.08,90,1.225,3329.36
15707.88,71.26,89,1.225,3329.36
15707.88,72.72,89,0.0,3329.36
15707.88,72.53,82,1.225,3329.36
15707.88,72.19,82,0.0,3329.36
15707.88,71.83,92,0.0,3329.36
15707.88,72.23,92,0.0,3329.36
15707.88,73.05,88,0.0,3329.36
15707.88,73.4,88,1.2125,3329.36
15707.88,73.68,90,0.0,3329.36
15707.88,73.87,90,0.0,3329.36
15707.88,73.89,90,1.2125,3329.36
15707.88,73.9,90,0.0,3329.36
15707.88,72.08,90,0.0,3329.36
15707.88,71.67,90,1.2125,3329.36
15707.88,72.45,90,0.0,3329.36
15707.88,72.18,90,0.0,3329.36
15707.88,72.06,89,0.0,3329.36
15707.88,71.53,89,1.2125,3329.36
15707.88,71.25,90,1.2125,3329.36
15707.88,71.14,90,0.0,3329.36
15707.88,71.13,90,0.0,3329.36
15707.88,70.94,91,1.2125,3329.36
15707.88,70.79,91,0.0,3329.36
15707.88,70.59,90,0.0,3329.36
15707.88,70.64,90,0.0,3329.36
15707.88,70.92,90,1.1875,3329.36
15707.88,71.02,90,1.2125,3329.36
15707.88,69.11,75,1.2125,3329.36
15707.88,69.06,75,0.0,3329.36
15707.88,68.47,95,0.0,3329.36
15707.88,68.66,95,1.2125,3329.36
15707.88,68.91,90,0.0,3329.36
15707.88,69.24,90,0.0,3329.36
15707.88,69.34,89,0.0,3329.36
15707.88,69.79,89,1.2125,3329.36
15707.88,69.79,88,0.0,3329.36
15707.88,69.76,88,0.0,3329.36
15707.88,69.71,89,0.0,3329.36
15707.88,71.38,89,1.225,3329.36
15707.88,71.2,89,0.0,3329.36
15707.88,71.72,89,0.0,3329.36
15707.88,71.64,91,1.225,3329.36
15707.88,71.55,91,1.225,3329.36
15707.88,71.47,90,0.0,3329.36
15707.88,71.71,90,0.0,3329.36
15707.88,71.68,88,0.0,3329.36
15707.88,72.0,88,1.2125,3329.36
15707.88,71.76,90,0.0,3329.36
15707.88,71.57,90,0.0,3329.36
15707.88,71.49,90,1.2125,3329.36
15707.88,71.79,88,0.0,3329.36
15707.88,71.95,88,0.0,3329.36
15707.88,71.95,89,2.425,3329.36
15707.88,72.7,89,0.0,3329.36
15707.88,71.39,77,1.2125,3329.36
15707.88,71.6,77,0.0,3329.36
15707.88,71.55,90,0.0,3329.36
15707.88,72.09,90,0.0,3329.36
15707.88,72.29,90,1.2125,3329.36
15707.88,72.57,90,0.0,3329.36
15707.88,72.72,89,0.0,3329.36
15707.88,72.3,89,1.2125,3329.36
15707.88,72.22,89,0.0,3329.36
15707.88,71.96,89,0.0,3329.36
15707.88,71.02,90,0.0,3329.36
15707.88,72.19,90,1.2125,3329.36
15707.88,71.94,90,0.0,3329.36
15707.88,71.74,90,0.0,3329.36
15707.88,72.06,90,1.2125,3329.36
15707.88,72.06,90,0.0,3329.36
15707.88,72.06,90,0.0,3329.36
15707.88,71.77,90,0.0,3329.36
15707.88,71.77,91,1.2375,3329.36
15707.88,71.77,91,0.0,3329.36
15707.88,71.87,89,1.25,3329.36
15707.88,71.84,89,0.0,3329.36
15707.88,71.86,89,1.25,3329.36
15707.88,71.87,89,0.0,3329.36
15707.88,71.95,88,2.4875,3329.36
15707.88,73.46,88,0.0,3329.36
15707.88,72.04,80,0.0,3329.36
15707.88,71.76,80,1.2375,3329.36
15707.88,71.86,90,0.0,3329.36
15707.88,72.08,90,0.0,3329.36
15707.88,72.48,89,0.0,3329.36
15707.88,72.98,89,1.2375,3329.36
15707.88,73.26,89,0.0,3329.36
15707.88,73.22,89,0.0,3329.36
15707.88,73.18,90,1.2375,3329.36
15707.88,73.09,90,0.0,3329.36
15707.88,70.87,89,0.0,3329.36
15707.88,71.89,89,0.0,3329.36
15707.88,72.08,89,1.2375,3329.36
15707.88,71.77,89,0.0,3329.36
15707.88,71.77,89,0.0,3329.36
15707.88,72.1,89,1.2375,3329.36
15707.88,72.1,88,0.0,3329.36
15707.88,71.92,88,0.0,3329.36
15707.88,72.0,90,1.2375,3329.36
15707.88,71.87,90,0.0,3329.36
15707.88,71.87,90,0.0,3329.36
15707.88,71.9,90,1.25,3329.36
15707.88,72.02,90,0.0,3329.36
15707.88,71.97,90,0.0,3329.36
15707.88,71.9,89,2.4875,3329.36
15707.88,69.12,89,0.0,3329.36
15707.88,68.67,80,0.0,3329.36
15707.88,67.67,80,1.2375,3329.36
15707.88,67.85,91,0.0,3329.36
15707.88,67.99,91,0.0,3329.36
15707.88,68.28,89,0.0,3329.36
15707.88,68.52,89,1.25,3329.36
15707.88,68.62,88,0.0,3329.36
15707.88,69.08,88,0.0,3329.36
15707.88,68.94,89,1.2375,3329.36
15707.88,69.19,89,0.0,3329.36
15707.88,71.76,90,0.0,3329.36
15707.88,71.46,88,0.0,3329.36
15707.88,72.2,88,1.2125,3329.36
15707.88,72.08,90,1.2125,3329.36
15707.88,72.01,90,0.0,3329.36
15707.88,71.82,90,1.2125,3329.36
15707.88,72.01,90,0.0,3329.36
15707.88,71.89,88,0.0,3329.36
15707.88,72.0,88,0.0,3329.36
15707.88,71.29,90,1.2125,3329.36
15707.88,71.02,90,0.0,3329.36
15707.88,71.31,87,0.0,3329.36
15707.88,71.41,87,0.0,3329.36
15707.88,71.46,90,1.225,3329.36
15707.88,71.18,90,1.2125,3329.36
15707.88,73.49,71,1.2125,3329.36
15707.88,73.31,71,0.0,3329.36
15707.88,72.25,98,0.0,3329.36
15707.88,72.36,98,1.2125,3329.36
15707.88,73.17,90,0.0,3329.36
15707.88,74.19,90,0.0,3329.36
15707.88,75.28,90,1.225,3329.36
15707.88,76.12,90,0.0,3329.36
15707.88,76.12,90,0.0,3329.36
15707.88,76.44,90,0.0,3329.36
15707.88,77.16,89,1.225,3329.36
15707.88,77.16,89,0.0,3329.36
15707.88,75.52,90,0.0,3329.36
15707.88,75.52,90,0.0,3329.36
15707.88,77.05,91,1.2125,3329.36
15707.88,76.8,91,0.0,3329.36
15707.88,76.63,89,0.0,3329.36
15707.88,76.38,89,1.2125,3329.36
15707.88,76.03,90,0.0,3329.36
15707.88,75.57,90,0.0,3329.36
15707.88,75.39,90,0.0,3329.36
15707.88,74.78,90,1.2125,3329.36
15707.88,74.23,90,0.0,3329.36
15707.88,73.71,90,0.0,3329.36
15707.88,73.06,90,1.1875,3329.36
15707.88,72.75,90,0.0,3329.36
15707.88,72.41,90,2.3375,3329.36
15707.88,72.08,77,1.2125,3329.36
15707.88,73.69,77,0.0,3329.36
15707.88,71.76,93,0.0,3329.36
15707.88,71.88,93,0.0,3329.36
15707.88,72.45,90,1.2125,3329.36
15707.88,72.66,90,0.0,3329.36
15707.88,72.84,89,0.0,3329.36
15707.88,73.12,89,0.0,3329.36
15707.88,73.06,90,1.2125,3329.36
15707.88,72.81,90,0.0,3329.36
15707.88,72.72,91,0.0,3329.36
15707.88,70.49,91,0.0,3329.36
15707.88,71.69,89,1.2125,3329.36
15707.88,71.7,89,0.0,3329.36
15707.88,71.52,89,0.0,3329.36
15707.88,71.31,89,1.2125,3329.36
15707.88,71.59,89,1.2125,3329.36
15707.88,71.45,89,0.0,3329.36
15707.88,71.12,89,0.0,3329.36
15707.88,71.28,89,0.0,3329.36
15707.88,71.29,90,1.2125,3329.36
15707.88,71.22,90,0.0,3329.36
15707.88,71.58,90,0.0,3329.36
15707.88,71.58,90,1.2125,3329.36
15707.88,71.63,90,0.0,3329.36
15707.88,69.97,90,2.4125,3329.36
15707.88,69.65,73,0.0,3329.36
15707.88,69.78,73,0.0,3329.36
15707.88,69.74,99,1.2125,3329.36
15707.88,69.74,99,0.0,3329.36
15707.88,69.86,90,0.0,3329.36
15707.88,70.23,90,0.0,3329.36
15707.88,70.53,90,1.2125,3329.36
15707.88,70.69,90,0.0,3329.36
15707.88,70.59,89,0.0,3329.36
15707.88,70.39,89,1.2125,3329.36
15707.88,70.07,90,0.0,3329.36
15707.88,72.19,90,0.0,3329.36
15707.88,71.93,90,0.0,3329.36
15707.88,71.62,89,1.2125,3329.36
15707.88,71.53,89,1.2125,3329.36
15707.88,71.5,88,0.0,3329.36
15707.88,71.45,88,1.2125,3329.36
15707.88,71.3,91,0.0,3329.36
15707.88,71.28,91,0.0,3329.36
15707.88,71.47,90,0.0,3329.36
15707.88,71.25,90,1.25,3329.36
15707.88,70.96,90,0.0,3329.36
15707.88,70.9,90,0.0,3329.36
15707.88,71.14,90,0.0,3329.36
15707.88,71.66,90,1.25,3329.36
15707.88,71.24,90,0.0,3329.36
15707.88,71.01,90,2.4875,3329.36
15707.88,68.52,71,0.0,3329.36
15707.88,68.68,71,0.0,3329.36
15707.88,67.92,96,1.2375,3329.36
15707.88,67.95,96,0.0,3329.36
15707.88,68.38,87,0.0,3329.36
15707.88,68.75,87,0.0,3329.36
15707.88,69.19,90,1.25,3329.36
15707.88,69.38,90,0.0,3329.36
15707.88,69.46,90,0.0,3329.36
15707.88,69.46,90,0.0,3329.36
15707.88,69.37,90,1.2375,3329.36
15707.88,71.5,90,0.0,3329.36
15707.88,71.25,90,0.0,3329.36
15707.88,71.25,90,0.0,3329.36
15707.88,72.22,89,1.2375,3329.36
15707.88,72.06,89,0.0,3329.36
15707.88,72.44,88,0.0,3329.36
15707.88,72.44,88,0.0,3329.36
15707.88,72.82,90,1.25,3329.36
15707.88,72.67,90,0.0,3329.36
15707.88,72.67,90,0.0,3329.36
15707.88,72.68,90,1.2375,3329.36
15707.88,72.78,90,0.0,3329.36
15707.88,72.75,90,1.2375,3329.36
15707.88,72.59,90,0.0,3329.36
15707.88,72.75,90,1.2375,3329.36
15707.88,72.67,89,1.2375,3329.36
15707.88,72.47,89,1.2375,3329.36
15707.88,72.25,76,0.0,3329.36
15707.88,72.11,76,0.0,3329.36
15707.88,71.18,96,1.2375,3329.36
15707.88,71.54,96,0.0,3329.36
15707.88,72.06,90,0.0,3329.36
15707.88,72.34,90,0.0,3329.36
15707.88,72.75,88,1.25,3329.36
15707.88,72.94,88,0.0,3329.36
15707.88,72.67,90,0.0,3329.36
15707.88,72.72,90,1.2375,3329.36
15707.88,72.37,90,0.0,3329.36
15707.88,71.71,90,0.0,3329.36
15707.88,71.5,89,1.225,3329.36
15707.88,72.14,89,0.0,3329.36
15707.88,71.61,90,0.0,3329.36
15707.88,71.51,90,0.0,3329.36
15707.88,71.99,88,1.2,3329.36
15707.88,71.87,88,0.0,3329.36
15707.88,71.98,90,0.0,3329.36
15707.88,73.08,90,1.2125,3329.36
15707.88,73.56,89,0.0,3329.36
15707.88,73.88,89,0.0,3329.36
15707.88,74.06,90,1.2125,3329.36
15707.88,74.12,90,0.0,3329.36
15707.88,74.2,89,0.0,3329.36
15707.88,74.48,89,0.0,3329.36
15707.88,74.37,90,2.425,3329.36
15707.88,73.83,90,1.2125,3329.36
15707.88,75.35,74,0.0,3329.36
15707.88,75.44,74,0.0,3329.36
15707.88,73.61,97,1.2125,3329.36
15707.88,73.09,97,0.0,3329.36
15707.88,72.74,90,1.2,3329.36
15707.88,73.08,90,0.0,3329.36
15707.88,73.21,91,0.0,3329.36
15707.88,73.41,90,0.0,3329.36
15707.88,73.41,90,0.0,3329.36
15707.88,73.12,91,1.25,3329.36
15707.88,73.27,91,0.0,3329.36
15707.88,71.43,91,0.0,3329.36
15707.88,71.8,91,0.0,3329.36
15707.88,71.78,90,1.25,3329.36
15707.88,71.78,90,0.0,3329.36
15707.88,71.67,90,0.0,3329.36
15707.88,71.81,90,0.0,3329.36
15707.88,71.72,89,1.25,3329.36
15707.88,71.7,89,0.0,3329.36
15707.88,71.88,91,0.0,3329.36
15707.88,71.56,91,0.0,3329.36
15707.88,71.58,92,1.25,3329.36
15707.88,71.5,92,0.0,3329.36
15707.88,71.5,92,0.0,3329.36
15707.88,71.83,92,1.2375,3329.36
15707.88,72.04,91,0.0,3329.36
15707.88,69.15,91,2.4,3329.36
15707.88,69.05,81,0.0,3329.36
15707.88,68.44,81,0.0,3329.36
15707.88,68.45,92,1.25,3329.36
15707.88,68.64,92,0.0,3329.36
15707.88,68.98,90,0.0,3329.36
15707.88,69.35,90,1.2375,3329.36
15707.88,69.61,90,1.2375,3329.36
15707.88,69.69,90,0.0,3329.36
15707.88,69.24,89,0.0,3329.36
15707.88,69.31,89,1.25,3329.36
15707.88,71.88,89,0.0,3329.36
15707.88,71.59,89,0.0,3329.36
15707.88,72.06,89,0.0,3329.36
15707.88,72.03,90,1.2375,3329.36
15707.88,72.03,89,0.0,3329.36
15707.88,72.02,89,0.0,3329.36
15707.88,71.58,90,1.25,3329.36
15707.88,71.55,90,0.0,3329.36
15707.88,71.51,89,0.0,3329.36
15707.88,71.68,89,0.0,3329.36
15707.88,71.31,90,1.2375,3329.36
15707.88,71.41,90,0.0,3329.36
15707.88,71.41,90,0.0,3329.36
15707.88,71.85,90,0.0,3329.36
15707.88,71.93,90,1.2375,3329.36
15707.88,71.72,90,1.2375,3329.36
15707.88,72.25,78,0.0,3329.36
15707.88,71.26,78,1.2375,3329.36
15707.88,71.28,92,0.0,3329.36
15707.88,71.53,92,0.0,3329.36
15707.88,71.57,90,1.225,3329.36
15707.88,72.02,90,0.0,3329.36
15707.88,72.17,89,0.0,3329.36
15707.88,72.25,89,0.0,3329.36
15707.88,72.21,90,1.2125,3329.36
15707.88,72.21,90,1.2125,3329.36
15707.88,72.07,90,0.0,3329.36
15707.88,70.84,90,0.0,3329.36
15707.88,71.89,89,1.2125,3329.36
15707.88,71.84,89,0.0,3329.36
15707.88,72.14,90,0.0,3329.36
15707.88,72.22,90,1.2125,3329.36
15707.88,71.88,91,0.0,3329.36
15707.88,71.99,91,0.0,3329.36
15707.88,71.94,91,0.0,3329.36
15707.88,71.87,91,1.2125,3329.36
15707.88,71.87,90,0.0,3329.36
15707.88,72.09,90,0.0,3329.36
15707.88,72.9,87,0.0,3329.36
15707.88,72.94,90,1.2125,3329.36
15707.88,73.08,90,2.425,3329.36
15707.88,72.63,75,0.0,3329.36
15707.88,74.83,75,0.0,3329.36
15707.88,74.82,97,1.225,3329.36
15707.88,73.19,97,0.0,3329.36
15707.88,73.98,88,1.2125,3329.36
15707.88,73.98,88,0.0,3329.36
15707.88,74.24,89,1.2125,3329.36
15707.88,74.01,89,0.0,3329.36
15707.88,74.2,90,0.0,3329.36
15707.88,73.97,90,1.2125,3329.36
15707.88,74.07,90,0.0,3329.36
15707.88,71.57,90,0.0,3329.36
15707.88,71.26,90,1.2125,3329.36
15707.88,72.63,90,0.0,3329.36
15707.88,71.98,88,0.0,3329.36
15707.88,71.86,88,0.0,3329.36
15707.88,71.6,90,0.0,3329.36
15707.88,71.55,90,1.2125,3329.36
15707.88,71.46,90,0.0,3329.36
15707.88,71.39,90,0.0,3329.36
15707.88,71.6,90,1.225,3329.36
15707.88,71.29,90,0.0,3329.36
15707.88,71.11,90,0.0,3329.36
15707.88,71.11,90,0.0,3329.36
15707.88,71.2,89,1.225,3329.36
15707.88,71.46,91,0.0,3329.36
15707.88,71.45,91,0.0,3329.36
15707.88,71.42,77,2.4375,3329.36
15707.88,73.55,77,0.0,3329.36
15707.88,72.16,94,0.0,3329.36
15707.88,72.15,94,0.0,3329.36
15707.88,72.22,89,1.2125,3329.36
15707.88,72.57,89,0.0,3329.36
15707.88,73.35,89,0.0,3329.36
15707.88,73.56,89,1.2125,3329.36
15707.88,73.47,91,0.0,3329.36
15707.88,73.36,91,1.2125,3329.36
15707.88,73.39,91,0.0,3329.36
15707.88,70.88,91,1.1875,3329.36
15707.88,72.16,90,0.0,3329.36
15707.88,72.5,90,0.0,3329.36
15707.88,72.53,90,1.2125,3329.36
15707.88,72.34,90,0.0,3329.36
15707.88,72.19,90,0.0,3329.36
15707.88,72.29,90,0.0,3329.36
15707.88,72.04,90,1.2125,3329.36
15707.88,71.92,90,0.0,3329.36
15707.88,71.68,89,0.0,3329.36
15707.88,71.53,89,0.0,3329.36
15707.88,71.72,89,1.2125,3329.36
15707.88,72.24,89,0.0,3329.36
15707.88,71.94,90,0.0,3329.36
15707.88,71.98,90,2.425,3329.36
15707.88,68.81,76,1.2125,3329.36
15707.88,68.81,76,0.0,3329.36
15707.88,68.84,99,0.0,3329.36
15707.88,67.85,99,1.2125,3329.36
15707.88,67.8,93,0.0,3329.36
15707.88,68.27,93,0.0,3329.36
15707.88,68.52,91,0.0,3329.36
15707.88,68.67,91,1.2125,3329.36
15707.88,68.39,90,0.0,3329.36
15707.88,68.24,91,0.0,3329.36
15707.88,68.11,91,1.2125,3329.36
15707.88,71.46,92,0.0,3329.36
15707.88,71.26,92,0.0,3329.36
15707.88,70.83,90,0.0,3329.36
15707.88,71.71,90,1.2125,3329.36
15707.88,71.74,90,0.0,3329.36
15707.88,71.57,90,0.0,3329.36
15707.88,71.53,91,1.2125,3329.36
15707.88,71.53,91,0.0,3329.36
15707.88,71.67,91,0.0,3329.36
15707.88,71.27,91,1.2125,3329.36
15707.88,71.76,89,0.0,3329.36
15707.88,72.31,89,0.0,3329.36
15707.88,72.43,90,0.0,3329.36
15707.88,72.49,90,1.225,3329.36
15707.88,72.56,90,0.0,3329.36
15707.88,72.6,90,0.0,3329.48
15707.88,72.55,91,2.4375,3329.48
15707.88,73.22,91,0.0,3329.48
15707.88,73.09,80,1.225,3329.48
15707.88,73.23,80,1.225,3329.48
15707.88,72.3,97,0.0,3329.48
15707.88,71.6,97,0.0,3329.48
15707.88,71.34,91,1.225,3329.48
15707.88,71.57,91,0.0,3329.48
15707.88,71.65,89,0.0,3329.48
15707.88,71.82,89,0.0,3329.48
15707.88,71.62,90,1.225,3329.48
15707.88,71.73,90,0.0,3329.48
15707.88,71.19,90,0.0,3329.48
15707.88,71.05,90,0.0,3329.48
15707.88,70.37,89,0.0,3329.48
15707.88,71.47,89,1.2125,3329.48
15707.88,70.96,90,0.0,3329.48
15707.88,70.91,90,0.0,3329.48
15707.88,71.67,88,1.2125,3329.48
15707.88,71.93,88,0.0,3329.48
15707.88,72.0,91,0.0,3329.48
15707.88,72.19,90,0.0,3329.48
15707.88,71.94,90,1.2125,3329.48
15707.88,71.5,90,0.0,3329.48
15707.88,71.55,90,0.0,3329.48
15707.88,71.79,89,1.225,3329.48
15707.88,72.37,89,0.0,3329.48
15707.88,73.01,90,0.0,3329.48
15707.88,72.8,90,2.4375,3329.48
15707.88,72.0,82,0.0,3329.48
15707.88,72.32,82,0.0,3329.48
15707.88,71.01,92,1.2125,3329.48
15707.88,71.05,92,1.225,3329.48
15707.88,71.8,90,0.0,3329.48
15707.88,72.0,90,0.0,3329.48
15707.88,72.31,91,0.0,3329.48
15707.88,71.92,91,1.2125,3329.48
15707.88,71.77,91,0.0,3329.48
15707.88,71.97,91,0.0,3329.48
15707.88,72.22,88,0.0,3329.48
15707.88,71.64,88,1.2125,3329.48
15707.88,72.71,89,0.0,3329.48
15707.88,72.78,89,0.0,3329.48
15707.88,72.63,90,1.2125,3329.48
15707.88,72.53,90,0.0,3329.48
15707.88,72.62,89,0.0,3329.48
15707.88,72.61,89,0.0,3329.48
15707.88,72.61,90,2.4375,3329.48
15707.88,72.64,90,0.0,3329.48
15707.88,72.47,91,0.0,3329.48
15707.88,71.94,91,0.0,3329.48
15707.88,72.0,90,1.2125,3329.48
15707.88,71.86,90,0.0,3329.48
15707.88,71.92,87,0.0,3329.48
15707.88,71.86,87,2.3,3329.48
15707.88,74.22,72,0.0,3329.48
15707.88,72.91,72,1.2375,3329.48
15707.88,72.87,93,0.0,3329.48
15707.88,73.23,93,0.0,3329.48
15707.88,73.4,89,1.225,3329.48
15707.88,73.76,89,0.0,3329.48
15707.88,74.13,89,0.0,3329.48
15707.88,74.47,90,0.0,3329.48
15707.88,74.25,90,0.0,3329.48
15707.88,74.03,90,1.225,3329.48
15707.88,74.03,90,0.0,3329.48
15707.88,72.51,90,0.0,3329.48
15707.88,72.2,90,0.0,3329.48
15707.88,71.9,87,1.2125,3329.48
15707.88,71.87,87,0.0,3329.48
15707.88,71.78,89,0.0,3329.48
15707.88,71.8,89,1.2125,3329.48
15707.88,71.39,90,0.0,3329.48
15707.88,71.55,90,0.0,3329.48
15707.88,71.43,90,1.1875,3329.48
15707.88,71.43,90,0.0,3329.48
15707.88,71.37,90,0.0,3329.48
15707.88,71.61,90,0.0,3329.48
15707.88,71.84,88,1.2125,3329.48
15707.88,71.88,88,2.425,3329.48
15707.88,68.53,74,0.0,3329.48
15707.88,68.51,74,1.175,3329.48
15707.88,67.83,94,0.0,3329.48
15707.88,68.2,94,0.0,3329.48
15707.88,68.25,91,1.2125,3329.48
15707.88,68.37,91,0.0,3329.48
15707.88,68.72,88,0.0,3329.48
15707.88,68.97,88,0.0,3329.48
15707.88,68.86,90,0.0,3329.48
15707.88,68.78,90,1.225,3329.48
15707.88,68.73,90,0.0,3329.48
15707.88,71.6,88,0.0,3329.48
15707.88,71.23,88,0.0,3329.48
15707.88,71.54,89,1.2125,3329.48
15707.88,71.09,89,0.0,3329.48
15707.88,71.49,89,0.0,3329.48
15707.88,71.13,89,1.2,3329.48
15707.88,71.33,89,0.0,3329.48
15707.88,71.25,89,0.0,3329.48
15707.88,71.28,91,0.0,3329.48
15707.88,71.08,91,1.2125,3329.48
15707.88,71.21,90,0.0,3329.48
15707.88,71.21,90,0.0,3329.48
15707.88,71.71,89,0.0,3329.48
15707.88,71.87,89,1.2,3329.48
15707.88,70.38,86,2.4375,3329.48
15707.88,70.38,86,1.225,3329.48
15707.88,70.19,83,0.0,3329.48
15707.88,70.25,83,0.0,3329.48
15707.88,70.39,90,1.2125,3329.48
15707.88,70.67,90,0.0,3329.48
15707.88,70.95,90,0.0,3329.48
15707.88,71.27,90,0.0,3329.48
15707.88,71.65,90,1.2125,3329.48
15707.88,71.11,90,0.0,3329.48
15707.88,71.16,91,0.0,3329.48
15707.88,72.38,91,0.0,3329.48
15707.88,71.9,90,1.1875,3329.48
15707.88,72.12,90,0.0,3329.48
15707.88,71.91,89,1.225,3329.48
15707.88,71.94,89,0.0,3329.48
15707.88,72.06,90,0.0,3329.48
15707.88,72.06,90,0.0,3329.48
15707.88,71.47,90,0.0,3329.48
15707.88,71.6,90,1.2125,3329.48
15707.88,71.6,90,0.0,3329.48
15707.88,71.41,90,1.2,3329.48
15707.88,71.25,89,0.0,3329.48
15707.88,71.5,89,0.0,3329.48
15707.88,71.44,90,0.0,3329.48
15707.88,71.4,90,2.4375,3329.48
15707.88,73.48,88,0.0,3329.48
15707.88,72.17,88,1.2125,3329.48
15707.88,71.91,75,0.0,3329.48
15707.88,72.41,75,0.0,3329.48
15707.88,72.64,89,2.425,3329.48
15707.88,72.64,89,0.0,3329.48
15707.88,72.84,90,0.0,3329.48
15707.88,73.52,90,0.0,3329.48
15707.88,73.78,90,0.0,3329.48
15707.88,73.81,90,1.2375,3329.48
15707.88,74.09,89,0.0,3329.48
15707.88,73.95,89,0.0,3329.48
15707.88,71.4,90,1.25,3329.48
15707.88,72.2,89,0.0,3329.48
15707.88,72.37,89,0.0,3329.48
15707.88,72.23,89,1.2375,3329.48
15707.88,72.17,89,0.0,3329.48
15707.88,72.26,89,0.0,3329.48
15707.88,71.85,89,0.0,3329.48
15707.88,71.56,90,1.2375,3329.48
15707.88,71.21,90,0.0,3329.48
15707.88,71.46,89,0.0,3329.48
15707.88,71.88,89,0.0,3329.48
15707.88,72.88,87,1.2375,3329.48
15707.88,73.37,87,0.0,3329.48
15707.88,73.33,90,0.0,3329.48
15707.88,71.99,90,2.4875,3329.48
15707.88,72.3,81,0.0,3329.48
15707.88,71.26,81,0.0,3329.48
15707.88,71.39,91,0.0,3329.48
15707.88,71.81,91,1.25,3329.48
15707.88,71.95,90,0.0,3329.48
15707.88,71.95,90,0.0,3329.48
15707.88,71.91,90,1.2375,3329.48
15707.88,71.27,90,0.0,3329.48
15707.88,70.81,90,0.0,3329.48
15707.88,70.88,91,1.25,3329.48
15707.88,71.82,91,0.0,3329.48
15707.88,71.41,90,0.0,3329.48
15707.88,72.28,90,1.2375,3329.48
15707.88,72.21,90,0.0,3329.48
15707.88,72.02,90,0.0,3329.48
15707.88,72.09,90,0.0,3329.48
15707.88,72.04,90,1.2375,3329.48
15707.88,71.97,90,0.0,3329.48
15707.88,71.97,89,0.0,3329.48
15707.88,71.8,89,0.0,3329.48
15707.88,71.73,88,1.25,3329.48
15707.88,71.4,88,0.0,3329.48
15707.88,71.68,90,0.0,3329.48
15707.88,71.82,90,1.2375,3329.48
15707.88,71.92,90,1.2375,3329.48
15707.88,71.98,90,2.4875,3329.48
15707.88,73.13,77,0.0,3329.48
15707.88,71.79,77,0.0,3329.48
15707.88,71.61,91,0.0,3329.48
15707.88,71.95,91,1.2125,3329.48
15707.88,72.22,89,0.0,3329.48
15707.88,72.68,89,0.0,3329.48
15707.88,73.15,90,0.0,3329.48
15707.88,72.93,90,1.2125,3329.48
15707.88,72.76,89,0.0,3329.48
15707.88,72.5,89,0.0,3329.48
15707.88,72.64,89,0.0,3329.48
15707.88,71.12,89,1.2125,3329.48
15707.88,72.09,90,0.0,3329.48
15707.88,72.13,91,0.0,3329.48
15707.88,71.93,91,1.2125,3329.48
15707.88,72.02,91,0.0,3329.48
15707.88,72.01,90,1.2125,3329.48
15707.88,71.94,90,0.0,3329.48
15707.88,71.91,90,1.2125,3329.48
15707.88,71.84,91,0.0,3329.48
15707.88,71.45,91,0.0,3329.48
15707.88,71.5,91,0.0,3329.48
15707.88,71.76,91,1.2125,3329.48
15707.88,72.7,89,0.0,3329.48
15707.88,72.95,89,1.2125,3329.48
15707.88,74.9,78,1.1875,3329.48
15707.88,73.33,78,0.0,3329.48
15707.88,72.84,93,0.0,3329.48
15707.88,73.07,93,1.2125,3329.48
15707.88,73.33,91,0.0,3329.48
15707.88,73.77,91,0.0,3329.48
15707.88,73.92,90,0.0,3329.48
15707.88,74.31,90,1.2125,3329.48
15707.88,74.38,90,0.0,3329.48
15707.88,73.53,90,0.0,3329.48
15707.88,73.16,91,1.2125,3329.48
15707.88,70.84,91,1.2125,3329.48
15707.88,72.03,91,0.0,3329.48
15707.88,72.09,90,1.2125,3329.48
15707.88,72.31,89,0.0,3329.48
15707.88,72.29,89,0.0,3329.48
15707.88,72.1,90,1.2125,3329.48
15707.88,72.19,90,0.0,3329.48
15707.88,72.02,90,0.0,3329.48
15707.88,71.88,90,1.1875,3329.48
15707.88,71.66,90,0.0,3329.48
15707.88,72.2,90,0.0,3329.48
15707.88,72.41,90,0.0,3329.48
15707.88,72.41,90,1.225,3329.48
15707.88,72.3,91,0.0,3329.48
15707.88,74.56,79,1.2125,3329.48
15707.88,73.14,79,1.2125,3329.48
15707.88,72.95,93,0.0,3329.48
15707.88,73.17,93,0.0,3329.48
15707.88,73.49,90,0.0,3329.48
15707.88,73.88,90,0.0,3329.48
15707.88,73.6,90,1.2125,3329.48
15707.88,73.61,90,0.0,3329.48
15707.88,73.65,90,0.0,3329.48
15707.88,73.56,90,1.2125,3329.48
15707.88,73.22,90,0.0,3329.48
15707.88,70.62,91,0.0,3329.48
15707.88,71.73,91,1.2125,3329.48
15707.88,71.72,89,0.0,3329.48
15707.88,71.91,89,0.0,3329.48
15707.88,71.83,88,1.2125,3329.48
15707.88,71.77,90,0.0,3329.48
15707.88,71.9,90,1.2125,3329.48
15707.88,71.77,90,0.0,3329.48
15707.88,71.8,90,0.0,3329.48
15707.88,71.8,90,0.0,3329.48
15707.88,71.67,90,1.2125,3329.48
15707.88,71.67,89,0.0,3329.48
15707.88,71.47,89,0.0,3329.48
15707.88,71.88,89,1.225,3329.48
15707.88,71.53,88,2.4,3329.48
15707.88,68.67,80,1.2125,3329.48
15707.88,68.67,80,0.0,3329.48
15707.88,68.83,94,0.0,3329.48
15707.88,68.09,94,1.225,3329.48
15707.88,69.6,87,0.0,3329.48
15707.88,70.71,87,0.0,3329.48
15707.88,71.2,88,1.2125,3329.48
15707.88,71.14,88,0.0,3329.48
15707.88,70.75,88,0.0,3329.48
15707.88,70.83,89,0.0,3329.48
15707.88,73.58,89,1.225,3329.48
15707.88,72.97,89,0.0,3329.48
15707.88,72.94,87,0.0,3329.48
15707.88,73.72,87,0.0,3329.48
15707.88,72.73,88,1.2125,3329.48
15707.88,72.68,88,0.0,3329.48
15707.88,72.65,89,0.0,3329.48
15707.88,72.88,89,1.2125,3329.48
15707.88,73.2,89,0.0,3329.48
15707.88,73.65,89,0.0,3329.48
15707.88,74.22,90,1.2125,3329.48
15707.88,74.38,90,0.0,3329.48
15707.88,74.76,89,0.0,3329.48
15707.88,74.49,89,1.2125,3329.48
15707.88,74.54,91,1.2125,3329.48
15707.88,75.5,91,0.0,3329.48
15707.88,75.88,89,0.0,3329.48
15707.88,72.4,80,2.3125,3329.48
15707.88,72.09,80,0.0,3329.48
15707.88,70.96,80,1.2375,3329.48
15707.88,70.94,89,0.0,3329.48
15707.88,70.4,89,0.0,3329.48
15707.88,70.4,90,0.0,3329.48
15707.88,70.45,90,1.2125,3329.48
15707.88,70.88,90,0.0,3329.48
15707.88,70.68,88,0.0,3329.48
15707.88,69.6,88,1.2125,3329.48
15707.88,68.99,90,0.0,3329.48
15707.88,71.46,90,0.0,3329.48
15707.88,71.46,90,1.2125,3329.48
15707.88,71.89,90,0.0,3329.48
15707.88,71.77,87,0.0,3329.48
15707.88,71.77,87,1.2125,3329.48
15707.88,71.31,90,0.0,3329.48
15707.88,71.31,90,0.0,3329.48
15707.88,71.2,89,1.2125,3329.48
15707.88,71.24,89,0.0,3329.48
15707.88,70.97,87,0.0,3329.48
15707.88,70.95,87,1.2125,3329.48
15707.88,70.85,89,0.0,3329.48
15707.88,71.23,90,0.0,3329.48
15707.88,71.25,90,0.0,3329.48
15707.88,71.59,87,2.45,3329.48
15707.88,73.96,87,0.0,3329.48
15707.88,72.64,81,0.0,3329.48
15707.88,72.6,81,1.225,3329.48
15707.88,72.77,81,0.0,3329.48
15707.88,72.98,90,0.0,3329.48
15707.88,73.27,91,1.2125,3329.48
15707.88,73.5,91,0.0,3329.48
15707.88,73.5,91,0.0,3329.48
15707.88,73.57,90,0.0,3329.48
15707.88,73.48,90,1.2125,3329.48
15707.88,73.5,90,0.0,3329.48
15707.88,73.5,90,0.0,3329.48
15707.88,72.34,89,1.2375,3329.48
15707.88,72.47,91,1.2125,3329.48
15707.88,72.36,91,0.0,3329.48
15707.88,72.33,90,1.2125,3329.48
15707.88,72.07,90,0.0,3329.48
15707.88,72.08,89,0.0,3329.48
15707.88,72.58,89,0.0,3329.48
15707.88,72.45,88,1.1875,3329.48
15707.88,72.45,88,0.0,3329.48
15707.88,72.06,90,0.0,3329.48
15707.88,72.27,90,0.0,3329.48
15707.88,72.27,90,1.225,3329.48
15707.88,72.3,90,0.0,3329.48
15707.88,72.34,90,1.2125,3329.48
15707.88,71.95,90,1.225,3329.48
15707.88,71.89,82,0.0,3329.48
15707.88,71.53,82,0.0,3329.48
15707.88,71.24,90,0.0,3329.48
15707.88,71.68,90,1.2125,3329.48
15707.88,71.93,89,0.0,3329.48
15707.88,71.93,89,0.0,3329.48
15707.88,72.09,91,1.2,3329.48
15707.88,72.13,91,0.0,3329.48
15707.88,71.85,91,0.0,3329.48
15707.88,72.01,91,1.2125,3329.48
15707.88,72.01,89,1.2125,3329.48
15707.88,71.94,89,0.0,3329.48
15707.88,72.27,91,1.2125,3329.48
15707.88,72.09,91,0.0,3329.48
15707.88,72.03,91,0.0,3329.48
15707.88,72.02,89,1.2125,3329.48
15707.88,72.53,89,0.0,3329.48
15707.88,72.57,91,0.0,3329.48
15707.88,72.55,91,1.2125,3329.48
15707.88,72.5,91,0.0,3329.48
15707.88,72.24,91,0.0,3329.48
15707.88,72.16,90,0.0,3329.48
15707.88,72.2,90,1.2125,3329.48
15707.88,72.51,89,1.2125,3329.48
15707.88,69.5,89,1.2125,3329.48
15707.88,69.5,80,0.0,3329.48
15707.88,69.05,80,0.0,3329.48
15707.88,68.28,93,1.2125,3329.48
15707.88,68.41,93,0.0,3329.48
15707.88,68.7,90,0.0,3329.48
15707.88,68.98,90,1.2125,3329.48
15707.88,69.42,89,0.0,3329.48
15707.88,69.61,89,0.0,3329.48
15707.88,69.41,90,0.0,3329.48
15707.88,69.25,90,1.2125,3329.48
15707.88,72.25,90,0.0,3329.48
15707.88,71.96,90,0.0,3329.48
15707.88,71.59,89,1.2125,3329.48
15707.88,72.01,89,1.225,3329.48
15707.88,71.68,91,0.0,3329.48
15707.88,71.69,91,0.0,3329.48
15707.88,71.66,90,1.2125,3329.48
15707.88,71.19,90,0.0,3329.48
15707.88,71.57,88,0.0,3329.48
15707.88,71.23,90,1.225,3329.48
15707.88,70.94,90,0.0,3329.48
15707.88,70.94,88,0.0,3329.48
15707.88,71.03,88,1.2125,3329.48
15707.88,71.19,90,0.0,3329.48
15707.88,71.44,90,0.0,3329.48
15707.88,71.34,91,2.425,3329.48
15707.88,72.13,91,0.0,3329.48
15707.88,72.43,79,1.2125,3329.48
15707.88,72.57,79,0.0,3329.48
15707.88,71.69,96,0.0,3329.48
15707.88,72.42,96,0.0,3329.48
15707.88,72.88,91,0.0,3329.48
15707.88,73.14,91,1.2375,3329.48
15707.88,73.51,90,0.0,3329.48
15707.88,73.51,90,0.0,3329.48
15707.88,73.3,90,0.0,3329.48
15707.88,73.3,90,1.2375,3329.48
15707.88,73.36,90,0.0,3329.48
15707.88,73.57,89,0.0,3329.48
15707.88,73.57,90,1.25,3329.48
15707.88,73.68,90,0.0,3329.48
15707.88,72.94,91,0.0,3329.48
15707.88,72.7,91,1.2375,3329.48
15707.88,72.78,89,0.0,3329.48
15707.88,72.59,89,0.0,3329.48
15707.88,72.56,88,0.0,3329.48
15707.88,72.68,88,1.25,3329.48
15707.88,73.06,89,0.0,3329.48
15707.88,72.67,89,0.0,3329.48
15707.88,72.88,90,1.25,3329.48
15707.88,73.3,90,0.0,3329.48
15707.88,73.24,90,0.0,3329.48
15707.88,73.33,90,1.25,3329.48
15707.88,73.44,89,1.2375,3329.48
15707.88,73.16,89,1.25,3329.48
15707.88,74.54,75,1.2375,3329.48
15707.88,73.43,75,0.0,3329.48
15707.88,73.42,91,0.0,3329.48
15707.88,73.1,91,0.0,3329.48
15707.88,72.98,88,1.25,3329.48
15707.88,72.61,88,0.0,3329.48
15707.88,72.66,89,0.0,3329.61
15707.88,73.01,89,1.2375,3329.61
15707.88,72.62,89,0.0,3329.61
15707.88,72.34,89,0.0,3329.61
15707.88,72.14,88,1.2375,3329.61
15707.88,72.14,88,0.0,3329.61
15707.88,71.59,88,0.0,3329.61
15707.88,71.51,88,0.0,3329.61
15707.88,71.38,90,1.2375,3329.61
15707.88,71.05,90,0.0,3329.61
15707.88,71.07,89,0.0,3329.61
15707.88,71.14,89,0.0,3329.61
15707.88,71.28,89,0.0,3329.61
15707.88,71.75,89,1.225,3329.61
15707.88,71.69,91,1.2125,3329.61
15707.88,71.63,91,0.0,3329.61
15707.88,71.63,88,0.0,3329.61
15707.88,71.64,88,1.2125,3329.61
15707.88,71.88,89,0.0,3329.61
15707.88,71.8,89,1.2125,3329.61
15707.88,68.61,74,0.0,3329.61
15707.88,68.5,74,1.2125,3329.61
15707.88,67.39,99,0.0,3329.61
15707.88,67.29,99,0.0,3329.61
15707.88,67.29,90,1.2,3329.61
15707.88,67.69,90,0.0,3329.61
15707.88,68.12,90,0.0,3329.61
15707.88,68.37,90,1.225,3329.61
15707.88,68.7,90,0.0,3329.61
15707.88,68.26,88,0.0,3329.61
15707.88,68.42,88,0.0,3329.61
15707.88,71.57,90,0.0,3329.61
15707.88,71.61,90,1.2375,3329.61
15707.88,71.4,90,0.0,3329.61
15707.88,71.1,90,0.0,3329.61
15707.88,70.87,89,0.0,3329.61
15707.88,70.78,89,0.0,3329.61
15707.88,70.48,91,1.2375,3329.61
15707.88,70.33,91,0.0,3329.61
15707.88,70.65,91,0.0,3329.61
15707.88,70.39,91,0.0,3329.61
15707.88,69.76,90,1.25,3329.61
15707.88,70.26,90,1.25,3329.61
15707.88,70.22,90,0.0,3329.61
15707.88,70.34,90,0.0,3329.61
15707.88,70.2,90,0.0,3329.61
15707.88,70.33,88,2.4875,3329.61
15707.88,72.45,88,0.0,3329.61
15707.88,72.7,73,1.25,3329.61
15707.88,71.49,73,0.0,3329.61
15707.88,71.36,99,0.0,3329.61
15707.88,71.73,99,0.0,3329.61
15707.88,72.59,90,1.25,3329.61
15707.88,72.59,90,0.0,3329.61
15707.88,72.78,90,0.0,3329.61
15707.88,72.77,90,0.0,3329.61
15707.88,72.83,88,1.25,3329.61
15707.88,73.09,88,0.0,3329.61
15707.88,73.06,90,0.0,3329.61
15707.88,70.84,90,0.0,3329.61
15707.88,70.57,90,1.2375,3329.61
15707.88,71.66,90,0.0,3329.61
15707.88,71.68,90,0.0,3329.61
15707.88,71.68,86,1.2375,3329.61
15707.88,72.01,86,0.0,3329.61
15707.88,72.5,89,0.0,3329.61
15707.88,72.39,89,1.25,3329.61
15707.88,72.5,90,0.0,3329.61
15707.88,72.27,90,0.0,3329.61
15707.88,72.17,90,0.0,3329.61
15707.88,73.08,90,1.25,3329.61
15707.88,73.25,89,0.0,3329.61
15707.88,73.31,89,0.0,3329.61
15707.88,73.33,90,0.0,3329.61
15707.88,73.43,90,2.4875,3329.61
15707.88,75.37,78,0.0,3329.61
15707.88,73.68,78,0.0,3329.61
15707.88,73.59,78,1.2375,3329.61
15707.88,73.86,93,1.2375,3329.61
15707.88,74.32,89,0.0,3329.61
15707.88,74.77,89,0.0,3329.61
15707.88,74.18,89,1.225,3329.61
15707.88,74.18,91,0.0,3329.61
15707.88,74.02,91,0.0,3329.61
15707.88,74.1,91,0.0,3329.61
15707.88,73.75,90,1.225,3329.61
15707.88,73.75,90,0.0,3329.61
15707.88,71.22,91,0.0,3329.61
15707.88,72.46,91,0.0,3329.61
15707.88,72.34,90,1.225,3329.61
15707.88,72.14,90,0.0,3329.61
15707.88,71.88,88,0.0,3329.61
15707.88,72.1,88,0.0,3329.61
15707.88,72.18,89,1.225,3329.61
15707.88,72.34,89,0.0,3329.61
15707.88,72.0,89,0.0,3329.61
15707.88,71.86,89,1.2125,3329.61
15707.88,71.96,90,0.0,3329.61
15707.88,72.08,90,0.0,3329.61
15707.88,72.22,90,1.2125,3329.61
15707.88,72.63,90,1.2125,3329.61
15707.88,72.58,76,0.0,3329.61
15707.88,72.54,76,1.225,3329.61
15707.88,71.76,93,0.0,3329.61
15707.88,71.88,93,0.0,3329.61
15707.88,72.09,90,1.2125,3329.61
15707.88,72.78,90,0.0,3329.61
15707.88,72.7,89,0.0,3329.61
15707.88,72.86,89,1.2125,3329.61
15707.88,72.93,89,0.0,3329.61
15707.88,72.77,88,0.0,3329.61
15707.88,72.19,88,0.0,3329.61
15707.88,71.86,90,1.2125,3329.61
15707.88,72.19,90,0.0,3329.61
15707.88,71.9,88,1.2125,3329.61
15707.88,71.65,88,0.0,3329.61
15707.88,71.41,89,0.0,3329.61
15707.88,71.86,89,0.0,3329.61
15707.88,71.83,89,1.225,3329.61
15707.88,71.78,89,0.0,3329.61
15707.88,71.79,90,0.0,3329.61
15707.88,71.83,90,0.0,3329.61
15707.88,71.78,91,1.225,3329.61
15707.88,71.78,91,0.0,3329.61
15707.88,71.83,90,1.225,3329.61
15707.88,71.75,90,1.1125,3329.61
15707.88,71.9,88,1.2125,3329.61
15707.88,72.37,88,1.2375,3329.61
15707.88,70.89,77,0.0,3329.61
15707.88,70.89,90,0.0,3329.61
15707.88,71.08,90,0.0,3329.61
15707.88,71.27,87,1.2375,3329.61
15707.88,71.7,87,0.0,3329.61
15707.88,72.11,87,0.0,3329.61
15707.88,72.22,89,0.0,3329.61
15707.88,72.25,90,1.2125,3329.61
15707.88,71.92,90,0.0,3329.61
15707.88,70.98,90,0.0,3329.61
15707.88,70.98,90,1.2125,3329.61
15707.88,71.95,90,0.0,3329.61
15707.88,71.95,89,0.0,3329.61
15707.88,71.87,89,1.225,3329.61
15707.88,72.01,90,0.0,3329.61
15707.88,72.24,90,1.2,3329.61
15707.88,72.19,90,0.0,3329.61
15707.88,72.03,90,0.0,3329.61
15707.88,71.88,91,1.225,3329.61
15707.88,71.89,91,0.0,3329.61
15707.88,71.9,91,0.0,3329.61
15707.88,71.75,90,0.0,3329.61
15707.88,71.83,90,0.0,3329.61
15707.88,72.03,90,2.425,3329.61
15707.88,71.95,90,0.0,3329.61
15707.88,74.31,78,0.0,3329.61
15707.88,72.58,78,1.225,3329.61
15707.88,72.28,91,0.0,3329.61
15707.88,72.77,91,0.0,3329.61
15707.88,73.05,90,1.2125,3329.61
15707.88,73.14,90,0.0,3329.61
15707.88,73.72,90,0.0,3329.61
15707.88,73.89,90,1.2125,3329.61
15707.88,73.59,90,0.0,3329.61
15707.88,73.45,90,0.0,3329.61
15707.88,70.84,91,1.2125,3329.61
15707.88,72.06,91,0.0,3329.61
15707.88,72.06,90,1.2125,3329.61
15707.88,72.21,90,0.0,3329.61
15707.88,72.59,88,1.2125,3329.61
15707.88,72.54,88,0.0,3329.61
15707.88,72.71,90,0.0,3329.61
15707.88,72.55,90,1.2125,3329.61
15707.88,72.5,90,0.0,3329.61
15707.88,72.65,90,0.0,3329.61
15707.88,72.42,87,0.0,3329.61
15707.88,72.6,87,1.2125,3329.61
15707.88,72.68,88,0.0,3329.61
15707.88,72.67,88,0.0,3329.61
15707.88,72.25,88,2.4375,3329.61
15707.88,68.31,73,0.0,3329.61
15707.88,68.31,73,0.0,3329.61
15707.88,66.82,97,1.2125,3329.61
15707.88,66.74,97,0.0,3329.61
15707.88,66.94,90,0.0,3329.61
15707.88,67.4,90,1.2125,3329.61
15707.88,67.56,90,0.0,3329.61
15707.88,67.24,90,0.0,3329.61
15707.88,67.15,88,1.2125,3329.61
15707.88,67.0,88,0.0,3329.61
15707.88,70.42,90,0.0,3329.61
15707.88,70.36,90,1.2125,3329.61
15707.88,70.4,90,0.0,3329.61
15707.88,71.96,90,1.2125,3329.61
15707.88,72.67,90,1.2125,3329.61
15707.88,73.09,90,0.0,3329.61
15707.88,73.44,90,0.0,3329.61
15707.88,73.6,90,1.2125,3329.61
15707.88,74.18,91,0.0,3329.61
15707.88,74.59,91,0.0,3329.61
15707.88,75.06,91,0.0,3329.61
15707.88,75.08,91,1.2125,3329.61
15707.88,75.08,91,0.0,3329.61
15707.88,75.69,90,0.0,3329.61
15707.88,75.51,90,1.2125,3329.61
15707.88,74.8,90,0.0,3329.61
15707.88,74.8,89,0.0,3329.61
15707.88,74.26,89,2.425,3329.61
15707.88,75.72,75,0.0,3329.61
15707.88,74.09,75,0.0,3329.61
15707.88,73.61,93,1.175,3329.61
15707.88,73.64,93,0.0,3329.61
15707.88,73.9,90,1.2125,3329.61
15707.88,73.9,90,0.0,3329.61
15707.88,73.73,90,0.0,3329.61
15707.88,73.52,90,1.2125,3329.61
15707.88,73.14,90,0.0,3329.61
15707.88,73.08,90,0.0,3329.61
15707.88,73.08,90,0.0,3329.61
15707.88,71.03,90,1.2125,3329.61
15707.88,72.33,90,0.0,3329.61
15707.88,72.3,90,0.0,3329.61
15707.88,72.27,90,1.2125,3329.61
15707.88,72.23,91,0.0,3329.61
15707.88,72.1,91,0.0,3329.61
15707.88,72.09,90,1.2125,3329.61
15707.88,71.83,90,0.0,3329.61
15707.88,71.62,90,0.0,3329.61
15707.88,71.47,90,2.4,3329.61
15707.88,71.97,89,0.0,3329.61
15707.88,72.2,89,0.0,3329.61
15707.88,72.42,90,0.0,3329.61
15707.88,72.38,90,2.45,3329.61
15707.88,73.34,75,0.0,3329.61
15707.88,73.32,75,0.0,3329.61
15707.88,73.38,100,0.0,3329.61
15707.88,72.38,100,1.225,3329.61
15707.88,72.56,92,0.0,3329.61
15707.88,72.86,92,0.0,3329.61
15707.88,73.09,89,0.0,3329.61
15707.88,72.86,89,1.2125,3329.61
15707.88,72.87,90,0.0,3329.61
15707.88,72.66,90,0.0,3329.61
15707.88,72.58,91,0.0,3329.61
15707.88,71.69,91,1.2125,3329.61
15707.88,71.33,90,0.0,3329.61
15707.88,70.88,91,0.0,3329.61
15707.88,71.55,91,1.2125,3329.61
15707.88,71.41,91,0.0,3329.61
15707.88,71.52,91,0.0,3329.61
15707.88,71.29,88,0.0,3329.61
15707.88,71.17,88,1.1875,3329.61
15707.88,71.31,89,0.0,3329.61
15707.88,71.28,89,1.2125,3329.61
15707.88,70.93,88,0.0,3329.61
15707.88,71.04,88,0.0,3329.61
15707.88,71.88,88,1.2125,3329.61
15707.88,71.96,88,0.0,3329.61
15707.88,72.05,89,0.0,3329.61
15707.88,71.83,89,1.2125,3329.61
15707.88,71.91,90,1.2125,3329.61
15707.88,73.64,90,1.2125,3329.61
15707.88,72.23,80,1.2125,3329.61
15707.88,72.13,80,0.0,3329.61
15707.88,72.39,90,0.0,3329.61
15707.88,72.73,90,1.2125,3329.61
15707.88,73.08,91,0.0,3329.61
15707.88,72.59,91,0.0,3329.61
15707.88,72.99,90,0.0,3329.61
15707.88,73.07,90,1.2125,3329.61
15707.88,72.95,89,0.0,3329.61
15707.88,72.57,89,0.0,3329.61
15707.88,71.84,89,1.2125,3329.61
15707.88,71.84,89,0.0,3329.61
15707.88,71.89,88,0.0,3329.61
15707.88,71.7,88,0.0,3329.61
15707.88,71.69,88,1.2125,3329.61
15707.88,71.55,88,0.0,3329.61
15707.88,71.59,88,0.0,3329.61
15707.88,71.31,88,0.0,3329.61
15707.88,71.11,90,1.225,3329.61
15707.88,71.12,90,0.0,3329.61
15707.88,71.27,90,0.0,3329.61
15707.88,71.59,90,0.0,3329.61
15707.88,71.93,90,1.225,3329.61
15707.88,72.06,91,0.0,3329.61
15707.88,72.16,91,2.4375,3329.61
15707.88,68.7,80,0.0,3329.61
15707.88,68.82,80,0.0,3329.61
15707.88,68.22,88,1.225,3329.61
15707.88,68.34,88,1.2125,3329.61
15707.88,68.5,90,0.0,3329.61
15707.88,68.89,90,0.0,3329.61
15707.88,69.39,90,1.2125,3329.61
15707.88,69.4,90,0.0,3329.61
15707.88,68.98,90,0.0,3329.61
15707.88,68.85,90,0.0,3329.61
15707.88,71.9,90,1.225,3329.61
15707.88,71.54,90,0.0,3329.61
15707.88,71.73,91,0.0,3329.61
15707.88,71.75,91,0.0,3329.61
15707.88,71.83,90,0.0,3329.61
15707.88,71.75,90,1.225,3329.61
15707.88,71.92,91,0.0,3329.61
15707.88,71.22,91,0.0,3329.61
15707.88,71.15,91,0.0,3329.61
15707.88,71.49,89,1.225,3329.61
15707.88,71.03,89,0.0,3329.61
15707.88,71.08,89,0.0,3329.61
15707.88,71.23,90,0.0,3329.61
15707.88,71.55,90,1.2125,3329.61
15707.88,71.58,90,1.2125,3329.61
15707.88,69.85,90,1.2125,3329.61
15707.88,68.51,81,0.0,3329.61
15707.88,68.61,81,0.0,3329.61
15707.88,68.82,90,0.0,3329.61
15707.88,68.94,90,1.2125,3329.61
15707.88,69.62,90,0.0,3329.61
15707.88,69.77,90,0.0,3329.61
15707.88,69.77,90,1.2125,3329.61
15707.88,69.92,90,0.0,3329.61
15707.88,70.4,88,0.0,3329.61
15707.88,71.82,90,1.225,3329.61
15707.88,71.4,90,0.0,3329.61
15707.88,72.44,90,0.0,3329.61
15707.88,72.44,91,0.0,3329.61
15707.88,72.62,91,2.4375,3329.61
15707.88,72.46,90,0.0,3329.61
15707.88,72.47,90,0.0,3329.61
15707.88,72.4,90,0.0,3329.61
15707.88,72.44,90,0.0,3329.61
15707.88,72.61,89,1.2375,3329.61
15707.88,72.45,91,0.0,3329.61
15707.88,71.75,91,0.0,3329.61
15707.88,71.83,91,0.0,3329.61
15707.88,71.83,91,1.2,3329.61
15707.88,72.03,90,0.0,3329.61
15707.88,72.18,90,2.4375,3329.61
15707.88,74.24,76,0.0,3329.61
15707.88,72.77,76,0.0,3329.61
15707.88,72.25,93,1.225,3329.61
15707.88,72.27,93,0.0,3329.61
15707.88,72.49,90,0.0,3329.61
15707.88,72.72,90,0.0,3329.61
15707.88,73.0,90,1.2125,3329.61
15707.88,73.28,90,0.0,3329.61
15707.88,73.41,91,0.0,3329.61
15707.88,73.29,91,1.2125,3329.61
15707.88,73.32,89,0.0,3329.61
15707.88,70.74,89,0.0,3329.61
15707.88,71.8,90,0.0,3329.61
15707.88,72.53,90,1.2125,3329.61
15707.88,72.39,90,0.0,3329.61
15707.88,72.18,90,1.2125,3329.61
15707.88,72.11,90,1.225,3329.61
15707.88,72.27,90,0.0,3329.61
15707.88,72.09,89,0.0,3329.61
15707.88,72.03,89,1.2125,3329.61
15707.88,72.22,90,0.0,3329.61
15707.88,72.11,90,0.0,3329.61
15707.88,72.11,91,0.0,3329.61
15707.88,72.23,91,1.225,3329.61
15707.88,72.05,89,0.0,3329.61
15707.88,72.1,89,2.375,3329.61
15707.88,68.84,74,0.0,3329.61
15707.88,69.01,94,0.0,3329.61
15707.88,68.27,94,0.0,3329.61
15707.88,68.51,94,1.225,3329.61
15707.88,68.67,91,0.0,3329.61
15707.88,69.31,90,0.0,3329.61
15707.88,69.67,90,0.0,3329.61
15707.88,69.92,90,1.225,3329.61
15707.88,69.77,90,0.0,3329.61
15707.88,69.53,91,0.0,3329.61
15707.88,72.56,91,0.0,3329.61
15707.88,72.02,90,1.225,3329.61
15707.88,72.33,90,0.0,3329.61
15707.88,72.1,88,0.0,3329.61
15707.88,72.49,88,1.225,3329.61
15707.88,72.44,90,0.0,3329.61
15707.88,72.04,90,1.225,3329.61
15707.88,71.93,90,0.0,3329.61
15707.88,71.74,90,0.0,3329.61
15707.88,71.83,91,0.0,3329.61
15707.88,71.66,91,1.2125,3329.61
15707.88,71.71,91,0.0,3329.61
15707.88,72.01,91,0.0,3329.61
15707.88,71.95,91,0.0,3329.61
15707.88,72.11,91,2.425,3329.61
15707.88,69.01,83,0.0,3329.61
15707.88,69.0,83,0.0,3329.61
15707.88,68.33,90,1.2125,3329.61
15707.88,68.34,90,0.0,3329.61
15707.88,68.6,90,0.0,3329.61
15707.88,68.82,90,1.225,3329.61
15707.88,69.14,91,0.0,3329.61
15707.88,69.23,91,0.0,3329.61
15707.88,69.17,87,0.0,3329.61
15707.88,69.33,90,0.0,3329.61
15707.88,69.4,90,1.25,3329.61
15707.88,71.73,90,0.0,3329.61
15707.88,71.44,90,0.0,3329.61
15707.88,71.9,90,0.0,3329.61
15707.88,71.65,90,1.25,3329.61
15707.88,71.65,90,0.0,3329.61
15707.88,71.51,90,0.0,3329.61
15707.88,71.58,90,1.25,3329.61
15707.88,71.83,90,1.25,3329.61
15707.88,71.94,91,0.0,3329.61
15707.88,71.53,91,0.0,3329.61
15707.88,71.58,91,1.25,3329.61
15707.88,71.65,91,0.0,3329.61
15707.88,71.79,91,0.0,3329.61
15707.88,71.91,91,1.25,3329.61
15707.88,72.81,88,1.25,3329.61
15707.88,73.57,88,1.25,3329.61
15707.88,72.34,77,0.0,3329.61
15707.88,72.36,77,0.0,3329.61
15707.88,72.37,77,0.0,3329.61
15707.88,72.45,91,1.25,3329.61
15707.88,72.86,91,0.0,3329.61
15707.88,72.86,88,0.0,3329.61
15707.88,73.38,88,0.0,3329.61
15707.88,73.38,90,1.2375,3329.61
15707.88,73.33,90,0.0,3329.61
15707.88,73.11,90,0.0,3329.61
15707.88,72.11,90,1.25,3329.61
15707.88,71.06,91,0.0,3329.61
15707.88,72.0,91,0.0,3329.61
15707.88,72.36,90,0.0,3329.61
15707.88,71.7,88,1.2375,3329.61
15707.88,71.79,88,0.0,3329.61
15707.88,71.65,90,0.0,3329.61
15707.88,71.69,90,0.0,3329.61
15707.88,71.54,90,1.25,3329.61
15707.88,71.47,90,0.0,3329.61
15707.88,71.39,90,0.0,3329.61
15707.88,71.6,90,1.2375,3329.61
15707.88,71.64,91,0.0,3329.61
15707.88,71.8,91,0.0,3329.61
15707.88,71.45,87,2.4875,3329.61
15707.88,73.78,87,0.0,3329.61
15707.88,72.6,78,0.0,3329.61
15707.88,72.67,78,1.2375,3329.61
15707.88,72.83,90,0.0,3329.61
15707.88,73.15,90,0.0,3329.61
15707.88,73.46,89,1.2125,3329.61
15707.88,73.6,89,1.2125,3329.61
15707.88,73.79,90,0.0,3329.61
15707.88,73.85,90,1.2125,3329.61
15707.88,73.96,90,0.0,3329.61
15707.88,73.46,90,0.0,3329.61
15707.88,71.25,89,0.0,3329.61
15707.88,72.17,89,1.2125,3329.61
15707.88,71.86,91,0.0,3329.61
15707.88,71.68,91,0.0,3329.61
15707.88,71.63,88,0.0,3329.61
15707.88,71.45,88,1.2125,3329.61
15707.88,71.58,89,0.0,3329.61
15707.88,71.56,89,0.0,3329.61
15707.88,71.5,89,0.0,3329.61
15707.88,71.17,89,1.225,3329.61
15707.88,71.56,91,0.0,3329.61
15707.88,71.55,91,0.0,3329.61
15707.88,71.67,91,0.0,3329.61
15707.88,71.83,91,1.225,3329.61
15707.88,72.56,88,1.225,3329.61
15707.88,70.07,88,0.0,3329.61
15707.88,70.11,78,0.0,3329.61
15707.88,69.84,78,1.225,3329.61
15707.88,69.23,94,0.0,3329.61
15707.88,69.49,94,0.0,3329.61
15707.88,69.72,91,0.0,3329.61
15707.88,69.97,90,2.375,3329.61
15707.88,70.21,90,0.0,3329.61
15707.88,70.2,87,0.0,3329.61
15707.88,69.95,87,1.2125,3329.61
15707.88,69.46,88,0.0,3329.61
15707.88,72.01,88,0.0,3329.61
15707.88,71.86,90,0.0,3329.61
15707.88,72.44,90,1.2125,3329.61
15707.88,73.16,89,0.0,3329.61
15707.88,73.16,89,0.0,3329.61
15707.88,73.44,90,1.2125,3329.61
15707.88,73.17,90,0.0,3329.61
15707.88,73.73,89,0.0,3329.61
15707.88,74.24,89,0.0,3329.61
15707.88,74.31,90,1.2125,3329.61
15707.88,74.11,90,0.0,3329.61
15707.88,74.38,89,0.0,3329.61
15707.88,74.26,89,0.0,3329.61
15707.88,74.06,91,1.2125,3329.61
15707.88,73.18,91,1.2125,3329.61
15707.88,72.89,89,1.2125,3329.61
15707.88,69.48,89,1.2125,3329.61
15707.88,69.55,80,0.0,3329.61
15707.88,68.59,80,0.0,3329.61
15707.88,68.5,90,0.0,3329.61
15707.88,68.39,90,1.2125,3329.61
15707.88,68.53,90,0.0,3329.61
15707.88,68.95,90,0.0,3329.61
15707.88,69.46,89,1.2125,3329.61
15707.88,69.75,89,0.0,3329.61
15707.88,69.57,90,0.0,3329.61
15707.88,69.46,90,0.0,3329.61
15707.88,72.56,91,1.2125,3329.61
15707.88,72.21,91,0.0,3329.61
15707.88,72.41,87,0.0,3329.61
15707.88,72.33,87,0.0,3329.61
15707.88,72.14,90,1.225,3329.61
15707.88,72.34,90,0.0,3329.61
15707.88,71.95,90,0.0,3329.61
15707.88,71.84,91,0.0,3329.61
15707.88,71.67,91,2.45,3329.61
15707.88,71.74,90,0.0,3329.61
15707.88,71.76,90,0.0,3329.61
15707.88,72.62,89,0.0,3329.61
15707.88,72.89,89,1.2125,3329.61
15707.88,72.26,88,0.0,3329.61
15707.88,72.26,88,1.2125,3329.61
15707.88,71.6,76,1.2125,3329.61
15707.88,71.57,76,0.0,3329.61
15707.88,70.15,99,0.0,3329.61
15707.88,69.86,99,0.0,3329.61
15707.88,70.06,90,0.0,3329.61
15707.88,70.42,90,1.2375,3329.61
15707.88,70.5,90,0.0,3329.61
15707.88,69.59,90,0.0,3329.61
15707.88,69.74,88,1.2375,3329.61
15707.88,70.42,88,0.0,3329.61
15707.88,72.35,89,0.0,3329.61
15707.88,72.19,89,1.2375,3329.61
15707.88,71.81,90,0.0,3329.61
15707.88,72.83,90,0.0,3329.61
15707.88,72.99,91,0.0,3329.61
15707.88,72.98,91,1.25,3329.61
15707.88,72.65,89,0.0,3329.61
15707.88,72.56,89,0.0,3329.61
15707.88,72.98,89,1.25,3329.61
15707.88,72.82,89,1.25,3329.61
15707.88,72.68,89,0.0,3329.61
15707.88,71.81,90,0.0,3329.61
15707.88,71.81,90,1.25,3329.61
15707.88,70.98,90,0.0,3329.61
15707.88,71.89,89,0.0,3329.61
15707.88,72.61,89,0.0,3329.61
15707.88,72.42,90,1.2375,3329.61
15707.88,72.49,90,1.25,3329.61
15707.88,72.49,74,1.2375,3329.61
15707.88,69.15,74,0.0,3329.61
15707.88,68.71,98,0.0,3329.61
15707.88,68.99,98,0.0,3329.61
15707.88,68.99,91,1.25,3329.61
15707.88,69.39,91,0.0,3329.61
15707.88,69.87,91,0.0,3329.61
15707.88,69.5,91,0.0,3329.61
15707.88,69.08,89,1.25,3329.61
15707.88,69.03,89,0.0,3329.61
15707.88,69.1,89,0.0,3329.61
15707.88,72.32,89,0.0,3329.61
15707.88,71.68,89,1.2375,3329.61
15707.88,72.25,89,0.0,3329.61
15707.88,71.86,90,0.0,3329.61
15707.88,71.77,90,0.0,3329.61
15707.88,71.64,90,1.25,3329.61
15707.88,71.51,90,0.0,3329.61
15707.88,71.26,90,0.0,3329.61
15707.88,70.85,90,0.0,3329.61
15707.88,71.02,89,1.25,3329.61
15707.88,70.82,89,0.0,3329.61
15707.88,70.7,90,0.0,3329.61
15707.88,70.95,90,1.2375,3329.61
15707.88,71.1,90,0.0,3329.61
15707.88,71.2,90,1.2125,3329.61
15707.88,71.2,90,0.0,3329.61
15707.88,71.18,90,2.425,3329.61
15707.88,73.5,76,1.2125,3329.61
15707.88,71.99,76,0.0,3329.61
15707.88,72.43,91,0.0,3329.61
15707.88,72.68,90,0.0,3329.61
15707.88,73.16,90,1.2125,3329.61
15707.88,73.47,90,0.0,3329.61
15707.88,73.75,90,0.0,3329.61
15707.88,73.91,89,1.2125,3329.61
15707.88,73.91,89,0.0,3329.61
15707.88,73.7,89,0.0,3329.61
15707.88,73.58,89,1.2125,3329.61
15707.88,71.18,89,0.0,3329.61
15707.88,72.25,89,0.0,3329.61
15707.88,72.09,90,1.2125,3329.61
15707.88,72.03,90,0.0,3329.61
15707.88,72.13,90,0.0,3329.61
15707.88,72.02,90,1.225,3329.61
15707.88,72.14,89,0.0,3329.61
15707.88,71.97,89,0.0,3329.61
15707.88,71.94,90,1.2125,3329.61
15707.88,71.93,90,0.0,3329.61
15707.88,71.78,90,0.0,3329.61
15707.88,72.01,90,1.2125,3329.61
15707.88,72.05,91,0.0,3329.61
15707.88,72.01,91,1.2125,3329.61
15707.88,71.38,76,1.2125,3329.61
15707.88,71.02,76,0.0,3329.61
15707.88,69.74,98,0.0,3329.61
15707.88,69.32,98,1.225,3329.61
15707.88,69.54,90,0.0,3329.61
15707.88,69.84,90,1.2125,3329.61
15707.88,70.13,88,0.0,3329.61
15707.88,70.39,88,0.0,3329.61
15707.88,70.76,90,0.0,3329.61
15707.88,71.32,90,1.2125,3329.61
15707.88,71.63,89,0.0,3329.61
15707.88,71.94,89,0.0,3329.61
15707.88,72.89,91,0.0,3329.61
15707.88,72.89,91,1.225,3329.61
15707.88,73.05,91,0.0,3329.61
15707.88,73.14,90,0.0,3329.61
15707.88,72.96,90,1.225,3329.61
15707.88,72.57,90,0.0,3329.61
15707.88,72.22,90,0.0,3329.61
15707.88,71.75,88,1.2125,3329.61
15707.88,71.11,88,1.2125,3329.61
15707.88,71.17,88,0.0,3329.61
15707.88,71.23,88,0.0,3329.61
15707.88,71.5,88,0.0,3329.61
15707.88,71.57,88,1.2125,3329.61
15707.88,71.74,89,0.0,3329.61
15707.88,69.13,89,2.4375,3329.61
15707.88,69.59,77,0.0,3329.61
15707.88,70.0,77,0.0,3329.61
15707.88,69.61,94,1.225,3329.61
15707.88,69.53,94,0.0,3329.61
15707.88,69.92,90,0.0,3329.61
15707.88,69.98,90,0.0,3329.61
15707.88,70.31,90,1.225,3329.61
15707.88,70.37,90,0.0,3329.61
15707.88,70.03,90,0.0,3329.61
15707.88,69.65,90,1.225,3329.61
15707.88,72.04,90,0.0,3329.61
15707.88,71.38,90,0.0,3329.61
15707.88,71.03,90,0.0,3329.61
15707.88,71.37,90,1.2125,3329.61
15707.88,71.47,90,0.0,3329.61
15707.88,71.49,88,0.0,3329.61
15707.88,71.78,88,1.2125,3329.61
15707.88,71.52,90,0.0,3329.61
15707.88,71.42,90,0.0,3329.61
15707.88,71.15,90,1.225,3329.61
15707.88,70.99,89,0.0,3329.61
15707.88,71.01,89,0.0,3329.61
15707.88,71.12,90,0.0,3329.61
15707.88,71.29,90,1.225,3329.61
15707.88,71.11,89,0.0,3329.61
15707.88,70.98,89,0.0,3329.61
15707.88,67.79,90,3.6625,3329.61
15707.88,67.94,90,0.0,3329.61
15707.88,67.06,77,0.0,3329.61
15707.88,67.53,89,1.2125,3329.61
15707.88,68.14,89,0.0,3329.61
15707.88,68.41,89,0.0,3329.61
15707.88,68.66,89,0.0,3329.61
15707.88,68.79,89,0.0,3329.61
15707.88,69.05,89,1.2125,3329.61
15707.88,68.78,89,0.0,3329.61
15707.88,68.85,90,0.0,3329.61
15707.88,71.63,90,1.225,3329.61
15707.88,71.3,91,0.0,3329.61
15707.88,72.12,91,0.0,3329.61
15707.88,71.86,90,0.0,3329.61
15707.88,71.94,90,0.0,3329.61
15707.88,71.98,90,1.2125,3329.61
15707.88,72.03,90,0.0,3329.61
15707.88,72.1,90,0.0,3329.61
15707.88,71.78,90,1.2125,3329.61
15707.88,71.93,90,0.0,3329.61
15707.88,71.67,90,0.0,3329.61
15707.88,71.83,90,1.2125,3329.61
15707.88,71.64,88,1.2125,3329.61
15707.88,71.57,89,0.0,3329.61
15707.88,71.63,89,0.0,3329.61
15707.88,72.97,89,2.425,3329.61
15707.88,71.5,77,1.2125,3329.61
15707.88,71.43,77,0.0,3329.61
15707.88,71.49,93,0.0,3329.61
15707.88,72.03,93,1.2125,3329.61
15707.88,72.47,89,0.0,3329.61
15707.88,72.58,90,0.0,3329.61
15707.88,72.58,90,0.0,3329.61
15707.88,72.98,90,1.2375,3329.61
15707.88,72.95,90,0.0,3329.61
15707.88,72.61,90,0.0,3329.61
15707.88,71.13,90,0.0,3329.61
15707.88,72.85,90,1.2375,3329.61
15707.88,72.91,89,0.0,3329.61
15707.88,72.91,89,0.0,3329.61
15707.88,72.88,90,1.2375,3329.61
15707.88,72.58,90,0.0,3329.61
15707.88,72.4,90,0.0,3329.61
15707.88,72.27,90,1.2375,3329.61
15707.88,72.03,90,0.0,3329.61
15707.88,72.45,90,0.0,3329.61
15707.88,72.37,89,1.2375,3329.61
15707.88,72.31,89,0.0,3329.61
15707.88,72.34,89,0.0,3329.61
15707.88,72.09,89,1.2375,3329.61
15707.88,72.12,90,0.0,3329.61
15707.88,72.18,76,1.2375,3329.61
15707.88,74.07,76,1.2375,3329.61
15707.88,72.81,93,0.0,3329.61
15707.88,72.62,93,0.0,3329.61
15707.88,72.93,90,1.25,3329.61
15707.88,72.79,90,0.0,3329.61
15707.88,73.29,88,1.2375,3329.61
15707.88,74.14,88,0.0,3329.61
15707.88,74.34,90,0.0,3329.61
15707.88,74.34,90,1.2375,3329.61
15707.88,74.07,89,0.0,3329.61
15707.88,71.78,89,0.0,3329.61
15707.88,72.79,89,1.25,3329.61
15707.88,72.93,89,0.0,3329.61
15707.88,72.81,89,0.0,3329.61
15707.88,72.44,89,0.0,3329.61
15707.88,72.58,89,1.25,3329.61
15707.88,72.25,89,0.0,3329.61
15707.88,72.3,89,0.0,3329.61
15707.88,72.25,89,0.0,3329.61
15707.88,72.03,89,1.2375,3329.61
15707.88,71.94,90,0.0,3329.61
15707.88,72.05,90,0.0,3329.61
15707.88,72.03,90,1.25,3329.61
15707.88,72.21,90,0.0,3329.61
15707.88,72.24,89,0.0,3329.61
15707.88,69.54,89,2.425,3329.61
15707.88,69.08,78,0.0,3329.61
15707.88,68.19,92,1.2125,3329.61
15707.88,68.11,92,1.2125,3329.61
15707.88,68.32,89,0.0,3329.61
15707.88,68.55,89,0.0,3329.61
15707.88,68.93,91,1.2125,3329.61
15707.88,69.25,91,0.0,3329.61
15707.88,69.45,91,0.0,3329.61
15707.88,69.07,89,1.2125,3329.61
15707.88,69.21,89,0.0,3329.61
15707.88,71.85,89,0.0,3329.61
15707.88,71.57,90,0.0,3329.61
15707.88,72.22,90,0.0,3329.61
15707.88,72.05,90,1.225,3329.61
15707.88,72.08,90,0.0,3329.61
15707.88,71.89,90,0.0,3329.61
15707.88,71.81,90,0.0,3329.61
15707.88,71.6,90,1.225,3329.61
15707.88,71.48,89,0.0,3329.61
15707.88,72.01,89,0.0,3329.61
15707.88,71.78,89,0.0,3329.61
15707.88,71.88,90,1.225,3329.61
15707.88,72.05,90,0.0,3329.61
15707.88,72.03,91,0.0,3329.61
15707.88,71.87,91,2.45,3329.61
15707.88,72.36,90,0.0,3329.61
15707.88,70.91,81,0.0,3329.61
15707.88,71.01,81,0.0,3329.61
15707.88,71.33,91,1.225,3329.61
15707.88,71.25,91,0.0,3329.61
15707.88,71.48,91,0.0,3329.61
15707.88,71.48,91,0.0,3329.61
15707.88,71.8,91,0.0,3329.61
15707.88,71.78,92,0.0,3329.61
15707.88,71.8,92,2.4625,3329.61
15707.88,71.64,92,0.0,3329.61
15707.88,71.64,92,0.0,3329.61
15707.88,72.19,92,0.0,3329.73
15707.88,72.19,92,0.0,3329.73
15707.88,72.17,91,1.225,3329.73
15707.88,71.98,91,0.0,3329.73
15707.88,71.89,90,0.0,3329.73
15707.88,71.96,90,1.2125,3329.73
15707.88,71.73,91,0.0,3329.73
15707.88,71.73,91,0.0,3329.73
15707.88,71.7,89,0.0,3329.73
15707.88,71.72,89,0.0,3329.73
15707.88,71.53,91,1.225,3329.73
15707.88,71.74,91,0.0,3329.73
15707.88,71.74,90,0.0,3329.73
15707.88,71.72,90,2.425,3329.73
15707.88,72.52,90,0.0,3329.73
15707.88,72.52,79,1.225,3329.73
15707.88,70.87,79,0.0,3329.73
15707.88,70.87,89,0.0,3329.73
15707.88,71.4,89,0.0,3329.73
15707.88,71.57,89,1.225,3329.73
15707.88,71.81,89,0.0,3329.73
15707.88,72.45,90,0.0,3329.73
15707.88,72.38,90,0.0,3329.73
15707.88,72.31,91,2.3625,3329.73
15707.88,72.09,91,0.0,3329.73
15707.88,71.08,90,0.0,3329.73
15707.88,72.31,90,0.0,3329.73
15707.88,72.15,91,1.25,3329.73
15707.88,71.93,91,0.0,3329.73
15707.88,71.71,87,0.0,3329.73
15707.88,71.68,87,1.25,3329.73
15707.88,71.6,89,0.0,3329.73
15707.88,71.63,89,0.0,3329.73
15707.88,71.8,90,1.25,3329.73
15707.88,71.75,90,0.0,3329.73
15707.88,71.69,91,0.0,3329.73
15707.88,71.73,91,0.0,3329.73
15707.88,71.86,90,1.2375,3329.73
15707.88,72.02,90,0.0,3329.73
15707.88,72.05,90,2.4875,3329.73
15707.88,68.78,75,0.0,3329.73
15707.88,68.83,75,0.0,3329.73
15707.88,68.18,90,0.0,3329.73
15707.88,68.03,90,0.0,3329.73
15707.88,68.1,91,1.2375,3329.73
15707.88,68.38,91,0.0,3329.73
15707.88,69.1,89,0.0,3329.73
15707.88,69.1,89,0.0,3329.73
15707.88,69.06,89,1.2375,3329.73
15707.88,68.71,90,0.0,3329.73
15707.88,68.71,90,1.2375,3329.73
15707.88,71.5,89,0.0,3329.73
15707.88,71.83,89,0.0,3329.73
15707.88,71.51,90,1.2375,3329.73
15707.88,71.78,89,0.0,3329.73
15707.88,71.71,89,0.0,3329.73
15707.88,71.68,89,1.25,3329.73
15707.88,71.68,90,0.0,3329.73
15707.88,71.13,90,0.0,3329.73
15707.88,71.13,88,1.2375,3329.73
15707.88,71.25,88,0.0,3329.73
15707.88,71.44,89,0.0,3329.73
15707.88,71.36,89,0.0,3329.73
15707.88,71.53,89,1.2375,3329.73
15707.88,71.58,89,0.0,3329.73
15707.88,71.72,90,2.4875,3329.73
15707.88,71.59,90,0.0,3329.73
15707.88,72.31,79,0.0,3329.73
15707.88,71.1,79,1.2375,3329.73
15707.88,71.05,92,1.2375,3329.73
15707.88,71.94,92,0.0,3329.73
15707.88,72.38,89,0.0,3329.73
15707.88,72.58,89,1.2125,3329.73
15707.88,72.84,90,0.0,3329.73
15707.88,72.94,90,0.0,3329.73
15707.88,73.0,90,1.2125,3329.73
15707.88,73.06,90,0.0,3329.73
15707.88,72.37,89,0.0,3329.73
15707.88,71.18,89,1.2125,3329.73
15707.88,72.3,89,0.0,3329.73
15707.88,72.67,89,0.0,3329.73
15707.88,72.33,89,1.2125,3329.73
15707.88,72.12,89,0.0,3329.73
15707.88,72.23,89,0.0,3329.73
15707.88,72.07,89,1.2125,3329.73
15707.88,72.11,89,0.0,3329.73
15707.88,71.94,89,0.0,3329.73
15707.88,71.97,89,1.2125,3329.73
15707.88,71.99,90,0.0,3329.73
15707.88,71.99,90,0.0,3329.73
15707.88,71.77,89,0.0,3329.73
15707.88,71.71,89,2.4375,3329.73
15707.88,73.75,76,0.0,3329.73
15707.88,72.42,76,1.2125,3329.73
15707.88,72.67,93,1.2125,3329.73
15707.88,72.73,93,0.0,3329.73
15707.88,73.01,90,1.2125,3329.73
15707.88,73.34,90,0.0,3329.73
15707.88,73.68,90,0.0,3329.73
15707.88,74.02,90,1.2125,3329.73
15707.88,73.99,90,0.0,3329.73
15707.88,74.08,90,0.0,3329.73
15707.88,73.81,90,0.0,3329.73
15707.88,71.38,90,1.2125,3329.73
15707.88,72.34,90,0.0,3329.73
15707.88,72.16,90,0.0,3329.73
15707.88,72.2,90,1.2125,3329.73
15707.88,72.05,88,0.0,3329.73
15707.88,71.96,88,0.0,3329.73
15707.88,71.97,89,0.0,3329.73
15707.88,72.24,89,1.2125,3329.73
15707.88,72.5,88,0.0,3329.73
15707.88,72.57,88,0.0,3329.73
15707.88,72.61,91,1.2125,3329.73
15707.88,72.86,91,0.0,3329.73
15707.88,73.0,89,0.0,3329.73
15707.88,72.94,89,2.4125,3329.73
15707.88,69.59,73,1.1875,3329.73
15707.88,69.65,73,1.2125,3329.73
15707.88,69.17,93,0.0,3329.73
15707.88,69.06,93,0.0,3329.73
15707.88,68.65,90,1.2125,3329.73
15707.88,68.58,90,0.0,3329.73
15707.88,68.89,88,0.0,3329.73
15707.88,69.29,88,1.2125,3329.73
15707.88,69.41,90,0.0,3329.73
15707.88,69.16,90,0.0,3329.73
15707.88,68.75,87,0.0,3329.73
15707.88,71.84,87,0.0,3329.73
15707.88,71.42,89,1.225,3329.73
15707.88,71.55,89,0.0,3329.73
15707.88,71.63,89,0.0,3329.73
15707.88,71.61,89,0.0,3329.73
15707.88,71.85,91,1.225,3329.73
15707.88,71.74,91,0.0,3329.73
15707.88,71.59,90,0.0,3329.73
15707.88,71.23,90,0.0,3329.73
15707.88,70.98,88,1.2125,3329.73
15707.88,71.18,88,1.2125,3329.73
15707.88,71.34,88,0.0,3329.73
15707.88,71.42,90,1.2125,3329.73
15707.88,71.56,90,0.0,3329.73
15707.88,71.19,89,2.425,3329.73
15707.88,73.15,89,0.0,3329.73
15707.88,73.29,77,0.0,3329.73
15707.88,71.91,77,0.0,3329.73
15707.88,71.99,92,1.2125,3329.73
15707.88,72.42,92,0.0,3329.73
15707.88,72.46,89,0.0,3329.73
15707.88,72.65,89,1.2125,3329.73
15707.88,73.64,87,0.0,3329.73
15707.88,73.94,87,0.0,3329.73
15707.88,73.53,90,1.225,3329.73
15707.88,73.45,90,0.0,3329.73
15707.88,71.25,89,0.0,3329.73
15707.88,70.77,89,0.0,3329.73
15707.88,71.76,89,1.2125,3329.73
15707.88,71.86,89,0.0,3329.73
15707.88,71.88,90,0.0,3329.73
15707.88,72.02,90,1.2,3329.73
15707.88,72.06,91,0.0,3329.73
15707.88,71.27,91,0.0,3329.73
15707.88,71.2,88,1.225,3329.73
15707.88,71.4,88,0.0,3329.73
15707.88,71.4,91,0.0,3329.73
15707.88,70.79,91,0.0,3329.73
15707.88,70.97,89,1.2125,3329.73
15707.88,71.28,89,0.0,3329.73
15707.88,71.83,89,0.0,3329.73
15707.88,73.13,89,0.0,3329.73
15707.88,75.23,89,2.425,3329.73
15707.88,75.09,81,1.2125,3329.73
15707.88,73.85,81,1.2125,3329.73
15707.88,73.7,94,0.0,3329.73
15707.88,74.04,94,0.0,3329.73
15707.88,74.88,90,1.2125,3329.73
15707.88,75.0,90,0.0,3329.73
15707.88,75.14,90,0.0,3329.73
15707.88,74.36,90,0.0,3329.73
15707.88,73.57,89,1.2125,3329.73
15707.88,73.13,89,0.0,3329.73
15707.88,70.77,89,0.0,3329.73
15707.88,70.28,91,1.225,3329.73
15707.88,71.31,89,0.0,3329.73
15707.88,71.42,89,0.0,3329.73
15707.88,71.21,89,0.0,3329.73
15707.88,70.75,91,1.2125,3329.73
15707.88,70.74,91,0.0,3329.73
15707.88,70.74,89,0.0,3329.73
15707.88,71.08,89,0.0,3329.73
15707.88,71.03,89,0.0,3329.73
15707.88,71.03,89,1.225,3329.73
15707.88,70.72,91,0.0,3329.73
15707.88,70.72,91,0.0,3329.73
15707.88,71.16,91,0.0,3329.73
15707.88,71.1,91,1.225,3329.73
15707.88,71.1,91,0.0,3329.73
15707.88,71.37,91,1.2125,3329.73
15707.88,73.38,91,1.2125,3329.73
15707.88,71.91,79,1.225,3329.73
15707.88,71.74,79,0.0,3329.73
15707.88,71.89,88,0.0,3329.73
15707.88,72.43,88,1.2125,3329.73
15707.88,72.98,89,0.0,3329.73
15707.88,73.4,89,0.0,3329.73
15707.88,73.7,90,0.0,3329.73
15707.88,74.0,90,1.2125,3329.73
15707.88,73.83,89,0.0,3329.73
15707.88,73.78,89,0.0,3329.73
15707.88,71.45,90,1.2125,3329.73
15707.88,72.53,90,0.0,3329.73
15707.88,72.34,90,0.0,3329.73
15707.88,72.68,90,1.225,3329.73
15707.88,72.48,90,0.0,3329.73
15707.88,72.24,90,0.0,3329.73
15707.88,72.18,88,0.0,3329.73
15707.88,72.12,88,1.2125,3329.73
15707.88,71.93,90,0.0,3329.73
15707.88,71.95,90,0.0,3329.73
15707.88,71.8,90,0.0,3329.73
15707.88,71.96,91,1.225,3329.73
15707.88,72.06,91,0.0,3329.73
15707.88,71.87,88,0.0,3329.73
15707.88,68.58,88,1.2125,3329.73
15707.88,68.64,82,1.225,3329.73
15707.88,67.99,82,0.0,3329.73
15707.88,67.86,88,0.0,3329.73
15707.88,68.12,88,0.0,3329.73
15707.88,68.24,89,1.2125,3329.73
15707.88,68.72,89,0.0,3329.73
15707.88,68.61,90,0.0,3329.73
15707.88,69.36,90,1.2125,3329.73
15707.88,69.17,90,0.0,3329.73
15707.88,69.22,90,0.0,3329.73
15707.88,72.09,90,1.2125,3329.73
15707.88,71.79,90,0.0,3329.73
15707.88,72.16,90,0.0,3329.73
15707.88,72.14,90,1.2125,3329.73
15707.88,72.49,89,0.0,3329.73
15707.88,72.91,89,0.0,3329.73
15707.88,72.87,88,0.0,3329.73
15707.88,73.11,89,1.2125,3329.73
15707.88,72.55,89,0.0,3329.73
15707.88,72.83,90,0.0,3329.73
15707.88,72.58,90,1.1875,3329.73
15707.88,72.65,91,1.2125,3329.73
15707.88,72.47,91,0.0,3329.73
15707.88,72.64,91,1.225,3329.73
15707.88,71.99,88,1.2125,3329.73
15707.88,72.73,73,1.2125,3329.73
15707.88,72.75,73,0.0,3329.73
15707.88,71.51,99,0.0,3329.73
15707.88,71.27,99,1.2125,3329.73
15707.88,71.38,90,0.0,3329.73
15707.88,71.68,90,0.0,3329.73
15707.88,72.06,91,0.0,3329.73
15707.88,72.34,91,1.225,3329.73
15707.88,72.62,91,0.0,3329.73
15707.88,72.33,90,0.0,3329.73
15707.88,72.47,90,0.0,3329.73
15707.88,72.47,91,0.0,3329.73
15707.88,70.87,91,1.2125,3329.73
15707.88,70.45,89,0.0,3329.73
15707.88,71.58,89,0.0,3329.73
15707.88,72.14,88,1.2125,3329.73
15707.88,71.99,91,0.0,3329.73
15707.88,71.9,91,0.0,3329.73
15707.88,71.42,91,1.2125,3329.73
15707.88,71.42,91,0.0,3329.73
15707.88,71.35,91,0.0,3329.73
15707.88,71.08,91,1.2125,3329.73
15707.88,71.61,89,0.0,3329.73
15707.88,72.01,89,0.0,3329.73
15707.88,72.29,91,0.0,3329.73
15707.88,72.19,91,1.2125,3329.73
15707.88,72.38,90,0.0,3329.73
15707.88,72.28,90,3.6,3329.73
15707.88,74.62,75,0.0,3329.73
15707.88,74.44,75,0.0,3329.73
15707.88,74.46,100,1.2125,3329.73
15707.88,73.57,100,0.0,3329.73
15707.88,73.86,91,0.0,3329.73
15707.88,73.91,91,1.2125,3329.73
15707.88,73.83,90,0.0,3329.73
15707.88,74.55,90,0.0,3329.73
15707.88,74.89,88,1.2125,3329.73
15707.88,74.85,88,0.0,3329.73
15707.88,75.07,90,0.0,3329.73
15707.88,72.92,90,1.2125,3329.73
15707.88,72.85,90,0.0,3329.73
15707.88,72.86,89,0.0,3329.73
15707.88,73.9,89,0.0,3329.73
15707.88,73.61,91,1.225,3329.73
15707.88,73.29,91,0.0,3329.73
15707.88,72.41,90,0.0,3329.73
15707.88,71.83,90,1.2125,3329.73
15707.88,71.72,90,0.0,3329.73
15707.88,71.51,90,0.0,3329.73
15707.88,71.18,90,1.2125,3329.73
15707.88,71.3,90,0.0,3329.73
15707.88,70.83,90,0.0,3329.73
15707.88,70.65,90,1.2125,3329.73
15707.88,70.87,89,0.0,3329.73
15707.88,70.97,89,0.0,3329.73
15707.88,70.77,88,2.375,3329.73
15707.88,71.27,88,0.0,3329.73
15707.88,70.2,82,0.0,3329.73
15707.88,70.27,82,1.225,3329.73
15707.88,70.55,90,0.0,3329.73
15707.88,70.86,90,0.0,3329.73
15707.88,71.08,90,1.2125,3329.73
15707.88,71.82,90,0.0,3329.73
15707.88,71.98,88,0.0,3329.73
15707.88,72.03,88,0.0,3329.73
15707.88,72.27,87,0.0,3329.73
15707.88,72.34,87,1.25,3329.73
15707.88,71.62,91,0.0,3329.73
15707.88,72.31,90,0.0,3329.73
15707.88,72.23,90,1.2375,3329.73
15707.88,72.14,88,1.2375,3329.73
15707.88,72.27,88,0.0,3329.73
15707.88,72.49,86,0.0,3329.73
15707.88,72.49,86,1.2375,3329.73
15707.88,72.56,86,0.0,3329.73
15707.88,72.6,90,0.0,3329.73
15707.88,72.27,90,1.2375,3329.73
15707.88,72.25,89,0.0,3329.73
15707.88,72.28,89,0.0,3329.73
15707.88,72.42,90,1.2375,3329.73
15707.88,72.2,90,0.0,3329.73
15707.88,71.8,89,1.2375,3329.73
15707.88,73.22,89,1.25,3329.73
15707.88,73.54,79,0.0,3329.73
15707.88,71.44,91,0.0,3329.73
15707.88,71.87,91,1.25,3329.73
15707.88,72.7,90,0.0,3329.73
15707.88,72.98,90,0.0,3329.73
15707.88,73.26,90,0.0,3329.73
15707.88,73.58,90,1.2375,3329.73
15707.88,73.61,90,0.0,3329.73
15707.88,73.61,90,0.0,3329.73
15707.88,72.05,90,0.0,3329.73
15707.88,72.05,90,1.25,3329.73
15707.88,71.72,90,0.0,3329.73
15707.88,72.87,90,0.0,3329.73
15707.88,72.23,90,0.0,3329.73
15707.88,71.56,90,1.25,3329.73
15707.88,71.77,90,1.25,3329.73
15707.88,71.7,89,0.0,3329.73
15707.88,71.63,89,0.0,3329.73
15707.88,71.58,89,1.25,3329.73
15707.88,71.68,90,0.0,3329.73
15707.88,71.53,90,0.0,3329.73
15707.88,71.45,89,1.25,3329.73
15707.88,71.42,89,0.0,3329.73
15707.88,71.58,90,0.0,3329.73
15707.88,71.6,90,0.0,3329.73
15707.88,71.47,90,2.4875,3329.73
15707.88,72.0,91,0.0,3329.73
15707.88,70.73,82,0.0,3329.73
15707.88,70.71,82,1.2,3329.73
15707.88,70.96,82,0.0,3329.73
15707.88,71.23,90,0.0,3329.73
15707.88,71.54,90,0.0,3329.73
15707.88,71.97,89,1.2125,3329.73
15707.88,71.97,89,0.0,3329.73
15707.88,72.07,89,0.0,3329.73
15707.88,72.6,89,1.2125,3329.73
15707.88,72.6,89,0.0,3329.73
15707.88,72.27,89,0.0,3329.73
15707.88,71.39,90,1.2125,3329.73
15707.88,72.47,90,0.0,3329.73
15707.88,72.39,90,0.0,3329.73
15707.88,72.24,89,1.225,3329.73
15707.88,72.25,89,0.0,3329.73
15707.88,72.27,90,0.0,3329.73
15707.88,72.19,90,0.0,3329.73
15707.88,71.69,91,0.0,3329.73
15707.88,71.38,91,1.225,3329.73
15707.88,71.36,90,0.0,3329.73
15707.88,71.38,90,1.2125,3329.73
15707.88,71.73,90,0.0,3329.73
15707.88,71.8,90,1.2125,3329.73
15707.88,71.77,88,1.2125,3329.73
15707.88,74.16,88,0.0,3329.73
15707.88,72.9,78,1.2375,3329.73
15707.88,73.3,78,0.0,3329.73
15707.88,73.89,87,0.0,3329.73
15707.88,74.17,87,1.2375,3329.73
15707.88,74.47,90,0.0,3329.73
15707.88,74.73,90,0.0,3329.73
15707.88,75.04,91,0.0,3329.73
15707.88,74.76,89,1.2375,3329.73
15707.88,74.64,89,0.0,3329.73
15707.88,74.45,89,0.0,3329.73
15707.88,72.06,89,0.0,3329.73
15707.88,73.6,89,1.25,3329.73
15707.88,72.66,89,0.0,3329.73
15707.88,72.66,91,0.0,3329.73
15707.88,72.56,91,1.2375,3329.73
15707.88,72.45,91,0.0,3329.73
15707.88,72.03,91,0.0,3329.73
15707.88,72.01,89,0.0,3329.73
15707.88,72.31,89,1.25,3329.73
15707.88,72.31,89,0.0,3329.73
15707.88,72.24,90,0.0,3329.73
15707.88,72.02,90,0.0,3329.73
15707.88,71.64,90,2.4875,3329.73
15707.88,71.81,90,0.0,3329.73
15707.88,71.96,88,2.4875,3329.73
15707.88,68.57,88,0.0,3329.73
15707.88,68.66,77,0.0,3329.73
15707.88,68.32,77,1.2375,3329.73
15707.88,68.86,89,0.0,3329.73
15707.88,68.78,89,0.0,3329.73
15707.88,68.81,88,0.0,3329.73
15707.88,69.17,88,1.2375,3329.73
15707.88,69.48,89,0.0,3329.73
15707.88,69.62,89,0.0,3329.73
15707.88,69.28,89,0.0,3329.73
15707.88,68.97,91,1.2375,3329.73
15707.88,71.98,91,0.0,3329.73
15707.88,71.69,90,0.0,3329.73
15707.88,72.06,90,0.0,3329.73
15707.88,72.19,91,1.25,3329.73
15707.88,72.19,91,0.0,3329.73
15707.88,72.0,91,0.0,3329.73
15707.88,72.06,91,0.0,3329.73
15707.88,71.94,89,1.2375,3329.73
15707.88,72.06,89,0.0,3329.73
15707.88,72.06,89,0.0,3329.73
15707.88,72.01,90,0.0,3329.73
15707.88,72.15,90,1.2375,3329.73
15707.88,72.14,91,0.0,3329.73
15707.88,72.01,91,0.0,3329.73
15707.88,72.15,90,1.2125,3329.73
15707.88,71.56,90,1.225,3329.73
15707.88,71.83,80,1.225,3329.73
15707.88,71.2,80,0.0,3329.73
15707.88,71.01,91,0.0,3329.73
15707.88,71.18,91,1.225,3329.73
15707.88,71.46,90,0.0,3329.73
15707.88,71.77,90,0.0,3329.73
15707.88,71.89,91,0.0,3329.73
15707.88,72.3,90,1.225,3329.73
15707.88,72.36,90,0.0,3329.73
15707.88,72.38,88,0.0,3329.73
15707.88,72.08,88,0.0,3329.73
15707.88,72.54,90,1.2125,3329.73
15707.88,72.53,90,0.0,3329.73
15707.88,72.49,91,0.0,3329.73
15707.88,72.5,91,1.225,3329.73
15707.88,72.19,88,0.0,3329.73
15707.88,72.22,88,0.0,3329.73
15707.88,71.95,90,1.2125,3329.73
15707.88,71.65,90,0.0,3329.73
15707.88,71.33,89,0.0,3329.73
15707.88,71.4,89,0.0,3329.73
15707.88,71.32,89,1.2125,3329.73
15707.88,71.52,89,0.0,3329.73
15707.88,71.63,89,0.0,3329.73
15707.88,71.59,89,2.425,3329.73
15707.88,73.67,71,0.0,3329.73
15707.88,73.64,71,2.4375,3329.73
15707.88,73.68,100,0.0,3329.73
15707.88,72.81,100,0.0,3329.73
15707.88,73.24,88,0.0,3329.73
15707.88,73.29,90,1.2125,3329.73
15707.88,73.54,90,0.0,3329.73
15707.88,73.69,88,0.0,3329.73
15707.88,73.43,88,0.0,3329.73
15707.88,74.26,89,1.2125,3329.73
15707.88,72.77,89,0.0,3329.73
15707.88,73.26,90,0.0,3329.73
15707.88,73.64,90,1.2125,3329.73
15707.88,74.25,90,0.0,3329.73
15707.88,74.09,90,0.0,3329.73
15707.88,73.9,89,1.175,3329.73
15707.88,73.92,89,0.0,3329.73
15707.88,74.5,90,0.0,3329.73
15707.88,74.29,90,1.2125,3329.73
15707.88,74.25,90,0.0,3329.73
15707.88,73.33,90,0.0,3329.73
15707.88,72.5,88,1.2125,3329.73
15707.88,72.04,88,0.0,3329.73
15707.88,71.28,91,0.0,3329.73
15707.88,71.45,91,0.0,3329.73
15707.88,71.52,90,1.2125,3329.73
15707.88,71.67,90,1.15,3329.73
15707.88,71.84,88,1.1875,3329.73
15707.88,73.33,88,1.2375,3329.73
15707.88,72.15,73,0.0,3329.73
15707.88,71.88,73,1.2375,3329.73
15707.88,72.04,88,1.2375,3329.73
15707.88,72.31,88,0.0,3329.73
15707.88,72.83,88,0.0,3329.73
15707.88,73.24,89,1.2125,3329.73
15707.88,73.29,89,0.0,3329.73
15707.88,73.35,90,0.0,3329.73
15707.88,73.28,90,0.0,3329.73
15707.88,70.99,90,1.2125,3329.73
15707.88,71.8,90,0.0,3329.73
15707.88,72.25,90,0.0,3329.73
15707.88,71.99,90,0.0,3329.73
15707.88,71.99,90,0.0,3329.73
15707.88,71.61,90,1.2125,3329.73
15707.88,71.66,90,0.0,3329.73
15707.88,71.66,90,0.0,3329.73
15707.88,71.67,90,1.2125,3329.73
15707.88,71.46,90,0.0,3329.73
15707.88,71.88,90,0.0,3329.73
15707.88,71.99,90,1.2125,3329.73
15707.88,72.08,90,0.0,3329.73
15707.88,72.31,90,1.2125,3329.73
15707.88,72.0,90,2.425,3329.73
15707.88,72.19,90,0.0,3329.73
15707.88,71.84,76,0.0,3329.73
15707.88,71.39,76,1.2125,3329.73
15707.88,71.63,90,0.0,3329.73
15707.88,72.03,90,0.0,3329.73
15707.88,71.87,90,0.0,3329.73
15707.88,72.22,90,1.2125,3329.73
15707.88,72.56,88,0.0,3329.73
15707.88,72.75,88,1.2125,3329.73
15707.88,72.57,90,0.0,3329.73
15707.88,72.42,90,0.0,3329.73
15707.88,71.18,89,0.0,3329.73
15707.88,72.11,89,1.2125,3329.73
15707.88,72.25,90,0.0,3329.73
15707.88,72.1,90,0.0,3329.73
15707.88,71.89,90,1.2125,3329.73
15707.88,71.99,90,0.0,3329.73
15707.88,71.84,90,0.0,3329.73
15707.88,71.75,90,1.2125,3329.73
15707.88,71.74,90,0.0,3329.73
15707.88,71.66,90,0.0,3329.73
15707.88,71.69,88,1.2125,3329.73
15707.88,71.63,89,0.0,3329.73
15707.88,71.86,89,0.0,3329.73
15707.88,71.74,89,0.0,3329.73
15707.88,68.98,89,2.425,3329.73
15707.88,69.22,74,0.0,3329.73
15707.88,69.2,74,1.2125,3329.73
15707.88,68.16,74,0.0,3329.73
15707.88,68.16,95,0.0,3329.73
15707.88,68.6,95,0.0,3329.73
15707.88,68.6,90,0.0,3329.73
15707.88,69.27,90,2.375,3329.73
15707.88,69.81,89,0.0,3329.73
15707.88,69.62,89,0.0,3329.73
15707.88,69.62,89,1.2125,3329.73
15707.88,72.45,91,0.0,3329.73
15707.88,72.45,91,0.0,3329.73
15707.88,71.33,91,1.2,3329.73
15707.88,72.08,91,0.0,3329.73
15707.88,72.08,90,0.0,3329.73
15707.88,71.92,90,1.2125,3329.73
15707.88,71.96,89,0.0,3329.73
15707.88,71.8,89,0.0,3329.73
15707.88,71.63,90,1.2125,3329.73
15707.88,71.62,90,0.0,3329.73
15707.88,71.41,90,0.0,3329.73
15707.88,71.41,90,0.0,3329.73
15707.88,71.54,90,1.2125,3329.73
15707.88,71.54,90,0.0,3329.73
15707.88,71.77,91,0.0,3329.73
15707.88,71.72,91,1.2125,3329.73
15707.88,69.7,89,2.4375,3329.73
15707.88,69.45,89,0.0,3329.73
15707.88,68.67,82,0.0,3329.73
15707.88,68.35,82,0.0,3329.73
15707.88,68.57,95,1.2125,3329.73
15707.88,68.92,95,0.0,3329.73
15707.88,68.92,87,0.0,3329.73
15707.88,69.39,87,1.225,3329.73
15707.88,69.5,90,0.0,3329.73
15707.88,69.49,90,0.0,3329.73
15707.88,69.41,90,1.2125,3329.73
15707.88,69.41,90,0.0,3329.73
15707.88,70.93,89,0.0,3329.73
15707.88,70.91,89,0.0,3329.73
15707.88,71.62,90,1.2125,3329.73
15707.88,71.22,90,0.0,3329.73
15707.88,71.16,87,0.0,3329.73
15707.88,71.21,87,0.0,3329.73
15707.88,71.19,90,0.0,3329.73
15707.88,71.19,91,1.225,3329.73
15707.88,71.1,91,0.0,3329.73
15707.88,71.11,91,0.0,3329.73
15707.88,70.84,88,1.2125,3329.73
15707.88,70.81,89,0.0,3329.73
15707.88,70.8,89,0.0,3329.73
15707.88,70.78,89,1.2125,3329.73
15707.88,71.19,89,0.0,3329.73
15707.88,71.17,90,2.4375,3329.73
15707.88,73.07,90,0.0,3329.73
15707.88,71.88,82,1.2125,3329.73
15707.88,71.52,82,0.0,3329.73
15707.88,71.82,90,0.0,3329.73
15707.88,72.34,90,0.0,3329.73
15707.88,72.5,90,1.2125,3329.73
15707.88,72.8,90,0.0,3329.73
15707.88,73.07,90,0.0,3329.73
15707.88,73.25,90,1.2125,3329.73
15707.88,73.05,90,0.0,3329.73
15707.88,70.71,90,0.0,3329.73
15707.88,71.8,88,1.2125,3329.73
15707.88,71.8,88,0.0,3329.73
15707.88,72.12,89,0.0,3329.73
15707.88,71.95,89,1.225,3329.73
15707.88,71.59,89,0.0,3329.73
15707.88,71.89,89,0.0,3329.73
15707.88,71.94,90,0.0,3329.73
15707.88,71.86,90,1.2125,3329.73
15707.88,71.86,90,0.0,3329.73
15707.88,71.85,90,0.0,3329.73
15707.88,71.85,89,1.2125,3329.73
15707.88,71.94,89,0.0,3329.73
15707.88,71.83,87,0.0,3329.73
15707.88,71.71,87,0.0,3329.73
15707.88,69.38,89,2.4375,3329.73
15707.88,69.32,89,1.2125,3329.73
15707.88,69.47,77,0.0,3329.73
15707.88,68.64,77,0.0,3329.73
15707.88,68.72,95,1.2125,3329.73
15707.88,68.86,88,0.0,3329.73
15707.88,68.86,88,0.0,3329.73
15707.88,69.54,88,2.4375,3329.73
15707.88,70.02,90,0.0,3329.73
15707.88,69.75,90,0.0,3329.73
15707.88,69.75,90,1.2125,3329.73
15707.88,72.24,90,0.0,3329.73
15707.88,71.76,90,0.0,3329.73
15707.88,71.52,90,1.2125,3329.73
15707.88,71.52,90,0.0,3329.73
15707.88,71.4,87,0.0,3329.73
15707.88,71.39,87,1.2125,3329.73
15707.88,71.37,90,0.0,3329.73
15707.88,70.99,90,0.0,3329.73
15707.88,71.17,87,0.0,3329.73
15707.88,71.08,87,1.2125,3329.73
15707.88,71.08,88,0.0,3329.73
15707.88,70.82,88,1.2125,3329.73
15707.88,71.02,88,0.0,3329.73
15707.88,71.63,88,0.0,3329.73
15707.88,71.94,88,1.2125,3329.73
15707.88,72.53,88,0.0,3329.73
15707.88,69.78,88,2.4375,3329.73
15707.88,69.83,88,0.0,3329.73
15707.88,69.1,77,0.0,3329.73
15707.88,69.21,77,1.1875,3329.73
15707.88,69.55,89,0.0,3329.73
15707.88,70.0,89,0.0,3329.73
15707.88,70.34,86,0.0,3329.73
15707.88,70.5,86,1.225,3329.73
15707.88,70.4,88,1.225,3329.73
15707.88,69.59,88,0.0,3329.73
15707.88,69.0,87,0.0,3329.73
15707.88,69.0,87,0.0,3329.73
15707.88,71.02,87,1.225,3329.73
15707.88,71.6,89,0.0,3329.73
15707.88,71.6,89,0.0,3329.73
15707.88,71.38,91,1.2125,3329.73
15707.88,71.25,91,0.0,3329.73
15707.88,71.37,89,0.0,3329.73
15707.88,71.21,89,1.2125,3329.73
15707.88,71.79,90,0.0,3329.73
15707.88,71.79,90,0.0,3329.73
15707.88,71.49,89,0.0,3329.73
15707.88,71.59,89,1.2125,3329.73
15707.88,71.73,89,0.0,3329.73
15707.88,72.0,89,0.0,3329.73
15707.88,71.94,88,0.0,3329.73
15707.88,71.89,88,2.425,3329.73
15707.88,74.06,78,0.0,3329.73
15707.88,73.75,78,0.0,3329.73
15707.88,73.75,100,1.2125,3329.73
15707.88,73.35,100,1.2125,3329.73
15707.88,73.51,90,0.0,3329.73
15707.88,73.73,90,0.0,3329.73
15707.88,73.78,89,1.225,3329.73
15707.88,73.98,89,0.0,3329.73
15707.88,73.73,88,0.0,3329.73
15707.88,73.81,88,1.225,3329.73
15707.88,73.81,90,0.0,3329.73
15707.88,71.61,90,0.0,3329.73
15707.88,71.44,90,0.0,3329.73
15707.88,71.07,90,0.0,3329.73
15707.88,71.09,90,1.2125,3329.73
15707.88,70.75,90,0.0,3329.73
15707.88,70.58,90,0.0,3329.73
15707.88,70.54,90,1.2125,3329.73
15707.88,70.82,90,0.0,3329.73
15707.88,70.9,90,0.0,3329.73
15707.88,70.62,90,0.0,3329.73
15707.88,70.92,89,1.2125,3329.73
15707.88,71.54,89,0.0,3329.73
15707.88,71.51,90,0.0,3329.73
15707.88,71.75,90,1.2125,3329.73
15707.88,71.84,91,0.0,3329.73
15707.88,72.02,91,2.35,3329.73
15707.88,72.02,91,0.0,3329.73
15707.88,73.81,91,1.2375,3329.73
15707.88,73.99,78,0.0,3329.73
15707.88,72.86,78,0.0,3329.73
15707.88,73.13,89,1.2125,3329.73
15707.88,72.93,89,0.0,3329.73
15707.88,73.23,90,0.0,3329.73
15707.88,73.23,90,0.0,3329.73
15707.88,73.34,88,1.2125,3329.73
15707.88,73.34,88,0.0,3329.73
15707.88,73.23,89,0.0,3329.73
15707.88,73.21,89,1.2125,3329.73
15707.88,71.25,90,0.0,3329.73
15707.88,70.73,90,0.0,3329.73
15707.88,71.73,90,0.0,3329.73
15707.88,71.72,90,1.2125,3329.73
15707.88,71.51,91,0.0,3329.73
15707.88,71.33,90,1.2125,3329.73
15707.88,71.24,90,0.0,3329.73
15707.88,71.04,90,0.0,3329.73
15707.88,71.03,90,0.0,3329.73
15707.88,70.87,90,1.2125,3329.73
15707.88,70.96,90,0.0,3329.73
15707.88,70.56,89,0.0,3329.73
15707.88,70.72,89,2.425,3329.73
15707.88,70.63,89,0.0,3329.73
15707.88,70.75,89,0.0,3329.73
15707.88,69.88,87,2.4125,3329.73
15707.88,70.73,87,0.0,3329.73
15707.88,69.76,80,1.225,3329.73
15707.88,69.88,80,0.0,3329.73
15707.88,70.14,89,0.0,3329.73
15707.88,70.47,89,0.0,3329.73
15707.88,70.81,90,1.2375,3329.73
15707.88,71.37,90,0.0,3329.73
15707.88,71.62,87,0.0,3329.73
15707.88,71.45,87,0.0,3329.73
15707.88,71.48,90,1.25,3329.73
15707.88,72.2,90,0.0,3329.73
15707.88,71.03,87,0.0,3329.73
15707.88,71.94,87,0.0,3329.73
15707.88,71.82,89,1.2375,3329.73
15707.88,71.8,89,0.0,3329.73
15707.88,71.5,88,0.0,3329.73
15707.88,71.64,88,0.0,3329.73
15707.88,72.58,88,1.2375,3329.73
15707.88,72.44,88,0.0,3329.73
15707.88,72.62,90,0.0,3329.73
15707.88,72.31,90,1.25,3329.73
15707.88,72.22,88,0.0,3329.73
15707.88,72.49,88,0.0,3329.73
15707.88,72.61,89,1.2375,3329.73
15707.88,72.77,89,1.2375,3329.73
15707.88,72.57,89,2.4875,3329.73
15707.88,69.47,70,0.0,3329.73
15707.88,69.09,70,0.0,3329.73
15707.88,67.69,87,1.2375,3329.73
15707.88,67.83,87,0.0,3329.73
15707.88,68.11,89,0.0,3329.73
15707.88,68.9,89,1.2375,3329.73
15707.88,68.94,88,0.0,3329.73
15707.88,68.99,88,0.0,3329.73
15707.88,68.61,88,1.2375,3329.73
15707.88,68.7,86,0.0,3329.73
15707.88,71.43,86,0.0,3329.73
15707.88,71.21,88,1.2375,3329.73
15707.88,71.66,88,0.0,3329.73
15707.88,71.66,87,0.0,3329.73
15707.88,71.3,87,0.0,3329.73
15707.88,71.17,90,0.0,3329.73
15707.88,71.1,90,1.25,3329.73
15707.88,71.09,89,0.0,3329.73
15707.88,71.25,89,0.0,3329.73
15707.88,71.08,88,1.2375,3329.73
15707.88,71.37,88,0.0,3329.73
15707.88,71.19,90,0.0,3329.73
15707.88,71.26,90,0.0,3329.73
15707.88,71.32,89,1.2375,3329.73
15707.88,71.45,89,0.0,3329.73
15707.88,71.6,89,1.2,3329.73
15707.88,71.57,89,1.175,3329.73
15707.88,73.81,71,0.0,3329.73
15707.88,73.88,71,0.0,3329.73
15707.88,73.97,100,1.2125,3329.73
15707.88,73.33,90,0.0,3329.73
15707.88,73.41,90,0.0,3329.73
15707.88,73.61,90,2.425,3329.73
15707.88,74.02,90,0.0,3329.73
15707.88,74.2,89,0.0,3329.73
15707.88,74.0,89,1.2125,3329.73
15707.88,74.0,90,0.0,3329.73
15707.88,71.71,90,0.0,3329.73
15707.88,71.31,90,1.2125,3329.73
15707.88,70.86,90,0.0,3329.73
15707.88,71.46,91,0.0,3329.73
15707.88,71.39,91,1.2125,3329.73
15707.88,71.36,91,0.0,3329.73
15707.88,71.38,91,0.0,3329.73
15707.88,71.5,91,0.0,3329.73
15707.88,71.36,91,1.2125,3329.73
15707.88,71.45,91,0.0,3329.73
15707.88,71.48,91,0.0,3329.73
15707.88,71.2,89,1.225,3329.73
15707.88,71.08,89,0.0,3329.73
15707.88,71.12,91,0.0,3329.73
15707.88,71.28,91,0.0,3329.73
15707.88,71.3,90,0.0,3329.73
15707.88,71.25,90,2.4375,3329.73
15707.88,68.3,78,0.0,3329.73
15707.88,68.42,78,0.0,3329.73
15707.88,67.77,91,2.4125,3329.73
15707.88,67.94,89,0.0,3329.73
15707.88,68.18,89,0.0,3329.73
15707.88,68.53,89,1.2125,3329.73
15707.88,69.0,89,0.0,3329.73
15707.88,69.17,90,1.1375,3329.73
15707.88,68.99,90,0.0,3329.73
15707.88,68.99,90,1.2125,3329.73
15707.88,71.82,90,0.0,3329.73
15707.88,71.47,90,0.0,3329.73
15707.88,71.98,90,1.2125,3329.73
15707.88,71.84,87,0.0,3329.73
15707.88,71.45,87,0.0,3329.73
15707.88,71.97,89,1.2125,3329.73
15707.88,72.25,89,0.0,3329.73
15707.88,72.59,87,0.0,3329.73
15707.88,72.59,87,1.2125,3329.73
15707.88,72.75,90,0.0,3329.73
15707.88,72.4,90,0.0,3329.73
15707.88,72.33,87,0.0,3329.73
15707.88,72.56,87,2.425,3329.73
15707.88,72.73,90,0.0,3329.73
15707.88,72.6,90,0.0,3329.73
15707.88,72.66,90,1.2125,3329.73
15707.88,73.47,90,1.2125,3329.73
15707.88,71.62,82,0.0,3329.73
15707.88,71.27,82,0.0,3329.73
15707.88,71.55,89,1.225,3329.73
15707.88,71.78,89,0.0,3329.73
15707.88,72.17,89,0.0,3329.73
15707.88,72.59,89,0.0,3329.73
15707.88,72.56,88,1.2125,3329.73
15707.88,72.58,88,0.0,3329.73
15707.88,72.82,90,0.0,3329.73
15707.88,72.73,88,1.2125,3329.73
15707.88,71.1,88,0.0,3329.73
15707.88,72.25,90,0.0,3329.73
15707.88,72.27,90,1.2125,3329.73
15707.88,72.04,89,0.0,3329.73
15707.88,71.68,89,1.2125,3329.73
15707.88,71.41,89,0.0,3329.73
15707.88,71.67,89,1.2125,3329.73
15707.88,71.85,88,0.0,3329.73
15707.88,71.9,88,0.0,3329.73
15707.88,71.59,90,1.2125,3329.73
15707.88,71.7,90,0.0,3329.73
15707.88,71.87,90,0.0,3329.73
15707.88,71.9,90,1.2125,3329.73
15707.88,71.99,90,1.2125,3329.73
15707.88,71.89,90,0.0,3329.73
15707.88,71.99,81,1.2125,3329.73
15707.88,71.23,81,0.0,3329.73
15707.88,71.23,90,0.0,3329.73
15707.88,71.69,90,1.2125,3329.73
15707.88,71.97,89,0.0,3329.73
15707.88,72.28,89,0.0,3329.73
15707.88,72.04,89,0.0,3329.73
15707.88,72.17,89,1.2125,3329.73
15707.88,71.91,90,0.0,3329.73
15707.88,71.75,90,0.0,3329.73
15707.88,71.7,90,1.2125,3329.73
15707.88,71.58,90,0.0,3329.73
15707.88,71.89,91,0.0,3329.73
15707.88,71.44,91,1.225,3329.73
15707.88,71.2,89,0.0,3329.73
15707.88,71.06,89,0.0,3329.73
15707.88,70.98,90,0.0,3329.73
15707.88,71.26,90,1.225,3329.73
15707.88,71.14,89,1.2125,3329.73
15707.88,71.61,89,0.0,3329.73
15707.88,71.41,90,0.0,3329.73
15707.88,71.65,91,1.2125,3329.73
15707.88,71.68,91,0.0,3329.73
15707.88,71.77,88,0.0,3329.73
15707.88,72.31,88,2.425,3329.73
15707.88,69.63,75,0.0,3329.73
15707.88,70.05,75,1.225,3329.73
15707.88,70.29,98,0.0,3329.73
15707.88,68.73,98,0.0,3329.73
15707.88,68.57,90,0.0,3329.73
15707.88,68.42,90,1.2125,3329.73
15707.88,68.39,90,0.0,3329.73
15707.88,68.39,90,0.0,3329.73
15707.88,68.38,89,1.2125,3329.73
15707.88,68.16,89,0.0,3329.73
15707.88,70.6,90,0.0,3329.73
15707.88,70.08,90,1.2125,3329.73
15707.88,69.49,90,0.0,3329.73
15707.88,70.88,90,0.0,3329.73
15707.88,71.78,89,0.0,3329.73
15707.88,72.13,89,2.45,3329.73
15707.88,72.1,90,0.0,3329.73
15707.88,73.01,90,0.0,3329.73
15707.88,72.79,90,0.0,3329.73
15707.88,72.99,90,1.2125,3329.73
15707.88,73.09,90,0.0,3329.73
15707.88,72.89,90,0.0,3329.73
15707.88,72.83,91,1.2125,3329.73
15707.88,72.95,91,0.0,3329.73
15707.88,72.9,91,0.0,3329.73
15707.88,72.08,91,1.2125,3329.73
15707.88,71.55,91,1.2125,3329.73
15707.88,71.42,91,1.2,3329.73
15707.88,72.83,73,0.0,3329.73
15707.88,71.4,93,0.0,3329.73
15707.88,71.33,93,0.0,3329.73
15707.88,71.46,89,0.0,3329.73
15707.88,71.8,89,1.2125,3329.73
15707.88,72.46,89,0.0,3329.73
15707.88,72.86,89,0.0,3329.73
15707.88,73.1,90,1.1875,3329.73
15707.88,73.06,90,0.0,3329.73
15707.88,72.56,90,0.0,3329.73
15707.88,70.53,90,0.0,3329.73
15707.88,71.78,88,1.2125,3329.73
15707.88,71.73,88,0.0,3329.73
15707.88,71.58,88,0.0,3329.73
15707.88,71.53,88,1.2125,3329.73
15707.88,71.47,88,0.0,3329.73
15707.88,71.38,88,0.0,3329.73
15707.88,71.15,88,0.0,3329.73
15707.88,70.82,88,2.3625,3329.73
15707.88,70.8,88,0.0,3329.73
15707.88,71.07,88,0.0,3329.73
15707.88,71.02,91,1.2125,3329.73
15707.88,71.51,91,0.0,3329.73
15707.88,71.8,91,0.0,3329.73
15707.88,71.8,91,2.425,3329.73
15707.88,68.47,76,0.0,3329.73
15707.88,68.5,76,0.0,3329.73
15707.88,67.62,94,0.0,3329.73
15707.88,67.91,88,1.2125,3329.73
15707.88,68.43,88,0.0,3329.73
15707.88,68.78,88,0.0,3329.73
15707.88,68.91,91,1.2125,3329.73
15707.88,69.14,87,0.0,3329.73
15707.88,69.02,87,0.0,3329.73
15707.88,68.94,89,0.0,3329.73
15707.88,71.86,89,1.2125,3329.73
15707.88,71.5,90,0.0,3329.73
15707.88,72.24,90,1.2125,3329.73
15707.88,72.1,90,1.2125,3329.73
15707.88,71.97,87,0.0,3329.73
15707.88,71.71,87,0.0,3329.73
15707.88,71.92,89,1.2125,3329.73
15707.88,71.7,89,0.0,3329.73
15707.88,71.53,88,0.0,3329.73
15707.88,71.19,88,0.0,3329.73
15707.88,71.09,90,1.2125,3329.73
15707.88,71.66,90,0.0,3329.73
15707.88,71.67,89,0.0,3329.73
15707.88,71.92,88,1.2125,3329.73
15707.88,71.81,88,0.0,3329.73
15707.88,71.73,88,2.4375,3329.73
15707.88,73.62,90,0.0,3329.73
15707.88,73.45,90,0.0,3329.73
15707.88,72.42,78,1.225,3329.73
15707.88,72.42,92,0.0,3329.73
15707.88,72.7,92,0.0,3329.73
15707.88,72.7,89,0.0,3329.73
15707.88,72.93,89,1.225,3329.73
15707.88,73.02,89,0.0,3329.73
15707.88,72.41,90,0.0,3329.73
15707.88,72.43,88,0.0,3329.73
15707.88,72.43,88,1.2125,3329.73
15707.88,70.37,89,0.0,3329.73
15707.88,70.37,89,0.0,3329.73
15707.88,71.45,89,1.2125,3329.73
15707.88,71.59,89,0.0,3329.73
15707.88,71.56,90,0.0,3329.73
15707.88,71.5,90,0.0,3329.73
15707.88,71.36,88,1.1875,3329.73
15707.88,71.85,88,0.0,3329.73
15707.88,71.85,89,1.2125,3329.73
15707.88,71.34,89,0.0,3329.73
15707.88,71.43,88,1.225,3329.73
15707.88,71.43,88,0.0,3329.73
15707.88,72.33,89,1.2125,3329.73
15707.88,72.33,89,0.0,3329.73
15707.88,72.82,89,0.0,3329.73
15707.88,72.92,89,0.0,3329.73
15707.88,70.7,90,2.4125,3329.73
15707.88,71.23,90,1.2125,3329.73
15707.88,70.69,74,0.0,3329.73
15707.88,70.92,74,0.0,3329.73
15707.88,70.92,90,1.2125,3329.73
15707.88,71.52,90,0.0,3329.73
15707.88,71.7,90,0.0,3329.73
15707.88,71.3,90,0.0,3329.73
15707.88,71.06,90,1.225,3329.73
15707.88,70.63,90,0.0,3329.73
15707.88,70.63,90,0.0,3329.73
15707.88,70.78,90,1.2125,3329.73
15707.88,72.84,90,0.0,3329.73
15707.88,72.23,88,0.0,3329.73
15707.88,71.95,88,0.0,3329.73
15707.88,71.72,91,1.225,3329.73
15707.88,71.99,91,0.0,3329.73
15707.88,71.98,90,0.0,3329.73
15707.88,71.92,90,0.0,3329.73
15707.88,71.87,89,1.225,3329.73
15707.88,72.09,89,1.2125,3329.73
15707.88,71.95,91,0.0,3329.73
15707.88,71.93,91,0.0,3329.73
15707.88,72.1,90,1.2125,3329.73
15707.88,72.66,90,0.0,3329.73
15707.88,72.71,90,1.2,3329.73
15707.88,72.57,90,0.0,3329.73
15707.88,73.25,78,0.0,3329.73
15707.88,71.83,78,1.2125,3329.73
15707.88,71.57,94,0.0,3329.73
15707.88,71.48,94,0.0,3329.73
15707.88,72.05,89,1.2125,3329.73
15707.88,72.28,89,0.0,3329.73
15707.88,72.54,89,0.0,3329.73
15707.88,72.91,89,1.2125,3329.73
15707.88,72.62,88,1.2125,3329.73
15707.88,72.65,88,0.0,3329.73
15707.88,72.61,90,0.0,3329.73
15707.88,71.22,90,1.2125,3329.73
15707.88,72.4,88,0.0,3329.73
15707.88,72.36,88,0.0,3329.73
15707.88,71.77,90,1.2125,3329.73
15707.88,71.77,88,0.0,3329.73
15707.88,71.91,88,0.0,3329.73
15707.88,71.82,90,1.2125,3329.73
15707.88,71.73,90,0.0,3329.73
15707.88,71.44,90,0.0,3329.73
15707.88,71.36,90,1.2125,3329.73
15707.88,71.23,90,0.0,3329.73
15707.88,71.06,90,0.0,3329.73
15707.88,71.11,90,1.2125,3329.73
15707.88,71.08,90,0.0,3329.73
15707.88,71.58,89,1.2,3329.73
15707.88,71.96,89,1.2125,3329.73
15707.88,70.53,82,0.0,3329.73
15707.88,70.37,82,0.0,3329.73
15707.88,70.78,89,1.2125,3329.73
15707.88,71.32,89,0.0,3329.73
15707.88,71.78,90,0.0,3329.73
15707.88,72.15,90,1.2125,3329.73
15707.88,72.43,90,0.0,3329.73
15707.88,72.52,90,0.0,3329.73
15707.88,72.64,90,1.2125,3329.73
15707.88,71.76,90,0.0,3329.73
15707.88,70.85,90,0.0,3329.73
15707.88,72.13,90,1.2125,3329.73
15707.88,72.69,89,0.0,3329.73
15707.88,72.48,89,0.0,3329.73
15707.88,72.45,89,1.175,3329.73
15707.88,72.53,89,0.0,3329.73
15707.88,72.63,89,0.0,3329.73
15707.88,72.67,90,0.0,3329.73
15707.88,72.41,90,1.2125,3329.73
15707.88,72.41,90,0.0,3329.73
15707.88,72.37,90,1.2125,3329.73
15707.88,72.36,89,0.0,3329.73
15707.88,71.89,89,0.0,3329.73
15707.88,71.95,89,2.4125,3329.73
15707.88,68.44,89,1.2125,3329.73
15707.88,68.29,77,0.0,3329.73
15707.88,67.36,77,0.0,3329.73
15707.88,67.54,88,1.2125,3329.73
15707.88,67.57,88,0.0,3329.73
15707.88,67.89,90,0.0,3329.73
15707.88,68.31,90,0.0,3329.73
15707.88,68.96,89,0.0,3329.73
15707.88,69.2,89,1.25,3329.73
15707.88,69.07,91,0.0,3329.73
15707.88,68.72,91,0.0,3329.73
15707.88,71.79,90,0.0,3329.73
15707.88,71.43,90,0.0,3329.73
15707.88,72.18,90,1.2375,3329.73
15707.88,72.45,90,0.0,3329.73
15707.88,72.55,90,0.0,3329.73
15707.88,72.43,90,0.0,3329.73
15707.88,72.47,91,1.2375,3329.73
15707.88,71.81,90,0.0,3329.73
15707.88,71.81,90,0.0,3329.73
15707.88,72.27,90,0.0,3329.73
15707.88,72.27,90,1.2375,3329.73
15707.88,72.26,90,0.0,3329.73
15707.88,72.32,91,0.0,3329.73
15707.88,72.32,91,0.0,3329.73
15707.88,71.96,90,3.725,3329.73
15707.88,69.16,90,0.0,3329.73
15707.88,69.55,74,0.0,3329.73
15707.88,69.51,74,0.0,3329.73
15707.88,69.46,93,1.25,3329.73
15707.88,69.6,93,0.0,3329.73
15707.88,69.34,89,0.0,3329.73
15707.88,69.46,89,0.0,3329.73
15707.88,69.76,89,1.2375,3329.73
15707.88,69.92,89,0.0,3329.73
15707.88,69.75,90,0.0,3329.73
15707.88,69.53,90,0.0,3329.73
15707.88,72.01,91,1.2375,3329.73
15707.88,71.17,91,0.0,3329.73
15707.88,70.72,90,0.0,3329.73
15707.88,70.69,90,0.0,3329.73
15707.88,70.78,90,1.25,3329.73
15707.88,70.64,90,0.0,3329.73
15707.88,70.83,86,0.0,3329.73
15707.88,70.77,89,1.2375,3329.73
15707.88,71.02,89,0.0,3329.73
15707.88,70.9,89,0.0,3329.73
15707.88,70.85,89,0.0,3329.73
15707.88,70.85,89,1.2375,3329.73
15707.88,70.97,90,0.0,3329.73
15707.88,71.14,90,0.0,3329.73
15707.88,71.29,90,2.4875,3329.73
15707.88,71.28,90,0.0,3329.73
15707.88,71.49,90,2.4875,3329.73
15707.88,68.0,90,0.0,3329.73
15707.88,68.22,73,0.0,3329.73
15707.88,67.48,73,0.0,3329.73
15707.88,67.37,89,1.225,3329.73
15707.88,67.85,89,0.0,3329.73
15707.88,68.24,90,0.0,3329.73
15707.88,68.72,90,0.0,3329.73
15707.88,68.87,90,1.2125,3329.73
15707.88,69.08,90,0.0,3329.73
15707.88,68.75,91,1.2125,3329.73
15707.88,68.56,91,0.0,3329.73
15707.88,71.61,90,0.0,3329.73
15707.88,71.06,90,0.0,3329.73
15707.88,71.88,90,1.2125,3329.73
15707.88,71.88,90,0.0,3329.73
15707.88,71.88,90,1.2125,3329.73
15707.88,71.77,89,0.0,3329.73
15707.88,71.97,89,0.0,3329.73
15707.88,71.42,89,1.2125,3329.73
15707.88,71.55,89,0.0,3329.73
15707.88,71.47,89,0.0,3329.73
15707.88,71.44,89,1.2125,3329.73
15707.88,71.51,90,0.0,3329.73
15707.88,71.61,90,1.2125,3329.73
15707.88,71.67,90,0.0,3329.73
15707.88,71.58,90,2.425,3329.73
15707.88,73.12,77,0.0,3329.73
15707.88,71.06,77,1.2125,3329.73
15707.88,71.0,93,0.0,3329.73
15707.88,71.55,93,0.0,3329.73
15707.88,71.84,90,1.2125,3329.73
15707.88,72.19,89,0.0,3329.73
15707.88,72.46,89,0.0,3329.73
15707.88,73.02,89,1.2125,3329.73
15707.88,73.21,89,0.0,3329.73
15707.88,73.07,88,0.0,3329.73
15707.88,72.14,88,1.2125,3329.73
15707.88,71.64,89,0.0,3329.73
15707.88,71.71,89,0.0,3329.73
15707.88,71.71,90,0.0,3329.73
15707.88,71.53,90,1.2125,3329.73
15707.88,71.28,87,0.0,3329.73
15707.88,71.28,87,0.0,3329.73
15707.88,70.76,91,0.0,3329.73
15707.88,70.54,91,1.2125,3329.73
15707.88,71.01,89,0.0,3329.73
15707.88,71.94,89,0.0,3329.73
15707.88,72.07,90,1.2375,3329.73
15707.88,72.29,90,1.1875,3329.73
15707.88,72.41,90,0.0,3329.73
15707.88,72.31,90,1.175,3329.73
15707.88,68.82,90,1.125,3329.73
15707.88,68.98,73,1.225,3329.73
15707.88,68.41,73,0.0,3329.73
15707.88,68.8,93,0.0,3329.73
15707.88,69.07,89,0.0,3329.73
15707.88,68.85,89,1.225,3329.73
15707.88,69.02,90,0.0,3329.73
15707.88,69.21,90,0.0,3329.73
15707.88,69.53,90,1.2125,3329.73
15707.88,69.28,90,0.0,3329.73
15707.88,69.22,91,0.0,3329.73
15707.88,72.39,90,0.0,3329.73
15707.88,72.03,90,1.225,3329.73
15707.88,72.05,90,0.0,3329.73
15707.88,71.96,90,0.0,3329.73
15707.88,71.95,90,0.0,3329.73
15707.88,71.98,89,0.0,3329.73
15707.88,71.94,90,1.2125,3329.73
15707.88,71.53,90,0.0,3329.73
15707.88,71.57,90,0.0,3329.73
15707.88,71.48,91,1.225,3329.73
15707.88,71.33,91,1.225,3329.73
15707.88,71.55,90,0.0,3329.73
15707.88,71.87,90,0.0,3329.73
15707.88,71.87,90,0.0,3329.73
15707.88,72.0,90,2.4375,3329.73
15707.88,70.61,86,0.0,3329.73
15707.88,69.74,86,1.2,3329.73
15707.88,69.78,78,0.0,3329.73
15707.88,69.78,78,0.0,3329.73
15707.88,70.01,90,1.225,3329.73
15707.88,70.25,90,0.0,3329.73
15707.88,70.55,89,0.0,3329.73
15707.88,71.54,89,1.2125,3329.73
15707.88,72.16,87,0.0,3329.73
15707.88,72.06,87,0.0,3329.73
15707.88,72.06,89,0.0,3329.73
15707.88,73.16,89,1.2125,3329.73
15707.88,72.25,90,0.0,3329.73
15707.88,73.24,88,1.2125,3329.73
15707.88,73.24,88,0.0,3329.73
15707.88,72.51,87,0.0,3329.73
15707.88,72.33,87,0.0,3329.73
15707.88,71.81,88,1.2125,3329.73
15707.88,71.27,88,0.0,3329.73
15707.88,71.11,88,1.2,3329.73
15707.88,71.01,88,1.2125,3329.73
15707.88,70.92,90,0.0,3329.73
15707.88,70.87,90,0.0,3329.73
15707.88,71.52,90,1.2125,3329.73
15707.88,71.57,90,0.0,3329.73
15707.88,72.14,89,2.4125,3329.73
15707.88,71.67,89,0.0,3329.73
15707.88,70.91,77,0.0,3329.73
15707.88,70.91,77,1.225,3329.73
15707.88,70.93,88,0.0,3329.73
15707.88,71.17,88,0.0,3329.73
15707.88,71.47,88,0.0,3329.73
15707.88,71.47,88,1.2125,3329.73
15707.88,71.69,89,0.0,3329.73
15707.88,71.19,89,0.0,3329.73
15707.88,71.51,88,1.2125,3329.73
15707.88,72.54,88,0.0,3329.73
15707.88,72.54,87,0.0,3329.73
15707.88,73.16,87,1.2125,3329.73
15707.88,73.16,90,0.0,3329.73
15707.88,73.07,90,0.0,3329.73
15707.88,72.91,89,1.2125,3329.73
15707.88,73.03,90,0.0,3329.73
15707.88,73.06,90,0.0,3329.73
15707.88,73.14,86,1.2125,3329.73
15707.88,72.76,86,0.0,3329.73
15707.88,72.1,89,0.0,3329.73
15707.88,71.36,89,1.2125,3329.73
15707.88,71.27,90,0.0,3329.73
15707.88,71.39,90,0.0,3329.73
15707.88,71.46,88,1.2,3329.73
15707.88,71.54,88,3.65,3329.73
15707.88,73.45,66,0.0,3329.73
15707.88,73.66,66,0.0,3329.73
15707.88,73.68,95,1.2125,3329.73
15707.88,73.68,95,0.0,3329.73
15707.88,73.98,89,0.0,3329.73
15707.88,74.24,89,0.0,3329.73
15707.88,74.37,89,1.2125,3329.73
15707.88,74.58,89,0.0,3329.73
15707.88,74.71,90,0.0,3329.73
15707.88,74.38,90,1.2125,3329.73
15707.88,74.43,90,0.0,3329.73
15707.88,72.24,90,0.0,3329.73
15707.88,71.92,90,1.2125,3329.73
15707.88,72.06,90,0.0,3329.73
15707.88,71.55,88,0.0,3329.73
15707.88,71.47,88,0.0,3329.73
15707.88,71.47,90,1.2125,3329.73
15707.88,71.61,87,0.0,3329.73
15707.88,71.58,87,0.0,3329.73
15707.88,71.42,88,0.0,3329.73
15707.88,71.68,88,1.225,3329.73
15707.88,71.47,90,0.0,3329.73
15707.88,71.44,90,0.0,3329.73
15707.88,71.84,90,1.2125,3329.73
15707.88,71.92,90,0.0,3329.73
15707.88,71.92,90,1.2,3329.73
15707.88,68.42,90,1.2125,3329.73
15707.88,68.43,74,0.0,3329.73
15707.88,68.43,74,0.0,3329.73
15707.88,66.99,97,1.2125,3329.73
15707.88,66.57,97,0.0,3329.73
15707.88,66.85,88,1.2125,3329.73
15707.88,67.09,88,1.2125,3329.73
15707.88,67.47,90,0.0,3329.73
15707.88,66.99,90,0.0,3329.73
15707.88,66.44,87,1.2,3329.73
15707.88,65.94,87,0.0,3329.73
15707.88,69.53,89,0.0,3329.73
15707.88,69.27,89,1.2125,3329.73
15707.88,68.91,90,0.0,3329.73
15707.88,70.29,90,0.0,3329.73
15707.88,70.69,89,1.2125,3329.73
15707.88,70.42,89,0.0,3329.73
15707.88,70.27,89,0.0,3329.73
15707.88,70.12,90,1.2125,3329.73
15707.88,70.68,90,0.0,3329.73
15707.88,71.7,88,0.0,3329.73
15707.88,71.4,88,1.2125,3329.73
15707.88,71.32,90,0.0,3329.73
15707.88,71.34,90,0.0,3329.73
15707.88,71.31,89,1.2125,3329.73
15707.88,71.34,89,0.0,3329.73
15707.88,72.27,88,0.0,3329.73
15707.88,72.63,88,3.6375,3329.73
15707.88,72.36,88,0.0,3329.73
15707.88,72.51,69,1.2125,3329.73
15707.88,71.98,95,0.0,3329.73
15707.88,72.28,95,0.0,3329.73
15707.88,72.53,90,0.0,3329.73
15707.88,72.92,90,1.225,3329.73
15707.88,73.27,90,0.0,3329.73
15707.88,73.27,90,0.0,3329.73
15707.88,73.53,89,0.0,3329.73
15707.88,72.31,89,1.1875,3329.73
15707.88,71.67,87,0.0,3329.73
15707.88,71.67,87,0.0,3329.73
15707.88,71.43,88,1.225,3329.73
15707.88,71.66,88,0.0,3329.73
15707.88,71.24,88,0.0,3329.73
15707.88,71.26,88,0.0,3329.73
15707.88,71.29,86,1.2125,3329.73
15707.88,71.02,86,0.0,3329.73
15707.88,71.02,90,1.2125,3329.73
15707.88,71.34,90,1.2125,3329.73
15707.88,71.81,89,0.0,3329.73
15707.88,71.92,89,0.0,3329.73
15707.88,72.17,88,1.1625,3329.73
15707.88,72.25,88,0.0,3329.73
15707.88,72.39,88,0.0,3329.73
15707.88,72.1,88,2.425,3329.73
15707.88,72.27,88,1.2,3329.73
15707.88,73.83,88,0.0,3329.73
15707.88,73.78,79,0.0,3329.73
15707.88,72.43,79,1.2,3329.73
15707.88,72.44,89,0.0,3329.73
15707.88,72.16,89,0.0,3329.73
15707.88,72.46,90,1.2125,3329.73
15707.88,72.3,90,0.0,3329.73
15707.88,72.49,88,0.0,3329.73
15707.88,72.58,90,0.0,3329.73
15707.88,72.83,90,1.2125,3329.73
15707.88,70.85,90,0.0,3329.73
15707.88,70.61,90,0.0,3329.73
15707.88,71.8,87,1.225,3329.73
15707.88,71.63,87,0.0,3329.73
15707.88,71.56,91,0.0,3329.73
15707.88,71.46,91,0.0,3329.73
15707.88,71.67,89,1.2125,3329.73
15707.88,71.59,89,0.0,3329.73
15707.88,71.52,90,0.0,3329.73
15707.88,71.58,90,2.425,3329.73
15707.88,71.19,90,0.0,3329.73
15707.88,71.12,90,0.0,3329.73
15707.88,71.08,90,0.0,3329.73
15707.88,71.29,90,1.175,3329.73
15707.88,71.35,90,0.0,3329.73
15707.88,71.9,83,2.425,3329.73
15707.88,72.11,83,1.2,3329.73
15707.88,73.79,72,0.0,3329.73
15707.88,72.36,72,1.2125,3329.73
15707.88,72.37,90,0.0,3329.73
15707.88,72.97,90,0.0,3329.73
15707.88,73.45,89,1.2125,3329.73
15707.88,73.67,89,0.0,3329.73
15707.88,74.1,88,0.0,3329.73
15707.88,74.29,88,1.1625,3329.73
15707.88,73.63,90,0.0,3329.73
15707.88,73.27,90,1.225,3329.73
15707.88,71.28,89,0.0,3329.73
15707.88,72.47,89,0.0,3329.73
15707.88,72.44,90,0.0,3329.73
15707.88,72.28,90,1.225,3329.73
15707.88,72.59,89,0.0,3329.73
15707.88,72.52,89,0.0,3329.73
15707.88,72.56,90,1.2125,3329.73
15707.88,72.11,90,0.0,3329.73
15707.88,71.87,88,0.0,3329.73
15707.88,71.83,88,1.2125,3329.73
15707.88,71.83,90,0.0,3329.73
15707.88,71.84,90,0.0,3329.73
15707.88,72.0,90,1.2125,3329.73
15707.88,72.19,90,0.0,3329.73
15707.88,72.55,88,1.2125,3329.73
15707.88,72.96,88,0.0,3329.73
15707.88,72.11,82,1.2125,3329.73
15707.88,72.08,82,0.0,3329.73
15707.88,72.37,90,0.0,3329.73
15707.88,72.59,90,1.2125,3329.73
15707.88,73.26,91,0.0,3329.73
15707.88,73.41,89,0.0,3329.73
15707.88,73.3,89,1.2125,3329.73
15707.88,73.02,89,0.0,3329.73
15707.88,72.72,89,0.0,3329.73
15707.88,71.6,89,1.2125,3329.73
15707.88,72.54,90,0.0,3329.73
15707.88,72.46,90,0.0,3329.73
15707.88,72.66,86,0.0,3329.73
15707.88,72.64,89,1.225,3329.73
15707.88,72.57,89,0.0,3329.73
15707.88,72.34,88,0.0,3329.73
15707.88,72.39,88,1.2125,3329.73
15707.88,72.52,88,0.0,3329.73
15707.88,72.48,88,0.0,3329.73
15707.88,72.01,88,0.0,3329.73
15707.88,72.16,89,1.225,3329.73
15707.88,72.16,89,0.0,3329.73
15707.88,71.74,89,0.0,3329.73
15707.88,71.79,89,1.2125,3329.73
15707.88,71.42,90,2.4625,3329.73
15707.88,71.21,64,1.175,3329.73
15707.88,73.28,64,0.0,3329.73
15707.88,72.19,91,0.0,3329.73
15707.88,73.24,91,1.2,3329.73
15707.88,73.65,87,0.0,3329.73
15707.88,74.18,87,0.0,3329.73
15707.88,74.18,87,1.225,3329.73
15707.88,74.54,87,0.0,3329.73
15707.88,74.75,89,0.0,3329.73
15707.88,74.79,89,0.0,3329.73
15707.88,72.7,88,1.2125,3329.73
15707.88,72.7,88,0.0,3329.73
15707.88,73.4,90,1.2125,3329.73
15707.88,72.83,90,0.0,3329.73
15707.88,71.97,89,0.0,3329.73
15707.88,71.73,89,0.0,3329.73
15707.88,71.92,89,1.25,3329.73
15707.88,72.35,89,0.0,3329.73
15707.88,72.33,89,0.0,3329.73
15707.88,72.17,89,1.25,3329.73
15707.88,72.0,90,0.0,3329.73
15707.88,71.46,90,0.0,3329.73
15707.88,71.77,87,0.0,3329.73
15707.88,71.63,87,1.2375,3329.73
15707.88,71.84,87,0.0,3329.73
15707.88,71.83,86,0.0,3329.73
15707.88,72.16,86,2.4875,3329.73
15707.88,72.62,72,0.0,3329.73
15707.88,71.23,72,0.0,3329.73
15707.88,70.81,90,1.25,3329.73
15707.88,70.9,90,0.0,3329.73
15707.88,71.07,87,0.0,3329.73
15707.88,71.59,87,1.2375,3329.73
15707.88,72.29,87,0.0,3329.73
15707.88,72.49,88,0.0,3329.73
15707.88,72.24,89,1.25,3329.73
15707.88,71.81,89,0.0,3329.73
15707.88,70.88,89,0.0,3329.73
15707.88,71.58,89,0.0,3329.73
15707.88,71.58,89,0.0,3329.73
15707.88,71.4,89,1.2375,3329.73
15707.88,71.4,89,0.0,3329.73
15707.88,71.82,89,0.0,3329.73
15707.88,71.94,89,1.2125,3329.73
15707.88,72.03,89,0.0,3329.73
15707.88,71.65,89,1.2375,3329.73
15707.88,71.99,84,1.2375,3329.73
15707.88,72.3,84,0.0,3329.73
15707.88,72.23,90,0.0,3329.73
15707.88,72.26,90,1.2375,3329.73
15707.88,72.42,90,0.0,3329.73
15707.88,72.34,89,0.0,3329.73
15707.88,71.83,89,2.4875,3329.73
15707.88,73.1,70,0.0,3329.73
15707.88,71.49,70,1.2375,3329.73
15707.88,71.64,92,0.0,3329.73
15707.88,71.34,92,0.0,3329.73
15707.88,71.65,92,1.25,3329.73
15707.88,72.0,88,0.0,3329.73
15707.88,72.6,88,0.0,3329.73
15707.88,72.97,89,0.0,3329.73
15707.88,73.12,89,1.2125,3329.73
15707.88,73.17,90,0.0,3329.73
15707.88,73.06,90,0.0,3329.73
15707.88,73.06,90,1.2125,3329.73
15707.88,71.36,90,0.0,3329.73
15707.88,72.51,91,0.0,3329.73
15707.88,72.55,91,1.2125,3329.73
15707.88,72.62,87,0.0,3329.73
15707.88,72.62,87,0.0,3329.73
15707.88,72.98,89,0.0,3329.73
15707.88,72.64,90,0.0,3329.73
15707.88,72.53,90,1.25,3329.73
15707.88,72.42,89,0.0,3329.73
15707.88,72.44,89,1.25,3329.73
15707.88,72.38,89,0.0,3329.73
15707.88,72.36,89,1.2375,3329.73
15707.88,72.52,87,0.0,3329.73
15707.88,72.03,87,1.2375,3329.73
15707.88,68.96,75,1.2375,3329.73
15707.88,68.62,75,0.0,3329.73
15707.88,67.96,95,0.0,3329.73
15707.88,68.1,95,0.0,3329.73
15707.88,68.28,90,1.2375,3329.73
15707.88,68.48,90,0.0,3329.73
15707.88,68.63,88,0.0,3329.73
15707.88,68.87,88,0.0,3329.73
15707.88,69.55,89,1.2375,3329.73
15707.88,69.26,89,0.0,3329.73
15707.88,69.47,89,0.0,3329.73
15707.88,72.31,89,1.25,3329.73
15707.88,71.91,89,0.0,3329.73
15707.88,72.35,90,0.0,3329.73
15707.88,72.29,90,0.0,3329.73
15707.88,72.21,90,0.0,3329.73
15707.88,72.66,90,1.25,3329.73
15707.88,72.58,90,0.0,3329.73
15707.88,72.54,91,0.0,3329.73
15707.88,72.14,91,0.0,3329.73
15707.88,72.14,88,1.25,3329.73
15707.88,71.9,88,0.0,3329.73
15707.88,71.96,90,0.0,3329.73
15707.88,72.07,90,0.0,3329.73
15707.88,72.12,89,1.25,3329.73
15707.88,72.13,89,0.0,3329.73
15707.88,72.29,88,1.15,3329.73
15707.88,72.39,88,1.2375,3329.73
15707.88,71.24,81,0.0,3329.73
15707.88,71.35,81,0.0,3329.73
15707.88,71.54,90,1.2375,3329.73
15707.88,71.69,90,1.2375,3329.73
15707.88,72.31,89,0.0,3329.73
15707.88,72.62,89,1.2375,3329.73
15707.88,72.66,90,0.0,3329.73
15707.88,72.58,90,0.0,3329.73
15707.88,72.53,90,1.25,3329.73
15707.88,72.13,90,0.0,3329.73
15707.88,71.3,90,0.0,3329.73
15707.88,72.19,90,0.0,3329.73
15707.88,71.94,89,1.25,3329.73
15707.88,71.89,89,0.0,3329.73
15707.88,71.87,87,0.0,3329.73
15707.88,71.36,87,0.0,3329.73
15707.88,71.12,88,1.2375,3329.73
15707.88,71.17,88,0.0,3329.73
15707.88,71.82,89,0.0,3329.73
15707.88,71.95,89,0.0,3329.73
15707.88,71.94,88,1.2125,3329.73
15707.88,72.05,88,0.0,3329.73
15707.88,72.2,89,0.0,3329.73
15707.88,72.42,88,0.0,3329.73
15707.88,72.31,88,2.425,3329.73
15707.88,72.82,77,1.2125,3329.73
15707.88,72.87,77,0.0,3329.73
15707.88,72.6,90,0.0,3329.73
15707.88,72.62,90,1.2125,3329.73
15707.88,72.25,86,0.0,3329.73
15707.88,72.34,86,0.0,3329.73
15707.88,72.47,87,0.0,3329.73
15707.88,72.82,87,1.225,3329.73
15707.88,72.47,89,0.0,3329.73
15707.88,72.22,89,0.0,3329.73
15707.88,71.33,89,1.2,3329.73
15707.88,70.88,89,0.0,3329.73
15707.88,70.93,86,0.0,3329.73
15707.88,71.02,86,1.2125,3329.73
15707.88,71.07,89,0.0,3329.73
15707.88,70.81,89,0.0,3329.73
15707.88,70.74,89,1.2125,3329.73
15707.88,70.44,89,1.2125,3329.73
15707.88,70.34,87,0.0,3329.73
15707.88,70.52,87,0.0,3329.73
15707.88,70.48,89,1.2125,3329.73
15707.88,70.52,89,0.0,3329.73
15707.88,70.79,89,0.0,3329.73
15707.88,70.96,89,1.225,3329.73
15707.88,70.84,88,0.0,3329.73
15707.88,70.77,88,1.2125,3329.73
15707.88,70.29,68,1.2125,3329.73
15707.88,70.57,68,0.0,3329.73
15707.88,71.08,100,0.0,3329.73
15707.88,69.83,100,1.2125,3329.73
15707.88,69.16,89,0.0,3329.73
15707.88,70.35,89,0.0,3329.73
15707.88,71.45,89,1.2125,3329.73
15707.88,72.44,89,0.0,3329.73
15707.88,73.27,89,0.0,3329.73
15707.88,73.1,89,1.2,3329.73
15707.88,73.14,88,0.0,3329.73
15707.88,73.62,88,1.2125,3329.73
15707.88,72.68,88,0.0,3329.73
15707.88,73.62,90,0.0,3329.73
15707.88,73.62,90,0.0,3329.73
15707.88,74.19,90,1.2125,3329.73
15707.88,72.53,90,0.0,3329.73
15707.88,71.69,88,0.0,3329.73
15707.88,70.99,88,1.2125,3329.73
15707.88,71.24,89,0.0,3329.73
15707.88,71.05,89,0.0,3329.73
15707.88,70.48,87,1.2125,3329.73
15707.88,71.5,87,0.0,3329.73
15707.88,71.48,88,0.0,3329.73
15707.88,71.61,88,1.2125,3329.73
15707.88,71.77,89,0.0,3329.73
15707.88,71.9,89,0.0,3329.73
15707.88,71.88,91,3.6625,3329.73
15707.88,70.88,91,0.0,3329.73
15707.88,70.95,75,1.225,3329.73
15707.88,70.58,75,0.0,3329.73
15707.88,70.74,89,0.0,3329.73
15707.88,71.43,89,0.0,3329.73
15707.88,70.85,88,1.2125,3329.73
15707.88,71.47,88,0.0,3329.73
15707.88,71.77,88,0.0,3329.73
15707.88,71.97,88,1.2125,3329.73
15707.88,71.63,89,0.0,3329.73
15707.88,71.58,89,0.0,3329.73
15707.88,72.42,90,0.0,3329.73
15707.88,72.11,90,1.2125,3329.73
15707.88,72.17,90,0.0,3329.73
15707.88,71.97,90,0.0,3329.73
15707.88,71.91,88,1.2125,3329.73
15707.88,71.69,88,0.0,3329.73
15707.88,71.32,88,0.0,3329.73
15707.88,71.13,88,1.2125,3329.73
15707.88,71.05,89,0.0,3329.73
15707.88,71.21,89,0.0,3329.73
15707.88,71.4,88,1.2125,3329.73
15707.88,71.69,90,0.0,3329.73
15707.88,71.73,90,1.2125,3329.73
15707.88,71.85,90,1.2125,3329.73
15707.88,71.78,90,2.4125,3329.73
15707.88,73.29,73,0.0,3329.73
15707.88,72.03,73,1.2125,3329.73
15707.88,72.09,92,0.0,3329.73
15707.88,72.24,92,0.0,3329.73
15707.88,72.44,89,1.2125,3329.73
15707.88,72.39,89,0.0,3329.73
15707.88,72.44,90,0.0,3329.73
15707.88,72.66,90,0.0,3329.73
15707.88,72.77,89,1.2125,3329.73
15707.88,72.59,89,0.0,3329.73
15707.88,72.28,89,0.0,3329.73
15707.88,70.48,89,1.1875,3329.73
15707.88,71.64,89,0.0,3329.73
15707.88,71.3,89,0.0,3329.73
15707.88,71.13,88,1.225,3329.73
15707.88,70.81,88,0.0,3329.73
15707.88,70.73,88,0.0,3329.73
15707.88,70.94,88,1.2125,3329.73
15707.88,70.91,88,0.0,3329.73
15707.88,70.77,88,0.0,3329.73
15707.88,70.8,90,1.2125,3329.73
15707.88,70.94,90,0.0,3329.73
15707.88,71.06,89,0.0,3329.73
15707.88,71.11,89,1.2125,3329.73
15707.88,71.05,88,0.0,3329.73
15707.88,70.93,88,2.425,3329.73
15707.88,67.91,73,0.0,3329.73
15707.88,67.96,73,1.2125,3329.73
15707.88,66.93,90,0.0,3329.73
15707.88,66.97,90,0.0,3329.73
15707.88,67.5,89,1.2125,3329.73
15707.88,67.84,90,0.0,3329.73
15707.88,68.19,90,0.0,3329.73
15707.88,68.54,90,0.0,3329.73
15707.88,68.8,90,1.2125,3329.73
15707.88,68.98,89,0.0,3329.73
15707.88,72.38,89,0.0,3329.73
15707.88,72.42,87,1.2125,3329.73
15707.88,72.9,87,0.0,3329.73
15707.88,72.76,90,0.0,3329.73
15707.88,72.55,90,1.225,3329.73
15707.88,72.47,89,0.0,3329.73
15707.88,72.54,89,0.0,3329.73
15707.88,72.47,89,1.2125,3329.73
15707.88,72.77,89,0.0,3329.73
15707.88,72.75,89,0.0,3329.73
15707.88,72.39,89,0.0,3329.73
15707.88,72.27,89,1.2125,3329.73
15707.88,72.02,89,0.0,3329.73
15707.88,72.24,90,0.0,3329.73
15707.88,72.36,90,2.4375,3329.73
15707.88,72.32,89,0.0,3329.73
15707.88,72.98,89,1.2125,3329.73
15707.88,71.47,77,0.0,3329.73
15707.88,71.47,77,0.0,3329.73
15707.88,71.2,90,1.2125,3329.73
15707.88,71.64,90,0.0,3329.73
15707.88,71.81,90,1.2125,3329.73
15707.88,72.48,90,1.2125,3329.73
15707.88,72.58,87,0.0,3329.73
15707.88,73.01,87,0.0,3329.73
15707.88,73.67,88,1.2125,3329.73
15707.88,73.01,88,0.0,3329.73
15707.88,72.0,89,0.0,3329.73
15707.88,73.09,88,0.0,3329.73
15707.88,73.08,88,1.2125,3329.73
15707.88,73.14,89,0.0,3329.73
15707.88,73.06,89,1.2,3329.73
15707.88,73.15,86,0.0,3329.73
15707.88,72.73,86,0.0,3329.73
15707.88,72.14,90,1.2125,3329.73
15707.88,72.14,90,0.0,3329.73
15707.88,71.76,87,0.0,3329.73
15707.88,72.05,87,0.0,3329.73
15707.88,72.3,86,1.2125,3329.73
15707.88,72.35,86,0.0,3329.73
15707.88,71.83,89,2.425,3329.73
15707.88,68.5,89,1.2125,3329.73
15707.88,68.58,70,0.0,3329.73
15707.88,67.79,70,1.2125,3329.73
15707.88,67.98,89,0.0,3329.73
15707.88,68.28,89,0.0,3329.73
15707.88,68.48,90,1.2125,3329.73
15707.88,68.75,90,0.0,3329.73
15707.88,69.08,89,0.0,3329.73
15707.88,69.49,89,1.2125,3329.73
15707.88,69.67,87,0.0,3329.73
15707.88,69.45,87,0.0,3329.73
15707.88,72.45,88,0.0,3329.73
15707.88,71.95,88,1.2125,3329.73
15707.88,72.54,90,0.0,3329.73
15707.88,72.25,90,0.0,3329.73
15707.88,72.23,89,0.0,3329.73
15707.88,72.25,89,1.2125,3329.73
15707.88,72.31,86,0.0,3329.73
15707.88,71.98,86,0.0,3329.73
15707.88,71.44,90,1.2125,3329.73
15707.88,71.0,90,0.0,3329.73
15707.88,71.18,90,0.0,3329.73
15707.88,70.82,88,2.4375,3329.73
15707.88,71.02,88,0.0,3329.73
15707.88,71.13,89,0.0,3329.73
15707.88,71.75,89,2.4875,3329.73
15707.88,72.81,69,0.0,3329.73
15707.88,71.1,69,1.2125,3329.73
15707.88,71.26,91,0.0,3329.73
15707.88,71.48,91,0.0,3329.73
15707.88,71.83,89,1.225,3329.73
15707.88,72.31,89,0.0,3329.73
15707.88,73.08,89,0.0,3329.73
15707.88,73.27,89,0.0,3329.73
15707.88,73.25,90,1.2125,3329.73
15707.88,72.5,90,0.0,3329.73
15707.88,72.34,89,0.0,3329.73
15707.88,70.98,89,1.2,3329.73
15707.88,72.21,88,0.0,3329.73
15707.88,71.69,88,0.0,3329.73
15707.88,71.43,89,1.2125,3329.73
15707.88,71.72,89,0.0,3329.73
15707.88,71.67,89,0.0,3329.73
15707.88,70.89,89,1.225,3329.73
15707.88,70.86,87,0.0,3329.73
15707.88,70.96,87,1.2125,3329.73
15707.88,71.05,90,1.175,3329.73
15707.88,70.92,90,0.0,3329.73
15707.88,70.99,89,0.0,3329.73
15707.88,71.14,89,1.225,3329.73
15707.88,71.27,90,0.0,3329.73
15707.88,71.45,90,2.4375,3329.73
15707.88,70.98,89,0.0,3329.73
15707.88,71.69,77,0.0,3329.73
15707.88,70.82,77,0.0,3329.73
15707.88,69.55,86,1.2,3329.73
15707.88,69.91,86,0.0,3329.73
15707.88,70.21,89,1.2125,3329.73
15707.88,70.27,89,0.0,3329.73
15707.88,70.63,88,0.0,3329.73
15707.88,70.75,88,0.0,3329.73
15707.88,70.23,87,0.0,3329.73
15707.88,70.0,87,1.225,3329.73
15707.88,69.05,89,0.0,3329.73
15707.88,70.36,89,0.0,3329.73
15707.88,70.64,90,1.225,3329.73
15707.88,71.18,90,0.0,3329.73
15707.88,71.22,89,1.225,3329.73
15707.88,71.16,89,0.0,3329.73
15707.88,69.79,87,0.0,3329.73
15707.88,69.72,87,1.225,3329.73
15707.88,69.76,90,0.0,3329.73
15707.88,70.15,90,0.0,3329.73
15707.88,70.22,90,0.0,3329.73
15707.88,70.27,90,0.0,3329.73
15707.88,70.18,90,1.2125,3329.73
15707.88,70.17,89,0.0,3329.73
15707.88,70.44,89,2.425,3329.73
15707.88,66.98,89,0.0,3329.73
15707.88,67.01,76,1.2125,3329.73
15707.88,68.03,90,0.0,3329.73
15707.88,68.04,90,0.0,3329.73
15707.88,68.56,88,0.0,3329.73
15707.88,68.87,88,1.2125,3329.73
15707.88,69.02,88,0.0,3329.73
15707.88,69.38,88,0.0,3329.73
15707.88,69.38,89,1.225,3329.73
15707.88,69.47,89,1.2125,3329.73
15707.88,72.49,89,0.0,3329.73
15707.88,72.23,89,0.0,3329.73
15707.88,73.09,86,0.0,3329.73
15707.88,72.94,86,1.2125,3329.73
15707.88,72.72,90,0.0,3329.73
15707.88,72.61,90,0.0,3329.73
15707.88,72.65,88,0.0,3329.73
15707.88,72.6,88,1.2125,3329.73
15707.88,72.11,89,0.0,3329.73
15707.88,72.28,89,1.2125,3329.73
15707.88,71.48,88,0.0,3329.73
15707.88,71.33,88,0.0,3329.73
15707.88,71.56,89,1.225,3329.73
15707.88,71.07,89,0.0,3329.73
15707.88,71.04,88,0.0,3329.73
15707.88,71.08,88,2.425,3329.73
15707.88,73.11,73,0.0,3329.73
15707.88,71.5,73,1.2125,3329.73
15707.88,71.33,92,0.0,3329.73
15707.88,71.85,92,0.0,3329.73
15707.88,72.09,89,1.2125,3329.73
15707.88,72.71,89,0.0,3329.73
15707.88,73.0,89,0.0,3329.73
15707.88,73.15,89,1.2125,3329.73
15707.88,73.44,88,0.0,3329.73
15707.88,73.22,90,0.0,3329.73
15707.88,70.72,90,0.0,3329.73
15707.88,71.9,90,1.2125,3329.73
15707.88,71.81,90,0.0,3329.73
15707.88,71.91,86,0.0,3329.73
15707.88,71.87,86,1.2125,3329.73
15707.88,71.81,89,0.0,3329.73
15707.88,71.85,89,0.0,3329.73
15707.88,71.63,89,0.0,3329.73
15707.88,71.25,88,1.2125,3329.73
15707.88,71.38,88,1.2375,3329.73
15707.88,71.25,89,0.0,3329.73
15707.88,71.05,89,0.0,3329.73
15707.88,71.17,90,1.25,3329.73
15707.88,71.78,90,0.0,3329.73
15707.88,71.81,89,0.0,3329.73
15707.88,68.87,89,2.4875,3329.73
15707.88,68.95,78,0.0,3329.73
15707.88,68.95,78,1.25,3329.73
15707.88,68.26,86,0.0,3329.73
15707.88,68.44,86,0.0,3329.73
15707.88,68.69,90,1.2375,3329.73
15707.88,68.93,90,0.0,3329.73
15707.88,69.34,89,0.0,3329.73
15707.88,70.2,87,1.2375,3329.73
15707.88,70.71,87,0.0,3329.73
15707.88,70.24,89,0.0,3329.73
15707.88,69.92,89,1.225,3329.73
15707.88,72.28,90,0.0,3329.73
15707.88,72.82,90,0.0,3329.73
15707.88,72.69,90,1.2375,3329.73
15707.88,72.59,90,0.0,3329.73
15707.88,72.29,89,0.0,3329.73
15707.88,72.35,89,1.2375,3329.73
15707.88,71.91,89,0.0,3329.73
15707.88,71.45,89,0.0,3329.73
15707.88,71.57,90,1.2375,3329.73
15707.88,71.51,90,0.0,3329.73
15707.88,71.49,87,0.0,3329.73
15707.88,71.68,87,1.2375,3329.73
15707.88,71.87,90,0.0,3329.73
15707.88,71.99,90,0.0,3329.73
15747.88,71.89,88,2.4875,3329.73
15747.88,74.12,88,0.0,3329.73
15747.88,74.19,75,1.2375,3329.73
15747.88,74.33,75,0.0,3329.73
15747.88,73.38,97,1.25,3329.73
15747.88,73.31,97,0.0,3329.73
15747.88,73.53,88,0.0,3329.73
15747.88,73.74,88,1.25,3329.73
15747.88,73.31,89,0.0,3329.73
15747.88,73.36,89,0.0,3329.73
15747.88,72.95,90,1.2125,3329.73
15747.88,73.51,90,0.0,3329.73
15747.88,72.16,90,0.0,3329.73
15747.88,71.49,90,1.2125,3329.73
15747.88,71.04,87,0.0,3329.73
15747.88,71.3,87,0.0,3329.73
15747.88,72.05,87,1.2125,3329.73
15747.88,72.43,89,0.0,3329.73
15747.88,72.22,89,0.0,3329.73
15747.88,72.54,88,1.2125,3329.73
15747.88,72.47,88,0.0,3329.73
15747.88,72.23,90,0.0,3329.73
15747.88,72.23,90,1.225,3329.73
15747.88,72.79,90,0.0,3329.73
15747.88,73.22,90,0.0,3329.73
15747.88,73.8,91,0.0,3329.73
15747.88,73.1,91,1.225,3329.73
15747.88,72.55,89,0.0,3329.73
15747.88,72.62,89,0.0,3329.73
15747.88,69.75,77,2.425,3329.73
15747.88,69.92,77,2.125,3329.73
15747.88,69.15,84,0.0,3329.73
15747.88,69.24,84,0.0,3329.73
15747.88,69.14,89,1.225,3329.73
15747.88,68.78,89,0.0,3329.73
15747.88,68.74,90,1.2125,3329.73
15747.88,69.14,90,0.0,3329.73
15747.88,69.51,88,0.0,3329.73
15747.88,69.7,88,1.225,3329.73
15747.88,69.42,88,0.0,3329.73
15747.88,72.22,88,0.0,3329.73
15747.88,71.76,89,1.2125,3329.73
15747.88,72.38,89,0.0,3329.73
15747.88,72.31,90,0.0,3329.73
15747.88,72.29,90,1.225,3329.73
15747.88,72.27,90,0.0,3329.73
15747.88,72.29,88,0.0,3329.73
15747.88,72.12,87,1.225,3329.73
15747.88,71.76,88,0.0,3329.73
15747.88,71.54,88,0.0,3329.73
15747.88,71.8,88,0.0,3329.73
15747.88,71.75,90,0.0,3329.73
15747.88,72.3,90,1.2125,3329.73
15747.88,72.3,89,0.0,3329.73
15747.88,72.31,89,0.0,3329.73
15747.88,74.08,90,3.5375,3329.73
15747.88,72.36,79,0.0,3329.73
15747.88,72.43,79,1.1625,3329.73
15747.88,72.66,88,0.0,3329.73
15747.88,72.73,88,1.2125,3329.73
15747.88,72.89,88,0.0,3329.73
15747.88,73.32,88,0.0,3329.73
15747.88,73.72,87,1.2125,3329.73
15747.88,73.36,87,0.0,3329.73
15747.88,73.1,88,0.0,3329.73
15747.88,72.83,88,1.2125,3329.73
15747.88,70.72,90,0.0,3329.73
15747.88,72.06,90,0.0,3329.73
15747.88,71.73,90,1.2125,3329.73
15747.88,71.36,90,0.0,3329.73
15747.88,71.45,90,0.0,3329.73
15747.88,71.47,87,0.0,3329.73
15747.88,71.46,89,1.15,3329.73
15747.88,71.75,89,1.2125,3329.73
15747.88,71.72,89,1.2125,3329.73
15747.88,71.77,89,0.0,3329.73
15747.88,71.83,88,0.0,3329.73
15747.88,71.87,88,0.0,3329.73
15747.88,72.02,88,1.25,3329.73
15747.88,72.15,90,0.0,3329.73
15747.88,72.33,90,2.4875,3329.73
15747.88,69.61,90,0.0,3329.73
15747.88,70.31,72,0.0,3329.73
15747.88,69.19,72,1.2375,3329.73
15747.88,68.75,89,0.0,3329.73
15747.88,68.75,89,0.0,3329.73
15747.88,68.99,88,1.2375,3329.73
15747.88,69.59,88,0.0,3329.73
15747.88,69.53,87,0.0,3329.73
15747.88,69.93,87,0.0,3329.73
15747.88,70.09,88,1.2375,3329.73
15747.88,70.09,88,0.0,3329.73
15747.88,72.53,90,0.0,3329.73
15747.88,71.62,90,0.0,3329.73
15747.88,72.2,86,1.2375,3329.73
15747.88,72.32,86,0.0,3329.73
15747.88,72.25,89,0.0,3329.73
15747.88,71.93,89,1.25,3329.73
15747.88,71.56,87,0.0,3329.73
15747.88,71.81,87,0.0,3329.73
15747.88,71.38,91,1.25,3329.73
15747.88,71.42,91,1.25,3329.73
15747.88,71.83,88,0.0,3329.73
15747.88,71.92,88,1.2375,3329.73
15747.88,72.02,90,0.0,3329.73
15747.88,72.53,90,0.0,3329.73
15747.88,72.25,88,0.0,3329.73
15747.88,72.21,88,2.4875,3329.73
15747.88,69.79,68,0.0,3329.73
15747.88,69.98,68,1.25,3329.73
15747.88,69.36,93,0.0,3329.73
15747.88,69.36,93,0.0,3329.73
15747.88,69.61,86,0.0,3329.73
15747.88,69.15,86,0.0,3329.73
15747.88,69.3,88,1.2375,3329.73
15747.88,69.44,89,0.0,3329.73
15747.88,69.55,89,0.0,3329.73
15747.88,69.28,88,0.0,3329.73
15747.88,71.74,88,1.2375,3329.73
15747.88,71.19,87,0.0,3329.73
15747.88,71.64,87,0.0,3329.73
15747.88,71.64,87,0.0,3329.73
15747.88,71.75,88,1.2375,3329.73
15747.88,71.82,88,0.0,3329.73
15747.88,71.8,80,1.2,3329.73
15747.88,71.94,80,1.2125,3329.73
15747.88,72.16,88,0.0,3329.73
15747.88,72.37,88,1.2125,3329.73
15747.88,72.64,87,0.0,3329.73
15747.88,72.64,87,0.0,3329.73
15747.88,73.1,89,1.2,3329.73
15747.88,73.1,89,0.0,3329.73
15747.88,73.05,89,0.0,3329.73
15747.88,73.0,89,2.3375,3329.73
15747.88,69.19,90,1.2125,3329.73
15747.88,69.37,90,0.0,3329.73
15747.88,69.29,70,0.0,3329.73
15747.88,69.29,70,1.2125,3329.73
15747.88,68.68,92,0.0,3329.73
15747.88,68.68,92,0.0,3329.73
15747.88,68.6,87,1.225,3329.73
15747.88,68.6,87,0.0,3329.73
15747.88,68.89,91,0.0,3329.73
15747.88,69.15,91,0.0,3329.73
15747.88,68.94,91,0.0,3329.73
15747.88,68.94,91,1.225,3329.73
15747.88,71.82,91,0.0,3329.73
15747.88,71.3,88,0.0,3329.73
15747.88,71.74,88,0.0,3329.73
15747.88,71.64,89,1.225,3329.73
15747.88,71.6,89,0.0,3329.73
15747.88,71.47,88,1.2125,3329.73
15747.88,71.38,88,1.2125,3329.73
15747.88,70.85,89,0.0,3329.73
15747.88,71.06,89,0.0,3329.73
15747.88,71.11,91,0.0,3329.73
15747.88,70.97,91,1.2,3329.73
15747.88,71.19,89,0.0,3329.73
15747.88,71.51,89,1.2,3329.73
15747.88,71.6,85,0.0,3329.73
15747.88,71.6,85,0.0,3329.73
15747.88,71.62,87,2.4125,3329.73
15747.88,68.65,87,0.0,3329.73
15747.88,68.94,77,0.0,3329.73
15747.88,68.75,77,0.0,3329.73
15747.88,69.03,95,1.225,3329.73
15747.88,69.7,95,0.0,3329.73
15747.88,69.7,90,0.0,3329.73
15747.88,70.28,90,0.0,3329.73
15747.88,70.68,90,1.2125,3329.73
15747.88,70.59,90,1.225,3329.73
15747.88,70.4,91,0.0,3329.73
15747.88,70.4,90,0.0,3329.73
15747.88,73.48,90,0.0,3329.73
15747.88,73.1,91,1.225,3329.73
15747.88,72.78,91,0.0,3329.73
15747.88,72.86,91,0.0,3329.73
15747.88,72.62,91,0.0,3329.73
15747.88,71.83,91,1.225,3329.73
15747.88,71.45,91,0.0,3329.73
15747.88,71.24,91,0.0,3329.73
15747.88,71.4,91,0.0,3329.73
15747.88,71.16,90,1.225,3329.73
15747.88,71.01,90,0.0,3329.73
15747.88,71.02,90,0.0,3329.73
15747.88,71.32,90,0.0,3329.73
15747.88,71.39,90,1.225,3329.73
15747.88,71.49,90,0.0,3329.73
15747.88,71.55,90,2.425,3329.73
15747.88,72.47,90,0.0,3329.73
15747.88,71.43,78,0.0,3329.73
15747.88,71.27,78,0.0,3329.73
15747.88,71.42,89,1.225,3329.73
15747.88,71.86,89,0.0,3329.73
15747.88,72.18,89,0.0,3329.73
15747.88,72.55,89,0.0,3329.73
15747.88,72.56,90,1.225,3329.73
15747.88,72.63,90,0.0,3329.73
15747.88,72.45,90,0.0,3329.73
15747.88,72.23,90,0.0,3329.73
15747.88,70.97,90,1.2,3329.73
15747.88,71.96,89,0.0,3329.73
15747.88,72.11,89,1.2125,3329.73
15747.88,72.07,87,0.0,3329.73
15747.88,71.94,87,0.0,3329.73
15747.88,71.6,91,1.225,3329.73
15747.88,71.74,91,0.0,3329.73
15747.88,71.71,91,0.0,3329.73
15747.88,71.36,91,1.2125,3329.73
15747.88,71.39,88,0.0,3329.73
15747.88,71.42,88,0.0,3329.73
15747.88,71.48,90,0.0,3329.73
15747.88,71.31,90,1.225,3329.73
15747.88,71.38,88,0.0,3329.73
15747.88,68.81,88,1.225,3329.73
15747.88,68.31,82,1.2125,3329.73
15747.88,67.48,82,0.0,3329.73
15747.88,67.48,91,0.0,3329.73
15747.88,67.63,91,1.15,3329.73
15747.88,68.29,90,0.0,3329.73
15747.88,68.35,90,0.0,3329.73
15747.88,68.63,89,1.2125,3329.73
15747.88,68.92,89,0.0,3329.73
15747.88,68.99,89,0.0,3329.73
15747.88,69.0,89,1.2125,3329.73
15747.88,71.27,91,0.0,3329.73
15747.88,71.44,91,1.2375,3329.73
15747.88,72.08,90,0.0,3329.73
15747.88,72.26,90,0.0,3329.73
15747.88,72.14,90,0.0,3329.73
15747.88,72.0,90,1.225,3329.73
15747.88,72.08,90,0.0,3329.73
15747.88,72.05,90,0.0,3329.73
15747.88,71.84,90,0.0,3329.73
15747.88,72.11,89,1.225,3329.73
15747.88,72.0,89,0.0,3329.73
15747.88,72.03,90,1.225,3329.73
15747.88,72.3,90,0.0,3329.73
15747.88,72.06,91,1.2125,3329.73
15747.88,71.97,91,2.4875,3329.73
15747.88,73.56,70,0.0,3329.73
15747.88,72.36,70,1.25,3329.73
15747.88,72.42,92,0.0,3329.73
15747.88,72.58,92,0.0,3329.73
15747.88,72.62,92,1.25,3329.73
15747.88,72.71,91,0.0,3329.73
15747.88,72.71,91,0.0,3329.73
15747.88,73.1,91,0.0,3329.73
15747.88,73.64,91,1.2375,3329.73
15747.88,73.97,88,0.0,3329.73
15747.88,73.84,88,0.0,3329.73
15747.88,73.8,88,0.0,3329.73
15747.88,72.01,88,1.2375,3329.73
15747.88,72.91,92,0.0,3329.73
15747.88,72.69,89,0.0,3329.73
15747.88,72.61,89,1.2375,3329.73
15747.88,72.56,89,0.0,3329.73
15747.88,72.37,89,0.0,3329.73
15747.88,72.35,89,0.0,3329.73
15747.88,72.23,89,1.25,3329.73
15747.88,71.76,90,1.2375,3329.73
15747.88,71.8,90,0.0,3329.73
15747.88,71.8,90,0.0,3329.73
15747.88,71.9,90,0.0,3329.73
15747.88,71.98,90,1.25,3329.73
15747.88,72.08,90,2.4375,3329.73
15747.88,72.82,70,0.0,3329.73
15747.88,71.7,70,1.2375,3329.73
15747.88,71.94,91,0.0,3329.73
15747.88,71.99,91,1.2375,3329.73
15747.88,72.28,87,0.0,3329.73
15747.88,72.64,87,0.0,3329.73
15747.88,73.09,88,0.0,3329.73
15747.88,73.36,88,1.2375,3329.73
15747.88,73.6,88,0.0,3329.73
15747.88,73.38,90,0.0,3329.73
15747.88,73.12,90,0.0,3329.73
15747.88,72.05,90,1.25,3329.73
15747.88,72.05,90,0.0,3329.73
15747.88,72.91,90,0.0,3329.73
15747.88,72.43,90,0.0,3329.73
15747.88,72.08,89,0.0,3329.73
15747.88,71.98,89,1.25,3329.73
15747.88,71.96,89,0.0,3329.73
15747.88,71.75,90,0.0,3329.73
15747.88,71.73,90,0.0,3329.73
15747.88,71.61,90,0.0,3329.73
15747.88,71.74,90,0.0,3329.73
15747.88,71.68,90,1.25,3329.73
15747.88,71.89,90,0.0,3329.73
15747.88,71.75,85,0.0,3329.73
15747.88,71.88,85,0.0,3329.73
15747.88,72.1,88,3.7375,3329.73
15747.88,73.65,88,0.0,3329.73
15747.88,71.94,72,0.0,3329.73
15747.88,71.76,72,0.0,3329.73
15747.88,71.92,90,1.2375,3329.73
15747.88,72.17,90,0.0,3329.73
15747.88,72.48,90,0.0,3329.73
15747.88,72.92,90,0.0,3329.73
15747.88,73.18,90,0.0,3329.73
15747.88,73.42,90,1.2375,3329.73
15747.88,73.31,90,0.0,3329.73
15747.88,72.94,90,0.0,3329.73
15747.88,70.93,90,0.0,3329.73
15747.88,72.12,90,1.2375,3329.73
15747.88,72.26,90,0.0,3329.73
15747.88,72.24,90,0.0,3329.73
15747.88,72.34,88,0.0,3329.73
15747.88,72.44,88,1.2125,3329.73
15747.88,72.41,89,0.0,3329.73
15747.88,72.33,89,0.0,3329.73
15747.88,72.29,88,0.0,3329.73
15747.88,72.28,90,0.0,3329.73
15747.88,72.19,90,0.0,3329.73
15747.88,72.26,90,2.4625,3329.73
15747.88,72.48,87,0.0,3329.73
15747.88,72.39,87,0.0,3329.73
15747.88,68.62,89,1.225,3329.73
15747.88,68.51,89,0.0,3329.73
15747.88,68.36,79,1.225,3329.73
15747.88,66.82,96,0.0,3329.73
15747.88,66.81,96,0.0,3329.73
15747.88,67.0,89,0.0,3329.73
15747.88,67.25,89,1.225,3329.73
15747.88,67.25,89,0.0,3329.73
15747.88,67.75,89,0.0,3329.73
15747.88,67.75,89,0.0,3329.73
15747.88,67.66,90,1.225,3329.73
15747.88,67.66,90,0.0,3329.73
15747.88,70.71,89,0.0,3329.73
15747.88,70.71,89,0.0,3329.73
15747.88,70.71,88,1.2,3329.73
15747.88,71.84,88,0.0,3329.73
15747.88,71.7,90,1.2125,3329.73
15747.88,71.66,90,1.2,3329.73
15747.88,71.7,89,0.0,3329.73
15747.88,71.52,89,0.0,3329.73
15747.88,71.33,89,1.2125,3329.73
15747.88,71.69,91,0.0,3329.73
15747.88,71.52,91,0.0,3329.73
15747.88,71.27,90,0.0,3329.73
15747.88,71.27,90,1.2125,3329.73
15747.88,70.83,87,0.0,3329.73
15747.88,71.57,87,0.0,3329.73
15747.88,72.16,89,1.2,3329.73
15747.88,72.65,89,1.225,3329.73
15747.88,73.43,70,2.1625,3329.73
15747.88,73.74,70,0.0,3329.73
15747.88,73.84,92,1.2125,3329.73
15747.88,74.26,92,0.0,3329.73
15747.88,74.65,90,1.2125,3329.73
15747.88,74.65,90,0.0,3329.73
15747.88,75.52,89,1.2125,3329.73
15747.88,75.18,89,0.0,3329.73
15747.88,75.18,88,0.0,3329.73
15747.88,74.27,88,0.0,3329.73
15747.88,73.4,90,0.0,3329.73
15747.88,71.11,90,1.225,3329.73
15747.88,72.24,88,0.0,3329.73
15747.88,71.79,88,0.0,3329.73
15747.88,71.83,89,0.0,3329.73
15747.88,71.83,89,0.0,3329.73
15747.88,71.74,89,1.225,3329.73
15747.88,71.85,89,0.0,3329.73
15747.88,71.85,89,0.0,3329.73
15747.88,71.63,88,1.225,3329.73
15747.88,71.5,88,0.0,3329.73
15747.88,71.6,90,0.0,3329.73
15747.88,71.74,90,0.0,3329.73
15747.88,71.58,90,1.225,3329.73
15747.88,71.47,90,0.0,3329.73
15747.88,68.66,79,2.425,3329.73
15747.88,68.79,79,0.0,3329.73
15747.88,67.98,89,1.2125,3329.73
15747.88,67.93,89,0.0,3329.73
15747.88,68.17,90,0.0,3329.73
15747.88,68.69,90,1.2125,3329.73
15747.88,69.08,91,0.0,3329.73
15747.88,69.35,91,0.0,3329.73
15747.88,69.48,90,0.0,3329.73
15747.88,69.61,90,1.2125,3329.73
15747.88,69.54,89,0.0,3329.73
15747.88,72.0,89,0.0,3329.73
15747.88,71.42,90,1.2125,3329.73
15747.88,71.78,90,0.0,3329.73
15747.88,71.72,87,0.0,3329.73
15747.88,71.59,87,1.2125,3329.73
15747.88,71.52,89,0.0,3329.73
15747.88,71.76,89,0.0,3329.73
15747.88,71.68,89,0.0,3329.73
15747.88,71.71,90,1.2125,3329.73
15747.88,71.71,90,0.0,3329.73
15747.88,71.61,89,0.0,3329.73
15747.88,71.84,89,1.2375,3329.73
15747.88,72.12,88,0.0,3329.73
15747.88,72.17,88,0.0,3329.73
15747.88,72.15,90,3.625,3329.73
15747.88,74.11,90,0.0,3329.73
15747.88,72.42,75,1.2125,3329.73
15747.88,72.47,75,0.0,3329.73
15747.88,73.09,75,0.0,3329.73
15747.88,73.35,89,1.2125,3329.73
15747.88,73.52,90,0.0,3329.73
15747.88,73.93,90,0.0,3329.73
15747.88,74.23,90,0.0,3329.73
15747.88,74.23,86,1.2125,3329.73
15747.88,74.18,86,0.0,3329.73
15747.88,73.96,90,0.0,3329.73
15747.88,73.96,89,0.0,3329.73
15747.88,71.72,89,1.225,3329.73
15747.88,72.41,90,0.0,3329.73
15747.88,72.05,90,0.0,3329.73
15747.88,71.88,90,0.0,3329.73
15747.88,71.93,90,0.0,3329.73
15747.88,71.82,91,1.225,3329.73
15747.88,71.67,91,1.225,3329.73
15747.88,71.33,90,0.0,3329.73
15747.88,71.22,90,0.0,3329.73
15747.88,71.68,89,0.0,3329.73
15747.88,71.33,89,1.225,3329.73
15747.88,71.4,90,0.0,3329.73
15747.88,71.6,90,0.0,3329.73
15747.88,71.58,90,1.225,3329.73
15747.88,68.29,90,1.225,3329.73
15747.88,68.44,75,0.0,3329.73
15747.88,68.61,75,0.0,3329.73
15747.88,68.59,95,0.0,3329.73
15747.88,69.56,95,1.225,3329.73
15747.88,70.06,90,0.0,3329.73
15747.88,70.6,90,0.0,3329.73
15747.88,71.7,88,1.2125,3329.73
15747.88,72.02,88,0.0,3329.73
15747.88,71.8,88,0.0,3329.73
15747.88,71.67,87,0.0,3329.73
15747.88,74.35,87,1.225,3329.73
15747.88,73.75,90,0.0,3329.73
15747.88,73.59,90,1.2125,3329.73
15747.88,72.57,89,0.0,3329.73
15747.88,72.83,89,0.0,3329.73
15747.88,72.08,89,0.0,3329.73
15747.88,71.48,89,1.15,3329.73
15747.88,71.77,89,1.225,3329.73
15747.88,72.19,89,0.0,3329.73
15747.88,72.39,90,0.0,3329.73
15747.88,72.84,90,0.0,3329.73
15747.88,73.22,90,1.2125,3329.73
15747.88,73.99,90,0.0,3329.73
15747.88,74.59,90,1.2125,3329.73
15747.88,74.81,89,1.225,3329.73
15747.88,74.34,89,0.0,3329.86
15747.88,71.91,69,2.2875,3329.86
15747.88,72.76,69,0.0,3329.86
15747.88,71.1,91,0.0,3329.86
15747.88,71.1,91,0.0,3329.86
15747.88,71.07,91,1.2375,3329.86
15747.88,70.95,90,0.0,3329.86
15747.88,68.94,90,1.125,3329.86
15747.88,68.68,84,0.0,3329.86
15747.88,68.61,84,0.0,3329.86
15747.88,68.61,89,1.2125,3329.86
15747.88,70.57,89,0.0,3329.86
15747.88,69.51,90,0.0,3329.86
15747.88,70.53,90,1.225,3329.86
15747.88,70.53,87,0.0,3329.86
15747.88,70.13,87,0.0,3329.86
15747.88,70.13,86,0.0,3329.86
15747.88,69.93,86,1.2125,3329.86
15747.88,70.18,89,1.2125,3329.86
15747.88,71.37,89,0.0,3329.86
15747.88,71.27,90,1.2,3329.86
15747.88,71.36,90,0.0,3329.86
15747.88,71.23,89,0.0,3329.86
15747.88,70.84,89,1.2125,3329.86
15747.88,70.2,87,0.0,3329.86
15747.88,70.5,87,0.0,3329.86
15747.88,70.49,89,2.3,3329.86
15747.88,67.54,74,1.175,3329.86
15747.88,67.54,74,0.0,3329.86
15747.88,68.2,88,0.0,3329.86
15747.88,67.86,88,1.2125,3329.86
15747.88,67.89,88,0.0,3329.86
15747.88,68.22,88,0.0,3329.86
15747.88,68.97,90,0.0,3329.86
15747.88,70.02,90,1.2125,3329.86
15747.88,70.05,90,0.0,3329.86
15747.88,69.83,90,1.2,3329.86
15747.88,69.57,90,1.2125,3329.86
15747.88,72.58,90,0.0,3329.86
15747.88,70.89,85,1.2125,3329.86
15747.88,71.26,85,0.0,3329.86
15747.88,71.72,88,0.0,3329.86
15747.88,71.62,88,1.2125,3329.86
15747.88,71.65,90,0.0,3329.86
15747.88,71.67,90,0.0,3329.86
15747.88,71.59,89,0.0,3329.86
15747.88,71.39,89,1.225,3329.86
15747.88,71.37,89,0.0,3329.86
15747.88,71.4,90,0.0,3329.86
15747.88,71.22,90,0.0,3329.86
15747.88,71.84,88,1.225,3329.86
15747.88,71.76,88,0.0,3329.86
15747.88,71.81,90,0.0,3329.86
15747.88,71.69,90,0.0,3329.86
15747.88,71.61,88,2.4375,3329.86
15747.88,73.77,88,0.0,3329.86
15747.88,72.25,74,0.0,3329.86
15747.88,72.34,74,1.2125,3329.86
15747.88,72.63,89,0.0,3329.86
15747.88,73.09,89,0.0,3329.86
15747.88,73.14,91,0.0,3329.86
15747.88,73.25,91,1.225,3329.86
15747.88,73.47,90,0.0,3329.86
15747.88,73.6,90,0.0,3329.86
15747.88,73.4,90,0.0,3329.86
15747.88,72.98,90,1.225,3329.86
15747.88,70.61,89,0.0,3329.86
15747.88,72.06,89,0.0,3329.86
15747.88,71.99,90,0.0,3329.86
15747.88,71.97,90,1.225,3329.86
15747.88,71.85,90,0.0,3329.86
15747.88,72.2,90,0.0,3329.86
15747.88,72.34,90,1.225,3329.86
15747.88,71.9,88,0.0,3329.86
15747.88,71.57,88,0.0,3329.86
15747.88,71.49,88,2.4375,3329.86
15747.88,71.72,88,0.0,3329.86
15747.88,71.72,88,0.0,3329.86
15747.88,72.0,90,0.0,3329.86
15747.88,72.0,90,0.0,3329.86
15747.88,71.95,90,2.4875,3329.86
15747.88,68.46,90,0.0,3329.86
15747.88,68.16,76,1.25,3329.86
15747.88,67.39,76,0.0,3329.86
15747.88,67.61,90,0.0,3329.86
15747.88,67.93,90,1.25,3329.86
15747.88,68.37,90,0.0,3329.86
15747.88,68.67,90,0.0,3329.86
15747.88,69.07,87,0.0,3329.86
15747.88,69.18,87,1.25,3329.86
15747.88,69.18,89,0.0,3329.86
15747.88,69.26,89,0.0,3329.86
15747.88,71.87,89,0.0,3329.86
15747.88,71.37,89,1.2375,3329.86
15747.88,71.84,89,0.0,3329.86
15747.88,71.72,89,0.0,3329.86
15747.88,71.78,88,0.0,3329.86
15747.88,71.73,90,1.25,3329.86
15747.88,71.7,90,0.0,3329.86
15747.88,71.33,89,0.0,3329.86
15747.88,71.24,89,1.25,3329.86
15747.88,70.83,91,0.0,3329.86
15747.88,71.46,91,0.0,3329.86
15747.88,71.68,91,1.2375,3329.86
15747.88,71.82,91,0.0,3329.86
15747.88,71.85,91,1.2375,3329.86
15747.88,71.76,91,1.2375,3329.86
15747.88,72.49,91,1.2375,3329.86
15747.88,71.04,75,0.0,3329.86
15747.88,71.29,75,0.0,3329.86
15747.88,71.62,92,1.2375,3329.86
15747.88,71.62,92,0.0,3329.86
15747.88,71.79,91,0.0,3329.86
15747.88,72.53,91,0.0,3329.86
15747.88,72.92,89,1.25,3329.86
15747.88,73.15,89,0.0,3329.86
15747.88,73.15,90,0.0,3329.86
15747.88,72.94,90,0.0,3329.86
15747.88,72.59,90,1.25,3329.86
15747.88,71.49,88,0.0,3329.86
15747.88,72.62,88,0.0,3329.86
15747.88,72.49,90,1.2375,3329.86
15747.88,72.11,90,0.0,3329.86
15747.88,72.01,89,0.0,3329.86
15747.88,72.45,89,1.2125,3329.86
15747.88,72.42,85,0.0,3329.86
15747.88,72.4,85,1.2125,3329.86
15747.88,72.29,87,0.0,3329.86
15747.88,72.39,87,0.0,3329.86
15747.88,72.34,90,1.2125,3329.86
15747.88,72.6,90,0.0,3329.86
15747.88,72.89,89,0.0,3329.86
15747.88,72.89,89,3.625,3329.86
15747.88,72.16,73,0.0,3329.86
15747.88,71.31,73,0.0,3329.86
15747.88,70.72,94,0.0,3329.86
15747.88,70.72,94,1.2125,3329.86
15747.88,70.88,90,0.0,3329.86
15747.88,71.32,90,0.0,3329.86
15747.88,71.65,90,0.0,3329.86
15747.88,71.86,90,1.2125,3329.86
15747.88,71.82,89,0.0,3329.86
15747.88,71.3,89,0.0,3329.86
15747.88,71.24,88,1.2125,3329.86
15747.88,71.76,88,0.0,3329.86
15747.88,71.85,89,0.0,3329.86
15747.88,71.53,89,1.2125,3329.86
15747.88,71.51,89,0.0,3329.86
15747.88,71.48,90,0.0,3329.86
15747.88,71.52,90,0.0,3329.86
15747.88,71.5,88,1.2125,3329.86
15747.88,71.44,88,0.0,3329.86
15747.88,71.35,89,0.0,3329.86
15747.88,71.45,89,2.425,3329.86
15747.88,71.67,86,0.0,3329.86
15747.88,71.84,86,0.0,3329.86
15747.88,71.95,90,0.0,3329.86
15747.88,71.95,90,1.225,3329.86
15747.88,71.97,89,1.2125,3329.98
15747.88,73.93,89,1.225,3329.98
15747.88,73.81,72,0.0,3329.98
15747.88,74.07,72,0.0,3329.98
15747.88,73.78,94,0.0,3329.98
15747.88,74.39,94,1.225,3329.98
15747.88,74.86,90,0.0,3329.98
15747.88,75.15,90,0.0,3329.98
15747.88,75.32,90,0.0,3329.98
15747.88,75.37,90,1.225,3329.98
15747.88,75.21,90,0.0,3329.98
15747.88,73.04,90,0.0,3329.98
15747.88,72.84,90,0.0,3329.98
15747.88,72.84,90,0.0,3329.98
15747.88,72.66,90,1.225,3329.98
15747.88,72.35,91,0.0,3329.98
15747.88,72.35,91,0.0,3329.98
15747.88,71.74,91,0.0,3329.98
15747.88,71.29,90,0.0,3329.98
15747.88,71.2,90,1.2125,3329.98
15747.88,71.29,90,0.0,3329.98
15747.88,71.31,90,0.0,3329.98
15747.88,71.11,90,1.2125,3329.98
15747.88,71.04,90,1.2125,3329.98
15747.88,70.98,90,0.0,3329.98
15747.88,70.99,90,1.2125,3329.98
15747.88,71.28,90,0.0,3329.98
15747.88,71.42,90,0.0,3329.98
15747.88,71.28,90,2.4125,3329.98
15747.88,71.18,90,0.0,3329.98
15747.88,71.32,80,1.2125,3329.98
15747.88,70.88,80,0.0,3329.98
15747.88,70.95,90,0.0,3329.98
15747.88,71.73,88,1.2125,3329.98
15747.88,72.07,88,0.0,3329.98
15747.88,72.27,90,0.0,3329.98
15747.88,72.76,90,1.2125,3329.98
15747.88,72.44,86,0.0,3329.98
15747.88,72.43,86,0.0,3329.98
15747.88,72.28,89,1.2125,3329.98
15747.88,72.03,89,0.0,3329.98
15747.88,72.23,90,0.0,3329.98
15747.88,72.04,90,0.0,3329.98
15747.88,71.63,86,1.2125,3329.98
15747.88,71.5,86,0.0,3329.98
15747.88,71.42,88,0.0,3329.98
15747.88,71.34,88,1.2125,3329.98
15747.88,71.05,90,1.2125,3329.98
15747.88,71.42,90,0.0,3329.98
15747.88,71.28,88,0.0,3329.98
15747.88,71.22,88,1.2125,3329.98
15747.88,70.83,88,0.0,3329.98
15747.88,71.05,88,0.0,3329.98
15747.88,71.11,89,0.0,3329.98
15747.88,71.28,89,1.225,3329.98
15747.88,73.13,73,1.2125,3329.98
15747.88,71.62,73,0.0,3329.98
15747.88,71.55,92,0.0,3329.98
15747.88,71.81,92,1.2125,3329.98
15747.88,72.08,88,0.0,3329.98
15747.88,72.4,88,1.2125,3329.98
15747.88,72.67,88,0.0,3329.98
15747.88,73.43,89,0.0,3329.98
15747.88,73.63,89,0.0,3329.98
15747.88,73.65,90,0.0,3329.98
15747.88,73.14,90,0.0,3329.98
15747.88,71.09,90,1.25,3329.98
15747.88,72.45,90,0.0,3329.98
15747.88,72.3,90,0.0,3329.98
15747.88,72.18,90,0.0,3329.98
15747.88,71.94,90,0.0,3329.98
15747.88,72.02,90,0.0,3329.98
15747.88,71.88,91,0.0,3329.98
15747.88,71.58,91,0.0,3329.98
15747.88,71.42,91,0.0,3329.98
15747.88,71.59,91,0.0,3329.98
15747.88,71.75,91,0.0,3329.98
15747.88,71.75,91,0.0,3329.98
15747.88,71.86,91,0.0,3329.98
15747.88,71.94,92,0.0,3329.98
15747.88,71.94,92,0.0,3329.98
15747.88,68.36,63,0.0,3329.98
15747.88,64.82,63,0.0,3329.98
15747.88,61.34,0,0.0,3329.98
15747.88,57.86,0,0.0,3329.98
15747.88,54.49,0,0.0,3329.98
15747.88,51.26,0,0.0,3329.98
15747.88,47.82,0,0.0,3329.98
15747.88,44.4,0,0.0,3329.98
15747.88,41.09,0,0.0,3329.98
15747.88,37.66,0,1.2375,3329.98
15747.88,37.66,0,0.0,3329.98
15747.88,37.66,0,0.0,3329.98
15747.88,37.66,0,0.0,3329.98
15747.88,37.66,0,0.0,3329.98
15747.88,37.66,0,0.0,3329.98
15747.88,37.66,0,0.0,3329.98
15747.88,37.66,0,0.0,3329.98
15747.88,37.66,0,0.0,3329.98
15747.88,37.66,0,0.0,3329.98
15747.88,34.28,0,0.0,3329.98
15747.88,34.28,0,0.0,3329.98
15747.88,34.28,0,1.25,3329.98
15747.88,34.28,0,0.0,3329.98
15747.88,34.28,0,0.0,3329.98
15747.88,34.28,0,0.0,3329.98
15747.88,34.28,0,0.0,3329.98
15747.88,34.28,0,0.0,3329.98
15747.88,34.28,0,0.0,3329.98
15747.88,34.09,0,0.0,3329.98
15747.88,34.09,0,0.0,3329.98
15747.88,34.09,0,0.0,3329.98
15747.88,34.09,0,0.0,3329.98
15747.88,34.09,0,0.0,3329.98
15747.88,34.09,0,0.0,3329.98
15747.88,34.09,0,0.0,3329.98
15747.88,34.09,0,0.0,3329.98
15747.88,34.09,0,0.0,3329.98
15747.88,34.09,0,0.0,3329.98
15747.88,33.89,0,0.0,3329.98
15747.88,33.89,0,0.0,3329.98
15747.88,33.89,0,0.0,3329.98
15747.88,33.89,0,0.0,3329.98
15747.88,33.89,0,0.0,3329.98
15747.88,33.89,0,0.0,3329.98
15747.88,33.89,0,0.0,3329.98
15747.88,33.89,0,0.0,3329.98
15747.88,33.89,0,1.25,3329.98
15747.88,33.89,0,0.0,3329.98
15747.88,33.88,0,0.0,3329.98
15747.88,33.88,0,0.0,3329.98
15747.88,33.88,0,0.0,3329.98
15747.88,33.88,0,0.0,3329.98
15747.88,33.88,0,0.0,3329.98
15747.88,33.88,0,0.0,3329.98
15747.88,33.88,0,0.0,3329.98
15747.88,33.88,0,0.0,3329.98
15747.88,33.88,0,0.0,3329.98
15747.88,33.88,0,0.0,3329.98
15747.88,33.78,0,0.0,3329.98
15747.88,33.78,0,0.0,3329.98
15747.88,33.78,0,0.0,3329.98
15747.88,33.78,0,0.0,3329.98
15747.88,33.78,0,0.0,3329.98
15747.88,33.78,0,0.0,3329.98
15747.88,33.78,0,0.0,3329.98
15747.88,33.78,0,0.0,3329.98
15747.88,33.78,0,0.0,3329.98
15747.88,33.78,0,0.0,3329.98
15747.88,33.78,0,0.0,3329.98
15747.88,33.72,0,0.0,3329.98
15747.88,33.72,0,0.0,3329.98
15747.88,33.72,0,0.0,3329.98
15747.88,33.72,0,0.0,3329.98
15747.88,33.72,0,0.0,3329.98
15747.88,33.72,0,1.2375,3329.98
15747.88,33.72,0,0.0,3329.98
15747.88,33.72,0,0.0,3329.98
15747.88,33.72,0,0.0,3329.98
15747.88,33.72,0,0.0,3329.98
15747.88,33.72,0,0.0,3329.98
15747.88,33.72,0,0.0,3329.98
15747.88,33.72,0,0.0,3329.98
15747.88,33.72,0,0.0,3329.98
15747.88,33.72,0,0.0,3329.98
15747.88,33.72,0,0.0,3329.98
15747.88,33.72,0,0.0,3329.98
15747.88,33.72,0,0.0,3329.98
15747.88,33.72,0,1.25,3329.98
15747.88,33.59,0,0.0,3329.98
15747.88,33.59,0,0.0,3329.98
15747.88,33.59,0,0.0,3329.98
15747.88,33.59,0,0.0,3329.98
15747.88,33.59,0,0.0,3329.98
15747.88,33.59,0,0.0,3329.98
15747.88,33.59,0,0.0,3329.98
15747.88,33.59,0,0.0,3329.98
15747.88,33.59,0,0.0,3329.98
15747.88,33.59,0,0.0,3329.98
15747.88,33.54,0,0.0,3329.98
15747.88,33.54,0,0.0,3329.98
15747.88,33.54,0,0.0,3329.98
15747.88,33.54,0,0.0,3329.98
15747.88,33.54,0,0.0,3329.98
15747.88,33.54,0,0.0,3329.98
15747.88,33.54,0,0.0,3329.98
15747.88,33.54,0,0.0,3329.98
15747.88,33.54,0,0.0,3329.98
15747.88,33.54,0,0.0,3329.98
15747.88,33.53,0,0.0,3329.98
15747.88,33.53,0,0.0,3329.98
15747.88,33.53,0,0.0,3329.98
15747.88,33.53,0,0.0,3329.98
15747.88,33.53,0,0.0,3329.98
15747.88,33.53,0,0.0,3329.98
15747.88,33.53,0,0.0,3329.98
15747.88,33.53,0,0.0,3329.98
15747.88,33.53,0,0.0,3329.98
15747.88,33.53,0,0.0,3329.98
15747.88,33.43,0,1.25,3329.98
15747.88,33.43,0,0.0,3329.98
15747.88,33.43,0,0.0,3329.98
15747.88,33.43,0,0.0,3329.98
15747.88,33.43,0,0.0,3329.98
15747.88,33.43,0,0.0,3329.98
15747.88,33.43,0,0.0,3329.98
15747.88,33.43,0,0.0,3329.98
15747.88,33.43,0,0.0,3329.98
15747.88,33.43,0,0.0,3329.98
15747.88,33.43,0,0.0,3329.98
15747.88,33.43,0,0.0,3329.98
15747.88,33.43,0,0.0,3329.98
15747.88,33.43,0,0.0,3329.98
15747.88,33.43,0,0.0,3329.98
15747.88,33.43,0,0.0,3329.98
15747.88,33.43,0,0.0,3329.98
15747.88,33.43,0,0.0,3329.98
15747.88,33.43,0,0.0,3329.98
15747.88,33.43,0,0.0,3329.98
15747.88,33.43,0,0.0,3329.98
15747.88,33.43,0,0.0,3329.98
15747.88,33.43,0,1.2375,3329.98
15747.88,33.43,0,0.0,3329.98
15747.88,33.43,0,0.0,3329.98
15747.88,33.43,0,0.0,3329.98
15747.88,33.43,0,0.0,3329.98
15747.88,33.43,0,0.0,3329.98
15747.88,33.43,0,0.0,3329.98
15747.88,33.43,0,0.0,3329.98
15747.88,33.29,0,0.0,3329.98
15747.88,33.29,0,0.0,3329.98
15747.88,33.29,0,0.0,3329.98
15747.88,33.29,0,0.0,3329.98
15747.88,33.29,0,0.0,3329.98
15747.88,33.29,0,0.0,3329.98
15747.88,33.29,0,0.0,3329.98
15747.88,33.29,0,0.0,3329.98
15747.88,33.29,0,0.0,3329.98
15747.88,33.29,0,1.2375,3329.98
15747.88,33.15,0,0.0,3329.98
15747.88,33.15,0,0.0,3329.98
15747.88,33.15,0,0.0,3329.98
15747.88,33.15,0,0.0,3329.98
15747.88,33.15,0,0.0,3329.98
15747.88,33.15,0,0.0,3329.98
15747.88,33.15,0,0.0,3329.98
15747.88,33.15,0,0.0,3329.98
15747.88,33.15,0,0.0,3329.98
15747.88,33.15,0,0.0,3329.98
15747.88,33.15,0,0.0,3329.98
15747.88,33.15,0,0.0,3329.98
15747.88,33.15,0,0.0,3329.98
15747.88,33.15,0,0.0,3329.98
15747.88,33.15,0,0.0,3329.98
15747.88,33.15,0,0.0,3329.98
15747.88,33.15,0,0.0,3329.98
15747.88,33.15,0,0.0,3329.98
15747.88,33.15,0,0.0,3329.98
15747.88,33.15,0,0.0,3329.98
15747.88,33.24,0,0.0,3329.98
15747.88,33.24,0,0.0,3329.98
15747.88,33.24,0,0.0,3329.98
15747.88,33.24,0,0.0,3329.98
15747.88,33.24,0,0.0,3329.98
15747.88,33.24,0,0.0,3329.98
15747.88,33.24,0,0.0,3329.98
15747.88,33.24,0,0.0,3329.98
15747.88,33.24,0,0.0,3329.98
15747.88,33.13,0,0.0,3329.98
15747.88,33.13,0,0.0,3329.98
15747.88,33.13,0,0.0,3329.98
15747.88,33.13,0,0.0,3329.98
15747.88,33.13,0,0.0,3329.98
15747.88,33.13,0,0.0,3329.98
15747.88,33.13,0,0.0,3329.98
15747.88,33.13,0,0.0,3329.98
15747.88,33.13,0,1.25,3329.98
15747.88,33.13,0,0.0,3329.98
15747.88,33.04,0,0.0,3329.98
15747.88,33.04,0,0.0,3329.98
15747.88,33.04,0,1.25,3329.98
15747.88,33.04,0,0.0,3329.98
15747.88,33.04,0,0.0,3329.98
15747.88,33.04,0,0.0,3329.98
15747.88,33.04,0,0.0,3329.98
15747.88,33.04,0,0.0,3329.98
15747.88,33.04,0,0.0,3329.98
15747.88,33.04,0,0.0,3329.98
15747.88,33.19,0,0.0,3329.98
15747.88,33.19,0,0.0,3329.98
15747.88,33.19,0,0.0,3329.98
15747.88,33.19,0,0.0,3329.98
15747.88,33.19,0,0.0,3329.98
15747.88,33.19,0,0.0,3329.98
15747.88,33.19,0,0.0,3329.98
15747.88,33.19,0,0.0,3329.98
15747.88,33.19,0,0.0,3329.98
15747.88,33.19,0,0.0,3329.98
15747.88,33.09,0,0.0,3329.98
15747.88,33.09,0,0.0,3329.98
15747.88,33.09,0,0.0,3329.98
15747.88,33.09,0,0.0,3329.98
15747.88,33.09,0,0.0,3329.98
15747.88,33.09,0,0.0,3329.98
15747.88,33.09,0,0.0,3329.98
15747.88,33.09,0,0.0,3329.98
15747.88,33.09,0,0.0,3329.98
15747.88,33.09,0,0.0,3329.98
15747.88,33.09,0,0.0,3329.98
15747.88,32.9,0,0.0,3329.98
15747.88,32.9,0,0.0,3329.98
15747.88,32.9,0,0.0,3329.98
15747.88,32.9,0,0.0,3329.98
15747.88,32.9,0,0.0,3329.98
15747.88,32.9,0,0.0,3329.98
15747.88,32.9,0,0.0,3329.98
15747.88,32.9,0,0.0,3329.98
15747.88,32.9,0,0.0,3329.98
15747.88,32.9,0,0.0,3329.98
15747.88,33.05,0,0.0,3329.98
15747.88,33.05,0,0.0,3329.98
15747.88,33.05,0,0.0,3329.98
15747.88,33.05,0,0.0,3329.98
15747.88,33.05,0,0.0,3329.98
15747.88,33.05,0,0.0,3329.98
15747.88,33.05,0,0.0,3329.98
15747.88,33.05,0,0.0,3329.98
15747.88,33.05,0,1.2375,3329.98
15747.88,33.09,0,0.0,3329.98
15747.88,33.09,0,0.0,3329.98
15747.88,33.09,0,0.0,3329.98
15747.88,33.09,0,0.0,3329.98
15747.88,33.09,0,0.0,3329.98
15747.88,33.09,0,1.2375,3329.98
15747.88,33.09,0,0.0,3329.98
15747.88,33.09,0,0.0,3329.98
15747.88,33.09,0,0.0,3329.98
15747.88,33.09,0,0.0,3329.98
15747.88,32.95,0,0.0,3329.98
15747.88,32.95,0,0.0,3329.98
15747.88,32.95,0,0.0,3329.98
15747.88,32.95,0,0.0,3329.98
15747.88,32.95,0,0.0,3329.98
15747.88,32.95,0,0.0,3329.98
15747.88,32.95,0,0.0,3329.98
15747.88,32.95,0,0.0,3329.98
15747.88,32.95,0,0.0,3329.98
15747.88,32.95,0,0.0,3329.98
15747.88,32.85,0,0.0,3329.98
15747.88,32.85,0,0.0,3329.98
15747.88,32.85,0,0.0,3329.98
15747.88,32.85,0,0.0,3329.98
15747.88,32.85,0,0.0,3329.98
15747.88,32.85,0,0.0,3329.98
15747.88,32.85,0,0.0,3329.98
15747.88,32.85,0,0.0,3329.98
15747.88,32.85,0,0.0,3329.98
15747.88,32.85,0,0.0,3329.98
15747.88,32.85,0,0.0,3329.98
15747.88,32.85,0,0.0,3329.98
15747.88,32.85,0,0.0,3329.98
15747.88,32.85,0,0.0,3329.98
15747.88,32.85,0,0.0,3329.98
15747.88,32.85,0,0.0,3329.98
15747.88,32.85,0,0.0,3329.98
15747.88,32.85,0,0.0,3329.98
15747.88,32.85,0,0.0,3329.98
15747.88,32.85,0,0.0,3329.98
15747.88,32.9,0,0.0,3329.98
15747.88,32.9,0,0.0,3329.98
15747.88,32.9,0,0.0,3329.98
15747.88,32.9,0,0.0,3329.98
15747.88,32.9,0,0.0,3329.98
15747.88,32.9,0,1.2375,3329.98
15747.88,32.9,0,0.0,3329.98
15747.88,32.9,0,0.0,3329.98
15747.88,32.9,0,0.0,3329.98
15747.88,32.9,0,0.0,3329.98
15747.88,32.8,0,1.2375,3329.98
15747.88,32.8,0,0.0,3329.98
15747.88,32.8,0,0.0,3329.98
15747.88,32.8,0,0.0,3329.98
15747.88,32.8,0,0.0,3329.98
15747.88,32.8,0,0.0,3329.98
15747.88,32.8,0,0.0,3329.98
15747.88,32.8,0,0.0,3329.98
15747.88,32.8,0,0.0,3329.98
15747.88,32.8,0,0.0,3329.98
15747.88,32.7,0,0.0,3329.98
15747.88,32.7,0,0.0,3329.98
15747.88,32.7,0,0.0,3329.98
15747.88,32.7,0,0.0,3329.98
15747.88,32.6,0,0.0,3329.98
15747.88,32.7,0,0.0,3329.98
15747.88,32.7,0,0.0,3329.98
15747.88,32.7,0,0.0,3329.98
15747.88,32.7,0,0.0,3329.98
15747.88,32.7,0,0.0,3329.98
15747.88,32.75,0,0.0,3329.98
15747.88,32.75,0,0.0,3329.98
15747.88,32.75,0,0.0,3329.98
15747.88,32.75,0,0.0,3329.98
15747.88,32.75,0,0.0,3329.98
15747.88,32.75,0,0.0,3329.98
15747.88,32.75,0,0.0,3329.98
15747.88,32.75,0,0.0,3329.98
15747.88,32.75,0,0.0,3329.98
15747.88,32.75,0,0.0,3329.98
15747.88,32.75,0,0.0,3329.98
15747.88,32.75,0,0.0,3329.98
15747.88,32.75,0,0.0,3329.98
15747.88,32.75,0,0.0,3329.98
15747.88,32.75,0,0.0,3329.98
15747.88,32.75,0,0.0,3329.98
15747.88,32.75,0,0.0,3329.98
15747.88,32.75,0,1.2375,3329.98
15747.88,32.75,0,0.0,3329.98
15747.88,32.75,0,0.0,3329.98
15747.88,32.75,0,0.0,3329.98
15747.88,32.75,0,0.0,3329.98
15747.88,32.75,0,0.0,3329.98
15747.88,32.75,0,0.0,3329.98
15747.88,32.75,0,0.0,3329.98
15747.88,32.75,0,0.0,3329.98
15747.88,32.75,0,0.0,3329.98
15747.88,32.75,0,0.0,3329.98
15747.88,32.75,0,0.0,3329.98
15747.88,32.75,0,0.0,3329.98
15747.88,32.7,0,0.0,3329.98
15747.88,32.7,0,0.0,3329.98
15747.88,32.7,0,0.0,3329.98
15747.88,32.7,0,0.0,3329.98
15747.88,32.7,0,0.0,3329.98
15747.88,32.7,0,0.0,3329.98
15747.88,32.7,0,0.0,3329.98
15747.88,32.7,0,0.0,3329.98
15747.88,32.7,0,0.0,3329.98
15747.88,32.56,0,0.0,3329.98
15747.88,32.56,0,0.0,3329.98
15747.88,32.56,0,1.2375,3329.98
15747.88,32.56,0,0.0,3329.98
15747.88,32.56,0,0.0,3329.98
15747.88,32.56,0,0.0,3329.98
15747.88,32.56,0,0.0,3329.98
15747.88,32.56,0,0.0,3329.98
15747.88,32.56,0,0.0,3329.98
15747.88,32.56,0,0.0,3329.98
15747.88,32.6,0,0.0,3329.98
15747.88,32.6,0,0.0,3329.98
15747.88,32.6,0,0.0,3329.98
15747.88,32.6,0,0.0,3329.98
15747.88,32.6,0,0.0,3329.98
15747.88,32.6,0,1.2375,3329.98
15747.88,32.6,0,0.0,3329.98
15747.88,32.6,0,0.0,3329.98
15747.88,32.6,0,0.0,3329.98
15747.88,32.6,0,0.0,3329.98
15747.88,32.6,0,0.0,3329.98
15747.88,32.65,0,0.0,3329.98
15747.88,32.65,0,0.0,3329.98
15747.88,32.65,0,0.0,3329.98
15747.88,32.65,0,0.0,3329.98
15747.88,32.65,0,0.0,3329.98
15747.88,32.65,0,0.0,3329.98
15747.88,32.65,0,0.0,3329.98
15747.88,32.65,0,0.0,3329.98
15747.88,32.65,0,0.0,3329.98
15747.88,32.65,0,0.0,3329.98
15747.88,32.51,0,0.0,3329.98
15747.88,32.51,0,0.0,3329.98
15747.88,32.51,0,0.0,3329.98
15747.88,32.51,0,0.0,3329.98
15747.88,32.51,0,0.0,3329.98
15747.88,32.51,0,0.0,3329.98
15747.88,32.51,0,0.0,3329.98
15747.88,32.51,0,0.0,3329.98
15747.88,32.51,0,0.0,3329.98
15747.88,32.51,0,0.0,3329.98
15747.88,32.46,0,0.0,3329.98
15747.88,32.46,0,0.0,3329.98
15747.88,32.46,0,1.2375,3329.98
15747.88,32.46,0,0.0,3329.98
15747.88,32.46,0,0.0,3329.98
15747.88,32.46,0,0.0,3329.98
15747.88,32.46,0,0.0,3329.98
15747.88,32.46,0,0.0,3329.98
15747.88,32.46,0,0.0,3329.98
15747.88,32.51,0,0.0,3329.98
15747.88,32.51,0,1.2375,3329.98
15747.88,32.51,0,0.0,3329.98
15747.88,32.51,0,0.0,3329.98
15747.88,32.51,0,0.0,3329.98
15747.88,32.51,0,0.0,3329.98
15747.88,32.51,0,0.0,3329.98
15747.88,32.51,0,0.0,3329.98
15747.88,32.51,0,0.0,3329.98
15747.88,32.51,0,0.0,3329.98
15747.88,32.5,0,0.0,3329.98
15747.88,32.5,0,0.0,3329.98
15747.88,32.5,0,0.0,3329.98
15747.88,32.5,0,0.0,3329.98
15747.88,32.5,0,0.0,3329.98
15747.88,32.5,0,0.0,3329.98
15747.88,32.5,0,0.0,3329.98
15747.88,32.5,0,0.0,3329.98
15747.88,32.5,0,0.0,3329.98
15747.88,32.5,0,0.0,3329.98
15747.88,32.45,0,0.0,3329.98
15747.88,32.45,0,0.0,3329.98
15747.88,32.45,0,0.0,3329.98
15747.88,32.45,0,0.0,3329.98
15747.88,32.45,0,0.0,3329.98
15747.88,32.45,0,0.0,3329.98
15747.88,32.45,0,0.0,3329.98
15747.88,32.45,0,0.0,3329.98
15747.88,32.45,0,0.0,3329.98
15747.88,32.45,0,0.0,3329.98
15747.88,32.31,0,0.0,3329.98
15747.88,32.31,0,0.0,3329.98
15747.88,32.31,0,0.0,3329.98
15747.88,32.31,0,0.0,3329.98
15747.88,32.31,0,0.0,3329.98
15747.88,32.31,0,0.0,3329.98
15747.88,32.31,0,1.2375,3329.98
15747.88,32.31,0,0.0,3329.98
15747.88,32.31,0,0.0,3329.98
15747.88,32.31,0,0.0,3329.98
15747.88,32.21,0,0.0,3329.98
15747.88,32.21,0,0.0,3329.98
15747.88,32.21,0,0.0,3329.98
15747.88,32.21,0,0.0,3329.98
15747.88,32.21,0,0.0,3329.98
15747.88,32.21,0,0.0,3329.98
15747.88,32.21,0,0.0,3329.98
15747.88,32.21,0,0.0,3329.98
15747.88,32.21,0,0.0,3329.98
15747.88,32.21,0,0.0,3329.98
15747.88,32.21,0,0.0,3329.98
15747.88,32.31,0,0.0,3329.98
15747.88,32.31,0,0.0,3329.98
15747.88,32.31,0,0.0,3329.98
15747.88,32.31,0,0.0,3329.98
15747.88,32.31,0,0.0,3329.98
15747.88,32.31,0,0.0,3329.98
15747.88,32.31,0,0.0,3329.98
15747.88,32.31,0,0.0,3329.98
15747.88,32.31,0,0.0,3329.98
15747.88,32.51,0,0.0,3329.98
15747.88,32.51,0,0.0,3329.98
15747.88,32.51,0,0.0,3329.98
15747.88,32.51,0,0.0,3329.98
15747.88,32.51,0,1.25,3329.98
15747.88,32.51,0,0.0,3329.98
15747.88,32.51,0,0.0,3329.98
15747.88,32.51,0,0.0,3329.98
15747.88,32.51,0,0.0,3329.98
15747.88,32.51,0,1.25,3329.98
15747.88,32.41,0,0.0,3329.98
15747.88,32.41,0,0.0,3329.98
15747.88,32.41,0,0.0,3329.98
15747.88,32.41,0,0.0,3329.98
15747.88,32.41,0,0.0,3329.98
15747.88,32.41,0,0.0,3329.98
15747.88,32.41,0,0.0,3329.98
15747.88,32.41,0,0.0,3329.98
15747.88,32.41,0,0.0,3329.98
15747.88,32.41,0,0.0,3329.98
15747.88,32.16,0,0.0,3329.98
15747.88,32.16,0,0.0,3329.98
15747.88,32.16,0,0.0,3329.98
15747.88,32.16,0,0.0,3329.98
15747.88,32.16,0,0.0,3329.98
15747.88,32.16,0,0.0,3329.98
15747.88,32.16,0,0.0,3329.98
15747.88,32.16,0,0.0,3329.98
15747.88,32.16,0,0.0,3329.98
15747.88,32.16,0,0.0,3329.98
15747.88,32.11,0,0.0,3329.98
15747.88,32.11,0,0.0,3329.98
15747.88,32.11,0,0.0,3329.98
15747.88,32.11,0,0.0,3329.98
15747.88,32.11,0,0.0,3329.98
15747.88,32.11,0,0.0,3329.98
15747.88,32.11,0,0.0,3329.98
15747.88,32.11,0,0.0,3329.98
15747.88,32.11,0,0.0,3329.98
15747.88,32.11,0,0.0,3329.98
15747.88,32.21,0,0.0,3329.98
15747.88,32.21,0,0.0,3329.98
15747.88,32.21,0,0.0,3329.98
15747.88,32.21,0,0.0,3329.98
15747.88,32.21,0,1.2375,3329.98
15747.88,32.21,0,0.0,3329.98
15747.88,32.21,0,0.0,3329.98
15747.88,32.21,0,0.0,3329.98
15747.88,32.21,0,0.0,3329.98
15747.88,32.21,0,0.0,3329.98
15747.88,32.21,0,0.0,3329.98
15747.88,32.21,0,0.0,3329.98
15747.88,32.21,0,0.0,3329.98
15747.88,32.21,0,0.0,3329.98
15747.88,32.21,0,0.0,3329.98
15747.88,32.21,0,0.0,3329.98
15747.88,32.21,0,0.0,3329.98
15747.88,32.21,0,0.0,3329.98
15747.88,32.21,0,0.0,3329.98
15747.88,32.21,0,0.0,3329.98
15747.88,32.26,0,0.0,3329.98
15747.88,32.26,0,0.0,3329.98
15747.88,32.26,0,0.0,3329.98
15747.88,32.26,0,0.0,3329.98
15747.88,32.26,0,0.0,3329.98
15747.88,32.26,0,0.0,3329.98
15747.88,32.26,0,0.0,3329.98
15747.88,32.26,0,0.0,3329.98
15747.88,32.26,0,1.25,3329.98
15747.88,32.26,0,0.0,3329.98
15747.88,32.16,0,0.0,3329.98
15747.88,32.16,0,0.0,3329.98
15747.88,32.16,0,0.0,3329.98
15747.88,32.16,0,0.0,3329.98
15747.88,32.16,0,0.0,3329.98
15747.88,32.16,0,0.0,3329.98
15747.88,32.16,0,0.0,3329.98
15747.88,32.16,0,0.0,3329.98
15747.88,32.16,0,0.0,3329.98
15747.88,32.16,0,1.2375,3329.98
15747.88,31.98,0,0.0,3329.98
15747.88,31.98,0,0.0,3329.98
15747.88,31.98,0,0.0,3329.98
15747.88,31.98,0,0.0,3329.98
15747.88,31.98,0,0.0,3329.98
15747.88,31.98,0,0.0,3329.98
15747.88,31.98,0,0.0,3329.98
15747.88,31.98,0,0.0,3329.98
15747.88,31.98,0,0.0,3329.98
15747.88,31.98,0,0.0,3329.98
15747.88,32.02,0,0.0,3329.98
15747.88,32.02,0,0.0,3329.98
15747.88,32.02,0,0.0,3329.98
15747.88,32.02,0,0.0,3329.98
15747.88,32.02,0,0.0,3329.98
15747.88,32.02,0,0.0,3329.98
15747.88,32.02,0,0.0,3329.98
15747.88,32.02,0,0.0,3329.98
15747.88,32.02,0,0.0,3329.98
15747.88,32.06,0,0.0,3329.98
15747.88,32.06,0,0.0,3329.98
15747.88,32.06,0,0.0,3329.98
15747.88,32.06,0,0.0,3329.98
15747.88,32.06,0,0.0,3329.98
15747.88,32.06,0,0.0,3329.98
15747.88,32.06,0,0.0,3329.98
15747.88,32.06,0,0.0,3329.98
15747.88,32.06,0,0.0,3329.98
15747.88,32.06,0,0.0,3329.98
15747.88,32.06,0,0.0,3329.98
15747.88,32.06,0,0.0,3329.98
15747.88,32.06,0,0.0,3329.98
15747.88,32.06,0,0.0,3329.98
15747.88,32.06,0,0.0,3329.98
15747.88,32.06,0,1.2375,3329.98
15747.88,32.06,0,0.0,3329.98
15747.88,32.06,0,0.0,3329.98
15747.88,32.06,0,0.0,3329.98
15747.88,32.06,0,1.2375,3329.98
15747.88,32.06,0,0.0,3329.98
15747.88,32.06,0,0.0,3329.98
15747.88,32.06,0,0.0,3329.98
15747.88,32.06,0,0.0,3329.98
15747.88,32.06,0,0.0,3329.98
15747.88,32.06,0,0.0,3329.98
15747.88,32.06,0,0.0,3329.98
15747.88,32.06,0,0.0,3329.98
15747.88,32.06,0,0.0,3329.98
15747.88,32.06,0,0.0,3329.98
15747.88,31.92,0,0.0,3329.98
15747.88,31.92,0,0.0,3329.98
15747.88,31.92,0,0.0,3329.98
15747.88,31.92,0,0.0,3329.98
15747.88,31.92,0,0.0,3329.98
15747.88,31.92,0,0.0,3329.98
15747.88,31.92,0,0.0,3329.98
15747.88,31.92,0,0.0,3329.98
15747.88,31.92,0,0.0,3329.98
15747.88,31.92,0,0.0,3329.98
15747.88,31.92,0,0.0,3329.98
15747.88,31.87,0,0.0,3329.98
15747.88,31.87,0,0.0,3329.98
15747.88,31.87,0,0.0,3329.98
15747.88,31.87,0,0.0,3329.98
15747.88,31.87,0,0.0,3329.98
15747.88,31.87,0,0.0,3329.98
15747.88,31.87,0,0.0,3329.98
15747.88,31.87,0,0.0,3329.98
15747.88,31.87,0,0.0,3329.98
15747.88,31.87,0,1.2375,3329.98
15747.88,31.87,0,0.0,3329.98
15747.88,31.87,0,0.0,3329.98
15747.88,31.87,0,0.0,3329.98
15747.88,31.87,0,0.0,3329.98
15747.88,31.87,0,0.0,3329.98
15747.88,31.87,0,0.0,3329.98
15747.88,31.87,0,0.0,3329.98
15747.88,31.87,0,0.0,3329.98
15747.88,31.87,0,0.0,3329.98
15747.88,31.92,0,0.0,3329.98
15747.88,31.92,0,0.0,3329.98
15747.88,31.92,0,0.0,3329.98
15747.88,31.92,0,0.0,3329.98
15747.88,31.92,0,0.0,3329.98
15747.88,31.92,0,0.0,3329.98
15747.88,31.92,0,0.0,3329.98
15747.88,31.92,0,0.0,3329.98
15747.88,31.92,0,0.0,3329.98
15747.88,31.92,0,1.25,3329.98
15747.88,31.97,0,0.0,3329.98
15747.88,31.97,0,0.0,3329.98
15747.88,31.97,0,0.0,3329.98
15747.88,31.97,0,0.0,3329.98
15747.88,31.97,0,0.0,3329.98
15747.88,31.97,0,0.0,3329.98
15747.88,31.97,0,0.0,3329.98
15747.88,31.97,0,0.0,3329.98
15747.88,31.97,0,0.0,3329.98
15747.88,31.97,0,0.0,3329.98
15747.88,31.93,0,0.0,3329.98
15747.88,31.93,0,0.0,3329.98
15747.88,31.93,0,0.0,3329.98
15747.88,31.93,0,0.0,3329.98
15747.88,31.93,0,0.0,3329.98
15747.88,31.93,0,0.0,3329.98
15747.88,31.93,0,0.0,3329.98
15747.88,31.93,0,0.0,3329.98
15747.88,31.93,0,0.0,3329.98
15747.88,31.93,0,0.0,3329.98
15747.88,31.98,0,0.0,3329.98
15747.88,31.98,0,0.0,3329.98
15747.88,31.98,0,0.0,3329.98
15747.88,31.98,0,0.0,3329.98
15747.88,31.98,0,0.0,3329.98
15747.88,31.98,0,0.0,3329.98
15747.88,31.98,0,0.0,3329.98
15747.88,31.98,0,0.0,3329.98
15747.88,31.98,0,0.0,3329.98
15747.88,31.87,0,0.0,3329.98
15747.88,31.87,0,0.0,3329.98
15747.88,31.87,0,0.0,3329.98
15747.88,31.87,0,0.0,3329.98
15747.88,31.87,0,0.0,3329.98
15747.88,31.87,0,0.0,3329.98
15747.88,31.87,0,1.25,3329.98
15747.88,31.87,0,0.0,3329.98
15747.88,31.87,0,1.25,3329.98
15747.88,31.87,0,0.0,3329.98
15747.88,31.87,0,0.0,3329.98
15747.88,31.72,0,0.0,3329.98
15747.88,31.72,0,0.0,3329.98
15747.88,31.72,0,0.0,3329.98
15747.88,31.72,0,0.0,3329.98
15747.88,31.72,0,0.0,3329.98
15747.88,31.72,0,0.0,3329.98
15747.88,31.72,0,0.0,3329.98
15747.88,31.72,0,0.0,3329.98
15747.88,31.72,0,0.0,3329.98
15747.88,31.72,0,0.0,3329.98
15747.88,31.72,0,0.0,3329.98
15747.88,31.72,0,0.0,3329.98
15747.88,31.72,0,0.0,3329.98
15747.88,31.72,0,0.0,3329.98
15747.88,31.72,0,0.0,3329.98
15747.88,31.72,0,0.0,3329.98
15747.88,31.72,0,0.0,3329.98
15747.88,31.72,0,0.0,3329.98
15747.88,31.72,0,0.0,3329.98
15747.88,31.72,0,0.0,3329.98
15747.88,31.77,0,0.0,3329.98
15747.88,31.77,0,0.0,3329.98
15747.88,31.77,0,0.0,3329.98
15747.88,31.77,0,0.0,3329.98
15747.88,31.77,0,0.0,3329.98
15747.88,31.77,0,0.0,3329.98
15747.88,31.77,0,1.2375,3329.98
15747.88,31.77,0,0.0,3329.98
15747.88,31.77,0,0.0,3329.98
15747.88,31.77,0,0.0,3329.98
15747.88,31.87,0,0.0,3329.98
15747.88,31.87,0,0.0,3329.98
15747.88,31.87,0,0.0,3329.98
15747.88,31.87,0,0.0,3329.98
15747.88,31.87,0,0.0,3329.98
15747.88,34.3,0,1.2375,3329.98
15747.88,34.49,0,0.0,3329.98
15747.88,36.88,56,1.2375,3329.98
15747.88,38.12,56,0.0,3329.98
15747.88,40.09,86,0.0,3329.98
15747.88,41.82,88,1.2375,3329.98
15747.88,53.89,88,0.0,3329.98
15747.88,56.96,90,0.0,3329.98
15747.88,58.12,90,1.2375,3329.98
15747.88,58.99,88,0.0,3329.98
15747.88,72.14,88,0.0,3329.98
15747.88,72.03,87,0.0,3329.98
15747.88,71.46,87,1.2375,3329.98
15747.88,72.37,87,0.0,3329.98
15747.88,71.89,90,0.0,3329.98
15747.88,71.69,90,1.25,3329.98
15747.88,71.38,86,0.0,3329.98
15747.88,71.39,86,0.0,3329.98
15747.88,71.39,87,1.2375,3329.98
15747.88,71.14,87,0.0,3329.98
15747.88,71.17,88,0.0,3329.98
15747.88,71.22,88,0.0,3329.98
15747.88,71.25,89,1.2375,3329.98
15747.88,71.37,89,0.0,3329.98
15747.88,71.55,88,0.0,3329.98
15747.88,72.32,88,0.0,3329.98
15747.88,72.64,89,2.4875,3329.98
15747.88,72.6,89,0.0,3329.98
15747.88,74.57,78,0.0,3329.98
15747.88,72.8,78,1.2375,3329.98
15747.88,72.61,90,0.0,3329.98
15747.88,72.52,90,0.0,3329.98
15747.88,71.89,85,0.0,3329.98
15747.88,72.3,85,1.2375,3329.98
15747.88,72.42,89,0.0,3329.98
15747.88,72.47,88,1.2375,3329.98
15747.88,72.47,88,1.2375,3329.98
15747.88,72.24,87,0.0,3329.98
15747.88,69.82,87,1.2125,3329.98
15747.88,71.09,86,0.0,3329.98
15747.88,71.09,86,0.0,3329.98
15747.88,71.01,90,1.2125,3329.98
15747.88,71.7,90,0.0,3329.98
15747.88,71.79,88,0.0,3329.98
15747.88,71.71,88,1.2125,3329.98
15747.88,71.72,88,0.0,3329.98
15747.88,71.64,88,0.0,3329.98
15747.88,71.62,91,1.2125,3329.98
15747.88,71.52,91,0.0,3329.98
15747.88,71.82,87,0.0,3329.98
15747.88,71.65,87,0.0,3329.98
15747.88,71.84,89,1.2375,3329.98
15747.88,71.94,89,1.25,3329.98
15747.88,68.99,80,0.0,3329.98
15747.88,68.72,80,1.25,3329.98
15747.88,67.95,91,0.0,3329.98
15747.88,67.67,91,0.0,3329.98
15747.88,67.99,89,1.2375,3329.98
15747.88,68.16,89,0.0,3329.98
15747.88,68.44,90,0.0,3329.98
15747.88,68.67,90,1.2375,3329.98
15747.88,69.19,90,0.0,3329.98
15747.88,68.97,89,0.0,3329.98
15747.88,69.39,89,1.2375,3329.98
15747.88,71.75,90,0.0,3329.98
15747.88,72.25,90,0.0,3329.98
15747.88,72.25,90,1.2375,3329.98
15747.88,72.27,91,0.0,3329.98
15747.88,71.59,91,0.0,3329.98
15747.88,71.59,88,0.0,3329.98
15747.88,71.52,88,1.2375,3329.98
15747.88,71.41,87,0.0,3329.98
15747.88,71.23,87,0.0,3329.98
15747.88,71.68,88,1.2375,3329.98
15747.88,71.18,88,1.2375,3329.98
15747.88,71.3,90,0.0,3329.98
15747.88,71.3,90,0.0,3329.98
15747.88,71.57,89,1.2375,3329.98
15747.88,71.6,89,1.2375,3329.98
15747.88,71.72,90,0.0,3329.98
15747.88,74.89,90,1.25,3329.98
15747.88,73.42,75,0.0,3329.98
15747.88,73.39,75,0.0,3329.98
15747.88,73.84,89,1.2375,3329.98
15747.88,73.01,89,0.0,3329.98
15747.88,73.16,87,0.0,3329.98
15747.88,73.31,87,0.0,3329.98
15747.88,73.78,88,1.25,3329.98
15747.88,73.59,88,0.0,3329.98
15747.88,73.61,88,0.0,3329.98
15747.88,73.5,88,1.25,3329.98
15747.88,70.5,88,0.0,3329.98
15747.88,71.57,86,0.0,3329.98
15747.88,71.61,86,1.2375,3329.98
15747.88,71.47,87,0.0,3329.98
15747.88,72.04,87,0.0,3329.98
15747.88,72.0,89,1.2125,3329.98
15747.88,71.86,89,0.0,3329.98
15747.88,72.05,86,0.0,3329.98
15747.88,71.81,86,1.2125,3329.98
15747.88,71.83,88,0.0,3329.98
15747.88,72.0,88,1.2125,3329.98
15747.88,72.01,87,1.2125,3329.98
15747.88,72.5,87,0.0,3329.98
15747.88,72.49,89,1.1875,3329.98
15747.88,71.51,89,1.1875,3329.98
15747.88,71.36,76,0.0,3329.98
15747.88,71.01,76,0.0,3329.98
15747.88,71.17,89,1.2125,3329.98
15747.88,71.54,89,0.0,3329.98
15747.88,72.23,87,0.0,3329.98
15747.88,72.85,87,1.2125,3329.98
15747.88,72.92,88,0.0,3329.98
15747.88,73.09,88,1.2125,3329.98
15747.88,72.24,87,0.0,3329.98
15747.88,72.11,87,0.0,3329.98
15747.88,72.81,89,0.0,3329.98
15747.88,72.59,89,1.2125,3329.98
15747.88,72.82,88,0.0,3329.98
15747.88,72.52,88,0.0,3329.98
15747.88,72.13,87,1.2125,3329.98
15747.88,71.9,87,0.0,3329.98
15747.88,71.39,88,0.0,3329.98
15747.88,71.27,88,1.2125,3329.98
15747.88,71.19,89,0.0,3329.98
15747.88,71.69,89,0.0,3329.98
15747.88,72.26,88,0.0,3329.98
15747.88,72.37,88,2.425,3329.98
15747.88,72.57,89,0.0,3329.98
15747.88,72.66,88,0.0,3329.98
15747.88,72.89,88,2.4125,3329.98
15747.88,73.0,74,0.0,3329.98
15747.88,74.0,74,1.2,3329.98
15747.88,72.33,91,0.0,3329.98
15747.88,72.36,91,0.0,3329.98
15747.88,72.59,88,1.175,3329.98
15747.88,72.3,88,0.0,3329.98
15747.88,72.3,88,1.2125,3329.98
15747.88,72.84,88,0.0,3329.98
15747.88,72.98,89,0.0,3329.98
15747.88,72.9,89,1.2125,3329.98
15747.88,72.5,87,0.0,3329.98
15747.88,70.93,87,0.0,3329.98
15747.88,72.15,88,1.2125,3329.98
15747.88,71.96,88,0.0,3329.98
15747.88,71.63,88,0.0,3329.98
15747.88,71.91,88,1.2125,3329.98
15747.88,71.81,89,0.0,3329.98
15747.88,71.7,89,0.0,3329.98
15747.88,71.74,89,1.2,3329.98
15747.88,71.68,89,0.0,3329.98
15747.88,71.47,90,0.0,3329.98
15747.88,71.5,90,1.2125,3329.98
15747.88,71.56,89,0.0,3329.98
15747.88,71.73,89,0.0,3329.98
15747.88,72.3,88,1.2125,3329.98
15747.88,72.57,88,2.4125,3329.98
15747.88,68.71,69,1.2125,3329.98
15747.88,68.72,69,0.0,3329.98
15747.88,68.06,95,0.0,3329.98
15747.88,68.11,95,0.0,3329.98
15747.88,68.35,88,1.2125,3329.98
15747.88,68.67,88,0.0,3329.98
15747.88,69.03,90,0.0,3329.98
15747.88,69.38,90,1.2125,3329.98
15747.88,69.68,88,0.0,3329.98
15747.88,69.13,88,0.0,3329.98
15747.88,68.83,86,1.2125,3329.98
15747.88,71.79,89,0.0,3329.98
15747.88,71.34,89,0.0,3329.98
15747.88,71.81,90,1.2125,3329.98
15747.88,71.76,90,0.0,3329.98
15747.88,71.67,89,0.0,3329.98
15747.88,71.53,89,1.225,3329.98
15747.88,70.93,87,0.0,3329.98
15747.88,70.74,87,0.0,3329.98
15747.88,70.74,88,0.0,3329.98
15747.88,70.57,88,1.225,3329.98
15747.88,70.88,88,0.0,3329.98
15747.88,70.98,88,0.0,3329.98
15747.88,71.15,88,1.225,3329.98
15747.88,71.1,88,1.2,3329.98
15747.88,71.24,88,1.2125,3329.98
15747.88,73.63,88,1.2125,3329.98
15747.88,73.25,71,0.0,3329.98
15747.88,73.09,71,0.0,3329.98
15747.88,73.31,88,0.0,3329.98
15747.88,74.02,88,1.2125,3329.98
15747.88,74.95,87,0.0,3329.98
15747.88,75.24,87,0.0,3329.98
15747.88,75.59,88,1.2125,3329.98
15747.88,76.49,88,0.0,3329.98
15747.88,76.44,87,0.0,3329.98
15747.88,76.2,87,1.2,3329.98
15747.88,73.49,89,0.0,3329.98
15747.88,74.15,89,1.2125,3329.98
15747.88,74.26,87,0.0,3329.98
15747.88,74.11,87,0.0,3329.98
15747.88,73.74,90,0.0,3329.98
15747.88,73.12,90,1.2125,3329.98
15747.88,72.9,90,0.0,3329.98
15747.88,71.64,89,0.0,3329.98
15747.88,71.48,89,1.2,3329.98
15747.88,71.13,89,0.0,3329.98
15747.88,71.34,89,1.175,3329.98
15747.88,71.34,88,1.2,3329.98
15747.88,71.34,88,0.0,3329.98
15747.88,71.46,88,0.0,3329.98
15747.88,70.91,88,2.425,3329.98
15747.88,73.14,69,1.2125,3329.98
15747.88,73.31,69,0.0,3329.98
15747.88,72.16,97,0.0,3329.98
15747.88,72.71,97,0.0,3329.98
15747.88,73.11,88,0.0,3329.98
15747.88,73.52,88,1.2,3329.98
15747.88,73.79,89,0.0,3329.98
15747.88,73.81,89,1.2125,3329.98
15747.88,73.93,90,0.0,3329.98
15747.88,73.67,90,0.0,3329.98
15747.88,74.09,89,1.2125,3329.98
15747.88,71.48,89,0.0,3329.98
15747.88,71.11,89,0.0,3329.98
15747.88,72.1,89,1.2125,3329.98
15747.88,71.46,91,0.0,3329.98
15747.88,71.26,91,0.0,3329.98
15747.88,71.32,88,0.0,3329.98
15747.88,71.3,88,0.0,3329.98
15747.88,71.86,88,1.1625,3329.98
15747.88,72.25,90,0.0,3329.98
15747.88,72.61,90,1.2125,3329.98
15747.88,72.6,90,1.2125,3329.98
15747.88,73.15,90,0.0,3329.98
15747.88,73.45,89,0.0,3329.98
15747.88,74.21,89,1.225,3329.98
15747.88,74.76,89,0.0,3329.98
15747.88,74.71,89,1.2375,3329.98
15747.88,74.43,73,1.15,3329.98
15747.88,75.45,73,0.0,3329.98
15747.88,73.81,94,0.0,3329.98
15747.88,72.96,94,0.0,3329.98
15747.88,73.09,90,0.0,3329.98
15747.88,73.07,90,1.225,3329.98
15747.88,73.23,86,0.0,3329.98
15747.88,72.89,86,0.0,3329.98
15747.88,72.33,90,1.2125,3329.98
15747.88,72.0,90,0.0,3329.98
15747.88,71.85,88,1.225,3329.98
15747.88,70.38,88,0.0,3329.98
15747.88,71.15,90,1.2125,3329.98
15747.88,71.34,90,0.0,3329.98
15747.88,71.32,88,0.0,3329.98
15747.88,71.25,88,1.2125,3329.98
15747.88,71.36,89,0.0,3329.98
15747.88,71.27,89,0.0,3329.98
15747.88,71.09,90,0.0,3329.98
15747.88,71.11,90,1.2125,3329.98
15747.88,71.13,89,0.0,3329.98
15747.88,71.38,89,0.0,3329.98
15747.88,71.49,87,1.2125,3329.98
15747.88,71.61,90,0.0,3329.98
15747.88,71.64,90,0.0,3329.98
15747.88,71.65,89,2.425,3329.98
15747.88,72.26,89,0.0,3329.98
15747.88,70.92,80,1.2125,3329.98
15747.88,70.51,80,1.2125,3329.98
15747.88,70.81,87,0.0,3329.98
15747.88,71.34,87,0.0,3329.98
15747.88,71.42,89,1.2125,3329.98
15747.88,71.41,89,0.0,3329.98
15747.88,71.41,88,1.2125,3329.98
15747.88,71.3,88,0.0,3329.98
15747.88,71.18,87,0.0,3329.98
15747.88,70.77,87,1.2,3329.98
15747.88,69.74,88,0.0,3329.98
15747.88,70.63,88,0.0,3329.98
15747.88,71.32,90,1.2125,3329.98
15747.88,71.81,90,0.0,3329.98
15747.88,72.22,86,0.0,3329.98
15747.88,72.34,86,0.0,3329.98
15747.88,72.7,88,1.2125,3329.98
15747.88,72.61,88,0.0,3329.98
15747.88,72.77,88,1.2,3329.98
15747.88,72.7,88,0.0,3329.98
15747.88,72.88,90,0.0,3329.98
15747.88,72.87,90,0.0,3329.98
15747.88,72.96,90,1.2125,3329.98
15747.88,72.28,88,0.0,3329.98
15747.88,71.73,88,1.2125,3329.98
15747.88,68.03,78,1.2,3329.98
15747.88,67.97,78,0.0,3329.98
15747.88,67.41,88,0.0,3329.98
15747.88,67.68,88,0.0,3329.98
15747.88,67.86,89,1.2125,3329.98
15747.88,68.25,89,0.0,3329.98
15747.88,68.45,89,1.2,3329.98
15747.88,68.97,89,1.2125,3329.98
15747.88,69.4,89,0.0,3329.98
15747.88,69.62,89,1.2125,3329.98
15747.88,69.53,89,0.0,3329.98
15747.88,72.02,89,0.0,3329.98
15747.88,72.09,88,0.0,3329.98
15747.88,72.11,88,1.2125,3329.98
15747.88,71.99,90,0.0,3329.98
15747.88,71.72,90,0.0,3329.98
15747.88,71.55,88,1.2,3329.98
15747.88,70.89,88,0.0,3329.98
15747.88,70.75,88,0.0,3329.98
15747.88,70.62,88,1.2125,3329.98
15747.88,70.5,87,0.0,3329.98
15747.88,70.55,87,0.0,3329.98
15747.88,70.56,87,1.2125,3329.98
15747.88,70.98,87,0.0,3329.98
15747.88,70.91,90,0.0,3329.98
15747.88,70.86,90,2.475,3329.98
15747.88,73.02,72,0.0,3329.98
15747.88,71.38,72,1.175,3329.98
15747.88,71.95,91,0.0,3329.98
15747.88,72.03,91,0.0,3329.98
15747.88,72.52,90,1.2125,3329.98
15747.88,72.84,88,1.2125,3329.98
15747.88,73.24,88,0.0,3329.98
15747.88,73.66,89,0.0,3329.98
15747.88,73.51,89,1.2125,3329.98
15747.88,73.24,89,0.0,3329.98
15747.88,70.77,89,0.0,3329.98
15747.88,72.19,89,1.2125,3329.98
15747.88,71.72,88,0.0,3329.98
15747.88,71.44,88,0.0,3329.98
15747.88,71.35,90,1.225,3329.98
15747.88,71.81,89,0.0,3329.98
15747.88,71.67,89,0.0,3329.98
15747.88,71.75,88,0.0,3329.98
15747.88,71.01,88,0.0,3329.98
15747.88,71.18,87,1.225,3329.98
15747.88,70.98,87,0.0,3329.98
15747.88,71.3,87,0.0,3329.98
15747.88,71.3,87,2.425,3329.98
15747.88,71.61,87,0.0,3329.98
15747.88,71.72,87,0.0,3329.98
15747.88,70.59,85,2.4875,3329.98
15747.88,70.21,85,0.0,3329.98
15747.88,69.43,84,1.2375,3329.98
15747.88,69.87,84,0.0,3329.98
15747.88,70.56,88,0.0,3329.98
15747.88,70.25,88,1.2375,3329.98
15747.88,70.64,88,0.0,3329.98
15747.88,70.62,86,0.0,3329.98
15747.88,71.18,86,0.0,3329.98
15747.88,71.13,89,1.2375,3329.98
15747.88,71.13,89,0.0,3329.98
15747.88,71.15,88,0.0,3329.98
15747.88,72.08,88,1.2375,3329.98
15747.88,71.56,90,0.0,3329.98
15747.88,70.92,89,0.0,3329.98
15747.88,70.58,89,1.2375,3329.98
15747.88,71.02,88,0.0,3329.98
15747.88,71.52,88,0.0,3329.98
15747.88,72.16,87,1.2375,3329.98
15747.88,72.64,87,0.0,3329.98
15747.88,73.37,86,0.0,3329.98
15747.88,73.29,86,0.0,3329.98
15747.88,73.74,88,1.2375,3329.98
15747.88,73.86,88,0.0,3329.98
15747.88,73.59,88,0.0,3329.98
15747.88,73.67,88,1.2375,3329.98
15747.88,73.54,87,2.4875,3329.98
15747.88,70.82,87,0.0,3329.98
15747.88,70.47,76,0.0,3329.98
15747.88,69.64,76,1.2375,3329.98
15747.88,68.64,87,1.2375,3329.98
15747.88,68.07,87,0.0,3329.98
15747.88,68.38,87,0.0,3329.98
15747.88,68.19,87,1.25,3329.98
15747.88,68.43,90,0.0,3329.98
15747.88,68.98,90,0.0,3329.98
15747.88,68.83,88,1.25,3329.98
15747.88,69.14,88,0.0,3329.98
15747.88,71.55,87,0.0,3329.98
15747.88,71.2,87,1.2375,3329.98
15747.88,71.26,87,0.0,3329.98
15747.88,71.64,87,0.0,3329.98
15747.88,71.51,90,1.2375,3329.98
15747.88,71.51,90,0.0,3329.98
15747.88,71.57,90,0.0,3329.98
15747.88,71.54,90,1.2125,3329.98
15747.88,71.54,90,0.0,3329.98
15747.88,71.45,90,0.0,3329.98
15747.88,71.45,90,1.2,3329.98
15747.88,71.33,90,0.0,3329.98
15747.88,71.79,87,0.0,3329.98
15747.88,71.79,87,0.0,3329.98
15747.88,71.57,90,1.1625,3329.98
15747.88,73.32,90,1.2,3329.98
15747.88,73.14,74,1.25,3329.98
15747.88,72.3,74,0.0,3329.98
15747.88,73.08,97,0.0,3329.98
15747.88,73.4,97,1.225,3329.98
15747.88,73.4,90,0.0,3329.98
15747.88,73.58,90,0.0,3329.98
15747.88,74.39,90,0.0,3329.98
15747.88,74.28,90,1.2125,3329.98
15747.88,74.1,91,0.0,3329.98
15747.88,74.24,91,0.0,3329.98
15747.88,72.1,90,0.0,3329.98
15747.88,72.1,90,1.2375,3329.98
15747.88,71.88,91,0.0,3329.98
15747.88,72.54,91,0.0,3329.98
15747.88,71.77,91,1.25,3329.98
15747.88,71.64,91,0.0,3329.98
15747.88,71.3,89,0.0,3329.98
15747.88,71.14,89,0.0,3329.98
15747.88,70.92,89,1.25,3329.98
15747.88,70.77,91,0.0,3329.98
15747.88,70.83,91,0.0,3329.98
15747.88,70.32,88,1.25,3329.98
15747.88,70.2,88,0.0,3329.98
15747.88,70.29,88,0.0,3329.98
15747.88,70.29,88,0.0,3329.98
15747.88,70.4,91,1.25,3329.98
15747.88,69.69,91,1.2375,3329.98
15747.88,70.05,79,0.0,3329.98
15747.88,69.07,79,1.2375,3329.98
15747.88,69.16,88,0.0,3329.98
15747.88,69.43,88,0.0,3329.98
15747.88,69.77,89,0.0,3329.98
15747.88,70.48,89,1.2375,3329.98
15747.88,71.12,87,0.0,3329.98
15747.88,71.39,87,1.2375,3329.98
15747.88,71.25,90,0.0,3329.98
15747.88,71.19,90,0.0,3329.98
15747.88,72.34,89,0.0,3329.98
15747.88,72.53,89,1.2375,3329.98
15747.88,73.52,88,0.0,3329.98
15747.88,73.52,88,1.2375,3329.98
15747.88,73.13,88,1.2375,3329.98
15747.88,73.05,87,0.0,3329.98
15747.88,72.91,87,0.0,3329.98
15747.88,72.7,90,1.2375,3329.98
15747.88,72.59,90,0.0,3329.98
15747.88,72.59,90,0.0,3329.98
15747.88,72.3,90,1.2375,3329.98
15747.88,71.13,89,0.0,3329.98
15747.88,71.13,90,0.0,3329.98
15747.88,70.86,90,0.0,3329.98
15747.88,70.96,89,1.25,3329.98
15747.88,71.05,89,1.25,3329.98
15747.88,71.4,77,0.0,3329.98
15747.88,73.69,77,1.225,3329.98
15747.88,71.92,93,0.0,3329.98
15747.88,71.83,93,0.0,3329.98
15747.88,71.83,88,1.2125,3329.98
15747.88,72.83,88,0.0,3329.98
15747.88,73.25,90,0.0,3329.98
15747.88,73.58,90,1.2125,3329.98
15747.88,73.59,89,0.0,3329.98
15747.88,73.44,89,0.0,3329.98
15747.88,70.28,88,1.225,3329.98
15747.88,70.28,88,0.0,3329.98
15747.88,71.56,89,0.0,3329.98
15747.88,71.62,89,0.0,3329.98
15747.88,71.48,88,1.2125,3329.98
15747.88,71.71,88,0.0,3329.98
15747.88,71.73,89,1.2,3329.98
15747.88,71.76,89,0.0,3329.98
15747.88,71.99,87,0.0,3329.98
15747.88,71.84,87,1.2125,3329.98
15747.88,71.87,86,0.0,3329.98
15747.88,71.95,86,0.0,3329.98
15747.88,72.29,86,0.0,3330.11
15747.88,72.4,86,1.2125,3330.11
15747.88,72.34,89,0.0,3330.11
15747.88,72.34,89,3.625,3330.11
15747.88,70.21,84,0.0,3330.11
15747.88,70.32,84,1.2125,3330.11
15747.88,69.13,82,0.0,3330.11
15747.88,69.13,82,0.0,3330.11
15747.88,70.05,88,0.0,3330.11
15747.88,70.79,88,0.0,3330.11
15747.88,71.22,86,1.225,3330.11
15747.88,72.04,86,0.0,3330.11
15747.88,72.04,87,0.0,3330.11
15747.88,72.35,87,1.2125,3330.11
15747.88,72.92,87,0.0,3330.11
15747.88,74.49,86,1.2125,3330.11
15747.88,74.94,86,0.0,3330.11
15747.88,74.92,88,1.2125,3330.11
15747.88,74.91,88,0.0,3330.11
15747.88,74.91,89,0.0,3330.11
15747.88,73.51,89,1.2125,3330.11
15747.88,72.44,88,0.0,3330.11
15747.88,72.6,88,0.0,3330.11
15747.88,71.91,90,1.2125,3330.11
15747.88,71.42,90,0.0,3330.11
15747.88,71.63,90,0.0,3330.11
15747.88,71.63,90,1.2125,3330.11
15747.88,71.94,89,0.0,3330.11
15747.88,72.12,89,0.0,3330.11
15747.88,72.18,88,2.4375,3330.11
15747.88,68.97,88,0.0,3330.11
15747.88,69.0,77,0.0,3330.11
15747.88,68.27,77,1.2125,3330.11
15747.88,68.55,90,0.0,3330.11
15747.88,69.2,90,0.0,3330.11
15747.88,69.79,88,0.0,3330.11
15747.88,70.08,88,1.2125,3330.11
15747.88,70.08,86,0.0,3330.11
15747.88,70.2,86,0.0,3330.11
15747.88,69.74,90,2.4375,3330.11
15747.88,69.74,90,0.0,3330.11
15747.88,72.27,88,0.0,3330.11
15747.88,72.27,88,0.0,3330.11
15747.88,72.67,88,1.2125,3330.11
15747.88,72.56,90,0.0,3330.11
15747.88,72.18,90,0.0,3330.11
15747.88,71.66,89,1.2125,3330.11
15747.88,71.05,89,0.0,3330.11
15747.88,71.0,88,0.0,3330.11
15747.88,71.0,88,0.0,3330.11
15747.88,70.93,91,1.2125,3330.11
15747.88,71.28,91,0.0,3330.11
15747.88,71.42,91,0.0,3330.11
15747.88,71.69,91,1.2125,3330.11
15747.88,71.98,87,0.0,3330.11
15747.88,71.86,87,1.2125,3330.11
15747.88,73.56,76,1.2125,3330.11
15747.88,72.15,76,0.0,3330.11
15747.88,72.07,92,0.0,3330.11
15747.88,71.88,92,1.2125,3330.11
15747.88,72.05,90,0.0,3330.11
15747.88,72.36,90,1.2,3330.11
15747.88,72.64,89,0.0,3330.11
15747.88,73.16,89,1.25,3330.11
15747.88,73.45,89,0.0,3330.11
15747.88,72.86,89,0.0,3330.11
15747.88,72.86,87,1.2375,3330.11
15747.88,70.82,87,0.0,3330.11
15747.88,72.14,88,0.0,3330.11
15747.88,72.45,88,1.2375,3330.11
15747.88,72.55,88,0.0,3330.11
15747.88,72.42,88,0.0,3330.11
15747.88,72.43,90,1.2375,3330.11
15747.88,72.21,90,0.0,3330.11
15747.88,71.7,90,0.0,3330.11
15747.88,71.71,89,1.2375,3330.11
15747.88,71.99,89,0.0,3330.11
15747.88,72.01,90,0.0,3330.11
15747.88,72.23,90,1.2375,3330.11
15747.88,72.4,90,0.0,3330.11
15747.88,72.22,90,0.0,3330.11
15747.88,68.78,73,2.4875,3330.11
15747.88,68.85,73,0.0,3330.11
15747.88,68.46,95,0.0,3330.11
15747.88,68.8,95,1.2375,3330.11
15747.88,68.84,86,0.0,3330.11
15747.88,69.08,86,0.0,3330.11
15747.88,69.35,90,0.0,3330.11
15747.88,69.59,90,1.25,3330.11
15747.88,69.64,88,0.0,3330.11
15747.88,69.64,88,0.0,3330.11
15747.88,69.31,88,1.25,3330.11
15747.88,72.47,87,0.0,3330.11
15747.88,71.69,87,0.0,3330.11
15747.88,71.69,88,1.2375,3330.11
15747.88,72.02,88,0.0,3330.11
15747.88,71.73,90,0.0,3330.11
15747.88,71.39,90,1.25,3330.11
15747.88,71.7,90,1.25,3330.11
15747.88,72.02,90,0.0,3330.11
15747.88,71.94,89,0.0,3330.11
15747.88,71.94,89,1.2375,3330.11
15747.88,71.71,88,0.0,3330.11
15747.88,71.44,88,1.25,3330.11
15747.88,71.52,88,0.0,3330.11
15747.88,72.03,88,0.0,3330.11
15747.88,72.07,88,0.0,3330.11
15747.88,72.13,90,2.4375,3330.11
15747.88,73.26,90,0.0,3330.11
15747.88,70.95,81,0.0,3330.11
15747.88,70.84,81,1.2125,3330.11
15747.88,70.78,89,0.0,3330.11
15747.88,71.42,89,1.2125,3330.11
15747.88,71.85,87,0.0,3330.11
15747.88,71.94,87,0.0,3330.11
15747.88,71.96,88,1.2125,3330.11
15747.88,71.99,88,0.0,3330.11
15747.88,72.06,90,0.0,3330.11
15747.88,71.85,90,0.0,3330.11
15747.88,69.95,90,0.0,3330.11
15747.88,71.55,90,1.225,3330.11
15747.88,71.86,89,0.0,3330.11
15747.88,71.88,89,0.0,3330.11
15747.88,71.85,90,0.0,3330.11
15747.88,71.67,90,1.225,3330.11
15747.88,71.78,90,0.0,3330.11
15747.88,71.97,90,1.225,3330.11
15747.88,71.59,89,0.0,3330.11
15747.88,71.63,89,1.225,3330.11
15747.88,71.57,88,0.0,3330.11
15747.88,71.67,88,0.0,3330.11
15747.88,71.81,90,0.0,3330.11
15747.88,71.59,88,0.0,3330.11
15747.88,71.49,88,2.425,3330.11
15747.88,68.65,73,1.225,3330.11
15747.88,69.01,73,0.0,3330.11
15747.88,67.96,91,0.0,3330.11
15747.88,67.99,91,0.0,3330.11
15747.88,68.41,88,1.2125,3330.11
15747.88,69.12,88,0.0,3330.11
15747.88,69.65,88,0.0,3330.11
15747.88,69.87,88,1.225,3330.11
15747.88,69.72,89,0.0,3330.11
15747.88,69.69,89,0.0,3330.11
15747.88,71.74,89,0.0,3330.11
15747.88,71.19,89,1.225,3330.11
15747.88,72.01,90,0.0,3330.11
15747.88,71.98,90,0.0,3330.11
15747.88,71.81,90,1.2125,3330.11
15747.88,71.69,90,0.0,3330.11
15747.88,71.24,90,0.0,3330.11
15747.88,71.18,89,1.2125,3330.11
15747.88,71.09,89,0.0,3330.11
15747.88,71.09,90,0.0,3330.11
15747.88,71.01,90,1.2125,3330.11
15747.88,70.93,90,1.2,3330.11
15747.88,71.39,90,0.0,3330.11
15747.88,71.39,90,0.0,3330.11
15747.88,71.47,90,1.2125,3330.11
15747.88,71.39,90,1.2125,3330.11
15747.88,73.71,76,1.2125,3330.11
15747.88,72.05,76,0.0,3330.11
15747.88,72.24,91,0.0,3330.11
15747.88,72.61,91,1.2125,3330.11
15747.88,72.61,90,0.0,3330.11
15747.88,73.08,90,0.0,3330.11
15747.88,73.38,87,0.0,3330.11
15747.88,73.55,87,1.2125,3330.11
15747.88,73.56,90,0.0,3330.11
15747.88,73.29,90,0.0,3330.11
15747.88,73.21,89,1.2125,3330.11
15747.88,70.59,89,0.0,3330.11
15747.88,71.57,89,0.0,3330.11
15747.88,71.9,89,1.2375,3330.11
15747.88,72.0,89,1.2375,3330.11
15747.88,72.04,89,0.0,3330.11
15747.88,71.88,89,0.0,3330.11
15747.88,71.85,89,1.2375,3330.11
15747.88,71.85,89,0.0,3330.11
15747.88,71.9,90,0.0,3330.11
15747.88,71.9,90,1.25,3330.11
15747.88,71.66,87,0.0,3330.11
15747.88,71.92,87,0.0,3330.11
15747.88,71.72,90,1.2375,3330.11
15747.88,71.25,90,0.0,3330.11
15747.88,71.22,88,1.2375,3330.11
15747.88,71.8,88,1.2375,3330.11
15747.88,70.57,78,0.0,3330.11
15747.88,70.57,78,0.0,3330.11
15747.88,70.87,91,1.25,3330.11
15747.88,71.23,91,0.0,3330.11
15747.88,71.61,90,0.0,3330.11
15747.88,71.99,90,0.0,3330.11
15747.88,72.6,88,1.25,3330.11
15747.88,73.05,88,0.0,3330.11
15747.88,73.4,88,0.0,3330.11
15747.88,73.08,89,1.2375,3330.11
15747.88,73.08,89,0.0,3330.11
15747.88,72.17,91,1.2375,3330.11
15747.88,73.09,91,1.25,3330.11
15747.88,73.03,90,0.0,3330.11
15747.88,72.94,90,0.0,3330.11
15747.88,72.58,90,0.0,3330.11
15747.88,72.42,90,0.0,3330.11
15747.88,72.38,88,1.2375,3330.11
15747.88,71.16,89,0.0,3330.11
15747.88,70.78,89,0.0,3330.11
15747.88,71.0,89,1.2375,3330.11
15747.88,71.17,89,0.0,3330.11
15747.88,71.33,88,0.0,3330.11
15747.88,71.63,88,0.0,3330.11
15747.88,71.48,89,1.2375,3330.11
15747.88,69.32,89,1.2375,3330.11
15747.88,69.73,78,0.0,3330.11
15747.88,68.98,78,0.0,3330.11
15747.88,69.16,87,0.0,3330.11
15747.88,69.54,87,1.25,3330.11
15747.88,69.92,90,1.2375,3330.11
15747.88,69.98,90,0.0,3330.11
15747.88,69.99,87,0.0,3330.11
15747.88,70.0,87,1.2125,3330.11
15747.88,69.47,90,0.0,3330.11
15747.88,69.42,90,0.0,3330.11
15747.88,71.45,89,1.2125,3330.11
15747.88,71.24,89,0.0,3330.11
15747.88,72.17,89,0.0,3330.11
15747.88,72.3,89,0.0,3330.11
15747.88,72.28,91,1.2125,3330.11
15747.88,72.32,91,0.0,3330.11
15747.88,72.21,90,0.0,3330.11
15747.88,72.11,90,0.0,3330.11
15747.88,72.02,90,1.2125,3330.11
15747.88,71.94,90,0.0,3330.11
15747.88,71.64,90,0.0,3330.11
15747.88,71.67,89,1.2125,3330.11
15747.88,72.03,89,1.2125,3330.11
15747.88,71.94,90,0.0,3330.11
15747.88,71.82,90,1.2125,3330.11
15747.88,72.28,82,1.2125,3330.11
15747.88,70.56,82,0.0,3330.11
15747.88,70.46,93,0.0,3330.11
15747.88,70.71,93,1.2125,3330.11
15747.88,71.27,93,0.0,3330.11
15747.88,71.54,90,0.0,3330.11
15747.88,71.75,90,1.2125,3330.11
15747.88,71.6,90,0.0,3330.11
15747.88,71.34,90,0.0,3330.11
15747.88,71.22,90,1.2125,3330.11
15747.88,70.86,90,0.0,3330.11
15747.88,70.0,88,0.0,3330.11
15747.88,71.24,87,0.0,3330.11
15747.88,71.48,87,1.2125,3330.11
15747.88,71.39,87,0.0,3330.11
15747.88,71.39,90,0.0,3330.11
15747.88,71.2,90,1.2125,3330.11
15747.88,71.31,90,0.0,3330.11
15747.88,71.32,90,0.0,3330.11
15747.88,71.2,90,1.2125,3330.11
15747.88,71.91,89,0.0,3330.11
15747.88,71.91,89,0.0,3330.11
15747.88,71.81,90,0.0,3330.11
15747.88,72.29,90,1.2125,3330.11
15747.88,72.31,90,0.0,3330.11
15747.88,72.27,90,1.2125,3330.11
15747.88,70.44,84,0.0,3330.11
15747.88,72.31,84,1.225,3330.11
15747.88,71.99,90,1.225,3330.11
15747.88,71.35,90,0.0,3330.11
15747.88,71.01,91,0.0,3330.11
15747.88,70.88,91,1.2125,3330.11
15747.88,71.23,90,0.0,3330.11
15747.88,71.19,90,0.0,3330.11
15747.88,71.06,86,1.2125,3330.11
15747.88,70.66,86,0.0,3330.11
15747.88,71.01,87,0.0,3330.11
15747.88,73.56,87,0.0,3330.11
15747.88,71.84,89,0.0,3330.11
15747.88,71.83,89,1.2125,3330.11
15747.88,72.3,90,0.0,3330.11
15747.88,72.15,90,0.0,3330.11
15747.88,72.16,90,2.4,3330.11
15747.88,72.29,90,0.0,3330.11
15747.88,72.22,90,0.0,3330.11
15747.88,72.54,89,1.2125,3330.11
15747.88,72.21,89,0.0,3330.11
15747.88,71.24,90,0.0,3330.11
15747.88,70.77,90,1.2125,3330.11
15747.88,70.99,90,0.0,3330.11
15747.88,70.98,90,0.0,3330.11
15747.88,71.13,89,0.0,3330.11
15747.88,71.13,89,1.225,3330.11
15747.88,71.51,89,1.225,3330.11
15747.88,72.87,89,0.0,3330.11
15747.88,71.49,82,0.0,3330.11
15747.88,71.38,82,1.2,3330.11
15747.88,70.98,89,0.0,3330.11
15747.88,71.4,89,0.0,3330.11
15747.88,71.97,89,0.0,3330.11
15747.88,72.06,89,1.225,3330.11
15747.88,72.26,88,0.0,3330.11
15747.88,71.87,88,0.0,3330.11
15747.88,72.06,87,1.2125,3330.11
15747.88,69.97,90,0.0,3330.11
15747.88,69.97,90,0.0,3330.11
15747.88,71.32,87,1.2125,3330.11
15747.88,71.32,87,0.0,3330.11
15747.88,71.8,87,0.0,3330.11
15747.88,71.4,90,0.0,3330.11
15747.88,71.23,89,1.2125,3330.11
15747.88,71.09,89,0.0,3330.11
15747.88,71.52,89,0.0,3330.11
15747.88,71.52,89,1.2125,3330.11
15747.88,71.45,89,1.2125,3330.11
15747.88,71.49,90,0.0,3330.11
15747.88,71.64,90,0.0,3330.11
15747.88,71.79,90,1.2125,3330.11
15747.88,71.79,90,0.0,3330.11
15747.88,69.95,89,1.225,3330.11
15747.88,70.59,89,0.0,3330.11
15747.88,70.59,77,1.225,3330.11
15747.88,69.72,77,0.0,3330.11
15747.88,69.97,91,0.0,3330.11
15747.88,70.17,91,1.2125,3330.11
15747.88,70.28,90,0.0,3330.11
15747.88,70.54,89,0.0,3330.11
15747.88,70.87,89,0.0,3330.11
15747.88,71.11,89,0.0,3330.11
15747.88,71.05,89,1.225,3330.11
15747.88,70.93,91,0.0,3330.11
15747.88,72.35,91,0.0,3330.11
15747.88,72.02,91,0.0,3330.11
15747.88,72.87,91,1.225,3330.11
15747.88,72.4,91,0.0,3330.11
15747.88,72.29,91,0.0,3330.11
15747.88,72.22,91,1.2125,3330.11
15747.88,72.03,91,0.0,3330.11
15747.88,71.96,91,1.2125,3330.11
15747.88,71.96,91,0.0,3330.11
15747.88,71.83,92,1.2125,3330.11
15747.88,71.89,92,0.0,3330.11
15747.88,71.33,91,0.0,3330.11
15747.88,71.68,91,1.2125,3330.11
15747.88,71.69,90,1.175,3330.11
15747.88,71.76,76,0.0,3330.11
15747.88,73.14,76,1.2125,3330.11
15747.88,71.79,92,0.0,3330.11
15747.88,71.89,92,0.0,3330.11
15747.88,72.4,89,1.2125,3330.11
15747.88,72.65,89,0.0,3330.11
15747.88,72.94,90,0.0,3330.11
15747.88,73.39,90,1.2125,3330.11
15747.88,73.23,90,0.0,3330.11
15747.88,73.38,90,0.0,3330.11
15747.88,73.07,90,0.0,3330.11
15747.88,71.37,89,1.2125,3330.11
15747.88,72.49,89,0.0,3330.11
15747.88,72.25,89,0.0,3330.11
15747.88,72.31,88,0.0,3330.11
15747.88,71.99,88,1.225,3330.11
15747.88,71.95,91,0.0,3330.11
15747.88,71.98,91,0.0,3330.11
15747.88,72.0,91,0.0,3330.11
15747.88,71.97,92,1.225,3330.11
15747.88,71.57,92,0.0,3330.11
15747.88,71.58,91,0.0,3330.11
15747.88,71.58,91,1.25,3330.11
15747.88,71.67,91,0.0,3330.11
15747.88,71.78,92,1.25,3330.11
15747.88,72.12,92,1.25,3330.11
15747.88,71.89,79,0.0,3330.11
15747.88,74.04,79,0.0,3330.11
15747.88,72.61,94,1.25,3330.11
15747.88,72.34,94,0.0,3330.11
15747.88,72.9,90,0.0,3330.11
15747.88,73.21,90,0.0,3330.11
15747.88,73.43,91,1.25,3330.11
15747.88,73.58,91,0.0,3330.11
15747.88,73.61,91,0.0,3330.11
15747.88,73.44,91,0.0,3330.11
15747.88,73.32,90,1.25,3330.11
15747.88,70.92,90,0.0,3330.11
15747.88,72.14,91,0.0,3330.11
15747.88,72.31,91,0.0,3330.11
15747.88,72.12,90,0.0,3330.11
15747.88,71.81,90,1.25,3330.11
15747.88,71.79,90,0.0,3330.11
15747.88,71.71,90,0.0,3330.11
15747.88,71.71,90,0.0,3330.11
15747.88,71.73,90,1.25,3330.11
15747.88,71.64,90,0.0,3330.11
15747.88,71.67,90,0.0,3330.11
15747.88,71.58,91,0.0,3330.11
15747.88,71.6,91,1.25,3330.11
15747.88,71.63,91,0.0,3330.11
15747.88,71.74,91,1.25,3330.11
15747.88,70.81,76,0.0,3330.11
15747.88,70.58,76,1.25,3330.11
15747.88,70.31,94,0.0,3330.11
15747.88,70.31,94,0.0,3330.11
15747.88,70.31,91,0.0,3330.11
15747.88,70.76,91,1.25,3330.11
15747.88,71.02,90,0.0,3330.11
15747.88,71.02,90,0.0,3330.11
15747.88,71.46,90,0.0,3330.11
15747.88,71.31,90,0.0,3330.11
15747.88,71.14,90,1.25,3330.11
15747.88,72.06,90,0.0,3330.11
15747.88,71.93,90,0.0,3330.11
15747.88,72.38,90,0.0,3330.11
15747.88,72.12,91,1.2375,3330.11
15747.88,72.03,91,0.0,3330.11
15747.88,71.94,91,0.0,3330.11
15747.88,72.02,91,1.2375,3330.11
15747.88,72.15,91,1.2375,3330.11
15747.88,72.04,91,0.0,3330.11
15747.88,71.93,92,0.0,3330.11
15747.88,71.75,92,0.0,3330.11
15747.88,71.45,91,1.25,3330.11
15747.88,71.79,91,0.0,3330.11
15747.88,71.87,91,0.0,3330.11
15747.88,72.06,91,1.225,3330.11
15747.88,69.7,78,1.225,3330.11
15747.88,69.7,78,0.0,3330.11
15747.88,69.1,94,0.0,3330.11
15747.88,69.13,94,0.0,3330.11
15747.88,69.27,91,1.225,3330.11
15747.88,69.67,91,0.0,3330.11
15747.88,69.73,90,0.0,3330.11
15747.88,70.02,90,0.0,3330.11
15747.88,69.71,91,0.0,3330.11
15747.88,69.71,91,0.0,3330.11
15747.88,69.67,91,1.225,3330.11
15747.88,71.76,90,0.0,3330.11
15747.88,72.39,90,0.0,3330.11
15747.88,72.39,92,0.0,3330.11
15747.88,72.27,92,1.225,3330.11
15747.88,72.03,91,0.0,3330.11
15747.88,72.03,91,0.0,3330.11
15747.88,71.83,89,0.0,3330.11
15747.88,71.75,89,2.4375,3330.11
15747.88,72.4,89,0.0,3330.11
15747.88,72.14,89,0.0,3330.11
15747.88,72.2,90,0.0,3330.11
15747.88,71.92,90,1.225,3330.11
15747.88,71.91,90,0.0,3330.11
15747.88,71.87,90,0.0,3330.11
15747.88,69.57,83,2.4375,3330.11
15747.88,69.92,83,0.0,3330.11
15747.88,69.16,86,0.0,3330.11
15747.88,69.43,86,0.0,3330.11
15747.88,69.67,91,1.2,3330.11
15747.88,69.51,91,0.0,3330.11
15747.88,69.91,90,0.0,3330.11
15747.88,70.19,90,1.2125,3330.11
15747.88,70.26,90,0.0,3330.11
15747.88,70.09,90,0.0,3330.11
15747.88,70.07,88,0.0,3330.11
15747.88,72.29,88,1.2125,3330.11
15747.88,71.69,90,0.0,3330.11
15747.88,72.24,90,0.0,3330.11
15747.88,71.94,90,1.2125,3330.11
15747.88,71.65,89,0.0,3330.11
15747.88,71.64,89,0.0,3330.11
15747.88,71.54,87,0.0,3330.11
15747.88,71.38,87,1.225,3330.11
15747.88,71.49,89,0.0,3330.11
15747.88,71.77,89,1.225,3330.11
15747.88,71.44,89,0.0,3330.11
15747.88,71.41,89,1.2125,3330.11
15747.88,71.62,88,0.0,3330.11
15747.88,71.84,88,0.0,3330.11
15747.88,71.89,90,1.2375,3330.11
15747.88,71.66,90,1.1875,3330.11
15747.88,73.41,74,0.0,3330.11
15747.88,72.06,74,1.225,3330.11
15747.88,71.81,93,0.0,3330.11
15747.88,71.76,93,0.0,3330.11
15747.88,72.25,91,0.0,3330.11
15747.88,72.25,91,1.2125,3330.11
15747.88,72.49,89,0.0,3330.11
15747.88,72.11,89,0.0,3330.11
15747.88,71.99,89,1.2125,3330.11
15747.88,71.81,89,0.0,3330.11
15747.88,69.86,88,0.0,3330.11
15747.88,69.89,88,1.2125,3330.11
15747.88,71.5,89,0.0,3330.11
15747.88,71.63,89,0.0,3330.11
15747.88,71.38,90,1.225,3330.11
15747.88,71.36,90,0.0,3330.11
15747.88,71.62,90,0.0,3330.11
15747.88,71.4,90,0.0,3330.11
15747.88,71.53,91,1.225,3330.11
15747.88,71.67,91,0.0,3330.11
15747.88,72.03,91,0.0,3330.11
15747.88,71.84,91,0.0,3330.11
15747.88,71.61,91,1.225,3330.11
15747.88,71.23,91,0.0,3330.11
15747.88,71.28,90,0.0,3330.11
15747.88,71.56,90,0.0,3330.11
15747.88,71.59,90,2.4375,3330.11
15747.88,73.75,77,0.0,3330.11
15747.88,73.72,77,1.225,3330.11
15747.88,72.74,93,0.0,3330.11
15747.88,72.69,93,0.0,3330.11
15747.88,73.42,87,1.2125,3330.11
15747.88,73.55,87,0.0,3330.11
15747.88,73.55,89,0.0,3330.11
15747.88,73.66,89,1.2125,3330.11
15747.88,73.49,91,1.225,3330.11
15747.88,73.44,91,0.0,3330.11
15747.88,70.82,87,0.0,3330.11
15747.88,70.7,87,0.0,3330.11
15747.88,71.64,87,1.225,3330.11
15747.88,71.65,91,0.0,3330.11
15747.88,71.39,91,0.0,3330.11
15747.88,71.26,91,0.0,3330.11
15747.88,71.19,91,0.0,3330.11
15747.88,71.08,91,1.225,3330.11
15747.88,70.03,89,0.0,3330.11
15747.88,70.19,89,0.0,3330.11
15747.88,69.96,91,0.0,3330.11
15747.88,70.2,91,0.0,3330.11
15747.88,70.32,89,1.225,3330.11
15747.88,70.49,89,0.0,3330.11
15747.88,70.75,90,0.0,3330.11
15747.88,70.84,90,0.0,3330.11
15747.88,70.88,90,3.65,3330.11
15747.88,72.14,90,0.0,3330.11
15747.88,72.3,75,1.2125,3330.11
15747.88,71.94,75,0.0,3330.11
15747.88,72.09,90,0.0,3330.11
15747.88,72.38,90,0.0,3330.11
15747.88,72.62,90,1.225,3330.11
15747.88,72.81,90,0.0,3330.11
15747.88,72.97,90,0.0,3330.11
15747.88,72.94,90,1.2,3330.11
15747.88,72.51,90,0.0,3330.11
15747.88,72.4,90,0.0,3330.11
15747.88,71.0,90,1.2125,3330.11
15747.88,70.36,87,0.0,3330.11
15747.88,71.15,87,0.0,3330.11
15747.88,71.01,87,1.2125,3330.11
15747.88,70.6,90,0.0,3330.11
15747.88,70.66,90,0.0,3330.11
15747.88,70.73,90,0.0,3330.11
15747.88,70.05,89,1.2125,3330.11
15747.88,70.0,89,0.0,3330.11
15747.88,70.28,88,0.0,3330.11
15747.88,70.28,88,1.2125,3330.11
15747.88,70.71,90,1.2125,3330.11
15747.88,71.7,90,0.0,3330.11
15747.88,71.98,89,0.0,3330.11
15747.88,72.36,89,1.225,3330.11
15747.88,72.25,90,0.0,3330.11
15747.88,72.56,90,1.225,3330.11
15747.88,73.05,81,0.0,3330.11
15747.88,72.4,81,1.2,3330.11
15747.88,72.72,89,0.0,3330.11
15747.88,72.9,89,1.2125,3330.11
15747.88,72.92,90,0.0,3330.11
15747.88,72.96,90,0.0,3330.11
15747.88,72.79,89,0.0,3330.11
15747.88,72.88,89,1.2125,3330.11
15747.88,72.65,90,0.0,3330.11
15747.88,72.69,90,0.0,3330.11
15747.88,71.95,90,0.0,3330.11
15747.88,71.83,90,1.2125,3330.11
15747.88,72.38,89,0.0,3330.11
15747.88,72.24,89,0.0,3330.11
15747.88,72.1,90,1.2125,3330.11
15747.88,71.97,90,0.0,3330.11
15747.88,72.34,90,0.0,3330.11
15747.88,72.21,90,1.2125,3330.11
15747.88,71.96,92,0.0,3330.11
15747.88,72.0,90,0.0,3330.11
15747.88,71.53,90,0.0,3330.11
15747.88,71.57,90,1.2,3330.11
15747.88,71.59,90,0.0,3330.11
15747.88,71.42,87,0.0,3330.11
15747.88,71.3,87,3.4625,3330.11
15747.88,72.74,87,0.0,3330.11
15747.88,71.48,72,1.2,3330.11
15747.88,71.41,89,0.0,3330.11
15747.88,71.27,89,0.0,3330.11
15747.88,71.56,87,1.2,3330.11
15747.88,72.02,87,0.0,3330.11
15747.88,72.71,87,1.2125,3330.11
15747.88,73.54,88,0.0,3330.11
15747.88,73.47,89,0.0,3330.11
15747.88,73.49,89,1.2125,3330.11
15747.88,73.36,89,0.0,3330.11
15747.88,71.64,90,0.0,3330.11
15747.88,72.47,88,0.0,3330.11
15747.88,72.25,88,1.2125,3330.11
15747.88,72.58,88,1.2125,3330.11
15747.88,72.48,88,0.0,3330.11
15747.88,72.36,88,0.0,3330.11
15747.88,72.06,88,1.225,3330.11
15747.88,71.45,88,0.0,3330.11
15747.88,71.57,88,0.0,3330.11
15747.88,71.38,90,0.0,3330.11
15747.88,71.22,90,1.2125,3330.11
15747.88,71.38,89,0.0,3330.11
15747.88,71.41,89,0.0,3330.11
15747.88,71.52,89,1.1875,3330.11
15747.88,71.27,79,1.2125,3330.11
15747.88,68.39,79,1.2125,3330.11
15747.88,68.58,92,0.0,3330.11
15747.88,67.15,92,0.0,3330.11
15747.88,66.56,88,1.225,3330.11
15747.88,67.14,88,0.0,3330.11
15747.88,67.54,89,0.0,3330.11
15747.88,67.81,89,1.225,3330.11
15747.88,67.99,90,0.0,3330.11
15747.88,67.83,90,0.0,3330.11
15747.88,67.79,90,1.2125,3330.11
15747.88,70.48,88,0.0,3330.11
15747.88,70.1,90,0.0,3330.11
15747.88,71.11,90,1.2125,3330.11
15747.88,71.71,90,0.0,3330.11
15747.88,71.68,89,0.0,3330.11
15747.88,71.56,91,1.2125,3330.11
15747.88,71.51,91,0.0,3330.11
15747.88,71.51,91,0.0,3330.11
15747.88,71.46,90,1.2125,3330.11
15747.88,71.76,90,0.0,3330.11
15747.88,71.71,90,0.0,3330.11
15747.88,71.46,90,0.0,3330.11
15747.88,71.34,88,1.2125,3330.11
15747.88,71.34,88,0.0,3330.11
15747.88,71.39,89,0.0,3330.11
15747.88,71.41,89,0.0,3330.11
15747.88,71.36,90,3.6375,3330.11
15747.88,71.36,76,0.0,3330.11
15747.88,71.9,76,0.0,3330.11
15747.88,72.14,90,1.2125,3330.11
15747.88,72.14,90,0.0,3330.11
15747.88,72.52,89,0.0,3330.11
15747.88,72.84,89,1.2125,3330.11
15747.88,73.39,87,0.0,3330.11
15747.88,73.78,87,0.0,3330.11
15747.88,73.85,90,0.0,3330.11
15747.88,73.42,90,1.2125,3330.11
15747.88,73.23,87,0.0,3330.11
15747.88,70.98,87,0.0,3330.11
15747.88,72.22,89,1.2125,3330.11
15747.88,71.85,89,0.0,3330.11
15747.88,71.43,86,0.0,3330.11
15747.88,71.39,86,1.2125,3330.11
15747.88,71.62,89,0.0,3330.11
15747.88,71.61,89,1.2125,3330.11
15747.88,71.26,90,0.0,3330.11
15747.88,71.03,90,1.2125,3330.11
15747.88,71.02,88,0.0,3330.11
15747.88,71.09,86,0.0,3330.11
15747.88,71.11,86,1.2125,3330.11
15747.88,71.11,86,0.0,3330.11
15747.88,71.17,87,0.0,3330.11
15747.88,71.27,86,2.425,3330.11
15747.88,71.18,86,1.2125,3330.11
15747.88,72.74,75,0.0,3330.11
15747.88,70.99,75,0.0,3330.11
15747.88,71.2,88,1.2125,3330.11
15747.88,71.2,88,0.0,3330.11
15747.88,72.05,89,0.0,3330.11
15747.88,72.16,89,0.0,3330.11
15747.88,72.44,87,1.2125,3330.11
15747.88,72.51,87,0.0,3330.11
15747.88,72.11,86,0.0,3330.11
15747.88,72.03,86,1.2,3330.11
15747.88,70.01,89,0.0,3330.11
15747.88,71.45,89,0.0,3330.11
15747.88,71.52,89,0.0,3330.11
15747.88,71.42,89,1.2,3330.11
15747.88,71.27,89,0.0,3330.11
15747.88,71.17,89,0.0,3330.11
15747.88,71.37,88,1.2125,3330.11
15747.88,71.13,88,1.2125,3330.11
15747.88,71.11,89,0.0,3330.11
15747.88,71.27,89,1.2,3330.11
15747.88,71.33,90,0.0,3330.11
15747.88,71.64,90,0.0,3330.11
15747.88,72.07,89,0.0,3330.11
15747.88,72.73,89,1.2125,3330.11
15747.88,72.8,86,2.4375,3330.11
15747.88,73.05,86,0.0,3330.11
15747.88,73.41,78,0.0,3330.11
15747.88,71.86,78,1.2125,3330.11
15747.88,71.73,89,0.0,3330.11
15747.88,71.92,89,0.0,3330.11
15747.88,72.2,90,1.2125,3330.11
15747.88,72.34,90,0.0,3330.11
15747.88,72.47,88,0.0,3330.11
15747.88,72.19,90,1.2125,3330.11
15747.88,71.5,90,0.0,3330.11
15747.88,71.34,87,0.0,3330.11
15747.88,70.9,87,1.2125,3330.11
15747.88,71.48,90,0.0,3330.11
15747.88,71.84,90,0.0,3330.11
15747.88,71.65,89,1.2125,3330.11
15747.88,71.48,89,0.0,3330.11
15747.88,71.39,88,0.0,3330.11
15747.88,71.21,88,1.2,3330.11
15747.88,71.16,89,0.0,3330.11
15747.88,71.13,89,1.225,3330.11
15747.88,71.14,87,0.0,3330.11
15747.88,71.04,87,1.2125,3330.11
15747.88,71.17,87,0.0,3330.11
15747.88,71.35,87,0.0,3330.11
15747.88,71.31,90,0.0,3330.11
15747.88,71.33,90,2.3875,3330.11
15747.88,71.37,90,0.0,3330.11
15747.88,72.2,90,0.0,3330.11
15747.88,70.91,79,1.25,3330.11
15747.88,70.94,79,0.0,3330.11
15747.88,71.26,90,0.0,3330.11
15747.88,71.54,90,1.25,3330.11
15747.88,71.99,90,1.25,3330.11
15747.88,72.19,86,0.0,3330.11
15747.88,72.2,86,0.0,3330.11
15747.88,72.2,89,1.2375,3330.11
15747.88,72.19,89,0.0,3330.11
15747.88,72.03,87,0.0,3330.11
15747.88,70.98,87,1.2375,3330.11
15747.88,71.9,88,0.0,3330.11
15747.88,72.1,88,0.0,3330.11
15747.88,72.06,89,0.0,3330.11
15747.88,71.85,89,1.25,3330.11
15747.88,71.85,89,0.0,3330.11
15747.88,71.65,90,0.0,3330.11
15747.88,72.33,90,1.25,3330.11
15747.88,72.33,88,0.0,3330.11
15747.88,72.7,88,0.0,3330.11
15747.88,72.81,89,0.0,3330.11
15747.88,72.84,89,1.2375,3330.11
15747.88,73.2,91,0.0,3330.11
15747.88,72.94,91,0.0,3330.11
15747.88,72.79,90,2.4875,3330.11
15747.88,69.42,90,0.0,3330.11
15747.88,69.31,80,1.25,3330.11
15747.88,68.94,80,0.0,3330.11
15747.88,68.83,88,0.0,3330.11
15747.88,68.72,88,1.25,3330.11
15747.88,68.65,87,0.0,3330.11
15747.88,68.95,87,0.0,3330.11
15747.88,69.41,89,0.0,3330.11
15747.88,69.34,89,1.2375,3330.11
15747.88,69.28,89,0.0,3330.11
15747.88,69.19,91,0.0,3330.11
15747.88,72.01,91,0.0,3330.11
15747.88,71.94,91,1.2375,3330.11
15747.88,72.09,89,0.0,3330.11
15747.88,71.56,89,0.0,3330.11
15747.88,71.23,89,1.2375,3330.11
15747.88,71.05,89,0.0,3330.11
15747.88,71.32,89,1.2125,3330.11
15747.88,71.23,90,0.0,3330.11
15747.88,71.6,90,1.2125,3330.11
15747.88,71.5,89,0.0,3330.11
15747.88,71.65,89,0.0,3330.11
15747.88,71.58,90,1.2125,3330.11
15747.88,71.88,90,0.0,3330.11
15747.88,72.29,89,0.0,3330.11
15747.88,72.38,89,2.4125,3330.11
15747.88,74.35,73,0.0,3330.11
15747.88,72.37,73,0.0,3330.11
15747.88,72.05,92,1.2125,3330.11
15747.88,72.08,92,0.0,3330.11
15747.88,72.34,91,0.0,3330.11
15747.88,72.69,91,1.2125,3330.11
15747.88,73.1,88,0.0,3330.11
15747.88,73.38,88,0.0,3330.11
15747.88,73.22,90,1.1875,3330.11
15747.88,73.0,90,0.0,3330.11
15747.88,73.31,89,0.0,3330.11
15747.88,70.97,89,1.2125,3330.11
15747.88,72.2,90,0.0,3330.11
15747.88,72.43,90,0.0,3330.11
15747.88,72.41,90,0.0,3330.11
15747.88,72.26,90,1.225,3330.11
15747.88,72.15,90,0.0,3330.11
15747.88,71.87,90,0.0,3330.11
15747.88,71.72,89,1.225,3330.11
15747.88,71.44,89,1.2125,3330.11
15747.88,71.39,89,0.0,3330.11
15747.88,70.94,88,0.0,3330.11
15747.88,71.08,88,1.225,3330.11
15747.88,71.41,90,0.0,3330.11
15747.88,71.53,90,0.0,3330.11
15747.88,68.6,79,2.4375,3330.11
15747.88,68.59,79,0.0,3330.11
15747.88,67.93,90,0.0,3330.11
15747.88,68.22,90,0.0,3330.11
15747.88,68.86,89,1.225,3330.11
15747.88,69.1,89,0.0,3330.11
15747.88,69.3,89,0.0,3330.11
15747.88,69.66,89,0.0,3330.11
15747.88,69.13,89,1.2125,3330.11
15747.88,68.88,89,0.0,3330.11
15747.88,68.71,89,0.0,3330.11
15747.88,71.43,89,1.2125,3330.11
15747.88,71.05,90,0.0,3330.11
15747.88,71.78,90,0.0,3330.11
15747.88,71.54,87,1.225,3330.11
15747.88,71.29,87,0.0,3330.11
15747.88,71.25,88,0.0,3330.11
15747.88,71.06,88,0.0,3330.11
15747.88,70.84,90,1.225,3330.11
15747.88,71.27,90,1.225,3330.11
15747.88,71.83,90,0.0,3330.11
15747.88,71.53,90,0.0,3330.11
15747.88,71.49,91,1.2125,3330.11
15747.88,71.77,91,0.0,3330.11
15747.88,71.78,91,0.0,3330.11
15747.88,71.81,91,0.0,3330.11
15747.88,71.87,90,2.4125,3330.11
15747.88,74.11,78,1.2125,3330.11
15747.88,74.25,78,0.0,3330.11
15747.88,72.62,92,0.0,3330.11
15747.88,72.21,92,0.0,3330.11
15747.88,72.55,92,1.2125,3330.11
15747.88,72.82,90,0.0,3330.11
15747.88,72.86,89,0.0,3330.11
15747.88,73.05,89,1.225,3330.11
15747.88,72.99,89,0.0,3330.11
15747.88,73.12,89,0.0,3330.11
15747.88,70.71,90,0.0,3330.11
15747.88,70.43,90,1.2125,3330.11
15747.88,71.96,87,1.2375,3330.11
15747.88,72.03,87,0.0,3330.11
15747.88,71.8,87,1.225,3330.11
15747.88,71.72,90,0.0,3330.11
15747.88,71.38,90,0.0,3330.11
15747.88,71.24,90,0.0,3330.11
15747.88,71.17,90,1.2125,3330.11
15747.88,71.18,90,0.0,3330.11
15747.88,70.65,90,1.2125,3330.11
15747.88,70.65,89,0.0,3330.11
15747.88,70.62,89,0.0,3330.11
15747.88,70.7,90,0.0,3330.11
15747.88,70.64,91,1.25,3330.11
15747.88,70.82,91,0.0,3330.11
15747.88,70.81,90,2.45,3330.11
15747.88,72.6,90,0.0,3330.11
15747.88,72.6,80,0.0,3330.11
15747.88,71.5,80,0.0,3330.11
15747.88,71.61,92,1.25,3330.11
15747.88,72.16,92,0.0,3330.11
15747.88,72.86,91,0.0,3330.11
15747.88,72.86,91,0.0,3330.11
15747.88,73.09,91,1.225,3330.11
15747.88,72.99,91,0.0,3330.11
15747.88,72.9,91,0.0,3330.11
15747.88,72.97,91,0.0,3330.11
15747.88,71.24,90,1.225,3330.11
15747.88,70.71,90,0.0,3330.11
15747.88,71.78,90,0.0,3330.11
15747.88,71.7,90,0.0,3330.11
15747.88,71.7,91,1.225,3330.11
15747.88,71.6,91,0.0,3330.11
15747.88,71.48,91,0.0,3330.11
15747.88,71.17,91,0.0,3330.11
15747.88,71.06,91,1.225,3330.11
15747.88,70.76,91,0.0,3330.11
15747.88,70.4,88,0.0,3330.11
15747.88,70.46,88,0.0,3330.11
15747.88,70.61,91,0.0,3330.11
15747.88,70.79,91,2.4375,3330.11
15747.88,70.93,91,0.0,3330.11
15747.88,70.82,83,1.25,3330.11
15747.88,68.47,83,0.0,3330.11
15747.88,68.87,90,1.225,3330.11
15747.88,69.14,90,0.0,3330.11
15747.88,67.76,92,0.0,3330.11
15747.88,68.21,92,1.225,3330.11
15747.88,68.99,89,0.0,3330.11
15747.88,69.19,89,0.0,3330.11
15747.88,69.31,90,0.0,3330.11
15747.88,69.08,90,1.225,3330.11
15747.88,68.98,91,0.0,3330.11
15747.88,71.34,91,0.0,3330.11
15747.88,70.75,91,0.0,3330.11
15747.88,70.48,91,1.225,3330.11
15747.88,71.86,91,0.0,3330.11
15747.88,71.83,91,0.0,3330.11
15747.88,71.52,91,0.0,3330.11
15747.88,71.56,91,1.225,3330.11
15747.88,71.58,91,1.2125,3330.11
15747.88,71.4,91,0.0,3330.11
15747.88,71.45,91,1.2125,3330.11
15747.88,71.46,91,0.0,3330.11
15747.88,71.22,91,0.0,3330.11
15747.88,71.23,91,0.0,3330.11
15747.88,71.17,91,1.2125,3330.11
15747.88,71.31,91,0.0,3330.11
15747.88,72.17,89,0.0,3330.11
15747.88,72.75,89,0.0,3330.11
15747.88,74.59,88,2.45,3330.11
15747.88,73.54,77,0.0,3330.11
15747.88,73.41,77,0.0,3330.11
15747.88,73.68,90,1.225,3330.11
15747.88,74.09,90,0.0,3330.11
15747.88,74.37,90,0.0,3330.11
15747.88,74.37,90,1.225,3330.11
15747.88,74.57,90,0.0,3330.11
15747.88,74.57,89,0.0,3330.11
15747.88,73.01,89,0.0,3330.11
15747.88,72.29,87,1.2125,3330.11
15747.88,69.99,87,0.0,3330.11
15747.88,71.04,90,0.0,3330.11
15747.88,71.69,90,1.225,3330.11
15747.88,71.69,90,0.0,3330.11
15747.88,71.61,90,0.0,3330.11
15747.88,71.41,91,0.0,3330.11
15747.88,71.57,91,1.225,3330.11
15747.88,71.75,88,0.0,3330.11
15747.88,71.75,91,0.0,3330.11
15747.88,72.16,91,1.225,3330.11
15747.88,72.17,90,0.0,3330.11
15747.88,71.92,90,0.0,3330.11
15747.88,71.97,90,0.0,3330.11
15747.88,72.03,90,1.2125,3330.11
15747.88,71.97,89,1.1125,3330.11
15747.88,71.84,89,0.0,3330.11
15747.88,72.4,78,2.475,3330.11
15747.88,71.17,78,0.0,3330.11
15747.88,71.22,92,0.0,3330.11
15747.88,71.22,92,1.225,3330.11
15747.88,71.55,87,0.0,3330.11
15747.88,71.78,87,0.0,3330.11
15747.88,71.78,88,0.0,3330.11
15747.88,71.82,88,1.2125,3330.11
15747.88,71.5,90,0.0,3330.11
15747.88,71.09,90,0.0,3330.11
15747.88,71.35,90,0.0,3330.11
15747.88,71.47,90,1.225,3330.11
15747.88,71.47,86,0.0,3330.11
15747.88,71.58,86,0.0,3330.11
15747.88,71.83,88,1.2125,3330.11
15747.88,71.82,88,0.0,3330.11
15747.88,71.85,90,0.0,3330.11
15747.88,71.85,90,0.0,3330.11
15747.88,71.7,91,1.1875,3330.11
15747.88,71.78,91,0.0,3330.11
15747.88,72.5,89,0.0,3330.11
15747.88,72.78,89,1.2125,3330.11
15747.88,73.31,87,0.0,3330.11
15747.88,73.31,87,0.0,3330.11
15747.88,73.05,90,2.3375,3330.11
15747.88,73.05,90,1.2125,3330.11
15747.88,73.62,74,1.2125,3330.11
15747.88,73.89,74,0.0,3330.11
15747.88,73.89,94,0.0,3330.11
15747.88,74.08,94,1.2125,3330.11
15747.88,74.2,90,0.0,3330.11
15747.88,73.06,88,0.0,3330.11
15747.88,73.06,88,1.2125,3330.11
15747.88,72.99,89,0.0,3330.11
15747.88,72.72,89,0.0,3330.11
15747.88,72.65,90,0.0,3330.11
15747.88,71.27,90,1.2125,3330.11
15747.88,71.71,89,0.0,3330.11
15747.88,71.26,89,0.0,3330.11
15747.88,71.41,91,1.2125,3330.11
15747.88,71.73,91,0.0,3330.11
15747.88,71.67,89,0.0,3330.11
15747.88,72.3,89,1.2,3330.11
15747.88,72.21,90,0.0,3330.11
15747.88,72.08,90,0.0,3330.11
15747.88,72.08,90,1.2125,3330.11
15747.88,71.95,90,0.0,3330.11
15747.88,72.1,89,0.0,3330.11
15747.88,72.01,89,0.0,3330.11
15747.88,72.09,90,1.2125,3330.11
15747.88,71.82,89,2.425,3330.11
15747.88,71.56,89,0.0,3330.11
15747.88,72.35,75,0.0,3330.11
15747.88,71.28,75,1.225,3330.11
15747.88,71.59,87,0.0,3330.11
15747.88,72.15,87,0.0,3330.11
15747.88,73.24,88,1.2125,3330.11
15747.88,73.75,88,1.2125,3330.11
15747.88,73.75,89,0.0,3330.11
15747.88,74.34,89,0.0,3330.11
15747.88,74.22,90,1.2125,3330.11
15747.88,73.9,90,0.0,3330.11
15747.88,72.79,90,0.0,3330.11
15747.88,73.54,90,0.0,3330.11
15747.88,72.83,90,0.0,3330.11
15747.88,72.1,90,1.225,3330.11
15747.88,71.62,88,0.0,3330.11
15747.88,71.94,88,0.0,3330.11
15747.88,71.75,89,1.225,3330.11
15747.88,71.75,89,0.0,3330.11
15747.88,71.72,91,0.0,3330.11
15747.88,71.78,91,0.0,3330.11
15747.88,71.66,91,1.225,3330.11
15747.88,71.58,91,0.0,3330.11
15747.88,71.75,90,0.0,3330.11
15747.88,72.12,90,0.0,3330.11
15747.88,72.25,91,2.4625,3330.11
15747.88,73.45,91,0.0,3330.11
15747.88,71.95,80,0.0,3330.11
15747.88,71.5,80,0.0,3330.11
15747.88,71.61,91,0.0,3330.11
15747.88,71.88,91,1.2125,3330.11
15747.88,72.17,91,1.225,3330.11
15747.88,72.66,91,0.0,3330.11
15747.88,72.98,91,0.0,3330.11
15747.88,73.04,90,0.0,3330.11
15747.88,72.57,90,1.2125,3330.11
15747.88,70.99,88,0.0,3330.11
15747.88,71.9,88,0.0,3330.11
15747.88,72.03,88,0.0,3330.11
15747.88,71.85,91,1.2125,3330.11
15747.88,71.45,89,0.0,3330.11
15747.88,71.09,89,0.0,3330.11
15747.88,71.04,89,1.225,3330.11
15747.88,71.28,89,0.0,3330.11
15747.88,71.24,89,0.0,3330.11
15747.88,71.52,90,0.0,3330.11
15747.88,71.62,90,1.225,3330.11
15747.88,71.75,89,0.0,3330.11
15747.88,71.75,89,0.0,3330.11
15747.88,71.91,91,1.2125,3330.11
15747.88,71.85,91,0.0,3330.11
15747.88,69.31,90,1.2,3330.11
15747.88,69.44,90,1.2125,3330.11
15747.88,68.45,80,0.0,3330.11
15747.88,68.36,91,0.0,3330.11
15747.88,68.36,91,1.225,3330.11
15747.88,68.66,90,0.0,3330.11
15747.88,68.66,90,0.0,3330.11
15747.88,68.92,86,0.0,3330.11
15747.88,69.14,86,1.2125,3330.11
15747.88,68.99,88,0.0,3330.11
15747.88,68.99,88,0.0,3330.11
15747.88,71.48,89,1.225,3330.11
15747.88,71.13,89,0.0,3330.11
15747.88,71.68,90,0.0,3330.11
15747.88,71.57,90,0.0,3330.11
15747.88,71.57,90,1.2125,3330.11
15747.88,71.57,90,0.0,3330.11
15747.88,71.55,91,1.2125,3330.11
15747.88,71.46,91,0.0,3330.11
15747.88,71.3,90,1.225,3330.11
15747.88,71.19,90,0.0,3330.11
15747.88,71.15,90,0.0,3330.11
15747.88,71.22,90,1.2125,3330.11
15747.88,71.48,90,0.0,3330.11
15747.88,71.78,90,0.0,3330.11
15747.88,71.67,90,1.225,3330.11
15747.88,71.72,90,1.225,3330.11
15747.88,73.39,79,0.0,3330.11
15747.88,73.29,79,0.0,3330.11
15747.88,71.94,97,0.0,3330.11
15747.88,71.87,97,1.225,3330.11
15747.88,72.34,90,0.0,3330.11
15747.88,72.69,91,0.0,3330.11
15747.88,72.69,91,0.0,3330.11
15747.88,72.89,90,1.2125,3330.11
15747.88,72.69,90,0.0,3330.11
15747.88,72.69,90,0.0,3330.11
15747.88,70.83,90,1.2125,3330.11
15747.88,70.69,90,0.0,3330.11
15747.88,71.65,90,0.0,3330.11
15747.88,71.35,89,0.0,3330.11
15747.88,70.83,89,1.225,3330.11
15747.88,70.64,90,0.0,3330.11
15747.88,70.63,90,1.225,3330.11
15747.88,71.36,88,0.0,3330.11
15747.88,71.93,88,1.2125,3330.11
15747.88,72.64,89,0.0,3330.11
15747.88,72.26,89,0.0,3330.11
15747.88,72.13,90,0.0,3330.11
15747.88,72.12,90,1.2125,3330.11
15747.88,72.52,89,0.0,3330.11
15747.88,72.85,89,1.2125,3330.11
15747.88,73.26,90,0.0,3330.11
15747.88,73.19,75,2.425,3330.11
15747.88,75.7,75,0.0,3330.11
15747.88,73.71,94,0.0,3330.11
15747.88,72.86,94,1.2125,3330.11
15747.88,72.42,89,0.0,3330.11
15747.88,73.35,89,0.0,3330.11
15747.88,73.76,90,1.2125,3330.11
15747.88,73.84,90,0.0,3330.11
15747.88,73.92,90,0.0,3330.11
15747.88,73.66,90,1.2125,3330.11
15747.88,73.66,90,0.0,3330.11
15747.88,70.95,90,0.0,3330.11
15747.88,71.98,90,1.2125,3330.11
15747.88,71.92,90,0.0,3330.11
15747.88,71.58,90,0.0,3330.11
15747.88,71.79,90,1.2125,3330.11
15747.88,71.44,89,1.2125,3330.11
15747.88,71.53,89,0.0,3330.11
15747.88,71.53,89,0.0,3330.11
15747.88,71.58,90,1.225,3330.11
15747.88,71.59,90,0.0,3330.11
15747.88,71.59,90,0.0,3330.11
15747.88,71.55,89,0.0,3330.11
15747.88,71.59,89,1.2125,3330.11
15747.88,71.46,91,0.0,3330.11
15747.88,71.93,91,2.425,3330.11
15747.88,68.89,79,0.0,3330.11
15747.88,69.27,79,0.0,3330.11
15747.88,69.26,93,1.2,3330.11
15747.88,67.9,93,0.0,3330.11
15747.88,68.11,92,0.0,3330.11
15747.88,68.51,92,0.0,3330.11
15747.88,69.42,90,0.0,3330.11
15747.88,69.89,90,1.2375,3330.11
15747.88,69.92,90,1.2375,3330.11
15747.88,70.14,90,0.0,3330.11
15747.88,69.64,87,0.0,3330.11
15747.88,72.65,87,1.2375,3330.11
15747.88,72.32,85,0.0,3330.11
15747.88,71.89,85,0.0,3330.11
15747.88,72.98,91,0.0,3330.11
15747.88,72.78,91,0.0,3330.11
15747.88,72.61,89,0.0,3330.11
15747.88,71.91,89,1.2375,3330.11
15747.88,71.48,89,0.0,3330.11
15747.88,71.65,89,0.0,3330.11
15747.88,71.62,90,0.0,3330.11
15747.88,71.91,90,1.2375,3330.11
15747.88,71.62,90,0.0,3330.11
15747.88,71.31,90,0.0,3330.11
15747.88,71.08,90,1.2375,3330.11
15747.88,71.15,90,0.0,3330.11
15747.88,71.11,90,0.0,3330.11
15747.88,70.91,90,0.0,3330.11
15747.88,72.13,90,2.4875,3330.11
15747.88,72.02,81,0.0,3330.11
15747.88,70.94,81,0.0,3330.11
15747.88,70.85,91,1.25,3330.11
15747.88,71.03,91,0.0,3330.11
15747.88,71.46,90,1.2375,3330.11
15747.88,71.91,90,0.0,3330.11
15747.88,72.2,90,1.25,3330.11
15747.88,72.15,88,0.0,3330.11
15747.88,72.4,88,0.0,3330.11
15747.88,71.92,90,1.2375,3330.11
15747.88,71.11,90,0.0,3330.11
15747.88,71.11,90,0.0,3330.11
15747.88,71.05,90,0.0,3330.11
15747.88,72.1,91,1.2375,3330.11
15747.88,72.02,91,0.0,3330.11
15747.88,71.83,91,0.0,3330.11
15747.88,71.36,91,0.0,3330.11
15747.88,71.29,87,1.25,3330.11
15747.88,71.0,87,0.0,3330.11
15747.88,71.08,89,0.0,3330.11
15747.88,71.36,89,0.0,3330.11
15747.88,71.78,87,1.2375,3330.11
15747.88,72.34,87,0.0,3330.11
15747.88,72.42,89,0.0,3330.11
15747.88,72.59,90,1.25,3330.11
15747.88,72.64,90,0.0,3330.11
15747.88,72.73,77,1.2125,3330.11
15747.88,73.92,77,1.2125,3330.11
15747.88,73.89,93,0.0,3330.11
15747.88,74.46,93,0.0,3330.11
15747.88,74.3,87,1.2,3330.11
15747.88,73.98,87,0.0,3330.11
15747.88,73.62,88,0.0,3330.11
15747.88,73.94,88,0.0,3330.11
15747.88,74.11,90,1.225,3330.11
15747.88,74.05,90,0.0,3330.11
15747.88,73.85,90,0.0,3330.11
15747.88,71.53,90,0.0,3330.11
15747.88,72.3,89,1.2125,3330.11
15747.88,72.33,89,0.0,3330.11
15747.88,72.17,89,0.0,3330.11
15747.88,71.46,89,1.2125,3330.11
15747.88,71.43,87,0.0,3330.11
15747.88,71.62,87,0.0,3330.11
15747.88,71.61,89,2.375,3330.11
15747.88,71.47,89,0.0,3330.11
15747.88,71.67,88,0.0,3330.11
15747.88,71.56,88,0.0,3330.11
15747.88,71.76,89,1.2125,3330.11
15747.88,71.86,89,0.0,3330.11
15747.88,71.21,90,0.0,3330.11
15747.88,71.82,90,2.4125,3330.11
15747.88,72.32,90,0.0,3330.11
15747.88,71.05,90,0.0,3330.11
15747.88,70.99,78,1.225,3330.11
15747.88,71.19,89,0.0,3330.11
15747.88,71.33,89,0.0,3330.11
15747.88,71.81,89,0.0,3330.11
15747.88,72.02,89,1.2125,3330.11
15747.88,72.61,89,0.0,3330.11
15747.88,72.86,89,1.2125,3330.11
15747.88,72.86,89,0.0,3330.11
15747.88,72.93,91,0.0,3330.11
15747.88,72.53,91,1.225,3330.11
15747.88,71.73,91,0.0,3330.11
15747.88,72.67,91,0.0,3330.11
15747.88,72.34,91,0.0,3330.11
15747.88,72.55,89,1.225,3330.11
15747.88,72.37,89,0.0,3330.11
15747.88,72.53,89,0.0,3330.11
15747.88,72.11,89,0.0,3330.11
15747.88,72.0,90,1.225,3330.11
15747.88,71.91,90,0.0,3330.11
15747.88,71.91,90,0.0,3330.11
15747.88,71.78,90,0.0,3330.11
15747.88,71.84,90,1.2,3330.11
15747.88,72.57,90,0.0,3330.11
15747.88,72.24,90,2.425,3330.11
15747.88,74.14,90,0.0,3330.11
15747.88,72.96,80,0.0,3330.11
15747.88,73.01,80,0.0,3330.11
15747.88,73.25,91,1.225,3330.11
15747.88,73.55,91,0.0,3330.11
15747.88,73.97,91,0.0,3330.11
15747.88,74.21,91,0.0,3330.11
15747.88,74.49,90,0.0,3330.11
15747.88,74.73,90,1.225,3330.11
15747.88,74.06,91,0.0,3330.11
15747.88,73.93,91,1.225,3330.11
15747.88,71.68,91,0.0,3330.11
15747.88,72.56,91,1.2125,3330.11
15747.88,72.19,91,0.0,3330.11
15747.88,72.23,91,0.0,3330.11
15747.88,72.15,91,0.0,3330.11
15747.88,71.99,91,1.2125,3330.11
15747.88,71.85,91,0.0,3330.11
15747.88,71.59,91,0.0,3330.11
15747.88,71.8,91,1.225,3330.11
15747.88,71.88,91,0.0,3330.11
15747.88,71.95,90,0.0,3330.11
15747.88,72.06,90,0.0,3330.11
15747.88,72.2,91,0.0,3330.11
15747.88,72.2,91,1.225,3330.11
15747.88,73.67,90,1.1625,3330.11
15747.88,72.37,90,0.0,3330.11
15747.88,72.29,78,1.2375,3330.11
15747.88,72.29,78,0.0,3330.11
15747.88,72.43,90,0.0,3330.11
15747.88,72.72,90,1.225,3330.11
15747.88,72.88,91,0.0,3330.11
15747.88,73.05,91,0.0,3330.11
15747.88,73.1,90,0.0,3330.11
15747.88,73.48,90,1.225,3330.11
15747.88,73.28,90,0.0,3330.11
15747.88,73.15,91,0.0,3330.11
15747.88,72.23,91,0.0,3330.11
15747.88,72.16,92,1.225,3330.11
15747.88,72.05,92,0.0,3330.11
15747.88,72.09,91,0.0,3330.11
15747.88,72.09,91,0.0,3330.11
15747.88,72.01,91,1.225,3330.11
15747.88,72.05,91,0.0,3330.11
15747.88,71.65,91,0.0,3330.11
15747.88,71.75,91,1.225,3330.11
15747.88,72.14,89,0.0,3330.11
15747.88,72.19,89,1.2125,3330.11
15747.88,72.15,90,0.0,3330.11
15747.88,72.26,90,0.0,3330.11
15747.88,72.33,91,2.4,3330.11
15747.88,68.88,91,0.0,3330.11
15747.88,68.92,75,0.0,3330.11
15747.88,67.88,75,1.2125,3330.11
15747.88,67.85,91,0.0,3330.11
15747.88,67.9,91,0.0,3330.11
15747.88,68.08,88,0.0,3330.11
15747.88,67.78,89,1.2125,3330.11
15747.88,67.66,89,0.0,3330.11
15747.88,67.97,89,0.0,3330.11
15747.88,68.25,89,1.2125,3330.11
15747.88,68.25,89,0.0,3330.11
15747.88,70.53,89,0.0,3330.11
15747.88,71.07,89,1.2125,3330.11
15747.88,70.81,89,0.0,3330.11
15747.88,70.94,87,0.0,3330.11
15747.88,71.0,87,0.0,3330.11
15747.88,70.89,90,2.425,3330.11
15747.88,70.94,90,0.0,3330.11
15747.88,70.72,90,0.0,3330.11
15747.88,70.43,90,1.2125,3330.11
15747.88,70.14,90,0.0,3330.11
15747.88,70.53,90,0.0,3330.11
15747.88,70.57,90,1.2125,3330.11
15747.88,71.02,90,0.0,3330.11
15747.88,71.44,90,0.0,3330.11
15747.88,71.38,90,2.4125,3330.11
15747.88,68.31,74,0.0,3330.11
15747.88,68.2,74,1.2125,3330.11
15747.88,67.93,95,0.0,3330.11
15747.88,68.11,90,0.0,3330.11
15747.88,68.41,90,1.2125,3330.11
15747.88,68.75,88,0.0,3330.11
15747.88,69.28,88,0.0,3330.11
15747.88,69.28,88,1.2125,3330.11
15747.88,69.06,90,0.0,3330.11
15747.88,69.59,90,0.0,3330.11
15747.88,72.31,89,0.0,3330.11
15747.88,72.21,90,1.2125,3330.11
15747.88,72.56,90,0.0,3330.11
15747.88,72.53,87,0.0,3330.11
15747.88,72.61,87,0.0,3330.11
15747.88,72.68,89,1.225,3330.11
15747.88,72.62,89,0.0,3330.11
15747.88,72.57,89,0.0,3330.11
15747.88,72.41,89,1.2125,3330.11
15747.88,72.41,89,0.0,3330.11
15747.88,71.54,90,0.0,3330.11
15747.88,71.36,90,1.2125,3330.11
15747.88,71.29,90,0.0,3330.11
15747.88,71.29,90,1.2125,3330.11
15747.88,71.41,89,0.0,3330.11
15747.88,71.7,89,1.2125,3330.11
15747.88,72.3,90,0.0,3330.11
15747.88,71.1,90,1.2125,3330.11
15747.88,71.07,83,0.0,3330.11
15747.88,71.07,83,0.0,3330.11
15747.88,71.24,87,1.2125,3330.11
15747.88,71.41,89,0.0,3330.11
15747.88,71.72,89,0.0,3330.11
15747.88,72.14,89,0.0,3330.11
15747.88,72.49,89,1.2125,3330.11
15747.88,72.22,89,0.0,3330.11
15747.88,71.84,89,0.0,3330.11
15747.88,70.61,89,1.2125,3330.11
15747.88,71.6,89,0.0,3330.11
15747.88,71.51,89,0.0,3330.11
15747.88,71.66,89,1.2125,3330.11
15747.88,71.83,90,0.0,3330.11
15747.88,71.82,90,0.0,3330.11
15747.88,71.77,91,0.0,3330.11
15747.88,71.76,91,1.25,3330.11
15747.88,71.68,91,0.0,3330.11
15747.88,71.46,91,0.0,3330.11
15747.88,71.38,90,0.0,3330.11
15747.88,71.5,90,1.25,3330.11
15747.88,71.95,90,0.0,3330.11
15747.88,72.14,90,0.0,3330.11
15747.88,72.09,91,1.25,3330.11
15747.88,72.96,79,1.25,3330.11
15747.88,72.13,79,0.0,3330.11
15747.88,72.19,90,1.25,3330.11
15747.88,72.53,90,0.0,3330.11
15747.88,72.53,90,0.0,3330.11
15747.88,73.44,91,1.25,3330.11
15747.88,73.44,91,0.0,3330.11
15747.88,73.54,90,0.0,3330.11
15747.88,73.51,90,0.0,3330.11
15747.88,73.29,90,0.0,3330.11
15747.88,73.06,90,1.25,3330.11
15747.88,71.68,87,0.0,3330.11
15747.88,72.3,87,0.0,3330.11
15747.88,72.08,91,0.0,3330.11
15747.88,72.11,91,0.0,3330.11
15747.88,71.91,91,1.25,3330.11
15747.88,72.08,91,0.0,3330.11
15747.88,71.61,90,0.0,3330.11
15747.88,71.63,90,0.0,3330.11
15747.88,71.3,91,1.25,3330.11
15747.88,71.27,91,0.0,3330.11
15747.88,71.19,91,0.0,3330.11
15747.88,71.21,91,1.25,3330.11
15747.88,71.32,89,0.0,3330.11
15747.88,71.53,90,0.0,3330.11
15747.88,71.52,90,2.4875,3330.11
15747.88,68.8,72,1.25,3330.11
15747.88,68.94,72,0.0,3330.11
15747.88,68.01,92,1.25,3330.11
15747.88,68.07,92,0.0,3330.11
15747.88,68.66,90,0.0,3330.11
15747.88,69.07,90,0.0,3330.11
15747.88,69.55,90,0.0,3330.11
15747.88,69.96,90,1.25,3330.11
15747.88,69.74,90,0.0,3330.11
15747.88,69.67,90,0.0,3330.11
15747.88,72.23,91,0.0,3330.11
15747.88,71.39,91,1.25,3330.11
15747.88,72.44,91,0.0,3330.11
15747.88,72.31,91,0.0,3330.11
15747.88,72.16,91,0.0,3330.11
15747.88,72.42,91,1.25,3330.11
15747.88,72.23,91,0.0,3330.11
15747.88,72.23,90,0.0,3330.11
15747.88,72.16,90,0.0,3330.11
15747.88,71.8,90,0.0,3330.11
15747.88,71.8,90,1.225,3330.11
15747.88,71.11,89,0.0,3330.11
15747.88,71.29,89,0.0,3330.11
15747.88,71.29,91,0.0,3330.11
15747.88,71.43,91,1.2125,3330.11
15747.88,71.43,87,1.2125,3330.11
15747.88,71.51,87,1.1875,3330.11
15747.88,71.63,71,0.0,3330.11
15747.88,71.46,71,1.2125,3330.11
15747.88,71.46,94,0.0,3330.11
15747.88,71.96,94,0.0,3330.11
15747.88,72.3,89,0.0,3330.11
15747.88,73.14,89,0.0,3330.11
15747.88,73.46,91,1.225,3330.11
15747.88,73.65,91,0.0,3330.11
15747.88,73.93,91,0.0,3330.11
15747.88,73.67,92,0.0,3330.11
15747.88,73.53,92,0.0,3330.11
15747.88,72.58,91,1.225,3330.11
15747.88,72.51,91,0.0,3330.11
15747.88,71.99,91,0.0,3330.11
15747.88,72.26,91,0.0,3330.11
15747.88,72.25,90,1.2125,3330.11
15747.88,71.96,90,1.225,3330.11
15747.88,71.96,90,0.0,3330.11
15747.88,72.16,90,0.0,3330.11
15747.88,72.16,89,0.0,3330.11
15747.88,71.96,89,1.225,3330.11
15747.88,71.87,91,0.0,3330.11
15747.88,72.02,91,0.0,3330.11
15747.88,72.26,91,0.0,3330.11
