gpu_memory_mb,gpu_power_w,gpu_util_pct,cpu_util_pct,ram_mb
16183.88,30.91,0,3.45,3328.89
16281.88,30.91,0,1.2375,3328.89
16281.88,35.58,6,0.0,3328.89
16281.88,38.5,88,0.0,3328.89
16281.88,41.69,88,1.2375,3328.89
16281.88,44.79,79,0.0,3328.89
16281.88,47.99,79,0.0,3328.89
16281.88,51.12,82,1.2375,3328.89
16281.88,54.29,82,0.0,3328.89
16281.88,54.29,82,0.0,3328.89
16281.88,57.69,80,0.0,3328.89
16281.88,60.79,80,1.25,3328.89
16281.88,63.8,79,0.0,3328.89
16281.88,63.57,79,0.0,3328.89
16281.88,65.31,80,0.0,3328.89
16281.88,65.28,80,1.2375,3328.89
16329.88,65.56,80,1.2375,3329.02
16329.88,67.13,72,1.25,3329.02
16329.88,65.83,72,0.0,3329.02
16329.88,65.92,87,0.0,3329.02
16329.88,66.0,87,1.25,3329.02
16329.88,66.06,81,1.2375,3329.02
16329.88,66.53,81,0.0,3329.02
16329.88,66.53,81,0.0,3329.02
16329.88,66.62,80,0.0,3329.02
16329.88,66.46,80,1.25,3329.02
16329.88,65.8,80,0.0,3329.02
16329.88,65.89,82,0.0,3329.02
16329.88,64.54,82,0.0,3329.02
16329.88,66.1,81,1.25,3329.02
16329.88,65.92,81,0.0,3329.02
16329.88,65.67,82,0.0,3329.02
16331.88,64.05,82,2.4375,3329.02
16331.88,62.67,70,0.0,3329.02
16331.88,62.28,70,1.225,3329.02
16331.88,62.12,80,0.0,3329.02
16331.88,62.28,80,0.0,3329.02
16331.88,62.1,81,0.0,3329.02
16331.88,62.08,81,1.2125,3329.02
16331.88,61.83,82,0.0,3329.02
16331.88,61.61,82,0.0,3329.02
16331.88,61.61,82,0.0,3329.02
16331.88,61.22,81,1.225,3329.02
16331.88,62.72,80,0.0,3329.02
16331.88,63.95,80,0.0,3329.02
16331.88,64.36,82,2.4375,3329.02
16331.88,62.27,82,0.0,3329.02
16331.88,61.38,68,1.225,3329.02
16331.88,61.05,68,0.0,3329.02
16331.88,60.91,83,0.0,3329.02
16331.88,60.77,83,0.0,3329.02
16331.88,60.8,82,2.4125,3329.02
16331.88,61.28,82,0.0,3329.02
16331.88,61.26,83,0.0,3329.02
16331.88,61.09,83,1.2125,3329.02
16331.88,60.87,81,0.0,3329.02
16331.88,60.98,81,1.2,3329.02
16331.88,64.22,81,0.0,3329.02
16331.88,64.26,79,0.0,3329.02
16331.88,61.96,79,2.425,3329.02
16331.88,58.82,53,0.0,3329.02
16331.88,58.18,53,0.0,3329.02
16331.88,58.05,49,1.2125,3329.02
16331.88,57.94,49,0.0,3329.02
16331.88,58.09,81,0.0,3329.02
16331.88,57.81,81,1.2125,3329.02
16331.88,57.57,81,0.0,3329.02
16331.88,57.53,81,0.0,3329.02
16331.88,57.71,83,0.0,3329.02
16331.88,57.59,83,1.2125,3329.02
16331.88,60.06,80,0.0,3329.02
16331.88,63.45,80,0.0,3329.02
16331.88,63.98,82,1.2125,3329.02
16331.88,64.11,82,0.0,3329.02
16331.88,63.47,77,2.425,3329.02
16331.88,67.96,77,0.0,3329.02
16331.88,67.38,77,0.0,3329.02
16331.88,67.48,77,1.225,3329.02
16331.88,67.48,82,1.225,3329.02
16331.88,67.62,82,0.0,3329.02
16331.88,67.75,82,0.0,3329.02
16331.88,67.71,80,0.0,3329.02
16331.88,67.97,80,0.0,3329.02
16331.88,68.2,81,1.2125,3329.02
16331.88,69.07,81,0.0,3329.02
16331.88,65.22,81,1.2,3329.02
16331.88,65.61,81,0.0,3329.02
16331.88,65.51,81,0.0,3329.02
16331.88,64.5,80,2.425,3329.02
16331.88,65.8,80,0.0,3329.02
16331.88,64.98,74,0.0,3329.02
16331.88,64.86,74,1.2125,3329.02
16331.88,64.85,85,0.0,3329.02
16331.88,64.7,85,0.0,3329.02
16331.88,64.68,82,2.425,3329.02
16331.88,64.88,82,0.0,3329.02
16331.88,64.88,82,0.0,3329.02
16331.88,65.05,82,1.2125,3329.02
16331.88,65.14,81,0.0,3329.02
16331.88,65.12,81,0.0,3329.02
16331.88,66.07,79,0.0,3329.02
16331.88,64.54,79,1.2375,3329.02
16331.88,65.52,82,0.0,3329.02
16331.88,65.67,82,0.0,3329.02
16331.88,65.59,79,2.4875,3329.02
16331.88,62.81,62,1.2375,3329.02
16331.88,61.52,62,0.0,3329.02
16331.88,61.07,62,0.0,3329.02
16331.88,60.82,79,0.0,3329.02
16331.88,60.8,81,1.2375,3329.02
16331.88,61.08,81,0.0,3329.02
16331.88,61.32,82,0.0,3329.02
16331.88,61.39,82,1.2375,3329.02
16331.88,61.43,83,0.0,3329.02
16331.88,61.47,83,0.0,3329.02
16331.88,64.53,80,0.0,3329.02
16331.88,65.78,80,1.25,3329.02
16331.88,65.99,83,1.1625,3329.02
16331.88,63.33,83,1.1875,3329.02
16331.88,65.47,74,0.0,3329.02
16331.88,65.13,74,1.2375,3329.02
16331.88,64.03,78,0.0,3329.02
16331.88,64.21,78,0.0,3329.02
16331.88,64.16,82,0.0,3329.02
16331.88,64.12,82,0.0,3329.02
16331.88,64.43,80,1.2375,3329.02
16331.88,64.29,80,0.0,3329.02
16331.88,64.53,80,0.0,3329.02
16331.88,64.53,80,1.2375,3329.02
16331.88,64.36,80,0.0,3329.02
16331.88,67.13,81,0.0,3329.02
16331.88,65.61,84,0.0,3329.02
16331.88,66.59,84,1.25,3329.02
16331.88,66.42,82,1.2375,3329.02
16331.88,67.08,82,0.0,3329.02
16331.88,66.48,63,1.2375,3329.02
16331.88,66.17,63,1.25,3329.02
16331.88,65.96,82,0.0,3329.02
16331.88,65.34,82,0.0,3329.02
16331.88,65.57,81,1.25,3329.02
16331.88,65.49,81,0.0,3329.02
16331.88,65.59,79,0.0,3329.02
16331.88,65.64,79,1.2375,3329.02
16331.88,65.58,82,0.0,3329.02
16331.88,65.43,82,0.0,3329.02
16331.88,64.75,81,0.0,3329.02
16331.88,65.35,81,0.0,3329.02
16331.88,65.12,81,2.4875,3329.02
16331.88,65.78,81,1.25,3329.02
16331.88,65.53,67,0.0,3329.02
16331.88,65.23,67,0.0,3329.02
16331.88,64.99,81,1.225,3329.02
16331.88,64.96,81,0.0,3329.02
16331.88,64.39,79,0.0,3329.02
16331.88,64.49,79,1.2125,3329.02
16331.88,64.47,81,0.0,3329.02
16331.88,64.51,81,0.0,3329.02
16331.88,64.8,81,1.2125,3329.02
16331.88,64.11,82,0.0,3329.02
16331.88,64.61,82,0.0,3329.02
16331.88,64.67,81,0.0,3329.02
16331.88,65.85,81,2.4125,3329.02
16331.88,65.12,71,0.0,3329.02
16331.88,65.66,71,0.0,3329.02
16331.88,65.45,82,1.2125,3329.02
16331.88,65.14,82,0.0,3329.02
16331.88,65.09,77,0.0,3329.02
16331.88,64.94,77,1.2125,3329.02
16331.88,65.03,81,0.0,3329.02
16331.88,65.09,81,0.0,3329.02
16331.88,65.04,81,0.0,3329.02
16331.88,64.8,81,1.2125,3329.02
16331.88,63.87,79,0.0,3329.02
16331.88,64.17,79,0.0,3329.02
16331.88,64.01,76,1.2125,3329.02
16331.88,62.22,76,3.65,3329.02
16331.88,63.69,76,0.0,3329.02
16331.88,62.87,70,0.0,3329.02
16331.88,62.99,70,0.0,3329.02
16331.88,62.99,79,1.2125,3329.02
16331.88,62.73,79,0.0,3329.02
16331.88,62.73,79,0.0,3329.02
16331.88,62.98,81,1.2125,3329.02
16331.88,62.98,81,0.0,3329.02
16331.88,63.48,82,0.0,3329.02
16331.88,63.36,82,0.0,3329.02
16331.88,65.31,79,1.2125,3329.02
16331.88,64.26,79,0.0,3329.02
16331.88,65.3,79,0.0,3329.02
16331.88,65.24,79,1.2125,3329.02
16331.88,65.31,81,1.2125,3329.02
16331.88,62.46,81,1.2125,3329.02
16331.88,63.35,73,0.0,3329.02
16331.88,62.76,73,0.0,3329.02
16331.88,63.06,84,1.2125,3329.02
16331.88,62.97,84,0.0,3329.02
16331.88,63.27,77,0.0,3329.02
16331.88,63.34,77,1.2125,3329.02
16331.88,63.18,80,1.2125,3329.02
16331.88,62.98,80,0.0,3329.02
16331.88,63.02,81,0.0,3329.02
16331.88,63.55,81,1.2125,3329.02
16331.88,66.73,79,0.0,3329.02
16331.88,66.36,79,1.2125,3329.02
16331.88,67.35,82,0.0,3329.02
16331.88,67.12,83,2.2125,3329.02
16331.88,64.25,83,0.0,3329.02
16331.88,63.13,67,1.2375,3329.02
16331.88,62.62,67,0.0,3329.02
16331.88,62.74,74,0.0,3329.02
16331.88,62.5,74,1.2125,3329.02
16331.88,62.17,75,0.0,3329.02
16331.88,61.69,75,0.0,3329.02
16331.88,61.24,79,1.2125,3329.02
16331.88,60.79,79,0.0,3329.02
16331.88,60.61,79,0.0,3329.02
16331.88,60.33,79,1.2125,3329.02
16331.88,63.03,75,0.0,3329.02
16331.88,63.99,75,0.0,3329.02
16331.88,64.62,80,1.2125,3329.02
16331.88,64.44,80,1.2125,3329.02
16331.88,66.57,61,0.0,3329.02
16331.88,65.46,61,2.4375,3329.02
16331.88,65.75,77,0.0,3329.02
16331.88,65.51,77,0.0,3329.02
16331.88,65.73,79,0.0,3329.02
16331.88,65.23,79,1.2125,3329.02
16331.88,65.81,79,0.0,3329.02
16331.88,65.93,79,0.0,3329.02
16331.88,65.7,79,1.225,3329.02
16331.88,66.06,80,0.0,3329.02
16331.88,64.2,80,0.0,3329.02
16331.88,64.68,77,0.0,3329.02
16331.88,64.63,77,1.2125,3329.02
16331.88,64.35,74,1.2,3329.02
16331.88,64.38,74,1.2125,3329.02
16331.88,64.3,65,0.0,3329.02
16331.88,63.94,65,0.0,3329.02
16331.88,63.9,77,0.0,3329.02
16331.88,63.95,77,1.2125,3329.02
16331.88,64.11,81,0.0,3329.02
16331.88,63.84,81,0.0,3329.02
16331.88,63.83,80,1.2125,3329.02
16331.88,63.9,80,1.2125,3329.02
16331.88,63.83,78,0.0,3329.02
16331.88,64.3,78,0.0,3329.02
16331.88,64.2,80,1.2125,3329.02
16331.88,64.82,80,0.0,3329.02
16331.88,65.06,80,2.425,3329.02
16331.88,67.42,67,0.0,3329.02
16331.88,66.94,67,0.0,3329.02
16331.88,67.1,67,0.0,3329.02
16331.88,67.26,82,1.2125,3329.02
16331.88,67.88,80,0.0,3329.02
16331.88,67.96,80,0.0,3329.02
16331.88,68.0,81,0.0,3329.02
16331.88,67.94,81,1.2125,3329.02
16331.88,67.94,81,0.0,3329.02
16331.88,67.97,81,0.0,3329.02
16331.88,65.68,81,2.425,3329.02
16331.88,65.7,81,0.0,3329.02
16331.88,65.58,78,1.1625,3329.02
16331.88,66.69,78,1.175,3329.02
16331.88,65.23,78,1.2125,3329.02
16331.88,64.81,72,0.0,3329.02
16331.88,64.88,79,0.0,3329.02
16331.88,65.12,79,1.225,3329.02
16331.88,65.23,79,0.0,3329.02
16331.88,65.46,80,0.0,3329.02
16331.88,65.33,80,1.2125,3329.02
16331.88,65.33,80,0.0,3329.02
16331.88,65.33,80,0.0,3329.02
16331.88,65.94,79,0.0,3329.02
16331.88,66.08,79,0.0,3329.02
16331.88,66.55,80,1.225,3329.02
16331.88,67.12,80,0.0,3329.02
16331.88,67.05,80,1.175,3329.02
16331.88,65.95,80,0.0,3329.02
16331.88,65.24,80,1.225,3329.02
16331.88,64.71,69,0.0,3329.02
16331.88,64.97,69,0.0,3329.02
16331.88,64.39,79,0.0,3329.02
16331.88,64.39,79,1.225,3329.02
16331.88,64.19,81,0.0,3329.02
16331.88,64.16,81,0.0,3329.02
16331.88,63.99,79,2.425,3329.02
16331.88,63.44,79,0.0,3329.02
16331.88,63.59,78,0.0,3329.02
16331.88,64.49,78,1.2125,3329.02
16331.88,65.07,80,0.0,3329.02
16331.88,65.23,80,1.1625,3329.02
16331.88,65.22,79,1.2125,3329.02
16331.88,67.4,62,0.0,3329.02
16331.88,67.18,62,0.0,3329.02
16331.88,67.13,82,1.2125,3329.02
16331.88,67.05,82,0.0,3329.02
16331.88,67.39,82,0.0,3329.02
16331.88,67.15,82,1.2125,3329.02
16331.88,66.72,77,0.0,3329.02
16331.88,66.7,77,0.0,3329.02
16331.88,66.93,79,1.2125,3329.02
16331.88,66.9,79,0.0,3329.02
16331.88,65.25,82,0.0,3329.02
16331.88,65.82,82,0.0,3329.02
16331.88,65.87,82,2.425,3329.02
16331.88,65.15,82,1.2125,3329.02
16331.88,64.36,70,0.0,3329.02
16331.88,63.95,70,1.2125,3329.02
16331.88,63.98,79,0.0,3329.02
16331.88,64.33,79,0.0,3329.02
16331.88,64.37,78,1.2125,3329.02
16331.88,64.17,78,0.0,3329.02
16331.88,64.09,80,0.0,3329.02
16331.88,63.62,79,1.2125,3329.02
16331.88,63.62,79,0.0,3329.02
16331.88,63.37,79,0.0,3329.02
16331.88,63.7,78,0.0,3329.02
16331.88,64.61,78,1.2,3329.02
16331.88,65.21,78,2.425,3329.02
16331.88,63.49,78,0.0,3329.02
16331.88,63.49,69,0.0,3329.02
16331.88,63.18,69,0.0,3329.02
16331.88,63.27,81,1.2125,3329.02
16331.88,63.08,81,0.0,3329.02
16331.88,63.22,79,0.0,3329.02
16331.88,63.53,79,1.2125,3329.02
16331.88,63.3,81,0.0,3329.02
16331.88,63.37,81,0.0,3329.02
16331.88,63.58,78,1.2125,3329.02
16331.88,63.02,78,1.2125,3329.02
16331.88,64.2,80,0.0,3329.02
16331.88,65.16,80,0.0,3329.02
16331.88,65.39,83,2.425,3329.02
16331.88,65.39,70,0.0,3329.02
16331.88,65.21,70,0.0,3329.02
16331.88,64.74,81,1.225,3329.02
16331.88,64.94,81,0.0,3329.02
16331.88,65.54,78,0.0,3329.02
16331.88,65.04,78,0.0,3329.02
16331.88,65.47,79,1.2125,3329.02
16331.88,65.28,79,0.0,3329.02
16331.88,65.43,79,0.0,3329.02
16331.88,65.46,79,1.2125,3329.02
16331.88,65.69,83,0.0,3329.02
16331.88,65.93,83,0.0,3329.02
16331.88,66.36,81,0.0,3329.02
16331.88,66.34,81,2.4375,3329.02
16331.88,68.96,66,0.0,3329.02
16331.88,68.45,66,1.2125,3329.02
16331.88,68.49,81,0.0,3329.02
16331.88,68.49,81,1.2125,3329.02
16331.88,68.19,78,0.0,3329.02
16331.88,68.04,78,0.0,3329.02
16331.88,68.15,82,1.2125,3329.02
16331.88,68.23,82,0.0,3329.02
16331.88,68.29,82,0.0,3329.02
16331.88,68.14,80,0.0,3329.02
16331.88,65.67,80,1.225,3329.02
16331.88,66.02,81,0.0,3329.02
16331.88,66.59,81,1.2125,3329.02
16331.88,66.67,75,0.0,3329.02
16331.88,66.82,75,1.2125,3329.02
16331.88,66.69,81,0.0,3329.02
16331.88,66.37,81,0.0,3329.02
16331.88,66.36,81,1.2125,3329.02
16331.88,65.71,81,0.0,3329.02
16331.88,65.6,78,0.0,3329.02
16331.88,65.51,78,1.2375,3329.02
16331.88,65.5,77,0.0,3329.02
16331.88,65.17,77,1.2125,3329.02
16331.88,65.03,75,0.0,3329.02
16331.88,64.87,75,0.0,3329.02
16331.88,65.04,81,1.2125,3329.02
16331.88,64.77,81,2.4125,3329.02
16331.88,66.01,65,0.0,3329.02
16331.88,65.12,65,1.2125,3329.02
16331.88,65.75,79,0.0,3329.02
16331.88,66.0,79,1.2,3329.02
16331.88,65.92,80,0.0,3329.02
16331.88,65.92,80,0.0,3329.02
16331.88,66.26,79,0.0,3329.02
16331.88,66.13,79,1.2125,3329.02
16331.88,66.05,81,0.0,3329.02
16331.88,66.04,81,0.0,3329.02
16331.88,66.34,79,1.2125,3329.02
16331.88,65.29,79,0.0,3329.02
16331.88,66.03,81,0.0,3329.02
16331.88,66.07,81,2.4375,3329.02
16331.88,63.74,68,0.0,3329.02
16331.88,65.59,68,1.2125,3329.02
16331.88,65.28,84,0.0,3329.02
16331.88,65.35,84,1.2125,3329.02
16331.88,65.07,80,0.0,3329.02
16331.88,65.08,80,1.2125,3329.02
16331.88,65.41,77,0.0,3329.02
16331.88,65.59,77,0.0,3329.02
16331.88,65.61,78,1.2125,3329.02
16331.88,65.77,78,0.0,3329.02
16331.88,65.49,79,0.0,3329.02
16331.88,66.05,78,1.2125,3329.02
16331.88,66.61,78,0.0,3329.02
16331.88,66.95,81,0.0,3329.02
16331.88,67.26,81,2.425,3329.02
16331.88,69.65,69,0.0,3329.02
16331.88,68.6,69,1.2125,3329.02
16331.88,68.39,84,0.0,3329.02
16331.88,68.34,84,0.0,3329.02
16331.88,68.02,79,1.2125,3329.02
16331.88,68.34,79,0.0,3329.02
16331.88,68.95,78,0.0,3329.02
16331.88,69.17,78,0.0,3329.02
16331.88,69.35,77,1.2125,3329.02
16331.88,68.81,77,0.0,3329.02
16331.88,68.88,80,0.0,3329.02
16331.88,66.6,80,1.2125,3329.02
16331.88,67.14,79,0.0,3329.02
16331.88,66.9,78,2.425,3329.02
16331.88,66.9,78,0.0,3329.02
16331.88,67.45,65,1.2125,3329.02
16331.88,66.59,65,1.2125,3329.02
16331.88,65.78,79,0.0,3329.02
16331.88,65.33,79,0.0,3329.02
16331.88,65.73,76,0.0,3329.02
16331.88,65.74,76,1.2125,3329.02
16331.88,65.62,82,0.0,3329.02
16331.88,65.74,82,1.2125,3329.02
16331.88,65.28,79,0.0,3329.02
16331.88,65.93,79,0.0,3329.02
16331.88,65.67,81,1.2125,3329.02
16331.88,65.67,81,0.0,3329.02
16331.88,66.02,81,2.4125,3329.02
16331.88,66.21,77,0.0,3329.02
16331.88,67.6,77,0.0,3329.02
16331.88,67.6,67,1.2125,3329.02
16331.88,67.37,67,0.0,3329.02
16331.88,67.14,80,0.0,3329.02
16331.88,67.06,80,1.2125,3329.02
16331.88,67.06,80,0.0,3329.02
16331.88,67.28,80,0.0,3329.02
16331.88,67.51,80,1.2125,3329.02
16331.88,67.44,82,1.225,3329.02
16331.88,67.36,82,0.0,3329.02
16331.88,65.82,80,0.0,3329.02
16331.88,66.55,80,1.225,3329.02
16331.88,66.5,78,1.2125,3329.02
16331.88,66.25,78,1.2125,3329.02
16331.88,65.41,69,0.0,3329.02
16331.88,65.56,69,0.0,3329.02
16331.88,65.42,79,1.2125,3329.02
16331.88,65.28,79,0.0,3329.02
16331.88,65.3,82,0.0,3329.02
16331.88,65.26,82,1.2125,3329.02
16331.88,65.51,80,0.0,3329.02
16331.88,65.4,80,0.0,3329.02
16331.88,65.51,78,1.2125,3329.02
16331.88,65.47,78,0.0,3329.02
16331.88,65.86,81,0.0,3329.02
16331.88,66.3,81,0.0,3329.02
16331.88,66.51,78,2.425,3329.02
16331.88,64.28,72,0.0,3329.02
16331.88,64.96,72,1.1875,3329.02
16331.88,64.55,82,0.0,3329.02
16331.88,64.74,82,0.0,3329.02
16331.88,64.68,80,1.225,3329.02
16331.88,64.65,80,0.0,3329.02
16331.88,64.41,80,1.225,3329.02
16331.88,64.55,80,0.0,3329.02
16331.88,64.89,82,1.2,3329.02
16331.88,65.0,82,0.0,3329.02
16331.88,67.68,79,0.0,3329.02
16331.88,67.02,79,1.2125,3329.02
16331.88,67.41,82,0.0,3329.02
16331.88,67.1,82,0.0,3329.02
16331.88,66.86,76,2.4125,3329.02
16331.88,68.35,76,0.0,3329.02
16331.88,68.15,64,1.2125,3329.02
16331.88,67.63,64,0.0,3329.02
16331.88,67.34,77,0.0,3329.02
16331.88,67.58,77,0.0,3329.02
16331.88,67.4,80,1.2,3329.02
16331.88,66.93,79,0.0,3329.02
16331.88,67.08,79,1.225,3329.02
16331.88,67.22,78,0.0,3329.02
16331.88,67.22,78,0.0,3329.02
16331.88,67.2,78,0.0,3329.02
16331.88,66.01,80,1.25,3329.02
16331.88,66.48,80,1.25,3329.02
16331.88,67.43,80,1.2375,3329.02
16331.88,68.34,80,1.2375,3329.02
16331.88,67.55,70,0.0,3329.02
16331.88,67.41,70,0.0,3329.02
16331.88,67.31,81,1.2375,3329.02
16331.88,67.57,81,0.0,3329.02
16331.88,67.39,82,0.0,3329.02
16331.88,67.4,82,0.0,3329.02
16331.88,67.41,78,1.2375,3329.02
16331.88,66.97,78,0.0,3329.02
16331.88,66.99,81,0.0,3329.02
16331.88,66.91,81,1.2375,3329.02
16331.88,65.49,81,0.0,3329.02
16331.88,66.42,80,0.0,3329.02
16331.88,64.98,80,2.4875,3329.02
16331.88,65.47,76,0.0,3329.02
16331.88,65.01,76,0.0,3329.02
16331.88,65.19,81,1.2375,3329.02
16331.88,65.49,81,0.0,3329.02
16331.88,65.86,81,1.2375,3329.02
16331.88,65.86,81,0.0,3329.02
16331.88,65.98,81,0.0,3329.02
16331.88,66.12,80,1.2375,3329.02
16331.88,66.57,80,1.2375,3329.02
16331.88,66.31,79,0.0,3329.02
16331.88,66.54,79,0.0,3329.02
16331.88,68.06,79,0.0,3329.02
16331.88,67.37,79,1.2375,3329.02
16331.88,67.77,82,0.0,3329.02
16331.88,67.83,82,2.4,3329.02
16331.88,67.66,81,0.0,3329.02
16331.88,70.25,74,0.0,3329.02
16331.88,68.75,74,1.25,3329.02
16331.88,69.19,80,0.0,3329.02
16331.88,68.96,80,0.0,3329.02
16331.88,68.9,82,1.2375,3329.02
16331.88,68.99,82,0.0,3329.02
16331.88,69.17,80,0.0,3329.02
16331.88,69.25,80,0.0,3329.02
16331.88,69.38,79,1.2375,3329.02
16331.88,69.38,79,0.0,3329.02
16331.88,69.56,79,0.0,3329.02
16331.88,66.92,79,1.225,3329.02
16331.88,68.48,79,0.0,3329.02
16331.88,68.24,79,1.1375,3329.02
16331.88,66.67,79,1.2125,3329.02
16331.88,65.78,64,0.0,3329.02
16331.88,65.78,64,0.0,3329.02
16331.88,65.28,82,2.4125,3329.02
16331.88,65.14,82,0.0,3329.02
16331.88,65.09,81,0.0,3329.02
16331.88,64.47,77,1.2125,3329.02
16331.88,64.38,77,0.0,3329.02
16331.88,64.03,81,0.0,3329.02
16331.88,64.02,81,0.0,3329.02
16331.88,63.71,77,1.2125,3329.02
16331.88,65.05,77,0.0,3329.02
16331.88,66.0,79,0.0,3329.02
16331.88,66.27,79,2.325,3329.02
16331.88,65.04,76,0.0,3329.02
16331.88,66.24,76,1.2125,3329.02
16331.88,65.6,73,1.2125,3329.02
16331.88,65.44,73,0.0,3329.02
16331.88,65.02,79,1.2125,3329.02
16331.88,65.04,79,0.0,3329.02
16331.88,65.11,80,0.0,3329.02
16331.88,65.25,80,0.0,3329.02
16331.88,66.05,81,1.2125,3329.02
16331.88,66.69,81,0.0,3329.02
16331.88,67.83,81,0.0,3329.02
16331.88,66.68,82,1.2125,3329.02
16331.88,67.5,82,0.0,3329.02
16331.88,67.84,82,0.0,3329.02
16331.88,68.54,82,2.4125,3329.02
16331.88,68.21,62,1.1875,3329.02
16331.88,67.44,62,0.0,3329.02
16331.88,67.12,83,0.0,3329.02
16331.88,66.83,83,0.0,3329.02
16331.88,66.47,82,1.2125,3329.02
16331.88,66.38,82,0.0,3329.02
16331.88,65.77,76,0.0,3329.02
16331.88,65.8,76,1.2125,3329.02
16331.88,65.63,80,0.0,3329.02
16331.88,65.79,80,0.0,3329.02
16331.88,65.45,81,0.0,3329.02
16331.88,65.85,81,1.2125,3329.02
16331.88,65.85,81,1.2125,3329.02
16331.88,66.31,77,2.3875,3329.02
16331.88,64.2,70,1.2125,3329.02
16331.88,64.2,70,0.0,3329.02
16331.88,62.56,76,0.0,3329.02
16331.88,62.88,76,1.225,3329.02
16331.88,62.74,79,0.0,3329.02
16331.88,63.02,79,0.0,3329.02
16331.88,62.43,81,1.2125,3329.02
16331.88,62.52,81,0.0,3329.02
16331.88,62.16,77,0.0,3329.02
16331.88,62.44,77,1.2125,3329.02
16331.88,62.64,79,0.0,3329.02
16331.88,65.03,79,0.0,3329.02
16331.88,66.07,80,1.2125,3329.02
16331.88,66.56,80,1.225,3329.02
16331.88,66.87,80,1.2125,3329.02
16331.88,67.11,80,0.0,3329.02
16331.88,66.87,67,0.0,3329.02
16331.88,67.06,67,1.225,3329.02
16331.88,66.85,78,0.0,3329.02
16331.88,67.31,79,0.0,3329.02
16331.88,67.02,79,0.0,3329.02
16331.88,67.11,80,1.2,3329.02
16331.88,67.19,80,0.0,3329.02
16331.88,67.06,82,0.0,3329.02
16331.88,67.23,82,1.2125,3329.02
16331.88,67.15,82,0.0,3329.02
16331.88,67.24,82,0.0,3329.02
16331.88,67.22,81,2.4125,3329.02
16331.88,69.64,81,0.0,3329.02
16331.88,69.09,65,1.2125,3329.02
16331.88,69.14,65,0.0,3329.02
16331.88,68.49,78,0.0,3329.02
16331.88,68.5,78,0.0,3329.02
16331.88,68.63,80,1.225,3329.02
16331.88,68.43,80,1.2125,3329.02
16331.88,68.41,79,1.2,3329.02
16331.88,68.17,80,0.0,3329.02
16331.88,68.22,80,0.0,3329.02
16331.88,65.87,78,1.225,3329.02
16331.88,66.42,78,0.0,3329.02
16331.88,66.42,78,0.0,3329.02
16331.88,66.73,81,1.2125,3329.02
16331.88,66.14,81,1.2125,3329.02
16331.88,65.15,72,0.0,3329.02
16331.88,65.15,72,0.0,3329.02
16331.88,65.8,83,0.0,3329.02
16331.88,66.33,83,1.2125,3329.02
16331.88,66.39,80,0.0,3329.02
16331.88,66.39,80,0.0,3329.02
16331.88,66.91,80,1.2125,3329.02
16331.88,67.02,80,0.0,3329.02
16331.88,67.0,83,0.0,3329.02
16331.88,66.76,83,1.225,3329.02
16331.88,67.81,80,0.0,3329.02
16331.88,68.46,80,0.0,3329.02
16331.88,68.34,79,1.2125,3329.02
16331.88,68.09,80,1.2125,3329.02
16331.88,69.87,80,1.2125,3329.02
16331.88,69.38,65,0.0,3329.02
16331.88,68.94,65,1.2125,3329.02
16331.88,69.16,80,0.0,3329.02
16331.88,68.7,80,0.0,3329.02
16331.88,69.18,79,2.4125,3329.02
16331.88,69.24,79,0.0,3329.02
16331.88,69.45,79,0.0,3329.02
16331.88,69.86,79,1.2125,3329.02
16331.88,69.72,82,0.0,3329.02
16331.88,70.01,82,0.0,3329.02
16331.88,67.94,82,1.2125,3329.02
16331.88,68.1,82,0.0,3329.02
16331.88,68.0,77,2.4375,3329.02
16331.88,69.92,67,0.0,3329.02
16331.88,69.18,67,0.0,3329.02
16331.88,68.77,78,1.2125,3329.02
16331.88,68.65,78,0.0,3329.02
16331.88,68.36,80,0.0,3329.02
16331.88,68.51,80,1.2125,3329.02
16331.88,68.51,80,0.0,3329.02
16331.88,68.27,81,0.0,3329.02
16331.88,68.29,81,1.2125,3329.02
16331.88,68.43,80,0.0,3329.02
16331.88,68.7,80,0.0,3329.02
16331.88,66.32,77,1.225,3329.02
16331.88,67.02,77,0.0,3329.02
16331.88,66.76,76,1.225,3329.02
16331.88,65.07,76,0.0,3329.02
16331.88,65.92,73,1.2375,3329.02
16331.88,65.08,86,1.1875,3329.02
16331.88,65.15,86,0.0,3329.02
16331.88,65.07,80,0.0,3329.02
16331.88,65.07,80,1.225,3329.02
16331.88,65.44,81,0.0,3329.02
16331.88,65.88,81,0.0,3329.02
16331.88,66.16,83,0.0,3329.02
16331.88,66.12,83,1.2125,3329.02
16331.88,68.39,80,0.0,3329.02
16331.88,67.23,80,0.0,3329.02
16331.88,68.39,78,1.225,3329.02
16331.88,68.35,78,0.0,3329.02
16331.88,68.27,80,2.4125,3329.02
16331.88,65.7,80,0.0,3329.02
16331.88,64.0,67,0.0,3329.02
16331.88,63.63,67,1.2,3329.02
16331.88,63.16,80,0.0,3329.02
16331.88,62.65,80,0.0,3329.02
16331.88,63.15,78,1.2125,3329.02
16331.88,63.25,81,0.0,3329.02
16331.88,63.32,81,0.0,3329.02
16331.88,62.72,79,1.2,3329.02
16331.88,62.72,79,0.0,3329.02
16331.88,62.69,79,0.0,3329.02
16331.88,65.44,78,1.2125,3329.02
16331.88,66.95,78,0.0,3329.02
16331.88,67.04,77,2.425,3329.02
16331.88,67.56,77,0.0,3329.02
16331.88,69.54,72,1.2125,3329.02
16331.88,68.71,72,0.0,3329.02
16331.88,68.83,83,1.2125,3329.02
16331.88,69.08,83,0.0,3329.02
16331.88,68.95,80,0.0,3329.02
16331.88,69.55,80,0.0,3329.02
16331.88,69.75,79,1.2125,3329.02
16331.88,69.88,79,0.0,3329.02
16331.88,69.91,79,0.0,3329.02
16331.88,69.66,77,1.2125,3329.02
16331.88,68.47,77,0.0,3329.02
16331.88,69.03,78,0.0,3329.02
16331.88,69.15,78,1.2125,3329.02
16331.88,69.35,79,2.425,3329.02
16331.88,71.51,79,1.2125,3329.02
16331.88,71.05,71,0.0,3329.02
16331.88,70.86,71,1.2,3329.02
16331.88,70.51,76,0.0,3329.02
16331.88,71.01,76,0.0,3329.02
16331.88,70.62,76,1.2,3329.02
16331.88,70.59,76,0.0,3329.02
16331.88,69.84,77,1.2125,3329.02
16331.88,69.57,77,0.0,3329.02
16331.88,69.19,76,0.0,3329.02
16331.88,68.68,76,0.0,3329.02
16331.88,66.26,77,1.2375,3329.02
16331.88,66.83,79,0.0,3329.02
16331.88,65.11,79,1.2375,3329.02
16331.88,63.71,79,1.2375,3329.02
16331.88,63.69,67,0.0,3329.02
16331.88,63.8,82,0.0,3329.02
16331.88,63.8,82,1.25,3329.02
16331.88,64.42,82,0.0,3329.02
16331.88,64.42,80,0.0,3329.02
16331.88,64.5,80,1.2375,3329.02
16331.88,64.79,80,0.0,3329.02
16331.88,64.94,80,0.0,3329.02
16331.88,64.98,79,1.2375,3329.02
16331.88,64.69,79,0.0,3329.02
16331.88,66.56,78,0.0,3329.02
16331.88,67.51,78,0.0,3329.02
16331.88,67.53,78,2.475,3329.02
16331.88,67.34,78,1.2375,3329.02
16331.88,69.77,66,0.0,3329.02
16331.88,69.12,66,1.2375,3329.02
16331.88,68.67,83,0.0,3329.02
16331.88,68.7,77,0.0,3329.02
16331.88,68.57,77,1.25,3329.02
16331.88,68.65,80,0.0,3329.02
16331.88,68.59,80,0.0,3329.02
16331.88,68.59,80,0.0,3329.02
16331.88,68.67,79,1.2375,3329.02
16331.88,68.63,79,0.0,3329.02
16331.88,69.05,80,0.0,3329.02
16331.88,67.05,80,1.25,3329.02
16331.88,67.57,77,0.0,3329.02
16331.88,67.86,77,1.25,3329.02
16331.88,66.78,67,1.25,3329.02
16331.88,65.71,67,0.0,3329.02
16331.88,65.76,83,0.0,3329.02
16331.88,65.64,79,0.0,3329.02
16331.88,65.67,79,1.2375,3329.02
16331.88,65.8,81,0.0,3329.02
16331.88,65.86,81,0.0,3329.02
16331.88,65.57,81,1.25,3329.02
16331.88,65.92,81,0.0,3329.02
16331.88,65.74,82,1.2375,3329.02
16331.88,67.17,82,0.0,3329.02
16331.88,68.3,81,1.2375,3329.02
16331.88,68.27,81,0.0,3329.02
16331.88,68.27,81,2.475,3329.02
16331.88,64.4,66,0.0,3329.02
16331.88,64.36,66,1.225,3329.02
16331.88,64.36,74,0.0,3329.02
16331.88,64.48,74,0.0,3329.02
16331.88,64.63,83,1.2125,3329.02
16331.88,64.59,83,0.0,3329.02
16331.88,64.3,82,0.0,3329.02
16331.88,64.31,82,0.0,3329.02
16331.88,64.46,80,1.2125,3329.02
16331.88,64.02,78,0.0,3329.02
16331.88,66.77,78,0.0,3329.02
16331.88,67.88,82,1.2125,3329.02
16331.88,67.91,82,0.0,3329.02
16331.88,65.52,74,1.2,3329.02
16331.88,64.51,74,1.225,3329.02
16331.88,64.11,83,0.0,3329.02
16331.88,64.34,83,0.0,3329.02
16331.88,64.42,84,0.0,3329.02
16331.88,64.34,84,1.225,3329.02
16331.88,64.96,84,0.0,3329.02
16331.88,65.42,84,0.0,3329.02
16331.88,65.55,82,0.0,3329.02
16331.88,65.71,82,1.225,3329.02
16331.88,66.16,79,0.0,3329.02
16331.88,68.43,79,1.2125,3329.02
16331.88,69.33,82,0.0,3329.02
16331.88,69.98,81,1.225,3329.02
16331.88,71.81,81,1.225,3329.02
16331.88,70.99,81,0.0,3329.02
16331.88,70.99,73,0.0,3329.02
16331.88,70.68,83,1.2125,3329.02
16331.88,70.48,83,0.0,3329.02
16331.88,70.48,83,0.0,3329.02
16331.88,70.35,82,1.2125,3329.02
16331.88,70.23,82,0.0,3329.02
16331.88,70.3,82,0.0,3329.02
16331.88,70.37,82,0.0,3329.02
16331.88,70.11,83,0.0,3329.02
16331.88,70.41,83,1.2,3329.02
16331.88,68.68,83,0.0,3329.02
16331.88,69.47,83,1.225,3329.02
16331.88,69.47,82,0.0,3329.02
16331.88,72.03,72,2.45,3329.02
16331.88,71.82,72,0.0,3329.02
16331.88,71.99,83,0.0,3329.02
16331.88,71.84,83,0.0,3329.02
16331.88,71.88,83,1.2,3329.02
16331.88,71.79,83,0.0,3329.02
16331.88,71.25,81,0.0,3329.02
16331.88,71.36,81,1.2375,3329.02
16331.88,70.86,78,0.0,3329.02
16331.88,70.9,78,0.0,3329.02
16331.88,68.41,82,1.2,3329.02
16331.88,68.25,82,0.0,3329.02
16331.88,67.62,74,2.4125,3329.02
16331.88,69.17,74,0.0,3329.02
16331.88,68.16,67,0.0,3329.02
16331.88,67.89,67,1.2125,3329.02
16331.88,68.11,79,0.0,3329.02
16331.88,68.21,80,0.0,3329.02
16331.88,67.94,80,1.2125,3329.02
16331.88,68.14,78,1.2375,3329.02
16331.88,67.99,78,0.0,3329.02
16331.88,67.99,78,0.0,3329.02
16331.88,68.61,80,1.2375,3329.02
16331.88,69.06,80,0.0,3329.02
16331.88,67.17,79,0.0,3329.02
16331.88,68.11,79,1.2375,3329.02
16331.88,68.36,80,1.2375,3329.02
16331.88,65.62,80,0.0,3329.02
16331.88,66.14,76,0.0,3329.02
16331.88,65.33,76,1.25,3329.02
16331.88,65.77,82,0.0,3329.02
16331.88,65.94,82,0.0,3329.02
16331.88,66.22,81,1.2375,3329.02
16331.88,65.94,81,0.0,3329.02
16331.88,65.71,80,0.0,3329.02
16331.88,65.55,78,0.0,3329.02
16331.88,66.17,78,0.0,3329.02
16331.88,69.2,81,1.2375,3329.02
16331.88,68.79,81,0.0,3329.02
16331.88,68.79,81,0.0,3329.02
16331.88,69.45,79,1.2375,3329.02
16331.88,68.93,79,0.0,3329.02
16331.88,69.0,78,3.725,3329.02
16331.88,66.0,78,0.0,3329.02
16331.88,64.88,66,0.0,3329.02
16331.88,65.1,66,1.2375,3329.02
16331.88,65.16,78,0.0,3329.02
16331.88,65.25,78,0.0,3329.02
16331.88,64.94,81,1.2375,3329.02
16331.88,64.33,81,0.0,3329.02
16331.88,64.23,79,0.0,3329.02
16331.88,64.33,79,0.0,3329.02
16331.88,64.6,80,1.2375,3329.02
16331.88,67.35,81,0.0,3329.02
16331.88,68.85,81,0.0,3329.02
16331.88,69.11,78,1.2375,3329.02
16331.88,68.31,78,1.2375,3329.02
16331.88,67.67,78,0.0,3329.02
16331.88,67.04,66,1.2375,3329.02
16331.88,67.16,77,0.0,3329.02
16331.88,67.16,77,0.0,3329.02
16331.88,67.15,77,1.2375,3329.02
16331.88,67.15,77,0.0,3329.02
16331.88,67.31,77,0.0,3329.02
16331.88,67.24,78,0.0,3329.02
16331.88,67.47,78,1.2375,3329.02
16331.88,67.08,81,0.0,3329.02
16331.88,66.8,81,0.0,3329.02
16331.88,68.07,78,1.2125,3329.02
16331.88,68.3,78,0.0,3329.02
16331.88,69.39,80,0.0,3329.02
16331.88,66.44,63,3.625,3329.02
16331.88,65.2,63,0.0,3329.02
16331.88,64.97,79,0.0,3329.02
16331.88,65.03,79,1.2125,3329.02
16331.88,64.7,81,0.0,3329.02
16331.88,64.96,81,0.0,3329.02
16331.88,64.97,81,0.0,3329.02
16331.88,64.73,81,1.2125,3329.02
16331.88,64.7,79,0.0,3329.02
16331.88,64.23,79,0.0,3329.02
16331.88,64.14,79,0.0,3329.02
16331.88,67.39,79,1.2125,3329.02
16331.88,67.39,79,0.0,3329.02
16331.88,68.5,76,1.2125,3329.02
16331.88,68.58,78,1.2125,3329.02
16331.88,70.75,65,1.2125,3329.02
16331.88,70.28,65,0.0,3329.02
16331.88,70.28,65,0.0,3329.02
16331.88,70.35,79,1.2125,3329.02
16331.88,70.6,79,1.2125,3329.02
16331.88,70.77,80,0.0,3329.02
16331.88,70.85,80,0.0,3329.02
16331.88,70.47,81,1.2125,3329.02
16331.88,70.45,81,0.0,3329.02
16331.88,70.47,79,1.2125,3329.02
16331.88,70.55,79,0.0,3329.02
16331.88,68.71,82,0.0,3329.02
16331.88,69.08,82,2.4125,3329.02
16331.88,69.22,80,0.0,3329.02
16331.88,71.36,64,1.2375,3329.02
16331.88,70.26,64,0.0,3329.02
16331.88,70.23,79,1.2125,3329.02
16331.88,70.04,79,0.0,3329.02
16331.88,70.27,78,0.0,3329.02
16331.88,70.23,78,1.2125,3329.02
16331.88,70.26,81,0.0,3329.02
16331.88,70.43,81,0.0,3329.02
16331.88,70.42,80,0.0,3329.02
16331.88,70.22,80,1.2125,3329.02
16331.88,68.11,78,0.0,3329.02
16331.88,68.69,78,0.0,3329.02
16331.88,68.3,76,1.2125,3329.02
16331.88,67.07,76,1.2125,3329.02
16331.88,66.22,66,1.2125,3329.02
16331.88,66.01,66,0.0,3329.02
16331.88,65.86,79,0.0,3329.02
16331.88,65.84,79,2.425,3329.02
16331.88,65.79,81,0.0,3329.02
16331.88,65.73,79,0.0,3329.02
16331.88,65.73,79,1.2,3329.02
16331.88,65.7,79,0.0,3329.02
16331.88,66.27,80,0.0,3329.02
16331.88,66.68,80,1.2,3329.02
16331.88,68.03,82,0.0,3329.02
16331.88,69.15,82,0.0,3329.02
16331.88,69.23,79,2.4125,3329.02
16331.88,69.37,79,0.0,3329.02
16331.88,71.75,62,1.2,3329.02
16331.88,71.26,62,0.0,3329.02
16331.88,71.04,81,1.2125,3329.02
16331.88,71.37,81,0.0,3329.02
16331.88,71.51,81,0.0,3329.02
16331.88,71.37,81,1.2125,3329.02
16331.88,71.09,76,0.0,3329.02
16331.88,70.92,76,0.0,3329.02
16331.88,71.31,80,0.0,3329.02
16331.88,71.3,79,2.4125,3329.02
16331.88,68.61,79,0.0,3329.02
16331.88,69.12,80,0.0,3329.02
16331.88,69.21,80,2.45,3329.02
16331.88,68.01,67,0.0,3329.02
16331.88,66.94,67,0.0,3329.02
16331.88,66.74,81,1.2125,3329.02
16331.88,66.68,81,0.0,3329.02
16331.88,66.6,79,0.0,3329.02
16331.88,66.45,79,1.2125,3329.02
16331.88,66.52,81,0.0,3329.02
16331.88,66.63,81,0.0,3329.02
16331.88,66.36,77,0.0,3329.02
16331.88,66.23,80,1.225,3329.02
16331.88,66.78,80,0.0,3329.02
16331.88,66.78,80,0.0,3329.02
16331.88,67.66,76,1.225,3329.02
16331.88,68.17,76,2.4,3329.02
16331.88,67.58,77,0.0,3329.02
16331.88,66.76,77,0.0,3329.02
16331.88,66.39,70,1.1875,3329.02
16331.88,66.31,70,0.0,3329.02
16331.88,66.17,79,0.0,3329.02
16331.88,66.48,79,1.2125,3329.02
16331.88,66.39,78,0.0,3329.02
16331.88,66.39,78,0.0,3329.02
16331.88,66.66,78,1.2125,3329.02
16331.88,67.1,78,0.0,3329.02
16331.88,66.77,79,0.0,3329.02
16331.88,67.89,81,1.2125,3329.02
16331.88,69.09,81,0.0,3329.02
16331.88,69.17,79,2.4875,3329.02
16331.88,71.21,79,1.2375,3329.02
16331.88,71.07,62,0.0,3329.02
16331.88,71.22,62,0.0,3329.02
16331.88,71.05,81,1.25,3329.02
16331.88,70.93,81,0.0,3329.02
16331.88,70.88,77,0.0,3329.02
16331.88,70.94,77,1.2375,3329.02
16331.88,70.5,81,0.0,3329.02
16331.88,69.91,81,0.0,3329.02
16331.88,69.91,81,1.2375,3329.02
16331.88,70.15,77,0.0,3329.02
16331.88,70.25,77,0.0,3329.02
16331.88,68.28,79,1.2375,3329.02
16331.88,68.74,77,1.125,3329.02
16331.88,68.42,77,0.0,3329.02
16331.88,65.92,71,1.2375,3329.02
16331.88,65.08,71,0.0,3329.02
16331.88,64.31,79,0.0,3329.02
16331.88,64.31,79,1.2375,3329.02
16331.88,64.63,79,0.0,3329.02
16331.88,64.59,79,0.0,3329.02
16331.88,64.46,80,0.0,3329.02
16331.88,64.24,80,1.25,3329.02
16331.88,64.15,78,0.0,3329.02
16331.88,64.51,78,0.0,3329.02
16331.88,67.13,81,0.0,3329.02
16331.88,67.89,81,1.2375,3329.02
16331.88,68.03,79,0.0,3329.02
16331.88,68.44,79,2.4875,3329.02
16331.88,69.96,70,0.0,3329.02
16331.88,68.62,70,0.0,3329.02
16331.88,68.32,84,1.2375,3329.02
16331.88,68.32,84,0.0,3329.02
16331.88,68.82,84,0.0,3329.02
16331.88,68.82,78,0.0,3329.02
16331.88,69.21,81,1.2375,3329.02
16331.88,69.23,81,0.0,3329.02
16331.88,69.46,81,0.0,3329.02
16331.88,69.46,81,1.25,3329.02
16331.88,69.6,82,1.2375,3329.02
16331.88,68.4,82,0.0,3329.02
16331.88,70.02,81,0.0,3329.02
16331.88,70.41,81,1.2375,3329.02
16331.88,70.72,81,1.2375,3329.02
16331.88,67.72,81,0.0,3329.02
16331.88,65.71,68,1.2375,3329.02
16331.88,65.11,68,0.0,3329.02
16331.88,65.43,78,0.0,3329.02
16331.88,65.51,78,1.2375,3329.02
16331.88,65.51,81,0.0,3329.02
16331.88,65.31,81,0.0,3329.02
16331.88,65.31,78,0.0,3329.02
16331.88,64.87,78,1.225,3329.02
16331.88,64.35,78,0.0,3329.02
16331.88,64.32,78,0.0,3329.02
16331.88,67.26,78,0.0,3329.02
16331.88,69.08,78,1.225,3329.02
16331.88,69.77,83,1.2125,3329.02
16331.88,69.57,83,1.2125,3329.02
16331.88,70.38,65,0.0,3329.02
16331.88,70.26,65,0.0,3329.02
16331.88,70.15,81,0.0,3329.02
16331.88,69.83,81,1.2125,3329.02
16331.88,70.27,79,0.0,3329.02
16331.88,70.35,79,0.0,3329.02
16331.88,70.21,79,0.0,3329.02
16331.88,69.96,81,1.225,3329.02
16331.88,70.06,81,0.0,3329.02
16331.88,70.16,80,0.0,3329.02
16331.88,69.25,80,1.2125,3329.02
16331.88,69.48,79,1.2125,3329.02
16331.88,69.51,79,2.425,3329.02
16331.88,70.29,58,0.0,3329.02
16331.88,69.27,58,1.2,3329.02
16331.88,69.2,80,0.0,3329.02
16331.88,68.82,80,0.0,3329.02
16331.88,68.78,78,1.2125,3329.02
16331.88,69.13,78,0.0,3329.02
16331.88,69.0,83,0.0,3329.02
16331.88,68.78,83,0.0,3329.02
16331.88,68.88,80,1.2125,3329.02
16331.88,68.92,80,0.0,3329.02
16331.88,68.92,77,0.0,3329.02
16331.88,67.92,77,1.2125,3329.02
16331.88,68.94,79,0.0,3329.02
16331.88,69.17,79,1.2125,3329.02
16331.88,66.78,68,1.2125,3329.02
16331.88,65.31,68,1.225,3329.02
16331.88,64.96,80,0.0,3329.02
16331.88,64.69,80,0.0,3329.02
16331.88,64.43,77,1.2125,3329.02
16331.88,64.46,77,0.0,3329.02
16331.88,64.79,80,0.0,3329.02
16331.88,65.07,81,0.0,3329.02
16331.88,65.15,81,1.225,3329.02
16331.88,65.36,81,0.0,3329.02
16331.88,68.1,81,0.0,3329.02
16331.88,69.66,80,1.2125,3329.02
16331.88,69.78,80,0.0,3329.02
16331.88,69.94,80,2.4375,3329.02
16331.88,71.27,80,0.0,3329.02
16331.88,70.69,80,1.2,3329.02
16331.88,70.81,61,0.0,3329.02
16331.88,70.41,78,0.0,3329.02
16331.88,70.53,78,1.2,3329.02
16331.88,70.46,78,0.0,3329.02
16331.88,70.22,78,0.0,3329.02
16331.88,70.36,79,0.0,3329.02
16331.88,70.09,79,1.175,3329.02
16331.88,69.98,82,0.0,3329.02
16331.88,70.06,82,1.2125,3329.02
16331.88,69.01,79,0.0,3329.02
16331.88,69.84,79,0.0,3329.02
16331.88,69.64,82,2.425,3329.02
16331.88,71.35,82,1.2125,3329.02
16331.88,70.66,67,1.2125,3329.02
16331.88,70.27,67,0.0,3329.02
16331.88,70.67,79,0.0,3329.02
16331.88,70.63,79,0.0,3329.02
16331.88,70.61,77,1.2125,3329.02
16331.88,70.97,77,0.0,3329.02
16331.88,71.16,82,0.0,3329.02
16331.88,71.09,82,1.2125,3329.02
16331.88,71.0,82,0.0,3329.02
16331.88,69.95,81,0.0,3329.02
16331.88,70.74,81,0.0,3329.02
16331.88,70.74,81,1.225,3329.02
16331.88,71.11,79,2.425,3329.02
16331.88,66.34,79,0.0,3329.02
16331.88,66.22,61,0.0,3329.02
16331.88,66.05,82,1.2125,3329.02
16331.88,66.05,82,1.2125,3329.02
16331.88,65.57,82,0.0,3329.02
16331.88,65.57,79,0.0,3329.02
16331.88,65.56,79,1.225,3329.02
16331.88,65.87,78,0.0,3329.02
16331.88,65.44,78,0.0,3329.02
16331.88,65.41,79,0.0,3329.02
16331.88,65.26,79,1.2125,3329.02
16331.88,67.87,78,0.0,3329.02
16331.88,69.42,78,0.0,3329.02
16331.88,69.88,78,2.425,3329.02
16331.88,70.13,70,0.0,3329.02
16331.88,70.22,70,0.0,3329.02
16331.88,70.22,81,0.0,3329.02
16331.88,69.64,81,1.2125,3329.02
16331.88,69.61,77,0.0,3329.02
16331.88,69.43,77,0.0,3329.02
16331.88,69.66,79,2.425,3329.02
16331.88,69.69,79,0.0,3329.02
16331.88,69.59,77,0.0,3329.02
16331.88,69.6,77,0.0,3329.02
16331.88,69.59,81,1.2,3329.02
16331.88,69.06,81,0.0,3329.02
16331.88,69.5,81,1.2125,3329.02
16331.88,69.95,81,1.2125,3329.02
16331.88,72.23,69,0.0,3329.02
16331.88,71.95,69,1.2125,3329.02
16331.88,72.01,83,0.0,3329.02
16331.88,71.83,83,1.2,3329.02
16331.88,72.37,82,0.0,3329.02
16331.88,72.26,82,0.0,3329.02
16331.88,72.39,75,1.2125,3329.02
16331.88,72.01,75,0.0,3329.02
16331.88,72.29,79,0.0,3329.02
16331.88,72.2,79,0.0,3329.02
16331.88,72.24,81,2.425,3329.02
16331.88,70.35,81,0.0,3329.02
16331.88,70.53,81,1.1625,3329.02
16331.88,70.6,67,1.1625,3329.02
16331.88,69.34,67,0.0,3329.02
16331.88,69.52,82,0.0,3329.02
16331.88,69.26,82,1.225,3329.02
16331.88,69.84,82,0.0,3329.02
16331.88,69.77,82,0.0,3329.02
16331.88,69.82,80,0.0,3329.02
16331.88,69.74,80,1.225,3329.02
16331.88,69.58,79,0.0,3329.02
16331.88,69.82,79,0.0,3329.02
16331.88,69.6,80,0.0,3329.02
16331.88,69.71,80,1.225,3329.02
16331.88,70.01,80,0.0,3329.02
16331.88,70.17,80,1.225,3329.02
16331.88,67.61,66,0.0,3329.02
16331.88,67.54,66,1.225,3329.02
16331.88,66.78,91,0.0,3329.02
16331.88,66.66,91,0.0,3329.02
16331.88,66.68,83,0.0,3329.02
16331.88,67.11,83,1.225,3329.02
16331.88,66.86,81,0.0,3329.02
16331.88,67.14,81,0.0,3329.02
16331.88,67.54,81,0.0,3329.02
16331.88,67.54,81,1.2125,3329.02
16331.88,70.23,80,0.0,3329.02
16331.88,70.17,82,0.0,3329.02
16331.88,70.96,82,1.225,3329.02
16331.88,70.81,80,0.0,3329.02
16331.88,70.69,80,1.125,3329.02
16331.88,72.54,80,1.225,3329.02
16331.88,72.43,70,0.0,3329.02
16331.88,72.32,83,0.0,3329.02
16331.88,72.36,83,0.0,3329.02
16331.88,72.2,83,1.225,3329.02
16331.88,72.37,82,0.0,3329.02
16331.88,71.55,80,0.0,3329.02
16331.88,71.09,80,1.2125,3329.02
16331.88,71.17,79,0.0,3329.02
16331.88,71.57,79,0.0,3329.02
16331.88,71.62,79,1.225,3329.02
16331.88,69.42,83,1.225,3329.02
16331.88,69.51,83,0.0,3329.02
16331.88,69.51,80,1.225,3329.02
16331.88,72.12,80,0.0,3329.02
16331.88,70.75,72,1.225,3329.02
16331.88,70.75,72,0.0,3329.02
16331.88,70.31,89,0.0,3329.02
16331.88,71.01,89,0.0,3329.02
16331.88,71.49,81,0.0,3329.02
16331.88,71.42,83,1.225,3329.02
16331.88,71.47,83,0.0,3329.02
16331.88,71.47,80,0.0,3329.02
16331.88,71.46,80,1.225,3329.02
16331.88,71.32,79,0.0,3329.02
16331.88,68.75,79,0.0,3329.02
16331.88,70.26,79,0.0,3329.02
16331.88,70.44,79,0.0,3329.02
16331.88,70.41,82,1.15,3329.02
16331.88,70.34,82,2.4375,3329.02
16331.88,71.36,61,0.0,3329.02
16331.88,70.78,61,1.225,3329.02
16331.88,70.77,80,0.0,3329.02
16331.88,70.83,80,0.0,3329.02
16331.88,70.78,82,1.225,3329.02
16331.88,70.97,82,0.0,3329.02
16331.88,71.2,82,0.0,3329.02
16331.88,71.45,82,0.0,3329.02
16331.88,71.51,82,1.225,3329.02
16331.88,71.35,82,0.0,3329.02
16331.88,71.41,80,0.0,3329.02
16331.88,69.7,80,0.0,3329.02
16331.88,70.59,79,3.5625,3329.02
16331.88,70.46,79,0.0,3329.02
16331.88,72.28,61,0.0,3329.02
16331.88,71.52,61,1.225,3329.02
16331.88,71.26,82,0.0,3329.02
16331.88,70.82,80,0.0,3329.02
16331.88,70.78,80,0.0,3329.02
16331.88,71.09,81,1.2125,3329.02
16331.88,70.93,81,0.0,3329.02
16331.88,71.09,79,0.0,3329.02
16331.88,70.29,79,1.2125,3329.02
16331.88,67.92,78,0.0,3329.02
16331.88,67.98,78,1.2125,3329.02
16331.88,68.85,75,0.0,3329.02
16331.88,69.14,75,2.4375,3329.02
16331.88,66.19,68,0.0,3329.02
16331.88,65.03,68,1.2125,3329.02
16331.88,65.18,79,0.0,3329.02
16331.88,64.8,79,0.0,3329.02
16331.88,65.13,80,0.0,3329.02
16331.88,65.41,80,1.2125,3329.02
16331.88,65.93,82,0.0,3329.02
16331.88,66.28,82,0.0,3329.02
16331.88,66.39,80,1.2125,3329.02
16331.88,66.38,80,0.0,3329.02
16331.88,69.46,81,0.0,3329.02
16331.88,70.61,76,1.2125,3329.02
16331.88,70.57,76,0.0,3329.02
16331.88,70.14,78,2.425,3329.02
16331.88,70.87,78,0.0,3329.02
16331.88,68.88,77,1.2125,3329.02
16331.88,68.66,77,1.225,3329.02
16331.88,68.86,83,0.0,3329.02
16331.88,69.05,83,0.0,3329.02
16331.88,69.56,84,0.0,3329.02
16331.88,69.6,84,1.225,3329.02
16331.88,69.72,84,0.0,3329.02
16331.88,70.16,82,0.0,3329.02
16331.88,70.33,82,0.0,3329.02
16331.88,71.11,81,1.225,3329.02
16331.88,70.44,81,0.0,3329.02
16331.88,70.44,82,0.0,3329.02
16331.88,72.54,82,0.0,3329.02
16331.88,73.23,82,0.0,3329.02
16331.88,70.77,82,2.425,3329.02
16331.88,69.17,73,0.0,3329.02
16331.88,68.72,73,1.2125,3329.02
16331.88,68.72,70,0.0,3329.02
16331.88,67.97,70,0.0,3329.02
16331.88,67.76,80,1.2125,3329.02
16331.88,67.76,80,0.0,3329.02
16331.88,67.55,80,0.0,3329.02
16331.88,66.82,80,1.2,3329.02
16331.88,66.24,80,0.0,3329.02
16331.88,65.94,77,1.2125,3329.02
16331.88,68.33,77,0.0,3329.02
16331.88,69.56,81,0.0,3329.02
16331.88,69.9,81,1.2125,3329.02
16331.88,70.24,76,2.425,3329.02
16331.88,72.19,76,0.0,3329.02
16331.88,71.8,68,0.0,3329.02
16331.88,71.69,68,1.2125,3329.02
16331.88,71.93,80,0.0,3329.02
16331.88,72.14,80,0.0,3329.02
16331.88,72.29,82,1.2,3329.02
16331.88,72.11,82,1.2125,3329.02
16331.88,72.13,77,0.0,3329.02
16331.88,72.34,77,0.0,3329.02
16331.88,72.2,81,1.2125,3329.02
16331.88,70.27,78,0.0,3329.02
16331.88,70.72,78,0.0,3329.02
16331.88,70.6,79,1.2,3329.02
16331.88,69.14,79,1.2,3329.02
16331.88,67.78,61,0.0,3329.02
16331.88,67.71,61,0.0,3329.02
16331.88,67.69,79,1.2125,3329.02
16331.88,67.77,79,0.0,3329.02
16331.88,67.64,80,0.0,3329.02
16331.88,67.61,80,0.0,3329.02
16331.88,67.45,81,2.45,3329.02
16331.88,67.7,81,0.0,3329.02
16331.88,67.39,80,0.0,3329.02
16331.88,67.61,80,0.0,3329.02
16331.88,68.91,77,1.2125,3329.02
16331.88,70.08,77,0.0,3329.02
16331.88,70.4,79,1.1875,3329.02
16331.88,69.0,79,2.4125,3329.02
16331.88,67.97,65,0.0,3329.02
16331.88,67.43,65,0.0,3329.02
16331.88,67.45,81,1.2125,3329.02
16331.88,67.59,81,0.0,3329.02
16331.88,66.94,79,0.0,3329.02
16331.88,67.38,80,0.0,3329.02
16331.88,67.36,80,1.2125,3329.02
16331.88,67.33,80,0.0,3329.02
16331.88,67.14,80,0.0,3329.02
16331.88,68.87,78,1.2125,3329.02
16331.88,69.86,78,0.0,3329.02
16331.88,69.86,78,0.0,3329.02
16331.88,70.43,80,1.2125,3329.02
16331.88,70.27,80,2.475,3329.02
16331.88,71.39,65,0.0,3329.02
16331.88,71.39,65,1.2125,3329.02
16331.88,70.81,79,0.0,3329.02
16331.88,70.37,79,0.0,3329.02
16331.88,70.37,78,1.2125,3329.02
16331.88,70.26,78,0.0,3329.02
16331.88,69.97,78,0.0,3329.02
16331.88,69.97,78,0.0,3329.02
16331.88,69.89,78,1.2125,3329.02
16331.88,69.6,78,0.0,3329.02
16331.88,70.01,80,0.0,3329.02
16331.88,68.3,80,0.0,3329.02
16331.88,69.62,78,1.225,3329.02
16331.88,69.89,77,1.2125,3329.02
16331.88,70.18,77,1.2125,3329.02
16331.88,69.85,65,1.2125,3329.02
16331.88,70.0,65,0.0,3329.02
16331.88,69.97,82,0.0,3329.02
16331.88,70.12,82,0.0,3329.02
16331.88,70.36,80,1.2125,3329.02
16331.88,70.06,80,0.0,3329.02
16331.88,70.08,78,0.0,3329.02
16331.88,70.13,78,0.0,3329.02
16331.88,70.22,81,1.2125,3329.02
16331.88,70.27,81,0.0,3329.02
16331.88,70.38,83,0.0,3329.02
16331.88,70.99,83,1.1875,3329.02
16331.88,70.82,80,1.2125,3329.02
16331.88,72.87,80,1.2125,3329.02
16331.88,72.0,64,0.0,3329.02
16331.88,71.73,64,0.0,3329.02
16331.88,71.68,81,0.0,3329.02
16331.88,71.78,81,1.2125,3329.02
16331.88,71.8,80,0.0,3329.02
16331.88,71.69,80,0.0,3329.02
16331.88,71.48,79,0.0,3329.02
16331.88,71.44,81,1.2125,3329.02
16331.88,71.33,81,0.0,3329.02
16331.88,69.08,78,0.0,3329.02
16331.88,69.9,78,0.0,3329.02
16331.88,69.98,80,2.3375,3329.14
16331.88,71.69,80,1.2125,3329.14
16331.88,69.76,76,0.0,3329.14
16331.88,69.55,76,0.0,3329.14
16331.88,69.6,82,1.2125,3329.14
16331.88,69.55,82,0.0,3329.14
16331.88,69.49,82,0.0,3329.14
16331.88,69.41,82,0.0,3329.14
16331.88,69.84,82,0.0,3329.14
16331.88,70.27,82,1.225,3329.14
16331.88,70.46,82,0.0,3329.14
16331.88,70.76,82,0.0,3329.14
16331.88,69.02,80,0.0,3329.14
16331.88,71.13,80,1.2125,3329.14
16331.88,71.13,80,0.0,3329.14
16331.88,71.42,83,2.4125,3329.14
16331.88,71.15,73,0.0,3329.14
16331.88,70.97,81,0.0,3329.14
16331.88,70.97,81,0.0,3329.14
16331.88,70.6,81,1.2125,3329.14
16331.88,70.6,80,0.0,3329.14
16331.88,70.53,80,0.0,3329.14
16331.88,70.14,81,1.2125,3329.14
16331.88,70.57,81,0.0,3329.14
16331.88,70.36,81,0.0,3329.14
16331.88,69.81,81,1.225,3329.14
16331.88,69.59,78,0.0,3329.14
16331.88,70.08,78,0.0,3329.14
16331.88,70.44,81,2.45,3329.14
16331.88,70.59,81,0.0,3329.14
16331.88,71.38,69,1.2125,3329.14
16331.88,70.44,69,0.0,3329.14
16331.88,70.44,81,0.0,3329.14
16331.88,70.35,81,1.2125,3329.14
16331.88,70.35,78,0.0,3329.14
16331.88,70.27,78,0.0,3329.14
16331.88,70.67,81,0.0,3329.14
16331.88,70.52,81,2.4375,3329.14
16331.88,70.7,78,0.0,3329.14
16331.88,70.47,78,0.0,3329.14
16331.88,69.74,81,1.2125,3329.14
16331.88,70.08,82,0.0,3329.14
16331.88,70.08,82,1.225,3329.14
16331.88,72.32,67,0.0,3329.14
16331.88,71.43,67,1.225,3329.14
16331.88,71.37,81,0.0,3329.14
16331.88,71.46,81,0.0,3329.14
16331.88,71.59,77,1.2125,3329.14
16331.88,71.61,77,0.0,3329.14
16331.88,71.48,81,1.2125,3329.14
16331.88,71.45,81,0.0,3329.14
16331.88,71.57,75,0.0,3329.14
16331.88,71.67,75,1.2125,3329.14
16331.88,71.69,81,0.0,3329.14
16331.88,69.66,81,0.0,3329.14
16331.88,70.29,81,1.2125,3329.14
16331.88,70.45,81,2.4375,3329.14
16331.88,71.01,65,0.0,3329.14
16331.88,70.09,65,0.0,3329.14
16331.88,70.06,81,1.2125,3329.14
16331.88,70.13,81,0.0,3329.14
16331.88,70.04,81,0.0,3329.14
16331.88,69.69,78,1.2125,3329.14
16331.88,69.54,78,0.0,3329.14
16331.88,69.57,77,0.0,3329.14
16331.88,69.87,77,0.0,3329.14
16331.88,69.94,80,1.2125,3329.14
16331.88,69.58,80,0.0,3329.14
16331.88,70.47,75,0.0,3329.14
16331.88,70.24,75,1.2125,3329.14
16331.88,69.52,75,2.4125,3329.14
16331.88,68.78,75,0.0,3329.14
16331.88,68.74,75,1.2125,3329.14
16331.88,68.7,67,0.0,3329.14
16331.88,68.42,81,0.0,3329.14
16331.88,68.55,81,1.225,3329.14
16331.88,68.32,81,0.0,3329.14
16331.88,68.19,81,0.0,3329.14
16331.88,68.32,81,2.35,3329.14
16331.88,68.32,81,0.0,3329.14
16331.88,67.92,81,0.0,3329.14
16331.88,68.06,79,0.0,3329.14
16331.88,69.57,81,1.225,3329.14
16331.88,69.82,81,0.0,3329.14
16331.88,70.04,82,2.425,3329.14
16331.88,72.25,82,0.0,3329.14
16331.88,71.54,65,0.0,3329.14
16331.88,71.15,65,1.225,3329.14
16331.88,71.29,77,0.0,3329.14
16331.88,70.73,77,0.0,3329.14
16331.88,71.33,79,0.0,3329.14
16331.88,71.26,79,1.225,3329.14
16331.88,71.19,80,0.0,3329.14
16331.88,71.29,80,0.0,3329.14
16331.88,71.18,80,1.2125,3329.14
16331.88,71.2,80,0.0,3329.14
16331.88,69.06,80,0.0,3329.14
16331.88,69.83,80,0.0,3329.14
16331.88,70.15,80,2.4375,3329.14
16331.88,71.03,80,1.2125,3329.14
16331.88,70.31,67,0.0,3329.14
16331.88,70.25,67,0.0,3329.14
16331.88,70.0,79,0.0,3329.14
16331.88,70.2,79,1.2125,3329.14
16331.88,69.69,79,0.0,3329.14
16331.88,69.48,79,1.2,3329.14
16331.88,69.14,79,1.2125,3329.14
16331.88,69.36,78,0.0,3329.14
16331.88,69.47,78,0.0,3329.14
16331.88,68.45,81,0.0,3329.14
16331.88,69.56,81,1.2125,3329.14
16331.88,69.62,81,1.2,3329.14
16331.88,67.34,81,1.2375,3329.14
16331.88,65.44,65,0.0,3329.14
16331.88,65.62,65,0.0,3329.14
16331.88,65.58,79,1.2375,3329.14
16331.88,65.75,79,0.0,3329.14
16331.88,66.31,81,0.0,3329.14
16331.88,66.01,81,1.2375,3329.14
16331.88,66.05,81,0.0,3329.14
16331.88,66.05,79,0.0,3329.14
16331.88,66.25,79,0.0,3329.14
16331.88,66.25,76,1.2375,3329.14
16331.88,68.65,80,0.0,3329.14
16331.88,70.48,80,0.0,3329.14
16331.88,70.68,81,0.0,3329.14
16331.88,70.9,81,3.725,3329.14
16331.88,72.64,65,0.0,3329.14
16331.88,72.28,65,1.2375,3329.14
16331.88,72.01,78,0.0,3329.14
16331.88,71.95,78,1.25,3329.14
16331.88,71.65,81,0.0,3329.14
16331.88,71.39,81,0.0,3329.14
16331.88,71.45,77,1.2375,3329.14
16331.88,71.42,77,0.0,3329.14
16331.88,71.18,77,0.0,3329.14
16331.88,70.94,77,1.2375,3329.14
16331.88,71.07,77,0.0,3329.14
16331.88,71.07,77,1.25,3329.14
16331.88,69.54,79,0.0,3329.14
16331.88,69.54,79,1.2375,3329.14
16331.88,68.63,67,1.25,3329.14
16331.88,67.64,67,0.0,3329.14
16331.88,67.64,85,0.0,3329.14
16331.88,67.61,85,0.0,3329.14
16331.88,67.54,80,1.2375,3329.14
16331.88,67.68,80,0.0,3329.14
16331.88,67.88,81,0.0,3329.14
16331.88,67.45,81,0.0,3329.14
16331.88,67.67,79,1.2375,3329.14
16331.88,67.86,79,0.0,3329.14
16331.88,67.81,82,0.0,3329.14
16331.88,68.82,82,0.0,3329.14
16331.88,69.85,80,1.25,3329.14
16331.88,70.05,80,1.25,3329.14
16331.88,67.31,68,0.0,3329.14
16331.88,66.01,68,1.225,3329.14
16331.88,65.79,78,0.0,3329.14
16331.88,65.7,78,0.0,3329.14
16331.88,65.92,79,2.3375,3329.14
16331.88,65.51,77,0.0,3329.14
16331.88,65.42,77,0.0,3329.14
16331.88,65.57,79,0.0,3329.14
16331.88,65.81,79,1.225,3329.14
16331.88,65.22,80,0.0,3329.14
16331.88,67.99,80,0.0,3329.14
16331.88,67.99,80,1.2125,3329.14
16331.88,69.44,81,0.0,3329.14
16331.88,69.46,81,2.425,3329.14
16331.88,69.91,78,0.0,3329.14
16331.88,69.91,78,0.0,3329.14
16331.88,69.32,66,1.2125,3329.14
16331.88,69.67,66,0.0,3329.14
16331.88,69.95,78,0.0,3329.14
16331.88,69.39,78,0.0,3329.14
16331.88,69.19,78,2.425,3329.14
16331.88,69.75,78,0.0,3329.14
16331.88,69.71,79,0.0,3329.14
16331.88,69.75,82,1.2125,3329.14
16331.88,69.75,82,0.0,3329.14
16331.88,69.82,81,1.2125,3329.14
16331.88,70.47,81,0.0,3329.14
16331.88,70.24,78,1.2125,3329.14
16331.88,72.76,78,1.2125,3329.14
16331.88,72.03,77,0.0,3329.14
16331.88,72.09,77,0.0,3329.14
16331.88,71.93,81,1.2125,3329.14
16331.88,71.76,81,0.0,3329.14
16331.88,71.81,79,0.0,3329.14
16331.88,71.83,79,1.2125,3329.14
16331.88,71.49,82,0.0,3329.14
16331.88,71.17,82,0.0,3329.14
16331.88,71.05,77,1.2125,3329.14
16331.88,71.24,77,0.0,3329.14
16331.88,68.36,81,0.0,3329.14
16331.88,69.12,81,0.0,3329.14
16331.88,69.22,81,1.2125,3329.14
16331.88,69.36,78,0.0,3329.14
16331.88,71.67,78,2.425,3329.14
16331.88,71.0,71,0.0,3329.14
16331.88,71.06,71,0.0,3329.14
16331.88,70.81,80,1.2125,3329.14
16331.88,70.81,80,0.0,3329.14
16331.88,70.59,78,0.0,3329.14
16331.88,70.64,78,0.0,3329.14
16331.88,70.48,79,1.1875,3329.14
16331.88,70.84,79,0.0,3329.14
16331.88,70.84,79,0.0,3329.14
16331.88,70.71,78,1.2,3329.14
16331.88,71.09,78,0.0,3329.14
16331.88,68.71,80,1.2125,3329.14
16331.88,69.58,80,1.2125,3329.14
16331.88,69.34,74,1.2125,3329.14
16331.88,67.49,68,1.2125,3329.14
16331.88,65.77,68,0.0,3329.14
16331.88,65.73,68,0.0,3329.14
16331.88,66.36,81,0.0,3329.14
16331.88,65.98,81,0.0,3329.14
16331.88,65.98,81,1.225,3329.14
16331.88,66.09,81,0.0,3329.14
16331.88,65.97,81,0.0,3329.14
16331.88,66.17,81,2.425,3329.14
16331.88,66.62,81,0.0,3329.14
16331.88,68.81,81,0.0,3329.14
16331.88,70.81,81,0.0,3329.14
16331.88,70.98,81,2.425,3329.14
16331.88,69.03,81,0.0,3329.14
16331.88,69.45,74,0.0,3329.14
16331.88,69.1,74,1.2125,3329.14
16331.88,68.67,80,0.0,3329.14
16331.88,68.25,80,0.0,3329.14
16331.88,68.11,78,1.2125,3329.14
16331.88,67.84,78,0.0,3329.14
16331.88,67.83,77,0.0,3329.14
16331.88,68.0,77,1.2125,3329.14
16331.88,67.72,78,0.0,3329.14
16331.88,69.96,80,0.0,3329.14
16331.88,69.96,80,0.0,3329.14
16331.88,70.57,80,1.2375,3329.14
16331.88,70.83,80,0.0,3329.14
16331.88,71.46,79,1.2375,3329.14
16331.88,74.49,79,1.2375,3329.14
16331.88,72.92,74,0.0,3329.14
16331.88,72.94,74,1.2375,3329.14
16331.88,72.73,78,1.2375,3329.14
16331.88,72.46,78,0.0,3329.14
16331.88,72.33,81,0.0,3329.14
16331.88,72.33,81,1.25,3329.14
16331.88,72.07,81,0.0,3329.14
16331.88,71.95,79,0.0,3329.14
16331.88,71.71,79,1.2375,3329.14
16331.88,71.5,80,0.0,3329.14
16331.88,71.3,80,0.0,3329.14
16331.88,70.38,80,0.0,3329.14
16331.88,70.2,82,1.2375,3329.14
16331.88,69.95,82,2.4875,3329.14
16331.88,72.67,68,0.0,3329.14
16331.88,71.69,68,0.0,3329.14
16331.88,71.69,81,1.25,3329.14
16331.88,71.59,81,0.0,3329.14
16331.88,71.48,82,0.0,3329.14
16331.88,71.64,82,0.0,3329.14
16331.88,71.49,80,1.25,3329.14
16331.88,71.6,80,0.0,3329.14
16331.88,71.18,78,0.0,3329.14
16331.88,71.3,78,1.2375,3329.14
16331.88,71.3,78,0.0,3329.14
16331.88,71.89,80,0.0,3329.14
16331.88,69.42,80,0.0,3329.14
16331.88,70.11,77,1.2375,3329.14
16331.88,70.16,77,1.2375,3329.14
16331.88,69.2,76,1.2375,3329.14
16331.88,70.1,79,0.0,3329.14
16331.88,68.67,79,0.0,3329.14
16331.88,68.07,79,1.2375,3329.14
16331.88,68.09,79,0.0,3329.14
16331.88,67.78,79,0.0,3329.14
16331.88,67.6,79,0.0,3329.14
16331.88,67.51,79,1.25,3329.14
16331.88,68.0,79,0.0,3329.14
16331.88,68.19,79,0.0,3329.14
16331.88,69.35,79,1.2375,3329.14
16331.88,68.7,81,0.0,3329.14
16331.88,70.26,81,0.0,3329.14
16331.88,70.36,80,0.0,3329.14
16331.88,70.91,80,1.225,3329.14
16331.88,70.41,78,2.425,3329.14
16331.88,71.3,78,0.0,3329.14
16331.88,70.8,68,0.0,3329.14
16331.88,70.52,68,0.0,3329.14
16331.88,70.02,68,1.2125,3329.14
16331.88,70.02,78,0.0,3329.14
16331.88,69.51,77,0.0,3329.14
16331.88,69.23,77,1.2125,3329.14
16331.88,69.32,81,1.2125,3329.14
16331.88,68.78,81,0.0,3329.14
16331.88,68.53,77,0.0,3329.14
16331.88,69.28,77,1.2125,3329.14
16331.88,68.68,78,0.0,3329.14
16331.88,69.17,78,1.2125,3329.14
16331.88,69.57,80,1.2125,3329.14
16331.88,67.13,80,0.0,3329.14
16331.88,65.92,68,1.2125,3329.14
16331.88,65.67,68,0.0,3329.14
16331.88,65.84,76,0.0,3329.14
16331.88,65.7,76,0.0,3329.14
16331.88,66.09,82,1.2125,3329.14
16331.88,65.84,82,0.0,3329.14
16331.88,65.89,77,0.0,3329.14
16331.88,65.96,79,1.2125,3329.14
16331.88,65.88,79,0.0,3329.14
16331.88,68.32,78,0.0,3329.14
16331.88,69.89,78,1.2125,3329.14
16331.88,70.09,80,0.0,3329.14
16331.88,69.92,80,2.425,3329.14
16331.88,71.25,71,1.2125,3329.14
16331.88,69.94,71,0.0,3329.14
16331.88,70.52,86,1.2125,3329.14
16331.88,70.46,86,0.0,3329.14
16331.88,70.27,82,0.0,3329.14
16331.88,70.3,82,0.0,3329.14
16331.88,70.25,77,1.2125,3329.14
16331.88,70.76,77,0.0,3329.14
16331.88,70.58,79,0.0,3329.14
16331.88,70.69,79,1.2125,3329.14
16331.88,70.73,79,0.0,3329.14
16331.88,71.2,81,0.0,3329.14
16331.88,71.12,81,0.0,3329.14
16331.88,71.05,81,1.2125,3329.14
16331.88,71.05,79,1.2125,3329.14
16331.88,66.57,79,1.2125,3329.14
16331.88,66.47,63,0.0,3329.14
16331.88,66.17,63,0.0,3329.14
16331.88,66.17,77,2.425,3329.14
16331.88,66.2,77,0.0,3329.14
16331.88,66.1,81,0.0,3329.14
16331.88,66.1,81,1.2125,3329.14
16331.88,66.19,81,0.0,3329.14
16331.88,66.0,81,0.0,3329.14
16331.88,66.23,79,0.0,3329.14
16331.88,66.39,79,1.225,3329.14
16331.88,68.99,81,0.0,3329.14
16331.88,70.76,81,0.0,3329.14
16331.88,71.03,79,2.425,3329.14
16331.88,71.04,61,0.0,3329.14
16331.88,73.08,61,0.0,3329.14
16331.88,72.42,80,1.2125,3329.14
16331.88,72.27,80,0.0,3329.14
16331.88,72.31,78,0.0,3329.14
16331.88,72.18,78,1.2125,3329.14
16331.88,71.86,82,0.0,3329.14
16331.88,72.12,82,0.0,3329.14
16331.88,71.75,79,1.2125,3329.14
16331.88,71.52,79,0.0,3329.14
16331.88,71.3,79,0.0,3329.14
16331.88,68.9,79,2.4125,3329.14
16331.88,69.39,78,0.0,3329.14
16331.88,69.17,78,2.4125,3329.14
16331.88,69.49,63,0.0,3329.14
16331.88,68.24,63,0.0,3329.14
16331.88,67.91,80,1.2,3329.14
16331.88,68.15,80,0.0,3329.14
16331.88,67.78,79,0.0,3329.14
16331.88,68.06,79,1.225,3329.14
16331.88,68.29,77,0.0,3329.14
16331.88,68.61,77,0.0,3329.14
16331.88,68.94,79,1.2125,3329.14
16331.88,69.19,76,0.0,3329.14
16331.88,68.9,76,0.0,3329.14
16331.88,69.91,81,1.2125,3329.14
16331.88,70.43,81,0.0,3329.14
16331.88,69.29,77,2.4,3329.14
16331.88,68.83,77,0.0,3329.14
16331.88,68.47,77,0.0,3329.14
16331.88,68.36,69,1.2125,3329.14
16331.88,68.25,79,0.0,3329.14
16331.88,68.48,79,0.0,3329.14
16331.88,67.87,78,1.2125,3329.14
16331.88,67.85,78,0.0,3329.14
16331.88,67.78,80,1.2125,3329.14
16331.88,67.9,80,1.2125,3329.14
16331.88,67.47,80,0.0,3329.14
16331.88,67.47,81,0.0,3329.14
16331.88,68.69,81,0.0,3329.14
16331.88,69.7,81,1.2125,3329.14
16331.88,69.99,80,1.2125,3329.14
16331.88,71.91,80,1.2,3329.14
16331.88,70.98,67,0.0,3329.14
16331.88,70.98,67,0.0,3329.14
16331.88,70.75,78,0.0,3329.14
16331.88,70.32,78,1.2,3329.14
16331.88,69.98,75,0.0,3329.14
16331.88,70.19,75,0.0,3329.14
16331.88,70.1,80,2.425,3329.14
16331.88,69.86,80,0.0,3329.14
16331.88,69.44,77,0.0,3329.14
16331.88,69.28,77,0.0,3329.14
16331.88,67.81,78,1.2125,3329.14
16331.88,68.66,78,0.0,3329.14
16331.88,69.01,81,2.4375,3329.14
16331.88,66.44,81,0.0,3329.14
16331.88,65.35,64,1.2125,3329.14
16331.88,65.12,64,0.0,3329.14
16331.88,64.52,74,0.0,3329.14
16331.88,64.2,78,0.0,3329.14
16331.88,64.51,78,1.2125,3329.14
16331.88,64.71,79,0.0,3329.14
16331.88,64.39,79,0.0,3329.14
16331.88,64.5,79,1.2125,3329.14
16331.88,64.69,79,0.0,3329.14
16331.88,67.64,80,0.0,3329.14
16331.88,69.34,80,0.0,3329.14
16331.88,69.84,83,1.2125,3329.14
16331.88,70.27,83,1.2125,3329.14
16331.88,72.08,74,0.0,3329.14
16331.88,70.25,74,1.2125,3329.14
16331.88,70.8,87,0.0,3329.14
16331.88,70.48,87,0.0,3329.14
16331.88,70.58,81,1.2375,3329.14
16331.88,70.71,81,0.0,3329.14
16331.88,70.8,80,0.0,3329.14
16331.88,70.8,80,0.0,3329.14
16331.88,70.8,80,1.2375,3329.14
16331.88,71.06,81,0.0,3329.14
16331.88,71.18,81,0.0,3329.14
16331.88,69.83,81,1.2375,3329.14
16331.88,71.18,80,0.0,3329.14
16331.88,71.25,80,0.0,3329.14
16331.88,71.56,81,1.2375,3329.14
16331.88,69.13,81,1.2375,3329.14
16331.88,67.35,73,0.0,3329.14
16331.88,67.04,73,0.0,3329.14
16331.88,66.34,79,1.2375,3329.14
16331.88,66.0,79,0.0,3329.14
16331.88,66.03,81,0.0,3329.14
16331.88,66.02,81,0.0,3329.14
16331.88,65.89,81,1.2375,3329.14
16331.88,66.12,81,0.0,3329.14
16331.88,65.93,78,0.0,3329.14
16331.88,65.93,78,0.0,3329.14
16331.88,65.76,78,1.2375,3329.14
16331.88,69.56,77,0.0,3329.14
16331.88,69.99,80,0.0,3329.14
16331.88,70.86,80,2.4875,3329.14
16331.88,73.09,63,0.0,3329.14
16331.88,72.46,63,0.0,3329.14
16331.88,72.24,79,1.2375,3329.14
16331.88,71.99,79,0.0,3329.14
16331.88,71.92,79,0.0,3329.14
16331.88,71.93,79,1.2375,3329.14
16331.88,71.99,81,0.0,3329.14
16331.88,72.15,81,0.0,3329.14
16331.88,71.91,80,1.2375,3329.14
16331.88,71.52,80,0.0,3329.14
16331.88,71.2,79,1.2375,3329.14
16331.88,69.05,79,0.0,3329.14
16331.88,69.84,81,0.0,3329.14
16331.88,69.92,69,2.4875,3329.14
16331.88,72.33,69,0.0,3329.14
16331.88,71.71,69,1.2375,3329.14
16331.88,71.45,79,0.0,3329.14
16331.88,71.04,80,0.0,3329.14
16331.88,71.04,80,0.0,3329.14
16331.88,71.33,80,0.0,3329.14
16331.88,71.1,78,1.2375,3329.14
16331.88,70.79,78,0.0,3329.14
16331.88,70.89,78,0.0,3329.14
16331.88,70.62,78,1.225,3329.14
16331.88,70.91,79,0.0,3329.14
16331.88,68.67,79,0.0,3329.14
16331.88,69.23,81,1.2125,3329.14
16331.88,69.74,81,1.2125,3329.14
16331.88,67.5,67,1.2125,3329.14
16331.88,66.11,67,0.0,3329.14
16331.88,65.85,81,0.0,3329.14
16331.88,66.15,81,0.0,3329.14
16331.88,66.33,79,1.2125,3329.14
16331.88,65.89,79,0.0,3329.14
16331.88,65.57,79,1.2125,3329.14
16331.88,65.56,81,1.2125,3329.14
16331.88,65.64,81,0.0,3329.14
16331.88,65.45,81,0.0,3329.14
16331.88,67.58,81,0.0,3329.14
16331.88,68.95,80,0.0,3329.14
16331.88,69.68,80,1.2125,3329.14
16331.88,67.93,74,1.2125,3329.14
16331.88,66.58,74,0.0,3329.14
16331.88,66.6,74,1.2125,3329.14
16331.88,66.84,75,0.0,3329.14
16331.88,66.75,82,0.0,3329.14
16331.88,66.64,82,1.2125,3329.14
16331.88,66.64,82,1.2125,3329.14
16331.88,66.91,81,0.0,3329.14
16331.88,67.07,81,0.0,3329.14
16331.88,67.13,81,1.225,3329.14
16331.88,67.13,81,0.0,3329.14
16331.88,68.69,81,0.0,3329.14
16331.88,69.92,81,0.0,3329.14
16331.88,69.88,81,2.4375,3329.14
16331.88,67.92,74,0.0,3329.14
16331.88,67.01,74,1.2125,3329.14
16331.88,66.84,72,0.0,3329.14
16331.88,66.6,72,1.2,3329.14
16331.88,66.42,81,0.0,3329.14
16331.88,66.53,81,0.0,3329.14
16331.88,66.41,79,1.1875,3329.14
16331.88,66.48,79,0.0,3329.14
16331.88,66.67,81,0.0,3329.14
16331.88,66.64,81,1.2125,3329.14
16331.88,66.36,78,0.0,3329.14
16331.88,68.56,78,0.0,3329.14
16331.88,69.99,78,0.0,3329.14
16331.88,70.02,79,2.45,3329.14
16331.88,72.37,79,0.0,3329.14
16331.88,71.67,68,1.2125,3329.14
16331.88,71.42,68,0.0,3329.14
16331.88,70.77,77,0.0,3329.14
16331.88,70.42,77,1.2125,3329.14
16331.88,70.62,77,0.0,3329.14
16331.88,71.08,77,0.0,3329.14
16331.88,70.84,81,0.0,3329.14
16331.88,70.62,81,1.2125,3329.14
16331.88,70.62,81,0.0,3329.14
16331.88,70.82,81,0.0,3329.14
16331.88,70.9,81,2.35,3329.14
16331.88,68.65,81,0.0,3329.14
16331.88,70.02,81,2.425,3329.14
16331.88,69.77,81,0.0,3329.14
16331.88,68.98,62,1.2125,3329.14
16331.88,69.03,62,0.0,3329.14
16331.88,68.68,82,0.0,3329.14
16331.88,68.55,82,0.0,3329.14
16331.88,68.6,79,1.2125,3329.14
16331.88,68.47,79,0.0,3329.14
16331.88,68.39,79,0.0,3329.14
16331.88,68.26,79,1.2125,3329.14
16331.88,68.44,79,0.0,3329.14
16331.88,68.09,79,0.0,3329.14
16331.88,68.97,80,1.2125,3329.14
16331.88,69.99,80,0.0,3329.14
16331.88,68.48,79,1.2125,3329.14
16331.88,68.48,70,1.2125,3329.14
16331.88,67.19,70,0.0,3329.14
16331.88,66.61,81,0.0,3329.14
16331.88,66.39,81,1.2125,3329.14
16331.88,66.65,79,0.0,3329.14
16331.88,66.5,79,0.0,3329.14
16331.88,66.47,82,0.0,3329.14
16331.88,66.14,82,1.2125,3329.14
16331.88,65.93,82,0.0,3329.14
16331.88,65.93,81,0.0,3329.14
16331.88,65.86,81,0.0,3329.14
16331.88,67.91,79,1.2,3329.14
16331.88,69.63,79,1.2125,3329.14
16331.88,69.98,79,2.4125,3329.14
16331.88,70.78,79,0.0,3329.14
16331.88,70.78,72,0.0,3329.14
16331.88,69.57,72,1.2125,3329.14
16331.88,69.62,85,0.0,3329.14
16331.88,69.62,80,0.0,3329.14
16331.88,70.31,80,0.0,3329.14
16331.88,70.31,81,1.225,3329.14
16331.88,70.23,81,0.0,3329.14
16331.88,69.99,81,0.0,3329.14
16331.88,70.04,81,0.0,3329.14
16331.88,70.41,81,1.2125,3329.14
16331.88,69.55,81,0.0,3329.14
16331.88,71.05,83,1.2125,3329.14
16331.88,71.16,83,0.0,3329.14
16331.88,71.32,81,2.425,3329.14
16331.88,73.61,70,0.0,3329.14
16331.88,72.49,70,0.0,3329.14
16331.88,72.23,80,1.2,3329.14
16331.88,71.82,80,0.0,3329.14
16331.88,71.82,80,1.2125,3329.14
16331.88,72.03,80,0.0,3329.14
16331.88,71.63,80,0.0,3329.14
16331.88,71.74,80,1.2125,3329.14
16331.88,70.93,80,0.0,3329.14
16331.88,71.17,80,0.0,3329.14
16331.88,71.12,80,1.2125,3329.14
16331.88,68.89,80,0.0,3329.14
16331.88,69.49,80,0.0,3329.14
16331.88,69.56,77,2.425,3329.14
16331.88,66.91,70,0.0,3329.14
16331.88,66.12,70,1.2125,3329.14
16331.88,66.22,80,0.0,3329.14
16331.88,66.13,80,0.0,3329.14
16331.88,66.55,82,0.0,3329.14
16331.88,66.16,82,1.2125,3329.14
16331.88,66.01,82,0.0,3329.14
16331.88,66.08,82,0.0,3329.14
16331.88,66.67,82,0.0,3329.14
16331.88,66.74,82,2.4125,3329.14
16331.88,69.39,81,0.0,3329.14
16331.88,70.59,81,0.0,3329.14
16331.88,70.46,79,2.425,3329.14
16331.88,67.43,79,0.0,3329.14
16331.88,66.13,70,1.2125,3329.14
16331.88,66.02,70,0.0,3329.14
16331.88,66.38,80,0.0,3329.14
16331.88,66.35,80,0.0,3329.14
16331.88,65.91,82,1.2125,3329.14
16331.88,65.91,82,0.0,3329.14
16331.88,65.46,79,0.0,3329.14
16331.88,65.59,79,1.2125,3329.14
16331.88,65.75,79,0.0,3329.14
16331.88,66.2,79,0.0,3329.14
16331.88,69.0,81,1.2125,3329.14
16331.88,70.23,81,1.2125,3329.14
16331.88,70.61,82,2.425,3329.14
16331.88,68.84,82,0.0,3329.14
16331.88,68.01,61,0.0,3329.14
16331.88,67.63,61,0.0,3329.14
16331.88,67.59,80,1.2125,3329.14
16331.88,67.87,80,0.0,3329.14
16331.88,67.75,79,0.0,3329.14
16331.88,67.43,79,0.0,3329.14
16331.88,67.61,79,1.2125,3329.14
16331.88,67.57,82,0.0,3329.14
16331.88,67.24,82,0.0,3329.14
16331.88,69.02,81,1.2125,3329.14
16331.88,70.12,81,0.0,3329.14
16331.88,70.23,82,0.0,3329.14
16331.88,69.9,82,2.425,3329.14
16331.88,72.2,62,1.2125,3329.14
16331.88,70.14,62,0.0,3329.14
16331.88,70.14,85,0.0,3329.14
16331.88,70.02,85,0.0,3329.14
16331.88,70.08,79,1.2125,3329.14
16331.88,70.18,79,0.0,3329.14
16331.88,70.43,79,1.2125,3329.14
16331.88,70.44,79,1.2125,3329.14
16331.88,70.2,79,0.0,3329.14
16331.88,70.2,81,0.0,3329.14
16331.88,71.03,79,1.2125,3329.14
16331.88,68.86,79,0.0,3329.14
16331.88,70.5,78,0.0,3329.14
16331.88,70.95,78,1.2125,3329.14
16331.88,70.77,79,1.2,3329.14
16331.88,70.97,79,1.2,3329.14
16331.88,70.2,71,0.0,3329.14
16331.88,69.52,71,0.0,3329.14
16331.88,69.32,78,1.2125,3329.14
16331.88,69.12,78,0.0,3329.14
16331.88,69.23,80,0.0,3329.14
16331.88,69.14,80,1.2125,3329.14
16331.88,69.12,80,0.0,3329.14
16331.88,69.51,81,0.0,3329.14
16331.88,69.64,81,1.2125,3329.14
16331.88,69.14,82,0.0,3329.14
16331.88,70.02,82,0.0,3329.14
16331.88,70.56,82,0.0,3329.14
16331.88,70.45,82,3.6375,3329.14
16331.88,72.97,82,0.0,3329.14
16331.88,72.31,69,0.0,3329.14
16331.88,72.24,83,1.2125,3329.14
16331.88,72.16,83,0.0,3329.14
16331.88,72.12,82,0.0,3329.14
16331.88,72.02,82,1.2125,3329.14
16331.88,72.18,82,0.0,3329.14
16331.88,72.05,82,0.0,3329.14
16331.88,71.75,78,0.0,3329.14
16331.88,71.34,78,1.2125,3329.14
16331.88,71.34,77,0.0,3329.14
16331.88,69.03,77,0.0,3329.14
16331.88,69.7,78,1.2125,3329.14
16331.88,68.8,78,1.2125,3329.14
16331.88,68.8,62,1.2125,3329.14
16331.88,67.78,62,0.0,3329.14
16331.88,67.24,84,0.0,3329.14
16331.88,67.63,80,1.2125,3329.14
16331.88,67.53,80,1.2125,3329.14
16331.88,67.53,80,0.0,3329.14
16331.88,67.98,79,0.0,3329.14
16331.88,67.8,79,1.225,3329.14
16331.88,67.8,75,0.0,3329.14
16331.88,67.58,75,0.0,3329.14
16331.88,67.87,81,0.0,3329.14
16331.88,68.68,81,1.1875,3329.14
16331.88,70.06,79,0.0,3329.14
16331.88,70.11,79,2.425,3329.14
16331.88,68.51,75,0.0,3329.14
16331.88,67.87,75,0.0,3329.14
16331.88,67.7,68,1.225,3329.14
16331.88,66.93,68,0.0,3329.14
16331.88,67.19,78,0.0,3329.14
16331.88,66.93,78,0.0,3329.14
16331.88,66.8,81,0.0,3329.14
16331.88,66.91,81,1.2,3329.14
16331.88,66.79,81,0.0,3329.14
16331.88,66.67,81,1.2125,3329.14
16331.88,66.53,79,0.0,3329.14
16331.88,68.22,79,0.0,3329.14
16331.88,69.09,77,1.1875,3329.14
16331.88,69.87,79,1.2125,3329.14
16331.88,71.83,79,0.0,3329.14
16331.88,71.3,69,1.2125,3329.14
16331.88,71.3,69,0.0,3329.14
16331.88,71.36,81,1.2,3329.14
16331.88,71.42,81,0.0,3329.14
16331.88,71.17,79,0.0,3329.14
16331.88,71.15,79,1.2125,3329.14
16331.88,71.67,80,1.2125,3329.14
16331.88,71.59,80,0.0,3329.14
16331.88,71.43,80,0.0,3329.14
16331.88,71.31,80,1.2125,3329.14
16331.88,69.3,79,0.0,3329.14
16331.88,69.94,79,0.0,3329.14
16331.88,70.09,79,2.4375,3329.14
16331.88,70.98,79,0.0,3329.14
16331.88,70.03,69,0.0,3329.14
16331.88,70.25,69,1.225,3329.14
16331.88,70.35,78,0.0,3329.14
16331.88,70.27,78,0.0,3329.14
16331.88,70.14,81,1.2125,3329.14
16331.88,70.38,81,0.0,3329.14
16331.88,70.55,81,0.0,3329.14
16331.88,70.67,81,1.2125,3329.14
16331.88,70.51,80,0.0,3329.14
16331.88,69.29,79,0.0,3329.14
16331.88,70.64,79,0.0,3329.14
16331.88,70.28,78,0.0,3329.14
16331.88,70.04,78,2.4875,3329.14
16331.88,69.17,64,0.0,3329.14
16331.88,68.83,64,0.0,3329.14
16331.88,68.86,81,0.0,3329.14
16331.88,68.64,81,1.2375,3329.14
16331.88,68.91,80,0.0,3329.14
16331.88,68.72,80,0.0,3329.14
16331.88,68.63,81,0.0,3329.14
16331.88,68.81,81,1.2375,3329.14
16331.88,68.76,82,0.0,3329.14
16331.88,69.24,82,0.0,3329.14
16331.88,69.24,82,0.0,3329.14
16331.88,69.53,82,0.0,3329.14
16331.88,70.29,82,1.25,3329.14
16331.88,70.68,80,1.2375,3329.14
16331.88,70.59,80,0.0,3329.14
16331.88,69.57,70,1.2375,3329.14
16331.88,69.57,70,0.0,3329.14
16331.88,69.56,80,0.0,3329.14
16331.88,69.43,80,0.0,3329.14
16331.88,69.3,77,1.25,3329.14
16331.88,69.05,77,0.0,3329.14
16331.88,68.76,81,0.0,3329.14
16331.88,68.68,80,1.25,3329.14
16331.88,68.63,80,0.0,3329.14
16331.88,68.84,80,0.0,3329.14
16331.88,69.38,80,0.0,3329.14
16331.88,69.8,81,1.25,3329.14
16331.88,69.95,81,2.4875,3329.14
16331.88,72.09,73,0.0,3329.14
16331.88,70.97,73,1.25,3329.14
16331.88,70.93,86,0.0,3329.14
16331.88,70.7,86,0.0,3329.14
16331.88,70.36,81,0.0,3329.14
16331.88,70.21,81,1.25,3329.14
16331.88,70.55,82,0.0,3329.14
16331.88,70.47,82,0.0,3329.14
16331.88,70.96,82,0.0,3329.14
16331.88,70.89,82,0.0,3329.14
16331.88,70.63,80,1.25,3329.14
16331.88,68.71,80,0.0,3329.14
16331.88,68.71,80,0.0,3329.14
16331.88,70.03,81,0.0,3329.14
16331.88,70.23,82,2.4875,3329.14
16331.88,69.92,82,0.0,3329.14
16331.88,69.74,82,1.2375,3329.14
16331.88,69.74,67,0.0,3329.14
16331.88,69.28,67,0.0,3329.14
16331.88,69.53,80,1.225,3329.14
16331.88,69.05,81,0.0,3329.14
16331.88,69.09,81,0.0,3329.14
16331.88,69.11,82,0.0,3329.14
16331.88,69.27,82,1.225,3329.14
16331.88,69.42,82,0.0,3329.14
16331.88,69.36,82,0.0,3329.14
16331.88,70.14,81,1.2125,3329.14
16331.88,70.4,81,0.0,3329.14
16331.88,70.62,81,3.6375,3329.14
16331.88,71.84,81,0.0,3329.14
16331.88,71.6,64,1.2125,3329.14
16331.88,71.77,64,0.0,3329.14
16331.88,71.93,83,0.0,3329.14
16331.88,71.71,83,0.0,3329.14
16331.88,71.35,81,1.1875,3329.14
16331.88,71.19,81,0.0,3329.14
16331.88,71.09,80,0.0,3329.14
16331.88,70.74,80,1.2125,3329.14
16331.88,70.75,80,0.0,3329.14
16331.88,70.91,80,0.0,3329.14
16331.88,69.51,81,1.2125,3329.14
16331.88,69.67,81,1.2,3329.14
16331.88,69.86,80,0.0,3329.14
16331.88,71.85,70,1.2125,3329.14
16331.88,70.66,70,0.0,3329.14
16331.88,70.73,70,0.0,3329.14
16331.88,70.8,78,0.0,3329.14
16331.88,71.49,81,1.2125,3329.14
16331.88,71.42,81,0.0,3329.14
16331.88,71.27,78,0.0,3329.14
16331.88,71.58,78,1.2125,3329.14
16331.88,71.55,77,0.0,3329.14
16331.88,71.45,77,0.0,3329.14
16331.88,69.41,79,1.2125,3329.14
16331.88,71.03,79,0.0,3329.14
16331.88,71.0,80,0.0,3329.14
16331.88,71.01,80,3.65,3329.14
16331.88,72.4,68,0.0,3329.14
16331.88,72.38,68,0.0,3329.14
16331.88,72.14,91,1.225,3329.14
16331.88,71.93,91,0.0,3329.14
16331.88,71.35,82,0.0,3329.14
16331.88,71.39,82,0.0,3329.14
16331.88,70.9,81,1.225,3329.14
16331.88,70.91,81,0.0,3329.14
16331.88,70.49,78,0.0,3329.14
16331.88,70.63,78,0.0,3329.14
16331.88,70.79,80,1.2125,3329.14
16331.88,69.57,80,0.0,3329.14
16331.88,69.97,80,0.0,3329.14
16331.88,70.12,84,1.2125,3329.14
16331.88,70.19,84,1.1625,3329.14
16331.88,72.53,70,1.2125,3329.14
16331.88,72.65,70,0.0,3329.14
16331.88,72.51,81,0.0,3329.14
16331.88,72.69,81,1.2125,3329.14
16331.88,72.35,81,0.0,3329.14
16331.88,72.52,81,0.0,3329.14
16331.88,72.42,81,1.2125,3329.14
16331.88,71.9,81,0.0,3329.14
16331.88,71.85,80,0.0,3329.14
16331.88,71.92,80,1.2125,3329.14
16331.88,71.52,76,0.0,3329.14
16331.88,69.38,76,0.0,3329.14
16331.88,69.77,81,0.0,3329.14
16331.88,69.68,81,2.4375,3329.14
16331.88,71.98,71,0.0,3329.14
16331.88,71.44,71,1.25,3329.14
16331.88,71.39,79,1.175,3329.14
16331.88,71.44,79,0.0,3329.14
16331.88,71.58,79,0.0,3329.14
16331.88,71.54,83,0.0,3329.14
16331.88,71.61,80,1.2125,3329.14
16331.88,72.35,79,0.0,3329.14
16331.88,72.02,79,0.0,3329.14
16331.88,72.45,80,1.1875,3329.14
16331.88,70.28,80,0.0,3329.14
16331.88,70.99,83,0.0,3329.14
16331.88,70.78,83,1.2125,3329.14
16331.88,73.16,83,1.2125,3329.14
16331.88,72.36,70,1.2125,3329.14
16331.88,72.46,83,0.0,3329.14
16331.88,72.39,83,0.0,3329.14
16331.88,72.39,83,0.0,3329.14
16331.88,72.2,80,0.0,3329.14
16331.88,72.21,80,1.2125,3329.14
16331.88,72.24,77,0.0,3329.14
16331.88,71.98,77,0.0,3329.14
16331.88,71.82,81,0.0,3329.14
16331.88,71.92,81,1.225,3329.14
16331.88,72.06,82,0.0,3329.14
16331.88,69.32,82,0.0,3329.14
16331.88,70.31,79,2.375,3329.14
16331.88,70.04,79,1.1875,3329.14
16331.88,69.56,68,0.0,3329.14
16331.88,69.28,68,1.225,3329.14
16331.88,68.38,89,0.0,3329.14
16331.88,68.38,89,0.0,3329.14
16331.88,68.39,82,0.0,3329.14
16331.88,68.57,82,0.0,3329.14
16331.88,69.0,83,1.2125,3329.14
16331.88,69.0,82,0.0,3329.14
16331.88,69.06,82,1.1875,3329.14
16331.88,69.24,82,0.0,3329.14
16331.88,69.85,82,0.0,3329.14
16331.88,70.39,82,0.0,3329.14
16331.88,71.16,82,1.2125,3329.14
16331.88,71.52,83,1.2,3329.14
16331.88,70.5,83,1.1875,3329.14
16331.88,69.08,70,0.0,3329.14
16331.88,68.5,70,0.0,3329.14
16331.88,68.22,82,1.2125,3329.14
16331.88,68.6,82,0.0,3329.14
16331.88,68.82,82,0.0,3329.14
16331.88,68.89,82,0.0,3329.14
16331.88,68.84,83,1.2125,3329.14
16331.88,68.62,83,0.0,3329.14
16331.88,68.5,82,1.2125,3329.14
16331.88,68.45,82,1.2125,3329.14
16331.88,69.27,81,0.0,3329.14
16331.88,70.58,81,0.0,3329.14
16331.88,70.95,79,2.4125,3329.14
16331.88,68.79,74,0.0,3329.14
16331.88,66.9,74,0.0,3329.14
16331.88,66.81,74,0.0,3329.14
16331.88,66.23,82,1.2125,3329.14
16331.88,65.97,79,0.0,3329.14
16331.88,65.95,79,0.0,3329.14
16331.88,65.94,82,0.0,3329.14
16331.88,66.3,82,0.0,3329.14
16331.88,66.46,82,1.2125,3329.14
16331.88,66.15,82,0.0,3329.14
16331.88,68.35,81,0.0,3329.14
16331.88,70.17,81,1.2125,3329.14
16331.88,70.13,83,1.2125,3329.14
16331.88,67.44,83,2.3875,3329.14
16331.88,66.33,67,0.0,3329.14
16331.88,66.26,67,0.0,3329.14
16331.88,66.34,81,1.2125,3329.14
16331.88,66.33,81,0.0,3329.14
16331.88,66.06,81,0.0,3329.14
16331.88,65.97,81,0.0,3329.14
16331.88,66.3,81,0.0,3329.14
16331.88,66.09,81,1.175,3329.14
16331.88,65.93,82,0.0,3329.14
16331.88,66.14,82,1.225,3329.14
16331.88,70.02,83,0.0,3329.14
16331.88,70.27,79,0.0,3329.14
16331.88,68.39,79,2.425,3329.14
16331.88,69.0,74,0.0,3329.14
16331.88,67.98,74,1.2125,3329.14
16331.88,67.92,85,0.0,3329.14
16331.88,68.26,85,0.0,3329.14
16331.88,68.55,81,1.2125,3329.14
16331.88,68.86,81,0.0,3329.14
16331.88,68.24,83,0.0,3329.14
16331.88,67.92,83,1.2125,3329.14
16331.88,68.54,83,0.0,3329.14
16331.88,68.26,82,1.225,3329.14
16331.88,70.16,82,0.0,3329.14
16331.88,70.16,80,1.2125,3329.14
16331.88,69.65,80,0.0,3329.14
16331.88,70.88,84,0.0,3329.14
16331.88,71.17,84,1.2,3329.14
16331.88,73.53,83,1.225,3329.14
16331.88,73.53,73,0.0,3329.14
16331.88,72.45,73,0.0,3329.14
16331.88,72.89,73,0.0,3329.14
16331.88,73.1,82,1.2125,3329.14
16331.88,73.1,82,0.0,3329.14
16331.88,73.33,82,0.0,3329.14
16331.88,72.92,78,1.225,3329.14
16331.88,73.11,78,0.0,3329.14
16331.88,73.0,81,0.0,3329.14
16331.88,72.97,81,0.0,3329.14
16331.88,70.22,83,1.225,3329.14
16331.88,70.89,83,0.0,3329.14
16331.88,70.59,80,1.225,3329.14
16331.88,72.71,80,1.2125,3329.14
16331.88,71.12,77,0.0,3329.14
16331.88,71.14,77,0.0,3329.14
16331.88,71.4,81,0.0,3329.14
16331.88,71.8,81,1.225,3329.14
16331.88,71.44,83,0.0,3329.14
16331.88,71.39,83,0.0,3329.14
16331.88,71.17,82,0.0,3329.14
16331.88,71.28,82,1.2125,3329.14
16331.88,71.38,82,0.0,3329.14
16331.88,71.76,82,1.2125,3329.14
16331.88,69.41,82,0.0,3329.14
16331.88,71.05,82,1.2125,3329.14
16331.88,70.83,82,0.0,3329.14
16331.88,72.78,71,1.2125,3329.14
16331.88,72.23,71,1.2125,3329.14
16331.88,72.23,82,0.0,3329.14
16331.88,71.69,82,0.0,3329.14
16331.88,71.87,81,0.0,3329.14
16331.88,71.53,81,0.0,3329.14
16331.88,71.58,79,1.2125,3329.14
16331.88,71.32,79,0.0,3329.14
16331.88,71.31,80,0.0,3329.14
16331.88,71.4,80,1.2125,3329.14
16331.88,70.97,81,0.0,3329.14
16331.88,69.15,81,0.0,3329.14
16331.88,69.87,81,1.2125,3329.14
16331.88,70.23,81,1.2125,3329.14
16331.88,72.57,81,0.0,3329.14
16331.88,71.2,71,1.2125,3329.14
16331.88,71.43,83,0.0,3329.14
16331.88,71.07,83,0.0,3329.14
16331.88,71.27,83,1.2125,3329.14
16331.88,71.28,82,0.0,3329.14
16331.88,71.28,82,0.0,3329.14
16331.88,71.89,82,1.2125,3329.14
16331.88,71.79,80,0.0,3329.14
16331.88,71.67,80,0.0,3329.14
16331.88,71.69,83,1.2125,3329.14
16331.88,69.48,83,0.0,3329.14
16331.88,70.51,81,0.0,3329.14
16331.88,70.46,81,3.6625,3329.14
16331.88,70.39,64,0.0,3329.14
16331.88,69.28,64,0.0,3329.14
16331.88,68.63,89,1.2125,3329.14
16331.88,68.67,89,0.0,3329.14
16331.88,68.84,82,0.0,3329.14
16331.88,68.94,82,0.0,3329.14
16331.88,68.91,82,1.2125,3329.14
16331.88,68.98,82,0.0,3329.14
16331.88,69.49,82,0.0,3329.14
16331.88,69.63,82,0.0,3329.14
16331.88,69.56,81,1.2125,3329.14
16331.88,69.43,81,0.0,3329.14
16331.88,70.3,80,1.175,3329.14
16331.88,70.74,82,0.0,3329.14
16331.88,67.92,82,2.4375,3329.14
16331.88,67.92,67,0.0,3329.14
16331.88,66.26,67,0.0,3329.14
16331.88,65.8,82,1.1875,3329.14
16331.88,65.2,82,0.0,3329.14
16331.88,64.61,81,0.0,3329.14
16331.88,64.84,81,0.0,3329.14
16331.88,65.06,81,0.0,3329.14
16331.88,65.09,81,1.225,3329.14
16331.88,65.28,80,0.0,3329.14
16331.88,65.26,80,0.0,3329.14
16331.88,67.61,82,0.0,3329.14
16331.88,68.76,82,1.2125,3329.14
16331.88,69.17,81,1.2125,3329.14
16331.88,67.08,81,1.2125,3329.14
16331.88,65.57,73,0.0,3329.14
16331.88,66.23,73,0.0,3329.14
16331.88,66.06,81,0.0,3329.14
16331.88,66.03,81,1.225,3329.14
16331.88,66.41,81,0.0,3329.14
16331.88,66.18,81,0.0,3329.14
16331.88,66.15,82,1.2125,3329.14
16331.88,66.78,82,1.2125,3329.14
16331.88,66.72,82,0.0,3329.14
16331.88,68.72,82,0.0,3329.14
16331.88,70.16,82,1.2125,3329.14
16331.88,70.02,82,0.0,3329.14
16331.88,67.51,80,2.425,3329.14
16331.88,65.88,80,0.0,3329.14
16331.88,65.4,74,0.0,3329.14
16331.88,65.52,81,0.0,3329.14
16331.88,65.46,81,1.225,3329.14
16331.88,65.52,82,0.0,3329.14
16331.88,65.52,82,0.0,3329.14
16331.88,65.05,82,1.2125,3329.14
16331.88,65.07,82,0.0,3329.14
16331.88,65.1,82,0.0,3329.14
16331.88,65.43,82,0.0,3329.14
16331.88,65.52,82,1.2125,3329.14
16331.88,68.53,83,0.0,3329.14
16331.88,70.08,83,1.2125,3329.14
16331.88,70.73,81,2.425,3329.14
16331.88,70.7,73,0.0,3329.14
16331.88,72.84,73,0.0,3329.14
16331.88,72.25,82,0.0,3329.14
16331.88,72.19,82,1.2125,3329.14
16331.88,72.22,82,0.0,3329.14
16331.88,72.29,82,0.0,3329.14
16331.88,72.26,82,1.2125,3329.14
16331.88,71.93,82,0.0,3329.14
16331.88,72.01,82,0.0,3329.14
16331.88,71.78,82,0.0,3329.14
16331.88,72.0,81,1.2125,3329.14
16331.88,69.96,81,0.0,3329.14
16331.88,70.61,80,1.1875,3329.14
16331.88,70.48,80,0.0,3329.14
16331.88,72.66,67,1.2375,3329.14
16331.88,72.26,67,1.2375,3329.14
16331.88,71.88,81,0.0,3329.14
16331.88,72.01,81,0.0,3329.14
16331.88,71.87,81,1.225,3329.14
16331.88,72.09,81,0.0,3329.14
16331.88,71.88,83,0.0,3329.14
16331.88,71.6,82,0.0,3329.14
16331.88,71.37,82,1.2125,3329.14
16331.88,71.55,81,0.0,3329.14
16331.88,69.57,81,0.0,3329.14
16331.88,70.14,81,0.0,3329.14
16331.88,70.09,81,1.2375,3329.14
16331.88,71.16,81,1.2375,3329.14
16331.88,70.81,69,0.0,3329.14
16331.88,70.81,69,0.0,3329.14
16331.88,70.6,83,0.0,3329.14
16331.88,70.48,83,1.2375,3329.14
16331.88,70.69,82,0.0,3329.14
16331.88,70.64,82,0.0,3329.14
16331.88,70.9,79,0.0,3329.14
16331.88,71.02,79,1.25,3329.14
16331.88,71.0,83,0.0,3329.14
16331.88,70.86,83,0.0,3329.14
16331.88,71.02,82,1.25,3329.14
16331.88,70.55,82,0.0,3329.14
16331.88,70.22,82,2.4875,3329.14
16331.88,71.45,63,0.0,3329.14
16331.88,71.04,63,0.0,3329.14
16331.88,71.3,82,0.0,3329.14
16331.88,70.74,82,1.25,3329.14
16331.88,70.7,80,0.0,3329.14
16331.88,70.95,80,0.0,3329.14
16331.88,71.04,82,0.0,3329.14
16331.88,71.13,82,1.25,3329.14
16331.88,70.9,82,1.25,3329.14
16331.88,70.9,82,0.0,3329.14
16331.88,70.74,82,0.0,3329.14
16331.88,71.36,80,1.25,3329.14
16331.88,69.86,80,0.0,3329.14
16331.88,70.05,79,2.4875,3329.14
16331.88,70.09,79,0.0,3329.14
16331.88,71.84,69,0.0,3329.14
16331.88,71.28,69,1.25,3329.14
16331.88,71.06,81,0.0,3329.14
16331.88,71.03,81,0.0,3329.14
16331.88,70.89,82,0.0,3329.14
16331.88,71.13,81,1.25,3329.14
16331.88,70.96,81,0.0,3329.14
16331.88,71.26,83,0.0,3329.14
16331.88,71.33,83,0.0,3329.14
16331.88,71.16,81,1.25,3329.14
16331.88,69.85,81,0.0,3329.14
16331.88,69.99,80,0.0,3329.14
16331.88,70.23,80,2.4875,3329.14
16331.88,69.25,80,0.0,3329.14
16331.88,69.19,72,0.0,3329.14
16331.88,68.89,72,1.2125,3329.14
16331.88,68.89,83,0.0,3329.14
16331.88,68.46,83,0.0,3329.14
16331.88,68.49,82,1.2125,3329.14
16331.88,68.57,82,0.0,3329.14
16331.88,68.47,81,0.0,3329.14
16331.88,68.38,81,1.2125,3329.14
16331.88,69.11,81,0.0,3329.14
16331.88,68.84,82,0.0,3329.14
16331.88,69.96,82,1.2125,3329.14
16331.88,70.32,79,1.175,3329.14
16331.88,69.93,79,1.1625,3329.14
16331.88,69.5,66,0.0,3329.14
16331.88,69.02,66,0.0,3329.14
16331.88,68.78,83,1.225,3329.14
16331.88,68.84,83,0.0,3329.14
16331.88,69.26,82,0.0,3329.14
16331.88,68.7,82,1.2125,3329.14
16331.88,68.55,80,0.0,3329.14
16331.88,68.92,80,0.0,3329.14
16331.88,68.89,82,1.2125,3329.14
16331.88,68.71,82,0.0,3329.14
16331.88,69.19,81,0.0,3329.14
16331.88,69.88,81,0.0,3329.14
16331.88,70.32,81,3.6375,3329.14
16331.88,70.45,67,0.0,3329.14
16331.88,69.89,67,0.0,3329.14
16331.88,69.48,83,1.2125,3329.14
16331.88,69.44,83,0.0,3329.14
16331.88,69.31,82,0.0,3329.14
16331.88,69.18,82,1.2125,3329.14
16331.88,69.29,82,0.0,3329.14
16331.88,69.46,82,0.0,3329.14
16331.88,69.43,80,1.2125,3329.14
16331.88,69.35,80,0.0,3329.14
16331.88,69.51,80,0.0,3329.14
16331.88,70.12,80,1.2125,3329.14
16331.88,70.66,80,0.0,3329.14
16331.88,70.86,80,1.2,3329.14
16331.88,69.79,73,0.0,3329.14
16331.88,69.41,73,1.2,3329.14
16331.88,69.29,80,0.0,3329.14
16331.88,69.14,80,1.2125,3329.14
16331.88,69.36,80,0.0,3329.14
16331.88,69.23,80,1.2125,3329.14
16331.88,69.23,80,0.0,3329.14
16331.88,68.84,80,0.0,3329.14
16331.88,69.14,78,1.225,3329.14
16331.88,69.09,78,0.0,3329.14
16331.88,69.13,83,0.0,3329.14
16331.88,70.31,83,1.2125,3329.14
16331.88,70.33,82,1.2125,3329.14
16331.88,70.56,82,0.0,3329.14
16331.88,69.53,72,1.2125,3329.14
16331.88,68.9,72,0.0,3329.14
16331.88,68.83,83,0.0,3329.14
16331.88,68.86,83,0.0,3329.14
16331.88,68.72,81,1.175,3329.14
16331.88,68.31,81,0.0,3329.14
16331.88,68.03,80,0.0,3329.14
16331.88,67.88,80,1.225,3329.14
16331.88,67.71,79,0.0,3329.14
16331.88,67.82,80,0.0,3329.14
16331.88,69.03,80,0.0,3329.14
16331.88,69.26,82,0.0,3329.14
16331.88,69.24,82,2.4375,3329.14
16331.88,68.7,68,0.0,3329.14
16331.88,68.75,68,2.4375,3329.14
16331.88,68.66,83,0.0,3329.14
16331.88,69.05,83,0.0,3329.14
16331.88,69.11,82,0.0,3329.14
16331.88,69.28,82,0.0,3329.14
16331.88,69.27,82,1.225,3329.14
16331.88,69.11,82,0.0,3329.14
16331.88,69.26,81,0.0,3329.14
16331.88,69.36,81,0.0,3329.14
16331.88,69.47,81,0.0,3329.14
16331.88,70.2,81,0.0,3329.14
16331.88,70.2,81,1.225,3329.14
16331.88,70.92,83,1.225,3329.14
16331.88,67.96,74,0.0,3329.14
16331.88,67.96,74,1.225,3329.14
16331.88,67.59,74,0.0,3329.14
16331.88,67.18,81,0.0,3329.14
16331.88,66.9,76,0.0,3329.14
16331.88,66.8,76,1.25,3329.14
16331.88,66.71,80,0.0,3329.14
16331.88,66.79,80,0.0,3329.14
16331.88,66.25,82,0.0,3329.14
16331.88,66.74,82,1.2375,3329.14
16331.88,68.15,83,0.0,3329.14
16331.88,69.58,83,0.0,3329.14
16331.88,69.9,82,2.4875,3329.14
16331.88,68.93,82,0.0,3329.14
16331.88,69.85,71,0.0,3329.14
16331.88,69.15,71,1.2375,3329.14
16331.88,69.07,85,0.0,3329.14
16331.88,69.58,85,0.0,3329.14
16331.88,69.43,83,0.0,3329.14
16331.88,68.89,81,1.2375,3329.14
16331.88,68.59,81,0.0,3329.14
16331.88,68.59,81,0.0,3329.14
16331.88,68.59,80,0.0,3329.14
16331.88,69.8,80,2.4875,3329.14
16331.88,69.8,83,0.0,3329.14
16331.88,69.01,83,0.0,3329.14
16331.88,70.0,81,0.0,3329.14
16331.88,70.16,81,1.15,3329.14
16331.88,69.86,80,1.225,3329.14
16331.88,69.56,80,0.0,3329.14
16331.88,69.72,74,0.0,3329.14
16331.88,69.81,74,1.2375,3329.14
16331.88,69.84,80,0.0,3329.14
16331.88,69.8,80,0.0,3329.14
16331.88,69.9,79,0.0,3329.14
16331.88,69.89,79,0.0,3329.14
16331.88,70.07,80,1.2375,3329.14
16331.88,70.2,80,0.0,3329.14
16331.88,69.68,84,0.0,3329.14
16331.88,69.96,80,0.0,3329.14
16331.88,69.69,80,1.2375,3329.14
16331.88,69.89,81,1.1875,3329.14
16331.88,71.62,81,1.2125,3329.14
16331.88,71.13,81,0.0,3329.14
16331.88,70.8,70,0.0,3329.14
16331.88,70.8,70,0.0,3329.14
16331.88,70.68,80,1.25,3329.14
16331.88,70.68,80,0.0,3329.14
16331.88,70.61,80,0.0,3329.14
16331.88,70.88,80,1.2375,3329.14
16331.88,71.44,82,0.0,3329.14
16331.88,71.68,82,0.0,3329.14
16331.88,72.03,83,0.0,3329.14
16331.88,71.97,83,0.0,3329.14
16331.88,70.09,80,1.25,3329.14
16331.88,70.87,80,1.2375,3329.14
16331.88,71.12,83,0.0,3329.14
16331.88,72.55,77,1.2375,3329.14
16331.88,71.5,77,0.0,3329.14
16331.88,71.37,82,0.0,3329.14
16331.88,71.18,82,0.0,3329.14
16331.88,70.73,81,1.2375,3329.14
16331.88,70.74,81,0.0,3329.14
16331.88,70.91,82,0.0,3329.14
16331.88,71.1,82,0.0,3329.14
16331.88,71.45,81,1.2375,3329.14
16331.88,71.45,81,0.0,3329.14
16331.88,71.73,81,0.0,3329.14
16331.88,70.25,82,0.0,3329.14
16331.88,71.69,82,0.0,3329.14
16331.88,71.85,83,1.25,3329.14
16331.88,71.91,83,1.2375,3329.14
16331.88,73.8,74,0.0,3329.14
16331.88,73.75,74,0.0,3329.14
16331.88,73.64,83,0.0,3329.14
16331.88,73.36,83,0.0,3329.14
16331.88,73.15,81,1.225,3329.14
16331.88,72.49,82,0.0,3329.14
16331.88,72.25,82,1.225,3329.14
16331.88,72.28,80,0.0,3329.14
16331.88,72.19,80,1.2125,3329.14
16331.88,72.14,83,0.0,3329.14
16331.88,70.11,83,0.0,3329.14
16331.88,70.63,80,1.225,3329.14
16383.88,70.67,80,1.2125,3329.14
16383.88,72.76,74,0.0,3329.14
16383.88,71.4,74,0.0,3329.14
16383.88,71.1,90,0.0,3329.14
16383.88,71.0,90,1.225,3329.14
16383.88,71.1,83,0.0,3329.14
16383.88,70.98,83,0.0,3329.14
16383.88,70.74,82,0.0,3329.14
16383.88,70.79,82,0.0,3329.14
16383.88,70.82,83,1.225,3329.14
16383.88,70.82,83,0.0,3329.14
16383.88,71.04,83,0.0,3329.14
16383.88,71.04,83,0.0,3329.14
16383.88,70.51,84,0.0,3329.14
16383.88,70.61,84,1.225,3329.14
16383.88,70.64,83,1.2125,3329.14
16383.88,69.94,83,1.2125,3329.14
16383.88,68.45,72,0.0,3329.14
16383.88,68.26,72,0.0,3329.14
16383.88,68.11,81,0.0,3329.14
16383.88,68.21,81,0.0,3329.14
16383.88,68.17,82,1.225,3329.14
16383.88,68.19,82,0.0,3329.14
16383.88,68.13,83,0.0,3329.14
16383.88,68.15,83,0.0,3329.14
16383.88,68.35,80,1.2125,3329.14
16383.88,68.3,80,0.0,3329.14
16383.88,68.93,82,1.2125,3329.14
16383.88,70.9,82,0.0,3329.14
16383.88,68.63,82,2.45,3329.14
16383.88,67.11,73,0.0,3329.14
16383.88,66.75,73,0.0,3329.14
16383.88,66.55,82,0.0,3329.14
16383.88,66.48,82,1.225,3329.14
16383.88,66.57,82,0.0,3329.14
16383.88,66.52,82,0.0,3329.14
16383.88,66.57,83,1.2125,3329.14
16383.88,66.84,83,0.0,3329.14
16383.88,67.27,83,0.0,3329.14
16383.88,67.11,83,0.0,3329.14
16383.88,69.46,79,1.2125,3329.14
16383.88,70.9,79,0.0,3329.14
16383.88,71.17,83,2.4375,3329.14
16383.88,71.88,83,0.0,3329.14
16383.88,70.65,71,0.0,3329.14
16383.88,70.69,71,1.225,3329.14
16383.88,70.69,71,0.0,3329.14
16383.88,70.65,81,0.0,3329.14
16383.88,70.33,82,0.0,3329.14
16383.88,69.87,82,0.0,3329.14
16383.88,69.66,82,1.225,3329.14
16383.88,69.66,82,0.0,3329.14
16383.88,69.93,83,0.0,3329.14
16383.88,69.93,83,0.0,3329.14
16383.88,69.17,81,1.225,3329.14
16383.88,70.55,81,0.0,3329.14
16383.88,70.52,81,1.2125,3329.14
16383.88,72.86,81,1.2125,3329.14
16383.88,71.19,77,0.0,3329.14
16383.88,71.42,77,0.0,3329.14
16383.88,71.6,84,0.0,3329.14
16383.88,71.52,84,1.2125,3329.14
16383.88,71.56,81,0.0,3329.14
16383.88,71.46,81,0.0,3329.14
16383.88,71.62,81,0.0,3329.14
16383.88,71.63,82,1.225,3329.14
16383.88,71.23,82,1.2125,3329.14
16383.88,69.04,82,0.0,3329.14
16383.88,70.46,82,0.0,3329.14
16383.88,70.4,80,1.2125,3329.14
16383.88,70.33,80,0.0,3329.14
16383.88,70.32,72,1.2125,3329.14
16383.88,68.47,72,1.2125,3329.14
16383.88,68.23,89,0.0,3329.14
16383.88,68.06,89,0.0,3329.14
16383.88,68.43,83,1.2125,3329.14
16383.88,68.65,83,0.0,3329.14
16383.88,68.92,83,0.0,3329.14
16383.88,68.75,83,1.2125,3329.14
16383.88,69.16,83,0.0,3329.14
16383.88,69.16,83,0.0,3329.14
16383.88,68.89,83,0.0,3329.14
16383.88,68.88,83,0.0,3329.14
16383.88,69.1,83,1.225,3329.14
16383.88,70.88,82,0.0,3329.14
16383.88,70.67,82,1.2125,3329.14
16383.88,72.42,82,1.2125,3329.14
16383.88,71.94,80,0.0,3329.14
16383.88,71.31,80,0.0,3329.14
16383.88,71.55,85,0.0,3329.14
16383.88,71.17,85,1.2125,3329.14
16383.88,71.59,82,0.0,3329.14
16383.88,71.95,82,0.0,3329.14
16383.88,72.17,84,0.0,3329.14
16383.88,72.22,84,1.1875,3329.14
16383.88,71.97,84,0.0,3329.14
16383.88,72.2,84,1.2125,3329.14
16383.88,70.41,81,0.0,3329.14
16383.88,71.06,81,0.0,3329.14
16383.88,71.64,83,1.2125,3329.14
16383.88,71.5,83,1.2125,3329.14
16383.88,71.72,84,0.0,3329.14
16383.88,71.08,69,0.0,3329.14
16383.88,70.33,69,1.225,3329.14
16383.88,70.45,82,0.0,3329.14
16383.88,70.46,82,0.0,3329.14
16383.88,70.44,81,2.425,3329.14
16383.88,70.04,81,0.0,3329.14
16383.88,69.87,81,0.0,3329.14
16383.88,69.64,81,0.0,3329.14
16383.88,69.58,83,1.225,3329.14
16383.88,69.56,83,0.0,3329.14
16383.88,70.0,83,0.0,3329.14
16383.88,70.0,83,0.0,3329.14
16383.88,70.42,83,2.4375,3329.14
16383.88,68.91,77,0.0,3329.14
16383.88,67.27,77,0.0,3329.14
16383.88,67.35,76,1.225,3329.14
16383.88,67.25,76,0.0,3329.14
16383.88,67.3,82,0.0,3329.14
16383.88,67.12,82,0.0,3329.14
16383.88,67.11,81,0.0,3329.14
16383.88,67.28,82,1.225,3329.14
16383.88,67.37,82,0.0,3329.14
16383.88,67.19,83,0.0,3329.14
16383.88,68.59,83,0.0,3329.14
16383.88,70.23,84,1.2125,3329.14
16383.88,70.49,84,1.15,3329.14
16383.88,69.42,80,2.4125,3329.14
16383.88,70.29,80,0.0,3329.14
16383.88,69.86,79,0.0,3329.14
16383.88,70.12,79,0.0,3329.14
16383.88,70.27,81,1.2125,3329.14
16383.88,70.17,81,0.0,3329.14
16383.88,69.93,83,0.0,3329.14
16383.88,70.1,83,0.0,3329.14
16383.88,70.07,83,1.2125,3329.14
16383.88,70.12,83,0.0,3329.14
16383.88,71.29,83,0.0,3329.14
16383.88,70.69,83,1.2125,3329.14
16383.88,71.32,83,0.0,3329.14
16383.88,71.0,82,2.3,3329.14
16383.88,72.44,82,0.0,3329.14
16383.88,71.49,82,0.0,3329.14
16383.88,71.83,68,1.25,3329.14
16383.88,71.74,82,0.0,3329.14
16383.88,71.74,82,0.0,3329.14
16383.88,71.78,82,0.0,3329.14
16383.88,71.36,82,1.2125,3329.14
16383.88,71.31,82,0.0,3329.14
16383.88,71.07,82,1.2125,3329.14
16383.88,71.18,82,0.0,3329.14
16383.88,71.26,82,0.0,3329.14
16383.88,69.73,83,1.2125,3329.14
16383.88,70.51,83,0.0,3329.14
16383.88,70.23,82,2.425,3329.14
16383.88,71.86,82,0.0,3329.14
16383.88,71.13,66,0.0,3329.14
16383.88,71.26,66,1.2125,3329.14
16383.88,71.46,82,0.0,3329.14
16383.88,71.79,82,0.0,3329.14
16383.88,71.51,82,1.2125,3329.14
16383.88,71.36,82,0.0,3329.14
16383.88,71.41,81,0.0,3329.14
16383.88,71.46,81,0.0,3329.14
16383.88,71.45,81,1.2125,3329.14
16383.88,71.41,81,0.0,3329.14
16383.88,69.82,82,0.0,3329.14
16383.88,71.13,82,1.2125,3329.14
16383.88,72.85,82,1.175,3329.14
16383.88,72.3,68,1.2125,3329.14
16383.88,72.33,68,1.2125,3329.14
16383.88,72.2,80,0.0,3329.14
16383.88,72.39,80,1.2125,3329.14
16383.88,71.99,81,0.0,3329.14
16383.88,71.96,81,0.0,3329.14
16383.88,71.96,81,0.0,3329.14
16383.88,72.31,82,0.0,3329.14
16383.88,72.31,82,1.1875,3329.14
16383.88,72.17,83,0.0,3329.14
16383.88,72.12,83,1.175,3329.14
16383.88,70.25,83,0.0,3329.14
16383.88,70.7,83,1.2125,3329.14
16383.88,70.53,81,0.0,3329.14
16383.88,70.93,72,1.2125,3329.14
16383.88,70.47,72,1.225,3329.14
16383.88,70.9,83,0.0,3329.14
16383.88,70.76,83,0.0,3329.14
16383.88,70.51,83,0.0,3329.14
16383.88,70.2,83,1.2125,3329.14
16383.88,70.16,81,0.0,3329.14
16383.88,70.2,81,0.0,3329.14
16383.88,70.26,82,1.2125,3329.14
16383.88,70.6,82,0.0,3329.14
16383.88,70.67,80,0.0,3329.14
16383.88,71.02,80,2.3875,3329.14
16383.88,70.03,79,0.0,3329.14
16383.88,68.73,79,0.0,3329.14
16383.88,68.53,75,1.225,3329.14
16383.88,68.39,75,0.0,3329.14
16383.88,68.1,80,0.0,3329.14
16383.88,67.95,80,0.0,3329.14
16383.88,67.59,81,1.175,3329.14
16383.88,67.42,80,0.0,3329.14
16383.88,67.45,80,0.0,3329.14
16383.88,67.51,81,1.2125,3329.14
16383.88,68.46,81,0.0,3329.14
16383.88,68.46,81,0.0,3329.14
16383.88,69.55,82,1.2375,3329.14
16383.88,69.93,82,2.4875,3329.14
16383.88,70.06,82,0.0,3329.14
16383.88,69.3,82,0.0,3329.14
16383.88,69.05,71,1.25,3329.14
16383.88,69.12,71,0.0,3329.14
16383.88,69.0,82,0.0,3329.14
16383.88,69.06,82,0.0,3329.14
16383.88,68.45,80,1.25,3329.14
16383.88,68.5,80,0.0,3329.14
16383.88,68.61,80,0.0,3329.14
16383.88,68.4,81,1.2375,3329.14
16383.88,68.54,81,0.0,3329.14
16383.88,69.58,81,0.0,3329.14
16383.88,69.95,81,0.0,3329.14
16383.88,70.13,81,2.4875,3329.14
16383.88,70.13,80,0.0,3329.14
16383.88,69.26,80,1.25,3329.14
16383.88,68.99,71,0.0,3329.14
16383.88,68.99,71,0.0,3329.14
16383.88,69.07,81,0.0,3329.14
16383.88,68.92,81,1.2375,3329.14
16383.88,68.96,79,0.0,3329.14
16383.88,69.26,79,0.0,3329.14
16383.88,68.94,76,1.25,3329.14
16383.88,68.73,80,0.0,3329.14
16383.88,68.84,80,0.0,3329.14
16383.88,69.94,82,0.0,3329.14
16383.88,70.24,82,1.25,3329.14
16383.88,70.54,81,1.25,3329.14
16383.88,72.44,81,1.25,3329.14
16383.88,72.16,69,0.0,3329.14
16383.88,72.03,69,0.0,3329.14
16383.88,71.67,81,1.25,3329.14
16383.88,71.67,81,0.0,3329.14
16383.88,71.69,81,0.0,3329.14
16383.88,71.98,81,0.0,3329.14
16383.88,72.06,81,1.2375,3329.14
16383.88,72.06,80,0.0,3329.14
16383.88,72.03,80,1.2375,3329.14
16383.88,71.9,81,0.0,3329.14
16383.88,69.94,81,1.2375,3329.14
16383.88,70.13,81,0.0,3329.14
16383.88,70.13,80,1.2125,3329.14
16383.88,72.46,80,1.225,3329.14
16383.88,71.17,76,0.0,3329.14
16383.88,71.12,76,0.0,3329.14
16383.88,71.14,83,1.2125,3329.14
16383.88,71.06,83,0.0,3329.14
16383.88,71.02,82,0.0,3329.14
16383.88,71.42,82,1.2125,3329.14
16383.88,71.14,81,0.0,3329.14
16383.88,71.1,81,0.0,3329.14
16383.88,71.36,81,0.0,3329.14
16383.88,71.57,81,1.225,3329.14
16383.88,69.52,83,0.0,3329.14
16383.88,69.52,83,0.0,3329.14
16383.88,71.11,82,1.2125,3329.14
16383.88,70.97,82,1.2125,3329.14
16383.88,72.74,71,0.0,3329.14
16383.88,72.74,71,1.2125,3329.14
16383.88,72.5,81,0.0,3329.14
16383.88,72.6,81,1.225,3329.14
16383.88,72.6,83,0.0,3329.14
16383.88,72.39,83,0.0,3329.14
16383.88,72.2,82,0.0,3329.14
16383.88,72.09,82,1.225,3329.14
16383.88,71.97,81,0.0,3329.14
16383.88,71.61,81,0.0,3329.14
16383.88,71.61,79,1.225,3329.14
16383.88,69.34,79,0.0,3329.14
16383.88,69.75,82,1.2125,3329.14
16383.88,69.6,68,0.0,3329.14
16383.88,71.77,68,1.2125,3329.14
16383.88,71.33,81,0.0,3329.14
16383.88,71.31,81,0.0,3329.14
16383.88,71.35,78,1.2125,3329.14
16383.88,71.27,78,0.0,3329.14
16383.88,71.4,82,0.0,3329.14
16383.88,71.56,82,1.225,3329.14
16383.88,71.22,79,0.0,3329.14
16383.88,70.95,79,0.0,3329.14
16383.88,71.13,80,0.0,3329.14
16383.88,68.99,80,1.225,3329.14
16383.88,68.99,80,0.0,3329.14
16383.88,69.27,82,1.225,3329.14
16383.88,69.23,82,0.0,3329.14
16383.88,70.75,71,1.225,3329.14
16383.88,70.75,81,0.0,3329.14
16383.88,70.97,81,0.0,3329.14
16383.88,70.93,82,1.225,3329.14
16383.88,70.85,82,0.0,3329.14
16383.88,70.95,77,0.0,3329.14
16383.88,70.8,77,1.2125,3329.14
16383.88,70.72,79,0.0,3329.14
16383.88,70.6,79,0.0,3329.14
16383.88,70.83,79,1.2125,3329.14
16383.88,68.77,79,0.0,3329.14
16383.88,69.47,80,0.0,3329.14
16383.88,68.93,80,2.425,3329.14
16383.88,70.12,66,0.0,3329.14
16383.88,69.41,66,1.2125,3329.14
16383.88,69.54,80,1.2125,3329.14
16383.88,70.03,80,0.0,3329.14
16383.88,70.17,81,1.2125,3329.14
16383.88,70.2,81,0.0,3329.14
16383.88,70.14,81,0.0,3329.14
16383.88,70.29,83,0.0,3329.14
16383.88,70.35,83,1.2125,3329.14
16383.88,70.73,83,0.0,3329.14
16383.88,69.76,83,0.0,3329.14
16383.88,69.76,83,1.225,3329.14
16383.88,70.5,82,1.225,3329.14
16383.88,71.73,82,0.0,3329.14
16383.88,71.22,73,0.0,3329.14
16383.88,71.22,73,1.225,3329.14
16383.88,71.46,83,0.0,3329.14
16383.88,71.39,83,0.0,3329.14
16383.88,71.39,80,1.2125,3329.14
16383.88,71.44,80,0.0,3329.14
16383.88,71.09,81,0.0,3329.14
16383.88,70.83,80,1.2125,3329.14
16383.88,70.75,80,0.0,3329.14
16383.88,71.42,81,0.0,3329.14
16383.88,69.38,81,0.0,3329.14
16383.88,69.92,82,1.225,3329.14
16383.88,69.52,82,1.2125,3329.14
16383.88,71.65,71,0.0,3329.14
16383.88,71.11,71,1.2125,3329.14
16383.88,70.69,81,0.0,3329.14
16383.88,70.8,81,0.0,3329.14
16383.88,71.06,80,1.2125,3329.14
16383.88,71.0,80,0.0,3329.14
16383.88,71.1,83,0.0,3329.14
16383.88,71.22,83,1.2125,3329.14
16383.88,71.35,82,0.0,3329.14
16383.88,71.45,81,0.0,3329.14
16383.88,69.71,81,0.0,3329.14
16383.88,70.62,83,1.2,3329.14
16383.88,70.88,83,2.275,3329.14
16383.88,73.08,83,0.0,3329.14
16383.88,71.44,70,1.2,3329.14
16383.88,71.26,70,0.0,3329.14
16383.88,71.35,87,0.0,3329.14
16383.88,71.73,83,2.425,3329.14
16383.88,71.36,83,0.0,3329.14
16383.88,71.37,84,0.0,3329.14
16383.88,71.28,84,0.0,3329.14
16383.88,71.32,81,1.2125,3329.14
16383.88,71.0,81,0.0,3329.14
16383.88,71.03,81,0.0,3329.14
16383.88,68.84,83,0.0,3329.14
16383.88,68.84,83,1.2125,3329.14
16383.88,70.56,84,0.0,3329.14
16383.88,70.45,84,1.225,3329.14
16383.88,68.01,81,1.2125,3329.14
16383.88,66.87,68,0.0,3329.14
16383.88,66.87,68,0.0,3329.14
16383.88,66.6,68,1.2125,3329.14
16383.88,66.37,81,0.0,3329.14
16383.88,66.67,82,0.0,3329.14
16383.88,66.48,82,1.2125,3329.14
16383.88,66.5,81,0.0,3329.14
16383.88,66.32,81,0.0,3329.14
16383.88,66.79,82,0.0,3329.14
16383.88,66.83,82,1.2125,3329.14
16383.88,69.15,83,0.0,3329.14
16383.88,70.4,83,0.0,3329.14
16383.88,70.32,80,2.45,3329.14
16383.88,70.6,80,0.0,3329.14
16383.88,69.26,72,0.0,3329.14
16383.88,69.26,72,0.0,3329.14
16383.88,69.49,81,1.2125,3329.14
16383.88,69.69,81,0.0,3329.14
16383.88,69.83,80,0.0,3329.14
16383.88,69.31,80,1.2125,3329.14
16383.88,68.85,80,0.0,3329.14
16383.88,68.85,80,0.0,3329.14
16383.88,68.73,81,1.2125,3329.14
16383.88,68.81,81,0.0,3329.14
16383.88,68.99,81,0.0,3329.14
16383.88,70.34,81,1.15,3329.14
16383.88,70.2,81,2.45,3329.14
16383.88,69.26,68,0.0,3329.14
16383.88,67.78,68,1.225,3329.14
16383.88,67.78,81,0.0,3329.14
16383.88,68.04,81,0.0,3329.14
16383.88,68.45,82,0.0,3329.14
16383.88,68.52,82,1.2125,3329.14
16383.88,68.25,80,0.0,3329.14
16383.88,68.18,80,0.0,3329.14
16383.88,68.0,81,0.0,3329.14
16383.88,67.97,81,1.2125,3329.14
16383.88,68.78,82,0.0,3329.14
16383.88,70.12,82,0.0,3329.14
16383.88,70.64,83,1.225,3329.14
16383.88,70.95,83,0.0,3329.14
16383.88,69.76,70,1.2125,3329.14
16383.88,69.74,70,0.0,3329.14
16383.88,69.66,80,0.0,3329.14
16383.88,69.83,80,1.2125,3329.14
16383.88,69.59,80,0.0,3329.14
16383.88,69.67,80,0.0,3329.14
16383.88,69.64,82,1.2125,3329.14
16383.88,69.68,82,0.0,3329.14
16383.88,69.53,81,1.2125,3329.14
16383.88,69.15,81,0.0,3329.14
16383.88,68.79,82,1.2125,3329.14
16383.88,70.11,82,0.0,3329.14
16383.88,70.17,82,2.425,3329.14
16383.88,71.5,71,0.0,3329.14
16383.88,70.85,71,0.0,3329.14
16383.88,70.92,71,1.2125,3329.14
16383.88,70.6,82,0.0,3329.14
16383.88,70.6,80,0.0,3329.14
16383.88,70.29,80,1.2125,3329.14
16383.88,70.23,81,0.0,3329.14
16383.88,70.26,81,0.0,3329.14
16383.88,69.9,81,0.0,3329.14
16383.88,69.9,81,1.2125,3329.14
16383.88,68.53,81,0.0,3329.14
16383.88,69.26,81,0.0,3329.14
16383.88,69.45,80,2.45,3329.14
16383.88,70.47,80,0.0,3329.14
16383.88,70.03,71,0.0,3329.14
16383.88,70.2,71,1.225,3329.14
16383.88,70.27,83,0.0,3329.14
16383.88,70.08,83,0.0,3329.14
16383.88,70.18,82,0.0,3329.14
16383.88,70.15,82,0.0,3329.14
16383.88,69.97,83,1.225,3329.14
16383.88,70.08,83,0.0,3329.14
16383.88,70.11,79,0.0,3329.14
16383.88,69.75,79,0.0,3329.14
16383.88,68.85,79,1.2125,3329.14
16383.88,69.39,79,1.2125,3329.14
16383.88,69.31,78,2.4125,3329.14
16383.88,70.2,75,0.0,3329.14
16383.88,68.63,75,0.0,3329.14
16383.88,68.4,75,0.0,3329.14
16383.88,69.0,80,1.225,3329.14
16383.88,69.0,83,0.0,3329.14
16383.88,69.19,83,0.0,3329.14
16383.88,69.19,83,0.0,3329.14
16383.88,69.39,83,1.225,3329.14
16383.88,69.56,81,0.0,3329.14
16383.88,69.76,81,0.0,3329.14
16383.88,68.96,82,0.0,3329.14
16383.88,71.22,82,1.2125,3329.14
16383.88,71.29,82,0.0,3329.14
16383.88,71.02,82,1.2125,3329.14
16383.88,72.73,74,1.2125,3329.14
16383.88,71.31,74,0.0,3329.14
16383.88,71.31,85,0.0,3329.14
16383.88,70.57,85,0.0,3329.14
16383.88,70.84,85,1.225,3329.14
16383.88,71.02,81,0.0,3329.14
16383.88,71.02,81,0.0,3329.14
16383.88,70.87,83,0.0,3329.14
16383.88,71.08,83,0.0,3329.14
16383.88,70.67,83,1.225,3329.14
16383.88,71.28,83,0.0,3329.14
16383.88,71.36,83,0.0,3329.14
16383.88,69.45,83,0.0,3329.14
16383.88,71.04,79,1.225,3329.14
16383.88,69.98,78,1.2125,3329.14
16383.88,69.98,78,0.0,3329.14
16383.88,70.43,81,2.45,3329.14
16383.88,69.49,81,0.0,3329.14
16383.88,69.11,84,0.0,3329.14
16383.88,69.19,84,0.0,3329.14
16383.88,68.54,83,0.0,3329.14
16383.88,68.55,83,1.225,3329.14
16383.88,68.55,83,0.0,3329.14
16383.88,68.24,83,0.0,3329.14
16383.88,68.08,83,0.0,3329.14
16383.88,69.73,83,1.225,3329.14
16383.88,69.57,82,0.0,3329.14
16383.88,70.38,82,0.0,3329.14
16383.88,70.55,83,2.4375,3329.14
16383.88,68.61,83,0.0,3329.14
16383.88,67.25,70,0.0,3329.14
16383.88,67.25,70,1.225,3329.14
16383.88,67.05,83,0.0,3329.14
16383.88,67.1,83,0.0,3329.14
16383.88,67.15,81,0.0,3329.14
16383.88,67.34,81,1.225,3329.14
16383.88,67.05,82,0.0,3329.14
16383.88,67.08,82,0.0,3329.14
16383.88,66.59,81,1.2125,3329.14
16383.88,68.93,79,0.0,3329.14
16383.88,70.11,79,0.0,3329.14
16383.88,70.11,81,1.2125,3329.14
16383.88,68.12,81,1.225,3329.14
16383.88,67.3,63,0.0,3329.14
16383.88,67.12,63,1.2125,3329.14
16383.88,66.88,82,0.0,3329.14
16383.88,67.04,82,0.0,3329.14
16383.88,67.1,82,0.0,3329.14
16383.88,67.1,82,1.225,3329.14
16383.88,67.6,83,0.0,3329.14
16383.88,67.14,83,0.0,3329.14
16383.88,67.15,81,1.2125,3329.14
16383.88,67.23,81,0.0,3329.14
16383.88,69.38,82,0.0,3329.14
16383.88,70.41,82,1.225,3329.14
16383.88,70.59,82,2.4375,3329.14
16383.88,71.09,83,0.0,3329.14
16383.88,71.5,77,1.225,3329.14
16383.88,70.86,77,0.0,3329.14
16383.88,70.61,85,0.0,3329.14
16383.88,70.14,85,0.0,3329.14
16383.88,70.56,82,1.2125,3329.14
16383.88,71.42,82,0.0,3329.14
16383.88,71.42,82,0.0,3329.14
16383.88,71.4,81,1.2125,3329.14
16383.88,71.64,81,0.0,3329.14
16383.88,71.64,81,0.0,3329.14
16383.88,71.35,83,0.0,3329.14
16383.88,71.03,83,1.2125,3329.14
16383.88,71.7,83,0.0,3329.14
16383.88,71.6,83,1.225,3329.14
16383.88,72.04,83,0.0,3329.14
16383.88,71.01,83,1.225,3329.14
16383.88,71.01,72,0.0,3329.14
16383.88,70.64,72,0.0,3329.14
16383.88,70.51,80,0.0,3329.14
16383.88,70.51,80,1.2125,3329.14
16383.88,70.21,82,0.0,3329.14
16383.88,70.15,82,0.0,3329.14
16383.88,70.14,82,1.2125,3329.14
16383.88,70.2,82,0.0,3329.14
16383.88,70.59,82,0.0,3329.14
16383.88,70.62,82,1.2125,3329.14
16383.88,70.9,83,0.0,3329.14
16383.88,71.04,83,3.65,3329.14
16383.88,70.82,80,0.0,3329.14
16383.88,69.69,73,0.0,3329.14
16383.88,69.45,73,0.0,3329.14
16383.88,69.31,73,1.2125,3329.14
16383.88,68.56,81,0.0,3329.14
16383.88,68.56,78,0.0,3329.14
16383.88,68.4,78,0.0,3329.14
16383.88,68.15,83,1.2125,3329.14
16383.88,68.14,83,0.0,3329.14
16383.88,68.21,83,0.0,3329.14
16383.88,68.39,83,0.0,3329.14
16383.88,69.51,82,1.2125,3329.14
16383.88,69.85,82,1.2125,3329.14
16383.88,67.59,72,1.225,3329.14
16383.88,66.81,72,1.2125,3329.14
16383.88,67.02,74,0.0,3329.14
16383.88,66.81,74,0.0,3329.14
16383.88,66.64,83,0.0,3329.14
16383.88,66.86,83,1.2125,3329.14
16383.88,67.09,81,0.0,3329.14
16383.88,67.38,81,0.0,3329.14
16383.88,67.74,83,1.2125,3329.14
16383.88,67.84,83,0.0,3329.14
16383.88,70.1,83,0.0,3329.14
16383.88,69.73,83,1.2125,3329.14
16383.88,71.09,81,0.0,3329.14
16383.88,71.38,81,1.2125,3329.14
16383.88,68.67,70,1.2125,3329.14
16383.88,67.28,78,0.0,3329.14
16383.88,66.46,78,0.0,3329.14
16383.88,66.15,81,0.0,3329.14
16383.88,65.82,81,1.2125,3329.14
16383.88,65.9,80,0.0,3329.14
16383.88,66.05,80,0.0,3329.14
16383.88,66.6,83,1.2125,3329.14
16383.88,66.75,83,0.0,3329.14
16383.88,66.5,83,0.0,3329.14
16383.88,69.56,83,0.0,3329.14
16383.88,70.73,79,1.2125,3329.14
16383.88,71.19,79,0.0,3329.14
16383.88,68.43,73,2.425,3329.14
16383.88,67.06,73,0.0,3329.14
16383.88,66.85,80,0.0,3329.14
16383.88,66.52,80,0.0,3329.14
16383.88,66.45,81,2.4375,3329.14
16383.88,66.41,81,0.0,3329.14
16383.88,66.34,83,0.0,3329.14
16383.88,66.33,83,1.2125,3329.14
16383.88,65.97,82,0.0,3329.14
16383.88,66.11,82,0.0,3329.14
16383.88,66.18,83,1.2125,3329.14
16383.88,69.95,81,0.0,3329.14
16383.88,70.3,81,0.0,3329.14
16383.88,70.3,81,1.2125,3329.14
16383.88,70.69,74,0.0,3329.14
16383.88,70.63,74,1.225,3329.14
16383.88,70.45,88,0.0,3329.14
16383.88,70.45,88,0.0,3329.14
16383.88,70.59,81,1.225,3329.14
16383.88,70.66,81,0.0,3329.14
16383.88,70.77,81,0.0,3329.14
16383.88,70.95,81,0.0,3329.14
16383.88,71.29,83,0.0,3329.14
16383.88,71.2,83,1.225,3329.14
16383.88,71.04,80,1.225,3329.14
16383.88,69.06,80,0.0,3329.14
16383.88,70.59,83,0.0,3329.14
16383.88,70.59,83,2.425,3329.14
16383.88,70.83,82,0.0,3329.14
16383.88,72.6,82,0.0,3329.14
16383.88,71.64,73,0.0,3329.14
16383.88,71.75,73,1.2125,3329.14
16383.88,71.29,81,0.0,3329.14
16383.88,70.8,81,0.0,3329.14
16383.88,70.72,81,1.225,3329.14
16383.88,70.21,79,0.0,3329.14
16383.88,70.5,79,0.0,3329.14
16383.88,70.52,82,1.2125,3329.14
16383.88,70.44,82,0.0,3329.14
16383.88,68.45,82,0.0,3329.14
16383.88,69.38,82,0.0,3329.14
16383.88,69.35,82,2.425,3329.14
16383.88,69.55,82,0.0,3329.14
16383.88,69.64,75,0.0,3329.14
16383.88,69.79,75,1.2125,3329.14
16383.88,69.98,83,0.0,3329.14
16383.88,70.34,83,0.0,3329.14
16383.88,70.34,80,0.0,3329.14
16383.88,70.27,80,1.2125,3329.14
16383.88,70.18,82,0.0,3329.14
16383.88,70.29,82,0.0,3329.14
16383.88,70.06,79,1.2125,3329.14
16383.88,69.95,79,0.0,3329.14
16383.88,70.33,82,0.0,3329.14
16383.88,70.05,82,2.4375,3329.14
16383.88,70.28,80,0.0,3329.14
16383.88,70.03,71,0.0,3329.14
16383.88,69.67,71,1.2125,3329.14
16383.88,69.61,71,0.0,3329.14
16383.88,69.41,82,0.0,3329.14
16383.88,69.3,83,1.225,3329.14
16383.88,69.53,83,0.0,3329.14
16383.88,69.57,83,1.225,3329.14
16383.88,69.49,83,0.0,3329.14
16383.88,70.14,82,0.0,3329.14
16383.88,69.95,82,1.225,3329.14
16383.88,70.31,83,0.0,3329.14
16383.88,70.7,83,0.0,3329.14
16383.88,68.76,83,2.425,3329.14
16383.88,67.4,76,0.0,3329.14
16383.88,67.48,76,0.0,3329.14
16383.88,67.64,74,1.2125,3329.14
16383.88,67.63,83,0.0,3329.14
16383.88,67.61,83,0.0,3329.14
16383.88,67.33,83,1.2125,3329.14
16383.88,67.11,83,0.0,3329.14
16383.88,66.98,83,0.0,3329.14
16383.88,66.68,83,0.0,3329.14
16383.88,66.68,83,0.0,3329.14
16383.88,66.48,81,2.3625,3329.14
16383.88,68.35,81,0.0,3329.14
16383.88,69.74,81,2.4375,3329.14
16383.88,67.22,71,0.0,3329.14
16383.88,66.05,71,0.0,3329.14
16383.88,65.95,85,1.225,3329.14
16383.88,66.05,85,0.0,3329.14
16383.88,66.01,83,0.0,3329.14
16383.88,65.92,83,1.2125,3329.14
16383.88,66.08,81,0.0,3329.14
16383.88,66.31,81,0.0,3329.14
16383.88,66.55,82,0.0,3329.14
16383.88,66.84,82,1.2125,3329.14
16383.88,66.9,83,0.0,3329.14
16383.88,69.39,83,0.0,3329.14
16383.88,70.42,82,1.2125,3329.14
16383.88,70.49,82,1.125,3329.14
16383.88,72.98,70,1.25,3329.14
16383.88,71.05,89,0.0,3329.14
16383.88,70.8,89,0.0,3329.14
16383.88,70.82,82,0.0,3329.14
16383.88,70.53,82,1.2125,3329.14
16383.88,70.74,81,0.0,3329.14
16383.88,70.7,81,0.0,3329.14
16383.88,70.77,84,0.0,3329.14
16383.88,71.09,84,0.0,3329.14
16383.88,71.09,83,1.25,3329.14
16383.88,68.79,83,0.0,3329.14
16383.88,70.63,83,1.25,3329.14
16383.88,71.04,83,0.0,3329.14
16383.88,71.1,83,2.4875,3329.14
16383.88,72.97,83,0.0,3329.14
16383.88,72.59,83,1.25,3329.14
16383.88,72.59,72,0.0,3329.14
16383.88,72.29,72,0.0,3329.14
16383.88,72.24,83,0.0,3329.14
16383.88,72.18,83,0.0,3329.14
16383.88,72.01,82,1.25,3329.14
16383.88,71.86,82,0.0,3329.14
16383.88,71.74,80,0.0,3329.14
16383.88,71.8,80,1.2375,3329.14
16383.88,71.81,80,0.0,3329.14
16383.88,70.03,83,0.0,3329.14
16383.88,70.44,83,0.0,3329.14
16383.88,70.36,81,2.4875,3329.14
16383.88,72.01,81,0.0,3329.14
16383.88,71.18,66,1.25,3329.14
16383.88,70.96,66,0.0,3329.14
16383.88,71.33,82,0.0,3329.14
16383.88,71.47,82,0.0,3329.14
16383.88,71.83,83,1.25,3329.14
16383.88,71.62,83,0.0,3329.14
16383.88,71.45,79,0.0,3329.14
16383.88,71.38,79,1.2375,3329.14
16383.88,71.84,80,0.0,3329.14
16383.88,71.92,80,0.0,3329.14
16383.88,71.92,80,0.0,3329.14
16383.88,70.37,82,1.25,3329.14
16383.88,71.13,82,1.25,3329.14
16383.88,71.22,82,1.25,3329.14
16383.88,72.86,78,0.0,3329.14
16383.88,70.86,78,0.0,3329.14
16383.88,70.45,81,0.0,3329.14
16383.88,70.74,81,1.25,3329.14
16383.88,70.74,81,0.0,3329.14
16383.88,70.79,81,0.0,3329.14
16383.88,70.94,83,0.0,3329.14
16383.88,71.09,83,1.25,3329.14
16383.88,71.17,83,0.0,3329.14
16383.88,71.54,83,0.0,3329.14
16383.88,69.7,83,1.25,3329.14
16383.88,71.46,83,0.0,3329.14
16383.88,71.96,83,0.0,3329.14
16383.88,72.01,83,2.4375,3329.14
16383.88,74.43,69,0.0,3329.14
16383.88,72.27,69,0.0,3329.14
16383.88,71.82,87,1.2125,3329.14
16383.88,71.52,87,1.225,3329.14
16383.88,71.38,80,0.0,3329.14
16383.88,71.36,80,0.0,3329.14
16383.88,71.3,83,0.0,3329.14
16383.88,71.71,83,1.225,3329.14
16383.88,71.73,81,0.0,3329.14
16383.88,71.77,81,0.0,3329.14
16383.88,69.14,81,1.225,3329.14
16383.88,70.79,82,0.0,3329.14
16383.88,71.47,82,0.0,3329.14
16383.88,71.75,82,1.2125,3329.14
16383.88,73.58,81,1.2125,3329.14
16383.88,72.84,81,0.0,3329.14
16383.88,72.62,74,1.2125,3329.14
16383.88,72.15,74,0.0,3329.14
16383.88,71.88,82,0.0,3329.14
16383.88,71.88,82,0.0,3329.14
16383.88,71.71,81,1.225,3329.14
16383.88,71.88,81,0.0,3329.14
16383.88,71.76,81,0.0,3329.14
16383.88,72.02,81,0.0,3329.14
16383.88,71.83,80,1.2125,3329.14
16383.88,71.64,80,0.0,3329.14
16383.88,69.55,81,0.0,3329.14
16383.88,70.36,81,2.425,3329.14
16383.88,70.47,82,0.0,3329.14
16383.88,72.38,81,0.0,3329.14
16383.88,70.77,81,0.0,3329.14
16383.88,70.6,81,2.4125,3329.14
16383.88,70.73,83,0.0,3329.14
16383.88,70.46,83,0.0,3329.14
16383.88,70.5,83,1.2125,3329.14
16383.88,70.79,84,0.0,3329.14
16383.88,71.0,84,0.0,3329.14
16383.88,70.9,85,0.0,3329.14
16383.88,71.03,85,1.2125,3329.14
16383.88,69.09,83,0.0,3329.14
16383.88,70.99,83,0.0,3329.14
16383.88,71.28,84,1.2125,3329.14
16383.88,71.46,84,1.2125,3329.14
16383.88,73.89,74,0.0,3329.14
16383.88,72.13,74,0.0,3329.14
16383.88,71.76,90,1.1875,3329.14
16383.88,71.47,90,0.0,3329.14
16383.88,71.8,83,1.225,3329.14
16383.88,71.78,83,0.0,3329.14
16383.88,71.55,81,0.0,3329.14
16383.88,71.77,81,0.0,3329.14
16383.88,71.75,83,0.0,3329.14
16383.88,71.72,83,1.225,3329.14
16383.88,68.99,83,0.0,3329.14
16383.88,70.96,84,0.0,3329.14
16383.88,71.36,84,0.0,3329.14
16383.88,71.51,84,1.2125,3329.14
16383.88,68.35,81,2.425,3329.14
16383.88,66.83,71,0.0,3329.14
16383.88,67.05,71,0.0,3329.14
16383.88,67.06,82,1.225,3329.14
16383.88,67.16,82,0.0,3329.14
16383.88,67.0,78,0.0,3329.14
16383.88,66.68,78,0.0,3329.14
16383.88,66.67,82,1.225,3329.14
16383.88,66.67,82,0.0,3329.14
16383.88,66.39,82,0.0,3329.14
16383.88,66.26,81,0.0,3329.14
16383.88,66.14,81,1.225,3329.14
16383.88,69.04,81,0.0,3329.14
16383.88,70.67,81,2.425,3329.14
16383.88,67.65,81,0.0,3329.14
16383.88,65.9,73,0.0,3329.14
16383.88,65.9,73,0.0,3329.14
16383.88,65.98,81,1.2125,3329.14
16383.88,66.03,81,0.0,3329.14
16383.88,66.14,81,0.0,3329.14
16383.88,66.31,81,0.0,3329.14
16383.88,66.47,83,1.225,3329.14
16383.88,66.49,83,1.225,3329.14
16383.88,66.38,83,0.0,3329.14
16383.88,66.27,83,0.0,3329.14
16383.88,69.06,84,0.0,3329.14
16383.88,70.73,84,1.225,3329.14
16383.88,71.41,83,1.225,3329.14
16383.88,71.36,83,0.0,3329.14
16383.88,70.27,71,1.2125,3329.14
16383.88,70.25,71,0.0,3329.14
16383.88,70.02,81,0.0,3329.14
16383.88,70.15,81,0.0,3329.14
16383.88,70.35,81,1.225,3329.14
16383.88,70.88,83,0.0,3329.14
16383.88,71.31,83,0.0,3329.14
16383.88,71.65,83,0.0,3329.14
16383.88,71.48,83,1.2125,3329.14
16383.88,71.46,83,0.0,3329.14
16383.88,72.65,83,0.0,3329.14
16383.88,72.8,83,1.2375,3329.14
16383.88,75.08,83,0.0,3329.14
16383.88,74.53,83,1.25,3329.14
16383.88,74.53,72,0.0,3329.14
16383.88,74.17,72,0.0,3329.14
16383.88,73.82,82,0.0,3329.14
16383.88,73.35,82,1.25,3329.14
16383.88,73.11,81,0.0,3329.14
16383.88,72.84,81,0.0,3329.14
16383.88,72.75,83,0.0,3329.14
16383.88,72.56,83,1.25,3329.14
16383.88,72.54,83,0.0,3329.14
16383.88,72.33,83,0.0,3329.14
16383.88,70.36,82,1.25,3329.14
16383.88,70.34,81,2.4875,3329.14
16383.88,70.83,81,0.0,3329.14
16383.88,70.86,72,1.2375,3329.14
16383.88,70.67,72,0.0,3329.14
16383.88,70.13,81,0.0,3329.14
16383.88,70.23,81,0.0,3329.14
16383.88,70.22,80,1.25,3329.14
16383.88,70.16,80,0.0,3329.14
16383.88,70.3,81,0.0,3329.14
16383.88,70.3,81,0.0,3329.14
16383.88,70.46,81,1.25,3329.14
16383.88,70.61,82,0.0,3329.14
16383.88,70.67,82,0.0,3329.14
16383.88,70.16,82,1.25,3329.14
16383.88,70.24,82,2.4875,3329.14
16383.88,70.49,81,0.0,3329.14
16383.88,69.71,73,0.0,3329.14
16383.88,69.15,73,0.0,3329.14
16383.88,69.03,73,1.25,3329.14
16383.88,68.89,79,0.0,3329.14
16383.88,68.29,80,0.0,3329.14
16383.88,68.4,80,1.25,3329.14
16383.88,68.22,79,0.0,3329.14
16383.88,68.46,79,0.0,3329.14
16383.88,68.54,82,0.0,3329.14
16383.88,68.32,82,1.2375,3329.14
16383.88,69.47,80,0.0,3329.14
16383.88,69.71,80,0.0,3329.14
16383.88,69.71,80,1.2375,3329.14
16383.88,69.83,81,1.25,3329.14
16383.88,68.45,81,0.0,3329.14
16383.88,68.45,70,0.0,3329.14
16383.88,69.07,70,0.0,3329.14
16383.88,68.93,82,1.225,3329.14
16383.88,68.99,82,0.0,3329.14
16383.88,68.76,81,0.0,3329.14
16383.88,68.86,82,0.0,3329.14
16383.88,68.94,82,1.225,3329.14
16383.88,68.98,79,0.0,3329.14
16383.88,68.63,79,0.0,3329.14
16383.88,69.72,79,0.0,3329.14
16383.88,70.01,79,1.225,3329.14
16383.88,69.62,82,2.45,3329.14
16383.88,70.83,82,1.2125,3329.14
16383.88,69.41,76,0.0,3329.14
16383.88,69.83,76,0.0,3329.14
16383.88,69.86,84,1.225,3329.14
16383.88,69.97,84,0.0,3329.14
16383.88,70.29,83,0.0,3329.14
16383.88,70.32,83,1.2125,3329.14
16383.88,70.73,84,0.0,3329.14
16383.88,70.97,83,0.0,3329.14
16383.88,70.98,83,1.2125,3329.14
16383.88,70.21,83,0.0,3329.14
16383.88,71.82,83,0.0,3329.14
16383.88,71.67,84,1.2125,3329.14
16383.88,71.77,84,1.1875,3329.14
16383.88,73.63,84,1.225,3329.14
16383.88,72.85,72,0.0,3329.14
16383.88,72.93,83,0.0,3329.14
16383.88,72.83,83,0.0,3329.14
16383.88,72.83,83,1.225,3329.14
16383.88,72.48,83,0.0,3329.14
16383.88,72.48,83,0.0,3329.14
16383.88,72.48,82,1.2125,3329.14
16383.88,72.14,82,0.0,3329.14
16383.88,71.98,82,0.0,3329.14
16383.88,72.1,82,1.1875,3329.14
16383.88,71.5,81,0.0,3329.14
16383.88,69.31,81,0.0,3329.14
16383.88,69.71,78,2.4375,3329.14
16383.88,69.71,71,0.0,3329.14
16383.88,71.85,71,0.0,3329.14
16383.88,71.66,81,1.225,3329.14
16383.88,71.24,81,0.0,3329.14
16383.88,71.25,82,0.0,3329.14
16383.88,71.67,82,1.2125,3329.14
16383.88,71.45,82,0.0,3329.14
16383.88,71.87,82,0.0,3329.14
16383.88,72.08,83,1.2125,3329.14
16383.88,72.2,83,1.2125,3329.14
16383.88,71.91,82,0.0,3329.14
16383.88,69.98,82,0.0,3329.14
16383.88,70.34,82,2.35,3329.14
16383.88,70.64,82,1.2125,3329.14
16383.88,70.23,72,0.0,3329.14
16383.88,70.32,72,0.0,3329.14
16383.88,70.06,83,0.0,3329.14
16383.88,69.91,83,1.2125,3329.14
16383.88,69.8,82,0.0,3329.14
16383.88,70.16,82,0.0,3329.14
16383.88,70.22,82,0.0,3329.14
16383.88,70.03,82,1.225,3329.14
16383.88,69.99,82,0.0,3329.14
16383.88,69.96,80,0.0,3329.14
16383.88,70.38,80,1.225,3329.14
16383.88,70.37,80,0.0,3329.14
16383.88,70.41,80,1.225,3329.14
16383.88,69.94,80,0.0,3329.14
16383.88,69.73,73,1.225,3329.14
16383.88,69.73,73,0.0,3329.14
16383.88,69.63,82,0.0,3329.14
16383.88,69.61,82,1.2125,3329.14
16383.88,69.61,82,0.0,3329.14
16383.88,69.56,82,0.0,3329.14
16383.88,69.57,81,1.2125,3329.14
16383.88,69.46,81,1.2125,3329.14
16383.88,69.7,80,0.0,3329.14
16383.88,69.45,79,0.0,3329.14
16383.88,70.26,79,0.0,3329.14
16383.88,70.58,82,1.2125,3329.14
16383.88,70.21,82,1.2125,3329.14
16383.88,69.8,68,0.0,3329.14
16383.88,69.47,68,1.225,3329.14
16383.88,69.42,82,0.0,3329.14
16383.88,69.57,82,0.0,3329.14
16383.88,69.84,82,0.0,3329.14
16383.88,70.17,82,1.1875,3329.14
16383.88,70.03,83,0.0,3329.14
16383.88,70.22,83,0.0,3329.14
16383.88,69.9,82,1.225,3329.14
16383.88,69.93,82,0.0,3329.14
16383.88,70.24,80,1.225,3329.14
16383.88,70.35,81,0.0,3329.14
16383.88,69.66,81,2.4375,3329.14
16383.88,67.98,70,0.0,3329.14
16383.88,67.85,70,1.2125,3329.14
16383.88,67.58,81,0.0,3329.14
16383.88,67.25,81,0.0,3329.14
16383.88,67.25,81,0.0,3329.14
16383.88,67.52,82,1.2125,3329.14
16383.88,67.76,82,0.0,3329.14
16383.88,67.88,83,0.0,3329.14
16383.88,68.36,83,0.0,3329.14
16383.88,68.54,83,1.2125,3329.14
16383.88,68.54,83,0.0,3329.14
16383.88,69.47,82,0.0,3329.14
16383.88,70.85,82,0.0,3329.14
16383.88,68.66,77,2.425,3329.14
16383.88,67.5,77,1.2125,3329.14
16383.88,67.5,71,1.2125,3329.14
16383.88,67.24,71,0.0,3329.14
16383.88,66.92,83,0.0,3329.14
16383.88,66.52,80,0.0,3329.14
16383.88,65.79,80,1.2125,3329.14
16383.88,65.71,78,0.0,3329.14
16383.88,65.89,78,1.2125,3329.14
16383.88,66.13,79,0.0,3329.14
16383.88,66.32,79,0.0,3329.14
16383.88,68.3,80,0.0,3329.14
16383.88,69.43,80,1.225,3329.14
16383.88,69.49,81,1.225,3329.14
16383.88,69.85,81,0.0,3329.14
16383.88,68.75,72,1.2125,3329.14
16383.88,68.56,72,0.0,3329.14
16383.88,68.77,82,0.0,3329.14
16383.88,68.77,82,1.2125,3329.14
16383.88,68.55,80,0.0,3329.14
16383.88,68.24,80,0.0,3329.14
16383.88,68.2,81,0.0,3329.14
16383.88,68.34,83,1.225,3329.14
16383.88,68.53,83,0.0,3329.14
16383.88,68.32,80,0.0,3329.14
16383.88,69.46,80,0.0,3329.14
16383.88,69.77,83,1.2125,3329.14
16383.88,68.05,83,1.2125,3329.14
16383.88,66.5,73,0.0,3329.14
16383.88,66.39,73,0.0,3329.14
16383.88,66.53,81,0.0,3329.14
16383.88,66.32,81,1.175,3329.14
16383.88,66.12,82,0.0,3329.14
16383.88,66.12,82,1.2125,3329.14
16383.88,66.36,82,0.0,3329.14
16383.88,66.48,83,1.175,3329.14
16383.88,66.6,83,1.2125,3329.14
16383.88,66.88,83,0.0,3329.14
16383.88,67.01,83,0.0,3329.14
16383.88,70.61,80,0.0,3329.14
16383.88,70.95,83,2.425,3329.14
16383.88,69.21,83,0.0,3329.14
16383.88,68.06,72,1.2125,3329.14
16383.88,68.27,72,0.0,3329.14
16383.88,68.38,80,0.0,3329.14
16383.88,68.28,80,0.0,3329.14
16383.88,68.11,80,1.2375,3329.14
16383.88,67.62,80,0.0,3329.14
16383.88,67.2,78,0.0,3329.14
16383.88,67.02,78,1.25,3329.14
16383.88,66.84,82,0.0,3329.14
16383.88,66.97,82,0.0,3329.14
16383.88,68.78,83,1.2375,3329.14
16383.88,70.15,83,0.0,3329.14
16383.88,70.35,80,1.2375,3329.14
16383.88,67.57,80,0.0,3329.14
16383.88,67.84,80,1.2375,3329.14
16383.88,67.28,80,0.0,3329.14
16383.88,67.66,82,0.0,3329.14
16383.88,67.66,82,1.25,3329.14
16383.88,68.33,83,0.0,3329.14
16383.88,68.37,83,0.0,3329.14
16383.88,68.44,83,0.0,3329.14
16383.88,68.55,83,0.0,3329.14
16383.88,68.24,80,1.2375,3329.14
16383.88,68.09,80,0.0,3329.14
16383.88,70.83,81,0.0,3329.14
16383.88,70.5,81,0.0,3329.14
16383.88,71.22,81,1.25,3329.14
16383.88,71.36,81,0.0,3329.14
16383.88,71.38,82,1.25,3329.14
16383.88,73.22,82,0.0,3329.14
16383.88,72.32,72,1.2375,3329.14
16383.88,72.04,72,0.0,3329.14
16383.88,71.75,79,0.0,3329.14
16383.88,71.98,82,1.2375,3329.14
16383.88,71.78,82,1.25,3329.14
16383.88,71.94,81,0.0,3329.14
16383.88,71.94,81,0.0,3329.14
16383.88,71.78,81,1.25,3329.14
16383.88,71.63,80,0.0,3329.14
16383.88,70.95,80,0.0,3329.14
16383.88,69.15,80,0.0,3329.14
16383.88,69.89,80,1.2375,3329.14
16383.88,69.73,82,2.4875,3329.14
16383.88,72.08,82,0.0,3329.14
16383.88,71.54,68,0.0,3329.14
16383.88,71.43,68,0.0,3329.14
16383.88,71.37,82,1.2375,3329.14
16383.88,71.08,82,0.0,3329.14
16383.88,71.27,82,0.0,3329.14
16383.88,71.05,82,1.2375,3329.14
16383.88,71.36,80,0.0,3329.14
16383.88,71.48,80,0.0,3329.14
16383.88,71.62,81,0.0,3329.14
16383.88,69.52,82,1.2125,3329.14
16383.88,70.1,82,0.0,3329.14
16383.88,70.26,80,1.2,3329.14
16383.88,72.67,80,1.15,3329.14
16383.88,72.06,67,0.0,3329.14
16383.88,71.74,67,1.2375,3329.14
16383.88,71.74,81,0.0,3329.14
16383.88,71.83,81,1.2125,3329.14
16383.88,71.53,81,1.225,3329.14
16383.88,71.49,81,0.0,3329.14
16383.88,71.81,80,0.0,3329.14
16383.88,71.81,80,0.0,3329.14
16383.88,72.03,80,1.2125,3329.14
16383.88,71.64,80,0.0,3329.14
16383.88,71.46,80,0.0,3329.14
16383.88,69.17,80,0.0,3329.14
16383.88,70.15,81,2.4375,3329.14
16383.88,70.15,81,1.2125,3329.14
16383.88,71.35,74,0.0,3329.14
16383.88,71.26,74,0.0,3329.14
16383.88,71.26,83,1.2125,3329.14
16383.88,70.86,83,0.0,3329.14
16383.88,70.7,83,0.0,3329.14
16383.88,71.38,83,0.0,3329.14
16383.88,71.88,82,1.2125,3329.14
16383.88,71.7,82,0.0,3329.14
16383.88,71.73,80,0.0,3329.14
16383.88,71.56,80,0.0,3329.14
16383.88,70.62,81,1.175,3329.14
16383.88,70.45,81,0.0,3329.14
16383.88,71.32,83,1.2125,3329.14
16383.88,71.35,83,1.2125,3329.14
16383.88,71.41,83,1.2125,3329.14
16383.88,70.58,73,1.2125,3329.14
16383.88,69.84,73,0.0,3329.14
16383.88,69.7,82,0.0,3329.14
16383.88,69.7,82,1.2125,3329.14
16383.88,69.28,80,0.0,3329.14
16383.88,69.44,80,0.0,3329.14
16383.88,69.35,82,0.0,3329.14
16383.88,68.98,82,1.2125,3329.14
16383.88,68.94,81,0.0,3329.14
16383.88,69.25,81,0.0,3329.14
16383.88,69.25,81,0.0,3329.14
16383.88,70.1,82,1.2125,3329.14
16383.88,70.53,82,1.225,3329.14
16383.88,70.53,80,0.0,3329.14
16383.88,71.27,80,1.2125,3329.14
16383.88,70.27,76,0.0,3329.14
16383.88,70.39,76,0.0,3329.14
16383.88,70.13,81,1.2125,3329.14
16383.88,69.88,81,1.2125,3329.14
16383.88,70.36,80,0.0,3329.14
16383.88,70.04,81,0.0,3329.14
16383.88,69.97,81,0.0,3329.14
16383.88,69.9,83,1.225,3329.14
16383.88,70.25,83,0.0,3329.14
16383.88,69.29,82,0.0,3329.14
16383.88,70.87,82,1.2125,3329.14
16383.88,70.78,83,0.0,3329.14
16383.88,70.84,83,2.4375,3329.14
16383.88,72.88,67,0.0,3329.14
16383.88,72.05,67,0.0,3329.14
16383.88,71.77,80,1.2125,3329.14
16383.88,71.37,80,0.0,3329.14
16383.88,71.32,79,0.0,3329.14
16383.88,71.05,79,0.0,3329.14
16383.88,70.79,79,1.2125,3329.14
16383.88,70.56,79,0.0,3329.14
16383.88,70.4,79,0.0,3329.14
16383.88,70.36,79,1.2125,3329.14
16383.88,68.62,79,0.0,3329.14
16383.88,68.62,79,0.0,3329.14
16383.88,69.37,82,1.2125,3329.14
16383.88,69.28,82,1.2125,3329.14
16383.88,69.33,69,1.2125,3329.14
16383.88,66.93,69,0.0,3329.14
16383.88,66.93,84,0.0,3329.14
16383.88,66.87,84,1.2125,3329.14
16383.88,67.13,79,0.0,3329.14
16383.88,67.02,79,0.0,3329.14
16383.88,67.59,82,0.0,3329.14
16383.88,67.29,82,1.2125,3329.14
16383.88,67.23,80,1.2125,3329.14
16383.88,67.32,79,0.0,3329.14
16383.88,67.32,79,0.0,3329.14
16383.88,69.57,80,1.2125,3329.14
16383.88,70.21,80,0.0,3329.14
16383.88,70.22,80,2.425,3329.14
16383.88,72.32,80,0.0,3329.14
16383.88,71.2,74,1.2125,3329.14
16383.88,71.1,74,0.0,3329.14
16383.88,71.4,83,0.0,3329.14
16383.88,71.16,83,1.2125,3329.14
16383.88,70.87,81,0.0,3329.14
16383.88,71.3,81,0.0,3329.14
16383.88,71.46,81,0.0,3329.14
16383.88,71.8,81,1.1875,3329.14
16383.88,71.93,84,0.0,3329.14
16383.88,69.91,82,0.0,3329.14
16383.88,70.97,82,1.2125,3329.14
16383.88,70.97,82,0.0,3329.14
16383.88,70.81,82,2.425,3329.14
16383.88,66.78,82,1.2125,3329.14
16383.88,66.78,68,0.0,3329.14
16383.88,66.74,68,0.0,3329.14
16383.88,66.39,82,0.0,3329.14
16383.88,66.23,82,1.2125,3329.14
16383.88,65.69,82,0.0,3329.14
16383.88,65.64,82,0.0,3329.14
16383.88,65.67,81,1.2125,3329.14
16383.88,65.52,81,0.0,3329.14
16383.88,65.68,81,0.0,3329.14
16383.88,65.75,82,0.0,3329.14
16383.88,70.12,82,1.2125,3329.14
16383.88,70.19,79,0.0,3329.14
16383.88,67.75,79,1.225,3329.14
16383.88,66.42,74,1.2125,3329.14
16383.88,66.43,74,0.0,3329.14
16383.88,66.28,84,0.0,3329.14
16383.88,66.3,84,1.2125,3329.14
16383.88,66.43,81,0.0,3329.14
16383.88,66.56,81,0.0,3329.14
16383.88,66.42,83,1.175,3329.14
16383.88,66.41,83,0.0,3329.14
16383.88,66.23,82,0.0,3329.14
16383.88,66.37,82,1.2125,3329.14
16383.88,68.91,81,0.0,3329.14
16383.88,70.64,80,0.0,3329.14
16383.88,69.7,80,2.425,3329.14
16383.88,69.7,80,0.0,3329.14
16383.88,68.65,65,1.2125,3329.14
16383.88,68.54,65,1.2125,3329.14
16383.88,68.32,82,0.0,3329.14
16383.88,68.26,82,0.0,3329.14
16383.88,68.23,80,1.2125,3329.14
16383.88,68.13,80,0.0,3329.14
16383.88,67.85,81,0.0,3329.14
16383.88,68.0,81,1.2125,3329.14
16383.88,68.25,82,0.0,3329.14
16383.88,67.84,82,0.0,3329.14
16383.88,68.83,82,0.0,3329.14
16383.88,69.83,82,1.2125,3329.14
16383.88,70.88,81,1.2125,3329.14
16383.88,70.88,70,1.2125,3329.14
16383.88,70.23,70,0.0,3329.14
16383.88,70.36,80,0.0,3329.14
16383.88,70.83,80,0.0,3329.14
16383.88,71.15,83,1.175,3329.14
16383.88,71.24,83,0.0,3329.14
16383.88,71.48,83,1.2125,3329.14
16383.88,71.52,83,0.0,3329.14
16383.88,71.51,82,0.0,3329.14
16383.88,71.5,82,1.2125,3329.14
16383.88,70.64,80,0.0,3329.14
16383.88,71.06,80,0.0,3329.14
16383.88,71.55,81,2.3625,3329.14
16383.88,73.53,81,1.2125,3329.14
16383.88,71.5,76,0.0,3329.14
16383.88,71.04,76,1.2125,3329.14
16383.88,71.04,76,0.0,3329.14
16383.88,70.8,80,0.0,3329.14
16383.88,70.95,83,1.225,3329.14
16383.88,70.95,83,0.0,3329.14
16383.88,71.05,83,0.0,3329.14
16383.88,71.2,83,1.2125,3329.14
16383.88,71.57,83,0.0,3329.14
16383.88,71.64,83,0.0,3329.14
16383.88,69.36,81,1.2125,3329.14
16383.88,71.2,81,0.0,3329.14
16383.88,71.08,82,0.0,3329.14
16383.88,71.3,82,1.225,3329.14
16383.88,70.03,71,1.2125,3329.14
16383.88,68.53,84,0.0,3329.14
16383.88,68.4,84,0.0,3329.14
16383.88,67.75,81,1.2125,3329.14
16383.88,67.75,81,0.0,3329.14
16383.88,67.06,80,0.0,3329.14
16383.88,67.13,80,1.2125,3329.14
16383.88,66.94,82,0.0,3329.14
16383.88,66.96,82,0.0,3329.14
16383.88,66.72,79,0.0,3329.14
16383.88,66.72,79,1.2,3329.14
16383.88,68.09,79,0.0,3329.14
16383.88,69.41,77,0.0,3329.14
16383.88,67.3,77,2.425,3329.14
16383.88,67.94,71,0.0,3329.14
16383.88,67.7,71,0.0,3329.14
16383.88,67.7,80,1.2125,3329.14
16383.88,67.58,80,0.0,3329.14
16383.88,67.51,83,0.0,3329.14
16383.88,67.59,81,1.2125,3329.14
16383.88,67.88,81,0.0,3329.14
16383.88,68.05,81,0.0,3329.14
16383.88,67.97,81,2.425,3329.14
16383.88,68.22,83,0.0,3329.14
16383.88,70.85,83,0.0,3329.14
16383.88,70.22,81,1.225,3329.14
16383.88,71.19,81,0.0,3329.14
16383.88,71.32,82,0.0,3329.14
16383.88,71.28,82,2.4375,3329.14
16383.88,72.66,74,0.0,3329.14
16383.88,72.38,74,0.0,3329.14
16383.88,72.26,83,1.2125,3329.14
16383.88,71.65,83,0.0,3329.14
16383.88,71.66,81,0.0,3329.14
16383.88,71.41,77,0.0,3329.14
16383.88,71.54,77,1.225,3329.14
16383.88,71.34,80,0.0,3329.14
16383.88,71.37,80,0.0,3329.14
16383.88,71.42,80,1.2125,3329.14
16383.88,69.9,80,0.0,3329.14
16383.88,69.9,80,0.0,3329.14
16383.88,70.37,82,1.1625,3329.14
16383.88,70.11,82,1.2375,3329.14
16383.88,70.44,63,0.0,3329.14
16383.88,69.72,63,1.25,3329.14
16383.88,69.72,92,0.0,3329.14
16383.88,69.62,92,0.0,3329.14
16383.88,69.27,82,0.0,3329.14
16383.88,68.66,82,1.2375,3329.14
16383.88,68.6,79,0.0,3329.14
16383.88,68.47,79,0.0,3329.14
16383.88,68.73,80,1.2375,3329.14
16383.88,68.7,81,0.0,3329.14
16383.88,69.19,81,0.0,3329.14
16383.88,69.12,81,1.25,3329.14
16383.88,69.97,81,1.2375,3329.14
16383.88,70.33,82,0.0,3329.14
16383.88,70.6,82,2.4875,3329.14
16383.88,73.71,82,0.0,3329.14
16383.88,71.9,70,0.0,3329.14
16383.88,71.51,70,1.2375,3329.14
16383.88,71.51,86,0.0,3329.14
16383.88,71.15,86,0.0,3329.14
16383.88,71.12,77,1.2375,3329.14
16383.88,71.33,77,0.0,3329.14
16383.88,71.42,81,0.0,3329.14
16383.88,71.17,82,1.25,3329.14
16383.88,71.31,82,0.0,3329.14
16383.88,71.29,80,0.0,3329.14
16383.88,68.66,80,0.0,3329.14
16383.88,70.52,83,1.25,3329.14
16383.88,70.84,83,0.0,3329.14
16383.88,71.18,80,1.1875,3329.14
16383.88,68.24,80,1.2375,3329.14
16383.88,66.82,67,0.0,3329.14
16383.88,66.86,67,1.25,3329.14
16383.88,66.94,83,0.0,3329.14
16383.88,66.76,83,0.0,3329.14
16383.88,66.43,82,0.0,3329.14
16383.88,66.02,82,1.25,3329.14
16383.88,66.06,82,0.0,3329.14
16383.88,66.19,82,0.0,3329.14
16383.88,66.19,82,1.2375,3329.14
16383.88,66.52,82,0.0,3329.14
16383.88,66.06,82,0.0,3329.14
16383.88,68.95,80,1.2375,3329.14
16383.88,70.22,80,1.2375,3329.14
16383.88,70.36,82,0.0,3329.14
16383.88,71.31,69,0.0,3329.14
16383.88,70.62,69,0.0,3329.14
16383.88,70.75,82,1.2375,3329.14
16383.88,70.65,82,0.0,3329.14
16383.88,70.62,82,0.0,3329.14
16383.88,70.43,82,0.0,3329.14
16383.88,70.53,81,1.2125,3329.14
16383.88,70.57,81,0.0,3329.14
16383.88,70.4,80,0.0,3329.14
16383.88,70.41,80,1.2125,3329.14
16383.88,69.26,78,1.2125,3329.14
16383.88,70.07,78,0.0,3329.14
16383.88,70.12,80,2.425,3329.14
16383.88,69.91,80,1.2,3329.14
16383.88,68.94,76,0.0,3329.14
16383.88,68.31,76,0.0,3329.14
16383.88,68.29,83,1.2125,3329.14
16383.88,68.53,83,0.0,3329.14
16383.88,68.73,82,0.0,3329.14
16383.88,68.96,82,1.2125,3329.14
16383.88,68.82,81,0.0,3329.14
16383.88,68.82,81,0.0,3329.14
16383.88,68.95,83,1.2125,3329.14
16383.88,69.26,82,0.0,3329.14
16383.88,69.6,82,0.0,3329.14
16383.88,70.65,82,0.0,3329.14
16383.88,71.26,83,1.225,3329.14
16383.88,68.88,72,1.225,3329.14
16383.88,68.88,72,1.225,3329.14
16383.88,67.06,79,0.0,3329.14
16383.88,67.03,79,0.0,3329.14
16383.88,66.85,80,0.0,3329.14
16383.88,66.94,80,1.225,3329.14
16383.88,66.7,82,0.0,3329.14
16383.88,66.44,82,0.0,3329.14
16383.88,66.8,80,1.2125,3329.14
16383.88,66.72,80,0.0,3329.14
16383.88,66.47,82,0.0,3329.14
16383.88,68.94,82,0.0,3329.14
16383.88,70.55,80,1.2125,3329.14
16383.88,70.53,80,2.3375,3329.14
16383.88,67.95,70,0.0,3329.14
16383.88,68.7,70,0.0,3329.14
16383.88,66.98,88,0.0,3329.14
16383.88,66.83,88,1.2,3329.14
16383.88,66.78,82,0.0,3329.14
16383.88,66.49,82,1.2125,3329.14
16383.88,66.37,82,0.0,3329.14
16383.88,66.39,82,0.0,3329.14
16383.88,66.7,83,1.2125,3329.14
16383.88,66.61,81,0.0,3329.14
16383.88,69.08,81,0.0,3329.14
16383.88,68.52,81,1.2125,3329.14
16383.88,68.52,81,0.0,3329.14
16383.88,70.0,83,0.0,3329.14
16383.88,70.38,83,1.2125,3329.14
16383.88,67.59,71,1.2125,3329.14
16383.88,67.96,71,1.2125,3329.14
16383.88,67.24,86,0.0,3329.14
16383.88,67.23,86,1.225,3329.14
16383.88,67.51,82,1.225,3329.14
16383.88,67.69,82,0.0,3329.14
16383.88,67.66,82,0.0,3329.14
16383.88,67.77,82,1.2125,3329.14
16383.88,67.62,81,0.0,3329.14
16383.88,67.68,81,0.0,3329.14
16383.88,67.91,82,1.2125,3329.14
16383.88,70.94,82,0.0,3329.14
16383.88,70.61,83,0.0,3329.14
16383.88,70.61,83,1.2125,3329.14
16383.88,71.19,83,0.0,3329.14
16383.88,70.49,81,2.425,3329.14
16383.88,72.3,67,0.0,3329.14
16383.88,71.56,67,0.0,3329.14
16383.88,71.64,81,0.0,3329.14
16383.88,71.64,81,1.2125,3329.14
16383.88,71.3,80,0.0,3329.14
16383.88,71.16,80,0.0,3329.14
16383.88,70.94,80,1.2125,3329.14
16383.88,70.94,80,0.0,3329.14
16383.88,70.79,77,0.0,3329.14
16383.88,71.01,77,1.2125,3329.14
16383.88,71.12,79,0.0,3329.14
16383.88,69.12,79,0.0,3329.14
16383.88,69.77,82,0.0,3329.14
16383.88,72.43,82,2.4375,3329.14
16383.88,71.95,71,0.0,3329.14
16383.88,71.95,71,1.2125,3329.14
16383.88,71.88,83,0.0,3329.14
16383.88,71.88,83,0.0,3329.14
16383.88,71.55,80,1.2125,3329.14
16383.88,72.1,80,0.0,3329.14
16383.88,72.18,82,1.1875,3329.14
16383.88,72.24,82,0.0,3329.14
16383.88,72.22,82,1.2,3329.14
16383.88,72.16,82,0.0,3329.14
16383.88,71.7,80,0.0,3329.14
16383.88,69.05,80,1.2125,3329.14
16383.88,69.78,80,1.2125,3329.14
16383.88,69.75,72,1.2125,3329.14
16383.88,72.0,72,0.0,3329.14
16383.88,71.66,83,0.0,3329.14
16383.88,71.58,83,0.0,3329.14
16383.88,71.76,83,1.225,3329.14
16383.88,72.07,83,0.0,3329.14
16383.88,72.4,84,0.0,3329.14
16383.88,72.92,84,0.0,3329.14
16383.88,73.17,83,1.2125,3329.14
16383.88,73.41,83,0.0,3329.14
16383.88,73.56,83,0.0,3329.14
16383.88,71.73,83,0.0,3329.14
16383.88,72.66,83,2.425,3329.14
16383.88,70.92,83,0.0,3329.14
16383.88,69.35,74,0.0,3329.14
16383.88,69.11,74,1.2125,3329.14
16383.88,68.95,84,0.0,3329.14
16383.88,68.54,84,0.0,3329.14
16383.88,68.34,82,0.0,3329.14
16383.88,68.18,82,1.2125,3329.14
16383.88,68.08,84,0.0,3329.14
16383.88,67.9,84,1.2125,3329.14
16383.88,67.43,83,0.0,3329.14
16383.88,67.05,83,1.2375,3329.14
16383.88,68.58,83,0.0,3329.14
16383.88,69.95,80,0.0,3329.14
16383.88,70.83,80,1.2375,3329.14
16383.88,69.9,74,1.25,3329.14
16383.88,69.55,74,0.0,3329.14
16383.88,69.82,81,0.0,3329.14
16383.88,69.76,81,0.0,3329.14
16383.88,69.67,83,1.2375,3329.14
16383.88,69.77,83,0.0,3329.14
16383.88,69.64,83,0.0,3329.14
16383.88,69.64,81,0.0,3329.14
16383.88,69.7,81,1.25,3329.14
16383.88,69.68,82,0.0,3329.14
16383.88,69.61,82,0.0,3329.14
16383.88,68.81,82,1.25,3329.14
16383.88,69.8,82,0.0,3329.14
16383.88,70.14,82,2.4875,3329.14
16383.88,69.54,82,0.0,3329.14
16383.88,68.22,65,0.0,3329.14
16383.88,67.88,65,0.0,3329.14
16383.88,67.78,79,1.25,3329.14
16383.88,68.09,79,1.2375,3329.14
16383.88,67.8,81,0.0,3329.14
16383.88,67.65,81,0.0,3329.14
16383.88,67.94,80,0.0,3329.14
16383.88,67.94,80,1.2375,3329.14
16383.88,68.23,82,0.0,3329.14
16383.88,68.57,82,0.0,3329.14
16383.88,69.7,82,0.0,3329.14
16383.88,70.07,83,1.25,3329.14
16383.88,71.9,83,1.2375,3329.14
16383.88,70.92,72,0.0,3329.14
16383.88,70.92,72,1.2375,3329.14
16383.88,71.03,81,0.0,3329.14
16383.88,70.94,81,0.0,3329.14
16383.88,70.61,81,0.0,3329.14
16383.88,70.42,81,0.0,3329.14
16383.88,70.28,77,1.25,3329.14
16383.88,69.81,77,0.0,3329.14
16383.88,70.19,79,0.0,3329.14
16383.88,70.11,79,2.4875,3329.14
16383.88,70.11,79,0.0,3329.14
16383.88,68.36,80,0.0,3329.14
16383.88,69.09,80,0.0,3329.14
16383.88,66.89,78,2.4875,3329.14
16383.88,65.44,78,0.0,3329.14
16383.88,65.44,68,1.225,3329.14
16383.88,65.8,68,0.0,3329.14
16383.88,65.84,82,0.0,3329.14
16383.88,65.67,82,0.0,3329.14
16383.88,66.17,79,1.225,3329.14
16383.88,65.93,79,0.0,3329.14
16383.88,66.01,82,0.0,3329.14
16383.88,66.17,82,0.0,3329.14
16383.88,66.27,82,1.2125,3329.14
16383.88,68.93,82,0.0,3329.14
16383.88,70.27,82,0.0,3329.14
16383.88,69.87,81,2.425,3329.14
16383.88,70.47,81,0.0,3329.14
16383.88,69.68,73,0.0,3329.14
16383.88,69.23,73,1.2125,3329.14
16383.88,69.44,77,0.0,3329.14
16383.88,69.71,77,0.0,3329.14
16383.88,69.92,83,1.2125,3329.14
16383.88,70.03,83,0.0,3329.14
16383.88,69.83,82,0.0,3329.14
16383.88,69.68,82,0.0,3329.14
16383.88,69.87,82,1.225,3329.14
16383.88,70.12,82,0.0,3329.14
16383.88,69.2,81,0.0,3329.14
16383.88,70.4,81,0.0,3329.14
16383.88,70.68,80,3.65,3329.14
16383.88,67.57,80,0.0,3329.14
16383.88,66.75,72,0.0,3329.14
16383.88,66.23,72,0.0,3329.14
16383.88,65.99,81,1.225,3329.14
16383.88,66.12,81,0.0,3329.14
16383.88,65.96,79,0.0,3329.14
16383.88,65.98,80,0.0,3329.14
16383.88,66.4,80,1.2125,3329.14
16383.88,66.41,82,0.0,3329.14
16383.88,66.62,82,0.0,3329.14
16383.88,69.7,83,0.0,3329.14
16383.88,70.72,83,2.425,3329.14
16383.88,70.98,82,0.0,3329.14
16383.88,71.14,82,0.0,3329.14
16383.88,70.31,78,2.4125,3329.14
16383.88,69.92,78,0.0,3329.14
16383.88,69.86,65,0.0,3329.14
16383.88,69.82,65,0.0,3329.14
16383.88,69.19,81,1.225,3329.14
16383.88,69.34,81,0.0,3329.14
16383.88,69.34,82,0.0,3329.14
16383.88,69.08,82,0.0,3329.14
16383.88,68.58,82,1.225,3329.14
16383.88,68.5,82,0.0,3329.14
16383.88,68.21,81,0.0,3329.14
16383.88,68.21,81,0.0,3329.14
16383.88,69.29,81,0.0,3329.14
16383.88,69.82,80,1.225,3329.14
16383.88,69.72,80,1.2,3329.14
16383.88,68.96,81,0.0,3329.14
16383.88,68.96,67,1.2125,3329.14
16383.88,67.95,67,0.0,3329.14
16383.88,67.87,80,1.2125,3329.14
16383.88,67.87,80,0.0,3329.14
16383.88,68.31,81,1.2125,3329.14
16383.88,68.66,81,0.0,3329.14
16383.88,68.37,82,0.0,3329.14
16383.88,68.28,82,1.225,3329.14
16383.88,68.47,80,0.0,3329.14
16383.88,68.52,80,0.0,3329.14
16383.88,69.68,82,0.0,3329.14
16383.88,70.14,82,2.425,3329.14
16383.88,70.39,82,0.0,3329.14
16383.88,69.52,82,0.0,3329.14
16383.88,69.34,73,1.225,3329.14
16383.88,68.99,73,0.0,3329.14
16383.88,68.71,82,0.0,3329.14
16383.88,68.49,82,1.2125,3329.14
16383.88,68.29,80,0.0,3329.14
16383.88,68.25,80,0.0,3329.14
16383.88,68.13,81,0.0,3329.14
16383.88,68.27,82,1.2125,3329.14
16383.88,67.97,82,0.0,3329.14
16383.88,69.14,80,0.0,3329.14
16383.88,69.31,80,1.2125,3329.14
16383.88,68.93,79,2.425,3329.14
16383.88,70.24,79,0.0,3329.14
16383.88,69.7,74,0.0,3329.14
16383.88,69.92,74,0.0,3329.14
16383.88,69.82,82,1.2125,3329.14
16383.88,70.05,82,0.0,3329.14
16383.88,69.92,79,0.0,3329.14
16383.88,69.8,79,1.2125,3329.14
16383.88,70.35,79,1.2125,3329.14
16383.88,70.16,79,0.0,3329.14
16383.88,70.59,83,0.0,3329.14
16383.88,71.05,83,1.2125,3329.14
16383.88,70.08,83,0.0,3329.14
16383.88,70.8,83,0.0,3329.14
16383.88,70.91,83,1.2125,3329.14
16383.88,69.08,77,1.2125,3329.14
16383.88,69.76,77,0.0,3329.14
16383.88,68.61,85,0.0,3329.14
16383.88,68.09,85,0.0,3329.14
16383.88,67.45,83,1.2125,3329.14
16383.88,67.31,83,0.0,3329.14
16383.88,67.28,81,0.0,3329.14
16383.88,67.3,81,0.0,3329.14
16383.88,67.29,81,1.2125,3329.14
16383.88,67.24,81,0.0,3329.14
16383.88,69.16,81,1.2125,3329.14
16383.88,68.43,83,1.2125,3329.14
16383.88,69.66,81,0.0,3329.14
16383.88,70.04,81,0.0,3329.14
16383.88,70.04,81,1.2125,3329.14
16383.88,68.81,80,1.1375,3329.14
16383.88,67.6,80,0.0,3329.14
16383.88,67.58,67,1.25,3329.14
16383.88,67.28,67,0.0,3329.14
16383.88,67.28,83,0.0,3329.14
16383.88,67.23,83,0.0,3329.14
16383.88,67.29,80,0.0,3329.14
16383.88,67.24,80,1.225,3329.14
16383.88,67.29,82,0.0,3329.14
16383.88,67.42,82,0.0,3329.14
16383.88,67.61,81,1.1875,3329.14
16383.88,67.78,81,0.0,3329.14
16383.88,70.19,82,0.0,3329.14
16383.88,70.34,81,2.4375,3329.14
16383.88,70.21,81,0.0,3329.14
16383.88,69.01,73,0.0,3329.14
16383.88,68.8,73,0.0,3329.14
16383.88,68.65,83,1.2125,3329.14
16383.88,68.75,83,0.0,3329.14
16383.88,68.83,83,0.0,3329.14
16383.88,68.71,83,2.425,3329.14
16383.88,68.8,83,0.0,3329.14
16383.88,68.92,83,0.0,3329.14
16383.88,68.85,82,1.2125,3329.14
16383.88,68.79,82,0.0,3329.14
16383.88,69.38,83,0.0,3329.14
16383.88,70.54,83,0.0,3329.14
16383.88,70.94,79,1.225,3329.14
16383.88,71.48,79,1.2125,3329.14
16383.88,70.35,70,0.0,3329.14
16383.88,69.14,70,1.225,3329.14
16383.88,68.86,89,0.0,3329.14
16383.88,68.86,89,0.0,3329.14
16383.88,68.87,81,1.2125,3329.14
16383.88,68.87,83,0.0,3329.14
16383.88,68.67,83,0.0,3329.14
16383.88,68.67,80,0.0,3329.14
16383.88,68.31,80,1.2125,3329.14
16383.88,68.36,81,0.0,3329.14
16383.88,69.35,81,0.0,3329.14
16383.88,70.4,84,1.2125,3329.14
16383.88,70.73,84,0.0,3329.14
16383.88,70.83,80,0.0,3329.14
16383.88,68.83,80,2.4875,3329.14
16383.88,67.42,73,0.0,3329.14
16383.88,66.81,73,1.2125,3329.14
16383.88,66.62,81,0.0,3329.14
16383.88,66.6,81,0.0,3329.14
16383.88,66.55,83,0.0,3329.14
16383.88,66.29,83,1.2125,3329.14
16383.88,66.48,82,0.0,3329.14
16383.88,66.51,82,0.0,3329.14
16383.88,66.61,82,1.2125,3329.14
16383.88,66.57,82,0.0,3329.14
16383.88,66.57,80,0.0,3329.14
16383.88,70.0,80,1.225,3329.14
16383.88,70.5,82,2.4375,3329.14
16383.88,66.87,82,0.0,3329.14
16383.88,66.87,70,1.2125,3329.14
16383.88,67.0,70,0.0,3329.14
16383.88,66.81,80,0.0,3329.14
16383.88,66.65,80,0.0,3329.14
16383.88,66.41,80,1.2125,3329.14
16383.88,66.24,80,0.0,3329.14
16383.88,66.4,80,0.0,3329.14
16383.88,66.49,80,0.0,3329.14
16383.88,66.67,83,1.225,3329.14
16383.88,66.75,83,0.0,3329.14
16383.88,69.47,83,0.0,3329.14
16383.88,70.78,83,0.0,3329.14
16383.88,70.72,83,2.4375,3329.14
16383.88,71.05,83,1.225,3329.14
16383.88,70.16,72,0.0,3329.14
16383.88,70.13,72,0.0,3329.14
16383.88,69.92,82,0.0,3329.14
16383.88,70.07,82,0.0,3329.14
16383.88,69.91,82,1.225,3329.14
16383.88,69.78,82,0.0,3329.14
16383.88,69.59,82,0.0,3329.14
16383.88,69.73,82,0.0,3329.14
16383.88,70.05,82,1.225,3329.14
16383.88,69.86,83,0.0,3329.14
16383.88,70.79,83,0.0,3329.14
16383.88,70.87,82,2.4375,3329.14
16383.88,73.69,82,0.0,3329.14
16383.88,72.65,71,0.0,3329.14
16383.88,71.9,71,1.225,3329.14
16383.88,71.99,77,0.0,3329.14
16383.88,71.97,77,0.0,3329.14
16383.88,71.76,81,0.0,3329.14
16383.88,71.6,81,2.4375,3329.14
16383.88,71.28,81,0.0,3329.14
16383.88,71.0,81,0.0,3329.14
16383.88,71.0,81,1.2125,3329.14
16383.88,71.11,80,0.0,3329.14
16383.88,68.54,80,0.0,3329.14
16383.88,69.54,80,0.0,3329.14
16383.88,69.96,82,2.3375,3329.14
16383.88,71.44,82,1.2125,3329.14
16383.88,71.73,77,0.0,3329.14
16383.88,71.42,77,0.0,3329.14
16383.88,71.21,80,0.0,3329.14
16383.88,71.77,80,1.2125,3329.14
16383.88,71.77,82,0.0,3329.14
16383.88,71.72,82,0.0,3329.14
16383.88,71.47,81,1.2125,3329.14
16383.88,71.49,81,0.0,3329.14
16383.88,71.57,80,0.0,3329.14
16383.88,71.65,80,1.225,3329.14
16383.88,70.27,82,0.0,3329.14
16383.88,70.37,82,0.0,3329.14
16383.88,71.09,81,0.0,3329.14
16383.88,71.4,81,2.425,3329.14
16383.88,71.38,82,0.0,3329.14
16383.88,73.89,73,2.4375,3329.14
16383.88,73.76,73,0.0,3329.14
16383.88,73.67,83,0.0,3329.14
16383.88,73.03,83,0.0,3329.14
16383.88,72.67,78,1.2,3329.14
16383.88,72.72,78,0.0,3329.14
16383.88,72.06,77,0.0,3329.14
16383.88,72.13,77,1.225,3329.14
16383.88,72.03,82,0.0,3329.14
16383.88,71.71,82,0.0,3329.14
16383.88,69.25,83,0.0,3329.14
16383.88,69.58,83,1.225,3329.14
16383.88,69.55,82,1.2125,3329.14
16383.88,71.94,82,1.2125,3329.14
16383.88,71.19,78,0.0,3329.14
16383.88,71.58,78,0.0,3329.14
16383.88,71.49,81,1.225,3329.14
16383.88,71.84,81,0.0,3329.14
16383.88,71.52,83,0.0,3329.14
16383.88,71.55,83,0.0,3329.14
16383.88,71.2,83,0.0,3329.14
16383.88,71.25,81,1.2125,3329.14
16383.88,71.34,81,0.0,3329.14
16383.88,69.11,83,0.0,3329.14
16383.88,69.11,83,1.2125,3329.14
16383.88,70.45,83,0.0,3329.14
16383.88,70.59,83,0.0,3329.14
16383.88,70.79,83,2.4125,3329.14
16383.88,70.39,82,1.2125,3329.14
16383.88,69.07,82,0.0,3329.14
16383.88,68.86,75,0.0,3329.14
16383.88,68.94,75,1.2125,3329.14
16383.88,69.17,79,0.0,3329.14
16383.88,69.18,79,0.0,3329.14
16383.88,68.92,82,1.2125,3329.14
16383.88,68.9,82,0.0,3329.14
16383.88,68.64,81,0.0,3329.14
16383.88,68.0,81,0.0,3329.14
16383.88,68.32,80,1.2125,3329.14
16383.88,69.86,83,0.0,3329.14
16383.88,69.92,83,0.0,3329.14
16383.88,67.88,77,2.425,3329.14
16383.88,66.57,77,0.0,3329.14
16383.88,66.42,78,1.2125,3329.14
16383.88,66.54,78,0.0,3329.14
16383.88,66.32,83,0.0,3329.14
16383.88,66.4,83,0.0,3329.14
16383.88,66.89,82,1.2125,3329.14
16383.88,66.92,82,0.0,3329.14
16383.88,66.8,81,0.0,3329.14
16383.88,66.79,81,1.2125,3329.14
16383.88,66.75,80,0.0,3329.14
16383.88,68.5,80,0.0,3329.14
16383.88,70.11,81,0.0,3329.14
16383.88,70.37,81,2.425,3329.14
16383.88,67.82,71,1.2125,3329.14
16383.88,66.24,83,1.2125,3329.14
16383.88,65.91,83,0.0,3329.14
16383.88,65.58,79,0.0,3329.14
16383.88,65.7,79,0.0,3329.14
16383.88,65.71,80,1.225,3329.14
16383.88,65.84,80,0.0,3329.14
16383.88,66.0,82,0.0,3329.14
16383.88,66.0,82,0.0,3329.14
16383.88,66.12,82,1.225,3329.14
16383.88,66.08,81,0.0,3329.14
16383.88,68.64,81,0.0,3329.14
16383.88,70.37,83,0.0,3329.14
16383.88,70.36,83,2.4375,3329.14
16383.88,68.54,75,0.0,3329.14
16383.88,67.75,75,0.0,3329.14
16383.88,67.3,71,1.225,3329.14
16383.88,67.36,71,0.0,3329.14
16383.88,67.42,82,0.0,3329.14
16383.88,66.89,82,0.0,3329.14
16383.88,66.67,80,1.2125,3329.14
16383.88,66.51,80,0.0,3329.14
16383.88,66.32,80,1.2125,3329.14
16383.88,66.18,81,0.0,3329.14
16383.88,68.08,81,1.2125,3329.14
16383.88,68.98,81,0.0,3329.14
16383.88,69.54,81,0.0,3329.14
16383.88,68.21,78,2.425,3329.14
16383.88,66.54,78,1.2,3329.14
16383.88,66.89,76,0.0,3329.14
16383.88,66.86,76,0.0,3329.14
16383.88,66.82,82,1.2125,3329.14
16383.88,66.8,82,0.0,3329.14
16383.88,67.06,81,0.0,3329.14
16383.88,67.32,81,0.0,3329.14
16383.88,67.45,83,1.2125,3329.14
16383.88,67.53,83,0.0,3329.14
16383.88,67.47,82,0.0,3329.14
16383.88,68.64,82,1.2125,3329.14
16383.88,70.77,83,0.0,3329.14
16383.88,68.05,70,1.225,3329.14
16383.88,66.72,70,1.2125,3329.14
16383.88,66.75,85,0.0,3329.14
16383.88,66.51,85,0.0,3329.14
16383.88,66.26,82,1.2125,3329.14
16383.88,65.97,82,0.0,3329.14
16383.88,66.04,82,0.0,3329.14
16383.88,66.16,82,0.0,3329.14
16383.88,66.37,82,1.2125,3329.14
16383.88,66.37,82,1.2125,3329.14
16383.88,66.32,82,0.0,3329.14
16383.88,65.9,81,1.2125,3329.14
16383.88,68.5,81,0.0,3329.14
16383.88,70.28,78,1.1625,3329.14
16383.88,70.56,78,1.2375,3329.14
16383.88,66.36,67,0.0,3329.14
16383.88,66.36,67,1.2125,3329.14
16383.88,66.5,77,0.0,3329.14
16383.88,66.25,77,0.0,3329.14
16383.88,65.66,80,0.0,3329.14
16383.88,65.47,81,0.0,3329.14
16383.88,65.67,81,1.225,3329.14
16383.88,65.52,82,0.0,3329.14
16383.88,65.38,82,0.0,3329.14
16383.88,65.35,81,0.0,3329.14
16383.88,68.37,81,1.2125,3329.14
16383.88,69.72,83,0.0,3329.14
16383.88,69.71,83,3.625,3329.14
16383.88,66.91,67,0.0,3329.14
16383.88,65.96,67,0.0,3329.14
16383.88,65.73,80,0.0,3329.14
16383.88,65.66,80,0.0,3329.14
16383.88,65.66,82,1.2125,3329.14
16383.88,65.83,82,0.0,3329.14
16383.88,65.85,79,0.0,3329.14
16383.88,65.75,79,0.0,3329.14
16383.88,65.64,82,1.2125,3329.14
16383.88,65.82,82,0.0,3329.14
16383.88,68.66,80,0.0,3329.14
16383.88,68.66,78,0.0,3329.14
16383.88,70.31,78,1.225,3329.14
16383.88,68.02,73,1.225,3329.14
16383.88,68.31,73,0.0,3329.14
16383.88,67.69,73,1.225,3329.14
16383.88,67.53,86,0.0,3329.14
16383.88,67.69,83,0.0,3329.14
16383.88,67.68,83,0.0,3329.14
16383.88,67.58,83,1.2,3329.14
16383.88,67.58,80,0.0,3329.14
16383.88,67.92,80,0.0,3329.14
16383.88,67.92,85,1.2125,3329.14
16383.88,68.54,85,0.0,3329.14
16383.88,68.21,84,0.0,3329.14
16383.88,70.83,84,0.0,3329.14
16383.88,70.28,84,2.4375,3329.14
16383.88,70.99,84,0.0,3329.14
16383.88,69.1,83,2.4375,3329.14
16383.88,67.68,72,0.0,3329.14
16383.88,67.41,72,0.0,3329.14
16383.88,67.41,83,0.0,3329.14
16383.88,67.16,83,1.2125,3329.14
16383.88,66.9,83,0.0,3329.14
16383.88,66.92,83,0.0,3329.14
16383.88,66.55,82,1.2125,3329.14
16383.88,66.69,82,0.0,3329.14
16383.88,66.76,83,0.0,3329.14
16383.88,66.72,83,0.0,3329.14
16383.88,68.7,83,1.2125,3329.14
16383.88,70.26,83,0.0,3329.14
16383.88,70.57,83,1.2125,3329.14
16383.88,72.44,83,0.0,3329.14
16383.88,72.73,81,1.2125,3329.14
16383.88,72.55,81,0.0,3329.14
16383.88,72.52,84,0.0,3329.14
16383.88,73.02,84,0.0,3329.14
16383.88,73.03,84,1.2375,3329.14
16383.88,73.03,84,1.2375,3329.14
16383.88,73.01,84,0.0,3329.14
16383.88,73.01,83,0.0,3329.14
16383.88,73.01,83,1.25,3329.14
16383.88,73.17,83,0.0,3329.14
16383.88,71.04,83,0.0,3329.14
16383.88,70.76,83,0.0,3329.14
16383.88,71.03,84,1.2375,3329.14
16383.88,71.2,84,1.25,3329.14
16383.88,69.59,78,0.0,3329.14
16383.88,69.7,78,1.25,3329.14
16383.88,68.96,81,0.0,3329.14
16383.88,68.79,81,0.0,3329.14
16383.88,68.7,84,1.25,3329.14
16383.88,68.55,84,0.0,3329.14
16383.88,68.38,84,0.0,3329.14
16383.88,68.74,84,1.25,3329.14
16383.88,68.74,84,0.0,3329.14
16383.88,68.56,84,0.0,3329.14
16383.88,70.25,84,0.0,3329.14
16383.88,69.69,82,1.2375,3329.14
16383.88,70.52,82,0.0,3329.14
16383.88,70.69,82,0.0,3329.14
16383.88,67.93,83,2.4875,3329.14
16383.88,66.56,83,0.0,3329.14
16383.88,66.41,73,1.2375,3329.14
16383.88,66.41,73,0.0,3329.14
16383.88,66.41,83,0.0,3329.14
16383.88,66.45,83,0.0,3329.14
16383.88,66.49,84,1.2375,3329.14
16383.88,66.42,84,0.0,3329.14
16383.88,66.22,83,0.0,3329.14
16383.88,66.56,83,1.25,3329.14
16383.88,66.56,84,0.0,3329.14
16383.88,66.5,84,0.0,3329.14
16383.88,69.07,83,1.2375,3329.14
16383.88,70.36,81,0.0,3329.14
16383.88,72.81,81,1.1875,3329.14
16383.88,71.37,75,0.0,3329.14
16383.88,71.26,75,1.2375,3329.14
16383.88,71.24,82,0.0,3329.14
16383.88,71.27,82,0.0,3329.14
16383.88,71.15,80,0.0,3329.14
16383.88,71.25,80,1.25,3329.14
16383.88,71.34,82,0.0,3329.14
16383.88,71.57,82,0.0,3329.14
16383.88,71.57,82,1.2375,3329.14
16383.88,71.7,79,0.0,3329.14
16383.88,72.01,79,0.0,3329.14
16383.88,69.29,79,0.0,3329.14
16383.88,70.65,79,1.2125,3329.14
16383.88,70.68,80,2.425,3329.14
16383.88,70.91,80,0.0,3329.14
16383.88,71.71,76,1.2125,3329.14
16383.88,70.83,76,0.0,3329.14
16383.88,70.09,85,0.0,3329.14
16383.88,70.06,81,0.0,3329.14
16383.88,70.52,81,1.2125,3329.14
16383.88,70.61,80,0.0,3329.14
16383.88,70.59,80,0.0,3329.14
16383.88,70.76,80,1.2125,3329.14
16383.88,70.96,80,0.0,3329.14
16383.88,70.6,80,0.0,3329.14
16383.88,69.73,80,0.0,3329.14
16383.88,70.36,81,1.2125,3329.14
16383.88,70.12,81,0.0,3329.14
16383.88,70.29,81,1.2,3329.14
16383.88,72.72,69,0.0,3329.14
16383.88,72.06,69,1.2125,3329.14
16383.88,71.53,82,0.0,3329.14
16383.88,71.54,82,0.0,3329.14
16383.88,71.3,82,1.2125,3329.14
16383.88,71.44,82,1.2125,3329.14
16383.88,71.42,82,0.0,3329.14
16383.88,71.42,82,0.0,3329.14
16383.88,71.62,82,1.2125,3329.14
16383.88,72.22,83,0.0,3329.14
16383.88,71.94,83,0.0,3329.14
16383.88,69.38,80,0.0,3329.14
16383.88,69.5,80,2.4375,3329.14
16383.88,69.93,82,0.0,3329.14
16383.88,70.25,82,1.2125,3329.14
16383.88,69.88,69,0.0,3329.14
16383.88,69.78,69,0.0,3329.14
16383.88,69.74,80,0.0,3329.14
16383.88,69.51,80,1.2125,3329.14
16383.88,69.32,77,0.0,3329.14
16383.88,69.44,81,0.0,3329.14
16383.88,69.43,81,1.2125,3329.14
16383.88,69.64,82,0.0,3329.14
16383.88,69.53,82,0.0,3329.14
16383.88,69.11,80,0.0,3329.14
16383.88,69.85,80,1.2125,3329.14
16383.88,69.81,81,1.2125,3329.14
16383.88,71.6,81,1.2125,3329.14
16383.88,71.4,70,1.2125,3329.14
16383.88,71.2,70,0.0,3329.14
16383.88,71.17,80,0.0,3329.14
16383.88,71.08,80,0.0,3329.14
16383.88,71.14,82,1.2125,3329.14
16383.88,71.06,82,0.0,3329.14
16383.88,70.87,82,0.0,3329.14
16383.88,70.97,82,1.2125,3329.14
16383.88,70.66,80,0.0,3329.14
16383.88,68.67,79,0.0,3329.14
16383.88,69.26,79,0.0,3329.14
16383.88,69.79,81,2.2875,3329.14
16383.88,72.05,81,0.0,3329.14
16383.88,71.71,70,1.25,3329.14
16383.88,71.83,70,0.0,3329.14
16383.88,71.83,83,0.0,3329.14
16383.88,71.83,83,1.2125,3329.14
16383.88,71.51,83,0.0,3329.14
16383.88,71.51,81,0.0,3329.14
16383.88,71.66,81,0.0,3329.14
16383.88,71.64,80,1.2125,3329.14
16383.88,71.69,80,0.0,3329.14
16383.88,71.64,81,0.0,3329.14
16383.88,71.63,81,1.2125,3329.14
16383.88,69.47,83,0.0,3329.14
16383.88,69.85,83,2.425,3329.14
16383.88,69.82,82,0.0,3329.14
16383.88,68.69,72,0.0,3329.14
16383.88,68.81,72,1.2125,3329.14
16383.88,68.55,82,0.0,3329.14
16383.88,68.89,82,1.2125,3329.14
16383.88,68.68,78,1.2125,3329.14
16383.88,68.48,78,0.0,3329.14
16383.88,68.44,81,0.0,3329.14
16383.88,68.28,81,0.0,3329.14
16383.88,68.17,82,1.2125,3329.14
16383.88,68.19,82,0.0,3329.14
16383.88,69.38,82,0.0,3329.14
16383.88,69.65,82,2.4625,3329.14
16383.88,69.04,80,0.0,3329.14
16383.88,67.91,80,0.0,3329.14
16383.88,67.66,74,0.0,3329.14
16383.88,68.12,74,1.25,3329.14
16383.88,68.16,83,0.0,3329.14
16383.88,68.09,83,0.0,3329.14
16383.88,68.36,81,1.25,3329.14
16383.88,68.18,82,0.0,3329.14
16383.88,68.18,82,0.0,3329.14
16383.88,68.45,82,0.0,3329.14
16383.88,68.45,83,1.25,3329.14
16383.88,69.1,83,0.0,3329.14
16383.88,70.27,82,0.0,3329.14
16383.88,70.4,82,2.4875,3329.14
16383.88,68.67,78,0.0,3329.14
16383.88,67.25,78,0.0,3329.14
16383.88,67.02,76,0.0,3329.14
16383.88,67.05,76,1.2375,3329.14
16383.88,67.31,82,0.0,3329.14
16383.88,67.57,82,0.0,3329.14
16383.88,67.38,83,1.2375,3329.14
16383.88,67.07,83,0.0,3329.14
16383.88,67.24,79,0.0,3329.14
16383.88,67.08,82,0.0,3329.14
16383.88,69.09,82,1.2375,3329.14
16383.88,70.61,82,0.0,3329.14
16383.88,70.97,81,0.0,3329.14
16383.88,70.97,81,1.2375,3329.14
16383.88,66.58,71,1.25,3329.14
16383.88,66.58,71,0.0,3329.14
16383.88,66.25,80,0.0,3329.14
16383.88,65.93,80,1.2375,3329.14
16383.88,66.2,81,0.0,3329.14
16383.88,66.06,81,1.2375,3329.14
16383.88,65.68,82,0.0,3329.14
16383.88,65.9,82,0.0,3329.14
16383.88,65.68,81,1.25,3329.14
16383.88,65.46,81,0.0,3329.14
16383.88,65.31,79,0.0,3329.14
16383.88,67.97,79,0.0,3329.14
16383.88,69.42,81,1.2375,3329.14
16383.88,69.84,81,1.2375,3329.14
16383.88,67.33,70,0.0,3329.14
16383.88,66.09,83,0.0,3329.14
16383.88,66.17,83,1.2375,3329.14
16383.88,66.38,80,0.0,3329.14
16383.88,66.38,80,0.0,3329.14
16383.88,66.6,83,0.0,3329.14
16383.88,66.51,83,0.0,3329.14
16383.88,66.47,82,1.225,3329.14
16383.88,66.47,82,0.0,3329.14
16383.88,66.44,82,0.0,3329.14
16383.88,66.45,82,0.0,3329.14
16383.88,68.98,82,1.225,3329.14
16383.88,70.01,80,0.0,3329.14
16383.88,69.9,80,1.2,3329.14
16383.88,68.76,69,1.2375,3329.14
16383.88,67.74,69,0.0,3329.14
16383.88,67.69,84,0.0,3329.14
16383.88,67.56,84,1.225,3329.14
16383.88,67.65,82,0.0,3329.14
16383.88,67.63,82,0.0,3329.14
16383.88,67.63,82,0.0,3329.14
16383.88,67.85,82,0.0,3329.14
16383.88,68.11,82,1.225,3329.14
16383.88,68.31,83,0.0,3329.14
16383.88,69.58,83,0.0,3329.14
16383.88,70.46,83,0.0,3329.14
16383.88,70.32,83,2.45,3329.14
16383.88,72.56,68,0.0,3329.14
16383.88,70.88,68,0.0,3329.14
16383.88,70.89,90,1.2125,3329.14
16383.88,70.77,90,0.0,3329.14
16383.88,70.72,81,0.0,3329.14
16383.88,70.81,81,0.0,3329.14
16383.88,71.08,81,1.2125,3329.14
16383.88,71.03,81,0.0,3329.14
16383.88,71.63,83,0.0,3329.14
16383.88,71.63,83,2.4375,3329.14
16383.88,69.62,82,0.0,3329.14
16383.88,71.26,82,0.0,3329.14
16383.88,71.26,82,0.0,3329.14
16383.88,71.56,82,1.2125,3329.14
16383.88,71.91,83,1.2,3329.14
16383.88,68.85,83,1.2125,3329.14
16383.88,67.78,76,0.0,3329.14
16383.88,67.78,76,0.0,3329.14
16383.88,67.81,82,1.2125,3329.14
16383.88,67.31,82,0.0,3329.14
16383.88,66.79,79,0.0,3329.14
16383.88,66.98,79,0.0,3329.14
16383.88,67.2,83,1.2,3329.14
16383.88,67.2,83,0.0,3329.14
16383.88,67.11,84,0.0,3329.14
16383.88,67.29,83,1.2125,3329.14
16383.88,70.25,83,0.0,3329.14
16383.88,70.39,81,0.0,3329.14
16383.88,70.42,81,1.2125,3329.14
16383.88,70.33,77,1.2125,3329.14
16383.88,69.13,77,0.0,3329.14
16383.88,68.83,72,1.2125,3329.14
16383.88,68.55,72,1.2125,3329.14
16383.88,68.27,81,0.0,3329.14
16383.88,67.97,81,0.0,3329.14
16383.88,67.39,81,1.225,3329.14
16383.88,67.27,81,0.0,3329.14
16383.88,67.69,82,0.0,3329.14
16383.88,67.53,82,1.2125,3329.14
16383.88,67.72,82,0.0,3329.14
16383.88,68.07,82,0.0,3329.14
16383.88,69.47,79,1.225,3329.14
16383.88,69.67,79,1.225,3329.14
16383.88,69.09,80,0.0,3329.14
16383.88,67.89,76,0.0,3329.14
16383.88,67.77,76,1.2125,3329.14
16383.88,67.35,80,0.0,3329.14
16383.88,67.75,80,0.0,3329.14
16383.88,67.75,80,0.0,3329.14
16383.88,68.03,82,1.2125,3329.14
16383.88,67.83,82,0.0,3329.14
16383.88,68.21,80,0.0,3329.14
16383.88,68.39,80,1.2125,3329.14
16383.88,68.38,83,0.0,3329.14
16383.88,68.97,83,0.0,3329.14
16383.88,70.39,82,0.0,3329.14
16383.88,70.27,82,2.4375,3329.14
16383.88,69.25,73,0.0,3329.14
16383.88,70.39,73,2.425,3329.14
16383.88,68.88,80,0.0,3329.14
16383.88,68.77,80,0.0,3329.14
16383.88,68.82,82,1.2125,3329.14
16383.88,68.4,81,0.0,3329.14
16383.88,68.1,81,0.0,3329.14
16383.88,68.32,84,0.0,3329.14
16383.88,68.17,84,1.2,3329.14
16383.88,68.59,81,0.0,3329.14
16383.88,69.72,81,1.2125,3329.14
16383.88,68.89,79,0.0,3329.14
16383.88,70.25,79,0.0,3329.14
16383.88,70.35,83,0.0,3329.14
16383.88,70.36,83,2.4375,3329.14
16383.88,72.79,71,0.0,3329.14
16383.88,71.85,71,1.2,3329.14
16383.88,71.5,88,0.0,3329.14
16383.88,71.27,88,0.0,3329.14
16383.88,71.47,83,0.0,3329.14
16383.88,71.32,83,1.2125,3329.14
16383.88,71.63,81,0.0,3329.14
16383.88,71.63,81,0.0,3329.14
16383.88,71.52,81,1.2125,3329.14
16383.88,71.52,81,0.0,3329.14
16383.88,71.28,82,0.0,3329.14
16383.88,69.21,82,1.225,3329.14
16383.88,70.5,82,0.0,3329.14
16383.88,71.02,82,1.225,3329.14
16383.88,71.03,81,1.2125,3329.14
16383.88,71.23,81,1.225,3329.14
16383.88,70.3,72,0.0,3329.14
16383.88,70.33,72,0.0,3329.14
16383.88,70.25,81,0.0,3329.14
16383.88,70.05,81,0.0,3329.14
16383.88,69.81,81,1.225,3329.14
16383.88,69.83,81,0.0,3329.14
16383.88,69.61,83,0.0,3329.14
16383.88,69.46,83,1.2125,3329.14
16383.88,69.42,83,0.0,3329.14
16383.88,69.17,81,0.0,3329.14
16383.88,70.19,81,0.0,3329.14
16383.88,70.24,81,1.225,3329.14
16383.88,68.45,81,2.45,3329.14
16383.88,69.06,75,0.0,3329.14
16383.88,68.49,75,1.225,3329.14
16383.88,68.64,84,0.0,3329.14
16383.88,68.4,84,0.0,3329.14
16383.88,68.48,84,0.0,3329.14
16383.88,68.17,84,1.225,3329.14
16383.88,68.26,84,0.0,3329.14
16383.88,68.49,84,0.0,3329.14
16383.88,68.71,81,0.0,3329.14
16383.88,68.37,81,1.225,3329.14
16383.88,68.37,81,0.0,3329.14
16383.88,70.03,81,0.0,3329.14
16383.88,70.56,81,1.2125,3329.14
16383.88,70.71,81,1.225,3329.14
16383.88,69.15,75,0.0,3329.14
16383.88,67.46,75,1.225,3329.14
16383.88,67.35,75,0.0,3329.14
16383.88,67.01,75,0.0,3329.14
16383.88,66.88,79,1.225,3329.14
16383.88,66.57,79,0.0,3329.14
16383.88,66.98,80,0.0,3329.14
16383.88,67.3,80,0.0,3329.14
16383.88,67.12,82,0.0,3329.14
16383.88,67.03,82,1.2125,3329.14
16383.88,66.75,82,0.0,3329.14
16383.88,68.72,82,0.0,3329.14
16383.88,70.37,82,1.2125,3329.14
16383.88,70.54,82,1.2125,3329.14
16383.88,69.13,75,2.4375,3329.14
16383.88,67.63,73,0.0,3329.14
16383.88,67.26,73,0.0,3329.14
16383.88,67.0,81,0.0,3329.14
16383.88,66.52,81,1.2125,3329.14
16383.88,66.52,79,0.0,3329.14
16383.88,66.32,79,0.0,3329.14
16383.88,65.81,79,1.2125,3329.14
16383.88,65.64,79,0.0,3329.14
16383.88,65.75,80,0.0,3329.14
16383.88,67.27,80,1.225,3329.14
16383.88,67.27,80,0.0,3329.14
16383.88,69.04,80,0.0,3329.14
16383.88,69.45,80,2.4375,3329.14
16383.88,69.37,81,0.0,3329.14
16383.88,70.23,66,0.0,3329.14
16383.88,70.19,66,0.0,3329.14
16383.88,70.34,81,1.225,3329.14
16383.88,70.25,81,0.0,3329.14
16383.88,70.43,80,1.225,3329.14
16383.88,70.47,80,0.0,3329.14
16383.88,70.57,83,1.225,3329.14
16383.88,70.18,83,0.0,3329.14
16383.88,70.39,81,0.0,3329.14
16383.88,70.27,81,1.2125,3329.14
16383.88,69.27,81,0.0,3329.14
16383.88,70.07,81,1.1625,3329.14
16383.88,70.19,80,1.1625,3329.14
16383.88,71.89,80,0.0,3329.14
16383.88,71.8,70,0.0,3329.14
16383.88,71.84,70,1.2375,3329.14
16383.88,71.36,81,0.0,3329.14
16383.88,71.22,80,0.0,3329.14
16383.88,71.22,80,0.0,3329.14
16383.88,71.14,82,0.0,3329.14
16383.88,71.24,82,1.2,3329.14
16383.88,70.9,81,0.0,3329.14
16383.88,70.91,81,0.0,3329.14
16383.88,70.91,81,1.2125,3329.14
16383.88,68.98,81,0.0,3329.14
16383.88,69.42,81,1.225,3329.14
16383.88,69.23,82,0.0,3329.14
16383.88,71.37,82,1.225,3329.14
16383.88,69.79,80,0.0,3329.14
16383.88,69.28,80,0.0,3329.14
16383.88,69.19,79,1.2125,3329.14
16383.88,69.32,81,0.0,3329.14
16383.88,69.59,81,0.0,3329.14
16383.88,70.25,81,0.0,3329.14
16383.88,70.35,81,1.1875,3329.14
16383.88,70.3,83,0.0,3329.14
16383.88,70.34,83,1.2125,3329.14
16383.88,68.64,83,0.0,3329.14
16383.88,70.76,83,0.0,3329.14
16383.88,71.53,82,0.0,3329.14
16383.88,71.5,82,2.425,3329.14
16383.88,68.82,71,0.0,3329.14
16383.88,66.9,71,1.2125,3329.14
16383.88,66.62,80,0.0,3329.14
16383.88,66.41,80,1.2125,3329.14
16383.88,66.37,80,1.2125,3329.14
16383.88,66.41,82,0.0,3329.14
16383.88,66.73,82,0.0,3329.14
16383.88,66.17,82,0.0,3329.14
16383.88,65.83,82,1.2125,3329.14
16383.88,65.83,82,0.0,3329.14
16383.88,65.94,82,0.0,3329.14
16383.88,70.6,82,1.2125,3329.14
16383.88,70.65,82,0.0,3329.14
16383.88,67.77,82,2.4375,3329.14
16383.88,66.94,68,0.0,3329.14
16383.88,66.88,81,0.0,3329.14
16383.88,66.45,81,1.1875,3329.14
16383.88,66.13,81,0.0,3329.14
16383.88,66.13,81,0.0,3329.14
16383.88,66.24,81,0.0,3329.14
16383.88,66.38,80,1.2125,3329.14
16383.88,66.36,80,0.0,3329.14
16383.88,66.12,82,1.2125,3329.14
16383.88,66.12,82,0.0,3329.14
16383.88,65.96,81,0.0,3329.14
16383.88,69.86,81,0.0,3329.14
16383.88,69.86,79,2.35,3329.14
16383.88,70.06,79,0.0,3329.14
16383.88,67.33,67,1.25,3329.14
16383.88,66.74,85,0.0,3329.14
16383.88,66.74,85,0.0,3329.14
16383.88,66.7,85,1.2375,3329.14
16383.88,66.82,79,1.2125,3329.14
16383.88,66.37,82,0.0,3329.14
16383.88,66.55,82,0.0,3329.14
16383.88,66.58,82,1.2125,3329.14
16383.88,66.58,82,0.0,3329.14
16383.88,66.5,83,0.0,3329.14
16383.88,69.41,83,1.2125,3329.14
16383.88,70.42,82,0.0,3329.14
16383.88,70.32,82,0.0,3329.14
16383.88,69.89,81,2.425,3329.14
16383.88,66.97,81,0.0,3329.14
16383.88,65.81,74,1.2125,3329.14
16383.88,65.72,74,0.0,3329.14
16383.88,65.5,79,0.0,3329.14
16383.88,65.43,79,1.2125,3329.14
16383.88,65.5,80,0.0,3329.14
16383.88,65.43,80,0.0,3329.14
16383.88,65.67,83,1.2125,3329.14
16383.88,65.42,83,0.0,3329.14
16383.88,65.75,82,0.0,3329.14
16383.88,66.52,82,0.0,3329.14
16383.88,69.25,82,1.2125,3329.14
16383.88,70.76,82,0.0,3329.14
16383.88,70.7,82,0.0,3329.14
16383.88,70.61,82,2.4375,3329.14
16383.88,67.21,64,1.2125,3329.14
16383.88,65.97,83,0.0,3329.14
16383.88,65.67,83,0.0,3329.14
16383.88,65.52,82,0.0,3329.14
16383.88,65.52,82,0.0,3329.14
16383.88,65.09,82,1.175,3329.14
16383.88,65.41,82,0.0,3329.14
16383.88,65.17,80,0.0,3329.14
16383.88,65.39,80,2.4375,3329.14
16383.88,65.76,82,0.0,3329.14
16383.88,68.88,82,0.0,3329.14
16383.88,70.43,82,0.0,3329.14
16383.88,70.53,82,2.425,3329.14
16383.88,70.48,68,0.0,3329.14
16383.88,68.75,68,1.2125,3329.14
16383.88,68.59,89,0.0,3329.14
16383.88,68.61,89,0.0,3329.14
16383.88,68.28,83,1.2125,3329.14
16383.88,68.44,83,0.0,3329.14
16383.88,68.72,83,0.0,3329.14
16383.88,68.71,83,0.0,3329.14
16383.88,68.36,81,1.2125,3329.14
16383.88,68.34,81,0.0,3329.14
16383.88,68.51,82,0.0,3329.14
16383.88,68.66,82,1.2125,3329.14
16383.88,70.39,80,0.0,3329.14
16383.88,70.81,80,1.1875,3329.14
16383.88,70.56,82,0.0,3329.14
16383.88,72.67,71,1.2125,3329.14
16383.88,72.17,71,0.0,3329.14
16383.88,71.75,80,0.0,3329.14
16383.88,72.24,80,0.0,3329.14
16383.88,72.28,82,1.2125,3329.14
16383.88,72.05,82,0.0,3329.14
16383.88,71.87,79,0.0,3329.14
16383.88,71.93,79,1.2375,3329.14
16383.88,71.61,82,1.2,3329.14
16383.88,71.84,82,0.0,3329.14
16383.88,69.72,81,0.0,3329.14
16383.88,70.17,81,1.2125,3329.14
16383.88,69.74,78,1.2125,3329.14
16383.88,71.74,78,1.2125,3329.14
16383.88,71.71,75,0.0,3329.14
16383.88,71.37,75,0.0,3329.14
16383.88,70.93,78,0.0,3329.14
16383.88,71.22,78,1.2125,3329.14
16383.88,71.11,79,0.0,3329.14
16383.88,71.18,79,0.0,3329.14
16383.88,71.25,80,1.2125,3329.14
16383.88,71.38,80,0.0,3329.14
16383.88,71.4,83,0.0,3329.14
16383.88,72.04,83,1.2125,3329.14
16383.88,70.55,82,0.0,3329.14
16383.88,70.3,83,0.0,3329.14
16383.88,71.01,83,1.2125,3329.14
16383.88,70.91,83,0.0,3329.14
16383.88,73.14,83,2.425,3329.14
16383.88,71.67,77,0.0,3329.14
16383.88,71.68,77,0.0,3329.14
16383.88,71.47,83,0.0,3329.14
16383.88,71.42,83,1.2125,3329.14
16383.88,71.43,83,0.0,3329.14
16383.88,71.17,83,0.0,3329.14
16383.88,71.27,83,1.2125,3329.14
16383.88,71.38,83,0.0,3329.14
16383.88,71.25,81,0.0,3329.14
16383.88,71.38,81,1.2125,3329.14
16383.88,69.57,82,0.0,3329.14
16383.88,71.28,82,0.0,3329.14
16383.88,71.28,82,0.0,3329.14
16383.88,71.4,81,2.425,3329.14
16383.88,73.14,81,0.0,3329.14
16383.88,72.72,70,2.45,3329.14
16383.88,72.72,70,0.0,3329.14
16383.88,72.87,80,0.0,3329.14
16383.88,72.57,80,0.0,3329.14
16383.88,72.57,82,1.225,3329.14
16383.88,72.72,82,0.0,3329.14
16383.88,72.44,82,0.0,3329.14
16383.88,71.99,82,0.0,3329.14
16383.88,72.09,82,0.0,3329.14
16383.88,72.3,82,0.0,3329.14
16383.88,70.57,82,1.225,3329.14
16383.88,70.76,82,0.0,3329.14
16383.88,70.53,82,1.2125,3329.14
16383.88,69.4,74,0.0,3329.14
16383.88,69.22,74,1.2125,3329.14
16383.88,69.12,81,0.0,3329.14
16383.88,69.15,81,0.0,3329.14
16383.88,69.59,80,0.0,3329.14
16383.88,69.51,80,1.2125,3329.14
16383.88,69.09,81,0.0,3329.14
16383.88,68.95,81,0.0,3329.14
16383.88,69.19,82,1.2125,3329.14
16383.88,69.24,82,1.2125,3329.14
16383.88,69.42,83,0.0,3329.14
16383.88,70.52,83,0.0,3329.14
16383.88,70.77,82,2.425,3329.14
16383.88,69.08,82,0.0,3329.14
16383.88,69.54,76,0.0,3329.14
16383.88,68.43,84,1.2125,3329.14
16383.88,68.47,84,0.0,3329.14
16383.88,68.78,84,0.0,3329.14
16383.88,68.8,81,0.0,3329.14
16383.88,68.41,80,1.225,3329.14
16383.88,68.5,80,0.0,3329.14
16383.88,68.49,82,0.0,3329.14
16383.88,68.75,82,1.2125,3329.14
16383.88,70.47,82,0.0,3329.14
16383.88,70.26,82,0.0,3329.14
16383.88,71.15,82,0.0,3329.14
16383.88,71.08,82,1.225,3329.14
16383.88,71.02,84,1.225,3329.14
16383.88,73.21,84,0.0,3329.14
16383.88,72.62,72,1.225,3329.14
16383.88,72.63,72,0.0,3329.14
16383.88,72.33,79,0.0,3329.14
16383.88,71.89,79,0.0,3329.14
16383.88,71.85,79,1.2125,3329.14
16383.88,71.8,79,1.2125,3329.14
16383.88,71.43,81,0.0,3329.14
16383.88,71.62,81,1.2125,3329.14
16383.88,71.59,82,0.0,3329.14
16383.88,71.42,82,0.0,3329.14
16383.88,69.19,82,1.2125,3329.14
16383.88,69.69,81,0.0,3329.14
16383.88,69.82,82,2.425,3329.14
16383.88,72.28,69,1.2125,3329.14
16383.88,72.17,69,0.0,3329.14
16383.88,72.3,82,0.0,3329.14
16383.88,72.44,82,1.2125,3329.14
16383.88,72.04,82,0.0,3329.14
16383.88,71.95,82,0.0,3329.14
16383.88,71.99,82,1.2125,3329.14
16383.88,72.26,82,0.0,3329.14
16383.88,72.24,82,0.0,3329.14
16383.88,72.34,82,1.2125,3329.14
16383.88,69.86,82,0.0,3329.14
16383.88,69.86,81,0.0,3329.14
16383.88,70.28,81,2.4,3329.14
16383.88,69.88,78,1.225,3329.14
16383.88,70.59,78,0.0,3329.14
16383.88,70.59,59,0.0,3329.14
16383.88,70.61,59,0.0,3329.14
16383.88,71.16,81,1.225,3329.14
16383.88,71.16,81,0.0,3329.14
16383.88,71.09,83,0.0,3329.14
16383.88,70.8,83,1.2125,3329.14
16383.88,70.76,79,0.0,3329.14
16383.88,70.81,79,0.0,3329.14
16383.88,70.85,81,0.0,3329.14
16383.88,71.3,81,1.225,3329.14
16383.88,69.9,82,0.0,3329.14
16383.88,71.1,83,3.625,3329.14
16383.88,73.35,83,0.0,3329.14
16383.88,71.45,77,0.0,3329.14
16383.88,71.03,77,0.0,3329.14
16383.88,71.53,81,1.1875,3329.14
16383.88,71.46,81,0.0,3329.14
16383.88,71.57,84,0.0,3329.14
16383.88,71.92,84,1.2125,3329.14
16383.88,72.08,82,0.0,3329.14
16383.88,71.93,82,0.0,3329.14
16383.88,71.94,80,1.2125,3329.14
16383.88,71.72,80,0.0,3329.14
16383.88,69.38,81,0.0,3329.14
16383.88,71.05,81,1.2125,3329.14
16383.88,71.52,81,0.0,3329.14
16383.88,71.67,81,1.2125,3329.14
16383.88,69.72,77,0.0,3329.14
16383.88,68.01,77,1.225,3329.14
16383.88,67.39,77,0.0,3329.14
16383.88,66.88,77,0.0,3329.14
16383.88,66.99,81,0.0,3329.14
16383.88,66.78,81,1.2125,3329.14
16383.88,66.53,82,0.0,3329.14
16383.88,66.79,82,0.0,3329.14
16383.88,66.79,82,1.2125,3329.14
16383.88,66.19,81,0.0,3329.14
16383.88,67.97,81,0.0,3329.14
16383.88,69.73,81,1.2125,3329.14
16383.88,70.05,81,0.0,3329.14
16383.88,67.54,71,1.2125,3329.14
16383.88,66.37,71,1.2125,3329.14
16383.88,66.43,83,0.0,3329.14
16383.88,66.39,83,0.0,3329.14
16383.88,66.45,81,2.4375,3329.14
16383.88,66.48,81,0.0,3329.14
16383.88,66.25,82,0.0,3329.14
16383.88,66.29,82,1.2125,3329.14
16383.88,66.5,80,0.0,3329.14
16383.88,66.34,80,0.0,3329.14
16383.88,66.01,80,0.0,3329.14
16383.88,68.54,80,1.2125,3329.14
16383.88,69.36,80,0.0,3329.14
16383.88,69.54,80,1.225,3329.14
16383.88,66.82,80,1.225,3329.14
16383.88,67.24,92,0.0,3329.14
16383.88,66.66,92,0.0,3329.14
16383.88,67.03,82,0.0,3329.14
16383.88,67.12,82,1.2125,3329.14
16383.88,67.44,82,0.0,3329.14
16383.88,68.15,84,0.0,3329.14
16383.88,68.22,81,1.2125,3329.14
16383.88,68.84,81,0.0,3329.14
16383.88,68.84,81,0.0,3329.14
16383.88,71.35,83,1.2125,3329.14
16383.88,71.35,83,0.0,3329.14
16383.88,70.97,81,0.0,3329.14
16383.88,71.36,81,1.2125,3329.14
16383.88,70.96,82,1.2125,3329.14
16383.88,71.26,82,1.2125,3329.14
16383.88,70.37,71,1.2125,3329.14
16383.88,70.37,71,0.0,3329.14
16383.88,69.97,80,0.0,3329.14
16383.88,70.05,80,0.0,3329.14
16383.88,69.77,78,1.2125,3329.14
16383.88,69.91,78,0.0,3329.14
16383.88,70.16,79,0.0,3329.14
16383.88,70.45,82,1.2125,3329.14
16383.88,70.6,82,0.0,3329.14
16383.88,70.46,79,0.0,3329.14
16383.88,70.15,79,0.0,3329.14
16383.88,70.29,81,1.2125,3329.14
16383.88,70.49,81,1.2125,3329.14
16383.88,73.12,66,0.0,3329.14
16383.88,72.33,66,1.2125,3329.14
16383.88,71.75,81,0.0,3329.14
16383.88,71.57,81,0.0,3329.14
16383.88,71.67,79,1.2125,3329.14
16383.88,71.6,79,0.0,3329.14
16383.88,71.85,81,1.2125,3329.14
16383.88,72.01,81,0.0,3329.14
16383.88,71.55,82,1.2125,3329.14
16383.88,72.04,82,0.0,3329.14
16383.88,72.19,80,0.0,3329.14
16383.88,69.23,80,1.2125,3329.14
16383.88,70.07,80,0.0,3329.14
16383.88,68.07,80,2.425,3329.14
16383.88,68.07,69,0.0,3329.14
16383.88,66.26,79,0.0,3329.14
16383.88,65.9,79,1.2125,3329.14
16383.88,65.36,80,0.0,3329.14
16383.88,66.12,80,0.0,3329.14
16383.88,66.01,80,0.0,3329.14
16383.88,65.74,80,1.2125,3329.14
16383.88,66.03,82,0.0,3329.14
16383.88,65.63,82,0.0,3329.14
16383.88,65.9,80,1.2125,3329.14
16383.88,68.3,80,0.0,3329.14
16383.88,70.14,81,0.0,3329.14
16383.88,70.64,81,0.0,3329.14
16383.88,70.58,79,2.425,3329.14
16383.88,70.17,79,0.0,3329.14
16383.88,69.37,69,2.425,3329.14
16383.88,69.39,69,0.0,3329.14
16383.88,69.12,80,0.0,3329.14
16383.88,68.87,80,0.0,3329.14
16383.88,69.26,81,1.225,3329.14
16383.88,68.88,81,0.0,3329.14
16383.88,68.88,81,0.0,3329.14
16383.88,69.1,80,1.2375,3329.14
16383.88,68.91,80,0.0,3329.14
16383.88,68.59,83,0.0,3329.14
16383.88,68.59,81,0.0,3329.14
16383.88,70.05,81,1.25,3329.14
16383.88,70.21,83,1.25,3329.14
16383.88,71.4,83,0.0,3329.14
16383.88,71.05,77,0.0,3329.14
16383.88,71.05,77,1.25,3329.14
16383.88,71.21,83,0.0,3329.14
16383.88,70.82,83,0.0,3329.14
16383.88,70.59,80,1.25,3329.14
16383.88,70.8,80,0.0,3329.14
16383.88,70.93,83,0.0,3329.14
16383.88,70.78,83,1.25,3329.14
16383.88,70.7,82,0.0,3329.14
16383.88,70.57,82,0.0,3329.14
16383.88,69.58,82,1.25,3329.14
16383.88,70.05,82,0.0,3329.14
16383.88,70.08,83,1.25,3329.14
16383.88,67.18,83,1.25,3329.14
16383.88,65.81,70,0.0,3329.14
16383.88,65.86,70,0.0,3329.14
16383.88,65.79,83,0.0,3329.14
16383.88,65.64,83,1.25,3329.14
16383.88,65.64,82,0.0,3329.14
16383.88,65.65,82,0.0,3329.14
16383.88,65.82,83,1.25,3329.14
16383.88,65.43,83,0.0,3329.14
16383.88,65.6,80,0.0,3329.14
16383.88,65.33,80,0.0,3329.14
16383.88,68.22,80,1.25,3329.14
16383.88,69.8,80,0.0,3329.14
16383.88,69.61,81,1.25,3329.14
16383.88,66.9,81,1.25,3329.14
16383.88,65.83,70,0.0,3329.14
16383.88,65.78,70,0.0,3329.14
16383.88,65.58,82,1.25,3329.14
16383.88,65.74,82,0.0,3329.14
16383.88,66.12,80,0.0,3329.14
16383.88,66.05,80,1.2375,3329.14
16383.88,66.19,82,0.0,3329.14
16383.88,65.98,82,0.0,3329.14
16383.88,66.08,82,0.0,3329.14
16383.88,66.5,82,1.2,3329.14
16383.88,69.33,83,0.0,3329.14
16383.88,70.56,83,0.0,3329.14
16383.88,71.52,83,3.6625,3329.14
16383.88,71.52,71,0.0,3329.14
16383.88,70.06,71,0.0,3329.14
16383.88,69.78,81,0.0,3329.14
16383.88,69.83,81,1.225,3329.14
16383.88,69.88,82,0.0,3329.14
16383.88,69.64,82,0.0,3329.14
16383.88,69.5,82,1.2125,3329.14
16383.88,69.61,82,0.0,3329.14
16383.88,69.57,82,0.0,3329.14
16383.88,69.65,82,0.0,3329.14
16383.88,69.65,82,0.0,3329.14
16383.88,70.18,80,1.175,3329.14
16383.88,70.52,80,1.2,3329.14
16383.88,72.7,80,0.0,3329.14
16383.88,72.03,75,1.2125,3329.14
16383.88,72.08,75,0.0,3329.14
16383.88,72.07,82,0.0,3329.14
16383.88,71.85,82,0.0,3329.14
16383.88,71.85,82,1.2375,3329.14
16383.88,71.55,78,0.0,3329.14
16383.88,71.4,78,1.15,3329.14
16383.88,71.36,82,0.0,3329.14
16383.88,71.26,82,1.2125,3329.14
16383.88,71.02,82,0.0,3329.14
16383.88,68.98,81,0.0,3329.14
16383.88,69.79,81,1.2125,3329.14
16383.88,69.78,81,1.2125,3329.14
16383.88,71.68,81,0.0,3329.14
16383.88,71.68,75,0.0,3329.14
16383.88,71.77,75,1.2125,3329.14
16383.88,72.08,83,0.0,3329.14
16383.88,72.28,83,0.0,3329.14
16383.88,72.47,83,1.2125,3329.14
16383.88,72.61,83,1.2125,3329.14
16383.88,72.62,83,0.0,3329.14
16383.88,72.57,83,0.0,3329.14
16383.88,72.39,82,1.2125,3329.14
16383.88,72.61,82,0.0,3329.14
16383.88,70.26,82,0.0,3329.14
16383.88,70.92,82,1.2125,3329.14
16383.88,70.88,82,1.2125,3329.14
16383.88,71.56,82,0.0,3329.14
16383.88,70.62,76,0.0,3329.14
16383.88,70.25,76,1.2125,3329.14
16383.88,70.37,79,0.0,3329.14
16383.88,70.42,81,0.0,3329.14
16383.88,70.48,81,0.0,3329.14
16383.88,70.14,80,1.2125,3329.14
16383.88,69.81,80,0.0,3329.14
16383.88,69.92,77,0.0,3329.14
16383.88,69.93,77,2.4375,3329.14
16383.88,69.38,78,0.0,3329.14
16383.88,69.74,78,0.0,3329.14
16383.88,70.05,81,2.3875,3329.14
16383.88,67.22,81,1.1875,3329.14
16383.88,67.78,72,0.0,3329.14
16383.88,66.78,72,0.0,3329.14
16383.88,67.23,82,1.2125,3329.14
16383.88,67.42,82,0.0,3329.14
16383.88,67.98,80,0.0,3329.14
16383.88,67.78,80,1.2125,3329.14
16383.88,68.18,81,0.0,3329.14
16383.88,67.88,83,0.0,3329.14
16383.88,68.36,83,1.2125,3329.14
16383.88,71.22,82,0.0,3329.14
16383.88,70.79,82,0.0,3329.14
16383.88,72.04,81,1.2125,3329.14
16383.88,71.83,81,0.0,3329.14
16383.88,71.96,81,1.1375,3329.14
16383.88,74.11,81,1.2375,3329.14
16383.88,73.38,81,0.0,3329.14
16383.88,72.96,70,0.0,3329.14
16383.88,72.78,77,1.2375,3329.14
16383.88,72.65,77,0.0,3329.14
16383.88,72.52,77,0.0,3329.14
16383.88,72.52,82,0.0,3329.14
16383.88,72.1,82,1.2375,3329.14
16383.88,71.92,82,0.0,3329.14
16383.88,71.96,82,0.0,3329.14
16383.88,71.83,82,0.0,3329.14
16383.88,71.38,82,1.2375,3329.14
16383.88,69.02,80,0.0,3329.14
16383.88,69.94,80,1.2375,3329.14
16383.88,70.06,82,1.2375,3329.14
16383.88,72.86,75,1.25,3329.14
16383.88,71.18,75,0.0,3329.14
16383.88,71.09,75,0.0,3329.14
16383.88,71.28,82,0.0,3329.14
16383.88,71.19,82,1.2375,3329.14
16383.88,70.96,82,0.0,3329.14
16383.88,71.22,82,0.0,3329.14
16383.88,71.15,82,1.25,3329.14
16383.88,70.92,79,0.0,3329.14
16383.88,71.03,79,0.0,3329.14
16383.88,68.41,82,0.0,3329.14
16383.88,70.08,82,1.2375,3329.14
16383.88,70.25,82,0.0,3329.14
16383.88,70.4,82,2.4875,3329.14
16383.88,72.63,82,0.0,3329.14
16383.88,71.79,70,0.0,3329.14
16383.88,71.79,70,1.2375,3329.14
16383.88,71.69,80,0.0,3329.14
16383.88,71.91,80,0.0,3329.14
16383.88,71.91,82,1.2375,3329.14
16383.88,71.98,82,0.0,3329.14
16383.88,71.67,81,1.2375,3329.14
16383.88,71.54,81,0.0,3329.14
16383.88,71.43,79,1.2375,3329.14
16383.88,71.49,81,0.0,3329.14
16383.88,69.11,81,0.0,3329.14
16383.88,69.9,80,0.0,3329.14
16383.88,70.35,80,2.4875,3329.14
16383.88,72.58,71,0.0,3329.14
16383.88,72.1,71,1.2375,3329.14
16383.88,72.12,83,0.0,3329.14
16383.88,72.04,83,0.0,3329.14
16383.88,72.01,82,0.0,3329.14
16383.88,72.28,82,1.2375,3329.14
16383.88,72.26,82,0.0,3329.14
16383.88,72.37,82,0.0,3329.14
16383.88,72.66,83,1.2125,3329.14
16383.88,72.44,83,0.0,3329.14
16383.88,72.22,79,0.0,3329.14
16383.88,69.55,79,0.0,3329.14
16383.88,70.09,79,1.2125,3329.14
16383.88,70.17,79,1.2125,3329.14
16383.88,72.72,64,1.225,3329.14
16383.88,72.1,64,0.0,3329.14
16383.88,72.17,83,0.0,3329.14
16383.88,72.17,83,1.2125,3329.14
16383.88,71.69,80,0.0,3329.14
16383.88,71.47,80,0.0,3329.14
16383.88,71.58,81,1.2125,3329.14
16383.88,71.7,81,1.2125,3329.14
16383.88,71.99,82,0.0,3329.14
16383.88,71.95,82,0.0,3329.14
16383.88,71.47,79,0.0,3329.14
16383.88,69.45,79,1.2125,3329.14
16383.88,70.34,81,0.0,3329.14
16383.88,70.16,81,1.2125,3329.14
16383.88,67.58,68,1.2125,3329.14
16383.88,66.07,68,0.0,3329.14
16383.88,66.18,84,0.0,3329.14
16383.88,66.12,84,1.2125,3329.14
16383.88,65.99,82,0.0,3329.14
16383.88,65.36,82,0.0,3329.14
16383.88,65.97,81,1.2125,3329.14
16383.88,66.58,81,0.0,3329.14
16383.88,66.03,82,0.0,3329.14
16383.88,66.01,79,1.2125,3329.14
16383.88,68.57,79,0.0,3329.14
16383.88,70.07,79,0.0,3329.14
16383.88,69.92,79,1.1625,3329.14
16383.88,67.26,68,1.2,3329.14
16383.88,65.8,68,1.2375,3329.14
16383.88,65.9,76,0.0,3329.14
16383.88,65.86,76,1.225,3329.14
16383.88,65.67,82,0.0,3329.14
16383.88,65.39,82,1.2125,3329.14
16383.88,65.44,77,0.0,3329.14
16383.88,65.76,77,0.0,3329.14
16383.88,65.99,82,0.0,3329.14
16383.88,66.03,82,0.0,3329.14
16383.88,66.09,82,1.25,3329.14
16383.88,66.09,82,0.0,3329.14
16383.88,68.69,82,0.0,3329.14
16383.88,70.17,82,1.175,3329.14
16383.88,68.63,74,1.1625,3329.14
16383.88,67.95,74,1.2375,3329.14
16383.88,67.95,68,0.0,3329.14
16383.88,67.84,68,0.0,3329.14
16383.88,67.57,77,0.0,3329.14
16383.88,67.33,77,1.2125,3329.14
16383.88,67.13,79,0.0,3329.14
16383.88,67.13,79,0.0,3329.14
16383.88,67.21,80,0.0,3329.14
16383.88,67.29,80,1.25,3329.14
16383.88,67.56,78,0.0,3329.14
16383.88,68.13,78,0.0,3329.14
16383.88,68.78,79,1.2375,3329.14
16383.88,69.59,79,0.0,3329.14
16383.88,70.07,79,1.2375,3329.14
16383.88,72.12,68,1.2375,3329.14
16383.88,71.49,68,0.0,3329.14
16383.88,71.47,80,0.0,3329.14
16383.88,71.25,80,1.2375,3329.14
16383.88,71.24,79,0.0,3329.14
16383.88,70.82,79,0.0,3329.14
16383.88,71.04,81,1.2375,3329.14
16383.88,71.04,81,1.2375,3329.14
16383.88,71.37,81,0.0,3329.14
16383.88,71.33,82,0.0,3329.14
16383.88,71.08,82,1.2375,3329.14
16383.88,68.8,79,0.0,3329.14
16383.88,69.79,79,0.0,3329.14
16383.88,70.01,81,2.4875,3329.14
16383.88,72.22,81,0.0,3329.14
16383.88,71.54,73,0.0,3329.14
16383.88,71.44,73,0.0,3329.14
16383.88,71.59,82,1.2375,3329.14
16383.88,71.41,82,0.0,3329.14
16383.88,71.3,82,0.0,3329.14
16383.88,71.62,81,1.2375,3329.14
16383.88,71.85,81,0.0,3329.14
16383.88,71.37,81,0.0,3329.14
16383.88,71.16,81,0.0,3329.14
16383.88,68.98,80,1.2375,3329.14
16383.88,70.07,80,0.0,3329.14
16383.88,70.38,83,1.1125,3329.14
16383.88,71.19,83,1.1875,3329.14
16383.88,71.42,74,0.0,3329.14
16383.88,70.7,74,0.0,3329.14
16383.88,70.63,82,1.2375,3329.14
16383.88,70.34,82,0.0,3329.14
16383.88,70.28,82,0.0,3329.14
16383.88,70.58,83,1.2375,3329.14
16383.88,70.58,83,0.0,3329.14
16383.88,70.91,83,0.0,3329.14
16383.88,71.18,83,1.25,3329.14
16383.88,70.96,82,0.0,3329.14
16383.88,70.95,81,0.0,3329.14
16383.88,70.07,81,0.0,3329.14
16383.88,69.58,81,1.2375,3329.14
16383.88,70.9,79,1.225,3329.14
16383.88,71.05,81,2.4375,3329.14
16383.88,72.87,81,0.0,3329.14
16383.88,72.05,68,0.0,3329.14
16383.88,72.16,68,1.2125,3329.14
16383.88,72.01,82,0.0,3329.14
16383.88,71.59,82,0.0,3329.14
16383.88,71.49,80,0.0,3329.14
16383.88,71.73,80,1.1875,3329.14
16383.88,71.6,80,0.0,3329.14
16383.88,71.75,80,0.0,3329.14
16383.88,71.56,82,1.2125,3329.14
16383.88,71.21,82,0.0,3329.14
16383.88,69.62,79,0.0,3329.14
16383.88,70.46,82,1.2125,3329.14
16383.88,70.17,82,1.2,3329.14
16383.88,72.17,70,1.2125,3329.14
16383.88,71.92,70,0.0,3329.14
16383.88,71.64,70,0.0,3329.14
16383.88,71.68,82,1.2125,3329.14
16383.88,71.6,81,0.0,3329.14
16383.88,71.25,81,0.0,3329.14
16383.88,71.51,81,1.2125,3329.14
16383.88,71.58,81,0.0,3329.14
16383.88,71.61,82,0.0,3329.14
16383.88,71.61,82,1.2125,3329.14
16383.88,71.58,82,0.0,3329.14
16383.88,69.34,81,0.0,3329.14
16383.88,70.1,81,3.625,3329.14
16383.88,70.46,82,0.0,3329.14
16383.88,72.58,82,0.0,3329.14
16383.88,72.04,65,1.225,3329.14
16383.88,71.82,65,0.0,3329.14
16383.88,71.64,77,0.0,3329.14
16383.88,71.65,81,0.0,3329.14
16383.88,71.4,81,1.225,3329.14
16383.88,70.97,79,0.0,3329.14
16383.88,71.21,79,0.0,3329.14
16383.88,71.18,83,0.0,3329.14
16383.88,70.61,83,1.2125,3329.14
16383.88,68.58,79,0.0,3329.14
16383.88,69.18,79,0.0,3329.14
16383.88,69.35,78,2.4375,3329.14
16383.88,70.6,78,0.0,3329.14
16383.88,69.76,68,1.2125,3329.14
16383.88,69.71,68,0.0,3329.14
16383.88,70.03,82,0.0,3329.14
16383.88,69.72,82,1.2125,3329.14
16383.88,69.56,82,0.0,3329.14
16383.88,69.67,82,1.2125,3329.14
16383.88,70.18,82,0.0,3329.14
16383.88,70.16,82,1.2125,3329.14
16383.88,70.06,79,0.0,3329.14
16383.88,70.12,79,0.0,3329.14
16383.88,70.05,79,1.2125,3329.14
16383.88,70.0,82,0.0,3329.14
16383.88,71.85,82,2.4375,3329.14
16383.88,71.15,71,0.0,3329.14
16383.88,71.04,71,0.0,3329.14
16383.88,70.81,77,0.0,3329.14
16383.88,70.57,77,1.2125,3329.14
16383.88,70.56,81,0.0,3329.14
16383.88,70.62,81,0.0,3329.14
16383.88,70.79,81,1.1875,3329.14
16383.88,70.81,81,0.0,3329.14
16383.88,70.72,82,0.0,3329.14
16383.88,70.86,82,1.2125,3329.14
16383.88,70.86,82,0.0,3329.14
16383.88,69.32,77,0.0,3329.14
16383.88,70.05,77,2.4125,3329.14
16383.88,69.44,81,0.0,3329.14
16383.88,68.41,81,1.2125,3329.14
16383.88,67.98,69,0.0,3329.14
16383.88,67.98,80,0.0,3329.14
16383.88,68.04,80,1.2125,3329.14
16383.88,67.92,76,1.2125,3329.14
16383.88,67.67,76,0.0,3329.14
16383.88,67.85,79,0.0,3329.14
16383.88,67.81,79,0.0,3329.14
16383.88,67.74,80,1.25,3329.14
16383.88,67.86,80,0.0,3329.14
16383.88,68.6,82,0.0,3329.14
16383.88,69.62,82,1.2125,3329.14
16383.88,70.31,82,1.2125,3329.14
16383.88,68.01,82,0.0,3329.14
16383.88,66.49,68,1.2125,3329.14
16383.88,66.03,68,0.0,3329.14
16383.88,66.38,81,0.0,3329.14
16383.88,66.06,81,1.2125,3329.14
16383.88,65.9,82,0.0,3329.14
16383.88,66.05,82,0.0,3329.14
16383.88,66.19,81,1.2125,3329.14
16383.88,66.39,83,0.0,3329.14
16383.88,66.19,83,0.0,3329.14
16383.88,68.44,81,0.0,3329.14
16383.88,70.02,81,1.2125,3329.14
16383.88,70.32,82,0.0,3329.14
16383.88,67.62,82,2.425,3329.14
16383.88,66.34,72,1.2125,3329.14
16383.88,66.15,72,0.0,3329.14
16383.88,66.03,81,0.0,3329.14
16383.88,66.02,81,1.1875,3329.14
16383.88,65.98,81,0.0,3329.14
16383.88,65.9,81,0.0,3329.14
16383.88,66.3,79,0.0,3329.14
16383.88,66.18,79,1.2125,3329.14
16383.88,66.43,80,0.0,3329.14
16383.88,66.43,80,0.0,3329.14
16383.88,66.39,80,1.2125,3329.14
16383.88,68.96,82,0.0,3329.14
16383.88,70.7,82,1.1875,3329.14
16383.88,69.23,82,0.0,3329.14
16383.88,67.49,74,0.0,3329.14
16383.88,67.64,74,1.2375,3329.14
16383.88,67.63,80,0.0,3329.14
16383.88,67.32,80,0.0,3329.14
16383.88,67.25,82,1.25,3329.14
16383.88,67.24,82,1.2375,3329.14
16383.88,67.26,82,0.0,3329.14
16383.88,67.21,82,0.0,3329.14
16383.88,67.53,80,1.2375,3329.14
16383.88,67.57,80,0.0,3329.14
16383.88,69.28,83,0.0,3329.14
16383.88,70.89,83,0.0,3329.14
16383.88,70.7,83,2.4875,3329.14
16383.88,71.62,73,0.0,3329.14
16383.88,70.79,73,0.0,3329.14
16383.88,70.53,80,1.2375,3329.14
16383.88,70.12,80,0.0,3329.14
16383.88,70.12,80,0.0,3329.14
16383.88,70.12,81,1.2375,3329.14
16383.88,69.48,81,0.0,3329.14
16383.88,69.48,80,0.0,3329.14
16383.88,69.29,80,0.0,3329.14
16383.88,69.53,82,1.25,3329.14
16383.88,69.58,82,0.0,3329.14
16383.88,68.75,83,0.0,3329.14
16383.88,69.67,83,0.0,3329.14
16383.88,70.1,80,2.4875,3329.14
16383.88,68.65,80,0.0,3329.14
16383.88,69.04,74,1.25,3329.14
16383.88,68.15,74,0.0,3329.14
16383.88,68.4,82,0.0,3329.14
16383.88,68.57,82,0.0,3329.14
16383.88,68.56,81,1.25,3329.14
16383.88,68.54,81,0.0,3329.14
16383.88,68.46,81,0.0,3329.14
16383.88,68.46,81,1.25,3329.14
16383.88,68.73,84,0.0,3329.14
16383.88,68.73,84,0.0,3329.14
16383.88,70.26,83,1.2375,3329.14
16383.88,69.5,83,0.0,3329.14
16383.88,70.94,81,0.0,3329.14
16383.88,70.99,81,0.0,3329.14
16383.88,70.98,83,3.725,3329.14
16383.88,68.97,83,0.0,3329.14
16383.88,67.44,71,0.0,3329.14
16383.88,67.2,71,1.25,3329.14
16383.88,67.05,81,0.0,3329.14
16383.88,67.0,81,0.0,3329.14
16383.88,66.92,82,0.0,3329.14
16383.88,66.88,82,1.2125,3329.14
16383.88,66.96,82,0.0,3329.14
16383.88,66.63,82,0.0,3329.14
16383.88,66.66,82,0.0,3329.14
16383.88,68.89,81,1.2125,3329.14
16383.88,70.08,81,0.0,3329.14
16383.88,70.23,82,2.25,3329.14
16383.88,71.62,82,0.0,3329.14
16383.88,70.69,70,1.2125,3329.14
16383.88,70.27,70,0.0,3329.14
16383.88,70.15,79,0.0,3329.14
16383.88,69.89,79,0.0,3329.14
16383.88,69.91,81,1.225,3329.14
16383.88,70.13,81,1.225,3329.14
16383.88,69.96,82,0.0,3329.14
16383.88,69.81,82,0.0,3329.14
16383.88,69.82,82,0.0,3329.14
16383.88,69.82,82,1.225,3329.14
16383.88,69.94,82,0.0,3329.14
16383.88,68.89,82,0.0,3329.14
16383.88,70.21,82,2.4375,3329.14
16383.88,71.75,82,0.0,3329.14
16383.88,71.23,66,0.0,3329.14
16383.88,71.23,66,0.0,3329.14
16383.88,70.88,80,1.2125,3329.14
16383.88,70.75,80,0.0,3329.14
16383.88,70.59,79,0.0,3329.14
16383.88,70.67,79,0.0,3329.14
16383.88,70.61,79,1.225,3329.14
16383.88,70.42,79,0.0,3329.14
16383.88,70.35,81,0.0,3329.14
16383.88,70.46,81,0.0,3329.14
16383.88,69.23,82,1.225,3329.14
16383.88,70.08,82,0.0,3329.14
16383.88,70.35,83,1.225,3329.14
16383.88,72.43,70,0.0,3329.14
16383.88,72.17,70,1.225,3329.14
16383.88,72.16,81,0.0,3329.14
16383.88,71.86,81,0.0,3329.14
16383.88,71.86,83,0.0,3329.14
16383.88,71.77,83,0.0,3329.14
16383.88,71.47,80,1.2125,3329.14
16383.88,71.45,80,0.0,3329.14
16383.88,71.61,81,0.0,3329.14
16383.88,71.72,81,1.2125,3329.14
16383.88,69.8,83,0.0,3329.14
16383.88,69.8,83,0.0,3329.14
16383.88,70.23,83,2.45,3329.14
16383.88,72.54,83,1.225,3329.14
16383.88,72.54,83,0.0,3329.14
16383.88,71.19,78,0.0,3329.14
16383.88,70.95,78,1.2125,3329.14
16383.88,70.91,80,0.0,3329.14
16383.88,71.14,80,0.0,3329.14
16383.88,71.05,84,0.0,3329.14
16383.88,70.28,82,1.2125,3329.14
16383.88,70.28,82,0.0,3329.14
16383.88,70.18,82,0.0,3329.14
16383.88,70.11,82,1.225,3329.14
16383.88,68.51,81,0.0,3329.14
16383.88,69.97,81,0.0,3329.14
16383.88,70.37,84,0.0,3329.14
16383.88,70.51,84,1.2125,3329.14
16383.88,72.81,72,1.2125,3329.14
16383.88,70.85,72,0.0,3329.14
16383.88,70.85,87,0.0,3329.14
16383.88,71.05,87,0.0,3329.14
16383.88,71.12,84,1.225,3329.14
16383.88,71.49,82,0.0,3329.14
16383.88,71.27,82,0.0,3329.14
16383.88,71.07,82,1.225,3329.14
16383.88,71.16,82,1.225,3329.14
16383.88,71.19,82,0.0,3329.14
16383.88,68.8,82,0.0,3329.14
16383.88,68.8,82,0.0,3329.14
16383.88,70.54,81,1.225,3329.14
16383.88,70.42,81,0.0,3329.14
16383.88,70.65,81,1.225,3329.14
16383.88,70.78,81,1.2125,3329.14
16383.88,69.31,66,0.0,3329.14
16383.88,69.37,66,0.0,3329.14
16383.88,69.52,82,1.225,3329.14
16383.88,69.32,82,0.0,3329.14
16383.88,68.9,80,0.0,3329.14
16383.88,68.79,80,0.0,3329.14
16383.88,68.85,81,0.0,3329.14
16383.88,69.06,82,1.225,3329.14
16383.88,69.11,82,0.0,3329.14
16383.88,68.82,83,0.0,3329.14
16383.88,70.04,83,0.0,3329.14
16383.88,70.05,82,2.45,3329.14
16383.88,71.46,82,0.0,3329.14
16383.88,70.5,71,1.225,3329.14
16383.88,70.71,71,0.0,3329.14
16383.88,70.75,81,0.0,3329.14
16383.88,70.57,81,1.225,3329.14
16383.88,70.61,82,0.0,3329.14
16383.88,70.45,82,1.2125,3329.14
16383.88,70.39,81,0.0,3329.14
16383.88,70.42,81,0.0,3329.14
16383.88,70.11,81,1.225,3329.14
16383.88,70.11,81,0.0,3329.14
16383.88,68.89,82,0.0,3329.14
16383.88,69.76,82,0.0,3329.14
16383.88,70.04,80,2.425,3329.14
16383.88,72.19,80,0.0,3329.14
16383.88,71.65,72,1.2125,3329.14
16383.88,71.48,72,0.0,3329.14
16383.88,71.48,82,0.0,3329.14
16383.88,71.6,82,0.0,3329.14
16383.88,71.5,81,1.2125,3329.14
16383.88,71.73,81,0.0,3329.14
16383.88,71.43,82,0.0,3329.14
16383.88,71.3,82,0.0,3329.14
16383.88,71.67,81,1.225,3329.14
16383.88,71.22,81,0.0,3329.14
16383.88,69.29,80,0.0,3329.14
16383.88,69.87,81,2.4375,3329.14
16383.88,69.91,81,0.0,3329.14
16383.88,72.41,70,0.0,3329.14
16383.88,71.72,70,1.225,3329.14
16383.88,71.89,80,0.0,3329.14
16383.88,71.96,80,0.0,3329.14
16383.88,72.0,79,0.0,3329.14
16383.88,71.72,79,1.2125,3329.14
16383.88,71.93,79,0.0,3329.14
16383.88,71.41,79,0.0,3329.14
16383.88,71.43,79,1.2125,3329.14
16383.88,71.13,79,0.0,3329.14
16383.88,68.61,79,0.0,3329.14
16383.88,68.03,79,2.4375,3329.14
16383.88,68.1,76,1.1875,3329.14
16383.88,65.08,76,1.225,3329.14
16383.88,63.8,66,0.0,3329.14
16383.88,63.59,66,0.0,3329.14
16383.88,64.04,80,1.2125,3329.14
16383.88,63.83,80,0.0,3329.14
16383.88,64.09,78,0.0,3329.14
16383.88,64.09,78,1.2125,3329.14
16383.88,64.55,81,0.0,3329.14
16383.88,64.8,81,0.0,3329.14
16383.88,65.79,82,0.0,3329.14
16383.88,65.61,82,1.2125,3329.14
16383.88,68.43,79,0.0,3329.14
16383.88,69.7,79,0.0,3329.14
16383.88,69.97,77,2.45,3329.14
16383.88,68.63,77,0.0,3329.14
16383.88,69.49,77,0.0,3329.14
16383.88,68.37,77,0.0,3329.14
16383.88,68.5,84,1.2125,3329.14
16383.88,68.45,84,0.0,3329.14
16383.88,68.62,82,0.0,3329.14
16383.88,68.63,82,1.225,3329.14
16383.88,68.7,80,0.0,3329.14
16383.88,68.73,79,0.0,3329.14
16383.88,68.72,79,1.225,3329.14
16383.88,69.94,81,0.0,3329.14
16383.88,69.5,81,1.225,3329.14
16383.88,70.7,81,0.0,3329.14
16383.88,71.08,81,0.0,3329.14
16383.88,71.35,81,2.425,3329.14
16383.88,72.8,81,0.0,3329.14
16383.88,71.9,70,0.0,3329.14
16383.88,71.94,70,1.2125,3329.14
16383.88,71.94,70,0.0,3329.14
16383.88,71.83,82,0.0,3329.14
16383.88,71.9,82,0.0,3329.14
16383.88,72.06,83,1.1875,3329.14
16383.88,72.31,83,0.0,3329.14
16383.88,72.03,82,0.0,3329.14
16383.88,71.64,82,1.225,3329.14
16383.88,71.1,82,0.0,3329.14
16383.88,69.56,80,0.0,3329.14
16383.88,70.67,80,0.0,3329.14
16383.88,70.92,84,2.45,3329.14
16383.88,72.86,84,0.0,3329.14
16383.88,72.5,72,0.0,3329.14
16383.88,71.82,72,1.225,3329.14
16383.88,71.49,80,0.0,3329.14
16383.88,71.38,80,0.0,3329.14
16383.88,71.36,82,1.2125,3329.14
16383.88,71.22,82,0.0,3329.14
16383.88,71.58,82,0.0,3329.14
16383.88,71.32,82,0.0,3329.14
16383.88,71.53,82,0.0,3329.14
16383.88,71.53,82,1.2375,3329.14
16383.88,70.18,81,0.0,3329.14
16383.88,70.18,81,1.2125,3329.14
16383.88,70.94,80,1.2125,3329.14
16383.88,72.98,80,0.0,3329.14
16383.88,72.58,70,1.25,3329.14
16383.88,72.52,70,0.0,3329.14
16383.88,72.54,82,0.0,3329.14
16383.88,72.28,82,0.0,3329.14
16383.88,72.05,82,1.25,3329.14
16383.88,72.1,82,0.0,3329.14
16383.88,71.72,80,0.0,3329.14
16383.88,71.53,80,1.25,3329.14
16383.88,71.85,81,0.0,3329.14
16383.88,71.71,82,0.0,3329.14
16383.88,69.86,82,1.2375,3329.14
16383.88,69.91,82,1.25,3329.14
16383.88,71.97,82,0.0,3329.14
16383.88,70.55,74,0.0,3329.14
16383.88,70.25,74,1.2375,3329.14
16383.88,70.41,74,0.0,3329.14
16383.88,70.54,80,0.0,3329.14
16383.88,70.54,80,1.2375,3329.14
16383.88,70.61,81,0.0,3329.14
16383.88,70.32,81,0.0,3329.14
16383.88,70.08,80,1.2375,3329.14
16383.88,70.78,80,0.0,3329.14
16383.88,70.73,82,0.0,3329.14
16383.88,70.81,82,0.0,3329.14
16383.88,68.9,81,1.25,3329.14
16383.88,71.3,83,0.0,3329.14
16383.88,71.19,83,0.0,3329.14
16383.88,72.41,71,2.4875,3329.14
16383.88,71.49,71,0.0,3329.14
16383.88,71.32,82,1.2375,3329.14
16383.88,71.18,82,1.2375,3329.14
16383.88,70.44,80,0.0,3329.14
16383.88,70.44,80,1.2375,3329.14
16383.88,70.67,80,0.0,3329.14
16383.88,70.75,79,0.0,3329.14
16383.88,70.51,79,1.25,3329.14
16383.88,70.39,80,0.0,3329.14
16383.88,70.24,80,0.0,3329.14
16383.88,70.2,82,0.0,3329.14
16383.88,69.16,82,0.0,3329.14
16383.88,70.21,80,1.2375,3329.14
16383.88,71.33,70,1.2375,3329.14
16383.88,71.33,70,0.0,3329.14
16383.88,70.35,90,1.2125,3329.14
16383.88,69.81,90,0.0,3329.14
16383.88,70.26,82,0.0,3329.14
16383.88,70.07,82,1.2125,3329.14
16383.88,69.89,83,0.0,3329.14
16383.88,69.86,83,0.0,3329.14
16383.88,69.69,81,1.2125,3329.14
16383.88,69.96,81,0.0,3329.14
16383.88,69.99,82,0.0,3329.14
16383.88,69.37,82,0.0,3329.14
16383.88,70.72,82,1.2125,3329.14
16383.88,71.34,82,0.0,3329.14
16383.88,71.46,82,1.2125,3329.14
16383.88,68.58,82,1.2125,3329.14
16383.88,67.02,68,0.0,3329.14
16383.88,66.95,68,0.0,3329.14
16383.88,66.64,82,1.2125,3329.14
16383.88,66.21,82,1.2125,3329.14
16383.88,65.87,77,0.0,3329.14
16383.88,65.84,77,0.0,3329.14
16383.88,65.75,83,0.0,3329.14
16383.88,65.54,83,1.2125,3329.14
16383.88,65.29,82,0.0,3329.14
16383.88,68.08,82,0.0,3329.14
16383.88,69.64,82,1.2125,3329.14
16383.88,69.76,82,0.0,3329.14
16383.88,67.63,82,1.2125,3329.14
16383.88,66.56,65,1.225,3329.14
16383.88,66.31,65,0.0,3329.14
16383.88,66.09,82,1.2125,3329.27
16383.88,66.3,82,0.0,3329.27
16383.88,66.47,82,1.2125,3329.27
16383.88,65.97,81,0.0,3329.27
16383.88,65.56,79,0.0,3329.27
16383.88,65.63,79,1.2125,3329.27
16383.88,65.75,80,0.0,3329.27
16383.88,65.72,80,0.0,3329.27
16383.88,68.35,80,1.2125,3329.27
16383.88,69.78,80,0.0,3329.27
16383.88,69.93,82,0.0,3329.27
16383.88,69.85,82,2.425,3329.27
16383.88,68.56,82,0.0,3329.27
16383.88,68.16,71,1.2125,3329.27
16383.88,68.5,82,0.0,3329.27
16383.88,68.48,82,0.0,3329.27
16383.88,68.26,81,1.2125,3329.27
16383.88,68.01,81,0.0,3329.27
16383.88,68.01,81,0.0,3329.27
16383.88,67.71,79,1.2125,3329.27
16383.88,67.85,79,0.0,3329.27
16383.88,68.06,81,0.0,3329.27
16383.88,68.39,79,1.2125,3329.27
16383.88,69.37,79,0.0,3329.27
16383.88,69.73,81,1.1875,3329.27
16383.88,69.66,81,1.175,3329.27
16383.88,69.02,67,0.0,3329.27
16383.88,69.02,67,1.225,3329.27
16383.88,68.98,77,0.0,3329.27
16383.88,69.21,77,0.0,3329.27
16383.88,69.14,82,0.0,3329.27
16383.88,69.21,82,1.2125,3329.27
16383.88,69.14,82,0.0,3329.27
16383.88,68.78,82,0.0,3329.27
16383.88,68.83,79,1.225,3329.27
16383.88,68.82,79,1.225,3329.27
16383.88,68.88,81,0.0,3329.27
16383.88,68.97,81,0.0,3329.27
16383.88,69.67,81,2.4375,3329.27
16383.88,69.88,81,0.0,3329.27
16383.88,72.3,67,0.0,3329.27
16383.88,69.95,67,0.0,3329.27
16383.88,69.95,87,1.2125,3329.27
16383.88,70.06,87,0.0,3329.27
16383.88,70.64,79,0.0,3329.27
16383.88,70.71,79,1.2125,3329.27
16383.88,70.72,83,0.0,3329.27
16383.88,70.89,81,0.0,3329.27
16383.88,70.98,81,1.2125,3329.27
16383.88,71.06,81,0.0,3329.27
16383.88,69.08,81,0.0,3329.27
16383.88,71.07,83,0.0,3329.27
16383.88,70.85,83,1.2125,3329.27
16383.88,70.68,81,1.2125,3329.27
16383.88,67.7,81,1.2125,3329.27
16383.88,66.42,73,0.0,3329.27
16383.88,66.09,73,0.0,3329.27
16383.88,66.33,81,1.2125,3329.27
16383.88,66.39,81,0.0,3329.27
16383.88,66.3,82,0.0,3329.27
16383.88,66.18,82,0.0,3329.27
16383.88,65.75,82,1.2125,3329.27
16383.88,65.84,82,1.2125,3329.27
16383.88,66.04,81,0.0,3329.27
16383.88,65.66,81,1.225,3329.27
16383.88,68.46,79,0.0,3329.27
16383.88,69.87,79,0.0,3329.27
16383.88,70.28,83,1.225,3329.27
16383.88,71.16,71,0.0,3329.27
16383.88,70.09,71,1.225,3329.27
16383.88,70.3,71,0.0,3329.27
16383.88,70.88,82,0.0,3329.27
16383.88,70.88,81,0.0,3329.27
16383.88,70.94,81,0.0,3329.27
16383.88,71.31,80,1.2125,3329.27
16383.88,71.17,80,0.0,3329.27
16383.88,70.96,82,0.0,3329.27
16383.88,71.02,82,1.2125,3329.27
16383.88,70.2,82,0.0,3329.27
16383.88,71.49,82,0.0,3329.27
16383.88,71.53,83,1.2125,3329.27
16383.88,73.23,83,1.2125,3329.27
16383.88,72.62,75,0.0,3329.27
16383.88,72.68,75,0.0,3329.27
16383.88,72.52,83,1.225,3329.27
16383.88,72.33,83,0.0,3329.27
16383.88,72.55,82,0.0,3329.27
16383.88,72.86,82,1.2125,3329.27
16383.88,72.71,83,0.0,3329.27
16383.88,72.34,83,0.0,3329.27
16383.88,72.06,83,1.2125,3329.27
16383.88,71.61,83,0.0,3329.27
16383.88,69.67,80,0.0,3329.27
16383.88,70.28,80,0.0,3329.27
16383.88,70.35,83,3.625,3329.27
16383.88,70.58,76,0.0,3329.27
16383.88,70.3,76,0.0,3329.27
16383.88,70.01,81,0.0,3329.27
16383.88,69.93,81,1.225,3329.27
16383.88,70.19,81,0.0,3329.27
16383.88,70.28,81,0.0,3329.27
16383.88,70.59,82,1.2125,3329.27
16383.88,70.66,82,0.0,3329.27
16383.88,70.38,82,0.0,3329.27
16383.88,70.23,82,0.0,3329.27
16383.88,70.25,82,0.0,3329.27
16383.88,70.25,81,1.2125,3329.27
16383.88,70.22,81,1.2125,3329.27
16383.88,70.24,79,1.2125,3329.27
16383.88,70.05,79,0.0,3329.27
16383.88,69.91,66,0.0,3329.27
16383.88,69.91,66,0.0,3329.27
16383.88,69.58,81,1.225,3329.27
16383.88,69.58,81,0.0,3329.27
16383.88,69.34,81,0.0,3329.27
16383.88,69.42,81,1.225,3329.27
16383.88,69.65,79,0.0,3329.27
16383.88,69.52,79,1.225,3329.27
16383.88,69.59,83,0.0,3329.27
16383.88,69.79,83,0.0,3329.27
16383.88,69.79,82,1.225,3329.27
16383.88,70.22,82,1.225,3329.27
16383.88,69.95,82,0.0,3329.27
16383.88,69.03,71,0.0,3329.27
16383.88,68.63,71,1.2125,3329.27
16383.88,68.86,81,0.0,3329.27
16383.88,68.7,81,0.0,3329.27
16383.88,68.28,81,1.2125,3329.27
16383.88,68.22,81,0.0,3329.27
16383.88,68.31,80,0.0,3329.27
16383.88,68.16,80,0.0,3329.27
16383.88,67.86,78,1.225,3329.27
16383.88,67.85,78,0.0,3329.27
16383.88,69.18,81,0.0,3329.27
16383.88,69.28,81,2.4,3329.27
16383.88,69.62,79,1.175,3329.27
16383.88,69.44,79,0.0,3329.27
16383.88,69.15,67,0.0,3329.27
16383.88,69.18,67,0.0,3329.27
16383.88,69.34,80,1.2125,3329.27
16383.88,69.31,80,0.0,3329.27
16383.88,69.59,79,1.2125,3329.27
16383.88,69.69,79,0.0,3329.27
16383.88,69.72,81,1.2125,3329.27
16383.88,69.53,81,0.0,3329.27
16383.88,69.63,81,0.0,3329.27
16383.88,69.37,81,1.2125,3329.27
16383.88,69.33,81,0.0,3329.27
16383.88,69.86,80,2.425,3329.27
16383.88,71.51,80,0.0,3329.27
16383.88,71.26,69,0.0,3329.27
16383.88,71.22,69,1.225,3329.27
16383.88,71.02,80,0.0,3329.27
16383.88,71.23,80,0.0,3329.27
16383.88,71.19,81,1.2125,3329.27
16383.88,71.05,81,0.0,3329.27
16383.88,71.34,80,0.0,3329.27
16383.88,71.29,80,0.0,3329.27
16383.88,71.45,80,1.2125,3329.27
16383.88,71.48,80,0.0,3329.27
16383.88,69.84,81,0.0,3329.27
16383.88,69.76,81,0.0,3329.27
16383.88,70.06,80,2.4375,3329.27
16383.88,72.03,80,0.0,3329.27
16383.88,71.58,71,1.225,3329.27
16383.88,71.66,71,0.0,3329.27
16383.88,71.83,82,0.0,3329.27
16383.88,71.79,82,1.2125,3329.27
16383.88,72.15,80,0.0,3329.27
16383.88,72.42,80,0.0,3329.27
16383.88,72.18,82,0.0,3329.27
16383.88,73.03,82,1.225,3329.27
16383.88,72.59,81,0.0,3329.27
16383.88,70.82,81,0.0,3329.27
16383.88,71.19,81,1.225,3329.27
16383.88,71.11,81,1.225,3329.27
16383.88,70.94,81,1.2125,3329.27
16383.88,70.23,73,0.0,3329.27
16383.88,69.88,73,0.0,3329.27
16383.88,69.71,81,0.0,3329.27
16383.88,69.93,81,0.0,3329.27
16383.88,69.93,81,1.225,3329.27
16383.88,69.68,82,0.0,3329.27
16383.88,69.3,82,0.0,3329.27
16383.88,69.59,80,0.0,3329.27
16383.88,69.59,80,1.2125,3329.27
16383.88,69.62,82,0.0,3329.27
16383.88,69.73,82,0.0,3329.27
16383.88,69.86,80,0.0,3329.27
16383.88,70.7,80,2.45,3329.27
16383.88,70.63,82,1.225,3329.27
16383.88,72.72,82,0.0,3329.27
16383.88,70.77,79,0.0,3329.27
16383.88,70.62,79,1.2125,3329.27
16383.88,70.36,82,0.0,3329.27
16383.88,70.12,82,0.0,3329.27
16383.88,69.55,79,1.2,3329.27
16383.88,69.36,80,0.0,3329.27
16383.88,69.2,80,0.0,3329.27
16383.88,68.8,81,1.2125,3329.27
16383.88,68.81,81,0.0,3329.27
16383.88,66.86,81,0.0,3329.27
16383.88,68.26,81,1.2125,3329.27
16383.88,68.51,80,0.0,3329.27
16383.88,68.99,80,2.4125,3329.27
16383.88,66.17,69,0.0,3329.27
16383.88,64.78,69,1.2125,3329.27
16383.88,64.83,84,0.0,3329.27
16383.88,64.99,84,0.0,3329.27
16383.88,65.16,80,0.0,3329.27
16383.88,65.33,80,1.175,3329.27
16383.88,65.54,80,0.0,3329.27
16383.88,65.32,80,0.0,3329.27
16383.88,65.84,79,1.2125,3329.27
16383.88,65.77,79,0.0,3329.27
16383.88,65.57,83,1.2125,3329.27
16383.88,70.01,83,0.0,3329.27
16383.88,70.01,80,0.0,3329.27
16383.88,67.95,71,2.425,3329.27
16383.88,66.4,71,0.0,3329.27
16383.88,66.16,73,1.2125,3329.27
16383.88,65.77,73,0.0,3329.27
16383.88,65.86,81,0.0,3329.27
16383.88,65.5,81,1.2,3329.27
16383.88,65.42,80,0.0,3329.27
16383.88,65.28,80,1.2125,3329.27
16383.88,65.13,80,0.0,3329.27
16383.88,64.9,80,1.2125,3329.27
16383.88,65.05,80,0.0,3329.27
16383.88,67.45,80,0.0,3329.27
16383.88,68.92,81,1.225,3329.27
16383.88,69.13,81,0.0,3329.27
16383.88,68.43,76,2.4125,3329.27
16383.88,67.29,76,0.0,3329.27
16383.88,67.11,74,0.0,3329.27
16383.88,66.94,74,0.0,3329.27
16383.88,67.17,81,1.2125,3329.27
16383.88,67.4,81,0.0,3329.27
16383.88,67.59,82,0.0,3329.27
16383.88,67.34,82,1.2125,3329.27
16383.88,67.63,81,0.0,3329.27
16383.88,67.86,81,0.0,3329.27
16383.88,68.89,82,1.2125,3329.27
16383.88,70.1,81,0.0,3329.27
16383.88,70.81,81,0.0,3329.27
16383.88,68.7,74,3.625,3329.27
16383.88,66.64,74,0.0,3329.27
16383.88,66.26,74,0.0,3329.27
16383.88,66.3,78,1.2125,3329.27
16383.88,66.15,80,0.0,3329.27
16383.88,65.76,80,0.0,3329.27
16383.88,65.96,81,0.0,3329.27
16383.88,65.83,81,1.2125,3329.27
16383.88,66.08,80,0.0,3329.27
16383.88,66.08,80,0.0,3329.27
16383.88,65.35,80,1.2125,3329.27
16383.88,67.68,80,0.0,3329.27
16383.88,69.58,78,1.175,3329.27
16383.88,69.73,78,0.0,3329.27
16383.88,69.95,78,2.425,3329.27
16383.88,70.67,80,0.0,3329.27
16383.88,70.49,80,0.0,3329.27
16383.88,69.99,64,1.2125,3329.27
16383.88,69.99,64,0.0,3329.27
16383.88,70.15,80,0.0,3329.27
16383.88,70.07,80,0.0,3329.27
16383.88,70.07,82,1.2125,3329.27
16383.88,70.16,81,0.0,3329.27
16383.88,70.55,81,0.0,3329.27
16383.88,70.88,81,1.2125,3329.27
16383.88,70.64,81,0.0,3329.27
16383.88,70.3,79,0.0,3329.27
16383.88,70.53,79,1.2125,3329.27
16383.88,70.59,82,2.425,3329.27
16383.88,70.98,82,1.1875,3329.27
16383.88,70.5,67,0.0,3329.27
16383.88,70.34,67,0.0,3329.27
16383.88,70.32,80,0.0,3329.27
16383.88,70.27,80,1.2125,3329.27
16383.88,69.84,82,0.0,3329.27
16383.88,70.05,82,0.0,3329.27
16383.88,70.08,82,0.0,3329.27
16383.88,69.52,82,1.2125,3329.27
16383.88,69.44,78,0.0,3329.27
16383.88,69.38,78,0.0,3329.27
16383.88,68.91,82,1.2125,3329.27
16383.88,69.42,82,1.2125,3329.27
16383.88,69.66,82,0.0,3329.27
16383.88,72.4,66,1.2,3329.27
16383.88,70.75,66,0.0,3329.27
16383.88,70.66,66,1.2125,3329.27
16383.88,70.32,77,0.0,3329.27
16383.88,70.32,81,0.0,3329.27
16383.88,70.89,81,1.2125,3329.27
16383.88,71.03,80,0.0,3329.27
16383.88,70.75,80,0.0,3329.27
16383.88,70.64,79,0.0,3329.27
16383.88,70.53,79,1.2125,3329.27
16383.88,68.13,80,1.225,3329.27
16383.88,69.86,80,0.0,3329.27
16383.88,70.24,83,0.0,3329.27
16383.88,69.89,83,2.45,3329.27
16383.88,70.12,67,0.0,3329.27
16383.88,69.01,67,0.0,3329.27
16383.88,69.02,83,0.0,3329.27
16383.88,68.83,83,1.2125,3329.27
16383.88,69.09,80,0.0,3329.27
16383.88,68.46,80,0.0,3329.27
16383.88,68.48,79,0.0,3329.27
16383.88,68.26,79,1.2125,3329.27
16383.88,68.27,82,0.0,3329.27
16383.88,68.48,80,0.0,3329.27
16383.88,68.44,80,1.2125,3329.27
16383.88,69.59,80,0.0,3329.27
16383.88,69.68,80,0.0,3329.27
16383.88,70.53,69,2.4375,3329.27
16383.88,69.65,69,0.0,3329.27
16383.88,69.83,69,0.0,3329.27
16383.88,70.01,82,1.225,3329.27
16383.88,70.27,81,1.225,3329.27
16383.88,70.51,81,0.0,3329.27
16383.88,70.61,83,0.0,3329.27
16383.88,70.72,83,1.225,3329.27
16383.88,70.72,83,0.0,3329.27
16383.88,70.57,83,0.0,3329.27
16383.88,70.37,83,0.0,3329.27
16383.88,70.23,82,0.0,3329.27
16383.88,69.5,82,1.225,3329.27
16383.88,70.31,83,1.225,3329.27
16383.88,70.75,83,0.0,3329.27
16383.88,72.62,73,1.2125,3329.27
16383.88,71.52,77,0.0,3329.27
16383.88,71.1,77,0.0,3329.27
16383.88,70.63,81,1.2125,3329.27
16383.88,70.63,81,0.0,3329.27
16383.88,70.72,79,0.0,3329.27
16383.88,70.76,79,0.0,3329.27
16383.88,70.87,80,1.225,3329.27
16383.88,70.88,80,0.0,3329.27
16383.88,70.8,81,0.0,3329.27
16383.88,68.95,81,1.2125,3329.27
16383.88,69.89,82,0.0,3329.27
16383.88,69.85,82,2.425,3329.27
16383.88,70.86,63,0.0,3329.27
16383.88,69.93,63,0.0,3329.27
16383.88,69.51,76,1.2125,3329.27
16383.88,69.38,76,0.0,3329.27
16383.88,69.3,78,0.0,3329.27
16383.88,69.47,78,1.2125,3329.27
16383.88,69.67,81,0.0,3329.27
16383.88,69.72,81,0.0,3329.27
16383.88,69.74,79,0.0,3329.27
16383.88,69.62,79,1.2125,3329.27
16383.88,69.1,82,0.0,3329.27
16383.88,70.15,81,0.0,3329.27
16383.88,70.5,81,1.2125,3329.27
16383.88,70.21,71,1.2125,3329.27
16383.88,69.16,71,1.2125,3329.27
16383.88,68.83,84,0.0,3329.27
16383.88,68.65,84,0.0,3329.27
16383.88,68.79,82,0.0,3329.27
16383.88,68.78,82,1.225,3329.27
16383.88,68.85,82,0.0,3329.27
16383.88,68.85,82,0.0,3329.27
16383.88,68.64,81,0.0,3329.27
16383.88,68.69,81,1.225,3329.27
16383.88,68.77,81,1.225,3329.27
16383.88,68.77,81,0.0,3329.27
16383.88,69.15,81,0.0,3329.27
16383.88,70.21,81,2.425,3329.27
16383.88,71.8,81,0.0,3329.27
16383.88,71.8,69,1.225,3329.27
16383.88,71.03,69,0.0,3329.27
16383.88,70.71,81,0.0,3329.27
16383.88,70.77,81,0.0,3329.27
16383.88,71.14,81,0.0,3329.27
16383.88,71.07,82,1.25,3329.27
16383.88,71.01,82,0.0,3329.27
16383.88,71.03,82,0.0,3329.27
16383.88,71.52,82,0.0,3329.27
16383.88,71.79,82,0.0,3329.27
16383.88,70.6,82,1.25,3329.27
16383.88,71.44,83,0.0,3329.27
16383.88,71.51,83,1.25,3329.27
16383.88,72.44,74,0.0,3329.27
16383.88,72.02,74,1.25,3329.27
16383.88,72.24,82,0.0,3329.27
16383.88,72.39,82,0.0,3329.27
16383.88,72.3,82,0.0,3329.27
16383.88,72.37,82,1.25,3329.27
16383.88,72.03,82,0.0,3329.27
16383.88,71.94,82,0.0,3329.27
16383.88,71.65,82,1.2375,3329.27
16383.88,71.58,80,0.0,3329.27
16383.88,71.58,80,0.0,3329.27
16383.88,71.66,82,0.0,3329.27
16383.88,70.95,83,1.25,3329.27
16383.88,70.64,83,1.2375,3329.27
16383.88,69.6,71,1.25,3329.27
16383.88,69.33,71,0.0,3329.27
16383.88,69.2,83,0.0,3329.27
16383.88,69.02,83,0.0,3329.27
16383.88,69.02,81,1.25,3329.27
16383.88,69.22,81,0.0,3329.27
16383.88,69.17,83,0.0,3329.27
16383.88,69.17,83,0.0,3329.27
16383.88,68.89,81,1.25,3329.27
16383.88,69.03,81,0.0,3329.27
16383.88,69.17,82,0.0,3329.27
16383.88,70.0,82,1.2375,3329.27
16383.88,70.28,82,1.2375,3329.27
16383.88,68.5,82,0.0,3329.27
16383.88,67.3,71,1.25,3329.27
16383.88,66.55,71,0.0,3329.27
16383.88,66.2,80,0.0,3329.27
16383.88,66.25,79,1.25,3329.27
16383.88,66.41,79,0.0,3329.27
16383.88,66.3,82,0.0,3329.27
16383.88,66.38,82,1.2375,3329.27
16383.88,66.36,82,0.0,3329.27
16383.88,66.36,81,0.0,3329.27
16383.88,66.28,81,0.0,3329.27
16383.88,69.78,80,2.4875,3329.27
16383.88,69.78,80,0.0,3329.27
16383.88,70.21,81,1.2375,3329.27
16383.88,68.79,81,0.0,3329.27
16383.88,67.36,67,1.2125,3329.27
16383.88,66.88,67,0.0,3329.27
16383.88,67.0,81,0.0,3329.27
16383.88,67.12,81,1.2,3329.27
16383.88,66.73,77,0.0,3329.27
16383.88,66.59,77,0.0,3329.27
16383.88,66.83,79,0.0,3329.27
16383.88,66.23,79,1.225,3329.27
16383.88,66.17,80,0.0,3329.27
16383.88,66.69,80,0.0,3329.27
16383.88,68.45,83,1.2125,3329.27
16383.88,69.77,83,0.0,3329.27
16383.88,70.18,82,2.425,3329.27
16383.88,70.18,72,0.0,3329.27
16383.88,69.63,72,0.0,3329.27
16383.88,69.06,78,1.2125,3329.27
16383.88,68.78,78,0.0,3329.27
16383.88,69.1,80,1.2125,3329.27
16383.88,69.23,80,0.0,3329.27
16383.88,68.77,81,1.2125,3329.27
16383.88,68.63,81,0.0,3329.27
16383.88,68.63,81,1.2125,3329.27
16383.88,68.4,81,0.0,3329.27
16383.88,68.2,79,0.0,3329.27
16383.88,68.64,79,0.0,3329.27
16383.88,69.36,82,1.225,3329.27
16383.88,69.79,82,1.2125,3329.27
16383.88,72.04,69,0.0,3329.27
16383.88,71.31,69,1.2125,3329.27
16383.88,71.22,80,0.0,3329.27
16383.88,71.38,80,1.2,3329.27
16383.88,71.25,78,0.0,3329.27
16383.88,71.56,82,0.0,3329.27
16383.88,71.44,82,1.2125,3329.27
16383.88,71.93,82,0.0,3329.27
16383.88,72.16,82,0.0,3329.27
16383.88,72.16,82,0.0,3329.27
16383.88,71.75,82,1.225,3329.27
16383.88,69.87,82,0.0,3329.27
16383.88,70.62,81,0.0,3329.27
16383.88,70.64,81,2.425,3329.27
16383.88,70.56,66,0.0,3329.27
16383.88,69.71,66,1.225,3329.27
16383.88,69.3,88,0.0,3329.27
16383.88,69.53,88,0.0,3329.27
16383.88,69.68,81,0.0,3329.27
16383.88,69.52,81,1.2125,3329.27
16383.88,69.4,81,0.0,3329.27
16383.88,69.49,81,0.0,3329.27
16383.88,69.39,82,1.2125,3329.27
16383.88,69.42,82,0.0,3329.27
16383.88,69.42,82,0.0,3329.27
16383.88,70.69,83,1.2125,3329.27
16383.88,70.88,83,0.0,3329.27
16383.88,70.86,80,0.0,3329.27
16383.88,68.87,80,2.4375,3329.27
16383.88,67.02,76,1.225,3329.27
16383.88,66.91,76,0.0,3329.27
16383.88,67.02,83,0.0,3329.27
16383.88,66.79,83,0.0,3329.27
16383.88,66.61,82,1.2125,3329.27
16383.88,66.65,82,0.0,3329.27
16383.88,66.62,83,0.0,3329.27
16383.88,66.51,83,0.0,3329.27
16383.88,66.94,83,1.2125,3329.27
16383.88,66.79,83,0.0,3329.27
16383.88,68.72,83,0.0,3329.27
16383.88,70.32,83,1.2125,3329.27
16383.88,68.34,82,1.2125,3329.27
16383.88,67.04,82,1.2125,3329.27
16383.88,66.91,68,0.0,3329.27
16383.88,67.21,81,0.0,3329.27
16383.88,67.21,81,1.2125,3329.27
16383.88,67.3,81,0.0,3329.27
16383.88,66.89,82,0.0,3329.27
16383.88,66.89,82,1.2125,3329.27
16383.88,66.79,81,0.0,3329.27
16383.88,66.84,81,0.0,3329.27
16383.88,67.02,82,0.0,3329.27
16383.88,66.84,82,1.2125,3329.27
16383.88,68.87,82,0.0,3329.27
16383.88,70.25,82,1.1875,3329.27
16383.88,70.6,82,2.3375,3329.27
16383.88,71.04,82,1.2,3329.27
16383.88,69.82,66,0.0,3329.27
16383.88,70.14,66,0.0,3329.27
16383.88,70.26,82,1.2125,3329.27
16383.88,70.3,82,0.0,3329.27
16383.88,70.21,82,0.0,3329.27
16383.88,70.02,81,1.2125,3329.27
16383.88,70.04,81,0.0,3329.27
16383.88,70.07,82,0.0,3329.27
16383.88,69.81,82,1.2125,3329.27
16383.88,69.11,82,0.0,3329.27
16383.88,70.33,82,0.0,3329.27
16383.88,69.87,79,2.4125,3329.27
16383.88,70.29,79,0.0,3329.27
16383.88,69.35,69,1.2125,3329.27
16383.88,69.2,69,0.0,3329.27
16383.88,69.22,81,0.0,3329.27
16383.88,68.91,81,1.2125,3329.27
16383.88,68.94,79,0.0,3329.27
16383.88,68.72,79,0.0,3329.27
16383.88,68.58,78,1.2,3329.27
16383.88,68.68,78,0.0,3329.27
16383.88,68.66,79,1.2125,3329.27
16383.88,68.83,79,1.225,3329.27
16383.88,69.36,82,0.0,3329.27
16383.88,69.65,82,0.0,3329.27
16383.88,69.21,82,1.225,3329.27
16383.88,68.56,71,1.225,3329.27
16383.88,68.43,71,0.0,3329.27
16383.88,68.41,81,0.0,3329.27
16383.88,68.64,81,0.0,3329.27
16383.88,68.6,82,1.225,3329.27
16383.88,68.67,82,0.0,3329.27
16383.88,68.75,83,0.0,3329.27
16383.88,68.85,83,0.0,3329.27
16383.88,68.28,82,0.0,3329.27
16383.88,68.28,82,1.225,3329.27
16383.88,68.24,82,0.0,3329.27
16383.88,68.65,81,0.0,3329.27
16383.88,69.77,81,1.225,3329.27
16383.88,69.83,82,1.225,3329.27
16383.88,71.83,73,0.0,3329.27
16383.88,71.83,73,0.0,3329.27
16383.88,71.81,73,1.225,3329.27
16383.88,71.42,82,0.0,3329.27
16383.88,71.43,81,0.0,3329.27
16383.88,72.01,81,1.225,3329.27
16383.88,72.03,83,0.0,3329.27
16383.88,72.19,83,0.0,3329.27
16383.88,71.99,81,1.1875,3329.27
16383.88,72.18,81,0.0,3329.27
16383.88,69.95,80,0.0,3329.27
16383.88,70.29,80,1.2125,3329.27
16383.88,70.47,82,1.2125,3329.27
16383.88,72.82,82,0.0,3329.27
16383.88,72.56,68,1.2125,3329.27
16383.88,72.52,68,0.0,3329.27
16383.88,72.28,80,0.0,3329.27
16383.88,72.05,80,0.0,3329.27
16383.88,71.87,81,1.2125,3329.27
16383.88,72.01,81,0.0,3329.27
16383.88,72.05,82,0.0,3329.27
16383.88,72.17,82,1.2125,3329.39
16383.88,71.97,82,0.0,3329.39
16383.88,69.68,80,0.0,3329.39
16383.88,70.19,80,1.2125,3329.39
16383.88,70.28,83,1.2125,3329.39
16383.88,72.22,83,1.2125,3329.39
16383.88,71.08,76,0.0,3329.39
16383.88,71.01,76,0.0,3329.39
16383.88,70.92,80,1.2125,3329.39
16383.88,70.98,80,0.0,3329.39
16383.88,70.96,81,0.0,3329.39
16383.88,71.17,81,1.2125,3329.39
16383.88,71.17,81,0.0,3329.39
16383.88,71.11,82,0.0,3329.39
16383.88,70.88,82,0.0,3329.39
16383.88,70.87,79,1.2125,3329.39
16383.88,71.02,79,0.0,3329.39
16383.88,69.26,83,0.0,3329.39
16383.88,70.86,83,1.2125,3329.39
16383.88,70.9,83,1.2125,3329.39
16383.88,72.62,71,1.2125,3329.39
16383.88,70.87,71,1.2125,3329.39
16383.88,70.95,86,0.0,3329.39
16383.88,70.72,86,0.0,3329.39
16383.88,70.95,83,1.2125,3329.39
16383.88,70.72,83,0.0,3329.39
16383.88,70.53,81,0.0,3329.39
16383.88,70.5,81,1.2125,3329.39
16383.88,69.98,82,0.0,3329.39
16383.88,69.88,82,0.0,3329.39
16383.88,69.74,80,0.0,3329.39
16383.88,67.84,80,0.0,3329.39
16383.88,69.94,83,1.2125,3329.39
16383.88,69.67,83,0.0,3329.39
16383.88,69.91,82,2.425,3329.39
16383.88,69.47,73,1.2,3329.39
16383.88,67.88,73,0.0,3329.39
16383.88,67.36,84,0.0,3329.39
16383.88,67.76,84,1.225,3329.39
16383.88,67.83,83,0.0,3329.39
16383.88,68.04,83,0.0,3329.39
16383.88,67.97,83,1.2125,3329.39
16383.88,67.86,83,0.0,3329.39
16383.88,67.8,82,0.0,3329.39
16383.88,68.04,82,0.0,3329.39
16383.88,68.33,80,1.225,3329.39
16383.88,70.36,80,0.0,3329.39
16383.88,70.66,82,0.0,3329.39
16383.88,70.54,82,2.45,3329.39
16383.88,72.43,82,0.0,3329.39
16383.88,71.66,70,0.0,3329.39
16383.88,71.43,84,0.0,3329.39
16383.88,71.43,84,1.225,3329.39
16383.88,71.22,84,0.0,3329.39
16383.88,71.22,81,0.0,3329.39
16383.88,71.37,81,0.0,3329.39
16383.88,71.21,82,1.225,3329.39
16383.88,71.04,81,0.0,3329.39
16383.88,71.21,81,0.0,3329.39
16383.88,70.77,81,1.2125,3329.39
16383.88,68.91,81,0.0,3329.39
16383.88,69.82,78,0.0,3329.39
16383.88,69.98,78,2.425,3329.39
16383.88,70.8,65,1.225,3329.39
16383.88,70.14,65,0.0,3329.39
16383.88,69.8,82,0.0,3329.39
16383.88,69.81,82,1.2125,3329.39
16383.88,69.86,80,0.0,3329.39
16383.88,69.67,80,0.0,3329.39
16383.88,69.87,80,1.2125,3329.39
16383.88,70.42,80,0.0,3329.39
16383.88,70.28,81,0.0,3329.39
16383.88,69.99,81,1.2125,3329.39
16383.88,70.04,82,0.0,3329.39
16383.88,69.42,82,0.0,3329.39
16383.88,70.69,83,1.2375,3329.39
16383.88,73.1,71,1.1875,3329.39
16383.88,71.64,71,0.0,3329.39
16383.88,71.5,86,0.0,3329.39
16383.88,71.24,86,1.2125,3329.39
16383.88,71.09,82,0.0,3329.39
16383.88,71.17,82,0.0,3329.39
16383.88,71.3,82,0.0,3329.39
16383.88,71.44,82,1.2125,3329.39
16383.88,71.1,83,0.0,3329.39
16383.88,70.66,83,1.2,3329.39
16383.88,70.4,77,1.2125,3329.39
16383.88,68.05,77,0.0,3329.39
16383.88,69.39,83,1.2125,3329.39
16383.88,69.76,83,0.0,3329.39
16383.88,69.91,83,2.425,3329.39
16383.88,71.92,81,0.0,3329.39
16383.88,71.41,63,0.0,3329.39
16383.88,71.54,81,1.225,3329.39
16383.88,71.54,81,0.0,3329.39
16383.88,71.83,81,0.0,3329.39
16383.88,72.17,82,1.225,3329.39
16383.88,72.46,82,0.0,3329.39
16383.88,72.44,79,0.0,3329.39
16383.88,72.41,79,0.0,3329.39
16383.88,72.42,79,1.225,3329.39
16383.88,72.35,79,0.0,3329.39
16383.88,69.96,81,0.0,3329.39
16383.88,70.38,81,1.1125,3329.39
16383.88,70.41,80,1.1875,3329.39
16383.88,71.78,80,0.0,3329.39
16383.88,70.91,67,1.2375,3329.39
16383.88,70.49,67,0.0,3329.39
16383.88,70.18,79,0.0,3329.39
16383.88,70.27,79,1.2375,3329.39
16383.88,70.56,81,1.2375,3329.39
16383.88,70.3,82,0.0,3329.39
16383.88,70.8,82,1.2375,3329.39
16383.88,71.1,82,0.0,3329.39
16383.88,71.17,82,0.0,3329.39
16383.88,69.37,82,0.0,3329.39
16383.88,70.06,82,1.2125,3329.39
16383.88,70.21,79,1.2125,3329.39
16383.88,71.18,79,0.0,3329.39
16383.88,69.94,64,1.2125,3329.39
16383.88,69.66,64,0.0,3329.39
16383.88,69.42,80,0.0,3329.39
16383.88,69.5,80,0.0,3329.39
16383.88,69.38,81,1.225,3329.39
16383.88,69.05,81,0.0,3329.39
16383.88,69.23,82,0.0,3329.39
16383.88,69.23,82,0.0,3329.39
16383.88,69.41,82,1.225,3329.39
16383.88,69.47,82,0.0,3329.39
16383.88,69.06,82,0.0,3329.39
16383.88,70.06,82,1.225,3329.39
16383.88,70.02,81,1.225,3329.39
16383.88,70.76,81,0.0,3329.39
16383.88,69.83,72,1.2125,3329.39
16383.88,69.81,72,0.0,3329.39
16383.88,69.76,75,0.0,3329.39
16383.88,69.39,75,1.2,3329.39
16383.88,69.1,77,0.0,3329.39
16383.88,68.97,77,0.0,3329.39
16383.88,68.72,77,1.2125,3329.39
16383.88,68.33,77,0.0,3329.39
16383.88,68.44,79,0.0,3329.39
16383.88,68.39,79,1.2125,3329.39
16383.88,67.98,77,0.0,3329.39
16383.88,68.46,77,0.0,3329.39
16383.88,68.85,77,1.2125,3329.39
16383.88,68.84,70,1.2125,3329.39
16383.88,68.78,70,0.0,3329.39
16383.88,68.89,82,0.0,3329.39
16383.88,69.02,82,1.2125,3329.39
16383.88,69.05,80,0.0,3329.39
16383.88,68.96,80,0.0,3329.39
16383.88,69.05,80,1.2125,3329.39
16383.88,68.89,80,1.2125,3329.39
16383.88,69.11,79,0.0,3329.39
16383.88,69.11,79,0.0,3329.39
16383.88,69.13,79,1.2125,3329.39
16383.88,68.46,79,0.0,3329.39
16383.88,68.63,79,0.0,3329.39
16383.88,68.83,82,2.425,3329.39
16383.88,68.42,67,0.0,3329.39
16383.88,70.08,67,1.2125,3329.39
16383.88,70.08,81,0.0,3329.39
16383.88,70.0,81,0.0,3329.39
16383.88,69.93,80,0.0,3329.39
16383.88,69.99,80,1.2125,3329.39
16383.88,70.07,75,0.0,3329.39
16383.88,70.24,75,0.0,3329.39
16383.88,70.28,79,1.2125,3329.39
16383.88,71.05,79,0.0,3329.39
16383.88,70.9,75,0.0,3329.39
16383.88,68.8,75,1.2125,3329.39
16383.88,69.08,79,0.0,3329.39
16383.88,68.38,79,1.2125,3329.39
16383.88,66.47,68,0.0,3329.39
16383.88,64.91,68,1.2125,3329.39
16383.88,64.75,74,0.0,3329.39
16383.88,64.86,74,1.225,3329.39
16383.88,65.03,80,0.0,3329.39
16383.88,64.61,74,0.0,3329.39
16383.88,64.43,74,1.2125,3329.39
16383.88,64.26,80,0.0,3329.39
16383.88,64.44,80,0.0,3329.39
16383.88,65.22,80,0.0,3329.39
16383.88,67.21,80,1.225,3329.39
16383.88,68.7,80,0.0,3329.39
16383.88,68.74,80,1.2125,3329.39
16383.88,68.94,81,2.4,3329.39
16383.88,71.07,81,1.2,3329.39
16383.88,69.94,70,0.0,3329.39
16383.88,69.48,70,0.0,3329.39
16383.88,69.37,78,1.2,3329.39
16383.88,69.63,78,0.0,3329.39
16383.88,69.8,82,0.0,3329.39
16383.88,69.8,82,1.2125,3329.39
16383.88,69.56,82,0.0,3329.39
16383.88,69.46,81,0.0,3329.39
16383.88,69.48,80,0.0,3329.39
16383.88,69.42,80,1.2125,3329.39
16383.88,67.26,82,0.0,3329.39
16383.88,68.73,82,0.0,3329.39
16383.88,69.22,80,1.15,3329.39
16383.88,69.36,80,2.3875,3329.39
16383.88,71.91,67,1.2,3329.39
16383.88,70.09,67,1.25,3329.39
16383.88,70.34,87,0.0,3329.39
16383.88,70.46,87,0.0,3329.39
16383.88,70.38,76,1.2,3329.39
16383.88,70.02,76,0.0,3329.39
16383.88,69.91,77,1.2,3329.39
16383.88,70.0,77,0.0,3329.39
16383.88,70.16,82,0.0,3329.39
16383.88,70.3,79,0.0,3329.39
16383.88,67.66,79,1.2125,3329.39
16383.88,69.33,79,0.0,3329.39
16383.88,69.38,79,0.0,3329.39
16383.88,69.56,79,3.1875,3329.39
16383.88,67.11,79,1.1875,3329.39
16383.88,67.77,70,0.0,3329.39
16383.88,67.0,70,0.0,3329.39
16383.88,66.42,80,1.2375,3329.39
16383.88,66.24,80,0.0,3329.39
16383.88,65.93,81,0.0,3329.39
16383.88,65.81,81,1.2,3329.39
16383.88,65.42,81,0.0,3329.39
16383.88,65.16,81,1.225,3329.39
16383.88,64.8,81,0.0,3329.39
16383.88,64.8,81,0.0,3329.39
16383.88,64.8,82,1.2125,3329.39
16383.88,67.28,82,0.0,3329.39
16383.88,68.07,80,0.0,3329.39
16383.88,68.58,80,0.0,3329.39
16383.88,68.95,80,2.425,3329.39
16383.88,69.73,80,0.0,3329.39
16383.88,68.96,72,1.2125,3329.39
16383.88,69.33,72,0.0,3329.39
16383.88,69.41,81,0.0,3329.39
16383.88,69.49,81,1.225,3329.39
16383.88,69.78,81,0.0,3329.39
16383.88,69.6,81,0.0,3329.39
16383.88,69.7,80,1.2125,3329.39
16383.88,69.75,82,0.0,3329.39
16383.88,69.42,82,0.0,3329.39
16383.88,68.5,81,0.0,3329.39
16383.88,69.58,81,1.225,3329.39
16383.88,70.03,80,3.375,3329.39
16383.88,68.7,80,1.225,3329.39
16383.88,67.88,66,0.0,3329.39
16383.88,67.71,66,0.0,3329.39
16383.88,67.66,79,1.225,3329.39
16383.88,67.55,79,0.0,3329.39
16383.88,67.52,81,0.0,3329.39
16383.88,67.59,81,0.0,3329.39
16383.88,67.66,80,1.2125,3329.39
16383.88,67.87,80,0.0,3329.39
16383.88,67.83,81,0.0,3329.39
16383.88,67.62,81,1.2125,3329.39
16383.88,69.06,82,0.0,3329.39
16383.88,70.14,78,0.0,3329.39
16383.88,70.14,78,2.4125,3329.39
16383.88,66.21,78,1.225,3329.39
16383.88,66.21,67,0.0,3329.39
16383.88,66.21,67,0.0,3329.39
16383.88,66.22,83,1.2125,3329.39
16383.88,66.04,83,0.0,3329.39
16383.88,66.06,82,0.0,3329.39
16383.88,66.01,82,0.0,3329.39
16383.88,66.02,82,1.2125,3329.39
16383.88,65.92,82,0.0,3329.39
16383.88,65.96,80,0.0,3329.39
16383.88,65.98,80,0.0,3329.39
16383.88,68.79,82,2.4375,3329.39
16383.88,70.15,82,0.0,3329.39
16383.88,70.37,82,2.425,3329.39
16383.88,69.54,71,0.0,3329.39
16383.88,68.56,71,0.0,3329.39
16383.88,68.73,82,0.0,3329.39
16383.88,68.66,82,1.225,3329.39
16383.88,68.66,82,0.0,3329.39
16383.88,68.62,82,0.0,3329.39
16383.88,68.87,81,0.0,3329.39
16383.88,69.18,81,1.225,3329.39
16383.88,69.08,83,0.0,3329.39
16383.88,68.98,83,0.0,3329.39
16383.88,69.71,82,0.0,3329.39
16383.88,70.87,82,1.225,3329.39
16383.88,70.97,82,1.225,3329.39
16383.88,71.47,82,1.2125,3329.39
16383.88,70.55,82,0.0,3329.39
16383.88,70.38,66,1.225,3329.39
16383.88,70.34,81,1.2125,3329.39
16383.88,70.28,81,0.0,3329.39
16383.88,70.06,82,0.0,3329.39
16383.88,70.06,82,1.2125,3329.39
16383.88,69.77,81,0.0,3329.39
16383.88,69.67,81,1.2125,3329.39
16383.88,69.78,78,0.0,3329.39
16383.88,69.38,78,0.0,3329.39
16383.88,68.96,80,1.2,3329.39
16383.88,69.93,80,0.0,3329.39
16383.88,70.1,79,1.225,3329.39
16383.88,67.65,79,1.2125,3329.39
16383.88,66.14,67,0.0,3329.39
16383.88,65.83,67,0.0,3329.39
16383.88,65.65,76,1.2125,3329.39
16383.88,65.47,76,0.0,3329.39
16383.88,65.47,75,0.0,3329.39
16383.88,65.52,75,1.2125,3329.39
16383.88,65.71,79,0.0,3329.39
16383.88,65.68,77,0.0,3329.39
16383.88,65.68,77,0.0,3329.39
16383.88,68.32,81,0.0,3329.39
16383.88,69.52,81,1.1875,3329.39
16383.88,69.45,79,0.0,3329.39
16383.88,69.9,79,3.6125,3329.39
16383.88,72.19,68,0.0,3329.39
16383.88,71.06,68,1.2125,3329.39
16383.88,70.97,85,0.0,3329.39
16383.88,70.79,85,1.2125,3329.39
16383.88,70.61,82,0.0,3329.39
16383.88,70.78,82,0.0,3329.39
16383.88,70.68,82,0.0,3329.39
16383.88,70.56,82,1.2125,3329.39
16383.88,70.67,83,0.0,3329.39
16383.88,71.21,83,0.0,3329.39
16383.88,71.21,83,0.0,3329.39
16383.88,69.0,83,1.2125,3329.39
16383.88,70.43,83,0.0,3329.39
16383.88,70.65,83,0.0,3329.39
16383.88,70.86,82,2.4875,3329.39
16383.88,72.94,82,0.0,3329.39
16383.88,72.33,70,1.2125,3329.39
16383.88,72.17,70,0.0,3329.39
16383.88,72.05,81,0.0,3329.39
16383.88,72.29,81,0.0,3329.39
16383.88,72.09,80,1.2,3329.39
16383.88,72.13,80,0.0,3329.39
16383.88,71.73,79,0.0,3329.39
16383.88,71.41,79,1.2125,3329.39
16383.88,71.33,77,0.0,3329.39
16383.88,69.1,81,0.0,3329.39
16383.88,69.8,81,2.4375,3329.39
16383.88,69.75,78,0.0,3329.39
16383.88,66.98,78,2.375,3329.39
16383.88,67.11,72,0.0,3329.39
16383.88,66.06,72,0.0,3329.39
16383.88,65.9,80,0.0,3329.39
16383.88,66.47,80,1.225,3329.39
16383.88,66.79,80,0.0,3329.39
16383.88,66.68,80,0.0,3329.39
16383.88,66.61,81,0.0,3329.39
16383.88,66.85,81,1.2125,3329.39
16383.88,66.85,81,0.0,3329.39
16383.88,66.74,78,0.0,3329.39
16383.88,66.82,78,1.225,3329.39
16383.88,68.97,81,0.0,3329.39
16383.88,70.23,79,0.0,3329.39
16383.88,70.55,79,1.2125,3329.39
16383.88,70.6,82,1.1875,3329.39
16383.88,69.25,82,1.2125,3329.39
16383.88,68.05,68,0.0,3329.39
16383.88,67.61,68,1.25,3329.39
16383.88,67.28,78,0.0,3329.39
16383.88,67.36,78,0.0,3329.39
16383.88,67.44,82,1.25,3329.39
16383.88,67.5,82,0.0,3329.39
16383.88,67.86,82,0.0,3329.39
16383.88,67.9,82,0.0,3329.39
16383.88,67.7,81,1.25,3329.39
16383.88,67.32,81,0.0,3329.39
16383.88,68.63,76,0.0,3329.39
16383.88,69.51,79,1.25,3329.39
16383.88,69.68,79,0.0,3329.39
16383.88,71.42,79,1.2375,3329.39
16383.88,70.94,61,1.25,3329.39
16383.88,70.94,61,0.0,3329.39
16383.88,70.7,81,0.0,3329.39
16383.88,70.65,81,0.0,3329.39
16383.88,70.23,80,1.25,3329.39
16383.88,70.11,80,0.0,3329.39
16383.88,70.24,80,0.0,3329.39
16383.88,70.22,80,1.25,3329.39
16383.88,70.31,78,0.0,3329.39
16383.88,70.53,78,0.0,3329.39
16383.88,70.73,81,0.0,3329.39
16383.88,69.0,81,1.2375,3329.39
16383.88,69.2,79,0.0,3329.39
16383.88,69.13,79,2.4875,3329.39
16383.88,70.8,66,0.0,3329.39
16383.88,70.06,66,0.0,3329.39
16383.88,70.09,83,0.0,3329.39
16383.88,70.28,83,1.25,3329.39
16383.88,70.26,83,0.0,3329.39
16383.88,70.42,83,0.0,3329.52
16383.88,70.14,82,1.25,3329.52
16383.88,70.36,82,0.0,3329.52
16383.88,70.37,81,0.0,3329.52
16383.88,70.56,81,0.0,3329.52
16383.88,69.29,81,1.25,3329.52
16383.88,70.28,82,0.0,3329.52
16383.88,69.92,82,0.0,3329.52
16383.88,69.82,61,2.4875,3329.52
16383.88,68.57,61,0.0,3329.52
16383.88,68.65,61,1.2125,3329.52
16383.88,68.5,80,0.0,3329.52
16383.88,68.78,79,0.0,3329.52
16383.88,68.77,79,1.2125,3329.52
16383.88,69.11,83,0.0,3329.52
16383.88,69.15,83,1.2125,3329.52
16383.88,68.98,79,0.0,3329.52
16383.88,68.89,79,0.0,3329.52
16383.88,71.06,79,0.0,3329.52
16383.88,69.14,80,1.2125,3329.52
16383.88,69.12,80,0.0,3329.52
16383.88,70.16,81,1.1375,3329.52
16383.88,67.53,81,1.1625,3329.52
16383.88,65.73,64,0.0,3329.52
16383.88,65.45,84,1.25,3329.52
16383.88,65.24,84,0.0,3329.52
16383.88,64.78,84,0.0,3329.52
16383.88,64.78,79,1.2125,3329.52
16383.88,64.55,79,0.0,3329.52
16383.88,64.75,80,1.225,3329.52
16383.88,64.98,80,0.0,3329.52
16383.88,65.02,80,1.225,3329.52
16383.88,65.02,82,0.0,3329.52
16383.88,67.78,82,0.0,3329.52
16383.88,69.34,79,1.2125,3329.52
16383.88,69.49,79,1.2125,3329.52
16383.88,67.08,71,1.2125,3329.52
16383.88,67.04,71,0.0,3329.52
16383.88,67.04,71,0.0,3329.52
16383.88,66.27,71,1.2125,3329.52
16383.88,65.77,78,0.0,3329.52
16383.88,66.01,78,0.0,3329.52
16383.88,65.65,81,1.2125,3329.52
16383.88,65.88,81,0.0,3329.52
16383.88,66.3,79,0.0,3329.52
16383.88,66.2,79,1.2125,3329.52
16383.88,66.08,81,0.0,3329.52
16383.88,68.35,81,0.0,3329.52
16383.88,69.0,82,0.0,3329.52
16383.88,69.51,82,2.3125,3329.52
16383.88,70.01,81,1.225,3329.52
16383.88,72.33,81,1.225,3329.52
16383.88,71.23,67,0.0,3329.52
16383.88,71.43,67,0.0,3329.52
16383.88,71.12,81,1.2125,3329.52
16383.88,70.62,81,0.0,3329.52
16383.88,71.02,80,0.0,3329.52
16383.88,71.01,80,0.0,3329.52
16383.88,71.23,81,1.225,3329.52
16383.88,70.97,82,0.0,3329.52
16383.88,70.98,82,0.0,3329.52
16383.88,69.4,80,0.0,3329.52
16383.88,70.45,80,0.0,3329.52
16383.88,70.36,81,2.4375,3329.52
16383.88,69.43,81,0.0,3329.52
16383.88,68.78,65,1.225,3329.52
16383.88,68.5,65,0.0,3329.52
16383.88,68.38,82,0.0,3329.52
16383.88,68.58,82,1.2125,3329.52
16383.88,68.29,81,0.0,3329.52
16383.88,68.14,81,0.0,3329.52
16383.88,68.1,81,0.0,3329.52
16383.88,68.0,81,0.0,3329.52
16383.88,67.95,82,1.225,3329.52
16383.88,67.88,82,0.0,3329.52
16383.88,68.8,78,0.0,3329.52
16383.88,69.87,78,1.2125,3329.52
16383.88,69.63,81,3.65,3329.52
16383.88,66.96,81,0.0,3329.52
16383.88,65.68,66,0.0,3329.52
16383.88,65.68,66,0.0,3329.52
16383.88,65.79,83,1.225,3329.52
16383.88,65.85,82,0.0,3329.52
16383.88,65.66,82,0.0,3329.52
16383.88,65.82,80,0.0,3329.52
16383.88,65.91,80,1.2125,3329.52
16383.88,65.91,82,0.0,3329.52
16383.88,66.18,82,0.0,3329.52
16383.88,69.12,82,1.225,3329.52
16383.88,70.39,82,0.0,3329.52
16383.88,70.5,80,0.0,3329.52
16383.88,68.2,80,2.4375,3329.52
16383.88,66.68,69,0.0,3329.52
16383.88,66.5,69,1.2125,3329.52
16383.88,66.46,80,0.0,3329.52
16383.88,66.31,80,0.0,3329.52
16383.88,66.03,79,0.0,3329.52
16383.88,65.75,79,1.2125,3329.52
16383.88,65.73,81,0.0,3329.52
16383.88,65.54,81,0.0,3329.52
16383.88,65.39,79,1.225,3329.52
16383.88,65.24,79,0.0,3329.52
16383.88,67.73,81,0.0,3329.52
16383.88,68.91,81,0.0,3329.52
16383.88,69.21,80,1.2,3329.52
16383.88,68.23,80,1.2125,3329.52
16383.88,67.28,67,0.0,3329.52
16383.88,67.41,67,1.225,3329.52
16383.88,67.41,67,0.0,3329.52
16383.88,67.42,83,0.0,3329.52
16383.88,67.4,82,0.0,3329.52
16383.88,67.38,82,1.225,3329.52
16383.88,67.39,82,0.0,3329.52
16383.88,67.43,82,0.0,3329.52
16383.88,67.86,82,0.0,3329.52
16383.88,67.87,82,1.225,3329.52
16383.88,68.81,82,0.0,3329.52
16383.88,69.64,82,0.0,3329.52
