gpu_memory_mb,gpu_power_w,gpu_util_pct,cpu_util_pct,ram_mb
18417.88,33.73,0,4.125,3279.8
18699.88,30.27,0,0.0,3279.8
18699.88,33.89,0,1.2375,3279.8
18699.88,37.72,96,0.0,3279.8
18699.88,40.27,96,0.0,3279.8
18699.88,44.13,93,1.2375,3279.8
18699.88,48.23,93,0.0,3279.8
18699.88,51.69,92,0.0,3279.8
18699.88,55.65,92,0.0,3279.8
18699.88,59.76,94,1.2375,3279.8
18699.88,63.15,94,0.0,3279.93
18699.88,67.06,91,0.0,3279.93
18699.88,71.45,91,1.25,3279.93
18699.88,71.32,89,0.0,3279.93
18699.88,71.04,89,0.0,3279.93
18699.88,72.52,94,1.2125,3279.93
18699.88,72.31,94,0.0,3279.93
18699.88,72.13,93,0.0,3279.93
18699.88,72.87,93,1.225,3279.93
18699.88,72.85,91,0.0,3279.93
18699.88,72.49,91,0.0,3279.93
18699.88,73.2,93,1.2,3279.93
18699.88,73.08,93,0.0,3279.93
18699.88,72.51,91,0.0,3279.93
18699.88,72.65,91,0.0,3279.93
18699.88,73.02,93,1.225,3279.93
18699.88,72.74,93,0.0,3279.93
18699.88,73.25,94,0.0,3279.93
18699.88,72.97,94,2.4375,3279.93
18699.88,72.55,93,0.0,3279.93
18699.88,72.64,93,0.0,3279.93
18699.88,72.4,93,1.2125,3279.93
18699.88,72.08,93,0.0,3279.93
18699.88,72.25,92,0.0,3279.93
18699.88,71.95,92,0.0,3279.93
18699.88,71.78,91,0.0,3279.93
18699.88,71.9,91,1.2125,3279.93
18699.88,71.76,93,0.0,3279.93
18699.88,71.45,94,0.0,3279.93
18699.88,71.9,94,1.2375,3279.93
18699.88,71.63,94,1.175,3279.93
18819.88,71.23,94,0.0,3279.93
18819.88,67.95,77,1.25,3279.93
18819.88,67.94,77,0.0,3279.93
18819.88,68.52,100,0.0,3279.93
18819.88,68.53,100,0.0,3279.93
18819.88,68.23,90,1.25,3279.93
18819.88,68.36,90,0.0,3279.93
18819.88,68.8,92,0.0,3279.93
18819.88,68.87,92,0.0,3279.93
18819.88,69.09,93,1.25,3279.93
18819.88,69.59,93,0.0,3279.93
18819.88,73.62,92,1.25,3279.93
18819.88,73.42,92,0.0,3279.93
18819.88,73.47,94,1.25,3279.93
18819.88,72.95,94,0.0,3279.93
18819.88,72.87,93,0.0,3279.93
18819.88,73.18,93,1.25,3279.93
18819.88,73.03,93,0.0,3279.93
18819.88,72.58,93,0.0,3279.93
18819.88,72.44,94,0.0,3279.93
18819.88,72.07,94,1.25,3279.93
18819.88,71.77,94,0.0,3279.93
18819.88,71.38,93,0.0,3279.93
18819.88,71.38,93,0.0,3279.93
18819.88,70.79,93,1.25,3279.93
18819.88,71.3,94,0.0,3279.93
18819.88,70.54,94,0.0,3279.93
18819.88,70.4,91,0.0,3279.93
18819.88,70.99,91,1.25,3279.93
18819.88,70.99,92,0.0,3279.93
18819.88,70.93,92,0.0,3279.93
18819.88,71.62,92,1.2375,3279.93
18819.88,71.55,92,0.0,3279.93
18819.88,70.98,93,0.0,3279.93
18819.88,70.97,93,1.25,3279.93
18819.88,71.38,92,0.0,3279.93
18819.88,70.81,92,0.0,3279.93
18819.88,71.79,93,2.4875,3279.93
18819.88,68.34,93,0.0,3279.93
18819.88,67.34,83,0.0,3279.93
18819.88,66.78,83,0.0,3279.93
18819.88,66.89,93,1.2375,3279.93
18819.88,67.05,93,0.0,3279.93
18819.88,66.89,90,0.0,3279.93
18819.88,67.7,90,1.2125,3279.93
18819.88,68.27,93,0.0,3279.93
18819.88,68.03,93,0.0,3279.93
18819.88,68.37,93,0.0,3279.93
18819.88,67.89,93,2.425,3279.93
18819.88,71.01,91,0.0,3279.93
18819.88,71.1,91,0.0,3279.93
18819.88,71.59,91,0.0,3279.93
18819.88,71.43,91,1.2125,3279.93
18819.88,71.36,93,0.0,3279.93
18819.88,71.26,93,0.0,3279.93
18819.88,71.06,91,2.425,3279.93
18819.88,71.27,81,0.0,3279.93
18819.88,71.49,81,0.0,3279.93
18819.88,70.42,95,0.0,3279.93
18819.88,70.73,95,1.225,3279.93
18819.88,71.35,91,0.0,3279.93
18819.88,71.25,91,0.0,3279.93
18819.88,71.91,90,1.2125,3279.93
18819.88,71.95,90,1.2125,3279.93
18819.88,72.54,94,0.0,3279.93
18819.88,72.17,94,1.2125,3279.93
18819.88,71.85,93,0.0,3279.93
18819.88,71.57,93,0.0,3279.93
18819.88,72.42,93,0.0,3279.93
18819.88,72.7,93,1.2125,3279.93
18819.88,71.96,93,0.0,3279.93
18819.88,72.11,93,0.0,3279.93
18819.88,72.25,93,1.2125,3279.93
18819.88,71.25,93,0.0,3279.93
18819.88,71.37,91,0.0,3279.93
18819.88,71.34,91,2.425,3279.93
18819.88,71.53,84,0.0,3279.93
18819.88,70.53,84,0.0,3279.93
18819.88,70.67,96,0.0,3279.93
18819.88,70.32,96,1.2125,3279.93
18819.88,70.28,91,0.0,3279.93
18819.88,70.93,91,0.0,3279.93
18819.88,70.8,92,1.2125,3279.93
18819.88,70.85,92,1.2125,3279.93
18819.88,71.25,93,0.0,3279.93
18819.88,71.19,93,0.0,3279.93
18819.88,70.97,94,1.2125,3279.93
18819.88,70.51,92,0.0,3279.93
18819.88,71.64,92,0.0,3279.93
18819.88,72.28,91,0.0,3279.93
18819.88,72.52,91,1.2125,3279.93
18819.88,72.01,91,0.0,3279.93
18819.88,72.24,93,0.0,3279.93
18819.88,72.19,93,1.225,3279.93
18819.88,72.41,94,0.0,3279.93
18819.88,72.33,94,0.0,3279.93
18819.88,71.73,94,0.0,3279.93
18819.88,71.73,94,1.225,3279.93
18819.88,72.39,93,0.0,3279.93
18819.88,72.2,93,0.0,3279.93
18819.88,72.2,93,0.0,3279.93
18819.88,72.6,93,0.0,3279.93
18819.88,72.01,93,1.225,3279.93
18819.88,72.33,93,0.0,3279.93
18819.88,72.53,93,0.0,3279.93
18819.88,71.71,91,1.2125,3279.93
18819.88,71.59,91,1.2125,3279.93
18819.88,71.42,93,0.0,3279.93
18819.88,71.7,93,0.0,3279.93
18819.88,72.2,91,1.2125,3279.93
18819.88,72.17,91,0.0,3279.93
18819.88,72.23,93,0.0,3279.93
18819.88,72.23,93,0.0,3279.93
18819.88,72.66,89,2.425,3279.93
18819.88,74.04,89,0.0,3279.93
18819.88,74.31,84,0.0,3279.93
18819.88,74.31,84,1.2125,3279.93
18819.88,74.44,97,0.0,3279.93
18819.88,74.73,97,0.0,3279.93
18819.88,74.69,91,0.0,3279.93
18819.88,74.69,91,1.2125,3279.93
18819.88,74.85,94,0.0,3279.93
18819.88,74.2,94,0.0,3279.93
18819.88,73.85,92,2.4375,3279.93
18819.88,74.15,92,0.0,3279.93
18819.88,71.95,93,0.0,3279.93
18819.88,72.11,93,1.2,3279.93
18819.88,72.16,92,0.0,3279.93
18819.88,72.27,92,0.0,3279.93
18819.88,71.96,92,1.2125,3279.93
18819.88,71.57,92,0.0,3279.93
18819.88,71.11,93,0.0,3279.93
18819.88,71.72,93,0.0,3279.93
18819.88,71.36,92,1.225,3279.93
18819.88,70.89,92,0.0,3279.93
18819.88,71.29,93,0.0,3279.93
18819.88,70.91,93,1.2125,3279.93
18819.88,70.76,93,0.0,3279.93
18819.88,71.57,93,0.0,3279.93
18819.88,71.4,93,1.2125,3279.93
18819.88,71.4,93,0.0,3279.93
18819.88,71.12,93,0.0,3279.93
18819.88,71.56,93,1.225,3279.93
18819.88,71.62,93,0.0,3279.93
18819.88,71.91,93,0.0,3279.93
18819.88,71.86,93,0.0,3279.93
18819.88,71.99,94,0.0,3279.93
18819.88,72.14,94,1.2125,3279.93
18819.88,72.36,93,0.0,3279.93
18819.88,72.32,93,0.0,3279.93
18819.88,72.2,93,1.2125,3279.93
18819.88,72.23,93,1.2125,3279.93
18819.88,72.19,94,0.0,3279.93
18819.88,71.91,94,2.425,3279.93
18819.88,72.81,81,0.0,3279.93
18819.88,72.68,81,0.0,3279.93
18819.88,72.73,100,1.2125,3279.93
18819.88,71.87,100,0.0,3279.93
18819.88,72.36,93,0.0,3279.93
18819.88,72.74,93,1.2125,3279.93
18819.88,72.46,92,0.0,3279.93
18819.88,72.84,92,0.0,3279.93
18819.88,73.14,94,1.2125,3279.93
18819.88,72.34,94,0.0,3279.93
18819.88,72.79,92,0.0,3279.93
18819.88,71.78,93,1.225,3279.93
18819.88,71.32,93,0.0,3279.93
18819.88,71.17,94,0.0,3279.93
18819.88,72.03,94,0.0,3279.93
18819.88,72.1,91,1.2,3279.93
18819.88,71.83,91,0.0,3279.93
18819.88,72.23,91,0.0,3279.93
18819.88,72.08,91,1.2125,3279.93
18819.88,71.81,93,0.0,3279.93
18819.88,72.54,93,0.0,3279.93
18819.88,72.64,93,1.2125,3279.93
18819.88,72.77,93,1.2125,3279.93
18819.88,69.93,81,0.0,3279.93
18819.88,69.93,81,1.225,3279.93
18819.88,68.93,98,0.0,3279.93
18819.88,69.1,98,0.0,3279.93
18819.88,68.08,91,0.0,3279.93
18819.88,68.28,91,1.2,3279.93
18819.88,68.54,93,0.0,3279.93
18819.88,68.42,93,1.225,3279.93
18819.88,68.56,94,1.225,3279.93
18819.88,68.39,94,0.0,3279.93
18819.88,68.09,92,0.0,3279.93
18819.88,71.23,92,0.0,3279.93
18819.88,70.97,92,1.2125,3279.93
18819.88,71.57,92,0.0,3279.93
18819.88,71.66,91,0.0,3279.93
18819.88,71.83,91,0.0,3279.93
18819.88,71.96,91,1.2125,3279.93
18819.88,71.93,91,0.0,3279.93
18819.88,71.93,92,0.0,3279.93
18819.88,71.82,92,0.0,3279.93
18819.88,71.86,91,1.225,3279.93
18819.88,71.78,91,0.0,3279.93
18819.88,71.79,93,0.0,3279.93
18819.88,71.93,93,0.0,3279.93
18819.88,72.14,93,1.2125,3279.93
18819.88,71.6,93,0.0,3279.93
18819.88,72.22,93,0.0,3279.93
18819.88,71.54,92,1.2125,3279.93
18819.88,71.49,92,0.0,3279.93
18819.88,71.53,91,0.0,3279.93
18819.88,70.79,91,0.0,3279.93
18819.88,71.07,91,2.4375,3279.93
18819.88,71.22,91,0.0,3279.93
18819.88,71.38,93,0.0,3279.93
18819.88,71.6,93,1.2125,3279.93
18819.88,71.05,92,0.0,3279.93
18819.88,71.1,92,0.0,3279.93
18819.88,70.97,92,0.0,3279.93
18819.88,71.03,92,2.4375,3279.93
18819.88,67.19,57,0.0,3279.93
18819.88,63.27,57,0.0,3279.93
18819.88,60.78,0,1.2125,3279.93
18819.88,60.72,0,0.0,3279.93
18819.88,60.57,95,0.0,3279.93
18819.88,59.51,95,1.2125,3279.93
18819.88,59.06,92,0.0,3279.93
18819.88,60.09,92,0.0,3279.93
18819.88,59.67,91,0.0,3279.93
18819.88,59.75,91,1.225,3279.93
18819.88,60.48,92,0.0,3279.93
18819.88,63.68,92,0.0,3279.93
18819.88,67.36,93,0.0,3279.93
18819.88,71.29,92,1.225,3279.93
18819.88,70.97,92,0.0,3279.93
18819.88,70.66,92,0.0,3279.93
18819.88,72.02,92,0.0,3279.93
18819.88,72.4,93,1.225,3279.93
18819.88,72.05,93,0.0,3279.93
18819.88,72.81,92,0.0,3279.93
18819.88,72.49,92,0.0,3279.93
18819.88,73.31,94,1.225,3279.93
18819.88,73.6,94,0.0,3279.93
18819.88,72.9,90,0.0,3279.93
18819.88,73.01,90,1.2125,3279.93
18819.88,73.54,93,0.0,3279.93
18819.88,73.54,93,0.0,3279.93
18819.88,72.87,93,0.0,3279.93
18819.88,72.64,93,1.225,3279.93
18819.88,72.89,92,0.0,3279.93
18819.88,71.75,92,0.0,3279.93
18819.88,71.31,94,0.0,3279.93
18819.88,70.25,94,1.1875,3279.93
18819.88,69.9,91,1.2125,3279.93
18819.88,70.64,91,0.0,3279.93
18819.88,71.19,92,1.2125,3279.93
18819.88,70.9,92,0.0,3279.93
18819.88,71.55,93,0.0,3279.93
18819.88,71.8,93,0.0,3279.93
18819.88,71.32,92,0.0,3279.93
18819.88,72.14,92,1.225,3279.93
18819.88,72.22,93,0.0,3279.93
18819.88,71.75,93,2.4375,3279.93
18819.88,74.16,79,0.0,3279.93
18819.88,74.14,79,0.0,3279.93
18819.88,73.83,96,0.0,3279.93
18819.88,73.39,96,1.225,3279.93
18819.88,73.6,91,0.0,3279.93
18819.88,73.8,92,0.0,3279.93
18819.88,73.35,92,0.0,3279.93
18819.88,74.0,91,1.2125,3279.93
18819.88,73.96,91,0.0,3279.93
18819.88,73.8,93,1.2,3279.93
18819.88,74.37,93,0.0,3279.93
18819.88,72.13,91,0.0,3279.93
18819.88,72.05,91,1.2,3279.93
18819.88,72.35,92,0.0,3279.93
18819.88,72.21,92,0.0,3279.93
18819.88,72.07,92,0.0,3279.93
18819.88,71.75,92,2.4375,3279.93
18819.88,71.26,91,0.0,3279.93
18819.88,71.59,91,0.0,3279.93
18819.88,71.04,91,1.2125,3279.93
18819.88,70.45,91,0.0,3279.93
18819.88,71.31,92,0.0,3279.93
18819.88,71.03,92,0.0,3279.93
18819.88,70.78,91,1.2125,3279.93
18819.88,71.34,91,0.0,3279.93
18819.88,70.99,91,0.0,3279.93
18819.88,70.76,91,0.0,3279.93
18819.88,71.33,92,1.2125,3279.93
18819.88,71.07,92,0.0,3279.93
18819.88,70.84,93,0.0,3279.93
18819.88,71.2,93,1.2125,3279.93
18819.88,71.37,93,0.0,3279.93
18819.88,71.45,93,0.0,3279.93
18819.88,71.64,92,1.2125,3279.93
18819.88,71.67,92,0.0,3279.93
18819.88,71.7,93,0.0,3279.93
18819.88,71.84,93,0.0,3279.93
18819.88,72.17,93,2.4125,3279.93
18819.88,71.53,93,0.0,3279.93
18819.88,72.25,81,1.2125,3279.93
18819.88,71.28,81,0.0,3279.93
18819.88,71.56,96,1.2125,3279.93
18819.88,71.7,96,0.0,3279.93
18819.88,71.81,93,1.2125,3279.93
18819.88,71.81,93,0.0,3279.93
18819.88,71.88,93,0.0,3279.93
18819.88,71.88,93,1.225,3279.93
18819.88,71.48,92,0.0,3279.93
18819.88,71.76,92,0.0,3279.93
18819.88,71.05,93,1.2125,3279.93
18819.88,72.21,93,0.0,3279.93
18819.88,71.93,93,0.0,3279.93
18819.88,71.93,93,1.175,3279.93
18819.88,72.13,93,0.0,3279.93
18819.88,72.34,93,0.0,3279.93
18819.88,72.56,93,1.2,3279.93
18819.88,71.94,93,0.0,3279.93
18819.88,72.19,93,0.0,3279.93
18819.88,72.19,93,1.2125,3279.93
18819.88,71.81,92,0.0,3279.93
18819.88,72.3,92,0.0,3279.93
18819.88,72.53,93,1.2125,3279.93
18819.88,72.76,92,0.0,3279.93
18819.88,72.76,92,0.0,3279.93
18819.88,73.07,91,1.2125,3279.93
18819.88,72.72,91,0.0,3279.93
18819.88,72.6,93,0.0,3279.93
18819.88,72.53,93,1.2125,3279.93
18819.88,72.51,92,0.0,3279.93
18819.88,72.34,92,0.0,3279.93
18819.88,72.34,93,0.0,3279.93
18819.88,72.69,93,1.225,3279.93
18819.88,71.98,93,0.0,3279.93
18819.88,71.96,93,1.225,3279.93
18819.88,71.96,90,0.0,3279.93
18819.88,71.91,90,0.0,3279.93
18819.88,71.85,93,2.3875,3279.93
18819.88,73.77,93,0.0,3279.93
18819.88,73.42,85,1.2125,3279.93
18819.88,73.42,85,0.0,3279.93
18819.88,72.9,91,1.2125,3279.93
18819.88,73.37,91,0.0,3279.93
18819.88,73.34,92,0.0,3279.93
18819.88,73.37,92,0.0,3279.93
18819.88,73.61,92,1.2125,3279.93
18819.88,73.68,92,0.0,3279.93
18819.88,73.68,93,0.0,3279.93
18819.88,74.03,93,0.0,3279.93
18819.88,71.39,92,1.2125,3279.93
18819.88,71.53,92,0.0,3279.93
18819.88,72.16,94,0.0,3279.93
18819.88,72.34,94,1.225,3279.93
18819.88,72.34,91,0.0,3279.93
18819.88,72.38,91,0.0,3279.93
18819.88,72.4,91,0.0,3279.93
18819.88,72.18,93,0.0,3279.93
18819.88,72.14,93,1.225,3279.93
18819.88,71.8,94,0.0,3279.93
18819.88,71.79,94,0.0,3279.93
18819.88,71.94,93,1.2125,3279.93
18819.88,71.95,93,0.0,3279.93
18819.88,72.2,93,3.65,3279.93
18819.88,74.73,93,0.0,3279.93
18819.88,74.23,85,0.0,3279.93
18819.88,74.2,85,1.2125,3279.93
18819.88,73.18,97,0.0,3279.93
18819.88,73.02,97,0.0,3279.93
18819.88,73.43,91,0.0,3279.93
18819.88,73.75,91,1.225,3279.93
18819.88,74.14,92,0.0,3279.93
18819.88,74.4,92,0.0,3279.93
18819.88,74.43,93,0.0,3279.93
18819.88,74.5,93,1.225,3279.93
18819.88,72.21,94,0.0,3279.93
18819.88,71.94,94,0.0,3279.93
18819.88,71.9,93,1.2125,3279.93
18819.88,73.03,93,0.0,3279.93
18819.88,72.5,93,0.0,3279.93
18819.88,71.97,94,0.0,3279.93
18819.88,71.78,94,1.225,3279.93
18819.88,71.47,93,0.0,3279.93
18819.88,71.38,93,0.0,3279.93
18819.88,71.44,93,1.2125,3279.93
18819.88,71.09,93,0.0,3279.93
18819.88,70.55,94,0.0,3279.93
18819.88,71.07,94,0.0,3279.93
18819.88,70.89,93,1.2125,3279.93
18819.88,71.31,93,0.0,3279.93
18819.88,71.28,94,0.0,3279.93
18819.88,71.34,94,1.2,3279.93
18819.88,71.55,94,0.0,3279.93
18819.88,71.5,94,0.0,3279.93
18819.88,71.39,95,1.225,3279.93
18819.88,71.38,95,0.0,3279.93
18819.88,71.55,94,0.0,3279.93
18819.88,71.55,94,0.0,3279.93
18819.88,71.98,94,1.225,3279.93
18819.88,72.17,94,0.0,3279.93
18819.88,71.77,94,0.0,3279.93
18819.88,71.89,94,0.0,3279.93
18819.88,71.88,94,1.2,3279.93
18901.88,71.98,94,1.2125,3279.93
18901.88,73.84,76,0.0,3279.93
18901.88,73.89,76,1.2125,3279.93
18901.88,74.25,100,0.0,3279.93
18901.88,73.18,100,1.2,3279.93
18901.88,73.33,95,0.0,3279.93
18901.88,73.81,95,0.0,3279.93
18901.88,73.78,93,1.2125,3279.93
18901.88,74.39,93,0.0,3279.93
18901.88,74.57,93,1.2125,3279.93
18901.88,74.17,93,1.2,3279.93
18901.88,74.54,94,0.0,3279.93
18901.88,72.91,94,0.0,3279.93
18901.88,72.26,92,1.2125,3279.93
18901.88,72.02,92,0.0,3279.93
18901.88,73.0,93,0.0,3279.93
18901.88,72.7,93,0.0,3279.93
18901.88,72.26,92,1.225,3279.93
18901.88,72.55,92,0.0,3279.93
18901.88,71.78,92,0.0,3279.93
18901.88,71.43,92,0.0,3279.93
18901.88,71.87,93,1.2125,3279.93
18901.88,71.53,93,0.0,3279.93
18901.88,71.77,92,0.0,3279.93
18901.88,71.84,92,1.2,3279.93
18901.88,71.84,93,0.0,3279.93
18901.88,72.41,93,0.0,3279.93
18901.88,72.83,93,1.2125,3279.93
18901.88,72.43,93,1.2125,3279.93
18901.88,74.76,93,0.0,3279.93
18901.88,74.82,93,1.2125,3279.93
18901.88,73.72,85,0.0,3279.93
18901.88,73.69,93,0.0,3279.93
18901.88,74.33,93,1.2125,3279.93
18901.88,74.29,93,0.0,3279.93
18901.88,74.47,89,0.0,3279.93
18901.88,74.72,94,1.2125,3279.93
18901.88,74.13,93,1.2125,3279.93
18901.88,73.61,93,0.0,3279.93
18901.88,71.45,93,0.0,3279.93
18901.88,71.48,93,0.0,3279.93
18901.88,71.97,93,1.2125,3279.93
18901.88,72.47,93,0.0,3279.93
18901.88,71.88,93,0.0,3279.93
18901.88,71.78,93,1.2125,3279.93
18901.88,72.06,93,0.0,3279.93
18901.88,71.47,93,0.0,3279.93
18901.88,71.71,93,1.2125,3279.93
18901.88,71.74,93,0.0,3279.93
18901.88,71.61,93,0.0,3279.93
18901.88,71.94,93,0.0,3279.93
18901.88,72.09,92,1.2125,3279.93
18901.88,72.44,92,0.0,3279.93
18901.88,72.46,94,1.2125,3279.93
18901.88,72.3,94,0.0,3279.93
18901.88,72.33,93,1.2125,3279.93
18901.88,72.17,93,0.0,3279.93
18901.88,72.48,93,0.0,3279.93
18901.88,72.61,93,0.0,3279.93
18901.88,71.76,92,1.2125,3279.93
18901.88,71.92,92,0.0,3279.93
18901.88,71.97,94,0.0,3279.93
18901.88,71.71,94,1.2125,3279.93
18901.88,71.9,93,0.0,3279.93
18901.88,72.03,93,0.0,3279.93
18901.88,72.08,91,1.2125,3279.93
18901.88,72.28,91,1.1125,3279.93
18901.88,71.44,91,0.0,3279.93
18901.88,71.57,91,1.2375,3279.93
18901.88,69.16,82,0.0,3279.93
18901.88,69.86,82,0.0,3279.93
18901.88,70.49,92,1.2375,3279.93
18901.88,70.07,92,0.0,3279.93
18901.88,70.3,92,0.0,3279.93
18901.88,70.49,92,0.0,3279.93
18901.88,69.83,93,1.225,3279.93
18901.88,70.25,93,0.0,3279.93
18901.88,69.69,93,0.0,3279.93
18901.88,70.14,93,0.0,3279.93
18901.88,70.03,94,1.2125,3279.93
18901.88,71.47,94,0.0,3279.93
18901.88,71.57,91,1.2,3279.93
18901.88,71.43,91,0.0,3279.93
18901.88,71.83,93,1.2125,3279.93
18901.88,72.11,93,0.0,3279.93
18901.88,72.1,91,1.2125,3279.93
18901.88,72.2,94,0.0,3279.93
18901.88,72.18,94,0.0,3279.93
18901.88,72.04,92,0.0,3279.93
18901.88,72.01,92,1.2125,3279.93
18901.88,71.99,91,0.0,3279.93
18901.88,72.57,91,1.2125,3279.93
18901.88,72.76,93,0.0,3279.93
18901.88,72.71,93,0.0,3279.93
18901.88,72.66,93,0.0,3279.93
18901.88,71.95,93,1.2125,3279.93
18901.88,71.66,91,0.0,3279.93
18901.88,71.7,91,0.0,3279.93
18901.88,71.36,91,0.0,3279.93
18901.88,71.39,91,1.2,3279.93
18901.88,71.73,92,0.0,3279.93
18901.88,71.63,92,1.2,3279.93
18901.88,71.44,93,0.0,3279.93
18901.88,71.27,93,0.0,3279.93
18901.88,70.34,91,1.2125,3279.93
18901.88,70.1,91,1.2125,3279.93
18901.88,67.32,79,0.0,3279.93
18901.88,66.14,79,1.225,3279.93
18901.88,67.15,97,0.0,3279.93
18901.88,67.83,97,0.0,3279.93
18901.88,67.83,91,0.0,3279.93
18901.88,67.74,91,1.2125,3279.93
18901.88,68.54,93,0.0,3279.93
18901.88,67.73,93,0.0,3279.93
18901.88,68.66,91,1.2125,3279.93
18901.88,68.2,91,0.0,3279.93
18901.88,71.47,92,0.0,3279.93
18901.88,71.42,92,0.0,3279.93
18901.88,71.42,94,2.4375,3279.93
18901.88,72.1,94,0.0,3279.93
18901.88,71.9,90,0.0,3279.93
18901.88,71.59,90,1.2125,3279.93
18901.88,71.59,93,0.0,3279.93
18901.88,71.99,93,0.0,3279.93
18901.88,71.73,93,1.2125,3279.93
18901.88,71.75,93,0.0,3279.93
18901.88,71.84,93,0.0,3279.93
18901.88,71.72,90,0.0,3279.93
18901.88,71.9,90,1.2125,3279.93
18901.88,71.87,93,0.0,3279.93
18901.88,72.11,93,0.0,3279.93
18901.88,71.67,93,1.2125,3279.93
18901.88,71.29,93,0.0,3279.93
18901.88,71.37,92,0.0,3279.93
18901.88,71.42,92,0.0,3279.93
18901.88,71.09,89,1.2375,3279.93
18901.88,70.98,89,0.0,3279.93
18901.88,71.39,91,0.0,3279.93
18901.88,71.59,91,0.0,3279.93
18901.88,71.73,94,1.25,3279.93
18901.88,71.74,94,0.0,3279.93
18901.88,71.47,93,1.2375,3279.93
18901.88,71.92,93,0.0,3279.93
18901.88,72.26,92,1.2375,3279.93
18901.88,72.08,92,1.2375,3279.93
18901.88,74.44,81,0.0,3279.93
18901.88,74.72,81,1.25,3279.93
18901.88,74.23,97,0.0,3279.93
18901.88,74.47,97,0.0,3279.93
18901.88,74.38,93,0.0,3279.93
18901.88,74.34,93,1.25,3279.93
18901.88,74.95,93,0.0,3279.93
18901.88,75.07,93,0.0,3279.93
18901.88,75.03,94,1.2375,3279.93
18901.88,75.03,94,0.0,3279.93
18901.88,74.32,93,0.0,3279.93
18901.88,72.22,93,1.25,3279.93
18901.88,71.94,91,0.0,3279.93
18901.88,72.43,91,0.0,3279.93
18901.88,72.49,93,0.0,3279.93
18901.88,72.73,93,1.25,3279.93
18901.88,72.88,92,0.0,3279.93
18901.88,73.16,92,0.0,3279.93
18901.88,72.9,90,1.2375,3279.93
18901.88,72.85,90,1.2,3279.93
18901.88,73.28,92,0.0,3279.93
18901.88,72.57,92,0.0,3279.93
18901.88,72.75,91,1.2375,3279.93
18901.88,73.49,91,0.0,3279.93
18901.88,73.5,90,0.0,3279.93
18901.88,73.44,90,1.2375,3279.93
18901.88,73.6,92,0.0,3279.93
18901.88,73.27,92,0.0,3279.93
18901.88,72.91,93,1.2375,3279.93
18901.88,72.71,93,1.2375,3279.93
18901.88,72.25,93,0.0,3279.93
18901.88,72.26,93,0.0,3279.93
18901.88,72.83,93,0.0,3279.93
18901.88,72.87,93,1.25,3279.93
18901.88,72.26,93,0.0,3279.93
18901.88,72.29,93,0.0,3279.93
18901.88,72.2,94,0.0,3279.93
18901.88,72.11,94,1.2375,3279.93
18901.88,72.2,94,2.4625,3279.93
18901.88,70.92,94,0.0,3279.93
18901.88,71.65,77,1.2125,3279.93
18901.88,71.7,77,0.0,3279.93
18901.88,70.78,98,0.0,3279.93
18901.88,71.03,98,0.0,3279.93
18901.88,70.98,93,1.2125,3279.93
18901.88,71.42,93,0.0,3279.93
18901.88,71.79,94,0.0,3279.93
18901.88,71.4,94,1.225,3279.93
18901.88,71.24,93,1.225,3279.93
18901.88,71.3,93,0.0,3279.93
18901.88,72.07,93,0.0,3279.93
18901.88,71.5,94,0.0,3279.93
18901.88,71.57,94,1.2125,3279.93
18901.88,71.92,93,0.0,3279.93
18901.88,72.07,93,0.0,3279.93
18901.88,72.07,93,1.2125,3279.93
18901.88,72.05,93,0.0,3279.93
18901.88,71.82,93,0.0,3279.93
18901.88,71.92,93,1.2125,3279.93
18901.88,71.84,95,0.0,3279.93
18901.88,71.76,95,0.0,3279.93
18901.88,71.81,94,1.225,3279.93
18901.88,72.11,94,0.0,3279.93
18901.88,72.57,94,2.425,3279.93
18901.88,73.39,94,0.0,3279.93
18901.88,73.07,86,0.0,3279.93
18901.88,72.52,86,1.2125,3279.93
18901.88,72.08,91,0.0,3279.93
18901.88,72.88,91,0.0,3279.93
18901.88,72.06,90,1.175,3279.93
18901.88,72.07,90,0.0,3279.93
18901.88,72.56,93,0.0,3279.93
18901.88,72.28,93,1.2125,3279.93
18901.88,71.96,92,0.0,3279.93
18901.88,72.28,92,0.0,3279.93
18901.88,71.21,92,1.2125,3279.93
18901.88,71.19,92,0.0,3279.93
18901.88,71.94,91,0.0,3279.93
18901.88,72.09,91,1.2,3279.93
18901.88,72.09,93,0.0,3279.93
18901.88,72.64,93,0.0,3279.93
18901.88,72.51,93,1.2125,3279.93
18901.88,72.52,93,0.0,3279.93
18901.88,72.63,92,0.0,3279.93
18901.88,72.86,92,0.0,3279.93
18901.88,72.44,92,2.4375,3279.93
18901.88,72.59,93,0.0,3279.93
18901.88,72.94,93,0.0,3279.93
18901.88,72.18,92,1.2125,3279.93
18901.88,72.24,92,0.0,3279.93
18901.88,72.06,92,0.0,3279.93
18901.88,72.07,92,0.0,3279.93
18901.88,72.18,92,1.2,3279.93
18901.88,72.22,92,0.0,3279.93
18901.88,71.54,92,0.0,3279.93
18901.88,71.9,92,0.0,3279.93
18901.88,72.07,93,1.225,3279.93
18901.88,72.14,93,0.0,3279.93
18901.88,72.14,92,0.0,3279.93
18901.88,72.16,92,0.0,3279.93
18901.88,72.33,91,1.2125,3279.93
18901.88,69.39,91,2.425,3279.93
18901.88,68.98,85,0.0,3279.93
18901.88,69.0,85,0.0,3279.93
18901.88,69.04,95,0.0,3279.93
18901.88,69.11,95,1.2125,3279.93
18901.88,68.76,95,0.0,3279.93
18901.88,68.76,95,0.0,3279.93
18901.88,69.1,91,1.2125,3279.93
18901.88,68.76,91,0.0,3279.93
18901.88,68.31,92,0.0,3279.93
18901.88,69.04,92,1.2125,3279.93
18901.88,71.48,92,0.0,3279.93
18901.88,71.8,92,0.0,3279.93
18901.88,71.99,93,1.2125,3279.93
18901.88,72.03,90,0.0,3279.93
18901.88,72.08,90,0.0,3279.93
18901.88,72.94,91,0.0,3279.93
18901.88,72.84,91,2.425,3279.93
18901.88,72.73,92,0.0,3279.93
18901.88,73.25,92,0.0,3279.93
18901.88,73.21,93,1.1875,3279.93
18901.88,73.06,93,0.0,3279.93
18901.88,72.61,92,1.2125,3279.93
18901.88,72.44,92,0.0,3279.93
18901.88,73.17,94,0.0,3279.93
18901.88,73.07,94,0.0,3279.93
18901.88,72.96,93,1.2125,3279.93
18901.88,72.53,93,0.0,3279.93
18901.88,72.56,93,0.0,3279.93
18901.88,72.53,93,1.2125,3279.93
18901.88,71.95,93,0.0,3279.93
18901.88,71.75,93,0.0,3279.93
18901.88,71.67,93,1.2125,3279.93
18901.88,71.9,93,0.0,3279.93
18901.88,72.22,93,0.0,3279.93
18901.88,71.7,93,0.0,3279.93
18901.88,71.93,94,0.0,3279.93
18901.88,71.93,94,1.2125,3279.93
18901.88,71.58,93,0.0,3279.93
18901.88,71.79,93,1.2125,3279.93
18901.88,70.81,83,0.0,3279.93
18901.88,70.89,83,1.2125,3279.93
18901.88,70.12,98,1.2125,3279.93
18901.88,70.19,93,0.0,3279.93
18901.88,70.64,93,1.225,3279.93
18901.88,70.64,93,0.0,3279.93
18901.88,71.45,93,0.0,3279.93
18901.88,71.14,93,0.0,3279.93
18901.88,70.87,93,1.2125,3279.93
18901.88,70.68,93,0.0,3279.93
18901.88,71.54,93,0.0,3279.93
18901.88,71.25,93,0.0,3279.93
18901.88,72.09,93,1.2125,3279.93
18901.88,72.26,94,0.0,3279.93
18901.88,71.92,94,0.0,3279.93
18901.88,72.1,93,1.2125,3279.93
18901.88,71.36,93,0.0,3279.93
18901.88,71.59,93,0.0,3279.93
18901.88,71.76,93,1.2,3279.93
18901.88,71.43,91,1.2125,3279.93
18901.88,71.38,91,0.0,3279.93
18901.88,71.24,93,0.0,3279.93
18901.88,71.43,93,0.0,3279.93
18901.88,71.84,93,1.225,3279.93
18901.88,71.57,93,0.0,3279.93
18901.88,71.56,89,0.0,3279.93
18901.88,71.25,89,0.0,3279.93
18901.88,71.75,93,1.225,3279.93
18901.88,71.56,93,0.0,3279.93
18901.88,71.65,93,0.0,3279.93
18901.88,72.19,93,1.225,3279.93
18901.88,72.0,91,0.0,3279.93
18901.88,72.22,91,0.0,3279.93
18901.88,72.17,93,0.0,3279.93
18901.88,72.01,93,1.225,3279.93
18901.88,72.33,93,0.0,3279.93
18901.88,72.41,93,0.0,3279.93
18901.88,72.36,92,0.0,3279.93
18901.88,72.33,92,2.4375,3279.93
18901.88,74.83,77,0.0,3279.93
18901.88,74.52,77,0.0,3279.93
18901.88,73.65,95,2.4,3279.93
18901.88,74.11,95,0.0,3279.93
18901.88,74.27,92,0.0,3279.93
18901.88,74.57,92,0.0,3279.93
18901.88,74.76,92,1.2125,3279.93
18901.88,74.46,93,0.0,3279.93
18901.88,74.63,93,0.0,3279.93
18901.88,74.0,92,1.2125,3279.93
18901.88,71.44,92,0.0,3279.93
18901.88,71.43,93,0.0,3279.93
18901.88,71.92,93,1.2125,3279.93
18901.88,72.24,93,0.0,3279.93
18901.88,71.69,93,0.0,3279.93
18901.88,71.81,93,0.0,3279.93
18901.88,71.78,93,1.225,3279.93
18901.88,71.36,92,0.0,3279.93
18901.88,71.14,92,0.0,3279.93
18901.88,71.44,91,0.0,3279.93
18901.88,71.26,91,1.225,3279.93
18901.88,71.36,92,0.0,3279.93
18901.88,71.55,92,0.0,3279.93
18901.88,71.16,91,1.225,3279.93
18901.88,70.92,91,0.0,3279.93
18901.88,71.42,93,0.0,3279.93
18901.88,71.37,93,0.0,3279.93
18901.88,71.32,93,1.225,3279.93
18901.88,71.32,93,0.0,3279.93
18901.88,71.49,93,0.0,3279.93
18901.88,71.24,93,0.0,3279.93
18901.88,71.44,93,1.2125,3279.93
18901.88,71.72,93,1.225,3279.93
18901.88,71.71,93,0.0,3279.93
18901.88,72.32,93,0.0,3279.93
18901.88,72.52,93,1.2125,3279.93
18901.88,71.85,93,0.0,3279.93
18901.88,71.91,91,1.2125,3279.93
18901.88,71.9,91,1.2125,3279.93
18901.88,72.35,84,0.0,3279.93
18901.88,71.33,84,0.0,3279.93
18901.88,71.08,96,1.2125,3279.93
18901.88,71.51,96,0.0,3279.93
18901.88,71.81,93,0.0,3279.93
18901.88,71.74,93,1.1125,3279.93
18901.88,71.99,93,1.225,3279.93
18901.88,72.19,86,0.0,3279.93
18901.88,72.51,86,0.0,3279.93
18901.88,71.82,92,1.2125,3279.93
18901.88,71.4,92,0.0,3279.93
18901.88,72.55,92,0.0,3279.93
18901.88,72.7,93,1.225,3279.93
18901.88,72.46,91,0.0,3279.93
18901.88,72.88,91,0.0,3279.93
18901.88,72.15,91,1.2125,3279.93
18901.88,72.42,93,0.0,3279.93
18901.88,71.48,93,0.0,3279.93
18901.88,71.67,93,1.2125,3279.93
18901.88,71.37,94,0.0,3279.93
18901.88,71.41,93,0.0,3279.93
18901.88,71.76,93,1.2125,3279.93
18901.88,71.89,89,0.0,3279.93
18901.88,71.79,89,0.0,3279.93
18901.88,71.69,89,2.325,3279.93
18901.88,72.05,93,0.0,3279.93
18901.88,72.03,93,0.0,3279.93
18901.88,72.03,94,1.2125,3279.93
18901.88,71.54,94,0.0,3279.93
18901.88,71.47,92,0.0,3279.93
18901.88,71.49,92,0.0,3279.93
18901.88,71.58,90,1.2125,3279.93
18901.88,71.69,90,0.0,3279.93
18901.88,71.15,94,0.0,3279.93
18901.88,70.97,91,0.0,3279.93
18901.88,70.97,91,1.1875,3279.93
18901.88,70.77,93,0.0,3279.93
18901.88,67.48,93,3.6625,3279.93
18901.88,68.56,93,0.0,3279.93
18901.88,67.9,76,1.1875,3279.93
18901.88,68.2,76,0.0,3279.93
18901.88,68.32,94,0.0,3279.93
18901.88,68.42,94,1.2125,3279.93
18901.88,68.53,91,0.0,3279.93
18901.88,69.17,92,0.0,3279.93
18901.88,69.74,92,0.0,3279.93
18901.88,69.68,91,1.2125,3279.93
18901.88,69.68,91,0.0,3279.93
18901.88,72.47,92,0.0,3279.93
18901.88,72.25,92,1.225,3279.93
18901.88,72.78,92,0.0,3279.93
18901.88,72.78,92,1.225,3279.93
18901.88,75.3,78,1.225,3279.93
18901.88,75.26,78,0.0,3279.93
18901.88,74.73,96,0.0,3279.93
18901.88,74.73,96,1.2125,3279.93
18901.88,74.08,92,0.0,3279.93
18901.88,74.67,92,0.0,3279.93
18901.88,74.3,93,1.2125,3279.93
18901.88,74.3,93,0.0,3279.93
18901.88,74.41,93,1.2125,3279.93
18901.88,74.41,93,0.0,3279.93
18901.88,73.92,92,1.2125,3279.93
18901.88,71.65,92,1.1125,3279.93
18901.88,72.01,92,0.0,3279.93
18901.88,72.0,93,1.2125,3279.93
18901.88,71.92,93,0.0,3279.93
18901.88,71.83,93,0.0,3279.93
18901.88,71.73,93,0.0,3279.93
18901.88,71.6,93,1.2125,3279.93
18901.88,71.59,90,0.0,3279.93
18901.88,71.71,90,0.0,3279.93
18901.88,71.52,94,1.2125,3279.93
18901.88,71.6,93,0.0,3279.93
18901.88,71.78,93,0.0,3279.93
18901.88,72.01,93,0.0,3279.93
18901.88,71.93,92,1.225,3279.93
18901.88,71.88,92,0.0,3279.93
18901.88,71.73,93,0.0,3279.93
18901.88,71.73,93,0.0,3279.93
18901.88,71.68,94,1.225,3279.93
18901.88,72.12,94,0.0,3279.93
18901.88,72.4,94,0.0,3279.93
18901.88,72.06,93,1.1875,3279.93
18901.88,72.22,93,0.0,3279.93
18901.88,71.81,93,0.0,3279.93
18901.88,71.92,93,0.0,3279.93
18901.88,71.92,92,1.2125,3279.93
18901.88,72.16,92,0.0,3279.93
18901.88,72.26,94,2.35,3279.93
18901.88,73.84,94,1.2125,3279.93
18901.88,73.82,66,0.0,3279.93
18901.88,74.31,66,0.0,3279.93
18901.88,74.15,95,1.2125,3279.93
18901.88,74.15,93,0.0,3279.93
18901.88,74.63,93,1.2125,3279.93
18901.88,74.63,93,0.0,3279.93
18901.88,74.08,91,0.0,3279.93
18901.88,74.62,91,1.225,3279.93
18901.88,73.81,90,0.0,3279.93
18901.88,73.7,90,0.0,3279.93
18901.88,73.7,93,0.0,3279.93
18901.88,72.22,93,1.225,3279.93
18901.88,71.66,93,0.0,3279.93
18901.88,71.66,93,0.0,3279.93
18901.88,72.3,93,0.0,3279.93
18901.88,72.39,93,1.225,3279.93
18901.88,72.39,93,1.1125,3279.93
18901.88,72.28,93,3.7125,3279.93
18901.88,70.19,84,0.0,3279.93
18901.88,70.7,90,0.0,3279.93
18901.88,70.7,90,0.0,3279.93
18901.88,69.83,95,1.25,3279.93
18901.88,69.93,95,0.0,3279.93
18901.88,70.74,93,0.0,3279.93
18901.88,70.79,93,1.2375,3279.93
18901.88,70.87,93,0.0,3279.93
18901.88,70.65,93,0.0,3279.93
18901.88,70.69,94,1.25,3279.93
18901.88,73.17,94,0.0,3279.93
18901.88,71.79,94,0.0,3279.93
18901.88,71.8,94,0.0,3279.93
18901.88,72.5,94,3.6875,3279.93
18901.88,72.6,94,0.0,3279.93
18901.88,72.62,92,0.0,3279.93
18901.88,72.55,92,0.0,3279.93
18901.88,72.43,94,1.2375,3279.93
18901.88,72.48,94,0.0,3279.93
18901.88,72.51,91,0.0,3279.93
18901.88,72.32,91,0.0,3279.93
18901.88,72.6,93,2.4875,3279.93
18901.88,72.02,93,0.0,3279.93
18901.88,72.01,93,0.0,3279.93
18901.88,72.39,92,1.2375,3279.93
18901.88,71.35,92,0.0,3279.93
18901.88,71.35,92,0.0,3279.93
18901.88,71.0,92,0.0,3279.93
18901.88,71.23,94,2.425,3279.93
18901.88,70.64,91,0.0,3279.93
18901.88,71.22,91,1.2125,3279.93
18901.88,70.71,94,0.0,3279.93
18901.88,70.48,94,0.0,3279.93
18901.88,71.26,94,1.2125,3279.93
18901.88,70.93,94,0.0,3279.93
18901.88,70.93,93,0.0,3279.93
18901.88,72.16,93,1.2125,3279.93
18901.88,71.87,93,0.0,3279.93
18901.88,72.46,93,0.0,3279.93
18901.88,70.3,93,2.425,3279.93
18901.88,69.89,85,0.0,3279.93
18901.88,70.14,85,0.0,3279.93
18901.88,70.08,97,1.225,3279.93
18901.88,70.0,97,0.0,3279.93
18901.88,70.88,97,0.0,3279.93
18901.88,70.74,93,0.0,3279.93
18901.88,70.48,93,1.25,3279.93
18901.88,70.48,94,1.25,3279.93
18901.88,70.88,94,0.0,3279.93
18901.88,70.29,93,1.25,3279.93
18901.88,70.31,93,0.0,3279.93
18901.88,71.99,93,0.0,3279.93
18901.88,71.87,93,1.25,3279.93
18901.88,72.08,94,0.0,3279.93
18901.88,72.03,94,0.0,3279.93
18901.88,72.1,90,1.25,3279.93
18901.88,72.02,90,0.0,3279.93
18901.88,72.58,90,0.0,3279.93
18901.88,72.57,90,0.0,3279.93
18901.88,72.5,93,1.2375,3279.93
18901.88,72.57,92,0.0,3279.93
18901.88,72.08,92,0.0,3279.93
18901.88,72.42,92,3.6375,3279.93
18901.88,72.12,92,0.0,3279.93
18901.88,72.11,94,1.2375,3279.93
18901.88,72.63,94,1.25,3279.93
18901.88,72.37,93,0.0,3279.93
18901.88,72.05,93,0.0,3279.93
18901.88,71.92,91,0.0,3279.93
18901.88,72.03,91,1.25,3279.93
18901.88,72.55,91,0.0,3279.93
18901.88,72.31,91,0.0,3279.93
18901.88,72.43,93,1.2375,3279.93
18901.88,73.07,93,0.0,3279.93
18901.88,72.96,91,0.0,3279.93
18901.88,73.1,91,1.25,3279.93
18901.88,73.15,92,0.0,3279.93
18901.88,72.57,92,0.0,3279.93
18901.88,72.92,93,1.2125,3279.93
18901.88,73.01,93,1.225,3279.93
18901.88,73.58,78,1.175,3279.93
18901.88,72.33,78,0.0,3279.93
18901.88,72.62,95,1.2125,3279.93
18901.88,72.76,95,0.0,3279.93
18901.88,72.49,93,0.0,3279.93
18901.88,72.8,93,0.0,3279.93
18901.88,72.74,92,1.2125,3279.93
18901.88,72.7,92,0.0,3279.93
18901.88,73.04,92,0.0,3279.93
18901.88,72.88,92,1.2125,3279.93
18901.88,72.75,91,0.0,3279.93
18901.88,71.74,91,0.0,3279.93
18901.88,72.35,93,1.2125,3279.93
18901.88,72.48,93,0.0,3279.93
18901.88,72.4,94,0.0,3279.93
18901.88,72.42,92,1.225,3279.93
18901.88,72.32,92,0.0,3279.93
18901.88,72.3,93,1.1375,3279.93
18901.88,72.48,93,2.175,3279.93
18901.88,72.51,93,0.0,3279.93
18901.88,71.79,93,1.2125,3279.93
18901.88,71.62,93,0.0,3279.93
18901.88,71.81,93,0.0,3279.93
18901.88,72.14,93,1.225,3279.93
18901.88,72.29,93,0.0,3279.93
18901.88,72.39,90,0.0,3279.93
18901.88,72.41,90,1.2125,3279.93
18901.88,72.35,92,0.0,3279.93
18901.88,72.08,92,0.0,3279.93
18901.88,72.03,93,0.0,3279.93
18901.88,72.2,93,0.0,3279.93
18901.88,72.39,93,2.2125,3279.93
18901.88,72.35,93,0.0,3279.93
18901.88,72.96,86,0.0,3279.93
18901.88,73.02,86,0.0,3279.93
18901.88,72.72,92,1.2125,3279.93
18901.88,73.06,92,0.0,3279.93
18901.88,72.66,93,2.4125,3279.93
18901.88,69.61,93,1.2125,3279.93
18901.88,69.91,81,0.0,3279.93
18901.88,69.01,81,0.0,3279.93
18901.88,69.09,94,1.2125,3279.93
18901.88,69.18,94,0.0,3279.93
18901.88,69.43,94,0.0,3279.93
18901.88,68.86,94,1.2125,3279.93
18901.88,68.94,93,0.0,3279.93
18901.88,68.74,93,2.1,3279.93
18901.88,67.89,91,0.0,3279.93
18901.88,68.48,91,0.0,3279.93
18901.88,70.5,92,0.0,3279.93
18901.88,70.18,92,1.2375,3279.93
18901.88,71.08,91,1.225,3279.93
18901.88,71.21,91,1.2375,3279.93
18901.88,72.8,79,0.0,3279.93
18901.88,72.54,79,0.0,3279.93
18901.88,72.68,96,0.0,3279.93
18901.88,72.35,96,1.2375,3279.93
18901.88,72.78,92,0.0,3279.93
18901.88,73.86,92,0.0,3279.93
18901.88,73.09,92,0.0,3279.93
18901.88,73.79,93,1.25,3279.93
18901.88,74.04,93,0.0,3279.93
18901.88,74.38,94,0.0,3279.93
18901.88,72.08,94,1.2375,3279.93
18901.88,71.84,93,1.1375,3279.93
18901.88,72.06,93,1.25,3279.93
18901.88,71.89,90,0.0,3279.93
18901.88,71.78,90,1.25,3279.93
18901.88,71.66,93,0.0,3279.93
18901.88,71.9,93,0.0,3279.93
18901.88,72.15,93,2.4875,3279.93
18901.88,72.02,93,0.0,3279.93
18901.88,71.98,91,0.0,3279.93
18901.88,71.89,91,0.0,3279.93
18901.88,72.12,93,1.25,3279.93
18901.88,70.15,93,2.4875,3279.93
18901.88,70.8,71,1.25,3279.93
18901.88,71.12,71,0.0,3279.93
18901.88,70.28,71,0.0,3279.93
18901.88,70.26,98,0.0,3279.93
18901.88,70.59,98,2.3375,3279.93
18901.88,70.81,93,1.225,3279.93
18901.88,71.01,91,0.0,3279.93
18901.88,71.11,91,0.0,3279.93
18901.88,70.78,91,1.25,3279.93
18901.88,71.12,91,0.0,3279.93
18901.88,72.85,93,0.0,3279.93
18901.88,71.82,93,0.0,3279.93
18901.88,71.58,93,1.25,3279.93
18901.88,71.58,94,0.0,3279.93
18901.88,71.75,91,0.0,3279.93
18901.88,71.93,91,0.0,3279.93
18901.88,71.37,93,1.25,3279.93
18901.88,71.14,93,0.0,3279.93
18901.88,71.47,93,0.0,3279.93
18901.88,71.47,93,1.225,3279.93
18901.88,71.55,93,0.0,3279.93
18901.88,72.09,93,0.0,3279.93
18901.88,72.1,92,0.0,3279.93
18901.88,72.14,92,0.0,3279.93
18901.88,72.7,91,2.3,3279.93
18901.88,70.93,91,0.0,3279.93
18901.88,70.89,88,0.0,3279.93
18901.88,71.26,88,0.0,3279.93
18901.88,71.2,93,1.225,3279.93
18901.88,70.74,93,0.0,3279.93
18901.88,70.96,92,1.2,3279.93
18901.88,70.81,92,1.2125,3279.93
18901.88,69.98,92,0.0,3279.93
18901.88,70.13,92,0.0,3279.93
18901.88,70.21,93,1.2125,3279.93
18901.88,69.43,93,0.0,3279.93
18901.88,71.31,92,1.2,3279.93
18901.88,71.36,91,0.0,3279.93
18901.88,70.18,91,0.0,3279.93
18901.88,70.2,92,3.6,3279.93
18901.88,70.67,92,0.0,3279.93
18901.88,72.51,79,0.0,3279.93
18901.88,73.11,79,1.2125,3279.93
18901.88,73.62,89,0.0,3279.93
18901.88,73.51,89,0.0,3279.93
18901.88,74.55,93,1.2125,3279.93
18901.88,74.18,93,0.0,3279.93
18901.88,73.96,92,0.0,3279.93
18901.88,75.18,92,1.2125,3279.93
18901.88,74.61,93,0.0,3279.93
18901.88,74.42,93,0.0,3279.93
18901.88,72.85,93,1.2125,3279.93
18901.88,72.45,93,0.0,3279.93
18901.88,72.85,93,0.0,3279.93
18901.88,72.77,93,1.2125,3279.93
18901.88,73.06,91,0.0,3279.93
18901.88,72.98,91,0.0,3279.93
18901.88,72.89,92,1.2125,3279.93
18901.88,72.77,92,0.0,3279.93
18901.88,72.69,93,0.0,3279.93
18901.88,72.71,93,0.0,3279.93
18901.88,72.45,93,1.2375,3279.93
18901.88,72.56,93,0.0,3279.93
18901.88,72.82,93,0.0,3279.93
18901.88,72.78,93,1.2125,3279.93
18901.88,72.11,93,0.0,3279.93
18901.88,72.02,93,1.2,3279.93
18901.88,72.0,92,0.0,3279.93
18901.88,72.03,92,1.225,3279.93
18901.88,71.94,90,0.0,3279.93
18901.88,71.82,93,0.0,3279.93
18901.88,71.91,93,0.0,3279.93
18901.88,72.0,93,1.2125,3279.93
18901.88,71.88,93,0.0,3279.93
18901.88,71.96,93,0.0,3279.93
18901.88,72.12,93,0.0,3279.93
18901.88,71.98,93,1.2,3279.93
18901.88,71.89,93,0.0,3279.93
18901.88,70.77,89,1.2125,3279.93
18901.88,71.23,89,1.2125,3279.93
18901.88,70.1,83,0.0,3279.93
18901.88,70.57,83,0.0,3279.93
18901.88,71.03,94,1.2125,3279.93
18901.88,70.64,94,0.0,3279.93
18901.88,71.18,93,0.0,3279.93
18901.88,70.54,93,1.2125,3279.93
18901.88,70.72,93,0.0,3279.93
18901.88,70.78,93,1.2125,3279.93
18901.88,70.18,91,0.0,3279.93
18901.88,71.4,91,1.2125,3279.93
18901.88,70.99,94,0.0,3279.93
18901.88,71.58,94,0.0,3279.93
18901.88,71.9,93,1.2,3279.93
18901.88,71.71,93,0.0,3279.93
18901.88,71.99,93,2.35,3279.93
18901.88,73.36,93,0.0,3279.93
18901.88,73.76,79,0.0,3279.93
18901.88,73.84,95,1.225,3279.93
18901.88,73.81,95,0.0,3279.93
18901.88,74.12,93,0.0,3279.93
18901.88,74.31,93,0.0,3279.93
18901.88,74.69,93,1.2125,3279.93
18901.88,74.83,93,0.0,3279.93
18901.88,74.56,94,0.0,3279.93
18901.88,74.47,94,1.2125,3279.93
18901.88,72.25,93,0.0,3279.93
18901.88,72.1,93,0.0,3279.93
18901.88,71.52,93,1.2125,3279.93
18901.88,71.48,93,1.225,3279.93
18901.88,71.77,94,0.0,3279.93
18901.88,71.4,94,0.0,3279.93
18901.88,71.11,93,1.2125,3279.93
18901.88,71.58,93,0.0,3279.93
18901.88,71.25,93,0.0,3279.93
18901.88,71.13,93,1.2,3279.93
18901.88,71.6,94,0.0,3279.93
18901.88,70.69,94,0.0,3279.93
18901.88,70.64,92,1.2125,3279.93
18901.88,71.21,92,0.0,3279.93
18901.88,70.92,93,0.0,3279.93
18901.88,70.61,93,0.0,3279.93
18901.88,71.2,93,1.2125,3279.93
18901.88,70.81,93,0.0,3279.93
18901.88,70.71,92,0.0,3279.93
18901.88,71.31,92,0.0,3279.93
18901.88,71.62,90,0.0,3279.93
18901.88,71.26,90,1.225,3279.93
18901.88,72.25,92,0.0,3279.93
18901.88,72.4,92,0.0,3279.93
18901.88,71.56,91,1.225,3279.93
18901.88,71.92,91,1.225,3279.93
18901.88,72.22,93,0.0,3279.93
18901.88,71.53,93,0.0,3279.93
18901.88,71.7,93,0.0,3279.93
18901.88,71.99,93,2.45,3279.93
18901.88,73.67,81,0.0,3279.93
18901.88,73.22,81,0.0,3279.93
18901.88,73.4,100,0.0,3279.93
18901.88,73.17,93,0.0,3279.93
18901.88,72.8,93,1.225,3279.93
18901.88,73.62,94,0.0,3279.93
18901.88,73.35,94,0.0,3279.93
18901.88,73.89,93,0.0,3279.93
18901.88,74.2,93,1.225,3279.93
18901.88,73.63,92,0.0,3279.93
18901.88,71.67,92,0.0,3279.93
18901.88,71.79,93,2.425,3279.93
18901.88,71.29,93,0.0,3279.93
18901.88,71.35,93,0.0,3279.93
18901.88,71.83,93,0.0,3279.93
18901.88,70.7,91,1.2125,3279.93
18901.88,70.38,91,0.0,3279.93
18901.88,70.93,92,0.0,3279.93
18901.88,70.44,92,1.2125,3279.93
18901.88,70.24,92,0.0,3279.93
18901.88,70.67,92,0.0,3279.93
18901.88,70.29,91,1.2125,3279.93
18901.88,70.1,91,0.0,3279.93
18901.88,70.91,92,0.0,3279.93
18901.88,71.27,92,1.2125,3279.93
18901.88,70.76,91,0.0,3279.93
18901.88,71.84,91,0.0,3279.93
18901.88,72.07,93,0.0,3279.93
18901.88,71.6,93,1.2125,3279.93
18901.88,72.14,93,0.0,3279.93
18901.88,72.24,93,0.0,3279.93
18901.88,71.42,91,0.0,3279.93
18901.88,71.73,91,1.2125,3279.93
18901.88,72.1,93,0.0,3279.93
18901.88,71.62,93,0.0,3279.93
18901.88,71.42,91,1.2125,3279.93
18901.88,72.04,91,0.0,3279.93
18901.88,71.66,93,1.2125,3279.93
18901.88,71.42,93,2.3875,3279.93
18901.88,71.76,94,0.0,3279.93
18901.88,73.71,94,0.0,3279.93
18901.88,73.72,78,1.2125,3279.93
18901.88,73.66,92,0.0,3279.93
18901.88,73.91,92,0.0,3279.93
18901.88,74.33,91,1.2125,3279.93
18901.88,74.38,91,0.0,3279.93
18901.88,74.37,94,0.0,3279.93
18901.88,74.59,94,0.0,3279.93
18901.88,74.63,93,1.2125,3279.93
18901.88,74.16,93,0.0,3279.93
18901.88,71.88,92,1.2,3279.93
18901.88,71.81,92,0.0,3279.93
18901.88,72.22,93,0.0,3279.93
18901.88,72.04,93,0.0,3279.93
18901.88,71.83,93,1.225,3279.93
18901.88,72.0,93,0.0,3279.93
18901.88,72.34,93,0.0,3279.93
18901.88,71.64,93,0.0,3279.93
18901.88,71.29,92,0.0,3279.93
18901.88,71.43,92,1.2125,3279.93
18901.88,71.14,92,0.0,3279.93
18901.88,71.2,92,0.0,3279.93
18901.88,71.3,94,0.0,3279.93
18901.88,71.58,92,2.425,3279.93
18901.88,71.9,92,0.0,3279.93
18901.88,71.72,93,0.0,3279.93
18901.88,71.83,93,1.225,3279.93
18901.88,71.58,93,0.0,3279.93
18901.88,71.56,93,0.0,3279.93
18901.88,71.83,93,0.0,3279.93
18901.88,72.19,93,1.225,3279.93
18901.88,72.41,92,0.0,3279.93
18901.88,72.7,92,1.2125,3279.93
18901.88,72.78,93,0.0,3279.93
18901.88,72.8,93,0.0,3279.93
18901.88,72.36,93,0.0,3279.93
18901.88,72.25,93,1.2125,3279.93
18901.88,72.3,92,1.2125,3279.93
18901.88,73.35,92,0.0,3279.93
18901.88,73.33,83,1.225,3279.93
18901.88,73.19,83,0.0,3279.93
18901.88,73.28,94,0.0,3279.93
18901.88,73.25,94,0.0,3279.93
18901.88,73.32,94,1.2125,3279.93
18901.88,73.65,94,0.0,3279.93
18901.88,73.53,92,0.0,3279.93
18901.88,74.07,92,1.2125,3279.93
18901.88,74.33,93,0.0,3279.93
18901.88,74.04,93,0.0,3279.93
18901.88,73.57,94,1.2125,3279.93
18901.88,73.27,94,0.0,3279.93
18901.88,73.05,93,0.0,3279.93
18901.88,73.55,93,0.0,3279.93
18901.88,73.55,92,1.2125,3279.93
18901.88,73.19,92,0.0,3279.93
18901.88,73.17,94,0.0,3279.93
18901.88,73.46,94,1.2125,3279.93
18901.88,73.13,90,1.2125,3279.93
18901.88,73.13,93,0.0,3279.93
18901.88,73.3,93,1.2125,3279.93
18901.88,74.53,86,0.0,3279.93
18901.88,74.95,86,1.225,3279.93
18901.88,74.71,92,0.0,3279.93
18901.88,74.78,92,0.0,3279.93
18901.88,74.6,93,0.0,3279.93
18901.88,74.62,93,1.2125,3279.93
18901.88,74.62,93,0.0,3279.93
18901.88,74.36,92,0.0,3279.93
18901.88,74.15,92,1.2125,3279.93
18901.88,73.82,93,0.0,3279.93
18901.88,72.39,93,0.0,3279.93
18901.88,72.39,94,1.2125,3279.93
18901.88,71.7,94,0.0,3279.93
18901.88,71.8,91,0.0,3279.93
18901.88,71.73,91,1.225,3279.93
18901.88,73.08,93,1.2375,3279.93
18901.88,73.08,93,1.2375,3279.93
18901.88,72.54,84,0.0,3279.93
18901.88,72.22,84,0.0,3279.93
18901.88,72.77,93,0.0,3279.93
18901.88,72.56,93,1.2375,3279.93
18901.88,72.53,93,0.0,3279.93
18901.88,73.54,93,0.0,3279.93
18901.88,73.54,92,1.2375,3279.93
18901.88,73.58,92,0.0,3279.93
18901.88,73.07,91,0.0,3279.93
18901.88,73.57,91,0.0,3279.93
18901.88,71.61,93,1.25,3279.93
18901.88,71.29,93,0.0,3279.93
18901.88,71.69,93,0.0,3279.93
18901.88,71.95,94,1.2375,3279.93
18901.88,71.74,94,0.0,3279.93
18901.88,71.52,91,0.0,3279.93
18901.88,71.61,91,1.2375,3279.93
18901.88,71.44,92,0.0,3279.93
18901.88,71.64,92,0.0,3279.93
18901.88,71.89,92,0.0,3279.93
18901.88,71.86,92,1.2375,3279.93
18901.88,72.24,93,0.0,3279.93
18901.88,71.88,93,0.0,3279.93
18901.88,71.66,94,0.0,3279.93
18901.88,71.47,94,1.25,3279.93
18901.88,71.81,93,0.0,3279.93
18901.88,72.06,93,0.0,3279.93
18901.88,71.55,93,0.0,3279.93
18901.88,71.58,93,1.2375,3279.93
18901.88,71.57,93,0.0,3279.93
18901.88,71.33,93,0.0,3279.93
18901.88,71.81,93,1.25,3279.93
18901.88,71.94,90,0.0,3279.93
18901.88,71.95,90,0.0,3279.93
18901.88,71.95,93,0.0,3279.93
18901.88,71.85,93,1.25,3279.93
18901.88,71.87,93,0.0,3279.93
18901.88,71.77,93,1.2375,3279.93
18901.88,71.64,93,1.2375,3279.93
18901.88,72.66,86,0.0,3279.93
18901.88,72.54,86,0.0,3279.93
18901.88,71.73,92,1.2375,3279.93
18901.88,71.88,92,1.25,3279.93
18901.88,72.22,92,0.0,3279.93
18901.88,72.51,92,0.0,3279.93
18901.88,72.53,93,1.2375,3279.93
18901.88,72.25,93,0.0,3279.93
18901.88,72.78,94,0.0,3279.93
18901.88,72.28,94,0.0,3279.93
18901.88,71.51,93,1.2125,3279.93
18901.88,71.91,93,0.0,3279.93
18901.88,72.35,90,0.0,3279.93
18901.88,72.38,90,1.2125,3279.93
18901.88,72.21,93,0.0,3279.93
18901.88,72.45,93,0.0,3279.93
18901.88,72.5,92,0.0,3279.93
18901.88,72.22,92,1.2125,3279.93
18901.88,72.25,93,0.0,3279.93
18901.88,72.24,93,0.0,3279.93
18901.88,72.2,92,1.2125,3279.93
18901.88,72.26,92,0.0,3279.93
18901.88,72.64,93,0.0,3279.93
18901.88,72.64,94,0.0,3279.93
18901.88,72.77,94,1.2125,3279.93
18901.88,72.41,92,0.0,3279.93
18901.88,72.24,92,0.0,3279.93
18901.88,71.97,92,1.2125,3279.93
18901.88,72.19,92,1.2125,3279.93
18901.88,71.7,93,0.0,3279.93
18901.88,72.06,93,1.2125,3279.93
18901.88,72.35,94,0.0,3279.93
18901.88,71.75,94,0.0,3279.93
18901.88,72.0,93,1.2125,3279.93
18901.88,72.01,93,0.0,3279.93
18901.88,71.66,90,0.0,3279.93
18901.88,71.89,90,1.1875,3279.93
18901.88,68.36,79,0.0,3279.93
18901.88,68.42,79,1.175,3279.93
18901.88,67.16,79,0.0,3279.93
18901.88,67.16,97,1.2125,3279.93
18901.88,68.0,97,0.0,3279.93
18901.88,67.92,94,0.0,3279.93
18901.88,68.6,94,1.2125,3279.93
18901.88,68.13,94,0.0,3279.93
18901.88,67.87,93,0.0,3279.93
18901.88,68.51,93,1.2125,3279.93
18901.88,67.91,91,0.0,3279.93
18901.88,71.35,91,0.0,3279.93
18901.88,72.64,92,1.2,3279.93
18901.88,72.71,92,1.2375,3279.93
18901.88,72.68,91,0.0,3279.93
18901.88,72.03,91,0.0,3279.93
18901.88,71.94,91,0.0,3279.93
18901.88,72.39,91,1.2125,3279.93
18901.88,72.04,92,0.0,3279.93
18901.88,71.79,92,0.0,3279.93
18901.88,72.16,92,1.2125,3279.93
18901.88,71.73,90,0.0,3279.93
18901.88,71.65,90,0.0,3279.93
18901.88,72.13,93,1.2125,3279.93
18901.88,71.95,93,0.0,3279.93
18901.88,72.02,93,0.0,3279.93
18901.88,72.61,93,1.2125,3279.93
18901.88,72.34,91,0.0,3279.93
18901.88,72.26,91,0.0,3279.93
18901.88,72.15,93,0.0,3279.93
18901.88,72.06,93,1.2125,3279.93
18901.88,72.22,93,0.0,3279.93
18901.88,72.63,93,0.0,3279.93
18901.88,72.82,94,0.0,3279.93
18901.88,72.22,94,1.2125,3279.93
18901.88,72.28,93,0.0,3279.93
18901.88,72.26,93,0.0,3279.93
18901.88,72.25,93,1.2125,3279.93
18901.88,72.4,93,1.2125,3279.93
18901.88,74.31,81,0.0,3279.93
18901.88,74.48,81,1.2125,3279.93
18901.88,74.7,100,0.0,3279.93
18901.88,74.22,100,0.0,3279.93
18901.88,74.08,92,1.2125,3279.93
18901.88,74.03,92,0.0,3279.93
18901.88,74.68,94,1.2125,3279.93
18901.88,74.44,94,0.0,3279.93
18901.88,74.3,93,1.2,3279.93
18901.88,74.45,93,0.0,3279.93
18901.88,74.1,93,0.0,3279.93
18901.88,72.2,93,0.0,3279.93
18901.88,72.52,93,1.2125,3279.93
18901.88,72.24,94,0.0,3279.93
18901.88,72.86,94,0.0,3279.93
18901.88,72.95,93,1.2125,3279.93
18901.88,72.96,93,0.0,3279.93
18901.88,72.97,93,0.0,3279.93
18901.88,72.78,93,0.0,3279.93
18901.88,72.5,94,0.0,3279.93
18901.88,72.41,94,1.2375,3279.93
18901.88,71.92,92,0.0,3279.93
18901.88,71.83,92,0.0,3279.93
18901.88,72.58,90,0.0,3279.93
18901.88,73.08,90,1.25,3279.93
18901.88,73.12,89,0.0,3279.93
18901.88,73.33,89,0.0,3279.93
18901.88,72.81,93,0.0,3279.93
18901.88,73.18,93,1.2375,3279.93
18901.88,73.54,92,0.0,3279.93
18901.88,73.62,92,0.0,3279.93
18901.88,73.61,92,1.25,3279.93
18901.88,73.84,92,0.0,3279.93
18901.88,74.04,93,0.0,3279.93
18901.88,73.59,93,0.0,3279.93
18901.88,73.19,94,0.0,3279.93
18901.88,73.2,94,1.2375,3279.93
18901.88,72.9,93,1.2375,3279.93
18901.88,73.31,93,0.0,3279.93
18901.88,72.79,93,1.2,3279.93
18901.88,73.71,93,1.2125,3279.93
18901.88,73.3,86,0.0,3279.93
18901.88,72.8,86,0.0,3279.93
18901.88,73.06,93,1.2375,3279.93
18901.88,72.29,93,0.0,3279.93
18901.88,72.59,91,0.0,3279.93
18901.88,72.65,91,1.25,3279.93
18901.88,72.51,93,0.0,3279.93
18901.88,72.68,93,0.0,3279.93
18901.88,72.47,93,0.0,3279.93
18901.88,72.95,93,1.25,3279.93
18901.88,71.74,93,0.0,3279.93
18901.88,71.37,93,0.0,3279.93
18901.88,72.05,93,1.2375,3279.93
18901.88,71.86,93,0.0,3279.93
18901.88,72.17,93,1.2375,3279.93
18901.88,73.06,91,1.2375,3279.93
18901.88,72.77,91,0.0,3279.93
18901.88,72.81,87,0.0,3279.93
18901.88,72.48,87,1.2375,3279.93
18901.88,72.65,92,0.0,3279.93
18901.88,72.97,92,0.0,3279.93
18901.88,72.94,93,0.0,3279.93
18901.88,73.75,93,1.25,3279.93
18901.88,73.42,93,0.0,3279.93
18901.88,73.45,93,0.0,3279.93
18901.88,74.06,92,0.0,3279.93
18901.88,72.4,92,1.25,3279.93
18901.88,72.23,93,0.0,3279.93
18901.88,72.62,93,0.0,3279.93
18901.88,72.61,93,0.0,3279.93
18901.88,72.64,93,1.2375,3279.93
18901.88,72.64,93,0.0,3279.93
18901.88,71.93,93,0.0,3279.93
18901.88,71.86,93,1.2125,3279.93
18901.88,72.12,93,0.0,3279.93
18901.88,72.14,93,0.0,3279.93
18901.88,71.66,93,1.2125,3279.93
18901.88,71.97,93,1.2125,3279.93
18901.88,72.41,92,0.0,3279.93
18901.88,71.83,92,0.0,3279.93
18901.88,71.98,92,1.2125,3279.93
18901.88,71.8,93,0.0,3279.93
18901.88,71.63,93,0.0,3279.93
18901.88,71.72,93,0.0,3279.93
18901.88,71.94,93,1.2125,3279.93
18901.88,72.07,94,0.0,3279.93
18901.88,72.04,94,0.0,3279.93
18901.88,72.21,91,1.2125,3279.93
18901.88,72.16,91,0.0,3279.93
18901.88,72.06,93,0.0,3279.93
18901.88,71.87,93,1.2125,3279.93
18901.88,72.06,91,0.0,3279.93
18901.88,72.18,91,0.0,3279.93
18901.88,69.75,85,1.2125,3279.93
18901.88,69.61,85,0.0,3279.93
18901.88,69.6,94,1.225,3279.93
18901.88,69.29,94,0.0,3279.93
18901.88,69.44,96,0.0,3279.93
18901.88,69.19,96,1.2125,3279.93
18901.88,68.98,93,1.2125,3279.93
18901.88,69.63,93,0.0,3279.93
18901.88,69.41,93,0.0,3279.93
18901.88,69.0,93,0.0,3279.93
18901.88,69.63,94,0.0,3279.93
18901.88,71.75,94,1.2125,3279.93
18901.88,71.62,93,1.175,3279.93
18901.88,68.2,93,0.0,3279.93
18901.88,68.02,83,1.225,3279.93
18901.88,66.91,83,0.0,3279.93
18901.88,67.22,94,0.0,3279.93
18901.88,67.44,94,1.2125,3279.93
18901.88,67.04,93,0.0,3279.93
18901.88,67.78,93,0.0,3279.93
18901.88,68.4,91,1.2125,3279.93
18901.88,67.29,91,1.2125,3279.93
18901.88,67.49,92,0.0,3279.93
18901.88,67.61,92,0.0,3279.93
18901.88,70.88,93,1.2125,3279.93
18901.88,71.17,93,0.0,3279.93
18901.88,72.38,91,0.0,3279.93
18901.88,72.49,91,0.0,3279.93
18901.88,72.48,94,0.0,3279.93
18901.88,72.42,94,1.2125,3279.93
18901.88,72.2,93,0.0,3279.93
18901.88,71.84,93,0.0,3279.93
18901.88,72.57,93,1.2125,3279.93
18901.88,72.75,94,0.0,3279.93
18901.88,72.29,94,0.0,3279.93
18901.88,72.41,93,0.0,3279.93
18901.88,72.41,93,1.225,3279.93
18901.88,72.36,95,0.0,3279.93
18901.88,71.94,95,0.0,3279.93
18901.88,72.41,94,0.0,3279.93
18901.88,71.95,94,0.0,3279.93
18901.88,71.7,94,1.2125,3279.93
18901.88,71.73,94,0.0,3279.93
18901.88,71.25,92,0.0,3279.93
18901.88,71.63,92,0.0,3279.93
18901.88,71.8,93,1.225,3279.93
18901.88,71.92,93,0.0,3279.93
18901.88,72.21,94,0.0,3279.93
18901.88,71.75,94,0.0,3279.93
18901.88,72.04,94,1.225,3279.93
18901.88,71.72,94,0.0,3279.93
18901.88,71.9,94,1.2125,3279.93
18901.88,73.58,94,1.2125,3279.93
18901.88,73.67,80,0.0,3279.93
18901.88,73.04,80,0.0,3279.93
18901.88,73.16,95,1.2125,3279.93
18901.88,73.31,95,0.0,3279.93
18901.88,73.2,94,1.2125,3279.93
18901.88,73.27,94,1.2125,3279.93
18901.88,73.26,93,0.0,3279.93
18901.88,73.09,93,0.0,3279.93
18901.88,73.11,94,0.0,3279.93
18901.88,72.74,94,1.225,3279.93
18901.88,71.11,91,0.0,3279.93
18901.88,71.09,91,0.0,3279.93
18901.88,71.47,91,1.2125,3279.93
18901.88,71.39,91,0.0,3279.93
18901.88,71.41,93,0.0,3279.93
18901.88,71.14,93,1.225,3279.93
18901.88,70.88,93,0.0,3279.93
18901.88,71.18,93,0.0,3279.93
18901.88,70.5,93,0.0,3279.93
18901.88,70.45,94,1.225,3279.93
18901.88,70.92,94,0.0,3279.93
18901.88,70.51,92,0.0,3279.93
18901.88,70.43,92,0.0,3279.93
18901.88,71.38,92,1.2125,3279.93
18901.88,71.11,92,0.0,3279.93
18901.88,70.83,93,0.0,3279.93
18901.88,71.03,93,1.2125,3279.93
18901.88,71.07,94,0.0,3279.93
18901.88,71.96,94,0.0,3279.93
18901.88,71.98,92,0.0,3279.93
18901.88,72.11,92,1.2125,3279.93
18901.88,72.22,93,0.0,3279.93
18901.88,72.43,93,1.2125,3279.93
18901.88,72.49,93,1.2,3279.93
18901.88,72.59,93,0.0,3279.93
18901.88,72.44,93,0.0,3279.93
18901.88,72.3,93,1.225,3279.93
18901.88,71.66,93,1.2375,3279.93
18901.88,67.99,93,0.0,3279.93
18901.88,67.88,74,1.2125,3279.93
18901.88,66.84,74,0.0,3279.93
18901.88,66.68,94,0.0,3279.93
18901.88,67.48,94,1.2125,3279.93
18901.88,67.25,93,0.0,3279.93
18901.88,67.32,93,0.0,3279.93
18901.88,67.36,93,1.225,3279.93
18901.88,67.58,93,0.0,3279.93
18901.88,67.42,94,0.0,3279.93
18901.88,67.8,94,1.2125,3279.93
18901.88,71.38,93,0.0,3279.93
18901.88,71.15,93,0.0,3279.93
18901.88,72.11,93,0.0,3279.93
18901.88,72.6,93,1.2125,3279.93
18901.88,72.28,90,0.0,3279.93
18901.88,72.52,90,0.0,3279.93
18901.88,72.49,94,0.0,3279.93
18901.88,72.63,94,1.2375,3279.93
18901.88,72.58,93,0.0,3279.93
18901.88,72.27,93,1.2375,3279.93
18901.88,72.45,93,0.0,3279.93
18901.88,73.62,93,0.0,3279.93
18901.88,73.75,81,1.25,3279.93
18901.88,73.04,94,0.0,3279.93
18901.88,72.7,94,0.0,3279.93
18901.88,72.84,93,0.0,3279.93
18901.88,72.84,93,0.0,3279.93
18901.88,72.89,93,1.25,3279.93
18901.88,72.58,93,0.0,3279.93
18901.88,72.96,94,0.0,3279.93
18901.88,72.79,94,1.25,3279.93
18901.88,71.5,93,1.25,3279.93
18901.88,71.66,93,0.0,3279.93
18901.88,72.36,91,0.0,3279.93
18901.88,72.63,91,0.0,3279.93
18901.88,71.98,93,1.25,3279.93
18901.88,72.11,93,0.0,3279.93
18901.88,72.0,94,0.0,3279.93
18901.88,71.92,94,0.0,3279.93
18901.88,72.01,92,0.0,3279.93
18901.88,72.07,92,1.25,3279.93
18901.88,72.07,91,0.0,3279.93
18901.88,72.03,91,0.0,3279.93
18901.88,72.08,93,0.0,3279.93
18901.88,72.29,93,1.25,3279.93
18901.88,72.31,94,0.0,3279.93
18901.88,72.46,94,0.0,3279.93
18901.88,72.43,94,0.0,3279.93
18901.88,72.36,93,0.0,3279.93
18901.88,72.41,93,1.25,3279.93
18901.88,72.53,93,0.0,3279.93
18901.88,72.01,93,0.0,3279.93
18901.88,72.21,93,0.0,3279.93
18901.88,72.43,93,1.2375,3279.93
18901.88,72.2,94,0.0,3279.93
18901.88,72.57,94,0.0,3279.93
18901.88,72.57,93,0.0,3279.93
18901.88,72.72,93,0.0,3279.93
18901.88,72.89,92,1.25,3279.93
18901.88,73.04,92,1.25,3279.93
18901.88,72.41,90,0.0,3279.93
18901.88,73.4,90,1.25,3279.93
18901.88,73.33,80,1.25,3279.93
18901.88,73.08,80,0.0,3279.93
18901.88,73.41,91,0.0,3279.93
18901.88,73.65,91,0.0,3279.93
18901.88,73.8,93,0.0,3279.93
18901.88,73.76,93,1.25,3279.93
18901.88,72.91,93,0.0,3279.93
18901.88,72.91,93,0.0,3279.93
18901.88,72.59,94,0.0,3279.93
18901.88,72.8,94,0.0,3279.93
18901.88,72.02,94,1.225,3279.93
18901.88,71.35,91,0.0,3279.93
18901.88,72.09,91,0.0,3279.93
18901.88,72.39,92,0.0,3279.93
18901.88,71.56,92,1.225,3279.93
18901.88,71.63,93,0.0,3279.93
18901.88,71.58,93,0.0,3279.93
18901.88,71.39,93,0.0,3279.93
18901.88,71.3,93,0.0,3279.93
18901.88,71.3,93,1.225,3279.93
18901.88,71.37,93,0.0,3279.93
18901.88,72.26,91,0.0,3279.93
18901.88,72.28,91,0.0,3279.93
18901.88,72.16,94,1.2125,3279.93
18901.88,72.51,94,0.0,3279.93
18901.88,72.49,92,1.2,3279.93
18901.88,72.28,92,0.0,3279.93
18901.88,72.13,93,0.0,3279.93
18901.88,72.41,93,0.0,3279.93
18901.88,72.03,93,1.2125,3279.93
18901.88,72.02,93,1.2125,3279.93
18901.88,72.27,94,0.0,3279.93
18901.88,71.74,94,1.2125,3279.93
18901.88,71.91,93,0.0,3279.93
18901.88,71.81,93,0.0,3279.93
18901.88,71.99,93,0.0,3279.93
18901.88,71.98,93,2.425,3279.93
18901.88,70.65,80,0.0,3279.93
18901.88,70.65,80,0.0,3279.93
18901.88,69.59,97,1.2125,3279.93
18901.88,70.07,97,0.0,3279.93
18901.88,69.62,94,0.0,3279.93
18901.88,70.06,94,1.2125,3279.93
18901.88,70.06,90,0.0,3279.93
18901.88,70.18,90,0.0,3279.93
18901.88,69.65,92,1.225,3279.93
18901.88,69.37,92,0.0,3279.93
18901.88,70.62,93,0.0,3279.93
18901.88,70.94,93,0.0,3279.93
18901.88,72.23,92,1.225,3279.93
18901.88,69.79,92,1.2125,3279.93
18901.88,69.79,86,1.2125,3279.93
18901.88,69.81,86,0.0,3279.93
18901.88,69.17,85,0.0,3279.93
18901.88,68.63,92,1.2125,3279.93
18901.88,69.08,92,0.0,3279.93
18901.88,69.35,93,0.0,3279.93
18901.88,69.5,93,1.2125,3279.93
18901.88,69.94,93,0.0,3279.93
18901.88,69.94,93,1.2375,3279.93
18901.88,69.31,91,0.0,3279.93
18901.88,70.92,91,1.1875,3279.93
18901.88,71.65,93,1.2125,3279.93
18901.88,73.18,74,1.125,3279.93
18901.88,73.59,74,0.0,3279.93
18901.88,72.26,98,0.0,3279.93
18901.88,71.89,98,1.2375,3279.93
18901.88,72.23,98,0.0,3279.93
18901.88,71.53,93,0.0,3279.93
18901.88,72.34,93,1.2125,3279.93
18901.88,72.83,90,0.0,3279.93
18901.88,72.29,90,0.0,3279.93
18901.88,72.59,93,0.0,3279.93
18901.88,72.72,94,0.0,3279.93
18901.88,70.6,94,1.175,3279.93
18901.88,70.36,94,0.0,3279.93
18901.88,71.69,93,1.2125,3279.93
18901.88,71.8,93,0.0,3279.93
18901.88,71.8,93,0.0,3279.93
18901.88,72.03,93,0.0,3279.93
18901.88,71.89,93,1.2125,3279.93
18901.88,71.67,93,1.2125,3279.93
18901.88,71.67,94,0.0,3279.93
18901.88,71.78,94,1.2125,3279.93
18901.88,71.78,93,0.0,3279.93
18901.88,71.74,93,0.0,3279.93
18901.88,71.9,93,0.0,3279.93
18901.88,72.09,94,1.2125,3279.93
18901.88,72.1,94,1.225,3279.93
18901.88,73.86,84,0.0,3279.93
18901.88,74.12,84,1.2125,3279.93
18901.88,73.39,98,0.0,3279.93
18901.88,73.53,92,0.0,3279.93
18901.88,73.66,92,1.2125,3279.93
18901.88,73.66,92,0.0,3279.93
18901.88,74.12,90,0.0,3279.93
18901.88,73.78,90,0.0,3279.93
18901.88,73.78,92,1.25,3279.93
18901.88,73.41,92,0.0,3279.93
18901.88,71.31,93,1.1875,3279.93
18901.88,71.38,93,0.0,3279.93
18901.88,71.66,93,0.0,3279.93
18901.88,71.34,93,0.0,3279.93
18901.88,71.17,93,1.225,3279.93
18901.88,71.69,93,0.0,3279.93
18901.88,71.82,92,0.0,3279.93
18901.88,71.82,92,1.2125,3279.93
18901.88,72.3,93,0.0,3279.93
18901.88,72.41,93,0.0,3279.93
18901.88,72.13,94,1.225,3279.93
18901.88,72.16,94,0.0,3279.93
18901.88,72.16,94,0.0,3279.93
18901.88,71.9,94,0.0,3279.93
18901.88,72.15,93,1.225,3279.93
18901.88,72.37,93,0.0,3279.93
18901.88,72.34,93,0.0,3279.93
18901.88,72.13,93,1.2125,3279.93
18901.88,72.13,93,0.0,3279.93
18901.88,71.97,93,2.4375,3279.93
18901.88,72.11,93,0.0,3279.93
18901.88,72.16,85,0.0,3279.93
18901.88,71.97,85,0.0,3279.93
18901.88,71.87,94,0.0,3279.93
18901.88,72.37,94,1.225,3279.93
18901.88,72.3,93,0.0,3279.93
18901.88,72.82,93,0.0,3279.93
18901.88,72.82,94,0.0,3279.93
18901.88,73.05,94,1.225,3279.93
18901.88,72.79,93,0.0,3279.93
18901.88,72.58,93,0.0,3279.93
18901.88,72.07,93,0.0,3279.93
18901.88,72.54,93,1.225,3279.93
18901.88,72.91,94,0.0,3279.93
18901.88,72.31,94,0.0,3279.93
18901.88,72.55,93,0.0,3279.93
18901.88,72.67,93,1.225,3279.93
18901.88,72.5,93,0.0,3279.93
18901.88,72.61,93,0.0,3279.93
18901.88,72.17,93,0.0,3279.93
18901.88,72.14,93,1.225,3279.93
18901.88,72.11,93,0.0,3279.93
18901.88,72.33,93,0.0,3279.93
18901.88,72.7,94,1.225,3279.93
18901.88,72.1,94,0.0,3279.93
18901.88,72.26,93,0.0,3279.93
18901.88,72.39,93,0.0,3279.93
18901.88,72.17,93,0.0,3279.93
18901.88,72.25,93,1.2125,3279.93
18901.88,71.67,93,1.225,3279.93
18901.88,71.78,94,0.0,3279.93
18901.88,72.01,94,0.0,3279.93
18901.88,71.93,92,0.0,3279.93
18901.88,72.28,92,1.225,3279.93
18901.88,71.78,93,0.0,3279.93
18901.88,72.09,93,0.0,3279.93
18901.88,72.3,94,0.0,3279.93
18901.88,71.91,94,1.225,3279.93
18901.88,73.95,82,0.0,3279.93
18901.88,74.0,82,1.225,3279.93
18901.88,73.72,97,0.0,3279.93
18901.88,73.72,97,0.0,3279.93
18901.88,74.18,95,0.0,3279.93
18901.88,73.55,95,1.2125,3279.93
18901.88,73.95,92,0.0,3279.93
18901.88,74.16,92,0.0,3279.93
18901.88,73.98,93,1.2125,3279.93
18901.88,74.21,93,0.0,3279.93
18901.88,73.7,91,0.0,3279.93
18901.88,71.43,91,0.0,3279.93
18901.88,71.73,94,1.225,3279.93
18901.88,71.89,94,0.0,3279.93
18901.88,72.2,94,0.0,3279.93
18901.88,71.6,94,0.0,3279.93
18901.88,72.02,93,1.2,3279.93
18901.88,71.97,93,1.2125,3279.93
18901.88,69.74,88,0.0,3279.93
18901.88,69.85,88,0.0,3279.93
18901.88,69.85,91,0.0,3279.93
18901.88,70.16,91,1.2125,3279.93
18901.88,69.86,96,1.2125,3279.93
18901.88,70.24,96,0.0,3279.93
18901.88,70.29,93,0.0,3279.93
18901.88,70.15,93,1.2125,3279.93
18901.88,70.68,93,0.0,3279.93
18901.88,70.11,93,0.0,3279.93
18901.88,70.09,92,1.2125,3279.93
18901.88,72.41,92,0.0,3279.93
18901.88,71.81,93,0.0,3279.93
18901.88,71.64,93,0.0,3279.93
18901.88,71.59,94,0.0,3279.93
18901.88,71.88,94,1.2125,3279.93
18901.88,71.62,91,0.0,3279.93
18901.88,72.15,91,0.0,3279.93
18901.88,72.3,93,1.2125,3279.93
18901.88,72.88,93,0.0,3279.93
18901.88,72.88,94,0.0,3279.93
18901.88,72.99,94,2.4125,3279.93
18901.88,73.98,93,0.0,3279.93
18901.88,73.98,86,1.2125,3279.93
18901.88,73.83,86,1.2125,3279.93
18901.88,73.8,91,0.0,3279.93
18901.88,74.33,91,0.0,3279.93
18901.88,74.53,94,0.0,3279.93
18901.88,73.94,94,1.225,3279.93
18901.88,74.03,93,0.0,3279.93
18901.88,73.94,93,0.0,3279.93
18901.88,73.7,93,1.225,3279.93
18901.88,73.7,93,0.0,3279.93
18901.88,72.5,93,0.0,3279.93
18901.88,72.48,93,0.0,3279.93
18901.88,72.62,94,0.0,3279.93
18901.88,72.39,94,1.225,3279.93
18901.88,72.39,93,0.0,3279.93
18901.88,71.74,93,0.0,3279.93
18901.88,72.0,93,0.0,3279.93
18901.88,72.0,93,1.225,3279.93
18901.88,71.59,93,0.0,3279.93
18901.88,71.63,93,0.0,3279.93
18901.88,70.96,93,0.0,3279.93
18901.88,71.68,93,1.2125,3279.93
18901.88,71.68,94,0.0,3279.93
18901.88,71.49,94,0.0,3279.93
18901.88,71.95,93,0.0,3279.93
18901.88,72.05,93,1.225,3279.93
18901.88,72.35,92,0.0,3279.93
18901.88,72.64,92,0.0,3279.93
18901.88,72.17,94,0.0,3279.93
18901.88,72.21,94,1.225,3279.93
18901.88,72.21,94,0.0,3279.93
18901.88,72.66,94,0.0,3279.93
18901.88,72.99,94,1.225,3279.93
18901.88,72.61,94,1.225,3279.93
18901.88,72.91,93,0.0,3279.93
18901.88,72.51,93,0.0,3279.93
18901.88,72.37,93,1.2,3279.93
18901.88,72.37,93,0.0,3279.93
18901.88,72.26,82,1.225,3279.93
18901.88,72.2,98,0.0,3279.93
18901.88,71.43,98,0.0,3279.93
18901.88,71.42,91,1.2125,3279.93
18901.88,70.94,91,0.0,3279.93
18901.88,71.51,94,0.0,3279.93
18901.88,71.21,94,0.0,3279.93
18901.88,71.46,92,1.2125,3279.93
18901.88,71.32,92,0.0,3279.93
18901.88,71.19,92,0.0,3279.93
18901.88,70.93,92,1.225,3279.93
18901.88,71.33,91,0.0,3279.93
18901.88,71.33,91,0.0,3279.93
18901.88,72.2,94,1.2125,3279.93
18901.88,72.53,94,0.0,3279.93
18901.88,72.5,93,0.0,3279.93
18901.88,72.5,93,1.225,3279.93
18901.88,72.52,92,0.0,3279.93
18901.88,72.35,92,0.0,3279.93
18901.88,72.61,93,1.225,3279.93
18901.88,72.3,93,0.0,3279.93
18901.88,71.85,94,0.0,3279.93
18901.88,72.08,94,1.2125,3279.93
18901.88,72.04,93,0.0,3279.93
18901.88,72.08,92,0.0,3279.93
18901.88,72.1,92,1.2125,3279.93
18901.88,72.08,92,0.0,3279.93
18901.88,72.22,93,0.0,3279.93
18901.88,72.48,93,1.2125,3279.93
18901.88,72.48,93,0.0,3279.93
18901.88,72.01,93,0.0,3279.93
18901.88,72.12,92,1.2125,3279.93
18901.88,71.99,92,0.0,3279.93
18901.88,71.99,92,0.0,3279.93
18901.88,72.25,92,0.0,3279.93
18901.88,72.05,93,1.2125,3279.93
18901.88,72.05,93,0.0,3279.93
18901.88,71.7,92,1.25,3279.93
18901.88,71.66,81,1.175,3279.93
18901.88,71.66,81,0.0,3279.93
18901.88,71.03,98,1.1875,3279.93
18901.88,70.33,98,0.0,3279.93
18901.88,70.47,93,0.0,3279.93
18901.88,71.33,93,0.0,3279.93
18901.88,71.52,95,1.2125,3279.93
18901.88,70.84,93,1.2125,3279.93
18901.88,71.38,93,0.0,3279.93
18901.88,71.68,93,1.2125,3279.93
18901.88,71.58,93,0.0,3279.93
18901.88,71.6,93,0.0,3279.93
18901.88,71.38,93,1.2125,3279.93
18901.88,72.59,93,0.0,3279.93
18901.88,72.22,93,0.0,3279.93
18901.88,72.34,93,1.2125,3279.93
18901.88,71.61,93,0.0,3279.93
18901.88,71.87,93,0.0,3279.93
18901.88,71.9,93,0.0,3279.93
18901.88,71.9,93,1.2125,3279.93
18901.88,71.57,93,0.0,3279.93
18901.88,71.61,93,0.0,3279.93
18901.88,71.78,93,1.2125,3279.93
18901.88,72.26,93,0.0,3279.93
18901.88,71.71,92,0.0,3279.93
18901.88,71.85,92,0.0,3279.93
18901.88,71.86,93,1.2125,3279.93
18901.88,71.83,93,0.0,3279.93
18901.88,71.84,91,0.0,3279.93
18901.88,71.72,94,0.0,3279.93
18901.88,71.79,94,1.2125,3279.93
18901.88,71.8,94,1.2125,3279.93
18901.88,71.85,94,0.0,3279.93
18901.88,71.87,94,0.0,3279.93
18901.88,71.82,93,1.2125,3279.93
18901.88,72.03,92,0.0,3279.93
18901.88,71.98,92,0.0,3279.93
18901.88,71.94,93,0.0,3279.93
18901.88,72.3,93,2.4125,3279.93
18901.88,73.04,93,0.0,3279.93
18901.88,72.89,84,0.0,3279.93
18901.88,72.92,96,1.175,3279.93
18901.88,72.78,93,0.0,3279.93
18901.88,73.47,93,0.0,3279.93
18901.88,73.4,93,1.2125,3279.93
18901.88,73.23,93,0.0,3279.93
18901.88,73.25,93,0.0,3279.93
18901.88,73.13,93,0.0,3279.93
18901.88,73.24,93,1.2125,3279.93
18901.88,72.06,93,0.0,3279.93
18901.88,72.27,93,0.0,3279.93
18901.88,72.03,93,1.2125,3279.93
18901.88,72.19,93,0.0,3279.93
18901.88,72.19,93,0.0,3279.93
18901.88,72.11,93,0.0,3279.93
18901.88,72.06,93,1.225,3279.93
18901.88,72.3,93,0.0,3279.93
18901.88,71.83,94,0.0,3279.93
18901.88,71.98,94,1.2125,3279.93
18901.88,71.53,94,0.0,3279.93
18901.88,72.16,94,1.2125,3279.93
18901.88,72.16,94,1.2125,3279.93
18901.88,71.75,94,0.0,3279.93
18901.88,72.23,93,0.0,3279.93
18901.88,72.31,93,0.0,3279.93
18901.88,72.35,93,1.2125,3279.93
18901.88,72.35,93,0.0,3279.93
18901.88,71.6,93,0.0,3279.93
18901.88,71.83,93,1.2125,3279.93
18901.88,72.14,93,0.0,3279.93
18901.88,71.69,91,0.0,3279.93
18901.88,71.83,91,0.0,3279.93
18901.88,71.73,93,1.2,3279.93
18901.88,71.66,93,0.0,3279.93
18901.88,71.62,93,0.0,3279.93
18901.88,71.55,93,1.2125,3279.93
18901.88,71.56,93,1.2125,3279.93
18901.88,68.86,93,0.0,3279.93
18901.88,68.87,82,0.0,3279.93
18901.88,67.73,82,1.225,3279.93
18901.88,67.95,94,0.0,3279.93
18901.88,68.52,94,0.0,3279.93
18901.88,68.07,92,1.2,3279.93
18901.88,68.58,92,0.0,3279.93
18901.88,68.92,93,0.0,3279.93
18901.88,68.47,93,1.225,3279.93
18901.88,68.37,92,0.0,3279.93
18901.88,68.19,92,0.0,3279.93
18901.88,70.25,92,2.4375,3279.93
18901.88,69.9,92,0.0,3279.93
18901.88,71.04,92,0.0,3279.93
18901.88,71.05,92,0.0,3279.93
18901.88,70.73,93,1.225,3279.93
18901.88,70.96,93,1.225,3279.93
18901.88,68.62,86,0.0,3279.93
18901.88,68.04,86,0.0,3279.93
18901.88,67.68,93,1.2125,3279.93
18901.88,68.14,93,0.0,3279.93
18901.88,68.14,92,0.0,3279.93
18901.88,69.33,93,0.0,3279.93
18901.88,69.49,93,1.2125,3279.93
18901.88,69.35,93,0.0,3279.93
18901.88,69.76,93,0.0,3279.93
18901.88,69.47,94,1.2125,3279.93
18901.88,71.76,94,0.0,3279.93
18901.88,71.74,93,0.0,3279.93
18901.88,72.42,93,1.2125,3279.93
18901.88,72.18,94,0.0,3279.93
18901.88,72.28,94,1.2125,3279.93
18901.88,73.95,84,0.0,3279.93
18901.88,74.19,84,1.2125,3279.93
18901.88,73.7,97,0.0,3279.93
18901.88,73.23,97,0.0,3279.93
18901.88,73.6,93,1.2125,3279.93
18901.88,73.56,93,0.0,3279.93
18901.88,73.48,92,1.2125,3279.93
18901.88,73.57,92,0.0,3279.93
18901.88,73.64,93,1.2125,3279.93
18901.88,73.06,93,0.0,3279.93
18901.88,73.08,92,0.0,3279.93
18901.88,71.35,92,0.0,3279.93
18901.88,70.96,91,1.2125,3279.93
18901.88,71.47,91,0.0,3279.93
18901.88,72.11,92,0.0,3279.93
18901.88,71.95,92,1.2125,3279.93
18901.88,71.87,94,0.0,3279.93
18901.88,71.98,92,0.0,3279.93
18901.88,72.08,92,1.2125,3279.93
18901.88,72.29,93,0.0,3279.93
18901.88,71.98,93,0.0,3279.93
18901.88,72.16,93,0.0,3279.93
18901.88,72.45,93,1.225,3279.93
18901.88,72.6,92,0.0,3279.93
18901.88,72.13,92,0.0,3279.93
18901.88,71.99,93,1.2,3279.93
18901.88,71.92,93,0.0,3279.93
18901.88,71.93,92,0.0,3279.93
18901.88,72.0,92,0.0,3279.93
18901.88,71.94,94,1.1875,3279.93
18901.88,71.85,94,0.0,3279.93
18901.88,71.79,92,0.0,3279.93
18901.88,71.75,92,1.2125,3279.93
18901.88,71.82,93,0.0,3279.93
18901.88,71.79,93,0.0,3279.93
18901.88,72.18,91,1.2125,3279.93
18901.88,72.33,91,1.2125,3279.93
18901.88,72.41,93,0.0,3279.93
18901.88,72.67,93,2.4375,3279.93
18901.88,74.46,80,0.0,3279.93
18901.88,74.28,80,0.0,3279.93
18901.88,74.34,96,1.2125,3279.93
18901.88,74.81,96,0.0,3279.93
18901.88,74.4,93,0.0,3279.93
18901.88,74.8,93,0.0,3279.93
18901.88,74.59,93,1.2125,3279.93
18901.88,74.32,93,0.0,3279.93
18901.88,74.44,93,0.0,3279.93
18901.88,73.78,93,1.225,3279.93
18901.88,73.92,93,0.0,3279.93
18901.88,72.18,92,0.0,3279.93
18901.88,71.63,92,0.0,3279.93
18901.88,72.08,93,1.225,3279.93
18901.88,72.18,93,0.0,3279.93
18901.88,72.17,92,0.0,3279.93
18901.88,71.98,92,0.0,3279.93
18901.88,71.87,93,0.0,3279.93
18901.88,71.86,93,1.225,3279.93
18901.88,71.91,93,0.0,3279.93
18901.88,71.62,92,0.0,3279.93
18901.88,71.8,93,0.0,3279.93
18901.88,72.27,93,0.0,3279.93
18901.88,72.5,94,1.2125,3279.93
18901.88,71.82,94,0.0,3279.93
18901.88,72.12,94,0.0,3279.93
18901.88,71.75,93,1.2125,3279.93
18901.88,71.75,93,0.0,3279.93
18901.88,71.96,93,0.0,3279.93
18901.88,72.31,93,1.2125,3279.93
18901.88,71.75,93,0.0,3279.93
18901.88,71.94,94,0.0,3279.93
18901.88,72.16,94,1.2125,3279.93
18901.88,71.81,93,0.0,3279.93
18901.88,71.6,93,1.2125,3279.93
18901.88,71.98,92,0.0,3279.93
18901.88,72.17,92,1.2125,3279.93
18901.88,72.39,90,1.2,3279.93
18901.88,70.53,90,0.0,3279.93
18901.88,70.14,84,0.0,3279.93
18901.88,69.74,84,1.2125,3279.93
18901.88,70.19,93,0.0,3279.93
18901.88,70.89,93,0.0,3279.93
18901.88,70.89,94,1.2125,3279.93
18901.88,70.42,94,0.0,3279.93
18901.88,70.75,93,0.0,3279.93
18901.88,70.75,93,0.0,3279.93
18901.88,70.23,93,1.2125,3279.93
18901.88,70.23,93,0.0,3279.93
18901.88,71.71,93,0.0,3279.93
18901.88,71.58,93,1.2125,3279.93
18901.88,72.31,94,0.0,3279.93
18901.88,71.75,94,0.0,3279.93
18901.88,71.92,93,1.2125,3279.93
18901.88,71.59,93,0.0,3279.93
18901.88,71.83,93,0.0,3279.93
18901.88,72.07,91,1.2125,3279.93
18901.88,71.55,91,0.0,3279.93
18901.88,71.78,94,0.0,3279.93
18901.88,71.64,94,0.0,3279.93
18901.88,72.05,93,1.2125,3279.93
18901.88,71.77,93,0.0,3279.93
18901.88,72.06,93,0.0,3279.93
18901.88,72.0,93,1.2125,3279.93
18901.88,71.8,91,1.2125,3279.93
18901.88,71.77,91,0.0,3279.93
18901.88,71.66,93,0.0,3279.93
18901.88,71.99,93,1.2125,3279.93
18901.88,72.11,94,0.0,3279.93
18901.88,71.58,94,0.0,3279.93
18901.88,71.85,93,0.0,3279.93
18901.88,71.84,93,1.2125,3279.93
18901.88,72.08,93,0.0,3279.93
18901.88,72.35,93,0.0,3279.93
18901.88,72.15,92,1.225,3279.93
18901.88,72.36,92,0.0,3279.93
18901.88,72.5,94,1.225,3279.93
18901.88,73.82,94,0.0,3279.93
18901.88,73.74,86,0.0,3279.93
18901.88,73.3,86,0.0,3279.93
18901.88,74.03,94,0.0,3279.93
18901.88,74.15,94,1.2,3279.93
18901.88,74.31,94,0.0,3279.93
18901.88,74.05,93,0.0,3279.93
18901.88,73.82,93,0.0,3279.93
18901.88,74.07,93,1.225,3279.93
18901.88,73.95,93,0.0,3279.93
18901.88,74.02,94,0.0,3279.93
18901.88,72.01,94,0.0,3279.93
18901.88,72.04,94,1.2125,3279.93
18901.88,72.35,94,0.0,3279.93
18901.88,72.41,95,0.0,3279.93
18901.88,71.87,95,1.2,3279.93
18901.88,72.5,93,1.2125,3279.93
18901.88,72.19,93,0.0,3279.93
18901.88,71.88,93,0.0,3279.93
18901.88,72.04,94,1.2125,3279.93
18901.88,71.44,94,0.0,3279.93
18901.88,71.98,93,0.0,3279.93
18901.88,71.98,93,1.2125,3279.93
18901.88,71.7,93,0.0,3279.93
18901.88,71.66,93,0.0,3279.93
18901.88,71.81,94,0.0,3279.93
18901.88,71.31,93,1.2125,3279.93
18901.88,71.63,93,0.0,3279.93
18901.88,71.69,92,0.0,3279.93
18901.88,71.92,92,0.0,3279.93
18901.88,72.09,91,1.2125,3279.93
18901.88,72.16,91,0.0,3279.93
18901.88,72.31,94,1.2125,3279.93
18901.88,72.37,94,0.0,3279.93
18901.88,72.32,93,0.0,3279.93
18901.88,72.32,93,0.0,3279.93
18901.88,72.67,93,1.2125,3279.93
18901.88,72.83,93,1.2125,3279.93
18901.88,70.17,79,0.0,3279.93
18901.88,69.96,79,1.225,3279.93
18901.88,69.0,99,0.0,3279.93
18901.88,69.13,99,0.0,3279.93
18901.88,69.26,93,1.2125,3279.93
18901.88,69.49,93,0.0,3279.93
18901.88,69.39,92,0.0,3279.93
18901.88,69.75,92,0.0,3279.93
18901.88,69.79,93,1.2125,3279.93
18901.88,69.22,93,0.0,3279.93
18901.88,68.9,93,1.2125,3279.93
18901.88,71.28,93,0.0,3279.93
18901.88,71.31,93,1.2125,3279.93
18901.88,71.91,93,0.0,3279.93
18901.88,71.91,93,0.0,3279.93
18901.88,71.78,93,1.225,3279.93
18901.88,71.78,94,0.0,3279.93
18901.88,72.21,94,0.0,3279.93
18901.88,72.2,93,1.2125,3279.93
18901.88,71.5,93,0.0,3279.93
18901.88,72.12,93,0.0,3279.93
18901.88,72.13,93,0.0,3279.93
18901.88,71.43,92,1.2125,3279.93
18901.88,71.43,92,0.0,3279.93
18901.88,71.53,94,0.0,3279.93
18901.88,71.72,93,1.2125,3279.93
18901.88,71.92,93,0.0,3279.93
18901.88,71.48,93,0.0,3279.93
18901.88,71.41,93,1.2125,3279.93
18901.88,71.49,93,0.0,3279.93
18901.88,71.39,93,0.0,3279.93
18901.88,71.59,93,1.2125,3279.93
18901.88,72.04,93,0.0,3279.93
18901.88,72.37,93,0.0,3279.93
18901.88,72.06,93,0.0,3279.93
18901.88,72.25,92,1.2125,3279.93
18901.88,72.18,92,0.0,3279.93
18901.88,72.15,93,0.0,3279.93
18901.88,72.05,93,1.2125,3279.93
18901.88,73.9,83,1.2125,3279.93
18901.88,73.86,83,0.0,3279.93
18901.88,73.77,100,0.0,3279.93
18901.88,72.91,100,1.2125,3279.93
18901.88,72.4,94,0.0,3279.93
18901.88,72.4,94,1.2125,3279.93
18901.88,72.91,94,1.2125,3279.93
18901.88,72.74,94,0.0,3279.93
18901.88,72.66,93,0.0,3279.93
18901.88,73.02,94,0.0,3279.93
18901.88,72.88,94,1.2125,3279.93
18901.88,70.84,94,0.0,3279.93
18901.88,71.28,94,0.0,3279.93
18901.88,71.21,94,1.2125,3279.93
18901.88,72.9,94,0.0,3279.93
18901.88,72.74,94,0.0,3279.93
18901.88,72.68,94,1.2125,3279.93
18901.88,72.51,93,0.0,3279.93
18901.88,72.33,93,0.0,3279.93
18901.88,72.58,93,0.0,3279.93
18901.88,72.46,93,1.2125,3279.93
18901.88,72.19,93,0.0,3279.93
18901.88,72.14,93,0.0,3279.93
18901.88,71.97,93,1.2125,3279.93
18901.88,71.99,93,0.0,3279.93
18901.88,72.1,94,0.0,3279.93
18901.88,72.29,94,0.0,3279.93
18901.88,71.76,89,1.225,3279.93
18901.88,72.11,89,0.0,3279.93
18901.88,72.33,94,0.0,3279.93
18901.88,71.71,94,0.0,3279.93
18901.88,71.82,93,2.4375,3279.93
18901.88,72.01,93,0.0,3279.93
18901.88,71.57,93,0.0,3279.93
18901.88,71.75,93,0.0,3279.93
18901.88,72.03,93,0.0,3279.93
18901.88,71.15,92,0.0,3279.93
18901.88,71.05,92,1.1875,3279.93
18901.88,71.5,93,0.0,3279.93
18901.88,71.09,93,2.425,3279.93
18901.88,68.25,84,0.0,3279.93
18901.88,68.27,84,0.0,3279.93
18901.88,67.72,96,1.2125,3279.93
18901.88,68.28,96,0.0,3279.93
18901.88,68.77,93,0.0,3279.93
18901.88,68.62,93,0.0,3279.93
18901.88,69.46,95,1.2125,3279.93
18901.88,69.25,95,0.0,3279.93
18901.88,68.99,94,0.0,3279.93
18901.88,68.57,94,1.2125,3279.93
18901.88,71.2,94,0.0,3279.93
18901.88,71.42,91,0.0,3279.93
18901.88,71.42,91,1.2,3279.93
18901.88,71.55,93,0.0,3279.93
18901.88,71.68,93,0.0,3279.93
18901.88,71.23,93,0.0,3279.93
18901.88,71.44,93,1.2125,3279.93
18901.88,71.1,93,0.0,3279.93
18901.88,71.1,93,0.0,3279.93
18901.88,71.18,93,1.2125,3279.93
18901.88,71.34,94,0.0,3279.93
18901.88,71.77,94,0.0,3279.93
18901.88,71.31,93,0.0,3279.93
18901.88,71.89,93,1.2125,3279.93
18901.88,71.89,93,1.2125,3279.93
18901.88,71.73,93,0.0,3279.93
18901.88,71.96,93,1.225,3279.93
18901.88,71.78,93,0.0,3279.93
18901.88,71.83,93,0.0,3279.93
18901.88,71.99,93,0.0,3279.93
18901.88,71.31,93,1.2125,3279.93
18901.88,71.59,93,0.0,3279.93
18901.88,71.64,94,0.0,3279.93
18901.88,71.86,94,1.2125,3279.93
18901.88,71.87,93,0.0,3279.93
18901.88,71.78,93,0.0,3279.93
18901.88,72.01,93,1.2,3279.93
18901.88,72.27,93,0.0,3279.93
18901.88,71.75,93,1.2125,3279.93
18901.88,73.62,93,0.0,3279.93
18901.88,73.02,87,1.2125,3279.93
18901.88,72.97,87,0.0,3279.93
18901.88,72.82,94,0.0,3279.93
18901.88,72.88,94,1.2125,3279.93
18901.88,73.52,94,0.0,3279.93
18901.88,73.36,93,0.0,3279.93
18901.88,73.39,93,1.2125,3279.93
18901.88,73.25,93,1.2125,3279.93
18901.88,72.85,93,0.0,3279.93
18901.88,71.25,91,0.0,3279.93
18901.88,71.41,91,1.2125,3279.93
18901.88,72.1,94,1.2125,3279.93
18901.88,73.71,94,0.0,3279.93
18901.88,73.51,88,0.0,3279.93
18901.88,73.12,88,1.2125,3279.93
18901.88,73.12,91,0.0,3279.93
18901.88,72.98,91,0.0,3279.93
18901.88,73.5,93,0.0,3279.93
18901.88,73.45,93,1.225,3279.93
18901.88,73.17,92,0.0,3279.93
18901.88,73.59,92,0.0,3279.93
18901.88,73.83,93,0.0,3279.93
18901.88,73.97,93,1.2125,3279.93
18901.88,72.11,92,0.0,3279.93
18901.88,72.06,92,0.0,3279.93
18901.88,72.4,94,0.0,3279.93
18901.88,72.73,94,1.2125,3279.93
18901.88,72.95,94,0.0,3279.93
18901.88,72.22,92,0.0,3279.93
18901.88,72.23,92,1.225,3279.93
18901.88,72.24,93,0.0,3279.93
18901.88,72.02,93,0.0,3279.93
18901.88,71.91,92,0.0,3279.93
18901.88,71.73,92,2.425,3279.93
18901.88,72.19,92,0.0,3279.93
18901.88,72.23,92,0.0,3279.93
18901.88,71.45,89,1.2125,3279.93
18901.88,71.17,89,0.0,3279.93
18901.88,71.61,93,0.0,3279.93
18901.88,71.38,93,1.2125,3279.93
18901.88,71.52,93,0.0,3279.93
18901.88,71.56,93,0.0,3279.93
18901.88,71.42,92,1.2125,3279.93
18901.88,71.62,92,0.0,3279.93
18901.88,71.56,93,0.0,3279.93
18901.88,71.4,93,0.0,3279.93
18901.88,71.38,93,1.2125,3279.93
18901.88,72.01,93,0.0,3279.93
18901.88,72.2,93,0.0,3279.93
18901.88,71.67,93,2.3625,3279.93
18901.88,69.44,85,0.0,3279.93
18901.88,69.01,85,0.0,3279.93
18901.88,69.23,92,1.2125,3279.93
18901.88,68.32,92,0.0,3279.93
18901.88,68.16,91,0.0,3279.93
18901.88,68.92,91,0.0,3279.93
18901.88,68.8,93,1.2125,3279.93
18901.88,68.79,93,0.0,3279.93
18901.88,69.21,92,0.0,3279.93
18901.88,68.67,92,1.2125,3279.93
18901.88,69.29,94,1.2125,3279.93
18901.88,71.43,94,0.0,3279.93
18901.88,71.3,93,1.2125,3279.93
18901.88,71.22,93,0.0,3279.93
18901.88,72.17,93,0.0,3279.93
18901.88,72.26,93,1.2125,3279.93
18901.88,71.85,93,0.0,3279.93
18901.88,72.11,93,0.0,3279.93
18901.88,72.08,94,1.25,3279.93
18901.88,71.33,91,0.0,3279.93
18901.88,71.63,91,0.0,3279.93
18901.88,71.58,92,1.2125,3279.93
18901.88,71.23,92,0.0,3279.93
18901.88,71.45,93,0.0,3279.93
18901.88,71.73,93,1.2125,3279.93
18901.88,72.04,94,0.0,3279.93
18901.88,72.11,94,0.0,3279.93
18901.88,71.89,93,0.0,3279.93
18901.88,71.55,93,1.25,3279.93
18901.88,71.71,93,0.0,3279.93
18901.88,71.83,93,0.0,3279.93
18901.88,71.2,93,1.2125,3279.93
18901.88,72.0,93,0.0,3279.93
18901.88,72.35,92,0.0,3279.93
18901.88,71.87,92,0.0,3279.93
18901.88,71.95,93,1.2125,3279.93
18901.88,71.92,93,1.2125,3279.93
18901.88,71.85,92,0.0,3279.93
18901.88,71.73,92,1.2125,3279.93
18901.88,71.25,84,1.2125,3279.93
18901.88,71.04,84,0.0,3279.93
18901.88,69.7,98,0.0,3279.93
18901.88,70.55,98,1.2125,3279.93
18901.88,70.19,94,0.0,3279.93
18901.88,70.81,94,0.0,3279.93
18901.88,70.79,92,0.0,3279.93
18901.88,70.43,92,1.2125,3279.93
18901.88,70.82,93,0.0,3279.93
18901.88,70.82,93,0.0,3279.93
18901.88,70.91,93,1.2125,3279.93
18901.88,71.29,93,0.0,3279.93
18901.88,72.33,93,0.0,3279.93
18901.88,72.59,93,1.2125,3279.93
18901.88,72.06,94,0.0,3279.93
18901.88,72.06,94,0.0,3279.93
18901.88,72.19,94,1.2125,3279.93
18901.88,72.19,94,0.0,3279.93
18901.88,72.36,93,0.0,3279.93
18901.88,71.99,93,0.0,3279.93
18901.88,72.11,94,1.2125,3279.93
18901.88,72.11,93,1.2125,3279.93
18901.88,72.29,93,1.2125,3279.93
18901.88,73.19,84,1.2125,3279.93
18901.88,73.02,84,0.0,3279.93
18901.88,72.69,95,0.0,3279.93
18901.88,72.74,95,1.2125,3279.93
18901.88,72.88,93,0.0,3279.93
18901.88,72.96,93,0.0,3279.93
18901.88,73.1,94,0.0,3279.93
18901.88,73.0,93,1.2125,3279.93
18901.88,72.99,93,0.0,3279.93
18901.88,73.28,93,0.0,3279.93
18901.88,73.37,93,1.2125,3279.93
18901.88,72.31,91,0.0,3279.93
18901.88,72.87,91,0.0,3279.93
18901.88,72.96,91,0.0,3279.93
18901.88,72.45,94,1.225,3279.93
18901.88,72.5,93,0.0,3279.93
18901.88,72.49,93,0.0,3279.93
18901.88,72.71,92,0.0,3279.93
18901.88,72.97,92,1.1875,3279.93
18901.88,72.89,91,1.2375,3279.93
18901.88,72.78,91,0.0,3279.93
18901.88,73.09,92,1.2125,3279.93
18901.88,72.93,92,0.0,3279.93
18901.88,72.93,93,0.0,3279.93
18901.88,72.87,93,1.2125,3279.93
18901.88,72.95,94,0.0,3279.93
18901.88,73.03,94,0.0,3279.93
18901.88,72.36,93,0.0,3279.93
18901.88,72.36,93,1.175,3279.93
18901.88,72.29,94,0.0,3279.93
18901.88,71.84,94,1.2125,3279.93
18901.88,72.07,93,0.0,3279.93
18901.88,71.78,93,0.0,3279.93
18901.88,72.33,94,0.0,3279.93
18901.88,72.51,94,0.0,3279.93
18901.88,72.01,93,0.0,3279.93
18901.88,72.16,93,1.2125,3279.93
18901.88,71.79,93,1.2125,3279.93
18901.88,73.21,93,0.0,3279.93
18901.88,73.28,85,1.2125,3279.93
18901.88,72.66,85,0.0,3279.93
18901.88,73.14,93,0.0,3279.93
18901.88,73.2,93,1.2125,3279.93
18901.88,73.45,94,1.2125,3279.93
18901.88,73.15,94,0.0,3279.93
18901.88,73.16,93,0.0,3279.93
18901.88,73.27,93,1.2125,3279.93
18901.88,73.08,93,0.0,3279.93
18901.88,73.36,93,0.0,3279.93
18901.88,71.54,92,1.2125,3279.93
18901.88,71.37,92,0.0,3279.93
18901.88,71.98,94,0.0,3279.93
18901.88,71.87,94,0.0,3279.93
18901.88,72.15,93,1.2125,3279.93
18901.88,71.59,93,0.0,3279.93
18901.88,71.69,92,0.0,3279.93
18901.88,71.64,92,1.2125,3279.93
18901.88,71.63,94,0.0,3279.93
18901.88,71.76,94,0.0,3279.93
18901.88,71.21,95,0.0,3279.93
18901.88,71.92,95,1.225,3279.93
18901.88,72.6,93,0.0,3279.93
18901.88,72.6,94,0.0,3279.93
18901.88,72.86,94,0.0,3279.93
18901.88,72.17,93,0.0,3279.93
18901.88,72.34,93,1.225,3279.93
18901.88,72.53,94,0.0,3279.93
18901.88,72.29,94,0.0,3279.93
18901.88,72.12,91,0.0,3279.93
18901.88,72.43,91,1.225,3279.93
18901.88,72.59,94,0.0,3279.93
18901.88,72.06,94,1.225,3279.93
18901.88,72.28,93,0.0,3279.93
18901.88,71.76,93,0.0,3279.93
18901.88,72.02,93,1.225,3279.93
18901.88,72.22,93,0.0,3279.93
18901.88,70.26,89,1.1875,3279.93
18901.88,70.47,89,0.0,3279.93
18901.88,69.4,87,1.225,3279.93
18901.88,69.86,87,0.0,3279.93
18901.88,70.37,92,0.0,3279.93
18901.88,70.4,92,1.2125,3279.93
18901.88,70.86,93,0.0,3279.93
18901.88,70.28,93,0.0,3279.93
18901.88,70.67,93,0.0,3279.93
18901.88,70.79,93,1.2125,3279.93
18901.88,70.49,93,0.0,3279.93
18901.88,72.32,93,0.0,3279.93
18901.88,72.38,92,0.0,3279.93
18901.88,72.53,92,1.2125,3279.93
18901.88,72.0,94,0.0,3279.93
18901.88,73.7,94,2.425,3279.93
18901.88,73.7,81,0.0,3279.93
18901.88,72.99,81,0.0,3279.93
18901.88,73.12,98,0.0,3279.93
18901.88,73.12,98,1.2375,3279.93
18901.88,72.93,94,1.25,3279.93
18901.88,73.06,94,0.0,3279.93
18901.88,73.08,92,0.0,3279.93
18901.88,73.24,92,1.2375,3279.93
18901.88,73.53,92,0.0,3279.93
18901.88,73.5,92,0.0,3279.93
18901.88,73.73,93,1.2375,3279.93
18901.88,72.06,93,0.0,3279.93
18901.88,71.64,93,0.0,3279.93
18901.88,72.3,93,0.0,3279.93
18901.88,72.33,92,1.25,3279.93
18901.88,72.1,92,0.0,3279.93
18901.88,71.91,93,0.0,3279.93
18901.88,72.02,93,0.0,3279.93
18901.88,72.18,92,1.2375,3279.93
18901.88,72.26,92,0.0,3279.93
18901.88,72.15,92,0.0,3279.93
18901.88,72.07,92,1.25,3279.93
18901.88,72.68,92,0.0,3279.93
18901.88,72.68,93,0.0,3279.93
18901.88,72.69,93,0.0,3279.93
18901.88,72.44,92,1.2375,3279.93
18901.88,72.58,92,0.0,3279.93
18901.88,72.39,94,0.0,3279.93
18901.88,72.44,94,1.25,3279.93
18901.88,72.47,93,0.0,3279.93
18901.88,72.1,93,0.0,3279.93
18901.88,72.08,93,0.0,3279.93
18901.88,71.93,93,1.25,3279.93
18901.88,71.61,93,0.0,3279.93
18901.88,71.7,93,0.0,3279.93
18901.88,71.56,93,0.0,3279.93
18901.88,71.88,93,1.2375,3279.93
18901.88,72.08,94,0.0,3279.93
18901.88,71.76,94,1.2375,3279.93
18901.88,73.51,78,1.2375,3279.93
18901.88,73.42,78,0.0,3279.93
18901.88,73.63,96,0.0,3279.93
18901.88,73.7,96,0.0,3279.93
18901.88,73.92,93,1.25,3279.93
18901.88,73.9,93,0.0,3279.93
18901.88,73.87,94,0.0,3279.93
18901.88,73.97,94,0.0,3279.93
18901.88,73.85,93,1.25,3279.93
18901.88,73.76,93,0.0,3279.93
18901.88,73.77,93,0.0,3279.93
18901.88,72.0,93,0.0,3279.93
18901.88,71.8,94,2.4875,3279.93
18901.88,71.73,94,0.0,3279.93
18901.88,72.04,94,0.0,3279.93
18901.88,72.16,93,0.0,3279.93
18901.88,72.16,93,1.225,3279.93
18901.88,72.53,91,0.0,3279.93
18901.88,72.68,91,0.0,3279.93
18901.88,72.21,92,1.2125,3279.93
18901.88,72.24,94,0.0,3279.93
18901.88,72.03,94,0.0,3279.93
18901.88,72.2,92,0.0,3279.93
18901.88,72.39,92,0.0,3279.93
18901.88,72.66,93,1.2125,3279.93
18901.88,72.66,93,0.0,3279.93
18901.88,71.83,93,0.0,3279.93
18901.88,71.58,93,1.2125,3279.93
18901.88,71.76,94,0.0,3279.93
18901.88,71.97,94,0.0,3279.93
18901.88,72.03,93,0.0,3279.93
18901.88,72.06,93,1.2125,3279.93
18901.88,72.06,90,0.0,3279.93
18901.88,72.16,90,0.0,3279.93
18901.88,72.24,92,1.2125,3279.93
18901.88,72.28,92,0.0,3279.93
18901.88,72.23,93,0.0,3279.93
18901.88,72.23,93,1.2125,3279.93
18901.88,72.23,93,1.25,3279.93
18901.88,68.73,93,0.0,3279.93
18901.88,68.66,83,1.2125,3279.93
18901.88,68.49,83,0.0,3279.93
18901.88,68.85,100,0.0,3279.93
18901.88,68.26,100,1.2125,3279.93
18901.88,68.12,91,1.2125,3279.93
18901.88,68.52,91,0.0,3279.93
18901.88,67.94,93,0.0,3279.93
18901.88,67.94,93,1.25,3279.93
18901.88,68.1,93,0.0,3279.93
18901.88,68.41,93,0.0,3279.93
18901.88,71.38,93,0.0,3279.93
18901.88,71.61,93,1.25,3279.93
18901.88,71.61,92,0.0,3279.93
18901.88,71.36,92,0.0,3279.93
18901.88,72.25,92,1.25,3279.93
18901.88,72.51,92,0.0,3279.93
18901.88,72.25,93,0.0,3279.93
18901.88,72.67,93,1.25,3279.93
18901.88,72.69,94,0.0,3279.93
18901.88,72.38,94,0.0,3279.93
18901.88,72.66,92,0.0,3279.93
18901.88,72.66,92,1.25,3279.93
18901.88,72.67,93,0.0,3279.93
18901.88,72.29,94,0.0,3279.93
18901.88,72.68,94,0.0,3279.93
18901.88,73.19,93,1.25,3279.93
18901.88,72.78,93,0.0,3279.93
18901.88,72.68,93,0.0,3279.93
18901.88,72.8,93,1.25,3279.93
18901.88,72.5,92,0.0,3279.93
18901.88,72.61,92,0.0,3279.93
18901.88,72.26,93,0.0,3279.93
18901.88,72.26,93,1.25,3279.93
18901.88,72.59,93,0.0,3279.93
18901.88,72.2,93,0.0,3279.93
18901.88,71.89,93,0.0,3279.93
18901.88,72.19,93,1.25,3279.93
18901.88,71.52,93,0.0,3279.93
18901.88,71.26,93,0.0,3279.93
18901.88,71.5,94,2.4875,3279.93
18901.88,73.09,94,0.0,3279.93
18901.88,72.81,86,0.0,3279.93
18901.88,72.72,86,0.0,3279.93
18901.88,73.45,93,1.25,3279.93
18901.88,73.29,93,0.0,3279.93
18901.88,73.9,93,0.0,3279.93
18901.88,73.4,93,1.2375,3279.93
18901.88,73.25,91,0.0,3279.93
18901.88,74.02,91,0.0,3279.93
18901.88,73.65,91,0.0,3279.93
18901.88,73.19,91,2.4875,3279.93
18901.88,71.73,92,0.0,3279.93
18901.88,71.57,92,0.0,3279.93
18901.88,72.11,92,0.0,3279.93
18901.88,72.01,92,1.2125,3279.93
18901.88,71.54,92,0.0,3279.93
18901.88,71.42,92,0.0,3279.93
18901.88,72.14,91,0.0,3279.93
18901.88,71.8,91,1.2125,3279.93
18901.88,71.3,92,0.0,3279.93
18901.88,71.79,92,0.0,3279.93
18901.88,71.55,93,1.225,3279.93
18901.88,71.33,93,0.0,3279.93
18901.88,71.93,93,0.0,3279.93
18901.88,71.69,93,1.2125,3279.93
18901.88,71.63,92,0.0,3279.93
18901.88,72.29,92,0.0,3279.93
18901.88,72.02,92,0.0,3279.93
18901.88,72.07,92,0.0,3279.93
18901.88,72.13,92,1.2125,3279.93
18901.88,72.04,94,0.0,3279.93
18901.88,71.98,94,0.0,3279.93
18901.88,71.97,92,0.0,3279.93
18901.88,71.86,92,1.2125,3279.93
18901.88,72.02,92,0.0,3279.93
18901.88,71.92,92,0.0,3279.93
18901.88,71.72,93,1.2125,3279.93
18901.88,71.7,93,1.2125,3279.93
18901.88,71.51,93,1.2125,3279.93
18901.88,71.35,93,1.2125,3279.93
18901.88,73.64,85,0.0,3279.93
18901.88,73.14,85,0.0,3279.93
18901.88,72.88,98,0.0,3279.93
18901.88,72.92,98,1.2125,3279.93
18901.88,72.39,92,0.0,3279.93
18901.88,73.19,92,0.0,3279.93
18901.88,73.41,93,1.2125,3279.93
18901.88,72.94,93,0.0,3279.93
18901.88,73.49,93,0.0,3279.93
18901.88,73.73,93,0.0,3279.93
18901.88,71.52,92,1.2125,3279.93
18901.88,71.95,92,0.0,3279.93
18901.88,72.27,93,0.0,3279.93
18901.88,72.7,93,1.2125,3279.93
18901.88,73.02,94,0.0,3279.93
18901.88,73.45,94,0.0,3279.93
18901.88,72.9,93,1.2125,3279.93
18901.88,72.82,93,0.0,3279.93
18901.88,73.39,93,0.0,3279.93
18901.88,72.83,93,0.0,3279.93
18901.88,72.4,93,2.4375,3279.93
18901.88,72.54,93,0.0,3279.93
18901.88,72.12,93,1.2125,3279.93
18901.88,71.97,93,0.0,3279.93
18901.88,72.55,93,0.0,3279.93
18901.88,72.42,93,0.0,3279.93
18901.88,72.53,94,1.2125,3279.93
18901.88,73.03,94,0.0,3279.93
18901.88,72.87,93,0.0,3279.93
18901.88,72.91,93,0.0,3279.93
18901.88,73.21,93,1.2375,3279.93
18901.88,72.99,93,0.0,3279.93
18901.88,73.02,94,0.0,3279.93
18901.88,73.1,94,0.0,3279.93
18901.88,73.07,93,1.25,3279.93
18901.88,73.19,93,0.0,3279.93
18901.88,73.67,91,0.0,3279.93
18901.88,73.24,91,0.0,3279.93
18901.88,73.06,93,1.2375,3279.93
18901.88,73.37,93,1.2375,3279.93
18901.88,71.27,88,0.0,3279.93
18901.88,71.41,88,1.25,3279.93
18901.88,70.85,88,0.0,3279.93
18901.88,70.91,88,0.0,3279.93
18901.88,71.25,93,1.2375,3279.93
18901.88,71.67,93,0.0,3279.93
18901.88,71.04,93,0.0,3279.93
18901.88,70.68,94,1.25,3279.93
18901.88,70.98,94,0.0,3279.93
18901.88,69.59,91,0.0,3279.93
18901.88,71.41,91,0.0,3279.93
18901.88,70.92,93,1.2375,3279.93
18901.88,71.9,93,0.0,3279.93
18901.88,71.44,93,0.0,3279.93
18901.88,71.31,93,1.2375,3279.93
18901.88,71.35,93,0.0,3279.93
18901.88,71.45,93,0.0,3279.93
18901.88,71.51,93,0.0,3279.93
18901.88,71.2,93,1.25,3279.93
18901.88,71.89,93,0.0,3279.93
18901.88,72.22,93,0.0,3279.93
18901.88,71.71,91,1.2375,3279.93
18901.88,71.98,91,0.0,3279.93
18901.88,71.96,94,0.0,3279.93
18901.88,72.19,94,0.0,3279.93
18901.88,72.58,93,1.25,3279.93
18901.88,72.0,93,0.0,3279.93
18901.88,72.25,93,0.0,3279.93
18901.88,72.17,93,1.2375,3279.93
18901.88,71.91,93,0.0,3279.93
18901.88,71.86,92,0.0,3279.93
18901.88,71.58,92,1.2375,3279.93
18901.88,71.58,94,0.0,3279.93
18901.88,71.96,94,1.2375,3279.93
18901.88,72.25,94,0.0,3279.93
18901.88,71.75,92,0.0,3279.93
18901.88,72.02,92,0.0,3279.93
18901.88,71.94,93,1.25,3279.93
18901.88,72.05,93,1.2125,3279.93
18901.88,73.41,85,0.0,3279.93
18901.88,73.6,85,0.0,3279.93
18901.88,72.58,95,0.0,3279.93
18901.88,72.7,95,1.225,3279.93
18901.88,73.17,94,0.0,3279.93
18901.88,72.8,94,0.0,3279.93
18901.88,73.44,92,0.0,3279.93
18901.88,73.33,92,1.225,3279.93
18901.88,73.03,93,0.0,3279.93
18901.88,73.43,93,0.0,3279.93
18901.88,73.05,93,0.0,3279.93
18901.88,71.38,93,1.2125,3279.93
18901.88,71.48,93,0.0,3279.93
18901.88,72.22,93,0.0,3279.93
18901.88,72.18,91,0.0,3279.93
18901.88,72.08,91,1.225,3279.93
18901.88,72.12,93,1.225,3279.93
18901.88,72.14,93,0.0,3279.93
18901.88,71.72,93,0.0,3279.93
18901.88,71.68,93,0.0,3279.93
18901.88,71.68,93,1.2125,3279.93
18901.88,71.33,93,0.0,3279.93
18901.88,71.46,93,0.0,3279.93
18901.88,71.56,93,0.0,3279.93
18901.88,71.44,91,1.2125,3279.93
18901.88,71.36,91,0.0,3279.93
18901.88,71.07,92,0.0,3279.93
18901.88,71.07,92,0.0,3279.93
18901.88,70.91,93,1.2125,3279.93
18901.88,71.67,93,0.0,3279.93
18901.88,71.72,92,1.2375,3279.93
18901.88,71.62,92,0.0,3279.93
18901.88,71.77,93,1.1875,3279.93
18901.88,71.8,93,0.0,3279.93
18901.88,71.9,93,0.0,3279.93
18901.88,72.25,93,1.2125,3279.93
18901.88,72.57,93,0.0,3279.93
18901.88,72.0,93,0.0,3279.93
18901.88,72.26,93,1.225,3279.93
18901.88,72.32,81,1.225,3279.93
18901.88,72.16,81,0.0,3279.93
18901.88,72.16,95,0.0,3279.93
18901.88,71.8,95,0.0,3279.93
18901.88,72.58,93,1.2125,3279.93
18901.88,72.44,93,0.0,3279.93
18901.88,72.87,94,0.0,3279.93
18901.88,72.49,94,0.0,3279.93
18901.88,72.97,92,1.2125,3279.93
18901.88,72.9,92,0.0,3279.93
18901.88,72.01,92,0.0,3279.93
18901.88,71.72,92,1.225,3279.93
18901.88,72.0,93,0.0,3279.93
18901.88,72.0,93,0.0,3279.93
18901.88,71.86,94,0.0,3279.93
18901.88,72.06,94,0.0,3279.93
18901.88,72.3,93,1.1875,3279.93
18901.88,71.93,93,0.0,3279.93
18901.88,71.86,92,1.2125,3279.93
18901.88,71.53,92,0.0,3279.93
18901.88,71.67,93,0.0,3279.93
18901.88,71.77,93,0.0,3279.93
18901.88,71.77,93,1.2125,3279.93
18901.88,72.52,93,0.0,3279.93
18901.88,71.98,94,0.0,3279.93
18901.88,71.94,94,1.225,3279.93
18901.88,72.0,92,0.0,3279.93
18901.88,72.03,92,1.2125,3279.93
18901.88,71.89,93,0.0,3279.93
18901.88,71.94,93,1.2125,3279.93
18901.88,71.94,93,0.0,3279.93
18901.88,72.23,93,0.0,3279.93
18901.88,72.54,94,0.0,3279.93
18901.88,72.03,94,1.2125,3279.93
18901.88,72.17,92,0.0,3279.93
18901.88,71.99,91,0.0,3279.93
18901.88,71.7,91,0.0,3279.93
18901.88,71.83,94,1.2125,3279.93
18901.88,73.08,94,1.2125,3279.93
18901.88,72.78,86,0.0,3279.93
18901.88,72.78,86,0.0,3279.93
18901.88,71.8,99,1.2125,3279.93
18901.88,71.75,99,0.0,3279.93
18901.88,71.96,93,0.0,3279.93
18901.88,72.02,93,1.2125,3279.93
18901.88,72.28,95,0.0,3279.93
18901.88,72.61,95,0.0,3279.93
18901.88,72.35,93,0.0,3279.93
18901.88,72.33,93,1.1875,3279.93
18901.88,71.04,93,0.0,3279.93
18901.88,71.24,93,1.225,3279.93
18901.88,71.34,93,0.0,3279.93
18901.88,71.64,93,0.0,3279.93
18901.88,71.6,93,1.225,3279.93
18901.88,72.03,93,0.0,3279.93
18901.88,71.28,92,0.0,3279.93
18901.88,70.99,92,0.0,3279.93
18901.88,71.38,94,1.2125,3279.93
18901.88,71.18,94,0.0,3279.93
18901.88,70.93,93,0.0,3279.93
18901.88,71.16,93,1.2125,3279.93
18901.88,70.8,93,0.0,3279.93
18901.88,70.72,93,0.0,3279.93
18901.88,71.44,94,1.2125,3279.93
18901.88,71.19,94,0.0,3279.93
18901.88,70.99,93,0.0,3279.93
18901.88,71.77,93,1.2125,3279.93
18901.88,71.39,93,0.0,3279.93
18901.88,71.22,93,0.0,3279.93
18901.88,71.56,94,0.0,3279.93
18901.88,71.2,92,1.225,3279.93
18901.88,71.08,92,0.0,3279.93
18901.88,71.78,91,0.0,3279.93
18901.88,71.5,91,0.0,3279.93
18901.88,71.5,93,1.2125,3279.93
18901.88,71.97,93,0.0,3279.93
18901.88,72.18,93,0.0,3279.93
18901.88,71.94,93,0.0,3279.93
18901.88,72.69,93,2.425,3279.93
18901.88,72.69,93,1.2125,3279.93
18901.88,73.45,83,0.0,3279.93
18901.88,73.09,83,1.2125,3279.93
18901.88,73.05,93,0.0,3279.93
18901.88,73.38,93,1.2125,3279.93
18901.88,73.66,93,0.0,3279.93
18901.88,73.66,93,0.0,3279.93
18901.88,72.86,93,0.0,3279.93
18901.88,72.89,93,1.2125,3279.93
18901.88,72.88,93,0.0,3279.93
18901.88,72.53,93,0.0,3279.93
18901.88,72.32,92,0.0,3279.93
18901.88,72.6,92,1.225,3279.93
18901.88,73.06,92,0.0,3279.93
18901.88,73.18,92,0.0,3279.93
18901.88,72.75,92,2.4375,3279.93
18901.88,69.86,92,0.0,3279.93
18901.88,69.59,85,0.0,3279.93
18901.88,69.33,85,0.0,3279.93
18901.88,69.0,95,1.2125,3279.93
18901.88,68.83,95,0.0,3279.93
18901.88,69.07,94,0.0,3279.93
18901.88,68.55,92,0.0,3279.93
18901.88,68.6,92,1.2125,3279.93
18901.88,68.67,93,0.0,3279.93
18901.88,68.3,93,1.2125,3279.93
18901.88,71.27,93,1.2125,3279.93
18901.88,71.16,93,0.0,3279.93
18901.88,71.9,93,0.0,3279.93
18901.88,72.27,93,0.0,3279.93
18901.88,72.37,94,1.2125,3279.93
18901.88,71.99,94,0.0,3279.93
18901.88,72.37,93,0.0,3279.93
18901.88,72.37,93,1.2125,3279.93
18901.88,72.45,93,0.0,3279.93
18901.88,72.77,93,0.0,3279.93
18901.88,72.0,92,0.0,3279.93
18901.88,72.2,92,1.2125,3279.93
18901.88,72.38,94,0.0,3279.93
18901.88,72.2,94,0.0,3279.93
18901.88,72.41,93,1.225,3279.93
18901.88,71.91,93,0.0,3279.93
18901.88,72.15,94,0.0,3279.93
18901.88,72.32,94,0.0,3279.93
18901.88,71.98,94,1.2125,3279.93
18901.88,72.08,94,0.0,3279.93
18901.88,71.52,94,0.0,3279.93
18901.88,71.82,94,0.0,3279.93
18901.88,72.0,94,1.25,3279.93
18901.88,71.45,94,0.0,3279.93
18901.88,71.97,92,0.0,3279.93
18901.88,71.4,93,1.25,3279.93
18901.88,71.84,93,0.0,3279.93
18901.88,72.08,93,1.2125,3279.93
18901.88,71.73,93,1.225,3279.93
18901.88,72.51,86,0.0,3279.93
18901.88,72.67,86,0.0,3279.93
18901.88,72.52,93,1.25,3279.93
18901.88,72.54,93,0.0,3279.93
18901.88,73.23,93,0.0,3279.93
18901.88,73.23,93,0.0,3279.93
18901.88,73.57,93,1.25,3279.93
18901.88,73.2,94,0.0,3279.93
18901.88,73.01,94,1.2375,3279.93
18901.88,73.35,93,0.0,3279.93
18901.88,73.35,93,1.25,3279.93
18901.88,72.03,93,0.0,3279.93
18901.88,72.2,93,0.0,3279.93
18901.88,72.03,93,1.25,3279.93
18901.88,72.22,93,0.0,3279.93
18901.88,72.31,93,0.0,3279.93
18901.88,72.18,93,0.0,3279.93
18901.88,72.43,94,1.25,3279.93
18901.88,71.83,94,0.0,3279.93
18901.88,72.08,93,0.0,3279.93
18901.88,72.09,90,0.0,3279.93
18901.88,71.6,90,1.25,3279.93
18901.88,71.63,94,0.0,3279.93
18901.88,71.76,94,0.0,3279.93
18901.88,72.05,94,1.25,3279.93
18901.88,71.43,94,0.0,3279.93
18901.88,71.43,92,0.0,3279.93
18901.88,71.32,92,0.0,3279.93
18901.88,71.37,93,1.25,3279.93
18901.88,71.53,93,0.0,3279.93
18901.88,71.41,93,0.0,3279.93
18901.88,71.71,93,0.0,3279.93
18901.88,71.98,94,1.25,3279.93
18901.88,71.33,94,0.0,3279.93
18901.88,71.36,93,0.0,3279.93
18901.88,71.35,93,0.0,3279.93
18901.88,72.19,93,1.25,3279.93
18901.88,72.34,93,0.0,3279.93
18901.88,71.62,93,1.2375,3279.93
18901.88,71.55,82,0.0,3279.93
18901.88,70.46,82,1.2125,3279.93
18901.88,70.42,99,0.0,3279.93
18901.88,70.7,99,1.2125,3279.93
18901.88,70.72,94,1.2125,3279.93
18901.88,71.54,94,0.0,3279.93
18901.88,71.32,94,0.0,3279.93
18901.88,71.04,93,0.0,3279.93
18901.88,71.04,93,1.2375,3279.93
18901.88,70.52,93,0.0,3279.93
18901.88,70.52,90,0.0,3279.93
18901.88,70.89,90,0.0,3279.93
18901.88,71.19,93,1.2375,3279.93
18901.88,71.76,92,0.0,3279.93
18901.88,71.85,92,1.2375,3279.93
18901.88,71.98,83,1.2375,3279.93
18901.88,73.27,83,0.0,3279.93
18901.88,73.01,97,0.0,3279.93
18901.88,73.14,97,1.25,3279.93
18901.88,73.1,93,0.0,3279.93
18901.88,73.94,93,0.0,3279.93
18901.88,73.37,90,1.2375,3279.93
18901.88,73.36,90,0.0,3279.93
18901.88,73.95,94,0.0,3279.93
18901.88,73.87,94,0.0,3279.93
18901.88,73.68,93,1.2375,3279.93
18901.88,72.31,93,0.0,3279.93
18901.88,72.05,92,0.0,3279.93
18901.88,72.44,92,0.0,3279.93
18901.88,72.9,92,1.2375,3279.93
18901.88,72.71,92,0.0,3279.93
18901.88,72.42,94,0.0,3279.93
18901.88,72.78,94,0.0,3279.93
18901.88,72.8,93,1.25,3279.93
18901.88,72.94,93,0.0,3279.93
18901.88,73.06,93,1.2375,3279.93
18901.88,72.98,93,0.0,3279.93
18901.88,72.52,93,1.25,3279.93
18901.88,72.66,93,0.0,3279.93
18901.88,72.57,93,0.0,3279.93
18901.88,71.75,93,0.0,3279.93
18901.88,71.7,91,0.0,3279.93
18901.88,71.71,91,1.25,3279.93
18901.88,71.88,91,0.0,3279.93
18901.88,71.81,91,0.0,3279.93
18901.88,71.69,93,1.2375,3279.93
18901.88,71.64,93,0.0,3279.93
18901.88,71.71,94,0.0,3279.93
18901.88,71.85,94,0.0,3279.93
18901.88,71.87,91,1.2375,3279.93
18901.88,71.87,91,0.0,3279.93
18901.88,72.1,91,0.0,3279.93
18901.88,72.22,91,0.0,3279.93
18901.88,72.27,94,2.4875,3279.93
18901.88,71.0,94,0.0,3279.93
18901.88,71.19,84,0.0,3279.93
18901.88,70.2,84,1.2375,3279.93
18901.88,70.43,96,0.0,3279.93
18901.88,70.1,96,0.0,3279.93
18901.88,70.51,93,1.2375,3279.93
18901.88,70.75,93,0.0,3279.93
18901.88,70.47,93,0.0,3279.93
18901.88,70.92,93,0.0,3279.93
18901.88,70.5,93,1.2125,3279.93
18901.88,70.26,93,0.0,3279.93
18901.88,71.8,94,0.0,3279.93
18901.88,71.17,94,0.0,3279.93
18901.88,71.83,92,1.2125,3279.93
18901.88,72.01,92,0.0,3279.93
18901.88,72.18,93,0.0,3279.93
18901.88,72.3,93,1.2375,3279.93
18901.88,71.92,91,0.0,3279.93
18901.88,71.98,91,1.2375,3279.93
18901.88,71.86,94,0.0,3279.93
18901.88,72.0,94,1.2375,3279.93
18901.88,71.79,93,0.0,3279.93
18901.88,71.86,93,0.0,3279.93
18901.88,72.39,93,1.2375,3279.93
18901.88,72.79,92,0.0,3279.93
18901.88,72.13,92,0.0,3279.93
18901.88,71.76,92,1.2375,3279.93
18901.88,71.94,92,0.0,3279.93
18901.88,71.69,93,0.0,3279.93
18901.88,71.64,93,0.0,3279.93
18901.88,71.42,93,1.2375,3279.93
18901.88,71.83,93,0.0,3279.93
18901.88,71.33,93,0.0,3279.93
18901.88,71.35,93,0.0,3279.93
18901.88,71.32,92,1.2375,3279.93
18901.88,71.57,92,0.0,3279.93
18901.88,72.0,92,0.0,3279.93
18901.88,71.77,92,1.25,3279.93
18901.88,71.92,92,0.0,3279.93
18901.88,73.53,93,1.25,3279.93
18901.88,73.07,93,0.0,3279.93
18901.88,73.12,85,1.2375,3279.93
18901.88,72.69,85,0.0,3279.93
18901.88,73.25,94,0.0,3279.93
18901.88,73.49,94,1.25,3279.93
18901.88,73.22,94,0.0,3279.93
18901.88,73.22,94,0.0,3279.93
18901.88,73.56,94,0.0,3279.93
18901.88,73.22,94,2.4875,3279.93
18901.88,72.86,94,0.0,3279.93
18901.88,73.52,94,0.0,3279.93
18901.88,71.7,87,0.0,3279.93
18901.88,71.16,87,1.2375,3279.93
18901.88,71.86,95,0.0,3279.93
18901.88,72.0,93,0.0,3279.93
18901.88,71.94,93,1.2375,3279.93
18901.88,71.95,93,0.0,3279.93
18901.88,71.93,93,0.0,3279.93
18901.88,71.97,94,1.2375,3279.93
18901.88,71.99,94,1.2375,3279.93
18901.88,71.56,95,0.0,3279.93
18901.88,71.31,95,0.0,3279.93
18901.88,72.08,93,0.0,3279.93
18901.88,72.03,93,1.225,3279.93
18901.88,72.22,93,0.0,3279.93
18901.88,72.5,93,0.0,3279.93
18901.88,71.97,93,0.0,3279.93
18901.88,71.96,93,1.225,3279.93
18901.88,71.83,93,0.0,3279.93
18901.88,71.62,93,0.0,3279.93
18901.88,71.49,91,0.0,3279.93
18901.88,71.48,91,1.2125,3279.93
18901.88,71.42,93,0.0,3279.93
18901.88,71.46,93,0.0,3279.93
18901.88,71.64,93,1.2125,3279.93
18901.88,71.4,93,0.0,3279.93
18901.88,71.01,93,0.0,3279.93
18901.88,71.41,93,1.2125,3279.93
18901.88,71.2,93,0.0,3279.93
18901.88,71.13,93,0.0,3279.93
18901.88,71.84,93,0.0,3279.93
18901.88,71.86,93,0.0,3279.93
18901.88,72.0,94,1.225,3279.93
18901.88,72.2,93,0.0,3279.93
18901.88,72.39,93,0.0,3279.93
18901.88,72.2,93,1.2125,3279.93
18901.88,72.2,93,0.0,3279.93
18901.88,72.23,93,0.0,3279.93
18901.88,73.99,93,2.45,3279.93
18901.88,73.44,86,0.0,3279.93
18901.88,72.85,86,0.0,3279.93
18901.88,73.32,95,0.0,3279.93
18901.88,73.2,95,0.0,3279.93
18901.88,73.89,95,1.225,3279.93
18901.88,73.63,95,1.225,3279.93
18901.88,73.63,95,0.0,3279.93
18901.88,73.56,94,0.0,3279.93
18901.88,73.99,94,1.2125,3279.93
18901.88,73.79,92,0.0,3279.93
18901.88,73.84,92,0.0,3279.93
18901.88,71.86,93,0.0,3279.93
18901.88,72.03,93,1.225,3279.93
18901.88,72.59,94,0.0,3279.93
18901.88,71.96,94,0.0,3279.93
18901.88,72.3,93,0.0,3279.93
18901.88,71.91,93,1.2125,3279.93
18901.88,72.01,93,0.0,3279.93
18901.88,72.09,94,0.0,3279.93
18901.88,71.61,94,0.0,3279.93
18901.88,71.73,92,1.2125,3279.93
18901.88,71.86,92,0.0,3279.93
18901.88,72.22,94,0.0,3279.93
18901.88,71.87,94,0.0,3279.93
18901.88,72.18,94,1.2125,3279.93
18901.88,72.22,94,0.0,3279.93
18901.88,72.28,93,0.0,3279.93
18901.88,72.49,93,1.2125,3279.93
18901.88,71.91,93,0.0,3279.93
18901.88,71.96,93,0.0,3279.93
18901.88,72.0,93,0.0,3279.93
18901.88,71.7,93,1.225,3279.93
18901.88,72.07,93,0.0,3279.93
18901.88,71.62,93,0.0,3279.93
18901.88,71.95,93,0.0,3279.93
18901.88,72.17,93,1.225,3279.93
18901.88,71.62,92,0.0,3279.93
18901.88,71.57,82,1.2125,3279.93
18901.88,69.37,82,1.2125,3279.93
18901.88,69.33,97,0.0,3279.93
18901.88,68.13,97,0.0,3279.93
18901.88,68.14,94,0.0,3279.93
18901.88,68.78,94,2.4375,3279.93
18901.88,69.15,94,0.0,3279.93
18901.88,68.87,94,0.0,3279.93
18901.88,68.74,94,0.0,3279.93
18901.88,68.9,94,1.225,3279.93
18901.88,68.8,94,0.0,3279.93
18901.88,70.82,91,0.0,3279.93
18901.88,71.12,93,0.0,3279.93
18901.88,72.35,93,1.225,3279.93
18901.88,72.63,93,0.0,3279.93
18901.88,71.99,93,0.0,3279.93
18901.88,72.14,92,0.0,3279.93
18901.88,72.03,92,1.225,3279.93
18901.88,71.98,92,0.0,3279.93
18901.88,72.13,93,0.0,3279.93
18901.88,72.13,93,0.0,3279.93
18901.88,71.73,93,0.0,3279.93
18901.88,71.62,93,1.225,3279.93
18901.88,71.67,93,0.0,3279.93
18901.88,71.53,93,0.0,3279.93
18901.88,71.54,93,0.0,3279.93
18901.88,71.92,93,0.0,3279.93
18901.88,72.08,93,1.225,3279.93
18901.88,71.51,93,0.0,3279.93
18901.88,71.51,92,1.225,3279.93
18901.88,71.7,92,0.0,3279.93
18901.88,71.64,94,0.0,3279.93
18901.88,71.88,92,1.225,3279.93
18901.88,72.02,92,0.0,3279.93
18901.88,72.44,93,0.0,3279.93
18901.88,72.56,93,0.0,3279.93
18901.88,72.03,93,0.0,3279.93
18901.88,72.0,93,1.225,3279.93
18901.88,71.9,93,0.0,3279.93
18901.88,72.43,93,1.2125,3279.93
18901.88,72.43,87,0.0,3279.93
18901.88,72.04,87,0.0,3279.93
18901.88,71.85,96,1.225,3279.93
18901.88,72.03,96,0.0,3279.93
18901.88,72.15,94,0.0,3279.93
18901.88,72.19,94,0.0,3279.93
18901.88,72.44,92,1.2,3279.93
18901.88,72.8,92,0.0,3279.93
18901.88,72.71,91,0.0,3279.93
18901.88,72.87,91,1.225,3279.93
18901.88,72.54,93,0.0,3279.93
18901.88,72.09,93,0.0,3279.93
18901.88,72.33,94,0.0,3279.93
18901.88,72.77,94,0.0,3279.93
18901.88,72.94,94,1.225,3279.93
18901.88,72.44,94,0.0,3279.93
18901.88,72.51,94,0.0,3279.93
18901.88,72.17,94,0.0,3279.93
18901.88,72.04,94,1.225,3279.93
18901.88,72.28,94,1.225,3279.93
18901.88,71.57,93,0.0,3279.93
18901.88,72.46,93,0.0,3279.93
18901.88,72.36,89,0.0,3279.93
18901.88,72.27,94,0.0,3279.93
18901.88,72.31,94,1.2125,3279.93
18901.88,72.34,93,0.0,3279.93
18901.88,71.94,93,0.0,3279.93
18901.88,71.92,94,0.0,3279.93
18901.88,71.9,94,1.2125,3279.93
18901.88,71.96,93,1.2125,3279.93
18901.88,71.99,93,0.0,3279.93
18901.88,71.39,92,0.0,3279.93
18901.88,71.77,92,1.2125,3279.93
18901.88,71.52,92,0.0,3279.93
18901.88,71.62,92,0.0,3279.93
18901.88,71.49,94,0.0,3279.93
18901.88,72.13,94,1.2125,3279.93
18901.88,72.39,93,0.0,3279.93
18901.88,71.73,93,0.0,3279.93
18901.88,71.91,93,0.0,3279.93
18901.88,71.86,93,1.225,3279.93
18901.88,71.72,92,0.0,3279.93
18901.88,71.77,92,0.0,3279.93
18901.88,71.46,94,0.0,3279.93
18901.88,71.91,94,0.0,3279.93
18901.88,72.17,94,1.225,3279.93
18901.88,71.91,94,0.0,3279.93
18901.88,71.47,93,0.0,3279.93
18901.88,71.74,93,0.0,3279.93
18901.88,71.81,94,1.225,3279.93
18901.88,71.81,94,0.0,3279.93
18901.88,71.48,94,0.0,3279.93
18901.88,72.01,94,0.0,3279.93
18901.88,71.69,93,1.2125,3279.93
18901.88,71.97,93,0.0,3279.93
18901.88,72.28,93,1.225,3279.93
18901.88,71.83,93,0.0,3279.93
18901.88,71.73,92,0.0,3279.93
18901.88,71.71,81,2.4375,3279.93
18901.88,72.42,81,0.0,3279.93
18901.88,72.27,96,0.0,3279.93
18901.88,71.27,96,1.2125,3279.93
18901.88,71.77,93,0.0,3279.93
18901.88,72.34,93,0.0,3279.93
18901.88,72.66,94,1.2125,3279.93
18901.88,72.13,94,0.0,3279.93
18901.88,72.29,92,0.0,3279.93
18901.88,72.47,92,0.0,3279.93
18901.88,72.29,93,0.0,3279.93
18901.88,71.92,93,1.2125,3279.93
18901.88,71.61,93,0.0,3279.93
18901.88,72.45,93,0.0,3279.93
18901.88,72.41,94,1.225,3279.93
18901.88,72.42,94,0.0,3279.93
18901.88,72.6,95,0.0,3279.93
18901.88,72.11,95,0.0,3279.93
18901.88,72.37,94,1.225,3279.93
18901.88,71.97,94,1.225,3279.93
18901.88,71.91,94,0.0,3279.93
18901.88,71.86,94,0.0,3279.93
18901.88,71.86,93,0.0,3279.93
18901.88,72.03,93,0.0,3279.93
18901.88,72.28,93,1.225,3279.93
18901.88,72.14,93,0.0,3279.93
18901.88,72.31,94,0.0,3279.93
18901.88,71.71,94,0.0,3279.93
18901.88,72.05,93,1.225,3279.93
18901.88,71.83,93,0.0,3279.93
18901.88,72.11,93,0.0,3279.93
18901.88,72.16,93,0.0,3279.93
18901.88,71.69,94,1.225,3279.93
18901.88,72.35,94,0.0,3279.93
18901.88,71.88,94,0.0,3279.93
18901.88,71.93,94,0.0,3279.93
18901.88,71.99,94,1.225,3279.93
18901.88,71.41,94,0.0,3279.93
18901.88,71.89,93,1.225,3279.93
18901.88,72.09,93,1.2125,3279.93
18901.88,72.15,83,0.0,3279.93
18901.88,70.85,83,0.0,3279.93
18901.88,70.72,95,0.0,3279.93
18901.88,71.57,93,1.2125,3279.93
18901.88,71.22,93,0.0,3279.93
18901.88,71.88,93,0.0,3279.93
18901.88,71.6,93,1.2125,3279.93
18901.88,71.43,92,1.2125,3279.93
18901.88,72.01,92,0.0,3279.93
18901.88,71.79,92,1.2125,3279.93
18901.88,71.28,92,0.0,3279.93
18901.88,71.3,93,0.0,3279.93
18901.88,72.25,93,1.2125,3279.93
18901.88,72.32,93,0.0,3279.93
18901.88,72.32,93,0.0,3279.93
18901.88,72.67,94,1.2125,3279.93
18901.88,72.42,94,0.0,3279.93
18901.88,72.38,93,0.0,3279.93
18901.88,72.22,93,0.0,3279.93
18901.88,71.94,93,1.2125,3279.93
18901.88,72.19,93,0.0,3279.93
18901.88,71.87,93,0.0,3279.93
18901.88,72.31,93,1.2125,3279.93
18901.88,72.53,94,0.0,3279.93
18901.88,71.98,94,0.0,3279.93
18901.88,72.09,93,1.2125,3279.93
18901.88,71.44,93,0.0,3279.93
18901.88,71.75,93,0.0,3279.93
18901.88,71.69,94,0.0,3279.93
18901.88,71.59,94,1.2125,3279.93
18901.88,71.97,94,0.0,3279.93
18901.88,71.84,94,0.0,3279.93
18901.88,72.17,94,0.0,3279.93
18901.88,72.05,94,1.2125,3279.93
18901.88,72.58,94,0.0,3279.93
18901.88,71.95,93,0.0,3279.93
18901.88,72.25,92,1.1125,3279.93
18901.88,74.0,92,1.225,3279.93
18901.88,73.91,92,0.0,3279.93
18901.88,73.63,81,0.0,3279.93
18901.88,73.63,81,0.0,3279.93
18901.88,73.33,94,1.2125,3279.93
18901.88,74.03,94,0.0,3279.93
18901.88,73.92,93,0.0,3279.93
18901.88,73.92,93,1.2125,3279.93
18901.88,73.42,95,0.0,3279.93
18901.88,73.42,93,0.0,3279.93
18901.88,73.72,93,1.2125,3279.93
18901.88,71.49,94,0.0,3279.93
18901.88,71.44,94,0.0,3279.93
18901.88,71.63,93,1.25,3279.93
18901.88,71.63,93,1.1625,3279.93
18901.88,72.2,92,0.0,3279.93
18901.88,72.22,92,0.0,3279.93
18901.88,71.66,94,1.2125,3279.93
18901.88,71.92,94,0.0,3279.93
18901.88,71.92,91,0.0,3279.93
18901.88,72.07,91,1.2125,3279.93
18901.88,71.94,92,0.0,3279.93
18901.88,72.07,92,0.0,3279.93
18901.88,72.12,94,0.0,3279.93
18901.88,72.3,94,1.2125,3279.93
18901.88,71.81,93,0.0,3279.93
18901.88,71.67,93,0.0,3279.93
18901.88,71.67,93,0.0,3279.93
18901.88,71.47,93,1.225,3279.93
18901.88,71.7,90,0.0,3279.93
18901.88,71.57,90,0.0,3279.93
18901.88,71.39,94,0.0,3279.93
18901.88,72.01,94,0.0,3279.93
18901.88,71.46,93,2.45,3279.93
18901.88,71.81,93,0.0,3279.93
18901.88,70.78,85,0.0,3279.93
18901.88,71.13,85,0.0,3279.93
18901.88,71.26,95,0.0,3279.93
18901.88,71.57,95,1.225,3279.93
18901.88,71.57,94,0.0,3279.93
18901.88,71.71,94,0.0,3279.93
18901.88,71.46,93,1.225,3279.93
18901.88,71.58,93,0.0,3279.93
18901.88,71.61,93,1.225,3279.93
18901.88,71.61,93,0.0,3279.93
18901.88,71.2,92,1.2125,3279.93
18901.88,71.97,92,0.0,3279.93
18901.88,71.63,93,0.0,3279.93
18901.88,71.85,93,0.0,3279.93
18901.88,71.28,93,1.225,3279.93
18901.88,71.01,92,0.0,3279.93
18901.88,71.01,92,0.0,3279.93
18901.88,71.35,92,1.2125,3279.93
18901.88,71.53,93,0.0,3279.93
18901.88,71.53,93,0.0,3279.93
18901.88,71.56,93,0.0,3279.93
18901.88,71.94,90,1.2125,3279.93
18901.88,71.96,90,0.0,3279.93
18901.88,71.75,93,0.0,3279.93
18901.88,72.0,93,0.0,3279.93
18901.88,72.36,93,1.225,3279.93
18901.88,72.31,93,0.0,3279.93
18901.88,72.33,94,0.0,3279.93
18901.88,72.26,94,1.2125,3279.93
18901.88,72.39,93,0.0,3279.93
18901.88,72.78,93,1.2125,3279.93
18901.88,72.9,92,0.0,3279.93
18901.88,72.31,92,1.2125,3279.93
18901.88,72.31,93,0.0,3279.93
18901.88,72.42,93,0.0,3279.93
18901.88,72.03,93,0.0,3279.93
18901.88,72.19,93,2.4,3279.93
18901.88,74.16,91,0.0,3279.93
18901.88,74.07,91,0.0,3279.93
18901.88,73.63,84,1.2125,3279.93
18901.88,73.18,84,0.0,3279.93
18901.88,73.39,93,0.0,3279.93
18901.88,73.43,93,0.0,3279.93
18901.88,73.84,93,1.2125,3279.93
18901.88,74.09,93,1.2125,3279.93
18901.88,73.65,94,0.0,3279.93
18901.88,73.86,94,0.0,3279.93
18901.88,74.08,93,1.2125,3279.93
18901.88,71.69,93,0.0,3279.93
18901.88,72.11,93,0.0,3279.93
18901.88,72.31,93,0.0,3279.93
18901.88,72.54,93,1.2125,3279.93
18901.88,72.64,94,1.2125,3279.93
18901.88,72.48,94,1.2125,3279.93
18901.88,71.33,86,0.0,3279.93
18901.88,71.09,94,0.0,3279.93
18901.88,71.74,94,0.0,3279.93
18901.88,71.8,94,1.2125,3279.93
18901.88,71.67,94,0.0,3279.93
18901.88,71.51,93,0.0,3279.93
18901.88,71.52,93,0.0,3279.93
18901.88,71.85,93,1.225,3279.93
18901.88,71.88,93,0.0,3279.93
18901.88,71.22,93,0.0,3279.93
18901.88,72.23,93,1.2125,3279.93
18901.88,72.51,94,0.0,3279.93
18901.88,72.17,94,0.0,3279.93
18901.88,72.38,94,0.0,3279.93
18901.88,71.72,94,0.0,3279.93
18901.88,72.03,92,1.2125,3279.93
18901.88,72.16,92,0.0,3279.93
18901.88,71.78,93,0.0,3279.93
18901.88,71.82,93,1.225,3279.93
18901.88,71.14,93,0.0,3279.93
18901.88,71.54,93,0.0,3279.93
18901.88,71.75,94,0.0,3279.93
18901.88,70.8,94,1.2125,3279.93
18901.88,70.62,91,0.0,3279.93
18901.88,70.66,91,0.0,3279.93
18901.88,70.93,93,1.225,3279.93
18901.88,71.28,93,1.225,3279.93
18901.88,71.34,92,0.0,3279.93
18901.88,71.51,92,0.0,3279.93
18901.88,71.57,93,1.2125,3279.93
18901.88,71.75,93,0.0,3279.93
18901.88,71.74,92,0.0,3279.93
18901.88,71.64,92,0.0,3279.93
18901.88,71.96,93,1.2,3279.93
18901.88,72.2,93,0.0,3279.93
18901.88,72.23,93,0.0,3279.93
18901.88,72.41,93,1.225,3279.93
18901.88,74.34,83,1.2125,3279.93
18901.88,73.88,83,0.0,3279.93
18901.88,73.59,97,0.0,3279.93
18901.88,73.2,97,0.0,3279.93
18901.88,73.9,93,0.0,3279.93
18901.88,73.63,93,1.25,3279.93
18901.88,73.66,93,0.0,3279.93
18901.88,74.19,93,0.0,3279.93
18901.88,74.0,93,0.0,3279.93
18901.88,73.97,93,1.2375,3279.93
18901.88,73.67,93,0.0,3279.93
18901.88,71.23,93,0.0,3279.93
18901.88,71.39,94,2.4875,3279.93
18901.88,71.6,94,0.0,3279.93
18901.88,72.17,93,0.0,3279.93
18901.88,71.52,93,0.0,3279.93
18901.88,71.78,94,1.2375,3279.93
18901.88,71.87,93,0.0,3279.93
18901.88,71.64,93,0.0,3279.93
18901.88,72.13,91,0.0,3279.93
18901.88,72.1,91,0.0,3279.93
18901.88,72.29,95,1.2375,3279.93
18901.88,72.56,95,0.0,3279.93
18901.88,72.33,94,0.0,3279.93
18901.88,72.77,94,0.0,3279.93
18901.88,72.82,92,1.25,3279.93
18901.88,73.16,92,0.0,3279.93
18901.88,72.82,93,0.0,3279.93
18901.88,72.89,93,0.0,3279.93
18901.88,72.7,93,1.25,3279.93
18901.88,72.7,93,0.0,3279.93
18901.88,72.48,93,0.0,3279.93
18901.88,72.68,94,0.0,3279.93
18901.88,72.15,94,1.25,3279.93
18901.88,72.58,92,0.0,3279.93
18901.88,72.54,92,0.0,3279.93
18901.88,71.87,93,1.2375,3279.93
18901.88,72.01,93,1.2375,3279.93
18901.88,71.59,94,1.2375,3279.93
18901.88,69.34,94,0.0,3279.93
18901.88,69.07,86,1.2375,3279.93
18901.88,68.1,86,0.0,3279.93
18901.88,68.4,95,0.0,3279.93
18901.88,68.51,95,0.0,3279.93
18901.88,69.28,95,1.25,3279.93
18901.88,69.01,95,0.0,3279.93
18901.88,68.98,94,0.0,3279.93
18901.88,69.05,94,1.25,3279.93
18901.88,68.72,94,0.0,3279.93
18901.88,69.19,94,0.0,3279.93
18901.88,71.66,94,0.0,3279.93
18901.88,71.9,94,1.2125,3279.93
18901.88,72.3,93,0.0,3279.93
18901.88,72.06,93,0.0,3279.93
18901.88,72.08,94,1.2125,3279.93
18901.88,71.92,94,0.0,3279.93
18901.88,72.32,94,0.0,3279.93
18901.88,71.85,93,0.0,3279.93
18901.88,72.06,93,1.2125,3279.93
18901.88,72.06,94,0.0,3279.93
18901.88,71.73,94,0.0,3279.93
18901.88,71.64,94,1.2125,3279.93
18901.88,72.29,94,0.0,3279.93
18901.88,72.01,93,0.0,3279.93
18901.88,71.91,93,0.0,3279.93
18901.88,71.91,94,1.2125,3279.93
18901.88,71.55,94,0.0,3279.93
18901.88,72.13,94,0.0,3279.93
18901.88,71.58,94,1.2125,3279.93
18901.88,71.66,92,0.0,3279.93
18901.88,71.91,92,0.0,3279.93
18901.88,71.51,93,1.2125,3279.93
18901.88,71.75,93,1.2125,3279.93
18901.88,71.74,93,0.0,3279.93
18901.88,72.06,93,0.0,3279.93
18901.88,72.27,94,1.2125,3279.93
18901.88,71.86,94,0.0,3279.93
18901.88,72.09,94,1.2125,3279.93
18901.88,72.44,94,1.2125,3279.93
18901.88,72.65,85,0.0,3279.93
18901.88,72.72,85,0.0,3279.93
18901.88,71.94,98,1.2125,3279.93
18901.88,72.66,98,0.0,3279.93
18901.88,72.92,93,0.0,3279.93
18901.88,72.76,94,0.0,3279.93
18901.88,73.12,94,1.2125,3279.93
18901.88,72.98,92,0.0,3279.93
18901.88,73.0,92,0.0,3279.93
18901.88,72.71,92,1.225,3279.93
18901.88,72.71,93,0.0,3279.93
18901.88,72.5,94,1.225,3279.93
18901.88,72.7,94,0.0,3279.93
18901.88,73.72,85,2.4,3279.93
18901.88,73.11,85,0.0,3279.93
18901.88,73.11,90,0.0,3279.93
18901.88,73.12,90,0.0,3279.93
18901.88,72.94,92,1.225,3279.93
18901.88,73.49,92,0.0,3279.93
18901.88,73.14,93,0.0,3279.93
18901.88,72.77,93,1.2125,3279.93
18901.88,73.03,94,0.0,3279.93
18901.88,72.6,94,0.0,3279.93
18901.88,71.55,92,0.0,3279.93
18901.88,71.63,92,0.0,3279.93
18901.88,71.85,91,1.225,3279.93
18901.88,71.84,91,0.0,3279.93
18901.88,71.83,93,0.0,3279.93
18901.88,71.94,93,0.0,3279.93
18901.88,71.88,94,0.0,3279.93
18901.88,71.56,94,1.225,3279.93
18901.88,71.56,93,0.0,3279.93
18901.88,71.64,93,0.0,3279.93
18901.88,71.83,93,0.0,3279.93
18901.88,72.39,93,1.2375,3279.93
18901.88,71.91,92,0.0,3279.93
18901.88,72.22,92,0.0,3279.93
18901.88,72.42,94,0.0,3279.93
18901.88,72.14,94,1.225,3279.93
18901.88,72.2,94,0.0,3279.93
18901.88,71.68,94,0.0,3279.93
18901.88,71.93,94,0.0,3279.93
18901.88,72.06,93,1.225,3279.93
18901.88,71.76,93,0.0,3279.93
18901.88,72.14,93,1.225,3279.93
18901.88,71.78,93,0.0,3279.93
18901.88,72.23,92,1.225,3279.93
18901.88,72.41,92,0.0,3279.93
18901.88,71.89,93,0.0,3279.93
18901.88,71.77,93,0.0,3279.93
18901.88,71.85,83,2.4375,3279.93
18901.88,73.16,83,0.0,3279.93
18901.88,73.05,98,0.0,3279.93
18901.88,72.39,98,0.0,3279.93
18901.88,72.66,93,0.0,3279.93
18901.88,73.07,93,1.225,3279.93
18901.88,73.26,93,0.0,3279.93
18901.88,72.94,93,0.0,3279.93
18901.88,73.4,94,0.0,3279.93
18901.88,72.95,94,1.225,3279.93
18901.88,72.91,93,0.0,3279.93
18901.88,71.36,93,0.0,3279.93
18901.88,71.09,93,0.0,3279.93
18901.88,71.94,93,0.0,3279.93
18901.88,71.42,93,1.2125,3279.93
18901.88,71.69,93,0.0,3279.93
18901.88,71.75,93,0.0,3279.93
18901.88,71.7,93,0.0,3279.93
18901.88,71.91,94,1.2125,3279.93
18901.88,71.37,94,0.0,3279.93
18901.88,71.69,93,0.0,3279.93
18901.88,71.47,93,1.2125,3279.93
18901.88,71.56,92,0.0,3279.93
18901.88,72.37,92,1.225,3279.93
18901.88,72.06,92,0.0,3279.93
18901.88,72.32,92,0.0,3279.93
18901.88,72.51,94,1.2125,3279.93
18901.88,72.02,94,0.0,3279.93
18901.88,71.85,91,0.0,3279.93
18901.88,71.75,91,1.2125,3279.93
18901.88,71.62,93,0.0,3279.93
18901.88,71.62,93,0.0,3279.93
18901.88,71.67,93,0.0,3279.93
18901.88,72.08,94,1.2125,3279.93
18901.88,72.05,94,0.0,3279.93
18901.88,71.96,93,0.0,3279.93
18901.88,71.98,93,0.0,3279.93
18901.88,71.94,92,1.225,3279.93
18901.88,72.03,92,1.225,3279.93
18901.88,72.45,82,0.0,3279.93
18901.88,72.57,82,1.2375,3279.93
18901.88,72.32,99,0.0,3279.93
18901.88,72.14,99,0.0,3279.93
18901.88,72.56,94,0.0,3279.93
18901.88,72.3,94,1.225,3279.93
18901.88,72.73,93,0.0,3279.93
18901.88,73.03,93,0.0,3279.93
18901.88,72.47,93,0.0,3279.93
18901.88,72.62,93,0.0,3279.93
18901.88,72.61,94,1.225,3279.93
18901.88,71.64,94,1.225,3279.93
18901.88,71.84,94,0.0,3279.93
18901.88,72.17,94,0.0,3279.93
18901.88,72.44,93,1.225,3279.93
18901.88,72.33,93,0.0,3279.93
18901.88,72.14,94,0.0,3279.93
18901.88,72.09,94,0.0,3279.93
18901.88,71.93,94,0.0,3279.93
18901.88,71.93,94,1.225,3279.93
18901.88,71.88,93,0.0,3279.93
18901.88,71.72,93,0.0,3279.93
18901.88,71.69,93,1.225,3279.93
18901.88,71.6,93,0.0,3279.93
18901.88,71.83,94,0.0,3279.93
18901.88,71.24,94,0.0,3279.93
18901.88,70.94,91,1.225,3279.93
18901.88,71.44,91,0.0,3279.93
18901.88,71.15,93,0.0,3279.93
18901.88,70.9,93,0.0,3279.93
18901.88,71.24,94,1.225,3279.93
18901.88,70.84,94,0.0,3279.93
18901.88,70.67,92,0.0,3279.93
18901.88,71.15,93,0.0,3279.93
18901.88,71.07,93,1.2125,3279.93
18901.88,70.98,93,0.0,3279.93
18901.88,71.87,93,0.0,3279.93
18901.88,71.8,93,1.225,3279.93
18901.88,71.73,93,0.0,3279.93
18901.88,72.12,88,1.2125,3279.93
18901.88,69.88,88,0.0,3279.93
18901.88,69.83,94,2.4375,3279.93
18901.88,69.23,94,0.0,3279.93
18901.88,69.53,95,0.0,3279.93
18901.88,69.68,95,0.0,3279.93
18901.88,69.8,92,1.2125,3279.93
18901.88,69.76,92,0.0,3279.93
18901.88,69.61,92,0.0,3279.93
18901.88,69.26,92,0.0,3279.93
18901.88,69.4,94,1.2125,3279.93
18901.88,71.35,94,0.0,3279.93
18901.88,71.44,93,0.0,3279.93
18901.88,71.46,93,0.0,3279.93
18901.88,72.07,94,1.225,3279.93
18901.88,72.07,94,0.0,3279.93
18901.88,72.38,93,0.0,3279.93
18901.88,72.3,93,0.0,3279.93
18901.88,72.3,94,0.0,3279.93
18901.88,72.3,94,1.225,3279.93
18901.88,72.44,93,0.0,3279.93
18901.88,72.16,93,0.0,3279.93
18901.88,71.93,91,1.225,3279.93
18901.88,71.96,91,0.0,3279.93
18901.88,72.16,94,0.0,3279.93
18901.88,72.06,94,1.2125,3279.93
18901.88,71.69,93,0.0,3279.93
18901.88,71.77,93,0.0,3279.93
18901.88,71.53,92,1.2125,3279.93
18901.88,71.25,92,1.2125,3279.93
18901.88,71.52,94,0.0,3279.93
18901.88,71.21,94,0.0,3279.93
18901.88,71.12,92,1.2125,3279.93
18901.88,71.68,92,0.0,3279.93
18901.88,71.55,92,0.0,3279.93
18901.88,71.44,92,0.0,3279.93
18901.88,71.94,93,1.2125,3279.93
18901.88,71.75,93,0.0,3279.93
18901.88,71.56,93,0.0,3279.93
18901.88,71.84,93,0.0,3279.93
18901.88,71.57,93,2.425,3279.93
18901.88,72.69,82,0.0,3279.93
18901.88,72.95,82,0.0,3279.93
18901.88,72.25,94,1.2125,3279.93
18901.88,72.01,94,0.0,3279.93
18901.88,72.76,93,0.0,3279.93
18901.88,72.6,93,2.4125,3279.93
18901.88,72.57,93,0.0,3279.93
18901.88,72.94,93,0.0,3279.93
18901.88,72.42,92,0.0,3279.93
18901.88,72.86,92,1.2125,3279.93
18901.88,71.31,93,0.0,3279.93
18901.88,71.25,93,0.0,3279.93
18901.88,71.72,93,1.2125,3279.93
18901.88,72.03,93,0.0,3279.93
18901.88,71.89,94,0.0,3279.93
18901.88,71.95,94,1.2125,3279.93
18901.88,71.94,93,0.0,3279.93
18901.88,71.75,93,0.0,3279.93
18901.88,71.84,91,1.2125,3279.93
18901.88,72.14,91,0.0,3279.93
18901.88,71.97,92,0.0,3279.93
18901.88,72.17,92,0.0,3279.93
18901.88,72.47,93,1.2125,3279.93
18901.88,72.84,93,0.0,3279.93
18901.88,72.83,92,0.0,3279.93
18901.88,72.93,92,1.2125,3279.93
18901.88,72.82,93,0.0,3279.93
18901.88,72.66,93,0.0,3279.93
18901.88,72.6,93,1.2125,3279.93
18901.88,72.61,93,0.0,3279.93
18901.88,72.77,94,0.0,3279.93
18901.88,72.4,94,1.225,3279.93
18901.88,72.24,91,0.0,3279.93
18901.88,72.38,91,0.0,3279.93
18901.88,72.49,92,0.0,3279.93
18901.88,72.54,92,1.2125,3279.93
18901.88,72.39,95,1.2125,3279.93
18901.88,72.4,92,1.2125,3279.93
18901.88,72.3,92,0.0,3279.93
18901.88,74.17,85,1.2125,3279.93
18901.88,74.0,85,0.0,3279.93
18901.88,73.74,98,0.0,3279.93
18901.88,73.35,98,1.2125,3279.93
18901.88,73.28,93,0.0,3279.93
18901.88,73.09,93,0.0,3279.93
18901.88,73.17,93,1.2125,3279.93
18901.88,72.8,93,0.0,3279.93
18901.88,72.78,94,0.0,3279.93
18901.88,72.98,94,1.2,3279.93
18901.88,70.82,93,0.0,3279.93
18901.88,71.06,93,0.0,3279.93
18901.88,71.11,91,0.0,3279.93
18901.88,71.69,91,1.175,3279.93
18901.88,72.39,94,0.0,3279.93
18901.88,71.99,94,0.0,3279.93
18901.88,71.74,94,1.2125,3279.93
18901.88,72.28,94,0.0,3279.93
18901.88,71.63,94,1.2125,3279.93
18901.88,71.99,94,0.0,3279.93
18901.88,71.57,93,1.2125,3279.93
18901.88,71.42,93,0.0,3279.93
18901.88,71.73,93,0.0,3279.93
18901.88,71.73,93,2.4375,3279.93
18901.88,73.64,83,0.0,3279.93
18901.88,73.2,83,0.0,3279.93
18901.88,73.3,98,1.2125,3279.93
18901.88,72.76,98,0.0,3279.93
18901.88,73.39,92,0.0,3279.93
18901.88,73.22,92,0.0,3279.93
18901.88,73.17,92,1.2375,3279.93
18901.88,73.77,93,0.0,3279.93
18901.88,73.5,93,0.0,3279.93
18901.88,73.47,93,1.2125,3279.93
18901.88,71.71,93,0.0,3279.93
18901.88,71.36,93,0.0,3279.93
18901.88,72.08,93,0.0,3279.93
18901.88,71.69,93,1.2125,3279.93
18901.88,72.04,93,1.2125,3279.93
18901.88,71.87,94,0.0,3279.93
18901.88,71.96,94,0.0,3279.93
18901.88,72.05,94,1.2125,3279.93
18901.88,71.67,93,0.0,3279.93
18901.88,72.02,93,0.0,3279.93
18901.88,71.89,93,1.2125,3279.93
18901.88,71.13,91,0.0,3279.93
18901.88,71.31,91,0.0,3279.93
18901.88,71.31,91,0.0,3279.93
18901.88,71.33,94,1.2125,3279.93
18901.88,71.53,93,1.2125,3279.93
18901.88,73.22,85,0.0,3279.93
18901.88,73.32,85,1.2125,3279.93
18901.88,72.49,94,0.0,3279.93
18901.88,72.86,94,0.0,3279.93
18901.88,73.3,91,1.2125,3279.93
18901.88,73.08,91,0.0,3279.93
18901.88,74.4,92,1.2125,3279.93
18901.88,74.26,92,0.0,3279.93
18901.88,74.69,92,1.2125,3279.93
18901.88,74.04,92,0.0,3279.93
18901.88,71.95,93,0.0,3279.93
18901.88,71.94,93,0.0,3279.93
18901.88,72.47,93,1.2125,3279.93
18901.88,72.54,93,0.0,3279.93
18901.88,72.53,93,0.0,3279.93
18901.88,72.76,92,0.0,3279.93
18901.88,72.85,94,1.2125,3279.93
18901.88,72.2,94,1.225,3279.93
18901.88,72.14,93,0.0,3279.93
18901.88,71.98,93,0.0,3279.93
18901.88,72.0,93,0.0,3279.93
18901.88,72.15,92,1.225,3279.93
18901.88,72.51,92,0.0,3279.93
18901.88,72.57,92,0.0,3279.93
18901.88,72.72,93,1.2125,3279.93
18901.88,72.08,93,0.0,3279.93
18901.88,72.07,93,0.0,3279.93
18901.88,71.9,93,1.2125,3279.93
18901.88,71.88,93,0.0,3279.93
18901.88,71.98,93,0.0,3279.93
18901.88,71.7,93,1.2125,3279.93
18901.88,73.1,93,1.2125,3279.93
18901.88,73.06,93,0.0,3279.93
18901.88,72.73,85,0.0,3279.93
18901.88,72.08,85,1.225,3279.93
18901.88,72.05,97,0.0,3279.93
18901.88,71.77,91,0.0,3279.93
18901.88,71.86,94,0.0,3279.93
18901.88,72.12,94,0.0,3279.93
18901.88,72.17,93,1.225,3279.93
18901.88,71.89,93,0.0,3279.93
18901.88,72.19,94,0.0,3279.93
18901.88,70.85,94,0.0,3279.93
18901.88,70.75,94,1.225,3279.93
18901.88,71.28,94,0.0,3279.93
18901.88,71.28,94,0.0,3279.93
18901.88,72.3,93,0.0,3279.93
18901.88,72.3,93,2.4375,3279.93
18901.88,72.17,93,0.0,3279.93
18901.88,71.79,93,0.0,3279.93
18901.88,71.79,93,1.2125,3279.93
18901.88,72.02,93,0.0,3279.93
18901.88,72.05,95,0.0,3279.93
18901.88,71.91,95,0.0,3279.93
18901.88,72.06,94,0.0,3279.93
18901.88,72.17,94,1.175,3279.93
18901.88,72.33,94,0.0,3279.93
18901.88,72.33,94,1.225,3279.93
18901.88,72.06,93,0.0,3279.93
18901.88,71.92,93,0.0,3279.93
18901.88,71.91,95,2.4,3279.93
18901.88,71.95,84,0.0,3279.93
18901.88,73.02,84,0.0,3279.93
18901.88,72.72,96,0.0,3279.93
18901.88,72.76,96,1.225,3279.93
18901.88,73.41,89,1.225,3279.93
18901.88,73.55,89,0.0,3279.93
18901.88,73.77,92,0.0,3279.93
18901.88,73.34,92,0.0,3279.93
18901.88,73.71,91,1.225,3279.93
18901.88,73.71,91,0.0,3279.93
18901.88,74.14,92,0.0,3279.93
18901.88,72.87,92,1.2125,3279.93
18901.88,72.93,94,0.0,3279.93
18901.88,72.86,94,0.0,3279.93
18901.88,72.86,93,1.2125,3279.93
18901.88,72.04,93,0.0,3279.93
18901.88,71.99,91,0.0,3279.93
18901.88,71.99,91,0.0,3279.93
18901.88,72.0,92,1.2125,3279.93
18901.88,72.02,92,0.0,3279.93
18901.88,71.77,93,0.0,3279.93
18901.88,71.6,93,0.0,3279.93
18901.88,71.69,93,0.0,3279.93
18901.88,71.55,93,1.225,3279.93
18901.88,71.55,93,0.0,3279.93
18901.88,71.54,93,0.0,3279.93
18901.88,71.89,93,0.0,3279.93
18901.88,72.03,93,1.225,3279.93
18901.88,71.91,94,0.0,3279.93
18901.88,71.94,94,0.0,3279.93
18901.88,71.78,93,0.0,3279.93
18901.88,71.5,93,0.0,3279.93
18901.88,71.67,93,1.225,3279.93
18901.88,71.94,93,0.0,3279.93
18901.88,71.56,93,0.0,3279.93
18901.88,71.92,93,0.0,3279.93
18901.88,71.91,93,1.2125,3279.93
18901.88,71.76,93,0.0,3279.93
18901.88,71.81,92,1.2125,3279.93
18901.88,71.89,92,1.2125,3279.93
18901.88,71.89,84,0.0,3279.93
18901.88,70.55,95,0.0,3279.93
18901.88,70.48,95,0.0,3279.93
18901.88,71.13,91,1.2,3279.93
18901.88,70.74,91,1.225,3279.93
18901.88,71.42,93,1.2,3279.93
18901.88,71.42,93,0.0,3279.93
18901.88,71.19,93,0.0,3279.93
18901.88,71.3,93,0.0,3279.93
18901.88,71.03,91,1.2125,3279.93
18901.88,71.14,91,0.0,3279.93
18901.88,71.81,93,0.0,3279.93
18901.88,71.9,93,1.2125,3279.93
18901.88,71.85,93,0.0,3279.93
18901.88,72.14,93,0.0,3279.93
18901.88,72.6,92,1.2125,3279.93
18901.88,72.6,92,0.0,3279.93
18901.88,72.56,92,0.0,3279.93
18901.88,72.55,92,1.2125,3279.93
18901.88,72.31,92,0.0,3279.93
18901.88,72.16,92,0.0,3279.93
18901.88,72.3,94,1.2125,3279.93
18901.88,72.6,94,0.0,3279.93
18901.88,72.74,92,0.0,3279.93
18901.88,72.8,92,1.2125,3279.93
18901.88,72.92,92,0.0,3279.93
18901.88,72.86,92,0.0,3279.93
18901.88,72.33,91,1.2125,3279.93
18901.88,72.33,91,0.0,3279.93
18901.88,72.23,94,0.0,3279.93
18901.88,72.22,94,0.0,3279.93
18901.88,72.33,93,1.2125,3279.93
18901.88,72.46,93,0.0,3279.93
18901.88,72.42,90,0.0,3279.93
18901.88,72.22,90,1.2,3279.93
18901.88,71.95,94,0.0,3279.93
18901.88,71.86,94,2.425,3279.93
18901.88,68.46,93,0.0,3279.93
18901.88,68.46,81,0.0,3279.93
18901.88,68.8,81,0.0,3279.93
18901.88,67.66,95,1.2125,3279.93
18901.88,68.15,95,0.0,3279.93
18901.88,68.33,91,1.2125,3279.93
18901.88,68.93,91,0.0,3279.93
18901.88,69.33,92,1.225,3279.93
18901.88,69.12,92,0.0,3279.93
18901.88,69.35,94,0.0,3279.93
18901.88,68.68,94,0.0,3279.93
18901.88,71.97,93,0.0,3279.93
18901.88,71.68,93,1.2125,3279.93
18901.88,71.45,89,0.0,3279.93
18901.88,71.58,89,0.0,3279.93
18901.88,71.77,91,1.2,3279.93
18901.88,71.84,91,0.0,3279.93
18901.88,71.58,92,0.0,3279.93
18901.88,71.42,92,1.2125,3279.93
18901.88,71.13,91,0.0,3279.93
18901.88,71.02,91,0.0,3279.93
18901.88,71.42,93,1.2125,3279.93
18901.88,71.07,93,0.0,3279.93
18901.88,71.14,92,0.0,3279.93
18901.88,72.68,92,0.0,3279.93
18901.88,72.27,93,1.2125,3279.93
18901.88,71.94,93,0.0,3279.93
18901.88,72.18,93,0.0,3279.93
18901.88,72.11,94,1.2125,3279.93
18901.88,71.83,94,0.0,3279.93
18901.88,71.65,93,0.0,3279.93
18901.88,71.68,93,0.0,3279.93
18901.88,71.8,91,1.2125,3279.93
18901.88,71.98,91,0.0,3279.93
18901.88,71.88,93,0.0,3279.93
18901.88,71.98,93,1.2125,3279.93
18901.88,72.09,93,0.0,3279.93
18901.88,71.57,93,1.2125,3279.93
18901.88,71.5,93,2.425,3279.93
18901.88,73.43,93,0.0,3279.93
18901.88,73.71,85,0.0,3279.93
18901.88,73.55,85,0.0,3279.93
18901.88,73.6,94,1.2125,3279.93
18901.88,74.39,94,0.0,3279.93
18901.88,74.15,93,0.0,3279.93
18901.88,74.06,93,1.2,3279.93
18901.88,74.36,93,0.0,3279.93
18901.88,74.01,93,1.2125,3279.93
18901.88,74.5,92,0.0,3279.93
18901.88,74.18,92,0.0,3279.93
18901.88,71.84,92,0.0,3279.93
18901.88,72.01,92,1.225,3279.93
18901.88,71.95,93,0.0,3279.93
18901.88,71.66,93,0.0,3279.93
18901.88,71.62,92,1.2125,3279.93
18901.88,71.56,92,0.0,3279.93
18901.88,71.52,92,0.0,3279.93
18901.88,71.57,92,1.2125,3279.93
18901.88,71.56,93,0.0,3279.93
18901.88,71.72,93,0.0,3279.93
18901.88,71.64,92,0.0,3279.93
18901.88,71.52,93,1.225,3279.93
18901.88,71.88,93,0.0,3279.93
18901.88,72.22,93,0.0,3279.93
18901.88,72.09,93,0.0,3279.93
18901.88,72.13,91,1.2125,3279.93
18901.88,72.14,91,0.0,3279.93
18901.88,72.24,92,1.2125,3279.93
18901.88,71.96,92,0.0,3279.93
18901.88,71.76,93,0.0,3279.93
18901.88,71.96,93,0.0,3279.93
18901.88,72.35,93,1.225,3279.93
18901.88,72.37,93,0.0,3279.93
18901.88,72.37,93,0.0,3279.93
18901.88,72.52,93,1.2125,3279.93
18901.88,72.59,92,0.0,3279.93
18901.88,72.62,92,0.0,3279.93
18901.88,72.77,93,2.425,3279.93
18901.88,73.02,93,0.0,3279.93
18901.88,73.31,85,0.0,3279.93
18901.88,72.63,85,1.2125,3279.93
18901.88,72.95,91,0.0,3279.93
18901.88,73.24,91,0.0,3279.93
18901.88,72.71,92,2.45,3279.93
18901.88,73.18,92,0.0,3279.93
18901.88,73.27,92,0.0,3279.93
18901.88,72.84,92,0.0,3279.93
18901.88,73.19,94,1.225,3279.93
18901.88,72.61,94,0.0,3279.93
18901.88,71.89,92,0.0,3279.93
18901.88,71.9,92,0.0,3279.93
18901.88,72.1,92,1.2125,3279.93
18901.88,72.15,92,0.0,3279.93
18901.88,72.14,93,0.0,3279.93
18901.88,72.36,93,1.2125,3279.93
18901.88,72.54,93,0.0,3279.93
18901.88,71.85,92,0.0,3279.93
18901.88,72.02,92,1.2125,3279.93
18901.88,71.78,93,0.0,3279.93
18901.88,71.77,93,0.0,3279.93
18901.88,71.84,93,0.0,3279.93
18901.88,72.06,93,1.2125,3279.93
18901.88,72.36,93,0.0,3279.93
18901.88,71.75,93,0.0,3279.93
18901.88,71.84,93,1.2125,3279.93
18901.88,71.6,93,0.0,3279.93
18901.88,71.75,93,0.0,3279.93
18901.88,71.72,93,1.2125,3279.93
18901.88,71.77,91,0.0,3279.93
18901.88,72.03,91,0.0,3279.93
18901.88,72.42,93,1.2125,3279.93
18901.88,72.18,93,0.0,3279.93
18901.88,72.36,93,0.0,3279.93
18901.88,72.28,93,0.0,3279.93
18901.88,72.25,93,1.2125,3279.93
18901.88,72.16,93,1.2125,3279.93
18901.88,68.72,79,1.2125,3279.93
18901.88,68.92,79,1.225,3279.93
18901.88,68.13,97,0.0,3279.93
18901.88,67.73,93,0.0,3279.93
18901.88,67.93,93,1.2125,3279.93
18901.88,68.22,93,0.0,3279.93
18901.88,68.47,93,0.0,3279.93
18901.88,67.98,93,1.2125,3279.93
18901.88,68.36,93,0.0,3279.93
18901.88,68.16,93,0.0,3279.93
18901.88,71.31,93,1.2125,3279.93
18901.88,71.29,93,0.0,3279.93
18901.88,71.56,92,0.0,3279.93
18901.88,71.85,92,0.0,3279.93
18901.88,71.72,93,1.2125,3279.93
18901.88,71.86,93,0.0,3279.93
18901.88,72.07,93,0.0,3279.93
18901.88,71.38,93,1.2125,3279.93
18901.88,71.45,93,0.0,3279.93
18901.88,71.4,93,0.0,3279.93
18901.88,71.69,90,1.2125,3279.93
18901.88,71.56,93,0.0,3279.93
18901.88,71.81,93,1.2125,3279.93
18901.88,71.94,93,0.0,3279.93
18901.88,72.0,93,0.0,3279.93
18901.88,71.94,94,0.0,3279.93
18901.88,71.8,94,1.1875,3279.93
18901.88,71.28,90,0.0,3279.93
18901.88,71.92,90,1.2125,3279.93
18901.88,71.59,91,1.2125,3279.93
18901.88,71.37,91,0.0,3279.93
18901.88,71.45,94,0.0,3279.93
18901.88,71.47,94,0.0,3279.93
18901.88,71.47,93,1.175,3279.93
18901.88,71.76,86,1.2375,3279.93
18901.88,69.95,86,1.2375,3279.93
18901.88,70.32,89,0.0,3279.93
18901.88,70.32,89,0.0,3279.93
18901.88,70.32,89,1.2375,3279.93
18901.88,70.33,94,0.0,3279.93
18901.88,70.93,94,0.0,3279.93
18901.88,70.93,93,1.25,3279.93
18901.88,70.99,93,0.0,3279.93
18901.88,70.93,92,0.0,3279.93
18901.88,70.65,92,0.0,3279.93
18901.88,70.87,93,1.2375,3279.93
18901.88,72.34,93,0.0,3279.93
18901.88,72.11,93,0.0,3279.93
18901.88,71.87,93,1.2375,3279.93
18901.88,71.31,91,0.0,3279.93
18901.88,71.28,91,0.0,3279.93
18901.88,71.72,94,1.2375,3279.93
18901.88,71.21,94,0.0,3279.93
18901.88,71.06,93,0.0,3279.93
18901.88,71.6,93,0.0,3279.93
18901.88,71.31,93,1.25,3279.93
18901.88,71.27,93,0.0,3279.93
18901.88,71.72,92,1.2375,3279.93
18901.88,71.93,91,0.0,3279.93
18901.88,71.53,91,1.25,3279.93
18901.88,72.0,93,0.0,3279.93
18901.88,72.2,93,0.0,3279.93
18901.88,71.8,93,0.0,3280.18
18901.88,71.98,93,1.25,3280.18
18901.88,70.61,90,2.4875,3280.18
18901.88,70.94,90,0.0,3280.18
18901.88,70.94,90,0.0,3280.18
18901.88,70.02,90,0.0,3280.18
18901.88,70.13,90,1.25,3280.18
18901.88,70.7,92,0.0,3280.18
18901.88,70.7,92,0.0,3280.18
18901.88,71.17,94,1.25,3280.18
18901.88,70.63,94,0.0,3280.18
18901.88,71.16,93,0.0,3280.18
18901.88,71.07,93,1.2375,3280.18
18901.88,70.88,93,0.0,3280.18
18901.88,72.22,93,0.0,3280.18
18901.88,72.36,90,0.0,3280.18
18901.88,73.08,90,1.25,3280.18
18901.88,73.24,94,0.0,3280.18
18901.88,73.22,94,0.0,3280.18
18901.88,73.11,91,0.0,3280.18
18901.88,72.94,92,1.2375,3280.18
18901.88,72.46,92,0.0,3280.18
18901.88,72.18,92,0.0,3280.18
18901.88,72.22,92,0.0,3280.18
18901.88,71.91,93,1.2125,3280.18
18901.88,72.0,93,0.0,3280.18
18901.88,72.06,93,1.2125,3280.18
18901.88,72.16,93,0.0,3280.18
18901.88,71.55,93,0.0,3280.18
18901.88,71.46,93,0.0,3280.18
18901.88,71.34,94,1.2125,3280.18
18901.88,71.82,94,0.0,3280.18
18901.88,71.82,92,0.0,3280.18
18901.88,71.57,92,1.2125,3280.18
18901.88,71.87,93,1.2125,3280.18
18901.88,72.27,93,0.0,3280.18
18901.88,71.79,93,1.2125,3280.18
18901.88,71.83,93,0.0,3280.18
18901.88,71.72,94,0.0,3280.18
18901.88,71.83,94,0.0,3280.18
18901.88,72.07,93,1.2125,3280.18
18901.88,71.79,93,1.2125,3280.18
18901.88,73.02,80,1.2125,3280.18
18901.88,72.76,80,0.0,3280.18
18901.88,72.09,97,0.0,3280.18
18901.88,72.58,97,0.0,3280.18
18901.88,72.21,92,1.2125,3280.18
18901.88,72.68,92,0.0,3280.18
18901.88,73.07,93,1.2125,3280.18
18901.88,72.83,93,0.0,3280.18
18901.88,73.24,94,0.0,3280.18
18901.88,72.58,91,0.0,3280.18
18901.88,72.86,91,1.2125,3280.18
18901.88,72.0,91,0.0,3280.18
18901.88,71.52,91,1.2,3280.18
18901.88,72.27,93,0.0,3280.18
18901.88,72.2,93,0.0,3280.18
18901.88,72.22,92,1.2125,3280.18
18901.88,72.17,92,1.2125,3280.18
18901.88,71.94,91,0.0,3280.18
18901.88,71.92,91,0.0,3280.18
18901.88,72.05,92,1.225,3280.18
18901.88,71.75,92,0.0,3280.18
18901.88,71.72,93,0.0,3280.18
18901.88,72.42,93,0.0,3280.18
18901.88,72.32,91,0.0,3280.18
18901.88,72.4,91,1.2125,3280.18
18901.88,72.15,92,0.0,3280.18
18901.88,71.95,92,0.0,3280.18
18901.88,71.69,93,1.2,3280.18
18901.88,71.48,93,0.0,3280.18
18901.88,71.24,92,0.0,3280.18
18901.88,71.61,92,1.2125,3280.18
18901.88,71.75,93,1.2125,3280.18
18901.88,71.97,93,0.0,3280.18
18901.88,71.82,92,0.0,3280.18
18901.88,71.91,92,0.0,3280.18
18901.88,71.87,94,1.225,3280.18
18901.88,71.99,94,0.0,3280.18
18901.88,72.14,93,0.0,3280.18
18901.88,72.36,93,1.2125,3280.18
18901.88,74.42,79,1.2125,3280.18
18901.88,74.26,79,0.0,3280.18
18901.88,73.84,97,0.0,3280.18
18901.88,74.25,92,1.2125,3280.18
18901.88,73.27,92,0.0,3280.18
18901.88,73.79,93,0.0,3280.18
18901.88,74.07,93,1.2125,3280.18
18901.88,73.87,94,0.0,3280.18
18901.88,74.36,94,0.0,3280.18
18901.88,73.52,92,1.2125,3280.18
18901.88,71.85,92,0.0,3280.18
18901.88,71.61,93,1.2125,3280.18
18901.88,72.0,93,0.0,3280.18
18901.88,72.02,93,0.0,3280.18
18901.88,72.86,93,0.0,3280.18
18901.88,72.98,94,1.2125,3280.18
18901.88,72.47,94,0.0,3280.18
18901.88,72.26,93,0.0,3280.18
18901.88,72.17,93,1.2125,3280.18
18901.88,72.37,93,0.0,3280.18
18901.88,72.41,93,0.0,3280.18
18901.88,71.91,93,1.2125,3280.18
18901.88,72.31,93,0.0,3280.18
18901.88,72.49,93,0.0,3280.18
18901.88,72.23,93,1.2125,3280.18
18901.88,72.52,93,0.0,3280.18
18901.88,71.87,94,0.0,3280.18
18901.88,71.96,92,1.2125,3280.18
18901.88,72.22,92,0.0,3280.18
18901.88,71.75,93,0.0,3280.18
18901.88,71.74,93,1.2125,3280.18
18901.88,71.8,92,0.0,3280.18
18901.88,72.19,94,1.2125,3280.18
18901.88,72.5,94,0.0,3280.18
18901.88,72.01,92,1.2125,3280.18
18901.88,72.06,92,0.0,3280.18
18901.88,71.96,91,0.0,3280.18
18901.88,69.42,91,1.225,3280.18
18901.88,68.89,85,0.0,3280.18
18901.88,68.44,85,1.2125,3280.18
18901.88,68.83,95,0.0,3280.18
18901.88,68.92,95,0.0,3280.18
18901.88,69.38,95,0.0,3280.18
18901.88,69.38,94,1.225,3280.18
18901.88,68.98,94,0.0,3280.18
18901.88,69.52,93,0.0,3280.18
18901.88,69.0,93,1.2125,3280.18
18901.88,69.3,89,0.0,3280.18
18901.88,72.0,89,0.0,3280.18
18901.88,72.0,92,0.0,3280.18
18901.88,71.95,92,1.225,3280.18
18901.88,72.5,92,0.0,3280.18
18901.88,72.43,92,0.0,3280.18
18901.88,71.38,92,0.0,3280.18
18901.88,71.78,92,2.4375,3280.18
18901.88,71.47,92,0.0,3280.18
18901.88,71.67,92,0.0,3280.18
18901.88,71.43,94,1.2125,3280.18
18901.88,71.19,94,0.0,3280.18
18901.88,71.21,92,0.0,3280.18
18901.88,71.21,92,0.0,3280.18
18901.88,71.38,92,1.225,3280.18
18901.88,71.54,93,0.0,3280.18
18901.88,71.54,93,0.0,3280.18
18901.88,71.74,91,0.0,3280.18
18901.88,71.72,91,1.2125,3280.18
18901.88,71.79,93,0.0,3280.18
18901.88,71.51,93,0.0,3280.18
18901.88,72.21,91,1.2125,3280.18
18901.88,72.15,91,0.0,3280.18
18901.88,72.3,92,0.0,3280.18
18901.88,72.69,92,0.0,3280.18
18901.88,72.8,93,1.2,3280.18
18901.88,72.71,93,0.0,3280.18
18901.88,72.76,93,0.0,3280.18
18901.88,72.52,93,1.2125,3280.18
18901.88,72.35,92,1.2125,3280.18
18901.88,72.07,92,0.0,3280.18
18901.88,72.07,84,2.425,3280.18
18901.88,71.17,84,0.0,3280.18
18901.88,71.66,95,0.0,3280.18
18901.88,71.23,95,0.0,3280.18
18901.88,71.47,91,1.225,3280.18
18901.88,71.75,93,0.0,3280.18
18901.88,71.51,93,0.0,3280.18
18901.88,72.1,93,0.0,3280.18
18901.88,71.45,93,0.0,3280.18
18901.88,71.32,93,1.225,3280.18
18901.88,71.47,93,0.0,3280.18
18901.88,70.97,92,0.0,3280.18
18901.88,71.58,92,1.225,3280.18
18901.88,71.71,93,0.0,3280.18
18901.88,72.05,93,0.0,3280.18
18901.88,71.47,93,0.0,3280.18
18901.88,71.36,93,0.0,3280.18
18901.88,71.26,93,0.0,3280.18
18901.88,71.87,93,1.2125,3280.18
18901.88,71.93,93,0.0,3280.18
18901.88,71.42,93,0.0,3280.18
18901.88,72.06,93,2.425,3280.18
18901.88,72.31,93,0.0,3280.18
18901.88,71.74,91,0.0,3280.18
18901.88,71.76,91,0.0,3280.18
18901.88,71.8,93,1.225,3280.18
18901.88,72.05,93,0.0,3280.18
18901.88,72.28,92,0.0,3280.18
18901.88,72.09,92,1.2125,3280.18
18901.88,72.06,93,0.0,3280.18
18901.88,72.18,93,0.0,3280.18
18901.88,72.27,93,0.0,3280.18
18901.88,72.35,93,1.2125,3280.18
18901.88,72.49,93,0.0,3280.18
18901.88,72.48,93,0.0,3280.18
18901.88,72.66,93,0.0,3280.18
18901.88,72.1,93,2.425,3280.18
18901.88,72.11,93,0.0,3280.18
18901.88,72.44,93,1.2,3280.18
18901.88,72.41,87,0.0,3280.18
18901.88,72.34,93,0.0,3280.18
18901.88,72.33,93,0.0,3280.18
18901.88,73.11,94,0.0,3280.18
18901.88,73.08,94,1.225,3280.18
18901.88,73.22,95,0.0,3280.18
18901.88,72.91,95,0.0,3280.18
18901.88,73.04,94,0.0,3280.18
18901.88,73.05,94,0.0,3280.18
18901.88,72.5,95,1.225,3280.18
18901.88,72.27,95,0.0,3280.18
18901.88,72.53,96,0.0,3280.18
18901.88,72.3,96,0.0,3280.18
18901.88,72.19,95,0.0,3280.18
18901.88,72.19,95,0.0,3280.18
18901.88,72.22,95,0.0,3280.18
18901.88,72.12,95,1.225,3280.18
18901.88,72.11,93,0.0,3280.18
18901.88,72.24,93,0.0,3280.18
18901.88,72.11,95,0.0,3280.18
18901.88,72.25,95,1.225,3280.18
18901.88,71.98,93,0.0,3280.18
18901.88,71.85,93,1.225,3280.18
18901.88,72.25,93,0.0,3280.18
18901.88,71.88,93,0.0,3280.18
18901.88,72.07,93,0.0,3280.18
18901.88,71.4,93,1.225,3280.18
18901.88,71.56,92,0.0,3280.18
18901.88,71.72,92,0.0,3280.18
18901.88,71.19,93,0.0,3280.18
18901.88,71.39,93,1.225,3280.18
18901.88,71.42,86,0.0,3280.18
18901.88,71.98,86,0.0,3280.18
18901.88,71.6,96,1.225,3280.18
18901.88,71.6,96,0.0,3280.18
18901.88,71.44,93,1.2125,3280.18
18901.88,71.41,93,0.0,3280.18
18901.88,72.12,93,1.2125,3280.18
18901.88,71.77,93,0.0,3280.18
18901.88,71.48,93,0.0,3280.18
18901.88,72.27,93,0.0,3280.18
18901.88,72.1,93,1.2,3280.18
18901.88,72.0,93,0.0,3280.18
18901.88,71.49,93,0.0,3280.18
18901.88,71.97,92,1.2125,3280.18
18901.88,71.88,92,0.0,3280.18
18901.88,72.02,93,0.0,3280.18
18901.88,71.74,93,0.0,3280.18
18901.88,71.91,92,1.225,3280.18
18901.88,72.38,92,0.0,3280.18
18901.88,71.58,93,0.0,3280.18
18901.88,71.62,93,1.225,3280.18
18901.88,71.67,94,0.0,3280.18
18901.88,71.87,94,0.0,3280.18
18901.88,71.99,92,0.0,3280.18
18901.88,71.78,92,1.225,3280.18
18901.88,72.0,93,0.0,3280.18
18901.88,72.15,93,1.225,3280.18
18901.88,71.64,93,0.0,3280.18
18901.88,71.93,93,0.0,3280.18
18901.88,71.52,93,1.2125,3280.18
18901.88,72.05,93,0.0,3280.18
18901.88,72.28,94,0.0,3280.18
18901.88,71.83,94,0.0,3280.18
18901.88,72.18,93,1.225,3280.18
18901.88,72.34,93,0.0,3280.18
18901.88,72.28,93,0.0,3280.18
18901.88,72.48,93,0.0,3280.18
18901.88,71.99,93,2.4125,3280.18
18901.88,73.69,93,0.0,3280.18
18901.88,73.55,85,0.0,3280.18
18901.88,72.98,85,1.2125,3280.18
18901.88,73.24,94,0.0,3280.18
18901.88,73.01,94,0.0,3280.18
18901.88,73.89,93,1.2125,3280.18
18901.88,73.62,93,0.0,3280.18
18901.88,73.33,93,0.0,3280.18
18901.88,73.66,93,0.0,3280.18
18901.88,72.78,90,1.225,3280.18
18901.88,72.89,90,0.0,3280.18
18901.88,71.5,93,0.0,3280.18
18901.88,70.59,92,1.2125,3280.18
18901.88,71.23,92,0.0,3280.18
18901.88,71.22,93,0.0,3280.18
18901.88,71.06,93,1.2125,3280.18
18901.88,71.11,93,0.0,3280.18
18901.88,71.11,93,0.0,3280.18
18901.88,71.0,94,1.2125,3280.18
18901.88,71.04,94,0.0,3280.18
18901.88,71.0,93,0.0,3280.18
18901.88,70.91,93,1.25,3280.18
18901.88,71.75,92,0.0,3280.18
18901.88,72.06,92,1.2375,3280.18
18901.88,71.55,93,0.0,3280.18
18901.88,71.65,93,0.0,3280.18
18901.88,71.84,93,0.0,3280.18
18901.88,71.31,93,1.25,3280.18
18901.88,71.4,92,0.0,3280.18
18901.88,71.34,92,0.0,3280.18
18901.88,71.29,93,0.0,3280.18
18901.88,71.36,93,1.2375,3280.18
18901.88,71.53,93,0.0,3280.18
18901.88,71.48,93,0.0,3280.18
18901.88,71.22,89,1.2375,3280.18
18901.88,71.81,89,0.0,3280.18
18901.88,71.72,93,0.0,3280.18
18901.88,71.4,93,0.0,3280.18
18901.88,72.07,93,2.4875,3280.18
18901.88,73.58,93,0.0,3280.18
18901.88,73.39,86,1.2375,3280.18
18901.88,73.12,86,0.0,3280.18
18901.88,73.67,92,0.0,3280.18
18901.88,73.32,92,1.25,3280.18
18901.88,73.66,92,0.0,3280.18
18901.88,73.98,92,0.0,3280.18
18901.88,73.67,92,1.25,3280.18
18901.88,74.22,92,0.0,3280.18
18901.88,74.45,91,0.0,3280.18
18901.88,74.17,91,0.0,3280.18
18901.88,72.66,92,1.25,3280.18
18901.88,72.66,92,0.0,3280.18
18901.88,73.32,92,0.0,3280.18
18901.88,73.33,93,1.25,3280.18
18901.88,73.6,93,1.2375,3280.18
18901.88,73.51,90,0.0,3280.18
18901.88,73.44,90,0.0,3280.18
18901.88,73.06,94,1.2375,3280.18
18901.88,72.84,94,0.0,3280.18
18901.88,72.67,91,0.0,3280.18
18901.88,72.07,91,1.2375,3280.18
18901.88,71.81,92,0.0,3280.18
18901.88,72.03,92,0.0,3280.18
18901.88,71.72,92,0.0,3280.18
18901.88,71.42,92,1.25,3280.18
18901.88,71.74,93,0.0,3280.18
18901.88,71.64,92,0.0,3280.18
18901.88,71.56,92,1.2125,3280.18
18901.88,71.5,92,0.0,3280.18
18901.88,71.29,93,0.0,3280.18
18901.88,71.21,93,0.0,3280.18
18901.88,71.37,93,1.25,3280.18
18901.88,71.56,93,0.0,3280.18
18901.88,71.76,93,0.0,3280.18
18901.88,71.67,92,1.25,3280.18
18901.88,72.03,92,0.0,3280.18
18901.88,71.97,91,0.0,3280.18
18901.88,71.81,91,1.2375,3280.18
18901.88,71.86,93,1.2375,3280.18
18901.88,73.03,93,0.0,3280.18
18901.88,73.03,84,0.0,3280.18
18901.88,73.13,84,0.0,3280.18
18901.88,73.62,94,1.2375,3280.18
18901.88,73.62,94,0.0,3280.18
18901.88,73.49,92,0.0,3280.18
18901.88,74.24,92,1.2375,3280.18
18901.88,73.64,93,0.0,3280.18
18901.88,73.26,93,0.0,3280.18
18901.88,73.48,92,1.2375,3280.18
18901.88,72.86,92,0.0,3280.18
18901.88,72.01,93,0.0,3280.18
18901.88,72.03,93,1.2375,3280.18
18901.88,72.0,91,0.0,3280.18
18901.88,71.95,91,0.0,3280.18
18901.88,72.36,94,0.0,3280.18
18901.88,72.16,94,1.2375,3280.18
18901.88,71.88,93,1.2375,3280.18
18901.88,72.47,93,0.0,3280.18
18901.88,72.8,87,0.0,3280.18
18901.88,72.84,87,1.2375,3280.18
18901.88,73.17,93,1.2375,3280.18
18901.88,73.32,93,0.0,3280.18
18901.88,73.3,93,0.0,3280.18
18901.88,73.38,93,1.2375,3280.18
18901.88,73.64,92,0.0,3280.18
18901.88,73.64,92,0.0,3280.18
18901.88,73.43,92,0.0,3280.18
18901.88,73.52,92,1.25,3280.18
18901.88,73.31,92,0.0,3280.18
18901.88,73.36,92,0.0,3280.18
18901.88,73.11,90,0.0,3280.18
18901.88,73.11,90,2.125,3280.18
18901.88,73.16,91,1.225,3280.18
18901.88,73.92,91,0.0,3280.18
18901.88,73.86,85,1.225,3280.18
18901.88,73.54,94,0.0,3280.18
18901.88,73.45,94,0.0,3280.18
18901.88,73.27,93,0.0,3280.18
18901.88,73.14,93,1.2125,3280.18
18901.88,69.24,77,2.4375,3280.18
18901.88,69.24,77,0.0,3280.18
18901.88,68.8,93,1.2125,3280.18
18901.88,68.62,93,0.0,3280.18
18901.88,68.38,92,0.0,3280.18
18901.88,68.25,92,0.0,3280.18
18901.88,68.43,91,1.225,3280.18
18901.88,68.58,91,1.2125,3280.18
18901.88,68.36,91,0.0,3280.18
18901.88,68.2,91,0.0,3280.18
18901.88,68.11,93,1.2125,3280.18
18901.88,71.15,93,0.0,3280.18
18901.88,70.58,93,0.0,3280.18
18901.88,71.49,93,1.2125,3280.18
18901.88,71.31,91,0.0,3280.18
18901.88,70.86,91,0.0,3280.18
18901.88,71.36,93,0.0,3280.18
18901.88,70.97,93,1.2125,3280.18
18901.88,70.72,90,0.0,3280.18
18901.88,71.54,90,0.0,3280.18
18901.88,71.35,92,1.15,3280.18
18901.88,71.04,92,3.65,3280.18
18901.88,72.33,73,0.0,3280.18
18901.88,72.55,73,0.0,3280.18
18901.88,72.13,98,1.2125,3280.18
18901.88,71.87,98,0.0,3280.18
18901.88,72.0,92,0.0,3280.18
18901.88,72.18,92,0.0,3280.18
18901.88,72.19,90,1.1875,3280.18
18901.88,72.23,90,0.0,3280.18
18901.88,72.38,92,0.0,3280.18
18901.88,72.3,92,1.225,3280.18
18901.88,72.39,93,0.0,3280.18
18901.88,71.3,93,0.0,3280.18
18901.88,72.01,93,0.0,3280.18
18901.88,72.23,93,1.225,3280.18
18901.88,72.16,93,0.0,3280.18
18901.88,71.99,93,0.0,3280.18
18901.88,72.11,93,0.0,3280.18
18901.88,72.17,93,1.2125,3280.18
18901.88,71.97,91,0.0,3280.18
18901.88,72.36,91,1.1375,3280.18
18901.88,72.39,92,1.225,3280.18
18901.88,72.51,87,0.0,3280.18
18901.88,72.95,87,0.0,3280.18
18901.88,72.84,92,1.2125,3280.18
18901.88,73.5,92,0.0,3280.18
18901.88,73.86,89,0.0,3280.18
18901.88,73.61,89,0.0,3280.18
18901.88,73.94,93,1.225,3280.18
18901.88,73.32,93,0.0,3280.18
18901.88,72.93,93,1.225,3280.18
18901.88,73.04,93,0.0,3280.18
18901.88,72.93,93,0.0,3280.18
18901.88,73.09,93,1.2125,3280.18
18901.88,72.7,93,0.0,3280.18
18901.88,72.58,93,1.125,3280.18
18901.88,72.64,92,1.1875,3280.18
18901.88,72.56,83,0.0,3280.18
18901.88,72.81,83,0.0,3280.18
18901.88,72.52,69,3.65,3280.18
18901.88,69.33,69,0.0,3280.18
18901.88,69.67,96,0.0,3280.18
18901.88,68.77,96,1.2125,3280.18
18901.88,68.93,93,0.0,3280.18
18901.88,69.11,93,0.0,3280.18
18901.88,69.18,92,1.225,3280.18
18901.88,69.17,92,0.0,3280.18
18901.88,68.56,93,0.0,3280.18
18901.88,68.24,93,0.0,3280.18
18901.88,68.04,93,1.225,3280.18
18901.88,71.44,93,1.225,3280.18
18901.88,71.25,94,2.1125,3280.18
18901.88,72.83,94,2.425,3280.18
18901.88,74.51,67,0.0,3280.18
18901.88,74.2,67,0.0,3280.18
18901.88,73.78,96,1.225,3280.18
18901.88,73.76,96,0.0,3280.18
18901.88,73.72,94,0.0,3280.18
18901.88,73.84,94,0.0,3280.18
18901.88,74.26,93,0.0,3280.18
18901.88,74.51,93,0.0,3280.18
18901.88,74.75,93,1.225,3280.18
18901.88,74.92,93,0.0,3280.18
18901.88,73.72,93,1.225,3280.18
18901.88,71.81,93,0.0,3280.18
18901.88,71.72,93,1.225,3280.18
18901.88,72.39,93,0.0,3280.18
18901.88,72.68,94,0.0,3280.18
18901.88,72.12,94,1.225,3280.18
18901.88,73.06,79,2.125,3280.18
18901.88,72.64,79,0.0,3280.18
18901.88,72.82,100,1.225,3280.18
18901.88,71.92,91,0.0,3280.18
18901.88,71.62,91,0.0,3280.18
18901.88,72.16,94,0.0,3280.18
18901.88,72.65,94,1.2125,3280.18
18901.88,73.03,90,0.0,3280.18
18901.88,72.73,90,0.0,3280.18
18901.88,72.87,93,0.0,3280.18
18901.88,72.03,93,1.2125,3280.18
18901.88,72.03,93,0.0,3280.18
18901.88,71.96,93,0.0,3280.18
18901.88,72.61,92,0.0,3280.18
18901.88,73.0,92,1.2125,3280.18
18901.88,73.26,92,0.0,3280.18
18901.88,72.58,92,0.0,3280.18
18901.88,72.26,92,0.0,3280.18
18901.88,72.33,92,1.225,3280.18
18901.88,72.64,90,0.0,3280.18
18901.88,71.07,90,2.1875,3280.18
18901.88,70.87,85,0.0,3280.18
18901.88,70.86,85,1.2375,3280.18
18901.88,71.06,92,0.0,3280.18
18901.88,71.42,92,0.0,3280.18
18901.88,70.93,91,3.7375,3280.18
18901.88,67.97,91,0.0,3280.18
18901.88,68.34,82,0.0,3280.18
18901.88,68.37,82,0.0,3280.18
18901.88,67.8,94,1.25,3280.18
18901.88,67.56,94,0.0,3280.18
18901.88,69.58,93,0.0,3280.18
18901.88,69.64,93,0.0,3280.18
18901.88,70.0,93,0.0,3280.18
18901.88,69.25,93,1.2375,3280.18
18901.88,68.97,93,0.0,3280.18
18901.88,69.6,93,0.0,3280.18
18901.88,71.91,93,0.0,3280.18
18901.88,71.67,93,1.2375,3280.18
18901.88,71.79,93,0.0,3280.18
18901.88,72.21,93,0.0,3280.18
18901.88,72.45,92,0.0,3280.18
18901.88,72.06,92,1.2375,3280.18
18901.88,72.11,93,0.0,3280.18
18901.88,71.94,92,0.0,3280.18
18901.88,72.09,92,3.725,3280.18
18901.88,68.62,92,0.0,3280.18
18901.88,68.45,74,1.25,3280.18
18901.88,67.77,95,0.0,3280.18
18901.88,68.01,95,0.0,3280.18
18901.88,68.22,93,1.25,3280.18
18901.88,68.26,93,0.0,3280.18
18901.88,68.27,93,0.0,3280.18
18901.88,68.01,93,1.25,3280.18
18901.88,68.35,92,0.0,3280.18
18901.88,67.96,92,0.0,3280.18
18901.88,71.37,93,0.0,3280.18
18901.88,71.34,93,1.2375,3280.18
18901.88,74.62,75,2.4875,3280.18
18901.88,74.66,75,0.0,3280.18
18901.88,73.79,93,0.0,3280.18
18901.88,74.05,93,1.25,3280.18
18901.88,74.01,93,4.15,3280.18
18901.88,74.96,93,0.0,3280.18
18901.88,74.46,88,1.2125,3280.18
18901.88,74.58,88,0.0,3280.18
18901.88,75.45,92,0.0,3280.18
18901.88,75.44,92,0.0,3280.18
18901.88,75.67,93,1.225,3280.18
18901.88,72.82,93,0.0,3280.18
18901.88,72.59,93,0.0,3280.18
18901.88,73.35,93,1.2125,3280.18
18901.88,72.81,93,0.0,3280.18
18901.88,72.74,93,0.0,3280.18
18901.88,72.33,93,1.2125,3280.18
18901.88,72.5,93,0.0,3280.18
18901.88,72.48,94,0.0,3280.18
18901.88,71.85,94,0.0,3280.18
18901.88,71.67,91,1.2125,3280.18
18901.88,71.46,91,0.0,3280.18
18901.88,71.6,93,2.4375,3280.18
18901.88,69.13,93,1.2125,3280.18
18901.88,69.36,73,0.0,3280.18
18901.88,68.68,73,2.1625,3280.18
18901.88,68.42,90,0.0,3280.18
18901.88,68.73,90,0.0,3280.18
18901.88,68.63,92,0.0,3280.18
18901.88,68.65,92,1.225,3280.18
18901.88,69.33,94,0.0,3280.18
18901.88,69.36,94,0.0,3280.18
18901.88,69.41,93,0.0,3280.18
18901.88,69.3,93,1.225,3280.18
18901.88,71.81,93,0.0,3280.18
18901.88,71.22,93,0.0,3280.18
18901.88,71.68,93,0.0,3280.18
18901.88,71.76,92,1.1625,3280.18
18901.88,71.53,92,1.1375,3280.18
18901.88,69.96,81,1.2375,3280.18
18901.88,69.04,81,0.0,3280.18
18901.88,69.7,94,0.0,3280.18
18901.88,69.62,94,0.0,3280.18
18901.88,70.35,95,0.0,3280.18
18901.88,69.69,95,2.3375,3280.18
18901.88,69.86,90,0.0,3280.18
18901.88,70.58,90,0.0,3280.18
18901.88,70.07,93,0.0,3280.18
18901.88,69.94,93,1.225,3280.18
18901.88,71.46,93,1.2125,3280.18
18901.88,71.18,93,0.0,3280.18
18901.88,71.99,94,0.0,3280.18
18901.88,71.39,94,1.2125,3280.18
18901.88,71.25,93,0.0,3280.18
18901.88,71.21,93,0.0,3280.18
18901.88,72.12,93,0.0,3280.18
18901.88,72.33,93,1.2125,3280.18
18901.88,71.76,93,0.0,3280.18
18901.88,72.23,93,0.0,3280.18
18901.88,72.11,93,1.2125,3280.18
18901.88,72.24,93,0.0,3280.18
18901.88,72.45,92,2.4375,3280.18
18901.88,72.55,92,0.0,3280.18
18901.88,73.53,78,0.0,3280.18
18901.88,73.6,78,0.0,3280.18
18901.88,73.42,96,1.225,3280.18
18901.88,73.58,96,0.0,3280.18
18901.88,73.53,92,0.0,3280.18
18901.88,74.17,92,0.0,3280.18
18901.88,73.89,93,1.2375,3280.18
18901.88,73.78,93,0.0,3280.18
18901.88,73.93,93,0.0,3280.18
18901.88,73.56,93,0.0,3280.18
18901.88,73.6,93,2.425,3280.18
18901.88,72.29,87,1.2125,3280.18
18901.88,72.22,87,0.0,3280.18
18901.88,72.24,81,2.4875,3280.18
18901.88,68.97,81,0.0,3280.18
18901.88,68.94,91,0.0,3280.18
18901.88,68.04,91,1.25,3280.18
18901.88,67.95,93,0.0,3280.18
18901.88,68.39,93,0.0,3280.18
18901.88,68.58,91,0.0,3280.18
18901.88,68.42,91,1.2375,3280.18
18901.88,68.67,93,0.0,3280.18
18901.88,68.59,93,0.0,3280.18
18901.88,68.65,94,1.2375,3280.18
18901.88,71.36,94,0.0,3280.18
18901.88,70.97,91,0.0,3280.18
18901.88,71.72,91,1.2125,3280.18
18901.88,72.11,91,0.0,3280.18
18901.88,72.04,90,0.0,3280.18
18901.88,72.11,92,3.725,3280.18
18901.88,73.97,92,1.2375,3280.18
18901.88,73.99,73,1.2375,3280.18
18901.88,74.28,73,0.0,3280.18
18901.88,74.13,92,1.2375,3280.18
18901.88,74.13,92,0.0,3280.18
18901.88,74.13,92,0.0,3280.18
18901.88,74.78,94,1.25,3280.18
18901.88,75.07,94,0.0,3280.18
18901.88,75.25,93,0.0,3280.18
18901.88,74.93,93,1.2375,3280.18
18901.88,74.5,93,0.0,3280.18
18901.88,71.95,91,0.0,3280.18
18901.88,71.51,91,0.0,3280.18
18901.88,71.74,94,1.25,3280.18
18901.88,72.13,94,0.0,3280.18
18901.88,72.47,94,0.0,3280.18
18901.88,71.96,94,1.2375,3280.18
18901.88,71.93,90,0.0,3280.18
18901.88,72.01,90,0.0,3280.18
18901.88,72.39,90,1.2125,3280.18
18901.88,72.42,90,0.0,3280.18
18901.88,72.35,93,0.0,3280.18
18901.88,72.25,93,1.2125,3280.18
18901.88,72.56,92,0.0,3280.18
18901.88,72.61,92,2.15,3280.18
18901.88,71.47,89,0.0,3280.18
18901.88,71.3,89,0.0,3280.18
18901.88,71.87,93,1.2125,3280.18
18901.88,71.58,93,0.0,3280.18
18901.88,71.11,91,0.0,3280.18
18901.88,70.94,91,1.2125,3280.18
18901.88,70.78,93,0.0,3280.18
18901.88,71.35,93,0.0,3280.18
18901.88,71.35,93,0.0,3280.18
18901.88,71.23,93,0.0,3280.18
18901.88,71.33,94,1.25,3280.18
18901.88,72.21,94,0.0,3280.18
18901.88,71.98,93,0.0,3280.18
18901.88,71.76,93,4.9625,3280.18
18901.88,70.11,88,0.0,3280.18
18901.88,70.88,88,0.0,3280.18
18901.88,71.16,81,0.0,3280.18
18901.88,70.92,81,1.25,3280.18
18901.88,70.86,94,0.0,3280.18
18901.88,71.02,94,1.25,3280.18
18901.88,71.4,93,1.1625,3280.18
18901.88,70.71,93,1.225,3280.18
18901.88,71.24,92,0.0,3280.18
18901.88,71.36,92,0.0,3280.18
18901.88,70.94,93,1.25,3280.18
18901.88,73.01,93,0.0,3280.18
18901.88,71.64,93,0.0,3280.18
18901.88,71.54,93,0.0,3280.18
18901.88,72.36,94,1.25,3280.18
18901.88,71.97,94,2.275,3280.18
18901.88,71.72,91,0.0,3280.18
18901.88,72.14,91,1.2375,3280.18
18901.88,72.63,79,0.0,3280.18
18901.88,71.99,93,0.0,3280.18
18901.88,72.03,93,1.25,3280.18
18901.88,72.32,93,1.175,3280.18
18901.88,72.69,93,0.0,3280.18
18901.88,73.11,91,1.25,3280.18
18901.88,72.62,91,0.0,3280.18
18901.88,72.96,93,0.0,3280.18
18901.88,73.13,93,0.0,3280.18
18901.88,72.12,93,0.0,3280.18
18901.88,72.0,93,1.25,3280.18
18901.88,71.84,93,0.0,3280.18
18901.88,71.77,93,0.0,3280.18
18901.88,71.47,93,1.25,3280.18
18901.88,71.75,93,0.0,3280.18
18901.88,72.05,94,0.0,3280.18
18901.88,71.31,94,1.25,3280.18
18901.88,71.7,90,0.0,3280.18
18901.88,72.05,90,0.0,3280.18
18901.88,71.16,93,1.25,3280.18
18901.88,71.35,93,0.0,3280.18
18901.88,71.54,94,0.0,3280.18
18901.88,71.27,94,1.2375,3280.18
18901.88,71.23,91,0.0,3280.18
18901.88,71.39,91,0.0,3280.18
18901.88,71.29,91,0.0,3280.18
18901.88,71.19,93,1.25,3280.18
18901.88,72.1,91,0.0,3280.18
18901.88,71.84,91,0.0,3280.18
18901.88,71.88,94,1.25,3280.18
18901.88,72.11,94,0.0,3280.18
18901.88,72.23,93,0.0,3280.18
18901.88,72.14,93,0.0,3280.18
18901.88,72.86,93,1.2375,3280.18
18901.88,73.1,93,0.0,3280.18
18901.88,72.47,93,0.0,3280.18
18901.88,72.38,94,3.2625,3280.18
18901.88,72.33,94,0.0,3280.18
18901.88,72.42,82,1.2125,3280.18
18901.88,72.47,82,0.0,3280.18
18901.88,71.96,92,0.0,3280.18
18901.88,72.7,92,1.2125,3280.18
18901.88,72.74,93,0.0,3280.18
18901.88,72.66,93,0.0,3280.18
18901.88,72.94,91,1.2125,3280.18
18901.88,71.79,91,0.0,3280.18
18901.88,72.33,93,0.0,3280.18
18901.88,69.38,93,1.2125,3280.18
18901.88,68.55,81,1.2125,3280.18
18901.88,68.54,81,0.0,3280.18
18901.88,68.64,97,0.0,3280.18
18901.88,68.31,97,1.2125,3280.18
18901.88,68.67,93,0.0,3280.18
18901.88,68.87,93,0.0,3280.18
18901.88,68.75,93,0.0,3280.18
18901.88,70.15,93,1.2125,3280.18
18901.88,70.42,91,1.2125,3280.18
18901.88,70.36,91,0.0,3280.18
18901.88,73.34,94,0.0,3280.18
18901.88,73.36,94,0.0,3280.18
18901.88,73.25,92,0.0,3280.18
18901.88,73.66,92,1.225,3280.18
18901.88,73.64,92,0.0,3280.18
18901.88,73.3,92,0.0,3280.18
18901.88,73.35,94,0.0,3280.18
18901.88,72.99,94,0.0,3280.18
18901.88,72.42,93,1.225,3280.18
18901.88,72.4,93,0.0,3280.18
18901.88,72.09,93,0.0,3280.18
18901.88,71.96,93,0.0,3280.18
18901.88,72.03,93,0.0,3280.18
18901.88,72.26,93,1.2125,3280.18
18901.88,72.34,94,0.0,3280.18
18901.88,72.19,94,0.0,3280.18
18901.88,72.22,93,1.225,3280.18
18901.88,72.1,93,0.0,3280.18
18901.88,72.14,93,0.0,3280.18
18901.88,72.36,93,0.0,3280.18
18901.88,72.16,93,0.0,3280.18
18901.88,72.28,94,1.225,3280.18
18901.88,72.16,94,0.0,3280.18
18901.88,72.2,93,1.225,3280.18
18901.88,72.25,93,1.2125,3280.18
18901.88,74.09,82,1.1375,3280.18
18901.88,74.06,82,0.0,3280.18
18901.88,73.8,100,0.0,3280.18
18901.88,73.26,100,0.0,3280.18
18901.88,73.26,95,0.0,3280.18
18901.88,73.17,95,1.25,3280.18
18901.88,73.4,93,0.0,3280.18
18901.88,73.58,93,0.0,3280.18
18901.88,73.88,93,0.0,3280.18
18901.88,74.01,93,0.0,3280.18
18901.88,74.1,93,0.0,3280.18
18901.88,72.46,93,1.225,3280.18
18901.88,72.45,94,0.0,3280.18
18901.88,72.59,94,0.0,3280.18
18901.88,73.19,93,1.2125,3280.18
18901.88,73.31,93,0.0,3280.18
18901.88,73.81,92,0.0,3280.18
18901.88,73.65,92,0.0,3280.18
18901.88,73.53,94,1.225,3280.18
18901.88,73.65,94,0.0,3280.18
18901.88,73.61,93,0.0,3280.18
18901.88,73.49,93,1.225,3280.18
18901.88,73.69,92,0.0,3280.18
18901.88,73.54,92,0.0,3280.18
18901.88,73.66,94,0.0,3280.18
18901.88,73.81,94,0.0,3280.18
18901.88,73.62,93,1.225,3280.18
18901.88,73.53,93,0.0,3280.18
18901.88,73.17,94,0.0,3280.18
18901.88,72.99,94,0.0,3280.18
18901.88,73.14,94,0.0,3280.18
18901.88,72.57,94,1.225,3280.18
18901.88,72.25,93,1.225,3280.18
18901.88,72.11,93,0.0,3280.18
18901.88,71.84,94,0.0,3280.18
18901.88,71.73,94,0.0,3280.18
18901.88,71.85,95,1.225,3280.18
18901.88,71.41,93,0.0,3280.18
18901.88,71.08,93,0.0,3280.18
18901.88,71.57,93,1.225,3280.18
18901.88,71.23,93,1.225,3280.18
18901.88,73.1,86,0.0,3280.18
18901.88,72.72,86,0.0,3280.18
18901.88,72.47,94,1.2125,3280.18
18901.88,73.17,94,0.0,3280.18
18901.88,72.85,94,0.0,3280.18
18901.88,72.78,94,0.0,3280.18
18901.88,73.32,94,1.2125,3280.18
18901.88,73.39,94,0.0,3280.18
18901.88,73.39,94,0.0,3280.18
18901.88,73.3,94,1.2125,3280.18
18901.88,73.31,94,1.225,3280.18
18901.88,71.55,92,0.0,3280.18
18901.88,71.66,92,0.0,3280.18
18901.88,72.1,93,0.0,3280.18
18901.88,71.67,93,0.0,3280.18
18901.88,71.67,93,1.225,3280.18
18901.88,72.08,93,0.0,3280.18
18901.88,72.09,94,0.0,3280.18
18901.88,71.65,94,0.0,3280.18
18901.88,71.84,93,0.0,3280.18
18901.88,71.29,93,1.225,3280.18
18901.88,71.51,93,0.0,3280.18
18901.88,71.67,93,0.0,3280.18
18901.88,71.45,93,0.0,3280.18
18901.88,71.51,93,1.225,3280.18
18901.88,71.68,93,0.0,3280.18
18901.88,71.72,94,0.0,3280.18
18901.88,71.34,94,0.0,3280.18
18901.88,71.78,93,0.0,3280.18
18901.88,71.08,93,1.225,3280.18
18901.88,71.21,93,0.0,3280.18
18901.88,71.54,93,0.0,3280.18
18901.88,71.22,93,0.0,3280.18
18901.88,71.69,93,1.225,3280.18
18901.88,70.65,94,1.2125,3280.18
18901.88,71.09,94,0.0,3280.18
18901.88,71.27,94,0.0,3280.18
18901.88,70.78,94,2.425,3280.18
18901.88,67.95,83,0.0,3280.18
18901.88,67.58,83,0.0,3280.18
18901.88,67.36,96,1.2125,3280.18
18901.88,67.32,96,0.0,3280.18
18901.88,67.31,93,0.0,3280.18
18901.88,67.88,93,0.0,3280.18
18901.88,67.8,93,1.2125,3280.18
18901.88,68.87,93,0.0,3280.18
18901.88,68.44,94,0.0,3280.18
18901.88,68.19,94,0.0,3280.18
18901.88,68.11,94,1.2125,3280.18
18901.88,71.04,94,0.0,3280.18
18901.88,71.52,94,0.0,3280.18
18901.88,72.28,94,1.2125,3280.18
18901.88,71.84,94,1.2125,3280.18
18901.88,71.62,94,0.0,3280.18
18901.88,71.74,94,0.0,3280.18
18901.88,71.42,94,1.25,3280.18
18901.88,71.76,94,0.0,3280.18
18901.88,71.38,92,0.0,3280.18
18901.88,71.62,92,1.2125,3280.18
18901.88,71.8,92,0.0,3280.18
18901.88,71.51,92,0.0,3280.18
18901.88,71.89,92,1.225,3280.18
18901.88,71.92,93,0.0,3280.18
18901.88,72.05,92,0.0,3280.18
18901.88,72.4,92,0.0,3280.18
18901.88,71.84,92,1.2125,3280.18
18901.88,71.62,92,0.0,3280.18
18901.88,71.61,93,0.0,3280.18
18901.88,71.56,93,1.2125,3280.18
18901.88,71.75,93,0.0,3280.18
18901.88,71.74,93,0.0,3280.18
18901.88,72.13,93,0.0,3280.18
18901.88,72.36,93,1.2125,3280.18
18901.88,72.16,93,0.0,3280.18
18901.88,71.71,93,0.0,3280.18
18901.88,72.0,93,1.2,3280.18
18901.88,73.06,83,1.2,3280.18
18901.88,72.93,83,0.0,3280.18
18901.88,72.93,83,0.0,3280.18
18901.88,72.47,96,1.225,3280.18
18901.88,72.71,96,0.0,3280.18
18901.88,72.71,93,0.0,3280.18
18901.88,72.77,93,1.2125,3280.18
18901.88,72.81,94,0.0,3280.18
18901.88,73.02,94,0.0,3280.18
18901.88,73.08,94,0.0,3280.18
18901.88,72.77,94,1.2125,3280.18
18901.88,72.76,94,0.0,3280.18
18901.88,71.92,94,0.0,3280.18
18901.88,71.57,93,2.4375,3280.18
18901.88,72.72,93,0.0,3280.18
18901.88,71.93,93,0.0,3280.18
18901.88,72.26,94,0.0,3280.18
18901.88,72.47,94,1.25,3280.18
18901.88,72.39,94,0.0,3280.18
18901.88,70.85,94,1.2375,3280.18
18901.88,71.28,84,0.0,3280.18
18901.88,71.21,84,1.25,3280.18
18901.88,71.19,100,0.0,3280.18
18901.88,71.08,100,0.0,3280.18
18901.88,71.17,94,0.0,3280.18
18901.88,71.35,94,0.0,3280.18
18901.88,71.33,93,1.25,3280.18
18901.88,71.46,93,0.0,3280.18
18901.88,70.95,91,0.0,3280.18
18901.88,70.9,91,1.2375,3280.18
18901.88,70.9,91,0.0,3280.18
18901.88,72.34,94,0.0,3280.18
18901.88,71.72,94,0.0,3280.18
18901.88,71.88,93,1.25,3280.18
18901.88,72.48,93,0.0,3280.18
18901.88,72.09,91,0.0,3280.18
18901.88,72.62,91,0.0,3280.18
18901.88,72.22,94,1.2375,3280.18
18901.88,71.82,94,0.0,3280.18
18901.88,72.47,94,0.0,3280.18
18901.88,72.02,94,1.25,3280.18
18901.88,72.02,93,0.0,3280.18
18901.88,71.53,94,0.0,3280.18
18901.88,71.86,94,0.0,3280.18
18901.88,71.66,94,1.2375,3280.18
18901.88,71.45,94,0.0,3280.18
18901.88,71.56,94,0.0,3280.18
18901.88,71.51,94,1.25,3280.18
18901.88,71.45,83,1.25,3280.18
18901.88,73.79,83,0.0,3280.18
18901.88,73.74,97,0.0,3280.18
18901.88,73.03,97,0.0,3280.18
18901.88,73.81,94,1.25,3280.18
18901.88,74.03,94,0.0,3280.18
18901.88,74.04,94,0.0,3280.18
18901.88,74.12,94,0.0,3280.18
18901.88,73.94,95,0.0,3280.18
18901.88,73.99,95,0.0,3280.18
18901.88,73.97,95,0.0,3280.18
18901.88,71.68,95,1.25,3280.18
18901.88,71.6,95,0.0,3280.18
18901.88,71.98,95,0.0,3280.18
18901.88,71.85,94,0.0,3280.18
18901.88,71.07,94,1.225,3280.18
18901.88,68.4,85,0.0,3280.18
18901.88,68.45,85,1.2375,3280.18
18901.88,67.78,95,0.0,3280.18
18901.88,67.12,95,0.0,3280.18
18901.88,67.28,92,0.0,3280.18
18901.88,67.31,92,1.25,3280.18
18901.88,67.35,94,0.0,3280.18
18901.88,67.69,94,1.2,3280.18
18901.88,67.41,93,0.0,3280.18
18901.88,67.0,93,1.2125,3280.18
18901.88,68.35,94,0.0,3280.18
18901.88,70.76,93,0.0,3280.18
18901.88,71.13,93,0.0,3280.18
18901.88,71.87,93,1.2125,3280.18
18901.88,72.75,92,0.0,3280.18
18901.88,72.15,92,0.0,3280.18
18901.88,72.36,93,0.0,3280.18
18901.88,72.29,93,0.0,3280.18
18901.88,72.3,91,1.1875,3280.18
18901.88,72.39,91,0.0,3280.18
18901.88,72.11,91,0.0,3280.18
18901.88,71.77,91,0.0,3280.18
18901.88,71.77,93,1.2125,3280.18
18901.88,71.77,93,1.2125,3280.18
18901.88,71.94,92,0.0,3280.18
18901.88,71.37,92,1.225,3280.18
18901.88,71.17,90,0.0,3280.18
18901.88,71.28,90,0.0,3280.18
18901.88,71.28,93,0.0,3280.18
18901.88,71.04,93,1.225,3280.18
18901.88,71.62,93,0.0,3280.18
18901.88,71.45,93,0.0,3280.18
18901.88,71.57,93,0.0,3280.18
18901.88,71.87,92,0.0,3280.18
18901.88,71.92,92,1.225,3280.18
18901.88,72.08,93,0.0,3280.18
18901.88,72.06,93,0.0,3280.18
18901.88,71.93,93,0.0,3280.18
18901.88,72.35,93,1.225,3280.18
18901.88,74.64,84,1.225,3280.18
18901.88,74.28,84,0.0,3280.18
18901.88,73.92,98,0.0,3280.18
18901.88,73.68,98,1.2125,3280.18
18901.88,74.15,93,0.0,3280.18
18901.88,74.0,93,0.0,3280.18
18901.88,73.94,93,0.0,3280.18
18901.88,74.38,93,1.2125,3280.18
18901.88,73.95,93,0.0,3280.18
18901.88,74.0,93,0.0,3280.18
18901.88,73.83,93,1.2125,3280.18
18901.88,71.47,93,0.0,3280.18
18901.88,71.59,94,1.2375,3280.18
18901.88,71.0,94,0.0,3280.18
18901.88,71.52,80,1.2125,3280.18
18901.88,71.38,80,0.0,3280.18
18901.88,71.56,100,0.0,3280.18
18901.88,71.38,100,0.0,3280.18
18901.88,71.01,92,1.175,3280.18
18901.88,71.61,92,0.0,3280.18
18901.88,71.77,93,1.2125,3280.18
18901.88,71.27,93,1.2,3280.18
18901.88,71.25,92,0.0,3280.18
18901.88,71.33,92,0.0,3280.18
18901.88,72.25,93,0.0,3280.18
18901.88,71.86,93,1.225,3280.18
18901.88,71.62,94,0.0,3280.18
18901.88,71.13,94,0.0,3280.18
18901.88,71.25,93,0.0,3280.18
18901.88,71.75,93,1.2125,3280.18
18901.88,71.24,93,0.0,3280.18
18901.88,70.82,93,0.0,3280.18
18901.88,71.54,93,1.2125,3280.18
18901.88,71.32,93,0.0,3280.18
18901.88,71.29,93,0.0,3280.18
18901.88,71.64,93,0.0,3280.18
18901.88,71.17,93,1.2125,3280.18
18901.88,71.19,94,0.0,3280.18
18901.88,71.84,94,0.0,3280.18
18901.88,71.53,93,1.2,3280.18
18901.88,71.15,93,1.225,3280.18
18901.88,71.24,92,0.0,3280.18
18901.88,71.16,92,0.0,3280.18
18901.88,71.74,94,1.225,3280.18
18901.88,71.35,94,0.0,3280.18
18901.88,71.08,93,0.0,3280.18
18901.88,71.68,93,0.0,3280.18
18901.88,71.44,93,1.2125,3280.18
18901.88,71.23,93,0.0,3280.18
18901.88,71.77,92,0.0,3280.18
18901.88,71.22,92,0.0,3280.18
18901.88,71.13,93,1.225,3280.18
18901.88,71.72,93,0.0,3280.18
18901.88,71.59,93,1.2125,3280.18
18901.88,72.5,93,0.0,3280.18
18901.88,72.71,88,1.2125,3280.18
18901.88,72.53,88,0.0,3280.18
18901.88,72.7,91,0.0,3280.18
18901.88,72.86,91,0.0,3280.18
18901.88,73.2,93,1.2125,3280.18
18901.88,73.27,93,0.0,3280.18
18901.88,73.92,92,0.0,3280.18
18901.88,74.13,92,0.0,3280.18
18901.88,73.23,92,1.1875,3280.18
18901.88,73.08,92,0.0,3280.18
18901.88,72.03,93,1.2125,3280.18
18901.88,71.69,93,0.0,3280.18
18901.88,72.08,93,0.0,3280.18
18901.88,72.04,91,0.0,3280.18
18901.88,71.96,91,1.2125,3280.18
18901.88,71.82,92,0.0,3280.18
18901.88,71.38,92,1.2125,3280.18
18901.88,71.53,92,0.0,3280.18
18901.88,72.25,92,1.2125,3280.18
18901.88,72.34,92,0.0,3280.18
18901.88,72.43,92,0.0,3280.18
18901.88,72.58,92,1.2125,3280.18
18901.88,72.53,92,0.0,3280.18
18901.88,72.43,94,0.0,3280.18
18901.88,72.47,94,0.0,3280.18
18901.88,72.44,93,1.2,3280.18
18901.88,71.93,93,0.0,3280.18
18901.88,72.12,93,0.0,3280.18
18901.88,71.96,93,1.2125,3280.18
18901.88,71.5,90,0.0,3280.18
18901.88,71.44,90,0.0,3280.18
18901.88,71.53,92,1.2125,3280.18
18901.88,71.83,92,0.0,3280.18
18901.88,71.92,92,0.0,3280.18
18901.88,71.99,92,1.2125,3280.18
18901.88,71.99,90,0.0,3280.18
18901.88,71.88,90,1.2125,3280.18
18901.88,72.3,94,1.2125,3280.18
18901.88,72.45,94,0.0,3280.18
18901.88,72.08,86,0.0,3280.18
18901.88,71.61,95,0.0,3280.18
18901.88,71.63,95,1.225,3280.18
18901.88,71.83,93,0.0,3280.18
18901.88,71.59,93,0.0,3280.18
18901.88,71.63,94,0.0,3280.18
18901.88,71.72,94,0.0,3280.18
18901.88,71.54,93,1.225,3280.18
18901.88,71.45,93,0.0,3280.18
18901.88,70.99,91,0.0,3280.18
18901.88,70.93,91,1.225,3280.18
18901.88,71.77,92,0.0,3280.18
18901.88,72.28,92,0.0,3280.18
18901.88,71.72,90,1.2125,3280.18
18901.88,72.17,90,0.0,3280.18
18901.88,72.38,93,0.0,3280.18
18901.88,71.7,93,0.0,3280.18
18901.88,71.9,91,1.2125,3280.18
18901.88,72.09,91,0.0,3280.18
18901.88,71.96,90,0.0,3280.18
18901.88,72.14,90,1.2125,3280.18
18901.88,72.56,94,0.0,3280.18
18901.88,72.95,94,1.2125,3280.18
18901.88,72.61,94,1.2125,3280.18
18901.88,72.93,90,0.0,3280.18
18901.88,73.09,93,0.0,3280.18
18901.88,72.69,93,0.0,3280.18
18901.88,73.19,93,0.0,3280.18
18901.88,73.53,93,1.2125,3280.18
18901.88,73.16,93,0.0,3280.18
18901.88,73.72,92,0.0,3280.18
18901.88,73.27,92,1.2125,3280.18
18901.88,73.0,93,0.0,3280.18
18901.88,73.0,93,0.0,3280.18
18901.88,73.36,93,1.2125,3280.18
18901.88,72.66,93,0.0,3280.18
18901.88,72.82,93,0.0,3280.18
18901.88,72.34,93,2.4125,3280.18
18901.88,73.72,79,1.225,3280.18
18901.88,73.92,79,0.0,3280.18
18901.88,73.56,96,0.0,3280.18
18901.88,73.76,96,1.2125,3280.18
18901.88,74.03,91,0.0,3280.18
18901.88,74.18,91,0.0,3280.18
18901.88,74.2,91,1.2125,3280.18
18901.88,74.47,91,0.0,3280.18
18901.88,74.73,91,0.0,3280.18
18901.88,74.73,94,0.0,3280.18
18901.88,74.39,94,1.225,3280.18
18901.88,74.39,93,0.0,3280.18
18901.88,72.46,93,0.0,3280.18
18901.88,72.86,93,1.2125,3280.18
18901.88,72.13,93,0.0,3280.18
18901.88,72.13,93,0.0,3280.18
18901.88,72.28,94,0.0,3280.18
18901.88,72.38,94,1.2125,3280.18
18901.88,72.36,94,0.0,3280.18
18901.88,72.36,94,0.0,3280.18
18901.88,71.87,93,1.2125,3280.18
18901.88,72.03,93,0.0,3280.18
18901.88,71.84,93,0.0,3280.18
18901.88,72.31,93,1.2125,3280.18
18901.88,72.17,93,0.0,3280.18
18901.88,72.17,93,0.0,3280.18
18901.88,71.48,94,1.2125,3280.18
18901.88,71.06,94,0.0,3280.18
18901.88,71.06,90,1.2125,3280.18
18901.88,71.04,90,0.0,3280.18
18901.88,71.05,93,1.2125,3280.18
18901.88,71.23,93,0.0,3280.18
18901.88,71.23,93,0.0,3280.18
18901.88,71.5,93,0.0,3280.18
18901.88,71.5,93,1.225,3280.18
18901.88,71.58,93,0.0,3280.18
18901.88,71.56,92,0.0,3280.18
18901.88,71.56,92,0.0,3280.18
18901.88,68.82,91,2.45,3280.18
18901.88,68.82,91,0.0,3280.18
18901.88,68.84,79,0.0,3280.18
18901.88,69.16,79,0.0,3280.18
18901.88,68.85,95,0.0,3280.18
18901.88,68.62,95,1.25,3280.18
18901.88,69.09,93,0.0,3280.18
18901.88,68.79,93,0.0,3280.18
18901.88,69.53,93,0.0,3280.18
18901.88,69.19,93,1.2375,3280.18
18901.88,68.78,93,0.0,3280.18
18901.88,69.75,93,0.0,3280.18
18901.88,71.52,93,0.0,3280.18
18901.88,71.74,93,0.0,3280.18
18901.88,72.25,93,1.25,3280.18
18901.88,72.66,93,0.0,3280.18
18901.88,72.01,93,0.0,3280.18
18901.88,72.12,92,0.0,3280.18
18901.88,71.88,92,1.25,3280.18
18901.88,71.86,92,0.0,3280.18
18901.88,72.05,93,0.0,3280.18
18901.88,72.03,93,0.0,3280.18
18901.88,72.3,93,1.2375,3280.18
18901.88,72.53,93,0.0,3280.18
18901.88,72.07,94,0.0,3280.18
18901.88,72.12,94,0.0,3280.18
18901.88,72.17,93,1.25,3280.18
18901.88,72.17,93,0.0,3280.18
18901.88,72.23,92,0.0,3280.18
18901.88,72.22,92,1.2375,3280.18
18901.88,72.55,92,1.2375,3280.18
18901.88,72.55,92,0.0,3280.18
18901.88,73.76,78,0.0,3280.18
18901.88,73.97,78,0.0,3280.18
18901.88,73.59,100,1.2375,3280.18
18901.88,73.83,100,0.0,3280.18
18901.88,73.9,93,0.0,3280.18
18901.88,73.86,93,1.25,3280.18
18901.88,73.59,91,1.25,3280.18
18901.88,73.59,91,0.0,3280.18
18901.88,73.59,92,0.0,3280.18
18901.88,73.24,92,0.0,3280.18
18901.88,72.94,93,1.25,3280.18
18901.88,71.68,94,0.0,3280.18
18901.88,71.53,94,0.0,3280.18
18901.88,70.99,92,0.0,3280.18
18901.88,71.22,92,1.25,3280.18
18901.88,71.57,91,0.0,3280.18
18901.88,70.77,91,0.0,3280.18
18901.88,70.69,92,0.0,3280.18
18901.88,71.5,92,1.25,3280.18
18901.88,70.98,92,0.0,3280.18
18901.88,71.04,93,0.0,3280.18
18901.88,71.41,93,1.25,3280.18
18901.88,70.88,93,0.0,3280.18
18901.88,70.71,94,0.0,3280.18
18901.88,71.44,94,0.0,3280.18
18901.88,71.11,93,1.2125,3280.18
18901.88,70.82,93,0.0,3280.18
18901.88,71.29,92,1.2,3280.18
18901.88,70.96,92,0.0,3280.18
18901.88,71.61,93,0.0,3280.18
18901.88,71.15,93,1.2125,3280.18
18901.88,71.56,93,0.0,3280.18
18901.88,72.1,93,0.0,3280.18
18901.88,71.85,91,1.2125,3280.18
18901.88,71.85,91,0.0,3280.18
18901.88,72.38,92,0.0,3280.18
18901.88,72.17,92,2.3125,3280.18
18901.88,74.17,93,1.2125,3280.18
18901.88,74.31,93,0.0,3280.18
18901.88,73.77,79,1.2125,3280.18
18901.88,74.66,79,0.0,3280.18
18901.88,74.8,92,0.0,3280.18
18901.88,75.1,92,0.0,3280.18
18901.88,74.76,92,0.0,3280.18
18901.88,74.91,92,1.2125,3280.18
18901.88,75.06,93,0.0,3280.18
18901.88,74.28,93,0.0,3280.18
18901.88,74.28,93,1.2125,3280.18
18901.88,72.64,93,0.0,3280.18
18901.88,72.35,93,0.0,3280.18
18901.88,72.81,93,1.2125,3280.18
18901.88,72.7,91,0.0,3280.18
18901.88,72.81,92,0.0,3280.18
18901.88,72.78,92,1.2125,3280.18
18901.88,72.77,92,0.0,3280.18
18901.88,72.4,92,0.0,3280.18
18901.88,72.29,93,0.0,3280.18
18901.88,72.21,93,1.2125,3280.18
18901.88,72.21,91,0.0,3280.18
18901.88,72.27,91,1.2125,3280.18
18901.88,72.18,93,0.0,3280.18
18901.88,72.05,93,1.2125,3280.18
18901.88,72.08,93,0.0,3280.18
18901.88,72.1,93,0.0,3280.18
18901.88,72.05,93,1.2125,3280.18
18901.88,72.33,93,0.0,3280.18
18901.88,72.62,91,0.0,3280.18
18901.88,72.46,92,0.0,3280.18
18901.88,72.46,92,1.2125,3280.18
18901.88,72.62,93,0.0,3280.18
18901.88,72.72,93,0.0,3280.18
18901.88,72.57,91,1.2125,3280.18
18901.88,72.61,91,0.0,3280.18
18901.88,72.44,93,0.0,3280.18
18901.88,72.39,93,0.0,3280.18
18901.88,72.28,91,2.425,3280.18
18901.88,71.68,91,0.0,3280.18
18901.88,71.85,91,0.0,3280.18
18901.88,71.27,85,2.425,3280.18
18901.88,71.18,92,0.0,3280.18
18901.88,71.72,92,0.0,3280.18
18901.88,71.06,92,0.0,3280.18
18901.88,71.71,92,1.225,3280.18
18901.88,71.98,93,0.0,3280.18
18901.88,71.68,93,0.0,3280.18
18901.88,71.53,92,1.2125,3280.18
18901.88,71.59,92,0.0,3280.18
18901.88,71.41,92,0.0,3280.18
18901.88,72.34,92,1.175,3280.18
18901.88,72.51,93,0.0,3280.18
18901.88,72.3,93,0.0,3280.18
18901.88,72.52,93,1.225,3280.18
18901.88,72.42,93,0.0,3280.18
18901.88,72.29,93,0.0,3280.18
18901.88,72.15,93,1.2125,3280.18
18901.88,71.99,91,0.0,3280.18
18901.88,71.89,91,0.0,3280.18
18901.88,71.98,93,1.2125,3280.18
18901.88,72.19,93,0.0,3280.18
18901.88,71.91,93,0.0,3280.18
18901.88,71.98,93,1.2125,3280.18
18901.88,71.92,94,0.0,3280.18
18901.88,71.97,94,0.0,3280.18
18901.88,71.95,93,0.0,3280.18
18901.88,71.95,93,1.2125,3280.18
18901.88,72.08,93,0.0,3280.18
18901.88,72.22,93,1.2125,3280.18
18901.88,72.22,91,0.0,3280.18
18901.88,72.41,91,1.2125,3280.18
18901.88,72.5,93,0.0,3280.18
18901.88,72.65,93,0.0,3280.18
18901.88,72.64,91,0.0,3280.18
18901.88,72.64,91,1.2125,3280.18
18901.88,72.41,92,0.0,3280.18
18901.88,72.23,92,1.2125,3280.18
18901.88,68.73,79,0.0,3280.18
18901.88,68.64,79,0.0,3280.18
18901.88,68.56,100,1.2125,3280.18
18901.88,68.02,100,0.0,3280.18
18901.88,68.16,92,0.0,3280.18
18901.88,68.25,92,0.0,3280.18
18901.88,68.3,93,1.225,3280.18
18901.88,68.3,93,0.0,3280.18
18901.88,68.35,93,0.0,3280.18
18901.88,68.61,94,0.0,3280.18
18901.88,68.85,94,1.225,3280.18
18901.88,71.71,93,0.0,3280.18
18901.88,71.65,93,0.0,3280.18
18901.88,71.35,92,2.4375,3280.18
18901.88,72.7,92,1.2125,3280.18
18901.88,72.41,86,0.0,3280.18
18901.88,72.62,86,0.0,3280.18
18901.88,72.74,92,0.0,3280.18
18901.88,72.73,92,0.0,3280.18
18901.88,72.72,93,1.2125,3280.18
18901.88,72.72,93,0.0,3280.18
18901.88,72.93,93,0.0,3280.18
18901.88,73.23,93,1.2125,3280.18
18901.88,73.86,94,0.0,3280.18
18901.88,72.22,94,0.0,3280.18
18901.88,72.35,91,0.0,3280.18
18901.88,72.08,91,1.225,3280.18
18901.88,71.96,93,0.0,3280.18
18901.88,71.96,92,0.0,3280.18
18901.88,72.05,92,0.0,3280.18
18901.88,72.25,94,1.2125,3280.18
18901.88,72.01,94,0.0,3280.18
18901.88,72.35,91,1.2125,3280.18
18901.88,72.23,91,0.0,3280.18
18901.88,72.12,91,0.0,3280.18
18901.88,72.32,93,1.2125,3280.18
18901.88,72.34,93,0.0,3280.18
18901.88,72.43,93,0.0,3280.18
18901.88,72.4,92,0.0,3280.18
18901.88,72.26,92,1.2125,3280.18
18901.88,72.21,92,0.0,3280.18
18901.88,72.33,92,1.2125,3280.18
18901.88,72.94,91,1.2125,3280.18
18901.88,72.86,91,0.0,3280.18
18901.88,72.98,94,0.0,3280.18
18901.88,73.02,94,0.0,3280.18
18901.88,72.99,93,2.45,3280.18
18901.88,73.67,93,0.0,3280.18
18901.88,74.0,84,0.0,3280.18
18901.88,73.51,84,0.0,3280.18
18901.88,73.49,93,1.225,3280.18
18901.88,73.34,93,0.0,3280.18
18901.88,73.22,94,0.0,3280.18
18901.88,72.97,94,0.0,3280.18
18901.88,72.68,93,1.2125,3280.18
18901.88,72.76,93,0.0,3280.18
18901.88,72.8,92,0.0,3280.18
18901.88,72.8,92,1.2125,3280.18
18901.88,72.01,94,0.0,3280.18
18901.88,71.5,94,0.0,3280.18
18901.88,71.99,93,0.0,3280.18
18901.88,72.05,93,1.2125,3280.18
18901.88,72.35,93,0.0,3280.18
18901.88,72.47,93,0.0,3280.18
18901.88,71.99,93,0.0,3280.18
18901.88,72.29,92,1.225,3280.18
18901.88,72.25,92,1.2125,3280.18
18901.88,72.53,84,1.2125,3280.18
18901.88,72.24,84,0.0,3280.18
18901.88,71.41,95,1.2125,3280.18
18901.88,71.94,95,0.0,3280.18
18901.88,71.76,93,0.0,3280.18
18901.88,71.74,93,1.2125,3280.18
18901.88,72.03,93,0.0,3280.18
18901.88,71.84,93,0.0,3280.18
18901.88,72.32,93,0.0,3280.18
18901.88,71.85,93,2.4125,3280.18
18901.88,71.32,79,0.0,3280.18
18901.88,72.09,79,1.2125,3280.18
18901.88,72.17,96,0.0,3280.18
18901.88,72.86,96,0.0,3280.18
18901.88,72.78,94,1.2125,3280.18
18901.88,73.24,94,0.0,3280.18
18901.88,72.9,93,0.0,3280.18
18901.88,73.12,93,0.0,3280.18
18901.88,72.9,91,1.2125,3280.18
18901.88,73.62,91,0.0,3280.18
18901.88,73.38,93,0.0,3280.18
18901.88,72.34,93,0.0,3280.18
18901.88,72.52,94,1.2125,3280.18
18901.88,72.23,94,1.2125,3280.18
18901.88,72.25,93,0.0,3280.18
18901.88,72.11,93,1.2125,3280.18
18901.88,72.37,93,0.0,3280.18
18901.88,72.44,93,0.0,3280.18
18901.88,71.89,93,1.2125,3280.18
18901.88,71.88,93,0.0,3280.18
18901.88,71.74,93,0.0,3280.18
18901.88,71.95,93,1.2125,3280.18
18901.88,71.95,90,0.0,3280.18
18901.88,72.1,90,0.0,3280.18
18901.88,72.2,93,0.0,3280.18
18901.88,72.35,93,1.2125,3280.18
18901.88,72.29,92,0.0,3280.18
18901.88,72.29,92,0.0,3280.18
18901.88,72.35,93,1.2125,3280.18
18901.88,72.23,93,0.0,3280.18
18901.88,72.16,91,0.0,3280.18
18901.88,72.16,91,0.0,3280.18
18901.88,71.98,92,1.2125,3280.18
18901.88,72.04,92,0.0,3280.18
18901.88,72.05,93,0.0,3280.18
18901.88,72.1,93,1.2125,3280.18
18901.88,72.1,93,0.0,3280.18
18901.88,72.11,93,0.0,3280.18
18901.88,68.45,92,2.425,3280.18
18901.88,68.55,92,0.0,3280.18
18901.88,67.44,86,0.0,3280.18
18901.88,67.36,86,1.2125,3280.18
18901.88,68.37,95,0.0,3280.18
18901.88,68.29,91,0.0,3280.18
18901.88,68.19,91,1.2,3280.18
18901.88,68.77,93,0.0,3280.18
18901.88,68.33,93,0.0,3280.18
18901.88,67.81,93,0.0,3280.18
18901.88,70.95,91,1.2125,3280.18
18901.88,70.95,91,0.0,3280.18
18901.88,71.01,93,0.0,3280.18
18901.88,72.3,93,1.225,3280.18
18901.88,72.18,92,1.2125,3280.18
18901.88,72.28,92,0.0,3280.18
18901.88,72.77,91,0.0,3280.18
18901.88,72.74,91,1.2125,3280.18
18901.88,72.74,91,0.0,3280.18
18901.88,72.9,91,0.0,3280.18
18901.88,72.62,91,0.0,3280.18
18901.88,72.46,93,0.0,3280.18
18901.88,72.44,93,1.225,3280.18
18901.88,72.51,93,0.0,3280.18
18901.88,72.69,93,0.0,3280.18
18901.88,72.55,93,0.0,3280.18
18901.88,71.95,93,0.0,3280.18
18901.88,71.85,93,1.225,3280.18
18901.88,71.73,93,0.0,3280.18
18901.88,71.89,94,0.0,3280.18
18901.88,71.96,94,0.0,3280.18
18901.88,71.46,94,1.225,3280.18
18901.88,71.86,93,0.0,3280.18
18901.88,72.2,93,0.0,3280.18
18901.88,71.91,93,1.2,3280.18
18901.88,72.17,93,0.0,3280.18
18901.88,71.76,92,0.0,3280.18
18901.88,72.17,92,1.2125,3280.18
18901.88,72.31,94,2.425,3280.18
18901.88,74.42,94,0.0,3280.18
18901.88,74.47,82,0.0,3280.18
18901.88,73.62,82,1.2125,3280.18
18901.88,74.33,92,0.0,3280.18
18901.88,74.96,92,1.2125,3280.18
18901.88,74.84,93,0.0,3280.18
18901.88,75.25,93,0.0,3280.18
18901.88,74.68,93,0.0,3280.18
18901.88,74.83,93,1.2125,3280.18
18901.88,74.77,93,0.0,3280.18
18901.88,74.48,93,0.0,3280.18
18901.88,72.16,93,1.2125,3280.18
18901.88,72.09,93,0.0,3280.18
18901.88,72.83,92,0.0,3280.18
18901.88,72.9,92,1.2125,3280.18
18901.88,72.28,93,0.0,3280.18
18901.88,72.28,93,0.0,3280.18
18901.88,72.31,93,0.0,3280.18
18901.88,72.48,93,1.1875,3280.18
18901.88,72.6,94,0.0,3280.18
18901.88,72.11,94,1.2125,3280.18
18901.88,72.04,93,0.0,3280.18
18901.88,72.03,93,0.0,3280.18
18901.88,72.09,93,0.0,3280.18
18901.88,72.37,93,1.2125,3280.18
18901.88,71.81,93,0.0,3280.18
18901.88,72.03,94,0.0,3280.18
18901.88,72.13,94,1.2125,3280.18
18901.88,71.65,93,0.0,3280.18
18901.88,71.32,93,0.0,3280.18
18901.88,71.6,94,1.2125,3280.18
18901.88,71.82,94,0.0,3280.18
18901.88,71.39,93,0.0,3280.18
18901.88,71.81,93,1.2125,3280.18
18901.88,71.36,92,1.2125,3280.18
18901.88,71.59,92,0.0,3280.18
18901.88,71.8,94,0.0,3280.18
18901.88,71.34,94,1.2,3280.18
18901.88,68.67,84,1.1875,3280.18
18901.88,68.48,84,0.0,3280.18
18901.88,68.13,91,1.2125,3280.18
18901.88,68.45,91,0.0,3280.18
18901.88,68.24,91,0.0,3280.18
18901.88,68.86,91,1.2125,3280.18
18901.88,68.88,94,0.0,3280.18
18901.88,68.96,94,0.0,3280.18
18901.88,69.24,92,0.0,3280.18
18901.88,69.12,92,1.2125,3280.18
18901.88,69.29,91,0.0,3280.18
18901.88,72.2,91,0.0,3280.18
18901.88,72.23,92,1.2125,3280.18
18901.88,72.83,92,0.0,3280.18
18901.88,72.97,94,0.0,3280.18
18901.88,72.95,94,2.4125,3280.18
18901.88,72.83,92,0.0,3280.18
18901.88,72.81,93,0.0,3280.18
18901.88,72.83,93,1.2125,3280.18
18901.88,72.77,93,0.0,3280.18
18901.88,72.23,93,0.0,3280.18
18901.88,72.15,94,1.2125,3280.18
18901.88,71.97,94,0.0,3280.18
18901.88,71.48,93,0.0,3280.18
18901.88,71.86,93,1.2125,3280.18
18901.88,71.5,93,0.0,3280.18
18901.88,71.84,93,0.0,3280.18
18901.88,71.92,90,1.2125,3280.18
18901.88,71.93,90,0.0,3280.18
18901.88,71.88,94,0.0,3280.18
18901.88,71.86,94,1.2125,3280.18
18901.88,71.96,93,0.0,3280.18
18901.88,72.23,93,0.0,3280.18
18901.88,72.51,93,1.2125,3280.18
18901.88,72.66,93,0.0,3280.18
18901.88,71.72,92,0.0,3280.18
18901.88,71.88,92,1.225,3280.18
18901.88,71.69,94,0.0,3280.18
18901.88,71.5,94,2.45,3280.18
18901.88,73.33,81,0.0,3280.18
18901.88,73.02,81,0.0,3280.18
18901.88,72.8,98,0.0,3280.18
18901.88,72.56,98,1.2125,3280.18
18901.88,72.55,92,0.0,3280.18
18901.88,73.21,92,0.0,3280.18
18901.88,72.62,92,1.2125,3280.18
18901.88,73.78,92,0.0,3280.18
18901.88,73.83,94,1.2125,3280.18
18901.88,73.11,94,0.0,3280.18
18901.88,73.54,92,1.2125,3280.18
18901.88,71.67,92,0.0,3280.18
18901.88,71.66,93,0.0,3280.18
18901.88,72.28,93,0.0,3280.18
18901.88,72.35,93,1.2125,3280.18
18901.88,72.32,93,0.0,3280.18
18901.88,72.12,93,0.0,3280.18
18901.88,72.53,93,0.0,3280.18
18901.88,72.64,94,1.2125,3280.18
18901.88,72.05,94,0.0,3280.18
18901.88,72.37,93,0.0,3280.18
18901.88,72.16,93,0.0,3280.18
18901.88,72.18,93,1.175,3280.18
18901.88,72.18,93,0.0,3280.18
18901.88,72.87,92,0.0,3280.18
18901.88,73.05,92,1.2125,3280.18
18901.88,72.53,95,0.0,3280.18
18901.88,72.63,95,0.0,3280.18
18901.88,72.63,94,1.2125,3280.18
18901.88,72.41,92,0.0,3280.18
18901.88,72.64,92,0.0,3280.18
18901.88,72.09,92,1.2125,3280.18
18901.88,72.33,92,0.0,3280.18
18901.88,72.47,93,0.0,3280.18
18901.88,71.78,93,0.0,3280.18
18901.88,71.62,92,0.0,3280.18
18901.88,71.58,92,2.4875,3280.18
18901.88,71.63,93,0.0,3280.18
18901.88,71.63,93,1.25,3280.18
18901.88,72.18,84,0.0,3280.18
18901.88,72.1,84,0.0,3280.18
18901.88,71.32,95,1.2375,3280.18
18901.88,72.02,95,0.0,3280.18
18901.88,72.46,93,0.0,3280.18
18901.88,71.97,93,0.0,3280.18
18901.88,72.54,92,1.25,3280.18
18901.88,72.95,92,0.0,3280.18
18901.88,73.0,92,0.0,3280.18
18901.88,73.0,92,0.0,3280.18
18901.88,72.7,92,0.0,3280.18
18901.88,72.0,92,1.2375,3280.18
18901.88,72.19,93,0.0,3280.18
18901.88,72.55,93,0.0,3280.18
18901.88,72.53,92,1.25,3280.18
18901.88,72.42,92,0.0,3280.18
18901.88,72.59,93,0.0,3280.18
18901.88,72.62,93,0.0,3280.18
18901.88,72.02,93,1.25,3280.18
18901.88,72.18,93,0.0,3280.18
18901.88,71.82,93,0.0,3280.18
18901.88,71.44,93,1.2375,3280.18
18901.88,71.66,92,0.0,3280.18
18901.88,71.8,92,0.0,3280.18
18901.88,71.83,92,0.0,3280.18
18901.88,71.73,92,1.25,3280.18
18901.88,71.76,92,0.0,3280.18
18901.88,71.84,92,0.0,3280.18
18901.88,71.85,93,1.2375,3280.18
18901.88,71.8,93,0.0,3280.18
18901.88,71.76,93,0.0,3280.18
18901.88,71.82,93,0.0,3280.18
18901.88,72.01,93,2.4875,3280.18
18901.88,72.31,94,0.0,3280.18
18901.88,71.85,94,0.0,3280.18
18901.88,72.13,94,0.0,3280.18
18901.88,72.33,94,1.25,3280.18
18901.88,71.88,92,0.0,3280.18
18901.88,71.84,92,1.25,3280.18
18901.88,70.08,86,0.0,3280.18
18901.88,69.97,86,1.2375,3280.18
18901.88,68.98,95,0.0,3280.18
18901.88,69.64,95,0.0,3280.18
18901.88,69.63,93,1.2125,3280.18
18901.88,70.22,93,0.0,3280.18
18901.88,69.99,93,0.0,3280.18
18901.88,69.71,93,1.2125,3280.18
18901.88,69.92,93,0.0,3280.18
18901.88,69.99,93,0.0,3280.18
18901.88,71.42,94,1.2,3280.18
18901.88,71.31,94,0.0,3280.18
18901.88,72.29,93,0.0,3280.18
18901.88,72.43,93,0.0,3280.18
18901.88,72.04,93,1.2125,3280.18
18901.88,72.21,93,0.0,3280.18
18901.88,71.58,93,0.0,3280.18
18901.88,71.79,93,1.2125,3280.18
18901.88,72.0,93,0.0,3280.18
18901.88,71.62,93,0.0,3280.18
18901.88,71.55,92,1.2125,3280.18
18901.88,71.79,92,0.0,3280.18
18901.88,72.21,93,0.0,3280.18
18901.88,72.63,93,0.0,3280.18
18901.88,71.85,92,1.2125,3280.18
18901.88,71.98,92,0.0,3280.18
18901.88,71.91,94,0.0,3280.18
18901.88,71.98,94,1.2125,3280.18
18901.88,72.1,93,0.0,3280.18
18901.88,71.83,93,0.0,3280.18
18901.88,71.94,93,0.0,3280.18
18901.88,72.07,93,1.25,3280.18
18901.88,71.64,91,0.0,3280.18
18901.88,71.75,91,0.0,3280.18
18901.88,71.77,93,0.0,3280.18
18901.88,72.12,93,2.4875,3280.18
18901.88,71.91,92,0.0,3280.18
18901.88,71.89,92,0.0,3280.18
18901.88,71.59,92,2.4875,3280.18
18901.88,73.11,82,0.0,3280.18
18901.88,73.19,82,0.0,3280.18
18901.88,73.17,93,1.25,3280.18
18901.88,73.14,93,0.0,3280.18
18901.88,73.57,94,0.0,3280.18
18901.88,73.35,94,0.0,3280.18
18901.88,73.8,94,1.25,3280.18
18901.88,73.8,92,0.0,3280.18
18901.88,74.31,92,0.0,3280.18
18901.88,74.59,92,0.0,3280.18
18901.88,72.45,92,1.25,3280.18
18901.88,72.25,93,0.0,3280.18
18901.88,72.54,93,0.0,3280.18
18901.88,72.48,94,1.2375,3280.18
18901.88,72.65,94,0.0,3280.18
18901.88,72.48,93,0.0,3280.18
18901.88,72.48,93,1.2375,3280.18
18901.88,72.71,91,0.0,3280.18
18901.88,72.71,91,0.0,3280.18
18901.88,71.82,92,0.0,3280.18
18901.88,71.94,92,1.2375,3280.18
18901.88,71.67,94,0.0,3280.18
18901.88,71.72,94,0.0,3280.18
18901.88,71.87,92,1.2375,3280.18
18901.88,72.05,92,0.0,3280.18
18901.88,72.17,93,0.0,3280.18
18901.88,72.14,93,0.0,3280.18
18901.88,71.8,93,1.2375,3280.18
18901.88,71.86,93,0.0,3280.18
18901.88,71.71,93,0.0,3280.18
18901.88,71.99,93,1.25,3280.18
18901.88,72.2,93,0.0,3280.18
18901.88,72.23,93,1.25,3280.18
18901.88,72.47,93,0.0,3280.18
18901.88,72.83,93,1.2375,3280.18
18901.88,72.37,93,0.0,3280.18
18901.88,72.58,93,0.0,3280.18
18901.88,72.21,93,1.2125,3280.18
18901.88,72.33,83,1.2,3280.18
18901.88,68.99,83,0.0,3280.18
18901.88,68.47,99,1.2125,3280.18
18901.88,68.0,99,0.0,3280.18
18901.88,67.63,91,0.0,3280.18
18901.88,67.74,91,0.0,3280.18
18901.88,68.3,93,0.0,3280.18
18901.88,68.22,93,1.225,3280.18
18901.88,68.69,93,0.0,3280.18
18901.88,68.18,93,0.0,3280.18
18901.88,68.06,93,0.0,3280.18
18901.88,68.38,93,1.2125,3280.18
18901.88,71.39,94,0.0,3280.18
18901.88,71.81,94,0.0,3280.18
18901.88,72.06,92,1.225,3280.18
18901.88,72.34,92,0.0,3280.18
18901.88,72.67,93,0.0,3280.18
18901.88,72.29,93,1.225,3280.18
18901.88,71.84,93,0.0,3280.18
18901.88,72.05,93,1.225,3280.18
18901.88,72.39,94,0.0,3280.18
18901.88,71.54,94,0.0,3280.18
18901.88,71.59,93,0.0,3280.18
18901.88,71.66,93,1.2125,3280.18
18901.88,72.0,92,0.0,3280.18
18901.88,72.18,92,0.0,3280.18
18901.88,71.64,93,1.2125,3280.18
18901.88,71.86,93,0.0,3280.18
18901.88,71.76,94,0.0,3280.18
18901.88,71.68,94,0.0,3280.18
18901.88,71.77,93,1.2125,3280.18
18901.88,71.38,93,0.0,3280.18
18901.88,71.83,92,0.0,3280.18
18901.88,72.15,92,0.0,3280.18
18901.88,71.82,93,1.2125,3280.18
18901.88,71.9,93,0.0,3280.18
18901.88,71.94,93,0.0,3280.18
18901.88,71.95,93,1.2125,3280.18
18901.88,72.26,93,2.45,3280.18
18901.88,71.62,82,0.0,3280.18
18901.88,73.23,82,0.0,3280.18
18901.88,73.23,100,0.0,3280.18
18901.88,73.26,100,1.225,3280.18
18901.88,73.15,92,0.0,3280.18
18901.88,72.81,92,0.0,3280.18
18901.88,73.56,94,1.2,3280.18
18901.88,73.08,94,0.0,3280.18
18901.88,73.24,93,0.0,3280.18
18901.88,73.12,93,1.2125,3280.18
18901.88,73.48,93,0.0,3280.18
18901.88,72.08,93,0.0,3280.18
18901.88,71.92,93,1.2125,3280.18
18901.88,71.93,93,0.0,3280.18
18901.88,72.33,94,0.0,3280.18
18901.88,72.4,94,0.0,3280.18
18901.88,72.4,91,0.0,3280.18
18901.88,72.47,91,1.2125,3280.18
18901.88,72.36,93,0.0,3280.18
18901.88,72.3,93,0.0,3280.18
18901.88,72.32,93,1.2125,3280.18
18901.88,71.96,94,1.2125,3280.18
18901.88,71.58,93,0.0,3280.18
18901.88,71.83,93,0.0,3280.18
18901.88,71.6,93,0.0,3280.18
18901.88,71.47,93,1.2125,3280.18
18901.88,71.92,93,0.0,3280.18
18901.88,71.45,83,2.425,3280.18
18901.88,68.44,83,0.0,3280.18
18901.88,69.05,88,0.0,3280.18
18901.88,68.2,88,0.0,3280.18
18901.88,68.1,91,0.0,3280.18
18901.88,68.63,91,1.225,3280.18
18901.88,69.02,94,0.0,3280.18
18901.88,69.55,94,0.0,3280.18
18901.88,69.84,94,1.2,3280.18
18901.88,68.97,94,0.0,3280.18
18901.88,69.3,92,1.2125,3280.18
18901.88,72.14,92,1.2125,3280.18
18901.88,71.38,93,0.0,3280.18
18901.88,72.11,93,0.0,3280.18
18901.88,72.21,94,1.2,3280.18
18901.88,72.04,94,0.0,3280.18
18901.88,72.3,93,0.0,3280.18
18901.88,71.7,93,0.0,3280.18
18901.88,71.56,91,1.225,3280.18
18901.88,71.44,91,0.0,3280.18
18901.88,71.51,92,0.0,3280.18
18901.88,71.36,92,0.0,3280.18
18901.88,71.12,94,0.0,3280.18
18901.88,71.31,94,2.4375,3280.18
18901.88,72.36,83,0.0,3280.18
18901.88,72.12,83,0.0,3280.18
18901.88,72.15,95,1.2125,3280.18
18901.88,71.67,95,0.0,3280.18
18901.88,72.3,93,0.0,3280.18
18901.88,72.38,93,0.0,3280.18
18901.88,72.35,93,1.2125,3280.18
18901.88,72.97,93,0.0,3280.18
18901.88,72.77,93,0.0,3280.18
18901.88,72.8,93,1.225,3280.18
18901.88,73.35,92,0.0,3280.18
18901.88,71.67,91,0.0,3280.18
18901.88,71.56,91,1.225,3280.18
18901.88,71.9,91,0.0,3280.18
18901.88,71.65,91,0.0,3280.18
18901.88,71.44,93,0.0,3280.18
18901.88,71.38,93,1.225,3280.18
18901.88,71.32,92,0.0,3280.18
18901.88,71.81,92,0.0,3280.18
18901.88,71.61,93,0.0,3280.18
18901.88,71.44,93,2.425,3280.18
18901.88,71.4,92,0.0,3280.18
18901.88,71.66,92,0.0,3280.18
18901.88,71.61,94,0.0,3280.18
18901.88,71.82,94,0.0,3280.18
18901.88,72.03,93,1.2125,3280.18
18901.88,71.33,93,0.0,3280.18
18901.88,71.75,93,0.0,3280.18
18901.88,71.73,93,0.0,3280.18
18901.88,70.97,93,1.2125,3280.18
18901.88,70.99,92,0.0,3280.18
18901.88,71.04,93,0.0,3280.18
18901.88,71.32,93,1.2125,3280.18
18901.88,71.32,93,0.0,3280.18
18901.88,71.33,91,1.2125,3280.18
18901.88,71.2,92,0.0,3280.18
18901.88,71.1,92,1.2,3280.18
18901.88,71.63,92,0.0,3280.18
18901.88,69.34,92,1.2125,3280.18
18901.88,69.16,82,1.2125,3280.18
18901.88,69.77,82,0.0,3280.18
18901.88,69.95,100,0.0,3280.18
18901.88,69.63,100,1.2125,3280.18
18901.88,69.83,91,0.0,3280.18
18901.88,69.78,91,0.0,3280.18
18901.88,69.86,93,0.0,3280.18
18901.88,69.77,93,1.2125,3280.18
18901.88,69.46,92,0.0,3280.18
18901.88,69.65,92,0.0,3280.18
18901.88,71.56,93,1.1875,3280.18
18901.88,71.53,92,1.2125,3280.18
18901.88,71.62,92,0.0,3280.18
18901.88,71.71,91,0.0,3280.18
18901.88,71.5,91,1.2125,3280.18
18901.88,71.87,94,0.0,3280.18
18901.88,72.11,94,0.0,3280.18
18901.88,71.51,91,0.0,3280.18
18901.88,71.89,91,1.2125,3280.18
18901.88,72.25,93,0.0,3280.18
18901.88,71.51,93,0.0,3280.18
18901.88,71.75,94,0.0,3280.18
18901.88,71.93,94,1.2125,3280.18
18901.88,71.21,93,0.0,3280.18
18901.88,71.86,93,0.0,3280.18
18901.88,71.11,91,1.2125,3280.18
18901.88,70.9,91,0.0,3280.18
18901.88,71.41,94,0.0,3280.18
18901.88,71.04,94,1.2125,3280.18
18901.88,70.6,93,1.2125,3280.18
18901.88,71.22,93,0.0,3280.18
18901.88,71.22,92,0.0,3280.18
18901.88,71.1,92,1.2125,3280.18
18901.88,71.6,91,0.0,3280.18
18901.88,71.86,91,0.0,3280.18
18901.88,71.33,93,1.2,3280.18
18901.88,72.07,93,0.0,3280.18
18901.88,72.27,94,0.0,3280.18
18901.88,71.68,94,1.2125,3280.18
18901.88,71.86,93,1.2125,3280.18
18901.88,73.95,93,0.0,3280.18
18901.88,73.42,82,1.2125,3280.18
18901.88,73.18,82,0.0,3280.18
18901.88,73.09,92,0.0,3280.18
18901.88,73.24,92,0.0,3280.18
18901.88,73.4,93,1.225,3280.18
18901.88,73.93,93,0.0,3280.18
18901.88,74.29,93,0.0,3280.18
18901.88,73.73,93,0.0,3280.18
18901.88,73.9,92,0.0,3280.18
18901.88,74.14,92,2.3625,3280.18
18901.88,71.37,92,0.0,3280.18
18901.88,71.54,92,0.0,3280.18
18901.88,72.02,93,1.225,3280.18
18901.88,72.11,93,0.0,3280.18
18901.88,72.19,93,0.0,3280.18
18901.88,71.63,93,1.225,3280.18
18901.88,71.52,93,0.0,3280.18
18901.88,71.33,93,0.0,3280.18
18901.88,71.29,93,0.0,3280.18
18901.88,71.45,93,1.2125,3280.18
18901.88,71.29,93,0.0,3280.18
18901.88,71.95,94,0.0,3280.18
18901.88,72.24,94,0.0,3280.18
18901.88,71.19,91,1.2125,3280.18
18901.88,71.25,91,0.0,3280.18
18901.88,71.28,92,0.0,3280.18
18901.88,71.12,92,1.2125,3280.18
18901.88,70.97,93,0.0,3280.18
18901.88,71.13,93,0.0,3280.18
18901.88,71.17,94,1.2125,3280.18
18901.88,70.75,94,0.0,3280.18
18901.88,70.75,93,0.0,3280.18
18901.88,70.77,93,0.0,3280.18
18901.88,71.96,93,1.225,3280.18
18901.88,72.05,93,0.0,3280.18
18901.88,71.38,93,0.0,3280.18
18901.88,71.69,93,1.225,3280.18
18901.88,71.79,94,2.4375,3280.18
18901.88,71.75,94,0.0,3280.18
18901.88,71.51,87,0.0,3280.18
18901.88,71.29,87,1.2125,3280.18
18901.88,71.12,97,0.0,3280.18
18901.88,71.52,97,0.0,3280.18
18901.88,71.29,94,0.0,3280.18
18901.88,71.51,94,1.2125,3280.18
18901.88,71.51,94,0.0,3280.18
18901.88,71.54,94,0.0,3280.18
18901.88,71.56,93,0.0,3280.18
18901.88,71.62,93,1.2125,3280.18
18901.88,71.4,93,0.0,3280.18
18901.88,71.52,94,0.0,3280.18
18901.88,71.79,94,0.0,3280.18
18901.88,71.58,91,1.2125,3280.18
18901.88,72.07,91,0.0,3280.18
18901.88,72.19,92,0.0,3280.18
18901.88,71.91,92,1.2125,3280.18
18901.88,72.45,94,0.0,3280.18
18901.88,71.96,94,0.0,3280.18
18901.88,71.67,93,1.2125,3280.18
18901.88,72.02,93,0.0,3280.18
18901.88,71.79,93,0.0,3280.18
18901.88,71.56,93,1.2125,3280.18
18901.88,72.18,94,1.2125,3280.18
18901.88,72.49,94,0.0,3280.18
18901.88,71.78,90,0.0,3280.18
18901.88,71.65,90,1.2125,3280.18
18901.88,71.79,93,1.2125,3280.18
18901.88,71.41,93,0.0,3280.18
18901.88,70.88,87,0.0,3280.18
18901.88,70.93,87,1.225,3280.18
18901.88,71.21,94,0.0,3280.18
18901.88,71.03,94,0.0,3280.18
18901.88,71.29,89,0.0,3280.18
18901.88,71.43,89,0.0,3280.18
18901.88,70.87,92,1.2375,3280.18
18901.88,71.07,92,0.0,3280.18
18901.88,71.17,93,0.0,3280.18
18901.88,70.76,93,0.0,3280.18
18901.88,70.86,93,1.2375,3280.18
18901.88,71.73,91,0.0,3280.18
18901.88,71.93,91,0.0,3280.18
18901.88,71.93,91,1.25,3280.18
18901.88,72.22,94,0.0,3280.18
18901.88,72.17,94,0.0,3280.18
18901.88,72.17,93,0.0,3280.18
18901.88,72.41,93,0.0,3280.18
18901.88,72.76,94,1.25,3280.18
18901.88,72.06,94,0.0,3280.18
18901.88,72.07,93,0.0,3280.18
18901.88,72.13,93,0.0,3280.18
18901.88,71.89,91,1.2375,3280.18
18901.88,71.84,91,0.0,3280.18
18901.88,71.97,93,0.0,3280.18
18901.88,71.89,93,0.0,3280.18
18901.88,71.97,92,2.4875,3280.18
18901.88,72.0,92,0.0,3280.18
18901.88,72.0,93,0.0,3280.18
18901.88,71.79,93,0.0,3280.18
18901.88,71.72,93,0.0,3280.18
18901.88,71.83,93,1.25,3280.18
18901.88,71.97,93,0.0,3280.18
18901.88,72.33,93,0.0,3280.18
18901.88,72.62,94,1.25,3280.18
18901.88,72.09,94,0.0,3280.18
18901.88,72.37,94,0.0,3280.18
18901.88,72.15,82,2.4875,3280.18
18901.88,73.02,82,0.0,3280.18
18901.88,72.92,98,0.0,3280.18
18901.88,72.27,98,0.0,3280.18
18901.88,72.76,93,1.25,3280.18
18901.88,73.05,93,0.0,3280.18
18901.88,73.14,93,0.0,3280.18
18901.88,73.0,93,1.25,3280.18
18901.88,72.96,93,0.0,3280.18
18901.88,72.93,93,0.0,3280.18
18901.88,72.86,94,0.0,3280.18
18901.88,71.74,94,1.25,3280.18
18901.88,71.88,94,0.0,3280.18
18901.88,72.03,94,0.0,3280.18
18901.88,72.12,93,1.25,3280.18
18901.88,72.16,93,0.0,3280.18
18901.88,71.82,93,0.0,3280.18
18901.88,72.31,93,1.2125,3280.18
18901.88,71.73,93,0.0,3280.18
18901.88,72.06,93,0.0,3280.18
18901.88,72.06,93,0.0,3280.18
18901.88,72.19,94,1.2125,3280.18
18901.88,71.48,94,0.0,3280.18
18901.88,71.66,92,0.0,3280.18
18901.88,71.76,92,1.2125,3280.18
18901.88,72.04,92,0.0,3280.18
18901.88,72.25,92,0.0,3280.18
18901.88,71.72,93,0.0,3280.18
18901.88,71.8,93,1.2125,3280.18
18901.88,71.69,93,0.0,3280.18
18901.88,71.62,93,0.0,3280.18
18901.88,71.55,93,1.2125,3280.18
18901.88,71.53,93,0.0,3280.18
18901.88,72.16,93,0.0,3280.18
18901.88,71.29,92,0.0,3280.18
18901.88,71.63,92,1.225,3280.18
18901.88,71.66,93,0.0,3280.18
18901.88,71.68,93,0.0,3280.18
18901.88,71.65,93,1.2125,3280.18
18901.88,71.53,93,2.4375,3280.18
18901.88,72.36,81,0.0,3280.18
18901.88,72.32,81,1.225,3280.18
18901.88,71.68,96,0.0,3280.18
18901.88,72.06,96,0.0,3280.18
18901.88,72.0,93,0.0,3280.18
18901.88,72.85,93,1.225,3280.18
18901.88,72.99,94,0.0,3280.18
18901.88,72.47,94,0.0,3280.18
18901.88,72.89,93,0.0,3280.18
18901.88,72.77,93,1.225,3280.18
18901.88,72.41,91,0.0,3280.18
18901.88,71.91,92,0.0,3280.18
18901.88,71.88,92,0.0,3280.18
18901.88,72.46,94,1.2125,3280.18
18901.88,72.48,94,0.0,3280.18
18901.88,72.2,93,0.0,3280.18
18901.88,72.2,93,1.225,3280.18
18901.88,72.28,92,0.0,3280.18
18901.88,72.39,92,0.0,3280.18
18901.88,72.26,93,1.2125,3280.18
18901.88,72.25,93,0.0,3280.18
18901.88,72.48,93,1.2125,3280.18
18901.88,73.41,93,1.225,3280.18
18901.88,73.46,83,0.0,3280.18
18901.88,72.42,83,0.0,3280.18
18901.88,72.55,96,0.0,3280.18
18901.88,72.85,96,1.2125,3280.18
18901.88,72.74,93,0.0,3280.18
18901.88,73.4,93,0.0,3280.18
18901.88,72.94,93,1.2125,3280.18
18901.88,72.97,93,0.0,3280.18
18901.88,73.14,94,0.0,3280.18
18901.88,72.51,94,0.0,3280.18
18901.88,71.64,93,1.225,3280.18
18901.88,71.57,93,0.0,3280.18
18901.88,72.01,95,0.0,3280.18
18901.88,72.18,95,0.0,3280.18
18901.88,71.67,95,0.0,3280.18
18901.88,71.59,95,0.0,3280.18
18901.88,71.26,96,1.2375,3280.18
18901.88,71.25,96,0.0,3280.18
18901.88,71.55,95,0.0,3280.18
18901.88,71.33,95,1.225,3280.18
18901.88,73.14,82,2.4375,3280.18
18901.88,73.08,82,0.0,3280.18
18901.88,73.16,100,0.0,3280.18
18901.88,73.11,100,0.0,3280.18
18901.88,73.37,91,0.0,3280.18
18901.88,73.9,93,1.225,3280.18
18901.88,73.86,93,0.0,3280.18
18901.88,74.11,94,0.0,3280.18
18901.88,73.77,94,0.0,3280.18
18901.88,73.77,94,1.225,3280.18
18901.88,72.47,94,0.0,3280.18
18901.88,72.39,94,0.0,3280.18
18901.88,72.31,93,0.0,3280.18
18901.88,72.48,93,1.225,3280.18
18901.88,72.48,93,0.0,3280.18
18901.88,72.3,93,0.0,3280.18
18901.88,71.81,94,0.0,3280.18
18901.88,71.77,94,0.0,3280.18
18901.88,71.68,93,1.2125,3280.18
18901.88,71.67,93,0.0,3280.18
18901.88,71.77,93,0.0,3280.18
18901.88,71.59,93,1.225,3280.18
18901.88,71.48,93,0.0,3280.18
18901.88,71.48,93,0.0,3280.18
18901.88,71.61,94,0.0,3280.18
18901.88,71.61,94,0.0,3280.18
18901.88,71.52,93,1.225,3280.18
18901.88,71.9,93,0.0,3280.18
18901.88,71.9,93,1.2125,3280.18
18901.88,71.86,91,1.2125,3280.18
18901.88,71.82,91,0.0,3280.18
18901.88,71.66,93,0.0,3280.18
18901.88,71.46,93,0.0,3280.18
18901.88,71.79,92,1.225,3280.18
18901.88,71.77,92,0.0,3280.18
18901.88,72.3,92,0.0,3280.18
18901.88,71.88,92,0.0,3280.18
18901.88,71.56,93,1.2,3280.18
18901.88,71.62,93,0.0,3280.18
18901.88,71.09,91,2.425,3280.18
18901.88,73.2,91,0.0,3280.18
18901.88,73.48,82,0.0,3280.18
18901.88,73.59,82,1.2125,3280.18
18901.88,73.46,100,0.0,3280.18
18901.88,73.18,100,0.0,3280.18
18901.88,73.21,92,0.0,3280.18
18901.88,73.31,92,1.2125,3280.18
18901.88,73.78,91,0.0,3280.18
18901.88,73.87,91,0.0,3280.18
18901.88,73.73,92,1.2125,3280.18
18901.88,74.26,92,0.0,3280.18
18901.88,71.7,92,0.0,3280.18
18901.88,71.62,92,2.425,3280.18
18901.88,71.67,93,0.0,3280.18
18901.88,71.39,93,0.0,3280.18
18901.88,72.1,93,0.0,3280.18
18901.88,72.34,93,1.2125,3280.18
18901.88,72.09,93,0.0,3280.18
18901.88,72.27,94,0.0,3280.18
18901.88,72.32,94,1.225,3280.18
18901.88,72.04,93,0.0,3280.18
18901.88,73.14,93,0.0,3280.18
18901.88,73.17,93,1.2,3280.18
18901.88,72.97,93,0.0,3280.18
18901.88,73.42,94,0.0,3280.18
18901.88,73.7,94,0.0,3280.18
18901.88,73.41,93,1.225,3280.18
18901.88,73.14,93,1.225,3280.18
18901.88,75.07,78,0.0,3280.18
18901.88,74.8,78,2.4,3280.18
18901.88,73.95,96,0.0,3280.18
18901.88,74.1,96,0.0,3280.18
18901.88,74.19,93,0.0,3280.18
18901.88,73.92,93,1.2125,3280.18
18901.88,74.28,93,0.0,3280.18
18901.88,74.46,93,0.0,3280.18
18901.88,74.04,91,1.2125,3280.18
18901.88,74.07,91,0.0,3280.18
18901.88,74.09,92,0.0,3280.18
18901.88,71.79,92,0.0,3280.18
18901.88,72.73,93,1.2125,3280.18
18901.88,72.55,90,0.0,3280.18
18901.88,72.29,90,0.0,3280.18
18901.88,72.36,93,1.2125,3280.18
18901.88,72.3,93,0.0,3280.18
18901.88,72.27,92,0.0,3280.18
18901.88,72.1,92,1.2125,3280.18
18901.88,71.97,93,0.0,3280.18
18901.88,71.84,93,0.0,3280.18
18901.88,72.09,92,0.0,3280.18
18901.88,72.26,92,1.225,3280.18
18901.88,72.47,91,0.0,3280.18
18901.88,72.86,91,0.0,3280.18
18901.88,72.72,94,1.225,3280.18
18901.88,72.66,94,1.225,3280.18
18901.88,72.52,93,0.0,3280.18
18901.88,72.38,93,0.0,3280.18
18901.88,72.58,93,0.0,3280.18
18901.88,72.81,93,1.2125,3280.18
18901.88,72.22,93,0.0,3280.18
18901.88,72.21,93,0.0,3280.18
18901.88,72.18,94,0.0,3280.18
18901.88,71.47,94,1.2125,3280.18
18901.88,71.37,91,0.0,3280.18
18901.88,71.28,91,0.0,3280.18
18901.88,71.36,90,0.0,3280.18
18901.88,71.27,90,2.45,3280.18
18901.88,71.83,90,0.0,3280.18
18901.88,71.85,83,0.0,3280.18
18901.88,70.83,83,1.2,3280.18
18901.88,71.36,96,0.0,3280.18
18901.88,71.87,94,1.2125,3280.18
18901.88,71.54,93,0.0,3280.18
18901.88,72.57,93,1.2125,3280.18
18901.88,72.44,91,0.0,3280.18
18901.88,72.32,91,1.2125,3280.18
18901.88,72.68,91,0.0,3280.18
18901.88,71.81,91,0.0,3280.18
18901.88,71.68,91,1.2125,3280.18
18901.88,72.62,92,0.0,3280.18
18901.88,72.38,91,0.0,3280.18
18901.88,72.11,91,0.0,3280.18
18901.88,72.53,93,1.2125,3280.18
18901.88,72.07,93,0.0,3280.18
18901.88,72.28,94,0.0,3280.18
18901.88,72.49,94,0.0,3280.18
18901.88,72.38,92,1.225,3280.18
18901.88,72.25,92,0.0,3280.18
18901.88,72.19,93,0.0,3280.18
18901.88,72.26,93,1.225,3280.18
18901.88,72.47,93,0.0,3280.18
18901.88,72.34,93,0.0,3280.18
18901.88,72.34,91,0.0,3280.18
18901.88,72.3,91,1.2125,3280.18
18901.88,72.22,93,0.0,3280.18
18901.88,72.25,93,0.0,3280.18
18901.88,72.21,91,1.225,3280.18
18901.88,72.1,91,0.0,3280.18
18901.88,72.26,93,0.0,3280.18
18901.88,72.4,93,0.0,3280.18
18901.88,72.55,94,1.2125,3280.18
18901.88,72.57,94,0.0,3280.18
18901.88,72.61,93,0.0,3280.18
18901.88,72.64,93,0.0,3280.18
18901.88,72.56,92,1.225,3280.18
18901.88,72.2,92,1.2125,3280.18
18901.88,73.13,80,1.2125,3280.18
18901.88,72.71,80,1.2125,3280.18
18901.88,71.49,97,0.0,3280.18
18901.88,71.19,97,0.0,3280.18
18901.88,71.94,92,1.2,3280.18
18901.88,71.53,92,0.0,3280.18
18901.88,71.47,91,1.2125,3280.18
18901.88,72.09,91,0.0,3280.18
18901.88,71.76,93,0.0,3280.18
18901.88,71.57,93,0.0,3280.18
18901.88,72.3,93,0.0,3280.18
18901.88,70.65,93,1.225,3280.18
18901.88,70.53,93,0.0,3280.18
18901.88,71.87,93,0.0,3280.18
18901.88,71.83,91,0.0,3280.18
18901.88,71.49,91,1.225,3280.18
18901.88,72.23,93,0.0,3280.18
18901.88,71.95,93,0.0,3280.18
18901.88,71.83,93,0.0,3280.18
18901.88,72.06,93,1.225,3280.18
18901.88,72.1,93,0.0,3280.18
18901.88,72.02,92,0.0,3280.18
18901.88,71.86,92,0.0,3280.18
18901.88,71.99,91,1.225,3280.18
18901.88,72.23,91,1.225,3280.18
18901.88,72.83,80,0.0,3280.18
18901.88,74.45,80,0.0,3280.18
18901.88,74.16,96,1.225,3280.18
18901.88,73.78,96,0.0,3280.18
18901.88,73.89,93,1.225,3280.18
18901.88,74.13,93,0.0,3280.18
18901.88,73.67,91,0.0,3280.18
18901.88,74.21,91,1.225,3280.18
18901.88,74.71,93,0.0,3280.18
18901.88,73.91,93,0.0,3280.18
18901.88,73.81,92,0.0,3280.18
18901.88,72.25,92,1.2125,3280.18
18901.88,71.97,91,0.0,3280.18
18901.88,72.27,91,0.0,3280.18
18901.88,72.24,93,1.2125,3280.18
18901.88,72.13,93,0.0,3280.18
18901.88,72.01,94,0.0,3280.18
18901.88,72.19,94,1.2125,3280.18
18901.88,72.47,93,0.0,3280.18
18901.88,71.82,93,0.0,3280.18
18901.88,72.3,93,0.0,3280.18
18901.88,72.0,93,0.0,3280.18
18901.88,71.7,93,1.225,3280.18
18901.88,72.2,93,1.2125,3280.18
18901.88,71.63,93,0.0,3280.18
18901.88,71.83,93,0.0,3280.18
18901.88,71.92,94,1.225,3280.18
18901.88,71.48,94,0.0,3280.18
18901.88,71.74,91,1.2125,3280.18
18901.88,71.81,91,0.0,3280.18
18901.88,72.07,93,0.0,3280.18
18901.88,72.3,93,0.0,3280.18
18901.88,71.8,93,1.2125,3280.18
18901.88,71.87,93,0.0,3280.18
18901.88,71.86,93,0.0,3280.18
18901.88,71.99,93,0.0,3280.18
18901.88,71.97,92,1.175,3280.18
18901.88,72.07,92,0.0,3280.18
18901.88,72.1,92,2.425,3280.18
18901.88,69.3,78,0.0,3280.18
18901.88,69.22,78,1.2125,3280.18
18901.88,68.58,93,0.0,3280.18
18901.88,68.33,93,0.0,3280.18
18901.88,68.97,94,1.2125,3280.18
18901.88,68.61,94,0.0,3280.18
18901.88,68.61,90,0.0,3280.18
18901.88,69.62,90,0.0,3280.18
18901.88,69.24,90,1.2125,3280.18
18901.88,69.42,90,1.2125,3280.18
18901.88,72.09,94,0.0,3280.18
18901.88,71.41,94,1.2125,3280.18
18901.88,72.39,93,0.0,3280.18
18901.88,72.39,93,0.0,3280.18
18901.88,72.25,93,1.2125,3280.18
18901.88,72.25,93,0.0,3280.18
18901.88,72.52,93,0.0,3280.18
18901.88,72.25,93,0.0,3280.18
18901.88,71.92,93,1.2125,3280.18
18901.88,71.92,93,0.0,3280.18
18901.88,71.58,93,0.0,3280.18
18901.88,72.04,93,1.2,3280.18
18901.88,72.39,93,0.0,3280.18
18901.88,71.86,93,0.0,3280.18
18901.88,72.12,93,0.0,3280.18
18901.88,71.61,93,1.2125,3280.18
18901.88,71.81,93,0.0,3280.18
18901.88,71.94,93,0.0,3280.18
18901.88,71.83,94,1.2125,3280.18
18901.88,72.0,94,0.0,3280.18
18901.88,72.0,95,0.0,3280.18
18901.88,71.51,95,1.2125,3280.18
18901.88,72.08,92,0.0,3280.18
18901.88,71.96,92,1.225,3280.18
18901.88,72.36,94,0.0,3280.18
18901.88,72.4,94,0.0,3280.18
18901.88,72.57,91,1.2,3280.18
18901.88,72.83,91,1.2125,3280.18
18901.88,75.03,93,1.2125,3280.18
18901.88,74.89,83,0.0,3280.18
18901.88,74.38,83,0.0,3280.18
18901.88,74.85,93,1.2125,3280.18
18901.88,75.27,93,0.0,3280.18
18901.88,75.41,90,0.0,3280.18
18901.88,75.65,90,1.2125,3280.18
18901.88,75.82,93,0.0,3280.18
18901.88,75.3,93,0.0,3280.18
18901.88,75.24,93,1.1875,3280.18
18901.88,75.33,92,0.0,3280.18
18901.88,72.72,92,0.0,3280.18
18901.88,72.89,93,0.0,3280.18
18901.88,72.91,93,1.225,3280.18
18901.88,72.91,92,0.0,3280.18
18901.88,72.93,92,0.0,3280.18
18901.88,72.48,91,1.2125,3280.18
18901.88,72.49,91,1.225,3280.18
18901.88,73.52,83,1.2125,3280.18
18901.88,73.69,83,0.0,3280.18
18901.88,73.7,90,0.0,3280.18
18901.88,73.54,90,1.1875,3280.18
18901.88,73.54,92,0.0,3280.18
18901.88,74.06,92,0.0,3280.18
18901.88,74.3,93,1.2125,3280.18
18901.88,73.46,93,0.0,3280.18
18901.88,73.83,92,0.0,3280.18
18901.88,73.29,92,0.0,3280.18
18901.88,71.55,93,1.2125,3280.18
18901.88,71.64,93,0.0,3280.18
18901.88,71.46,92,0.0,3280.18
18901.88,71.25,92,1.225,3280.18
18901.88,71.15,93,0.0,3280.18
18901.88,71.58,93,0.0,3280.18
18901.88,71.81,93,0.0,3280.18
18901.88,71.95,93,1.2125,3280.18
18901.88,72.37,91,0.0,3280.18
18901.88,72.49,91,0.0,3280.18
18901.88,72.83,91,0.0,3280.18
18901.88,73.04,91,1.225,3280.18
18901.88,73.08,95,0.0,3280.18
18901.88,73.2,95,0.0,3280.18
18901.88,73.51,94,1.225,3280.18
18901.88,73.11,94,0.0,3280.18
18901.88,73.11,94,1.225,3280.18
18901.88,73.09,94,0.0,3280.18
18901.88,72.67,94,0.0,3280.18
18901.88,72.76,94,0.0,3280.18
18901.88,72.05,93,1.225,3280.18
18901.88,72.16,93,0.0,3280.18
18901.88,72.08,94,0.0,3280.18
18901.88,71.88,94,1.225,3280.18
18901.88,72.31,94,0.0,3280.18
18901.88,71.63,94,0.0,3280.18
18901.88,71.95,93,0.0,3280.18
18901.88,71.68,82,2.4375,3280.18
18901.88,72.54,82,0.0,3280.18
18901.88,72.35,97,0.0,3280.18
18901.88,71.09,97,0.0,3280.18
18901.88,71.54,94,1.225,3280.18
18901.88,71.8,94,0.0,3280.18
18901.88,72.33,93,0.0,3280.18
18901.88,71.8,93,0.0,3280.18
18901.88,72.13,94,0.0,3280.18
18901.88,71.97,94,1.225,3280.18
18901.88,72.15,93,0.0,3280.18
18901.88,71.05,93,0.0,3280.18
18901.88,70.66,93,1.2125,3280.18
18901.88,71.79,93,0.0,3280.18
18901.88,72.07,93,0.0,3280.18
18901.88,71.45,93,0.0,3280.18
18901.88,71.62,93,1.225,3280.18
18901.88,71.46,93,0.0,3280.18
18901.88,71.72,94,1.225,3280.18
18901.88,72.32,94,0.0,3280.18
18901.88,72.54,88,0.0,3280.18
18901.88,71.78,88,1.2125,3280.18
18901.88,71.81,93,1.225,3280.18
18901.88,72.68,93,0.0,3280.18
18901.88,72.56,93,0.0,3280.18
18901.88,72.62,93,1.225,3280.18
18901.88,72.47,93,0.0,3280.18
18901.88,72.36,93,0.0,3280.18
18901.88,72.37,94,0.0,3280.18
18901.88,72.21,94,1.225,3280.18
18901.88,71.74,93,0.0,3280.18
18901.88,71.36,93,0.0,3280.18
18901.88,72.14,93,0.0,3280.18
18901.88,72.2,93,1.225,3280.18
18901.88,71.73,93,0.0,3280.18
18901.88,72.11,93,0.0,3280.18
18901.88,71.47,94,0.0,3280.18
18901.88,71.87,94,1.2125,3280.18
18901.88,72.06,94,0.0,3280.18
18901.88,71.45,94,0.0,3280.18
18901.88,71.38,92,1.2125,3280.18
18901.88,71.49,93,0.0,3280.18
18901.88,71.97,93,0.0,3280.18
18901.88,72.2,93,0.0,3280.18
18901.88,71.8,93,1.2125,3280.18
18901.88,71.97,94,0.0,3280.18
18901.88,71.89,94,0.0,3280.18
18901.88,71.95,93,1.2125,3280.18
18901.88,71.69,93,0.0,3280.18
18901.88,72.01,93,0.0,3280.18
18901.88,72.33,93,1.2125,3280.18
18901.88,71.85,93,0.0,3280.18
18901.88,71.86,93,1.2125,3280.18
18901.88,71.89,93,0.0,3280.18
18901.88,72.19,93,1.2125,3280.18
18901.88,72.48,93,0.0,3280.18
18901.88,72.11,93,1.2,3280.18
18901.88,74.06,83,0.0,3280.18
18901.88,73.61,83,1.2125,3280.18
18901.88,73.14,98,0.0,3280.18
18901.88,73.5,98,0.0,3280.18
18901.88,73.43,93,0.0,3280.18
18901.88,74.16,93,1.2125,3280.18
18901.88,73.82,93,0.0,3280.18
18901.88,73.57,93,0.0,3280.18
18901.88,73.81,93,1.2125,3280.18
18901.88,73.48,93,0.0,3280.18
18901.88,73.88,93,0.0,3280.18
18901.88,71.66,93,0.0,3280.18
18901.88,71.76,93,1.225,3280.18
18901.88,72.44,93,0.0,3280.18
18901.88,71.78,91,1.2125,3280.18
18901.88,71.89,91,0.0,3280.18
18901.88,71.83,94,1.225,3280.18
18901.88,72.31,94,0.0,3280.18
18901.88,72.52,93,1.2375,3280.18
18901.88,71.11,93,1.175,3280.18
18901.88,70.87,84,0.0,3280.18
18901.88,69.64,84,0.0,3280.18
18901.88,70.31,95,1.225,3280.18
18901.88,70.95,95,0.0,3280.18
18901.88,71.14,92,0.0,3280.18
18901.88,71.86,93,0.0,3280.18
18901.88,71.54,93,1.225,3280.18
18901.88,71.16,93,0.0,3280.18
18901.88,71.18,93,0.0,3280.18
18901.88,70.99,94,0.0,3280.18
18901.88,72.12,94,1.225,3280.18
18901.88,71.75,93,0.0,3280.18
18901.88,72.6,93,0.0,3280.18
18901.88,72.76,93,0.0,3280.18
18901.88,72.33,93,1.225,3280.18
18901.88,72.0,93,0.0,3280.18
18901.88,72.11,93,0.0,3280.18
18901.88,72.41,93,0.0,3280.18
18901.88,72.24,93,1.225,3280.18
18901.88,72.21,94,0.0,3280.18
18901.88,71.69,94,0.0,3280.18
18901.88,71.97,92,1.2125,3280.18
18901.88,72.47,92,0.0,3280.18
18901.88,71.84,91,1.2125,3280.18
18901.88,71.86,91,1.2125,3280.18
18901.88,71.73,93,0.0,3280.18
18901.88,71.95,93,0.0,3280.18
18901.88,72.3,93,0.0,3280.18
18901.88,71.41,93,1.2125,3280.18
18901.88,71.23,92,0.0,3280.18
18901.88,71.25,92,0.0,3280.18
18901.88,71.46,93,0.0,3280.18
18901.88,71.88,93,1.2125,3280.18
18901.88,71.76,92,0.0,3280.18
18901.88,71.88,92,0.0,3280.18
18901.88,72.12,93,0.0,3280.18
18901.88,71.76,93,2.375,3280.18
18901.88,71.84,92,0.0,3280.18
18901.88,72.65,92,0.0,3280.18
18901.88,73.19,85,1.2125,3280.18
18901.88,73.2,85,0.0,3280.18
18901.88,72.85,95,0.0,3280.18
18901.88,73.46,95,1.2125,3280.18
18901.88,73.37,93,0.0,3280.18
18901.88,73.31,93,0.0,3280.18
18901.88,73.79,94,1.2125,3280.18
18901.88,73.18,91,0.0,3280.18
18901.88,73.38,91,0.0,3280.18
18901.88,72.01,93,1.225,3280.18
18901.88,72.01,93,0.0,3280.18
18901.88,71.9,93,0.0,3280.18
18901.88,72.1,93,1.2125,3280.18
18901.88,72.06,93,0.0,3280.18
18901.88,71.86,93,0.0,3280.18
18901.88,71.58,92,0.0,3280.18
18901.88,71.24,92,1.225,3280.18
18901.88,71.78,94,0.0,3280.18
18901.88,71.46,94,0.0,3280.18
18901.88,70.93,93,1.2,3280.18
18901.88,71.33,93,1.2125,3280.18
18901.88,70.88,91,0.0,3280.18
18901.88,70.53,91,0.0,3280.18
18901.88,71.33,92,1.2125,3280.18
18901.88,70.93,92,0.0,3280.18
18901.88,70.69,93,0.0,3280.18
18901.88,71.35,93,1.2125,3280.18
18901.88,70.19,92,0.0,3280.18
18901.88,70.19,92,0.0,3280.18
18901.88,70.59,92,0.0,3280.18
18901.88,70.96,92,1.2125,3280.18
18901.88,70.77,91,0.0,3280.18
18901.88,72.19,91,0.0,3280.18
18901.88,71.76,93,1.2125,3280.18
18901.88,72.37,93,0.0,3280.18
18901.88,72.11,94,0.0,3280.18
18901.88,71.82,94,1.2125,3280.18
18901.88,73.0,93,1.2125,3280.18
18901.88,73.02,85,0.0,3280.18
18901.88,73.02,85,0.0,3280.18
18901.88,71.98,85,1.225,3280.18
18901.88,72.67,96,0.0,3280.18
18901.88,72.67,96,0.0,3280.18
18901.88,72.13,93,0.0,3280.18
18901.88,72.13,93,1.2125,3280.18
18901.88,72.39,94,0.0,3280.18
18901.88,71.94,94,0.0,3280.18
18901.88,71.98,91,0.0,3280.18
18901.88,72.31,91,0.0,3280.18
18901.88,71.99,93,1.2125,3280.18
18901.88,71.74,93,0.0,3280.18
18901.88,72.29,92,2.4125,3280.18
18901.88,72.29,92,0.0,3280.18
18901.88,72.11,94,0.0,3280.18
18901.88,72.3,94,0.0,3280.18
18901.88,72.86,94,0.0,3280.18
18901.88,72.78,90,1.2375,3280.18
18901.88,73.07,90,0.0,3280.18
18901.88,72.82,90,0.0,3280.18
18901.88,72.46,90,1.2375,3280.18
18901.88,72.51,92,0.0,3280.18
18901.88,73.12,92,0.0,3280.18
18901.88,73.06,93,0.0,3280.18
18901.88,73.06,93,1.2375,3280.18
18901.88,72.42,91,0.0,3280.18
18901.88,72.39,91,0.0,3280.18
18901.88,71.97,94,1.2375,3280.18
18901.88,71.73,94,0.0,3280.18
18901.88,71.6,93,0.0,3280.18
18901.88,71.78,93,0.0,3280.18
18901.88,71.59,90,1.2375,3280.18
18901.88,71.62,90,0.0,3280.18
18901.88,71.7,93,0.0,3280.18
18901.88,71.72,93,0.0,3280.18
18901.88,71.56,94,1.25,3280.18
18901.88,72.08,94,0.0,3280.18
18901.88,71.94,93,1.2375,3280.18
18901.88,70.13,93,0.0,3280.18
18901.88,70.4,85,0.0,3280.18
18901.88,69.21,85,2.4875,3280.18
18901.88,68.99,94,0.0,3280.18
18901.88,69.94,94,0.0,3280.18
18901.88,69.7,92,0.0,3280.18
18901.88,69.84,92,0.0,3280.18
18901.88,69.56,92,1.25,3280.18
18901.88,69.42,93,0.0,3280.18
18901.88,69.66,94,0.0,3280.18
18901.88,69.41,93,0.0,3280.18
18901.88,71.05,93,1.25,3280.18
18901.88,71.4,93,0.0,3280.18
18901.88,72.5,93,0.0,3280.18
18901.88,72.75,94,0.0,3280.18
18901.88,72.69,94,1.2375,3280.18
18901.88,72.69,94,0.0,3280.18
18901.88,72.32,93,0.0,3280.18
18901.88,72.52,93,0.0,3280.18
18901.88,72.52,94,1.2375,3280.18
18901.88,72.19,94,0.0,3280.18
18901.88,72.24,93,0.0,3280.18
18901.88,72.15,93,1.2375,3280.18
18901.88,71.97,93,0.0,3280.18
18901.88,72.29,93,0.0,3280.18
18901.88,72.22,90,1.2375,3280.18
18901.88,72.4,90,0.0,3280.18
18901.88,72.5,93,0.0,3280.18
18901.88,72.61,93,1.2125,3280.18
18901.88,72.6,92,0.0,3280.18
18901.88,72.5,92,0.0,3280.18
18901.88,72.26,92,1.2125,3280.18
18901.88,72.13,92,0.0,3280.18
18901.88,72.3,93,0.0,3280.18
18901.88,71.71,93,1.2125,3280.18
18901.88,71.4,91,0.0,3280.18
18901.88,71.53,91,0.0,3280.18
18901.88,71.65,93,1.2125,3280.18
18901.88,71.56,93,1.2125,3280.18
18901.88,71.46,93,0.0,3280.18
18901.88,72.41,93,0.0,3280.18
18901.88,72.16,88,1.2125,3280.18
18901.88,72.59,92,0.0,3280.18
18901.88,72.6,92,0.0,3280.18
18901.88,72.55,93,1.2125,3280.18
18901.88,73.43,93,0.0,3280.18
18901.88,73.19,92,0.0,3280.18
18901.88,73.08,92,1.2125,3280.18
18901.88,73.27,90,0.0,3280.18
18901.88,72.74,90,0.0,3280.18
18901.88,73.12,93,0.0,3280.18
18901.88,72.06,93,1.225,3280.18
18901.88,72.34,94,1.225,3280.18
18901.88,72.34,94,0.0,3280.18
18901.88,72.35,94,0.0,3280.18
18901.88,72.08,94,0.0,3280.18
18901.88,72.47,93,1.225,3280.18
18901.88,72.42,93,0.0,3280.18
18901.88,71.83,93,0.0,3280.18
18901.88,72.13,93,0.0,3280.18
18901.88,71.45,93,1.225,3280.18
18901.88,71.57,93,0.0,3280.18
18901.88,71.96,94,1.2125,3280.18
18901.88,73.04,94,0.0,3280.18
18901.88,73.3,88,0.0,3280.18
18901.88,72.93,88,1.2125,3280.18
18901.88,72.64,92,0.0,3280.18
18901.88,72.76,92,0.0,3280.18
18901.88,72.95,94,1.2,3280.18
18901.88,73.13,94,0.0,3280.18
18901.88,73.26,94,0.0,3280.18
18901.88,73.5,94,0.0,3280.18
18901.88,73.2,92,1.2125,3280.18
18901.88,73.23,92,0.0,3280.18
18901.88,71.57,93,0.0,3280.18
18901.88,71.69,93,1.2125,3280.18
18901.88,71.12,92,0.0,3280.18
18901.88,71.69,92,0.0,3280.18
18901.88,71.76,94,0.0,3280.18
18901.88,71.17,94,1.2125,3280.18
18901.88,71.53,94,0.0,3280.18
18901.88,71.0,94,0.0,3280.18
18901.88,71.39,94,1.2125,3280.18
18901.88,71.84,94,0.0,3280.18
18901.88,71.5,94,0.0,3280.18
18901.88,72.02,93,0.0,3280.18
18901.88,71.51,93,1.2125,3280.18
18901.88,72.26,93,1.2125,3280.18
18901.88,72.47,93,0.0,3280.18
18901.88,72.09,93,0.0,3280.18
18901.88,72.58,93,1.225,3280.18
18901.88,72.23,93,0.0,3280.18
18901.88,72.23,93,0.0,3280.18
18901.88,71.88,93,0.0,3280.18
18901.88,72.25,93,1.2125,3280.18
18901.88,71.75,94,0.0,3280.18
18901.88,72.09,94,0.0,3280.18
18901.88,72.15,94,1.2125,3280.18
18901.88,72.23,94,0.0,3280.18
18901.88,71.72,94,0.0,3280.18
18901.88,73.93,94,1.2125,3280.3
18901.88,73.75,82,1.2125,3280.3
18901.88,73.26,82,0.0,3280.3
18901.88,73.27,98,0.0,3280.3
18901.88,73.1,93,0.0,3280.3
18901.88,73.75,93,1.2125,3280.3
18901.88,73.76,93,0.0,3280.3
18901.88,73.8,93,0.0,3280.3
18901.88,73.55,93,0.0,3280.3
18901.88,73.22,94,2.4375,3280.3
18901.88,73.83,94,0.0,3280.3
18901.88,69.69,93,1.225,3280.3
18901.88,69.66,93,0.0,3280.3
18901.88,69.86,86,1.225,3280.3
18901.88,69.57,95,0.0,3280.3
18901.88,69.66,95,0.0,3280.3
18901.88,69.65,94,0.0,3280.3
18901.88,69.69,94,1.225,3280.3
18901.88,69.85,94,0.0,3280.3
18901.88,69.82,94,0.0,3280.3
18901.88,69.82,93,0.0,3280.3
18901.88,69.56,93,0.0,3280.3
18901.88,71.26,92,1.2125,3280.3
18901.88,71.55,92,0.0,3280.3
18901.88,71.06,92,0.0,3280.3
18901.88,69.75,92,2.4375,3280.3
18901.88,70.03,79,0.0,3280.3
18901.88,69.98,79,0.0,3280.3
18901.88,70.01,100,0.0,3280.3
18901.88,69.08,100,1.2125,3280.3
18901.88,69.32,92,0.0,3280.3
18901.88,69.75,92,0.0,3280.3
18901.88,69.45,92,1.2125,3280.3
18901.88,69.94,92,0.0,3280.3
18901.88,69.98,94,0.0,3280.3
18901.88,70.56,94,1.2125,3280.3
18901.88,72.38,92,1.225,3280.3
18901.88,72.33,92,0.0,3280.3
18901.88,71.94,91,0.0,3280.3
18901.88,71.69,94,0.0,3280.3
18901.88,72.55,94,1.2125,3280.3
18901.88,72.57,92,0.0,3280.3
18901.88,72.28,92,0.0,3280.3
18901.88,72.69,92,1.2125,3280.3
18901.88,73.08,92,0.0,3280.3
18901.88,73.04,94,0.0,3280.3
18901.88,73.5,94,0.0,3280.3
18901.88,73.74,92,1.225,3280.3
18901.88,73.25,92,0.0,3280.3
18901.88,73.71,93,0.0,3280.3
18901.88,73.38,93,0.0,3280.3
18901.88,73.64,94,0.0,3280.3
18901.88,73.15,94,1.2125,3280.3
18901.88,72.93,93,0.0,3280.3
18901.88,72.88,93,1.2125,3280.3
18901.88,72.45,93,0.0,3280.3
18901.88,72.03,93,0.0,3280.3
18901.88,71.88,94,0.0,3280.3
18901.88,71.67,94,1.2125,3280.3
18901.88,71.48,94,0.0,3280.3
18901.88,71.64,94,0.0,3280.3
18901.88,71.47,93,1.2125,3280.3
18901.88,71.43,93,0.0,3280.3
18901.88,71.85,94,0.0,3280.3
18901.88,71.83,94,0.0,3280.3
18901.88,71.79,95,2.425,3280.3
18901.88,72.29,95,1.2125,3280.3
18901.88,71.51,88,0.0,3280.3
18901.88,71.5,88,0.0,3280.3
18901.88,71.48,93,0.0,3280.3
18901.88,71.69,93,1.2125,3280.3
18901.88,71.84,93,0.0,3280.3
18901.88,72.14,93,0.0,3280.3
18901.88,72.08,94,0.0,3280.3
18901.88,71.7,93,1.2125,3280.3
18901.88,71.44,93,0.0,3280.3
18901.88,71.15,93,0.0,3280.3
18901.88,74.13,93,1.225,3280.3
18901.88,73.78,93,1.2125,3280.3
18901.88,73.37,87,0.0,3280.3
18901.88,73.34,94,0.0,3280.3
18901.88,73.44,94,0.0,3280.3
18901.88,73.49,93,1.2125,3280.3
18901.88,73.66,93,0.0,3280.3
18901.88,73.76,93,0.0,3280.3
18901.88,73.38,93,1.2125,3280.3
18901.88,73.9,93,0.0,3280.3
18901.88,74.06,93,0.0,3280.3
18901.88,71.97,94,0.0,3280.3
18901.88,71.74,94,1.2125,3280.3
18901.88,72.43,93,0.0,3280.3
18901.88,72.57,93,1.2125,3280.3
18901.88,72.23,93,0.0,3280.3
18901.88,72.52,93,1.2125,3280.3
18901.88,71.83,93,0.0,3280.3
18901.88,72.19,93,0.0,3280.3
18901.88,72.5,92,0.0,3280.3
18901.88,71.77,92,1.2125,3280.3
18901.88,71.87,90,0.0,3280.3
18901.88,71.99,90,0.0,3280.3
18901.88,72.11,93,0.0,3280.3
18901.88,72.18,93,1.225,3280.3
18901.88,72.23,93,0.0,3280.3
18901.88,72.21,93,0.0,3280.3
18901.88,72.01,94,1.225,3280.3
18901.88,72.08,94,0.0,3280.3
18901.88,72.04,91,0.0,3280.3
18901.88,71.93,91,0.0,3280.3
18901.88,72.07,91,0.0,3280.3
18901.88,71.89,93,1.25,3280.3
18901.88,72.04,93,1.25,3280.3
18901.88,72.39,93,0.0,3280.3
18901.88,72.39,94,0.0,3280.3
18901.88,72.08,94,1.25,3280.3
18901.88,71.93,93,0.0,3280.3
18901.88,71.89,93,1.25,3280.3
18901.88,70.09,87,1.25,3280.3
18901.88,69.75,87,0.0,3280.3
18901.88,68.94,93,0.0,3280.3
18901.88,69.69,93,0.0,3280.3
18901.88,69.79,91,1.2375,3280.3
18901.88,69.92,91,0.0,3280.3
18901.88,70.43,92,0.0,3280.3
18901.88,70.21,92,1.25,3280.3
18901.88,70.84,93,0.0,3280.3
18901.88,70.62,93,0.0,3280.3
18901.88,70.52,92,1.25,3280.3
18901.88,72.59,92,0.0,3280.3
18901.88,72.33,93,0.0,3280.3
18901.88,73.05,93,1.2375,3280.3
18901.88,73.08,92,0.0,3280.3
18901.88,72.66,92,0.0,3280.3
18901.88,72.38,92,0.0,3280.3
18901.88,71.99,92,2.4875,3280.3
18901.88,73.32,83,0.0,3280.3
18901.88,72.86,83,0.0,3280.3
18901.88,72.93,97,1.25,3280.3
18901.88,72.78,97,0.0,3280.3
18901.88,72.84,93,0.0,3280.3
18901.88,73.51,93,0.0,3280.3
18901.88,73.37,93,0.0,3280.3
18901.88,73.43,93,1.25,3280.3
18901.88,73.67,93,0.0,3280.3
18901.88,73.54,93,0.0,3280.3
18901.88,73.81,91,1.25,3280.3
18901.88,72.38,91,0.0,3280.3
18901.88,72.39,91,0.0,3280.3
18901.88,72.58,93,0.0,3280.3
18901.88,72.45,93,1.25,3280.3
18901.88,72.67,93,0.0,3280.3
18901.88,72.67,93,0.0,3280.3
18901.88,72.96,93,1.2375,3280.3
18901.88,72.79,94,0.0,3280.3
18901.88,72.67,94,0.0,3280.3
18901.88,72.59,93,1.2125,3280.3
18901.88,72.28,93,1.2125,3280.3
18901.88,72.14,93,0.0,3280.3
18901.88,72.44,93,0.0,3280.3
18901.88,72.55,91,0.0,3280.3
18901.88,72.78,91,1.2125,3280.3
18901.88,72.55,94,0.0,3280.3
18901.88,72.46,94,0.0,3280.3
18901.88,72.37,92,1.2125,3280.3
18901.88,72.37,92,0.0,3280.3
18901.88,72.37,93,0.0,3280.3
18901.88,72.07,93,1.2125,3280.3
18901.88,72.07,93,0.0,3280.3
18901.88,72.16,93,0.0,3280.3
18901.88,70.76,93,0.0,3280.3
18901.88,71.8,93,1.225,3280.3
18901.88,71.67,92,0.0,3280.3
18901.88,71.95,92,1.2125,3280.3
18901.88,73.8,94,1.2125,3280.3
18901.88,73.66,84,0.0,3280.3
18901.88,73.58,84,0.0,3280.3
18901.88,73.01,84,1.2125,3280.3
18901.88,73.67,92,0.0,3280.3
18901.88,74.07,93,0.0,3280.3
18901.88,73.69,93,0.0,3280.3
18901.88,74.32,92,1.2125,3280.3
18901.88,74.58,91,0.0,3280.3
18901.88,74.14,91,0.0,3280.3
18901.88,71.92,91,1.225,3280.3
18901.88,71.68,93,1.225,3280.3
18901.88,72.25,93,0.0,3280.3
18901.88,72.14,94,0.0,3280.3
18901.88,71.99,94,0.0,3280.3
18901.88,71.99,92,0.0,3280.3
18901.88,71.99,92,1.2,3280.3
18901.88,72.2,93,0.0,3280.3
18901.88,71.99,93,0.0,3280.3
18901.88,71.7,93,1.2125,3280.3
18901.88,71.09,93,0.0,3280.3
18901.88,71.53,94,0.0,3280.3
18901.88,71.53,94,0.0,3280.3
18901.88,71.84,94,1.2125,3280.3
18901.88,72.18,94,0.0,3280.3
18901.88,72.18,93,0.0,3280.3
18901.88,71.83,93,1.2125,3280.3
18901.88,71.91,93,0.0,3280.3
18901.88,71.91,93,0.0,3280.3
18901.88,71.46,94,1.2125,3280.3
18901.88,71.92,94,0.0,3280.3
18901.88,71.35,94,0.0,3280.3
18901.88,71.61,94,0.0,3280.3
18901.88,71.85,94,1.25,3280.3
18901.88,71.85,94,0.0,3280.3
18901.88,72.32,94,0.0,3280.3
18901.88,71.9,93,0.0,3280.3
18901.88,72.03,93,1.25,3280.3
18901.88,72.1,87,1.25,3280.3
18901.88,69.53,87,0.0,3280.3
18901.88,69.66,93,1.25,3280.3
18901.88,68.73,93,0.0,3280.3
18901.88,68.92,93,0.0,3280.3
18901.88,69.13,93,1.25,3280.3
18901.88,68.91,93,0.0,3280.3
18901.88,69.07,93,0.0,3280.3
18901.88,69.12,93,1.25,3280.3
18901.88,68.95,93,0.0,3280.3
18901.88,69.08,94,0.0,3280.3
18901.88,70.98,94,0.0,3280.3
18901.88,70.98,93,1.25,3280.3
18901.88,71.62,93,0.0,3280.3
18901.88,71.99,94,0.0,3280.3
18901.88,72.13,94,1.25,3280.3
18901.88,71.63,92,1.25,3280.3
18901.88,72.12,92,0.0,3280.3
18901.88,71.83,94,0.0,3280.3
18901.88,71.91,94,1.2375,3280.3
18901.88,72.19,93,0.0,3280.3
18901.88,71.33,93,0.0,3280.3
18901.88,71.62,93,0.0,3280.3
18901.88,71.93,92,1.2375,3280.3
18901.88,71.66,92,0.0,3280.3
18901.88,71.73,93,0.0,3280.3
18901.88,71.7,93,1.25,3280.3
18901.88,71.9,93,0.0,3280.3
18901.88,72.0,94,0.0,3280.3
18901.88,71.56,94,0.0,3280.3
18901.88,71.56,94,1.25,3280.3
18901.88,71.74,93,0.0,3280.3
18901.88,71.43,92,0.0,3280.3
18901.88,71.47,92,1.2375,3280.3
18901.88,71.12,92,0.0,3280.3
18901.88,71.58,92,0.0,3280.3
18901.88,71.71,94,1.225,3280.3
18901.88,70.89,94,0.0,3280.3
18901.88,70.91,91,0.0,3280.3
18901.88,70.76,91,2.425,3280.3
18901.88,73.3,77,0.0,3280.3
18901.88,72.98,77,0.0,3280.3
18901.88,73.11,100,0.0,3280.3
18901.88,73.05,100,1.2125,3280.3
18901.88,72.89,93,0.0,3280.3
18901.88,73.92,93,0.0,3280.3
18901.88,73.7,91,1.2125,3280.3
18901.88,73.59,91,0.0,3280.3
18901.88,74.41,94,1.2125,3280.3
18901.88,73.89,94,0.0,3280.3
18901.88,73.74,93,1.2125,3280.3
18901.88,71.71,93,0.0,3280.3
18901.88,71.58,93,0.0,3280.3
18901.88,71.74,93,1.2125,3280.3
18901.88,72.43,93,0.0,3280.3
18901.88,72.37,93,0.0,3280.3
18901.88,72.33,94,1.2125,3280.3
18901.88,72.14,92,0.0,3280.3
18901.88,72.13,92,0.0,3280.3
18901.88,72.22,93,0.0,3280.3
18901.88,71.81,93,1.2125,3280.3
18901.88,71.74,93,0.0,3280.3
18901.88,71.31,93,0.0,3280.3
18901.88,71.19,92,1.2125,3280.3
18901.88,71.3,92,0.0,3280.3
18901.88,70.98,92,0.0,3280.3
18901.88,70.63,92,0.0,3280.3
18901.88,71.05,94,1.2125,3280.3
18901.88,70.71,94,0.0,3280.3
18901.88,70.33,92,0.0,3280.3
18901.88,70.78,92,1.2125,3280.3
18901.88,70.21,92,0.0,3280.3
18901.88,70.02,92,0.0,3280.3
18901.88,71.0,94,1.2125,3280.3
18901.88,70.36,94,0.0,3280.3
18901.88,70.19,92,0.0,3280.3
18901.88,70.75,92,0.0,3280.3
18901.88,70.45,93,0.0,3280.3
18901.88,70.17,93,2.325,3280.3
18901.88,70.64,93,0.0,3280.3
18901.88,71.22,93,1.225,3280.3
18901.88,71.1,84,0.0,3280.3
18901.88,71.37,94,0.0,3280.3
18901.88,71.81,94,1.2125,3280.3
18901.88,71.59,93,0.0,3280.3
18901.88,72.61,93,0.0,3280.3
18901.88,72.53,92,1.2125,3280.3
18901.88,72.37,92,0.0,3280.3
18901.88,72.91,93,0.0,3280.3
18901.88,72.7,93,1.2125,3280.3
18901.88,72.19,94,0.0,3280.3
18901.88,71.74,94,0.0,3280.3
18901.88,72.33,93,1.2125,3280.3
18901.88,72.15,93,1.2125,3280.3
18901.88,71.94,93,0.0,3280.3
18901.88,71.7,93,0.0,3280.3
18901.88,72.05,93,1.2125,3280.3
18901.88,71.75,93,0.0,3280.3
18901.88,71.42,92,0.0,3280.3
18901.88,71.76,92,0.0,3280.3
18901.88,71.52,93,1.2125,3280.3
18901.88,71.58,93,0.0,3280.3
18901.88,72.13,92,0.0,3280.3
18901.88,72.19,92,1.2125,3280.3
18901.88,72.25,93,0.0,3280.3
18901.88,72.77,93,0.0,3280.3
18901.88,72.62,92,1.2125,3280.3
18901.88,72.55,92,0.0,3280.3
18901.88,72.73,93,0.0,3280.3
18901.88,72.71,93,0.0,3280.3
18901.88,72.62,93,1.225,3280.3
18901.88,72.4,94,0.0,3280.3
18901.88,72.3,92,0.0,3280.3
18901.88,72.49,91,1.2125,3280.3
18901.88,72.41,91,0.0,3280.3
18901.88,72.49,94,0.0,3280.3
18901.88,72.21,94,0.0,3280.3
18901.88,71.88,94,1.2375,3280.3
18901.88,68.52,93,2.4875,3280.3
18901.88,68.44,81,0.0,3280.3
18901.88,68.47,81,0.0,3280.3
18901.88,68.0,97,1.2375,3280.3
18901.88,68.16,97,0.0,3280.3
18901.88,68.43,91,0.0,3280.3
18901.88,68.19,91,1.2375,3280.3
18901.88,68.06,91,0.0,3280.3
18901.88,68.07,91,0.0,3280.3
18901.88,67.94,91,0.0,3280.3
18901.88,67.98,93,1.25,3280.3
18901.88,67.98,93,0.0,3280.3
18901.88,71.46,94,0.0,3280.3
18901.88,71.18,94,0.0,3280.3
18901.88,71.89,93,1.2375,3280.3
18901.88,71.89,93,0.0,3280.3
18901.88,71.58,93,0.0,3280.3
18901.88,72.13,93,1.2375,3280.3
18901.88,72.13,93,0.0,3280.3
18901.88,72.09,93,0.0,3280.3
18901.88,72.02,94,0.0,3280.3
18901.88,72.02,94,1.2375,3280.3
18901.88,71.89,93,0.0,3280.3
18901.88,71.81,93,0.0,3280.3
18901.88,71.7,93,0.0,3280.3
18901.88,71.8,93,1.2375,3280.3
18901.88,72.0,94,0.0,3280.3
18901.88,71.97,94,0.0,3280.3
18901.88,71.78,93,0.0,3280.3
18901.88,71.59,92,1.25,3280.3
18901.88,71.19,92,0.0,3280.3
18901.88,70.91,94,0.0,3280.3
18901.88,71.21,94,1.25,3280.3
18901.88,71.28,94,0.0,3280.3
18901.88,71.91,94,0.0,3280.3
18901.88,72.02,93,1.2375,3280.3
18901.88,72.1,93,0.0,3280.3
18901.88,71.91,93,1.2375,3280.3
18901.88,71.89,93,0.0,3280.3
18901.88,71.89,93,0.0,3280.3
18901.88,71.81,93,0.0,3280.3
18901.88,72.28,78,2.4875,3280.3
18901.88,71.86,78,0.0,3280.3
18901.88,71.52,98,0.0,3280.3
18901.88,71.61,98,1.2375,3280.3
18901.88,71.49,92,0.0,3280.3
18901.88,71.94,92,0.0,3280.3
18901.88,71.39,93,0.0,3280.3
18901.88,71.87,93,1.2125,3280.3
18901.88,72.1,94,0.0,3280.3
18901.88,71.59,94,0.0,3280.3
18901.88,72.15,94,1.2125,3280.3
18901.88,71.61,93,1.2125,3280.3
18901.88,71.71,92,0.0,3280.3
18901.88,72.5,92,0.0,3280.3
18901.88,72.14,92,0.0,3280.3
18901.88,72.27,92,1.225,3280.3
18901.88,72.13,93,0.0,3280.3
18901.88,72.47,93,0.0,3280.3
18901.88,72.58,93,0.0,3280.3
18901.88,72.04,95,0.0,3280.3
18901.88,72.31,95,1.2125,3280.3
18901.88,72.1,93,0.0,3280.3
18901.88,72.1,93,0.0,3280.3
18901.88,72.02,93,0.0,3280.3
18901.88,72.46,93,1.2375,3280.3
18901.88,72.06,93,0.0,3280.3
18901.88,72.47,93,0.0,3280.3
18901.88,72.44,93,0.0,3280.3
18901.88,72.28,94,1.2375,3280.3
18901.88,72.36,94,0.0,3280.3
18901.88,72.31,93,0.0,3280.3
18901.88,72.06,93,0.0,3280.3
18901.88,72.02,93,1.2375,3280.3
18901.88,72.32,93,0.0,3280.3
18901.88,71.99,93,0.0,3280.3
18901.88,72.51,93,0.0,3280.3
18901.88,72.16,93,0.0,3280.3
18901.88,72.16,93,1.25,3280.3
18901.88,72.23,94,1.2,3280.3
18901.88,70.54,94,0.0,3280.3
18901.88,70.83,84,1.25,3280.3
18901.88,69.85,84,0.0,3280.3
18901.88,70.18,96,0.0,3280.3
18901.88,69.7,96,1.25,3280.3
18901.88,69.8,92,0.0,3280.3
18901.88,70.3,92,0.0,3280.3
18901.88,70.06,93,1.2375,3280.3
18901.88,70.52,93,1.2375,3280.3
18901.88,70.02,92,0.0,3280.3
18901.88,69.82,92,0.0,3280.3
18901.88,71.45,93,0.0,3280.3
18901.88,70.95,93,1.2375,3280.3
18901.88,71.74,93,0.0,3280.3
18901.88,71.74,93,0.0,3280.3
18901.88,72.28,93,1.25,3280.3
18901.88,72.32,93,0.0,3280.3
18901.88,71.78,93,0.0,3280.3
18901.88,71.92,93,1.2375,3280.3
18901.88,71.39,93,0.0,3280.3
18901.88,72.0,93,0.0,3280.3
18901.88,72.29,92,0.0,3280.3
18901.88,71.69,92,1.25,3280.3
18901.88,72.06,93,0.0,3280.3
18901.88,72.28,93,0.0,3280.3
18901.88,72.08,92,0.0,3280.3
18901.88,72.38,92,0.0,3280.3
18901.88,71.77,93,1.2375,3280.3
18901.88,71.95,93,0.0,3280.3
18901.88,71.91,94,0.0,3280.3
18901.88,71.71,94,0.0,3280.3
18901.88,71.58,93,1.2375,3280.3
18901.88,71.43,93,0.0,3280.3
18901.88,71.77,91,0.0,3280.3
18901.88,72.17,91,0.0,3280.3
18901.88,71.62,93,1.25,3280.3
18901.88,71.96,93,0.0,3280.3
18901.88,71.94,93,0.0,3280.3
18901.88,72.09,93,0.0,3280.3
18901.88,74.11,93,2.4375,3280.3
18901.88,74.25,83,0.0,3280.3
18901.88,74.21,83,0.0,3280.3
18901.88,73.34,98,1.225,3280.3
18901.88,73.15,98,1.225,3280.3
18901.88,72.86,92,0.0,3280.3
18901.88,73.57,92,0.0,3280.3
18901.88,73.26,92,0.0,3280.3
18901.88,72.98,92,1.2125,3280.3
18901.88,73.37,94,0.0,3280.3
18901.88,72.8,94,0.0,3280.3
18901.88,70.61,94,1.2125,3280.3
18901.88,70.79,92,0.0,3280.3
18901.88,70.77,92,0.0,3280.3
18901.88,71.24,92,1.2125,3280.3
18901.88,71.7,92,0.0,3280.3
18901.88,72.03,92,0.0,3280.3
18901.88,71.27,92,0.0,3280.3
18901.88,71.54,92,1.2125,3280.3
18901.88,71.62,94,0.0,3280.3
18901.88,71.17,94,0.0,3280.3
18901.88,71.55,94,0.0,3280.3
18901.88,71.71,93,1.225,3280.3
18901.88,71.71,91,0.0,3280.3
18901.88,71.13,91,0.0,3280.3
18901.88,71.81,94,1.225,3280.3
18901.88,71.81,94,1.225,3280.3
18901.88,71.42,93,0.0,3280.3
18901.88,71.2,93,0.0,3280.3
18901.88,71.79,92,0.0,3280.3
18901.88,71.54,92,1.2125,3280.3
18901.88,71.99,94,0.0,3280.3
18901.88,72.07,94,0.0,3280.3
18901.88,72.69,93,0.0,3280.3
18901.88,72.69,93,1.2125,3280.3
18901.88,72.5,93,0.0,3280.3
18901.88,73.06,93,0.0,3280.3
18901.88,72.86,94,1.2125,3280.3
18901.88,72.73,93,0.0,3280.3
18901.88,72.88,93,0.0,3280.3
18901.88,72.41,91,2.425,3280.3
18901.88,72.23,91,0.0,3280.3
18901.88,71.38,91,0.0,3280.3
18901.88,71.53,87,0.0,3280.3
18901.88,71.16,87,1.2125,3280.3
18901.88,71.14,93,0.0,3280.3
18901.88,71.5,93,1.2125,3280.3
18901.88,71.08,94,1.2125,3280.3
18901.88,71.47,94,0.0,3280.3
18901.88,70.99,93,0.0,3280.3
18901.88,70.74,93,1.2125,3280.3
18901.88,70.74,93,0.0,3280.3
18901.88,70.89,93,0.0,3280.3
18901.88,71.61,93,1.2125,3280.3
18901.88,71.71,93,0.0,3280.3
18901.88,71.71,92,0.0,3280.3
18901.88,71.95,92,1.2,3280.3
18901.88,72.23,94,0.0,3280.3
18901.88,72.31,91,0.0,3280.3
18901.88,72.31,91,1.225,3280.3
18901.88,71.92,91,0.0,3280.3
18901.88,71.83,91,0.0,3280.3
18901.88,71.85,93,0.0,3280.3
18901.88,71.97,93,1.2125,3280.3
18901.88,72.32,93,0.0,3280.3
18901.88,72.48,93,0.0,3280.3
18901.88,72.45,92,0.0,3280.3
18901.88,71.88,92,1.225,3280.3
18901.88,71.8,93,0.0,3280.3
18901.88,71.8,93,0.0,3280.3
18901.88,72.23,93,0.0,3280.3
18901.88,72.23,93,1.2125,3280.3
18901.88,72.57,93,0.0,3280.3
18901.88,72.4,93,0.0,3280.3
18901.88,72.48,93,1.2125,3280.3
18901.88,72.48,93,0.0,3280.3
18901.88,72.06,93,0.0,3280.3
18901.88,72.25,93,0.0,3280.3
18901.88,71.51,93,1.2125,3280.3
18901.88,71.83,93,1.2125,3280.3
18901.88,73.69,85,0.0,3280.3
18901.88,73.33,85,0.0,3280.3
18901.88,72.16,96,1.225,3280.3
18901.88,73.07,96,0.0,3280.3
18901.88,73.59,90,0.0,3280.3
18901.88,73.53,90,1.2125,3280.3
18901.88,73.95,91,1.2125,3280.3
18901.88,73.37,91,0.0,3280.3
18901.88,73.68,93,0.0,3280.3
18901.88,73.82,93,1.2125,3280.3
18901.88,71.58,93,0.0,3280.3
18901.88,71.64,93,0.0,3280.3
18901.88,72.74,92,1.2125,3280.3
18901.88,72.55,92,0.0,3280.3
18901.88,72.2,91,0.0,3280.3
18901.88,72.05,92,1.225,3280.3
18901.88,71.65,92,0.0,3280.3
18901.88,71.69,92,0.0,3280.3
18901.88,71.58,92,0.0,3280.3
18901.88,71.12,89,1.2375,3280.3
18901.88,70.85,89,0.0,3280.3
18901.88,71.24,92,0.0,3280.3
18901.88,71.26,92,0.0,3280.3
18901.88,71.37,88,0.0,3280.3
18901.88,72.08,88,1.25,3280.3
18901.88,71.94,89,0.0,3280.3
18901.88,71.94,89,0.0,3280.3
18901.88,72.21,92,0.0,3280.3
18901.88,72.47,92,1.25,3280.3
18901.88,73.02,92,0.0,3280.3
18901.88,72.66,92,0.0,3280.3
18901.88,72.51,94,0.0,3280.3
18901.88,72.51,94,0.0,3280.3
18901.88,72.87,94,1.25,3280.3
18901.88,72.21,94,0.0,3280.3
18901.88,72.21,89,0.0,3280.3
18901.88,71.91,89,0.0,3280.3
18901.88,71.92,90,1.25,3280.3
18901.88,71.87,90,1.2375,3280.3
18901.88,73.54,84,0.0,3280.3
18901.88,73.23,84,0.0,3280.3
18901.88,72.97,94,0.0,3280.3
18901.88,73.33,94,0.0,3280.3
18901.88,73.76,91,1.25,3280.3
18901.88,73.81,91,0.0,3280.3
18901.88,73.56,93,0.0,3280.3
18901.88,74.1,93,0.0,3280.3
18901.88,73.68,94,1.2375,3280.3
18901.88,73.83,94,0.0,3280.3
18901.88,74.29,91,0.0,3280.3
18901.88,71.56,91,0.0,3280.3
18901.88,71.79,93,1.2375,3280.3
18901.88,72.06,93,0.0,3280.3
18901.88,71.52,92,0.0,3280.3
18901.88,71.34,92,1.25,3280.3
18901.88,71.51,92,0.0,3280.3
18901.88,71.29,92,1.2375,3280.3
18901.88,71.17,92,0.0,3280.3
18901.88,71.21,92,1.2375,3280.3
18901.88,70.95,92,0.0,3280.3
18901.88,70.57,92,0.0,3280.3
18901.88,71.37,90,1.2375,3280.3
18901.88,71.22,90,0.0,3280.3
18901.88,71.26,91,0.0,3280.3
18901.88,72.09,91,1.2375,3280.3
18901.88,72.09,93,0.0,3280.3
18901.88,72.03,93,0.0,3280.3
18901.88,72.74,91,1.2,3280.3
18901.88,71.88,91,0.0,3280.3
18901.88,71.64,86,0.0,3280.3
18901.88,71.83,89,0.0,3280.3
18901.88,72.06,89,0.0,3280.3
18901.88,72.42,87,1.25,3280.3
18901.88,72.47,87,0.0,3280.3
18901.88,71.85,89,0.0,3280.3
18901.88,71.91,89,0.0,3280.3
18901.88,72.06,91,0.0,3280.3
18901.88,71.51,91,1.2,3280.3
18901.88,71.35,79,0.0,3280.3
18901.88,68.48,79,0.0,3280.3
18901.88,68.89,98,0.0,3280.3
18901.88,68.01,98,1.25,3280.3
18901.88,67.85,95,0.0,3280.3
18901.88,67.79,95,0.0,3280.3
18901.88,68.68,93,0.0,3280.3
18901.88,68.48,93,0.0,3280.3
18901.88,68.46,95,0.0,3280.3
18901.88,68.3,95,0.0,3280.3
18901.88,68.19,95,1.225,3280.3
18901.88,71.3,95,0.0,3280.3
18901.88,71.14,95,1.25,3280.3
18901.88,74.29,95,0.0,3280.3
18901.88,74.08,84,0.0,3280.3
18901.88,73.15,84,0.0,3280.3
18901.88,72.56,87,0.0,3280.3
18901.88,72.09,87,0.0,3280.3
18901.88,72.43,87,0.0,3280.3
18901.88,72.69,87,1.25,3280.3
18901.88,72.11,89,0.0,3280.3
18901.88,72.32,89,0.0,3280.3
18901.88,72.95,91,0.0,3280.3
18901.88,73.5,91,0.0,3280.3
18901.88,71.2,92,0.0,3280.3
18901.88,71.34,92,0.0,3280.3
18901.88,72.66,88,1.225,3280.3
18901.88,71.95,88,1.25,3280.3
18901.88,73.52,79,0.0,3280.3
18901.88,73.15,79,0.0,3280.3
18901.88,72.85,100,0.0,3280.3
18901.88,73.56,100,0.0,3280.3
18901.88,73.85,88,0.0,3280.3
18901.88,73.88,88,0.0,3280.3
18901.88,73.74,90,1.25,3280.3
18901.88,74.07,90,1.25,3280.3
18901.88,74.21,87,0.0,3280.3
18901.88,73.99,87,0.0,3280.3
18901.88,74.68,89,0.0,3280.3
18901.88,72.35,89,0.0,3280.3
18901.88,71.56,85,0.0,3280.3
18901.88,71.43,85,1.25,3280.3
18901.88,71.96,89,0.0,3280.3
18901.88,71.77,89,0.0,3280.3
18901.88,72.05,87,0.0,3280.3
18901.88,72.39,89,0.0,3280.3
18901.88,72.14,89,0.0,3280.3
18901.88,72.3,93,1.2375,3280.3
18901.88,71.88,93,0.0,3280.3
18901.88,71.85,93,0.0,3280.3
18901.88,73.25,93,0.0,3280.3
18901.88,73.19,93,1.2375,3280.3
18901.88,73.26,93,0.0,3280.3
18901.88,72.29,92,1.2375,3280.3
18901.88,71.69,92,0.0,3280.3
18901.88,71.28,94,0.0,3280.3
18901.88,71.13,94,0.0,3280.3
18901.88,70.99,94,1.2375,3280.3
18901.88,70.93,94,0.0,3280.3
18901.88,71.2,94,0.0,3280.3
18901.88,71.09,94,1.2375,3280.3
18901.88,71.27,94,0.0,3280.3
18901.88,70.84,94,0.0,3280.3
18901.88,70.84,94,1.2375,3280.3
18901.88,71.22,91,0.0,3280.3
18901.88,71.3,91,0.0,3280.3
18901.88,71.38,92,1.2375,3280.3
18901.88,71.16,92,0.0,3280.3
18901.88,71.16,92,1.2375,3280.3
18901.88,68.7,92,1.25,3280.3
18901.88,68.7,83,1.2375,3280.3
18901.88,68.03,83,0.0,3280.3
18901.88,68.15,94,0.0,3280.3
18901.88,68.37,94,1.25,3280.3
18901.88,69.31,93,0.0,3280.3
18901.88,68.71,93,0.0,3280.3
18901.88,69.04,92,1.2375,3280.3
18901.88,69.16,92,0.0,3280.3
18901.88,68.53,94,0.0,3280.3
18901.88,69.19,94,1.25,3280.3
18901.88,71.75,91,0.0,3280.3
18901.88,71.79,91,0.0,3280.3
18901.88,72.2,86,1.25,3280.3
18901.88,71.85,86,0.0,3280.3
18901.88,72.28,94,0.0,3280.3
18901.88,71.65,94,0.0,3280.3
18901.88,72.01,92,0.0,3280.3
18901.88,72.31,93,1.25,3280.3
18901.88,72.22,93,0.0,3280.3
18901.88,72.79,90,0.0,3280.3
18901.88,72.98,90,1.2125,3280.3
18901.88,72.72,94,0.0,3280.3
18901.88,72.9,94,0.0,3280.3
18901.88,73.04,90,1.2125,3280.3
18901.88,72.98,90,0.0,3280.3
18901.88,73.06,93,0.0,3280.3
18901.88,72.95,93,1.2125,3280.3
18901.88,72.89,94,0.0,3280.3
18901.88,72.82,94,0.0,3280.3
18901.88,72.42,91,0.0,3280.3
18901.88,72.18,91,1.2375,3280.3
18901.88,71.75,93,0.0,3280.3
18901.88,71.63,93,0.0,3280.3
18901.88,72.02,91,1.2375,3280.3
18901.88,71.8,91,0.0,3280.3
18901.88,71.34,90,0.0,3280.3
18901.88,71.93,90,0.0,3280.3
18901.88,70.68,89,1.2375,3280.3
18901.88,70.52,89,0.0,3280.3
18901.88,71.08,93,1.2375,3280.3
18901.88,70.67,93,1.2375,3280.3
18901.88,70.29,92,0.0,3280.3
18901.88,70.78,92,0.0,3280.3
18901.88,70.45,91,1.2375,3280.3
18901.88,70.36,91,0.0,3280.3
18901.88,71.01,94,0.0,3280.3
18901.88,70.76,94,1.2375,3280.3
18901.88,70.69,93,0.0,3280.3
18901.88,72.22,93,1.225,3280.3
18901.88,70.15,86,1.2375,3280.3
18901.88,69.68,86,0.0,3280.3
18901.88,68.95,92,0.0,3280.3
18901.88,69.24,92,0.0,3280.3
18901.88,69.64,89,1.25,3280.3
18901.88,69.69,89,0.0,3280.3
18901.88,69.72,92,0.0,3280.3
18901.88,69.77,92,0.0,3280.3
18901.88,69.81,92,1.2375,3280.3
18901.88,69.56,92,0.0,3280.3
18901.88,69.64,91,0.0,3280.3
18901.88,71.11,91,1.25,3280.3
18901.88,71.1,92,0.0,3280.3
18901.88,72.23,92,0.0,3280.3
18901.88,71.67,91,0.0,3280.3
18901.88,71.19,91,1.2375,3280.3
18901.88,71.95,91,0.0,3280.3
18901.88,71.98,94,0.0,3280.3
18901.88,72.0,94,1.25,3280.3
18901.88,71.88,93,0.0,3280.3
18901.88,71.84,93,0.0,3280.3
18901.88,71.52,93,0.0,3280.3
18901.88,71.8,92,0.0,3280.3
18901.88,72.09,92,2.4875,3280.3
18901.88,72.31,92,0.0,3280.3
18901.88,72.83,91,0.0,3280.3
18901.88,73.05,91,1.2375,3280.3
18901.88,73.24,90,0.0,3280.3
18901.88,72.92,90,0.0,3280.3
18901.88,72.89,92,0.0,3280.3
18901.88,73.0,92,0.0,3280.3
18901.88,73.0,93,1.175,3280.3
18901.88,72.7,93,0.0,3280.3
18901.88,72.8,91,1.2125,3280.3
18901.88,72.9,91,0.0,3280.3
18901.88,73.28,89,0.0,3280.3
18901.88,72.83,89,0.0,3280.3
18901.88,72.56,93,1.175,3280.3
18901.88,72.58,93,0.0,3280.3
18901.88,69.86,86,2.4125,3280.3
18901.88,69.86,86,0.0,3280.3
18901.88,69.3,90,1.2125,3280.3
18901.88,69.39,90,0.0,3280.3
18901.88,69.14,91,0.0,3280.3
18901.88,69.17,91,0.0,3280.3
18901.88,69.25,94,1.2125,3280.3
18901.88,68.88,94,0.0,3280.3
18901.88,69.3,93,0.0,3280.3
18901.88,68.48,93,1.2125,3280.3
18901.88,68.5,93,0.0,3280.3
18901.88,70.96,93,0.0,3280.3
18901.88,70.16,92,0.0,3280.3
18901.88,71.05,92,1.2375,3280.3
18901.88,70.52,92,1.2125,3280.3
18901.88,71.51,92,0.0,3280.3
18901.88,70.73,89,0.0,3280.3
18901.88,70.72,89,1.2125,3280.3
18901.88,70.81,92,0.0,3280.3
18901.88,70.88,92,0.0,3280.3
18901.88,70.79,92,0.0,3280.3
18901.88,70.99,92,2.4875,3280.3
18901.88,71.24,92,0.0,3280.3
18901.88,71.47,93,0.0,3280.3
18901.88,71.53,93,0.0,3280.3
18901.88,71.98,92,1.2375,3280.3
18901.88,71.06,92,0.0,3280.3
18901.88,71.99,92,0.0,3280.3
18901.88,71.33,92,1.25,3280.3
18901.88,71.25,94,0.0,3280.3
18901.88,71.67,94,0.0,3280.3
18901.88,71.81,94,1.2375,3280.3
18901.88,71.81,93,0.0,3280.3
18901.88,71.57,93,0.0,3280.3
18901.88,71.58,93,0.0,3280.3
18901.88,71.03,93,1.2375,3280.3
18901.88,71.45,93,0.0,3280.3
18901.88,71.44,93,0.0,3280.3
18901.88,71.69,92,0.0,3280.3
18901.88,71.97,92,1.2375,3280.3
18901.88,72.14,93,0.0,3280.3
18901.88,72.26,93,0.0,3280.3
18901.88,72.26,92,1.2375,3280.3
18901.88,72.31,92,0.0,3280.3
18901.88,72.51,91,0.0,3280.3
18901.88,72.27,91,1.2375,3280.3
18901.88,72.42,93,0.0,3280.3
18901.88,72.01,93,0.0,3280.3
18901.88,72.33,92,0.0,3280.3
18901.88,72.28,92,1.2375,3280.3
18901.88,72.02,92,0.0,3280.3
18901.88,72.02,92,0.0,3280.3
18901.88,71.22,93,1.25,3280.3
18901.88,72.56,93,2.4875,3280.3
18901.88,72.82,78,0.0,3280.3
18901.88,73.2,78,0.0,3280.3
18901.88,72.48,100,1.2375,3280.3
18901.88,72.48,100,0.0,3280.3
18901.88,73.14,92,0.0,3280.3
18901.88,73.11,92,0.0,3280.3
18901.88,73.25,93,1.25,3280.3
18901.88,73.24,93,0.0,3280.3
18901.88,73.15,93,0.0,3280.3
18901.88,73.51,93,0.0,3280.3
18901.88,72.52,92,1.2375,3280.3
18901.88,70.68,92,0.0,3280.3
18901.88,70.73,92,0.0,3280.3
18901.88,70.75,92,1.2125,3280.3
18901.88,71.2,92,0.0,3280.3
18901.88,71.63,92,0.0,3280.3
18901.88,72.03,93,0.0,3280.3
18901.88,71.75,93,1.2,3280.3
18901.88,72.27,94,0.0,3280.3
18901.88,72.51,94,0.0,3280.3
18901.88,72.32,92,1.2125,3280.3
18901.88,73.41,92,0.0,3280.3
18901.88,73.85,92,0.0,3280.3
18901.88,73.45,92,1.225,3280.3
18901.88,73.72,93,0.0,3280.3
18901.88,71.57,93,1.2125,3280.3
18901.88,71.57,88,1.225,3280.3
18901.88,71.29,88,0.0,3280.3
18901.88,70.55,92,0.0,3280.3
18901.88,69.22,90,1.225,3280.3
18901.88,69.56,90,0.0,3280.3
18901.88,69.56,92,1.225,3280.3
18901.88,69.03,92,0.0,3280.3
18901.88,69.03,93,0.0,3280.3
18901.88,68.96,93,1.2,3280.3
18901.88,68.94,93,0.0,3280.3
18901.88,68.94,93,0.0,3280.3
18901.88,71.31,93,1.2125,3280.3
18901.88,71.31,93,0.0,3280.3
18901.88,71.99,91,0.0,3280.3
18901.88,71.99,91,0.0,3280.3
18901.88,71.71,94,0.0,3280.3
18901.88,71.7,94,1.2125,3280.3
18901.88,71.61,91,0.0,3280.3
18901.88,71.63,91,0.0,3280.3
18901.88,71.89,93,1.225,3280.3
18901.88,71.65,93,0.0,3280.3
18901.88,71.63,92,0.0,3280.3
18901.88,71.63,92,1.2125,3280.3
18901.88,71.87,94,0.0,3280.3
18901.88,71.94,94,0.0,3280.3
18901.88,71.9,93,2.4125,3280.3
18901.88,71.9,93,0.0,3280.3
18901.88,73.77,82,1.225,3280.3
18901.88,73.77,82,0.0,3280.3
18901.88,73.48,95,1.225,3280.3
18901.88,73.65,95,0.0,3280.3
18901.88,73.53,92,1.175,3280.3
18901.88,73.85,92,0.0,3280.3
18901.88,73.8,93,0.0,3280.3
18901.88,74.06,93,0.0,3280.3
18901.88,74.06,92,1.2125,3280.3
18901.88,74.25,92,0.0,3280.3
18901.88,74.32,94,0.0,3280.3
18901.88,71.99,92,1.225,3280.3
18901.88,71.84,92,0.0,3280.3
18901.88,71.96,91,0.0,3280.3
18901.88,71.88,91,1.2125,3280.3
18901.88,71.92,93,0.0,3280.3
18901.88,71.78,93,0.0,3280.3
18901.88,71.57,93,2.4375,3280.3
18901.88,73.6,93,0.0,3280.3
18901.88,73.03,84,0.0,3280.3
18901.88,73.03,84,0.0,3280.3
18901.88,73.28,97,1.2125,3280.3
18901.88,73.38,97,0.0,3280.3
18901.88,73.53,94,0.0,3280.3
18901.88,73.86,94,1.175,3280.3
18901.88,73.75,91,0.0,3280.3
18901.88,73.81,93,0.0,3280.3
18901.88,73.42,93,1.2125,3280.3
18901.88,71.7,90,0.0,3280.3
18901.88,71.47,90,0.0,3280.3
18901.88,71.27,90,1.2,3280.3
18901.88,72.47,93,0.0,3280.3
18901.88,72.76,91,0.0,3280.3
18901.88,72.22,91,1.2125,3280.3
18901.88,72.53,93,1.225,3280.3
18901.88,72.53,93,0.0,3280.3
18901.88,71.47,93,0.0,3280.3
18901.88,71.64,91,0.0,3280.3
18901.88,72.32,91,1.2125,3280.3
18901.88,72.06,91,0.0,3280.3
18901.88,71.68,91,1.2125,3280.3
18901.88,71.9,91,0.0,3280.3
18901.88,71.73,93,0.0,3280.3
18901.88,71.02,93,1.2125,3280.3
18901.88,71.22,89,0.0,3280.3
18901.88,71.25,89,0.0,3280.3
18901.88,71.06,92,0.0,3280.3
18901.88,71.9,92,1.1875,3280.3
18901.88,72.14,93,0.0,3280.3
18901.88,71.95,93,0.0,3280.3
18901.88,71.54,91,0.0,3280.3
18901.88,72.29,91,1.2375,3280.3
18901.88,72.39,94,0.0,3280.3
18901.88,72.13,94,0.0,3280.3
18901.88,71.99,86,0.0,3280.3
18901.88,72.01,86,1.2375,3280.3
18901.88,72.11,92,0.0,3280.3
18901.88,72.35,92,1.2125,3280.3
18901.88,70.28,86,1.2,3280.3
18901.88,70.53,86,0.0,3280.3
18901.88,70.5,86,0.0,3280.3
18901.88,70.09,86,0.0,3280.3
18901.88,70.53,88,1.25,3280.3
18901.88,70.25,91,0.0,3280.3
18901.88,70.45,91,0.0,3280.3
18901.88,71.32,93,0.0,3280.3
18901.88,71.2,93,1.25,3280.3
18901.88,70.68,94,0.0,3280.3
18901.88,70.39,94,0.0,3280.3
18901.88,72.37,92,1.25,3280.3
18901.88,71.84,92,0.0,3280.3
18901.88,72.23,92,0.0,3280.3
18901.88,71.88,92,0.0,3280.3
18901.88,72.33,92,1.25,3280.3
18901.88,72.21,94,0.0,3280.3
18901.88,72.02,94,0.0,3280.3
18901.88,72.25,93,0.0,3280.3
18901.88,71.94,93,1.2375,3280.3
18901.88,71.79,91,0.0,3280.3
18901.88,71.79,91,0.0,3280.3
18901.88,71.98,92,1.225,3280.3
18901.88,71.63,92,0.0,3280.3
18901.88,72.1,91,0.0,3280.3
18901.88,71.48,91,2.425,3280.3
18901.88,71.41,92,0.0,3280.3
18901.88,71.41,92,0.0,3280.3
18901.88,71.44,93,1.2125,3280.3
18901.88,71.24,93,0.0,3280.3
18901.88,71.24,93,0.0,3280.3
18901.88,71.51,93,1.2125,3280.3
18901.88,71.21,93,0.0,3280.3
18901.88,72.2,93,0.0,3280.3
18901.88,72.16,92,2.425,3280.3
18901.88,73.11,84,0.0,3280.3
18901.88,73.56,84,0.0,3280.3
18901.88,73.29,97,0.0,3280.3
18901.88,72.58,97,1.2,3280.3
18901.88,72.98,93,0.0,3280.3
18901.88,73.38,93,1.2125,3280.3
18901.88,72.81,93,0.0,3280.3
18901.88,73.42,92,0.0,3280.3
18901.88,73.29,93,0.0,3280.3
18901.88,72.46,93,1.2125,3280.3
18901.88,73.09,93,0.0,3280.3
18901.88,71.23,91,0.0,3280.3
18901.88,71.18,93,0.0,3280.3
18901.88,71.63,93,1.2125,3280.3
18901.88,71.63,92,0.0,3280.3
18901.88,71.41,92,1.2125,3280.3
18901.88,71.41,92,0.0,3280.3
18901.88,71.16,91,0.0,3280.3
18901.88,70.94,91,0.0,3280.3
18901.88,71.53,91,1.2,3280.3
18901.88,71.47,91,0.0,3280.3
18901.88,70.8,92,1.2125,3280.3
18901.88,71.57,92,0.0,3280.3
18901.88,71.12,91,0.0,3280.3
18901.88,70.86,91,1.2,3280.3
18901.88,70.87,93,0.0,3280.3
18901.88,70.58,93,1.2125,3280.3
18901.88,71.44,93,1.2,3280.3
18901.88,71.51,93,0.0,3280.3
18901.88,71.63,93,0.0,3280.3
18901.88,71.7,93,1.2125,3280.3
18901.88,71.78,93,0.0,3280.3
18901.88,71.85,93,0.0,3280.3
18901.88,72.31,93,1.1875,3280.3
18901.88,72.48,93,0.0,3280.3
18901.88,72.67,89,0.0,3280.3
18901.88,72.42,89,0.0,3280.3
18901.88,72.16,91,1.2125,3280.3
18901.88,72.19,91,1.2125,3280.3
18901.88,73.0,80,0.0,3280.3
18901.88,72.62,80,1.2125,3280.3
18901.88,73.05,100,0.0,3280.3
18901.88,72.57,100,1.2125,3280.3
18901.88,72.65,92,0.0,3280.3
18901.88,72.58,92,1.2125,3280.3
18901.88,72.45,93,0.0,3280.3
18901.88,72.42,93,1.2125,3280.3
18901.88,72.66,93,0.0,3280.3
18901.88,72.79,93,0.0,3280.3
18901.88,72.98,90,1.2125,3280.3
18901.88,72.53,90,0.0,3280.3
18901.88,71.97,92,0.0,3280.3
18901.88,71.79,92,0.0,3280.3
18901.88,72.56,92,1.2125,3280.3
18901.88,72.31,90,0.0,3280.3
18901.88,72.4,90,0.0,3280.3
18901.88,72.26,89,1.1875,3280.3
18901.88,71.94,89,0.0,3280.3
18901.88,72.63,86,0.0,3280.3
18901.88,73.18,86,0.0,3280.3
18901.88,72.33,87,0.0,3280.3
18901.88,72.81,87,1.2375,3280.3
18901.88,73.14,93,0.0,3280.3
18901.88,73.4,93,0.0,3280.3
18901.88,73.19,87,0.0,3280.3
18901.88,72.88,87,1.2375,3280.3
18901.88,72.84,89,0.0,3280.3
18901.88,73.04,89,0.0,3280.3
18901.88,73.06,92,0.0,3280.3
18901.88,72.19,92,1.2375,3280.3
18901.88,71.56,91,0.0,3280.3
18901.88,72.29,91,0.0,3280.3
18901.88,71.96,93,1.2375,3280.3
18901.88,71.77,93,0.0,3280.3
18901.88,71.5,94,0.0,3280.3
18901.88,71.78,94,1.2375,3280.3
18901.88,71.81,92,0.0,3280.3
18901.88,72.13,92,0.0,3280.3
18901.88,71.59,93,1.25,3280.3
18901.88,71.12,93,1.25,3280.3
18901.88,73.03,79,0.0,3280.3
18901.88,73.11,79,1.25,3280.3
18901.88,73.18,100,0.0,3280.3
18901.88,73.19,100,1.2375,3280.3
18901.88,72.94,93,0.0,3280.3
18901.88,72.83,93,1.2375,3280.3
18901.88,73.44,93,0.0,3280.3
18901.88,73.44,91,0.0,3280.3
18901.88,73.23,91,0.0,3280.3
18901.88,72.92,93,1.2375,3280.3
18901.88,73.4,93,0.0,3280.3
18901.88,73.21,93,0.0,3280.3
18901.88,71.75,93,1.2375,3280.3
18901.88,71.75,94,0.0,3280.3
18901.88,70.98,93,0.0,3280.3
18901.88,71.25,93,1.25,3280.3
18901.88,71.66,91,0.0,3280.3
18901.88,70.69,91,0.0,3280.3
18901.88,70.44,93,0.0,3280.3
18901.88,70.86,93,2.4875,3280.3
18901.88,70.24,83,0.0,3280.3
18901.88,70.32,83,0.0,3280.3
18901.88,69.59,95,0.0,3280.3
18901.88,70.2,95,1.25,3280.3
18901.88,70.8,92,0.0,3280.3
18901.88,71.26,92,0.0,3280.3
18901.88,70.94,91,1.2125,3280.3
18901.88,71.86,91,1.2125,3280.3
18901.88,71.73,93,0.0,3280.3
18901.88,71.24,93,0.0,3280.3
18901.88,71.93,89,1.2125,3280.3
18901.88,71.86,89,0.0,3280.3
18901.88,73.03,92,0.0,3280.3
18901.88,72.92,92,1.2125,3280.3
18901.88,72.71,94,0.0,3280.3
18901.88,72.29,94,0.0,3280.3
18901.88,72.21,91,0.0,3280.3
18901.88,72.55,91,1.2125,3280.3
18901.88,72.02,93,0.0,3280.3
18901.88,71.94,93,0.0,3280.3
18901.88,72.32,92,1.2125,3280.3
18901.88,71.56,92,0.0,3280.3
18901.88,71.4,90,0.0,3280.3
18901.88,71.57,90,1.2125,3280.3
18901.88,71.19,93,0.0,3280.3
18901.88,71.0,93,0.0,3280.3
18901.88,71.69,93,0.0,3280.3
18901.88,71.45,94,1.2125,3280.3
18901.88,71.42,94,1.2125,3280.3
18901.88,71.57,93,0.0,3280.3
18901.88,71.45,93,1.2125,3280.3
18901.88,71.41,91,0.0,3280.43
18901.88,71.88,91,0.0,3280.43
18901.88,71.72,91,0.0,3280.43
18901.88,71.68,91,1.225,3280.43
18901.88,71.49,91,0.0,3280.43
18901.88,71.26,91,0.0,3280.43
18901.88,71.21,93,1.2,3280.43
18901.88,70.93,93,1.2,3280.43
18901.88,67.77,83,0.0,3280.43
18901.88,67.95,83,1.2,3280.43
18901.88,67.3,94,0.0,3280.43
18901.88,67.64,94,0.0,3280.43
18901.88,68.18,92,1.2125,3280.43
18901.88,67.76,92,0.0,3280.43
18901.88,68.11,91,0.0,3280.43
18901.88,68.72,91,1.2125,3280.43
18901.88,67.96,91,0.0,3280.43
18901.88,68.22,91,0.0,3280.43
18901.88,71.3,93,1.175,3280.43
18901.88,71.25,93,0.0,3280.43
18901.88,71.31,93,1.2125,3280.43
18901.88,71.68,93,0.0,3280.43
18901.88,71.41,92,0.0,3280.43
18901.88,71.41,92,1.2125,3280.43
18901.88,71.42,93,1.2125,3280.43
18901.88,71.64,93,0.0,3280.43
18901.88,71.38,94,1.2,3280.43
18901.88,71.69,94,0.0,3280.43
18901.88,71.53,91,0.0,3280.43
18901.88,71.38,91,1.2125,3280.43
18901.88,71.3,93,0.0,3280.43
18901.88,71.56,93,0.0,3280.43
18901.88,71.7,93,0.0,3280.43
18901.88,72.01,93,1.2125,3280.43
18901.88,71.95,94,0.0,3280.43
18901.88,71.86,93,0.0,3280.43
18901.88,71.87,93,1.2,3280.43
18901.88,71.77,93,0.0,3280.43
18901.88,71.95,93,0.0,3280.43
18901.88,72.18,91,1.2125,3280.43
18901.88,71.95,91,0.0,3280.43
18901.88,72.33,94,0.0,3280.43
18901.88,72.32,94,0.0,3280.43
18901.88,72.21,92,1.2125,3280.43
18901.88,72.1,92,0.0,3280.43
18901.88,72.13,93,1.2125,3280.43
18901.88,69.02,93,1.2125,3280.43
18901.88,68.79,86,0.0,3280.43
18901.88,68.06,86,0.0,3280.43
18901.88,67.72,95,1.2125,3280.43
18901.88,68.27,95,0.0,3280.43
18901.88,68.29,93,0.0,3280.43
18901.88,68.16,93,0.0,3280.43
18901.88,68.72,94,1.2125,3280.43
18901.88,68.18,94,0.0,3280.43
18901.88,68.03,93,0.0,3280.43
18901.88,71.27,93,1.2,3280.43
18901.88,68.15,93,1.2375,3280.43
18901.88,68.5,93,1.2375,3280.43
18901.88,68.01,82,0.0,3280.43
18901.88,68.06,82,0.0,3280.43
18901.88,68.06,92,0.0,3280.43
18901.88,68.05,92,0.0,3280.43
18901.88,68.12,91,1.2375,3280.43
18901.88,68.15,91,0.0,3280.43
18901.88,68.68,93,0.0,3280.43
18901.88,69.03,93,1.2375,3280.43
18901.88,68.46,93,0.0,3280.43
18901.88,68.56,93,0.0,3280.43
18901.88,71.82,94,0.0,3280.43
18901.88,72.0,94,1.2375,3280.43
18901.88,72.8,93,1.2375,3280.43
18901.88,71.87,93,1.25,3280.43
18901.88,72.13,81,0.0,3280.43
18901.88,71.12,81,0.0,3280.43
18901.88,70.93,96,1.2375,3280.43
18901.88,70.7,96,0.0,3280.43
18901.88,70.63,93,0.0,3280.43
18901.88,71.56,92,1.25,3280.43
18901.88,71.76,92,0.0,3280.43
18901.88,71.96,92,0.0,3280.43
18901.88,71.63,92,0.0,3280.43
18901.88,71.55,92,1.2375,3280.43
18901.88,72.44,92,0.0,3280.43
18901.88,72.26,90,0.0,3280.43
18901.88,73.25,90,0.0,3280.43
18901.88,73.34,93,1.2375,3280.43
18901.88,73.19,93,0.0,3280.43
18901.88,72.97,93,0.0,3280.43
18901.88,72.61,93,1.25,3280.43
18901.88,72.45,92,0.0,3280.43
18901.88,72.85,92,0.0,3280.43
18901.88,72.79,93,1.2375,3280.43
18901.88,72.65,93,0.0,3280.43
18901.88,72.41,93,0.0,3280.43
18901.88,72.32,93,1.2375,3280.43
18901.88,72.18,93,1.2375,3280.43
18901.88,72.3,93,0.0,3280.43
18901.88,72.47,93,0.0,3280.43
18901.88,71.92,93,1.2375,3280.43
18901.88,71.93,93,0.0,3280.43
18901.88,71.91,93,0.0,3280.43
18901.88,71.98,93,1.2375,3280.43
18901.88,72.35,93,0.0,3280.43
18901.88,71.98,92,0.0,3280.43
18901.88,72.23,92,1.2125,3280.43
18901.88,72.37,94,0.0,3280.43
18901.88,71.98,94,0.0,3280.43
18901.88,72.21,92,0.0,3280.43
18901.88,72.17,92,1.2125,3280.43
18901.88,72.51,93,1.2125,3280.43
18901.88,74.49,93,1.2125,3280.43
18901.88,74.27,84,0.0,3280.43
18901.88,73.88,84,0.0,3280.43
18901.88,73.42,92,1.2125,3280.43
18901.88,73.78,92,0.0,3280.43
18901.88,74.06,94,0.0,3280.43
18901.88,73.67,94,1.2125,3280.43
18901.88,73.95,92,0.0,3280.43
18901.88,74.07,92,0.0,3280.43
18901.88,73.76,93,0.0,3280.43
18901.88,74.14,93,1.2125,3280.43
18901.88,71.73,93,0.0,3280.43
18901.88,71.63,93,0.0,3280.43
18901.88,72.14,93,1.2125,3280.43
18901.88,72.34,93,0.0,3280.43
18901.88,72.52,93,0.0,3280.43
18901.88,72.19,92,1.2125,3280.43
18901.88,72.32,92,0.0,3280.43
18901.88,72.47,93,0.0,3280.43
18901.88,71.86,93,1.2125,3280.43
18901.88,71.9,93,0.0,3280.43
18901.88,72.01,93,0.0,3280.43
18901.88,72.42,94,0.0,3280.43
18901.88,72.02,94,1.2125,3280.43
18901.88,72.02,93,1.2125,3280.43
18901.88,72.07,93,0.0,3280.43
18901.88,71.75,91,0.0,3280.43
18901.88,71.72,91,1.225,3280.43
18901.88,71.73,93,0.0,3280.43
18901.88,71.74,93,0.0,3280.43
18901.88,71.8,92,1.2125,3280.43
18901.88,71.92,92,0.0,3280.43
18901.88,72.13,93,0.0,3280.43
18901.88,72.13,93,0.0,3280.43
18901.88,72.11,93,1.2125,3280.43
18901.88,72.17,93,0.0,3280.43
18901.88,72.12,92,0.0,3280.43
18901.88,72.09,92,1.2125,3280.43
18901.88,72.08,93,1.2125,3280.43
18901.88,73.07,93,0.0,3280.43
18901.88,73.33,82,1.2125,3280.43
18901.88,73.39,82,0.0,3280.43
18901.88,73.38,93,0.0,3280.43
18901.88,73.69,93,1.2125,3280.43
18901.88,73.33,93,0.0,3280.43
18901.88,73.84,93,0.0,3280.43
18901.88,74.09,92,0.0,3280.43
18901.88,73.46,92,2.4125,3280.43
18901.88,73.61,92,0.0,3280.43
18901.88,73.93,92,0.0,3280.43
18901.88,72.35,92,1.2125,3280.43
18901.88,72.26,93,0.0,3280.43
18901.88,71.88,93,0.0,3280.43
18901.88,71.92,92,1.2125,3280.43
18901.88,71.91,92,0.0,3280.43
18901.88,71.88,93,0.0,3280.43
18901.88,71.73,93,0.0,3280.43
18901.88,71.94,93,1.2125,3280.43
18901.88,72.09,93,0.0,3280.43
18901.88,71.46,91,0.0,3280.43
18901.88,71.84,91,0.0,3280.43
18901.88,71.9,91,1.225,3280.43
18901.88,71.9,94,0.0,3280.43
18901.88,72.39,94,0.0,3280.43
18901.88,72.39,93,0.0,3280.43
18901.88,71.86,93,0.0,3280.43
18901.88,71.97,93,0.0,3280.43
18901.88,71.43,93,2.4125,3280.43
18901.88,71.49,93,0.0,3280.43
18901.88,71.34,93,0.0,3280.43
18901.88,71.7,93,1.2125,3280.43
18901.88,71.97,92,0.0,3280.43
18901.88,71.54,92,0.0,3280.43
18901.88,71.54,93,0.0,3280.43
18901.88,71.86,93,0.0,3280.43
18901.88,71.94,91,1.2125,3280.43
18901.88,72.05,91,1.2125,3280.43
18901.88,68.5,80,1.2125,3280.43
18901.88,68.5,80,0.0,3280.43
18901.88,68.5,100,0.0,3280.43
18901.88,67.54,100,1.2125,3280.43
18901.88,67.54,94,0.0,3280.43
18901.88,67.59,94,0.0,3280.43
18901.88,67.63,93,0.0,3280.43
18901.88,67.65,93,1.2125,3280.43
18901.88,67.83,92,0.0,3280.43
18901.88,67.53,92,0.0,3280.43
18901.88,67.56,92,1.2125,3280.43
18901.88,71.23,92,1.2125,3280.43
18901.88,70.96,93,0.0,3280.43
18901.88,70.71,93,0.0,3280.43
18901.88,72.02,93,1.2125,3280.43
18901.88,71.92,93,0.0,3280.43
18901.88,71.72,93,0.0,3280.43
18901.88,72.23,92,0.0,3280.43
18901.88,71.77,92,1.225,3280.43
18901.88,71.33,92,0.0,3280.43
18901.88,72.18,92,0.0,3280.43
18901.88,72.31,93,0.0,3280.43
18901.88,71.86,93,1.225,3280.43
18901.88,72.48,93,0.0,3280.43
18901.88,72.75,93,0.0,3280.43
18901.88,72.73,94,0.0,3280.43
18901.88,73.03,94,1.225,3280.43
18901.88,72.66,93,0.0,3280.43
18901.88,72.33,93,0.0,3280.43
18901.88,72.94,92,1.2125,3280.43
18901.88,72.57,92,0.0,3280.43
18901.88,72.18,93,0.0,3280.43
18901.88,72.0,93,1.2125,3280.43
18901.88,71.7,93,0.0,3280.43
18901.88,71.56,93,0.0,3280.43
18901.88,71.4,93,0.0,3280.43
18901.88,71.17,93,0.0,3280.43
18901.88,71.63,94,1.225,3280.43
18901.88,71.35,94,0.0,3280.43
18901.88,71.06,93,2.4375,3280.43
18901.88,68.01,93,0.0,3280.43
18901.88,68.44,71,1.2125,3280.43
18901.88,68.53,71,0.0,3280.43
18901.88,67.96,94,0.0,3280.43
18901.88,68.16,94,1.2125,3280.43
18901.88,68.3,93,0.0,3280.43
18901.88,68.38,93,0.0,3280.43
18901.88,68.74,92,0.0,3280.43
18901.88,68.56,92,1.225,3280.43
18901.88,68.85,93,0.0,3280.43
18901.88,68.93,93,0.0,3280.43
18901.88,71.9,91,1.225,3280.43
18901.88,71.38,91,0.0,3280.43
18901.88,71.27,93,0.0,3280.43
18901.88,72.13,93,0.0,3280.43
18901.88,72.05,93,1.225,3280.43
18901.88,72.13,92,0.0,3280.43
18901.88,72.46,92,0.0,3280.43
18901.88,72.03,93,0.0,3280.43
18901.88,71.93,93,1.225,3280.43
18901.88,71.76,93,0.0,3280.43
18901.88,71.74,93,0.0,3280.43
18901.88,71.87,92,0.0,3280.43
18901.88,72.01,92,1.225,3280.43
18901.88,72.16,93,0.0,3280.43
18901.88,72.41,93,0.0,3280.43
18901.88,72.46,91,1.175,3280.43
18901.88,72.3,91,0.0,3280.43
18901.88,71.9,91,0.0,3280.43
18901.88,72.28,91,1.2125,3280.43
18901.88,72.06,93,0.0,3280.43
18901.88,72.34,93,0.0,3280.43
18901.88,73.14,91,1.225,3280.43
18901.88,73.12,91,0.0,3280.43
18901.88,73.19,93,1.2125,3280.43
18901.88,73.46,93,0.0,3280.43
18901.88,73.23,91,1.225,3280.43
18901.88,73.13,91,0.0,3280.43
18901.88,72.81,93,1.2125,3280.43
18901.88,69.86,93,1.225,3280.43
18901.88,70.53,69,0.0,3280.43
18901.88,70.95,96,0.0,3280.43
18901.88,70.65,96,0.0,3280.43
18901.88,70.7,93,1.225,3280.43
18901.88,70.59,93,0.0,3280.43
18901.88,70.43,93,0.0,3280.43
18901.88,70.5,93,0.0,3280.43
18901.88,70.49,93,1.2125,3280.43
18901.88,70.43,93,0.0,3280.43
18901.88,70.26,92,0.0,3280.43
18901.88,72.86,92,0.0,3280.43
18901.88,72.24,93,0.0,3280.43
18901.88,71.8,93,0.0,3280.43
18901.88,71.55,93,1.225,3280.43
18901.88,71.89,93,0.0,3280.43
18901.88,71.89,93,0.0,3280.43
18901.88,71.72,93,0.0,3280.43
18901.88,71.72,93,1.225,3280.43
18901.88,71.33,93,0.0,3280.43
18901.88,71.72,93,0.0,3280.43
18901.88,72.15,93,0.0,3280.43
18901.88,71.68,93,1.225,3280.43
18901.88,71.68,93,0.0,3280.43
18901.88,72.18,93,0.0,3280.43
18901.88,72.18,94,0.0,3280.43
18901.88,72.5,94,1.225,3280.43
18901.88,72.6,95,0.0,3280.43
18901.88,72.08,94,0.0,3280.43
18901.88,72.4,94,0.0,3280.43
18901.88,71.83,95,1.225,3280.43
18901.88,71.98,95,0.0,3280.43
18901.88,71.81,93,0.0,3280.43
18901.88,72.53,93,0.0,3280.43
18901.88,72.4,92,1.2125,3280.43
18901.88,72.31,92,0.0,3280.43
18901.88,72.53,94,0.0,3280.43
18901.88,72.06,94,1.2125,3280.43
18901.88,72.38,93,1.2125,3280.43
18901.88,73.84,93,0.0,3280.43
18901.88,74.32,78,1.2125,3280.43
18901.88,73.39,78,0.0,3280.43
18901.88,73.34,95,0.0,3280.43
18901.88,73.83,95,1.2125,3280.43
18901.88,73.46,92,0.0,3280.43
18901.88,73.97,92,0.0,3280.43
18901.88,73.61,93,1.2125,3280.43
18901.88,73.37,93,0.0,3280.43
18901.88,73.59,94,0.0,3280.43
18901.88,73.04,94,1.225,3280.43
18901.88,71.3,93,0.0,3280.43
18901.88,71.27,93,0.0,3280.43
18901.88,72.29,93,1.2125,3280.43
18901.88,72.52,93,0.0,3280.43
18901.88,71.93,93,0.0,3280.43
18901.88,72.12,93,1.2125,3280.43
18901.88,71.91,93,0.0,3280.43
18901.88,72.02,93,0.0,3280.43
18901.88,72.28,93,2.425,3280.43
18901.88,72.28,89,0.0,3280.43
18901.88,72.08,89,0.0,3280.43
18901.88,72.25,92,0.0,3280.43
18901.88,71.96,92,1.225,3280.43
18901.88,71.83,93,0.0,3280.43
18901.88,72.36,93,0.0,3280.43
18901.88,72.29,93,0.0,3280.43
18901.88,72.31,93,1.225,3280.43
18901.88,71.97,93,0.0,3280.43
18901.88,71.71,93,0.0,3280.43
18901.88,71.48,94,0.0,3280.43
18901.88,71.44,94,1.2125,3280.43
18901.88,71.87,93,0.0,3280.43
18901.88,71.7,93,0.0,3280.43
18901.88,72.25,92,0.0,3280.43
18901.88,72.53,92,1.2125,3280.43
18901.88,72.08,92,0.0,3280.43
18901.88,72.0,92,0.0,3280.43
18901.88,71.92,94,2.425,3280.43
18901.88,74.15,94,0.0,3280.43
18901.88,74.31,76,0.0,3280.43
18901.88,73.9,94,0.0,3280.43
18901.88,74.45,94,1.225,3280.43
18901.88,74.65,93,1.225,3280.43
18901.88,74.5,93,0.0,3280.43
18901.88,74.64,92,0.0,3280.43
18901.88,74.68,92,0.0,3280.43
18901.88,74.79,94,1.2125,3280.43
18901.88,74.13,94,0.0,3280.43
18901.88,72.08,93,0.0,3280.43
18901.88,71.92,93,0.0,3280.43
18901.88,72.23,93,1.1875,3280.43
18901.88,72.48,93,0.0,3280.43
18901.88,71.99,93,1.2125,3280.43
18901.88,72.24,93,1.2125,3280.43
18901.88,72.61,81,0.0,3280.43
18901.88,71.69,81,0.0,3280.43
18901.88,71.37,96,0.0,3280.43
18901.88,71.66,96,1.225,3280.43
18901.88,71.95,96,0.0,3280.43
18901.88,72.48,93,0.0,3280.43
18901.88,72.35,92,0.0,3280.43
18901.88,72.64,92,0.0,3280.43
18901.88,72.62,93,1.2125,3280.43
18901.88,72.62,93,0.0,3280.43
18901.88,72.3,93,0.0,3280.43
18901.88,71.66,93,1.2125,3280.43
18901.88,72.58,93,0.0,3280.43
18901.88,72.93,93,0.0,3280.43
18901.88,72.28,93,0.0,3280.43
18901.88,72.28,93,2.425,3280.43
18901.88,72.55,92,0.0,3280.43
18901.88,72.84,92,0.0,3280.43
18901.88,72.86,93,1.2125,3280.43
18901.88,72.86,93,0.0,3280.43
18901.88,72.46,93,0.0,3280.43
18901.88,71.59,93,1.2,3280.43
18901.88,71.55,92,0.0,3280.43
18901.88,71.5,92,0.0,3280.43
18901.88,71.47,92,0.0,3280.43
18901.88,71.7,92,1.225,3280.43
18901.88,71.68,93,0.0,3280.43
18901.88,71.68,93,0.0,3280.43
18901.88,71.65,92,1.2125,3280.43
18901.88,71.61,92,0.0,3280.43
18901.88,71.67,93,0.0,3280.43
18901.88,71.64,93,0.0,3280.43
18901.88,72.06,94,1.225,3280.43
18901.88,72.43,94,0.0,3280.43
18901.88,71.89,92,0.0,3280.43
18901.88,72.14,93,0.0,3280.43
18901.88,72.16,93,1.2125,3280.43
18901.88,71.79,93,1.1125,3280.43
18901.88,70.84,93,1.2125,3280.43
18901.88,70.9,77,0.0,3280.43
18901.88,70.82,77,0.0,3280.43
18901.88,71.02,92,0.0,3280.43
18901.88,71.13,92,1.2125,3280.43
18901.88,71.82,94,0.0,3280.43
18901.88,71.46,94,0.0,3280.43
18901.88,72.01,93,1.2125,3280.43
18901.88,71.85,93,1.225,3280.43
18901.88,71.48,92,0.0,3280.43
18901.88,71.73,92,0.0,3280.43
18901.88,71.76,92,1.2125,3280.43
18901.88,71.25,92,0.0,3280.43
18901.88,71.91,93,0.0,3280.43
18901.88,71.53,93,2.475,3280.43
18901.88,72.11,77,0.0,3280.43
18901.88,71.89,77,1.2125,3280.43
18901.88,71.51,98,0.0,3280.43
18901.88,71.08,98,0.0,3280.43
18901.88,71.48,93,1.225,3280.43
18901.88,71.94,93,0.0,3280.43
18901.88,71.53,92,0.0,3280.43
18901.88,72.5,92,0.0,3280.43
18901.88,72.56,93,1.2125,3280.43
18901.88,72.2,94,0.0,3280.43
18901.88,71.58,94,0.0,3280.43
18901.88,71.58,93,1.2125,3280.43
18901.88,71.84,93,0.0,3280.43
18901.88,72.08,93,0.0,3280.43
18901.88,72.2,93,1.2125,3280.43
18901.88,71.62,93,0.0,3280.43
18901.88,72.07,93,0.0,3280.43
18901.88,71.5,94,0.0,3280.43
18901.88,71.55,94,1.225,3280.43
18901.88,71.98,93,0.0,3280.43
18901.88,71.04,93,0.0,3280.43
18901.88,71.51,92,1.2125,3280.43
18901.88,71.66,92,0.0,3280.43
18901.88,71.64,93,0.0,3280.43
18901.88,71.88,93,1.2125,3280.43
18901.88,71.36,93,0.0,3280.43
18901.88,71.55,93,0.0,3280.43
18901.88,71.35,94,0.0,3280.43
18901.88,71.61,94,1.2125,3280.43
18901.88,71.94,93,0.0,3280.43
18901.88,71.28,93,0.0,3280.43
18901.88,71.96,93,0.0,3280.43
18901.88,72.08,93,1.25,3280.43
18901.88,71.67,93,0.0,3280.43
18901.88,72.08,93,1.25,3280.43
18901.88,71.47,93,0.0,3280.43
18901.88,71.66,93,1.25,3280.43
18901.88,71.82,94,1.225,3280.43
18901.88,69.89,94,0.0,3280.43
18901.88,69.8,85,0.0,3280.43
18901.88,68.69,85,1.2375,3280.43
18901.88,69.2,96,0.0,3280.43
18901.88,69.06,96,0.0,3280.43
18901.88,69.09,92,0.0,3280.43
18901.88,69.67,92,1.25,3280.43
18901.88,69.44,93,0.0,3280.43
18901.88,69.97,93,0.0,3280.43
18901.88,69.73,91,1.25,3280.43
18901.88,69.76,91,0.0,3280.43
18901.88,71.71,94,0.0,3280.43
18901.88,71.47,94,1.25,3280.43
18901.88,72.37,93,1.25,3280.43
18901.88,68.81,93,0.0,3280.43
18901.88,69.04,77,1.25,3280.43
18901.88,67.79,93,1.25,3280.43
18901.88,67.53,93,0.0,3280.43
18901.88,67.85,91,0.0,3280.43
18901.88,67.87,91,0.0,3280.43
18901.88,68.31,93,1.25,3280.43
18901.88,68.61,93,0.0,3280.43
18901.88,68.26,93,0.0,3280.43
18901.88,68.53,93,0.0,3280.43
18901.88,68.66,93,1.2375,3280.43
18901.88,71.86,93,0.0,3280.43
18901.88,72.62,93,0.0,3280.43
18901.88,72.57,92,1.2375,3280.43
18901.88,68.83,92,1.25,3280.43
18901.88,68.8,80,0.0,3280.43
18901.88,68.04,80,1.25,3280.43
18901.88,67.45,94,0.0,3280.43
18901.88,68.07,94,0.0,3280.43
18901.88,68.65,93,0.0,3280.43
18901.88,68.58,93,1.2375,3280.43
18901.88,69.0,92,0.0,3280.43
18901.88,68.66,92,1.2375,3280.43
18901.88,68.86,93,0.0,3280.43
18901.88,68.86,93,0.0,3280.43
18901.88,72.26,93,0.0,3280.43
18901.88,72.06,93,1.2125,3280.43
18901.88,72.34,94,0.0,3280.43
18901.88,72.51,94,0.0,3280.43
18901.88,72.48,93,1.225,3280.43
18901.88,72.48,93,1.2125,3280.43
18901.88,72.07,92,0.0,3280.43
18901.88,71.71,92,0.0,3280.43
18901.88,71.99,93,1.2125,3280.43
18901.88,72.25,93,0.0,3280.43
18901.88,72.25,94,0.0,3280.43
18901.88,71.66,94,0.0,3280.43
18901.88,71.81,93,1.2125,3280.43
18901.88,71.65,93,0.0,3280.43
18901.88,71.96,93,0.0,3280.43
18901.88,71.67,93,1.2125,3280.43
18901.88,72.12,93,0.0,3280.43
18901.88,71.59,93,0.0,3280.43
18901.88,71.88,93,0.0,3280.43
18901.88,72.14,93,1.2125,3280.43
18901.88,71.44,92,0.0,3280.43
18901.88,71.76,92,0.0,3280.43
18901.88,71.84,93,0.0,3280.43
18901.88,71.98,94,1.225,3280.43
18901.88,72.25,94,0.0,3280.43
18901.88,71.73,93,0.0,3280.43
18901.88,71.97,93,0.0,3280.43
18901.88,71.79,94,1.225,3280.43
18901.88,72.18,94,1.225,3280.43
18901.88,73.21,81,0.0,3280.43
18901.88,72.78,81,0.0,3280.43
18901.88,72.77,100,0.0,3280.43
18901.88,72.93,100,2.4375,3280.43
18901.88,73.02,94,0.0,3280.43
18901.88,73.08,94,0.0,3280.43
18901.88,73.1,94,0.0,3280.43
18901.88,73.16,94,1.225,3280.43
18901.88,73.29,93,0.0,3280.43
18901.88,73.03,93,0.0,3280.43
18901.88,71.73,93,0.0,3280.43
18901.88,71.84,94,1.225,3280.43
18901.88,71.45,94,0.0,3280.43
18901.88,71.97,93,0.0,3280.43
18901.88,71.84,93,0.0,3280.43
18901.88,71.53,93,1.2125,3280.43
18901.88,71.32,93,0.0,3280.43
18901.88,71.71,94,0.0,3280.43
18901.88,71.42,94,1.2125,3280.43
18901.88,71.46,94,0.0,3280.43
18901.88,71.93,94,0.0,3280.43
18901.88,71.77,93,0.0,3280.43
18901.88,72.01,93,1.2125,3280.43
18901.88,72.69,92,0.0,3280.43
18901.88,72.44,92,0.0,3280.43
18901.88,72.18,92,1.2125,3280.43
18901.88,72.68,92,0.0,3280.43
18901.88,72.34,92,0.0,3280.43
18901.88,72.2,92,0.0,3280.43
18901.88,72.61,94,0.0,3280.43
18901.88,71.94,94,1.2125,3280.43
18901.88,71.55,91,0.0,3280.43
18901.88,72.01,91,0.0,3280.43
18901.88,71.91,92,1.225,3280.43
18901.88,71.63,92,1.2125,3280.43
18901.88,72.31,93,0.0,3280.43
18901.88,72.47,93,0.0,3280.43
18901.88,72.39,93,0.0,3280.43
18901.88,72.94,93,1.225,3280.43
18901.88,72.66,94,1.225,3280.43
18901.88,73.98,94,0.0,3280.43
18901.88,74.06,87,0.0,3280.43
18901.88,73.51,87,1.225,3280.43
18901.88,73.14,95,0.0,3280.43
18901.88,73.33,95,0.0,3280.43
18901.88,73.14,94,0.0,3280.43
18901.88,72.92,94,1.225,3280.43
18901.88,73.15,95,0.0,3280.43
18901.88,72.98,95,0.0,3280.43
18901.88,72.86,94,0.0,3280.43
18901.88,72.82,94,1.2125,3280.43
18901.88,71.08,93,0.0,3280.43
18901.88,71.34,93,0.0,3280.43
18901.88,71.7,91,1.2125,3280.43
18901.88,72.05,93,0.0,3280.43
18901.88,72.04,93,0.0,3280.43
18901.88,72.24,94,0.0,3280.43
18901.88,72.48,94,1.2125,3280.43
18901.88,71.81,93,0.0,3280.43
18901.88,71.82,93,0.0,3280.43
18901.88,71.72,93,0.0,3280.43
18901.88,71.51,93,1.2125,3280.43
18901.88,71.76,92,1.2125,3280.43
18901.88,71.8,92,0.0,3280.43
18901.88,72.23,94,0.0,3280.43
18901.88,72.3,94,1.1875,3280.43
18901.88,71.86,94,0.0,3280.43
18901.88,71.52,94,1.2125,3280.43
18901.88,71.83,93,0.0,3280.43
18901.88,71.84,93,0.0,3280.43
18901.88,71.36,94,0.0,3280.43
18901.88,71.92,94,1.2125,3280.43
18901.88,71.96,93,0.0,3280.43
18901.88,72.1,93,0.0,3280.43
18901.88,72.31,94,1.2125,3280.43
18901.88,71.65,94,0.0,3280.43
18901.88,71.65,92,0.0,3280.43
18901.88,71.68,92,0.0,3280.43
18901.88,71.61,93,2.4375,3280.43
18901.88,73.05,93,0.0,3280.43
18901.88,72.9,84,0.0,3280.43
18901.88,73.14,84,1.225,3280.43
18901.88,72.9,93,0.0,3280.43
18901.88,72.98,93,0.0,3280.43
18901.88,73.19,93,0.0,3280.43
18901.88,72.98,93,0.0,3280.43
18901.88,73.76,93,2.4125,3280.43
18901.88,73.73,93,0.0,3280.43
18901.88,73.36,93,0.0,3280.43
18901.88,73.73,93,0.0,3280.43
18901.88,72.13,93,1.175,3280.43
18901.88,72.2,93,0.0,3280.43
18901.88,72.07,93,0.0,3280.43
18901.88,72.34,93,1.2125,3280.43
18901.88,72.55,93,1.2,3280.43
18901.88,72.56,89,0.0,3280.43
18901.88,71.78,89,0.0,3280.43
18901.88,71.67,93,1.2125,3280.43
18901.88,71.98,93,0.0,3280.43
18901.88,71.4,92,0.0,3280.43
18901.88,71.5,92,1.2125,3280.43
18901.88,71.71,93,0.0,3280.43
18901.88,71.91,93,0.0,3280.43
18901.88,72.24,93,1.2,3280.43
18901.88,71.55,93,0.0,3280.43
18901.88,71.03,94,0.0,3280.43
18901.88,71.85,94,0.0,3280.43
18901.88,71.68,94,1.225,3280.43
18901.88,71.87,94,0.0,3280.43
18901.88,71.17,93,0.0,3280.43
18901.88,72.34,93,0.0,3280.43
18901.88,72.41,93,1.225,3280.43
18901.88,72.2,93,0.0,3280.43
18901.88,72.57,95,1.1875,3280.43
18901.88,72.0,95,0.0,3280.43
18901.88,72.53,92,0.0,3280.43
18901.88,72.65,92,1.2125,3280.43
18901.88,72.63,93,0.0,3280.43
18901.88,72.75,93,0.0,3280.43
18901.88,72.19,93,1.2125,3280.43
18901.88,72.64,93,0.0,3280.43
18901.88,72.29,93,0.0,3280.43
18901.88,72.34,93,0.0,3280.43
18901.88,72.61,94,1.2,3280.43
18901.88,72.01,94,0.0,3280.43
18901.88,72.22,93,0.0,3280.43
18901.88,71.91,93,1.225,3280.43
18901.88,72.06,92,0.0,3280.43
18901.88,72.27,92,0.0,3280.43
18901.88,71.04,92,1.2125,3280.43
18901.88,71.38,93,0.0,3280.43
18901.88,71.5,93,1.2125,3280.43
18901.88,71.33,81,0.0,3280.43
18901.88,72.58,81,1.2125,3280.43
18901.88,72.31,100,1.2125,3280.43
18901.88,71.63,100,0.0,3280.43
18901.88,72.06,95,1.2125,3280.43
18901.88,71.91,95,0.0,3280.43
18901.88,71.84,93,0.0,3280.43
18901.88,73.15,93,0.0,3280.43
18901.88,72.83,91,1.2125,3280.43
18901.88,72.59,91,0.0,3280.43
18901.88,73.12,94,0.0,3280.43
18901.88,71.62,94,1.2125,3280.43
18901.88,71.64,92,0.0,3280.43
18901.88,71.84,92,0.0,3280.43
18901.88,72.09,93,0.0,3280.43
18901.88,71.86,93,1.2125,3280.43
18901.88,72.17,94,0.0,3280.43
18901.88,71.7,94,0.0,3280.43
18901.88,71.36,93,1.2125,3280.43
18901.88,71.82,93,0.0,3280.43
18901.88,71.55,93,0.0,3280.43
18901.88,71.48,93,1.2125,3280.43
18901.88,71.48,94,0.0,3280.43
18901.88,71.19,94,0.0,3280.43
18901.88,71.22,94,1.2125,3280.43
18901.88,71.9,94,0.0,3280.43
18901.88,71.64,92,0.0,3280.43
18901.88,71.41,92,1.2375,3280.43
18901.88,71.86,94,0.0,3280.43
18901.88,71.63,94,1.25,3280.43
18901.88,71.44,91,0.0,3280.43
18901.88,71.86,91,0.0,3280.43
18901.88,71.4,93,0.0,3280.43
18901.88,71.39,93,1.2375,3280.43
18901.88,72.05,93,0.0,3280.43
18901.88,72.15,93,0.0,3280.43
18901.88,71.87,93,0.0,3280.43
18901.88,72.32,93,1.25,3280.43
18901.88,71.83,93,0.0,3280.43
18901.88,71.58,93,0.0,3280.43
18901.88,72.1,94,1.25,3280.43
18901.88,71.66,94,0.0,3280.43
18901.88,71.27,85,1.2375,3280.43
18901.88,70.28,85,0.0,3280.43
18901.88,70.29,93,0.0,3280.43
18901.88,70.46,93,1.25,3280.43
18901.88,70.25,91,0.0,3280.43
18901.88,70.44,93,0.0,3280.43
18901.88,70.96,93,0.0,3280.43
18901.88,71.07,93,1.2375,3280.43
18901.88,70.66,93,0.0,3280.43
18901.88,70.92,91,0.0,3280.43
18901.88,71.21,91,0.0,3280.43
18901.88,72.18,93,1.2375,3280.43
18901.88,72.23,93,0.0,3280.43
18901.88,72.16,93,1.15,3280.43
18901.88,73.04,93,1.2375,3280.43
18901.88,72.86,85,0.0,3280.43
18901.88,72.38,85,0.0,3280.43
18901.88,71.49,99,0.0,3280.43
18901.88,71.5,99,1.2375,3280.43
18901.88,71.56,93,1.25,3280.43
18901.88,71.82,93,0.0,3280.43
18901.88,71.98,93,0.0,3280.43
18901.88,72.46,93,0.0,3280.43
18901.88,72.46,94,1.2375,3280.43
18901.88,72.57,94,0.0,3280.43
18901.88,71.71,94,0.0,3280.43
18901.88,71.94,93,0.0,3280.43
18901.88,71.79,93,1.2375,3280.43
18901.88,72.61,93,0.0,3280.43
18901.88,72.82,93,0.0,3280.43
18901.88,72.61,94,1.25,3280.43
18901.88,72.52,94,0.0,3280.43
18901.88,72.54,93,0.0,3280.43
18901.88,72.22,93,0.0,3280.43
18901.88,72.23,93,1.25,3280.43
18901.88,72.03,93,0.0,3280.43
18901.88,71.61,94,0.0,3280.43
18901.88,71.26,94,0.0,3280.43
18901.88,71.67,93,1.2125,3280.43
18901.88,71.4,93,0.0,3280.43
18901.88,71.1,93,0.0,3280.43
18901.88,71.65,94,1.2125,3280.43
18901.88,71.5,94,0.0,3280.43
18901.88,71.43,93,1.2,3280.43
18901.88,71.21,93,1.2125,3280.43
18901.88,70.89,87,1.2125,3280.43
18901.88,69.89,87,0.0,3280.43
18901.88,70.59,94,0.0,3280.43
18901.88,70.9,94,0.0,3280.43
18901.88,71.13,94,1.225,3280.43
18901.88,71.22,84,0.0,3280.43
18901.88,70.4,84,0.0,3280.43
18901.88,70.3,89,0.0,3280.43
18901.88,70.53,89,0.0,3280.43
18901.88,70.91,89,1.2375,3280.43
18901.88,71.91,89,0.0,3280.43
18901.88,72.89,89,0.0,3280.43
18901.88,72.38,93,1.2375,3280.43
18901.88,72.28,93,0.0,3280.43
18901.88,72.28,93,0.0,3280.43
18901.88,72.03,93,0.0,3280.43
18901.88,73.17,93,1.25,3280.43
18901.88,73.17,93,0.0,3280.43
18901.88,72.66,93,0.0,3280.43
18901.88,72.63,93,1.2375,3280.43
18901.88,72.18,94,0.0,3280.43
18901.88,71.45,94,0.0,3280.43
18901.88,71.78,93,0.0,3280.43
18901.88,71.43,93,1.25,3280.43
18901.88,71.74,93,0.0,3280.43
18901.88,71.99,93,0.0,3280.43
18901.88,71.62,93,1.2375,3280.43
18901.88,71.92,93,0.0,3280.43
18901.88,71.7,93,0.0,3280.43
18901.88,72.03,93,1.2375,3280.43
18901.88,72.07,95,0.0,3280.43
18901.88,71.78,95,0.0,3280.43
18901.88,72.35,94,0.0,3280.43
18901.88,72.06,94,1.2375,3280.43
18901.88,72.27,94,0.0,3280.43
18901.88,72.59,91,0.0,3280.43
18901.88,72.18,91,1.2375,3280.43
18901.88,72.73,93,1.1875,3280.43
18901.88,72.5,93,1.2125,3280.43
18901.88,74.12,84,0.0,3280.43
18901.88,74.02,84,0.0,3280.43
18901.88,72.69,94,0.0,3280.43
18901.88,72.96,94,1.25,3280.43
18901.88,73.34,91,0.0,3280.43
18901.88,73.21,91,0.0,3280.43
18901.88,73.33,93,0.0,3280.43
18901.88,73.19,93,1.2375,3280.43
18901.88,72.89,91,0.0,3280.43
18901.88,73.19,91,0.0,3280.43
18901.88,70.93,91,1.25,3280.43
18901.88,70.8,93,0.0,3280.43
18901.88,72.04,93,0.0,3280.43
18901.88,71.91,94,0.0,3280.43
18901.88,71.72,93,1.2125,3280.43
18901.88,71.77,93,1.2125,3280.43
18901.88,71.73,93,0.0,3280.43
18901.88,71.48,93,0.0,3280.43
18901.88,71.48,93,1.2125,3280.43
18901.88,71.48,93,0.0,3280.43
18901.88,71.45,93,0.0,3280.43
18901.88,71.4,93,1.2125,3280.43
18901.88,71.94,93,0.0,3280.43
18901.88,72.24,93,0.0,3280.43
18901.88,72.47,93,0.0,3280.43
18901.88,72.45,92,1.2125,3280.43
18901.88,72.32,93,0.0,3280.43
18901.88,72.29,93,0.0,3280.43
18901.88,72.27,93,1.2125,3280.43
18901.88,72.25,94,0.0,3280.43
18901.88,72.22,93,1.2125,3280.43
18901.88,71.99,93,0.0,3280.43
18901.88,72.22,91,0.0,3280.43
18901.88,72.06,94,0.0,3280.43
18901.88,72.06,94,1.2125,3280.43
18901.88,72.57,94,2.425,3280.43
18901.88,73.11,84,0.0,3280.43
18901.88,72.55,84,0.0,3280.43
18901.88,71.92,98,1.2125,3280.43
18901.88,72.35,91,0.0,3280.43
18901.88,72.77,91,0.0,3280.43
18901.88,72.51,91,0.0,3280.43
18901.88,72.51,92,1.25,3280.43
18901.88,72.67,92,0.0,3280.43
18901.88,72.73,93,0.0,3280.43
18901.88,72.29,93,1.25,3280.43
18901.88,72.33,93,0.0,3280.43
18901.88,71.53,93,0.0,3280.43
18901.88,71.14,93,0.0,3280.43
18901.88,71.91,93,1.25,3280.43
18901.88,72.08,93,0.0,3280.43
18901.88,71.96,93,0.0,3280.43
18901.88,71.78,94,1.25,3280.43
18901.88,71.94,94,0.0,3280.43
18901.88,72.18,93,0.0,3280.43
18901.88,72.32,93,0.0,3280.43
18901.88,72.56,92,1.2375,3280.43
18901.88,72.52,92,0.0,3280.43
18901.88,72.05,92,0.0,3280.43
18901.88,72.21,92,0.0,3280.43
18901.88,72.12,94,0.0,3280.43
18901.88,72.22,92,1.2375,3280.43
18901.88,72.2,92,0.0,3280.43
18901.88,72.24,93,0.0,3280.43
18901.88,72.31,93,0.0,3280.43
18901.88,71.66,93,1.2375,3280.43
18901.88,71.76,93,0.0,3280.43
18901.88,71.89,93,0.0,3280.43
18901.88,71.88,94,0.0,3280.43
18901.88,71.88,94,1.2375,3280.43
18901.88,71.93,93,0.0,3280.43
18901.88,71.85,93,0.0,3280.43
18901.88,71.9,92,0.0,3280.43
18901.88,72.0,93,1.2375,3280.43
18901.88,72.14,93,2.4875,3280.43
18901.88,72.85,82,0.0,3280.43
18901.88,73.18,82,0.0,3280.43
18901.88,72.8,96,1.2375,3280.43
18901.88,72.75,96,0.0,3280.43
18901.88,73.57,92,0.0,3280.43
18901.88,73.57,92,0.0,3280.43
18901.88,73.37,92,1.2375,3280.43
18901.88,73.25,93,0.0,3280.43
18901.88,73.6,93,0.0,3280.43
18901.88,73.44,93,0.0,3280.43
18901.88,73.07,93,1.2375,3280.43
18901.88,71.87,91,0.0,3280.43
18901.88,71.87,91,0.0,3280.43
18901.88,72.09,93,2.4875,3280.43
18901.88,72.16,93,0.0,3280.43
18901.88,73.39,82,0.0,3280.43
18901.88,73.05,82,0.0,3280.43
18901.88,73.26,96,0.0,3280.43
18901.88,72.96,96,1.225,3280.43
18901.88,73.22,92,0.0,3280.43
18901.88,73.01,93,0.0,3280.43
18901.88,72.82,93,0.0,3280.43
18901.88,73.53,91,2.45,3280.43
18901.88,73.37,91,0.0,3280.43
18901.88,73.07,93,0.0,3280.43
18901.88,73.71,93,0.0,3280.43
18901.88,72.21,94,1.225,3280.43
18901.88,71.93,94,0.0,3280.43
18901.88,72.15,93,0.0,3280.43
18901.88,71.93,93,0.0,3280.43
18901.88,71.59,91,0.0,3280.43
18901.88,71.68,91,1.2125,3280.43
18901.88,71.53,93,0.0,3280.43
18901.88,71.64,93,0.0,3280.43
18901.88,71.95,93,0.0,3280.43
18901.88,71.11,93,1.2125,3280.43
18901.88,71.33,93,0.0,3280.43
18901.88,71.37,93,0.0,3280.43
18901.88,71.65,93,0.0,3280.43
18901.88,71.75,93,1.225,3280.43
18901.88,71.63,92,0.0,3280.43
18901.88,72.24,92,1.225,3280.43
18901.88,72.33,94,0.0,3280.43
18901.88,71.89,94,1.2125,3280.43
18901.88,72.05,93,0.0,3280.43
18901.88,72.09,91,0.0,3280.43
18901.88,72.43,91,0.0,3280.43
18901.88,72.68,93,0.0,3280.43
18901.88,72.17,93,1.225,3280.43
18901.88,72.18,94,0.0,3280.43
18901.88,72.12,94,0.0,3280.43
18901.88,71.78,93,1.225,3280.43
18901.88,72.04,93,1.2125,3280.43
18901.88,70.9,85,0.0,3280.43
18901.88,70.73,85,1.2125,3280.43
18901.88,70.04,95,0.0,3280.43
18901.88,70.08,95,0.0,3280.43
18901.88,70.01,93,0.0,3280.43
18901.88,70.55,93,1.225,3280.43
18901.88,70.66,94,0.0,3280.43
18901.88,70.69,94,0.0,3280.43
18901.88,70.67,94,0.0,3280.43
18901.88,70.69,94,1.2,3280.43
18901.88,71.01,93,0.0,3280.43
18901.88,71.25,93,0.0,3280.43
18901.88,72.05,94,0.0,3280.43
18901.88,71.61,94,1.2125,3280.43
18901.88,72.03,93,0.0,3280.43
18901.88,71.66,93,0.0,3280.43
18901.88,71.48,93,1.2125,3280.43
18901.88,71.58,93,0.0,3280.43
18901.88,71.43,94,0.0,3280.43
18901.88,71.95,94,0.0,3280.43
18901.88,71.28,93,1.2125,3280.43
18901.88,71.73,93,1.225,3280.43
18901.88,72.13,93,0.0,3280.43
18901.88,71.84,93,1.2125,3280.43
18901.88,72.27,93,0.0,3280.43
18901.88,72.05,93,0.0,3280.43
18901.88,72.42,91,0.0,3280.43
18901.88,72.6,93,1.2125,3280.43
18901.88,72.03,93,0.0,3280.43
18901.88,71.82,93,0.0,3280.43
18901.88,72.14,93,1.175,3280.43
18901.88,72.6,93,0.0,3280.43
18901.88,72.21,94,0.0,3280.43
18901.88,72.39,92,0.0,3280.43
18901.88,72.39,92,1.2125,3280.43
18901.88,72.17,93,0.0,3280.43
18901.88,72.33,93,0.0,3280.43
18901.88,71.47,91,2.4375,3280.43
18901.88,71.76,91,0.0,3280.43
18901.88,70.93,90,0.0,3280.43
18901.88,71.06,90,0.0,3280.43
18901.88,70.95,93,2.4375,3280.43
18901.88,70.84,93,0.0,3280.43
18901.88,71.44,93,0.0,3280.43
18901.88,71.36,93,0.0,3280.43
18901.88,71.32,93,1.225,3280.43
18901.88,71.65,93,0.0,3280.43
18901.88,71.4,93,0.0,3280.43
18901.88,72.19,91,0.0,3280.43
18901.88,71.75,91,1.2125,3280.43
18901.88,71.75,94,0.0,3280.43
18901.88,72.43,94,0.0,3280.43
18901.88,72.53,93,0.0,3280.43
18901.88,72.74,93,1.2125,3280.43
18901.88,73.06,93,0.0,3280.43
18901.88,73.15,91,0.0,3280.43
18901.88,73.13,91,1.2125,3280.43
18901.88,72.57,92,0.0,3280.43
18901.88,72.42,92,0.0,3280.43
18901.88,72.29,93,0.0,3280.43
18901.88,72.66,93,1.2125,3280.43
18901.88,72.33,93,0.0,3280.43
18901.88,72.35,93,0.0,3280.43
18901.88,72.25,93,1.225,3280.43
18901.88,71.58,93,0.0,3280.43
18901.88,71.82,93,0.0,3280.43
18901.88,71.46,93,1.2125,3280.43
18901.88,71.46,92,0.0,3280.43
18901.88,72.01,92,0.0,3280.43
18901.88,72.25,92,0.0,3280.43
18901.88,72.64,92,1.2125,3280.43
18901.88,72.64,91,0.0,3280.43
18901.88,72.8,91,0.0,3280.43
18901.88,72.59,93,1.2,3280.43
18901.88,72.66,93,1.2125,3280.43
18901.88,72.68,94,2.35,3280.43
18901.88,73.66,94,0.0,3280.43
18901.88,73.66,78,0.0,3280.43
18901.88,73.77,78,1.225,3280.43
18901.88,73.92,100,0.0,3280.43
18901.88,73.32,100,0.0,3280.43
18901.88,73.25,94,1.2125,3280.43
18901.88,73.44,94,0.0,3280.43
18901.88,73.54,93,0.0,3280.43
18901.88,73.54,92,0.0,3280.43
18901.88,73.65,92,1.2125,3280.43
18901.88,73.54,93,0.0,3280.43
18901.88,73.57,93,0.0,3280.43
18901.88,72.32,93,1.2125,3280.43
18901.88,72.11,93,0.0,3280.43
18901.88,72.64,95,0.0,3280.43
18901.88,72.57,95,1.2125,3280.43
18901.88,72.39,94,0.0,3280.43
18901.88,72.27,94,0.0,3280.43
18901.88,72.09,93,1.2125,3280.43
18901.88,72.18,93,0.0,3280.43
18901.88,72.18,93,1.2125,3280.43
18901.88,72.66,93,1.2125,3280.43
18901.88,72.06,85,1.2125,3280.43
18901.88,71.6,85,0.0,3280.43
18901.88,72.04,95,0.0,3280.43
18901.88,72.1,95,0.0,3280.43
18901.88,72.42,93,1.2125,3280.43
18901.88,72.21,93,0.0,3280.43
18901.88,72.21,93,0.0,3280.43
18901.88,72.65,93,1.1625,3280.43
18901.88,72.27,93,0.0,3280.43
18901.88,71.83,93,0.0,3280.43
18901.88,71.9,93,1.2125,3280.43
18901.88,72.85,93,0.0,3280.43
18901.88,72.36,94,0.0,3280.43
18901.88,72.64,94,1.2125,3280.43
18901.88,72.83,93,0.0,3280.43
18901.88,72.83,93,0.0,3280.43
18901.88,72.59,93,0.0,3280.43
18901.88,72.09,93,1.2125,3280.43
18901.88,72.45,94,0.0,3280.43
18901.88,72.32,94,0.0,3280.43
18901.88,72.19,93,1.2,3280.43
18901.88,72.19,95,0.0,3280.43
18901.88,72.53,95,1.2125,3280.43
18901.88,72.7,94,0.0,3280.43
18901.88,72.44,94,0.0,3280.43
18901.88,72.32,95,1.2125,3280.43
18901.88,72.22,95,0.0,3280.43
18901.88,71.92,93,0.0,3280.43
18901.88,71.92,93,1.225,3280.43
18901.88,71.88,93,0.0,3280.43
18901.88,72.06,93,0.0,3280.43
18901.88,72.06,94,0.0,3280.43
18901.88,72.15,94,0.0,3280.43
18901.88,71.67,94,1.225,3280.43
18901.88,71.67,94,0.0,3280.43
18901.88,71.92,92,0.0,3280.43
18901.88,71.91,92,1.2125,3280.43
18901.88,70.29,89,1.2125,3280.43
18901.88,70.55,89,0.0,3280.43
18901.88,70.55,90,0.0,3280.43
18901.88,70.36,90,1.2,3280.43
18901.88,70.55,96,0.0,3280.43
18901.88,71.02,96,0.0,3280.43
18901.88,71.07,93,1.2125,3280.43
18901.88,71.07,93,1.2125,3280.43
18901.88,71.37,91,0.0,3280.43
18901.88,71.27,91,0.0,3280.43
18901.88,73.07,93,1.2125,3280.43
18901.88,72.39,93,0.0,3280.43
18901.88,72.39,91,0.0,3280.43
18901.88,72.14,91,0.0,3280.43
18901.88,72.92,94,0.0,3280.43
18901.88,72.48,94,1.25,3280.43
18901.88,72.28,93,0.0,3280.43
18901.88,72.54,93,0.0,3280.43
18901.88,71.88,93,1.2375,3280.43
18901.88,71.59,93,1.2375,3280.43
18901.88,71.94,93,0.0,3280.43
18901.88,73.29,87,0.0,3280.43
18901.88,72.68,87,1.2375,3280.43
18901.88,71.97,95,0.0,3280.43
18901.88,72.19,95,0.0,3280.43
18901.88,72.66,93,0.0,3280.43
18901.88,73.05,93,1.2375,3280.43
18901.88,72.7,93,0.0,3280.43
18901.88,73.16,93,0.0,3280.43
18901.88,73.27,93,0.0,3280.43
18901.88,72.91,93,1.2375,3280.43
18901.88,71.26,92,0.0,3280.43
18901.88,71.5,92,0.0,3280.43
18901.88,72.12,92,1.2375,3280.43
18901.88,72.14,92,1.2375,3280.43
18901.88,72.12,93,0.0,3280.43
18901.88,72.19,93,0.0,3280.43
18901.88,72.11,94,1.2375,3280.43
18901.88,71.69,94,0.0,3280.43
18901.88,71.49,92,0.0,3280.43
18901.88,71.43,92,0.0,3280.43
18901.88,71.22,93,1.25,3280.43
18901.88,71.35,93,0.0,3280.43
18901.88,71.58,92,0.0,3280.43
18901.88,71.9,92,1.2375,3280.43
18901.88,72.38,93,0.0,3280.43
18901.88,71.95,93,0.0,3280.43
18901.88,71.88,93,1.2375,3280.43
18901.88,71.97,91,0.0,3280.43
18901.88,72.27,93,0.0,3280.43
18901.88,72.29,93,0.0,3280.43
18901.88,72.1,95,1.2375,3280.43
18901.88,72.22,95,0.0,3280.43
18901.88,72.34,93,0.0,3280.43
18901.88,72.45,93,0.0,3280.43
18901.88,72.66,93,0.0,3280.43
18901.88,72.5,93,0.0,3280.43
18901.88,71.6,92,1.2375,3280.43
18901.88,71.6,92,0.0,3280.43
18901.88,71.65,92,2.4875,3280.43
18901.88,71.65,93,0.0,3280.43
18901.88,73.82,85,1.25,3280.43
18901.88,73.84,85,0.0,3280.43
18901.88,73.35,98,0.0,3280.43
18901.88,73.5,98,0.0,3280.43
18901.88,73.04,94,0.0,3280.43
18901.88,73.14,94,1.225,3280.43
18901.88,73.2,95,0.0,3280.43
18901.88,73.9,95,0.0,3280.43
18901.88,73.69,93,0.0,3280.43
18901.88,73.62,93,0.0,3280.43
18901.88,71.29,93,0.0,3280.43
18901.88,71.14,93,1.225,3280.43
18901.88,70.98,94,0.0,3280.43
18901.88,71.42,94,0.0,3280.43
18901.88,71.26,92,0.0,3280.43
18901.88,71.7,92,0.0,3280.43
18901.88,71.41,92,2.4375,3280.43
18901.88,71.1,92,0.0,3280.43
18901.88,71.62,94,0.0,3280.43
18901.88,71.28,94,0.0,3280.43
18901.88,70.94,93,1.225,3280.43
18901.88,71.37,93,0.0,3280.43
18901.88,71.08,93,0.0,3280.43
18901.88,71.12,93,1.2125,3280.43
18901.88,71.7,94,0.0,3280.43
18901.88,71.38,94,0.0,3280.43
18901.88,71.24,93,0.0,3280.43
18901.88,71.62,93,1.2125,3280.43
18901.88,71.4,93,0.0,3280.43
18901.88,71.25,93,0.0,3280.43
18901.88,71.75,94,0.0,3280.43
18901.88,71.4,94,1.225,3280.43
18901.88,71.23,94,0.0,3280.43
18901.88,71.83,93,0.0,3280.43
18901.88,71.73,93,0.0,3280.43
18901.88,71.76,93,1.225,3280.43
18901.88,72.35,93,0.0,3280.43
18901.88,72.26,94,0.0,3280.43
18901.88,72.44,94,1.2125,3280.43
18901.88,73.3,81,1.2125,3280.43
18901.88,72.99,81,0.0,3280.43
18901.88,73.48,100,0.0,3280.43
18901.88,72.98,100,1.225,3280.43
18901.88,72.98,94,0.0,3280.43
18901.88,73.17,94,0.0,3280.43
18901.88,73.4,93,0.0,3280.43
18901.88,73.06,93,1.2125,3280.43
18901.88,73.2,94,0.0,3280.43
18901.88,73.03,94,1.2125,3280.43
18901.88,72.83,92,1.2125,3280.43
18901.88,71.91,92,0.0,3280.43
18901.88,72.18,93,0.0,3280.43
18901.88,71.59,93,1.2125,3280.43
18901.88,71.96,93,0.0,3280.43
18901.88,72.08,93,0.0,3280.43
18901.88,71.95,93,0.0,3280.43
18901.88,71.63,93,1.2125,3280.43
18901.88,71.83,94,0.0,3280.43
18901.88,71.39,94,0.0,3280.43
18901.88,71.36,93,0.0,3280.43
18901.88,71.96,93,1.2125,3280.43
18901.88,71.75,93,0.0,3280.43
18901.88,71.71,92,0.0,3280.43
18901.88,72.15,92,0.0,3280.43
18901.88,72.41,94,1.2125,3280.43
18901.88,72.58,94,0.0,3280.43
18901.88,72.46,93,0.0,3280.43
18901.88,72.4,93,1.2125,3280.43
18901.88,72.48,93,0.0,3280.43
18901.88,72.17,93,0.0,3280.43
18901.88,72.02,94,2.4375,3280.43
18901.88,71.71,94,0.0,3280.43
18901.88,71.5,93,0.0,3280.43
18901.88,71.78,93,1.2125,3280.43
18901.88,71.7,93,0.0,3280.43
18901.88,71.62,93,0.0,3280.43
18901.88,71.64,94,0.0,3280.43
18901.88,71.67,94,0.0,3280.43
18901.88,71.5,95,2.4875,3280.43
18901.88,72.87,95,0.0,3280.43
18901.88,72.76,88,0.0,3280.43
18901.88,72.4,88,0.0,3280.43
18901.88,72.7,94,1.2375,3280.43
18901.88,72.99,94,0.0,3280.43
18901.88,73.14,94,0.0,3280.43
18901.88,73.23,94,1.2375,3280.43
18901.88,73.24,94,0.0,3280.43
18901.88,73.26,92,0.0,3280.43
18901.88,73.23,93,0.0,3280.43
18901.88,73.23,93,1.25,3280.43
18901.88,73.23,93,0.0,3280.43
18901.88,72.14,93,0.0,3280.43
18901.88,72.68,91,0.0,3280.43
18901.88,73.01,91,1.2375,3280.43
18901.88,73.16,94,0.0,3280.43
18901.88,72.61,94,0.0,3280.43
18901.88,72.6,92,0.0,3280.43
18901.88,72.54,92,1.2375,3280.43
18901.88,72.69,93,0.0,3280.43
18901.88,72.79,93,0.0,3280.43
18901.88,72.09,93,0.0,3280.43
18901.88,72.32,93,1.25,3280.43
18901.88,72.42,94,0.0,3280.43
18901.88,71.97,94,0.0,3280.43
18901.88,72.18,93,1.25,3280.43
18901.88,72.14,93,0.0,3280.43
18901.88,72.4,92,0.0,3280.43
18901.88,72.64,92,0.0,3280.43
18901.88,71.99,93,1.25,3280.43
18901.88,71.95,93,0.0,3280.43
18901.88,71.74,93,0.0,3280.43
18901.88,72.29,93,1.2375,3280.43
18901.88,72.55,93,0.0,3280.43
18901.88,72.04,93,0.0,3280.43
18901.88,72.32,93,1.25,3280.43
18901.88,72.29,93,1.25,3280.43
18901.88,72.03,93,0.0,3280.43
18901.88,72.23,83,1.25,3280.43
18901.88,71.51,83,0.0,3280.43
18901.88,71.44,98,1.25,3280.43
18901.88,70.65,98,0.0,3280.43
18901.88,70.91,92,0.0,3280.43
18901.88,70.62,92,1.25,3280.43
18901.88,70.56,93,0.0,3280.43
18901.88,71.34,93,0.0,3280.43
18901.88,71.08,93,0.0,3280.43
18901.88,70.88,93,1.2125,3280.43
18901.88,70.64,93,0.0,3280.43
18901.88,71.16,93,0.0,3280.43
18901.88,71.14,93,1.2125,3280.43
18901.88,71.81,92,0.0,3280.43
18901.88,71.83,92,0.0,3280.43
18901.88,72.36,93,0.0,3280.43
18901.88,72.36,93,1.2125,3280.43
18901.88,72.7,92,0.0,3280.43
18901.88,72.03,92,0.0,3280.43
18901.88,72.19,94,0.0,3280.43
18901.88,72.14,94,1.2125,3280.43
18901.88,72.09,92,0.0,3280.43
18901.88,71.76,92,0.0,3280.43
18901.88,72.1,93,1.225,3280.43
18901.88,72.48,94,0.0,3280.43
18901.88,71.82,94,0.0,3280.43
18901.88,71.69,92,0.0,3280.43
18901.88,71.69,92,2.45,3280.43
18901.88,71.45,92,0.0,3280.43
18901.88,71.72,92,0.0,3280.43
18901.88,71.73,92,0.0,3280.43
18901.88,71.82,92,1.2125,3280.43
18901.88,72.03,92,0.0,3280.43
18901.88,72.36,92,0.0,3280.43
18901.88,72.55,92,1.25,3280.43
18901.88,72.68,92,0.0,3280.43
18901.88,72.85,92,0.0,3280.43
18901.88,72.8,93,1.2125,3280.43
18901.88,72.82,93,0.0,3280.43
18901.88,73.16,82,1.2125,3280.43
18901.88,74.08,82,0.0,3280.43
18901.88,73.77,100,1.225,3280.43
18901.88,73.44,100,0.0,3280.43
18901.88,73.44,100,0.0,3280.43
18901.88,73.32,93,0.0,3280.43
18901.88,73.32,93,1.25,3280.43
18901.88,73.36,94,0.0,3280.43
18901.88,73.42,94,0.0,3280.43
18901.88,73.23,93,1.2375,3280.43
18901.88,72.97,93,0.0,3280.43
18901.88,71.47,93,0.0,3280.43
18901.88,71.47,93,0.0,3280.43
18901.88,71.62,93,1.25,3280.43
18901.88,71.03,93,0.0,3280.43
18901.88,71.18,93,0.0,3280.43
18901.88,71.66,93,1.25,3280.43
18901.88,71.32,93,0.0,3280.43
18901.88,70.86,93,0.0,3280.43
18901.88,71.42,92,0.0,3280.43
18901.88,71.02,92,1.2375,3280.43
18901.88,70.8,93,0.0,3280.43
18901.88,71.12,93,0.0,3280.43
18901.88,70.88,93,1.25,3280.43
18901.88,70.75,93,0.0,3280.43
18901.88,71.59,91,0.0,3280.43
18901.88,71.54,91,1.2375,3280.43
18901.88,71.24,91,0.0,3280.43
18901.88,71.53,91,0.0,3280.43
18901.88,71.89,92,1.2375,3280.43
18901.88,71.4,92,0.0,3280.43
18901.88,71.58,92,0.0,3280.43
18901.88,71.73,93,0.0,3280.43
18901.88,71.78,93,1.2375,3280.43
18901.88,71.88,94,0.0,3280.43
18901.88,71.45,94,0.0,3280.43
18901.88,71.45,94,1.2375,3280.43
18901.88,72.02,93,0.0,3280.43
18901.88,72.02,93,0.0,3280.43
18901.88,71.89,93,1.2375,3280.43
18901.88,71.93,93,2.4875,3280.43
18901.88,73.38,93,0.0,3280.43
18901.88,73.38,93,0.0,3280.43
18901.88,72.99,87,1.2375,3280.43
18901.88,73.0,87,0.0,3280.43
18901.88,73.42,94,0.0,3280.43
18901.88,73.2,94,0.0,3280.43
18901.88,73.77,93,1.25,3280.43
18901.88,73.42,93,0.0,3280.43
18901.88,73.2,93,0.0,3280.43
18901.88,73.49,92,0.0,3280.43
18901.88,72.67,92,0.0,3280.43
18901.88,71.5,93,0.0,3280.43
18901.88,71.56,93,1.2125,3280.43
18901.88,72.23,93,0.0,3280.43
18901.88,71.62,93,0.0,3280.43
18901.88,71.93,93,1.2375,3280.43
18901.88,71.87,93,0.0,3280.43
18901.88,71.92,91,1.225,3280.43
18901.88,71.75,91,1.225,3280.43
18901.88,71.72,93,0.0,3280.43
18901.88,72.22,93,0.0,3280.43
18901.88,72.29,94,0.0,3280.43
18901.88,71.75,94,1.2125,3280.43
18901.88,71.87,93,0.0,3280.43
18901.88,71.92,93,0.0,3280.43
18901.88,72.06,91,0.0,3280.43
18901.88,71.98,91,1.1875,3280.43
18901.88,71.92,93,0.0,3280.43
18901.88,71.91,93,1.2125,3280.43
18901.88,72.24,93,0.0,3280.43
18901.88,71.55,93,0.0,3280.43
18901.88,71.47,93,0.0,3280.43
18901.88,71.47,93,1.2125,3280.43
18901.88,71.72,92,0.0,3280.43
18901.88,71.72,92,0.0,3280.43
18901.88,72.09,93,0.0,3280.43
18901.88,72.23,93,1.2125,3280.43
18901.88,71.57,94,0.0,3280.43
18901.88,68.69,83,1.225,3280.43
18901.88,68.25,83,0.0,3280.43
18901.88,68.57,83,1.2125,3280.43
18901.88,68.57,96,0.0,3280.43
18901.88,68.63,96,0.0,3280.43
18901.88,68.23,96,2.4,3280.43
18901.88,68.43,96,0.0,3280.43
18901.88,68.4,93,0.0,3280.43
18901.88,68.35,94,1.2125,3280.43
18901.88,68.16,94,0.0,3280.43
18901.88,68.37,94,0.0,3280.43
18901.88,71.35,93,1.2125,3280.43
18901.88,71.56,93,0.0,3280.43
18901.88,71.56,94,0.0,3280.43
18901.88,71.17,94,0.0,3280.43
18901.88,70.73,92,1.225,3280.43
18901.88,71.57,92,0.0,3280.43
18901.88,71.12,93,0.0,3280.43
18901.88,71.55,93,1.2125,3280.43
18901.88,71.18,94,0.0,3280.43
18901.88,71.17,94,0.0,3280.43
18901.88,71.44,93,1.2125,3280.43
18901.88,71.01,93,0.0,3280.43
18901.88,70.76,93,0.0,3280.43
18901.88,71.24,94,1.2125,3280.43
18901.88,71.46,94,0.0,3280.43
18901.88,71.26,93,0.0,3280.43
18901.88,71.74,93,1.2125,3280.43
18901.88,71.49,93,0.0,3280.43
18901.88,71.23,94,0.0,3280.43
18901.88,71.64,94,1.225,3280.43
18901.88,71.27,93,0.0,3280.43
18901.88,70.95,93,0.0,3280.43
18901.88,71.39,93,0.0,3280.43
18901.88,71.24,93,1.2125,3280.43
18901.88,71.2,94,0.0,3280.43
18901.88,71.74,94,0.0,3280.43
18901.88,71.52,91,1.225,3280.43
18901.88,71.24,91,0.0,3280.43
18901.88,71.77,93,0.0,3280.43
18901.88,71.35,93,1.2125,3280.43
18901.88,71.14,82,1.2125,3280.43
18901.88,73.56,82,0.0,3280.43
18901.88,73.44,100,0.0,3280.43
18901.88,73.05,100,1.225,3280.43
18901.88,72.68,94,0.0,3280.43
18901.88,72.54,94,1.225,3280.43
18901.88,73.09,94,0.0,3280.43
18901.88,72.92,94,1.2125,3280.43
18901.88,72.66,93,0.0,3280.43
18901.88,73.07,93,0.0,3280.43
18901.88,73.07,93,0.0,3280.43
18901.88,71.14,93,1.225,3280.43
18901.88,71.53,93,0.0,3280.43
18901.88,71.39,93,0.0,3280.43
18901.88,72.17,94,0.0,3280.43
18901.88,73.01,94,0.0,3280.43
18901.88,72.93,93,1.225,3280.43
18901.88,72.95,93,0.0,3280.43
18901.88,72.81,93,0.0,3280.43
18901.88,72.78,93,0.0,3280.43
18901.88,72.98,94,1.2125,3280.43
18901.88,72.71,94,0.0,3280.43
18901.88,72.38,93,0.0,3280.43
18901.88,72.2,93,1.2125,3280.43
18901.88,71.95,94,0.0,3280.43
18901.88,71.83,94,0.0,3280.43
18901.88,71.72,94,0.0,3280.43
18901.88,71.54,94,1.225,3280.43
18901.88,71.28,92,0.0,3280.43
18901.88,71.81,92,1.2125,3280.43
18901.88,72.68,84,1.225,3280.43
18901.88,72.15,84,0.0,3280.43
18901.88,71.69,98,1.225,3280.43
18901.88,72.08,98,0.0,3280.43
18901.88,71.97,93,0.0,3280.43
18901.88,72.54,93,0.0,3280.43
18901.88,72.97,91,1.225,3280.43
18901.88,72.85,91,0.0,3280.43
18901.88,73.37,94,0.0,3280.43
18901.88,72.86,94,0.0,3280.43
18901.88,72.74,93,0.0,3280.43
18901.88,71.9,93,1.225,3280.43
18901.88,71.88,94,0.0,3280.43
18901.88,72.92,92,0.0,3280.43
18901.88,72.34,92,0.0,3280.43
18901.88,72.5,93,1.2125,3280.43
18901.88,72.67,93,0.0,3280.43
18901.88,72.15,93,0.0,3280.43
18901.88,72.31,93,0.0,3280.43
18901.88,71.65,93,1.225,3280.43
18901.88,72.03,93,0.0,3280.43
18901.88,71.37,92,0.0,3280.43
18901.88,71.51,92,0.0,3280.43
18901.88,71.43,93,1.2125,3280.43
18901.88,71.88,93,0.0,3280.43
18901.88,72.26,94,0.0,3280.43
18901.88,71.77,94,1.1875,3280.43
18901.88,71.96,93,0.0,3280.43
18901.88,71.96,93,0.0,3280.43
18901.88,72.25,93,1.2125,3280.43
18901.88,72.35,93,0.0,3280.43
18901.88,71.85,93,0.0,3280.43
18901.88,72.01,93,0.0,3280.43
18901.88,72.4,93,1.225,3280.43
18901.88,72.1,93,0.0,3280.43
18901.88,72.3,94,0.0,3280.43
18901.88,71.74,94,0.0,3280.43
18901.88,72.01,94,2.4375,3280.43
18901.88,72.19,94,0.0,3280.43
18901.88,71.95,84,0.0,3280.43
18901.88,70.76,84,1.225,3280.43
18901.88,70.6,95,1.2125,3280.43
18901.88,71.37,95,0.0,3280.43
18901.88,71.4,92,0.0,3280.43
18901.88,71.24,92,1.225,3280.43
18901.88,71.69,93,0.0,3280.43
18901.88,71.23,93,0.0,3280.43
18901.88,71.36,92,0.0,3280.43
18901.88,71.62,92,1.2125,3280.43
18901.88,71.09,92,0.0,3280.43
18901.88,71.02,92,0.0,3280.43
18901.88,71.83,93,1.2125,3280.43
18901.88,71.9,93,0.0,3280.43
18901.88,71.77,94,0.0,3280.43
18901.88,71.82,94,0.0,3280.43
18901.88,72.08,93,1.2125,3280.43
18901.88,71.44,93,0.0,3280.43
18901.88,71.92,93,0.0,3280.43
18901.88,71.92,93,1.225,3280.43
18901.88,71.17,93,0.0,3280.43
18901.88,71.5,93,0.0,3280.43
18901.88,71.36,93,0.0,3280.43
18901.88,71.72,94,1.225,3280.43
18901.88,71.93,94,0.0,3280.43
18901.88,71.53,93,0.0,3280.43
18901.88,71.41,93,1.225,3280.43
18901.88,71.85,93,0.0,3280.43
18901.88,71.94,93,0.0,3280.43
18901.88,71.43,93,1.2125,3280.43
18901.88,71.91,93,1.225,3280.43
18901.88,72.23,92,0.0,3280.43
18901.88,72.36,92,0.0,3280.43
18901.88,72.66,94,1.225,3280.43
18901.88,72.16,94,0.0,3280.43
18901.88,72.41,93,0.0,3280.43
18901.88,72.49,93,1.2125,3280.43
18901.88,72.79,93,1.225,3280.43
18901.88,74.81,93,0.0,3280.43
18901.88,74.49,87,0.0,3280.43
18901.88,73.81,87,0.0,3280.43
18901.88,73.82,94,1.225,3280.43
18901.88,73.87,94,0.0,3280.43
18901.88,73.76,93,0.0,3280.43
18901.88,73.92,93,0.0,3280.43
18901.88,73.9,92,1.2125,3280.43
18901.88,73.93,92,0.0,3280.43
18901.88,73.8,94,0.0,3280.43
18901.88,71.34,94,0.0,3280.43
18901.88,71.38,93,1.2125,3280.43
18901.88,72.29,93,0.0,3280.43
18901.88,72.5,92,0.0,3280.43
18901.88,71.91,92,1.2125,3280.43
18901.88,72.03,93,0.0,3280.43
18901.88,71.85,93,0.0,3280.43
18901.88,72.16,93,0.0,3280.43
18901.88,72.31,93,1.2125,3280.43
18901.88,71.74,93,0.0,3280.43
18901.88,71.74,93,0.0,3280.43
18901.88,71.77,93,1.2125,3280.43
18901.88,71.89,93,1.2125,3280.43
18901.88,72.25,93,0.0,3280.43
18901.88,71.54,93,0.0,3280.43
18901.88,71.94,93,1.2,3280.43
18901.88,72.24,93,0.0,3280.43
18901.88,71.71,93,1.2125,3280.43
18901.88,71.96,93,0.0,3280.43
18901.88,71.28,93,0.0,3280.43
18901.88,71.51,93,0.0,3280.43
18901.88,71.77,93,1.175,3280.43
18901.88,71.87,93,0.0,3280.43
18901.88,71.19,93,0.0,3280.43
18901.88,71.75,94,1.2,3280.43
18901.88,71.81,94,0.0,3280.43
18901.88,71.09,94,0.0,3280.43
18901.88,68.4,82,1.225,3280.43
18901.88,67.73,82,0.0,3280.43
18901.88,67.36,96,1.225,3280.43
18901.88,67.22,96,0.0,3280.43
18901.88,67.34,93,0.0,3280.43
18901.88,68.04,93,0.0,3280.43
18901.88,67.77,93,0.0,3280.43
18901.88,68.49,93,1.25,3280.43
18901.88,67.5,93,1.25,3280.43
18901.88,67.08,91,0.0,3280.43
18901.88,67.91,91,0.0,3280.43
18901.88,71.09,91,1.25,3280.43
18901.88,71.29,91,0.0,3280.43
18901.88,72.19,91,0.0,3280.43
18901.88,72.16,91,0.0,3280.43
18901.88,71.91,93,1.25,3280.43
18901.88,71.91,93,0.0,3280.43
18901.88,71.86,93,0.0,3280.43
18901.88,71.78,93,0.0,3280.43
18901.88,71.72,94,1.2375,3280.43
18901.88,72.23,94,0.0,3280.43
18901.88,72.37,93,0.0,3280.43
18901.88,72.02,93,0.0,3280.43
18901.88,71.61,93,0.0,3280.43
18901.88,72.08,93,1.25,3280.43
18901.88,71.63,93,0.0,3280.43
18901.88,71.93,93,0.0,3280.43
18901.88,72.2,94,0.0,3280.43
18901.88,71.72,94,1.25,3280.43
18901.88,72.02,93,0.0,3280.43
18901.88,71.41,93,0.0,3280.43
18901.88,71.71,93,0.0,3280.43
18901.88,71.78,93,0.0,3280.43
18901.88,71.37,93,1.25,3280.43
18901.88,71.84,93,0.0,3280.43
18901.88,72.04,91,0.0,3280.43
18901.88,72.39,94,0.0,3280.43
18901.88,72.67,94,1.25,3280.43
18901.88,72.06,92,0.0,3280.43
18901.88,72.14,92,2.4875,3280.43
18901.88,72.04,80,0.0,3280.43
18901.88,74.43,80,0.0,3280.43
18901.88,74.43,98,0.0,3280.43
18901.88,73.87,98,1.2375,3280.43
18901.88,73.8,91,0.0,3280.43
18901.88,73.83,91,0.0,3280.43
18901.88,73.65,92,0.0,3280.43
18901.88,73.59,92,1.2375,3280.43
18901.88,74.25,94,0.0,3280.43
18901.88,73.87,94,0.0,3280.43
18901.88,73.89,93,1.2375,3280.43
18901.88,71.92,93,0.0,3280.43
18901.88,71.52,90,0.0,3280.43
18901.88,71.77,90,0.0,3280.43
18901.88,72.41,92,1.2375,3280.43
18901.88,71.94,92,0.0,3280.43
18901.88,71.48,91,0.0,3280.43
18901.88,72.03,91,0.0,3280.43
18901.88,71.22,91,1.2125,3280.43
18901.88,70.92,91,0.0,3280.43
18901.88,71.47,93,0.0,3280.43
18901.88,70.95,93,1.2125,3280.43
18901.88,70.93,93,1.2125,3280.43
18901.88,72.86,93,0.0,3280.43
18901.88,72.99,87,0.0,3280.43
18901.88,72.25,87,1.2125,3280.43
18901.88,72.93,93,1.225,3280.43
18901.88,72.87,93,0.0,3280.43
18901.88,72.97,93,1.2125,3280.43
18901.88,73.41,93,0.0,3280.43
18901.88,73.3,92,0.0,3280.43
18901.88,73.37,92,0.0,3280.43
18901.88,73.29,92,1.2125,3280.43
18901.88,73.22,93,0.0,3280.43
18901.88,71.69,93,1.2125,3280.43
18901.88,69.74,86,0.0,3280.43
18901.88,69.79,86,0.0,3280.43
18901.88,68.75,93,1.2125,3280.43
18901.88,69.15,93,0.0,3280.43
18901.88,68.9,94,0.0,3280.43
18901.88,69.44,94,1.2125,3280.43
18901.88,69.41,93,0.0,3280.43
18901.88,69.99,93,0.0,3280.43
18901.88,69.78,93,1.2125,3280.43
18901.88,70.14,93,1.2,3280.43
18901.88,71.81,93,0.0,3280.43
18901.88,71.95,93,0.0,3280.43
18901.88,72.59,93,0.0,3280.43
18901.88,72.24,93,1.2125,3280.43
18901.88,72.38,93,0.0,3280.43
18901.88,71.81,93,1.1375,3280.43
18901.88,72.22,78,1.2125,3280.43
18901.88,72.02,78,0.0,3280.43
18901.88,71.44,98,0.0,3280.43
18901.88,71.34,98,1.225,3280.43
18901.88,71.33,92,0.0,3280.43
18901.88,72.0,92,0.0,3280.43
18901.88,71.75,93,0.0,3280.43
18901.88,71.73,93,1.2125,3280.43
18901.88,72.15,93,0.0,3280.43
18901.88,71.65,93,0.0,3280.43
18901.88,72.2,94,1.2125,3280.43
18901.88,71.45,94,1.2125,3280.43
18901.88,71.25,92,0.0,3280.43
18901.88,71.83,92,0.0,3280.43
18901.88,71.92,93,0.0,3280.43
18901.88,71.86,93,1.2125,3280.43
18901.88,71.43,93,0.0,3280.43
18901.88,71.89,93,0.0,3280.43
18901.88,72.23,92,1.2125,3280.43
18901.88,71.56,92,0.0,3280.43
18901.88,71.61,93,0.0,3280.43
18901.88,71.21,90,0.0,3280.43
18901.88,71.06,90,1.2125,3280.43
18901.88,71.34,93,0.0,3280.43
18901.88,71.37,93,1.2125,3280.43
18901.88,71.49,93,1.2125,3280.43
18901.88,71.47,93,0.0,3280.43
18901.88,71.27,90,0.0,3280.43
18901.88,71.19,90,1.2125,3280.43
18901.88,71.7,91,0.0,3280.43
18901.88,71.64,91,0.0,3280.43
18901.88,71.89,94,1.2125,3280.43
18901.88,72.55,94,0.0,3280.43
18901.88,72.41,90,0.0,3280.43
18901.88,72.41,90,0.0,3280.43
18901.88,72.06,93,1.2125,3280.43
18901.88,71.76,93,0.0,3280.43
18901.88,72.25,92,0.0,3280.43
18901.88,72.23,92,2.4375,3280.43
18901.88,73.46,80,0.0,3280.43
18901.88,73.16,80,0.0,3280.43
18901.88,73.03,97,1.2,3280.43
18901.88,73.0,97,0.0,3280.43
18901.88,73.09,93,0.0,3280.43
18901.88,73.58,93,1.2125,3280.43
18901.88,73.14,93,0.0,3280.43
18901.88,73.86,93,0.0,3280.43
18901.88,73.99,93,1.2125,3280.43
18901.88,73.65,93,0.0,3280.43
18901.88,74.25,92,0.0,3280.43
18901.88,72.29,92,1.2125,3280.43
18901.88,72.15,93,0.0,3280.43
18901.88,72.57,93,0.0,3280.43
18901.88,72.18,93,1.2125,3280.43
18901.88,72.46,93,0.0,3280.43
18901.88,71.84,93,0.0,3280.43
18901.88,72.1,93,1.2125,3280.43
18901.88,71.96,94,0.0,3280.43
18901.88,71.68,94,0.0,3280.43
18901.88,71.57,91,0.0,3280.43
18901.88,71.28,91,1.2125,3280.43
18901.88,71.12,92,1.2125,3280.43
18901.88,71.31,92,0.0,3280.43
18901.88,71.48,92,1.2125,3280.43
18901.88,71.73,92,0.0,3280.43
18901.88,71.65,92,0.0,3280.43
18901.88,71.56,92,1.2125,3280.43
18901.88,71.56,93,0.0,3280.43
18901.88,71.38,93,0.0,3280.43
18901.88,71.38,93,1.2125,3280.43
18901.88,71.52,93,0.0,3280.43
18901.88,71.18,93,0.0,3280.43
18901.88,71.88,93,1.2125,3280.43
18901.88,72.3,91,0.0,3280.43
18901.88,72.34,92,0.0,3280.43
18901.88,72.42,92,0.0,3280.43
18901.88,72.47,92,2.425,3280.43
18901.88,69.71,92,0.0,3280.43
18901.88,69.51,84,0.0,3280.43
18901.88,69.8,84,1.2125,3280.43
18901.88,69.1,99,0.0,3280.43
18901.88,69.66,99,0.0,3280.43
18901.88,69.59,91,0.0,3280.43
18901.88,69.53,91,1.225,3280.43
18901.88,69.48,94,0.0,3280.43
18901.88,69.54,94,1.2125,3280.43
18901.88,69.38,94,1.2125,3280.43
18901.88,69.44,94,0.0,3280.43
18901.88,72.14,93,0.0,3280.43
18901.88,72.23,93,0.0,3280.43
18901.88,71.8,93,1.2125,3280.43
18901.88,72.36,93,0.0,3280.43
18901.88,72.33,94,0.0,3280.43
18901.88,72.11,94,0.0,3280.43
18901.88,72.0,93,1.2125,3280.43
18901.88,71.54,93,0.0,3280.43
18901.88,71.65,94,0.0,3280.43
18901.88,72.14,94,1.225,3280.43
18901.88,71.81,93,0.0,3280.43
18901.88,71.81,93,0.0,3280.43
18901.88,71.54,93,1.2125,3280.43
18901.88,72.09,93,0.0,3280.43
18901.88,71.92,93,0.0,3280.43
18901.88,72.5,93,0.0,3280.43
18901.88,71.84,93,1.225,3280.43
18901.88,71.4,93,0.0,3280.43
18901.88,71.9,91,0.0,3280.43
18901.88,71.21,91,1.225,3280.43
18901.88,70.69,92,0.0,3280.43
18901.88,71.19,93,0.0,3280.43
18901.88,71.19,93,0.0,3280.43
18901.88,71.09,94,1.225,3280.43
18901.88,71.62,94,0.0,3280.43
18901.88,71.11,93,0.0,3280.43
18901.88,70.82,93,1.225,3280.43
18901.88,71.51,94,0.0,3280.43
18901.88,71.08,84,1.2125,3280.43
18901.88,68.31,84,1.2125,3280.43
18901.88,68.74,90,0.0,3280.43
18901.88,68.17,90,0.0,3280.43
18901.88,68.18,93,0.0,3280.43
18901.88,68.57,93,1.2125,3280.43
18901.88,68.94,92,0.0,3280.43
18901.88,68.55,92,0.0,3280.43
18901.88,68.97,94,1.2125,3280.43
18901.88,68.56,94,0.0,3280.43
18901.88,69.34,91,1.2125,3280.43
18901.88,71.84,91,0.0,3280.43
18901.88,71.6,91,1.2125,3280.43
18901.88,72.56,93,0.0,3280.43
18901.88,72.01,93,0.0,3280.43
18901.88,72.11,93,1.2125,3280.43
18901.88,72.02,94,0.0,3280.43
18901.88,72.09,94,0.0,3280.43
18901.88,72.3,93,1.2125,3280.43
18901.88,71.62,93,0.0,3280.43
18901.88,72.02,93,0.0,3280.43
18901.88,71.83,93,0.0,3280.43
18901.88,71.37,92,1.2125,3280.43
18901.88,71.49,92,0.0,3280.43
18901.88,71.5,93,0.0,3280.43
18901.88,72.04,93,0.0,3280.43
18901.88,72.27,94,1.1875,3280.43
18901.88,71.18,94,0.0,3280.43
18901.88,71.34,92,0.0,3280.43
18901.88,71.27,92,1.2,3280.43
18901.88,71.31,93,0.0,3280.43
18901.88,71.31,93,0.0,3280.43
18901.88,71.52,93,1.1875,3280.43
18901.88,71.84,93,0.0,3280.43
18901.88,72.15,93,2.4,3280.43
18901.88,72.49,93,0.0,3280.43
18901.88,72.45,81,1.225,3280.43
18901.88,71.25,81,0.0,3280.43
18901.88,72.19,95,0.0,3280.43
18901.88,71.9,93,0.0,3280.43
18901.88,71.78,93,1.2125,3280.43
18901.88,72.39,92,0.0,3280.43
18901.88,72.1,92,0.0,3280.43
18901.88,72.33,93,1.2125,3280.43
18901.88,72.11,93,0.0,3280.43
18901.88,72.0,93,0.0,3280.43
18901.88,71.31,92,0.0,3280.43
18901.88,72.09,93,1.2125,3280.43
18901.88,72.29,93,0.0,3280.43
18901.88,72.3,92,0.0,3280.43
18901.88,72.13,92,1.2125,3280.43
18901.88,72.19,93,0.0,3280.43
18901.88,72.39,93,0.0,3280.43
18901.88,72.42,94,1.225,3280.43
18901.88,72.03,94,0.0,3280.43
18901.88,71.92,93,0.0,3280.43
18901.88,71.64,93,1.2,3280.43
18901.88,72.28,93,0.0,3280.43
18901.88,72.67,93,0.0,3280.43
18901.88,72.06,93,1.2125,3280.43
18901.88,71.94,93,0.0,3280.43
18901.88,72.25,92,0.0,3280.43
18901.88,71.64,92,0.0,3280.43
18901.88,71.85,93,1.225,3280.43
18901.88,71.89,93,0.0,3280.43
18901.88,72.04,93,0.0,3280.43
18901.88,72.27,93,0.0,3280.43
18901.88,71.86,93,1.225,3280.43
18901.88,71.83,93,0.0,3280.43
18901.88,71.76,93,0.0,3280.43
18901.88,72.09,93,0.0,3280.43
18901.88,72.63,94,0.0,3280.43
18901.88,72.09,94,1.225,3280.43
18901.88,72.28,94,1.225,3280.43
18901.88,74.32,85,0.0,3280.43
18901.88,74.0,85,0.0,3280.43
18901.88,73.31,94,1.2125,3280.43
18901.88,73.36,94,1.2125,3280.43
18901.88,74.09,93,0.0,3280.43
18901.88,74.24,93,1.2125,3280.43
18901.88,74.35,93,0.0,3280.43
18901.88,73.95,93,0.0,3280.43
18901.88,74.28,93,0.0,3280.43
18901.88,74.42,93,1.1875,3280.43
18901.88,72.22,93,0.0,3280.43
18901.88,71.95,94,0.0,3280.43
18901.88,72.94,94,1.2125,3280.43
18901.88,73.32,94,0.0,3280.43
18901.88,73.03,91,0.0,3280.43
18901.88,73.3,91,1.2125,3280.43
18901.88,72.58,92,0.0,3280.43
18901.88,72.81,92,0.0,3280.43
18901.88,72.84,94,1.2125,3280.43
18901.88,72.48,94,0.0,3280.43
18901.88,72.32,91,0.0,3280.43
18901.88,72.24,91,1.225,3280.43
18901.88,72.31,92,0.0,3280.43
18901.88,72.38,92,0.0,3280.43
18901.88,72.07,92,1.2125,3280.43
18901.88,71.68,92,0.0,3280.43
18901.88,71.6,92,0.0,3280.43
18901.88,72.36,92,0.0,3280.43
18901.88,72.28,92,1.2125,3280.43
18901.88,72.29,92,0.0,3280.43
18901.88,71.96,93,1.2125,3280.43
18901.88,71.88,93,0.0,3280.43
18901.88,72.13,94,1.2,3280.43
18901.88,71.94,91,0.0,3280.43
18901.88,71.62,91,0.0,3280.43
18901.88,71.7,93,0.0,3280.43
18901.88,71.85,93,1.2125,3280.43
18901.88,71.78,91,1.2125,3280.43
18901.88,70.78,91,0.0,3280.43
18901.88,70.78,90,0.0,3280.43
18901.88,70.53,90,1.2125,3280.43
18901.88,70.17,92,0.0,3280.43
18901.88,70.24,92,0.0,3280.43
18901.88,70.44,91,1.2125,3280.43
18901.88,71.56,91,0.0,3280.43
18901.88,70.84,91,0.0,3280.43
18901.88,71.1,91,0.0,3280.43
18901.88,70.26,92,1.225,3280.43
18901.88,70.76,92,0.0,3280.43
18901.88,70.91,93,0.0,3280.43
18901.88,70.37,93,1.2125,3280.43
18901.88,71.22,91,1.2125,3280.43
18901.88,71.69,91,0.0,3280.43
18901.88,71.54,92,0.0,3280.43
18901.88,71.3,92,1.2125,3280.43
18901.88,72.25,94,0.0,3280.43
18901.88,71.38,94,0.0,3280.43
18901.88,71.34,91,1.2125,3280.43
18901.88,72.06,91,0.0,3280.43
18901.88,71.88,92,1.2125,3280.43
18901.88,72.53,92,1.2125,3280.43
18901.88,72.97,85,0.0,3280.43
18901.88,73.24,85,0.0,3280.43
18901.88,72.26,99,1.175,3280.43
18901.88,71.8,99,0.0,3280.43
18901.88,71.68,93,0.0,3280.43
18901.88,71.69,93,1.2125,3280.43
18901.88,72.33,93,0.0,3280.43
18901.88,72.4,93,0.0,3280.43
18901.88,72.31,93,1.2125,3280.43
18901.88,72.19,93,0.0,3280.43
18901.88,71.35,93,0.0,3280.43
18901.88,71.74,93,0.0,3280.43
18901.88,71.03,91,1.2125,3280.43
18901.88,71.65,91,0.0,3280.43
18901.88,72.22,94,0.0,3280.43
18901.88,71.8,94,1.2125,3280.43
18901.88,71.47,93,0.0,3280.43
18901.88,72.02,93,0.0,3280.43
18901.88,71.65,92,1.2125,3280.43
18901.88,71.28,92,2.2875,3280.43
18901.88,71.66,91,0.0,3280.43
18901.88,73.62,91,0.0,3280.43
18901.88,73.22,82,1.1875,3280.43
18901.88,73.37,82,0.0,3280.43
18901.88,73.25,92,0.0,3280.43
18901.88,73.1,92,1.2125,3280.43
18901.88,73.82,93,0.0,3280.43
18901.88,73.77,93,0.0,3280.43
18901.88,73.77,93,0.0,3280.43
18901.88,73.68,92,0.0,3280.43
18901.88,73.58,92,1.175,3280.43
18901.88,73.76,93,0.0,3280.43
18901.88,71.45,93,1.2125,3280.43
18901.88,72.06,93,0.0,3280.43
18901.88,72.34,93,0.0,3280.43
18901.88,72.55,94,1.2125,3280.43
18901.88,71.94,94,0.0,3280.43
18901.88,71.99,93,0.0,3280.43
18901.88,71.82,93,0.0,3280.43
18901.88,71.99,93,2.425,3280.43
18901.88,72.43,93,0.0,3280.43
18901.88,71.79,93,0.0,3280.43
18901.88,72.14,93,1.225,3280.43
18901.88,72.5,92,0.0,3280.43
18901.88,72.1,92,0.0,3280.43
18901.88,71.92,92,1.2125,3280.43
18901.88,72.01,92,0.0,3280.43
18901.88,72.04,92,0.0,3280.43
18901.88,72.04,92,1.2125,3280.43
18901.88,71.85,93,0.0,3280.43
18901.88,71.79,93,0.0,3280.43
18901.88,71.87,94,0.0,3280.43
18901.88,71.9,94,1.2125,3280.43
18901.88,72.02,91,0.0,3280.43
18901.88,72.15,91,0.0,3280.43
18901.88,72.41,93,1.2125,3280.43
18901.88,71.74,93,0.0,3280.43
18901.88,71.92,93,0.0,3280.43
18901.88,71.78,94,2.425,3280.43
18901.88,71.78,94,0.0,3280.43
18901.88,71.82,94,0.0,3280.43
18901.88,71.43,86,1.2,3280.43
18901.88,70.96,86,0.0,3280.43
18901.88,71.11,94,0.0,3280.43
18901.88,71.18,94,0.0,3280.43
18901.88,71.16,93,1.2125,3280.43
18901.88,71.04,91,0.0,3280.43
18901.88,71.66,91,0.0,3280.43
18901.88,71.46,91,0.0,3280.43
18901.88,71.42,93,1.2125,3280.43
18901.88,71.43,94,0.0,3280.43
18901.88,71.03,94,0.0,3280.43
18901.88,71.04,93,2.425,3280.43
18901.88,72.09,93,0.0,3280.43
18901.88,71.82,93,0.0,3280.43
18901.88,72.31,93,0.0,3280.43
18901.88,72.12,93,1.2125,3280.43
18901.88,72.2,93,0.0,3280.43
18901.88,72.41,94,0.0,3280.43
18901.88,72.17,92,2.4125,3280.43
18901.88,73.07,92,0.0,3280.43
18901.88,73.33,85,0.0,3280.43
18901.88,73.57,85,0.0,3280.43
18901.88,73.31,96,1.2125,3280.43
18901.88,73.89,96,0.0,3280.43
18901.88,73.66,92,0.0,3280.43
18901.88,73.78,92,0.0,3280.43
18901.88,74.08,93,1.2125,3280.43
18901.88,73.81,93,0.0,3280.43
18901.88,74.16,93,0.0,3280.43
18901.88,74.21,93,1.2125,3280.43
18901.88,73.01,93,0.0,3280.43
18901.88,73.33,91,0.0,3280.43
18901.88,73.39,93,0.0,3280.43
18901.88,73.24,93,1.225,3280.43
18901.88,73.09,93,0.0,3280.43
18901.88,73.43,93,0.0,3280.43
18901.88,73.04,93,0.0,3280.43
18901.88,73.13,93,1.225,3280.43
18901.88,72.85,93,0.0,3280.43
18901.88,72.31,93,0.0,3280.43
18901.88,72.58,94,0.0,3280.43
18901.88,72.33,94,1.2125,3280.43
18901.88,72.1,93,1.1875,3280.43
18901.88,72.19,93,0.0,3280.43
18901.88,72.19,94,0.0,3280.43
18901.88,72.01,94,1.2125,3280.43
18901.88,71.98,94,0.0,3280.43
18901.88,71.99,94,0.0,3280.43
18901.88,71.89,94,1.2125,3280.43
18901.88,71.83,93,0.0,3280.43
18901.88,71.8,93,0.0,3280.43
18901.88,71.73,93,0.0,3280.43
18901.88,71.81,93,1.2125,3280.43
18901.88,71.95,94,0.0,3280.43
18901.88,72.09,94,0.0,3280.43
18901.88,72.12,93,1.2125,3280.43
18901.88,72.06,93,0.0,3280.43
18901.88,71.88,93,0.0,3280.43
18901.88,71.39,93,2.4375,3280.43
18901.88,72.01,83,0.0,3280.43
18901.88,71.97,83,0.0,3280.43
18901.88,71.34,96,0.0,3280.43
18901.88,71.9,96,0.0,3280.43
18901.88,72.33,93,1.225,3280.43
18901.88,72.28,93,0.0,3280.43
18901.88,72.83,95,1.225,3280.43
18901.88,72.51,95,0.0,3280.43
18901.88,72.43,95,1.225,3280.43
18901.88,72.55,93,0.0,3280.43
18901.88,72.4,93,0.0,3280.43
18901.88,71.98,93,0.0,3280.43
18901.88,71.74,94,0.0,3280.43
18901.88,72.55,94,1.225,3280.43
18901.88,72.55,94,0.0,3280.43
18901.88,72.27,93,0.0,3280.43
18901.88,72.03,93,0.0,3280.43
18901.88,71.78,94,1.2125,3280.43
18901.88,71.78,94,0.0,3280.43
18901.88,72.3,94,0.0,3280.43
18901.88,71.94,94,1.2,3280.43
18901.88,72.08,94,0.0,3280.43
18901.88,72.08,93,0.0,3280.43
18901.88,72.66,93,0.0,3280.43
18901.88,71.95,92,1.225,3280.43
18901.88,72.27,92,0.0,3280.43
18901.88,72.39,94,0.0,3280.43
18901.88,72.02,94,1.2125,3280.43
18901.88,72.3,93,0.0,3280.43
18901.88,71.69,93,0.0,3280.43
18901.88,71.84,93,0.0,3280.43
18901.88,71.96,93,1.2125,3280.43
18901.88,71.73,93,0.0,3280.43
18901.88,72.11,93,0.0,3280.43
18901.88,71.83,92,1.2125,3280.43
18901.88,72.46,92,0.0,3280.43
18901.88,72.5,94,0.0,3280.43
18901.88,71.99,94,1.175,3280.43
18901.88,72.34,94,1.1625,3280.43
18901.88,74.13,85,1.2375,3280.43
18901.88,74.35,85,1.2375,3280.43
18901.88,73.69,94,0.0,3280.43
18901.88,73.81,94,0.0,3280.43
18901.88,74.29,93,0.0,3280.43
18901.88,74.56,93,1.2125,3280.43
18901.88,74.16,93,0.0,3280.43
18901.88,74.22,93,0.0,3280.43
18901.88,73.94,93,1.2125,3280.43
18901.88,73.7,93,0.0,3280.43
18901.88,71.67,94,0.0,3280.43
18901.88,71.34,94,1.2125,3280.43
18901.88,72.1,93,0.0,3280.43
18901.88,72.09,93,0.0,3280.43
18901.88,71.8,94,1.2125,3280.43
18901.88,72.05,94,0.0,3280.43
18901.88,71.55,93,0.0,3280.43
18901.88,72.01,93,0.0,3280.43
18901.88,71.32,92,0.0,3280.43
18901.88,71.32,92,1.2375,3280.43
18901.88,71.89,94,0.0,3280.43
18901.88,71.89,94,0.0,3280.43
18901.88,71.34,93,1.2375,3280.43
18901.88,71.68,93,0.0,3280.43
18901.88,71.63,93,0.0,3280.43
18901.88,71.89,93,1.25,3280.43
18901.88,71.24,93,0.0,3280.43
18901.88,71.59,93,0.0,3280.43
18901.88,71.21,93,0.0,3280.43
18901.88,71.48,93,1.25,3280.43
18901.88,71.52,94,0.0,3280.43
18901.88,70.92,94,0.0,3280.43
18901.88,71.58,93,1.25,3280.43
18901.88,71.81,93,0.0,3280.43
18901.88,72.09,91,0.0,3280.43
18901.88,72.37,91,0.0,3280.43
18901.88,71.5,92,1.25,3280.43
18901.88,71.83,92,1.25,3280.43
18901.88,68.33,82,0.0,3280.43
18901.88,68.36,82,1.25,3280.43
18901.88,67.67,98,0.0,3280.43
18901.88,67.66,98,0.0,3280.43
18901.88,68.57,94,0.0,3280.43
18901.88,68.26,94,1.25,3280.43
18901.88,68.11,93,0.0,3280.43
18901.88,68.1,93,0.0,3280.43
18901.88,67.83,93,1.25,3280.43
18901.88,68.38,93,2.4875,3280.43
18901.88,66.78,89,0.0,3280.43
18901.88,69.8,89,0.0,3280.43
18901.88,69.09,89,1.25,3280.43
18901.88,69.99,94,0.0,3280.43
18901.88,69.86,94,0.0,3280.43
18901.88,69.86,94,1.25,3280.43
18901.88,70.11,93,0.0,3280.43
18901.88,69.96,93,0.0,3280.43
18901.88,70.23,94,0.0,3280.43
18901.88,70.06,94,0.0,3280.43
18901.88,70.06,94,1.25,3280.43
18901.88,71.17,94,0.0,3280.43
18901.88,71.17,94,0.0,3280.43
18901.88,72.0,94,0.0,3280.43
18901.88,71.73,93,0.0,3280.43
18901.88,72.17,93,1.225,3280.43
18901.88,71.45,93,0.0,3280.43
18901.88,71.43,93,0.0,3280.43
18901.88,71.55,94,0.0,3280.43
18901.88,71.28,94,1.2125,3280.43
18901.88,71.84,94,0.0,3280.43
18901.88,71.12,94,0.0,3280.43
18901.88,71.54,93,1.2125,3280.43
18901.88,71.73,93,0.0,3280.43
18901.88,71.65,93,1.2125,3280.43
18901.88,72.2,93,1.2125,3280.43
18901.88,71.57,93,0.0,3280.43
18901.88,72.14,94,0.0,3280.43
18901.88,72.2,94,1.1875,3280.43
18901.88,71.68,89,0.0,3280.43
18901.88,71.68,89,0.0,3280.43
18901.88,71.6,92,1.2,3280.43
18901.88,71.55,92,0.0,3280.43
18901.88,71.77,94,0.0,3280.43
18901.88,71.72,94,1.2125,3280.43
18901.88,71.73,93,0.0,3280.43
18901.88,71.71,93,0.0,3280.43
18901.88,71.65,93,0.0,3280.43
18901.88,71.54,93,2.4375,3280.43
18901.88,73.78,81,0.0,3280.43
18901.88,73.81,81,0.0,3280.43
18901.88,73.67,100,1.2125,3280.43
18901.88,73.56,100,0.0,3280.43
18901.88,73.57,94,0.0,3280.43
18901.88,73.51,94,0.0,3280.43
18901.88,74.21,92,1.2375,3280.43
18901.88,74.4,92,0.0,3280.43
18901.88,74.58,92,0.0,3280.43
18901.88,74.44,92,1.25,3280.43
18901.88,74.64,93,0.0,3280.43
18901.88,72.5,93,0.0,3280.43
18901.88,72.53,94,0.0,3280.43
18901.88,72.52,94,1.2375,3280.43
18901.88,72.96,93,0.0,3280.43
18901.88,73.34,93,0.0,3280.43
18901.88,73.64,93,1.2375,3280.43
18901.88,73.34,94,0.0,3280.43
18901.88,73.13,94,0.0,3280.43
18901.88,73.18,91,0.0,3280.43
18901.88,73.09,91,1.2375,3280.43
18901.88,72.7,93,0.0,3280.43
18901.88,72.93,93,0.0,3280.43
18901.88,72.32,91,2.4875,3280.43
18901.88,72.11,91,0.0,3280.43
18901.88,72.11,91,0.0,3280.43
18901.88,72.62,92,0.0,3280.43
18901.88,71.92,92,1.25,3280.43
18901.88,71.63,92,1.25,3280.43
18901.88,72.32,92,0.0,3280.43
18901.88,72.51,85,1.2375,3280.43
18901.88,72.22,85,0.0,3280.43
18901.88,72.47,93,0.0,3280.43
18901.88,72.69,93,1.25,3280.43
18901.88,73.22,93,0.0,3280.43
18901.88,73.68,93,0.0,3280.43
18901.88,73.34,93,0.0,3280.43
18901.88,72.85,93,1.25,3280.43
18901.88,73.41,93,0.0,3280.43
18901.88,73.42,93,0.0,3280.43
18901.88,72.46,94,0.0,3280.43
18901.88,71.97,94,1.25,3280.43
18901.88,72.46,93,0.0,3280.43
18901.88,72.37,93,0.0,3280.43
18901.88,72.09,93,0.0,3280.43
18901.88,72.47,93,1.2375,3280.43
18901.88,71.88,92,0.0,3280.43
18901.88,71.99,92,0.0,3280.43
18901.88,72.35,92,0.0,3280.43
18901.88,71.62,91,1.2375,3280.43
18901.88,71.49,91,0.0,3280.43
18901.88,71.6,91,0.0,3280.43
18901.88,71.56,91,1.2125,3280.43
18901.88,71.49,93,0.0,3280.43
18901.88,71.64,93,0.0,3280.43
18901.88,70.84,89,0.0,3280.43
18901.88,71.21,89,1.2125,3280.43
18901.88,70.93,93,0.0,3280.43
18901.88,70.64,93,0.0,3280.43
18901.88,71.31,93,0.0,3280.43
18901.88,71.09,93,1.2125,3280.43
18901.88,71.18,93,0.0,3280.43
18901.88,71.86,93,2.4125,3280.43
18901.88,71.8,90,0.0,3280.43
18901.88,71.81,90,0.0,3280.43
18901.88,72.25,93,0.0,3280.43
18901.88,72.1,93,1.2125,3280.43
18901.88,68.58,82,1.2,3280.43
18901.88,68.73,82,0.0,3280.43
18901.88,68.59,100,0.0,3280.43
18901.88,67.8,100,1.2125,3280.43
18901.88,68.05,95,0.0,3280.43
18901.88,68.17,95,0.0,3280.43
18901.88,67.66,94,0.0,3280.43
18901.88,67.94,94,1.25,3280.43
18901.88,68.05,94,0.0,3280.43
18901.88,67.94,94,0.0,3280.43
18901.88,68.02,93,0.0,3280.43
18901.88,68.02,93,1.25,3280.43
18901.88,71.61,92,0.0,3280.43
18901.88,71.48,92,0.0,3280.43
18901.88,71.45,93,1.2375,3280.43
18901.88,72.66,93,0.0,3280.43
18901.88,72.4,93,0.0,3280.43
18901.88,73.01,93,0.0,3280.43
18901.88,72.71,93,1.2375,3280.43
18901.88,72.35,93,0.0,3280.43
18901.88,73.01,93,0.0,3280.43
18901.88,73.14,93,0.0,3280.43
18901.88,72.67,93,1.25,3280.43
18901.88,73.06,93,0.0,3280.43
18901.88,73.54,93,0.0,3280.43
18901.88,73.16,93,1.25,3280.43
18901.88,72.79,92,0.0,3280.43
18901.88,72.94,92,0.0,3280.43
18901.88,72.31,93,0.0,3280.43
18901.88,72.45,93,1.25,3280.43
18901.88,72.61,93,0.0,3280.43
18901.88,72.61,94,0.0,3280.43
18901.88,72.04,94,0.0,3280.43
18901.88,72.37,94,0.0,3280.43
18901.88,72.22,93,1.25,3280.43
18901.88,72.18,93,1.25,3280.43
18901.88,72.11,94,0.0,3280.43
18901.88,72.2,94,0.0,3280.43
18901.88,72.4,93,1.25,3280.43
18901.88,73.08,93,0.0,3280.43
18901.88,73.0,92,0.0,3280.43
18901.88,73.04,92,1.25,3280.43
18901.88,73.04,86,0.0,3280.43
18901.88,72.92,86,0.0,3280.43
18901.88,72.35,96,1.25,3280.43
18901.88,72.85,96,0.0,3280.43
18901.88,72.42,94,0.0,3280.43
18901.88,72.86,94,0.0,3280.43
18901.88,73.12,94,1.25,3280.43
18901.88,72.44,94,0.0,3280.43
18901.88,72.3,93,0.0,3280.43
18901.88,72.09,93,0.0,3280.43
18901.88,71.78,93,1.25,3280.43
18901.88,71.78,93,0.0,3280.43
18901.88,71.52,92,0.0,3280.43
18901.88,72.01,92,0.0,3280.43
18901.88,71.78,93,1.225,3280.43
18901.88,72.17,93,0.0,3280.43
18901.88,72.27,94,0.0,3280.43
18901.88,71.79,93,0.0,3280.43
18901.88,72.24,93,0.0,3280.43
18901.88,71.58,93,1.225,3280.43
18901.88,71.72,93,0.0,3280.43
18901.88,71.88,92,0.0,3280.43
18901.88,71.95,92,1.2125,3280.43
18901.88,72.06,93,0.0,3280.43
18901.88,72.0,93,0.0,3280.43
18901.88,72.2,94,0.0,3280.43
18901.88,71.31,94,1.225,3280.43
18901.88,71.56,92,1.225,3280.43
18901.88,71.39,92,0.0,3280.43
18901.88,71.68,93,1.2125,3280.43
18901.88,71.93,93,0.0,3280.43
18901.88,71.56,94,0.0,3280.43
18901.88,71.92,94,0.0,3280.43
18901.88,72.17,93,1.2125,3280.43
18901.88,72.16,93,0.0,3280.43
18901.88,72.34,94,0.0,3280.43
18901.88,71.73,94,0.0,3280.43
18901.88,72.44,93,1.225,3280.43
18901.88,73.9,93,1.225,3280.43
18901.88,73.7,88,0.0,3280.43
18901.88,73.03,88,0.0,3280.43
18901.88,73.16,94,0.0,3280.43
18901.88,73.94,94,0.0,3280.43
18901.88,73.94,94,0.0,3280.43
18901.88,74.27,91,1.225,3280.43
18901.88,74.32,92,0.0,3280.43
18901.88,73.99,92,0.0,3280.43
18901.88,73.81,94,0.0,3280.43
18901.88,74.12,94,1.175,3280.43
18901.88,72.5,94,0.0,3280.43
18901.88,72.11,94,1.2125,3280.43
18901.88,72.8,93,0.0,3280.43
18901.88,72.82,93,0.0,3280.43
18901.88,72.35,93,1.2125,3280.43
18901.88,72.48,93,0.0,3280.43
18901.88,72.04,92,0.0,3280.43
18901.88,72.22,92,1.2125,3280.43
18901.88,72.29,94,0.0,3280.43
18901.88,71.91,94,1.2125,3280.43
18901.88,72.07,94,0.0,3280.43
18901.88,71.44,94,1.2125,3280.43
18901.88,72.02,93,0.0,3280.43
18901.88,72.24,93,0.0,3280.43
18901.88,71.66,93,1.2125,3280.43
18901.88,71.89,93,0.0,3280.43
18901.88,71.62,93,0.0,3280.43
18901.88,71.83,95,0.0,3280.43
18901.88,72.04,95,1.2125,3280.43
18901.88,71.55,93,0.0,3280.43
18901.88,71.22,93,0.0,3280.43
18901.88,71.74,93,1.225,3280.43
18901.88,71.87,93,0.0,3280.43
18901.88,71.47,93,0.0,3280.43
18901.88,72.0,93,1.2125,3280.43
18901.88,71.58,93,0.0,3280.43
18901.88,71.57,93,1.2125,3280.43
18901.88,68.17,82,0.0,3280.43
18901.88,67.81,82,0.0,3280.43
18901.88,67.26,99,1.2125,3280.43
18901.88,67.36,99,0.0,3280.43
18901.88,67.7,93,0.0,3280.43
18901.88,67.86,93,1.225,3280.43
18901.88,67.79,94,0.0,3280.43
18901.88,68.1,94,0.0,3280.43
18901.88,68.2,94,0.0,3280.43
18901.88,68.01,94,1.25,3280.43
18901.88,68.01,94,0.0,3280.43
18901.88,71.1,94,0.0,3280.43
18901.88,71.06,93,1.25,3280.43
18901.88,71.99,93,0.0,3280.43
18901.88,71.64,94,1.25,3280.43
18901.88,72.07,94,0.0,3280.43
18901.88,71.89,93,0.0,3280.43
18901.88,71.84,93,1.25,3280.43
18901.88,72.1,94,0.0,3280.43
18901.88,71.13,94,0.0,3280.43
18901.88,71.47,92,1.2375,3280.43
18901.88,71.41,92,1.25,3280.43
18901.88,73.45,82,0.0,3280.43
18901.88,73.56,82,0.0,3280.43
18901.88,73.02,97,1.25,3280.43
18901.88,73.63,97,0.0,3280.43
18901.88,73.07,92,0.0,3280.43
18901.88,73.27,92,1.2375,3280.43
18901.88,73.55,94,0.0,3280.43
18901.88,73.02,94,0.0,3280.43
18901.88,73.75,93,0.0,3280.43
18901.88,73.9,93,0.0,3280.43
18901.88,73.79,93,1.2375,3280.43
18901.88,72.09,91,0.0,3280.43
18901.88,71.58,91,0.0,3280.43
18901.88,71.91,94,0.0,3280.43
18901.88,71.82,94,1.2375,3280.43
18901.88,72.17,94,0.0,3280.43
18901.88,72.36,94,0.0,3280.43
18901.88,71.54,94,1.25,3280.43
18901.88,71.82,92,0.0,3280.43
18901.88,71.51,94,0.0,3280.43
18901.88,71.46,94,1.25,3280.43
18901.88,71.24,94,1.2375,3280.43
18901.88,71.65,93,0.0,3280.43
18901.88,72.13,93,0.0,3280.43
18901.88,71.47,92,1.25,3280.43
18901.88,71.53,92,0.0,3280.43
18901.88,71.48,93,0.0,3280.43
18901.88,71.64,93,0.0,3280.43
18901.88,71.74,93,1.2375,3280.43
18901.88,71.27,93,0.0,3280.43
18901.88,71.27,93,0.0,3280.43
18901.88,71.41,93,0.0,3280.43
18901.88,70.85,94,1.2125,3280.43
18901.88,71.21,94,0.0,3280.43
18901.88,71.28,90,0.0,3280.43
18901.88,71.46,90,0.0,3280.43
18901.88,71.41,92,1.225,3280.43
18901.88,71.27,92,0.0,3280.43
18901.88,69.62,93,1.225,3280.43
18901.88,69.4,85,0.0,3280.43
18901.88,68.81,85,0.0,3280.43
18901.88,69.1,96,1.225,3280.43
18901.88,68.66,96,0.0,3280.43
18901.88,69.68,92,0.0,3280.43
18901.88,69.85,92,0.0,3280.43
18901.88,69.64,92,1.2,3280.43
18901.88,70.1,93,0.0,3280.43
18901.88,69.71,93,0.0,3280.43
18901.88,69.33,93,1.2125,3280.43
18901.88,71.37,93,0.0,3280.43
18901.88,71.11,93,0.0,3280.43
18901.88,72.06,93,0.0,3280.43
18901.88,71.93,93,1.2125,3280.43
18901.88,72.44,92,0.0,3280.43
18901.88,72.58,92,0.0,3280.43
18901.88,71.73,92,0.0,3280.43
18901.88,71.56,92,1.175,3280.43
18901.88,71.4,94,0.0,3280.43
18901.88,71.67,94,2.4375,3280.43
18901.88,72.08,93,0.0,3280.43
18901.88,71.42,93,1.2125,3280.43
18901.88,69.11,86,1.2125,3280.43
18901.88,68.92,86,0.0,3280.43
18901.88,68.28,94,0.0,3280.43
18901.88,68.37,94,0.0,3280.43
18901.88,68.19,92,1.2,3280.43
18901.88,69.01,92,0.0,3280.43
18901.88,68.92,92,0.0,3280.43
18901.88,68.97,92,1.2125,3280.43
18901.88,69.22,93,0.0,3280.43
18901.88,68.85,93,0.0,3280.43
18901.88,69.71,94,1.2125,3280.43
18901.88,72.57,91,0.0,3280.43
18901.88,72.44,91,0.0,3280.43
18901.88,73.21,93,1.2125,3280.43
18901.88,72.72,93,0.0,3280.43
18901.88,72.64,93,0.0,3280.43
18901.88,72.66,93,1.2125,3280.43
18901.88,72.82,94,0.0,3280.43
18901.88,72.85,94,0.0,3280.43
18901.88,72.46,93,0.0,3280.43
18901.88,72.55,93,1.25,3280.43
18901.88,72.32,93,0.0,3280.43
18901.88,72.36,93,0.0,3280.43
18901.88,71.93,93,0.0,3280.43
18901.88,72.35,93,1.2375,3280.43
18901.88,72.55,93,0.0,3280.43
18901.88,72.19,93,0.0,3280.43
18901.88,72.33,94,0.0,3280.43
18901.88,71.79,94,1.2375,3280.43
18901.88,72.03,94,1.2375,3280.43
18901.88,72.23,94,0.0,3280.43
18901.88,72.06,93,0.0,3280.43
18901.88,72.39,93,0.0,3280.43
18901.88,71.91,91,1.2375,3280.43
18901.88,72.13,91,0.0,3280.43
18901.88,72.38,93,0.0,3280.43
18901.88,71.81,93,0.0,3280.43
18901.88,71.72,92,1.25,3280.43
18901.88,71.61,92,1.25,3280.43
18901.88,73.43,83,0.0,3280.43
18901.88,73.22,83,0.0,3280.43
18901.88,72.86,97,1.2375,3280.43
18901.88,73.38,97,0.0,3280.43
18901.88,73.45,92,0.0,3280.43
18901.88,74.09,92,0.0,3280.43
18901.88,73.85,93,1.25,3280.43
18901.88,73.67,93,0.0,3280.43
18901.88,74.28,93,0.0,3280.43
18901.88,74.33,93,1.2375,3280.43
18901.88,74.44,94,0.0,3280.43
18901.88,72.46,94,0.0,3280.43
18901.88,72.44,93,0.0,3280.43
18901.88,72.8,93,1.2375,3280.43
18901.88,72.18,92,0.0,3280.43
18901.88,72.3,92,0.0,3280.43
18901.88,71.43,92,0.0,3280.43
18901.88,71.9,92,1.2375,3280.43
18901.88,71.93,92,0.0,3280.43
18901.88,71.31,94,0.0,3280.43
18901.88,71.51,94,1.2375,3280.43
18901.88,70.71,93,0.0,3280.43
18901.88,70.71,93,1.2375,3280.43
18901.88,71.13,91,0.0,3280.43
18901.88,71.46,93,1.25,3280.43
18901.88,71.04,93,0.0,3280.43
18901.88,71.27,93,0.0,3280.43
18901.88,71.17,93,0.0,3280.43
18901.88,71.55,92,1.2375,3280.43
18901.88,71.22,92,0.0,3280.43
18901.88,71.28,93,0.0,3280.43
18901.88,71.29,93,1.2125,3280.43
18901.88,71.04,91,0.0,3280.43
18901.88,71.13,91,0.0,3280.43
18901.88,71.24,94,0.0,3280.43
18901.88,71.49,94,1.2125,3280.43
18901.88,71.62,92,0.0,3280.43
18901.88,71.72,92,0.0,3280.43
18901.88,71.63,93,2.425,3280.43
18901.88,68.4,93,0.0,3280.43
18901.88,68.53,84,0.0,3280.43
18901.88,67.77,84,1.2125,3280.43
18901.88,67.59,94,0.0,3280.43
18901.88,67.93,94,0.0,3280.43
18901.88,67.92,92,1.225,3280.43
18901.88,68.32,92,0.0,3280.43
18901.88,68.32,94,0.0,3280.43
18901.88,67.99,94,0.0,3280.43
18901.88,67.64,93,1.2125,3280.43
18901.88,67.53,93,0.0,3280.43
18901.88,70.57,92,1.2125,3280.43
18901.88,71.15,92,1.2125,3280.43
18901.88,71.14,93,0.0,3280.43
18901.88,71.01,93,0.0,3280.43
18901.88,72.03,92,1.2125,3280.43
18901.88,72.14,92,0.0,3280.43
18901.88,72.14,94,0.0,3280.43
18901.88,71.51,94,1.2125,3280.43
18901.88,71.95,91,0.0,3280.43
18901.88,71.73,91,0.0,3280.43
18901.88,71.58,91,0.0,3280.43
18901.88,71.85,91,1.2125,3280.43
18901.88,71.95,93,0.0,3280.43
18901.88,72.14,93,0.0,3280.43
18901.88,72.18,93,1.225,3280.43
18901.88,72.21,93,0.0,3280.43
18901.88,72.08,93,0.0,3280.43
18901.88,72.08,93,0.0,3280.43
18901.88,72.23,93,0.0,3280.43
18901.88,72.14,93,1.2125,3280.43
18901.88,72.5,93,0.0,3280.43
18901.88,72.5,95,0.0,3280.43
18901.88,72.41,95,1.2125,3280.43
18901.88,73.03,92,0.0,3280.43
18901.88,72.44,92,0.0,3280.43
18901.88,72.4,92,1.2125,3280.43
18901.88,72.1,92,0.0,3280.43
18901.88,74.38,93,2.425,3280.43
18901.88,74.38,93,0.0,3280.43
18901.88,74.11,81,0.0,3280.43
18901.88,73.56,81,1.2125,3280.43
18901.88,73.63,97,0.0,3280.43
18901.88,73.86,97,0.0,3280.43
18901.88,73.94,94,0.0,3280.43
18901.88,74.02,94,1.2125,3280.43
18901.88,74.35,94,0.0,3280.43
18901.88,74.42,94,1.2125,3280.43
18901.88,74.61,94,0.0,3280.43
18901.88,72.66,94,0.0,3280.43
18901.88,72.66,93,0.0,3280.43
18901.88,72.79,93,1.225,3280.43
18901.88,73.41,91,0.0,3280.43
18901.88,73.46,93,1.225,3280.43
18901.88,73.92,93,0.0,3280.43
18901.88,73.66,93,1.225,3280.43
18901.88,73.47,93,0.0,3280.43
18901.88,73.51,93,0.0,3280.43
18901.88,73.44,93,0.0,3280.43
18901.88,73.36,92,1.2125,3280.43
18901.88,73.3,92,0.0,3280.43
18901.88,72.75,92,0.0,3280.43
18901.88,72.43,92,1.2125,3280.43
18901.88,73.06,91,0.0,3280.43
18901.88,72.43,91,0.0,3280.43
18901.88,71.78,92,1.225,3280.43
18901.88,72.13,93,0.0,3280.43
18901.88,71.57,93,0.0,3280.43
18901.88,71.33,94,0.0,3280.43
18901.88,71.38,94,1.225,3280.43
18901.88,70.93,93,0.0,3280.43
18901.88,70.76,93,1.2125,3280.43
18901.88,71.46,86,1.225,3280.43
18901.88,70.56,86,0.0,3280.43
18901.88,70.56,96,0.0,3280.43
18901.88,71.0,96,0.0,3280.43
18901.88,71.29,94,1.225,3280.43
18901.88,71.51,94,0.0,3280.43
18901.88,71.57,94,0.0,3280.43
18901.88,71.28,94,0.0,3280.43
18901.88,71.66,94,1.225,3280.43
18901.88,72.07,94,0.0,3280.43
18901.88,71.59,93,0.0,3280.43
18901.88,71.33,93,0.0,3280.43
18901.88,71.72,93,1.225,3280.43
18901.88,71.73,93,0.0,3280.43
18901.88,71.94,94,0.0,3280.43
18901.88,71.6,94,0.0,3280.43
18901.88,72.05,94,1.225,3280.43
18901.88,71.7,94,0.0,3280.43
18901.88,71.81,94,0.0,3280.43
18901.88,72.12,93,0.0,3280.43
18901.88,71.79,93,1.225,3280.43
18901.88,72.17,93,0.0,3280.43
18901.88,72.24,91,0.0,3280.43
18901.88,72.83,91,0.0,3280.43
18901.88,73.04,94,1.225,3280.43
18901.88,72.58,94,0.0,3280.43
18901.88,72.71,94,0.0,3280.43
18901.88,72.12,94,1.225,3280.43
18901.88,72.56,94,0.0,3280.43
18901.88,72.77,94,1.225,3280.43
18901.88,72.32,94,0.0,3280.43
18901.88,72.53,94,0.0,3280.43
18901.88,72.11,94,0.0,3280.43
18901.88,71.87,94,1.225,3280.43
18901.88,72.09,93,0.0,3280.43
18901.88,71.68,93,0.0,3280.43
18901.88,72.09,92,0.0,3280.43
18901.88,71.77,92,1.225,3280.43
18901.88,72.02,93,1.225,3280.43
18901.88,72.67,93,0.0,3280.43
18901.88,72.41,87,0.0,3280.43
18901.88,72.67,97,1.225,3280.43
18901.88,71.62,97,0.0,3280.43
18901.88,72.11,94,0.0,3280.43
18901.88,72.58,94,0.0,3280.43
18901.88,72.03,93,1.225,3280.43
18901.88,72.27,93,0.0,3280.43
18901.88,72.29,93,0.0,3280.43
18901.88,72.16,93,0.0,3280.43
18901.88,72.17,92,0.0,3280.43
18901.88,71.71,92,1.225,3280.43
18901.88,71.2,93,0.0,3280.43
18901.88,70.99,93,0.0,3280.43
18901.88,72.09,93,0.0,3280.43
18901.88,71.71,93,1.2125,3280.43
18901.88,71.97,93,0.0,3280.43
18901.88,71.97,93,0.0,3280.43
18901.88,71.58,92,1.2125,3280.43
18901.88,72.05,92,0.0,3280.43
18901.88,71.59,93,0.0,3280.43
18901.88,71.2,93,0.0,3280.43
18901.88,71.83,94,1.2125,3280.43
18901.88,71.67,94,0.0,3280.43
18901.88,71.57,92,0.0,3280.43
18901.88,72.1,92,1.2,3280.43
18901.88,72.32,92,0.0,3280.43
18901.88,71.72,92,0.0,3280.43
18901.88,71.67,91,1.2125,3280.43
18901.88,71.88,91,1.225,3280.43
18901.88,71.26,93,0.0,3280.43
18901.88,71.61,93,0.0,3280.43
18901.88,72.02,93,1.225,3280.43
18901.88,71.93,93,0.0,3280.43
18901.88,72.39,93,0.0,3280.43
18901.88,72.8,93,0.0,3280.43
18901.88,72.81,92,0.0,3280.43
18901.88,72.52,92,1.2125,3280.43
18901.88,73.04,94,0.0,3280.43
18901.88,72.8,94,1.2125,3280.43
18901.88,71.87,78,1.2125,3280.43
18901.88,72.06,78,0.0,3280.43
18901.88,72.2,100,0.0,3280.43
18901.88,71.25,100,0.0,3280.43
18901.88,71.59,95,1.2125,3280.43
18901.88,70.72,95,0.0,3280.43
18901.88,70.44,92,0.0,3280.43
18901.88,70.49,92,1.225,3280.43
18901.88,69.91,93,0.0,3280.43
18901.88,69.94,93,0.0,3280.43
18901.88,70.41,94,1.225,3280.43
18901.88,70.79,94,1.225,3280.43
18901.88,70.98,94,0.0,3280.43
18901.88,71.02,92,0.0,3280.43
18901.88,71.21,92,0.0,3280.43
18901.88,71.07,93,1.225,3280.43
18901.88,72.14,93,0.0,3280.43
18901.88,72.05,95,0.0,3280.43
18901.88,71.83,95,0.0,3280.43
18901.88,71.94,93,0.0,3280.43
18901.88,71.86,93,1.225,3280.43
18901.88,71.72,93,0.0,3280.43
18901.88,71.64,93,0.0,3280.43
18901.88,71.7,94,1.225,3280.43
18901.88,72.06,94,1.2125,3280.43
18901.88,72.98,83,0.0,3280.43
18901.88,72.74,83,1.2125,3280.43
18901.88,72.64,96,0.0,3280.43
18901.88,72.46,96,0.0,3280.43
18901.88,73.14,94,0.0,3280.43
18901.88,73.03,94,1.2125,3280.43
18901.88,73.01,94,0.0,3280.43
18901.88,73.1,94,1.2125,3280.43
18901.88,73.33,93,1.2125,3280.43
18901.88,73.41,93,0.0,3280.43
18901.88,73.36,93,0.0,3280.43
18901.88,72.29,93,1.2125,3280.43
18901.88,71.78,94,0.0,3280.43
18901.88,71.89,94,0.0,3280.43
18901.88,72.08,94,0.0,3280.43
18901.88,71.46,94,1.2125,3280.43
18901.88,71.79,93,0.0,3280.43
18901.88,71.28,93,0.0,3280.43
18901.88,71.67,93,0.0,3280.43
18901.88,71.9,93,1.1875,3280.43
18901.88,71.41,93,0.0,3280.43
18901.88,71.76,93,1.2125,3280.43
18901.88,71.38,93,0.0,3280.43
18901.88,71.89,93,0.0,3280.43
18901.88,71.89,95,1.25,3280.43
18901.88,71.41,95,0.0,3280.43
18901.88,71.61,92,0.0,3280.43
18901.88,71.67,92,0.0,3280.43
18901.88,72.19,93,1.2375,3280.43
18901.88,72.38,93,0.0,3280.43
18901.88,71.61,93,0.0,3280.43
18901.88,71.89,93,0.0,3280.43
18901.88,72.03,93,1.2375,3280.43
18901.88,72.39,93,0.0,3280.43
18901.88,72.61,92,0.0,3280.43
18901.88,72.1,93,0.0,3280.43
18901.88,72.15,93,1.2375,3280.43
18901.88,72.35,93,1.125,3280.43
18901.88,71.81,93,1.2375,3280.43
18901.88,73.31,84,0.0,3280.43
18901.88,73.13,84,0.0,3280.43
18901.88,72.74,95,0.0,3280.43
18901.88,72.91,95,1.2375,3280.43
18901.88,72.43,91,0.0,3280.43
18901.88,72.37,91,0.0,3280.43
18901.88,72.57,92,1.2375,3280.43
18901.88,72.73,92,0.0,3280.43
18901.88,72.95,94,0.0,3280.43
18901.88,72.73,94,0.0,3280.43
18901.88,72.96,94,1.2375,3280.43
18901.88,71.09,94,0.0,3280.43
18901.88,71.78,93,0.0,3280.43
18901.88,71.84,93,1.2375,3280.43
18901.88,71.97,93,1.2375,3280.43
18901.88,72.42,93,0.0,3280.43
18901.88,71.79,93,0.0,3280.43
18901.88,72.0,93,0.0,3280.43
18901.88,71.95,95,1.2375,3280.43
18901.88,71.63,95,0.0,3280.43
18901.88,71.75,93,0.0,3280.43
18901.88,71.43,93,0.0,3280.43
18901.88,71.92,93,1.25,3280.43
18901.88,72.32,93,0.0,3280.43
18901.88,71.92,93,0.0,3280.43
18901.88,72.1,93,0.0,3280.43
18901.88,72.1,93,1.25,3280.43
18901.88,72.29,93,0.0,3280.43
18901.88,72.48,93,0.0,3280.43
18901.88,72.18,95,0.0,3280.43
18901.88,72.31,95,1.25,3280.43
18901.88,72.42,93,0.0,3280.43
18901.88,72.47,93,0.0,3280.43
18901.88,72.47,93,0.0,3280.43
18901.88,72.73,93,0.0,3280.43
18901.88,72.16,93,1.2375,3280.43
18901.88,72.56,92,0.0,3280.43
18901.88,72.78,92,0.0,3280.43
18901.88,71.97,92,2.45,3280.43
18901.88,73.86,92,0.0,3280.43
18901.88,73.86,85,0.0,3280.43
18901.88,74.12,85,1.2125,3280.43
18901.88,73.05,96,0.0,3280.43
18901.88,73.03,96,0.0,3280.43
18901.88,73.18,93,0.0,3280.43
18901.88,73.4,93,1.225,3280.43
18901.88,73.42,94,0.0,3280.43
18901.88,73.34,93,0.0,3280.43
18901.88,73.85,93,0.0,3280.43
18901.88,71.94,93,1.2125,3280.43
18901.88,71.94,93,1.2375,3280.43
18901.88,71.95,93,0.0,3280.43
18901.88,71.95,94,0.0,3280.43
18901.88,72.62,94,0.0,3280.43
18901.88,72.76,94,0.0,3280.43
18901.88,72.63,94,1.2375,3280.43
18901.88,72.67,93,0.0,3280.43
18901.88,72.49,93,0.0,3280.43
18901.88,72.43,94,1.25,3280.43
18901.88,72.28,94,0.0,3280.43
18901.88,71.94,93,0.0,3280.43
18901.88,71.68,93,0.0,3280.43
18901.88,71.59,93,2.4875,3280.43
18901.88,73.64,93,0.0,3280.43
18901.88,73.78,87,0.0,3280.43
18901.88,72.87,87,1.25,3280.43
18901.88,72.77,94,0.0,3280.43
18901.88,73.23,94,0.0,3280.43
18901.88,73.18,92,0.0,3280.43
18901.88,73.21,92,1.25,3280.43
18901.88,73.64,93,1.2375,3280.43
18901.88,73.61,93,0.0,3280.43
18901.88,73.7,94,0.0,3280.43
18901.88,73.79,94,1.25,3280.43
18901.88,71.49,92,1.25,3280.43
18901.88,71.58,92,0.0,3280.43
18901.88,72.52,85,0.0,3280.43
18901.88,71.33,85,1.2375,3280.43
18901.88,71.15,95,0.0,3280.43
18901.88,70.94,95,0.0,3280.43
18901.88,71.0,92,1.25,3280.43
18901.88,71.24,92,0.0,3280.43
18901.88,71.15,93,0.0,3280.43
18901.88,71.29,92,0.0,3280.43
18901.88,71.59,92,1.2375,3280.43
18901.88,71.79,93,0.0,3280.43
18901.88,72.05,93,0.0,3280.43
18901.88,71.36,92,0.0,3280.43
18901.88,72.24,92,1.2375,3280.43
18901.88,72.31,93,0.0,3280.43
18901.88,72.44,93,0.0,3280.43
18901.88,72.57,92,1.25,3280.43
18901.88,72.51,92,0.0,3280.43
18901.88,72.75,94,0.0,3280.43
18901.88,72.69,94,1.2375,3280.43
18901.88,72.34,93,0.0,3280.43
18901.88,72.09,93,0.0,3280.43
18901.88,72.38,93,0.0,3280.43
18901.88,72.86,93,0.0,3280.43
18901.88,72.37,93,1.2375,3280.43
18901.88,72.49,93,0.0,3280.43
18901.88,72.35,94,0.0,3280.43
18901.88,71.79,94,0.0,3280.43
18901.88,71.87,92,1.225,3280.43
18901.88,71.99,92,0.0,3280.43
18901.88,72.03,93,0.0,3280.43
18901.88,72.34,93,0.0,3280.43
18901.88,72.01,93,1.225,3280.43
18901.88,72.21,93,0.0,3280.43
18901.88,72.15,93,1.225,3280.43
18901.88,72.44,93,0.0,3280.43
18901.88,72.71,94,1.2125,3280.43
18901.88,72.09,94,0.0,3280.43
18901.88,72.27,93,1.2125,3280.43
18901.88,74.04,93,0.0,3280.43
18901.88,73.56,93,1.2125,3280.43
18901.88,73.11,87,0.0,3280.43
18901.88,73.41,94,0.0,3280.43
18901.88,73.42,94,1.2125,3280.43
18901.88,73.61,93,0.0,3280.43
18901.88,73.67,93,0.0,3280.43
18901.88,73.52,93,1.2125,3280.43
18901.88,73.56,93,0.0,3280.43
18901.88,73.6,93,0.0,3280.43
18901.88,73.64,94,0.0,3280.43
18901.88,71.73,94,1.2125,3280.43
18901.88,71.55,93,0.0,3280.43
18901.88,72.42,93,0.0,3280.43
18901.88,71.74,93,1.2125,3280.43
18901.88,72.02,93,0.0,3280.43
18901.88,71.67,93,1.2125,3280.43
18901.88,72.07,93,0.0,3280.43
18901.88,71.74,93,1.2125,3280.43
18901.88,71.64,93,0.0,3280.43
18901.88,71.71,93,0.0,3280.43
18901.88,71.31,93,1.2125,3280.43
18901.88,71.66,91,0.0,3280.43
18901.88,71.72,91,0.0,3280.43
18901.88,71.87,93,1.2125,3280.43
18901.88,72.06,93,0.0,3280.43
18901.88,72.1,92,0.0,3280.43
18901.88,72.34,92,0.0,3280.43
18901.88,72.24,93,0.0,3280.43
18901.88,72.04,93,1.25,3280.43
18901.88,72.05,93,0.0,3280.43
18901.88,72.14,93,0.0,3280.43
18901.88,72.31,92,1.2375,3280.43
18901.88,72.51,92,0.0,3280.43
18901.88,72.61,93,0.0,3280.43
18901.88,72.81,93,1.25,3280.43
18901.88,72.9,93,0.0,3280.43
18901.88,72.9,93,0.0,3280.43
18901.88,72.21,93,1.25,3280.43
18901.88,68.96,85,1.25,3280.43
18901.88,68.96,85,0.0,3280.43
18901.88,68.72,94,0.0,3280.43
18901.88,68.71,94,1.25,3280.43
18901.88,68.7,93,0.0,3280.43
18901.88,69.31,94,0.0,3280.43
18901.88,69.19,94,0.0,3280.43
18901.88,69.2,93,1.25,3280.43
18901.88,68.89,93,0.0,3280.43
18901.88,68.39,94,0.0,3280.43
18901.88,69.02,94,1.25,3280.43
18901.88,71.4,92,0.0,3280.43
18901.88,71.54,92,0.0,3280.43
18901.88,72.45,92,0.0,3280.43
18901.88,72.53,92,1.25,3280.43
18901.88,72.78,92,0.0,3280.43
18901.88,72.16,92,0.0,3280.43
18901.88,72.08,93,1.25,3280.43
18901.88,71.77,93,1.2375,3280.43
18901.88,71.85,93,0.0,3280.43
18901.88,71.7,93,0.0,3280.43
18901.88,71.68,92,1.25,3280.43
18901.88,71.83,92,0.0,3280.43
18901.88,71.56,93,0.0,3280.43
18901.88,71.66,93,0.0,3280.43
18901.88,71.57,93,1.25,3280.43
18901.88,71.63,93,0.0,3280.43
18901.88,71.64,93,0.0,3280.43
18901.88,71.61,93,1.2375,3280.43
18901.88,72.12,93,0.0,3280.43
18901.88,72.28,93,0.0,3280.43
18901.88,71.71,92,1.2375,3280.43
18901.88,71.98,92,0.0,3280.43
18901.88,72.08,94,0.0,3280.43
18901.88,71.95,94,1.2375,3280.43
18901.88,72.24,93,0.0,3280.43
18901.88,71.69,93,0.0,3280.43
18901.88,71.99,93,1.2125,3280.43
18901.88,72.07,93,1.2125,3280.43
18901.88,73.89,80,1.2125,3280.43
18901.88,73.86,80,0.0,3280.43
18901.88,73.14,97,0.0,3280.43
18901.88,73.98,97,0.0,3280.43
18901.88,74.54,91,0.0,3280.43
18901.88,74.48,91,1.2125,3280.43
18901.88,75.02,94,0.0,3280.43
18901.88,74.55,92,0.0,3280.43
18901.88,74.95,92,1.2,3280.43
18901.88,74.87,93,0.0,3280.43
18901.88,74.61,93,0.0,3280.43
18901.88,72.54,92,1.2125,3280.43
18901.88,71.97,92,0.0,3280.43
18901.88,72.6,94,0.0,3280.43
18901.88,71.56,94,0.0,3280.43
18901.88,71.51,93,1.2125,3280.43
18901.88,71.52,93,0.0,3280.43
18901.88,71.65,93,0.0,3280.43
18901.88,71.72,93,1.2125,3280.43
18901.88,71.34,93,1.2125,3280.43
18901.88,71.3,93,0.0,3280.43
18901.88,71.39,93,1.2125,3280.43
18901.88,71.87,93,0.0,3280.43
18901.88,72.06,92,0.0,3280.43
18901.88,72.01,92,0.0,3280.43
18901.88,72.62,92,1.2125,3280.43
18901.88,74.69,92,1.225,3280.43
18901.88,74.3,86,0.0,3280.43
18901.88,73.6,86,0.0,3280.43
18901.88,73.69,95,0.0,3280.43
18901.88,74.15,95,1.225,3280.43
18901.88,74.32,92,0.0,3280.43
18901.88,74.47,92,0.0,3280.43
18901.88,74.31,93,1.2125,3280.43
18901.88,74.25,93,0.0,3280.43
18901.88,74.22,93,0.0,3280.43
18901.88,74.19,93,0.0,3280.43
18901.88,72.06,94,1.2125,3280.43
18901.88,71.3,94,0.0,3280.43
18901.88,71.94,92,0.0,3280.43
18901.88,71.84,92,1.225,3280.43
18901.88,71.66,92,0.0,3280.43
18901.88,71.89,92,0.0,3280.43
18901.88,71.35,93,0.0,3280.43
18901.88,71.66,94,1.2125,3280.43
18901.88,71.78,94,0.0,3280.43
18901.88,71.31,93,0.0,3280.43
18901.88,70.94,93,1.2125,3280.43
18901.88,71.01,91,0.0,3280.43
18901.88,71.31,91,1.2125,3280.43
18901.88,71.45,93,0.0,3280.43
18901.88,71.59,93,1.2375,3280.43
18901.88,71.63,94,0.0,3280.43
18901.88,71.92,94,0.0,3280.43
18901.88,71.91,89,0.0,3280.43
18901.88,71.89,89,1.25,3280.43
18901.88,71.66,89,0.0,3280.43
18901.88,71.8,93,0.0,3280.43
18901.88,71.89,93,0.0,3280.43
18901.88,72.06,94,1.25,3280.43
18901.88,72.09,94,0.0,3280.43
18901.88,71.95,91,0.0,3280.43
18901.88,71.71,91,0.0,3280.43
18901.88,71.71,93,1.2375,3280.43
18901.88,71.66,93,1.2375,3280.43
18901.88,71.89,93,1.25,3280.43
18901.88,73.42,93,0.0,3280.43
18901.88,73.08,86,0.0,3280.43
18901.88,73.27,86,0.0,3280.43
18901.88,73.57,93,0.0,3280.43
18901.88,73.57,93,1.25,3280.43
18901.88,74.4,94,0.0,3280.43
18901.88,74.19,94,0.0,3280.43
18901.88,74.1,93,1.25,3280.43
18901.88,74.27,93,0.0,3280.43
18901.88,74.16,94,0.0,3280.43
18901.88,74.11,94,0.0,3280.43
18901.88,72.23,93,1.25,3280.43
18901.88,72.34,92,0.0,3280.43
18901.88,72.18,92,0.0,3280.43
18901.88,72.13,94,1.25,3280.43
18901.88,71.75,94,0.0,3280.43
18901.88,71.96,93,0.0,3280.43
18901.88,71.98,93,0.0,3280.43
18901.88,72.06,93,1.25,3280.43
18901.88,72.04,93,0.0,3280.43
18901.88,71.47,93,0.0,3280.43
18901.88,71.6,93,2.4875,3280.43
18901.88,71.6,93,0.0,3280.43
18901.88,72.22,93,0.0,3280.43
18901.88,72.46,94,0.0,3280.43
18901.88,71.96,94,0.0,3280.43
18901.88,72.27,93,1.25,3280.43
18901.88,72.3,93,0.0,3280.43
18901.88,72.26,93,0.0,3280.43
18901.88,72.39,93,0.0,3280.43
18901.88,71.95,93,1.225,3280.43
18901.88,72.21,93,0.0,3280.43
18901.88,72.47,93,0.0,3280.43
18901.88,72.47,94,0.0,3280.43
18901.88,72.53,94,1.2125,3280.43
18901.88,72.67,94,0.0,3280.43
18901.88,72.43,94,1.2125,3280.43
18901.88,72.04,93,1.225,3280.43
18901.88,73.67,93,0.0,3280.43
18901.88,73.39,84,1.2125,3280.43
18901.88,72.72,98,0.0,3280.43
18901.88,72.82,98,0.0,3280.43
18901.88,73.13,93,1.2125,3280.43
18901.88,72.98,93,0.0,3280.43
18901.88,73.06,95,0.0,3280.43
18901.88,73.06,95,1.2125,3280.43
18901.88,73.2,94,0.0,3280.43
18901.88,73.3,94,0.0,3280.43
18901.88,73.23,91,0.0,3280.43
18901.88,71.28,91,0.0,3280.43
18901.88,71.44,94,1.225,3280.43
18901.88,71.72,94,0.0,3280.43
18901.88,72.33,93,0.0,3280.43
18901.88,71.85,93,0.0,3280.43
18901.88,72.09,92,1.225,3280.43
18901.88,72.27,92,1.225,3280.43
18901.88,71.54,92,0.0,3280.43
18901.88,71.79,92,0.0,3280.43
18901.88,71.69,93,0.0,3280.43
18901.88,71.38,93,1.2125,3280.43
18901.88,71.46,93,0.0,3280.43
18901.88,71.72,93,0.0,3280.43
18901.88,72.06,93,0.0,3280.43
18901.88,72.15,93,1.2125,3280.43
18901.88,72.12,92,0.0,3280.43
18901.88,72.12,92,0.0,3280.43
18901.88,72.12,92,0.0,3280.43
18901.88,72.37,92,1.2125,3280.43
18901.88,71.98,93,0.0,3280.43
18901.88,71.92,93,1.2125,3280.43
18901.88,72.41,93,0.0,3280.43
18901.88,72.69,93,0.0,3280.43
18901.88,72.14,93,0.0,3280.43
18901.88,71.83,93,1.2125,3280.43
18901.88,72.19,93,0.0,3280.43
18901.88,72.42,93,0.0,3280.43
18901.88,72.42,94,1.2125,3280.43
18901.88,71.15,84,1.2125,3280.43
18901.88,71.15,84,0.0,3280.43
18901.88,70.5,96,0.0,3280.43
18901.88,70.54,96,1.2125,3280.43
18901.88,70.54,94,0.0,3280.43
18901.88,70.68,94,0.0,3280.43
18901.88,70.72,93,0.0,3280.43
18901.88,70.81,93,1.2125,3280.43
18901.88,70.73,94,0.0,3280.43
18901.88,70.58,94,0.0,3280.43
18901.88,71.39,94,1.2125,3280.43
18901.88,71.11,94,0.0,3280.43
18901.88,72.07,93,0.0,3280.43
18901.88,72.03,93,1.2125,3280.43
18901.88,72.47,94,1.2125,3280.43
18901.88,71.88,94,0.0,3280.43
18901.88,72.46,94,0.0,3280.43
18901.88,72.13,94,1.2125,3280.43
18901.88,71.87,93,0.0,3280.43
18901.88,72.05,93,0.0,3280.43
18901.88,71.48,93,1.2125,3280.43
18901.88,71.98,93,0.0,3280.43
18901.88,71.86,93,0.0,3280.43
18901.88,71.77,94,0.0,3280.43
18901.88,72.01,94,1.2375,3280.43
18901.88,71.73,93,0.0,3280.43
18901.88,72.28,93,0.0,3280.43
18901.88,71.43,92,0.0,3280.43
18901.88,71.71,92,1.2125,3280.43
18901.88,71.3,93,0.0,3280.43
18901.88,71.66,93,0.0,3280.43
18901.88,71.37,93,1.2125,3280.43
18901.88,71.74,93,0.0,3280.43
18901.88,71.97,94,0.0,3280.43
18901.88,71.39,94,1.2125,3280.43
18901.88,71.44,93,0.0,3280.43
18901.88,71.44,93,0.0,3280.43
18901.88,71.84,91,1.2125,3280.43
18901.88,72.5,91,1.2125,3280.43
18901.88,72.25,88,0.0,3280.43
18901.88,72.55,88,0.0,3280.43
18901.88,72.37,92,1.2125,3280.43
18901.88,72.81,92,0.0,3280.43
18901.88,73.28,92,0.0,3280.43
18901.88,72.87,92,1.1875,3280.43
18901.88,73.53,93,0.0,3280.43
18901.88,73.2,93,0.0,3280.43
18901.88,72.93,94,0.0,3280.43
18901.88,73.3,94,1.225,3280.43
18901.88,72.36,93,0.0,3280.43
18901.88,72.54,93,0.0,3280.43
18901.88,72.57,91,1.2125,3280.43
18901.88,72.87,91,0.0,3280.43
18901.88,72.94,94,0.0,3280.43
18901.88,72.27,93,0.0,3280.43
18901.88,72.4,93,2.425,3280.43
18901.88,72.41,91,0.0,3280.43
18901.88,72.57,91,0.0,3280.43
18901.88,71.83,93,0.0,3280.43
18901.88,72.01,93,0.0,3280.43
18901.88,72.09,94,1.225,3280.43
18901.88,71.99,94,0.0,3280.43
18901.88,72.18,93,0.0,3280.43
18901.88,71.59,93,0.0,3280.43
18901.88,71.78,94,1.2125,3280.43
18901.88,71.58,94,0.0,3280.43
18901.88,71.24,93,0.0,3280.43
18901.88,71.69,93,0.0,3280.43
18901.88,70.94,93,1.225,3280.43
18901.88,71.37,93,0.0,3280.43
18901.88,71.64,94,0.0,3280.43
18901.88,71.31,94,0.0,3280.43
18901.88,71.8,93,1.225,3280.43
18901.88,71.23,93,0.0,3280.43
18901.88,71.6,93,0.0,3280.43
18901.88,71.73,92,2.4375,3280.43
18901.88,68.1,77,0.0,3280.43
18901.88,68.13,77,0.0,3280.43
18901.88,67.82,100,1.2125,3280.43
18901.88,67.44,100,0.0,3280.43
18901.88,67.42,96,0.0,3280.43
18901.88,67.62,96,0.0,3280.43
18901.88,67.68,92,1.2125,3280.43
18901.88,67.58,92,0.0,3280.43
18901.88,68.19,93,0.0,3280.43
18901.88,67.9,93,1.1875,3280.43
18901.88,67.79,92,0.0,3280.43
18901.88,71.48,92,0.0,3280.43
18901.88,71.37,94,0.0,3280.43
18901.88,71.46,94,0.0,3280.43
18901.88,72.57,94,1.2375,3280.43
18901.88,72.66,94,0.0,3280.43
18901.88,72.64,94,0.0,3280.43
18901.88,72.47,93,0.0,3280.43
18901.88,72.34,93,1.2375,3280.43
18901.88,71.99,93,0.0,3280.43
18901.88,71.99,93,0.0,3280.43
18901.88,71.9,93,0.0,3280.43
18901.88,71.3,94,0.0,3280.43
18901.88,71.3,94,1.25,3280.43
18901.88,71.25,91,0.0,3280.43
18901.88,71.35,91,0.0,3280.43
18901.88,71.15,93,0.0,3280.43
18901.88,70.93,93,2.4875,3280.43
18901.88,71.48,93,0.0,3280.43
18901.88,71.09,93,0.0,3280.43
18901.88,70.9,93,1.25,3280.43
18901.88,71.35,93,0.0,3280.43
18901.88,70.98,93,0.0,3280.43
18901.88,70.72,93,0.0,3280.43
18901.88,71.79,94,1.25,3280.43
18901.88,71.57,94,0.0,3280.43
18901.88,71.38,93,0.0,3280.43
18901.88,71.92,93,1.25,3280.43
18901.88,71.63,93,0.0,3280.43
18901.88,71.5,93,0.0,3280.43
18901.88,72.06,93,2.4875,3280.43
18901.88,70.12,82,0.0,3280.43
18901.88,70.26,82,0.0,3280.43
18901.88,70.74,100,1.225,3280.43
18901.88,70.44,100,0.0,3280.43
18901.88,70.43,90,0.0,3280.43
18901.88,70.34,90,1.2375,3280.43
18901.88,70.44,93,0.0,3280.43
18901.88,70.32,93,0.0,3280.43
18901.88,70.17,93,0.0,3280.43
18901.88,70.23,93,1.2375,3280.43
18901.88,71.47,93,0.0,3280.43
18901.88,71.27,92,0.0,3280.43
18901.88,71.36,92,0.0,3280.43
18901.88,71.36,94,1.25,3280.43
18901.88,70.35,94,0.0,3280.43
18901.88,70.41,92,0.0,3280.43
18901.88,71.11,92,1.2125,3280.43
18901.88,71.0,92,0.0,3280.43
18901.88,70.62,92,0.0,3280.43
18901.88,71.17,94,1.2125,3280.43
18901.88,70.88,94,0.0,3280.43
18901.88,70.6,94,0.0,3280.43
18901.88,71.39,94,0.0,3280.43
18901.88,70.92,94,1.2125,3280.43
18901.88,70.66,94,0.0,3280.43
18901.88,71.77,94,0.0,3280.43
18901.88,71.57,93,1.2125,3280.43
18901.88,71.22,93,0.0,3280.43
18901.88,71.4,92,0.0,3280.43
18901.88,71.21,92,0.0,3280.43
18901.88,71.7,94,1.2125,3280.43
18901.88,71.41,94,0.0,3280.43
18901.88,71.17,92,1.2125,3280.43
18901.88,71.56,92,2.2125,3280.43
18901.88,71.44,85,0.0,3280.43
18901.88,71.88,85,0.0,3280.43
18901.88,72.23,93,0.0,3280.43
18901.88,72.53,93,1.2125,3280.43
18901.88,72.66,92,0.0,3280.43
18901.88,72.85,92,0.0,3280.43
18901.88,72.98,94,2.4375,3280.43
18901.88,75.0,94,0.0,3280.43
18901.88,75.07,82,0.0,3280.43
18901.88,74.86,82,1.225,3280.43
18901.88,74.9,92,0.0,3280.43
18901.88,75.62,92,0.0,3280.43
18901.88,74.67,93,0.0,3280.43
18901.88,74.76,93,1.2125,3280.43
18901.88,74.76,94,0.0,3280.43
18901.88,74.35,94,0.0,3280.43
18901.88,74.5,94,0.0,3280.43
18901.88,73.96,93,1.2125,3280.43
18901.88,71.76,93,1.2,3280.43
18901.88,71.91,94,0.0,3280.43
18901.88,72.15,94,1.2125,3280.43
18901.88,71.61,93,0.0,3280.43
18901.88,71.98,93,0.0,3280.43
18901.88,72.17,92,0.0,3280.43
18901.88,71.68,92,1.225,3280.43
18901.88,71.87,94,0.0,3280.43
18901.88,71.33,94,0.0,3280.43
18901.88,71.47,94,0.0,3280.43
18901.88,71.67,94,0.0,3280.43
18901.88,71.58,93,1.225,3280.43
18901.88,72.11,93,0.0,3280.43
18901.88,71.64,92,0.0,3280.43
18901.88,72.0,92,0.0,3280.43
18901.88,72.53,93,1.225,3280.43
18901.88,71.94,93,0.0,3280.43
18901.88,72.24,93,0.0,3280.43
18901.88,71.81,93,0.0,3280.43
18901.88,72.05,93,0.0,3280.43
18901.88,72.3,93,1.2125,3280.43
18901.88,71.96,92,0.0,3280.43
18901.88,72.05,92,0.0,3280.43
18901.88,71.97,94,1.2125,3280.43
18901.88,72.15,94,0.0,3280.43
18901.88,72.34,93,0.0,3280.43
18901.88,71.73,85,2.425,3280.43
18901.88,69.2,85,1.2125,3280.43
18901.88,68.69,94,0.0,3280.43
18901.88,68.35,94,0.0,3280.43
18901.88,68.4,93,1.2125,3280.43
18901.88,69.09,93,0.0,3280.43
18901.88,68.9,93,0.0,3280.43
18901.88,68.99,93,0.0,3280.43
18901.88,69.44,93,1.225,3280.43
18901.88,68.99,92,0.0,3280.43
18901.88,69.48,95,0.0,3280.43
18901.88,71.82,95,0.0,3280.43
18901.88,71.92,95,1.2125,3280.43
18901.88,72.42,93,0.0,3280.43
18901.88,70.44,93,1.125,3280.43
18901.88,70.44,88,0.0,3280.43
18901.88,70.62,88,1.2375,3280.43
18901.88,70.61,94,0.0,3280.43
18901.88,70.36,94,0.0,3280.43
18901.88,70.04,92,0.0,3280.43
18901.88,70.09,92,1.2125,3280.43
18901.88,69.84,94,0.0,3280.43
18901.88,69.72,94,0.0,3280.43
18901.88,69.72,92,1.2125,3280.43
18901.88,69.68,92,0.0,3280.43
18901.88,72.39,94,1.2125,3280.43
18901.88,72.39,94,1.2125,3280.43
18901.88,71.44,94,0.0,3280.43
18901.88,71.84,92,0.0,3280.43
18901.88,71.92,92,1.2125,3280.43
18901.88,71.68,93,0.0,3280.43
18901.88,71.68,93,0.0,3280.43
18901.88,71.71,93,0.0,3280.43
18901.88,71.97,93,1.2,3280.43
18901.88,71.53,94,0.0,3280.43
18901.88,71.62,94,0.0,3280.43
18901.88,71.62,93,1.175,3280.43
18901.88,71.25,93,0.0,3280.43
18901.88,71.92,93,1.15,3280.43
18901.88,72.06,93,2.35,3280.43
18901.88,74.12,76,0.0,3280.43
18901.88,74.12,76,0.0,3280.43
18901.88,74.0,100,0.0,3280.43
18901.88,71.95,100,1.125,3280.43
18901.88,72.53,89,2.4625,3280.43
18901.88,72.53,89,0.0,3280.43
18901.88,72.59,87,0.0,3280.43
18901.88,72.62,87,0.0,3280.43
18901.88,73.09,94,1.2,3280.43
18901.88,73.09,94,0.0,3280.43
18901.88,73.15,94,0.0,3280.43
18901.88,70.75,94,0.0,3280.43
18901.88,70.73,94,1.2125,3280.43
18901.88,70.82,90,0.0,3280.43
18901.88,71.59,90,0.0,3280.43
18901.88,73.48,94,1.2125,3280.43
18901.88,73.09,94,0.0,3280.43
18901.88,73.39,92,0.0,3280.43
18901.88,73.31,92,0.0,3280.43
18901.88,73.41,93,0.0,3280.43
18901.88,73.11,93,1.225,3280.43
18901.88,73.47,94,0.0,3280.43
18901.88,72.96,94,0.0,3280.43
18901.88,72.69,93,1.225,3280.43
18901.88,72.75,93,0.0,3280.43
18901.88,72.56,93,0.0,3280.43
18901.88,72.36,93,0.0,3280.43
18901.88,71.92,94,2.1875,3280.43
18901.88,73.34,94,0.0,3280.43
18901.88,73.3,78,0.0,3280.43
18901.88,73.2,78,1.225,3280.43
18901.88,73.2,100,0.0,3280.43
18901.88,72.3,100,0.0,3280.43
18901.88,73.07,95,0.0,3280.43
18901.88,73.23,95,2.45,3280.43
18901.88,73.29,93,0.0,3280.43
18901.88,73.96,93,0.0,3280.43
18901.88,73.76,93,1.2125,3280.43
18901.88,73.5,93,0.0,3280.43
18901.88,73.89,92,0.0,3280.43
18901.88,71.67,92,0.0,3280.43
18901.88,71.42,92,1.225,3280.43
18901.88,71.48,92,0.0,3280.43
18901.88,71.72,93,0.0,3280.43
18901.88,71.72,93,1.15,3280.43
18901.88,72.03,94,0.0,3280.43
18901.88,72.73,85,1.2125,3280.43
18901.88,72.38,85,0.0,3280.43
18901.88,72.48,92,0.0,3280.43
18901.88,72.48,92,1.2,3280.43
18901.88,72.56,93,0.0,3280.43
18901.88,72.62,93,0.0,3280.43
18901.88,72.8,93,0.0,3280.43
18901.88,72.94,92,1.225,3280.43
18901.88,72.88,92,0.0,3280.43
18901.88,72.89,93,0.0,3280.43
18901.88,71.74,93,0.0,3280.43
18901.88,71.3,94,0.0,3280.43
18901.88,71.54,94,1.225,3280.43
18901.88,71.41,94,0.0,3280.43
18901.88,71.95,93,0.0,3280.43
18901.88,71.75,93,1.225,3280.43
18901.88,71.64,93,0.0,3280.43
18901.88,72.16,93,0.0,3280.43
18901.88,72.16,93,1.225,3280.43
18901.88,71.96,93,0.0,3280.43
18901.88,72.21,93,0.0,3280.43
18901.88,72.21,93,0.0,3280.43
18901.88,72.06,93,2.4375,3280.43
18901.88,68.78,93,0.0,3280.43
18901.88,69.03,83,0.0,3280.43
18901.88,68.34,83,1.225,3280.43
18901.88,67.92,95,0.0,3280.43
18901.88,68.49,95,0.0,3280.43
18901.88,68.67,93,0.0,3280.43
18901.88,68.45,93,1.225,3280.43
18901.88,69.0,94,0.0,3280.43
18901.88,68.71,94,0.0,3280.43
18901.88,68.29,92,0.0,3280.43
18901.88,68.64,93,0.0,3280.43
18901.88,71.55,93,1.225,3280.43
18901.88,71.65,94,0.0,3280.43
18901.88,72.0,94,0.0,3280.43
18901.88,72.51,93,0.0,3280.43
18901.88,72.16,93,1.225,3280.43
18901.88,72.2,94,0.0,3280.43
18901.88,71.08,94,2.175,3280.43
18901.88,68.42,83,1.0875,3280.43
18901.88,68.81,83,0.0,3280.43
18901.88,68.89,94,0.0,3280.43
18901.88,68.86,94,1.2125,3280.43
18901.88,69.43,91,0.0,3280.43
18901.88,68.48,91,0.0,3280.43
18901.88,68.7,92,1.225,3280.43
18901.88,68.78,92,0.0,3280.43
18901.88,68.3,93,0.0,3280.43
18901.88,69.39,93,1.2125,3280.43
18901.88,71.84,93,1.2125,3280.43
18901.88,71.49,93,0.0,3280.43
18901.88,71.51,93,1.2125,3280.43
18901.88,71.18,93,0.0,3280.43
18901.88,71.38,93,0.0,3280.43
18901.88,71.48,93,0.0,3280.43
18901.88,72.31,92,1.2125,3280.43
18901.88,72.4,92,0.0,3280.43
18901.88,71.2,94,0.0,3280.43
18901.88,71.61,94,1.2125,3280.43
18901.88,73.47,91,1.2125,3280.43
18901.88,73.6,84,0.0,3280.43
18901.88,73.7,84,0.0,3280.43
18901.88,72.78,96,0.0,3280.43
18901.88,73.22,96,1.2125,3280.43
18901.88,73.45,93,0.0,3280.43
18901.88,72.92,93,0.0,3280.43
18901.88,72.9,93,0.0,3280.43
18901.88,73.01,93,1.2,3280.43
18901.88,73.67,92,1.2125,3280.43
18901.88,73.64,92,0.0,3280.43
18901.88,71.65,94,1.2125,3280.43
18901.88,71.38,94,0.0,3280.43
18901.88,71.05,93,2.1375,3280.43
18901.88,71.53,93,0.0,3280.43
18901.88,71.86,88,0.0,3280.43
18901.88,71.37,88,0.0,3280.43
18901.88,71.75,93,1.2,3280.43
18901.88,71.91,93,0.0,3280.43
18901.88,71.72,93,0.0,3280.43
18901.88,72.33,93,1.2125,3280.43
18901.88,71.81,93,0.0,3280.43
18901.88,71.43,94,0.0,3280.43
18901.88,71.95,94,1.2125,3280.43
18901.88,71.83,93,0.0,3280.43
18901.88,72.24,93,1.2125,3280.43
18901.88,72.12,93,0.0,3280.43
18901.88,71.96,93,0.0,3280.43
18901.88,71.83,94,0.0,3280.43
18901.88,71.78,94,0.0,3280.43
18901.88,71.47,94,2.425,3280.43
18901.88,71.28,94,0.0,3280.43
18901.88,72.35,84,2.425,3280.43
18901.88,72.48,84,0.0,3280.43
18901.88,72.22,93,0.0,3280.43
18901.88,72.78,93,1.2125,3280.43
18901.88,72.72,92,0.0,3280.43
18901.88,73.17,92,0.0,3280.43
18901.88,73.6,92,0.0,3280.43
18901.88,73.14,92,1.225,3280.43
18901.88,73.5,93,0.0,3280.43
18901.88,73.05,93,0.0,3280.43
18901.88,72.26,92,0.0,3280.43
18901.88,72.36,93,2.925,3280.43
18901.88,72.33,93,1.1625,3280.43
18901.88,72.12,93,0.0,3280.43
18901.88,72.59,88,1.2125,3280.43
18901.88,72.57,93,0.0,3280.43
18901.88,72.33,93,3.625,3280.43
18901.88,73.5,78,0.0,3280.43
18901.88,73.37,78,0.0,3280.43
18901.88,73.14,96,1.2125,3280.43
18901.88,73.46,96,0.0,3280.43
18901.88,73.74,93,0.0,3280.43
18901.88,74.2,93,0.0,3280.43
18901.88,74.41,94,1.2125,3280.43
18901.88,74.08,94,0.0,3280.43
18901.88,73.67,93,2.1625,3280.43
18901.88,73.82,93,0.0,3280.43
18901.88,73.85,86,1.2125,3280.43
18901.88,72.4,86,1.2125,3280.43
18901.88,72.38,93,2.425,3280.43
18901.88,74.9,93,0.0,3280.43
18901.88,74.85,80,1.2125,3280.43
18901.88,73.7,80,0.0,3280.43
18901.88,73.73,93,0.0,3280.43
18901.88,73.77,94,1.2125,3280.43
18901.88,74.15,94,0.0,3280.43
18901.88,74.53,92,0.0,3280.43
18901.88,74.02,92,1.2125,3280.43
18901.88,73.5,92,0.0,3280.43
18901.88,74.08,92,0.0,3280.43
18901.88,73.77,93,1.2125,3280.43
18901.88,71.61,93,0.0,3280.43
18901.88,71.44,92,0.0,3280.43
18901.88,72.09,92,0.0,3280.43
18901.88,72.16,92,1.225,3280.43
18901.88,72.21,92,0.0,3280.43
18901.88,72.25,93,0.0,3280.43
18901.88,72.14,93,0.0,3280.43
18901.88,72.26,93,1.225,3280.43
18901.88,72.25,93,0.0,3280.43
18901.88,72.04,93,0.0,3280.43
18901.88,72.27,93,0.0,3280.43
18901.88,72.12,93,1.225,3280.43
18901.88,72.5,93,0.0,3280.43
18901.88,72.62,94,0.0,3280.43
18901.88,72.62,94,0.0,3280.43
18901.88,72.39,90,1.175,3280.43
18901.88,70.94,90,1.1375,3280.43
18901.88,71.61,87,0.0,3280.43
18901.88,70.96,87,1.2375,3280.43
18901.88,70.73,92,0.0,3280.43
18901.88,71.43,92,0.0,3280.43
18901.88,71.07,92,1.25,3280.43
18901.88,71.17,92,1.2375,3280.43
18901.88,71.31,93,0.0,3280.43
18901.88,70.9,93,0.0,3280.43
18901.88,70.59,92,1.25,3280.43
18901.88,71.01,92,0.0,3280.43
18901.88,71.94,91,2.4875,3280.43
18901.88,73.1,91,0.0,3280.43
18901.88,73.85,82,0.0,3280.43
18901.88,73.76,82,1.2375,3280.43
18901.88,74.0,92,0.0,3280.43
18901.88,74.31,92,0.0,3280.43
18901.88,74.64,92,0.0,3280.43
18901.88,74.58,92,1.2375,3280.43
18901.88,74.77,93,0.0,3280.43
18901.88,74.97,93,0.0,3280.43
18901.88,74.1,93,0.0,3280.43
18901.88,74.25,92,0.0,3280.43
18901.88,72.65,94,3.725,3280.43
18901.88,72.26,94,0.0,3280.43
18901.88,72.7,89,0.0,3280.43
18901.88,72.6,89,0.0,3280.43
18901.88,72.46,93,1.25,3280.43
18901.88,72.5,92,1.2125,3280.43
18901.88,72.5,92,0.0,3280.43
18901.88,72.87,92,1.25,3280.43
18901.88,72.99,84,0.0,3280.43
18901.88,72.14,84,0.0,3280.43
18901.88,72.32,97,0.0,3280.43
18901.88,73.1,97,1.2375,3280.43
18901.88,72.82,93,0.0,3280.43
18901.88,72.66,93,0.0,3280.43
18901.88,73.03,92,1.2375,3280.43
18901.88,73.03,92,1.2375,3280.43
18901.88,72.63,93,0.0,3280.43
18901.88,72.64,93,0.0,3280.43
18901.88,72.26,93,1.225,3280.43
18901.88,71.99,93,0.0,3280.43
18901.88,71.98,94,0.0,3280.43
18901.88,72.37,94,0.0,3280.43
18901.88,75.3,94,0.0,3280.43
18901.88,72.17,94,1.225,3280.43
18901.88,71.93,93,0.0,3280.43
18901.88,71.99,93,0.0,3280.43
18901.88,71.99,93,1.2125,3280.43
18901.88,71.79,93,0.0,3280.43
18901.88,71.42,93,0.0,3280.43
18901.88,70.91,93,0.0,3280.43
18901.88,70.89,92,1.2125,3280.43
18901.88,71.49,92,0.0,3280.43
18901.88,71.23,94,0.0,3280.43
18901.88,71.0,94,1.2125,3280.43
18901.88,71.52,92,0.0,3280.43
18901.88,71.24,92,0.0,3280.43
18901.88,70.97,92,0.0,3280.43
18901.88,71.48,94,1.2125,3280.43
18901.88,71.11,94,0.0,3280.43
18901.88,70.94,93,0.0,3280.43
18901.88,71.81,93,1.2125,3280.43
18901.88,71.44,93,0.0,3280.43
18901.88,71.23,93,0.0,3280.43
18901.88,71.72,93,1.2125,3280.43
18901.88,71.29,93,1.2125,3280.43
18901.88,70.76,91,0.0,3280.43
18901.88,71.23,91,1.225,3280.43
18901.88,73.4,79,2.1875,3280.43
18901.88,72.99,79,2.2625,3280.43
18901.88,73.24,96,0.0,3280.43
18901.88,73.12,96,0.0,3280.43
18901.88,73.22,92,0.0,3280.43
18901.88,74.0,92,1.25,3280.43
18901.88,74.21,91,0.0,3280.43
18901.88,74.26,91,0.0,3280.43
18901.88,74.37,93,0.0,3280.43
18901.88,74.59,93,1.25,3280.43
18901.88,74.64,93,0.0,3280.43
18901.88,71.96,93,0.0,3280.43
18901.88,71.94,92,0.0,3280.43
18901.88,72.31,92,1.25,3280.43
18901.88,72.5,92,2.4875,3280.43
18901.88,68.72,73,0.0,3280.43
18901.88,68.51,73,1.25,3280.43
18901.88,67.6,95,0.0,3280.43
18901.88,67.73,95,0.0,3280.43
18901.88,67.83,93,1.25,3280.43
18901.88,68.08,93,1.25,3280.43
18901.88,68.54,93,0.0,3280.43
18901.88,69.17,92,0.0,3280.43
18901.88,69.24,92,0.0,3280.43
18901.88,69.12,92,1.25,3280.43
18901.88,72.75,93,0.0,3280.43
18901.88,71.95,93,0.0,3280.43
18901.88,72.69,93,1.2375,3280.43
18901.88,72.61,93,0.0,3280.43
18901.88,72.7,93,0.0,3280.43
18901.88,72.88,93,1.25,3280.43
18901.88,72.92,93,0.0,3280.43
18901.88,73.03,92,0.0,3280.43
18901.88,72.78,92,1.25,3280.43
18901.88,72.07,93,0.0,3280.43
18901.88,72.04,93,0.0,3280.43
18901.88,71.99,93,2.375,3280.43
18901.88,73.34,93,0.0,3280.43
18901.88,73.52,89,1.225,3280.43
18901.88,73.52,89,0.0,3280.43
18901.88,73.39,94,0.0,3280.43
18901.88,73.14,94,0.0,3280.43
18901.88,72.92,92,0.0,3280.43
18901.88,72.81,92,1.225,3280.43
18901.88,72.74,94,0.0,3280.43
18901.88,72.8,94,0.0,3280.43
18901.88,72.85,93,0.0,3280.43
18901.88,72.99,93,1.225,3280.43
18901.88,72.99,94,0.0,3280.43
18901.88,72.53,94,0.0,3280.43
18901.88,72.06,94,0.0,3280.43
18901.88,72.25,94,1.2,3280.43
18901.88,72.49,91,0.0,3280.43
18901.88,71.82,91,2.425,3280.43
18901.88,73.89,92,1.225,3280.43
18901.88,73.78,80,0.0,3280.43
18901.88,74.23,80,0.0,3280.43
18901.88,74.18,96,0.0,3280.43
18901.88,73.34,96,1.225,3280.43
18901.88,73.44,91,0.0,3280.43
18901.88,73.47,91,0.0,3280.43
18901.88,73.46,93,0.0,3280.43
18901.88,73.71,93,1.2125,3280.43
18901.88,73.35,94,0.0,3280.43
18901.88,73.45,94,0.0,3280.43
18901.88,71.36,93,1.225,3280.43
18901.88,71.31,92,0.0,3280.43
18901.88,70.75,92,0.0,3280.43
18901.88,70.98,94,0.0,3280.43
18901.88,71.92,94,1.225,3280.43
18901.88,71.66,94,0.0,3280.43
18901.88,71.68,93,1.225,3280.43
18901.88,71.49,93,1.2125,3280.43
18901.88,71.75,93,0.0,3280.43
18901.88,71.72,91,2.1375,3280.43
18901.88,72.25,91,0.0,3280.43
18901.88,72.06,87,0.0,3280.43
18901.88,72.81,87,1.2,3280.43
18901.88,73.14,92,0.0,3280.43
18901.88,72.9,92,1.2125,3280.43
18901.88,69.97,83,2.425,3280.43
18901.88,69.73,83,0.0,3280.43
18901.88,70.04,92,0.0,3280.43
18901.88,69.72,92,0.0,3280.43
18901.88,69.86,93,1.2125,3280.43
18901.88,69.94,93,0.0,3280.43
18901.88,69.76,92,0.0,3280.43
18901.88,70.36,92,1.2,3280.43
18901.88,70.12,91,0.0,3280.43
18901.88,69.82,91,0.0,3280.43
18901.88,69.9,93,1.2125,3280.43
18901.88,72.65,93,0.0,3280.43
18901.88,72.61,93,0.0,3280.43
18901.88,71.86,93,0.0,3280.43
18901.88,72.24,94,1.2125,3280.43
18901.88,72.18,94,0.0,3280.43
18901.88,72.12,93,0.0,3280.43
18901.88,71.9,93,1.225,3280.43
18901.88,71.74,93,0.0,3280.43
18901.88,71.37,93,0.0,3280.43
18901.88,71.45,93,0.0,3280.43
18901.88,71.65,93,0.0,3280.43
18901.88,71.87,93,1.2125,3280.43
18901.88,71.93,93,0.0,3280.43
18901.88,72.86,91,1.2125,3280.43
18901.88,72.76,91,2.4375,3280.43
18901.88,69.33,83,2.225,3280.43
18901.88,69.61,83,0.0,3280.43
18901.88,68.86,94,1.175,3280.43
18901.88,68.64,91,0.0,3280.43
18901.88,69.54,91,0.0,3280.43
18901.88,69.54,93,1.225,3280.43
18901.88,69.32,93,1.225,3280.43
18901.88,69.01,92,0.0,3280.43
18901.88,68.52,92,0.0,3280.43
18901.88,68.52,94,0.0,3280.43
18901.88,71.65,94,2.45,3280.43
18901.88,73.46,77,1.225,3280.43
18901.88,74.09,77,0.0,3280.43
18901.88,73.25,99,0.0,3280.43
18901.88,72.91,99,0.0,3280.43
18901.88,72.66,94,0.0,3280.43
18901.88,72.57,94,1.225,3280.43
18901.88,73.36,93,0.0,3280.43
18901.88,73.52,93,0.0,3280.43
18901.88,73.27,94,0.0,3280.43
18901.88,73.15,94,1.225,3280.43
18901.88,71.34,93,0.0,3280.43
18901.88,71.37,94,0.0,3280.43
18901.88,72.01,94,1.2125,3280.43
18901.88,72.24,92,0.0,3280.43
18901.88,72.18,92,0.0,3280.43
18901.88,72.33,92,0.0,3280.43
18901.88,72.41,94,2.0875,3280.43
18901.88,72.28,92,1.25,3280.43
18901.88,72.12,92,0.0,3280.43
18901.88,72.36,93,0.0,3280.43
18901.88,72.88,93,1.25,3280.43
18901.88,72.79,93,0.0,3280.43
18901.88,73.06,93,0.0,3280.43
18901.88,73.22,92,1.25,3280.43
18901.88,73.15,92,0.0,3280.43
18901.88,73.11,94,1.25,3280.43
18901.88,72.7,94,0.0,3280.43
18901.88,72.36,94,1.2375,3280.43
18901.88,72.2,92,0.0,3280.43
18901.88,71.98,92,0.0,3280.43
18901.88,71.59,94,1.25,3280.43
18901.88,71.65,94,0.0,3280.43
18901.88,71.82,93,0.0,3280.43
18901.88,71.9,93,0.0,3280.43
18901.88,72.38,93,1.2375,3280.43
18901.88,72.33,93,0.0,3280.43
18901.88,72.37,92,0.0,3280.43
18901.88,73.11,92,1.25,3280.43
18901.88,73.16,92,0.0,3280.43
18901.88,69.96,83,3.7375,3280.43
18901.88,70.73,83,1.2375,3280.43
18901.88,70.09,83,0.0,3280.43
18901.88,70.09,88,0.0,3280.43
18901.88,69.98,88,1.2375,3280.43
18901.88,69.94,93,0.0,3280.43
18901.88,69.39,93,1.175,3280.43
18901.88,69.67,93,1.225,3280.43
18901.88,69.76,93,0.0,3280.43
18901.88,68.58,92,0.0,3280.43
18901.88,68.58,92,0.0,3280.43
18901.88,71.71,92,1.25,3280.43
18901.88,71.71,93,0.0,3280.43
18901.88,70.85,93,2.4875,3280.43
18901.88,71.79,75,1.2375,3280.43
18901.88,73.38,75,0.0,3280.43
18901.88,73.25,100,0.0,3280.43
18901.88,72.92,100,0.0,3280.43
18901.88,72.91,94,2.4875,3280.43
18901.88,72.94,94,0.0,3280.43
18901.88,73.85,93,0.0,3280.43
18901.88,74.33,93,1.2125,3280.43
18901.88,74.48,92,0.0,3280.43
18901.88,74.45,92,0.0,3280.43
18901.88,74.36,94,0.0,3280.43
18901.88,73.06,94,1.225,3280.43
18901.88,72.68,92,0.0,3280.43
18901.88,72.44,92,0.0,3280.43
18901.88,73.15,93,1.2125,3280.43
18901.88,72.76,93,0.0,3280.43
18901.88,72.59,94,0.0,3280.43
18901.88,72.85,94,0.0,3280.43
18901.88,72.29,93,1.2125,3280.43
18901.88,72.2,93,0.0,3280.43
18901.88,72.69,93,0.0,3280.43
18901.88,72.61,93,1.2125,3280.43
18901.88,72.56,94,0.0,3280.43
18901.88,72.42,94,0.0,3280.43
18901.88,72.61,93,1.2125,3280.43
18901.88,72.67,93,0.0,3280.43
18901.88,72.95,91,2.4375,3280.43
18901.88,73.75,91,1.125,3280.43
18901.88,73.89,82,0.0,3280.43
18901.88,73.67,82,1.2375,3280.43
18901.88,73.6,100,0.0,3280.43
18901.88,73.95,100,0.0,3280.43
18901.88,73.8,89,1.2125,3280.43
18901.88,74.52,93,0.0,3280.43
18901.88,74.74,93,1.15,3280.43
18901.88,74.3,92,1.2375,3280.43
18901.88,74.03,92,0.0,3280.43
18901.88,74.4,92,0.0,3280.43
18901.88,73.19,93,1.2125,3280.43
18901.88,73.26,94,0.0,3280.43
18901.88,73.4,94,0.0,3280.43
18901.88,73.34,91,1.2,3280.43
18901.88,73.3,91,0.0,3280.43
18901.88,73.49,91,0.0,3280.43
18901.88,73.22,93,1.2125,3280.43
18901.88,73.17,93,0.0,3280.43
18901.88,73.69,93,0.0,3280.43
18901.88,73.06,93,0.0,3280.43
18901.88,72.62,93,1.2125,3280.43
18901.88,72.58,93,0.0,3280.43
18901.88,72.29,94,0.0,3280.43
18901.88,72.7,94,0.0,3280.43
18901.88,72.37,94,1.225,3280.43
18901.88,72.3,94,0.0,3280.43
18901.88,71.94,93,0.0,3280.43
18901.88,71.75,93,0.0,3280.43
18901.88,71.61,93,1.225,3280.43
18901.88,71.57,94,0.0,3280.43
18901.88,71.5,94,0.0,3280.43
18901.88,71.65,93,0.0,3280.43
18901.88,71.64,93,1.225,3280.43
18901.88,71.47,93,0.0,3280.43
18901.88,71.49,93,1.25,3280.43
18901.88,71.49,94,0.0,3280.43
18901.88,71.24,94,0.0,3280.43
18901.88,71.27,93,0.0,3280.43
18901.88,71.92,93,1.25,3280.43
18901.88,71.75,93,0.0,3280.43
18901.88,72.23,93,1.25,3280.43
18901.88,72.52,87,0.0,3280.43
18901.88,71.99,87,0.0,3280.43
18901.88,71.88,91,0.0,3280.43
18901.88,72.5,91,1.2375,3280.43
18901.88,72.5,93,0.0,3280.43
18901.88,72.41,93,0.0,3280.43
18901.88,72.94,93,1.2375,3280.43
18901.88,72.81,93,0.0,3280.43
18901.88,72.72,94,0.0,3280.43
18901.88,72.29,94,0.0,3280.43
18901.88,71.34,93,1.2375,3280.43
18901.88,71.45,93,0.0,3280.43
18901.88,72.18,93,0.0,3280.43
18901.88,72.56,93,1.2375,3280.43
18901.88,71.98,93,0.0,3280.43
18901.88,72.31,92,0.0,3280.43
18901.88,72.58,92,1.2375,3280.43
18901.88,72.34,93,0.0,3280.43
18901.88,71.94,93,0.0,3280.43
18901.88,72.21,93,0.0,3280.43
18901.88,72.41,93,1.2375,3280.43
18901.88,72.47,94,0.0,3280.43
18901.88,72.82,94,0.0,3280.43
18901.88,72.31,93,0.0,3280.43
18901.88,72.48,93,1.2375,3280.43
18901.88,72.56,92,1.25,3280.43
18901.88,72.12,92,0.0,3280.43
18901.88,72.31,93,1.25,3280.43
18901.88,71.55,93,0.0,3280.43
18901.88,71.84,93,0.0,3280.43
18901.88,72.1,93,0.0,3280.43
18901.88,71.96,93,1.2375,3280.43
18901.88,72.33,93,0.0,3280.43
18901.88,71.62,93,0.0,3280.43
18901.88,71.89,93,0.0,3280.43
18901.88,72.12,93,1.2375,3280.43
18901.88,71.19,93,1.2375,3280.43
18901.88,72.77,93,0.0,3280.43
18901.88,72.53,79,1.2375,3280.43
18901.88,72.54,97,0.0,3280.43
18901.88,72.51,97,0.0,3280.43
18901.88,72.77,97,0.0,3280.43
18901.88,73.07,93,0.0,3280.43
18901.88,72.81,93,1.225,3280.43
18901.88,73.44,93,0.0,3280.43
18901.88,73.14,93,1.2125,3280.43
18901.88,72.87,93,0.0,3280.43
18901.88,73.15,93,1.2125,3280.43
18901.88,73.15,93,0.0,3280.43
18901.88,71.47,94,0.0,3280.43
18901.88,71.67,94,1.225,3280.43
18901.88,71.9,92,0.0,3280.43
18901.88,71.97,92,0.0,3280.43
18901.88,71.93,93,0.0,3280.43
18901.88,72.3,93,1.2125,3280.43
18901.88,72.3,92,0.0,3280.43
18901.88,71.83,92,0.0,3280.43
18901.88,71.97,94,1.2125,3280.43
18901.88,72.23,94,0.0,3280.43
18901.88,72.08,93,0.0,3280.43
18901.88,72.08,93,1.2125,3280.43
18901.88,72.36,93,0.0,3280.43
18901.88,72.53,93,0.0,3280.43
18901.88,71.58,92,0.0,3280.43
18901.88,71.63,92,1.225,3280.43
18901.88,71.4,93,0.0,3280.43
18901.88,71.81,93,0.0,3280.43
18901.88,71.9,94,0.0,3280.43
18901.88,71.09,94,1.2125,3280.43
18901.88,71.26,92,0.0,3280.43
18901.88,71.33,92,0.0,3280.43
18901.88,71.44,93,1.2125,3280.43
18901.88,71.62,93,0.0,3280.43
18901.88,71.04,93,0.0,3280.43
18901.88,71.79,94,1.2,3280.43
18901.88,71.85,94,1.2125,3280.43
18901.88,69.74,83,0.0,3280.43
18901.88,69.72,83,0.0,3280.43
18901.88,69.5,100,1.1875,3280.43
18901.88,70.22,100,0.0,3280.43
18901.88,69.96,92,0.0,3280.43
18901.88,69.79,92,1.225,3280.43
18901.88,69.71,93,0.0,3280.43
18901.88,70.39,93,1.225,3280.43
18901.88,69.88,93,0.0,3280.43
18901.88,69.76,93,0.0,3280.43
18901.88,71.74,94,1.2125,3280.43
18901.88,71.44,94,0.0,3280.43
18901.88,71.5,94,0.0,3280.43
18901.88,71.57,94,0.0,3280.43
18901.88,72.09,94,1.2125,3280.43
18901.88,72.01,94,0.0,3280.43
18901.88,72.06,93,0.0,3280.43
18901.88,72.07,93,1.2125,3280.43
18901.88,72.02,94,0.0,3280.43
18901.88,72.1,94,0.0,3280.43
18901.88,72.0,93,1.225,3280.43
18901.88,71.97,93,0.0,3280.43
18901.88,71.79,93,0.0,3280.43
18901.88,71.65,93,0.0,3280.43
18901.88,71.68,95,1.2,3280.43
18901.88,71.61,95,0.0,3280.43
18901.88,71.5,94,1.2125,3280.43
18901.88,72.08,94,0.0,3280.43
18901.88,71.96,94,0.0,3280.43
18901.88,71.94,94,1.2125,3280.43
18901.88,71.9,94,0.0,3280.43
18901.88,71.84,95,1.2125,3280.43
18901.88,71.68,95,1.2125,3280.43
18901.88,73.61,87,0.0,3280.43
18901.88,73.79,87,0.0,3280.43
18901.88,73.43,93,1.2125,3280.43
18901.88,73.52,93,0.0,3280.43
18901.88,73.52,93,0.0,3280.43
18901.88,73.29,93,0.0,3280.43
18901.88,73.18,93,1.2125,3280.43
18901.88,73.71,93,0.0,3280.43
18901.88,73.72,93,1.2125,3280.43
18901.88,74.0,93,1.2125,3280.43
18901.88,72.05,93,0.0,3280.43
18901.88,71.82,93,0.0,3280.43
18901.88,72.21,93,0.0,3280.43
18901.88,72.16,93,1.2125,3280.43
18901.88,72.18,93,0.0,3280.43
18901.88,71.83,93,0.0,3280.43
18901.88,72.12,93,1.2125,3280.43
18901.88,72.08,93,0.0,3280.43
18901.88,71.63,93,0.0,3280.43
18901.88,71.71,93,1.2125,3280.43
18901.88,71.43,92,0.0,3280.43
18901.88,71.63,92,0.0,3280.43
18901.88,71.79,89,0.0,3280.43
18901.88,71.94,89,1.2125,3280.43
18901.88,71.81,93,0.0,3280.43
18901.88,71.83,93,0.0,3280.43
18901.88,72.07,93,0.0,3280.43
18901.88,72.01,93,1.2125,3280.43
18901.88,72.18,92,0.0,3280.43
18901.88,72.72,92,0.0,3280.43
18901.88,72.52,91,1.225,3280.43
18901.88,72.7,91,0.0,3280.43
18901.88,72.76,93,0.0,3280.43
18901.88,72.86,93,1.2125,3280.43
18901.88,72.93,93,0.0,3280.43
18901.88,72.84,92,0.0,3280.43
18901.88,72.62,92,0.0,3280.43
18901.88,72.59,88,2.425,3280.43
18901.88,70.65,88,0.0,3280.43
18901.88,70.58,89,2.425,3280.43
18901.88,69.59,89,0.0,3280.43
18901.88,69.92,93,0.0,3280.43
18901.88,69.91,93,0.0,3280.43
18901.88,70.55,93,1.2375,3280.43
18901.88,70.31,93,0.0,3280.43
18901.88,70.1,93,0.0,3280.43
18901.88,70.27,93,1.2375,3280.43
18901.88,70.09,92,0.0,3280.43
18901.88,71.82,92,0.0,3280.43
18901.88,71.0,91,1.25,3280.43
18901.88,71.91,91,0.0,3280.43
18901.88,71.96,92,0.0,3280.43
18901.88,71.92,92,0.0,3280.43
18901.88,71.91,94,2.4875,3280.43
18901.88,72.16,94,0.0,3280.43
18901.88,71.94,85,0.0,3280.43
18901.88,71.0,85,0.0,3280.43
18901.88,71.76,94,1.2375,3280.43
18901.88,71.46,94,0.0,3280.43
18901.88,71.69,92,0.0,3280.43
18901.88,72.15,92,0.0,3280.43
18901.88,72.09,93,1.25,3280.43
18901.88,72.24,93,0.0,3280.43
18901.88,71.94,93,0.0,3280.43
18901.88,71.64,93,1.2375,3280.43
18901.88,71.59,92,0.0,3280.43
18901.88,71.53,92,0.0,3280.43
18901.88,72.4,94,0.0,3280.43
18901.88,71.69,94,0.0,3280.43
18901.88,71.83,93,1.2375,3280.43
18901.88,71.97,93,0.0,3280.43
18901.88,71.92,91,0.0,3280.43
18901.88,71.8,91,1.2375,3280.43
18901.88,71.83,93,0.0,3280.43
18901.88,72.12,93,0.0,3280.43
18901.88,72.2,93,1.25,3280.43
18901.88,71.73,94,0.0,3280.43
18901.88,71.95,90,0.0,3280.43
18901.88,71.85,90,0.0,3280.43
18901.88,71.77,93,2.4875,3280.43
18901.88,72.03,93,0.0,3280.43
18901.88,72.05,93,0.0,3280.43
18901.88,72.23,93,0.0,3280.43
18901.88,72.69,92,1.2375,3280.43
18901.88,72.39,92,0.0,3280.43
18901.88,72.39,92,0.0,3280.43
18901.88,72.3,92,0.0,3280.43
18901.88,72.3,91,1.2375,3280.43
18901.88,72.39,91,0.0,3280.43
18901.88,72.39,94,0.0,3280.43
18901.88,72.57,94,1.225,3280.43
18901.88,72.47,91,0.0,3280.43
18901.88,72.51,91,0.0,3280.43
18901.88,72.95,93,1.225,3280.43
18901.88,72.95,93,0.0,3280.43
18901.88,72.85,87,0.0,3280.43
18901.88,72.85,87,1.225,3280.43
18901.88,72.19,98,0.0,3280.43
18901.88,72.31,98,0.0,3280.43
18901.88,72.44,91,1.2125,3280.43
18901.88,72.67,91,0.0,3280.43
18901.88,72.71,93,0.0,3280.43
18901.88,72.78,93,1.2125,3280.43
18901.88,72.78,92,0.0,3280.43
18901.88,72.64,92,0.0,3280.43
18901.88,71.48,93,0.0,3280.43
18901.88,71.54,93,1.2125,3280.43
18901.88,71.36,93,0.0,3280.43
18901.88,71.84,93,2.4125,3280.43
18901.88,71.84,94,0.0,3280.43
18901.88,71.06,94,0.0,3280.43
18901.88,70.82,92,0.0,3280.43
18901.88,71.33,92,1.175,3280.43
18901.88,71.05,93,0.0,3280.43
18901.88,70.73,93,0.0,3280.43
18901.88,71.2,94,1.2125,3280.43
18901.88,70.7,92,0.0,3280.43
18901.88,70.65,92,1.225,3280.43
18901.88,71.41,82,0.0,3280.43
18901.88,71.41,82,1.225,3280.43
18901.88,70.87,98,0.0,3280.43
18901.88,70.86,98,0.0,3280.43
18901.88,70.72,93,0.0,3280.43
18901.88,71.39,93,0.0,3280.43
18901.88,71.1,93,1.225,3280.43
18901.88,70.96,93,0.0,3280.55
18901.88,71.59,94,0.0,3280.55
18901.88,71.68,94,0.0,3280.55
18901.88,71.86,94,1.225,3280.55
18901.88,71.39,94,1.225,3280.55
18901.88,71.41,93,0.0,3280.55
18901.88,72.1,93,0.0,3280.55
18901.88,71.86,93,1.2125,3280.55
18901.88,72.46,91,0.0,3280.55
18901.88,72.06,91,0.0,3280.55
18901.88,72.54,92,0.0,3280.55
18901.88,72.77,92,1.2125,3280.55
18901.88,72.3,93,0.0,3280.55
18901.88,72.33,93,0.0,3280.55
18901.88,72.04,93,0.0,3280.55
18901.88,72.08,93,1.2125,3280.55
18901.88,72.41,93,0.0,3280.55
18901.88,72.5,93,0.0,3280.55
18901.88,72.29,93,1.2125,3280.55
18901.88,72.05,93,0.0,3280.55
18901.88,71.85,91,0.0,3280.55
18901.88,71.85,91,0.0,3280.55
18901.88,71.9,93,1.1875,3280.55
18901.88,71.61,93,0.0,3280.55
18901.88,71.65,92,1.2125,3280.55
18901.88,71.7,92,0.0,3280.55
18901.88,71.92,93,0.0,3280.55
18901.88,71.67,93,0.0,3280.55
18901.88,71.53,93,2.4375,3280.55
18901.88,71.5,93,0.0,3280.55
18901.88,71.17,93,0.0,3280.55
18901.88,71.09,93,2.425,3280.55
18901.88,71.86,80,0.0,3280.55
18901.88,72.12,80,1.2125,3280.55
18901.88,71.82,96,0.0,3280.55
18901.88,71.9,96,0.0,3280.55
18901.88,72.68,94,0.0,3280.55
18901.88,72.29,94,1.2125,3280.55
18901.88,72.83,93,0.0,3280.55
18901.88,72.5,93,0.0,3280.55
18901.88,72.12,93,0.0,3280.55
18901.88,72.91,93,1.1875,3280.55
18901.88,72.67,90,0.0,3280.55
18901.88,71.48,94,0.0,3280.55
18901.88,71.61,94,1.225,3280.55
18901.88,71.97,92,0.0,3280.55
18901.88,72.0,92,0.0,3280.55
18901.88,71.93,93,0.0,3280.55
18901.88,72.07,93,1.225,3280.55
18901.88,72.06,92,0.0,3280.55
18901.88,72.02,92,0.0,3280.55
18901.88,72.01,94,0.0,3280.55
18901.88,71.79,94,1.25,3280.55
18901.88,72.08,93,1.1875,3280.55
18901.88,72.04,93,0.0,3280.55
18901.88,72.39,93,1.2125,3280.55
18901.88,72.49,93,0.0,3280.55
18901.88,72.02,92,0.0,3280.55
18901.88,71.97,92,1.175,3280.55
18901.88,71.72,93,0.0,3280.55
18901.88,72.02,93,0.0,3280.55
18901.88,72.26,93,0.0,3280.55
18901.88,71.9,93,1.1875,3280.55
18901.88,72.3,93,0.0,3280.55
18901.88,72.44,93,0.0,3280.55
18901.88,72.14,93,1.2125,3280.55
18901.88,72.28,93,0.0,3280.55
18901.88,72.09,93,0.0,3280.55
18901.88,72.34,93,1.2125,3280.55
18901.88,72.45,94,1.225,3280.55
18901.88,71.96,94,0.0,3280.55
18901.88,71.76,84,0.0,3280.55
18901.88,71.62,84,0.0,3280.55
18901.88,71.07,99,1.2125,3280.55
18901.88,71.25,93,0.0,3280.55
18901.88,70.85,93,0.0,3280.55
18901.88,71.28,95,1.2125,3280.55
18901.88,71.03,95,1.2125,3280.55
18901.88,70.85,95,0.0,3280.55
18901.88,70.91,93,0.0,3280.55
18901.88,70.82,93,0.0,3280.55
18901.88,71.02,93,1.1875,3280.55
18901.88,71.02,93,0.0,3280.55
18901.88,71.35,94,1.2125,3280.55
18901.88,71.35,94,0.0,3280.55
18901.88,71.42,93,0.0,3280.55
18901.88,71.98,93,0.0,3280.55
18901.88,71.93,94,1.225,3280.55
18901.88,71.83,94,0.0,3280.55
18901.88,71.83,93,0.0,3280.55
18901.88,72.03,93,0.0,3280.55
18901.88,72.04,92,1.225,3280.55
18901.88,72.59,92,0.0,3280.55
18901.88,72.42,93,0.0,3280.55
18901.88,72.63,93,0.0,3280.55
18901.88,73.03,93,1.225,3280.55
18901.88,72.91,94,0.0,3280.55
18901.88,72.86,94,0.0,3280.55
18901.88,72.71,93,0.0,3280.55
18901.88,72.42,93,1.225,3280.55
18901.88,72.87,92,0.0,3280.55
18901.88,73.07,92,0.0,3280.55
18901.88,72.75,94,0.0,3280.55
18901.88,72.67,94,1.1875,3280.55
18901.88,73.17,93,0.0,3280.55
18901.88,73.02,93,0.0,3280.55
18901.88,73.26,93,1.2125,3280.55
18901.88,72.87,93,0.0,3280.55
18901.88,72.82,91,0.0,3280.55
18901.88,72.79,91,1.225,3280.55
18901.88,72.79,90,2.4,3280.55
18901.88,72.62,90,0.0,3280.55
18901.88,71.97,86,0.0,3280.55
18901.88,71.97,86,1.225,3280.55
18901.88,71.63,93,0.0,3280.55
18901.88,71.82,93,0.0,3280.55
18901.88,71.66,94,0.0,3280.55
18901.88,71.66,94,0.0,3280.55
18901.88,72.34,94,0.0,3280.55
18901.88,71.95,94,1.2125,3280.55
18901.88,71.72,94,1.225,3280.55
18901.88,72.89,94,0.0,3280.55
18901.88,73.51,81,1.2375,3280.55
18901.88,72.26,81,0.0,3280.55
18901.88,72.27,98,0.0,3280.55
18901.88,72.27,98,0.0,3280.55
18901.88,72.58,92,0.0,3280.55
18901.88,72.25,92,1.25,3280.55
18901.88,72.16,91,0.0,3280.55
18901.88,72.24,91,0.0,3280.55
18901.88,72.42,93,0.0,3280.55
18901.88,72.12,93,1.25,3280.55
18901.88,72.61,93,0.0,3280.55
18901.88,71.06,93,0.0,3280.55
18901.88,71.33,94,0.0,3280.55
18901.88,72.06,94,0.0,3280.55
18901.88,72.26,93,1.25,3280.55
18901.88,72.12,93,0.0,3280.55
18901.88,72.16,93,0.0,3280.55
18901.88,72.45,93,0.0,3280.55
18901.88,71.81,93,1.2375,3280.55
18901.88,71.91,94,0.0,3280.55
18901.88,72.19,94,0.0,3280.55
18901.88,71.46,93,0.0,3280.55
18901.88,71.52,93,0.0,3280.55
18901.88,71.63,93,0.0,3280.55
18901.88,71.99,93,1.25,3280.55
18901.88,71.78,93,1.25,3280.55
18901.88,71.74,93,0.0,3280.55
18901.88,71.67,92,0.0,3280.55
18901.88,71.88,92,0.0,3280.55
18901.88,71.94,91,1.2375,3280.55
18901.88,71.85,91,0.0,3280.55
18901.88,71.67,92,0.0,3280.55
18901.88,71.76,92,0.0,3280.55
18901.88,71.92,92,1.2375,3280.55
18901.88,71.63,92,0.0,3280.55
18901.88,71.48,93,0.0,3280.55
18901.88,71.94,93,0.0,3280.55
18901.88,71.94,93,0.0,3280.55
18901.88,71.89,93,1.2375,3280.55
18901.88,73.63,93,1.2375,3280.55
18901.88,73.49,84,0.0,3280.55
18901.88,72.83,84,0.0,3280.55
18901.88,73.86,97,1.2375,3280.55
18901.88,74.2,97,0.0,3280.55
18901.88,74.2,93,0.0,3280.55
18901.88,74.29,93,0.0,3280.55
18901.88,74.47,93,1.25,3280.55
18901.88,74.42,93,0.0,3280.55
18901.88,74.51,93,0.0,3280.55
18901.88,74.38,94,3.725,3280.55
18901.88,74.38,94,0.0,3280.55
18901.88,72.85,87,0.0,3280.55
18901.88,72.54,87,0.0,3280.55
18901.88,72.33,93,1.2375,3280.55
18901.88,72.45,93,0.0,3280.55
18901.88,72.24,93,0.0,3280.55
18901.88,72.69,93,0.0,3280.55
18901.88,72.42,93,0.0,3280.55
18901.88,72.03,93,1.2375,3280.55
18901.88,72.36,93,0.0,3280.55
18901.88,71.97,93,0.0,3280.55
18901.88,71.86,94,0.0,3280.55
18901.88,71.6,94,0.0,3280.55
18901.88,72.29,93,1.225,3280.55
18901.88,72.44,93,0.0,3280.55
18901.88,71.97,92,0.0,3280.55
18901.88,71.81,92,0.0,3280.55
18901.88,71.79,92,1.2125,3280.55
18901.88,71.83,92,0.0,3280.55
18901.88,72.19,93,0.0,3280.55
18901.88,71.5,93,1.2125,3280.55
18901.88,71.41,93,1.225,3280.55
18901.88,73.06,93,0.0,3280.55
18901.88,73.73,81,0.0,3280.55
18901.88,73.91,81,1.225,3280.55
18901.88,73.55,97,1.225,3280.55
18901.88,73.57,93,0.0,3280.55
18901.88,73.82,93,0.0,3280.55
18901.88,74.1,93,0.0,3280.55
18901.88,74.17,93,0.0,3280.55
18901.88,74.72,93,1.2125,3280.55
18901.88,74.72,91,0.0,3280.55
18901.88,74.97,91,0.0,3280.55
18901.88,72.93,94,1.2125,3280.55
18901.88,72.93,94,0.0,3280.55
18901.88,72.94,93,0.0,3280.55
18901.88,72.79,93,0.0,3280.55
18901.88,72.6,93,1.225,3280.55
18901.88,72.6,93,0.0,3280.55
18901.88,72.52,94,0.0,3280.55
18901.88,72.27,94,0.0,3280.55
18901.88,72.14,94,1.225,3280.55
18901.88,71.93,94,0.0,3280.55
18901.88,71.7,93,0.0,3280.55
18901.88,71.86,93,0.0,3280.55
18901.88,71.86,95,0.0,3280.55
18901.88,72.16,95,0.0,3280.55
18901.88,71.84,94,1.225,3280.55
18901.88,72.16,94,0.0,3280.55
18901.88,72.2,95,0.0,3280.55
18901.88,71.78,92,0.0,3280.55
18901.88,71.75,92,1.225,3280.55
18901.88,71.78,95,1.225,3280.55
18901.88,72.05,95,0.0,3280.55
18901.88,71.72,95,0.0,3280.55
18901.88,72.11,95,0.0,3280.55
18901.88,71.83,95,0.0,3280.55
18901.88,72.04,95,0.0,3280.55
18901.88,72.08,95,1.225,3280.55
18901.88,71.55,95,0.0,3280.55
18901.88,71.87,93,1.225,3280.55
18901.88,68.42,93,0.0,3280.55
18901.88,68.42,83,1.225,3280.55
18901.88,68.31,83,0.0,3280.55
18901.88,67.52,95,0.0,3280.55
18901.88,67.71,95,0.0,3280.55
18901.88,67.95,93,1.225,3280.55
18901.88,67.95,93,0.0,3280.55
18901.88,68.41,92,0.0,3280.55
18901.88,68.55,92,0.0,3280.55
18901.88,68.47,93,0.0,3280.55
18901.88,68.46,93,1.225,3280.55
18901.88,72.05,93,0.0,3280.55
18901.88,71.84,93,0.0,3280.55
18901.88,73.01,94,0.0,3280.55
18901.88,72.47,94,1.225,3280.55
18901.88,72.68,92,0.0,3280.55
18901.88,72.76,92,0.0,3280.55
18901.88,72.31,92,1.2125,3280.55
18901.88,72.11,92,0.0,3280.55
18901.88,72.0,92,0.0,3280.55
18901.88,71.98,92,0.0,3280.55
18901.88,71.75,93,1.2125,3280.55
18901.88,71.67,91,0.0,3280.55
18901.88,71.45,91,1.2125,3280.55
18901.88,71.4,93,0.0,3280.55
18901.88,71.87,93,1.2125,3280.55
18901.88,71.85,94,0.0,3280.55
18901.88,71.74,94,0.0,3280.55
18901.88,71.56,92,1.2125,3280.55
18901.88,71.67,92,0.0,3280.55
18901.88,71.59,91,0.0,3280.55
18901.88,71.82,91,0.0,3280.55
18901.88,71.78,93,1.2125,3280.55
18901.88,71.8,93,0.0,3280.55
18901.88,71.81,92,0.0,3280.55
18901.88,72.11,92,1.2,3280.55
18901.88,72.01,93,0.0,3280.55
18901.88,71.88,93,0.0,3280.55
18901.88,71.91,93,2.425,3280.55
18901.88,73.74,93,0.0,3280.55
18901.88,73.4,86,0.0,3280.55
18901.88,73.41,86,0.0,3280.55
18901.88,73.21,94,1.225,3280.55
18901.88,73.36,94,0.0,3280.55
18901.88,74.18,93,0.0,3280.55
18901.88,74.18,93,0.0,3280.55
18901.88,74.18,93,1.2125,3280.55
18901.88,73.83,93,0.0,3280.55
18901.88,73.5,93,0.0,3280.55
18901.88,73.5,93,1.2125,3280.55
18901.88,71.81,93,0.0,3280.55
18901.88,71.98,93,1.2125,3280.55
18901.88,71.98,93,0.0,3280.55
18901.88,72.3,93,1.2125,3280.55
18901.88,72.45,94,0.0,3280.55
18901.88,71.48,94,0.0,3280.55
18901.88,71.48,92,1.2125,3280.55
18901.88,71.31,92,0.0,3280.55
18901.88,71.59,93,0.0,3280.55
18901.88,71.87,93,0.0,3280.55
18901.88,71.17,93,0.0,3280.55
18901.88,71.27,93,1.2125,3280.55
18901.88,71.55,92,0.0,3280.55
18901.88,72.17,91,0.0,3280.55
18901.88,72.11,91,0.0,3280.55
18901.88,72.06,94,1.225,3280.55
18901.88,72.42,94,0.0,3280.55
18901.88,72.47,94,0.0,3280.55
18901.88,71.89,94,0.0,3280.55
18901.88,71.67,94,0.0,3280.55
18901.88,71.78,94,2.45,3280.55
18901.88,72.31,93,0.0,3280.55
18901.88,71.75,93,0.0,3280.55
18901.88,71.54,93,0.0,3280.55
18901.88,71.7,93,0.0,3280.55
18901.88,71.15,93,1.2125,3280.55
18901.88,71.54,93,0.0,3280.55
18901.88,71.36,92,1.2125,3280.55
18901.88,71.93,92,1.2125,3280.55
18901.88,71.97,84,0.0,3280.55
18901.88,71.68,84,0.0,3280.55
18901.88,72.6,94,0.0,3280.55
18901.88,72.18,94,1.225,3280.55
18901.88,72.58,93,0.0,3280.55
18901.88,72.87,93,1.2125,3280.55
18901.88,72.71,93,0.0,3280.55
18901.88,73.22,93,1.2125,3280.55
18901.88,72.69,93,0.0,3280.55
18901.88,72.37,93,0.0,3280.55
18901.88,72.1,93,0.0,3280.55
18901.88,71.76,93,1.2125,3280.55
18901.88,72.07,92,0.0,3280.55
18901.88,71.94,92,0.0,3280.55
18901.88,72.35,93,0.0,3280.55
18901.88,72.65,93,1.2125,3280.55
18901.88,72.07,92,0.0,3280.55
18901.88,71.95,92,0.0,3280.55
18901.88,71.8,94,1.2125,3280.55
18901.88,71.9,93,0.0,3280.55
18901.88,72.25,93,0.0,3280.55
18901.88,71.79,93,1.2125,3280.55
18901.88,72.27,93,0.0,3280.55
18901.88,72.39,91,0.0,3280.55
18901.88,71.84,91,0.0,3280.55
18901.88,71.78,93,1.2125,3280.55
18901.88,71.64,93,1.2125,3280.55
18901.88,71.82,81,0.0,3280.55
18901.88,73.52,81,1.2125,3280.55
18901.88,73.12,98,0.0,3280.55
18901.88,72.26,98,0.0,3280.55
18901.88,73.1,91,1.225,3280.55
18901.88,73.38,91,1.225,3280.55
18901.88,73.04,93,0.0,3280.55
18901.88,73.59,93,0.0,3280.55
18901.88,73.02,92,0.0,3280.55
18901.88,72.79,92,1.2125,3280.55
18901.88,73.12,94,0.0,3280.55
18901.88,70.56,94,0.0,3280.55
18901.88,70.56,93,1.2125,3280.55
18901.88,71.21,93,0.0,3280.55
18901.88,72.03,92,0.0,3280.55
18901.88,72.03,92,1.175,3280.55
18901.88,71.5,93,1.2125,3280.55
18901.88,72.94,93,0.0,3280.55
18901.88,72.59,86,0.0,3280.55
18901.88,72.95,86,1.2125,3280.55
18901.88,72.75,93,0.0,3280.55
18901.88,72.73,93,0.0,3280.55
18901.88,73.15,93,0.0,3280.55
18901.88,73.3,93,1.225,3280.55
18901.88,73.47,93,0.0,3280.55
18901.88,73.23,93,0.0,3280.55
18901.88,72.9,92,1.2375,3280.55
18901.88,73.5,92,1.1875,3280.55
18901.88,74.4,78,0.0,3280.55
18901.88,74.25,78,1.2125,3280.55
18901.88,73.72,99,0.0,3280.55
18901.88,73.55,99,0.0,3280.55
18901.88,73.52,93,0.0,3280.55
18901.88,73.81,93,2.425,3280.55
18901.88,74.01,93,0.0,3280.55
18901.88,74.11,93,0.0,3280.55
18901.88,74.12,93,0.0,3280.55
18901.88,73.99,93,1.225,3280.55
18901.88,71.5,93,1.225,3280.55
18901.88,73.47,93,0.0,3280.55
18901.88,73.88,82,0.0,3280.55
18901.88,73.88,100,0.0,3280.55
18901.88,74.33,100,1.225,3280.55
18901.88,73.35,95,0.0,3280.55
18901.88,72.86,95,0.0,3280.55
18901.88,72.86,93,0.0,3280.55
18901.88,72.94,93,1.2125,3280.55
18901.88,73.11,93,0.0,3280.55
18901.88,73.11,93,0.0,3280.55
18901.88,72.8,93,1.225,3280.55
18901.88,70.84,93,0.0,3280.55
18901.88,71.12,93,0.0,3280.55
18901.88,69.98,93,0.0,3280.55
18901.88,70.6,92,1.2125,3280.55
18901.88,71.18,92,0.0,3280.55
18901.88,70.84,93,0.0,3280.55
18901.88,70.56,93,0.0,3280.55
18901.88,70.68,94,1.25,3280.55
18901.88,70.68,94,0.0,3280.55
18901.88,70.95,93,0.0,3280.55
18901.88,70.65,93,0.0,3280.55
18901.88,70.38,93,1.25,3280.55
18901.88,70.38,93,0.0,3280.55
18901.88,71.55,94,0.0,3280.55
18901.88,71.56,94,0.0,3280.55
18901.88,72.16,93,1.25,3280.55
18901.88,71.9,93,1.25,3280.55
18901.88,71.84,93,0.0,3280.55
18901.88,72.33,93,0.0,3280.55
18901.88,72.33,93,0.0,3280.55
18901.88,71.95,93,1.25,3280.55
18901.88,71.71,93,0.0,3280.55
18901.88,72.12,93,0.0,3280.55
18901.88,72.03,92,0.0,3280.55
18901.88,71.94,92,1.25,3280.55
18901.88,72.28,94,0.0,3280.55
18901.88,71.81,94,0.0,3280.55
18901.88,71.58,93,1.25,3280.55
18901.88,72.04,93,0.0,3280.55
18901.88,71.65,93,1.25,3280.55
18901.88,68.41,93,0.0,3280.55
18901.88,68.62,85,0.0,3280.55
18901.88,68.04,85,1.2375,3280.55
18901.88,67.83,95,0.0,3280.55
18901.88,68.29,95,0.0,3280.55
18901.88,68.67,93,1.2375,3280.55
18901.88,68.47,93,0.0,3280.55
18901.88,69.06,94,0.0,3280.55
18901.88,68.72,94,0.0,3280.55
18901.88,68.47,94,1.25,3280.55
18901.88,68.58,94,0.0,3280.55
18901.88,71.43,93,0.0,3280.55
18901.88,71.64,93,1.2375,3280.55
18901.88,72.0,94,0.0,3280.55
18901.88,72.3,94,0.0,3280.55
18901.88,72.56,92,0.0,3280.55
18901.88,72.38,92,0.0,3280.55
18901.88,72.65,94,1.25,3280.55
18901.88,72.04,94,0.0,3280.55
18901.88,72.32,94,0.0,3280.55
18901.88,72.31,93,0.0,3280.55
18901.88,72.28,93,1.25,3280.55
18901.88,72.31,91,0.0,3280.55
18901.88,72.83,91,0.0,3280.55
18901.88,73.08,93,0.0,3280.55
18901.88,72.42,93,2.45,3280.55
18901.88,72.35,93,0.0,3280.55
18901.88,72.2,93,0.0,3280.55
18901.88,72.42,93,1.2125,3280.55
18901.88,72.53,93,0.0,3280.55
18901.88,72.0,93,0.0,3280.55
18901.88,72.0,93,0.0,3280.55
18901.88,72.1,93,1.2125,3280.55
18901.88,72.37,93,0.0,3280.55
18901.88,72.49,95,0.0,3280.55
18901.88,72.08,95,1.1875,3280.55
18901.88,72.37,93,0.0,3280.55
18901.88,72.57,93,0.0,3280.55
18901.88,72.11,92,2.4375,3280.55
18901.88,73.34,92,0.0,3280.55
18901.88,73.01,86,0.0,3280.55
18901.88,73.38,86,1.2125,3280.55
18901.88,73.08,96,0.0,3280.55
18901.88,73.03,96,0.0,3280.55
18901.88,73.3,94,1.2125,3280.55
18901.88,73.61,94,0.0,3280.55
18901.88,73.81,90,0.0,3280.55
18901.88,74.11,90,1.2125,3280.55
18901.88,73.7,93,0.0,3280.55
18901.88,74.01,93,0.0,3280.55
18901.88,72.93,94,1.2125,3280.55
18901.88,72.54,94,0.0,3280.55
18901.88,72.42,93,0.0,3280.55
18901.88,72.96,93,1.2125,3280.55
18901.88,72.65,93,0.0,3280.55
18901.88,72.42,93,0.0,3280.55
18901.88,72.12,94,1.2125,3280.55
18901.88,71.7,94,0.0,3280.55
18901.88,71.63,93,0.0,3280.55
18901.88,71.91,94,1.2125,3280.55
18901.88,71.67,94,0.0,3280.55
18901.88,71.6,93,0.0,3280.55
18901.88,71.63,93,0.0,3280.55
18901.88,71.76,93,2.4875,3280.55
18901.88,72.04,93,0.0,3280.55
18901.88,72.42,86,0.0,3280.55
18901.88,71.36,86,0.0,3280.55
18901.88,71.02,92,1.25,3280.55
18901.88,71.65,92,1.25,3280.55
18901.88,71.48,94,0.0,3280.55
18901.88,71.72,94,0.0,3280.55
18901.88,71.49,93,1.2375,3280.55
18901.88,71.82,93,0.0,3280.55
18901.88,71.65,92,0.0,3280.55
18901.88,71.74,92,0.0,3280.55
18901.88,71.22,92,1.25,3280.55
18901.88,72.16,92,0.0,3280.55
18901.88,72.45,94,0.0,3280.55
18901.88,72.0,94,0.0,3280.55
18901.88,72.19,93,0.0,3280.55
18901.88,71.4,93,1.2375,3280.55
18901.88,71.63,93,0.0,3280.55
18901.88,71.83,93,0.0,3280.55
18901.88,71.61,93,1.25,3280.55
18901.88,71.99,93,0.0,3280.55
18901.88,71.12,93,0.0,3280.55
18901.88,71.53,93,0.0,3280.55
18901.88,71.72,94,1.25,3280.55
18901.88,71.4,94,0.0,3280.55
18901.88,71.78,93,0.0,3280.55
18901.88,71.06,93,1.2375,3280.55
18901.88,71.3,93,0.0,3280.55
18901.88,71.59,93,0.0,3280.55
18901.88,71.28,93,0.0,3280.55
18901.88,71.75,93,1.25,3280.55
18901.88,71.31,93,0.0,3280.55
18901.88,71.8,94,0.0,3280.55
18901.88,71.8,94,1.2375,3280.55
18901.88,71.79,94,0.0,3280.55
18901.88,72.14,94,0.0,3280.55
18901.88,72.14,94,0.0,3280.55
18901.88,71.63,94,0.0,3280.55
18901.88,72.11,94,2.4875,3280.55
18901.88,72.22,94,0.0,3280.55
18901.88,73.28,83,0.0,3280.55
18901.88,73.4,83,1.25,3280.55
18901.88,72.92,97,0.0,3280.55
18901.88,73.19,97,0.0,3280.55
18901.88,73.28,93,0.0,3280.55
18901.88,73.46,93,0.0,3280.55
18901.88,73.48,94,1.25,3280.55
18901.88,73.49,94,0.0,3280.55
18901.88,73.52,94,0.0,3280.55
18901.88,73.44,94,1.25,3280.55
18901.88,73.65,94,0.0,3280.55
18901.88,72.27,95,0.0,3280.55
18901.88,72.36,95,0.0,3280.55
18901.88,72.28,93,1.225,3280.55
18901.88,72.71,93,0.0,3280.55
18901.88,72.44,94,0.0,3280.55
18901.88,72.17,94,0.0,3280.55
18901.88,72.27,88,2.4375,3280.55
18901.88,70.11,88,0.0,3280.55
18901.88,69.91,94,0.0,3280.55
18901.88,69.22,94,0.0,3280.55
18901.88,69.68,94,0.0,3280.55
18901.88,69.53,94,1.225,3280.55
18901.88,70.17,93,0.0,3280.55
18901.88,69.57,93,0.0,3280.55
18901.88,69.72,93,0.0,3280.55
18901.88,69.73,93,0.0,3280.55
18901.88,69.31,93,2.45,3280.55
18901.88,71.09,93,0.0,3280.55
18901.88,71.44,93,0.0,3280.55
18901.88,71.07,93,0.0,3280.55
18901.88,71.66,93,1.2125,3280.55
18901.88,71.32,93,0.0,3280.55
18901.88,71.63,93,0.0,3280.55
18901.88,71.65,93,1.2125,3280.55
18901.88,71.21,92,0.0,3280.55
18901.88,71.34,92,0.0,3280.55
18901.88,71.43,93,0.0,3280.55
18901.88,71.34,93,1.225,3280.55
18901.88,71.57,93,0.0,3280.55
18901.88,71.39,93,0.0,3280.55
18901.88,71.79,93,1.225,3280.55
18901.88,71.97,93,0.0,3280.55
18901.88,71.85,93,0.0,3280.55
18901.88,71.85,93,0.0,3280.55
18901.88,71.66,93,0.0,3280.55
18901.88,72.43,93,1.225,3280.55
18901.88,71.86,94,0.0,3280.55
18901.88,71.98,94,0.0,3280.55
18901.88,71.98,94,0.0,3280.55
18901.88,71.94,94,0.0,3280.55
18901.88,72.08,93,1.225,3280.55
18901.88,72.41,93,0.0,3280.55
18901.88,72.03,93,0.0,3280.55
18901.88,72.28,93,0.0,3280.55
18901.88,71.93,94,1.225,3280.55
18901.88,68.93,94,1.2375,3280.55
18901.88,68.93,84,0.0,3280.55
18901.88,68.8,84,1.2375,3280.55
18901.88,68.43,93,0.0,3280.55
18901.88,68.86,93,0.0,3280.55
18901.88,68.9,93,0.0,3280.55
18901.88,68.9,93,1.2375,3280.55
18901.88,69.04,93,0.0,3280.55
18901.88,69.26,93,1.25,3280.55
18901.88,68.63,93,0.0,3280.55
18901.88,69.02,91,1.2375,3280.55
18901.88,71.91,91,0.0,3280.55
18901.88,71.62,93,0.0,3280.55
18901.88,72.44,93,0.0,3280.55
18901.88,72.0,93,1.2375,3280.55
18901.88,71.94,93,0.0,3280.55
18901.88,71.89,93,0.0,3280.55
18901.88,72.16,93,0.0,3280.55
18901.88,72.41,94,1.2375,3280.55
18901.88,71.84,94,0.0,3280.55
18901.88,72.17,93,0.0,3280.55
18901.88,72.09,93,0.0,3280.55
18901.88,71.96,93,1.2375,3280.55
18901.88,72.28,93,0.0,3280.55
18901.88,72.0,94,0.0,3280.55
18901.88,72.31,94,0.0,3280.55
18901.88,72.42,92,0.0,3280.55
18901.88,72.11,92,1.2375,3280.55
18901.88,72.27,94,0.0,3280.55
18901.88,71.7,94,0.0,3280.55
18901.88,71.85,93,1.2375,3280.55
18901.88,71.99,93,0.0,3280.55
18901.88,71.82,93,0.0,3280.55
18901.88,72.15,93,0.0,3280.55
18901.88,71.71,93,1.25,3280.55
18901.88,71.97,93,0.0,3280.55
18901.88,72.09,94,0.0,3280.55
18901.88,71.92,94,1.25,3280.55
18901.88,72.2,94,0.0,3280.55
18901.88,71.58,94,1.25,3280.55
18901.88,72.92,84,0.0,3280.55
18901.88,72.82,84,1.2375,3280.55
18901.88,72.55,97,0.0,3280.55
18901.88,72.39,97,0.0,3280.55
18901.88,72.35,92,0.0,3280.55
18901.88,73.12,92,1.25,3280.55
18901.88,73.0,94,0.0,3280.55
18901.88,73.13,94,0.0,3280.55
18901.88,73.13,94,0.0,3280.55
18901.88,72.6,94,0.0,3280.55
18901.88,73.06,94,1.25,3280.55
18901.88,71.58,94,0.0,3280.55
18901.88,71.83,93,0.0,3280.55
18901.88,71.56,93,0.0,3280.55
18901.88,71.85,91,1.2375,3280.55
18901.88,72.16,91,0.0,3280.55
18901.88,71.46,92,0.0,3280.55
18901.88,71.58,92,0.0,3280.55
18901.88,71.61,92,1.225,3280.55
18901.88,71.64,92,0.0,3280.55
18901.88,71.55,93,1.225,3280.55
18901.88,71.42,93,0.0,3280.55
18901.88,71.6,93,1.2125,3280.55
18901.88,71.86,93,0.0,3280.55
18901.88,72.15,92,0.0,3280.55
18901.88,72.23,92,0.0,3280.55
18901.88,72.05,94,1.2125,3280.55
18901.88,72.11,94,0.0,3280.55
18901.88,72.36,93,0.0,3280.55
18901.88,72.07,93,0.0,3280.55
18901.88,72.14,93,1.2125,3280.55
18901.88,72.27,93,0.0,3280.55
18901.88,71.79,93,0.0,3280.55
18901.88,72.04,93,1.2125,3280.55
18901.88,72.06,93,0.0,3280.55
18901.88,72.34,93,0.0,3280.55
18901.88,72.83,93,0.0,3280.55
18901.88,72.24,93,1.225,3280.55
18901.88,72.58,94,1.2125,3280.55
18901.88,70.2,94,0.0,3280.55
18901.88,69.95,86,0.0,3280.55
18901.88,69.15,86,0.0,3280.55
18901.88,69.15,95,1.225,3280.55
18901.88,69.24,95,0.0,3280.55
18901.88,69.24,93,0.0,3280.55
18901.88,69.33,91,1.2125,3280.55
18901.88,69.08,91,0.0,3280.55
18901.88,68.69,94,0.0,3280.55
18901.88,68.99,94,0.0,3280.55
18901.88,68.77,92,1.2125,3280.55
18901.88,71.36,92,1.225,3280.55
18901.88,72.25,91,0.0,3280.55
18901.88,72.4,91,0.0,3280.55
18901.88,72.25,93,1.2125,3280.55
18901.88,72.57,93,0.0,3280.55
18901.88,72.57,94,0.0,3280.55
18901.88,72.58,94,0.0,3280.55
18901.88,72.65,93,1.225,3280.55
18901.88,72.19,93,0.0,3280.55
18901.88,72.04,94,0.0,3280.55
18901.88,71.74,94,0.0,3280.55
18901.88,72.06,93,1.225,3280.55
18901.88,71.55,93,0.0,3280.55
18901.88,71.95,94,0.0,3280.55
18901.88,71.94,94,0.0,3280.55
18901.88,71.94,94,1.2125,3280.55
18901.88,71.72,94,0.0,3280.55
18901.88,71.41,95,0.0,3280.55
18901.88,71.96,95,1.2125,3280.55
18901.88,71.63,94,0.0,3280.55
18901.88,71.51,94,0.0,3280.55
18901.88,71.81,94,0.0,3280.55
18901.88,71.81,94,1.2375,3280.55
18901.88,72.35,94,0.0,3280.55
18901.88,72.03,94,0.0,3280.55
18901.88,72.03,94,1.2125,3280.55
18901.88,72.14,94,1.2125,3280.55
18901.88,72.0,93,1.2125,3280.55
18901.88,72.0,93,0.0,3280.55
18901.88,70.89,87,1.2125,3280.55
18901.88,70.89,87,0.0,3280.55
18901.88,71.81,94,0.0,3280.55
18901.88,72.1,94,0.0,3280.55
18901.88,71.66,93,1.2125,3280.55
18901.88,71.66,93,0.0,3280.55
18901.88,71.77,93,0.0,3280.55
18901.88,71.77,93,1.2125,3280.55
18901.88,71.5,93,0.0,3280.55
18901.88,70.92,94,0.0,3280.55
18901.88,71.78,94,0.0,3280.55
18901.88,72.16,94,1.2125,3280.55
18901.88,71.85,94,0.0,3280.55
18901.88,72.35,94,0.0,3280.55
18901.88,71.72,93,1.2125,3280.55
18901.88,72.04,93,1.2125,3280.55
18901.88,72.13,93,0.0,3280.55
18901.88,72.07,85,1.225,3280.55
18901.88,71.94,85,0.0,3280.55
18901.88,72.61,96,0.0,3280.55
18901.88,73.09,94,1.2125,3280.55
18901.88,72.87,94,0.0,3280.55
18901.88,72.92,94,0.0,3280.55
18901.88,72.48,94,0.0,3280.55
18901.88,72.54,94,1.225,3280.55
18901.88,72.77,94,0.0,3280.55
18901.88,72.44,94,0.0,3280.55
18901.88,72.37,94,0.0,3280.55
18901.88,72.37,94,0.0,3280.55
18901.88,72.05,94,1.2375,3280.55
18901.88,72.06,94,0.0,3280.55
18901.88,71.93,95,0.0,3280.55
18901.88,72.14,95,0.0,3280.55
18901.88,72.14,95,0.0,3280.55
18901.88,72.08,95,1.225,3280.55
18901.88,72.33,96,1.225,3280.55
18901.88,72.31,96,1.225,3280.55
18901.88,68.81,84,0.0,3280.55
18901.88,68.77,84,0.0,3280.55
18901.88,68.74,100,0.0,3280.55
18901.88,69.14,97,0.0,3280.55
18901.88,68.98,97,1.2125,3280.55
18901.88,69.19,92,0.0,3280.55
18901.88,68.74,92,0.0,3280.55
18901.88,69.37,94,1.2125,3280.55
18901.88,68.76,94,0.0,3280.55
18901.88,68.75,92,0.0,3280.55
18901.88,72.13,92,0.0,3280.55
18901.88,71.97,93,1.2125,3280.55
18901.88,71.79,93,0.0,3280.68
18901.88,71.73,94,1.2125,3280.68
18901.88,71.68,94,1.2125,3280.68
18901.88,71.37,93,0.0,3280.68
18901.88,71.77,93,0.0,3280.68
18901.88,71.4,94,1.1875,3280.68
18901.88,71.86,94,0.0,3280.68
18901.88,72.13,88,1.2125,3280.68
18901.88,72.03,88,0.0,3280.68
18901.88,71.92,93,0.0,3280.68
18901.88,72.57,93,0.0,3280.68
18901.88,72.41,93,1.2125,3280.68
18901.88,72.82,93,0.0,3280.68
18901.88,72.91,94,0.0,3280.68
18901.88,72.63,94,0.0,3280.68
18901.88,72.63,93,1.225,3280.68
18901.88,72.59,93,0.0,3280.68
18901.88,71.81,94,1.2125,3280.68
18901.88,71.44,94,1.2,3280.68
18901.88,71.8,92,0.0,3280.68
18901.88,71.93,92,0.0,3280.68
18901.88,71.41,94,1.225,3280.68
18901.88,72.02,94,0.0,3280.68
18901.88,71.49,94,0.0,3280.68
18901.88,71.72,94,0.0,3280.68
18901.88,72.13,94,1.225,3280.68
18901.88,71.75,95,0.0,3280.68
18901.88,72.03,95,0.0,3280.68
18901.88,71.67,93,0.0,3280.68
18901.88,72.07,93,1.2125,3280.68
18901.88,71.91,93,0.0,3280.68
18901.88,72.48,93,0.0,3280.68
18901.88,71.91,93,0.0,3280.68
18901.88,72.22,93,1.2125,3280.68
18901.88,72.34,94,0.0,3280.68
18901.88,71.97,94,0.0,3280.68
18901.88,72.11,94,1.2125,3280.68
18901.88,71.66,94,0.0,3280.68
18901.88,71.97,92,0.0,3280.68
18901.88,72.31,92,0.0,3280.68
18901.88,72.03,94,1.225,3280.68
18901.88,72.27,94,0.0,3280.68
18901.88,71.74,94,0.0,3280.68
18901.88,72.16,94,1.225,3280.68
18901.88,74.01,84,0.0,3280.68
18901.88,73.5,84,1.225,3280.68
18901.88,72.86,97,0.0,3280.68
18901.88,72.92,97,0.0,3280.68
18901.88,73.7,94,0.0,3280.68
18901.88,73.86,94,1.225,3280.68
18901.88,73.88,95,0.0,3280.68
18901.88,73.81,95,0.0,3280.68
18901.88,73.94,94,0.0,3280.68
18901.88,73.83,94,1.225,3280.68
18901.88,73.72,93,0.0,3280.68
18901.88,71.74,93,0.0,3280.68
18901.88,71.6,93,0.0,3280.68
18901.88,72.49,83,2.4375,3280.68
18901.88,71.92,83,0.0,3280.68
18901.88,71.43,98,1.225,3280.68
18901.88,70.69,98,0.0,3280.68
18901.88,70.81,94,0.0,3280.68
18901.88,71.07,94,1.225,3280.68
18901.88,71.14,93,0.0,3280.68
18901.88,71.21,93,0.0,3280.68
18901.88,71.27,93,0.0,3280.68
18901.88,71.63,93,1.225,3280.68
18901.88,71.8,95,0.0,3280.68
18901.88,71.97,95,0.0,3280.68
18901.88,72.09,94,0.0,3280.68
18901.88,72.47,94,0.0,3280.68
18901.88,72.16,94,1.225,3280.68
18901.88,72.39,94,0.0,3280.68
18901.88,72.15,93,0.0,3280.68
18901.88,72.58,93,0.0,3280.68
18901.88,72.15,94,0.0,3280.68
18901.88,72.23,94,1.225,3280.68
18901.88,72.39,94,0.0,3280.68
18901.88,71.86,94,0.0,3280.68
18901.88,72.41,92,0.0,3280.68
18901.88,72.54,92,1.225,3280.68
18901.88,72.89,92,0.0,3280.68
18901.88,73.09,92,0.0,3280.68
18901.88,72.13,92,0.0,3280.68
18901.88,72.14,92,2.4375,3280.68
18901.88,72.07,93,0.0,3280.68
18901.88,72.39,93,0.0,3280.68
18901.88,72.41,93,0.0,3280.68
18901.88,71.99,92,1.2125,3280.68
18901.88,72.24,92,0.0,3280.68
18901.88,71.86,93,0.0,3280.68
18901.88,72.04,93,1.2125,3280.68
18901.88,71.44,94,0.0,3280.68
18901.88,72.07,94,0.0,3280.68
18901.88,72.13,94,0.0,3280.68
18901.88,69.94,94,2.4375,3280.68
18901.88,69.68,84,0.0,3280.68
18901.88,68.75,84,0.0,3280.68
18901.88,69.22,95,0.0,3280.68
18901.88,69.39,95,1.225,3280.68
18901.88,69.48,95,0.0,3280.68
18901.88,69.6,95,0.0,3280.68
18901.88,69.65,94,0.0,3280.68
18901.88,69.77,94,1.225,3280.68
18901.88,69.59,94,0.0,3280.68
18901.88,69.61,94,0.0,3280.68
18901.88,71.34,94,0.0,3280.68
18901.88,71.61,94,1.2125,3280.68
18901.88,71.96,93,0.0,3280.68
18901.88,71.9,93,0.0,3280.68
18901.88,72.08,93,1.2125,3280.68
18901.88,71.75,93,0.0,3280.68
18901.88,72.07,91,0.0,3280.68
18901.88,71.92,91,0.0,3280.68
18901.88,72.1,93,0.0,3280.68
18901.88,72.37,93,2.4375,3280.68
18901.88,71.73,93,0.0,3280.68
18901.88,72.09,93,0.0,3280.68
18901.88,71.74,94,0.0,3280.68
18901.88,72.27,94,1.225,3280.68
18901.88,72.47,94,0.0,3280.68
18901.88,72.32,94,0.0,3280.68
18901.88,72.32,94,0.0,3280.68
18901.88,72.2,94,1.2125,3280.68
18901.88,71.98,94,0.0,3280.68
18901.88,72.02,94,0.0,3280.68
18901.88,71.82,94,1.2125,3280.68
18901.88,72.27,94,0.0,3280.68
18901.88,72.11,95,0.0,3280.68
18901.88,72.68,95,0.0,3280.68
18901.88,72.4,94,1.2125,3280.68
18901.88,72.5,94,0.0,3280.68
18901.88,72.1,94,0.0,3280.68
18901.88,71.76,94,2.425,3280.68
18901.88,72.12,94,0.0,3280.68
18901.88,72.17,94,0.0,3280.68
18901.88,71.1,87,0.0,3280.68
18901.88,70.97,87,1.2125,3280.68
18901.88,71.56,94,0.0,3280.68
18901.88,71.56,94,0.0,3280.68
18901.88,71.73,94,1.2375,3280.68
18901.88,71.71,94,1.25,3280.68
18901.88,71.41,94,0.0,3280.68
18901.88,71.54,94,0.0,3280.68
18901.88,71.56,94,0.0,3280.68
18901.88,71.39,94,1.25,3280.68
18901.88,70.89,93,0.0,3280.68
18901.88,71.98,93,0.0,3280.68
18901.88,72.31,93,0.0,3280.68
18901.88,71.98,94,0.0,3280.68
18901.88,72.22,94,1.25,3280.68
18901.88,71.71,93,0.0,3280.68
18901.88,72.22,93,0.0,3280.68
18901.88,71.77,94,0.0,3280.68
18901.88,71.79,94,0.0,3280.68
18901.88,71.35,93,1.25,3280.68
18901.88,71.95,93,0.0,3280.68
18901.88,71.72,93,0.0,3280.68
18901.88,71.42,93,0.0,3280.68
18901.88,71.8,92,1.25,3280.68
18901.88,71.35,92,0.0,3280.68
18901.88,71.54,93,0.0,3280.68
18901.88,71.46,93,0.0,3280.68
18901.88,71.82,93,0.0,3280.68
18901.88,71.92,94,1.25,3280.68
18901.88,71.31,94,0.0,3280.68
18901.88,71.64,93,0.0,3280.68
18901.88,71.67,93,0.0,3280.68
18901.88,71.67,94,1.25,3280.68
18901.88,71.73,94,1.25,3280.68
18901.88,72.29,93,0.0,3280.68
18901.88,71.59,94,0.0,3280.68
18901.88,71.86,94,1.25,3280.68
18901.88,71.99,81,1.2375,3280.68
18901.88,73.5,81,0.0,3280.68
18901.88,73.5,97,0.0,3280.68
18901.88,73.03,97,0.0,3280.68
18901.88,73.93,94,1.25,3280.68
18901.88,74.28,94,0.0,3280.68
18901.88,74.21,94,0.0,3280.68
18901.88,74.02,94,0.0,3280.68
18901.88,74.53,94,1.25,3280.68
18901.88,74.3,94,0.0,3280.68
18901.88,74.23,95,0.0,3280.68
18901.88,72.06,95,0.0,3280.68
18901.88,72.23,94,1.2375,3280.68
18901.88,72.33,94,0.0,3280.68
18901.88,72.0,94,0.0,3280.68
18901.88,72.19,94,1.25,3280.68
18901.88,71.98,94,0.0,3280.68
18901.88,72.58,94,0.0,3280.68
18901.88,72.09,93,1.2125,3280.68
18901.88,72.09,93,0.0,3280.68
18901.88,71.89,93,0.0,3280.68
18901.88,71.89,93,1.225,3280.68
18901.88,71.57,93,0.0,3280.68
18901.88,72.27,94,1.2125,3280.68
18901.88,72.25,93,0.0,3280.68
18901.88,72.57,93,0.0,3280.68
18901.88,72.43,93,1.225,3280.68
18901.88,72.43,93,0.0,3280.68
18901.88,71.9,93,0.0,3280.68
18901.88,72.36,93,0.0,3280.68
18901.88,72.17,94,1.225,3280.68
18901.88,72.06,94,0.0,3280.68
18901.88,72.4,94,0.0,3280.68
18901.88,71.9,94,0.0,3280.68
18901.88,72.3,93,1.225,3280.68
18901.88,72.17,93,0.0,3280.68
18901.88,71.87,94,0.0,3280.68
18901.88,72.06,94,0.0,3280.68
18901.88,71.37,93,1.2125,3280.68
18901.88,73.8,93,1.225,3280.68
18901.88,73.49,86,0.0,3280.68
18901.88,73.23,86,0.0,3280.68
18901.88,73.22,94,1.2125,3280.68
18901.88,73.2,94,0.0,3280.68
18901.88,73.8,93,0.0,3280.68
18901.88,73.79,93,0.0,3280.68
18901.88,74.11,95,0.0,3280.68
18901.88,73.94,95,0.0,3280.68
18901.88,73.74,94,1.25,3280.68
18901.88,73.75,94,0.0,3280.68
18901.88,71.56,94,0.0,3280.68
18901.88,71.67,94,0.0,3280.68
18901.88,72.06,94,1.25,3280.68
18901.88,72.13,94,0.0,3280.68
18901.88,71.96,94,0.0,3280.68
18901.88,72.27,93,0.0,3280.68
18901.88,71.91,93,1.25,3280.68
18901.88,71.91,93,1.25,3280.68
18901.88,72.3,95,0.0,3280.68
18901.88,71.85,95,0.0,3280.68
18901.88,72.21,93,0.0,3280.68
18901.88,71.84,93,0.0,3280.68
18901.88,71.8,93,1.2375,3280.68
18901.88,72.23,93,0.0,3280.68
18901.88,71.73,93,0.0,3280.68
18901.88,72.26,93,1.2375,3280.68
18901.88,71.84,93,0.0,3280.68
18901.88,71.35,93,0.0,3280.68
18901.88,71.58,94,0.0,3280.68
18901.88,71.04,93,1.2375,3280.68
18901.88,71.57,93,0.0,3280.68
18901.88,71.05,93,0.0,3280.68
18901.88,71.57,93,1.25,3280.68
18901.88,71.53,94,0.0,3280.68
18901.88,72.01,94,0.0,3280.68
18901.88,71.42,93,0.0,3280.68
18901.88,71.65,93,1.2375,3280.68
18901.88,70.32,84,1.2375,3280.68
18901.88,69.89,84,1.2375,3280.68
18901.88,69.1,98,0.0,3280.68
18901.88,69.0,98,0.0,3280.68
18901.88,69.69,94,1.25,3280.68
18901.88,69.79,94,0.0,3280.68
18901.88,69.9,95,0.0,3280.68
18901.88,69.94,95,1.25,3280.68
18901.88,69.93,94,0.0,3280.68
18901.88,69.74,94,0.0,3280.68
18901.88,69.79,93,0.0,3280.68
18901.88,71.15,93,1.25,3280.68
18901.88,71.08,93,0.0,3280.68
18901.88,72.33,93,0.0,3280.68
18901.88,72.33,93,0.0,3280.68
18901.88,71.86,93,1.25,3280.68
18901.88,71.86,93,0.0,3280.68
18901.88,72.04,94,0.0,3280.68
18901.88,71.79,94,0.0,3280.68
18901.88,71.66,94,0.0,3280.68
18901.88,72.11,94,1.25,3280.68
18901.88,71.73,94,0.0,3280.68
18901.88,71.63,94,0.0,3280.68
18901.88,72.04,94,0.0,3280.68
18901.88,71.68,93,0.0,3280.68
18901.88,72.43,93,1.225,3280.68
18901.88,71.95,93,0.0,3280.68
18901.88,71.79,93,0.0,3280.68
18901.88,71.92,94,0.0,3280.68
18901.88,71.58,94,1.225,3280.68
18901.88,71.91,93,0.0,3280.68
18901.88,71.36,93,0.0,3280.68
18901.88,71.6,93,0.0,3280.68
18901.88,71.89,93,1.1875,3280.68
18901.88,71.59,93,0.0,3280.68
18901.88,72.15,93,1.2125,3280.68
18901.88,71.68,93,0.0,3280.68
18901.88,72.08,93,0.0,3280.68
18901.88,72.18,94,2.4375,3280.68
18901.88,70.3,94,0.0,3280.68
18901.88,70.23,84,0.0,3280.68
18901.88,69.17,96,0.0,3280.68
18901.88,69.81,96,1.225,3280.68
18901.88,69.83,93,0.0,3280.68
18901.88,69.88,93,0.0,3280.68
18901.88,70.15,93,0.0,3280.68
18901.88,70.56,93,1.2125,3280.68
18901.88,70.11,93,1.2125,3280.68
18901.88,69.98,94,0.0,3280.68
18901.88,71.67,94,0.0,3280.68
18901.88,71.68,93,1.225,3280.68
18901.88,72.64,94,0.0,3280.68
18901.88,72.28,94,0.0,3280.68
18901.88,72.53,94,0.0,3280.68
18901.88,72.29,94,1.2125,3280.68
18901.88,72.11,92,0.0,3280.68
18901.88,72.39,92,0.0,3280.68
18901.88,71.8,93,1.225,3280.68
18901.88,72.09,93,0.0,3280.68
18901.88,72.0,94,0.0,3280.68
18901.88,71.84,94,0.0,3280.68
18901.88,72.17,94,0.0,3280.68
18901.88,71.76,94,1.225,3280.68
18901.88,72.06,93,0.0,3280.68
18901.88,72.11,93,0.0,3280.68
18901.88,72.16,93,0.0,3280.68
18901.88,72.31,93,0.0,3280.68
18901.88,71.78,93,1.225,3280.68
18901.88,72.0,93,0.0,3280.68
18901.88,72.0,93,0.0,3280.68
18901.88,72.19,93,1.2125,3280.68
18901.88,72.07,94,0.0,3280.68
18901.88,71.89,94,0.0,3280.68
18901.88,72.18,93,0.0,3280.68
18901.88,72.28,93,1.2125,3280.68
18901.88,71.93,91,0.0,3280.68
18901.88,72.0,91,0.0,3280.68
18901.88,72.04,92,2.4375,3280.68
18901.88,74.1,92,0.0,3280.68
18901.88,74.09,83,0.0,3280.68
18901.88,73.53,83,0.0,3280.68
18901.88,74.06,92,1.225,3280.68
18901.88,73.56,92,0.0,3280.68
18901.88,74.07,92,0.0,3280.68
18901.88,74.51,92,2.425,3280.68
18901.88,74.2,93,0.0,3280.68
18901.88,74.51,93,0.0,3280.68
18901.88,74.31,94,1.2125,3280.68
18901.88,73.92,94,0.0,3280.68
18901.88,72.02,94,0.0,3280.68
18901.88,71.66,94,0.0,3280.68
18901.88,72.11,93,1.2125,3280.68
18901.88,71.54,93,0.0,3280.68
18901.88,72.04,93,0.0,3280.68
18901.88,72.18,93,1.2125,3280.68
18901.88,71.73,93,0.0,3280.68
18901.88,72.05,94,0.0,3280.68
18901.88,71.58,94,0.0,3280.68
18901.88,71.67,94,1.2125,3280.68
18901.88,71.44,94,0.0,3280.68
18901.88,72.05,94,0.0,3280.68
18901.88,71.66,94,1.2125,3280.68
18901.88,71.91,93,0.0,3280.68
18901.88,72.03,93,0.0,3280.68
18901.88,71.26,91,0.0,3280.68
18901.88,71.49,91,1.225,3280.68
18901.88,71.55,93,0.0,3280.68
18901.88,71.82,93,0.0,3280.68
18901.88,71.97,94,1.2125,3280.68
18901.88,71.61,94,0.0,3280.68
18901.88,71.8,93,0.0,3280.68
18901.88,71.78,93,0.0,3280.68
18901.88,72.08,93,1.225,3280.68
18901.88,72.08,92,0.0,3280.68
18901.88,72.18,92,0.0,3280.68
18987.88,69.26,92,1.2125,3280.68
18987.88,68.86,82,1.2125,3280.68
18987.88,68.73,82,0.0,3280.68
18987.88,68.73,99,0.0,3280.68
18987.88,68.59,99,1.2125,3280.68
18987.88,68.2,97,0.0,3280.68
18987.88,68.56,97,0.0,3280.68
18987.88,68.69,93,1.2125,3280.68
18987.88,68.9,93,0.0,3280.68
18987.88,68.9,94,0.0,3280.68
18987.88,68.65,94,0.0,3280.68
18987.88,68.78,94,2.425,3280.68
18987.88,72.16,94,0.0,3280.68
18987.88,72.08,94,0.0,3280.68
18987.88,72.05,94,0.0,3280.68
18987.88,72.25,93,1.2125,3280.68
18987.88,73.06,93,0.0,3280.68
18987.88,72.79,93,0.0,3280.68
18987.88,72.75,93,1.2125,3280.68
18987.88,72.95,93,0.0,3280.68
18987.88,72.33,93,0.0,3280.68
18987.88,72.42,93,1.2125,3280.68
18987.88,72.52,93,0.0,3280.68
18987.88,71.8,92,0.0,3280.68
18987.88,71.8,92,1.2,3280.68
18987.88,71.99,92,0.0,3280.68
18987.88,71.95,92,0.0,3280.68
18987.88,71.8,92,0.0,3280.68
18987.88,71.86,93,0.0,3280.68
18987.88,71.38,93,1.225,3280.68
18987.88,71.67,93,0.0,3280.68
18987.88,71.82,93,0.0,3280.68
18987.88,71.04,93,0.0,3280.68
18987.88,71.31,93,1.225,3280.68
18987.88,71.78,94,0.0,3280.68
18987.88,71.65,94,0.0,3280.68
18987.88,71.53,93,0.0,3280.68
18987.88,71.97,93,1.175,3280.68
18987.88,72.01,93,0.0,3280.68
18987.88,71.74,93,1.225,3280.68
18987.88,72.46,94,0.0,3280.68
18987.88,72.7,94,1.2125,3280.68
18987.88,70.55,88,0.0,3280.68
18987.88,70.91,88,1.225,3280.68
18987.88,70.19,92,0.0,3280.68
18987.88,70.19,92,0.0,3280.68
18987.88,70.21,93,1.2125,3280.68
18987.88,70.49,93,0.0,3280.68
18987.88,70.36,93,0.0,3280.68
18987.88,70.41,93,1.2125,3280.68
18987.88,70.62,95,0.0,3280.68
18987.88,69.86,94,0.0,3280.68
18987.88,69.87,94,0.0,3280.68
18987.88,71.34,93,1.225,3280.68
18987.88,71.35,93,0.0,3280.68
18987.88,72.23,93,0.0,3280.68
18987.88,71.76,93,1.2125,3280.68
18987.88,71.75,94,0.0,3280.68
18987.88,71.73,94,0.0,3280.68
18987.88,71.76,94,1.2125,3280.68
18987.88,71.49,94,0.0,3280.68
18987.88,71.95,95,0.0,3280.68
18987.88,71.29,95,1.225,3280.68
18987.88,71.63,95,1.225,3280.68
18987.88,71.87,94,0.0,3280.68
18987.88,71.87,93,0.0,3280.68
18987.88,72.5,93,0.0,3280.68
18987.88,72.01,93,0.0,3280.68
18987.88,72.55,93,0.0,3280.68
18987.88,72.02,93,1.225,3280.68
18987.88,71.86,94,0.0,3280.68
18987.88,71.97,94,0.0,3280.68
18987.88,71.75,94,1.2125,3280.68
18987.88,72.2,94,0.0,3280.68
18987.88,71.94,94,0.0,3280.68
18987.88,71.86,94,0.0,3280.68
18987.88,72.03,94,1.2125,3280.68
18987.88,72.46,94,0.0,3280.68
18987.88,71.89,94,0.0,3280.68
18987.88,72.43,94,1.2125,3280.68
18987.88,72.64,84,1.225,3280.68
18987.88,72.36,84,0.0,3280.68
18987.88,72.13,96,0.0,3280.68
18987.88,72.42,96,0.0,3280.68
18987.88,72.42,96,2.45,3280.68
18987.88,73.04,94,0.0,3280.68
18987.88,72.43,94,0.0,3280.68
18987.88,72.44,94,0.0,3280.68
18987.88,72.19,94,0.0,3280.68
18987.88,72.53,94,1.225,3280.68
18987.88,72.52,94,0.0,3280.68
18987.88,72.52,94,0.0,3280.68
18987.88,71.79,94,0.0,3280.68
18987.88,72.17,94,0.0,3280.68
18987.88,71.92,94,1.225,3280.68
18987.88,72.38,94,0.0,3280.68
18987.88,71.95,94,0.0,3280.68
18987.88,72.44,94,0.0,3280.68
18987.88,72.44,94,1.2125,3280.68
18987.88,71.99,93,0.0,3280.68
18987.88,71.98,93,0.0,3280.68
18987.88,71.3,94,1.2125,3280.68
18987.88,71.77,93,0.0,3280.68
18987.88,72.08,93,0.0,3280.68
18987.88,72.09,93,0.0,3280.68
18987.88,72.28,93,1.225,3280.68
18987.88,71.71,93,0.0,3280.68
18987.88,72.03,93,0.0,3280.68
18987.88,71.41,94,0.0,3280.68
18987.88,71.75,94,1.225,3280.68
18987.88,71.84,95,0.0,3280.68
18987.88,71.53,95,0.0,3280.68
18987.88,72.15,94,0.0,3280.68
18987.88,71.84,94,1.2125,3280.68
18987.88,71.84,94,0.0,3280.68
18987.88,72.02,94,0.0,3280.68
18987.88,71.76,93,0.0,3280.68
18987.88,71.8,94,1.225,3280.68
18987.88,73.53,94,2.4125,3280.68
18987.88,73.39,94,0.0,3280.68
18987.88,73.08,85,1.225,3280.68
18987.88,73.2,85,0.0,3280.68
18987.88,73.18,93,0.0,3280.68
18987.88,73.85,93,0.0,3280.68
18987.88,73.85,93,1.225,3280.68
18987.88,73.9,93,0.0,3280.68
18987.88,73.9,95,0.0,3280.68
18987.88,73.72,95,0.0,3280.68
18987.88,73.66,94,0.0,3280.68
18987.88,73.56,94,1.225,3280.68
18987.88,71.94,94,0.0,3280.68
18987.88,72.06,94,0.0,3280.68
18987.88,72.23,93,0.0,3280.68
18987.88,72.74,94,1.225,3280.68
18987.88,72.46,94,0.0,3280.68
18987.88,72.29,94,0.0,3280.68
18987.88,72.05,94,0.0,3280.68
18987.88,72.13,94,1.2125,3280.68
18987.88,71.55,94,0.0,3280.68
18987.88,71.87,93,0.0,3280.68
18987.88,72.0,93,0.0,3280.68
18987.88,72.02,93,1.2125,3280.68
18987.88,72.36,93,0.0,3280.68
18987.88,71.76,93,0.0,3280.68
18987.88,72.17,93,0.0,3280.68
18987.88,71.69,94,1.2125,3280.68
18987.88,71.79,94,1.2125,3280.68
18987.88,71.89,94,0.0,3280.68
18987.88,71.4,94,1.225,3280.68
18987.88,71.92,94,0.0,3280.68
18987.88,71.57,93,0.0,3280.68
18987.88,71.65,93,0.0,3280.68
18987.88,72.02,93,0.0,3280.68
18987.88,71.7,94,1.1875,3280.68
18987.88,72.23,92,0.0,3280.68
18987.88,71.75,92,0.0,3280.68
18987.88,73.91,85,1.225,3280.68
18987.88,73.91,85,1.225,3280.68
18987.88,73.14,85,0.0,3280.68
18987.88,73.12,97,0.0,3280.68
18987.88,73.91,97,0.0,3280.68
18987.88,73.91,94,1.1875,3280.68
18987.88,73.97,94,0.0,3280.68
18987.88,73.97,95,0.0,3280.68
18987.88,73.76,95,1.2125,3280.68
18987.88,73.62,93,0.0,3280.68
18987.88,73.62,93,0.0,3280.68
18987.88,73.62,93,1.2125,3280.68
18987.88,71.75,93,0.0,3280.68
18987.88,71.49,93,0.0,3280.68
18987.88,72.16,93,0.0,3280.68
18987.88,72.39,92,1.225,3280.68
18987.88,72.05,92,0.0,3280.68
18987.88,72.22,94,0.0,3280.68
18987.88,71.59,92,0.0,3280.68
18987.88,71.64,92,1.2125,3280.68
18987.88,71.64,93,0.0,3280.68
18987.88,71.76,93,0.0,3280.68
18987.88,71.86,93,1.2125,3280.68
18987.88,71.32,93,1.225,3280.68
18987.88,71.56,93,0.0,3280.68
18987.88,71.45,93,0.0,3280.68
18987.88,71.6,94,0.0,3280.68
18987.88,71.28,94,0.0,3280.68
18987.88,71.7,93,1.225,3280.68
18987.88,72.03,93,0.0,3280.68
18987.88,71.48,93,0.0,3280.68
18987.88,71.82,93,0.0,3280.68
18987.88,71.28,93,0.0,3280.68
18987.88,71.85,93,1.225,3280.68
18987.88,72.32,94,0.0,3280.68
18987.88,71.6,94,0.0,3280.68
18987.88,71.98,92,0.0,3280.68
18987.88,71.87,92,0.0,3280.68
18987.88,71.96,94,2.4375,3280.68
18987.88,68.64,94,0.0,3280.68
18987.88,68.27,83,0.0,3280.68
18987.88,68.46,83,1.225,3280.68
18987.88,67.28,98,0.0,3280.68
18987.88,67.77,98,0.0,3280.68
18987.88,68.15,94,1.225,3280.68
18987.88,67.76,94,0.0,3280.68
18987.88,68.28,93,1.225,3280.68
18987.88,68.43,93,0.0,3280.68
18987.88,67.96,93,0.0,3280.68
18987.88,68.09,93,1.2125,3280.68
18987.88,71.64,93,0.0,3280.68
18987.88,71.61,93,0.0,3280.68
18987.88,71.69,94,0.0,3280.68
18987.88,72.44,94,1.2125,3280.68
18987.88,72.46,92,0.0,3280.68
18987.88,72.47,92,0.0,3280.68
18987.88,72.56,93,1.2125,3280.68
18987.88,72.49,93,0.0,3280.68
18987.88,72.39,94,0.0,3280.68
18987.88,72.39,93,1.2125,3280.68
18987.88,72.08,93,0.0,3280.68
18987.88,71.87,91,0.0,3280.68
18987.88,71.36,91,0.0,3280.68
18987.88,71.3,94,1.2125,3280.68
18987.88,71.84,94,0.0,3280.68
18987.88,71.42,93,0.0,3280.68
18987.88,71.22,93,1.225,3280.68
18987.88,70.8,92,1.2125,3280.68
18987.88,70.62,92,0.0,3280.8
18987.88,70.62,94,0.0,3280.8
18987.88,70.67,94,1.2125,3280.8
18987.88,70.44,93,0.0,3280.8
18987.88,71.26,93,0.0,3280.8
18987.88,71.08,93,0.0,3280.8
18987.88,71.5,93,1.2125,3280.8
18987.88,71.21,94,0.0,3280.8
18987.88,71.22,94,0.0,3280.8
18987.88,72.21,94,1.2125,3280.8
18987.88,73.39,94,1.2125,3280.8
18987.88,73.07,83,0.0,3280.8
18987.88,73.43,100,0.0,3280.8
18987.88,72.96,100,0.0,3280.8
18987.88,73.06,100,1.2125,3280.8
18987.88,73.25,96,0.0,3280.8
18987.88,73.46,96,0.0,3280.8
18987.88,73.59,93,1.2125,3280.8
18987.88,73.74,93,0.0,3280.8
18987.88,73.56,93,0.0,3280.8
18987.88,73.43,92,1.2125,3280.8
18987.88,71.91,92,0.0,3280.8
18987.88,72.03,92,0.0,3280.8
18987.88,72.34,93,1.2125,3280.8
18987.88,72.78,93,0.0,3280.8
18987.88,72.86,93,0.0,3280.8
18987.88,73.42,93,1.225,3280.8
18987.88,73.17,93,0.0,3280.8
18987.88,73.08,94,1.225,3280.8
18987.88,72.79,94,0.0,3280.8
18987.88,72.74,92,0.0,3280.8
18987.88,72.63,92,0.0,3280.8
18987.88,72.5,93,1.2125,3280.8
18987.88,72.34,93,0.0,3280.8
18987.88,72.47,93,0.0,3280.8
18987.88,73.02,93,2.4375,3280.8
18987.88,72.95,82,0.0,3280.8
18987.88,71.73,82,0.0,3280.8
18987.88,71.9,96,1.2125,3280.8
18987.88,71.47,96,0.0,3280.8
18987.88,71.85,93,0.0,3280.8
18987.88,72.15,93,1.2125,3280.8
18987.88,71.97,93,0.0,3280.8
18987.88,72.45,93,0.0,3280.8
18987.88,72.31,91,0.0,3280.8
18987.88,72.31,91,1.225,3280.8
18987.88,72.28,94,0.0,3280.8
18987.88,71.53,92,0.0,3280.8
18987.88,72.2,92,1.2125,3280.8
18987.88,72.29,93,0.0,3280.8
18987.88,72.42,93,0.0,3280.8
18987.88,72.65,93,1.2125,3280.8
18987.88,71.88,93,0.0,3280.8
18987.88,71.84,82,1.2125,3280.8
18987.88,69.17,82,0.0,3280.8
18987.88,69.54,98,1.2125,3280.8
18987.88,68.5,98,0.0,3280.8
18987.88,68.56,92,0.0,3280.8
18987.88,68.89,92,0.0,3280.8
18987.88,69.18,93,1.2125,3280.8
18987.88,69.1,93,1.2,3280.8
18987.88,68.96,93,0.0,3280.8
18987.88,68.79,93,1.2125,3280.8
18987.88,68.81,92,0.0,3280.8
18987.88,71.53,92,0.0,3280.8
18987.88,71.0,92,1.2,3280.8
18987.88,71.67,92,0.0,3280.8
18987.88,71.64,93,0.0,3280.8
18987.88,71.75,93,1.2125,3280.8
18987.88,72.01,93,0.0,3280.8
18987.88,71.38,93,0.0,3280.8
18987.88,71.35,91,0.0,3280.8
18987.88,71.39,91,1.225,3280.8
18987.88,71.58,93,0.0,3280.8
18987.88,71.58,93,0.0,3280.8
18987.88,71.47,94,0.0,3280.8
18987.88,71.79,94,1.225,3280.8
18987.88,72.22,93,0.0,3280.8
18987.88,71.57,93,0.0,3280.8
18987.88,71.7,93,0.0,3280.8
18987.88,71.36,93,1.225,3280.8
18987.88,71.52,93,0.0,3280.8
18987.88,71.92,93,0.0,3280.8
18987.88,71.3,93,1.2125,3280.8
18987.88,71.5,93,0.0,3280.8
18987.88,71.73,94,1.225,3280.8
18987.88,71.48,94,0.0,3280.8
18987.88,71.74,93,0.0,3280.8
18987.88,71.63,93,1.2125,3280.8
18987.88,72.03,91,0.0,3280.8
18987.88,72.34,91,0.0,3280.8
18987.88,72.67,91,2.3875,3280.8
18987.88,72.82,91,0.0,3280.8
18987.88,73.21,84,0.0,3280.8
18987.88,73.56,84,0.0,3280.8
18987.88,73.22,96,1.2,3280.8
18987.88,73.18,96,0.0,3280.8
18987.88,73.81,94,0.0,3280.8
18987.88,73.76,94,0.0,3280.8
18987.88,73.88,94,1.2125,3280.8
18987.88,73.59,92,0.0,3280.8
18987.88,73.05,92,0.0,3280.8
18987.88,72.82,91,1.225,3280.8
18987.88,72.39,91,0.0,3280.8
18987.88,71.4,93,0.0,3280.8
18987.88,71.45,93,0.0,3280.8
18987.88,71.98,94,0.0,3280.8
18987.88,72.25,94,0.0,3280.8
18987.88,71.73,93,1.225,3280.8
18987.88,71.77,93,0.0,3280.8
18987.88,71.96,93,0.0,3280.8
18987.88,72.33,93,0.0,3280.8
18987.88,71.67,94,1.225,3280.8
18987.88,72.1,94,0.0,3280.8
18987.88,72.16,93,0.0,3280.8
18987.88,72.24,93,0.0,3280.8
18987.88,72.53,94,1.225,3280.8
18987.88,71.99,94,0.0,3280.8
18987.88,72.26,91,0.0,3280.8
18987.88,72.35,91,1.2125,3280.8
18987.88,71.91,93,0.0,3280.8
18987.88,72.15,93,0.0,3280.8
18987.88,72.28,92,0.0,3280.8
18987.88,72.64,92,1.175,3280.8
18987.88,72.79,94,0.0,3280.8
18987.88,72.68,94,2.4375,3280.8
18987.88,72.75,93,0.0,3280.8
18987.88,72.74,93,0.0,3280.8
18987.88,72.69,92,0.0,3280.8
18987.88,72.91,92,0.0,3280.8
18987.88,72.37,92,2.45,3280.8
18987.88,73.58,92,0.0,3280.8
18987.88,73.28,85,0.0,3280.8
18987.88,72.24,85,0.0,3280.8
18987.88,72.54,94,0.0,3280.8
18987.88,72.51,94,1.225,3280.8
18987.88,73.16,94,0.0,3280.8
18987.88,72.86,94,0.0,3280.8
18987.88,72.74,92,1.2125,3280.8
18987.88,73.21,93,0.0,3280.8
18987.88,72.7,93,0.0,3280.8
18987.88,73.43,92,0.0,3280.8
18987.88,71.71,92,0.0,3280.8
18987.88,71.56,94,1.1875,3280.8
18987.88,72.32,94,0.0,3280.8
18987.88,71.84,94,1.2125,3280.8
18987.88,72.07,93,1.2375,3280.8
18987.88,71.77,92,0.0,3280.8
18987.88,72.2,92,0.0,3280.8
18987.88,71.56,93,1.225,3280.8
18987.88,71.72,93,0.0,3280.8
18987.88,71.72,94,0.0,3280.8
18987.88,71.2,94,0.0,3280.8
18987.88,71.41,92,0.0,3280.8
18987.88,71.77,92,1.2125,3280.8
18987.88,71.84,92,0.0,3280.8
18987.88,71.65,92,0.0,3280.8
18987.88,71.51,93,1.2125,3280.8
18987.88,71.44,93,0.0,3280.8
18987.88,71.83,93,0.0,3280.8
18987.88,71.83,93,0.0,3280.8
18987.88,71.95,94,1.2125,3280.8
18987.88,72.16,94,0.0,3280.8
18987.88,72.31,93,0.0,3280.8
18987.88,71.99,93,1.2125,3280.8
18987.88,72.47,93,0.0,3280.8
18987.88,72.16,93,0.0,3280.8
18987.88,72.31,92,1.2125,3280.8
18987.88,72.51,93,2.375,3280.8
18987.88,72.87,93,0.0,3280.8
18987.88,72.82,93,1.225,3280.8
18987.88,72.25,83,0.0,3280.8
18987.88,72.85,83,0.0,3280.8
18987.88,73.33,92,0.0,3280.8
18987.88,73.41,92,1.225,3280.8
18987.88,73.84,93,0.0,3280.8
18987.88,73.25,93,0.0,3280.8
18987.88,73.36,94,0.0,3280.8
18987.88,72.94,94,1.225,3280.8
18987.88,72.66,94,0.0,3280.8
18987.88,72.04,94,0.0,3280.8
18987.88,71.59,94,0.0,3280.8
18987.88,72.17,94,1.2125,3280.8
18987.88,72.13,93,0.0,3280.8
18987.88,72.13,93,0.0,3280.8
18987.88,71.99,93,0.0,3280.8
18987.88,71.65,93,0.0,3280.8
18987.88,71.65,93,1.225,3280.8
18987.88,71.5,94,0.0,3280.8
18987.88,71.75,94,0.0,3280.8
18987.88,71.74,95,0.0,3280.8
18987.88,71.49,95,1.225,3280.8
18987.88,72.25,93,0.0,3280.8
18987.88,71.98,93,0.0,3280.8
18987.88,72.0,94,0.0,3280.8
18987.88,72.13,94,0.0,3280.8
18987.88,71.82,93,1.2125,3280.8
18987.88,72.23,93,0.0,3280.8
18987.88,71.72,93,1.2125,3280.8
18987.88,71.91,93,0.0,3280.8
18987.88,72.08,94,1.2125,3280.8
18987.88,71.9,94,0.0,3280.8
18987.88,73.3,83,1.225,3280.8
18987.88,73.11,83,0.0,3280.8
18987.88,73.39,100,0.0,3280.8
18987.88,73.23,100,1.225,3280.8
18987.88,72.79,92,1.225,3280.8
18987.88,73.03,92,0.0,3280.8
18987.88,73.17,93,0.0,3280.8
18987.88,73.39,93,1.225,3280.8
18987.88,73.49,94,0.0,3280.8
18987.88,73.45,94,0.0,3280.8
18987.88,73.56,92,0.0,3280.8
18987.88,72.62,92,1.225,3280.8
18987.88,72.62,93,0.0,3280.8
18987.88,72.67,93,0.0,3280.8
18987.88,72.67,94,0.0,3280.8
18987.88,72.87,94,0.0,3280.8
18987.88,72.75,92,1.2125,3280.8
18987.88,72.68,92,0.0,3280.8
18987.88,72.96,92,0.0,3280.8
18987.88,72.76,94,1.225,3280.8
18987.88,73.08,94,0.0,3280.8
18987.88,72.88,94,0.0,3280.8
18987.88,72.55,94,0.0,3280.8
18987.88,72.53,92,1.225,3280.8
18987.88,72.33,92,0.0,3280.8
18987.88,72.49,94,0.0,3280.8
18987.88,71.99,94,0.0,3280.8
18987.88,71.57,93,0.0,3280.8
18987.88,71.67,93,1.225,3280.8
18987.88,71.55,93,0.0,3280.8
18987.88,71.15,93,0.0,3280.8
18987.88,71.39,94,1.2125,3280.8
18987.88,71.32,94,0.0,3280.8
18987.88,71.78,93,0.0,3280.8
18987.88,71.41,93,0.0,3280.8
18987.88,71.14,93,2.4375,3280.8
18987.88,71.14,93,0.0,3280.8
18987.88,71.65,94,0.0,3280.8
18987.88,71.17,94,1.2125,3280.8
18987.88,71.61,93,1.2125,3280.8
18987.88,71.64,93,0.0,3280.8
18987.88,71.64,88,0.0,3280.8
18987.88,71.55,88,0.0,3280.8
18987.88,71.75,93,0.0,3280.8
18987.88,71.79,93,1.2125,3280.8
18987.88,72.33,93,0.0,3280.8
18987.88,72.11,93,0.0,3280.8
18987.88,72.08,93,0.0,3280.8
18987.88,72.24,93,1.2125,3280.8
18987.88,72.22,93,0.0,3280.8
18987.88,71.97,93,0.0,3280.8
18987.88,71.97,94,1.2125,3280.8
18987.88,72.4,94,0.0,3280.8
18987.88,72.68,94,1.225,3280.8
18987.88,72.68,94,0.0,3280.8
18987.88,72.66,92,1.2125,3280.8
18987.88,72.05,92,0.0,3280.8
18987.88,69.54,92,1.225,3280.93
18987.88,69.16,92,0.0,3280.93
18987.88,69.16,84,0.0,3280.93
18987.88,68.6,96,1.2,3280.93
18987.88,68.55,96,0.0,3280.93
18987.88,69.33,93,0.0,3280.93
18987.88,69.06,93,1.2125,3280.93
18987.88,68.86,92,0.0,3280.93
18987.88,69.06,92,0.0,3280.93
18987.88,68.28,93,0.0,3280.93
18987.88,71.69,93,1.1875,3280.93
18987.88,71.65,93,0.0,3280.93
18987.88,72.54,93,0.0,3280.93
18987.88,72.19,94,1.2125,3280.93
18987.88,73.28,94,1.2125,3280.93
18987.88,72.97,85,0.0,3280.93
18987.88,72.42,96,0.0,3280.93
18987.88,72.41,96,1.225,3280.93
18987.88,72.41,94,0.0,3280.93
18987.88,72.85,94,0.0,3280.93
18987.88,72.97,94,0.0,3280.93
18987.88,72.42,93,2.4375,3280.93
18987.88,72.57,93,0.0,3280.93
18987.88,72.74,93,0.0,3280.93
18987.88,73.03,93,0.0,3280.93
18987.88,72.06,93,1.2125,3280.93
18987.88,71.53,93,0.0,3280.93
18987.88,72.12,93,0.0,3280.93
18987.88,72.23,94,0.0,3280.93
18987.88,71.85,94,1.2125,3280.93
18987.88,72.13,94,0.0,3280.93
18987.88,71.66,93,0.0,3280.93
18987.88,72.11,91,0.0,3280.93
18987.88,72.44,91,1.2125,3280.93
18987.88,71.68,93,0.0,3280.93
18987.88,71.4,93,0.0,3280.93
18987.88,71.68,92,0.0,3280.93
18987.88,71.92,92,1.2125,3280.93
18987.88,71.98,93,0.0,3281.05
18987.88,72.03,93,0.0,3281.05
18987.88,72.03,92,0.0,3281.05
18987.88,71.91,92,1.2125,3281.05
18987.88,71.82,93,0.0,3281.05
18987.88,71.77,93,1.2125,3281.05
18987.88,71.49,93,0.0,3281.05
18987.88,71.85,93,1.2125,3281.05
18987.88,72.51,93,0.0,3281.05
18987.88,71.99,93,1.2125,3281.05
18987.88,72.21,93,0.0,3281.05
18987.88,72.28,93,0.0,3281.05
18987.88,71.83,93,1.2125,3281.05
18987.88,72.13,92,0.0,3281.05
18987.88,71.39,92,2.4125,3281.05
18987.88,71.83,83,0.0,3281.05
18987.88,71.5,83,0.0,3281.05
18987.88,71.46,99,0.0,3281.05
18987.88,70.74,99,1.2125,3281.05
18987.88,70.82,94,0.0,3281.05
18987.88,70.73,94,0.0,3281.05
18987.88,70.85,93,1.2125,3281.05
18987.88,71.31,93,0.0,3281.05
18987.88,70.67,91,0.0,3281.05
18987.88,71.35,91,1.2125,3281.05
18987.88,71.38,93,0.0,3281.05
18987.88,71.29,93,0.0,3281.05
18987.88,71.14,93,1.2125,3281.05
18987.88,72.09,93,0.0,3281.05
18987.88,71.95,93,0.0,3281.05
18987.88,71.72,93,1.2125,3281.05
18987.88,72.09,93,0.0,3281.05
18987.88,71.53,93,0.0,3281.05
18987.88,71.19,93,0.0,3281.05
18987.88,71.76,93,1.2125,3281.05
18987.88,71.0,91,0.0,3281.05
18987.88,70.76,91,0.0,3281.05
18987.88,71.19,94,1.2125,3281.05
18987.88,70.97,94,0.0,3281.05
18987.88,70.94,93,0.0,3281.05
18987.88,71.44,93,0.0,3281.05
18987.88,71.11,93,0.0,3281.05
18987.88,70.85,93,1.2375,3281.05
18987.88,71.32,94,0.0,3281.05
18987.88,70.96,94,0.0,3281.05
18987.88,70.86,91,1.25,3281.05
18987.88,71.69,91,0.0,3281.05
18987.88,71.25,93,0.0,3281.05
18987.88,71.18,93,0.0,3281.05
18987.88,71.81,93,0.0,3281.05
18987.88,71.36,94,1.25,3281.05
18987.88,71.24,92,0.0,3281.05
18987.88,72.17,92,0.0,3281.05
18987.88,72.17,92,1.2375,3281.05
18987.88,71.89,92,0.0,3281.05
18987.88,72.48,94,2.4875,3281.05
18987.88,72.99,94,0.0,3281.05
18987.88,72.84,85,0.0,3281.05
18987.88,72.75,85,1.25,3281.05
18987.88,72.89,92,0.0,3281.05
18987.88,72.89,92,0.0,3281.05
18987.88,73.15,91,0.0,3281.05
18987.88,73.31,91,1.25,3281.05
18987.88,73.38,92,0.0,3281.05
18987.88,72.87,92,0.0,3281.05
18987.88,73.18,94,0.0,3281.05
18987.88,72.6,94,1.25,3281.05
18987.88,71.8,93,0.0,3281.05
18987.88,71.95,93,0.0,3281.05
18987.88,72.54,93,1.25,3281.05
18987.88,72.78,93,0.0,3281.05
18987.88,72.16,93,0.0,3281.05
18987.88,72.68,93,1.25,3281.05
18987.88,72.4,93,0.0,3281.05
18987.88,71.99,93,0.0,3281.05
18987.88,72.34,92,0.0,3281.05
18987.88,71.62,92,1.25,3281.05
18987.88,71.72,92,0.0,3281.05
18987.88,72.12,92,0.0,3281.05
18987.88,71.81,93,0.0,3281.05
18987.88,71.99,93,0.0,3281.05
18987.88,72.02,93,1.2375,3281.05
18987.88,72.34,93,0.0,3281.05
18987.88,72.46,94,0.0,3281.05
18987.88,71.98,94,0.0,3281.05
18987.88,72.01,92,1.25,3281.05
18987.88,71.77,93,0.0,3281.05
18987.88,72.12,93,0.0,3281.05
18987.88,72.26,93,1.2375,3281.05
18987.88,72.51,93,0.0,3281.05
18987.88,72.68,93,0.0,3281.05
18987.88,72.61,93,0.0,3281.05
18987.88,72.44,92,1.2125,3281.05
18987.88,72.42,92,0.0,3281.05
18987.88,72.12,81,1.2125,3281.05
18987.88,71.97,81,1.225,3281.05
18987.88,71.8,81,1.2375,3281.05
18987.88,71.25,100,0.0,3281.05
18987.88,71.17,94,0.0,3281.05
18987.88,71.22,94,1.2125,3281.05
18987.88,70.85,93,0.0,3281.05
18987.88,70.55,93,0.0,3281.05
18987.88,70.63,93,1.2125,3281.05
18987.88,70.3,93,0.0,3281.05
18987.88,70.22,93,0.0,3281.05
18987.88,71.19,93,1.2125,3281.05
18987.88,70.86,93,0.0,3281.05
18987.88,70.78,93,0.0,3281.05
18987.88,71.77,94,0.0,3281.05
18987.88,71.53,94,1.2125,3281.05
18987.88,71.26,93,0.0,3281.05
18987.88,71.92,93,0.0,3281.05
18987.88,71.76,92,1.2125,3281.05
18987.88,71.49,92,0.0,3281.05
18987.88,72.21,93,0.0,3281.05
18987.88,71.66,93,1.2125,3281.05
18987.88,71.27,93,0.0,3281.05
18987.88,71.93,93,0.0,3281.05
18987.88,71.73,92,1.2125,3281.05
18987.88,71.57,93,1.175,3281.05
18987.88,72.23,93,0.0,3281.05
18987.88,72.53,86,0.0,3281.05
18987.88,71.34,86,1.2125,3281.05
18987.88,71.44,94,0.0,3281.05
18987.88,71.52,94,0.0,3281.05
18987.88,72.28,94,1.2125,3281.05
18987.88,72.16,93,1.2125,3281.05
18987.88,71.94,93,0.0,3281.05
18987.88,72.34,93,0.0,3281.05
18987.88,72.53,93,1.2125,3281.05
18987.88,72.6,93,0.0,3281.05
18987.88,71.67,93,0.0,3281.05
18987.88,72.53,92,1.2125,3281.05
18987.88,72.87,94,0.0,3281.05
18987.88,72.19,94,0.0,3281.05
18987.88,72.39,93,0.0,3281.05
18987.88,71.88,93,1.2125,3281.05
18987.88,72.14,91,0.0,3281.05
18987.88,72.44,91,0.0,3281.05
18987.88,72.66,91,1.2125,3281.05
18987.88,72.67,91,0.0,3281.05
18987.88,72.39,94,0.0,3281.05
18987.88,72.65,94,0.0,3281.05
18987.88,72.85,94,1.2125,3281.05
18987.88,72.58,93,0.0,3281.05
18987.88,72.84,93,0.0,3281.05
18987.88,72.64,93,1.2125,3281.05
18987.88,72.58,93,0.0,3281.05
18987.88,72.65,93,0.0,3281.05
18987.88,72.51,93,0.0,3281.05
18987.88,72.39,93,1.2125,3281.05
18987.88,72.46,94,0.0,3281.05
18987.88,72.09,94,0.0,3281.05
18987.88,71.86,94,1.2125,3281.05
18987.88,71.86,93,0.0,3281.05
18987.88,71.9,93,0.0,3281.05
18987.88,71.69,93,1.225,3281.05
18987.88,72.09,93,1.2125,3281.05
18987.88,73.66,84,1.2125,3281.05
18987.88,73.56,84,0.0,3281.05
18987.88,73.56,84,1.2125,3281.05
18987.88,73.13,95,0.0,3281.05
18987.88,73.17,95,0.0,3281.05
18987.88,73.12,92,1.2125,3281.05
18987.88,73.8,92,0.0,3281.05
18987.88,73.62,94,0.0,3281.05
18987.88,73.53,94,0.0,3281.05
18987.88,73.53,92,1.2125,3281.05
18987.88,73.81,92,0.0,3281.05
18987.88,72.25,93,0.0,3281.05
18987.88,71.7,93,1.2125,3281.05
18987.88,72.5,93,0.0,3281.05
18987.88,72.5,93,0.0,3281.05
18987.88,72.28,93,1.2125,3281.05
18987.88,72.58,93,0.0,3281.05
18987.88,72.73,94,0.0,3281.05
18987.88,72.14,93,0.0,3281.05
18987.88,72.16,93,1.2125,3281.05
18987.88,72.31,91,0.0,3281.05
18987.88,71.8,91,0.0,3281.05
18987.88,72.0,90,1.2125,3281.05
18987.88,72.23,90,0.0,3281.05
18987.88,72.27,92,0.0,3281.05
18987.88,72.19,92,1.2125,3281.05
18987.88,71.87,92,1.225,3281.05
18987.88,71.53,92,0.0,3281.05
18987.88,72.1,91,0.0,3281.05
18987.88,71.88,91,1.225,3281.05
18987.88,71.6,92,0.0,3281.05
18987.88,71.86,92,0.0,3281.05
18987.88,71.47,93,0.0,3281.05
18987.88,71.49,93,0.0,3281.05
18987.88,71.98,93,0.0,3281.05
18987.88,71.93,93,1.2375,3281.05
18987.88,71.97,93,0.0,3281.05
18987.88,71.88,93,0.0,3281.05
18987.88,71.9,92,1.25,3281.05
18987.88,71.85,92,0.0,3281.05
18987.88,72.58,82,1.25,3281.05
18987.88,72.45,82,0.0,3281.05
18987.88,71.9,96,0.0,3281.05
18987.88,72.45,96,0.0,3281.05
18987.88,72.65,92,1.25,3281.05
18987.88,72.6,92,0.0,3281.05
18987.88,72.99,93,0.0,3281.05
18987.88,72.43,92,0.0,3281.05
18987.88,72.61,92,1.2375,3281.05
18987.88,72.86,93,1.2375,3281.05
18987.88,72.19,93,0.0,3281.05
18987.88,71.71,92,0.0,3281.05
18987.88,72.03,92,1.2375,3281.05
18987.88,72.48,92,0.0,3281.05
18987.88,72.28,92,0.0,3281.05
18987.88,72.2,93,0.0,3281.05
18987.88,72.0,93,1.25,3281.05
18987.88,72.14,93,0.0,3281.05
18987.88,72.52,93,0.0,3281.05
18987.88,72.32,92,1.2375,3281.05
18987.88,72.63,92,0.0,3281.05
18987.88,72.75,94,0.0,3281.05
18987.88,72.28,94,0.0,3281.05
18987.88,72.28,94,1.25,3281.05
18987.88,72.53,93,0.0,3281.05
18987.88,72.06,93,0.0,3281.05
18987.88,72.06,94,0.0,3281.05
18987.88,72.23,94,1.25,3281.05
18987.88,71.72,93,0.0,3281.05
18987.88,72.16,93,0.0,3281.05
18987.88,71.43,94,1.2375,3281.05
18987.88,71.21,94,0.0,3281.05
18987.88,71.36,94,0.0,3281.05
18987.88,71.13,94,1.25,3281.05
18987.88,71.85,93,0.0,3281.05
18987.88,71.34,93,0.0,3281.05
18987.88,71.38,92,0.0,3281.05
18987.88,71.63,92,0.0,3281.05
18987.88,70.81,92,2.4875,3281.05
18987.88,72.68,86,0.0,3281.05
18987.88,72.25,86,0.0,3281.05
18987.88,72.18,93,1.2375,3281.05
18987.88,72.16,93,0.0,3281.05
18987.88,72.33,94,0.0,3281.05
18987.88,72.86,94,0.0,3281.05
18987.88,72.62,94,1.2125,3281.05
18987.88,73.32,94,0.0,3281.05
18987.88,73.31,93,0.0,3281.05
18987.88,72.83,93,1.225,3281.05
18987.88,73.72,92,0.0,3281.05
18987.88,71.91,92,0.0,3281.05
18987.88,72.41,92,0.0,3281.05
18987.88,72.66,92,1.2125,3281.05
18987.88,72.73,94,0.0,3281.05
18987.88,72.24,94,0.0,3281.05
18987.88,72.47,93,1.2125,3281.05
18987.88,72.15,93,1.2125,3281.05
18987.88,72.25,93,0.0,3281.05
18987.88,72.54,93,1.2125,3281.05
18987.88,71.78,93,0.0,3281.05
18987.88,72.15,93,0.0,3281.05
18987.88,71.75,93,0.0,3281.05
18987.88,72.06,93,1.2125,3281.05
18987.88,72.3,94,0.0,3281.05
18987.88,72.02,94,0.0,3281.05
18987.88,72.46,94,1.2125,3281.05
18987.88,71.99,94,0.0,3281.05
18987.88,71.88,92,0.0,3281.05
18987.88,72.1,92,0.0,3281.05
18987.88,71.59,93,1.2125,3281.05
18987.88,72.19,93,0.0,3281.05
18987.88,72.1,93,0.0,3281.05
18987.88,72.45,93,1.2125,3281.05
18987.88,72.64,94,0.0,3281.05
18987.88,72.08,94,0.0,3281.05
18987.88,72.04,93,0.0,3281.05
18987.88,71.9,87,1.2125,3281.05
18987.88,69.88,87,1.2125,3281.05
18987.88,69.85,87,1.2125,3281.05
18987.88,69.65,94,0.0,3281.05
18987.88,69.98,97,0.0,3281.05
18987.88,69.69,97,1.2125,3281.05
18987.88,68.81,92,0.0,3281.05
18987.88,69.16,92,0.0,3281.05
18987.88,69.98,90,0.0,3281.05
18987.88,69.69,90,1.225,3281.05
18987.88,69.68,92,0.0,3281.05
18987.88,72.1,92,0.0,3281.05
18987.88,71.76,91,1.2125,3281.05
18987.88,71.64,91,0.0,3281.05
18987.88,71.67,94,0.0,3281.05
18987.88,71.46,94,0.0,3281.05
18987.88,72.29,93,1.2125,3281.05
18987.88,72.43,93,0.0,3281.05
18987.88,71.75,93,0.0,3281.05
18987.88,71.26,93,2.425,3281.05
18987.88,71.88,94,0.0,3281.05
18987.88,71.48,94,0.0,3281.05
18987.88,71.12,93,0.0,3281.05
18987.88,71.49,93,1.2125,3281.05
18987.88,71.27,93,0.0,3281.05
18987.88,71.14,93,0.0,3281.05
18987.88,71.81,94,0.0,3281.05
18987.88,71.75,94,1.1875,3281.05
18987.88,71.68,93,0.0,3281.05
18987.88,72.24,93,0.0,3281.05
18987.88,72.22,93,1.2125,3281.05
18987.88,72.23,93,0.0,3281.05
18987.88,72.72,92,0.0,3281.05
18987.88,72.45,92,1.2125,3281.05
18987.88,72.33,93,0.0,3281.05
18987.88,72.83,93,0.0,3281.05
18987.88,72.84,93,0.0,3281.05
18987.88,72.66,93,1.2125,3281.05
18987.88,73.03,94,0.0,3281.05
18987.88,72.62,94,0.0,3281.05
18987.88,72.39,93,2.425,3281.05
18987.88,72.63,93,0.0,3281.05
18987.88,74.32,79,1.2125,3281.05
18987.88,74.08,79,0.0,3281.05
18987.88,74.03,97,0.0,3281.05
18987.88,74.62,92,0.0,3281.05
18987.88,74.31,92,1.2125,3281.05
18987.88,74.53,93,0.0,3281.05
18987.88,74.74,93,0.0,3281.05
18987.88,74.36,93,1.2125,3281.05
18987.88,74.84,93,0.0,3281.05
18987.88,74.22,92,0.0,3281.05
18987.88,73.73,92,1.2125,3281.05
18987.88,71.83,91,0.0,3281.05
18987.88,71.33,91,0.0,3281.05
18987.88,71.33,94,0.0,3281.05
18987.88,71.35,94,1.225,3281.05
18987.88,71.64,93,0.0,3281.05
18987.88,70.99,93,0.0,3281.05
18987.88,70.94,93,0.0,3281.05
18987.88,70.72,93,1.225,3281.05
18987.88,71.01,93,0.0,3281.05
18987.88,71.26,93,0.0,3281.05
18987.88,70.73,93,1.2125,3281.05
18987.88,71.78,93,0.0,3281.05
18987.88,71.97,94,0.0,3281.05
18987.88,71.55,94,1.2125,3281.05
18987.88,71.92,92,0.0,3281.05
18987.88,71.77,92,0.0,3281.05
18987.88,72.1,93,0.0,3281.05
18987.88,72.33,93,1.2125,3281.05
18987.88,71.75,93,1.2125,3281.05
18987.88,71.94,93,0.0,3281.05
18987.88,72.07,92,1.2125,3281.05
18987.88,71.98,92,0.0,3281.05
18987.88,72.05,91,0.0,3281.05
18987.88,72.05,91,0.0,3281.05
18987.88,71.97,93,1.2125,3281.05
18987.88,71.77,93,0.0,3281.05
18987.88,71.73,92,1.2125,3281.05
18987.88,70.05,92,0.0,3281.05
18987.88,69.8,82,1.25,3281.05
18987.88,69.52,94,0.0,3281.05
18987.88,69.82,94,0.0,3281.05
18987.88,69.35,91,0.0,3281.05
18987.88,70.08,91,1.25,3281.05
18987.88,70.39,93,0.0,3281.05
18987.88,70.34,93,0.0,3281.05
18987.88,70.22,93,1.2375,3281.05
18987.88,70.08,93,0.0,3281.05
18987.88,71.83,93,0.0,3281.05
18987.88,71.75,93,1.2375,3281.05
18987.88,72.58,94,0.0,3281.05
18987.88,71.97,94,0.0,3281.05
18987.88,72.41,93,0.0,3281.05
18987.88,72.53,93,1.2375,3281.05
18987.88,72.24,93,0.0,3281.05
18987.88,72.38,93,0.0,3281.05
18987.88,71.69,93,1.2375,3281.05
18987.88,71.96,93,1.2375,3281.05
18987.88,74.12,82,0.0,3281.05
18987.88,73.69,82,1.25,3281.05
18987.88,72.81,98,1.25,3281.05
18987.88,72.77,98,0.0,3281.05
18987.88,73.47,93,0.0,3281.05
18987.88,73.36,93,1.25,3281.05
18987.88,73.43,93,0.0,3281.05
18987.88,73.05,93,0.0,3281.05
18987.88,72.71,92,0.0,3281.05
18987.88,73.22,92,1.25,3281.05
18987.88,72.77,92,0.0,3281.05
18987.88,72.77,92,0.0,3281.05
18987.88,70.33,92,0.0,3281.05
18987.88,70.75,92,1.2375,3281.05
18987.88,71.44,92,0.0,3281.05
18987.88,71.41,92,0.0,3281.05
18987.88,71.3,92,1.2375,3281.05
18987.88,70.75,92,0.0,3281.05
18987.88,70.46,93,0.0,3281.05
18987.88,70.98,93,0.0,3281.05
18987.88,70.78,93,1.2375,3281.05
18987.88,70.78,93,0.0,3281.05
18987.88,71.34,93,0.0,3281.05
18987.88,71.4,93,1.25,3281.05
18987.88,71.68,90,0.0,3281.05
18987.88,71.82,90,0.0,3281.05
18987.88,71.98,94,0.0,3281.05
18987.88,72.32,94,1.2125,3281.05
18987.88,72.31,93,0.0,3281.05
18987.88,72.28,93,0.0,3281.05
18987.88,72.19,91,1.2125,3281.05
18987.88,72.05,91,0.0,3281.05
18987.88,71.78,93,0.0,3281.05
18987.88,71.87,93,1.2125,3281.05
18987.88,71.8,94,0.0,3281.05
18987.88,71.86,94,0.0,3281.05
18987.88,72.06,93,0.0,3281.05
18987.88,71.95,93,1.2125,3281.05
18987.88,72.19,93,0.0,3281.05
18987.88,72.27,93,2.4375,3281.05
18987.88,73.92,81,0.0,3281.05
18987.88,74.06,97,1.2125,3281.05
18987.88,73.5,97,0.0,3281.05
18987.88,74.34,92,1.2125,3281.05
18987.88,74.18,92,0.0,3281.05
18987.88,74.28,93,0.0,3281.05
18987.88,74.47,93,1.225,3281.05
18987.88,74.27,94,0.0,3281.05
18987.88,74.32,94,0.0,3281.05
18987.88,73.72,93,0.0,3281.05
18987.88,71.48,93,1.225,3281.05
18987.88,71.52,93,0.0,3281.05
18987.88,72.26,93,0.0,3281.05
18987.88,71.8,93,0.0,3281.05
18987.88,72.28,93,0.0,3281.05
18987.88,72.08,93,1.225,3281.05
18987.88,72.25,93,0.0,3281.05
18987.88,72.37,94,0.0,3281.05
18987.88,71.79,94,0.0,3281.05
18987.88,72.21,93,1.2125,3281.05
18987.88,72.08,93,0.0,3281.05
18987.88,72.32,93,0.0,3281.05
18987.88,72.62,93,0.0,3281.05
18987.88,72.19,93,1.25,3281.05
18987.88,72.43,93,0.0,3281.05
18987.88,72.56,93,0.0,3281.05
18987.88,72.56,93,1.25,3281.05
18987.88,72.48,93,0.0,3281.05
18987.88,71.9,94,0.0,3281.05
18987.88,71.95,93,0.0,3281.05
18987.88,72.12,93,1.2375,3281.05
18987.88,72.03,93,0.0,3281.05
18987.88,72.41,93,1.2375,3281.05
18987.88,71.96,93,1.25,3281.05
18987.88,72.38,93,0.0,3281.05
18987.88,72.55,93,0.0,3281.05
18987.88,71.87,93,0.0,3281.05
18987.88,71.75,92,1.2375,3281.05
18987.88,68.31,92,0.0,3281.05
18987.88,68.59,80,1.25,3281.05
18987.88,68.17,80,0.0,3281.05
18987.88,68.1,94,0.0,3281.05
18987.88,68.55,94,0.0,3281.05
18987.88,68.86,90,1.25,3281.05
18987.88,69.37,90,0.0,3281.05
18987.88,69.49,90,0.0,3281.05
18987.88,69.02,94,1.2375,3281.05
18987.88,69.19,93,0.0,3281.05
18987.88,69.46,93,0.0,3281.05
18987.88,71.92,91,1.2375,3281.05
18987.88,71.82,91,0.0,3281.05
18987.88,72.6,92,0.0,3281.05
18987.88,72.6,92,0.0,3281.05
18987.88,72.27,94,1.25,3281.05
18987.88,71.89,94,0.0,3281.05
18987.88,71.78,93,0.0,3281.05
18987.88,71.7,93,1.2375,3281.05
18987.88,71.61,93,0.0,3281.05
18987.88,71.82,93,0.0,3281.05
18987.88,71.43,93,1.25,3281.05
18987.88,71.98,93,0.0,3281.05
18987.88,72.37,94,0.0,3281.05
18987.88,72.01,94,1.2375,3281.05
18987.88,72.33,93,0.0,3281.05
18987.88,72.38,93,0.0,3281.05
18987.88,72.2,92,0.0,3281.05
18987.88,72.39,92,1.2375,3281.05
18987.88,71.72,93,0.0,3281.05
18987.88,71.61,93,0.0,3281.05
18987.88,71.64,92,0.0,3281.05
18987.88,71.4,92,1.225,3281.05
18987.88,71.52,93,0.0,3281.05
18987.88,71.54,93,0.0,3281.05
18987.88,71.51,92,0.0,3281.05
18987.88,71.75,92,1.2125,3281.05
18987.88,71.54,93,0.0,3281.05
18987.88,71.59,94,1.1625,3281.05
18987.88,71.41,94,2.375,3281.18
18987.88,73.96,82,0.0,3281.18
18987.88,74.28,82,0.0,3281.18
18987.88,73.75,94,1.2375,3281.18
18987.88,74.42,94,0.0,3281.18
18987.88,74.76,93,0.0,3281.18
18987.88,74.53,93,0.0,3281.18
18987.88,74.47,92,0.0,3281.18
18987.88,74.61,92,1.1875,3281.18
18987.88,74.05,92,0.0,3281.18
18987.88,74.07,93,0.0,3281.18
18987.88,71.49,93,1.2125,3281.18
18987.88,71.4,93,0.0,3281.18
18987.88,72.08,92,0.0,3281.18
18987.88,71.45,92,1.2125,3281.18
18987.88,71.61,92,0.0,3281.18
18987.88,71.57,92,0.0,3281.18
18987.88,71.99,90,0.0,3281.18
18987.88,71.72,90,1.2125,3281.18
18987.88,71.57,94,0.0,3281.18
18987.88,71.57,94,0.0,3281.18
18987.88,71.82,94,0.0,3281.18
18987.88,71.7,93,1.225,3281.18
18987.88,72.47,92,1.2125,3281.18
18987.88,72.46,92,0.0,3281.18
18987.88,72.48,93,0.0,3281.18
18987.88,72.48,93,1.2125,3281.18
18987.88,72.41,93,0.0,3281.18
18987.88,72.47,93,0.0,3281.18
18987.88,72.56,94,1.2125,3281.18
18987.88,72.08,94,0.0,3281.18
18987.88,72.32,93,0.0,3281.18
18987.88,72.32,93,1.2125,3281.18
18987.88,72.35,93,0.0,3281.18
18987.88,72.46,93,0.0,3281.18
18987.88,71.95,93,0.0,3281.18
18987.88,72.23,93,1.1875,3281.18
18987.88,72.13,93,0.0,3281.18
18987.88,68.96,93,1.2125,3281.18
18987.88,68.96,83,0.0,3281.18
18987.88,68.63,83,1.2125,3281.18
18987.88,68.24,99,0.0,3281.18
18987.88,68.24,99,0.0,3281.18
18987.88,68.47,91,0.0,3281.18
18987.88,68.18,91,1.225,3281.18
18987.88,68.76,92,1.225,3281.18
18987.88,68.76,92,0.0,3281.18
18987.88,68.6,93,0.0,3281.18
18987.88,68.15,93,0.0,3281.18
18987.88,68.41,94,1.225,3281.18
18987.88,71.24,93,0.0,3281.18
18987.88,71.86,93,0.0,3281.18
18987.88,72.13,93,0.0,3281.18
18987.88,72.22,93,1.2125,3281.18
18987.88,71.74,92,0.0,3281.18
18987.88,71.91,92,0.0,3281.18
18987.88,71.86,93,0.0,3281.18
18987.88,70.0,93,2.175,3281.18
18987.88,70.54,80,0.0,3281.18
18987.88,69.51,80,0.0,3281.18
18987.88,70.04,94,1.25,3281.18
18987.88,70.19,94,0.0,3281.18
18987.88,70.92,94,1.2375,3281.18
18987.88,70.83,94,0.0,3281.18
18987.88,70.64,92,1.2125,3281.18
18987.88,71.01,92,0.0,3281.18
18987.88,70.59,93,1.2125,3281.18
18987.88,70.54,93,0.0,3281.18
18987.88,72.19,92,0.0,3281.18
18987.88,71.72,92,0.0,3281.18
18987.88,72.69,92,1.2125,3281.18
18987.88,71.91,92,0.0,3281.18
18987.88,71.96,92,0.0,3281.18
18987.88,71.86,92,1.2125,3281.18
18987.88,71.79,92,0.0,3281.18
18987.88,71.64,92,0.0,3281.18
18987.88,71.65,93,1.2125,3281.18
18987.88,71.97,93,1.2125,3281.18
18987.88,69.34,84,0.0,3281.18
18987.88,69.38,98,0.0,3281.18
18987.88,68.77,98,1.2125,3281.18
18987.88,68.56,94,0.0,3281.18
18987.88,69.55,94,0.0,3281.18
18987.88,69.36,93,0.0,3281.18
18987.88,69.59,93,1.2125,3281.18
18987.88,69.64,93,1.2125,3281.18
18987.88,69.36,93,0.0,3281.18
18987.88,69.28,94,0.0,3281.18
18987.88,71.74,94,0.0,3281.18
18987.88,71.55,94,1.2125,3281.18
18987.88,72.06,94,0.0,3281.18
18987.88,72.34,93,0.0,3281.18
18987.88,72.11,93,1.2125,3281.18
18987.88,72.5,95,0.0,3281.18
18987.88,71.94,95,0.0,3281.18
18987.88,72.14,93,0.0,3281.18
18987.88,71.91,93,1.2125,3281.18
18987.88,71.87,94,0.0,3281.18
18987.88,71.91,94,1.2125,3281.18
18987.88,71.65,94,0.0,3281.18
18987.88,72.26,94,1.2125,3281.18
18987.88,72.25,93,0.0,3281.18
18987.88,72.02,94,0.0,3281.18
18987.88,72.17,94,0.0,3281.18
18987.88,71.82,94,0.0,3281.18
18987.88,72.39,94,0.0,3281.18
18987.88,71.93,94,1.225,3281.18
18987.88,72.14,94,0.0,3281.18
18987.88,71.73,94,0.0,3281.18
18987.88,72.06,94,1.2125,3281.18
18987.88,71.75,94,0.0,3281.18
18987.88,72.28,94,0.0,3281.18
18987.88,71.88,94,0.0,3281.18
18987.88,71.76,93,0.0,3281.18
18987.88,72.04,94,1.1875,3281.18
18987.88,70.86,94,1.225,3281.18
18987.88,71.4,79,0.0,3281.18
18987.88,71.22,79,1.225,3281.18
18987.88,71.33,97,0.0,3281.18
18987.88,71.68,97,0.0,3281.18
18987.88,71.61,93,1.2125,3281.18
18987.88,72.12,93,0.0,3281.18
18987.88,71.69,93,1.2125,3281.18
18987.88,72.26,93,0.0,3281.18
18987.88,72.28,93,1.2125,3281.18
18987.88,72.05,93,0.0,3281.18
18987.88,73.1,94,0.0,3281.18
18987.88,72.37,94,0.0,3281.18
18987.88,72.26,94,0.0,3281.18
18987.88,72.64,94,1.1875,3281.18
18987.88,72.51,93,0.0,3281.18
18987.88,72.87,93,1.2125,3281.18
18987.88,72.26,92,0.0,3281.18
18987.88,72.46,92,0.0,3281.18
18987.88,72.48,94,0.0,3281.18
18987.88,72.11,93,1.2125,3281.18
18987.88,72.06,93,0.0,3281.18
18987.88,72.04,92,1.1875,3281.18
18987.88,72.22,92,0.0,3281.18
18987.88,72.25,92,0.0,3281.18
18987.88,72.07,92,0.0,3281.18
18987.88,72.0,92,1.225,3281.18
18987.88,72.11,93,0.0,3281.18
18987.88,72.13,93,0.0,3281.18
18987.88,72.03,93,0.0,3281.18
18987.88,71.88,93,1.2125,3281.18
18987.88,71.65,94,1.2125,3281.18
18987.88,71.54,94,0.0,3281.18
18987.88,71.69,92,1.2125,3281.18
18987.88,71.84,92,0.0,3281.18
18987.88,72.07,93,0.0,3281.18
18987.88,72.23,93,0.0,3281.18
18987.88,72.27,93,1.2125,3281.18
18987.88,72.17,93,0.0,3281.18
18987.88,69.31,93,1.2125,3281.18
18987.88,68.93,84,1.2125,3281.18
18987.88,69.15,84,0.0,3281.18
18987.88,69.29,100,0.0,3281.18
18987.88,69.06,100,0.0,3281.18
18987.88,69.03,100,1.2125,3281.18
18987.88,69.07,93,0.0,3281.18
18987.88,69.04,93,0.0,3281.18
18987.88,68.87,94,1.2125,3281.18
18987.88,68.43,93,0.0,3281.18
18987.88,69.0,93,0.0,3281.18
18987.88,71.45,93,0.0,3281.18
18987.88,71.65,93,1.2125,3281.18
18987.88,71.88,93,0.0,3281.18
18987.88,71.74,93,0.0,3281.18
18987.88,72.11,94,0.0,3281.18
18987.88,72.33,93,1.2125,3281.18
18987.88,72.36,93,1.2375,3281.18
18987.88,72.36,93,0.0,3281.18
18987.88,72.29,94,1.2125,3281.18
18987.88,72.34,95,0.0,3281.18
18987.88,72.14,95,0.0,3281.18
18987.88,72.32,95,0.0,3281.18
18987.88,71.87,95,1.2125,3281.18
18987.88,71.96,92,0.0,3281.18
18987.88,72.09,92,0.0,3281.18
18987.88,72.02,94,0.0,3281.18
18987.88,71.99,94,1.2,3281.18
18987.88,71.95,93,0.0,3281.18
18987.88,72.01,93,0.0,3281.18
18987.88,72.04,92,0.0,3281.18
18987.88,72.11,92,1.225,3281.18
18987.88,72.47,92,0.0,3281.18
18987.88,72.24,92,0.0,3281.18
18987.88,72.75,93,1.2125,3281.18
18987.88,73.04,93,0.0,3281.18
18987.88,72.56,93,0.0,3281.18
18987.88,72.83,93,1.2125,3281.18
18987.88,73.12,93,0.0,3281.18
18987.88,72.46,93,0.0,3281.18
18987.88,72.47,93,2.425,3281.18
18987.88,72.95,93,0.0,3281.18
18987.88,72.61,87,0.0,3281.18
18987.88,72.54,87,0.0,3281.18
18987.88,72.48,90,1.2125,3281.18
18987.88,72.89,90,0.0,3281.18
18987.88,72.5,91,0.0,3281.18
18987.88,72.8,91,1.2125,3281.18
18987.88,73.07,93,0.0,3281.18
18987.88,72.65,93,0.0,3281.18
18987.88,73.11,91,1.2125,3281.18
18987.88,73.41,91,1.2125,3281.18
18987.88,72.39,93,0.0,3281.18
18987.88,72.21,93,0.0,3281.18
18987.88,72.21,93,1.2125,3281.18
18987.88,72.17,93,0.0,3281.18
18987.88,72.0,93,0.0,3281.18
18987.88,72.5,93,1.2125,3281.18
18987.88,72.62,92,0.0,3281.18
18987.88,72.52,92,0.0,3281.18
18987.88,72.21,93,0.0,3281.18
18987.88,71.94,93,1.2,3281.18
18987.88,71.75,92,0.0,3281.18
18987.88,71.83,92,0.0,3281.18
18987.88,72.01,92,1.2125,3281.18
18987.88,72.03,93,0.0,3281.18
18987.88,72.23,93,0.0,3281.18
18987.88,72.17,93,1.2,3281.18
18987.88,72.17,92,0.0,3281.18
18987.88,71.85,94,0.0,3281.18
18987.88,71.88,94,1.225,3281.18
18987.88,71.76,92,0.0,3281.18
18987.88,71.86,92,0.0,3281.18
18987.88,72.02,93,1.2125,3281.18
18987.88,72.27,93,0.0,3281.18
18987.88,72.15,93,1.2125,3281.18
18987.88,72.25,93,1.2125,3281.18
18987.88,72.26,94,0.0,3281.18
18987.88,71.49,94,1.1875,3281.18
18987.88,68.55,84,1.225,3281.18
18987.88,68.69,84,0.0,3281.18
18987.88,68.3,89,0.0,3281.18
18987.88,68.27,89,1.2125,3281.18
18987.88,68.36,93,0.0,3281.18
18987.88,68.95,93,0.0,3281.18
18987.88,68.71,91,0.0,3281.18
18987.88,68.89,91,0.0,3281.18
18987.88,69.17,92,1.2125,3281.18
18987.88,68.53,92,1.2125,3281.18
18987.88,69.05,92,0.0,3281.18
18987.88,71.96,92,0.0,3281.18
18987.88,71.43,91,1.2125,3281.18
18987.88,72.32,91,0.0,3281.18
18987.88,72.27,93,0.0,3281.18
18987.88,72.22,93,1.2125,3281.18
18987.88,72.19,94,0.0,3281.18
18987.88,71.97,94,0.0,3281.18
18987.88,71.89,93,1.2125,3281.18
18987.88,72.09,93,0.0,3281.18
18987.88,72.14,91,0.0,3281.18
18987.88,72.27,91,1.2125,3281.18
18987.88,72.51,92,0.0,3281.18
18987.88,72.56,94,0.0,3281.18
18987.88,72.59,94,0.0,3281.18
18987.88,72.53,92,1.2125,3281.18
18987.88,72.54,92,0.0,3281.18
18987.88,72.81,92,0.0,3281.18
18987.88,72.84,93,1.2125,3281.18
18987.88,72.11,93,0.0,3281.18
18987.88,72.11,93,1.2125,3281.18
18987.88,72.23,93,0.0,3281.18
18987.88,71.68,93,0.0,3281.18
18987.88,71.8,92,0.0,3281.18
18987.88,71.8,92,1.2125,3281.18
18987.88,72.15,93,1.2125,3281.18
18987.88,72.28,93,0.0,3281.18
18987.88,72.31,91,1.2125,3281.18
18987.88,71.89,91,1.225,3281.18
18987.88,73.43,79,0.0,3281.18
18987.88,73.67,79,0.0,3281.18
18987.88,73.37,98,0.0,3281.18
18987.88,73.3,98,1.2125,3281.18
18987.88,73.64,90,0.0,3281.18
18987.88,73.96,90,0.0,3281.18
18987.88,73.99,91,0.0,3281.18
18987.88,74.14,91,1.2125,3281.18
18987.88,74.27,94,0.0,3281.18
18987.88,73.35,94,0.0,3281.18
18987.88,73.5,91,1.2125,3281.18
18987.88,71.83,91,0.0,3281.18
18987.88,71.57,92,0.0,3281.18
18987.88,71.89,93,0.0,3281.18
18987.88,72.04,93,1.2125,3281.18
18987.88,71.8,92,0.0,3281.18
18987.88,71.75,92,1.2125,3281.18
18987.88,71.75,91,0.0,3281.18
18987.88,71.76,91,0.0,3281.18
18987.88,72.56,91,0.0,3281.18
18987.88,72.81,91,1.2125,3281.18
18987.88,72.79,93,0.0,3281.18
18987.88,72.79,93,0.0,3281.18
18987.88,73.21,93,1.2125,3281.18
18987.88,73.27,93,0.0,3281.18
18987.88,73.5,93,0.0,3281.18
18987.88,73.53,93,1.2125,3281.18
18987.88,72.96,93,0.0,3281.18
18987.88,72.69,93,0.0,3281.18
18987.88,72.5,93,0.0,3281.18
18987.88,72.08,93,1.2125,3281.18
18987.88,72.3,94,1.2125,3281.18
18987.88,71.94,94,0.0,3281.18
18987.88,72.22,93,1.2125,3281.18
18987.88,72.35,93,0.0,3281.18
18987.88,72.08,93,0.0,3281.18
18987.88,72.4,93,1.2125,3281.18
18987.88,72.34,91,0.0,3281.18
18987.88,72.62,91,1.1625,3281.18
18987.88,73.25,86,0.0,3281.18
18987.88,73.17,86,0.0,3281.18
18987.88,73.08,97,1.225,3281.18
18987.88,72.7,97,0.0,3281.18
18987.88,73.12,93,0.0,3281.18
18987.88,73.46,93,0.0,3281.18
18987.88,73.32,94,1.2125,3281.18
18987.88,73.61,94,0.0,3281.18
18987.88,73.03,92,0.0,3281.18
18987.88,72.68,92,0.0,3281.18
18987.88,72.75,94,1.2125,3281.18
18987.88,71.74,93,0.0,3281.18
18987.88,71.81,93,0.0,3281.18
18987.88,71.58,92,1.2125,3281.18
18987.88,71.81,92,0.0,3281.18
18987.88,72.08,93,0.0,3281.18
18987.88,71.53,93,0.0,3281.18
18987.88,71.54,93,1.2125,3281.18
18987.88,71.39,93,0.0,3281.18
18987.88,71.39,92,0.0,3281.18
18987.88,71.44,92,1.2125,3281.18
18987.88,71.32,92,0.0,3281.18
18987.88,71.27,92,0.0,3281.18
18987.88,72.04,91,1.2125,3281.18
18987.88,71.91,91,1.2125,3281.18
18987.88,71.98,92,0.0,3281.18
18987.88,71.97,92,0.0,3281.18
18987.88,71.87,93,1.2125,3281.18
18987.88,71.91,93,0.0,3281.18
18987.88,71.76,93,0.0,3281.18
18987.88,71.51,93,0.0,3281.18
18987.88,71.78,93,1.2125,3281.18
18987.88,72.33,93,0.0,3281.18
18987.88,72.33,93,0.0,3281.18
18987.88,72.04,93,1.2125,3281.18
18987.88,72.26,93,0.0,3281.18
18987.88,72.14,93,0.0,3281.18
18987.88,71.98,92,1.2125,3281.18
18987.88,68.66,92,1.2125,3281.18
18987.88,68.31,84,0.0,3281.18
18987.88,68.82,84,0.0,3281.18
18987.88,68.82,93,0.0,3281.18
18987.88,68.81,93,1.225,3281.18
18987.88,69.27,94,0.0,3281.18
18987.88,68.8,94,0.0,3281.18
18987.88,69.28,93,1.2125,3281.18
18987.88,69.53,93,0.0,3281.18
18987.88,69.06,91,0.0,3281.18
18987.88,69.77,91,1.2125,3281.18
18987.88,72.04,93,0.0,3281.18
18987.88,72.23,93,0.0,3281.18
18987.88,72.94,92,0.0,3281.18
18987.88,72.41,92,1.2125,3281.18
18987.88,72.39,92,0.0,3281.18
18987.88,72.35,92,0.0,3281.18
18987.88,72.41,93,1.2125,3281.18
18987.88,72.35,93,0.0,3281.18
18987.88,71.64,93,0.0,3281.18
18987.88,71.76,94,1.2,3281.18
18987.88,71.44,94,0.0,3281.18
18987.88,71.66,93,0.0,3281.18
18987.88,72.06,93,1.2125,3281.18
18987.88,72.05,93,0.0,3281.18
18987.88,72.1,93,0.0,3281.18
18987.88,71.59,92,0.0,3281.18
18987.88,71.49,92,1.2375,3281.18
18987.88,71.5,93,1.25,3281.18
18987.88,71.5,93,0.0,3281.18
18987.88,71.79,92,0.0,3281.18
18987.88,71.79,92,1.25,3281.18
18987.88,71.95,92,0.0,3281.18
18987.88,71.99,92,0.0,3281.18
18987.88,72.63,92,0.0,3281.18
18987.88,72.68,92,0.0,3281.18
18987.88,72.72,94,1.2375,3281.18
18987.88,72.59,94,0.0,3281.18
18987.88,72.82,93,1.25,3281.18
18987.88,74.7,93,0.0,3281.18
18987.88,74.66,82,1.2375,3281.18
18987.88,74.41,82,0.0,3281.18
18987.88,74.6,92,0.0,3281.18
18987.88,75.05,92,1.25,3281.18
18987.88,74.73,93,0.0,3281.18
18987.88,74.63,93,0.0,3281.18
18987.88,74.79,93,0.0,3281.18
18987.88,74.5,93,1.25,3281.18
18987.88,74.86,94,0.0,3281.18
18987.88,74.5,94,0.0,3281.18
18987.88,72.16,92,0.0,3281.18
18987.88,72.31,92,1.25,3281.18
18987.88,72.26,93,0.0,3281.18
18987.88,72.31,93,0.0,3281.18
18987.88,72.15,93,1.2375,3281.18
18987.88,72.32,93,0.0,3281.18
18987.88,72.46,94,0.0,3281.18
18987.88,71.94,94,0.0,3281.18
18987.88,72.07,93,1.2375,3281.18
18987.88,71.83,93,1.2375,3281.18
18987.88,69.54,86,0.0,3281.18
18987.88,69.59,86,0.0,3281.18
18987.88,69.44,95,1.25,3281.18
18987.88,68.93,95,0.0,3281.18
18987.88,68.91,94,1.25,3281.18
18987.88,69.06,93,0.0,3281.18
18987.88,69.21,93,1.2375,3281.18
18987.88,69.28,94,0.0,3281.18
18987.88,69.41,94,0.0,3281.18
18987.88,69.17,94,1.25,3281.18
18987.88,69.58,94,0.0,3281.18
18987.88,71.84,93,0.0,3281.18
18987.88,71.77,93,1.25,3281.18
18987.88,72.21,93,0.0,3281.18
18987.88,72.05,92,0.0,3281.18
18987.88,72.12,92,0.0,3281.18
18987.88,72.12,93,1.2125,3281.18
18987.88,71.93,93,0.0,3281.18
18987.88,72.31,93,0.0,3281.18
18987.88,72.44,93,1.2125,3281.18
18987.88,72.44,92,0.0,3281.18
18987.88,72.43,92,0.0,3281.18
18987.88,72.33,93,1.2125,3281.18
18987.88,72.32,93,0.0,3281.18
18987.88,72.52,94,0.0,3281.18
18987.88,72.54,94,1.2125,3281.18
18987.88,72.32,93,1.2125,3281.18
18987.88,73.88,82,1.2,3281.18
18987.88,73.72,82,0.0,3281.18
18987.88,73.34,97,0.0,3281.18
18987.88,73.25,97,0.0,3281.18
18987.88,73.54,97,1.2125,3281.18
18987.88,73.58,93,0.0,3281.18
18987.88,73.85,93,0.0,3281.18
18987.88,74.02,93,1.2125,3281.18
18987.88,74.35,93,0.0,3281.18
18987.88,74.48,93,0.0,3281.18
18987.88,74.07,93,0.0,3281.18
18987.88,72.23,93,1.2125,3281.18
18987.88,72.12,93,0.0,3281.18
18987.88,72.21,93,1.2125,3281.18
18987.88,72.64,93,0.0,3281.18
18987.88,71.31,94,0.0,3281.18
18987.88,71.71,92,1.2125,3281.18
18987.88,71.94,92,0.0,3281.18
18987.88,71.41,92,0.0,3281.18
18987.88,71.38,93,0.0,3281.18
18987.88,71.45,93,0.0,3281.18
18987.88,71.54,95,1.225,3281.18
18987.88,71.89,95,0.0,3281.18
18987.88,71.58,95,0.0,3281.18
18987.88,71.01,93,0.0,3281.18
18987.88,72.0,94,1.225,3281.18
18987.88,72.13,94,1.225,3281.18
18987.88,71.78,93,0.0,3281.18
18987.88,72.27,93,0.0,3281.18
18987.88,71.9,93,0.0,3281.18
18987.88,71.48,93,1.225,3281.18
18987.88,71.72,94,0.0,3281.18
18987.88,71.35,94,0.0,3281.18
18987.88,71.61,93,0.0,3281.18
18987.88,71.89,93,1.225,3281.18
18987.88,72.26,93,0.0,3281.18
18987.88,72.38,93,0.0,3281.18
18987.88,71.89,93,1.2125,3281.18
18987.88,72.77,93,1.1875,3281.18
18987.88,72.58,82,1.2125,3281.18
18987.88,72.6,82,0.0,3281.18
18987.88,72.72,94,0.0,3281.18
18987.88,72.95,94,1.2125,3281.18
18987.88,72.9,92,0.0,3281.18
18987.88,72.84,92,0.0,3281.18
18987.88,72.87,93,0.0,3281.18
18987.88,72.66,93,1.225,3281.18
18987.88,72.22,93,0.0,3281.18
18987.88,72.69,93,0.0,3281.18
18987.88,71.77,93,1.2125,3281.18
18987.88,71.74,93,0.0,3281.18
18987.88,71.91,93,0.0,3281.18
18987.88,72.04,93,0.0,3281.18
18987.88,71.61,94,1.225,3281.18
18987.88,72.0,94,0.0,3281.18
18987.88,72.36,94,0.0,3281.18
18987.88,71.93,94,0.0,3281.18
18987.88,71.97,94,1.2125,3281.18
18987.88,71.97,94,0.0,3281.18
18987.88,71.89,93,0.0,3281.18
18987.88,71.84,93,0.0,3281.18
18987.88,72.26,92,1.2125,3281.18
18987.88,72.31,92,0.0,3281.18
18987.88,72.31,92,0.0,3281.18
18987.88,72.58,92,0.0,3281.18
18987.88,72.21,94,1.2125,3281.18
18987.88,72.24,94,0.0,3281.18
18987.88,72.24,93,0.0,3281.18
18987.88,72.0,93,1.225,3281.18
18987.88,72.35,93,0.0,3281.18
18987.88,72.74,93,0.0,3281.18
18987.88,72.3,93,1.2125,3281.18
18987.88,72.24,93,0.0,3281.18
18987.88,72.35,92,1.2125,3281.18
18987.88,71.93,92,0.0,3281.18
18987.88,72.03,93,1.2125,3281.18
18987.88,71.54,93,1.225,3281.18
18987.88,69.49,86,0.0,3281.18
18987.88,69.44,86,1.225,3281.18
18987.88,68.61,91,0.0,3281.18
18987.88,68.91,92,0.0,3281.18
18987.88,68.38,92,0.0,3281.18
18987.88,68.94,93,1.225,3281.18
18987.88,69.1,93,0.0,3281.18
18987.88,68.94,94,0.0,3281.18
18987.88,68.68,94,0.0,3281.18
18987.88,69.09,93,1.2125,3281.18
18987.88,70.92,93,0.0,3281.18
18987.88,70.74,93,0.0,3281.18
18987.88,71.68,93,1.2125,3281.18
18987.88,71.42,94,0.0,3281.18
18987.88,72.02,94,0.0,3281.18
18987.88,71.54,94,1.2125,3281.18
18987.88,71.66,94,0.0,3281.18
18987.88,71.69,93,0.0,3281.18
18987.88,71.29,93,0.0,3281.18
18987.88,71.97,93,1.2125,3281.18
18987.88,71.2,93,0.0,3281.18
18987.88,71.44,91,0.0,3281.18
18987.88,71.91,91,0.0,3281.18
18987.88,71.75,92,1.25,3281.18
18987.88,71.97,92,0.0,3281.18
18987.88,71.96,94,0.0,3281.18
18987.88,72.06,94,1.25,3281.18
18987.88,72.08,93,0.0,3281.18
18987.88,71.49,93,0.0,3281.18
18987.88,71.72,93,0.0,3281.18
18987.88,71.45,93,1.25,3281.18
18987.88,71.7,94,0.0,3281.18
18987.88,72.23,94,0.0,3281.18
18987.88,71.58,94,0.0,3281.18
18987.88,71.81,94,1.2375,3281.18
18987.88,71.95,94,0.0,3281.18
18987.88,71.69,94,0.0,3281.18
18987.88,72.11,94,2.4875,3281.18
18987.88,71.58,94,0.0,3281.18
18987.88,73.02,83,1.25,3281.18
18987.88,72.87,83,0.0,3281.18
18987.88,72.73,97,0.0,3281.18
18987.88,72.79,97,0.0,3281.18
18987.88,72.71,94,0.0,3281.18
18987.88,73.53,93,1.2375,3281.18
18987.88,73.55,93,0.0,3281.18
18987.88,73.55,94,0.0,3281.18
18987.88,73.29,94,0.0,3281.18
18987.88,73.31,93,1.2375,3281.18
18987.88,73.23,93,0.0,3281.18
18987.88,72.04,94,0.0,3281.18
18987.88,72.18,94,0.0,3281.18
18987.88,72.02,94,0.0,3281.18
18987.88,72.22,94,1.2375,3281.18
18987.88,71.94,93,0.0,3281.18
18987.88,72.1,93,0.0,3281.18
18987.88,71.92,94,0.0,3281.18
18987.88,72.34,94,1.2375,3281.18
18987.88,71.73,94,0.0,3281.18
18987.88,71.96,93,0.0,3281.18
18987.88,72.24,93,0.0,3281.18
18987.88,72.27,93,1.25,3281.18
18987.88,72.83,94,0.0,3281.18
18987.88,72.83,94,0.0,3281.18
18987.88,72.31,94,0.0,3281.18
18987.88,72.63,93,1.2375,3281.18
18987.88,72.69,93,0.0,3281.18
18987.88,72.5,93,0.0,3281.18
18987.88,72.62,93,0.0,3281.18
18987.88,72.04,93,1.2375,3281.18
18987.88,72.23,93,0.0,3281.18
18987.88,72.53,93,0.0,3281.18
18987.88,72.42,93,0.0,3281.18
18987.88,72.64,94,0.0,3281.18
18987.88,72.1,93,1.2375,3281.18
18987.88,72.43,93,0.0,3281.18
18987.88,72.3,92,1.2,3281.18
18987.88,72.04,92,0.0,3281.18
18987.88,73.96,85,1.2375,3281.18
18987.88,73.56,85,0.0,3281.18
18987.88,73.51,94,0.0,3281.18
18987.88,73.77,94,2.475,3281.18
18987.88,74.01,93,0.0,3281.18
18987.88,73.79,93,0.0,3281.18
18987.88,74.35,94,0.0,3281.18
18987.88,74.1,94,1.2125,3281.18
18987.88,74.21,93,0.0,3281.18
18987.88,74.55,93,0.0,3281.18
18987.88,72.3,92,1.2125,3281.18
18987.88,72.42,92,0.0,3281.18
18987.88,72.49,92,0.0,3281.18
18987.88,72.44,92,0.0,3281.18
18987.88,72.45,93,0.0,3281.18
18987.88,72.66,93,1.2125,3281.18
18987.88,72.76,95,0.0,3281.18
18987.88,71.75,95,0.0,3281.18
18987.88,71.94,92,0.0,3281.18
18987.88,72.04,92,1.225,3281.18
18987.88,71.56,94,0.0,3281.18
18987.88,71.86,94,0.0,3281.18
18987.88,71.59,93,1.175,3281.18
18987.88,71.95,93,0.0,3281.18
18987.88,72.17,93,1.2125,3281.18
18987.88,71.7,93,0.0,3281.18
18987.88,71.95,92,1.2125,3281.18
18987.88,71.33,92,0.0,3281.18
18987.88,72.12,94,0.0,3281.18
18987.88,72.12,94,1.2125,3281.18
18987.88,71.81,94,0.0,3281.18
18987.88,71.62,94,0.0,3281.18
18987.88,72.04,94,0.0,3281.18
18987.88,72.16,94,1.1875,3281.18
18987.88,71.92,94,0.0,3281.18
18987.88,72.32,94,0.0,3281.18
18987.88,71.87,94,1.2125,3281.18
18987.88,69.13,84,0.0,3281.18
18987.88,68.75,84,1.225,3281.18
18987.88,67.47,98,0.0,3281.18
18987.88,67.62,98,0.0,3281.18
18987.88,67.86,94,1.2125,3281.18
18987.88,68.14,94,0.0,3281.18
18987.88,68.39,94,0.0,3281.18
18987.88,68.01,94,0.0,3281.18
18987.88,68.07,93,1.225,3281.18
18987.88,67.77,93,0.0,3281.18
18987.88,67.89,94,0.0,3281.18
18987.88,71.01,94,1.2125,3281.18
18987.88,70.82,93,0.0,3281.18
18987.88,71.9,93,0.0,3281.18
18987.88,72.03,93,0.0,3281.18
18987.88,71.67,93,1.2375,3281.18
18987.88,72.17,93,1.25,3281.18
18987.88,71.64,93,0.0,3281.18
18987.88,71.92,93,0.0,3281.18
18987.88,71.94,93,1.25,3281.18
18987.88,71.72,92,0.0,3281.18
18987.88,71.91,92,0.0,3281.18
18987.88,71.75,93,0.0,3281.18
18987.88,71.45,93,1.2375,3281.18
18987.88,71.45,92,0.0,3281.18
18987.88,71.39,92,0.0,3281.18
18987.88,71.53,93,1.2375,3281.18
18987.88,71.44,93,0.0,3281.18
18987.88,71.35,93,0.0,3281.18
18987.88,71.71,93,0.0,3281.18
18987.88,71.35,93,1.25,3281.18
18987.88,71.4,93,0.0,3281.18
18987.88,71.29,94,0.0,3281.18
18987.88,71.15,94,0.0,3281.18
18987.88,71.59,92,1.25,3281.18
18987.88,71.41,92,0.0,3281.18
18987.88,71.64,92,0.0,3281.18
18987.88,71.86,92,0.0,3281.18
18987.88,71.29,93,2.2375,3281.18
18987.88,71.59,93,0.0,3281.18
18987.88,71.81,83,0.0,3281.18
18987.88,71.94,83,1.25,3281.18
18987.88,72.3,95,0.0,3281.18
18987.88,72.47,95,0.0,3281.18
18987.88,73.74,93,1.2375,3281.18
18987.88,73.11,93,0.0,3281.18
18987.88,72.97,91,0.0,3281.18
18987.88,73.48,91,0.0,3281.18
18987.88,72.78,93,1.2375,3281.18
18987.88,72.98,93,0.0,3281.18
18987.88,73.11,93,0.0,3281.18
18987.88,72.23,93,1.2375,3281.18
18987.88,72.38,93,0.0,3281.18
18987.88,72.1,93,0.0,3281.18
18987.88,71.94,93,0.0,3281.18
18987.88,71.75,92,1.25,3281.18
18987.88,72.11,92,0.0,3281.18
18987.88,72.19,93,0.0,3281.18
18987.88,72.0,93,1.25,3281.18
18987.88,72.1,93,1.25,3281.18
18987.88,72.39,93,1.25,3281.18
18987.88,71.92,87,0.0,3281.18
18987.88,71.05,87,0.0,3281.18
18987.88,71.5,95,0.0,3281.18
18987.88,71.29,95,1.2375,3281.18
18987.88,71.01,92,0.0,3281.18
18987.88,71.56,92,0.0,3281.18
18987.88,70.99,92,1.25,3281.18
18987.88,70.9,91,0.0,3281.18
18987.88,71.21,91,0.0,3281.18
18987.88,70.89,93,0.0,3281.18
18987.88,71.26,93,1.2125,3281.18
18987.88,70.9,93,0.0,3281.18
18987.88,71.74,93,0.0,3281.18
18987.88,71.65,93,1.225,3281.18
18987.88,71.68,92,0.0,3281.18
18987.88,71.7,92,0.0,3281.18
18987.88,71.62,92,0.0,3281.18
18987.88,71.96,92,1.2125,3281.18
18987.88,72.06,93,0.0,3281.18
18987.88,71.55,93,0.0,3281.18
18987.88,71.56,93,0.0,3281.18
18987.88,71.56,93,0.0,3281.18
18987.88,71.92,93,1.1875,3281.18
18987.88,72.21,93,0.0,3281.18
18987.88,71.69,93,1.2125,3281.18
18987.88,71.91,93,0.0,3281.18
18987.88,72.06,93,0.0,3281.18
18987.88,72.06,94,0.0,3281.18
18987.88,71.57,94,1.225,3281.18
18987.88,71.9,93,0.0,3281.18
18987.88,72.08,91,0.0,3281.18
18987.88,72.08,91,1.225,3281.18
18987.88,72.01,93,1.2125,3281.18
18987.88,72.18,93,0.0,3281.18
18987.88,72.21,94,0.0,3281.18
18987.88,72.44,94,1.2125,3281.18
18987.88,72.03,93,0.0,3281.18
18987.88,72.04,93,0.0,3281.18
18987.88,72.53,93,1.225,3281.18
18987.88,72.53,93,0.0,3281.18
18987.88,72.23,86,1.2375,3281.18
18987.88,71.92,86,0.0,3281.18
18987.88,71.88,93,0.0,3281.18
18987.88,72.61,93,0.0,3281.18
18987.88,72.76,93,1.2375,3281.18
18987.88,72.78,93,0.0,3281.18
18987.88,72.7,93,0.0,3281.18
18987.88,72.38,93,0.0,3281.18
18987.88,72.97,93,1.2375,3281.18
18987.88,73.04,93,0.0,3281.18
18987.88,72.34,94,0.0,3281.18
18987.88,72.14,94,0.0,3281.18
18987.88,72.77,89,1.2375,3281.18
18987.88,73.0,89,0.0,3281.18
18987.88,72.38,92,0.0,3281.18
18987.88,72.46,92,0.0,3281.18
18987.88,72.4,94,0.0,3281.18
18987.88,72.38,94,1.2375,3281.18
18987.88,72.65,93,0.0,3281.18
18987.88,72.02,93,1.2375,3281.18
18987.88,71.91,92,0.0,3281.18
18987.88,72.03,92,0.0,3281.18
18987.88,71.71,90,0.0,3281.18
18987.88,71.82,94,1.25,3281.18
18987.88,71.76,94,0.0,3281.18
18987.88,71.94,93,0.0,3281.18
18987.88,71.86,93,1.2375,3281.18
18987.88,72.02,92,0.0,3281.18
18987.88,71.99,92,0.0,3281.18
18987.88,71.88,93,1.2375,3281.18
18987.88,72.01,93,0.0,3281.18
18987.88,72.14,93,0.0,3281.18
18987.88,72.55,93,0.0,3281.18
18987.88,72.71,93,1.2375,3281.18
18987.88,72.89,93,0.0,3281.18
18987.88,72.98,93,0.0,3281.18
18987.88,73.12,92,1.25,3281.18
18987.88,71.81,92,1.2375,3281.18
18987.88,71.52,81,0.0,3281.18
18987.88,70.42,81,0.0,3281.18
18987.88,70.93,98,2.4875,3281.18
18987.88,71.35,98,0.0,3281.18
18987.88,71.27,93,0.0,3281.18
18987.88,71.76,93,0.0,3281.18
18987.88,71.76,94,1.2375,3281.18
18987.88,71.18,94,0.0,3281.18
18987.88,70.71,93,0.0,3281.18
18987.88,70.69,93,0.0,3281.18
18987.88,70.37,93,1.225,3281.18
18987.88,71.29,93,0.0,3281.18
18987.88,70.93,93,0.0,3281.18
18987.88,71.94,93,0.0,3281.18
18987.88,72.2,94,1.225,3281.18
18987.88,71.8,94,0.0,3281.18
18987.88,71.95,93,0.0,3281.18
18987.88,71.56,93,0.0,3281.18
18987.88,71.83,93,1.225,3281.18
18987.88,71.63,93,0.0,3281.18
18987.88,71.75,93,0.0,3281.18
18987.88,71.85,93,0.0,3281.18
18987.88,72.4,93,0.0,3281.18
18987.88,72.77,94,1.225,3281.18
18987.88,72.26,94,0.0,3281.18
18987.88,72.46,93,0.0,3281.18
18987.88,72.45,93,0.0,3281.18
18987.88,72.48,93,1.225,3281.18
18987.88,72.68,93,0.0,3281.18
18987.88,72.09,93,0.0,3281.18
18987.88,72.33,93,1.2125,3281.18
18987.88,72.28,93,0.0,3281.18
18987.88,72.04,93,0.0,3281.18
18987.88,72.42,94,1.2125,3281.18
18987.88,72.04,94,0.0,3281.18
18987.88,72.27,91,1.2125,3281.18
18987.88,72.45,91,0.0,3281.18
18987.88,71.89,93,2.3625,3281.18
18987.88,71.84,93,0.0,3281.18
18987.88,72.34,83,0.0,3281.18
18987.88,72.7,83,1.2125,3281.18
18987.88,72.28,95,0.0,3281.18
18987.88,72.33,95,0.0,3281.18
18987.88,72.82,94,1.2125,3281.18
18987.88,72.45,94,0.0,3281.18
18987.88,72.94,93,0.0,3281.18
18987.88,72.69,93,1.2125,3281.18
18987.88,72.37,93,1.2125,3281.18
18987.88,72.66,93,0.0,3281.18
18987.88,72.49,93,1.2125,3281.18
18987.88,68.61,82,0.0,3281.18
18987.88,68.3,82,1.2125,3281.18
18987.88,68.83,96,0.0,3281.18
18987.88,68.33,96,0.0,3281.18
18987.88,68.57,94,1.2125,3281.18
18987.88,68.1,94,0.0,3281.18
18987.88,68.42,92,0.0,3281.18
18987.88,68.76,92,0.0,3281.18
18987.88,68.32,92,1.2,3281.18
18987.88,68.61,92,0.0,3281.18
18987.88,71.97,93,0.0,3281.18
18987.88,72.1,93,1.2125,3281.18
18987.88,72.21,94,0.0,3281.18
18987.88,72.51,94,1.2125,3281.18
18987.88,72.41,92,1.2125,3281.18
18987.88,72.4,92,0.0,3281.18
18987.88,72.3,93,0.0,3281.18
18987.88,72.57,93,1.2125,3281.18
18987.88,72.03,92,0.0,3281.18
18987.88,72.17,92,0.0,3281.18
18987.88,72.24,92,0.0,3281.18
18987.88,71.97,92,1.175,3281.18
18987.88,72.06,93,0.0,3281.18
18987.88,72.17,93,0.0,3281.18
18987.88,72.12,93,1.2125,3281.18
18987.88,72.19,93,0.0,3281.18
18987.88,72.21,93,0.0,3281.18
18987.88,71.92,92,0.0,3281.18
18987.88,71.83,92,0.0,3281.18
18987.88,72.25,93,1.2125,3281.18
18987.88,72.26,93,1.2125,3281.18
18987.88,72.22,93,0.0,3281.18
18987.88,71.88,93,0.0,3281.18
18987.88,72.06,93,1.225,3281.18
18987.88,72.07,93,0.0,3281.18
18987.88,72.56,92,0.0,3281.18
18987.88,72.31,92,1.225,3281.18
18987.88,72.7,93,0.0,3281.18
18987.88,69.23,93,1.2125,3281.18
18987.88,68.7,84,1.2125,3281.18
18987.88,68.86,84,0.0,3281.18
18987.88,68.12,99,0.0,3281.18
18987.88,68.18,99,0.0,3281.18
18987.88,68.06,92,1.225,3281.18
18987.88,68.3,92,0.0,3281.18
18987.88,68.05,93,0.0,3281.18
18987.88,67.78,93,0.0,3281.18
18987.88,67.75,94,1.225,3281.18
18987.88,67.62,94,0.0,3281.18
18987.88,70.75,93,0.0,3281.18
18987.88,70.98,93,0.0,3281.18
18987.88,70.52,93,0.0,3281.18
18987.88,71.08,93,1.2125,3281.18
18987.88,71.71,93,0.0,3281.18
18987.88,71.98,93,1.2125,3281.18
18987.88,71.94,94,1.2125,3281.18
18987.88,72.66,92,0.0,3281.18
18987.88,72.65,92,0.0,3281.18
18987.88,72.72,93,0.0,3281.18
18987.88,72.63,93,1.2125,3281.18
18987.88,72.79,93,0.0,3281.18
18987.88,73.32,93,1.225,3281.18
18987.88,73.51,93,0.0,3281.18
18987.88,73.28,86,0.0,3281.18
18987.88,72.57,86,1.2125,3281.18
18987.88,72.34,96,0.0,3281.18
18987.88,72.07,94,0.0,3281.18
18987.88,72.09,94,0.0,3281.18
18987.88,72.09,94,1.225,3281.18
18987.88,71.87,94,0.0,3281.18
18987.88,71.87,94,0.0,3281.18
18987.88,71.94,92,1.1875,3281.18
18987.88,72.07,92,1.2125,3281.18
18987.88,71.92,93,0.0,3281.18
18987.88,71.88,93,0.0,3281.18
18987.88,71.39,93,0.0,3281.18
18987.88,71.8,93,1.225,3281.18
18987.88,71.91,93,0.0,3281.18
18987.88,71.59,94,0.0,3281.18
18987.88,71.66,94,0.0,3281.18
18987.88,72.18,92,2.45,3281.18
18987.88,73.34,92,0.0,3281.18
18987.88,73.02,85,0.0,3281.18
18987.88,73.16,85,0.0,3281.18
18987.88,73.62,87,0.0,3281.18
18987.88,73.76,87,0.0,3281.18
18987.88,74.13,90,1.25,3281.18
18987.88,74.19,90,0.0,3281.18
18987.88,74.14,92,0.0,3281.18
18987.88,73.93,92,0.0,3281.18
18987.88,73.94,92,1.25,3281.18
18987.88,73.85,92,0.0,3281.18
18987.88,72.84,93,0.0,3281.18
18987.88,72.42,93,0.0,3281.18
18987.88,72.31,93,1.2375,3281.18
18987.88,72.12,93,0.0,3281.18
18987.88,72.29,92,0.0,3281.18
18987.88,72.28,92,0.0,3281.18
18987.88,72.12,93,1.25,3281.18
18987.88,72.23,93,0.0,3281.18
18987.88,72.4,94,0.0,3281.18
18987.88,71.73,94,0.0,3281.18
18987.88,71.7,91,2.4875,3281.18
18987.88,71.61,91,0.0,3281.18
18987.88,71.8,93,0.0,3281.18
18987.88,72.26,93,0.0,3281.18
18987.88,71.79,93,1.2375,3281.18
18987.88,72.06,93,0.0,3281.18
18987.88,72.06,94,0.0,3281.18
18987.88,71.57,94,1.25,3281.18
18987.88,71.82,93,0.0,3281.18
18987.88,71.16,93,0.0,3281.18
18987.88,71.38,93,1.2375,3281.18
18987.88,71.63,93,0.0,3281.18
18987.88,71.39,93,0.0,3281.18
18987.88,71.94,93,1.2375,3281.18
18987.88,71.74,93,0.0,3281.18
18987.88,72.01,93,0.0,3281.18
18987.88,72.18,94,0.0,3281.18
18987.88,71.65,94,2.4875,3281.18
18987.88,68.9,83,0.0,3281.18
18987.88,68.48,83,0.0,3281.18
18987.88,68.2,95,1.2375,3281.18
18987.88,68.11,95,0.0,3281.18
18987.88,68.33,94,0.0,3281.18
18987.88,68.34,94,1.2375,3281.18
18987.88,68.22,94,0.0,3281.18
18987.88,68.38,94,0.0,3281.18
18987.88,68.15,93,1.2375,3281.18
18987.88,68.04,93,0.0,3281.18
18987.88,68.0,93,0.0,3281.18
18987.88,70.89,94,1.2125,3281.18
18987.88,71.38,94,0.0,3281.18
18987.88,71.94,93,0.0,3281.18
18987.88,71.3,93,1.225,3281.18
18987.88,71.3,93,0.0,3281.18
18987.88,71.87,90,0.0,3281.18
18987.88,72.12,90,0.0,3281.18
18987.88,72.12,92,1.2125,3281.18
18987.88,72.29,92,0.0,3281.18
18987.88,72.26,94,0.0,3281.18
18987.88,72.11,94,0.0,3281.18
18987.88,72.16,93,1.225,3281.18
18987.88,72.28,93,0.0,3281.18
18987.88,72.72,93,0.0,3281.18
18987.88,72.61,93,1.2125,3281.18
18987.88,72.87,93,0.0,3281.18
18987.88,72.76,93,0.0,3281.18
18987.88,72.12,93,1.2125,3281.18
18987.88,71.89,94,0.0,3281.18
18987.88,72.02,94,0.0,3281.18
18987.88,71.03,89,0.0,3281.18
18987.88,71.37,89,1.2125,3281.18
18987.88,71.62,93,0.0,3281.18
18987.88,71.28,93,1.2125,3281.18
18987.88,71.13,93,1.225,3281.18
18987.88,71.12,93,0.0,3281.18
18987.88,71.26,93,0.0,3281.18
18987.88,72.01,93,2.4375,3281.18
18987.88,73.63,78,0.0,3281.18
18987.88,73.5,78,0.0,3281.18
18987.88,74.21,97,0.0,3281.18
18987.88,74.38,97,0.0,3281.18
18987.88,74.34,93,1.225,3281.18
18987.88,75.0,93,0.0,3281.18
18987.88,75.01,93,0.0,3281.18
18987.88,75.05,93,1.2125,3281.18
18987.88,74.86,93,0.0,3281.18
18987.88,74.58,93,0.0,3281.18
18987.88,74.28,93,0.0,3281.18
18987.88,72.17,93,0.0,3281.18
18987.88,72.03,92,1.2125,3281.18
18987.88,72.33,92,0.0,3281.18
18987.88,72.31,93,0.0,3281.18
18987.88,72.6,93,1.2125,3281.18
18987.88,72.08,93,0.0,3281.18
18987.88,72.12,93,0.0,3281.18
18987.88,70.69,93,2.4375,3281.18
18987.88,70.69,83,0.0,3281.18
18987.88,70.38,83,0.0,3281.18
18987.88,70.05,94,1.225,3281.18
18987.88,70.06,94,0.0,3281.18
18987.88,70.32,93,1.2125,3281.18
18987.88,70.12,93,0.0,3281.18
18987.88,69.82,93,1.2125,3281.18
18987.88,70.23,93,0.0,3281.18
18987.88,69.9,93,0.0,3281.18
18987.88,70.0,93,1.2125,3281.18
18987.88,71.5,92,0.0,3281.18
18987.88,71.55,92,0.0,3281.18
18987.88,72.31,94,1.2125,3281.18
18987.88,72.14,94,1.225,3281.18
18987.88,71.44,86,0.0,3281.18
18987.88,70.9,86,0.0,3281.18
18987.88,71.46,94,0.0,3281.18
18987.88,71.19,94,1.2125,3281.18
18987.88,71.09,91,0.0,3281.18
18987.88,71.73,91,0.0,3281.18
18987.88,71.47,93,1.2125,3281.18
18987.88,71.62,93,0.0,3281.18
18987.88,71.52,93,0.0,3281.18
18987.88,71.51,93,0.0,3281.18
18987.88,71.45,93,1.2125,3281.18
18987.88,72.24,93,0.0,3281.18
18987.88,72.62,94,1.2125,3281.18
18987.88,72.31,94,0.0,3281.18
18987.88,72.64,92,0.0,3281.18
18987.88,72.72,93,1.225,3281.18
18987.88,72.08,93,0.0,3281.18
18987.88,72.2,91,0.0,3281.18
18987.88,72.32,91,0.0,3281.18
18987.88,72.51,94,1.225,3281.18
18987.88,72.64,94,0.0,3281.18
18987.88,72.27,93,0.0,3281.18
18987.88,72.31,93,0.0,3281.18
18987.88,72.17,91,1.225,3281.18
18987.88,72.27,91,0.0,3281.18
18987.88,72.04,93,0.0,3281.18
18987.88,72.29,93,0.0,3281.18
18987.88,72.3,94,1.225,3281.18
18987.88,71.72,94,0.0,3281.18
18987.88,71.79,93,0.0,3281.18
18987.88,71.56,93,0.0,3281.18
18987.88,71.71,92,1.2125,3281.18
18987.88,72.05,92,0.0,3281.18
18987.88,71.69,91,0.0,3281.18
18987.88,71.69,91,0.0,3281.18
18987.88,71.86,91,1.225,3281.18
18987.88,71.48,94,2.4375,3281.18
18987.88,73.31,94,0.0,3281.18
18987.88,72.99,82,1.2125,3281.18
18987.88,72.87,97,0.0,3281.18
18987.88,72.97,97,0.0,3281.18
18987.88,73.5,94,1.2125,3281.18
18987.88,73.68,94,0.0,3281.18
18987.88,73.56,93,0.0,3281.18
18987.88,73.57,93,0.0,3281.18
18987.88,73.58,93,1.2125,3281.18
18987.88,73.58,93,0.0,3281.18
18987.88,71.61,93,0.0,3281.18
18987.88,71.64,93,0.0,3281.18
18987.88,71.51,93,1.2125,3281.18
18987.88,71.96,93,0.0,3281.18
18987.88,72.23,94,0.0,3281.18
18987.88,71.77,94,0.0,3281.18
18987.88,72.15,93,1.2125,3281.18
18987.88,71.5,93,0.0,3281.18
18987.88,71.5,93,0.0,3281.18
18987.88,71.57,93,0.0,3281.18
18987.88,71.18,93,1.225,3281.18
18987.88,71.45,93,0.0,3281.18
18987.88,71.01,93,0.0,3281.18
18987.88,71.38,93,1.2125,3281.18
18987.88,71.71,94,0.0,3281.18
18987.88,71.29,93,0.0,3281.18
18987.88,71.21,93,0.0,3281.18
18987.88,71.65,93,0.0,3281.18
18987.88,71.79,93,2.4875,3281.18
18987.88,71.44,94,0.0,3281.18
18987.88,71.86,94,0.0,3281.18
18987.88,71.52,93,0.0,3281.18
18987.88,71.99,93,1.225,3281.18
18987.88,72.23,93,0.0,3281.18
18987.88,71.99,94,0.0,3281.18
18987.88,72.47,94,0.0,3281.18
18987.88,71.99,94,0.0,3281.18
18987.88,72.17,94,1.1875,3281.18
18987.88,68.67,94,1.2375,3281.18
18987.88,68.53,94,0.0,3281.18
18987.88,68.53,82,1.2375,3281.18
18987.88,68.68,82,0.0,3281.18
18987.88,67.95,98,0.0,3281.18
18987.88,68.32,98,0.0,3281.18
18987.88,67.92,93,1.2375,3281.18
18987.88,67.92,93,0.0,3281.18
18987.88,68.08,93,0.0,3281.18
18987.88,68.08,93,1.2375,3281.18
18987.88,67.69,93,0.0,3281.18
18987.88,67.73,92,0.0,3281.18
18987.88,71.41,92,0.0,3281.18
18987.88,70.66,92,1.2375,3281.18
18987.88,70.41,92,0.0,3281.18
18987.88,71.71,91,0.0,3281.18
18987.88,72.07,91,1.2375,3281.18
18987.88,71.81,94,0.0,3281.18
18987.88,72.3,94,0.0,3281.18
18987.88,71.61,92,1.25,3281.18
18987.88,72.38,92,0.0,3281.18
18987.88,71.92,94,0.0,3281.3
18987.88,71.5,94,0.0,3281.3
18987.88,72.27,94,1.2375,3281.3
18987.88,72.24,94,0.0,3281.3
18987.88,72.11,93,0.0,3281.3
18987.88,72.01,93,0.0,3281.3
18987.88,71.66,92,1.2375,3281.3
18987.88,71.37,92,0.0,3281.3
18987.88,71.66,94,0.0,3281.3
18987.88,71.35,94,1.2375,3281.3
18987.88,70.98,93,1.2375,3281.3
18987.88,71.52,93,0.0,3281.3
18987.88,71.34,92,0.0,3281.3
18987.88,71.27,92,1.2375,3281.3
18987.88,71.92,94,0.0,3281.3
18987.88,71.58,94,0.0,3281.3
18987.88,71.3,93,0.0,3281.3
18987.88,71.74,93,1.2375,3281.3
18987.88,71.63,93,0.0,3281.3
18987.88,71.6,93,1.2375,3281.3
18987.88,68.51,79,0.0,3281.3
18987.88,68.66,79,1.25,3281.3
18987.88,68.57,100,0.0,3281.3
18987.88,67.9,100,0.0,3281.3
18987.88,68.01,95,0.0,3281.3
18987.88,68.13,95,1.2375,3281.3
18987.88,68.3,92,0.0,3281.3
18987.88,68.54,92,0.0,3281.3
18987.88,68.65,93,0.0,3281.3
18987.88,68.49,93,1.225,3281.3
18987.88,68.56,94,0.0,3281.3
18987.88,71.66,94,0.0,3281.3
18987.88,71.46,93,1.225,3281.3
18987.88,71.43,93,0.0,3281.3
18987.88,72.09,93,0.0,3281.3
18987.88,72.14,93,0.0,3281.3
18987.88,72.12,94,0.0,3281.3
18987.88,72.02,93,0.0,3281.3
18987.88,71.69,93,1.225,3281.3
18987.88,71.49,93,0.0,3281.3
18987.88,71.7,93,0.0,3281.3
18987.88,71.75,92,1.2125,3281.3
18987.88,72.3,92,0.0,3281.3
18987.88,72.32,94,0.0,3281.3
18987.88,72.59,94,0.0,3281.3
18987.88,73.36,92,1.225,3281.3
18987.88,73.25,92,0.0,3281.3
18987.88,73.18,94,0.0,3281.3
18987.88,73.16,94,0.0,3281.3
18987.88,73.14,93,1.2125,3281.3
18987.88,73.22,93,0.0,3281.3
18987.88,73.27,92,0.0,3281.3
18987.88,72.94,92,2.4375,3281.3
18987.88,72.8,85,1.2125,3281.3
18987.88,74.76,85,0.0,3281.3
18987.88,74.56,100,0.0,3281.3
18987.88,74.26,100,0.0,3281.3
18987.88,74.07,93,1.2125,3281.3
18987.88,73.67,93,0.0,3281.3
18987.88,74.68,93,0.0,3281.3
18987.88,74.57,93,1.1875,3281.3
18987.88,74.72,94,0.0,3281.3
18987.88,74.51,94,0.0,3281.3
18987.88,74.44,93,0.0,3281.3
18987.88,72.81,93,1.2125,3281.3
18987.88,72.29,93,0.0,3281.3
18987.88,71.99,93,0.0,3281.3
18987.88,72.35,94,1.225,3281.3
18987.88,72.36,94,0.0,3281.3
18987.88,72.38,93,0.0,3281.3
18987.88,71.8,93,0.0,3281.3
18987.88,71.63,94,1.2125,3281.3
18987.88,71.72,94,0.0,3281.3
18987.88,71.9,92,0.0,3281.3
18987.88,71.7,92,1.225,3281.3
18987.88,71.58,94,0.0,3281.3
18987.88,71.56,94,0.0,3281.3
18987.88,71.74,93,0.0,3281.3
18987.88,71.8,93,0.0,3281.3
18987.88,71.7,93,1.2,3281.3
18987.88,71.35,93,0.0,3281.3
18987.88,71.41,94,0.0,3281.3
18987.88,71.41,94,1.225,3281.3
18987.88,71.29,93,0.0,3281.3
18987.88,71.57,93,0.0,3281.3
18987.88,71.59,93,0.0,3281.3
18987.88,72.47,93,1.2125,3281.3
18987.88,72.39,92,0.0,3281.3
18987.88,72.31,92,0.0,3281.3
18987.88,72.31,93,0.0,3281.3
18987.88,72.82,93,1.1875,3281.3
18987.88,72.95,93,0.0,3281.3
18987.88,72.85,93,1.2125,3281.3
18987.88,72.85,92,1.2125,3281.3
18987.88,71.62,92,0.0,3281.3
18987.88,71.82,89,0.0,3281.3
18987.88,71.55,94,1.2125,3281.3
18987.88,71.55,94,0.0,3281.3
18987.88,71.57,93,0.0,3281.3
18987.88,71.37,93,1.2125,3281.3
18987.88,71.37,94,1.2125,3281.3
18987.88,70.9,94,0.0,3281.3
18987.88,70.72,92,0.0,3281.3
18987.88,70.72,92,1.2125,3281.3
18987.88,71.12,93,0.0,3281.3
18987.88,72.07,93,0.0,3281.3
18987.88,71.95,93,1.2125,3281.3
18987.88,72.01,93,0.0,3281.3
18987.88,72.34,93,0.0,3281.3
18987.88,72.29,93,0.0,3281.3
18987.88,71.86,95,1.2125,3281.3
18987.88,72.46,95,0.0,3281.3
18987.88,71.95,94,0.0,3281.3
18987.88,71.95,94,0.0,3281.3
18987.88,71.99,93,1.1875,3281.3
18987.88,71.77,93,0.0,3281.3
18987.88,72.3,94,0.0,3281.3
18987.88,71.97,94,1.225,3281.3
18987.88,71.62,94,0.0,3281.3
18987.88,71.85,94,0.0,3281.3
18987.88,71.7,94,0.0,3281.3
18987.88,72.0,95,1.225,3281.3
18987.88,71.44,95,0.0,3281.3
18987.88,72.0,95,1.2125,3281.3
18987.88,72.01,94,0.0,3281.3
18987.88,71.99,94,1.2125,3281.3
18987.88,72.29,94,0.0,3281.3
18987.88,71.86,94,0.0,3281.3
18987.88,72.37,93,0.0,3281.3
18987.88,72.09,93,1.2125,3281.3
18987.88,71.76,93,1.2125,3281.3
18987.88,72.32,93,0.0,3281.3
18987.88,71.73,83,1.2125,3281.3
18987.88,71.9,83,0.0,3281.3
18987.88,72.2,96,0.0,3281.3
18987.88,72.22,92,1.2125,3281.3
18987.88,72.31,92,0.0,3281.3
18987.88,72.51,94,1.2125,3281.3
18987.88,72.19,94,0.0,3281.3
18987.88,71.92,90,0.0,3281.3
18987.88,72.22,90,1.2125,3281.3
18987.88,71.98,93,0.0,3281.3
18987.88,71.43,93,0.0,3281.3
18987.88,71.63,93,1.2125,3281.3
18987.88,71.83,94,0.0,3281.3
18987.88,71.7,94,0.0,3281.3
18987.88,71.7,93,1.2125,3281.3
18987.88,71.66,93,0.0,3281.3
18987.88,72.06,92,0.0,3281.3
18987.88,72.18,92,0.0,3281.3
18987.88,72.18,93,0.0,3281.3
18987.88,71.53,93,1.2125,3281.3
18987.88,71.65,94,0.0,3281.3
18987.88,71.69,94,0.0,3281.3
18987.88,71.99,93,1.2125,3281.3
18987.88,71.34,93,1.2125,3281.3
18987.88,71.63,93,0.0,3281.3
18987.88,71.79,93,1.2125,3281.3
18987.88,71.16,93,0.0,3281.3
18987.88,71.23,93,0.0,3281.3
18987.88,71.14,93,0.0,3281.3
18987.88,71.41,93,1.175,3281.3
18987.88,71.84,93,0.0,3281.3
18987.88,71.35,93,0.0,3281.3
18987.88,71.7,93,1.2125,3281.3
18987.88,71.58,93,0.0,3281.3
18987.88,71.76,93,0.0,3281.3
18987.88,72.09,93,1.2125,3281.3
18987.88,71.9,92,1.2125,3281.3
18987.88,71.78,92,0.0,3281.3
18987.88,71.46,83,1.2125,3281.3
18987.88,70.93,83,0.0,3281.3
18987.88,71.18,96,0.0,3281.3
18987.88,71.31,96,1.2125,3281.3
18987.88,71.51,93,0.0,3281.3
18987.88,71.58,93,0.0,3281.3
18987.88,71.72,93,1.2125,3281.3
18987.88,71.69,93,0.0,3281.3
18987.88,71.35,93,1.2125,3281.3
18987.88,71.27,93,0.0,3281.3
18987.88,71.53,94,0.0,3281.3
18987.88,71.74,94,0.0,3281.3
18987.88,71.65,92,1.25,3281.3
18987.88,71.88,92,0.0,3281.3
18987.88,71.85,94,0.0,3281.3
18987.88,71.86,94,0.0,3281.3
18987.88,72.02,93,0.0,3281.3
18987.88,72.05,93,2.4875,3281.3
18987.88,72.27,92,0.0,3281.3
18987.88,73.03,87,0.0,3281.3
18987.88,72.92,87,0.0,3281.3
18987.88,72.37,92,1.25,3281.3
18987.88,72.44,92,0.0,3281.3
18987.88,73.41,93,0.0,3281.3
18987.88,72.97,93,0.0,3281.3
18987.88,72.91,93,1.2375,3281.3
18987.88,73.07,93,0.0,3281.3
18987.88,72.75,94,0.0,3281.3
18987.88,72.27,94,0.0,3281.3
18987.88,71.5,94,1.25,3281.3
18987.88,70.99,94,0.0,3281.3
18987.88,71.34,92,0.0,3281.3
18987.88,71.69,92,0.0,3281.3
18987.88,71.19,93,1.2375,3281.3
18987.88,71.65,93,0.0,3281.3
18987.88,71.62,93,0.0,3281.3
18987.88,71.63,93,1.25,3281.3
18987.88,71.96,93,0.0,3281.3
18987.88,71.12,92,0.0,3281.3
18987.88,71.25,92,1.25,3281.3
18987.88,71.16,93,0.0,3281.3
18987.88,71.62,93,0.0,3281.3
18987.88,72.31,94,1.25,3281.3
18987.88,71.8,94,0.0,3281.3
18987.88,72.0,94,0.0,3281.3
18987.88,72.13,94,0.0,3281.3
18987.88,72.13,94,3.725,3281.3
18987.88,69.61,94,0.0,3281.3
18987.88,69.61,84,0.0,3281.3
18987.88,68.5,84,1.2375,3281.3
18987.88,69.18,95,0.0,3281.3
18987.88,69.45,95,0.0,3281.3
18987.88,69.73,94,1.2375,3281.3
18987.88,69.72,94,0.0,3281.3
18987.88,69.72,93,0.0,3281.3
18987.88,69.53,93,0.0,3281.3
18987.88,69.33,94,1.25,3281.3
18987.88,69.41,94,0.0,3281.3
18987.88,71.42,94,0.0,3281.3
18987.88,71.48,94,1.2125,3281.3
18987.88,71.82,93,0.0,3281.3
18987.88,71.76,93,0.0,3281.3
18987.88,71.83,93,0.0,3281.3
18987.88,71.44,92,1.2125,3281.3
18987.88,71.58,92,0.0,3281.3
18987.88,71.86,93,0.0,3281.3
18987.88,72.27,93,1.2125,3281.3
18987.88,71.58,93,0.0,3281.3
18987.88,71.74,93,0.0,3281.3
18987.88,71.77,93,0.0,3281.3
18987.88,72.16,93,1.2125,3281.3
18987.88,72.47,94,0.0,3281.3
18987.88,72.07,94,0.0,3281.3
18987.88,72.51,93,1.2125,3281.3
18987.88,71.87,93,0.0,3281.3
18987.88,71.86,94,0.0,3281.3
18987.88,72.0,94,1.2125,3281.3
18987.88,71.4,94,0.0,3281.3
18987.88,71.82,94,0.0,3281.3
18987.88,71.56,93,1.2125,3281.3
18987.88,71.59,93,0.0,3281.3
18987.88,71.84,94,1.2125,3281.3
18987.88,71.61,94,0.0,3281.3
18987.88,72.06,94,1.2125,3281.3
18987.88,71.57,94,1.2125,3281.3
18987.88,71.93,94,0.0,3281.3
18987.88,71.86,90,0.0,3281.3
18987.88,71.59,90,1.2125,3281.3
18987.88,71.46,94,0.0,3281.3
18987.88,71.37,94,0.0,3281.3
18987.88,71.95,95,1.2125,3281.3
18987.88,72.14,95,0.0,3281.3
18987.88,72.02,94,0.0,3281.3
18987.88,72.25,94,0.0,3281.3
18987.88,71.53,93,1.2125,3281.3
18987.88,71.81,93,0.0,3281.3
18987.88,72.05,94,0.0,3281.3
18987.88,71.88,94,0.0,3281.3
18987.88,72.18,94,1.2125,3281.3
18987.88,72.42,94,0.0,3281.3
18987.88,72.41,93,0.0,3281.3
18987.88,72.24,93,1.2,3281.3
18987.88,72.43,94,0.0,3281.3
18987.88,71.9,94,0.0,3281.3
18987.88,72.55,93,1.2,3281.3
18987.88,72.4,93,0.0,3281.3
18987.88,72.05,94,0.0,3281.3
18987.88,72.15,94,1.2125,3281.3
18987.88,71.78,93,0.0,3281.3
18987.88,72.27,93,0.0,3281.3
18987.88,72.37,93,1.1875,3281.3
18987.88,72.27,93,1.2125,3281.3
18987.88,72.41,94,0.0,3281.3
18987.88,71.9,94,0.0,3281.3
18987.88,72.32,94,1.225,3281.3
18987.88,71.75,94,0.0,3281.3
18987.88,71.73,94,0.0,3281.3
18987.88,71.87,83,1.2125,3281.3
18987.88,73.89,83,1.2125,3281.3
18987.88,73.44,97,0.0,3281.3
18987.88,73.34,97,0.0,3281.3
18987.88,73.44,93,1.2125,3281.3
18987.88,73.47,93,0.0,3281.3
18987.88,73.61,93,0.0,3281.3
18987.88,73.75,93,1.2125,3281.3
18987.88,73.77,93,0.0,3281.3
18987.88,73.81,93,0.0,3281.3
18987.88,74.0,94,0.0,3281.3
18987.88,72.19,94,1.25,3281.3
18987.88,72.22,96,0.0,3281.3
18987.88,72.45,96,0.0,3281.3
18987.88,72.59,96,0.0,3281.3
18987.88,72.47,96,1.25,3281.3
18987.88,72.47,95,0.0,3281.3
18987.88,72.35,95,0.0,3281.3
18987.88,72.14,95,0.0,3281.3
18987.88,72.12,95,1.25,3281.3
18987.88,72.12,93,0.0,3281.3
18987.88,72.04,93,0.0,3281.3
18987.88,71.78,91,0.0,3281.3
18987.88,71.91,91,1.25,3281.3
18987.88,72.26,94,0.0,3281.3
18987.88,71.87,94,0.0,3281.3
18987.88,72.17,94,1.2375,3281.3
18987.88,72.17,93,0.0,3281.3
18987.88,72.49,93,0.0,3281.3
18987.88,72.54,92,0.0,3281.3
18987.88,72.59,92,1.25,3281.3
18987.88,72.59,94,0.0,3281.3
18987.88,72.53,94,0.0,3281.3
18987.88,72.42,94,1.25,3281.3
18987.88,72.86,94,0.0,3281.3
18987.88,72.96,95,0.0,3281.3
18987.88,72.51,95,0.0,3281.3
18987.88,72.77,94,0.0,3281.3
18987.88,72.2,94,3.7375,3281.3
18987.88,71.77,94,0.0,3281.3
18987.88,73.57,87,0.0,3281.3
18987.88,72.92,87,0.0,3281.3
18987.88,72.47,94,1.25,3281.3
18987.88,72.71,94,0.0,3281.3
18987.88,73.09,93,0.0,3281.3
18987.88,73.1,93,0.0,3281.3
18987.88,73.11,93,1.25,3281.3
18987.88,73.01,93,0.0,3281.3
18987.88,73.5,93,0.0,3281.3
18987.88,73.48,93,0.0,3281.3
18987.88,71.72,93,0.0,3281.3
18987.88,71.73,93,1.2375,3281.3
18987.88,72.55,93,0.0,3281.3
18987.88,72.69,93,0.0,3281.3
18987.88,72.2,93,1.25,3281.3
18987.88,72.5,93,0.0,3281.3
18987.88,71.92,93,0.0,3281.3
18987.88,72.16,93,1.25,3281.3
18987.88,72.24,94,0.0,3281.3
18987.88,71.6,94,0.0,3281.3
18987.88,71.58,93,0.0,3281.3
18987.88,71.66,93,1.2125,3281.3
18987.88,72.2,93,0.0,3281.3
18987.88,72.4,93,0.0,3281.3
18987.88,71.83,93,0.0,3281.3
18987.88,71.86,93,1.225,3281.3
18987.88,71.81,93,0.0,3281.3
18987.88,72.09,93,0.0,3281.3
18987.88,72.33,94,0.0,3281.3
18987.88,71.76,94,2.4375,3281.3
18987.88,72.0,93,0.0,3281.3
18987.88,72.23,93,0.0,3281.3
18987.88,71.95,93,1.2125,3281.3
18987.88,72.15,93,0.0,3281.3
18987.88,71.59,93,0.0,3281.3
18987.88,71.94,94,0.0,3281.3
18987.88,72.15,94,1.2125,3281.3
18987.88,71.8,82,1.2125,3281.3
18987.88,68.42,82,0.0,3281.3
18987.88,68.42,94,0.0,3281.3
18987.88,68.12,94,1.225,3281.3
18987.88,67.98,93,0.0,3281.3
18987.88,68.45,93,0.0,3281.3
18987.88,68.33,94,0.0,3281.3
18987.88,68.97,94,1.2125,3281.3
18987.88,68.34,92,0.0,3281.3
18987.88,68.11,92,0.0,3281.3
18987.88,68.38,93,1.2125,3281.3
18987.88,71.06,93,0.0,3281.3
18987.88,71.2,93,0.0,3281.3
18987.88,71.87,93,1.2125,3281.3
18987.88,72.29,91,0.0,3281.3
18987.88,72.45,91,0.0,3281.3
18987.88,70.96,90,1.2125,3281.3
18987.88,70.88,90,0.0,3281.3
18987.88,69.9,91,1.225,3281.3
18987.88,70.35,91,0.0,3281.3
18987.88,70.61,93,1.225,3281.3
18987.88,70.73,93,1.2125,3281.3
18987.88,70.6,92,0.0,3281.3
18987.88,70.54,92,0.0,3281.3
18987.88,70.94,93,0.0,3281.3
18987.88,70.79,93,0.0,3281.3
18987.88,70.76,95,1.225,3281.3
18987.88,71.46,95,0.0,3281.3
18987.88,71.21,93,0.0,3281.3
18987.88,71.97,93,0.0,3281.3
18987.88,72.18,94,0.0,3281.3
18987.88,72.24,94,1.225,3281.3
18987.88,71.6,94,0.0,3281.3
18987.88,72.33,94,0.0,3281.3
18987.88,72.14,94,0.0,3281.3
18987.88,71.84,94,1.225,3281.3
18987.88,72.17,94,0.0,3281.3
18987.88,71.7,94,0.0,3281.3
18987.88,72.26,93,0.0,3281.3
18987.88,72.19,93,1.225,3281.3
18987.88,72.07,94,1.225,3281.3
18987.88,72.07,94,0.0,3281.3
18987.88,71.77,93,0.0,3281.3
18987.88,72.3,92,0.0,3281.3
18987.88,72.0,92,1.2,3281.3
18987.88,72.29,94,0.0,3281.3
18987.88,71.9,94,0.0,3281.3
18987.88,72.27,94,0.0,3281.3
18987.88,71.92,94,1.225,3281.3
18987.88,72.08,94,0.0,3281.3
18987.88,72.22,94,0.0,3281.3
18987.88,72.1,94,0.0,3281.3
18987.88,72.44,94,0.0,3281.3
18987.88,72.06,94,1.225,3281.3
18987.88,72.24,94,1.225,3281.3
18987.88,72.83,83,0.0,3281.3
18987.88,72.69,83,1.225,3281.3
18987.88,72.04,99,0.0,3281.3
18987.88,71.72,99,0.0,3281.3
18987.88,72.38,99,0.0,3281.3
18987.88,72.58,94,1.225,3281.3
18987.88,72.81,94,0.0,3281.3
18987.88,72.64,94,0.0,3281.3
18987.88,72.38,93,0.0,3281.3
18987.88,72.71,93,0.0,3281.3
18987.88,72.41,93,1.225,3281.3
18987.88,71.81,93,0.0,3281.3
18987.88,71.84,93,0.0,3281.3
18987.88,71.84,94,0.0,3281.3
18987.88,72.77,94,1.2125,3281.3
18987.88,73.11,94,0.0,3281.3
18987.88,72.25,94,0.0,3281.3
18987.88,72.19,94,2.4375,3281.3
18987.88,72.5,82,1.2125,3281.3
18987.88,72.5,82,0.0,3281.3
18987.88,72.13,100,0.0,3281.3
18987.88,71.04,100,1.1875,3281.3
18987.88,71.16,92,0.0,3281.3
18987.88,71.42,92,0.0,3281.3
18987.88,71.29,94,0.0,3281.3
18987.88,71.36,94,1.2125,3281.3
18987.88,71.49,94,0.0,3281.3
18987.88,71.32,94,0.0,3281.3
18987.88,71.36,94,1.2125,3281.3
18987.88,71.01,94,0.0,3281.3
18987.88,70.89,92,0.0,3281.3
18987.88,70.84,92,1.2125,3281.3
18987.88,71.83,92,0.0,3281.3
18987.88,71.71,92,0.0,3281.3
18987.88,71.56,94,1.2125,3281.3
18987.88,71.55,94,0.0,3281.3
18987.88,71.45,94,0.0,3281.3
18987.88,71.83,94,0.0,3281.3
18987.88,71.95,92,1.2125,3281.3
18987.88,71.85,92,0.0,3281.3
18987.88,71.72,93,0.0,3281.3
18987.88,71.97,93,1.225,3281.3
18987.88,72.26,94,0.0,3281.3
18987.88,72.2,92,0.0,3281.3
18987.88,72.18,92,1.2125,3281.3
18987.88,72.19,93,0.0,3281.3
18987.88,72.03,93,0.0,3281.3
18987.88,71.73,94,0.0,3281.3
18987.88,71.83,94,1.2375,3281.3
18987.88,71.44,93,0.0,3281.3
18987.88,71.83,93,0.0,3281.3
18987.88,71.95,93,1.2125,3281.3
18987.88,72.02,93,0.0,3281.3
18987.88,72.01,93,0.0,3281.3
18987.88,71.98,93,1.2125,3281.3
18987.88,71.99,94,0.0,3281.3
18987.88,71.99,94,1.2125,3281.3
18987.88,72.81,93,2.425,3281.3
18987.88,72.81,93,0.0,3281.3
18987.88,73.18,85,0.0,3281.3
18987.88,73.2,85,0.0,3281.3
18987.88,72.98,96,0.0,3281.3
18987.88,73.07,96,1.2125,3281.3
18987.88,73.0,92,0.0,3281.3
18987.88,73.68,92,0.0,3281.3
18987.88,73.7,93,1.2125,3281.3
18987.88,73.65,93,0.0,3281.3
18987.88,74.17,93,0.0,3281.3
18987.88,74.19,93,1.2125,3281.3
18987.88,73.34,94,0.0,3281.3
18987.88,72.99,94,0.0,3281.3
18987.88,72.81,93,0.0,3281.3
18987.88,73.07,93,1.2125,3281.3
18987.88,72.59,93,0.0,3281.3
18987.88,72.55,93,0.0,3281.3
18987.88,72.55,94,1.2125,3281.3
18987.88,72.16,94,1.2125,3281.3
18987.88,72.01,93,0.0,3281.3
18987.88,71.95,93,0.0,3281.3
18987.88,71.47,93,1.225,3281.3
18987.88,71.11,92,0.0,3281.3
18987.88,71.75,92,0.0,3281.3
18987.88,71.48,94,1.2125,3281.3
18987.88,71.37,94,0.0,3281.3
18987.88,72.01,93,0.0,3281.3
18987.88,71.58,93,0.0,3281.3
18987.88,71.25,94,1.2125,3281.3
18987.88,71.36,94,0.0,3281.3
18987.88,71.6,93,0.0,3281.3
18987.88,71.6,93,1.2125,3281.3
18987.88,71.41,93,0.0,3281.3
18987.88,71.23,93,0.0,3281.3
18987.88,71.9,94,0.0,3281.3
18987.88,71.62,94,1.1875,3281.3
18987.88,71.42,93,0.0,3281.3
18987.88,72.03,93,0.0,3281.3
18987.88,71.91,93,2.425,3281.3
18987.88,71.86,93,0.0,3281.3
18987.88,73.08,81,0.0,3281.3
18987.88,73.19,81,2.425,3281.3
18987.88,73.25,94,0.0,3281.3
18987.88,73.71,94,0.0,3281.3
18987.88,74.01,94,0.0,3281.3
18987.88,73.57,94,1.2125,3281.3
18987.88,73.89,93,0.0,3281.3
18987.88,74.15,93,0.0,3281.3
18987.88,73.55,93,1.2125,3281.3
18987.88,73.7,93,0.0,3281.3
18987.88,73.2,93,0.0,3281.3
18987.88,72.3,93,1.2125,3281.3
18987.88,72.38,93,0.0,3281.3
18987.88,71.99,93,0.0,3281.3
18987.88,71.95,91,1.2125,3281.3
18987.88,72.12,91,0.0,3281.3
18987.88,72.1,91,0.0,3281.3
18987.88,72.1,93,1.2125,3281.3
18987.88,71.83,93,0.0,3281.3
18987.88,71.78,93,0.0,3281.3
18987.88,71.64,93,0.0,3281.3
18987.88,71.64,93,1.2125,3281.3
18987.88,71.85,93,1.1625,3281.3
18987.88,71.6,89,2.425,3281.3
18987.88,71.83,89,0.0,3281.3
18987.88,70.49,86,0.0,3281.3
18987.88,70.86,86,0.0,3281.3
18987.88,71.2,93,1.2125,3281.3
18987.88,71.35,93,0.0,3281.3
18987.88,71.22,92,0.0,3281.3
18987.88,71.78,92,1.2125,3281.3
18987.88,71.46,94,0.0,3281.3
18987.88,71.46,94,0.0,3281.3
18987.88,71.34,92,0.0,3281.3
18987.88,71.95,92,1.2125,3281.3
18987.88,72.44,93,0.0,3281.3
18987.88,71.96,93,0.0,3281.3
18987.88,71.94,92,0.0,3281.3
18987.88,71.81,92,1.2375,3281.3
18987.88,71.91,93,0.0,3281.3
18987.88,71.91,93,0.0,3281.3
18987.88,72.17,94,0.0,3281.3
18987.88,71.78,94,1.2375,3281.3
18987.88,72.18,93,0.0,3281.3
18987.88,72.17,93,0.0,3281.3
18987.88,71.92,93,1.2375,3281.3
18987.88,72.33,93,0.0,3281.3
18987.88,71.91,92,0.0,3281.3
18987.88,72.36,92,1.25,3281.3
18987.88,72.45,93,0.0,3281.3
18987.88,71.81,93,1.25,3281.3
18987.88,71.79,92,0.0,3281.3
18987.88,71.71,93,1.2375,3281.3
18987.88,71.94,93,0.0,3281.3
18987.88,72.14,92,0.0,3281.3
18987.88,71.83,92,0.0,3281.3
18987.88,72.1,93,1.25,3281.3
18987.88,72.16,93,0.0,3281.3
18987.88,72.0,92,0.0,3281.3
18987.88,71.89,92,0.0,3281.3
18987.88,71.89,92,1.2375,3281.3
18987.88,72.02,92,1.25,3281.3
18987.88,72.14,82,0.0,3281.3
18987.88,73.95,82,0.0,3281.3
18987.88,73.83,96,1.2375,3281.3
18987.88,73.48,96,0.0,3281.3
18987.88,73.74,94,0.0,3281.3
18987.88,73.25,94,1.25,3281.3
18987.88,73.94,93,0.0,3281.3
18987.88,74.02,93,0.0,3281.3
18987.88,73.8,93,1.25,3281.3
18987.88,74.2,93,0.0,3281.3
18987.88,74.2,93,0.0,3281.3
18987.88,71.6,93,0.0,3281.3
18987.88,71.68,93,0.0,3281.3
18987.88,72.41,93,1.25,3281.3
18987.88,72.68,93,0.0,3281.3
18987.88,72.28,92,0.0,3281.3
18987.88,72.28,92,1.25,3281.3
18987.88,72.62,93,0.0,3281.3
18987.88,72.61,93,0.0,3281.3
18987.88,72.16,93,1.25,3281.3
18987.88,72.13,93,0.0,3281.3
18987.88,72.1,93,1.2125,3281.3
18987.88,72.34,93,0.0,3281.3
18987.88,72.93,85,0.0,3281.3
18987.88,72.93,85,1.2125,3281.3
18987.88,72.11,96,0.0,3281.3
18987.88,72.5,96,1.2125,3281.3
18987.88,72.5,94,0.0,3281.3
18987.88,72.26,94,1.225,3281.3
18987.88,72.3,93,0.0,3281.3
18987.88,72.36,93,0.0,3281.3
18987.88,72.32,93,0.0,3281.3
18987.88,72.32,93,1.225,3281.3
18987.88,71.82,93,0.0,3281.3
18987.88,71.82,93,0.0,3281.3
18987.88,71.49,93,0.0,3281.3
18987.88,71.79,92,1.2125,3281.3
18987.88,71.28,92,0.0,3281.3
18987.88,71.54,93,0.0,3281.3
18987.88,71.43,93,0.0,3281.3
18987.88,71.78,92,0.0,3281.3
18987.88,71.78,92,1.225,3281.3
18987.88,71.2,92,0.0,3281.3
18987.88,71.25,92,0.0,3281.3
18987.88,71.29,94,1.2125,3281.3
18987.88,71.58,94,0.0,3281.3
18987.88,72.2,93,0.0,3281.3
18987.88,71.56,93,1.2125,3281.3
18987.88,71.86,93,1.2125,3281.3
18987.88,71.86,93,0.0,3281.3
18987.88,71.48,93,0.0,3281.3
18987.88,71.84,93,0.0,3281.3
18987.88,71.93,91,1.225,3281.3
18987.88,72.11,91,0.0,3281.3
18987.88,72.32,91,0.0,3281.3
18987.88,72.44,93,1.2125,3281.3
18987.88,72.83,93,0.0,3281.3
18987.88,72.74,91,1.2125,3281.3
18987.88,72.65,91,0.0,3281.3
18987.88,72.6,94,1.15,3281.3
18987.88,72.34,94,0.0,3281.3
18987.88,71.76,84,1.25,3281.3
18987.88,70.5,84,0.0,3281.3
18987.88,70.87,94,0.0,3281.3
18987.88,71.43,94,1.2375,3281.3
18987.88,71.41,92,0.0,3281.3
18987.88,71.65,92,0.0,3281.3
18987.88,71.03,93,0.0,3281.3
18987.88,71.63,93,1.2375,3281.3
18987.88,71.57,94,0.0,3281.3
18987.88,71.4,94,0.0,3281.3
18987.88,71.86,93,0.0,3281.3
18987.88,71.43,93,1.2375,3281.3
18987.88,72.35,92,0.0,3281.3
18987.88,72.52,92,0.0,3281.3
18987.88,71.77,93,1.25,3281.3
18987.88,71.78,93,0.0,3281.3
18987.88,71.86,93,0.0,3281.3
18987.88,71.95,93,0.0,3281.3
18987.88,72.04,94,1.2375,3281.3
18987.88,71.55,94,0.0,3281.3
18987.88,71.42,93,0.0,3281.3
18987.88,71.3,93,1.2375,3281.3
18987.88,72.03,93,0.0,3281.3
18987.88,72.36,93,0.0,3281.3
18987.88,71.99,91,0.0,3281.3
18987.88,72.37,91,1.2375,3281.3
18987.88,72.5,94,0.0,3281.3
18987.88,71.47,94,0.0,3281.3
18987.88,71.45,92,0.0,3281.3
18987.88,71.38,92,1.25,3281.3
18987.88,71.66,93,1.25,3281.43
18987.88,71.89,93,0.0,3281.43
18987.88,71.57,93,0.0,3281.43
18987.88,71.65,93,1.25,3281.43
18987.88,71.74,93,0.0,3281.43
18987.88,71.74,93,0.0,3281.43
18987.88,72.13,94,1.225,3281.43
18987.88,72.13,94,0.0,3281.43
18987.88,71.66,92,1.2375,3281.43
18987.88,71.66,92,0.0,3281.43
18987.88,72.09,86,0.0,3281.43
18987.88,71.72,86,1.25,3281.43
18987.88,71.82,93,0.0,3281.43
18987.88,72.15,93,0.0,3281.43
18987.88,72.36,94,0.0,3281.43
18987.88,72.32,94,1.25,3281.43
18987.88,72.31,94,0.0,3281.43
18987.88,72.21,94,0.0,3281.43
18987.88,72.67,93,0.0,3281.43
18987.88,72.56,93,1.225,3281.43
18987.88,71.94,93,0.0,3281.43
18987.88,71.82,93,0.0,3281.43
18987.88,72.66,94,0.0,3281.43
18987.88,72.31,94,0.0,3281.43
18987.88,72.45,93,1.225,3281.43
18987.88,72.51,93,0.0,3281.43
18987.88,72.33,93,0.0,3281.43
18987.88,72.48,93,1.225,3281.43
18987.88,71.98,93,0.0,3281.43
18987.88,72.17,93,0.0,3281.43
18987.88,72.26,94,1.2125,3281.43
18987.88,72.15,94,0.0,3281.43
18987.88,72.61,92,0.0,3281.43
18987.88,72.04,92,0.0,3281.43
18987.88,72.4,93,1.2,3281.43
18987.88,72.55,92,0.0,3281.43
18987.88,72.05,92,0.0,3281.43
18987.88,71.82,93,1.225,3281.43
18987.88,71.71,93,0.0,3281.43
18987.88,71.87,94,0.0,3281.43
18987.88,71.65,94,0.0,3281.43
18987.88,71.71,93,0.0,3281.43
18987.88,71.6,93,1.225,3281.43
18987.88,71.94,94,0.0,3281.43
18987.88,72.07,94,0.0,3281.43
18987.88,71.69,93,0.0,3281.43
18987.88,72.09,93,2.4375,3281.43
18987.88,74.29,82,0.0,3281.43
18987.88,73.96,82,0.0,3281.43
18987.88,74.03,100,1.225,3281.43
18987.88,73.75,100,0.0,3281.43
18987.88,74.26,93,0.0,3281.43
18987.88,74.75,93,0.0,3281.43
18987.88,74.6,93,0.0,3281.43
18987.88,74.6,93,1.225,3281.43
18987.88,74.66,95,0.0,3281.43
18987.88,74.69,95,0.0,3281.43
18987.88,74.45,93,0.0,3281.43
18987.88,74.26,93,1.225,3281.43
18987.88,71.9,93,0.0,3281.43
18987.88,71.81,93,0.0,3281.43
18987.88,72.25,93,0.0,3281.43
18987.88,72.12,93,2.45,3281.43
18987.88,72.01,94,0.0,3281.43
18987.88,71.76,94,0.0,3281.43
18987.88,71.75,93,0.0,3281.43
18987.88,71.77,93,0.0,3281.43
18987.88,71.91,93,1.2125,3281.43
18987.88,71.78,93,0.0,3281.43
18987.88,71.76,94,1.225,3281.43
18987.88,70.97,94,1.2125,3281.43
18987.88,71.35,83,0.0,3281.43
18987.88,70.45,83,0.0,3281.43
18987.88,70.67,95,0.0,3281.43
18987.88,71.02,95,1.225,3281.43
18987.88,71.02,95,0.0,3281.43
18987.88,71.04,95,0.0,3281.43
18987.88,71.06,95,0.0,3281.43
18987.88,71.16,95,0.0,3281.43
18987.88,71.35,95,0.0,3281.43
18987.88,71.02,95,1.2375,3281.43
18987.88,72.27,95,0.0,3281.43
18987.88,71.61,95,0.0,3281.43
18987.88,72.24,95,0.0,3281.43
18987.88,72.25,95,0.0,3281.43
18987.88,72.27,95,0.0,3281.43
18987.88,72.31,95,1.225,3281.43
18987.88,72.25,95,0.0,3281.43
18987.88,71.25,93,0.0,3281.43
18987.88,71.11,93,1.225,3281.43
18987.88,71.36,93,0.0,3281.43
18987.88,71.09,93,1.225,3281.43
18987.88,71.72,93,0.0,3281.43
18987.88,71.55,93,0.0,3281.43
18987.88,71.42,92,0.0,3281.43
18987.88,71.78,92,1.2125,3281.43
18987.88,71.14,92,0.0,3281.43
18987.88,70.97,92,0.0,3281.43
18987.88,70.89,93,1.225,3281.43
18987.88,71.82,93,0.0,3281.43
18987.88,72.03,93,0.0,3281.43
18987.88,71.83,93,0.0,3281.43
18987.88,72.21,92,1.2125,3281.43
18987.88,72.18,92,0.0,3281.43
18987.88,72.22,92,0.0,3281.43
18987.88,72.19,92,1.225,3281.43
18987.88,72.0,92,0.0,3281.43
18987.88,71.98,93,0.0,3281.43
18987.88,72.13,92,1.225,3281.43
18987.88,72.52,85,0.0,3281.43
18987.88,72.5,85,1.225,3281.43
18987.88,72.32,97,0.0,3281.43
18987.88,71.87,97,1.2125,3281.43
18987.88,72.11,92,0.0,3281.43
18987.88,71.68,92,1.2125,3281.43
18987.88,71.94,93,0.0,3281.43
18987.88,71.86,93,0.0,3281.43
18987.88,71.86,93,1.2125,3281.43
18987.88,72.25,91,0.0,3281.43
18987.88,72.3,91,0.0,3281.43
18987.88,72.07,93,0.0,3281.43
18987.88,72.16,93,1.225,3281.43
18987.88,72.93,94,0.0,3281.43
18987.88,72.58,94,0.0,3281.43
18987.88,72.8,93,0.0,3281.43
18987.88,73.06,92,1.225,3281.43
18987.88,72.35,92,0.0,3281.43
18987.88,72.45,92,0.0,3281.43
18987.88,72.61,92,0.0,3281.43
18987.88,71.83,92,1.1375,3281.43
18987.88,72.83,92,1.2375,3281.43
18987.88,72.82,86,1.25,3281.43
18987.88,72.23,86,0.0,3281.43
18987.88,72.47,93,0.0,3281.43
18987.88,72.75,93,0.0,3281.43
18987.88,73.19,94,1.225,3281.43
18987.88,72.34,94,0.0,3281.43
18987.88,72.8,94,0.0,3281.43
18987.88,73.16,92,0.0,3281.43
18987.88,73.16,92,0.0,3281.43
18987.88,72.59,93,1.225,3281.43
18987.88,73.42,93,0.0,3281.43
18987.88,71.57,93,0.0,3281.43
18987.88,72.19,93,1.225,3281.43
18987.88,71.6,93,0.0,3281.43
18987.88,71.61,93,0.0,3281.43
18987.88,71.69,93,1.2125,3281.43
18987.88,72.09,91,0.0,3281.43
18987.88,72.14,91,1.2125,3281.43
18987.88,73.75,82,0.0,3281.43
18987.88,73.87,82,1.2125,3281.43
18987.88,72.87,96,0.0,3281.43
18987.88,73.59,96,0.0,3281.43
18987.88,74.19,92,1.225,3281.43
18987.88,74.14,92,0.0,3281.43
18987.88,74.78,93,0.0,3281.43
18987.88,74.29,93,1.225,3281.43
18987.88,73.87,93,0.0,3281.43
18987.88,74.04,93,1.2125,3281.43
18987.88,73.67,92,0.0,3281.43
18987.88,71.78,92,1.2125,3281.43
18987.88,71.6,93,0.0,3281.43
18987.88,72.31,93,0.0,3281.43
18987.88,72.34,94,1.225,3281.43
18987.88,71.69,92,0.0,3281.43
18987.88,71.92,92,0.0,3281.43
18987.88,72.15,93,0.0,3281.43
18987.88,72.39,93,0.0,3281.43
18987.88,71.46,92,1.2125,3281.43
18987.88,71.47,92,0.0,3281.43
18987.88,71.48,93,0.0,3281.43
18987.88,71.6,93,1.2125,3281.43
18987.88,71.8,93,0.0,3281.43
18987.88,71.24,93,0.0,3281.43
18987.88,71.59,93,0.0,3281.43
18987.88,71.63,93,1.2125,3281.43
18987.88,71.12,93,0.0,3281.43
18987.88,71.33,93,0.0,3281.43
18987.88,70.62,93,1.2125,3281.43
18987.88,71.35,93,0.0,3281.43
18987.88,71.57,94,0.0,3281.43
18987.88,71.19,94,0.0,3281.43
18987.88,71.53,93,2.4375,3281.43
18987.88,71.7,93,0.0,3281.43
18987.88,71.66,90,0.0,3281.43
18987.88,71.75,93,1.2125,3281.43
18987.88,71.86,93,1.2125,3281.43
18987.88,69.87,85,0.0,3281.43
18987.88,69.36,85,0.0,3281.43
18987.88,68.94,85,1.2125,3281.43
18987.88,69.16,95,0.0,3281.43
18987.88,69.19,93,0.0,3281.43
18987.88,69.93,93,0.0,3281.43
18987.88,69.35,93,1.2125,3281.43
18987.88,69.96,93,0.0,3281.43
18987.88,69.59,93,0.0,3281.43
18987.88,69.66,93,0.0,3281.43
18987.88,71.29,93,1.2125,3281.43
18987.88,71.31,93,0.0,3281.43
18987.88,72.1,93,0.0,3281.43
18987.88,71.5,94,1.2125,3281.43
18987.88,71.68,94,0.0,3281.43
18987.88,71.68,92,0.0,3281.43
18987.88,71.49,92,0.0,3281.43
18987.88,71.91,93,1.2125,3281.43
18987.88,71.96,93,0.0,3281.43
18987.88,71.38,93,0.0,3281.43
18987.88,71.54,93,2.425,3281.43
18987.88,71.28,93,0.0,3281.43
18987.88,71.29,87,0.0,3281.43
18987.88,71.94,87,0.0,3281.43
18987.88,72.12,91,0.0,3281.43
18987.88,72.92,91,1.2375,3281.43
18987.88,72.78,89,0.0,3281.43
18987.88,72.94,89,0.0,3281.43
18987.88,72.48,94,0.0,3281.43
18987.88,72.87,94,1.2375,3281.43
18987.88,72.95,94,0.0,3281.43
18987.88,72.63,94,0.0,3281.43
18987.88,73.37,94,0.0,3281.43
18987.88,72.69,94,1.2375,3281.43
18987.88,72.57,93,0.0,3281.43
18987.88,72.46,93,0.0,3281.43
18987.88,72.27,93,0.0,3281.43
18987.88,72.47,93,1.2375,3281.43
18987.88,71.88,92,1.25,3281.43
18987.88,72.76,92,0.0,3281.43
18987.88,72.41,83,1.25,3281.43
18987.88,71.88,83,0.0,3281.43
18987.88,71.78,94,0.0,3281.43
18987.88,71.69,94,0.0,3281.43
18987.88,72.34,94,1.2375,3281.43
18987.88,72.45,94,0.0,3281.43
18987.88,72.6,94,0.0,3281.43
18987.88,72.28,94,1.25,3281.43
18987.88,71.83,93,0.0,3281.43
18987.88,72.24,93,0.0,3281.43
18987.88,71.37,94,0.0,3281.43
18987.88,71.75,94,0.0,3281.43
18987.88,71.8,93,1.25,3281.43
18987.88,72.16,93,0.0,3281.43
18987.88,72.34,92,0.0,3281.43
18987.88,71.97,94,1.25,3281.43
18987.88,72.21,94,0.0,3281.43
18987.88,71.65,94,0.0,3281.43
18987.88,71.65,92,0.0,3281.43
18987.88,72.11,92,1.25,3281.43
18987.88,71.63,92,0.0,3281.43
18987.88,71.87,92,0.0,3281.43
18987.88,71.74,93,0.0,3281.43
18987.88,72.46,93,1.25,3281.43
18987.88,72.81,93,1.25,3281.43
18987.88,72.31,93,0.0,3281.43
18987.88,72.42,93,0.0,3281.43
18987.88,72.27,93,0.0,3281.43
18987.88,72.5,93,0.0,3281.43
18987.88,72.55,93,1.25,3281.43
18987.88,72.15,92,0.0,3281.43
18987.88,72.43,92,1.2125,3281.43
18987.88,72.48,94,0.0,3281.43
18987.88,72.29,94,0.0,3281.43
18987.88,72.19,92,0.0,3281.43
18987.88,72.18,92,1.2125,3281.43
18987.88,72.3,92,0.0,3281.43
18987.88,72.28,91,1.2125,3281.43
18987.88,72.31,91,1.2125,3281.43
18987.88,71.36,85,0.0,3281.43
18987.88,71.6,85,0.0,3281.43
18987.88,72.08,94,0.0,3281.43
18987.88,71.88,94,1.2125,3281.43
18987.88,72.49,92,0.0,3281.43
18987.88,72.78,92,0.0,3281.43
18987.88,72.44,92,1.2125,3281.43
18987.88,72.62,92,0.0,3281.43
18987.88,72.03,93,0.0,3281.43
18987.88,71.94,93,1.2125,3281.43
18987.88,71.94,93,0.0,3281.43
18987.88,72.64,93,0.0,3281.43
18987.88,73.0,94,0.0,3281.43
18987.88,72.47,94,1.2125,3281.43
18987.88,69.72,84,1.225,3281.43
18987.88,69.41,84,0.0,3281.43
18987.88,69.14,84,1.2125,3281.43
18987.88,68.85,97,0.0,3281.43
18987.88,68.85,97,0.0,3281.43
18987.88,68.89,93,1.2125,3281.43
18987.88,69.52,93,0.0,3281.43
18987.88,69.26,93,0.0,3281.43
18987.88,69.26,92,1.2125,3281.43
18987.88,69.03,92,1.2125,3281.43
18987.88,69.35,92,0.0,3281.43
18987.88,72.58,92,0.0,3281.43
18987.88,72.29,93,0.0,3281.43
18987.88,72.19,93,1.2,3281.43
18987.88,72.07,92,0.0,3281.43
18987.88,71.98,92,0.0,3281.43
18987.88,71.77,94,0.0,3281.43
18987.88,71.83,94,0.0,3281.43
18987.88,72.12,94,1.225,3281.43
18987.88,71.59,94,1.225,3281.43
18987.88,71.84,92,0.0,3281.43
18987.88,72.05,92,0.0,3281.43
18987.88,71.75,91,1.2125,3281.43
18987.88,71.99,91,0.0,3281.43
18987.88,72.11,94,0.0,3281.43
18987.88,72.15,94,0.0,3281.43
18987.88,72.01,93,1.225,3281.43
18987.88,72.12,93,0.0,3281.43
18987.88,72.43,93,0.0,3281.43
18987.88,72.41,93,0.0,3281.43
18987.88,72.38,93,0.0,3281.43
18987.88,72.49,94,1.2125,3281.43
18987.88,72.22,94,0.0,3281.43
18987.88,72.12,93,0.0,3281.43
18987.88,72.43,93,0.0,3281.43
18987.88,72.64,92,1.25,3281.43
18987.88,72.98,92,0.0,3281.43
18987.88,73.25,93,0.0,3281.43
18987.88,72.76,93,0.0,3281.43
18987.88,69.27,80,2.4875,3281.43
18987.88,69.54,80,1.2375,3281.43
18987.88,68.55,98,0.0,3281.43
18987.88,68.56,98,0.0,3281.43
18987.88,68.96,93,0.0,3281.43
18987.88,68.51,93,1.2375,3281.43
18987.88,68.6,92,0.0,3281.43
18987.88,68.2,92,0.0,3281.43
18987.88,68.07,93,0.0,3281.43
18987.88,68.35,93,1.25,3281.43
18987.88,67.99,92,0.0,3281.43
18987.88,71.11,92,0.0,3281.43
18987.88,71.15,93,0.0,3281.43
18987.88,72.27,93,1.2375,3281.43
18987.88,72.6,91,0.0,3281.43
18987.88,72.02,91,0.0,3281.43
18987.88,72.37,92,1.2375,3281.43
18987.88,72.27,92,0.0,3281.43
18987.88,72.37,91,0.0,3281.43
18987.88,72.17,91,1.25,3281.43
18987.88,72.33,91,0.0,3281.43
18987.88,72.37,94,0.0,3281.43
18987.88,72.52,94,0.0,3281.43
18987.88,72.48,93,0.0,3281.43
18987.88,72.62,91,1.25,3281.43
18987.88,72.46,91,0.0,3281.43
18987.88,72.46,91,0.0,3281.43
18987.88,72.37,93,1.25,3281.43
18987.88,72.18,93,0.0,3281.43
18987.88,72.2,93,0.0,3281.43
18987.88,72.2,93,0.0,3281.43
18987.88,72.52,93,1.2375,3281.43
18987.88,71.68,93,0.0,3281.43
18987.88,71.83,93,0.0,3281.43
18987.88,71.94,93,1.2375,3281.43
18987.88,71.68,93,0.0,3281.43
18987.88,71.78,93,0.0,3281.43
18987.88,71.47,93,0.0,3281.43
18987.88,71.61,94,1.25,3281.43
18987.88,71.27,94,1.25,3281.43
18987.88,72.15,85,1.25,3281.43
18987.88,71.73,85,0.0,3281.43
18987.88,72.3,97,1.225,3281.43
18987.88,71.95,97,0.0,3281.43
18987.88,71.97,91,0.0,3281.43
18987.88,72.6,91,0.0,3281.43
18987.88,72.37,93,1.2125,3281.43
18987.88,72.89,93,0.0,3281.43
18987.88,72.52,93,0.0,3281.43
18987.88,72.46,93,0.0,3281.43
18987.88,72.78,93,1.2125,3281.43
18987.88,71.88,93,0.0,3281.43
18987.88,72.14,94,0.0,3281.43
18987.88,71.85,94,1.2125,3281.43
18987.88,72.55,92,0.0,3281.43
18987.88,72.16,92,0.0,3281.43
18987.88,72.41,93,1.2125,3281.43
18987.88,71.73,93,0.0,3281.43
18987.88,72.04,93,0.0,3281.43
18987.88,72.03,93,1.2125,3281.43
18987.88,71.69,94,0.0,3281.43
18987.88,72.09,94,0.0,3281.43
18987.88,71.67,94,0.0,3281.43
18987.88,72.13,93,1.2125,3281.43
18987.88,72.22,93,0.0,3281.43
18987.88,71.71,93,0.0,3281.43
18987.88,72.16,92,0.0,3281.43
18987.88,71.62,92,1.2125,3281.43
18987.88,72.05,93,0.0,3281.43
18987.88,72.11,93,0.0,3281.43
18987.88,71.58,94,1.2125,3281.43
18987.88,71.89,94,0.0,3281.43
18987.88,71.62,93,0.0,3281.43
18987.88,71.92,93,1.2125,3281.43
18987.88,72.01,89,0.0,3281.43
18987.88,71.99,89,0.0,3281.43
18987.88,72.18,93,1.2125,3281.43
18987.88,72.12,94,1.2125,3281.43
18987.88,71.98,94,0.0,3281.43
18987.88,71.56,85,0.0,3281.43
18987.88,70.59,85,1.2125,3281.43
18987.88,71.39,85,0.0,3281.43
18987.88,70.97,95,0.0,3281.43
18987.88,71.22,93,0.0,3281.43
18987.88,71.64,93,2.4375,3281.43
18987.88,71.63,94,0.0,3281.43
18987.88,71.62,93,0.0,3281.43
18987.88,71.09,93,1.2125,3281.43
18987.88,71.45,93,0.0,3281.43
18987.88,71.63,93,0.0,3281.43
18987.88,72.52,93,0.0,3281.43
18987.88,71.86,94,1.2125,3281.43
18987.88,72.32,93,0.0,3281.43
18987.88,72.54,93,0.0,3281.43
18987.88,72.23,93,0.0,3281.43
18987.88,72.35,93,1.2125,3281.43
18987.88,71.75,93,0.0,3281.43
18987.88,72.02,93,0.0,3281.43
18987.88,72.09,93,1.2125,3281.43
18987.88,71.91,93,0.0,3281.43
18987.88,72.27,93,1.2125,3281.43
18987.88,72.03,94,0.0,3281.43
18987.88,72.43,94,0.0,3281.43
18987.88,72.59,93,0.0,3281.43
18987.88,72.33,93,0.0,3281.43
18987.88,72.55,94,0.0,3281.43
18987.88,72.11,94,1.225,3281.43
18987.88,72.54,94,0.0,3281.43
18987.88,72.11,94,0.0,3281.43
18987.88,72.11,94,0.0,3281.43
18987.88,71.93,94,1.2125,3281.43
18987.88,71.22,93,0.0,3281.43
18987.88,71.5,93,0.0,3281.43
18987.88,71.21,93,1.2,3281.43
18987.88,70.84,93,0.0,3281.43
18987.88,70.99,95,0.0,3281.43
18987.88,68.36,88,2.4625,3281.43
18987.88,68.36,88,0.0,3281.43
18987.88,67.87,88,0.0,3281.43
18987.88,68.21,95,1.2375,3281.43
18987.88,68.97,95,0.0,3281.43
18987.88,68.67,95,0.0,3281.43
18987.88,68.67,94,1.2375,3281.43
18987.88,69.33,94,0.0,3281.43
18987.88,69.33,94,0.0,3281.43
18987.88,69.66,94,0.0,3281.43
18987.88,69.59,94,0.0,3281.43
18987.88,71.92,94,1.2375,3281.43
18987.88,71.8,94,0.0,3281.43
18987.88,71.99,94,0.0,3281.43
18987.88,71.85,95,1.25,3281.43
18987.88,71.66,95,0.0,3281.43
18987.88,71.61,95,0.0,3281.43
18987.88,71.39,95,0.0,3281.43
18987.88,71.77,95,1.25,3281.43
18987.88,71.78,95,0.0,3281.43
18987.88,71.92,95,0.0,3281.43
18987.88,71.32,95,1.2375,3281.43
18987.88,68.2,84,1.25,3281.43
18987.88,68.24,84,0.0,3281.43
18987.88,67.64,98,0.0,3281.43
18987.88,67.94,98,0.0,3281.43
18987.88,68.11,94,1.2375,3281.43
18987.88,67.97,94,0.0,3281.43
18987.88,67.94,93,0.0,3281.43
18987.88,68.1,93,0.0,3281.43
18987.88,67.97,92,1.25,3281.43
18987.88,67.95,92,0.0,3281.43
18987.88,68.63,92,0.0,3281.43
18987.88,71.66,92,0.0,3281.43
18987.88,72.01,94,1.25,3281.43
18987.88,72.23,94,0.0,3281.43
18987.88,72.32,93,0.0,3281.43
18987.88,72.29,93,0.0,3281.43
18987.88,72.64,93,0.0,3281.43
18987.88,72.91,93,1.2375,3281.43
18987.88,72.31,93,1.2375,3281.43
18987.88,72.24,93,0.0,3281.43
18987.88,72.27,94,0.0,3281.43
18987.88,71.78,94,0.0,3281.43
18987.88,71.95,93,1.2375,3281.43
18987.88,72.39,91,0.0,3281.43
18987.88,72.56,91,0.0,3281.43
18987.88,72.88,92,1.25,3281.43
18987.88,72.32,92,0.0,3281.43
18987.88,72.23,94,0.0,3281.43
18987.88,72.11,94,0.0,3281.43
18987.88,72.23,94,1.225,3281.43
18987.88,71.84,94,0.0,3281.43
18987.88,71.96,94,0.0,3281.43
18987.88,71.99,93,1.2125,3281.43
18987.88,71.5,93,0.0,3281.43
18987.88,72.08,93,0.0,3281.43
18987.88,71.37,93,0.0,3281.43
18987.88,71.82,93,1.2125,3281.43
18987.88,71.96,93,0.0,3281.43
