gpu_memory_mb,gpu_power_w,gpu_util_pct,cpu_util_pct,ram_mb
21419.88,29.36,0,3.0125,3280.2
21419.88,32.58,0,0.0,3280.2
21419.88,34.87,47,0.0,3280.2
21419.88,38.73,47,0.0,3280.2
21419.88,42.76,91,1.2125,3280.2
21419.88,46.8,91,0.0,3280.2
21419.88,50.87,91,0.0,3280.2
21419.88,54.81,91,0.0,3280.2
21419.88,58.97,90,1.225,3280.2
21419.88,62.83,90,0.0,3280.2
21419.88,66.76,91,0.0,3280.2
21419.88,66.84,91,1.2,3280.2
21419.88,71.38,91,1.2125,3280.2
21419.88,72.56,91,0.0,3280.2
21419.88,71.9,80,0.0,3280.2
21419.88,71.96,80,2.45,3280.2
21419.88,72.01,93,0.0,3280.33
21419.88,71.9,93,0.0,3280.33
21419.88,72.18,93,0.0,3280.33
21419.88,72.14,93,0.0,3280.33
21419.88,72.19,94,0.0,3280.33
21419.88,72.2,94,1.225,3280.33
21419.88,72.56,94,0.0,3280.33
21419.88,72.39,94,1.225,3280.33
21419.88,72.18,94,0.0,3280.33
21419.88,71.99,83,0.0,3280.33
21419.88,71.9,83,0.0,3280.33
21419.88,71.9,83,0.0,3280.33
21419.88,71.66,94,1.225,3280.33
21419.88,71.76,94,0.0,3280.33
21419.88,71.76,94,1.225,3280.33
21419.88,72.05,94,1.225,3280.33
21419.88,71.19,84,0.0,3280.33
21419.88,71.48,84,0.0,3280.33
21419.88,71.38,94,1.225,3280.33
21419.88,72.04,94,0.0,3280.33
21419.88,72.23,94,0.0,3280.33
21419.88,72.36,94,0.0,3280.33
21419.88,72.36,94,0.0,3280.33
21419.88,72.47,94,1.225,3280.33
21419.88,72.17,93,1.225,3280.33
21419.88,68.7,93,0.0,3280.33
21419.88,67.5,82,0.0,3280.33
21419.88,68.31,92,1.2125,3280.33
21419.88,68.24,92,0.0,3280.33
21419.88,68.37,91,0.0,3280.33
21419.88,68.45,91,2.425,3280.33
21419.88,68.61,81,0.0,3280.33
21419.88,69.97,81,0.0,3280.33
21419.88,69.04,92,0.0,3280.33
21419.88,69.03,92,1.2125,3280.33
21419.88,72.5,91,0.0,3280.33
21419.88,73.61,91,0.0,3280.33
21419.88,73.59,90,1.2125,3280.33
21419.88,73.81,90,0.0,3280.33
21419.88,73.63,91,0.0,3280.33
21419.88,73.87,91,2.425,3280.33
21419.88,73.48,91,0.0,3280.33
21419.88,71.85,91,0.0,3280.33
21419.88,72.25,91,1.2,3280.33
21419.88,72.08,91,0.0,3280.33
21419.88,71.99,91,1.2125,3280.33
21419.88,71.96,91,1.1875,3280.33
21419.88,73.54,78,0.0,3280.33
21419.88,72.75,78,1.2125,3280.33
21419.88,72.83,92,0.0,3280.33
21419.88,71.97,92,0.0,3280.33
21419.88,72.09,89,1.2125,3280.33
21419.88,72.63,89,0.0,3280.33
21419.88,73.35,91,0.0,3280.33
21419.88,73.35,91,2.4125,3280.33
21419.88,73.32,91,0.0,3280.33
21419.88,73.04,91,0.0,3280.33
21419.88,72.71,80,0.0,3280.33
21419.88,71.04,91,1.2,3280.33
21419.88,71.8,91,0.0,3280.33
21419.88,72.8,91,1.2125,3280.33
21419.88,72.45,91,2.425,3280.33
21419.88,72.64,81,0.0,3280.33
21419.88,72.29,81,0.0,3280.33
21419.88,72.34,90,1.225,3280.33
21419.88,72.41,90,0.0,3280.33
21419.88,72.77,91,0.0,3280.33
21419.88,73.12,91,0.0,3280.33
21419.88,73.09,92,0.0,3280.33
21419.88,72.92,92,1.2125,3280.33
21419.88,72.67,90,0.0,3280.33
21419.88,72.65,90,0.0,3280.33
21419.88,72.43,90,1.2125,3280.33
21419.88,71.6,90,0.0,3280.33
21419.88,71.76,90,0.0,3280.33
21419.88,71.75,90,0.0,3280.33
21419.88,71.81,90,1.2125,3280.33
21419.88,74.07,77,2.4,3280.33
21419.88,73.53,77,0.0,3280.33
21419.88,74.05,89,0.0,3280.33
21419.88,74.14,89,1.225,3280.33
21419.88,74.32,89,2.425,3280.33
21419.88,75.16,91,0.0,3280.33
21419.88,75.2,78,1.2125,3280.33
21419.88,75.24,78,0.0,3280.33
21419.88,75.27,91,0.0,3280.33
21419.88,75.41,91,2.425,3280.33
21419.88,77.33,78,0.0,3280.33
21419.88,74.81,78,0.0,3280.33
21419.88,75.21,92,1.2125,3280.33
21419.88,75.25,92,0.0,3280.33
21419.88,75.35,91,0.0,3280.33
21419.88,75.27,91,1.2125,3280.33
21419.88,76.82,81,1.225,3280.33
21419.88,75.96,81,0.0,3280.33
21419.88,75.93,93,0.0,3280.33
21419.88,76.17,93,0.0,3280.33
21419.88,75.88,91,1.2125,3280.33
21419.88,73.78,91,0.0,3280.33
21419.88,73.99,91,0.0,3280.33
21419.88,74.17,91,1.2125,3280.33
21419.88,73.8,91,0.0,3280.33
21419.88,73.75,91,0.0,3280.33
21419.88,73.19,91,1.2125,3280.33
21419.88,73.19,91,0.0,3280.33
21419.88,72.01,91,0.0,3280.33
21419.88,71.86,91,1.2125,3280.33
21419.88,71.57,91,1.225,3280.33
21419.88,69.77,91,1.2125,3280.33
21419.88,69.77,74,0.0,3280.33
21419.88,69.38,74,1.225,3280.33
21419.88,69.16,95,0.0,3280.33
21419.88,69.14,95,0.0,3280.33
21419.88,69.41,92,0.0,3280.33
21419.88,69.86,92,1.225,3280.33
21419.88,70.36,91,0.0,3280.33
21419.88,70.33,91,0.0,3280.33
21419.88,70.47,92,0.0,3280.33
21419.88,70.12,92,1.225,3280.33
21419.88,70.37,92,1.2,3280.33
21419.88,74.13,92,0.0,3280.33
21419.88,74.16,80,0.0,3280.33
21419.88,74.34,80,1.2,3280.33
21419.88,74.64,90,0.0,3280.33
21419.88,74.27,90,1.2,3280.33
21419.88,74.41,90,1.2,3280.33
21419.88,76.35,81,0.0,3280.33
21419.88,75.83,81,0.0,3280.33
21419.88,75.89,92,1.2125,3280.33
21419.88,76.26,92,0.0,3280.33
21419.88,76.06,91,0.0,3280.33
21419.88,74.27,91,2.425,3280.33
21419.88,72.52,79,0.0,3280.33
21419.88,71.67,79,1.2125,3280.33
21419.88,71.55,92,0.0,3280.33
21419.88,71.58,92,0.0,3280.33
21419.88,69.41,91,1.2125,3280.33
21419.88,70.25,91,2.425,3280.33
21419.88,72.33,82,0.0,3280.33
21419.88,71.94,82,0.0,3280.33
21419.88,72.11,91,0.0,3280.33
21419.88,72.11,91,2.4375,3280.33
21419.88,71.17,88,0.0,3280.33
21419.88,72.09,88,0.0,3280.33
21419.88,72.44,85,0.0,3280.33
21419.88,72.99,85,1.2125,3280.33
21419.88,72.76,91,0.0,3280.33
21419.88,72.8,91,0.0,3280.33
21419.88,72.8,91,1.2125,3280.33
21419.88,70.58,91,0.0,3280.33
21419.88,71.26,89,0.0,3280.33
21419.88,71.26,89,0.0,3280.33
21419.88,71.12,91,1.2125,3280.33
21419.88,71.96,91,0.0,3280.33
21419.88,72.58,92,0.0,3280.33
21419.88,72.53,92,1.2125,3280.33
21419.88,72.22,91,0.0,3280.33
21419.88,72.06,91,2.425,3280.33
21419.88,71.93,92,0.0,3280.33
21419.88,71.07,92,1.2125,3280.33
21419.88,70.96,79,0.0,3280.33
21419.88,71.1,79,0.0,3280.33
21419.88,71.19,91,2.4375,3280.33
21419.88,70.65,91,0.0,3280.33
21419.88,70.65,79,1.2125,3280.33
21419.88,70.66,79,0.0,3280.33
21419.88,70.87,91,0.0,3280.33
21419.88,71.23,91,1.2125,3280.33
21419.88,71.23,91,0.0,3280.33
21419.88,71.86,91,0.0,3280.33
21419.88,71.86,91,2.425,3280.33
21419.88,70.87,80,0.0,3280.33
21419.88,70.75,80,0.0,3280.33
21419.88,70.9,92,1.2125,3280.33
21419.88,72.06,92,0.0,3280.33
21419.88,72.17,93,0.0,3280.33
21419.88,71.69,93,1.2125,3280.33
21419.88,71.69,91,1.2125,3280.33
21419.88,72.48,91,0.0,3280.33
21419.88,72.23,80,0.0,3280.33
21419.88,72.29,80,1.225,3280.33
21419.88,72.92,91,0.0,3280.33
21419.88,73.3,91,0.0,3280.33
21419.88,69.8,89,1.2125,3280.33
21419.88,68.77,89,0.0,3280.33
21419.88,68.9,81,1.225,3280.33
21419.88,68.91,81,0.0,3280.33
21419.88,69.37,92,0.0,3280.33
21419.88,68.62,92,0.0,3280.33
21419.88,69.07,91,1.2125,3280.33
21419.88,67.52,91,1.2125,3280.33
21419.88,66.52,86,0.0,3280.33
21419.88,66.56,86,1.2125,3280.33
21419.88,66.38,83,0.0,3280.33
21419.88,69.74,83,0.0,3280.33
21419.88,70.64,91,2.3875,3280.33
21419.88,66.77,91,1.2,3280.33
21419.88,66.16,75,0.0,3280.33
21419.88,65.84,75,0.0,3280.33
21419.88,66.12,92,0.0,3280.33
21419.88,66.14,92,1.225,3280.33
21419.88,67.65,91,0.0,3280.33
21419.88,68.81,92,1.225,3280.33
21419.88,70.7,92,1.2125,3280.33
21419.88,70.31,79,0.0,3280.33
21419.88,70.5,79,0.0,3280.33
21419.88,70.58,92,1.2125,3280.33
21419.88,74.25,92,0.0,3280.33
21419.88,74.89,92,0.0,3280.33
21419.88,75.0,81,1.225,3280.33
21419.88,76.62,81,0.0,3280.33
21419.88,75.5,94,0.0,3280.33
21419.88,75.35,94,1.225,3280.33
21419.88,75.24,94,0.0,3280.33
21419.88,74.05,92,0.0,3280.33
21419.88,73.82,92,0.0,3280.33
21419.88,73.83,92,1.225,3280.33
21419.88,74.0,92,0.0,3280.33
21419.88,73.56,92,1.2125,3280.33
21419.88,72.46,82,0.0,3280.33
21419.88,70.45,82,0.0,3280.33
21419.88,71.24,82,1.225,3280.33
21419.88,71.77,92,0.0,3280.33
21419.88,71.72,92,0.0,3280.33
21419.88,71.99,91,0.0,3280.33
21419.88,71.75,91,1.2125,3280.33
21419.88,71.93,91,2.425,3280.33
21419.88,70.95,78,0.0,3280.33
21419.88,70.87,78,0.0,3280.33
21419.88,71.29,78,0.0,3280.33
21419.88,72.24,91,1.225,3280.33
21419.88,72.42,91,0.0,3280.33
21419.88,69.9,91,1.225,3280.33
21419.88,68.83,91,0.0,3280.33
21419.88,68.89,81,0.0,3280.33
21419.88,68.75,91,0.0,3280.33
21419.88,69.01,91,1.225,3280.33
21419.88,68.77,91,1.2,3280.33
21419.88,69.32,92,0.0,3280.33
21419.88,69.16,92,1.2125,3280.33
21419.88,69.2,81,0.0,3280.33
21419.88,69.51,81,0.0,3280.33
21419.88,69.38,91,0.0,3280.33
21419.88,71.74,92,1.225,3280.33
21419.88,72.63,92,0.0,3280.33
21419.88,72.35,91,1.225,3280.33
21419.88,73.76,91,0.0,3280.33
21419.88,72.8,82,0.0,3280.33
21419.88,72.98,82,1.225,3280.33
21419.88,73.46,91,0.0,3280.33
21419.88,73.46,91,0.0,3280.33
21419.88,73.46,91,1.2125,3280.33
21419.88,73.04,91,0.0,3280.33
21419.88,73.22,89,1.2125,3280.33
21419.88,72.97,89,0.0,3280.33
21419.88,72.75,92,1.2125,3280.33
21419.88,71.14,92,0.0,3280.33
21419.88,71.58,91,0.0,3280.33
21419.88,71.42,91,0.0,3280.33
21419.88,71.92,91,1.2,3280.33
21419.88,71.8,91,1.2125,3280.33
21419.88,72.91,91,0.0,3280.33
21419.88,72.95,91,1.2375,3280.33
21419.88,72.73,79,0.0,3280.33
21419.88,72.72,92,0.0,3280.33
21419.88,72.85,92,1.2125,3280.33
21419.88,73.35,92,0.0,3280.33
21419.88,73.56,90,1.175,3280.33
21419.88,75.96,90,1.2125,3280.33
21419.88,75.47,77,1.2125,3280.33
21419.88,75.15,91,0.0,3280.33
21419.88,74.88,91,1.2125,3280.33
21419.88,73.91,91,0.0,3280.33
21419.88,73.54,91,1.2,3280.33
21419.88,73.96,81,1.2125,3280.33
21419.88,73.49,81,0.0,3280.33
21419.88,73.59,91,0.0,3280.33
21419.88,73.67,91,1.2125,3280.33
21419.88,73.59,91,0.0,3280.33
21419.88,71.57,91,0.0,3280.33
21419.88,72.02,91,1.2,3280.33
21419.88,72.16,91,0.0,3280.33
21419.88,72.27,91,0.0,3280.33
21419.88,72.11,91,1.2125,3280.33
21419.88,72.39,91,0.0,3280.33
21419.88,71.92,91,0.0,3280.33
21419.88,72.18,91,1.2125,3280.33
21419.88,72.19,91,1.2125,3280.33
21419.88,73.76,80,0.0,3280.33
21419.88,72.96,80,1.2125,3280.33
21419.88,72.67,93,0.0,3280.33
21419.88,72.95,93,0.0,3280.33
21419.88,72.83,93,1.2125,3280.33
21419.88,73.2,93,0.0,3280.33
21419.88,73.23,93,1.175,3280.33
21419.88,73.56,89,0.0,3280.33
21419.88,73.54,89,2.425,3280.33
21419.88,72.16,77,0.0,3280.33
21419.88,71.38,77,0.0,3280.33
21419.88,69.61,91,1.2125,3280.33
21419.88,70.69,91,0.0,3280.33
21419.88,70.75,80,1.2125,3280.33
21419.88,66.34,80,0.0,3280.33
21419.88,66.34,91,1.2125,3280.33
21419.88,66.0,91,0.0,3280.33
21419.88,65.85,90,0.0,3280.33
21419.88,66.21,90,1.225,3280.33
21419.88,67.58,91,0.0,3280.33
21419.88,68.01,91,0.0,3280.33
21419.88,68.18,90,1.2125,3280.33
21419.88,67.72,90,0.0,3280.33
21419.88,67.9,91,1.2125,3280.33
21419.88,70.41,91,1.2125,3280.33
21419.88,71.35,91,0.0,3280.33
21419.88,71.52,91,0.0,3280.33
21419.88,71.33,91,0.0,3280.33
21419.88,71.66,91,2.425,3280.33
21419.88,70.23,88,0.0,3280.33
21419.88,69.71,88,1.2125,3280.33
21419.88,69.62,80,0.0,3280.33
21419.88,69.75,80,0.0,3280.33
21419.88,69.95,91,2.4,3280.33
21419.88,70.14,91,0.0,3280.33
21419.88,70.09,79,0.0,3280.33
21419.88,70.29,79,1.2125,3280.33
21419.88,70.49,91,0.0,3280.33
21419.88,70.3,91,1.2125,3280.33
21419.88,68.41,86,0.0,3280.33
21419.88,68.75,86,1.2125,3280.33
21419.88,69.56,84,0.0,3280.33
21419.88,69.95,84,0.0,3280.33
21419.88,69.88,89,1.2125,3280.33
21419.88,69.77,89,1.2375,3280.33
21419.88,66.57,81,1.1875,3280.33
21419.88,66.19,81,0.0,3280.33
21419.88,66.21,89,1.225,3280.33
21419.88,66.03,89,0.0,3280.33
21419.88,68.0,90,0.0,3280.33
21419.88,68.0,90,1.2,3280.33
21419.88,68.96,91,0.0,3280.33
21419.88,67.77,82,1.2125,3280.33
21419.88,67.22,82,0.0,3280.33
21419.88,67.55,91,0.0,3280.33
21419.88,70.68,91,1.2125,3280.33
21419.88,71.49,91,0.0,3280.33
21419.88,71.66,91,0.0,3280.33
21419.88,71.64,91,0.0,3280.33
21419.88,71.33,91,1.2375,3280.33
21419.88,71.3,91,0.0,3280.33
21419.88,71.17,91,0.0,3280.33
21419.88,71.09,89,1.2125,3280.33
21419.88,72.25,89,0.0,3280.33
21419.88,72.6,89,0.0,3280.33
21419.88,72.51,89,1.2125,3280.33
21419.88,72.14,91,1.2125,3280.33
21419.88,69.19,91,1.225,3280.33
21419.88,67.97,80,0.0,3280.33
21419.88,68.23,80,0.0,3280.33
21419.88,68.23,91,1.2125,3280.33
21419.88,68.38,91,0.0,3280.33
21419.88,68.49,92,0.0,3280.33
21419.88,68.45,92,2.425,3280.33
21419.88,65.18,80,0.0,3280.33
21419.88,64.17,80,0.0,3280.33
21419.88,64.11,90,1.2125,3280.33
21419.88,64.37,90,0.0,3280.33
21419.88,67.48,91,0.0,3280.33
21419.88,68.39,91,2.4375,3280.33
21419.88,68.47,91,0.0,3280.33
21419.88,68.36,91,1.2125,3280.33
21419.88,66.17,85,1.2125,3280.33
21419.88,65.93,85,0.0,3280.33
21419.88,65.92,87,0.0,3280.33
21419.88,68.88,91,1.2125,3280.33
21419.88,70.13,91,0.0,3280.33
21419.88,70.12,92,0.0,3280.33
21419.88,70.28,92,1.2125,3280.33
21419.88,70.28,91,1.2125,3280.33
21419.88,70.24,91,0.0,3280.33
21419.88,69.69,79,0.0,3280.33
21419.88,71.87,79,1.225,3280.33
21419.88,72.11,91,0.0,3280.33
21419.88,72.3,91,1.225,3280.33
21419.88,70.14,85,0.0,3280.33
21419.88,68.98,85,1.225,3280.33
21419.88,68.58,87,1.225,3280.33
21419.88,68.47,87,0.0,3280.33
21419.88,68.35,91,0.0,3280.33
21419.88,68.44,91,1.2125,3280.33
21419.88,68.4,91,0.0,3280.33
21419.88,68.97,91,0.0,3280.33
21419.88,69.08,91,0.0,3280.33
21419.88,68.98,91,1.2125,3280.33
21419.88,68.94,91,0.0,3280.33
21419.88,70.98,91,0.0,3280.33
21419.88,71.82,91,1.2125,3280.33
21419.88,72.07,91,0.0,3280.33
21419.88,72.09,91,0.0,3280.33
21419.88,72.21,91,2.425,3280.33
21419.88,68.75,80,0.0,3280.33
21419.88,68.06,80,0.0,3280.33
21419.88,68.09,90,1.2125,3280.33
21419.88,67.72,90,0.0,3280.33
21419.88,68.0,89,0.0,3280.33
21419.88,67.76,91,0.0,3280.33
21419.88,68.17,91,2.425,3280.33
21419.88,67.44,79,0.0,3280.33
21419.88,66.7,79,0.0,3280.33
21419.88,66.42,91,1.225,3280.33
21419.88,66.77,91,0.0,3280.33
21419.88,70.0,90,0.0,3280.33
21419.88,70.73,90,2.4375,3280.33
21419.88,70.73,77,0.0,3280.33
21419.88,71.28,77,1.2125,3280.33
21419.88,70.48,90,0.0,3280.33
21419.88,70.92,90,1.2125,3280.33
21419.88,71.89,91,1.1625,3280.33
21419.88,71.85,91,1.175,3280.33
21419.88,71.13,78,0.0,3280.33
21419.88,70.59,78,1.2375,3280.33
21419.88,70.64,91,0.0,3280.33
21419.88,70.64,91,0.0,3280.33
21419.88,70.41,91,0.0,3280.33
21419.88,71.23,91,1.2125,3280.33
21419.88,71.15,91,0.0,3280.33
21419.88,71.15,91,0.0,3280.33
21419.88,71.15,90,2.4125,3280.33
21419.88,73.17,90,0.0,3280.33
21419.88,73.49,78,0.0,3280.33
21419.88,74.49,78,1.175,3280.33
21419.88,74.3,91,2.425,3280.33
21419.88,75.27,91,0.0,3280.33
21419.88,74.8,79,1.2,3280.33
21419.88,75.07,90,0.0,3280.33
21419.88,74.93,90,0.0,3280.33
21419.88,74.99,89,0.0,3280.33
21419.88,75.09,89,1.2125,3280.33
21419.88,73.13,89,0.0,3280.33
21419.88,73.33,91,0.0,3280.33
21419.88,73.7,90,1.2,3280.33
21419.88,73.11,90,0.0,3280.33
21419.88,72.83,91,0.0,3280.33
21419.88,71.95,91,1.2125,3280.33
21419.88,72.03,91,0.0,3280.33
21419.88,72.11,91,1.2125,3280.33
21419.88,73.24,80,1.2,3280.33
21419.88,73.06,80,0.0,3280.33
21419.88,73.17,91,0.0,3280.33
21419.88,72.71,91,2.425,3280.33
21419.88,72.3,78,0.0,3280.33
21419.88,72.22,78,1.2125,3280.33
21419.88,72.55,90,0.0,3280.33
21419.88,73.1,90,0.0,3280.33
21419.88,73.24,92,2.425,3280.33
21419.88,72.62,92,0.0,3280.33
21419.88,72.61,81,0.0,3280.33
21419.88,71.09,81,1.225,3280.33
21419.88,71.45,91,0.0,3280.33
21419.88,71.26,91,0.0,3280.33
21419.88,71.51,91,0.0,3280.33
21419.88,72.3,92,1.225,3280.33
21419.88,72.17,92,2.4375,3280.33
21419.88,71.94,80,0.0,3280.33
21419.88,70.28,80,0.0,3280.33
21419.88,70.16,91,1.2,3280.33
21419.88,71.19,91,0.0,3280.33
21419.88,71.2,91,0.0,3280.33
21419.88,71.5,91,1.2,3280.33
21419.88,71.21,90,0.0,3280.33
21419.88,71.28,90,0.0,3280.33
21419.88,71.23,89,1.2125,3280.33
21419.88,70.9,89,0.0,3280.33
21419.88,70.92,91,0.0,3280.33
21419.88,72.03,91,0.0,3280.33
21419.88,71.93,90,1.2125,3280.33
21419.88,71.83,90,0.0,3280.33
21419.88,71.55,90,0.0,3280.33
21419.88,71.43,90,1.225,3280.33
21419.88,70.73,83,0.0,3280.33
21419.88,70.59,83,1.225,3280.33
21419.88,70.86,91,0.0,3280.33
21419.88,71.27,91,0.0,3280.33
21419.88,71.32,91,0.0,3280.33
21419.88,71.33,91,0.0,3280.33
21419.88,71.51,92,1.225,3280.33
21419.88,71.71,92,1.225,3280.33
21419.88,70.89,80,0.0,3280.33
21419.88,71.02,80,0.0,3280.33
21419.88,71.04,91,0.0,3280.33
21419.88,71.76,91,1.225,3280.33
21419.88,72.02,91,0.0,3280.33
21419.88,71.72,91,0.0,3280.33
21419.88,71.79,90,0.0,3280.33
21419.88,71.81,90,0.0,3280.33
21419.88,71.85,91,1.2125,3280.33
21419.88,71.65,91,0.0,3280.33
21419.88,71.52,91,1.225,3280.33
21419.88,72.09,91,0.0,3280.33
21419.88,71.44,89,1.225,3280.33
21419.88,71.51,89,0.0,3280.33
21419.88,71.52,91,1.225,3280.33
21419.88,68.22,91,0.0,3280.33
21419.88,67.43,80,1.225,3280.33
21419.88,67.35,91,0.0,3280.33
21419.88,67.48,91,0.0,3280.33
21419.88,67.86,91,0.0,3280.33
21419.88,68.47,91,1.225,3280.33
21419.88,67.18,87,1.2125,3280.33
21419.88,66.96,87,0.0,3280.33
21419.88,66.82,84,0.0,3280.33
21419.88,66.79,84,1.2125,3280.33
21419.88,70.21,90,0.0,3280.33
21419.88,71.51,90,1.225,3280.33
21419.88,70.56,79,0.0,3280.33
21419.88,70.53,79,0.0,3280.33
21419.88,70.41,92,1.225,3280.33
21419.88,70.56,92,0.0,3280.33
21419.88,70.17,92,0.0,3280.33
21419.88,71.52,92,1.225,3280.33
21419.88,72.8,81,0.0,3280.33
21419.88,72.44,81,1.225,3280.33
21419.88,72.75,92,0.0,3280.33
21419.88,72.58,92,0.0,3280.33
21419.88,71.91,92,1.225,3280.33
21419.88,72.95,92,0.0,3280.33
21419.88,72.82,81,1.225,3280.33
21419.88,72.63,81,0.0,3280.33
21419.88,72.67,92,1.225,3280.33
21419.88,73.03,92,0.0,3280.33
21419.88,72.28,90,1.225,3280.33
21419.88,70.94,90,1.2125,3280.33
21419.88,71.3,84,0.0,3280.33
21419.88,71.08,84,0.0,3280.33
21419.88,71.21,92,1.225,3280.33
21419.88,68.32,82,0.0,3280.33
21419.88,67.64,82,1.225,3280.33
21419.88,68.06,92,0.0,3280.33
21419.88,67.93,92,0.0,3280.33
21419.88,67.93,80,1.2125,3280.33
21419.88,69.59,80,1.2125,3280.33
21419.88,69.69,80,0.0,3280.33
21419.88,70.8,89,0.0,3280.33
21419.88,71.09,91,1.2125,3280.33
21419.88,70.89,91,0.0,3280.33
21419.88,74.07,91,0.0,3280.33
21419.88,74.4,91,2.4375,3280.33
21419.88,73.34,80,0.0,3280.33
21419.88,73.48,80,0.0,3280.33
21419.88,73.34,92,1.2125,3280.33
21419.88,71.49,92,0.0,3280.33
21419.88,72.25,91,0.0,3280.33
21419.88,72.12,91,1.225,3280.33
21419.88,69.01,91,1.2125,3280.33
21419.88,67.82,82,0.0,3280.33
21419.88,67.15,91,0.0,3280.33
21419.88,67.28,91,0.0,3280.33
21419.88,67.45,91,1.2125,3280.33
21419.88,68.29,90,0.0,3280.33
21419.88,68.38,91,0.0,3280.33
21419.88,68.3,91,1.225,3280.33
21419.88,68.38,91,0.0,3280.33
21419.88,68.06,91,0.0,3280.33
21419.88,68.2,91,0.0,3280.33
21419.88,70.7,91,1.2125,3280.33
21419.88,71.2,90,0.0,3280.33
21419.88,72.04,90,0.0,3280.33
21419.88,71.8,91,0.0,3280.33
21419.88,71.92,91,1.225,3280.33
21419.88,71.25,90,2.3875,3280.33
21419.88,70.33,90,0.0,3280.33
21419.88,70.33,81,0.0,3280.33
21419.88,70.62,91,1.2,3280.33
21419.88,71.0,91,0.0,3280.33
21419.88,72.75,91,1.225,3280.33
21419.88,73.03,80,0.0,3280.33
21419.88,73.04,80,1.2125,3280.33
21419.88,73.16,91,0.0,3280.33
21419.88,73.1,91,0.0,3280.33
21419.88,73.58,92,0.0,3280.33
21419.88,74.46,90,1.2125,3280.33
21419.88,74.67,90,0.0,3280.33
21419.88,74.42,91,0.0,3280.33
21419.88,74.23,91,1.225,3280.33
21419.88,73.79,91,0.0,3280.33
21419.88,71.81,91,0.0,3280.33
21419.88,72.25,91,0.0,3280.33
21419.88,72.25,90,1.225,3280.33
21419.88,72.03,90,0.0,3280.33
21419.88,69.82,92,1.2125,3280.33
21419.88,69.13,92,1.225,3280.33
21419.88,69.0,79,0.0,3280.33
21419.88,68.88,79,0.0,3280.33
21419.88,65.69,91,1.2,3280.33
21419.88,64.84,91,2.425,3280.33
21419.88,65.12,82,0.0,3280.33
21419.88,65.5,82,0.0,3280.33
21419.88,65.63,91,1.1625,3280.33
21419.88,62.26,91,1.2125,3280.33
21419.88,61.58,79,0.0,3280.33
21419.88,63.41,79,1.25,3280.33
21419.88,63.41,92,0.0,3280.33
21419.88,64.45,91,0.0,3280.33
21419.88,64.72,91,1.2125,3280.33
21419.88,67.95,78,1.2125,3280.33
21419.88,68.68,78,0.0,3280.33
21419.88,68.53,91,0.0,3280.33
21419.88,68.84,91,1.1875,3280.33
21419.88,69.49,91,1.2125,3280.33
21419.88,69.49,91,0.0,3280.33
21419.88,69.68,79,1.2125,3280.33
21419.88,69.75,79,0.0,3280.33
21419.88,69.73,91,1.25,3280.33
21419.88,69.63,91,0.0,3280.33
21419.88,69.36,91,1.2125,3280.33
21419.88,69.77,90,0.0,3280.33
21419.88,69.75,90,0.0,3280.33
21419.88,71.05,78,2.425,3280.33
21419.88,71.32,78,0.0,3280.33
21419.88,73.2,91,0.0,3280.33
21419.88,73.82,91,1.2125,3280.33
21419.88,74.16,91,0.0,3280.33
21419.88,71.47,91,1.2125,3280.33
21419.88,70.75,78,1.2125,3280.33
21419.88,70.76,78,0.0,3280.33
21419.88,71.05,90,0.0,3280.33
21419.88,71.27,90,1.2125,3280.33
21419.88,71.3,89,0.0,3280.33
21419.88,69.92,89,0.0,3280.33
21419.88,69.95,91,0.0,3280.33
21419.88,70.03,91,1.1875,3280.33
21419.88,66.27,74,1.1875,3280.33
21419.88,65.58,74,0.0,3280.33
21419.88,68.11,93,1.225,3280.33
21419.88,68.72,93,0.0,3280.33
21419.88,68.81,91,0.0,3280.33
21419.88,65.97,91,1.1875,3280.33
21419.88,65.12,79,1.2125,3280.33
21419.88,64.92,79,0.0,3280.33
21419.88,65.01,92,0.0,3280.33
21419.88,65.47,92,1.225,3280.33
21419.88,65.51,90,0.0,3280.33
21419.88,69.36,90,1.2125,3280.33
21419.88,71.39,76,1.2,3280.33
21419.88,70.63,76,0.0,3280.33
21419.88,70.93,89,0.0,3280.33
21419.88,70.54,89,2.425,3280.33
21419.88,73.13,88,0.0,3280.33
21419.88,73.79,88,0.0,3280.33
21419.88,74.17,89,1.2125,3280.33
21419.88,73.93,89,1.1375,3280.33
21419.88,75.83,76,0.0,3280.33
21419.88,74.71,76,1.2375,3280.33
21419.88,74.59,91,0.0,3280.33
21419.88,72.97,91,0.0,3280.33
21419.88,73.64,89,1.2125,3280.33
21419.88,73.7,89,0.0,3280.33
21419.88,73.89,89,0.0,3280.33
21419.88,73.97,89,1.2125,3280.33
21419.88,73.91,89,0.0,3280.33
21419.88,71.39,92,1.2125,3280.33
21419.88,71.36,92,0.0,3280.33
21419.88,72.03,92,1.225,3280.33
21419.88,71.93,92,0.0,3280.33
21419.88,72.06,91,0.0,3280.33
21419.88,72.26,91,1.225,3280.33
21419.88,72.91,80,0.0,3280.33
21419.88,72.05,80,0.0,3280.33
21419.88,72.26,91,1.225,3280.33
21419.88,72.12,91,0.0,3280.33
21419.88,72.56,91,1.225,3280.33
21419.88,70.06,91,0.0,3280.33
21419.88,69.47,79,1.25,3280.33
21419.88,69.63,79,0.0,3280.33
21419.88,69.76,91,0.0,3280.33
21419.88,69.85,91,0.0,3280.33
21419.88,69.71,91,1.25,3280.33
21419.88,68.75,91,0.0,3280.33
21419.88,69.72,92,0.0,3280.33
21419.88,69.68,92,0.0,3280.33
21419.88,69.52,92,1.25,3280.33
21419.88,71.7,93,0.0,3280.33
21419.88,71.67,93,0.0,3280.33
21419.88,72.42,93,1.25,3280.33
21419.88,72.49,93,0.0,3280.33
21419.88,72.28,93,0.0,3280.33
21419.88,72.31,94,2.4875,3280.33
21419.88,72.61,94,0.0,3280.33
21419.88,72.61,80,0.0,3280.33
21419.88,72.46,80,1.25,3280.33
21419.88,72.5,92,0.0,3280.33
21419.88,72.97,92,0.0,3280.33
21419.88,73.19,91,0.0,3280.33
21419.88,73.08,91,1.25,3280.33
21419.88,73.12,91,2.4875,3280.33
21419.88,70.45,91,0.0,3280.33
21419.88,69.82,82,0.0,3280.33
21419.88,69.22,82,1.2375,3280.33
21419.88,68.95,91,0.0,3280.33
21419.88,69.15,91,0.0,3280.33
21419.88,69.18,91,0.0,3280.33
21419.88,68.9,91,1.2375,3280.33
21419.88,68.73,92,0.0,3280.33
21419.88,68.5,92,0.0,3280.33
21419.88,68.58,92,0.0,3280.33
21419.88,68.42,92,1.2375,3280.33
21419.88,70.67,92,0.0,3280.33
21419.88,71.24,91,0.0,3280.33
21419.88,71.53,91,0.0,3280.33
21419.88,71.53,90,1.2375,3280.33
21419.88,71.83,90,0.0,3280.33
21419.88,71.74,78,1.2375,3280.33
21419.88,72.2,78,1.2375,3280.33
21419.88,71.84,91,0.0,3280.33
21419.88,72.32,91,0.0,3280.33
21419.88,72.68,91,1.225,3280.33
21419.88,72.94,91,0.0,3280.33
21419.88,73.15,91,1.225,3280.33
21419.88,73.22,90,0.0,3280.33
21419.88,73.34,90,1.225,3280.33
21419.88,73.34,91,0.0,3280.33
21419.88,72.76,91,0.0,3280.33
21419.88,71.84,91,0.0,3280.33
21419.88,71.84,91,1.225,3280.33
21419.88,72.13,90,0.0,3280.33
21419.88,71.8,90,0.0,3280.33
21419.88,71.83,92,1.2125,3280.33
21419.88,68.87,92,0.0,3280.33
21419.88,67.94,80,1.2125,3280.33
21419.88,67.89,80,0.0,3280.33
21419.88,68.13,92,0.0,3280.33
21419.88,68.13,92,1.225,3280.33
21419.88,68.47,91,0.0,3280.33
21419.88,67.72,91,1.225,3280.33
21419.88,68.06,82,0.0,3280.33
21419.88,68.01,92,0.0,3280.33
21419.88,68.26,92,0.0,3280.33
21419.88,68.34,84,1.2125,3280.33
21419.88,68.66,84,1.225,3280.33
21419.88,68.68,90,0.0,3280.33
21419.88,68.67,90,0.0,3280.33
21419.88,68.63,92,0.0,3280.33
21419.88,68.56,92,1.225,3280.33
21419.88,69.26,90,0.0,3280.33
21419.88,69.02,90,1.225,3280.33
21419.88,71.15,80,0.0,3280.33
21419.88,70.57,80,0.0,3280.33
21419.88,70.72,91,1.2125,3280.33
21419.88,73.1,91,1.225,3280.33
21419.88,74.35,90,0.0,3280.33
21419.88,74.28,90,0.0,3280.33
21419.88,74.33,91,0.0,3280.33
21419.88,74.13,91,1.2,3280.33
21419.88,74.18,89,0.0,3280.33
21419.88,74.26,89,0.0,3280.33
21419.88,74.14,90,0.0,3280.33
21419.88,71.91,90,1.225,3280.33
21419.88,72.2,91,0.0,3280.33
21419.88,72.18,91,0.0,3280.33
21419.88,72.22,89,1.175,3280.33
21419.88,72.18,89,0.0,3280.33
21419.88,72.25,78,1.225,3280.33
21419.88,72.27,78,0.0,3280.33
21419.88,72.3,91,0.0,3280.33
21419.88,72.66,91,0.0,3280.33
21419.88,72.3,91,1.1625,3280.33
21419.88,72.66,91,1.1875,3280.33
21419.88,74.31,82,1.225,3280.33
21419.88,73.86,91,0.0,3280.33
21419.88,73.83,91,0.0,3280.33
21419.88,73.87,91,1.225,3280.33
21419.88,73.93,91,1.225,3280.33
21419.88,75.76,81,0.0,3280.33
21419.88,74.96,81,0.0,3280.33
21419.88,75.21,90,0.0,3280.33
21419.88,74.99,90,0.0,3280.33
21419.88,75.49,91,1.225,3280.33
21419.88,73.81,91,0.0,3280.33
21419.88,74.15,91,0.0,3280.33
21419.88,74.0,91,0.0,3280.33
21419.88,74.08,90,1.225,3280.33
21419.88,73.57,90,0.0,3280.33
21419.88,71.53,91,0.0,3280.33
21419.88,72.22,91,0.0,3280.33
21419.88,72.08,92,1.225,3280.33
21419.88,72.0,92,0.0,3280.33
21419.88,71.38,90,1.225,3280.33
21419.88,73.65,90,0.0,3280.33
21419.88,73.12,80,0.0,3280.33
21419.88,73.63,80,0.0,3280.33
21419.88,73.66,91,1.2,3280.33
21419.88,73.72,91,0.0,3280.33
21419.88,73.99,91,0.0,3280.33
21419.88,74.25,91,1.2125,3280.33
21419.88,74.32,91,2.425,3280.33
21419.88,74.95,91,0.0,3280.33
21419.88,74.86,79,1.1875,3280.33
21419.88,75.61,89,0.0,3280.33
21419.88,73.6,89,0.0,3280.33
21419.88,74.35,91,1.2,3280.33
21419.88,74.08,91,1.175,3280.33
21419.88,74.23,76,1.2125,3280.33
21419.88,75.03,76,0.0,3280.33
21419.88,74.87,91,0.0,3280.33
21419.88,75.01,91,1.2125,3280.33
21419.88,74.43,91,0.0,3280.33
21419.88,74.43,91,0.0,3280.33
21419.88,74.38,90,0.0,3280.33
21419.88,74.28,90,1.225,3280.33
21419.88,73.88,90,0.0,3280.33
21419.88,73.71,92,1.2125,3280.33
21419.88,72.5,79,1.225,3280.33
21419.88,71.49,79,0.0,3280.33
21419.88,71.62,91,0.0,3280.33
21419.88,71.46,91,1.2125,3280.33
21419.88,71.77,90,1.2125,3280.33
21419.88,73.49,90,1.2125,3280.33
21419.88,73.39,78,0.0,3280.33
21419.88,73.11,78,0.0,3280.33
21419.88,73.32,91,1.2125,3280.33
21419.88,73.45,91,1.225,3280.33
21419.88,73.89,91,1.225,3280.33
21419.88,72.33,91,0.0,3280.33
21419.88,71.64,81,0.0,3280.33
21419.88,71.92,81,0.0,3280.33
21419.88,71.37,92,1.225,3280.33
21419.88,71.37,92,0.0,3280.33
21419.88,69.53,91,0.0,3280.33
21419.88,69.74,91,0.0,3280.33
21419.88,69.78,91,2.425,3280.33
21419.88,69.15,91,0.0,3280.33
21419.88,68.46,80,0.0,3280.33
21419.88,68.1,80,0.0,3280.33
21419.88,70.76,91,0.0,3280.33
21419.88,71.56,91,1.2125,3280.33
21419.88,71.53,91,0.0,3280.33
21419.88,71.48,91,1.2125,3280.33
21419.88,72.31,82,1.2125,3280.33
21419.88,71.69,82,0.0,3280.33
21419.88,71.91,92,0.0,3280.33
21419.88,71.76,92,1.225,3280.33
21419.88,72.31,92,0.0,3280.33
21419.88,73.1,80,2.4125,3280.33
21419.88,69.72,80,0.0,3280.33
21419.88,68.87,94,1.225,3280.33
21419.88,68.94,94,0.0,3280.33
21419.88,68.91,92,1.225,3280.33
21419.88,68.68,92,0.0,3280.33
21419.88,69.21,92,1.2125,3280.33
21419.88,71.1,92,1.2125,3280.33
21419.88,70.86,82,0.0,3280.33
21419.88,70.82,82,0.0,3280.33
21419.88,70.68,90,1.2125,3280.33
21419.88,74.09,90,0.0,3280.33
21419.88,74.68,89,0.0,3280.33
21419.88,72.64,89,1.2125,3280.33
21419.88,70.97,78,1.225,3280.33
21419.88,70.83,78,0.0,3280.33
21419.88,70.61,91,0.0,3280.33
21419.88,70.94,91,1.225,3280.33
21419.88,66.06,83,1.225,3280.33
21419.88,65.47,83,0.0,3280.33
21419.88,65.53,90,0.0,3280.33
21419.88,65.67,90,1.2375,3280.33
21419.88,65.87,91,0.0,3280.33
21419.88,65.87,79,1.2125,3280.33
21419.88,69.09,79,1.225,3280.33
21419.88,69.69,93,0.0,3280.33
21419.88,69.72,93,0.0,3280.33
21419.88,69.76,91,1.2,3280.33
21419.88,69.72,91,0.0,3280.33
21419.88,73.78,90,1.2125,3280.33
21419.88,73.86,90,0.0,3280.33
21419.88,73.8,91,1.2125,3280.33
21419.88,73.61,91,0.0,3280.33
21419.88,73.69,91,0.0,3280.33
21419.88,72.18,91,1.2125,3280.33
21419.88,72.87,93,0.0,3280.33
21419.88,72.68,93,0.0,3280.33
21419.88,72.57,93,0.0,3280.33
21419.88,72.56,93,1.225,3280.33
21419.88,69.52,85,1.225,3280.33
21419.88,68.63,85,0.0,3280.33
21419.88,68.46,90,0.0,3280.33
21419.88,68.52,90,0.0,3280.33
21419.88,68.87,91,1.225,3280.33
21419.88,69.08,91,0.0,3280.33
21419.88,69.24,91,0.0,3280.33
21419.88,69.34,89,2.4,3280.33
21419.88,70.09,89,0.0,3280.33
21419.88,69.4,78,0.0,3280.33
21419.88,69.24,92,0.0,3280.33
21419.88,72.02,92,1.2125,3280.33
21419.88,72.02,90,0.0,3280.33
21419.88,73.04,90,0.0,3280.33
21419.88,73.17,90,0.0,3280.33
21419.88,73.17,90,3.6125,3280.33
21419.88,73.1,79,0.0,3280.33
21419.88,72.69,79,0.0,3280.33
21419.88,72.9,91,0.0,3280.33
21419.88,72.04,91,1.2125,3280.33
21419.88,72.99,92,0.0,3280.33
21419.88,72.98,92,0.0,3280.33
21419.88,72.72,89,1.2375,3280.33
21419.88,72.83,89,0.0,3280.33
21419.88,72.57,90,1.225,3280.33
21419.88,74.52,90,0.0,3280.33
21419.88,73.22,82,1.2,3280.33
21419.88,72.95,82,0.0,3280.33
21419.88,73.7,90,0.0,3280.33
21419.88,73.65,90,0.0,3280.33
21419.88,73.97,91,1.2125,3280.33
21419.88,73.58,91,0.0,3280.33
21419.88,73.58,90,1.2125,3280.33
21419.88,74.01,90,1.2125,3280.33
21419.88,73.64,90,0.0,3280.33
21419.88,71.18,92,0.0,3280.33
21419.88,72.25,92,1.2125,3280.33
21419.88,72.05,92,0.0,3280.33
21419.88,71.83,92,0.0,3280.33
21419.88,72.08,91,2.425,3280.33
21419.88,73.67,91,0.0,3280.33
21419.88,73.33,79,0.0,3280.33
21419.88,73.22,79,0.0,3280.33
21419.88,73.16,91,1.175,3280.33
21419.88,73.27,91,0.0,3280.33
21419.88,73.46,91,0.0,3280.33
21419.88,73.94,91,0.0,3280.33
21419.88,74.12,91,2.4375,3280.33
21419.88,73.78,91,1.2125,3280.33
21419.88,74.1,78,0.0,3280.33
21419.88,73.39,78,1.2125,3280.33
21419.88,71.75,89,0.0,3280.33
21419.88,72.39,89,0.0,3280.33
21419.88,72.5,88,1.2125,3280.33
21419.88,72.57,88,0.0,3280.33
21419.88,72.92,90,0.0,3280.33
21419.88,72.81,90,1.25,3280.33
21419.88,72.78,91,1.175,3280.33
21419.88,70.09,91,1.2125,3280.33
21419.88,69.69,76,0.0,3280.33
21419.88,69.24,76,0.0,3280.33
21419.88,69.93,90,0.0,3280.33
21419.88,69.9,91,1.2125,3280.33
21419.88,70.07,91,0.0,3280.33
21419.88,69.94,89,0.0,3280.33
21419.88,69.93,89,1.2125,3280.33
21419.88,69.72,91,0.0,3280.33
21419.88,66.04,91,2.4125,3280.33
21419.88,67.98,77,0.0,3280.33
21419.88,69.02,77,0.0,3280.33
21419.88,69.28,90,1.175,3280.33
21419.88,66.9,90,1.2,3280.33
21419.88,65.83,79,1.2375,3280.33
21419.88,65.17,79,0.0,3280.33
21419.88,65.32,91,1.2125,3280.33
21419.88,65.52,91,0.0,3280.33
21419.88,64.7,89,0.0,3280.33
21419.88,64.64,89,1.2125,3280.33
21419.88,67.9,91,0.0,3280.33
21419.88,68.25,91,0.0,3280.33
21419.88,68.21,91,1.2125,3280.33
21419.88,68.03,91,0.0,3280.33
21419.88,70.24,92,0.0,3280.33
21419.88,71.13,92,0.0,3280.33
21419.88,71.78,91,1.225,3280.33
21419.88,71.38,91,1.225,3280.33
21419.88,67.95,82,0.0,3280.33
21419.88,67.39,82,0.0,3280.33
21419.88,67.61,89,1.225,3280.33
21419.88,68.33,91,0.0,3280.33
21419.88,68.61,91,1.1875,3280.33
21419.88,68.81,78,0.0,3280.33
21419.88,67.92,78,1.2125,3280.33
21419.88,67.77,90,0.0,3280.33
21419.88,68.18,90,0.0,3280.33
21419.88,67.89,90,2.4125,3280.33
21419.88,68.39,90,0.0,3280.33
21419.88,70.89,79,0.0,3280.33
21419.88,71.93,79,1.225,3280.33
21419.88,71.88,90,0.0,3280.33
21419.88,71.91,90,0.0,3280.33
21419.88,71.87,91,1.225,3280.33
21419.88,72.14,91,1.225,3280.33
21419.88,72.14,79,1.225,3280.33
21419.88,71.79,79,0.0,3280.33
21419.88,72.08,91,0.0,3280.33
21419.88,69.76,91,1.2125,3280.33
21419.88,69.47,77,1.2,3280.33
21419.88,69.5,77,0.0,3280.33
21419.88,69.52,77,0.0,3280.33
21419.88,69.54,91,1.2125,3280.33
21419.88,69.58,89,0.0,3280.33
21419.88,69.49,89,0.0,3280.33
21419.88,67.76,85,2.4,3280.33
21419.88,66.77,85,0.0,3280.33
21419.88,66.84,84,0.0,3280.33
21419.88,66.7,84,1.225,3280.33
21419.88,68.75,90,0.0,3280.33
21419.88,69.91,90,0.0,3280.33
21419.88,69.97,91,2.4375,3280.33
21419.88,67.52,80,0.0,3280.33
21419.88,66.65,80,0.0,3280.33
21419.88,66.19,92,0.0,3280.33
21419.88,66.19,92,0.0,3280.33
21419.88,68.3,92,1.25,3280.33
21419.88,69.29,91,1.25,3280.33
21419.88,69.64,91,0.0,3280.33
21419.88,69.55,89,1.2375,3280.33
21419.88,69.62,89,0.0,3280.33
21419.88,69.37,91,0.0,3280.33
21419.88,68.94,91,1.2375,3280.33
21419.88,70.78,89,0.0,3280.33
21419.88,71.35,89,0.0,3280.33
21419.88,71.76,90,0.0,3280.33
21419.88,71.51,90,1.2375,3280.33
21419.88,71.83,89,0.0,3280.33
21419.88,71.99,89,1.25,3280.33
21419.88,73.81,76,1.25,3280.33
21419.88,73.17,76,0.0,3280.33
21419.88,73.18,91,0.0,3280.33
21419.88,73.44,91,1.25,3280.33
21419.88,73.77,90,0.0,3280.33
21419.88,74.71,91,0.0,3280.33
21419.88,74.72,91,0.0,3280.33
21419.88,74.81,91,1.25,3280.33
21419.88,75.06,91,1.25,3280.33
21419.88,71.77,76,1.25,3280.33
21419.88,70.8,76,0.0,3280.33
21419.88,68.6,91,0.0,3280.33
21419.88,69.41,91,1.25,3280.33
21419.88,69.35,91,0.0,3280.33
21419.88,69.35,91,0.0,3280.33
21419.88,69.41,91,1.25,3280.33
21419.88,69.38,91,1.25,3280.33
21419.88,69.41,91,0.0,3280.33
21419.88,68.57,75,1.2375,3280.33
21419.88,68.44,75,0.0,3280.33
21419.88,72.1,90,0.0,3280.33
21419.88,73.08,90,1.2375,3280.33
21419.88,73.27,90,1.25,3280.33
21419.88,73.06,90,0.0,3280.33
21419.88,73.25,91,2.425,3280.33
21419.88,69.63,91,0.0,3280.33
21419.88,68.77,78,0.0,3280.33
21419.88,68.44,78,0.0,3280.33
21419.88,68.51,91,1.2125,3280.33
21419.88,69.3,91,1.2125,3280.33
21419.88,67.94,87,0.0,3280.33
21419.88,66.79,87,1.2125,3280.33
21419.88,66.33,80,0.0,3280.33
21419.88,66.42,92,0.0,3280.33
21419.88,66.4,92,1.2125,3280.33
21419.88,63.08,78,1.2125,3280.33
21419.88,65.92,78,0.0,3280.33
21419.88,66.81,89,1.2,3280.33
21419.88,67.23,89,0.0,3280.33
21419.88,67.17,91,1.2125,3280.33
21419.88,68.55,91,1.2125,3280.33
21419.88,69.16,90,1.2125,3280.33
21419.88,68.9,90,0.0,3280.33
21419.88,68.53,77,0.0,3280.33
21419.88,68.78,77,1.2125,3280.33
21419.88,71.95,91,0.0,3280.33
21419.88,72.7,91,1.225,3280.33
21419.88,71.75,78,1.2125,3280.33
21419.88,71.41,78,0.0,3280.33
21419.88,71.34,91,0.0,3280.33
21419.88,71.32,91,1.2125,3280.33
21419.88,71.37,90,0.0,3280.33
21419.88,71.5,90,1.2125,3280.33
21419.88,71.85,89,1.2125,3280.33
21419.88,71.18,89,0.0,3280.33
21419.88,70.66,81,0.0,3280.33
21419.88,70.81,81,0.0,3280.33
21419.88,70.45,91,0.0,3280.33
21419.88,71.31,91,3.4,3280.33
21419.88,71.9,75,1.2375,3280.33
21419.88,70.92,75,0.0,3280.33
21419.88,70.41,93,0.0,3280.33
21419.88,70.64,91,1.2125,3280.33
21419.88,70.98,91,0.0,3280.33
21419.88,71.29,91,0.0,3280.33
21419.88,72.24,91,0.0,3280.33
21419.88,72.43,92,1.225,3280.33
21419.88,72.37,92,0.0,3280.33
21419.88,72.02,91,0.0,3280.33
21419.88,71.38,91,0.0,3280.33
21419.88,72.09,91,1.2125,3280.33
21419.88,72.49,91,0.0,3280.33
21419.88,72.3,91,1.2125,3280.33
21419.88,72.13,91,0.0,3280.33
21419.88,68.71,78,2.35,3280.33
21419.88,67.62,78,1.2125,3280.33
21419.88,67.81,89,0.0,3280.33
21419.88,67.82,89,0.0,3280.33
21419.88,68.14,92,1.2,3280.33
21419.88,68.38,92,0.0,3280.33
21419.88,68.29,91,0.0,3280.33
21419.88,68.84,91,1.225,3280.33
21419.88,68.72,90,0.0,3280.33
21419.88,68.34,90,1.2125,3280.33
21419.88,70.38,75,1.2125,3280.33
21419.88,73.31,75,0.0,3280.33
21419.88,74.19,91,0.0,3280.33
21419.88,74.31,91,1.2125,3280.33
21419.88,74.08,91,1.2125,3280.33
21419.88,73.16,75,1.2,3280.33
21419.88,72.35,75,0.0,3280.33
21419.88,72.27,91,0.0,3280.33
21419.88,72.16,91,1.2125,3280.33
21419.88,72.16,91,0.0,3280.33
21419.88,72.77,91,1.25,3280.33
21419.88,71.12,80,0.0,3280.33
21419.88,71.55,80,1.25,3280.33
21419.88,71.6,91,1.25,3280.33
21419.88,71.79,91,0.0,3280.33
21419.88,72.57,91,0.0,3280.33
21419.88,72.94,91,1.25,3280.33
21419.88,72.2,80,0.0,3280.33
21419.88,72.15,80,1.25,3280.33
21419.88,72.26,90,0.0,3280.33
21419.88,72.34,90,0.0,3280.33
21419.88,71.7,91,1.2375,3280.33
21419.88,71.92,91,0.0,3280.33
21419.88,72.14,90,0.0,3280.33
21419.88,71.81,90,1.2375,3280.33
21419.88,71.61,90,0.0,3280.33
21419.88,70.77,92,1.2375,3280.33
21419.88,70.16,78,1.2375,3280.33
21419.88,71.28,78,0.0,3280.33
21419.88,71.13,91,0.0,3280.33
21419.88,71.38,91,0.0,3280.33
21419.88,71.32,91,1.2375,3280.33
21419.88,71.48,92,0.0,3280.33
21419.88,71.47,92,0.0,3280.33
21419.88,71.23,91,1.2375,3280.33
21419.88,69.25,91,1.25,3280.33
21419.88,68.65,78,0.0,3280.33
21419.88,69.46,78,0.0,3280.33
21419.88,70.57,91,1.2375,3280.33
21419.88,70.57,91,0.0,3280.33
21419.88,70.39,91,1.2375,3280.33
21419.88,68.24,91,0.0,3280.33
21419.88,67.19,75,1.2375,3280.33
21419.88,66.93,75,0.0,3280.33
21419.88,67.0,88,0.0,3280.33
21419.88,67.0,88,1.2375,3280.33
21419.88,66.93,91,1.2375,3280.33
21419.88,69.23,91,0.0,3280.33
21419.88,70.47,78,1.25,3280.33
21419.88,70.64,78,0.0,3280.33
21419.88,70.15,91,0.0,3280.33
21419.88,70.34,91,0.0,3280.33
21419.88,72.18,91,1.225,3280.33
21419.88,72.89,91,2.3,3280.33
21419.88,72.86,91,0.0,3280.33
21419.88,69.26,75,1.2375,3280.33
21419.88,68.42,75,0.0,3280.33
21419.88,68.37,90,0.0,3280.33
21419.88,68.37,90,1.2125,3280.33
21419.88,67.95,91,0.0,3280.33
21419.88,68.39,91,1.2125,3280.33
21419.88,67.52,79,1.2125,3280.33
21419.88,67.86,79,0.0,3280.33
21419.88,67.86,91,0.0,3280.33
21419.88,71.22,91,1.2125,3280.33
21419.88,71.95,90,0.0,3280.33
21419.88,71.66,90,0.0,3280.33
21419.88,71.86,91,1.2125,3280.33
21419.88,68.81,91,1.2125,3280.33
21419.88,68.12,76,0.0,3280.33
21419.88,68.09,76,1.225,3280.33
21419.88,68.83,93,0.0,3280.33
21419.88,68.99,91,0.0,3280.33
21419.88,68.93,91,1.2125,3280.33
21419.88,69.06,91,0.0,3280.33
21419.88,69.37,91,0.0,3280.33
21419.88,69.45,91,0.0,3280.33
21419.88,69.33,91,1.2125,3280.33
21419.88,68.78,91,0.0,3280.33
21419.88,71.59,92,0.0,3280.33
21419.88,72.27,92,1.2125,3280.33
21419.88,71.96,93,1.225,3280.33
21419.88,71.98,93,0.0,3280.33
21419.88,71.94,90,2.425,3280.33
21419.88,72.69,90,0.0,3280.33
21419.88,72.39,79,0.0,3280.33
21419.88,71.77,79,0.0,3280.33
21419.88,71.79,91,1.2125,3280.33
21419.88,71.94,91,1.175,3280.33
21419.88,69.1,90,0.0,3280.33
21419.88,68.22,80,1.2,3280.33
21419.88,68.17,80,0.0,3280.33
21419.88,68.56,80,0.0,3280.33
21419.88,68.4,91,1.2125,3280.33
21419.88,68.3,90,0.0,3280.33
21419.88,67.7,90,0.0,3280.33
21419.88,67.79,91,1.2125,3280.33
21419.88,68.52,91,0.0,3280.33
21419.88,67.79,91,2.4375,3280.33
21419.88,70.14,77,0.0,3280.33
21419.88,73.14,77,1.2125,3280.33
21419.88,74.06,91,0.0,3280.33
21419.88,74.45,91,0.0,3280.33
21419.88,74.25,74,2.425,3280.33
21419.88,70.86,74,0.0,3280.33
21419.88,70.13,92,0.0,3280.33
21419.88,70.13,92,1.2125,3280.33
21419.88,70.25,91,0.0,3280.33
21419.88,70.74,91,0.0,3280.33
21419.88,65.1,73,2.4125,3280.33
21419.88,64.31,73,0.0,3280.33
21419.88,64.33,93,1.2125,3280.33
21419.88,64.23,93,0.0,3280.33
21419.88,64.14,90,0.0,3280.33
21419.88,67.65,90,0.0,3280.33
21419.88,68.41,90,2.45,3280.33
21419.88,68.68,90,0.0,3280.33
21419.88,68.23,88,2.35,3280.33
21419.88,66.49,88,0.0,3280.33
21419.88,65.58,77,0.0,3280.33
21419.88,68.78,77,1.2125,3280.33
21419.88,69.67,90,0.0,3280.33
21419.88,69.68,90,0.0,3280.33
21419.88,69.72,90,1.2125,3280.33
21419.88,69.66,90,0.0,3280.33
21419.88,69.86,91,0.0,3280.33
21419.88,69.97,91,1.175,3280.33
21419.88,69.43,91,0.0,3280.33
21419.88,69.56,91,2.425,3280.33
21419.88,71.75,74,0.0,3280.33
21419.88,72.44,74,0.0,3280.33
21419.88,72.88,88,0.0,3280.33
21419.88,73.12,88,1.2125,3280.33
21419.88,73.09,90,0.0,3280.33
21419.88,73.21,90,0.0,3280.33
21419.88,73.49,90,1.2125,3280.33
21419.88,73.58,90,0.0,3280.33
21419.88,73.26,90,0.0,3280.33
21419.88,73.53,91,2.425,3280.33
21419.88,73.28,91,0.0,3280.33
21419.88,72.66,91,0.0,3280.33
21419.88,72.64,91,0.0,3280.33
21419.88,72.48,77,2.425,3280.33
21419.88,69.08,77,0.0,3280.33
21419.88,68.63,89,0.0,3280.33
21419.88,68.47,89,1.2125,3280.33
21419.88,68.18,91,0.0,3280.33
21419.88,68.19,91,0.0,3280.33
21419.88,68.45,91,0.0,3280.33
21419.88,68.81,91,2.4375,3280.33
21419.88,68.4,77,0.0,3280.33
21419.88,68.58,77,0.0,3280.33
21419.88,68.53,91,0.0,3280.33
21419.88,72.03,91,1.225,3280.33
21419.88,72.44,91,0.0,3280.33
21419.88,72.48,91,0.0,3280.33
21419.88,72.56,91,0.0,3280.33
21419.88,70.41,91,2.3875,3280.33
21419.88,70.67,79,0.0,3280.33
21419.88,70.17,79,0.0,3280.33
21419.88,70.45,89,1.175,3280.33
21419.88,70.78,89,0.0,3280.33
21419.88,70.88,89,2.4375,3280.33
21419.88,71.09,89,0.0,3280.33
21419.88,70.92,90,0.0,3280.33
21419.88,71.05,90,1.2125,3280.33
21419.88,70.85,91,0.0,3280.33
21419.88,70.63,91,0.0,3280.33
21419.88,72.36,91,0.0,3280.33
21419.88,72.09,91,0.0,3280.33
21419.88,72.2,91,1.2375,3280.33
21419.88,72.11,91,0.0,3280.33
21419.88,72.28,92,0.0,3280.33
21419.88,72.48,92,2.4875,3280.33
21419.88,73.39,77,0.0,3280.33
21419.88,73.36,77,0.0,3280.33
21419.88,73.51,89,1.2375,3280.33
21419.88,73.49,89,0.0,3280.33
21419.88,73.99,90,0.0,3280.33
21419.88,73.97,90,1.2375,3280.33
21419.88,72.31,86,1.25,3280.33
21419.88,71.54,86,0.0,3280.33
21419.88,71.39,84,0.0,3280.33
21419.88,71.6,91,0.0,3280.33
21419.88,71.48,91,1.2375,3280.33
21419.88,70.2,91,0.0,3280.33
21419.88,70.0,91,0.0,3280.33
21419.88,70.0,91,1.25,3280.33
21419.88,69.82,91,0.0,3280.33
21419.88,69.84,90,0.0,3280.33
21419.88,71.26,90,1.25,3280.33
21419.88,72.04,89,0.0,3280.33
21419.88,71.92,89,0.0,3280.33
21419.88,71.62,90,1.25,3280.33
21419.88,71.5,90,0.0,3280.33
21419.88,69.53,90,1.2375,3280.33
21419.88,68.54,76,1.2375,3280.33
21419.88,68.74,76,0.0,3280.33
21419.88,68.45,92,0.0,3280.33
21419.88,68.97,92,0.0,3280.33
21419.88,68.78,91,3.725,3280.33
21419.88,69.5,91,0.0,3280.33
21419.88,69.35,78,0.0,3280.33
21419.88,69.44,78,0.0,3280.33
21419.88,69.88,91,1.2375,3280.33
21419.88,70.05,91,0.0,3280.33
21419.88,70.05,89,0.0,3280.33
21419.88,72.24,89,0.0,3280.33
21419.88,72.91,91,1.2375,3280.33
21419.88,72.92,91,1.2375,3280.33
21419.88,69.69,78,0.0,3280.33
21419.88,68.63,78,1.2375,3280.33
21419.88,69.16,91,0.0,3280.33
21419.88,69.37,91,0.0,3280.33
21419.88,69.37,90,2.475,3280.33
21419.88,69.46,90,0.0,3280.33
21419.88,69.33,91,1.2125,3280.33
21419.88,68.29,91,1.2125,3280.33
21419.88,68.49,80,0.0,3280.33
21419.88,68.03,80,0.0,3280.33
21419.88,68.03,89,1.2125,3280.33
21419.88,71.17,89,0.0,3280.33
21419.88,71.95,91,0.0,3280.33
21419.88,72.08,91,0.0,3280.33
21419.88,72.08,91,1.2125,3280.33
21419.88,71.83,91,0.0,3280.33
21419.88,71.66,91,0.0,3280.33
21419.88,71.63,91,0.0,3280.33
21419.88,71.57,91,1.225,3280.33
21419.88,71.78,89,0.0,3280.33
21419.88,71.64,89,0.0,3280.33
21419.88,71.87,91,1.2125,3280.33
21419.88,72.02,91,1.2,3280.33
21419.88,72.43,80,0.0,3280.33
21419.88,71.89,91,1.2125,3280.33
21419.88,72.07,91,1.2125,3280.33
21419.88,72.06,91,0.0,3280.33
21419.88,72.06,91,0.0,3280.33
21419.88,74.56,91,2.4125,3280.33
21419.88,74.12,79,0.0,3280.33
21419.88,74.43,79,0.0,3280.33
21419.88,73.7,91,1.2125,3280.33
21419.88,73.91,80,1.2125,3280.33
21419.88,73.06,80,0.0,3280.33
21419.88,73.55,91,0.0,3280.33
21419.88,73.35,91,1.225,3280.33
21419.88,73.64,91,0.0,3280.33
21419.88,73.44,91,0.0,3280.33
21419.88,73.69,92,1.2125,3280.33
21419.88,71.67,92,0.0,3280.33
21419.88,71.85,91,0.0,3280.33
21419.88,71.96,91,0.0,3280.33
21419.88,72.42,90,1.2125,3280.33
21419.88,71.64,90,0.0,3280.33
21419.88,72.25,91,0.0,3280.33
21419.88,72.06,91,1.2125,3280.33
21419.88,72.32,91,0.0,3280.33
21419.88,72.11,91,1.225,3280.33
21419.88,71.59,84,0.0,3280.33
21419.88,71.52,84,1.225,3280.33
21419.88,71.51,91,0.0,3280.33
21419.88,71.95,91,1.2125,3280.33
21419.88,71.61,91,0.0,3280.33
21419.88,71.89,91,0.0,3280.33
21419.88,72.1,91,2.4375,3280.33
21419.88,73.55,91,0.0,3280.33
21419.88,73.13,80,0.0,3280.33
21419.88,72.97,80,0.0,3280.33
21419.88,73.2,92,1.2125,3280.33
21419.88,73.77,92,1.225,3280.33
21419.88,70.81,81,0.0,3280.33
21419.88,69.87,81,1.2125,3280.33
21419.88,69.47,90,0.0,3280.33
21419.88,69.83,90,0.0,3280.33
21419.88,69.76,91,2.4375,3280.33
21419.88,70.86,91,0.0,3280.33
21419.88,69.04,82,0.0,3280.33
21419.88,69.33,82,1.2125,3280.33
21419.88,69.52,93,0.0,3280.33
21419.88,69.52,93,3.7375,3280.33
21419.88,69.61,94,0.0,3280.33
21419.88,72.34,94,0.0,3280.33
21419.88,73.19,81,1.2125,3280.33
21419.88,73.47,81,0.0,3280.33
21419.88,73.31,93,0.0,3280.33
21419.88,73.36,93,0.0,3280.33
21419.88,72.33,93,1.2125,3280.33
21419.88,72.44,92,0.0,3280.33
21419.88,72.85,92,2.425,3280.33
21419.88,72.78,79,0.0,3280.33
21419.88,73.95,79,1.2125,3280.33
21419.88,73.65,91,0.0,3280.33
21419.88,73.9,91,0.0,3280.33
21419.88,73.97,90,1.2125,3280.33
21419.88,74.17,90,2.425,3280.33
21419.88,75.11,76,0.0,3280.33
21419.88,74.45,76,0.0,3280.33
21419.88,74.63,90,1.2125,3280.33
21419.88,74.78,90,0.0,3280.33
21419.88,74.7,91,0.0,3280.33
21419.88,73.22,91,1.1875,3280.33
21419.88,72.76,89,1.175,3280.33
21419.88,71.7,89,0.0,3280.33
21419.88,71.61,80,1.2,3280.33
21419.88,70.78,80,0.0,3280.33
21419.88,70.78,90,1.175,3280.33
21419.88,71.81,75,1.1875,3280.33
21419.88,71.81,75,0.0,3280.33
21419.88,71.48,75,0.0,3280.33
21419.88,71.82,91,1.2375,3280.33
21419.88,71.61,91,0.0,3280.33
21419.88,72.26,90,0.0,3280.33
21419.88,73.21,90,1.225,3280.33
21419.88,73.21,88,1.2125,3280.33
21419.88,70.71,88,1.2125,3280.33
21419.88,69.88,77,0.0,3280.33
21419.88,69.87,77,1.2125,3280.33
21419.88,69.42,90,0.0,3280.33
21419.88,69.53,90,2.425,3280.33
21419.88,69.88,91,0.0,3280.33
21419.88,69.75,76,1.2125,3280.33
21419.88,69.85,76,0.0,3280.33
21419.88,70.16,76,0.0,3280.33
21419.88,70.0,91,1.2125,3280.33
21419.88,73.11,91,0.0,3280.33
21419.88,73.61,91,0.0,3280.33
21419.88,73.88,91,0.0,3280.33
21419.88,73.54,91,0.0,3280.33
21419.88,73.39,90,1.225,3280.33
21419.88,72.97,90,0.0,3280.33
21419.88,72.58,91,0.0,3280.33
21419.88,72.7,91,1.2125,3280.33
21419.88,72.53,91,0.0,3280.33
21419.88,72.39,91,1.2125,3280.33
21419.88,71.15,87,1.175,3280.33
21419.88,70.15,75,0.0,3280.33
21419.88,69.76,75,1.225,3280.33
21419.88,70.39,90,1.2125,3280.33
21419.88,70.39,90,0.0,3280.33
21419.88,70.95,90,0.0,3280.33
21419.88,67.6,91,1.1875,3280.33
21419.88,66.81,78,1.2125,3280.33
21419.88,67.19,78,0.0,3280.33
21419.88,67.09,89,0.0,3280.33
21419.88,68.43,89,1.2125,3280.33
21419.88,69.19,91,0.0,3280.33
21419.88,69.81,91,1.2125,3280.33
21419.88,66.74,78,1.2125,3280.33
21419.88,65.86,78,0.0,3280.33
21419.88,65.74,91,0.0,3280.33
21419.88,65.9,91,1.2125,3280.33
21419.88,69.25,91,0.0,3280.33
21419.88,70.06,91,0.0,3280.33
21419.88,69.63,91,1.2125,3280.33
21419.88,69.03,91,1.225,3280.33
21419.88,68.74,80,0.0,3280.33
21419.88,68.89,80,0.0,3280.33
21419.88,68.58,91,0.0,3280.33
21419.88,71.51,91,1.225,3280.33
21419.88,72.3,89,2.4125,3280.33
21419.88,74.15,89,0.0,3280.33
21419.88,73.16,80,1.2125,3280.33
21419.88,73.31,80,0.0,3280.33
21419.88,73.11,91,0.0,3280.33
21419.88,73.39,91,0.0,3280.33
21419.88,73.85,91,1.2125,3280.33
21419.88,73.96,91,1.2125,3280.33
21419.88,72.33,85,1.2125,3280.33
21419.88,72.02,85,0.0,3280.33
21419.88,71.83,81,0.0,3280.33
21419.88,71.82,91,1.2125,3280.33
21419.88,69.93,91,0.0,3280.33
21419.88,71.02,91,0.0,3280.33
21419.88,70.88,91,0.0,3280.33
21419.88,71.03,76,2.4375,3280.33
21419.88,72.76,76,0.0,3280.33
21419.88,72.68,91,1.225,3280.33
21419.88,72.71,91,0.0,3280.33
21419.88,75.02,91,0.0,3280.33
21419.88,75.17,91,1.2125,3280.33
21419.88,75.12,91,0.0,3280.33
21419.88,75.09,91,0.0,3280.33
21419.88,75.06,91,1.2125,3280.33
21419.88,74.79,91,0.0,3280.33
21419.88,74.48,91,0.0,3280.33
21419.88,72.39,91,1.2,3280.33
21419.88,72.32,91,0.0,3280.33
21419.88,72.36,91,0.0,3280.33
21419.88,71.89,91,1.2125,3280.33
21419.88,71.85,91,1.2125,3280.33
21419.88,72.34,79,0.0,3280.33
21419.88,71.73,79,2.425,3280.33
21419.88,71.73,79,0.0,3280.33
21419.88,72.0,93,0.0,3280.33
21419.88,71.98,94,1.2125,3280.33
21419.88,72.55,94,0.0,3280.33
21419.88,72.03,92,0.0,3280.33
21419.88,72.39,92,0.0,3280.33
21419.88,72.3,90,2.4125,3280.33
21419.88,72.3,90,0.0,3280.33
21419.88,72.89,78,0.0,3280.33
21419.88,72.19,78,1.2,3280.33
21419.88,72.77,89,0.0,3280.33
21419.88,74.85,89,2.425,3280.33
21419.88,73.75,76,0.0,3280.33
21419.88,73.79,76,0.0,3280.33
21419.88,74.48,94,0.0,3280.33
21419.88,74.35,94,1.2125,3280.33
21419.88,74.35,91,0.0,3280.33
21419.88,73.56,91,0.0,3280.33
21419.88,73.87,91,2.4375,3280.33
21419.88,74.36,91,0.0,3280.33
21419.88,73.91,91,0.0,3280.33
21419.88,70.66,81,1.2125,3280.33
21419.88,67.26,81,1.225,3280.33
21419.88,68.45,89,0.0,3280.33
21419.88,68.28,89,0.0,3280.33
21419.88,68.47,89,1.2125,3280.33
21419.88,68.34,91,0.0,3280.33
21419.88,68.52,91,1.175,3280.33
21419.88,68.14,91,0.0,3280.33
21419.88,67.42,79,1.2375,3280.33
21419.88,67.09,79,0.0,3280.33
21419.88,67.22,92,0.0,3280.33
21419.88,69.93,92,1.225,3280.33
21419.88,71.12,92,0.0,3280.33
21419.88,70.5,89,2.4375,3280.33
21419.88,69.8,79,1.2125,3280.33
21419.88,69.44,79,0.0,3280.33
21419.88,69.71,91,0.0,3280.33
21419.88,69.7,91,0.0,3280.33
21419.88,69.9,89,1.225,3280.33
21419.88,70.68,89,0.0,3280.33
21419.88,70.58,89,0.0,3280.33
21419.88,70.79,89,0.0,3280.33
21419.88,71.04,92,1.225,3280.33
21419.88,70.91,92,0.0,3280.33
21419.88,71.94,92,0.0,3280.33
21419.88,71.97,92,0.0,3280.33
21419.88,71.9,91,1.225,3280.33
21419.88,71.24,91,0.0,3280.33
21419.88,68.23,90,1.2125,3280.33
21419.88,67.02,90,0.0,3280.33
21419.88,66.8,79,1.225,3280.33
21419.88,66.73,79,0.0,3280.33
21419.88,67.17,91,0.0,3280.33
21419.88,67.47,91,0.0,3280.33
21419.88,67.7,89,1.2125,3280.33
21419.88,67.96,89,0.0,3280.33
21419.88,67.92,90,0.0,3280.33
21419.88,67.7,91,1.225,3280.33
21419.88,67.63,91,0.0,3280.33
21419.88,70.42,91,1.225,3280.33
21419.88,71.49,82,0.0,3280.33
21419.88,71.83,91,0.0,3280.33
21419.88,72.03,91,1.2125,3280.33
21419.88,71.75,91,0.0,3280.33
21419.88,71.5,90,0.0,3280.33
21419.88,71.81,90,0.0,3280.33
21419.88,71.34,91,1.2375,3280.33
21419.88,71.35,89,0.0,3280.33
21419.88,71.31,89,0.0,3280.33
21419.88,71.66,91,1.25,3280.33
21419.88,71.66,91,0.0,3280.33
21419.88,71.98,91,0.0,3280.33
21419.88,72.06,92,0.0,3280.33
21419.88,72.01,92,2.4875,3280.33
21419.88,72.01,92,0.0,3280.33
21419.88,73.11,92,1.2375,3280.33
21419.88,72.37,79,1.2375,3280.33
21419.88,72.04,92,0.0,3280.33
21419.88,72.44,92,0.0,3280.33
21419.88,72.59,91,0.0,3280.33
21419.88,72.79,91,1.25,3280.33
21419.88,73.29,89,0.0,3280.33
21419.88,73.83,89,0.0,3280.33
21419.88,73.49,92,0.0,3280.33
21419.88,72.89,92,1.25,3280.33
21419.88,71.5,91,1.25,3280.33
21419.88,73.83,91,0.0,3280.33
21419.88,73.33,82,0.0,3280.33
21419.88,73.19,82,0.0,3280.33
21419.88,72.99,91,0.0,3280.33
21419.88,73.15,91,2.4875,3280.33
21419.88,73.57,76,0.0,3280.33
21419.88,72.46,76,0.0,3280.33
21419.88,72.71,92,0.0,3280.33
21419.88,72.66,92,1.25,3280.33
21419.88,73.13,91,0.0,3280.33
21419.88,73.78,91,2.4875,3280.33
21419.88,73.62,76,0.0,3280.33
21419.88,73.62,76,0.0,3280.33
21419.88,73.56,92,1.25,3280.33
21419.88,74.0,92,0.0,3280.33
21419.88,73.75,90,0.0,3280.33
21419.88,73.22,90,1.25,3280.33
21419.88,73.92,92,0.0,3280.33
21419.88,73.91,92,0.0,3280.33
21419.88,73.93,91,0.0,3280.33
21419.88,73.53,91,1.25,3280.33
21419.88,73.15,91,0.0,3280.33
21419.88,71.37,91,0.0,3280.33
21419.88,71.92,92,0.0,3280.33
21419.88,71.6,92,1.25,3280.33
21419.88,71.54,91,0.0,3280.33
21419.88,71.74,91,1.25,3280.33
21419.88,73.03,76,1.2375,3280.33
21419.88,72.42,76,0.0,3280.33
21419.88,72.49,91,0.0,3280.33
21419.88,72.62,91,1.2125,3280.33
21419.88,73.0,92,1.2125,3280.33
21419.88,73.16,92,0.0,3280.33
21419.88,73.76,90,2.4,3280.33
21419.88,75.34,76,0.0,3280.33
21419.88,75.18,76,0.0,3280.33
21419.88,75.23,92,1.225,3280.33
21419.88,75.12,92,0.0,3280.33
21419.88,73.72,91,0.0,3280.33
21419.88,74.59,91,2.4375,3280.33
21419.88,76.6,78,0.0,3280.33
21419.88,76.16,78,0.0,3280.33
21419.88,76.26,91,0.0,3280.33
21419.88,76.03,91,1.25,3280.33
21419.88,73.37,88,1.1875,3280.33
21419.88,72.94,88,0.0,3280.33
21419.88,72.8,84,1.2125,3280.33
21419.88,72.92,84,0.0,3280.33
21419.88,72.84,90,0.0,3280.33
21419.88,73.04,90,1.225,3280.33
21419.88,70.96,89,0.0,3280.33
21419.88,71.63,89,1.225,3280.33
21419.88,70.96,79,0.0,3280.33
21419.88,71.18,79,1.2125,3280.33
21419.88,71.03,91,0.0,3280.33
21419.88,72.22,91,0.0,3280.33
21419.88,72.93,91,0.0,3280.33
21419.88,73.01,91,2.4125,3280.33
21419.88,72.89,91,0.0,3280.33
21419.88,73.02,91,0.0,3280.33
21419.88,72.57,91,1.2125,3280.33
21419.88,72.2,91,0.0,3280.33
21419.88,71.88,91,0.0,3280.33
21419.88,71.98,91,0.0,3280.33
21419.88,71.93,91,1.2125,3280.33
21419.88,71.95,91,0.0,3280.33
21419.88,72.0,91,2.425,3280.33
21419.88,69.75,91,0.0,3280.33
21419.88,68.88,76,0.0,3280.33
21419.88,68.99,90,1.225,3280.33
21419.88,69.08,90,0.0,3280.33
21419.88,69.36,90,0.0,3280.33
21419.88,70.0,90,1.2125,3280.33
21419.88,70.13,90,0.0,3280.33
21419.88,70.42,90,1.2125,3280.33
21419.88,72.43,79,0.0,3280.33
21419.88,72.1,79,1.225,3280.33
21419.88,71.94,90,0.0,3280.33
21419.88,74.53,90,0.0,3280.33
21419.88,75.5,91,1.2125,3280.33
21419.88,75.5,91,1.2125,3280.33
21419.88,74.73,80,1.2125,3280.33
21419.88,74.07,80,0.0,3280.33
21419.88,74.21,91,0.0,3280.33
21419.88,74.12,91,0.0,3280.33
21419.88,72.19,91,2.425,3280.33
21419.88,72.57,91,0.0,3280.33
21419.88,72.71,91,0.0,3280.33
21419.88,72.39,91,1.2125,3280.33
21419.88,72.21,91,0.0,3280.33
21419.88,71.67,91,0.0,3280.33
21419.88,71.25,89,1.2125,3280.33
21419.88,71.73,89,1.2125,3280.33
21419.88,72.94,89,0.0,3280.33
21419.88,72.33,79,1.2125,3280.33
21419.88,72.46,91,0.0,3280.33
21419.88,72.15,91,0.0,3280.33
21419.88,72.33,91,0.0,3280.33
21419.88,72.56,91,1.2125,3280.33
21419.88,72.82,92,0.0,3280.33
21419.88,72.93,92,0.0,3280.33
21419.88,73.18,91,1.2125,3280.33
21419.88,73.37,91,0.0,3280.33
21419.88,72.99,91,0.0,3280.33
21419.88,71.77,91,1.2125,3280.33
21419.88,71.99,91,0.0,3280.33
21419.88,72.45,91,0.0,3280.33
21419.88,72.34,92,2.275,3280.33
21419.88,72.62,77,0.0,3280.33
21419.88,72.46,77,0.0,3280.33
21419.88,72.33,91,1.225,3280.33
21419.88,72.7,91,0.0,3280.33
21419.88,72.8,91,0.0,3280.33
21419.88,71.18,91,1.225,3280.33
21419.88,70.61,79,0.0,3280.33
21419.88,70.65,79,1.225,3280.33
21419.88,70.77,91,0.0,3280.33
21419.88,70.78,91,0.0,3280.33
21419.88,70.61,91,0.0,3280.33
21419.88,66.95,90,2.4375,3280.33
21419.88,66.26,80,1.2125,3280.33
21419.88,66.39,80,0.0,3280.33
21419.88,66.35,92,0.0,3280.33
21419.88,66.57,92,1.225,3280.33
21419.88,68.53,89,0.0,3280.33
21419.88,69.56,89,0.0,3280.33
21419.88,69.54,91,0.0,3280.33
21419.88,69.68,91,1.225,3280.33
21419.88,69.13,92,0.0,3280.33
21419.88,68.99,92,0.0,3280.33
21419.88,71.83,92,0.0,3280.33
21419.88,72.42,92,0.0,3280.33
21419.88,72.41,91,1.225,3280.33
21419.88,72.13,91,0.0,3280.33
21419.88,71.98,90,1.225,3280.33
21419.88,74.24,90,0.0,3280.33
21419.88,73.78,79,1.2125,3280.33
21419.88,73.78,79,0.0,3280.33
21419.88,73.94,87,0.0,3280.33
21419.88,74.27,87,0.0,3280.33
21419.88,74.61,91,1.2,3280.33
21419.88,74.61,91,0.0,3280.33
21419.88,74.96,91,0.0,3280.33
21419.88,74.83,91,2.4375,3280.33
21419.88,75.06,91,0.0,3280.33
21419.88,74.75,90,0.0,3280.33
21419.88,72.31,90,0.0,3280.33
21419.88,72.65,91,1.225,3280.33
21419.88,72.29,91,0.0,3280.33
21419.88,72.43,91,2.4125,3280.33
21419.88,71.77,91,0.0,3280.33
21419.88,71.88,78,0.0,3280.33
21419.88,71.64,78,0.0,3280.33
21419.88,71.84,91,1.2125,3280.33
21419.88,69.35,91,1.2125,3280.33
21419.88,68.6,81,0.0,3280.33
21419.88,68.94,81,0.0,3280.33
21419.88,69.03,92,0.0,3280.33
21419.88,69.09,92,2.475,3280.33
21419.88,70.77,78,0.0,3280.33
21419.88,69.54,78,0.0,3280.33
21419.88,70.17,94,1.2375,3280.33
21419.88,70.12,94,0.0,3280.33
21419.88,70.38,94,0.0,3280.33
21419.88,69.38,90,1.2375,3280.33
21419.88,71.77,89,0.0,3280.33
21419.88,72.55,89,0.0,3280.33
21419.88,72.55,89,1.2375,3280.33
21419.88,72.29,90,0.0,3280.33
21419.88,72.26,90,1.2375,3280.33
21419.88,71.62,91,0.0,3280.33
21419.88,70.77,91,2.4875,3280.33
21419.88,70.77,90,0.0,3280.33
21419.88,69.93,90,0.0,3280.33
21419.88,70.08,77,1.2375,3280.33
21419.88,70.27,90,0.0,3280.33
21419.88,71.17,90,0.0,3280.33
21419.88,71.39,91,0.0,3280.33
21419.88,71.81,91,2.4875,3280.33
21419.88,71.72,79,0.0,3280.33
21419.88,71.04,79,0.0,3280.33
21419.88,71.63,91,1.25,3280.33
21419.88,71.68,91,0.0,3280.33
21419.88,72.36,89,0.0,3280.33
21419.88,72.58,89,0.0,3280.33
21419.88,72.2,91,1.2375,3280.33
21419.88,72.27,91,0.0,3280.33
21419.88,72.0,91,1.2125,3280.33
21419.88,68.53,91,1.2,3280.33
21419.88,68.42,77,0.0,3280.33
21419.88,69.41,77,0.0,3280.33
21419.88,69.45,91,1.25,3280.33
21419.88,69.53,91,0.0,3280.33
21419.88,69.49,91,2.4875,3280.33
21419.88,66.42,91,1.25,3280.33
21419.88,65.45,81,0.0,3280.33
21419.88,65.4,81,0.0,3280.33
21419.88,65.11,91,1.2375,3280.33
21419.88,65.45,91,0.0,3280.33
21419.88,68.86,90,0.0,3280.33
21419.88,69.4,90,1.2375,3280.33
21419.88,68.77,77,1.25,3280.33
21419.88,68.66,77,0.0,3280.33
21419.88,68.39,91,0.0,3280.33
21419.88,68.65,91,1.2375,3280.33
21419.88,71.63,91,0.0,3280.33
21419.88,72.5,91,1.2125,3280.33
21419.88,72.07,78,0.0,3280.33
21419.88,72.02,78,1.2125,3280.33
21419.88,71.98,91,0.0,3280.33
21419.88,71.83,91,0.0,3280.33
21419.88,71.62,91,0.0,3280.33
21419.88,71.88,80,1.25,3280.33
21419.88,71.23,80,1.2375,3280.33
21419.88,70.45,94,0.0,3280.33
21419.88,70.69,94,0.0,3280.33
21419.88,70.37,94,1.2375,3280.33
21419.88,71.02,93,0.0,3280.33
21419.88,71.11,93,0.0,3280.33
21419.88,70.97,94,1.25,3280.33
21419.88,70.97,94,0.0,3280.33
21419.88,71.01,93,0.0,3280.33
21419.88,70.83,93,0.0,3280.33
21419.88,70.88,94,2.4875,3280.33
21419.88,72.75,94,0.0,3280.33
21419.88,73.01,82,0.0,3280.33
21419.88,72.86,82,1.2375,3280.33
21419.88,72.93,93,0.0,3280.33
21419.88,73.18,93,0.0,3280.33
21419.88,73.39,92,1.25,3280.33
21419.88,73.62,92,1.25,3280.33
21419.88,73.35,93,0.0,3280.33
21419.88,73.35,93,2.4875,3280.33
21419.88,73.92,81,0.0,3280.33
21419.88,72.73,81,0.0,3280.33
21419.88,71.61,92,0.0,3280.33
21419.88,72.13,92,1.2,3280.33
21419.88,72.25,90,0.0,3280.33
21419.88,72.32,90,0.0,3280.33
21419.88,72.24,91,0.0,3280.33
21419.88,72.16,91,0.0,3280.33
21419.88,71.86,91,1.2375,3280.33
21419.88,71.91,91,0.0,3280.33
21419.88,71.56,92,0.0,3280.33
21419.88,71.03,92,0.0,3280.33
21419.88,72.06,92,1.2375,3280.33
21419.88,71.94,91,0.0,3280.33
21419.88,71.93,91,0.0,3280.33
21419.88,68.51,77,1.2375,3280.33
21419.88,67.83,77,1.2375,3280.33
21419.88,67.62,92,0.0,3280.33
21419.88,67.92,92,0.0,3280.33
21419.88,68.14,91,0.0,3280.33
21419.88,68.39,91,1.2375,3280.33
21419.88,67.93,81,1.25,3280.33
21419.88,68.25,81,0.0,3280.33
21419.88,68.35,92,0.0,3280.33
21419.88,68.3,92,0.0,3280.33
21419.88,68.21,92,1.25,3280.33
21419.88,71.65,91,1.25,3280.33
21419.88,71.62,91,0.0,3280.33
21419.88,71.79,81,0.0,3280.33
21419.88,71.79,81,0.0,3280.33
21419.88,71.54,92,0.0,3280.33
21419.88,71.7,92,1.25,3280.33
21419.88,71.67,92,0.0,3280.33
21419.88,72.39,92,0.0,3280.33
21419.88,72.48,91,1.225,3280.33
21419.88,72.35,91,0.0,3280.33
21419.88,72.3,81,1.225,3280.33
21419.88,72.44,81,0.0,3280.33
21419.88,72.09,91,0.0,3280.33
21419.88,73.08,91,0.0,3280.33
21419.88,72.45,90,1.2,3280.33
21419.88,72.57,89,1.2125,3280.33
21419.88,72.27,89,1.2125,3280.33
21419.88,71.7,81,1.2,3280.33
21419.88,71.7,81,0.0,3280.33
21419.88,71.59,90,1.2125,3280.33
21419.88,71.74,90,1.225,3280.33
21419.88,73.32,81,0.0,3280.33
21419.88,72.92,81,0.0,3280.33
21419.88,72.92,92,0.0,3280.33
21419.88,72.92,92,1.2125,3280.33
21419.88,73.5,91,1.2125,3280.33
21419.88,72.61,91,0.0,3280.33
21419.88,73.12,80,1.2125,3280.33
21419.88,73.06,80,0.0,3280.33
21419.88,73.13,92,0.0,3280.33
21419.88,72.86,92,2.4125,3280.33
21419.88,69.35,87,0.0,3280.33
21419.88,69.02,87,1.2125,3280.33
21419.88,68.78,84,0.0,3280.33
21419.88,68.69,84,1.2,3280.33
21419.88,68.65,91,0.0,3280.33
21419.88,69.58,91,0.0,3280.33
21419.88,69.58,88,2.4125,3280.33
21419.88,70.5,88,0.0,3280.33
21419.88,69.72,79,0.0,3280.33
21419.88,69.41,79,2.4125,3280.33
21419.88,71.59,91,0.0,3280.33
21419.88,72.55,91,0.0,3280.33
21419.88,72.54,92,0.0,3280.33
21419.88,72.77,92,1.2125,3280.33
21419.88,72.77,92,0.0,3280.33
21419.88,72.47,92,0.0,3280.33
21419.88,72.47,91,1.2125,3280.33
21419.88,70.79,91,1.2,3280.33
21419.88,71.4,80,0.0,3280.33
21419.88,71.47,80,1.2125,3280.33
21419.88,71.46,90,0.0,3280.33
21419.88,71.46,89,0.0,3280.33
21419.88,71.86,89,1.2125,3280.33
21419.88,74.01,79,0.0,3280.33
21419.88,73.41,79,1.2125,3280.33
21419.88,73.41,90,0.0,3280.33
21419.88,73.6,90,0.0,3280.33
21419.88,73.6,91,1.2125,3280.33
21419.88,74.35,91,0.0,3280.33
21419.88,71.5,92,2.35,3280.33
21419.88,70.63,92,0.0,3280.33
21419.88,70.45,76,0.0,3280.33
21419.88,70.78,76,2.2375,3280.33
21419.88,70.78,90,1.2,3280.33
21419.88,69.19,90,0.0,3280.33
21419.88,69.19,90,0.0,3280.33
21419.88,68.96,90,1.2125,3280.33
21419.88,67.25,85,1.2125,3280.33
21419.88,66.59,85,0.0,3280.33
21419.88,66.48,83,0.0,3280.33
21419.88,70.07,83,1.225,3280.33
21419.88,71.04,91,1.2375,3280.33
21419.88,70.85,91,0.0,3280.33
21419.88,70.85,80,0.0,3280.33
21419.88,70.52,80,1.2125,3280.33
21419.88,70.61,91,0.0,3280.33
21419.88,70.55,91,0.0,3280.33
21419.88,72.47,92,2.4375,3280.33
21419.88,73.2,92,0.0,3280.33
21419.88,73.47,91,1.2125,3280.33
21419.88,74.44,91,0.0,3280.33
21419.88,73.57,81,1.2125,3280.33
21419.88,73.46,91,0.0,3280.33
21419.88,73.83,91,0.0,3280.33
21419.88,73.78,91,0.0,3280.33
21419.88,73.93,89,1.2,3280.33
21419.88,74.04,90,0.0,3280.33
21419.88,73.87,90,1.2125,3280.33
21419.88,73.95,91,1.2,3280.33
21419.88,73.81,91,1.2125,3280.33
21419.88,73.51,78,0.0,3280.33
21419.88,72.94,91,0.0,3280.33
21419.88,72.67,91,1.2125,3280.33
21419.88,72.59,91,0.0,3280.33
21419.88,72.59,92,1.2125,3280.33
21419.88,69.91,92,0.0,3280.33
21419.88,69.06,79,1.2125,3280.33
21419.88,68.8,79,0.0,3280.33
21419.88,68.99,91,0.0,3280.33
21419.88,68.79,91,1.2125,3280.33
21419.88,69.03,91,1.2125,3280.33
21419.88,69.01,91,1.2125,3280.33
21419.88,69.96,78,0.0,3280.33
21419.88,68.7,78,1.225,3280.33
21419.88,68.47,91,0.0,3280.33
21419.88,71.54,91,0.0,3280.33
21419.88,72.25,91,0.0,3280.33
21419.88,72.25,91,0.0,3280.33
21419.88,72.5,91,1.225,3280.33
21419.88,72.35,91,0.0,3280.33
21419.88,72.63,91,0.0,3280.33
21419.88,72.45,91,0.0,3280.33
21419.88,72.37,90,0.0,3280.33
21419.88,71.35,91,1.225,3280.33
21419.88,72.46,91,0.0,3280.33
21419.88,72.53,91,1.225,3280.33
21419.88,72.06,91,1.175,3280.33
21419.88,69.13,81,1.2375,3280.33
21419.88,68.39,81,0.0,3280.33
21419.88,68.13,85,0.0,3280.33
21419.88,68.26,85,1.25,3280.33
21419.88,68.29,91,0.0,3280.33
21419.88,68.69,91,0.0,3280.33
21419.88,68.99,89,0.0,3280.33
21419.88,69.05,89,1.2375,3280.33
21419.88,69.41,92,1.2375,3280.33
21419.88,69.45,92,0.0,3280.33
21419.88,69.28,79,1.2375,3280.33
21419.88,72.28,79,0.0,3280.33
21419.88,72.96,93,0.0,3280.33
21419.88,73.41,93,1.2375,3280.33
21419.88,73.87,84,0.0,3280.33
21419.88,73.31,84,0.0,3280.33
21419.88,73.32,94,0.0,3280.33
21419.88,73.38,94,1.2375,3280.33
21419.88,73.34,94,0.0,3280.33
21419.88,73.24,94,1.2375,3280.33
21419.88,74.44,82,0.0,3280.33
21419.88,74.1,82,1.25,3280.33
21419.88,73.99,95,0.0,3280.33
21419.88,74.03,95,0.0,3280.33
21419.88,74.03,95,0.0,3280.33
21419.88,73.12,95,1.25,3280.33
21419.88,73.44,86,1.2375,3280.33
21419.88,73.39,86,0.0,3280.33
21419.88,73.28,94,0.0,3280.33
21419.88,73.22,94,0.0,3280.33
21419.88,73.17,94,0.0,3280.33
21419.88,71.69,94,1.25,3280.33
21419.88,73.49,84,0.0,3280.33
21419.88,72.99,84,0.0,3280.33
21419.88,72.92,95,1.25,3280.33
21419.88,72.94,95,0.0,3280.33
21419.88,73.19,93,0.0,3280.33
21419.88,73.72,93,1.25,3280.33
21419.88,74.21,81,0.0,3280.33
21419.88,74.06,81,0.0,3280.33
21419.88,74.33,93,0.0,3280.33
21419.88,74.31,93,3.4,3280.33
21419.88,74.5,93,0.0,3280.33
21419.88,72.87,93,0.0,3280.33
21419.88,73.35,80,0.0,3280.33
21419.88,73.42,80,1.2375,3280.33
21419.88,72.96,92,0.0,3280.33
21419.88,72.89,92,0.0,3280.33
21419.88,73.07,90,1.25,3280.33
21419.88,72.8,80,1.25,3280.33
21419.88,72.19,80,0.0,3280.33
21419.88,72.15,92,0.0,3280.33
21419.88,71.97,92,0.0,3280.33
21419.88,71.82,91,1.25,3280.33
21419.88,72.29,91,0.0,3280.33
21419.88,72.14,92,0.0,3280.33
21419.88,72.86,92,1.2375,3280.33
21419.88,72.86,92,0.0,3280.33
21419.88,72.64,90,0.0,3280.33
21419.88,72.24,90,1.25,3280.33
21419.88,71.59,91,0.0,3280.33
21419.88,72.33,91,0.0,3280.33
21419.88,71.99,90,0.0,3280.33
21419.88,72.13,90,1.25,3280.33
21419.88,71.95,92,0.0,3280.33
21419.88,71.65,92,1.25,3280.33
21419.88,71.39,83,0.0,3280.33
21419.88,71.32,83,0.0,3280.33
21419.88,71.19,91,1.175,3280.33
21419.88,71.27,91,0.0,3280.33
21419.88,71.87,91,1.2,3280.33
21419.88,71.87,91,0.0,3280.33
21419.88,73.91,77,1.225,3280.33
21419.88,73.73,77,0.0,3280.33
21419.88,73.75,90,0.0,3280.33
21419.88,74.01,90,1.2125,3280.33
21419.88,74.34,92,2.4125,3280.33
21419.88,72.78,92,0.0,3280.33
21419.88,71.34,81,1.2125,3280.33
21419.88,71.65,81,0.0,3280.33
21419.88,71.65,92,0.0,3280.33
21419.88,71.51,92,0.0,3280.33
21419.88,71.49,91,1.2125,3280.33
21419.88,69.38,92,0.0,3280.33
21419.88,69.95,92,0.0,3280.33
21419.88,69.78,92,1.2125,3280.33
21419.88,69.59,92,0.0,3280.33
21419.88,71.1,90,0.0,3280.33
21419.88,72.22,90,1.2,3280.33
21419.88,72.36,92,0.0,3280.33
21419.88,72.28,92,0.0,3280.33
21419.88,69.12,91,2.35,3280.33
21419.88,69.12,91,0.0,3280.33
21419.88,68.15,77,0.0,3280.33
21419.88,67.97,77,0.0,3280.33
21419.88,68.19,94,1.25,3280.33
21419.88,68.22,94,0.0,3280.33
21419.88,68.58,94,1.25,3280.33
21419.88,65.88,94,1.2375,3280.33
21419.88,65.12,81,0.0,3280.33
21419.88,65.31,81,1.2375,3280.33
21419.88,65.18,93,0.0,3280.33
21419.88,65.12,93,2.4875,3280.33
21419.88,68.25,83,0.0,3280.33
21419.88,68.53,95,0.0,3280.33
21419.88,68.64,95,0.0,3280.33
21419.88,68.46,92,1.25,3280.33
21419.88,68.72,92,0.0,3280.33
21419.88,71.45,91,0.0,3280.33
21419.88,72.05,91,0.0,3280.33
21419.88,71.92,92,1.25,3280.33
21419.88,71.92,92,1.25,3280.33
21419.88,72.63,92,0.0,3280.33
21419.88,72.37,81,0.0,3280.33
21419.88,72.48,81,1.25,3280.33
21419.88,73.02,90,0.0,3280.33
21419.88,72.92,90,0.0,3280.33
21419.88,73.25,90,2.4875,3280.33
21419.88,70.26,90,0.0,3280.33
21419.88,69.26,78,0.0,3280.33
21419.88,69.04,78,1.2375,3280.33
21419.88,69.36,90,1.2375,3280.33
21419.88,68.92,90,0.0,3280.33
21419.88,67.4,77,1.2375,3280.33
21419.88,67.84,77,0.0,3280.33
21419.88,67.69,91,0.0,3280.33
21419.88,68.09,91,1.2375,3280.33
21419.88,68.06,91,1.2375,3280.33
21419.88,67.98,76,0.0,3280.33
21419.88,72.48,76,1.2375,3280.33
21419.88,73.0,92,0.0,3280.33
21419.88,73.36,92,0.0,3280.33
21419.88,73.72,91,0.0,3280.33
21419.88,74.41,91,1.2375,3280.33
21419.88,74.47,91,0.0,3280.33
21419.88,74.44,91,0.0,3280.33
21419.88,73.34,89,1.2375,3280.33
21419.88,73.36,89,1.2375,3280.33
21419.88,72.34,89,0.0,3280.33
21419.88,70.31,78,0.0,3280.33
21419.88,70.96,91,1.2375,3280.33
21419.88,70.76,91,1.2375,3280.33
21419.88,71.04,91,0.0,3280.33
21419.88,68.15,91,1.225,3280.33
21419.88,67.26,81,1.225,3280.33
21419.88,67.19,81,0.0,3280.33
21419.88,67.07,90,0.0,3280.33
21419.88,68.15,90,1.2125,3280.33
21419.88,67.8,92,0.0,3280.33
21419.88,65.62,92,1.2125,3280.33
21419.88,65.05,80,0.0,3280.33
21419.88,64.93,80,1.225,3280.33
21419.88,64.83,90,0.0,3280.33
21419.88,64.78,90,0.0,3280.33
21419.88,67.34,91,1.225,3280.33
21419.88,69.16,91,0.0,3280.33
21419.88,68.09,81,1.2,3280.33
21419.88,68.26,81,0.0,3280.33
21419.88,68.02,89,0.0,3280.33
21419.88,68.27,89,1.225,3280.33
21419.88,71.26,91,0.0,3280.33
21419.88,71.99,91,0.0,3280.33
21419.88,71.99,90,0.0,3280.33
21419.88,72.22,90,1.225,3280.33
21419.88,71.66,90,0.0,3280.33
21419.88,71.56,90,0.0,3280.33
21419.88,70.6,90,0.0,3280.33
21419.88,71.56,90,2.45,3280.33
21419.88,71.19,89,0.0,3280.33
21419.88,71.28,91,0.0,3280.33
21419.88,71.45,91,2.425,3280.33
21419.88,70.23,77,0.0,3280.33
21419.88,69.81,77,0.0,3280.33
21419.88,69.41,91,1.2,3280.33
21419.88,69.39,91,1.1625,3280.33
21419.88,70.05,77,1.2125,3280.33
21419.88,70.63,77,0.0,3280.33
21419.88,70.59,90,1.225,3280.33
21419.88,70.41,90,0.0,3280.33
21419.88,70.74,89,0.0,3280.33
21419.88,70.58,89,0.0,3280.33
21419.88,68.88,80,2.425,3280.33
21419.88,69.02,80,0.0,3280.33
21419.88,69.53,87,0.0,3280.33
21419.88,69.53,87,1.2125,3280.33
21419.88,68.98,91,0.0,3280.33
21419.88,68.37,91,0.0,3280.33
21419.88,68.43,88,0.0,3280.33
21419.88,68.92,88,1.225,3280.33
21419.88,66.48,83,1.225,3280.33
21419.88,66.1,83,0.0,3280.33
21419.88,65.94,88,1.2,3280.33
21419.88,68.92,88,0.0,3280.33
21419.88,69.45,91,0.0,3280.33
21419.88,69.52,91,0.0,3280.33
21419.88,69.25,90,1.2125,3280.33
21419.88,69.35,90,1.2125,3280.33
21419.88,69.75,91,0.0,3280.33
21419.88,69.56,91,0.0,3280.33
21419.88,69.37,92,1.2125,3280.33
21419.88,71.43,92,0.0,3280.33
21419.88,71.56,92,0.0,3280.33
21419.88,71.66,92,1.2125,3280.33
21419.88,71.65,92,2.45,3280.33
21419.88,73.14,92,0.0,3280.33
21419.88,72.39,74,0.0,3280.33
21419.88,72.98,74,0.0,3280.33
21419.88,72.88,91,1.225,3280.33
21419.88,73.04,91,0.0,3280.33
21419.88,73.23,90,1.2125,3280.33
21419.88,73.35,79,1.2125,3280.33
21419.88,74.72,79,0.0,3280.33
21419.88,74.39,91,0.0,3280.33
21419.88,74.47,91,0.0,3280.33
21419.88,74.59,90,0.0,3280.33
21419.88,73.15,90,1.2125,3280.33
21419.88,73.6,91,0.0,3280.33
21419.88,73.61,91,1.2125,3280.33
21419.88,73.71,89,1.225,3280.33
21419.88,73.11,89,0.0,3280.33
21419.88,73.37,91,0.0,3280.33
21419.88,71.66,91,0.0,3280.33
21419.88,72.13,91,1.225,3280.33
21419.88,72.12,91,0.0,3280.33
21419.88,71.98,92,0.0,3280.33
21419.88,72.17,92,1.225,3280.33
21419.88,74.19,78,0.0,3280.33
21419.88,73.76,78,1.225,3280.33
21419.88,73.6,91,0.0,3280.33
21419.88,74.15,91,0.0,3280.33
21419.88,73.95,91,1.2125,3280.33
21419.88,72.2,91,1.2125,3280.33
21419.88,71.85,79,0.0,3280.33
21419.88,71.62,79,0.0,3280.33
21419.88,72.04,91,1.2125,3280.33
21419.88,71.97,91,0.0,3280.33
21419.88,71.69,90,1.2,3280.33
21419.88,69.85,90,0.0,3280.33
21419.88,70.06,90,0.0,3280.33
21419.88,70.33,90,0.0,3280.33
21419.88,69.66,90,1.2125,3280.33
21419.88,69.53,90,0.0,3280.33
21419.88,71.28,91,0.0,3280.33
21419.88,71.8,91,1.2125,3280.33
21419.88,72.08,91,0.0,3280.33
21419.88,71.95,91,0.0,3280.33
21419.88,71.92,88,2.4375,3280.33
21419.88,70.3,88,0.0,3280.33
21419.88,69.36,78,0.0,3280.33
21419.88,69.29,78,0.0,3280.33
21419.88,69.12,91,1.225,3280.33
21419.88,69.69,91,1.175,3280.33
21419.88,69.75,90,1.2,3280.33
21419.88,69.88,90,0.0,3280.33
21419.88,70.33,89,1.2125,3280.33
21419.88,70.52,89,0.0,3280.33
21419.88,70.25,91,0.0,3280.33
21419.88,70.29,92,0.0,3280.33
21419.88,71.57,92,0.0,3280.33
21419.88,72.27,91,1.225,3280.33
21419.88,72.27,91,0.0,3280.33
21419.88,72.26,92,0.0,3280.33
21419.88,70.37,92,2.425,3280.33
21419.88,69.54,78,0.0,3280.33
21419.88,69.25,78,0.0,3280.33
21419.88,68.95,92,1.2125,3280.33
21419.88,69.37,92,0.0,3280.33
21419.88,69.57,93,1.2125,3280.33
21419.88,71.95,93,1.2125,3280.33
21419.88,71.82,81,0.0,3280.33
21419.88,72.13,81,0.0,3280.33
21419.88,71.85,94,0.0,3280.33
21419.88,71.87,94,0.0,3280.33
21419.88,73.75,94,2.4875,3280.33
21419.88,74.36,94,1.175,3280.33
21419.88,74.31,83,0.0,3280.33
21419.88,74.43,83,0.0,3280.33
21419.88,74.25,94,0.0,3280.33
21419.88,73.95,94,1.225,3280.33
21419.88,72.01,95,0.0,3280.33
21419.88,72.29,95,0.0,3280.33
21419.88,72.23,95,1.225,3280.33
21419.88,68.92,95,0.0,3280.33
21419.88,68.41,81,0.0,3280.33
21419.88,68.54,94,0.0,3280.33
21419.88,68.89,94,1.2,3280.33
21419.88,69.12,94,0.0,3280.33
21419.88,71.25,94,1.2125,3280.33
21419.88,70.79,81,1.2125,3280.33
21419.88,70.76,81,0.0,3280.33
21419.88,70.67,95,0.0,3280.33
21419.88,70.5,95,0.0,3280.33
21419.88,73.74,94,2.4125,3280.33
21419.88,75.15,94,0.0,3280.33
21419.88,74.99,80,0.0,3280.33
21419.88,74.92,80,1.2125,3280.33
21419.88,74.96,93,0.0,3280.33
21419.88,74.96,93,0.0,3280.33
21419.88,72.79,93,1.25,3280.33
21419.88,73.92,93,0.0,3280.33
21419.88,73.34,82,1.25,3280.33
21419.88,73.5,82,0.0,3280.33
21419.88,73.48,91,0.0,3280.33
21419.88,73.61,91,0.0,3280.33
21419.88,72.8,90,1.25,3280.33
21419.88,72.99,90,1.25,3280.33
21419.88,73.15,92,0.0,3280.33
21419.88,72.94,92,1.2375,3280.33
21419.88,73.13,76,1.2375,3280.33
21419.88,72.99,76,0.0,3280.33
21419.88,72.43,76,0.0,3280.33
21419.88,73.13,92,0.0,3280.33
21419.88,72.89,92,1.25,3280.33
21419.88,73.15,91,1.2375,3280.33
21419.88,75.31,91,0.0,3280.33
21419.88,74.46,78,0.0,3280.33
21419.88,74.46,78,1.2375,3280.33
21419.88,72.7,89,0.0,3280.33
21419.88,72.77,89,0.0,3280.33
21419.88,72.78,91,1.2375,3280.33
21419.88,72.22,91,0.0,3280.33
21419.88,72.41,91,0.0,3280.33
21419.88,72.23,91,1.25,3280.33
21419.88,72.42,91,1.25,3280.33
21419.88,69.94,75,0.0,3280.33
21419.88,66.64,75,1.2375,3280.33
21419.88,67.23,95,0.0,3280.33
21419.88,69.23,95,0.0,3280.33
21419.88,69.07,92,1.2375,3280.33
21419.88,69.12,92,0.0,3280.33
21419.88,69.47,93,0.0,3280.33
21419.88,69.44,93,2.4875,3280.33
21419.88,70.94,79,0.0,3280.33
21419.88,70.69,79,0.0,3280.33
21419.88,70.62,91,0.0,3280.33
21419.88,72.72,91,1.2375,3280.33
21419.88,73.92,91,0.0,3280.33
21419.88,74.05,91,1.2375,3280.33
21419.88,74.09,91,2.375,3280.33
21419.88,72.61,91,0.0,3280.33
21419.88,71.7,80,0.0,3280.33
21419.88,71.59,80,1.2375,3280.33
21419.88,71.47,91,0.0,3280.33
21419.88,70.37,91,0.0,3280.33
21419.88,70.32,91,2.4875,3280.33
21419.88,71.97,91,0.0,3280.33
21419.88,71.15,79,0.0,3280.33
21419.88,71.1,79,1.2,3280.33
21419.88,71.54,89,0.0,3280.33
21419.88,71.19,89,1.2125,3280.33
21419.88,72.6,90,0.0,3280.33
21419.88,73.78,90,0.0,3280.33
21419.88,73.53,90,1.2125,3280.33
21419.88,73.8,90,1.125,3280.33
21419.88,73.7,90,1.2125,3280.33
21419.88,75.39,90,0.0,3280.33
21419.88,73.26,75,0.0,3280.33
21419.88,74.45,75,0.0,3280.33
21419.88,74.42,90,1.2125,3280.33
21419.88,74.26,90,1.2125,3280.33
21419.88,76.0,91,0.0,3280.33
21419.88,76.0,91,1.225,3280.33
21419.88,75.16,81,0.0,3280.33
21419.88,75.16,81,0.0,3280.33
21419.88,75.1,90,0.0,3280.33
21419.88,75.11,91,0.0,3280.33
21419.88,73.23,91,1.2125,3280.33
21419.88,73.88,91,1.2125,3280.33
21419.88,73.96,91,0.0,3280.33
21419.88,73.94,87,2.4,3280.33
21419.88,71.82,87,0.0,3280.33
21419.88,71.92,84,0.0,3280.33
21419.88,70.59,84,0.0,3280.33
21419.88,70.66,91,1.2125,3280.33
21419.88,70.72,91,0.0,3280.33
21419.88,70.66,91,0.0,3280.33
21419.88,71.17,91,1.2125,3280.33
21419.88,71.03,91,0.0,3280.33
21419.88,70.52,91,0.0,3280.33
21419.88,72.22,91,1.2125,3280.33
21419.88,71.88,91,0.0,3280.33
21419.88,72.01,90,1.2125,3280.33
21419.88,71.89,90,0.0,3280.33
21419.88,71.85,90,0.0,3280.33
21419.88,71.91,90,1.1375,3280.33
21419.88,73.81,91,1.15,3280.33
21419.88,73.42,74,1.2375,3280.33
21419.88,73.35,74,0.0,3280.33
21419.88,73.78,91,0.0,3280.33
21419.88,71.21,91,1.2375,3280.33
21419.88,70.64,79,0.0,3280.33
21419.88,70.92,79,0.0,3280.33
21419.88,71.16,91,1.2375,3280.33
21419.88,71.29,91,1.2375,3280.33
21419.88,71.35,91,1.2,3280.33
21419.88,73.43,91,1.225,3280.33
21419.88,71.19,76,0.0,3280.33
21419.88,71.56,76,0.0,3280.33
21419.88,71.6,91,0.0,3280.33
21419.88,71.52,91,0.0,3280.33
21419.88,74.02,91,2.4,3280.33
21419.88,75.86,91,0.0,3280.33
21419.88,75.86,77,0.0,3280.33
21419.88,75.64,77,1.2,3280.33
21419.88,75.78,79,0.0,3280.33
21419.88,76.07,79,0.0,3280.33
21419.88,73.74,88,2.4375,3280.33
21419.88,73.31,88,0.0,3280.33
21419.88,72.99,81,0.0,3280.33
21419.88,72.86,81,1.2125,3280.33
21419.88,73.0,91,0.0,3280.33
21419.88,73.43,91,1.2,3280.33
21419.88,72.43,90,1.2125,3280.33
21419.88,71.98,90,0.0,3280.33
21419.88,71.77,76,1.2125,3280.33
21419.88,71.91,76,0.0,3280.33
21419.88,71.51,91,0.0,3280.33
21419.88,71.66,91,2.425,3280.33
21419.88,69.16,78,0.0,3280.33
21419.88,68.64,78,0.0,3280.33
21419.88,68.97,91,1.2125,3280.33
21419.88,68.61,91,0.0,3280.33
21419.88,68.57,91,0.0,3280.33
21419.88,68.43,92,0.0,3280.33
21419.88,69.24,92,1.225,3280.33
21419.88,71.6,82,1.1625,3280.33
21419.88,70.95,82,1.225,3280.33
21419.88,71.59,85,1.225,3280.33
21419.88,71.48,85,0.0,3280.33
21419.88,74.67,93,0.0,3280.33
21419.88,75.44,93,1.1875,3280.33
21419.88,73.42,73,1.1875,3280.33
21419.88,72.5,73,0.0,3280.33
21419.88,72.56,93,0.0,3280.33
21419.88,72.53,93,1.225,3280.33
21419.88,70.36,93,0.0,3280.33
21419.88,71.04,93,1.2125,3280.33
21419.88,70.71,83,0.0,3280.33
21419.88,70.52,83,0.0,3280.33
21419.88,70.61,92,1.2,3280.33
21419.88,70.58,92,0.0,3280.33
21419.88,70.46,89,0.0,3280.33
21419.88,72.31,89,1.2125,3280.33
21419.88,73.08,91,1.2125,3280.33
21419.88,73.04,91,0.0,3280.33
21419.88,72.85,91,1.2125,3280.33
21419.88,72.97,91,1.1875,3280.33
21419.88,73.28,78,0.0,3280.33
21419.88,73.04,78,1.2125,3280.33
21419.88,73.24,91,0.0,3280.33
21419.88,73.41,91,0.0,3280.33
21419.88,73.21,91,1.2,3280.33
21419.88,73.76,91,0.0,3280.33
21419.88,73.75,89,0.0,3280.33
21419.88,73.8,89,1.2125,3280.33
21419.88,73.68,92,1.2125,3280.33
21419.88,72.7,92,0.0,3280.33
21419.88,71.82,81,1.2125,3280.33
21419.88,71.22,81,0.0,3280.33
21419.88,71.24,90,0.0,3280.33
21419.88,71.47,90,3.65,3280.33
21419.88,71.21,89,0.0,3280.33
21419.88,70.81,89,0.0,3280.33
21419.88,70.28,77,1.2125,3280.33
21419.88,70.73,77,0.0,3280.33
21419.88,70.88,86,1.1,3280.33
21419.88,71.05,88,1.25,3280.33
21419.88,72.17,88,0.0,3280.33
21419.88,73.2,90,0.0,3280.33
21419.88,73.25,90,1.225,3280.33
21419.88,72.66,90,0.0,3280.33
21419.88,72.48,90,1.225,3280.33
21419.88,71.61,71,0.0,3280.33
21419.88,71.61,71,0.0,3280.33
21419.88,70.01,92,1.2,3280.33
21419.88,69.9,92,0.0,3280.33
21419.88,69.9,91,0.0,3280.33
21419.88,70.03,91,1.2125,3280.33
21419.88,69.7,90,1.2125,3280.33
21419.88,69.81,90,0.0,3280.33
21419.88,70.18,90,1.2125,3280.33
21419.88,70.18,90,0.0,3280.33
21419.88,70.02,90,0.0,3280.33
21419.88,71.22,90,0.0,3280.33
21419.88,72.34,91,1.2125,3280.33
21419.88,72.12,91,0.0,3280.33
21419.88,72.12,90,0.0,3280.33
21419.88,69.5,90,4.0875,3280.33
21419.88,68.64,82,1.1875,3280.33
21419.88,68.89,85,0.0,3280.33
21419.88,68.59,85,0.0,3280.33
21419.88,68.82,92,0.0,3280.33
21419.88,69.0,92,1.225,3280.33
21419.88,69.22,92,0.0,3280.33
21419.88,69.04,92,0.0,3280.33
21419.88,69.14,92,0.0,3280.33
21419.88,69.07,91,2.425,3280.33
21419.88,69.5,72,0.0,3280.33
21419.88,71.98,72,1.225,3280.33
21419.88,72.91,72,0.0,3280.33
21419.88,73.01,90,0.0,3280.33
21419.88,73.05,91,2.425,3280.33
21419.88,75.06,91,0.0,3280.33
21419.88,74.23,79,0.0,3280.33
21419.88,74.27,90,2.4125,3280.33
21419.88,74.97,90,0.0,3280.33
21419.88,75.05,90,0.0,3280.33
21419.88,75.34,90,1.2,3280.33
21419.88,74.37,92,0.0,3280.33
21419.88,74.3,92,0.0,3280.33
21419.88,71.14,82,1.225,3280.33
21419.88,70.37,82,1.2125,3280.33
21419.88,68.01,87,0.0,3280.33
21419.88,68.95,87,0.0,3280.33
21419.88,68.88,91,1.2125,3280.33
21419.88,68.66,91,0.0,3280.33
21419.88,68.69,90,0.0,3280.33
21419.88,68.66,90,2.375,3280.33
21419.88,71.1,72,1.2125,3280.33
21419.88,70.62,72,0.0,3280.33
21419.88,70.6,90,0.0,3280.33
21419.88,73.89,90,2.4375,3280.33
21419.88,74.77,91,0.0,3280.33
21419.88,74.93,91,0.0,3280.33
21419.88,75.26,89,1.2125,3280.33
21419.88,75.23,89,0.0,3280.33
21419.88,75.2,91,0.0,3280.33
21419.88,74.81,91,0.0,3280.33
21419.88,74.48,91,1.2125,3280.33
21419.88,71.92,91,0.0,3280.33
21419.88,72.27,91,0.0,3280.33
21419.88,72.05,91,0.0,3280.33
21419.88,71.93,91,1.225,3280.33
21419.88,71.4,91,1.2125,3280.33
21419.88,70.89,76,0.0,3280.33
21419.88,70.67,76,1.2125,3280.33
21419.88,70.83,91,0.0,3280.33
21419.88,70.67,91,1.2125,3280.33
21419.88,70.72,82,1.2125,3280.33
21419.88,70.95,82,2.425,3280.33
21419.88,70.54,68,0.0,3280.33
21419.88,69.74,68,1.2,3280.33
21419.88,70.25,91,0.0,3280.33
21419.88,70.14,91,0.0,3280.33
21419.88,70.83,91,2.4,3280.33
21419.88,71.4,91,0.0,3280.33
21419.88,71.74,77,1.2125,3280.33
21419.88,71.22,77,0.0,3280.33
21419.88,71.11,89,0.0,3280.33
21419.88,71.58,91,1.2125,3280.33
21419.88,71.37,91,0.0,3280.33
21419.88,72.17,86,1.2,3280.33
21419.88,72.09,86,1.2375,3280.33
21419.88,72.97,76,0.0,3280.33
21419.88,72.09,76,0.0,3280.33
21419.88,71.93,91,1.225,3280.33
21419.88,72.18,91,0.0,3280.33
21419.88,72.21,90,0.0,3280.33
21419.88,72.64,90,1.2125,3280.33
21419.88,72.61,91,0.0,3280.33
21419.88,72.73,91,0.0,3280.33
21419.88,72.24,91,3.3375,3280.33
21419.88,70.15,91,0.0,3280.33
21419.88,68.1,77,0.0,3280.33
21419.88,69.2,77,1.25,3280.33
21419.88,69.07,91,0.0,3280.33
21419.88,69.13,91,0.0,3280.33
21419.88,69.35,91,2.4375,3280.33
21419.88,70.47,91,1.075,3280.33
21419.88,69.16,78,2.1625,3280.33
21419.88,69.03,78,0.0,3280.33
21419.88,69.22,91,1.2125,3280.33
21419.88,69.62,91,0.0,3280.33
21419.88,72.58,91,0.0,3280.33
21419.88,73.48,91,0.0,3280.33
21419.88,73.34,92,2.45,3280.33
21419.88,73.4,92,1.2125,3280.33
21419.88,73.69,80,1.2,3280.33
21419.88,72.55,90,0.0,3280.33
21419.88,71.41,90,0.0,3280.33
21419.88,72.5,92,1.2125,3280.33
21419.88,72.58,92,0.0,3280.33
21419.88,72.55,92,0.0,3280.33
21419.88,72.76,92,1.2125,3280.33
21419.88,72.78,89,0.0,3280.33
21419.88,72.55,89,0.0,3280.33
21419.88,72.12,91,1.2125,3280.33
21419.88,71.37,91,1.1875,3280.33
21419.88,71.96,76,0.0,3280.33
21419.88,71.91,76,1.2125,3280.33
21419.88,72.07,90,0.0,3280.33
21419.88,72.05,90,0.0,3280.33
21419.88,72.08,91,1.2125,3280.33
21419.88,72.28,91,0.0,3280.33
21419.88,72.53,91,2.0875,3280.33
21419.88,74.49,91,2.3125,3280.33
21419.88,74.49,66,0.0,3280.33
21419.88,74.78,66,0.0,3280.33
21419.88,74.93,91,0.0,3280.33
21419.88,75.26,91,1.225,3280.33
21419.88,75.44,92,0.0,3280.33
21419.88,75.1,92,2.4,3280.33
21419.88,73.09,86,1.225,3280.33
21419.88,71.97,86,0.0,3280.33
21419.88,71.96,84,1.2125,3280.33
21419.88,71.73,84,0.0,3280.33
21419.88,71.64,91,0.0,3280.33
21419.88,70.09,91,0.0,3280.33
21419.88,70.22,91,2.4375,3280.33
21419.88,70.47,91,0.0,3280.33
21419.88,69.46,79,0.0,3280.33
21419.88,69.47,79,1.225,3280.33
21419.88,71.16,90,0.0,3280.33
21419.88,71.81,90,0.0,3280.33
21419.88,72.0,90,1.225,3280.33
21419.88,72.26,90,1.175,3280.33
21419.88,72.26,87,1.225,3280.33
21419.88,67.94,77,0.0,3280.33
21419.88,67.94,77,0.0,3280.33
21419.88,67.64,91,0.0,3280.33
21419.88,68.63,91,1.2125,3280.33
21419.88,68.63,91,1.2125,3280.33
21419.88,69.18,91,1.2125,3280.33
21419.88,69.55,77,0.0,3280.33
21419.88,69.84,77,0.0,3280.33
21419.88,69.9,91,0.0,3280.33
21419.88,68.97,91,1.2125,3280.33
21419.88,72.25,89,0.0,3280.33
21419.88,73.02,89,0.0,3280.33
21419.88,73.01,91,1.225,3280.33
21419.88,73.15,91,0.0,3280.33
21419.88,72.43,91,0.0,3280.33
21419.88,72.43,91,0.0,3280.33
21419.88,71.61,91,0.0,3280.33
21419.88,71.54,91,1.225,3280.33
21419.88,71.37,91,0.0,3280.33
21419.88,71.33,91,1.2125,3280.33
21419.88,70.74,87,0.0,3280.33
21419.88,69.81,87,1.225,3280.33
21419.88,69.86,83,1.2125,3280.33
21419.88,70.01,83,2.0875,3280.33
21419.88,70.37,91,2.2875,3280.33
21419.88,72.45,91,0.0,3280.33
21419.88,71.58,77,0.0,3280.33
21419.88,71.62,93,1.2125,3280.33
21419.88,71.97,93,0.0,3280.33
21419.88,71.84,91,0.0,3280.33
21419.88,73.09,91,1.2125,3280.33
21419.88,73.69,91,0.0,3280.33
21419.88,73.97,91,0.0,3280.33
21419.88,73.97,93,0.0,3280.33
21419.88,73.5,93,1.2125,3280.33
21419.88,71.55,89,0.0,3280.33
21419.88,72.64,89,0.0,3280.33
21419.88,72.78,91,1.1625,3280.33
21419.88,72.75,91,0.0,3280.33
21419.88,72.53,88,1.2375,3280.33
21419.88,69.41,80,3.575,3280.33
21419.88,68.94,80,0.0,3280.33
21419.88,68.93,82,1.2,3280.33
21419.88,68.78,82,0.0,3280.33
21419.88,68.97,92,0.0,3280.33
21419.88,68.97,92,1.2125,3280.33
21419.88,69.19,92,0.0,3280.33
21419.88,69.78,92,0.0,3280.33
21419.88,66.24,92,2.425,3280.33
21419.88,65.05,77,0.0,3280.33
21419.88,64.96,77,0.0,3280.33
21419.88,67.88,92,1.225,3280.33
21419.88,67.88,92,0.0,3280.33
21419.88,68.67,91,1.125,3280.33
21419.88,69.11,91,1.175,3280.33
21419.88,69.11,89,0.0,3280.33
21419.88,69.15,89,0.0,3280.33
21419.88,68.84,90,1.225,3280.33
21419.88,68.55,93,1.225,3280.33
21419.88,71.45,93,0.0,3280.33
21419.88,72.29,93,0.0,3280.33
21419.88,72.24,93,1.2125,3280.33
21419.88,72.5,93,0.0,3280.33
21419.88,72.24,93,0.0,3280.33
21419.88,72.19,93,2.4375,3280.33
21419.88,73.26,76,0.0,3280.33
21419.88,72.63,76,1.2125,3280.33
21419.88,72.34,92,0.0,3280.33
21419.88,72.69,92,0.0,3280.33
21419.88,73.34,91,1.2,3280.33
21419.88,73.64,91,0.0,3280.33
21419.88,73.92,91,0.0,3280.33
21419.88,73.92,91,1.2125,3280.33
21419.88,73.78,91,0.0,3280.33
21419.88,73.45,91,0.0,3280.33
21419.88,71.68,91,1.2125,3280.33
21419.88,72.11,91,0.0,3280.33
21419.88,72.15,91,1.2125,3280.33
21419.88,72.07,91,1.2,3280.33
21419.88,72.38,91,1.2125,3280.33
21419.88,74.44,90,0.0,3280.33
21419.88,73.92,90,1.2,3280.33
21419.88,74.17,79,0.0,3280.33
21419.88,74.21,79,0.0,3280.33
21419.88,74.39,91,0.0,3280.33
21419.88,74.47,91,2.4125,3280.33
21419.88,74.76,91,0.0,3280.33
21419.88,74.7,91,0.0,3280.33
21419.88,74.78,81,1.2125,3280.33
21419.88,74.97,91,0.0,3280.33
21419.88,74.75,91,0.0,3280.33
21419.88,72.61,92,1.225,3280.33
21419.88,72.82,92,0.0,3280.33
21419.88,72.67,92,0.0,3280.33
21419.88,72.2,92,1.2125,3280.33
21419.88,72.22,91,1.2125,3280.33
21419.88,73.14,80,1.2125,3280.33
21419.88,72.75,80,0.0,3280.33
21419.88,72.75,92,0.0,3280.33
21419.88,72.83,92,1.2125,3280.33
21419.88,72.94,91,0.0,3280.33
21419.88,72.91,91,0.0,3280.33
21419.88,73.25,92,1.2125,3280.33
21419.88,72.93,92,0.0,3280.33
21419.88,73.19,92,0.0,3280.33
21419.88,72.74,92,1.2125,3280.33
21419.88,71.58,92,0.0,3280.33
21419.88,71.58,91,0.0,3280.33
21419.88,72.11,91,1.2125,3280.33
21419.88,72.04,91,1.2125,3280.33
21419.88,71.69,91,1.2125,3280.33
21419.88,73.29,91,1.2125,3280.33
21419.88,73.16,91,0.0,3280.33
21419.88,72.98,78,0.0,3280.33
21419.88,73.44,91,1.2,3280.33
21419.88,73.54,91,0.0,3280.33
21419.88,74.26,90,0.0,3280.33
21419.88,71.8,90,2.4125,3280.33
21419.88,71.21,78,0.0,3280.33
21419.88,71.49,78,0.0,3280.33
21419.88,71.28,78,1.2125,3280.33
21419.88,71.7,91,0.0,3280.33
21419.88,69.82,91,0.0,3280.33
21419.88,69.72,92,1.2125,3280.33
21419.88,69.88,92,1.2125,3280.33
21419.88,70.49,92,0.0,3280.33
21419.88,70.37,78,1.2125,3280.33
21419.88,70.14,78,1.2,3280.33
21419.88,72.94,93,1.2,3280.33
21419.88,73.84,93,0.0,3280.33
21419.88,73.73,93,1.2125,3280.33
21419.88,71.12,78,1.2125,3280.33
21419.88,70.7,78,0.0,3280.33
21419.88,70.67,91,0.0,3280.33
21419.88,70.67,91,1.2125,3280.33
21419.88,69.46,88,0.0,3280.33
21419.88,69.84,88,0.0,3280.33
21419.88,69.38,75,2.4375,3280.33
21419.88,68.78,75,0.0,3280.33
21419.88,68.73,91,0.0,3280.33
21419.88,68.69,91,0.0,3280.33
21419.88,71.55,91,1.2125,3280.33
21419.88,68.47,91,1.2125,3280.33
21419.88,67.36,79,1.2,3280.33
21419.88,67.71,79,0.0,3280.33
21419.88,68.12,91,0.0,3280.33
21419.88,68.25,91,1.2125,3280.33
21419.88,67.78,92,0.0,3280.33
21419.88,68.32,92,1.2125,3280.33
21419.88,69.54,75,1.225,3280.33
21419.88,68.67,75,0.0,3280.33
21419.88,68.72,92,0.0,3280.33
21419.88,68.61,92,1.2125,3280.33
21419.88,71.79,90,0.0,3280.33
21419.88,72.87,90,0.0,3280.33
21419.88,72.89,90,1.225,3280.33
21419.88,72.81,90,1.225,3280.33
21419.88,72.63,91,0.0,3280.33
21419.88,72.72,91,0.0,3280.33
21419.88,72.28,91,1.2125,3280.33
21419.88,71.52,91,0.0,3280.33
21419.88,72.46,89,0.0,3280.33
21419.88,72.28,89,0.0,3280.33
21419.88,72.36,89,1.2125,3280.33
21419.88,72.65,77,1.2125,3280.33
21419.88,74.59,77,0.0,3280.33
21419.88,74.39,91,1.2,3280.33
21419.88,74.14,91,0.0,3280.33
21419.88,74.42,91,1.225,3280.33
21419.88,74.58,91,1.1875,3280.33
21419.88,77.48,78,1.2125,3280.33
21419.88,76.95,78,0.0,3280.33
21419.88,76.97,91,0.0,3280.33
21419.88,76.93,91,1.25,3280.33
21419.88,77.05,89,0.0,3280.33
21419.88,74.86,89,0.0,3280.33
21419.88,75.34,91,1.2125,3280.33
21419.88,75.46,91,0.0,3280.33
21419.88,75.53,90,0.0,3280.33
21419.88,75.37,90,1.2,3280.33
21419.88,75.07,90,0.0,3280.33
21419.88,72.49,90,0.0,3280.33
21419.88,72.82,90,0.0,3280.33
21419.88,72.65,90,1.225,3280.33
21419.88,72.62,91,0.0,3280.33
21419.88,72.07,91,1.225,3280.33
21419.88,71.71,78,1.225,3280.33
21419.88,71.53,78,1.2125,3280.33
21419.88,71.53,91,0.0,3280.33
21419.88,71.48,91,0.0,3280.33
21419.88,71.7,91,1.2125,3280.33
21419.88,72.01,91,0.0,3280.33
21419.88,72.47,91,0.0,3280.33
21419.88,72.59,91,1.2125,3280.33
21419.88,72.75,89,0.0,3280.33
21419.88,72.27,91,0.0,3280.33
21419.88,72.54,91,1.2125,3280.33
21419.88,72.62,91,0.0,3280.33
21419.88,72.53,88,0.0,3280.33
21419.88,72.4,90,1.2125,3280.33
21419.88,70.08,90,1.2125,3280.33
21419.88,69.83,79,1.225,3280.33
21419.88,69.42,79,0.0,3280.33
21419.88,69.39,79,0.0,3280.33
21419.88,69.55,91,0.0,3280.33
21419.88,69.55,91,0.0,3280.33
21419.88,69.81,91,1.2125,3280.33
21419.88,70.47,91,0.0,3280.33
21419.88,70.56,91,0.0,3280.33
21419.88,70.56,91,1.2125,3280.33
21419.88,70.22,91,0.0,3280.33
21419.88,70.07,91,1.2125,3280.33
21419.88,71.9,91,0.0,3280.33
21419.88,71.82,91,1.2125,3280.33
21419.88,72.15,91,0.0,3280.33
21419.88,72.09,91,0.0,3280.33
21419.88,72.2,92,1.225,3280.33
21419.88,71.96,82,1.225,3280.33
21419.88,72.21,82,0.0,3280.33
21419.88,71.85,94,0.0,3280.33
21419.88,72.31,94,0.0,3280.33
21419.88,72.12,94,1.2125,3280.33
21419.88,72.46,94,0.0,3280.33
21419.88,72.55,93,0.0,3280.33
21419.88,72.73,93,1.2125,3280.33
21419.88,72.52,94,0.0,3280.33
21419.88,72.54,94,0.0,3280.33
21419.88,72.28,90,0.0,3280.33
21419.88,71.78,90,1.2,3280.33
21419.88,72.46,91,0.0,3280.33
21419.88,72.26,91,0.0,3280.33
21419.88,72.15,91,1.1875,3280.33
21419.88,72.2,91,1.1875,3280.33
21419.88,71.69,78,0.0,3280.33
21419.88,71.76,78,1.2125,3280.33
21419.88,71.52,91,0.0,3280.33
21419.88,71.85,91,1.225,3280.33
21419.88,71.61,89,0.0,3280.33
21419.88,72.2,89,1.1875,3280.33
21419.88,72.22,91,0.0,3280.33
21419.88,72.23,91,0.0,3280.33
21419.88,72.44,89,1.225,3280.33
21419.88,72.16,89,0.0,3280.33
21419.88,72.3,91,0.0,3280.33
21419.88,72.55,91,0.0,3280.33
21419.88,72.64,91,1.2,3280.33
21419.88,72.59,91,0.0,3280.33
21419.88,72.7,91,2.45,3280.33
21419.88,69.75,91,0.0,3280.33
21419.88,68.67,80,0.0,3280.33
21419.88,68.91,90,0.0,3280.33
21419.88,68.52,90,1.225,3280.33
21419.88,68.64,92,0.0,3280.33
21419.88,68.9,92,0.0,3280.33
21419.88,69.21,92,0.0,3280.33
21419.88,68.88,92,1.2125,3280.33
21419.88,68.88,91,1.2125,3280.33
21419.88,68.78,91,0.0,3280.33
21419.88,71.18,80,1.225,3280.33
21419.88,71.96,80,0.0,3280.33
21419.88,71.84,91,0.0,3280.33
21419.88,72.27,91,0.0,3280.33
21419.88,72.0,91,1.225,3280.33
21419.88,72.21,91,0.0,3280.33
21419.88,72.22,91,1.2125,3280.33
21419.88,68.73,91,0.0,3280.33
21419.88,67.99,79,2.4125,3280.33
21419.88,67.73,79,0.0,3280.33
21419.88,67.69,91,0.0,3280.33
21419.88,68.36,91,0.0,3280.33
21419.88,68.63,92,0.0,3280.33
21419.88,68.57,92,1.25,3280.33
21419.88,68.49,92,0.0,3280.33
21419.88,68.35,92,0.0,3280.33
21419.88,67.88,91,1.25,3280.33
21419.88,67.86,92,0.0,3280.33
21419.88,70.95,92,0.0,3280.33
21419.88,71.84,91,0.0,3280.33
21419.88,71.87,91,0.0,3280.33
21419.88,72.03,91,1.2375,3280.33
21419.88,71.96,91,1.25,3280.33
21419.88,71.22,91,0.0,3280.33
21419.88,71.22,78,1.25,3280.33
21419.88,71.16,78,0.0,3280.33
21419.88,71.24,92,0.0,3280.33
21419.88,71.64,92,0.0,3280.33
21419.88,71.52,91,1.2375,3280.33
21419.88,71.92,91,0.0,3280.33
21419.88,71.8,90,1.2375,3280.33
21419.88,68.67,90,1.2375,3280.33
21419.88,67.39,79,0.0,3280.33
21419.88,67.13,79,0.0,3280.33
21419.88,66.84,91,0.0,3280.33
21419.88,67.46,91,1.25,3280.33
21419.88,67.33,88,0.0,3280.33
21419.88,67.71,88,0.0,3280.33
21419.88,67.55,91,1.2375,3280.33
21419.88,67.97,91,0.0,3280.33
21419.88,67.51,91,0.0,3280.33
21419.88,67.46,91,0.0,3280.33
21419.88,70.81,91,1.2375,3280.33
21419.88,71.58,92,0.0,3280.33
21419.88,71.57,92,0.0,3280.33
21419.88,71.44,91,0.0,3280.33
21419.88,71.68,91,2.4875,3280.33
21419.88,68.42,79,0.0,3280.33
21419.88,68.11,79,1.2375,3280.33
21419.88,68.13,91,0.0,3280.33
21419.88,68.84,91,0.0,3280.33
21419.88,69.14,90,1.2375,3280.33
21419.88,69.42,90,0.0,3280.33
21419.88,67.07,82,2.4875,3280.33
21419.88,66.34,82,0.0,3280.33
21419.88,66.75,82,0.0,3280.33
21419.88,66.68,86,0.0,3280.33
21419.88,69.01,86,0.0,3280.33
21419.88,69.72,90,1.2375,3280.33
21419.88,66.84,90,1.2375,3280.33
21419.88,65.85,80,1.2375,3280.33
21419.88,65.68,90,0.0,3280.33
21419.88,65.7,90,1.2125,3280.33
21419.88,65.78,90,0.0,3280.33
21419.88,67.53,91,1.2125,3280.33
21419.88,67.61,91,1.2125,3280.33
21419.88,67.31,78,0.0,3280.33
21419.88,67.41,91,0.0,3280.33
21419.88,67.07,91,1.2125,3280.33
21419.88,67.07,91,0.0,3280.33
21419.88,70.37,90,0.0,3280.33
21419.88,71.07,90,2.425,3280.33
21419.88,71.5,90,0.0,3280.33
21419.88,70.89,80,0.0,3280.33
21419.88,70.84,80,1.2125,3280.33
21419.88,71.72,80,1.2125,3280.33
21419.88,71.72,90,0.0,3280.33
21419.88,72.63,92,1.2125,3280.33
21419.88,72.75,92,0.0,3280.33
21419.88,72.81,92,0.0,3280.33
21419.88,72.83,92,0.0,3280.33
21419.88,72.58,91,1.2125,3280.33
21419.88,72.3,91,0.0,3280.33
21419.88,71.53,91,0.0,3280.33
21419.88,72.17,91,1.2125,3280.33
21419.88,71.94,91,0.0,3280.33
21419.88,72.09,91,0.0,3280.33
21419.88,71.74,91,2.4125,3280.33
21419.88,73.9,91,0.0,3280.33
21419.88,73.56,77,0.0,3280.33
21419.88,73.55,77,0.0,3280.33
21419.88,73.91,92,1.225,3280.33
21419.88,74.0,92,0.0,3280.33
21419.88,74.33,92,1.2125,3280.33
21419.88,71.44,92,1.2125,3280.33
21419.88,70.63,80,1.2125,3280.33
21419.88,70.65,80,0.0,3280.33
21419.88,70.61,94,0.0,3280.33
21419.88,70.65,78,1.225,3280.33
21419.88,66.3,78,0.0,3280.33
21419.88,65.69,94,1.225,3280.33
21419.88,65.75,94,0.0,3280.33
21419.88,65.65,91,0.0,3280.33
21419.88,65.89,91,0.0,3280.33
21419.88,68.85,92,1.225,3280.33
21419.88,69.74,92,0.0,3280.33
21419.88,69.6,91,0.0,3280.33
21419.88,67.78,91,1.225,3280.33
21419.88,66.91,80,0.0,3280.33
21419.88,68.74,80,1.225,3280.33
21419.88,70.01,91,0.0,3280.33
21419.88,70.16,91,0.0,3280.33
21419.88,70.12,91,0.0,3280.33
21419.88,70.03,91,0.0,3280.33
21419.88,69.85,90,1.225,3280.33
21419.88,69.2,90,0.0,3280.33
21419.88,69.02,81,1.225,3280.33
21419.88,69.12,81,0.0,3280.33
21419.88,70.8,91,2.4625,3280.33
21419.88,68.91,91,0.0,3280.33
21419.88,68.18,82,0.0,3280.33
21419.88,67.89,82,0.0,3280.33
21419.88,67.38,93,1.2125,3280.33
21419.88,67.25,93,0.0,3280.33
21419.88,67.6,91,0.0,3280.33
21419.88,67.6,79,2.4125,3280.33
21419.88,70.51,79,0.0,3280.33
21419.88,70.08,91,0.0,3280.33
21419.88,70.19,91,0.0,3280.33
21419.88,72.96,91,1.2125,3280.33
21419.88,73.55,90,1.2125,3280.33
21419.88,73.72,83,0.0,3280.33
21419.88,73.7,83,0.0,3280.33
21419.88,73.81,90,0.0,3280.33
21419.88,73.5,90,1.225,3280.33
21419.88,73.67,91,0.0,3280.33
21419.88,71.78,91,0.0,3280.33
21419.88,72.27,91,0.0,3280.33
21419.88,72.21,91,1.225,3280.33
21419.88,72.0,91,0.0,3280.33
21419.88,72.0,91,0.0,3280.33
21419.88,72.06,91,1.225,3280.33
21419.88,71.71,92,1.225,3280.33
21419.88,72.27,92,0.0,3280.33
21419.88,72.06,91,0.0,3280.33
21419.88,72.06,91,0.0,3280.33
21419.88,72.32,92,2.4125,3280.33
21419.88,72.18,92,0.0,3280.33
21419.88,73.89,78,0.0,3280.33
21419.88,73.2,78,0.0,3280.33
21419.88,73.6,92,1.2125,3280.33
21419.88,73.58,92,0.0,3280.33
21419.88,74.0,91,0.0,3280.33
21419.88,74.42,91,2.4125,3280.33
21419.88,76.05,91,0.0,3280.33
21419.88,75.65,77,0.0,3280.33
21419.88,75.59,77,2.425,3280.33
21419.88,76.58,81,1.2125,3280.33
21419.88,73.99,81,0.0,3280.33
21419.88,74.81,91,0.0,3280.33
21419.88,75.04,91,0.0,3280.33
21419.88,75.03,91,1.225,3280.33
21419.88,74.97,80,1.1875,3280.33
21419.88,75.42,80,0.0,3280.33
21419.88,74.8,92,0.0,3280.33
21419.88,73.56,92,1.1875,3280.33
21419.88,73.62,91,0.0,3280.33
21419.88,72.51,91,0.0,3280.33
21419.88,73.26,91,0.0,3280.33
21419.88,73.39,91,2.35,3280.33
21419.88,72.55,91,0.0,3280.33
21419.88,72.04,79,0.0,3280.33
21419.88,72.44,89,1.2125,3280.33
21419.88,71.94,89,0.0,3280.33
21419.88,71.94,89,0.0,3280.33
21419.88,72.59,91,1.2125,3280.33
21419.88,72.46,91,0.0,3280.33
21419.88,72.66,91,0.0,3280.33
21419.88,72.4,91,1.2125,3280.33
21419.88,72.48,91,0.0,3280.33
21419.88,72.06,90,0.0,3280.33
21419.88,71.48,90,1.2125,3280.33
21419.88,72.09,91,0.0,3280.33
21419.88,72.45,91,1.2375,3280.33
21419.88,71.9,86,1.2125,3280.33
21419.88,70.41,86,1.175,3280.33
21419.88,69.15,84,0.0,3280.33
21419.88,69.27,84,0.0,3280.33
21419.88,69.13,91,1.175,3280.33
21419.88,69.39,91,0.0,3280.33
21419.88,69.67,91,0.0,3280.33
21419.88,70.23,76,2.4125,3280.33
21419.88,67.04,76,0.0,3280.33
21419.88,66.4,92,0.0,3280.33
21419.88,66.57,92,1.2125,3280.33
21419.88,69.32,92,1.2125,3280.33
21419.88,69.43,91,0.0,3280.33
21419.88,69.43,91,1.2125,3280.33
21419.88,69.76,91,0.0,3280.33
21419.88,71.23,91,1.175,3280.33
21419.88,70.64,76,1.2375,3280.33
21419.88,70.13,76,0.0,3280.33
21419.88,73.6,92,0.0,3280.33
21419.88,73.6,92,1.225,3280.33
21419.88,74.43,90,0.0,3280.33
21419.88,74.33,90,0.0,3280.33
21419.88,74.31,91,0.0,3280.33
21419.88,74.23,91,1.2125,3280.33
21419.88,74.06,91,0.0,3280.33
21419.88,73.92,91,0.0,3280.33
21419.88,73.32,91,3.6375,3280.33
21419.88,71.4,78,0.0,3280.33
21419.88,71.47,78,0.0,3280.33
21419.88,71.62,92,1.2125,3280.33
21419.88,71.54,92,0.0,3280.33
21419.88,71.53,91,1.2125,3280.33
21419.88,71.07,91,1.1875,3280.33
21419.88,71.25,77,0.0,3280.33
21419.88,70.95,77,0.0,3280.33
21419.88,71.25,91,1.2,3280.33
21419.88,71.72,91,0.0,3280.33
21419.88,71.77,89,0.0,3280.33
21419.88,72.43,89,1.1875,3280.33
21419.88,72.29,91,0.0,3280.33
21419.88,72.54,91,1.2125,3280.33
21419.88,73.49,77,1.2,3280.33
21419.88,73.05,77,0.0,3280.33
21419.88,73.58,92,0.0,3280.33
21419.88,73.45,92,1.2125,3280.33
21419.88,73.95,91,0.0,3280.33
21419.88,73.58,91,0.0,3280.33
21419.88,73.59,91,1.2125,3280.33
21419.88,73.73,91,0.0,3280.33
21419.88,73.16,91,0.0,3280.33
21419.88,73.25,91,0.0,3280.33
21419.88,72.91,90,2.4125,3280.33
21419.88,73.46,90,1.2125,3280.33
21419.88,73.67,77,0.0,3280.33
21419.88,73.58,77,1.2125,3280.33
21419.88,71.6,91,1.2125,3280.33
21419.88,70.82,91,0.0,3280.33
21419.88,70.61,77,1.2125,3280.33
21419.88,70.81,92,1.1875,3280.33
21419.88,69.72,92,0.0,3280.33
21419.88,68.94,77,1.225,3280.33
21419.88,68.98,77,0.0,3280.33
21419.88,67.56,77,0.0,3280.33
21419.88,67.78,92,2.4375,3280.33
21419.88,66.93,92,0.0,3280.33
21419.88,67.1,79,0.0,3280.33
21419.88,68.9,90,0.0,3280.33
21419.88,70.07,90,1.225,3280.33
21419.88,70.17,90,1.225,3280.33
21419.88,70.19,91,0.0,3280.33
21419.88,71.53,92,1.225,3280.33
21419.88,74.24,92,1.225,3280.33
21419.88,73.62,81,0.0,3280.33
21419.88,73.41,81,0.0,3280.33
21419.88,73.49,92,0.0,3280.33
21419.88,74.16,92,0.0,3280.33
21419.88,74.09,92,1.2125,3280.33
21419.88,74.27,82,1.225,3280.33
21419.88,75.44,82,0.0,3280.33
21419.88,74.94,82,0.0,3280.33
21419.88,74.92,92,1.225,3280.33
21419.88,75.2,80,1.225,3280.33
21419.88,75.33,80,0.0,3280.33
21419.88,75.96,92,1.225,3280.33
21419.88,76.06,92,0.0,3280.33
21419.88,76.26,92,0.0,3280.33
21419.88,78.3,92,1.2125,3280.33
21419.88,77.76,79,1.2125,3280.33
21419.88,76.32,79,1.2125,3280.33
21419.88,77.13,90,0.0,3280.33
21419.88,76.84,90,1.2125,3280.33
21419.88,73.28,76,1.2125,3280.33
21419.88,70.72,76,0.0,3280.33
21419.88,70.87,92,0.0,3280.33
21419.88,70.86,92,1.225,3280.33
21419.88,71.01,90,0.0,3280.33
21419.88,70.72,90,0.0,3280.33
21419.88,68.85,90,1.175,3280.33
21419.88,66.14,90,1.1625,3280.33
21419.88,65.59,75,0.0,3280.33
21419.88,65.17,75,0.0,3280.33
21419.88,65.6,90,1.225,3280.33
21419.88,69.1,90,1.225,3280.33
21419.88,69.78,81,0.0,3280.33
21419.88,69.09,81,0.0,3280.33
21419.88,69.1,92,0.0,3280.33
21419.88,68.95,92,1.2125,3280.33
21419.88,69.08,91,0.0,3280.33
21419.88,68.8,91,0.0,3280.33
21419.88,71.75,91,1.2125,3280.33
21419.88,71.39,91,1.225,3280.33
21419.88,70.36,80,0.0,3280.33
21419.88,69.83,80,0.0,3280.33
21419.88,70.03,90,1.2125,3280.33
21419.88,69.57,90,0.0,3280.33
21419.88,70.41,91,0.0,3280.33
21419.88,70.51,91,1.1875,3280.33
21419.88,69.75,89,0.0,3280.33
21419.88,69.62,89,2.4875,3280.33
21419.88,70.6,77,1.175,3280.33
21419.88,70.52,77,0.0,3280.33
21419.88,71.75,90,0.0,3280.33
21419.88,72.89,90,1.2125,3280.33
21419.88,73.34,90,1.2125,3280.33
21419.88,70.56,90,0.0,3280.33
21419.88,69.86,79,1.225,3280.33
21419.88,69.81,79,0.0,3280.33
21419.88,69.55,91,0.0,3280.33
21419.88,70.15,91,0.0,3280.33
21419.88,69.25,91,1.2125,3280.33
21419.88,69.25,91,0.0,3280.33
21419.88,69.52,92,0.0,3280.33
21419.88,69.06,90,1.225,3280.33
21419.88,69.06,90,1.2125,3280.33
21419.88,69.02,78,0.0,3280.33
21419.88,73.77,78,1.225,3280.33
21419.88,74.26,91,0.0,3280.33
21419.88,74.26,91,0.0,3280.33
21419.88,74.68,92,0.0,3280.33
21419.88,74.71,92,1.2125,3280.33
21419.88,74.88,91,0.0,3280.33
21419.88,75.02,91,0.0,3280.33
21419.88,75.0,92,2.425,3280.33
21419.88,76.21,92,0.0,3280.33
21419.88,74.2,78,1.2125,3280.33
21419.88,74.2,78,0.0,3280.33
21419.88,74.85,89,0.0,3280.33
21419.88,75.0,89,0.0,3280.33
21419.88,75.09,91,1.2125,3280.33
21419.88,75.01,91,0.0,3280.33
21419.88,75.09,90,0.0,3280.33
21419.88,75.09,90,2.425,3280.33
21419.88,74.67,91,1.2125,3280.33
21419.88,73.64,91,1.2,3280.33
21419.88,71.18,78,0.0,3280.33
21419.88,71.33,78,0.0,3280.33
21419.88,71.09,92,1.2125,3280.33
21419.88,71.06,92,0.0,3280.33
21419.88,70.95,92,0.0,3280.33
21419.88,70.95,92,1.2125,3280.33
21419.88,71.09,93,0.0,3280.33
21419.88,70.69,93,1.1125,3280.33
21419.88,70.62,93,0.0,3280.33
21419.88,69.89,79,1.2125,3280.33
21419.88,70.13,79,0.0,3280.33
21419.88,70.82,90,0.0,3280.33
21419.88,71.24,90,1.225,3280.33
21419.88,71.24,92,0.0,3280.33
21419.88,71.02,92,0.0,3280.33
21419.88,70.97,92,1.2125,3280.33
21419.88,70.28,92,1.2125,3280.33
21419.88,70.52,81,0.0,3280.33
21419.88,71.81,81,0.0,3280.33
21419.88,71.81,91,0.0,3280.33
21419.88,72.76,91,2.4125,3280.33
21419.88,72.76,79,1.2125,3280.33
21419.88,72.66,79,0.0,3280.33
21419.88,72.48,92,1.2125,3280.33
21419.88,72.6,92,0.0,3280.33
21419.88,72.62,91,1.2125,3280.33
21419.88,74.31,91,0.0,3280.33
21419.88,74.37,82,1.2125,3280.33
21419.88,74.37,82,0.0,3280.33
21419.88,74.49,91,0.0,3280.33
21419.88,74.11,91,1.2125,3280.33
21419.88,74.12,91,1.2125,3280.33
21419.88,73.82,91,1.2,3280.33
21419.88,75.2,78,0.0,3280.33
21419.88,74.69,78,0.0,3280.33
21419.88,74.77,90,1.2,3280.33
21419.88,72.83,90,0.0,3280.33
21419.88,73.35,89,0.0,3280.33
21419.88,73.55,90,1.2125,3280.33
21419.88,69.94,90,1.2125,3280.33
21419.88,69.93,90,0.0,3280.33
21419.88,69.61,79,1.2125,3280.33
21419.88,70.11,79,1.2125,3280.33
21419.88,68.77,90,0.0,3280.33
21419.88,69.44,90,1.2125,3280.33
21419.88,69.53,91,0.0,3280.33
21419.88,69.25,90,0.0,3280.33
21419.88,69.4,90,0.0,3280.33
21419.88,69.24,90,1.2125,3280.33
21419.88,68.89,90,0.0,3280.33
21419.88,72.1,92,0.0,3280.33
21419.88,72.26,92,1.2125,3280.33
21419.88,72.46,91,0.0,3280.33
21419.88,72.31,91,0.0,3280.33
21419.88,72.34,91,1.2,3280.33
21419.88,72.12,78,1.2125,3280.33
21419.88,73.58,78,0.0,3280.33
21419.88,73.48,90,1.2125,3280.33
21419.88,73.24,90,0.0,3280.33
21419.88,73.48,90,1.2,3280.33
21419.88,73.62,90,0.0,3280.33
21419.88,73.98,90,0.0,3280.33
21419.88,74.36,90,2.4125,3280.33
21419.88,76.29,75,1.1625,3280.33
21419.88,75.85,75,0.0,3280.33
21419.88,75.78,91,1.25,3280.33
21419.88,74.32,91,0.0,3280.33
21419.88,74.75,90,0.0,3280.33
21419.88,74.93,90,1.2125,3280.33
21419.88,76.84,79,1.2125,3280.33
21419.88,76.49,79,0.0,3280.33
21419.88,76.05,90,0.0,3280.33
21419.88,76.31,90,1.2125,3280.33
21419.88,75.97,90,1.2125,3280.33
21419.88,74.52,90,0.0,3280.33
21419.88,74.67,78,1.225,3280.33
21419.88,74.7,78,0.0,3280.33
21419.88,74.67,90,0.0,3280.33
21419.88,74.64,90,1.2125,3280.33
21419.88,74.69,90,0.0,3280.33
21419.88,72.72,90,0.0,3280.33
21419.88,71.57,87,2.4875,3280.33
21419.88,71.08,87,0.0,3280.33
21419.88,70.71,82,0.0,3280.33
21419.88,71.02,82,1.2375,3280.33
21419.88,70.59,93,1.2375,3280.33
21419.88,70.67,93,0.0,3280.33
21419.88,70.9,92,1.2375,3280.33
21419.88,70.83,92,0.0,3280.33
21419.88,70.57,93,1.2375,3280.33
21419.88,71.33,93,0.0,3280.33
21419.88,70.88,79,1.2375,3280.33
21419.88,72.53,79,0.0,3280.33
21419.88,73.37,93,0.0,3280.33
21419.88,73.49,93,0.0,3280.33
21419.88,73.51,92,1.2375,3280.33
21419.88,73.37,92,0.0,3280.33
21419.88,73.64,92,1.2375,3280.33
21419.88,73.04,91,1.2375,3280.33
21419.88,73.07,76,0.0,3280.33
21419.88,73.18,76,0.0,3280.33
21419.88,72.56,90,1.225,3280.33
21419.88,72.58,79,1.2375,3280.33
21419.88,71.63,79,0.0,3280.33
21419.88,71.45,79,0.0,3280.33
21419.88,71.56,91,1.2375,3280.33
21419.88,71.71,91,0.0,3280.33
21419.88,71.45,90,0.0,3280.33
21419.88,71.45,90,1.2375,3280.33
21419.88,71.82,90,1.225,3280.33
21419.88,71.37,90,0.0,3280.33
21419.88,70.98,78,1.2375,3280.33
21419.88,71.43,78,0.0,3280.33
21419.88,72.08,91,0.0,3280.33
21419.88,72.27,91,1.25,3280.33
21419.88,72.48,89,0.0,3280.33
21419.88,72.48,89,0.0,3280.33
21419.88,72.14,91,0.0,3280.33
21419.88,72.2,91,2.4125,3280.33
21419.88,72.2,90,1.2125,3280.33
21419.88,71.96,90,0.0,3280.33
21419.88,71.34,80,0.0,3280.33
21419.88,72.18,80,0.0,3280.33
21419.88,74.39,91,1.2375,3280.33
21419.88,74.39,91,0.0,3280.33
21419.88,73.76,82,1.2375,3280.33
21419.88,73.41,82,0.0,3280.33
21419.88,73.37,92,0.0,3280.33
21419.88,73.67,92,1.2375,3280.33
21419.88,73.47,91,0.0,3280.33
21419.88,73.55,91,0.0,3280.33
21419.88,73.98,90,0.0,3280.33
21419.88,74.4,90,1.2125,3280.33
21419.88,74.07,92,1.2125,3280.33
21419.88,73.48,80,1.2125,3280.33
21419.88,70.75,80,0.0,3280.33
21419.88,71.85,88,0.0,3280.33
21419.88,71.69,88,0.0,3280.33
21419.88,71.58,90,0.0,3280.33
21419.88,71.73,90,2.425,3280.33
21419.88,72.1,90,0.0,3280.33
21419.88,71.9,90,0.0,3280.33
21419.88,71.84,91,1.2125,3280.33
21419.88,71.4,91,0.0,3280.33
21419.88,71.78,91,0.0,3280.33
21419.88,72.17,91,0.0,3280.33
21419.88,71.95,91,2.4375,3280.33
21419.88,74.44,91,0.0,3280.33
21419.88,74.02,78,0.0,3280.33
21419.88,73.67,78,1.2125,3280.33
21419.88,73.73,91,0.0,3280.33
21419.88,73.49,91,1.2125,3280.33
21419.88,75.83,79,1.2125,3280.33
21419.88,75.44,79,0.0,3280.33
21419.88,76.09,92,0.0,3280.33
21419.88,76.21,92,1.225,3280.33
21419.88,76.69,91,0.0,3280.33
21419.88,76.39,91,1.2125,3280.33
21419.88,71.19,80,0.0,3280.33
21419.88,70.87,80,0.0,3280.33
21419.88,70.89,93,1.2125,3280.33
21419.88,70.83,93,1.2125,3280.33
21419.88,70.92,92,0.0,3280.33
21419.88,68.88,92,2.425,3280.33
21419.88,66.44,81,0.0,3280.33
21419.88,65.64,81,0.0,3280.33
21419.88,65.28,88,0.0,3280.33
21419.88,64.99,88,1.2125,3280.33
21419.88,65.32,90,0.0,3280.33
21419.88,68.52,91,0.0,3280.33
21419.88,69.09,91,1.2125,3280.33
21419.88,69.25,91,0.0,3280.33
21419.88,69.06,91,0.0,3280.33
21419.88,68.81,91,1.2125,3280.33
21419.88,68.81,91,0.0,3280.33
21419.88,71.48,92,0.0,3280.33
21419.88,71.96,92,2.425,3280.33
21419.88,72.1,77,0.0,3280.33
21419.88,73.86,77,0.0,3280.33
21419.88,72.99,93,1.2125,3280.33
21419.88,73.25,93,0.0,3280.33
21419.88,73.43,92,1.2125,3280.33
21419.88,73.44,92,0.0,3280.33
21419.88,73.81,91,1.2125,3280.33
21419.88,73.6,91,1.225,3280.33
21419.88,74.7,79,0.0,3280.33
21419.88,73.97,79,1.225,3280.33
21419.88,74.27,92,0.0,3280.33
21419.88,72.67,92,0.0,3280.33
21419.88,73.54,91,0.0,3280.33
21419.88,73.34,91,1.225,3280.33
21419.88,73.38,91,1.225,3280.33
21419.88,70.68,91,0.0,3280.33
21419.88,70.11,80,0.0,3280.33
21419.88,69.85,80,0.0,3280.33
21419.88,69.72,93,1.225,3280.33
21419.88,68.84,93,0.0,3280.33
21419.88,69.78,94,1.225,3280.33
21419.88,66.93,94,0.0,3280.33
21419.88,66.26,80,1.225,3280.33
21419.88,66.11,80,0.0,3280.33
21419.88,66.16,94,0.0,3280.33
21419.88,66.12,94,0.0,3280.33
21419.88,68.69,94,1.2375,3280.33
21419.88,69.44,94,1.175,3280.33
21419.88,70.18,82,1.2,3280.33
21419.88,70.08,82,0.0,3280.33
21419.88,70.11,94,0.0,3280.33
21419.88,69.92,91,1.225,3280.33
21419.88,73.11,91,0.0,3280.33
21419.88,73.11,77,1.2125,3280.33
21419.88,73.84,77,0.0,3280.33
21419.88,73.01,92,0.0,3280.33
21419.88,73.06,92,1.225,3280.33
21419.88,73.01,91,0.0,3280.33
21419.88,72.61,91,0.0,3280.33
21419.88,73.05,91,1.2125,3280.33
21419.88,72.92,91,0.0,3280.33
21419.88,73.11,91,0.0,3280.33
21419.88,72.8,91,1.2125,3280.33
21419.88,75.0,78,1.2125,3280.33
21419.88,73.25,78,0.0,3280.33
21419.88,74.07,93,0.0,3280.33
21419.88,74.21,93,1.2125,3280.33
21419.88,74.09,91,0.0,3280.33
21419.88,74.2,91,0.0,3280.33
21419.88,73.83,91,0.0,3280.33
21419.88,73.82,91,1.2125,3280.33
21419.88,74.11,90,0.0,3280.33
21419.88,73.65,90,1.2125,3280.33
21419.88,73.69,91,0.0,3280.33
21419.88,71.59,91,1.2125,3280.33
21419.88,72.28,91,0.0,3280.33
21419.88,72.21,91,0.0,3280.33
21419.88,72.23,91,1.2125,3280.33
21419.88,72.21,91,1.2125,3280.33
21419.88,70.57,79,0.0,3280.33
21419.88,70.01,79,0.0,3280.33
21419.88,69.74,91,1.2125,3280.33
21419.88,69.75,91,0.0,3280.33
21419.88,70.4,91,1.225,3280.33
21419.88,67.4,91,0.0,3280.33
21419.88,66.52,80,0.0,3280.33
21419.88,66.98,80,1.2375,3280.33
21419.88,67.04,91,0.0,3280.33
21419.88,66.95,79,2.4875,3280.33
21419.88,64.26,79,0.0,3280.33
21419.88,65.08,91,0.0,3280.33
21419.88,65.93,91,1.25,3280.33
21419.88,66.11,91,0.0,3280.33
21419.88,65.96,91,0.0,3280.33
21419.88,65.5,91,1.25,3280.33
21419.88,68.62,91,1.25,3280.33
21419.88,70.68,79,0.0,3280.33
21419.88,70.12,79,0.0,3280.33
21419.88,70.12,90,0.0,3280.33
21419.88,69.94,90,1.25,3280.33
21419.88,72.88,91,0.0,3280.33
21419.88,73.47,91,0.0,3280.33
21419.88,73.44,91,0.0,3280.33
21419.88,73.16,91,1.25,3280.33
21419.88,73.3,91,0.0,3280.33
21419.88,73.14,91,0.0,3280.33
21419.88,71.71,91,0.0,3280.33
21419.88,72.18,91,1.2375,3280.33
21419.88,72.05,91,0.0,3280.33
21419.88,72.28,91,0.0,3280.33
21419.88,72.11,92,0.0,3280.33
21419.88,70.76,92,2.475,3280.33
21419.88,69.96,77,0.0,3280.33
21419.88,69.68,77,0.0,3280.33
21419.88,70.1,91,1.2375,3280.33
21419.88,70.02,91,0.0,3280.33
21419.88,70.41,92,0.0,3280.33
21419.88,70.58,92,1.2375,3280.33
21419.88,71.48,78,1.2375,3280.33
21419.88,71.09,78,0.0,3280.33
21419.88,70.93,78,0.0,3280.33
21419.88,70.94,93,1.2375,3280.33
21419.88,70.94,93,0.0,3280.33
21419.88,72.3,93,0.0,3280.33
21419.88,73.16,93,0.0,3280.33
21419.88,73.37,93,2.4625,3280.33
21419.88,73.37,76,0.0,3280.33
21419.88,74.33,76,1.2375,3280.33
21419.88,73.4,92,0.0,3280.33
21419.88,73.67,92,1.2375,3280.33
21419.88,72.64,80,1.25,3280.33
21419.88,73.75,80,0.0,3280.33
21419.88,73.67,91,0.0,3280.33
21419.88,73.59,91,1.2375,3280.33
21419.88,73.87,77,2.4875,3280.33
21419.88,70.3,77,0.0,3280.33
21419.88,69.65,90,0.0,3280.33
21419.88,68.95,90,1.2125,3280.33
21419.88,69.81,90,0.0,3280.33
21419.88,69.97,90,1.2125,3280.33
21419.88,69.27,78,1.2125,3280.33
21419.88,68.65,78,0.0,3280.33
21419.88,68.47,91,0.0,3280.33
21419.88,68.53,91,1.2125,3280.33
21419.88,67.98,91,1.2125,3280.33
21419.88,68.09,91,0.0,3280.33
21419.88,67.92,81,1.2125,3280.33
21419.88,67.53,81,0.0,3280.33
21419.88,67.52,91,0.0,3280.33
21419.88,67.46,91,1.2125,3280.33
21419.88,67.11,90,0.0,3280.33
21419.88,68.03,90,0.0,3280.33
21419.88,68.02,91,0.0,3280.33
21419.88,68.17,91,1.2125,3280.33
21419.88,68.05,91,1.2125,3280.33
21419.88,68.01,91,1.225,3280.33
21419.88,68.01,81,0.0,3280.33
21419.88,68.62,81,0.0,3280.33
21419.88,69.07,88,1.2375,3280.33
21419.88,69.07,88,0.0,3280.33
21419.88,69.38,90,0.0,3280.33
21419.88,69.49,90,1.25,3280.33
21419.88,69.65,90,1.25,3280.33
21419.88,69.05,90,0.0,3280.33
21419.88,69.09,79,0.0,3280.33
21419.88,68.91,79,1.25,3280.33
21419.88,69.11,91,0.0,3280.33
21419.88,72.23,91,1.25,3280.33
21419.88,72.98,78,0.0,3280.33
21419.88,72.04,78,0.0,3280.33
21419.88,71.89,91,1.25,3280.33
21419.88,71.47,91,0.0,3280.33
21419.88,71.38,90,0.0,3280.33
21419.88,71.31,90,1.25,3280.33
21419.88,72.05,91,0.0,3280.33
21419.88,72.06,91,0.0,3280.33
21419.88,72.18,91,0.0,3280.33
21419.88,72.11,91,1.25,3280.33
21419.88,71.84,91,2.4875,3280.33
21419.88,71.46,77,0.0,3280.33
21419.88,71.88,77,1.25,3280.33
21419.88,71.79,91,0.0,3280.33
21419.88,72.16,91,0.0,3280.33
21419.88,72.19,91,1.25,3280.33
21419.88,72.13,91,0.0,3280.33
21419.88,72.38,91,1.2375,3280.33
21419.88,72.36,91,0.0,3280.33
21419.88,72.08,83,0.0,3280.33
21419.88,72.17,83,1.25,3280.33
21419.88,72.0,91,0.0,3280.33
21419.88,72.63,91,0.0,3280.33
21419.88,72.74,90,0.0,3280.33
21419.88,72.66,90,0.0,3280.33
21419.88,72.66,90,1.25,3280.33
21419.88,73.87,80,1.25,3280.33
21419.88,73.42,80,0.0,3280.33
21419.88,73.2,90,1.25,3280.33
21419.88,73.2,90,1.2375,3280.33
21419.88,75.04,78,0.0,3280.33
21419.88,75.28,78,0.0,3280.33
21419.88,75.47,90,0.0,3280.33
21419.88,75.36,90,1.225,3280.33
21419.88,75.67,91,0.0,3280.33
21419.88,75.6,91,1.225,3280.33
21419.88,75.2,91,0.0,3280.33
21419.88,75.42,91,0.0,3280.33
21419.88,75.15,81,1.2125,3280.33
21419.88,75.23,91,0.0,3280.33
21419.88,73.42,91,0.0,3280.33
21419.88,73.69,92,2.45,3280.33
21419.88,73.05,92,0.0,3280.33
21419.88,72.77,81,1.225,3280.33
21419.88,73.02,81,0.0,3280.33
21419.88,72.77,81,1.225,3280.33
21419.88,74.22,91,0.0,3280.33
21419.88,73.17,91,0.0,3280.33
21419.88,73.3,81,0.0,3280.33
21419.88,73.61,91,1.225,3280.33
21419.88,73.64,91,0.0,3280.33
21419.88,73.81,91,0.0,3280.33
21419.88,73.54,92,1.225,3280.33
21419.88,76.19,81,0.0,3280.33
21419.88,75.33,81,1.225,3280.33
21419.88,75.12,81,0.0,3280.33
21419.88,75.36,93,0.0,3280.33
21419.88,73.84,91,0.0,3280.33
21419.88,74.28,90,0.0,3280.33
21419.88,74.44,90,1.225,3280.33
21419.88,74.06,91,0.0,3280.33
21419.88,73.96,91,0.0,3280.33
21419.88,74.01,91,0.0,3280.33
21419.88,72.05,92,1.2125,3280.33
21419.88,72.78,92,0.0,3280.33
21419.88,72.85,91,1.225,3280.33
21419.88,74.4,84,1.225,3280.33
21419.88,74.11,84,0.0,3280.33
21419.88,73.95,84,1.225,3280.33
21419.88,73.33,94,0.0,3280.33
21419.88,73.11,94,1.2125,3280.33
21419.88,73.27,84,0.0,3280.33
21419.88,73.27,84,0.0,3280.33
21419.88,73.47,93,1.2125,3280.33
21419.88,73.53,93,1.2125,3280.33
21419.88,72.71,85,0.0,3280.33
21419.88,72.71,85,0.0,3280.33
21419.88,71.0,92,0.0,3280.33
21419.88,71.38,92,0.0,3280.33
21419.88,71.38,92,1.2375,3280.33
21419.88,71.28,92,1.25,3280.33
21419.88,73.2,85,0.0,3280.33
21419.88,72.95,85,0.0,3280.33
21419.88,72.84,91,0.0,3280.33
21419.88,72.82,90,1.25,3280.33
21419.88,73.07,90,1.25,3280.33
21419.88,73.75,80,1.25,3280.33
21419.88,76.28,80,0.0,3280.33
21419.88,75.64,91,1.25,3280.33
21419.88,75.68,91,0.0,3280.33
21419.88,75.78,92,0.0,3280.33
21419.88,74.15,92,0.0,3280.33
21419.88,74.73,92,1.2375,3280.33
21419.88,75.5,92,1.225,3280.33
21419.88,74.81,83,0.0,3280.33
21419.88,74.86,83,0.0,3280.33
21419.88,74.93,92,1.25,3280.33
21419.88,72.88,92,0.0,3280.33
21419.88,73.45,92,0.0,3280.33
21419.88,73.27,92,1.25,3280.33
21419.88,74.18,84,0.0,3280.33
21419.88,73.85,84,1.25,3280.33
21419.88,73.82,93,0.0,3280.33
21419.88,73.84,93,0.0,3280.33
21419.88,72.83,92,0.0,3280.33
21419.88,73.55,92,0.0,3280.33
21419.88,73.16,92,1.25,3280.33
21419.88,73.39,92,0.0,3280.33
21419.88,73.03,92,0.0,3280.33
21419.88,72.93,92,0.0,3280.33
21419.88,72.82,93,0.0,3280.33
21419.88,71.58,93,1.25,3280.33
21419.88,71.58,93,0.0,3280.33
21419.88,71.84,94,0.0,3280.33
21419.88,71.84,94,0.0,3280.33
21419.88,71.92,94,1.25,3280.33
21419.88,71.98,85,1.25,3280.33
21419.88,71.38,85,0.0,3280.33
21419.88,71.6,94,0.0,3280.33
21419.88,71.41,94,0.0,3280.33
21419.88,71.65,93,1.25,3280.33
21419.88,73.8,93,1.25,3280.33
21419.88,73.46,85,0.0,3280.33
21419.88,73.72,85,0.0,3280.33
21419.88,73.7,93,1.25,3280.33
21419.88,73.75,93,0.0,3280.33
21419.88,73.93,94,0.0,3280.33
21419.88,74.31,94,1.2125,3280.33
21419.88,75.38,84,1.2125,3280.33
21419.88,74.81,84,0.0,3280.33
21419.88,74.7,94,0.0,3280.33
21419.88,74.65,94,0.0,3280.33
21419.88,72.85,94,2.4375,3280.33
21419.88,73.33,94,0.0,3280.33
21419.88,73.16,94,1.2125,3280.33
21419.88,72.64,94,0.0,3280.33
21419.88,72.27,85,1.2125,3280.33
21419.88,72.14,85,0.0,3280.33
21419.88,72.32,94,1.2125,3280.33
21419.88,71.13,94,0.0,3280.33
21419.88,71.33,85,1.2125,3280.33
21419.88,71.61,85,0.0,3280.33
21419.88,71.42,94,0.0,3280.33
21419.88,71.23,94,1.2125,3280.33
21419.88,71.41,93,0.0,3280.33
21419.88,70.47,93,1.2125,3280.33
21419.88,71.16,85,0.0,3280.33
21419.88,71.34,85,0.0,3280.33
21419.88,71.28,94,1.2125,3280.33
21419.88,71.31,94,1.2125,3280.33
21419.88,73.36,85,0.0,3280.33
21419.88,73.38,85,0.0,3280.33
21419.88,73.38,94,0.0,3280.33
21419.88,73.46,94,0.0,3280.33
21419.88,73.69,93,1.25,3280.33
21419.88,73.51,93,0.0,3280.33
21419.88,74.31,93,1.25,3280.33
21419.88,72.06,83,0.0,3280.33
21419.88,71.19,83,0.0,3280.33
21419.88,71.41,93,1.25,3280.33
21419.88,71.16,93,0.0,3280.33
21419.88,69.08,83,1.25,3280.33
21419.88,69.6,83,0.0,3280.33
21419.88,68.97,92,0.0,3280.33
21419.88,69.03,92,0.0,3280.33
21419.88,69.01,92,3.6125,3280.33
21419.88,70.53,92,0.0,3280.33
21419.88,72.16,77,0.0,3280.33
21419.88,73.19,77,1.2375,3280.33
21419.88,72.98,91,0.0,3280.33
21419.88,73.36,91,0.0,3280.33
21419.88,73.49,91,1.2375,3280.33
21419.88,73.56,91,0.0,3280.33
21419.88,73.88,90,1.2375,3280.33
21419.88,74.06,90,1.2375,3280.33
21419.88,73.48,90,0.0,3280.33
21419.88,73.53,80,0.0,3280.33
21419.88,71.92,91,0.0,3280.33
21419.88,72.69,91,1.2375,3280.33
21419.88,72.43,91,0.0,3280.33
21419.88,72.7,91,1.25,3280.33
21419.88,74.41,91,1.2375,3280.33
21419.88,73.68,81,0.0,3280.33
21419.88,73.47,81,0.0,3280.33
21419.88,74.0,93,1.2375,3280.33
21419.88,73.9,93,0.0,3280.33
21419.88,74.28,88,0.0,3280.33
21419.88,74.32,88,0.0,3280.33
21419.88,74.39,90,1.2375,3280.33
21419.88,74.39,90,1.25,3280.33
21419.88,74.44,91,0.0,3280.33
21419.88,74.29,91,0.0,3280.33
21419.88,74.11,91,1.25,3280.33
21419.88,71.75,91,0.0,3280.33
21419.88,72.34,91,0.0,3280.33
21419.88,72.36,91,1.2375,3280.33
21419.88,71.83,91,1.2375,3280.33
21419.88,71.72,77,1.2375,3280.33
21419.88,73.91,77,0.0,3280.33
21419.88,72.95,93,0.0,3280.33
21419.88,73.37,93,1.225,3280.33
21419.88,73.59,91,0.0,3280.33
21419.88,73.86,91,0.0,3280.33
21419.88,74.64,89,0.0,3280.33
21419.88,74.61,89,1.2125,3280.33
21419.88,74.53,91,0.0,3280.33
21419.88,74.43,91,1.2125,3280.33
21419.88,74.12,91,0.0,3280.33
21419.88,71.94,91,0.0,3280.33
21419.88,72.64,91,0.0,3280.33
21419.88,72.68,91,1.2125,3280.33
21419.88,72.21,92,0.0,3280.33
21419.88,72.4,92,1.225,3280.33
21419.88,72.22,80,0.0,3280.33
21419.88,71.07,80,1.2125,3280.33
21419.88,71.36,93,0.0,3280.33
21419.88,71.3,93,0.0,3280.33
21419.88,71.63,91,2.35,3280.33
21419.88,68.59,91,0.0,3280.33
21419.88,68.11,80,1.2125,3280.33
21419.88,68.31,80,0.0,3280.33
21419.88,68.44,91,0.0,3280.33
21419.88,68.62,91,2.45,3280.33
21419.88,66.5,86,0.0,3280.33
21419.88,65.63,85,0.0,3280.33
21419.88,66.53,85,0.0,3280.33
21419.88,66.37,92,1.2125,3280.33
21419.88,66.4,92,2.25,3280.33
21419.88,67.23,77,1.2125,3280.33
21419.88,67.75,77,0.0,3280.33
21419.88,67.59,92,0.0,3280.33
21419.88,67.48,92,0.0,3280.33
21419.88,67.44,92,1.225,3280.33
21419.88,69.45,92,0.0,3280.33
21419.88,70.02,90,1.2125,3280.33
21419.88,69.57,90,1.2125,3280.33
21419.88,69.34,80,0.0,3280.33
21419.88,69.55,80,0.0,3280.33
21419.88,69.59,91,0.0,3280.33
21419.88,72.17,91,1.2,3280.33
21419.88,72.44,80,1.225,3280.33
21419.88,72.49,80,0.0,3280.33
21419.88,72.54,90,0.0,3280.33
21419.88,72.47,90,0.0,3280.33
21419.88,72.52,92,1.2125,3280.33
21419.88,72.59,92,2.4375,3280.33
21419.88,72.54,81,0.0,3280.33
21419.88,72.68,81,0.0,3280.33
21419.88,72.37,92,1.225,3280.33
21419.88,72.47,92,0.0,3280.33
21419.88,72.27,92,1.225,3280.33
21419.88,72.09,80,0.0,3280.33
21419.88,73.01,80,1.2125,3280.33
21419.88,72.36,91,0.0,3280.33
21419.88,72.5,91,0.0,3280.33
21419.88,72.78,91,0.0,3280.33
21419.88,73.17,91,1.225,3280.33
21419.88,73.4,92,0.0,3280.33
21419.88,73.32,92,0.0,3280.33
21419.88,73.21,92,0.0,3280.33
21419.88,73.13,92,1.225,3280.33
21419.88,72.98,81,1.2125,3280.33
21419.88,71.58,81,0.0,3280.33
21419.88,72.32,91,0.0,3280.33
21419.88,72.25,91,1.2125,3280.33
21419.88,72.42,91,0.0,3280.33
21419.88,72.22,91,0.0,3280.33
21419.88,72.42,92,0.0,3280.33
21419.88,72.22,92,1.2125,3280.33
21419.88,72.31,90,2.425,3280.33
21419.88,72.44,90,0.0,3280.33
21419.88,71.89,81,0.0,3280.33
21419.88,71.82,81,1.2125,3280.33
21419.88,72.48,91,1.2125,3280.33
21419.88,70.87,91,1.2125,3280.33
21419.88,70.17,79,0.0,3280.33
21419.88,70.15,79,0.0,3280.33
21419.88,70.1,91,1.2125,3280.33
21419.88,70.12,91,0.0,3280.33
21419.88,70.06,90,0.0,3280.33
21419.88,69.91,90,0.0,3280.33
21419.88,69.93,91,2.4375,3280.33
21419.88,71.7,91,0.0,3280.33
21419.88,71.21,79,0.0,3280.33
21419.88,71.25,79,0.0,3280.33
21419.88,72.68,92,1.225,3280.33
21419.88,73.51,93,0.0,3280.33
21419.88,73.52,93,1.225,3280.33
21419.88,75.77,80,0.0,3280.33
21419.88,74.9,80,1.2125,3280.33
21419.88,74.87,91,0.0,3280.33
21419.88,74.18,91,1.2125,3280.33
21419.88,74.06,91,0.0,3280.33
21419.88,74.62,91,0.0,3280.33
21419.88,74.7,91,0.0,3280.33
21419.88,73.23,91,2.4375,3280.33
21419.88,72.51,79,0.0,3280.33
21419.88,72.17,79,0.0,3280.33
21419.88,70.03,91,1.2125,3280.33
21419.88,70.56,91,0.0,3280.33
21419.88,70.55,90,0.0,3280.33
21419.88,70.59,90,1.2125,3280.33
21419.88,70.58,90,0.0,3280.33
21419.88,70.88,90,0.0,3280.33
21419.88,70.77,90,0.0,3280.33
21419.88,70.45,89,2.45,3280.33
21419.88,71.47,92,0.0,3280.33
21419.88,72.01,92,0.0,3280.33
21419.88,72.06,90,0.0,3280.33
21419.88,72.13,90,1.2125,3280.33
21419.88,72.09,91,1.2125,3280.33
21419.88,72.85,91,0.0,3280.33
21419.88,72.05,79,1.2125,3280.33
21419.88,72.17,79,0.0,3280.33
21419.88,72.08,90,0.0,3280.33
21419.88,72.37,90,1.2125,3280.33
21419.88,72.5,91,0.0,3280.33
21419.88,72.85,91,1.2125,3280.33
21419.88,70.53,85,1.2125,3280.33
21419.88,69.75,85,0.0,3280.33
21419.88,69.36,87,0.0,3280.33
21419.88,69.69,87,0.0,3280.33
21419.88,68.72,90,1.225,3280.33
21419.88,69.7,90,0.0,3280.33
21419.88,69.52,92,2.4375,3280.33
21419.88,69.45,80,0.0,3280.33
21419.88,68.87,80,1.2125,3280.33
21419.88,68.83,92,0.0,3280.33
21419.88,68.84,92,0.0,3280.33
21419.88,71.24,90,0.0,3280.33
21419.88,72.16,90,2.4375,3280.33
21419.88,72.59,77,0.0,3280.33
21419.88,71.76,77,0.0,3280.33
21419.88,71.61,90,1.225,3280.33
21419.88,71.66,90,0.0,3280.33
21419.88,71.63,92,1.2,3280.33
21419.88,69.51,92,1.2125,3280.33
21419.88,68.78,80,0.0,3280.33
21419.88,68.75,80,0.0,3280.33
21419.88,68.86,92,1.2125,3280.33
21419.88,68.81,92,0.0,3280.33
21419.88,68.77,92,0.0,3280.33
21419.88,69.35,92,1.2125,3280.33
21419.88,69.42,80,1.225,3280.33
21419.88,68.87,80,0.0,3280.33
21419.88,68.89,92,0.0,3280.33
21419.88,68.79,92,1.2125,3280.33
21419.88,71.5,91,0.0,3280.33
21419.88,71.98,91,0.0,3280.33
21419.88,72.16,91,2.425,3280.33
21419.88,72.49,91,0.0,3280.33
21419.88,72.42,78,0.0,3280.33
21419.88,72.2,78,1.1875,3280.33
21419.88,72.47,90,0.0,3280.33
21419.88,72.73,90,0.0,3280.33
21419.88,73.02,91,1.2,3280.33
21419.88,73.02,92,1.1875,3280.33
21419.88,73.0,92,2.4375,3280.33
21419.88,73.9,76,0.0,3280.33
21419.88,73.36,76,0.0,3280.33
21419.88,73.21,91,0.0,3280.33
21419.88,73.01,91,1.2125,3280.33
21419.88,73.07,91,0.0,3280.33
21419.88,73.33,91,0.0,3280.33
21419.88,73.07,91,1.2,3280.33
21419.88,73.13,91,0.0,3280.33
21419.88,73.32,91,0.0,3280.33
21419.88,72.86,91,1.2125,3280.33
21419.88,71.35,91,0.0,3280.33
21419.88,71.79,91,0.0,3280.33
21419.88,71.54,90,1.2,3280.33
21419.88,71.43,90,0.0,3280.33
21419.88,71.46,89,1.2125,3280.33
21419.88,73.18,89,0.0,3280.33
21419.88,72.56,80,1.2125,3280.33
21419.88,72.58,80,0.0,3280.33
21419.88,72.56,91,1.2125,3280.33
21419.88,73.05,91,1.2125,3280.33
21419.88,73.09,91,0.0,3280.33
21419.88,73.56,91,0.0,3280.33
21419.88,74.11,91,0.0,3280.33
21419.88,74.32,91,1.2,3280.33
21419.88,74.08,91,0.0,3280.33
21419.88,73.65,91,0.0,3280.33
21419.88,71.49,91,1.175,3280.33
21419.88,72.29,91,0.0,3280.33
21419.88,72.07,91,0.0,3280.33
21419.88,72.12,91,1.2125,3280.33
21419.88,71.68,91,1.2125,3280.33
21419.88,72.39,91,1.2125,3280.33
21419.88,71.97,79,0.0,3280.33
21419.88,71.78,91,1.2,3280.33
21419.88,72.0,91,0.0,3280.33
21419.88,72.13,90,0.0,3280.33
21419.88,72.84,90,0.0,3280.33
21419.88,69.65,80,3.6375,3280.33
21419.88,69.23,80,0.0,3280.33
21419.88,69.1,90,0.0,3280.33
21419.88,69.42,90,1.175,3280.33
21419.88,71.03,81,1.2125,3280.33
21419.88,70.98,81,0.0,3280.33
21419.88,71.09,92,0.0,3280.33
21419.88,70.84,92,0.0,3280.33
21419.88,71.0,91,1.2125,3280.33
21419.88,70.68,91,1.2125,3280.33
21419.88,72.93,80,0.0,3280.33
21419.88,75.69,80,0.0,3280.33
21419.88,76.05,91,1.225,3280.33
21419.88,76.07,91,0.0,3280.33
21419.88,76.17,90,2.4375,3280.33
21419.88,73.22,90,0.0,3280.33
21419.88,73.12,78,0.0,3280.33
21419.88,73.08,78,0.0,3280.33
21419.88,73.24,91,1.2125,3280.33
21419.88,73.17,91,0.0,3280.33
21419.88,73.37,91,0.0,3280.33
21419.88,71.59,91,1.2125,3280.33
21419.88,71.76,90,0.0,3280.33
21419.88,72.06,92,0.0,3280.33
21419.88,71.47,92,1.2125,3280.33
21419.88,72.06,92,0.0,3280.33
21419.88,72.42,91,0.0,3280.33
21419.88,72.52,91,2.425,3280.33
21419.88,71.67,77,0.0,3280.33
21419.88,71.73,92,1.2,3280.33
21419.88,72.07,92,0.0,3280.33
21419.88,72.07,92,0.0,3280.33
21419.88,71.79,90,1.2125,3280.33
21419.88,71.84,90,0.0,3280.33
21419.88,71.83,92,1.2125,3280.33
21419.88,69.46,92,0.0,3280.33
21419.88,68.92,84,0.0,3280.33
21419.88,68.97,84,1.2125,3280.33
21419.88,68.87,91,0.0,3280.33
21419.88,69.58,91,0.0,3280.33
21419.88,69.58,92,2.425,3280.33
21419.88,69.62,92,0.0,3280.33
21419.88,69.24,92,0.0,3280.33
21419.88,69.37,92,1.2125,3280.33
21419.88,69.18,92,0.0,3280.33
21419.88,71.38,92,1.1875,3280.33
21419.88,68.61,92,1.2125,3280.33
21419.88,68.61,78,0.0,3280.33
21419.88,68.22,78,0.0,3280.33
21419.88,68.16,90,0.0,3280.33
21419.88,68.34,90,1.2125,3280.33
21419.88,68.39,90,0.0,3280.33
21419.88,68.21,90,0.0,3280.33
21419.88,68.31,91,1.2125,3280.33
21419.88,68.39,91,1.2125,3280.33
21419.88,69.2,79,0.0,3280.33
21419.88,68.54,79,2.4375,3280.33
21419.88,71.97,93,0.0,3280.33
21419.88,72.49,93,0.0,3280.33
21419.88,72.81,89,1.2125,3280.33
21419.88,72.86,89,0.0,3280.33
21419.88,73.08,91,0.0,3280.33
21419.88,72.42,91,0.0,3280.33
21419.88,72.58,89,1.2125,3280.33
21419.88,72.42,89,0.0,3280.33
21419.88,72.1,91,0.0,3280.33
21419.88,70.79,91,0.0,3280.33
21419.88,71.58,91,1.2125,3280.33
21419.88,71.71,91,0.0,3280.33
21419.88,71.74,91,0.0,3280.33
21419.88,69.28,91,2.3875,3280.33
21419.88,68.17,84,1.2125,3280.33
21419.88,68.17,84,0.0,3280.33
21419.88,68.53,84,0.0,3280.33
21419.88,68.36,84,0.0,3280.33
21419.88,68.24,90,0.0,3280.33
21419.88,69.0,91,2.4,3280.33
21419.88,69.4,91,0.0,3280.33
21419.88,66.17,77,1.2125,3280.33
21419.88,65.47,77,0.0,3280.33
21419.88,65.91,89,0.0,3280.33
21419.88,68.38,89,1.225,3280.33
21419.88,66.23,81,1.225,3280.33
21419.88,65.71,81,0.0,3280.33
21419.88,66.03,93,1.225,3280.33
21419.88,66.18,93,0.0,3280.33
21419.88,65.8,91,0.0,3280.33
21419.88,65.84,91,1.225,3280.33
21419.88,69.13,91,0.0,3280.33
21419.88,69.89,91,1.2125,3280.33
21419.88,68.83,88,0.0,3280.33
21419.88,67.5,88,0.0,3280.33
21419.88,67.36,85,1.225,3280.33
21419.88,70.37,85,0.0,3280.33
21419.88,71.05,92,0.0,3280.33
21419.88,70.87,92,2.4375,3280.33
21419.88,72.12,78,0.0,3280.33
21419.88,71.85,78,0.0,3280.33
21419.88,71.92,91,0.0,3280.33
21419.88,72.07,91,0.0,3280.33
21419.88,72.23,92,1.225,3280.33
21419.88,71.97,92,0.0,3280.33
21419.88,72.09,83,0.0,3280.33
21419.88,71.92,83,0.0,3280.33
21419.88,72.17,93,1.225,3280.33
21419.88,72.06,93,0.0,3280.33
21419.88,71.95,93,0.0,3280.33
21419.88,70.36,82,1.225,3280.33
21419.88,67.91,82,0.0,3280.33
21419.88,67.04,94,1.225,3280.33
21419.88,66.89,94,1.225,3280.33
21419.88,68.23,92,0.0,3280.33
21419.88,69.04,92,0.0,3280.33
21419.88,69.38,92,1.2125,3280.33
21419.88,68.66,92,1.2125,3280.33
21419.88,68.69,79,0.0,3280.33
21419.88,68.8,79,0.0,3280.33
21419.88,69.17,91,1.2125,3280.33
21419.88,71.78,91,0.0,3280.33
21419.88,72.67,92,0.0,3280.33
21419.88,72.67,92,1.2125,3280.33
21419.88,72.32,83,0.0,3280.33
21419.88,72.07,83,1.2125,3280.33
21419.88,72.14,91,0.0,3280.33
21419.88,71.74,91,0.0,3280.33
21419.88,72.29,91,1.2125,3280.33
21419.88,72.23,91,1.2125,3280.33
21419.88,73.98,83,0.0,3280.33
21419.88,73.39,83,0.0,3280.33
21419.88,73.71,91,0.0,3280.33
21419.88,73.57,91,1.2125,3280.33
21419.88,73.67,92,0.0,3280.33
21419.88,74.06,92,2.4625,3280.33
21419.88,73.59,92,0.0,3280.33
21419.88,73.73,92,1.2375,3280.33
21419.88,73.78,82,0.0,3280.33
21419.88,73.91,82,0.0,3280.33
21419.88,73.91,93,0.0,3280.33
21419.88,72.05,93,1.225,3280.33
