gpu_memory_mb,gpu_power_w,gpu_util_pct,cpu_util_pct,ram_mb
21681.88,34.08,0,2.4125,3329.99
21681.88,30.19,0,0.0,3329.99
21681.88,33.36,39,0.0,3329.99
21681.88,36.72,39,1.2375,3329.99
21681.88,40.43,95,0.0,3329.99
21681.88,44.42,95,0.0,3329.99
21681.88,48.44,94,0.0,3329.99
21681.88,52.47,94,1.2375,3329.99
21681.88,56.44,94,0.0,3329.99
21681.88,60.37,94,0.0,3329.99
21681.88,64.09,94,1.225,3329.99
21681.88,67.55,94,0.0,3329.99
21681.88,72.21,94,0.0,3329.99
21681.88,72.34,94,1.2125,3329.99
21681.88,72.16,94,0.0,3329.99
21681.88,72.34,94,0.0,3329.99
21681.88,72.09,94,0.0,3329.99
21681.88,71.93,94,2.425,3329.99
21681.88,71.93,94,0.0,3329.99
21681.88,71.86,94,0.0,3329.99
21681.88,72.03,93,1.2125,3329.99
21681.88,72.3,93,0.0,3329.99
21681.88,72.28,95,0.0,3329.99
21681.88,72.28,95,1.2125,3329.99
21681.88,70.99,94,1.2125,3329.99
21681.88,70.99,94,0.0,3329.99
21681.88,70.59,81,0.0,3329.99
21681.88,69.62,81,1.25,3329.99
21681.88,69.62,95,0.0,3329.99
21681.88,69.78,95,0.0,3329.99
21681.88,69.93,94,0.0,3329.99
21681.88,69.82,94,1.2375,3329.99
21681.88,69.73,94,0.0,3329.99
21681.88,70.01,94,0.0,3329.99
21681.88,69.81,94,1.25,3329.99
21681.88,69.99,93,0.0,3329.99
21681.88,71.02,93,0.0,3329.99
21681.88,70.97,94,1.2375,3329.99
21681.88,71.99,94,0.0,3329.99
21681.88,71.86,94,0.0,3329.99
21681.88,71.51,94,1.2375,3329.99
21681.88,71.5,94,0.0,3329.99
21681.88,71.63,94,0.0,3329.99
21681.88,71.62,94,0.0,3329.99
21681.88,71.59,94,1.2375,3329.99
21681.88,71.6,94,0.0,3329.99
21681.88,71.87,94,0.0,3329.99
21681.88,71.95,95,1.25,3329.99
21681.88,68.77,95,1.25,3329.99
21681.88,67.78,81,0.0,3329.99
21681.88,67.92,81,0.0,3329.99
21681.88,67.97,81,1.2375,3329.99
21681.88,68.04,94,0.0,3329.99
21681.88,67.83,94,0.0,3329.99
21681.88,68.01,94,1.2375,3329.99
21681.88,68.46,95,0.0,3329.99
21681.88,68.53,95,0.0,3329.99
21681.88,68.67,94,1.25,3329.99
21681.88,68.67,94,0.0,3329.99
21681.88,68.69,94,0.0,3329.99
21681.88,73.06,94,0.0,3329.99
21681.88,72.93,94,1.25,3329.99
21681.88,72.94,94,0.0,3329.99
21681.88,72.67,94,0.0,3329.99
21681.88,72.31,94,1.2375,3329.99
21681.88,72.35,94,0.0,3329.99
21681.88,72.14,94,0.0,3329.99
21681.88,72.07,94,1.25,3329.99
21681.88,71.89,94,1.25,3329.99
21681.88,72.46,80,1.2125,3329.99
21681.88,72.08,80,0.0,3329.99
21681.88,72.23,94,0.0,3329.99
21681.88,72.39,94,1.2125,3329.99
21681.88,72.7,94,0.0,3329.99
21681.88,73.08,94,0.0,3329.99
21681.88,73.31,94,1.2125,3329.99
21681.88,73.16,94,0.0,3329.99
21681.88,73.15,94,0.0,3329.99
21681.88,73.02,94,0.0,3329.99
21681.88,72.96,95,1.2125,3329.99
21681.88,72.27,95,0.0,3329.99
21681.88,72.55,95,0.0,3329.99
21681.88,72.48,95,1.2125,3329.99
21681.88,72.33,95,0.0,3329.99
21681.88,72.12,96,0.0,3329.99
21681.88,72.04,96,1.2125,3329.99
21681.88,72.02,95,1.125,3329.99
21681.88,72.23,95,0.0,3329.99
21681.88,72.02,95,1.2125,3329.99
21681.88,69.08,95,2.4125,3329.99
21681.88,68.18,82,0.0,3329.99
21681.88,68.35,82,0.0,3329.99
21681.88,68.34,82,1.2125,3329.99
21681.88,68.31,94,0.0,3329.99
21681.88,68.2,94,0.0,3329.99
21681.88,68.15,94,1.2125,3329.99
21681.88,67.98,94,0.0,3329.99
21681.88,67.96,94,0.0,3329.99
21681.88,67.97,94,1.2125,3329.99
21681.88,68.17,94,0.0,3329.99
21681.88,71.2,94,0.0,3329.99
21681.88,72.17,94,1.2125,3329.99
21681.88,72.12,94,0.0,3329.99
21681.88,72.25,94,0.0,3329.99
21681.88,72.5,93,1.225,3329.99
21681.88,72.62,93,0.0,3329.99
21681.88,72.56,93,0.0,3329.99
21681.88,72.42,94,0.0,3329.99
21681.88,72.06,94,1.2125,3329.99
21681.88,72.14,94,0.0,3329.99
21681.88,71.88,93,1.2125,3329.99
21681.88,68.76,80,1.2125,3329.99
21681.88,68.94,80,0.0,3329.99
21681.88,68.25,95,0.0,3329.99
21681.88,68.23,95,1.225,3329.99
21681.88,68.41,95,0.0,3329.99
21681.88,68.54,94,0.0,3329.99
21681.88,68.81,94,2.4375,3329.99
21681.88,68.81,94,0.0,3329.99
21681.88,69.25,94,0.0,3329.99
21681.88,69.21,94,1.225,3329.99
21681.88,69.33,94,0.0,3329.99
21681.88,72.2,94,0.0,3329.99
21681.88,71.77,94,0.0,3329.99
21681.88,72.41,94,1.25,3329.99
21681.88,72.35,94,0.0,3329.99
21681.88,72.3,95,0.0,3329.99
21681.88,72.22,93,1.2125,3329.99
21681.88,72.26,93,0.0,3329.99
21681.88,72.01,94,0.0,3329.99
21681.88,71.9,94,1.2125,3329.99
21681.88,71.78,94,0.0,3329.99
21681.88,71.76,94,0.0,3329.99
21681.88,71.85,94,2.425,3329.99
21681.88,73.42,94,0.0,3329.99
21681.88,73.62,82,1.1875,3329.99
21681.88,72.67,82,0.0,3329.99
21681.88,72.59,94,0.0,3329.99
21681.88,72.52,94,1.2125,3329.99
21681.88,72.35,94,0.0,3329.99
21681.88,72.49,94,0.0,3329.99
21681.88,72.9,94,1.2125,3329.99
21681.88,73.31,94,0.0,3329.99
21681.88,73.54,94,0.0,3329.99
21681.88,73.66,94,0.0,3329.99
21681.88,72.07,94,1.2125,3329.99
21681.88,71.65,94,0.0,3329.99
21681.88,72.17,94,0.0,3329.99
21681.88,71.89,94,1.2125,3329.99
21681.88,71.97,94,0.0,3329.99
21681.88,72.06,94,0.0,3329.99
21681.88,72.06,95,1.2125,3329.99
21681.88,71.86,95,0.0,3329.99
21681.88,71.74,95,0.0,3329.99
21681.88,71.85,95,0.0,3329.99
21681.88,71.75,95,2.425,3329.99
21681.88,71.47,95,1.2125,3329.99
21681.88,71.64,95,0.0,3329.99
21681.88,74.92,95,1.225,3329.99
21681.88,74.19,80,0.0,3329.99
21681.88,74.39,80,0.0,3329.99
21681.88,74.47,95,0.0,3329.99
21681.88,74.51,95,1.2125,3329.99
21681.88,74.61,94,0.0,3329.99
21681.88,74.39,95,0.0,3329.99
21681.88,74.22,95,1.2,3329.99
21681.88,74.57,95,0.0,3329.99
21681.88,74.63,95,0.0,3329.99
21681.88,71.78,95,1.2125,3329.99
21681.88,72.4,95,0.0,3329.99
21681.88,72.19,94,0.0,3329.99
21681.88,72.02,94,0.0,3329.99
21681.88,71.78,95,0.0,3329.99
21681.88,71.54,95,1.225,3329.99
21681.88,71.72,95,0.0,3329.99
21681.88,72.01,95,1.225,3329.99
21681.88,72.34,82,0.0,3329.99
21681.88,72.45,82,0.0,3329.99
21681.88,71.88,97,1.225,3329.99
21681.88,72.0,97,1.225,3329.99
21681.88,72.01,95,0.0,3329.99
21681.88,72.25,95,0.0,3329.99
21681.88,72.18,95,1.2125,3329.99
21681.88,72.39,95,0.0,3329.99
21681.88,72.39,95,0.0,3329.99
21681.88,72.78,95,1.2,3329.99
21681.88,72.25,94,0.0,3329.99
21681.88,72.07,94,0.0,3329.99
21681.88,72.51,94,1.2125,3329.99
21681.88,72.43,94,0.0,3329.99
21681.88,72.35,94,0.0,3329.99
21681.88,72.35,94,0.0,3329.99
21681.88,72.37,93,1.2125,3329.99
21681.88,72.67,93,0.0,3329.99
21681.88,72.54,94,0.0,3329.99
21681.88,72.49,94,1.2125,3329.99
21681.88,72.24,94,0.0,3329.99
21681.88,72.1,94,0.0,3329.99
21681.88,72.38,94,2.4125,3329.99
21681.88,72.5,94,0.0,3329.99
21681.88,73.15,81,0.0,3329.99
21681.88,72.85,94,1.2125,3329.99
21681.88,72.99,94,0.0,3329.99
21681.88,73.08,94,0.0,3329.99
21681.88,72.95,94,0.0,3329.99
21681.88,72.86,92,1.2125,3329.99
21681.88,72.9,92,1.2125,3329.99
21681.88,72.84,94,0.0,3329.99
21681.88,72.66,94,1.2125,3329.99
21681.88,72.34,93,0.0,3329.99
21681.88,71.54,93,0.0,3329.99
21681.88,71.53,93,1.2125,3329.99
21681.88,71.39,93,0.0,3329.99
21681.88,71.24,94,2.4125,3329.99
21681.88,70.92,94,0.0,3329.99
21681.88,69.89,80,0.0,3329.99
21681.88,69.83,80,0.0,3329.99
21681.88,70.17,94,1.2125,3329.99
21681.88,70.72,94,0.0,3329.99
21681.88,71.23,93,0.0,3329.99
21681.88,71.65,94,0.0,3329.99
21681.88,71.59,94,1.2125,3329.99
21681.88,71.67,94,0.0,3329.99
21681.88,71.35,94,1.2125,3329.99
21681.88,70.79,94,0.0,3329.99
21681.88,71.59,94,0.0,3329.99
21681.88,71.54,94,0.0,3329.99
21681.88,71.42,94,1.2125,3329.99
21681.88,71.32,94,0.0,3329.99
21681.88,71.19,94,0.0,3329.99
21681.88,71.27,94,1.2125,3329.99
21681.88,71.57,94,0.0,3329.99
21681.88,71.72,93,1.1375,3329.99
21681.88,71.91,93,0.0,3329.99
21681.88,71.96,94,2.4125,3329.99
21681.88,71.96,94,0.0,3329.99
21681.88,74.01,94,1.2375,3329.99
21681.88,73.22,81,0.0,3329.99
21681.88,73.31,95,1.2125,3329.99
21681.88,73.33,95,0.0,3329.99
21681.88,73.33,95,0.0,3329.99
21681.88,73.44,95,0.0,3329.99
21681.88,73.61,95,1.2125,3329.99
21681.88,73.26,95,0.0,3329.99
21681.88,72.93,93,0.0,3329.99
21681.88,72.87,93,1.225,3329.99
21681.88,70.85,94,1.225,3329.99
21681.88,71.71,94,0.0,3329.99
21681.88,71.75,94,0.0,3329.99
21681.88,71.58,94,1.2125,3329.99
21681.88,71.62,94,0.0,3329.99
21681.88,71.61,94,0.0,3329.99
21681.88,71.54,94,1.2125,3329.99
21681.88,71.56,94,0.0,3329.99
21681.88,72.15,94,0.0,3329.99
21681.88,72.15,94,1.2,3329.99
21681.88,72.37,93,1.2125,3329.99
21681.88,73.37,93,0.0,3329.99
21681.88,73.37,81,1.2125,3329.99
21681.88,72.37,81,0.0,3329.99
21681.88,72.27,94,1.2125,3329.99
21681.88,71.79,94,1.2125,3329.99
21681.88,71.79,94,0.0,3329.99
21681.88,71.57,94,0.0,3329.99
21681.88,71.79,93,1.2125,3329.99
21681.88,72.12,93,0.0,3329.99
21681.88,71.8,93,0.0,3329.99
21681.88,71.01,93,1.2125,3329.99
21681.88,71.04,93,0.0,3329.99
21681.88,71.86,93,0.0,3329.99
21681.88,71.86,94,1.2125,3329.99
21681.88,71.91,93,0.0,3329.99
21681.88,72.01,93,0.0,3329.99
21681.88,72.2,94,1.2125,3329.99
21681.88,72.02,94,0.0,3329.99
21681.88,72.02,95,0.0,3329.99
21681.88,72.14,95,1.2125,3329.99
21681.88,72.14,95,0.0,3329.99
21681.88,72.07,95,0.0,3329.99
21681.88,74.28,95,2.4375,3329.99
21681.88,73.47,95,0.0,3329.99
21681.88,72.73,78,0.0,3329.99
21681.88,72.56,78,1.2125,3329.99
21681.88,72.38,96,0.0,3329.99
21681.88,72.39,96,0.0,3329.99
21681.88,72.55,95,1.2125,3329.99
21681.88,72.79,95,0.0,3329.99
21681.88,73.04,95,0.0,3329.99
21681.88,73.07,95,1.225,3329.99
21681.88,72.89,95,0.0,3329.99
21681.88,70.67,95,0.0,3329.99
21681.88,71.24,95,1.2125,3329.99
21681.88,71.24,95,0.0,3329.99
21681.88,72.09,96,0.0,3329.99
21681.88,72.2,96,1.225,3329.99
21681.88,72.19,92,0.0,3329.99
21681.88,72.16,92,0.0,3329.99
21681.88,71.83,94,1.2,3329.99
21681.88,71.49,94,0.0,3329.99
21681.88,71.71,95,0.0,3329.99
21681.88,71.71,95,1.2125,3329.99
21681.88,71.68,95,0.0,3329.99
21681.88,71.67,95,3.65,3329.99
21681.88,71.68,93,0.0,3329.99
21681.88,70.72,93,0.0,3329.99
21681.88,70.72,74,1.225,3329.99
21681.88,70.83,74,0.0,3329.99
21681.88,70.83,92,0.0,3329.99
21681.88,71.2,94,1.2125,3329.99
21681.88,71.71,94,0.0,3329.99
21681.88,72.31,94,0.0,3329.99
21681.88,72.31,94,0.0,3329.99
21681.88,72.28,94,0.0,3329.99
21681.88,72.09,94,1.225,3329.99
21681.88,71.77,95,0.0,3329.99
21681.88,72.49,95,0.0,3329.99
21681.88,72.28,95,0.0,3329.99
21681.88,72.22,95,1.2125,3329.99
21681.88,72.22,95,0.0,3329.99
21681.88,72.2,95,0.0,3329.99
21681.88,72.18,94,0.0,3329.99
21681.88,72.02,94,1.2125,3329.99
21681.88,71.77,93,0.0,3329.99
21681.88,72.0,93,0.0,3329.99
21681.88,72.31,94,2.475,3329.99
21681.88,69.25,94,1.1875,3329.99
21681.88,68.56,73,0.0,3329.99
21681.88,68.69,73,0.0,3329.99
21681.88,68.86,93,1.2125,3329.99
21681.88,68.93,93,0.0,3329.99
21681.88,68.99,93,1.2125,3329.99
21681.88,68.81,93,0.0,3329.99
21681.88,68.64,93,1.2,3329.99
21681.88,68.79,93,0.0,3329.99
21681.88,68.56,93,1.2125,3329.99
21681.88,68.32,93,0.0,3329.99
21681.88,72.01,94,0.0,3329.99
21681.88,71.74,94,1.1875,3329.99
21681.88,71.74,93,0.0,3329.99
21681.88,71.33,93,0.0,3329.99
21681.88,71.05,93,1.2125,3329.99
21681.88,70.93,94,0.0,3329.99
21681.88,71.08,94,0.0,3329.99
21681.88,71.03,94,1.2125,3329.99
21681.88,71.25,94,0.0,3329.99
21681.88,71.46,94,2.425,3329.99
21681.88,68.32,94,0.0,3329.99
21681.88,67.44,77,1.2,3329.99
21681.88,67.49,77,0.0,3329.99
21681.88,67.98,94,0.0,3329.99
21681.88,68.14,94,1.2125,3329.99
21681.88,68.14,94,0.0,3329.99
21681.88,68.25,94,0.0,3329.99
21681.88,68.45,94,0.0,3329.99
21681.88,68.77,94,1.2125,3329.99
21681.88,68.49,94,0.0,3329.99
21681.88,71.65,94,0.0,3329.99
21681.88,71.65,94,0.0,3329.99
21681.88,72.47,94,2.4375,3329.99
21681.88,72.33,94,0.0,3329.99
21681.88,72.22,94,0.0,3329.99
21681.88,72.06,94,1.1625,3329.99
21681.88,72.05,94,1.2125,3329.99
21681.88,71.97,94,0.0,3329.99
21681.88,71.97,94,0.0,3329.99
21681.88,71.66,94,0.0,3329.99
21681.88,71.64,94,1.2125,3329.99
21681.88,68.7,93,1.2125,3329.99
21681.88,67.95,93,1.2125,3329.99
21681.88,68.29,80,0.0,3329.99
21681.88,68.38,80,1.2125,3329.99
21681.88,68.38,94,0.0,3329.99
21681.88,68.24,94,0.0,3329.99
21681.88,68.03,94,0.0,3329.99
21681.88,67.49,91,0.0,3329.99
21681.88,66.96,91,1.2375,3329.99
21681.88,67.06,93,0.0,3329.99
21681.88,66.86,93,0.0,3329.99
21681.88,66.68,94,1.2375,3329.99
21681.88,69.84,94,0.0,3329.99
21681.88,70.62,94,0.0,3329.99
21681.88,70.45,94,1.2375,3329.99
21681.88,70.61,94,0.0,3329.99
21681.88,70.83,94,0.0,3329.99
21681.88,71.28,94,1.25,3329.99
21681.88,71.72,94,0.0,3329.99
21681.88,71.71,94,0.0,3329.99
21681.88,71.87,94,0.0,3329.99
21681.88,72.06,94,2.4875,3329.99
21681.88,68.92,94,0.0,3329.99
21681.88,69.13,77,1.25,3329.99
21681.88,68.41,77,0.0,3329.99
21681.88,68.49,95,0.0,3329.99
21681.88,68.48,95,1.2375,3329.99
21681.88,68.37,93,0.0,3329.99
21681.88,68.17,93,0.0,3329.99
21681.88,67.92,94,0.0,3329.99
21681.88,67.78,94,1.2375,3329.99
21681.88,67.76,94,0.0,3329.99
21681.88,68.05,94,0.0,3329.99
21681.88,71.48,95,1.25,3329.99
21681.88,71.42,95,0.0,3329.99
21681.88,72.11,95,0.0,3329.99
21681.88,71.8,95,0.0,3329.99
21681.88,72.02,95,1.25,3329.99
21681.88,71.97,95,0.0,3329.99
21681.88,72.15,95,0.0,3329.99
21681.88,72.28,95,1.25,3329.99
21681.88,72.27,96,0.0,3329.99
21681.88,72.28,96,0.0,3329.99
21681.88,72.01,96,0.0,3329.99
21681.88,71.71,96,0.0,3329.99
21681.88,71.51,95,1.2375,3329.99
21681.88,72.57,95,1.2375,3329.99
21681.88,72.29,81,1.2375,3329.99
21681.88,72.35,95,0.0,3329.99
21681.88,72.36,95,0.0,3329.99
21681.88,72.28,95,1.25,3329.99
21681.88,72.28,95,0.0,3329.99
21681.88,72.8,95,0.0,3329.99
21681.88,73.08,95,0.0,3329.99
21681.88,73.36,95,1.2375,3329.99
21681.88,73.3,95,0.0,3329.99
21681.88,71.73,95,0.0,3329.99
21681.88,72.16,94,0.0,3329.99
21681.88,71.98,94,1.2125,3329.99
21681.88,71.98,93,0.0,3329.99
21681.88,71.71,93,1.2125,3329.99
21681.88,71.38,94,0.0,3329.99
21681.88,68.43,94,2.4375,3329.99
21681.88,67.25,78,0.0,3329.99
21681.88,67.16,78,0.0,3329.99
21681.88,67.05,96,0.0,3329.99
21681.88,67.25,96,1.2125,3329.99
21681.88,67.78,93,0.0,3329.99
21681.88,67.57,93,0.0,3329.99
21681.88,67.62,94,1.2125,3329.99
21681.88,67.95,94,0.0,3329.99
21681.88,67.77,94,0.0,3329.99
21681.88,67.82,94,2.425,3329.99
21681.88,70.38,94,0.0,3329.99
21681.88,71.42,94,0.0,3329.99
21681.88,71.55,94,1.225,3329.99
21681.88,71.83,92,0.0,3329.99
21681.88,72.02,92,0.0,3329.99
21681.88,72.12,92,0.0,3329.99
21681.88,72.2,92,1.2125,3329.99
21681.88,71.94,92,0.0,3329.99
21681.88,71.56,92,0.0,3329.99
21681.88,71.35,92,1.2125,3329.99
21681.88,71.29,92,1.2125,3329.99
21681.88,68.74,85,0.0,3329.99
21681.88,67.7,85,1.2125,3329.99
21681.88,67.66,88,0.0,3329.99
21681.88,67.87,92,0.0,3329.99
21681.88,68.21,92,1.2125,3329.99
21681.88,68.25,93,0.0,3329.99
21681.88,68.51,93,0.0,3329.99
21681.88,68.76,93,0.0,3329.99
21681.88,68.91,93,1.225,3329.99
21681.88,68.75,93,0.0,3329.99
21681.88,71.05,94,0.0,3329.99
21681.88,71.87,94,2.45,3329.99
21681.88,71.93,94,0.0,3329.99
21681.88,71.84,95,0.0,3329.99
21681.88,71.59,95,0.0,3329.99
21681.88,71.7,95,0.0,3329.99
21681.88,71.63,95,1.2125,3329.99
21681.88,71.41,95,0.0,3329.99
21681.88,71.38,95,0.0,3329.99
21681.88,71.47,95,1.2125,3329.99
21681.88,71.62,95,0.0,3329.99
21681.88,68.66,95,1.2125,3329.99
21681.88,68.01,83,0.0,3329.99
21681.88,68.09,83,0.0,3329.99
21681.88,68.19,96,1.2125,3329.99
21681.88,68.37,93,0.0,3329.99
21681.88,68.23,93,0.0,3329.99
21681.88,68.34,93,0.0,3329.99
21681.88,68.68,93,1.2125,3329.99
21681.88,68.97,93,0.0,3329.99
21681.88,68.72,94,0.0,3329.99
21681.88,68.39,94,1.2,3329.99
21681.88,71.35,94,0.0,3329.99
21681.88,71.95,94,0.0,3329.99
21681.88,71.8,94,1.2125,3329.99
21681.88,71.56,94,1.1875,3329.99
21681.88,71.39,94,0.0,3329.99
21681.88,71.03,94,0.0,3329.99
21681.88,71.03,93,1.2125,3329.99
21681.88,71.15,93,0.0,3329.99
21681.88,71.21,93,0.0,3329.99
21681.88,71.4,92,0.0,3329.99
21681.88,68.61,92,2.425,3329.99
21681.88,68.18,82,0.0,3329.99
21681.88,68.31,85,1.2125,3329.99
21681.88,68.53,85,0.0,3329.99
21681.88,68.69,93,0.0,3329.99
21681.88,68.74,93,1.2125,3329.99
21681.88,68.85,93,0.0,3329.99
21681.88,69.1,93,0.0,3329.99
21681.88,69.39,93,1.225,3329.99
21681.88,69.53,93,1.2125,3329.99
21681.88,69.63,93,0.0,3329.99
21681.88,72.67,92,1.2125,3329.99
21681.88,73.27,92,0.0,3329.99
21681.88,73.23,94,0.0,3329.99
21681.88,73.05,94,1.225,3329.99
21681.88,73.05,92,0.0,3329.99
21681.88,73.06,93,0.0,3329.99
21681.88,73.07,93,1.2,3329.99
21681.88,73.08,92,0.0,3329.99
21681.88,72.95,92,0.0,3329.99
21681.88,73.02,93,2.4125,3329.99
21681.88,75.27,93,0.0,3329.99
21681.88,74.26,76,1.2125,3329.99
21681.88,74.32,76,0.0,3329.99
21681.88,74.28,93,0.0,3329.99
21681.88,74.1,93,1.2125,3329.99
21681.88,73.82,93,0.0,3329.99
21681.88,73.74,93,0.0,3329.99
21681.88,73.56,93,1.2125,3329.99
21681.88,73.4,93,0.0,3329.99
21681.88,72.98,94,0.0,3329.99
21681.88,72.75,94,2.425,3329.99
21681.88,70.87,94,0.0,3329.99
21681.88,71.5,94,0.0,3329.99
21681.88,71.68,94,1.2125,3329.99
21681.88,72.24,93,0.0,3329.99
21681.88,72.24,93,0.0,3329.99
21681.88,72.58,94,1.2125,3329.99
21681.88,72.49,94,0.0,3329.99
21681.88,72.17,94,2.45,3329.99
21681.88,73.85,94,0.0,3329.99
21681.88,73.25,80,0.0,3329.99
21681.88,73.41,80,0.0,3329.99
21681.88,73.56,94,1.225,3329.99
21681.88,73.6,94,0.0,3329.99
21681.88,73.52,93,0.0,3329.99
21681.88,73.48,93,1.2125,3329.99
21681.88,73.35,93,0.0,3329.99
21681.88,73.18,93,0.0,3329.99
21681.88,73.09,93,0.0,3329.99
21681.88,73.22,94,1.225,3329.99
21681.88,71.62,94,0.0,3329.99
21681.88,72.39,94,0.0,3329.99
21681.88,72.44,93,0.0,3329.99
21681.88,72.52,93,1.2,3329.99
21681.88,72.65,93,0.0,3329.99
21681.88,72.82,94,0.0,3329.99
21681.88,72.89,92,1.2125,3329.99
21681.88,72.88,92,1.2125,3329.99
21681.88,72.79,93,1.175,3329.99
21681.88,70.57,93,1.1875,3329.99
21681.88,70.11,76,0.0,3329.99
21681.88,70.1,76,0.0,3329.99
21681.88,70.45,94,0.0,3329.99
21681.88,70.66,94,1.225,3329.99
21681.88,70.82,94,0.0,3329.99
21681.88,70.83,94,0.0,3329.99
21681.88,70.75,94,0.0,3329.99
21681.88,70.71,94,1.225,3329.99
21681.88,70.37,94,0.0,3329.99
21681.88,70.15,93,0.0,3329.99
21681.88,71.94,93,0.0,3329.99
21681.88,71.97,93,1.225,3329.99
21681.88,71.69,93,0.0,3329.99
21681.88,71.38,94,0.0,3329.99
21681.88,71.05,94,0.0,3329.99
21681.88,70.98,94,0.0,3329.99
21681.88,70.85,95,1.2,3329.99
21681.88,70.58,95,0.0,3329.99
21681.88,70.68,95,1.2125,3329.99
21681.88,70.81,95,0.0,3329.99
21681.88,67.73,95,1.2125,3329.99
21681.88,68.32,79,1.2125,3329.99
21681.88,67.66,79,0.0,3329.99
21681.88,67.44,79,0.0,3329.99
21681.88,67.44,94,1.2,3329.99
21681.88,67.67,94,0.0,3329.99
21681.88,67.83,94,0.0,3329.99
21681.88,67.52,94,0.0,3329.99
21681.88,67.64,93,1.25,3329.99
21681.88,67.94,94,0.0,3329.99
21681.88,67.91,94,0.0,3329.99
21681.88,68.0,94,0.0,3329.99
21681.88,71.47,94,2.4875,3329.99
21681.88,71.08,95,0.0,3329.99
21681.88,71.9,95,0.0,3329.99
21681.88,71.92,94,0.0,3329.99
21681.88,72.04,94,1.25,3329.99
21681.88,72.36,94,0.0,3329.99
21681.88,72.19,94,0.0,3329.99
21681.88,71.85,93,1.225,3329.99
21681.88,71.98,93,0.0,3329.99
21681.88,71.87,93,0.0,3329.99
21681.88,71.92,93,0.0,3329.99
21681.88,72.17,94,2.4875,3329.99
21681.88,74.69,94,0.0,3329.99
21681.88,73.45,81,0.0,3329.99
21681.88,73.04,81,0.0,3329.99
21681.88,72.83,94,0.0,3329.99
21681.88,72.66,94,1.2375,3329.99
21681.88,72.82,94,0.0,3329.99
21681.88,72.99,95,0.0,3329.99
21681.88,73.04,95,1.25,3329.99
21681.88,73.12,94,0.0,3329.99
21681.88,73.12,94,0.0,3329.99
21681.88,72.99,95,0.0,3329.99
21681.88,72.86,94,1.25,3329.99
21681.88,70.49,94,1.2375,3329.99
21681.88,71.61,94,0.0,3329.99
21681.88,72.1,94,0.0,3329.99
21681.88,72.27,94,1.2375,3329.99
21681.88,72.23,94,0.0,3329.99
21681.88,72.2,93,0.0,3329.99
21681.88,72.05,93,0.0,3329.99
21681.88,71.95,93,1.25,3329.99
21681.88,71.77,93,0.0,3329.99
21681.88,71.91,92,2.3125,3329.99
21681.88,69.35,92,1.1875,3329.99
21681.88,68.76,77,0.0,3329.99
21681.88,68.52,77,0.0,3329.99
21681.88,68.51,94,0.0,3329.99
21681.88,68.58,94,1.2375,3329.99
21681.88,68.66,93,0.0,3329.99
21681.88,68.88,93,0.0,3329.99
21681.88,69.2,93,1.2375,3329.99
21681.88,69.62,93,0.0,3329.99
21681.88,69.95,93,0.0,3329.99
21681.88,69.87,93,0.0,3329.99
21681.88,72.48,93,1.2375,3329.99
21681.88,73.01,93,0.0,3329.99
21681.88,73.22,93,0.0,3329.99
21681.88,73.02,94,1.225,3329.99
21681.88,73.02,94,0.0,3329.99
21681.88,72.61,94,0.0,3329.99
21681.88,72.36,94,1.2,3329.99
21681.88,72.36,94,1.2125,3329.99
21681.88,73.98,79,1.225,3329.99
21681.88,72.93,79,0.0,3329.99
21681.88,73.04,96,0.0,3329.99
21681.88,73.28,96,0.0,3329.99
21681.88,73.59,95,0.0,3329.99
21681.88,73.64,95,2.425,3329.99
21681.88,73.64,95,0.0,3329.99
21681.88,73.64,95,0.0,3329.99
21681.88,73.73,96,0.0,3329.99
21681.88,73.61,96,0.0,3329.99
21681.88,73.54,95,1.2125,3329.99
21681.88,71.5,95,0.0,3329.99
21681.88,72.58,95,1.2,3329.99
21681.88,72.46,95,0.0,3329.99
21681.88,72.27,95,0.0,3329.99
21681.88,72.19,96,1.2125,3329.99
21681.88,72.3,96,0.0,3329.99
21681.88,72.32,95,0.0,3329.99
21681.88,72.41,95,1.2125,3329.99
21681.88,72.34,93,0.0,3329.99
21681.88,72.36,93,2.4375,3329.99
21681.88,74.16,77,0.0,3329.99
21681.88,73.62,77,0.0,3329.99
21681.88,73.83,94,1.2125,3329.99
21681.88,73.92,94,0.0,3329.99
21681.88,74.05,95,0.0,3329.99
21681.88,73.95,95,0.0,3329.99
21681.88,73.94,94,1.2125,3329.99
21681.88,74.04,94,0.0,3329.99
21681.88,73.97,93,0.0,3329.99
21681.88,73.94,93,1.2125,3329.99
21681.88,73.84,93,0.0,3329.99
21681.88,72.03,93,0.0,3329.99
21681.88,72.46,93,1.2125,3329.99
21681.88,72.54,93,0.0,3329.99
21681.88,72.75,93,0.0,3329.99
21681.88,72.56,93,2.175,3329.99
21681.88,72.56,93,0.0,3329.99
21681.88,72.39,93,1.25,3329.99
21681.88,72.22,94,0.0,3329.99
21681.88,72.24,94,0.0,3329.99
21681.88,72.05,92,2.4875,3329.99
21681.88,72.03,92,0.0,3329.99
21681.88,74.41,75,1.2,3329.99
21681.88,73.82,96,0.0,3329.99
21681.88,73.6,96,0.0,3329.99
21681.88,73.74,93,1.2125,3329.99
21681.88,73.8,93,0.0,3329.99
21681.88,73.91,93,0.0,3329.99
21681.88,73.86,93,1.2125,3329.99
21681.88,73.89,93,0.0,3329.99
21681.88,74.03,93,0.0,3329.99
21681.88,74.1,94,0.0,3329.99
21681.88,71.77,94,2.4375,3329.99
21681.88,72.06,93,0.0,3329.99
21681.88,72.03,93,0.0,3329.99
21681.88,71.92,93,0.0,3329.99
21681.88,71.94,93,1.2375,3329.99
21681.88,71.98,94,0.0,3329.99
21681.88,72.04,94,0.0,3329.99
21681.88,72.11,94,1.2125,3329.99
21681.88,71.83,94,0.0,3329.99
21681.88,71.65,93,0.0,3329.99
21681.88,71.36,93,0.0,3329.99
21681.88,71.51,93,3.5125,3329.99
21681.88,69.45,93,0.0,3329.99
21681.88,69.09,77,1.2375,3329.99
21681.88,68.77,77,0.0,3329.99
21681.88,68.66,93,1.25,3329.99
21681.88,68.55,93,0.0,3329.99
21681.88,68.48,93,0.0,3329.99
21681.88,68.6,93,1.25,3329.99
21681.88,69.0,93,0.0,3329.99
21681.88,69.46,93,0.0,3329.99
21681.88,69.68,93,0.0,3329.99
21681.88,69.41,93,1.25,3329.99
21681.88,71.64,93,0.0,3329.99
21681.88,71.84,93,0.0,3329.99
21681.88,71.89,93,1.25,3329.99
21681.88,71.77,93,0.0,3329.99
21681.88,71.73,93,0.0,3329.99
21681.88,71.7,93,0.0,3329.99
21681.88,71.59,94,1.25,3329.99
21681.88,71.43,95,0.0,3329.99
21681.88,71.26,95,0.0,3329.99
21681.88,71.34,95,1.2375,3329.99
21681.88,71.56,95,2.4875,3329.99
21681.88,72.59,95,0.0,3329.99
21681.88,72.49,78,0.0,3329.99
21681.88,72.67,95,1.25,3329.99
21681.88,72.86,95,0.0,3329.99
21681.88,72.86,95,0.0,3329.99
21681.88,72.63,95,0.0,3329.99
21681.88,72.6,95,1.25,3329.99
21681.88,72.6,95,1.2375,3329.99
21681.88,72.76,95,0.0,3329.99
21681.88,72.96,95,1.25,3329.99
21681.88,72.98,95,0.0,3329.99
21681.88,72.06,95,0.0,3329.99
21681.88,72.06,95,0.0,3329.99
21681.88,72.19,96,1.25,3329.99
21681.88,72.03,96,0.0,3329.99
21681.88,71.89,96,0.0,3329.99
21681.88,72.13,96,0.0,3329.99
21681.88,72.34,96,1.2375,3329.99
21681.88,72.38,96,0.0,3329.99
21681.88,72.21,96,0.0,3329.99
21681.88,72.06,96,0.0,3329.99
21681.88,72.1,96,1.2375,3329.99
21681.88,69.81,77,1.2375,3329.99
21681.88,69.29,77,0.0,3329.99
21681.88,69.06,95,0.0,3329.99
21681.88,68.96,95,0.0,3329.99
21681.88,68.8,93,1.2,3329.99
21681.88,68.8,93,0.0,3329.99
21681.88,68.95,94,0.0,3329.99
21681.88,69.19,94,1.2125,3329.99
21681.88,69.09,93,0.0,3329.99
21681.88,68.97,93,0.0,3329.99
21681.88,72.4,93,0.0,3329.99
21681.88,71.31,93,2.4375,3329.99
21681.88,71.88,93,0.0,3329.99
21681.88,72.1,94,0.0,3329.99
21681.88,71.89,94,1.2125,3329.99
21681.88,72.06,93,0.0,3329.99
21681.88,72.06,94,0.0,3329.99
21681.88,71.99,94,0.0,3329.99
21681.88,71.94,94,1.2125,3329.99
21681.88,71.83,94,0.0,3329.99
21681.88,72.01,94,0.0,3329.99
21681.88,71.91,94,1.2125,3329.99
21681.88,71.77,93,1.2125,3329.99
21681.88,68.94,93,0.0,3329.99
21681.88,68.89,81,1.2125,3329.99
21681.88,68.33,81,0.0,3329.99
21681.88,68.34,95,0.0,3329.99
21681.88,68.37,95,1.2125,3329.99
21681.88,68.37,94,0.0,3329.99
21681.88,68.62,94,0.0,3329.99
21681.88,68.69,94,0.0,3329.99
21681.88,68.57,94,1.2125,3329.99
21681.88,68.31,94,1.2,3329.99
21681.88,68.79,94,0.0,3329.99
21681.88,71.65,94,0.0,3329.99
21681.88,71.53,94,1.2125,3329.99
21681.88,72.25,94,0.0,3329.99
21681.88,72.14,94,1.2125,3329.99
21681.88,71.97,93,0.0,3329.99
21681.88,71.69,93,0.0,3329.99
21681.88,71.5,93,0.0,3329.99
21681.88,71.43,93,1.2125,3329.99
21681.88,71.72,94,0.0,3329.99
21681.88,72.12,94,0.0,3329.99
21681.88,71.87,94,1.2125,3329.99
21681.88,71.85,93,1.2125,3329.99
21681.88,71.96,93,1.2125,3329.99
21681.88,73.67,80,0.0,3329.99
21681.88,73.26,80,0.0,3329.99
21681.88,73.7,94,0.0,3329.99
21681.88,73.94,94,1.225,3329.99
21681.88,74.1,94,0.0,3329.99
21681.88,74.19,94,0.0,3329.99
21681.88,74.46,93,0.0,3329.99
21681.88,74.64,93,1.2125,3329.99
21681.88,74.69,93,0.0,3329.99
21681.88,74.64,93,0.0,3329.99
21681.88,72.83,94,1.2125,3329.99
21681.88,73.18,94,0.0,3329.99
21681.88,73.23,93,0.0,3329.99
21681.88,73.16,93,1.2,3329.99
21681.88,73.25,93,1.225,3329.99
21681.88,73.18,93,1.225,3329.99
21681.88,70.68,80,0.0,3329.99
21681.88,70.19,80,0.0,3329.99
21681.88,69.24,98,1.2125,3329.99
21681.88,69.48,98,0.0,3329.99
21681.88,69.87,94,0.0,3329.99
21681.88,70.13,94,1.2125,3329.99
21681.88,70.18,94,0.0,3329.99
21681.88,70.06,94,0.0,3329.99
21681.88,69.82,94,1.2125,3329.99
21681.88,69.48,94,0.0,3329.99
21681.88,69.5,94,0.0,3329.99
21681.88,71.67,93,1.2125,3329.99
21681.88,71.64,93,0.0,3329.99
21681.88,72.17,94,0.0,3329.99
21681.88,71.97,94,1.2125,3329.99
21681.88,72.0,94,0.0,3329.99
21681.88,72.05,94,0.0,3329.99
21681.88,72.08,93,0.0,3329.99
21681.88,72.03,93,0.0,3329.99
21681.88,72.06,94,1.25,3329.99
21681.88,71.85,94,0.0,3329.99
21681.88,71.86,95,0.0,3329.99
21681.88,72.05,95,3.725,3329.99
21681.88,74.43,79,0.0,3329.99
21681.88,73.55,79,0.0,3329.99
21681.88,73.56,95,1.25,3329.99
21681.88,73.63,95,0.0,3329.99
21681.88,73.75,95,0.0,3329.99
21681.88,73.98,94,0.0,3329.99
21681.88,74.34,94,1.25,3329.99
21681.88,74.56,94,0.0,3329.99
21681.88,74.21,95,0.0,3329.99
21681.88,74.08,95,0.0,3329.99
21681.88,73.81,95,1.2375,3329.99
21681.88,71.57,95,0.0,3329.99
21681.88,72.38,95,0.0,3329.99
21681.88,72.38,96,0.0,3329.99
21681.88,72.43,96,1.25,3329.99
21681.88,72.43,95,0.0,3329.99
21681.88,72.46,95,0.0,3329.99
21681.88,72.19,95,0.0,3329.99
21681.88,71.85,95,1.2375,3329.99
21681.88,71.68,95,0.0,3329.99
21681.88,72.02,95,0.0,3329.99
21681.88,72.15,95,1.25,3329.99
21681.88,72.86,82,1.2375,3329.99
21681.88,72.64,82,0.0,3329.99
21681.88,72.65,95,0.0,3329.99
21681.88,72.61,95,0.0,3329.99
21681.88,72.66,95,1.25,3329.99
21681.88,72.67,95,0.0,3329.99
21681.88,72.72,95,0.0,3329.99
21681.88,72.75,95,1.25,3329.99
21681.88,72.65,95,0.0,3329.99
21681.88,72.7,95,0.0,3329.99
21681.88,72.66,93,0.0,3329.99
21681.88,72.32,93,1.25,3329.99
21681.88,72.6,95,0.0,3329.99
21681.88,72.67,95,3.725,3329.99
21681.88,69.06,79,0.0,3329.99
21681.88,68.01,79,0.0,3329.99
21681.88,68.03,93,1.25,3329.99
21681.88,68.29,93,0.0,3329.99
21681.88,68.29,94,0.0,3329.99
21681.88,68.35,94,0.0,3329.99
21681.88,68.4,94,1.2125,3329.99
21681.88,68.23,94,0.0,3329.99
21681.88,68.23,94,0.0,3329.99
21681.88,67.68,94,1.2125,3329.99
21681.88,67.27,92,0.0,3329.99
21681.88,71.03,92,0.0,3329.99
21681.88,70.85,93,1.2125,3329.99
21681.88,70.45,93,0.0,3329.99
21681.88,70.45,93,0.0,3329.99
21681.88,70.0,93,1.2125,3329.99
21681.88,69.77,93,0.0,3329.99
21681.88,69.11,93,2.425,3329.99
21681.88,69.69,91,0.0,3329.99
21681.88,69.91,91,0.0,3329.99
21681.88,70.33,82,1.2,3329.99
21681.88,70.87,82,1.2125,3329.99
21681.88,70.87,94,0.0,3329.99
21681.88,71.22,94,0.0,3329.99
21681.88,71.68,93,0.0,3329.99
21681.88,71.85,93,1.2125,3329.99
21681.88,71.92,94,0.0,3329.99
21681.88,71.85,94,0.0,3329.99
21681.88,71.78,94,0.0,3329.99
21681.88,72.5,94,1.2,3329.99
21681.88,71.81,94,1.2125,3329.99
21681.88,71.88,95,0.0,3329.99
21681.88,71.64,95,1.2125,3329.99
21681.88,71.21,93,0.0,3329.99
21681.88,71.21,93,0.0,3329.99
21681.88,70.82,93,0.0,3329.99
21681.88,70.79,93,1.2125,3329.99
21681.88,70.98,94,0.0,3329.99
21681.88,70.87,94,0.0,3329.99
21681.88,71.0,93,1.225,3329.99
21681.88,72.26,93,1.225,3329.99
21681.88,72.55,83,0.0,3329.99
21681.88,72.24,83,0.0,3329.99
21681.88,72.58,94,0.0,3329.99
21681.88,72.45,94,1.225,3329.99
21681.88,72.55,94,0.0,3329.99
21681.88,72.51,94,0.0,3329.99
21681.88,72.72,94,1.2375,3329.99
21681.88,72.95,94,0.0,3329.99
21681.88,73.27,93,1.2375,3329.99
21681.88,73.48,93,0.0,3329.99
21681.88,72.19,93,0.0,3329.99
21681.88,71.82,94,1.25,3329.99
21681.88,72.17,94,0.0,3329.99
21681.88,72.17,94,0.0,3329.99
21681.88,72.21,94,0.0,3329.99
21681.88,72.24,95,1.25,3329.99
21681.88,72.38,95,0.0,3329.99
21681.88,71.91,94,0.0,3329.99
21681.88,71.82,94,1.25,3329.99
21681.88,71.68,94,0.0,3329.99
21681.88,71.84,95,0.0,3329.99
21681.88,71.18,95,2.4875,3329.99
21681.88,70.83,91,0.0,3329.99
21681.88,70.68,91,0.0,3329.99
21681.88,70.53,84,1.2375,3329.99
21681.88,70.4,84,0.0,3329.99
21681.88,70.4,94,0.0,3329.99
21681.88,70.28,94,1.2375,3329.99
21681.88,70.71,93,0.0,3329.99
21681.88,70.66,93,0.0,3329.99
21681.88,70.36,93,1.2375,3329.99
21681.88,70.16,93,0.0,3329.99
21681.88,70.1,94,0.0,3329.99
21681.88,70.52,94,0.0,3329.99
21681.88,70.51,94,1.25,3329.99
21681.88,70.47,94,0.0,3329.99
21681.88,70.45,94,0.0,3329.99
21681.88,70.53,93,1.2375,3329.99
21681.88,70.63,93,0.0,3329.99
21681.88,70.62,94,2.3375,3329.99
21681.88,70.63,94,0.0,3329.99
21681.88,72.67,79,0.0,3329.99
21681.88,72.5,79,1.2375,3329.99
21681.88,72.73,92,0.0,3329.99
21681.88,73.95,92,0.0,3329.99
21681.88,74.28,94,1.2375,3329.99
21681.88,74.5,94,0.0,3329.99
21681.88,74.7,94,0.0,3329.99
21681.88,74.79,94,1.2375,3329.99
21681.88,74.64,93,0.0,3329.99
21681.88,74.46,93,0.0,3329.99
21681.88,72.7,94,1.2375,3329.99
21681.88,72.7,94,1.225,3329.99
21681.88,73.3,94,0.0,3329.99
21681.88,73.2,93,0.0,3329.99
21681.88,73.19,93,1.2125,3329.99
21681.88,73.18,93,0.0,3329.99
21681.88,73.15,93,0.0,3329.99
21681.88,72.97,93,1.2125,3329.99
21681.88,72.77,93,0.0,3329.99
21681.88,72.82,93,0.0,3329.99
21681.88,72.8,93,2.425,3329.99
21681.88,73.97,93,0.0,3329.99
21681.88,73.95,83,0.0,3329.99
21681.88,72.88,83,1.2125,3329.99
21681.88,72.76,95,0.0,3329.99
21681.88,72.73,95,0.0,3329.99
21681.88,72.57,94,1.2125,3329.99
21681.88,72.3,94,0.0,3329.99
21681.88,72.44,93,0.0,3329.99
21681.88,72.67,93,0.0,3329.99
21681.88,72.47,92,1.225,3329.99
21681.88,72.47,92,0.0,3329.99
21681.88,71.57,94,0.0,3329.99
21681.88,71.34,94,0.0,3329.99
21681.88,72.21,93,1.225,3329.99
21681.88,72.28,93,0.0,3329.99
21681.88,72.22,94,0.0,3329.99
21681.88,72.06,94,0.0,3329.99
21681.88,72.38,93,1.225,3329.99
21681.88,72.26,93,0.0,3329.99
21681.88,72.06,94,0.0,3329.99
21681.88,72.06,94,1.2,3329.99
21681.88,71.81,94,0.0,3329.99
21681.88,71.87,94,0.0,3329.99
21681.88,72.04,94,2.475,3329.99
21681.88,71.92,79,1.2375,3329.99
21681.88,72.33,79,0.0,3329.99
21681.88,71.97,92,0.0,3329.99
21681.88,72.33,92,1.2375,3329.99
21681.88,72.18,94,0.0,3329.99
21681.88,72.26,94,0.0,3329.99
21681.88,72.87,93,1.2375,3329.99
21681.88,73.07,93,0.0,3329.99
21681.88,73.14,93,0.0,3329.99
21681.88,73.16,93,0.0,3329.99
21681.88,73.17,93,1.25,3329.99
21681.88,72.6,93,0.0,3329.99
21681.88,72.6,93,0.0,3329.99
21681.88,72.9,94,1.25,3329.99
21681.88,72.76,94,0.0,3329.99
21681.88,72.9,93,0.0,3329.99
21681.88,72.97,93,1.25,3329.99
21681.88,73.0,94,0.0,3329.99
21681.88,72.88,94,1.2125,3329.99
21681.88,75.08,94,1.2375,3329.99
21681.88,75.08,94,0.0,3329.99
21681.88,74.42,79,0.0,3329.99
21681.88,74.41,79,1.25,3329.99
21681.88,74.67,94,0.0,3329.99
21681.88,74.81,94,0.0,3329.99
21681.88,74.8,93,0.0,3329.99
21681.88,74.71,93,0.0,3329.99
21681.88,74.5,93,1.2375,3329.99
21681.88,74.27,93,1.2375,3329.99
21681.88,73.97,93,0.0,3329.99
21681.88,73.87,93,0.0,3329.99
21681.88,71.58,94,1.2375,3329.99
21681.88,72.17,94,0.0,3329.99
21681.88,72.31,94,0.0,3329.99
21681.88,72.13,94,0.0,3329.99
21681.88,72.06,94,1.2375,3329.99
21681.88,71.93,94,0.0,3329.99
21681.88,71.69,94,0.0,3329.99
21681.88,71.44,93,1.2375,3329.99
21681.88,71.55,93,0.0,3329.99
21681.88,71.45,94,0.0,3329.99
21681.88,71.54,94,2.375,3329.99
21681.88,70.44,76,0.0,3329.99
21681.88,69.67,76,1.2375,3329.99
21681.88,69.7,96,0.0,3329.99
21681.88,69.55,96,0.0,3329.99
21681.88,69.73,93,1.2125,3329.99
21681.88,70.01,93,0.0,3329.99
21681.88,70.35,93,0.0,3329.99
21681.88,70.71,93,1.2125,3329.99
21681.88,70.82,93,1.225,3329.99
21681.88,70.55,93,0.0,3329.99
21681.88,70.55,93,0.0,3329.99
21681.88,71.52,93,0.0,3329.99
21681.88,72.24,93,1.2125,3329.99
21681.88,72.28,93,0.0,3329.99
21681.88,72.42,93,0.0,3329.99
21681.88,71.99,93,1.225,3329.99
21681.88,72.02,93,0.0,3329.99
21681.88,72.02,93,0.0,3329.99
21681.88,71.28,94,0.0,3329.99
21681.88,71.04,94,2.4375,3329.99
21681.88,71.38,92,0.0,3329.99
21681.88,71.12,92,0.0,3329.99
21681.88,71.41,83,1.225,3329.99
21681.88,71.41,83,0.0,3329.99
21681.88,71.46,93,0.0,3329.99
21681.88,71.56,93,1.2125,3329.99
21681.88,71.94,93,0.0,3329.99
21681.88,71.94,93,0.0,3329.99
21681.88,72.18,94,1.2125,3329.99
21681.88,72.46,94,0.0,3329.99
21681.88,72.77,92,0.0,3329.99
21681.88,73.24,92,1.2125,3329.99
21681.88,72.93,94,1.2125,3329.99
21681.88,73.33,94,0.0,3329.99
21681.88,73.28,94,0.0,3329.99
21681.88,73.25,93,0.0,3329.99
21681.88,73.22,93,1.2125,3329.99
21681.88,73.16,93,0.0,3329.99
21681.88,72.74,93,0.0,3329.99
21681.88,72.69,93,0.0,3329.99
21681.88,72.54,93,1.225,3329.99
21681.88,72.57,94,1.225,3329.99
21681.88,74.56,94,1.225,3329.99
21681.88,73.81,78,0.0,3329.99
21681.88,73.66,78,0.0,3329.99
21681.88,73.53,93,1.2125,3329.99
21681.88,73.22,93,0.0,3329.99
21681.88,73.07,92,0.0,3329.99
21681.88,73.12,92,0.0,3329.99
21681.88,73.11,94,1.225,3329.99
21681.88,73.32,94,0.0,3329.99
21681.88,73.35,94,0.0,3329.99
21681.88,71.21,94,1.2125,3329.99
21681.88,71.21,93,0.0,3329.99
21681.88,71.89,93,0.0,3329.99
21681.88,72.0,94,1.2125,3329.99
21681.88,72.1,94,0.0,3329.99
21681.88,72.46,94,0.0,3329.99
21681.88,72.63,94,0.0,3329.99
21681.88,72.75,94,1.1875,3329.99
21681.88,72.74,94,0.0,3329.99
21681.88,72.51,93,0.0,3329.99
21681.88,72.54,93,1.2125,3329.99
21681.88,72.64,94,1.225,3329.99
21681.88,72.69,94,1.2125,3329.99
21681.88,71.82,79,0.0,3329.99
21681.88,71.66,94,0.0,3329.99
21681.88,71.64,94,1.2125,3329.99
21681.88,71.58,94,0.0,3329.99
21681.88,71.6,94,0.0,3329.99
21681.88,71.66,94,2.4375,3329.99
21681.88,71.81,94,0.0,3329.99
21681.88,71.98,95,0.0,3329.99
21681.88,71.8,95,0.0,3329.99
21681.88,71.68,95,0.0,3329.99
21681.88,72.34,95,1.2375,3329.99
21681.88,72.08,94,0.0,3329.99
21681.88,72.1,94,0.0,3329.99
21681.88,72.01,94,0.0,3329.99
21681.88,71.87,94,1.2375,3329.99
21681.88,71.75,94,0.0,3329.99
21681.88,71.58,94,1.2375,3329.99
21681.88,73.77,80,1.2375,3329.99
21681.88,73.01,80,0.0,3329.99
21681.88,73.46,80,0.0,3329.99
21681.88,73.46,95,1.25,3329.99
21681.88,73.9,95,0.0,3329.99
21681.88,74.37,94,0.0,3329.99
21681.88,74.85,94,0.0,3329.99
21681.88,74.91,94,1.25,3329.99
21681.88,75.09,94,0.0,3329.99
21681.88,75.18,94,0.0,3329.99
21681.88,75.09,94,0.0,3329.99
21681.88,72.38,94,1.2375,3329.99
21681.88,73.21,93,0.0,3329.99
21681.88,73.03,93,0.0,3329.99
21681.88,72.83,94,0.0,3329.99
21681.88,72.55,94,2.4875,3329.99
21681.88,72.75,81,0.0,3329.99
21681.88,71.83,81,1.2375,3329.99
21681.88,71.59,95,0.0,3329.99
21681.88,71.64,95,0.0,3329.99
21681.88,71.69,93,0.0,3329.99
21681.88,71.95,93,1.25,3329.99
21681.88,71.92,93,0.0,3329.99
21681.88,71.75,95,0.0,3329.99
21681.88,71.4,95,0.0,3329.99
21681.88,71.53,94,1.25,3329.99
21681.88,71.5,94,0.0,3329.99
21681.88,71.5,93,0.0,3329.99
21681.88,71.03,94,0.0,3329.99
21681.88,71.74,94,2.4875,3329.99
21681.88,71.78,94,0.0,3329.99
21681.88,71.57,94,0.0,3329.99
21681.88,71.29,94,0.0,3329.99
21681.88,71.47,94,1.2375,3329.99
21681.88,71.75,93,0.0,3329.99
21681.88,72.06,93,0.0,3329.99
21681.88,71.89,92,1.2375,3329.99
21681.88,71.87,92,0.0,3329.99
21681.88,71.7,94,2.4875,3329.99
21681.88,72.67,94,0.0,3329.99
21681.88,71.86,81,0.0,3329.99
21681.88,71.84,81,0.0,3329.99
21681.88,71.85,93,1.2375,3329.99
21681.88,72.03,93,0.0,3329.99
21681.88,71.88,94,0.0,3329.99
21681.88,71.69,94,0.0,3329.99
21681.88,71.71,92,1.2125,3329.99
21681.88,71.66,93,0.0,3329.99
21681.88,71.86,93,0.0,3329.99
21681.88,71.86,93,1.2125,3329.99
21681.88,71.66,93,0.0,3329.99
21681.88,74.12,93,2.4375,3329.99
21681.88,73.9,77,1.225,3329.99
21681.88,73.9,77,0.0,3329.99
21681.88,73.9,93,0.0,3329.99
21681.88,74.24,93,1.2125,3329.99
21681.88,74.55,93,0.0,3329.99
21681.88,75.24,93,0.0,3329.99
21681.88,75.26,93,0.0,3329.99
21681.88,75.4,93,1.2125,3329.99
21681.88,75.4,93,0.0,3329.99
21681.88,75.53,93,0.0,3329.99
21681.88,75.3,93,1.175,3329.99
21681.88,73.14,93,0.0,3329.99
21681.88,73.33,93,0.0,3329.99
21681.88,73.24,93,0.0,3329.99
21681.88,73.21,93,1.2125,3329.99
21681.88,73.16,93,0.0,3329.99
21681.88,72.82,94,0.0,3329.99
21681.88,72.51,94,1.2125,3329.99
21681.88,72.33,94,1.2125,3329.99
21681.88,73.75,94,1.2375,3329.99
21681.88,73.78,77,1.175,3329.99
21681.88,74.11,77,0.0,3329.99
21681.88,74.25,94,1.2125,3329.99
21681.88,74.25,93,0.0,3329.99
21681.88,74.32,93,0.0,3329.99
21681.88,74.28,94,1.2125,3329.99
21681.88,74.08,94,0.0,3329.99
21681.88,74.11,96,0.0,3329.99
21681.88,74.11,96,0.0,3329.99
21681.88,74.14,96,0.0,3329.99
21681.88,72.56,96,1.225,3329.99
21681.88,72.68,95,0.0,3329.99
21681.88,72.55,95,0.0,3329.99
21681.88,72.51,93,1.2125,3329.99
21681.88,72.45,93,0.0,3329.99
21681.88,72.39,93,1.2125,3329.99
21681.88,72.5,93,0.0,3329.99
21681.88,72.58,93,1.2125,3329.99
21681.88,72.57,93,0.0,3329.99
21681.88,72.66,93,2.3625,3329.99
21681.88,72.71,93,0.0,3329.99
21681.88,74.02,75,0.0,3329.99
21681.88,74.04,75,0.0,3329.99
21681.88,73.37,97,1.2375,3329.99
21681.88,73.29,97,0.0,3329.99
21681.88,73.13,93,0.0,3329.99
21681.88,72.8,93,0.0,3329.99
21681.88,72.86,94,1.25,3329.99
21681.88,72.96,94,0.0,3329.99
21681.88,72.98,95,0.0,3329.99
21681.88,72.85,92,0.0,3329.99
21681.88,73.09,92,1.25,3329.99
21681.88,71.71,94,0.0,3329.99
21681.88,72.05,94,0.0,3329.99
21681.88,72.01,94,0.0,3329.99
21681.88,72.13,94,1.2375,3329.99
21681.88,72.34,94,0.0,3329.99
21681.88,72.12,94,0.0,3329.99
21681.88,71.9,94,0.0,3329.99
21681.88,71.97,94,0.0,3329.99
21681.88,72.17,94,1.25,3329.99
21681.88,71.77,94,0.0,3329.99
21681.88,71.78,94,0.0,3329.99
21681.88,71.93,94,2.475,3329.99
21681.88,74.3,78,0.0,3329.99
21681.88,73.47,78,1.2375,3329.99
21681.88,73.44,95,1.2375,3329.99
21681.88,73.53,95,0.0,3329.99
21681.88,73.73,95,0.0,3329.99
21681.88,73.94,93,1.25,3329.99
21681.88,74.1,93,0.0,3329.99
21681.88,74.16,93,0.0,3329.99
21681.88,74.45,93,1.2375,3329.99
21681.88,74.49,94,0.0,3329.99
21681.88,74.36,94,0.0,3329.99
21681.88,74.36,94,0.0,3329.99
21681.88,72.1,94,1.2375,3329.99
21681.88,72.89,94,0.0,3329.99
21681.88,72.9,94,0.0,3329.99
21681.88,72.93,94,0.0,3329.99
21681.88,72.98,94,1.2375,3329.99
21681.88,72.98,93,0.0,3329.99
21681.88,72.92,93,0.0,3329.99
21681.88,72.96,94,1.25,3329.99
21681.88,72.94,94,0.0,3329.99
21681.88,72.95,94,2.4875,3329.99
21681.88,73.04,79,0.0,3329.99
21681.88,75.13,79,0.0,3329.99
21681.88,74.4,96,0.0,3329.99
21681.88,74.39,96,0.0,3329.99
21681.88,74.41,95,2.425,3329.99
21681.88,74.13,95,0.0,3329.99
21681.88,74.07,95,0.0,3329.99
21681.88,74.01,95,1.2125,3329.99
21681.88,74.0,95,0.0,3329.99
21681.88,73.84,95,0.0,3329.99
21681.88,73.66,95,1.2125,3329.99
21681.88,71.5,95,0.0,3329.99
21681.88,72.08,95,0.0,3329.99
21681.88,72.02,95,0.0,3329.99
21681.88,72.0,95,1.2125,3329.99
21681.88,71.99,95,0.0,3329.99
21681.88,72.24,95,0.0,3329.99
21681.88,71.95,95,1.2125,3329.99
21681.88,71.73,95,0.0,3329.99
21681.88,71.55,95,0.0,3329.99
21681.88,71.51,95,0.0,3329.99
21681.88,71.33,95,2.4375,3329.99
21681.88,73.52,81,0.0,3329.99
21681.88,72.84,81,1.2,3329.99
21681.88,72.63,96,0.0,3329.99
21681.88,72.08,96,0.0,3329.99
21681.88,71.95,93,1.2125,3329.99
21681.88,71.67,93,0.0,3329.99
21681.88,71.88,94,0.0,3329.99
21681.88,71.98,94,1.2125,3329.99
21681.88,71.9,94,0.0,3329.99
21681.88,71.92,94,0.0,3329.99
21681.88,72.02,94,1.2125,3329.99
21681.88,69.59,94,0.0,3329.99
21681.88,70.09,94,0.0,3329.99
21681.88,70.63,94,1.2125,3329.99
21681.88,70.74,94,0.0,3329.99
21681.88,70.9,94,0.0,3329.99
21681.88,70.88,94,1.2125,3329.99
21681.88,70.88,94,1.2125,3329.99
21681.88,70.82,94,0.0,3329.99
21681.88,70.91,92,2.425,3329.99
21681.88,71.84,92,0.0,3329.99
21681.88,71.71,82,1.2125,3329.99
21681.88,72.01,82,0.0,3329.99
21681.88,72.13,94,0.0,3329.99
21681.88,72.21,94,0.0,3329.99
21681.88,72.23,94,1.2125,3329.99
21681.88,72.34,94,0.0,3329.99
21681.88,72.59,94,0.0,3329.99
21681.88,72.76,94,1.225,3329.99
21681.88,73.08,93,0.0,3329.99
21681.88,73.06,93,0.0,3329.99
21681.88,72.21,94,0.0,3329.99
21681.88,72.77,94,0.0,3329.99
21681.88,72.92,94,2.45,3329.99
21681.88,72.96,94,0.0,3329.99
21681.88,73.26,82,0.0,3329.99
21681.88,72.88,82,0.0,3329.99
21681.88,72.82,94,1.225,3329.99
21681.88,72.82,94,0.0,3329.99
21681.88,73.01,94,0.0,3329.99
21681.88,73.09,94,0.0,3329.99
21681.88,73.24,94,1.2125,3329.99
21681.88,73.5,94,0.0,3329.99
21681.88,73.5,94,0.0,3329.99
21681.88,73.45,94,0.0,3329.99
21681.88,72.83,94,2.4375,3329.99
21681.88,72.83,94,0.0,3329.99
21681.88,73.3,94,0.0,3329.99
21681.88,73.24,94,1.2125,3329.99
21681.88,72.89,94,0.0,3329.99
21681.88,72.6,94,0.0,3329.99
21681.88,72.44,94,0.0,3329.99
21681.88,72.09,95,1.2125,3329.99
21681.88,71.99,95,0.0,3329.99
21681.88,71.7,95,0.0,3329.99
21681.88,71.62,95,2.425,3329.99
21681.88,71.93,84,0.0,3329.99
21681.88,71.54,84,1.2125,3329.99
21681.88,71.58,95,0.0,3329.99
21681.88,71.33,95,0.0,3329.99
21681.88,71.39,95,1.2125,3329.99
21681.88,71.76,95,0.0,3329.99
21681.88,72.04,95,0.0,3329.99
21681.88,72.35,95,1.2125,3329.99
21681.88,72.41,95,0.0,3329.99
21681.88,72.59,95,0.0,3329.99
21681.88,72.54,94,0.0,3329.99
21681.88,72.17,94,1.2125,3329.99
21681.88,72.48,94,0.0,3329.99
21681.88,72.38,94,0.0,3329.99
21681.88,72.64,94,1.2125,3329.99
21681.88,72.83,94,0.0,3329.99
21681.88,72.85,93,0.0,3329.99
21681.88,72.84,93,0.0,3329.99
21681.88,72.89,94,1.2125,3329.99
21681.88,72.86,94,0.0,3329.99
21681.88,72.79,94,2.4125,3329.99
21681.88,72.77,80,0.0,3329.99
21681.88,73.42,80,1.2125,3329.99
21681.88,73.02,94,0.0,3329.99
21681.88,73.05,94,0.0,3329.99
21681.88,73.1,94,1.2125,3329.99
21681.88,73.24,94,1.2125,3329.99
21681.88,73.42,94,0.0,3329.99
21681.88,73.55,94,0.0,3329.99
21681.88,73.24,94,1.2125,3329.99
21681.88,73.04,94,0.0,3329.99
21681.88,72.86,95,0.0,3329.99
21681.88,71.96,95,1.2125,3329.99
21681.88,72.13,95,1.2125,3329.99
21681.88,73.63,95,1.2,3329.99
21681.88,72.48,79,0.0,3329.99
21681.88,72.36,79,0.0,3329.99
21681.88,72.05,94,1.2125,3329.99
21681.88,71.78,94,0.0,3329.99
21681.88,71.75,95,0.0,3329.99
21681.88,72.34,95,1.2125,3329.99
21681.88,72.7,95,0.0,3329.99
21681.88,73.13,95,0.0,3329.99
21681.88,73.23,95,1.2125,3329.99
21681.88,73.27,95,0.0,3329.99
21681.88,71.41,94,0.0,3329.99
21681.88,72.24,94,1.2125,3329.99
21681.88,72.07,94,0.0,3329.99
21681.88,72.23,94,0.0,3329.99
21681.88,72.53,94,0.0,3329.99
21681.88,72.61,94,1.2125,3329.99
21681.88,72.45,94,0.0,3329.99
21681.88,72.16,94,0.0,3329.99
21681.88,71.86,94,1.2125,3329.99
21681.88,71.82,95,0.0,3329.99
21681.88,71.84,95,1.2375,3329.99
21681.88,73.4,78,0.0,3329.99
21681.88,73.07,78,0.0,3329.99
21681.88,73.25,94,1.225,3329.99
21681.88,73.29,94,0.0,3329.99
21681.88,73.24,94,0.0,3329.99
21681.88,73.35,94,0.0,3329.99
21681.88,73.51,94,1.2125,3329.99
21681.88,74.12,94,1.2125,3329.99
21681.88,74.12,93,0.0,3329.99
21681.88,74.13,93,1.2125,3329.99
21681.88,72.57,93,0.0,3329.99
21681.88,73.09,93,0.0,3329.99
21681.88,73.05,93,0.0,3329.99
21681.88,73.04,93,1.2125,3329.99
21681.88,73.03,94,0.0,3329.99
21681.88,72.89,94,0.0,3329.99
21681.88,72.55,94,1.2125,3329.99
21681.88,72.13,94,0.0,3329.99
21681.88,71.83,94,0.0,3329.99
21681.88,71.62,94,1.2125,3329.99
21681.88,71.47,94,1.2125,3329.99
21681.88,73.79,94,0.0,3329.99
21681.88,73.18,79,1.225,3329.99
21681.88,73.07,79,0.0,3329.99
21681.88,72.86,94,0.0,3329.99
21681.88,72.75,94,0.0,3329.99
21681.88,72.77,94,2.45,3329.99
21681.88,73.02,94,0.0,3329.99
21681.88,73.34,94,0.0,3329.99
21681.88,73.73,94,0.0,3329.99
21681.88,73.99,94,1.2125,3329.99
21681.88,74.22,93,0.0,3329.99
21681.88,71.96,93,0.0,3329.99
21681.88,72.44,94,1.2125,3329.99
21681.88,72.52,94,0.0,3329.99
21681.88,72.78,94,0.0,3329.99
21681.88,72.78,94,0.0,3329.99
21681.88,72.94,94,0.0,3329.99
21681.88,73.01,94,1.1875,3329.99
21681.88,72.89,94,0.0,3329.99
21681.88,72.86,94,0.0,3329.99
21681.88,72.81,94,2.425,3329.99
21681.88,75.05,94,0.0,3329.99
21681.88,74.13,79,0.0,3329.99
21681.88,73.93,79,1.2125,3329.99
21681.88,73.71,94,1.225,3329.99
21681.88,73.42,94,0.0,3329.99
21681.88,73.13,94,0.0,3329.99
21681.88,72.82,94,1.2125,3329.99
21681.88,72.75,93,0.0,3329.99
21681.88,72.63,93,0.0,3329.99
21681.88,72.34,94,0.0,3329.99
21681.88,72.13,94,0.0,3329.99
21681.88,69.61,93,1.2375,3329.99
21681.88,70.26,93,0.0,3329.99
21681.88,70.23,94,0.0,3329.99
21681.88,70.28,94,1.25,3329.99
21681.88,70.37,94,0.0,3329.99
21681.88,70.49,94,0.0,3329.99
21681.88,70.44,94,1.2375,3329.99
21681.88,70.32,94,0.0,3329.99
21681.88,70.2,94,0.0,3329.99
21681.88,70.2,94,1.2375,3329.99
21681.88,70.4,94,1.2375,3329.99
21681.88,68.62,94,0.0,3329.99
21681.88,68.62,81,1.25,3329.99
21681.88,68.04,81,0.0,3329.99
21681.88,67.8,94,0.0,3329.99
21681.88,67.89,94,1.25,3329.99
21681.88,68.04,94,0.0,3329.99
21681.88,68.35,94,0.0,3329.99
21681.88,68.62,94,1.2375,3329.99
21681.88,69.0,94,0.0,3329.99
21681.88,69.0,94,0.0,3329.99
21681.88,69.07,94,1.2375,3329.99
21681.88,71.16,94,0.0,3329.99
21681.88,71.04,94,0.0,3329.99
21681.88,71.9,94,1.25,3329.99
21681.88,72.08,94,0.0,3329.99
21681.88,71.89,94,0.0,3329.99
21681.88,71.68,94,0.0,3329.99
21681.88,71.7,94,1.25,3329.99
21681.88,71.62,94,1.2375,3329.99
21681.88,71.58,94,0.0,3329.99
21681.88,71.84,94,0.0,3329.99
21681.88,71.7,94,1.2375,3329.99
21681.88,71.62,94,0.0,3329.99
21681.88,71.63,95,2.4875,3329.99
21681.88,71.3,95,0.0,3329.99
21681.88,70.58,79,0.0,3329.99
21681.88,70.75,79,1.2375,3329.99
21681.88,70.81,95,0.0,3329.99
21681.88,70.68,95,0.0,3329.99
21681.88,70.77,95,1.2375,3329.99
21681.88,70.88,95,0.0,3329.99
21681.88,71.07,95,0.0,3329.99
21681.88,71.47,95,0.0,3329.99
21681.88,71.47,95,1.2125,3329.99
21681.88,71.58,96,0.0,3329.99
21681.88,72.04,96,0.0,3329.99
21681.88,71.89,96,1.2125,3329.99
21681.88,71.97,95,0.0,3329.99
21681.88,72.07,95,0.0,3329.99
21681.88,72.09,95,1.2125,3329.99
21681.88,72.05,95,0.0,3329.99
21681.88,71.94,95,0.0,3329.99
21681.88,71.92,95,2.375,3329.99
21681.88,74.25,95,0.0,3329.99
21681.88,73.54,78,2.4375,3329.99
21681.88,74.06,78,0.0,3329.99
21681.88,74.6,95,0.0,3329.99
21681.88,74.9,95,0.0,3329.99
21681.88,74.99,95,1.2375,3329.99
21681.88,74.84,95,0.0,3329.99
21681.88,74.69,95,0.0,3329.99
21681.88,74.6,95,1.225,3329.99
21681.88,74.21,95,1.2125,3329.99
21681.88,73.87,93,0.0,3329.99
21681.88,71.29,93,1.2125,3329.99
21681.88,71.67,93,0.0,3329.99
21681.88,71.67,93,0.0,3329.99
21681.88,71.25,94,0.0,3329.99
21681.88,71.06,93,0.0,3329.99
21681.88,70.82,93,1.1875,3329.99
21681.88,70.88,93,0.0,3329.99
21681.88,70.75,94,1.2125,3329.99
21681.88,70.6,94,0.0,3329.99
21681.88,70.73,94,0.0,3329.99
21681.88,70.85,94,2.4125,3329.99
21681.88,73.24,80,0.0,3329.99
21681.88,72.83,80,0.0,3329.99
21681.88,73.01,80,1.2125,3329.99
21681.88,73.39,94,0.0,3329.99
21681.88,73.63,95,0.0,3329.99
21681.88,73.81,95,0.0,3329.99
21681.88,73.79,95,1.2125,3329.99
21681.88,73.66,95,0.0,3329.99
21681.88,73.7,95,0.0,3329.99
21681.88,73.64,95,1.2125,3329.99
21681.88,71.37,95,0.0,3329.99
21681.88,70.14,95,1.225,3329.99
21681.88,69.55,81,0.0,3329.99
21681.88,69.25,81,0.0,3329.99
21681.88,69.31,81,0.0,3329.99
21681.88,69.3,93,1.225,3329.99
21681.88,69.33,93,0.0,3329.99
21681.88,69.33,94,0.0,3329.99
21681.88,69.62,94,0.0,3329.99
21681.88,69.62,94,0.0,3329.99
21681.88,69.73,94,1.225,3329.99
21681.88,69.7,94,0.0,3329.99
21681.88,69.64,94,0.0,3329.99
21681.88,71.43,94,1.2,3329.99
21681.88,71.32,94,0.0,3329.99
21681.88,71.32,94,1.2125,3329.99
21681.88,71.05,94,0.0,3329.99
21681.88,70.69,94,0.0,3329.99
21681.88,70.36,94,1.2125,3329.99
21681.88,69.52,94,1.225,3329.99
21681.88,69.79,80,1.225,3329.99
21681.88,69.91,80,0.0,3329.99
21681.88,70.47,94,0.0,3329.99
21681.88,71.0,94,1.225,3329.99
21681.88,71.0,95,0.0,3329.99
21681.88,71.57,95,1.2125,3329.99
21681.88,71.57,95,0.0,3329.99
21681.88,71.57,95,0.0,3329.99
21681.88,71.43,93,0.0,3329.99
21681.88,71.26,93,1.225,3329.99
21681.88,71.78,94,0.0,3329.99
21681.88,71.21,94,0.0,3329.99
21681.88,71.26,93,0.0,3329.99
21681.88,70.83,93,0.0,3329.99
21681.88,70.72,94,1.2,3329.99
21681.88,70.73,94,0.0,3329.99
21681.88,70.73,94,0.0,3329.99
21681.88,70.88,94,1.2125,3329.99
21681.88,70.96,94,0.0,3329.99
21681.88,71.09,94,0.0,3329.99
21681.88,71.14,94,2.4125,3329.99
21681.88,71.38,94,0.0,3329.99
21681.88,71.58,79,1.2125,3329.99
21681.88,71.59,94,0.0,3329.99
21681.88,71.95,94,0.0,3329.99
21681.88,72.16,94,1.2125,3329.99
21681.88,72.3,94,0.0,3329.99
21681.88,72.34,92,0.0,3329.99
21681.88,72.48,92,0.0,3329.99
21681.88,72.73,93,2.4375,3329.99
21681.88,72.81,93,0.0,3329.99
21681.88,72.66,94,0.0,3329.99
21681.88,72.65,94,1.2125,3329.99
21681.88,72.74,94,0.0,3329.99
21681.88,72.72,94,0.0,3329.99
21681.88,72.7,93,1.2125,3329.99
21681.88,72.72,93,0.0,3329.99
21681.88,72.97,93,0.0,3329.99
21681.88,72.93,93,1.2125,3329.99
21681.88,72.77,93,0.0,3329.99
21681.88,72.72,93,0.0,3329.99
21681.88,72.88,94,1.225,3329.99
21681.88,72.77,94,1.1875,3329.99
21681.88,72.31,79,1.225,3329.99
21681.88,72.05,79,0.0,3329.99
21681.88,72.01,93,0.0,3329.99
21681.88,72.0,93,0.0,3329.99
21681.88,71.88,93,1.225,3329.99
21681.88,71.69,93,0.0,3329.99
21681.88,71.64,94,0.0,3329.99
21681.88,71.72,94,0.0,3329.99
21681.88,71.64,94,1.225,3329.99
21681.88,71.58,94,0.0,3329.99
21681.88,71.64,94,0.0,3329.99
21681.88,72.16,94,1.225,3329.99
21681.88,72.46,94,0.0,3329.99
21681.88,72.52,94,0.0,3329.99
21681.88,72.57,94,0.0,3329.99
21681.88,72.7,94,1.225,3329.99
21681.88,72.72,94,0.0,3329.99
21681.88,72.07,94,0.0,3329.99
21681.88,71.84,94,0.0,3329.99
21681.88,71.67,94,0.0,3329.99
21681.88,68.73,94,2.425,3329.99
21681.88,68.14,78,1.225,3329.99
21681.88,68.15,78,0.0,3329.99
21681.88,68.24,93,0.0,3329.99
21681.88,68.08,93,0.0,3329.99
21681.88,67.76,94,1.225,3329.99
21681.88,67.68,94,0.0,3329.99
21681.88,67.75,94,0.0,3329.99
21681.88,67.87,94,0.0,3329.99
21681.88,67.98,93,0.0,3329.99
21681.88,67.97,93,2.45,3329.99
21681.88,70.83,94,0.0,3329.99
21681.88,71.3,94,0.0,3329.99
21681.88,71.22,94,0.0,3329.99
21681.88,71.08,94,1.225,3329.99
21681.88,71.03,94,0.0,3329.99
21681.88,71.26,94,0.0,3329.99
21681.88,71.4,94,2.4375,3329.99
21681.88,72.23,94,0.0,3329.99
21681.88,71.58,79,0.0,3329.99
21681.88,71.9,79,1.225,3329.99
21681.88,72.38,94,0.0,3329.99
21681.88,72.8,94,0.0,3329.99
21681.88,73.11,94,0.0,3329.99
21681.88,73.31,94,0.0,3329.99
21681.88,73.39,94,1.2125,3329.99
21681.88,73.38,94,0.0,3329.99
21681.88,73.19,94,0.0,3329.99
21681.88,72.88,94,1.2125,3329.99
21681.88,72.04,94,0.0,3329.99
21681.88,72.77,94,0.0,3329.99
21681.88,72.84,94,0.0,3329.99
21681.88,72.9,94,2.425,3329.99
21681.88,72.92,94,0.0,3329.99
21681.88,73.02,92,0.0,3329.99
21681.88,73.18,92,0.0,3329.99
21681.88,73.13,92,1.2125,3329.99
21681.88,72.95,92,0.0,3329.99
21681.88,72.78,93,1.2125,3329.99
21681.88,72.67,93,1.2125,3329.99
21681.88,74.51,79,0.0,3329.99
21681.88,73.78,79,0.0,3329.99
21681.88,73.59,94,0.0,3329.99
21681.88,73.35,94,1.2125,3329.99
21681.88,73.27,94,0.0,3329.99
21681.88,73.09,94,0.0,3329.99
21681.88,73.07,94,1.2125,3329.99
21681.88,73.41,94,0.0,3329.99
21681.88,73.66,93,0.0,3329.99
21681.88,73.77,93,0.0,3329.99
21681.88,71.62,93,1.2125,3329.99
21681.88,72.23,93,1.2125,3329.99
21681.88,72.23,92,0.0,3329.99
21681.88,72.33,92,0.0,3329.99
21681.88,72.32,94,1.225,3329.99
21681.88,72.39,94,1.2125,3329.99
21681.88,69.82,75,1.225,3329.99
21681.88,69.85,75,0.0,3329.99
21681.88,68.71,98,0.0,3329.99
21681.88,68.49,98,0.0,3329.99
21681.88,68.57,94,1.225,3329.99
21681.88,69.16,94,0.0,3329.99
21681.88,69.46,95,0.0,3329.99
21681.88,69.39,92,0.0,3329.99
21681.88,69.36,92,0.0,3329.99
21681.88,69.03,95,1.225,3329.99
21681.88,68.97,95,0.0,3329.99
21681.88,71.46,93,0.0,3329.99
21681.88,71.04,93,0.0,3329.99
21681.88,71.94,94,1.2125,3329.99
21681.88,72.23,94,0.0,3329.99
21681.88,72.33,94,0.0,3329.99
21681.88,72.07,94,0.0,3329.99
21681.88,72.13,93,2.45,3329.99
21681.88,72.12,93,0.0,3329.99
21681.88,72.15,94,0.0,3329.99
21681.88,71.9,94,1.225,3329.99
21681.88,69.27,86,1.225,3329.99
21681.88,68.79,86,0.0,3329.99
21681.88,68.82,90,1.2125,3329.99
21681.88,68.96,90,0.0,3329.99
21681.88,69.09,94,0.0,3329.99
21681.88,69.18,94,1.2125,3329.99
21681.88,69.23,94,0.0,3329.99
21681.88,69.54,94,0.0,3329.99
21681.88,69.42,94,0.0,3329.99
21681.88,69.28,94,1.2125,3329.99
21681.88,69.22,94,0.0,3329.99
21681.88,71.47,94,1.2125,3329.99
21681.88,71.88,94,0.0,3329.99
21681.88,71.74,94,0.0,3329.99
21681.88,71.44,93,0.0,3329.99
21681.88,71.1,93,1.225,3329.99
21681.88,70.9,93,0.0,3329.99
21681.88,70.83,94,0.0,3329.99
21681.88,70.35,93,0.0,3329.99
21681.88,70.16,93,1.225,3329.99
21681.88,69.9,93,0.0,3329.99
21681.88,67.3,93,1.225,3329.99
21681.88,67.56,84,0.0,3329.99
21681.88,67.9,84,1.225,3329.99
21681.88,67.5,91,0.0,3329.99
21681.88,67.75,91,0.0,3329.99
21681.88,67.75,94,0.0,3329.99
21681.88,67.94,94,1.225,3329.99
21681.88,68.19,94,0.0,3329.99
21681.88,68.34,94,0.0,3329.99
21681.88,68.7,94,0.0,3329.99
21681.88,68.85,94,1.1875,3329.99
21681.88,69.39,94,0.0,3329.99
21681.88,72.2,94,0.0,3329.99
21681.88,72.15,94,1.225,3329.99
21681.88,71.88,92,1.2125,3329.99
21681.88,72.0,92,0.0,3329.99
21681.88,71.79,94,0.0,3329.99
21681.88,71.77,94,1.225,3329.99
21681.88,71.94,94,0.0,3329.99
21681.88,71.56,94,0.0,3329.99
21681.88,71.81,94,0.0,3329.99
21681.88,71.73,94,1.225,3329.99
21681.88,71.75,94,0.0,3329.99
21681.88,71.51,94,0.0,3329.99
21681.88,71.7,94,2.425,3329.99
21681.88,73.61,94,1.2125,3329.99
21681.88,73.28,79,0.0,3329.99
21681.88,73.3,79,0.0,3329.99
21681.88,73.34,94,0.0,3329.99
21681.88,73.45,94,1.2125,3329.99
21681.88,74.04,93,0.0,3329.99
21681.88,74.0,93,1.2,3329.99
21681.88,73.86,94,0.0,3329.99
21681.88,73.81,94,0.0,3329.99
21681.88,73.9,94,1.2125,3329.99
21681.88,73.55,94,0.0,3329.99
21681.88,71.8,95,0.0,3329.99
21681.88,72.16,95,0.0,3329.99
21681.88,72.06,96,1.2125,3329.99
21681.88,71.98,96,0.0,3329.99
21681.88,71.98,95,0.0,3329.99
21681.88,71.64,95,1.1625,3329.99
21681.88,71.52,96,2.3875,3329.99
21681.88,73.75,96,0.0,3329.99
21681.88,73.17,79,0.0,3329.99
21681.88,73.46,79,1.2125,3329.99
21681.88,73.87,96,0.0,3329.99
21681.88,74.2,96,1.2125,3329.99
21681.88,74.35,96,0.0,3329.99
21681.88,74.43,93,0.0,3329.99
21681.88,74.52,93,0.0,3329.99
21681.88,74.51,94,1.2125,3329.99
21681.88,74.48,94,0.0,3329.99
21681.88,72.21,94,0.0,3329.99
21681.88,73.09,94,1.225,3329.99
21681.88,73.25,94,0.0,3329.99
21681.88,73.24,94,0.0,3329.99
21681.88,72.92,94,0.0,3329.99
21681.88,72.72,94,1.225,3329.99
21681.88,72.45,93,1.1375,3329.99
21681.88,69.2,93,1.1625,3329.99
21681.88,68.65,73,0.0,3329.99
21681.88,68.3,73,1.225,3329.99
21681.88,68.62,94,0.0,3329.99
21681.88,68.86,94,0.0,3329.99
21681.88,68.79,94,1.225,3329.99
21681.88,68.71,94,0.0,3329.99
21681.88,68.74,93,0.0,3329.99
21681.88,69.05,93,1.2125,3329.99
21681.88,69.06,93,0.0,3329.99
21681.88,69.04,93,0.0,3329.99
21681.88,71.95,93,1.2125,3329.99
21681.88,72.13,93,0.0,3329.99
21681.88,72.52,94,0.0,3329.99
21681.88,72.35,94,2.425,3329.99
21681.88,72.53,94,0.0,3329.99
21681.88,72.65,94,0.0,3329.99
21681.88,72.75,94,1.2125,3329.99
21681.88,72.61,94,0.0,3329.99
21681.88,72.44,94,0.0,3329.99
21681.88,72.26,95,0.0,3329.99
21681.88,71.61,95,2.4875,3329.99
21681.88,72.33,78,0.0,3329.99
21681.88,72.25,78,0.0,3329.99
21681.88,71.84,78,1.25,3329.99
21681.88,71.76,97,0.0,3329.99
21681.88,71.78,97,0.0,3329.99
21681.88,71.78,97,0.0,3329.99
21681.88,71.81,96,1.2375,3329.99
21681.88,71.81,96,0.0,3329.99
21681.88,71.9,96,0.0,3329.99
21681.88,71.83,95,1.25,3329.99
21681.88,72.11,95,0.0,3329.99
21681.88,72.88,95,0.0,3329.99
21681.88,72.14,95,0.0,3329.99
21681.88,71.89,94,0.0,3329.99
21681.88,72.33,94,1.25,3329.99
21681.88,72.41,95,0.0,3329.99
21681.88,72.34,94,0.0,3329.99
21681.88,72.19,94,0.0,3329.99
21681.88,72.04,95,0.0,3329.99
21681.88,71.87,95,1.25,3329.99
21681.88,72.22,94,0.0,3329.99
21681.88,72.06,94,0.0,3329.99
21681.88,72.04,94,0.0,3329.99
21681.88,72.26,94,3.7375,3330.12
21681.88,74.34,76,0.0,3330.12
21681.88,73.55,76,1.25,3330.12
21681.88,73.65,94,0.0,3330.12
21681.88,73.7,94,0.0,3330.12
21681.88,73.53,94,0.0,3330.12
21681.88,73.59,94,1.25,3330.12
21681.88,73.58,94,0.0,3330.12
21681.88,73.73,94,0.0,3330.12
21681.88,73.74,94,0.0,3330.12
21681.88,73.64,94,1.25,3330.12
21681.88,73.64,94,0.0,3330.12
21681.88,73.51,95,0.0,3330.12
21681.88,71.22,95,1.2375,3330.12
21681.88,71.81,96,0.0,3330.12
21681.88,71.67,96,0.0,3330.12
21681.88,71.59,96,1.2375,3330.12
21681.88,71.78,96,0.0,3330.12
21681.88,71.89,96,0.0,3330.12
21681.88,72.02,96,0.0,3330.12
21681.88,72.08,96,1.2375,3330.12
21681.88,72.14,95,0.0,3330.12
21681.88,72.3,95,1.2125,3330.12
21681.88,73.5,82,1.2125,3330.12
21681.88,72.93,82,0.0,3330.12
21681.88,72.94,96,0.0,3330.12
21681.88,73.12,96,1.2125,3330.12
21681.88,73.29,95,0.0,3330.12
21681.88,73.33,95,0.0,3330.12
21681.88,73.43,95,1.2125,3330.12
21681.88,73.46,95,0.0,3330.12
21681.88,73.37,94,0.0,3330.12
21681.88,73.25,94,1.2125,3330.12
21681.88,72.91,94,0.0,3330.12
21681.88,71.57,94,0.0,3330.12
21681.88,71.78,94,1.2125,3330.12
21681.88,71.63,94,0.0,3330.12
21681.88,71.58,94,3.65,3330.12
21681.88,70.09,79,0.0,3330.12
21681.88,69.42,79,0.0,3330.12
21681.88,69.15,94,1.2125,3330.12
21681.88,69.33,94,0.0,3330.12
21681.88,69.86,92,0.0,3330.12
21681.88,70.77,92,1.2125,3330.12
21681.88,71.15,92,0.0,3330.12
21681.88,71.63,93,0.0,3330.12
21681.88,71.65,93,1.2125,3330.12
21681.88,71.48,93,0.0,3330.12
21681.88,72.51,94,0.0,3330.12
21681.88,72.96,94,0.0,3330.12
21681.88,72.92,94,1.2125,3330.12
21681.88,72.79,94,0.0,3330.12
21681.88,72.7,92,0.0,3330.12
21681.88,72.52,92,0.0,3330.12
21681.88,72.21,94,1.225,3330.12
21681.88,69.2,94,2.4375,3330.12
21681.88,69.22,79,0.0,3330.12
21681.88,69.04,79,0.0,3330.12
21681.88,69.26,94,0.0,3330.12
21681.88,69.67,94,0.0,3330.12
21681.88,69.93,93,1.225,3330.12
21681.88,70.14,93,0.0,3330.12
21681.88,70.19,94,0.0,3330.12
21681.88,70.09,94,0.0,3330.12
21681.88,69.96,93,1.225,3330.12
21681.88,70.23,93,0.0,3330.12
21681.88,73.0,93,0.0,3330.12
21681.88,72.7,93,0.0,3330.12
21681.88,72.85,93,1.225,3330.12
21681.88,72.85,93,0.0,3330.12
21681.88,72.77,93,0.0,3330.12
21681.88,72.7,93,0.0,3330.12
21681.88,72.68,95,0.0,3330.12
21681.88,72.61,95,1.225,3330.12
21681.88,72.52,96,0.0,3330.12
21681.88,72.48,96,0.0,3330.12
21681.88,72.29,96,1.125,3330.12
21681.88,72.19,96,2.4,3330.12
21681.88,73.17,83,0.0,3330.12
21681.88,73.01,83,0.0,3330.12
21681.88,72.94,96,0.0,3330.12
21681.88,72.97,96,0.0,3330.12
21681.88,73.08,97,1.2375,3330.12
21681.88,73.11,97,0.0,3330.12
21681.88,73.04,96,0.0,3330.12
21681.88,72.93,96,0.0,3330.12
21681.88,72.95,96,0.0,3330.12
21681.88,72.91,96,0.0,3330.12
21681.88,73.01,96,1.225,3330.12
21681.88,72.04,96,0.0,3330.12
21681.88,72.1,96,0.0,3330.12
21681.88,72.01,96,0.0,3330.12
21681.88,72.01,96,0.0,3330.12
21681.88,72.02,96,1.225,3330.12
21681.88,72.01,96,0.0,3330.12
21681.88,71.85,96,0.0,3330.12
21681.88,71.68,96,0.0,3330.12
21681.88,71.74,96,0.0,3330.12
21681.88,68.65,96,1.2375,3330.12
21681.88,67.85,84,0.0,3330.12
21681.88,67.96,84,0.0,3330.12
21681.88,68.23,84,0.0,3330.12
21681.88,68.26,96,1.2375,3330.12
21681.88,68.31,96,0.0,3330.12
21681.88,68.22,95,0.0,3330.12
21681.88,68.27,95,0.0,3330.12
21681.88,68.49,96,0.0,3330.12
21681.88,68.49,96,1.225,3330.12
21681.88,68.65,96,1.2375,3330.12
21681.88,68.61,96,0.0,3330.12
21681.88,71.7,96,0.0,3330.12
21681.88,72.45,96,0.0,3330.12
21681.88,72.44,96,0.0,3330.12
21681.88,72.15,95,1.225,3330.12
21681.88,72.04,95,0.0,3330.12
21681.88,72.17,96,0.0,3330.12
21681.88,72.11,96,0.0,3330.12
21681.88,71.92,96,0.0,3330.12
21681.88,71.75,96,0.0,3330.12
21681.88,71.73,97,2.4625,3330.12
21681.88,73.84,97,0.0,3330.12
21681.88,73.27,84,0.0,3330.12
21681.88,73.44,84,0.0,3330.12
21681.88,73.62,96,0.0,3330.12
21681.88,73.73,96,0.0,3330.12
21681.88,73.81,95,0.0,3330.12
21681.88,73.65,95,1.2375,3330.12
21681.88,73.63,95,0.0,3330.12
21681.88,73.75,96,0.0,3330.12
21681.88,73.94,96,0.0,3330.12
21681.88,74.02,96,0.0,3330.12
21681.88,71.88,96,0.0,3330.12
21681.88,71.88,96,0.0,3330.12
21681.88,72.45,96,1.225,3330.12
21681.88,72.38,96,0.0,3330.12
21681.88,72.37,95,1.225,3330.12
21681.88,70.67,95,1.225,3330.12
21681.88,70.53,86,0.0,3330.12
21681.88,70.25,86,0.0,3330.12
21681.88,70.31,96,0.0,3330.12
21681.88,70.38,96,0.0,3330.12
21681.88,70.29,96,0.0,3330.12
21681.88,70.3,96,1.2375,3330.12
21681.88,70.39,97,0.0,3330.12
21681.88,70.41,97,0.0,3330.12
21681.88,70.05,95,0.0,3330.12
21681.88,69.78,95,0.0,3330.12
21681.88,70.84,94,1.2125,3330.12
21681.88,70.71,93,0.0,3330.12
21681.88,71.16,93,0.0,3330.12
21681.88,71.23,94,1.2125,3330.12
21681.88,71.57,94,0.0,3330.12
21681.88,71.8,94,0.0,3330.12
21681.88,71.86,94,0.0,3330.12
21681.88,71.75,94,1.2125,3330.12
21681.88,71.93,94,1.2125,3330.12
21681.88,71.19,80,2.4375,3330.12
21681.88,70.27,80,0.0,3330.12
21681.88,70.2,95,0.0,3330.12
21681.88,69.96,95,0.0,3330.12
21681.88,69.87,94,1.2125,3330.12
21681.88,69.81,94,0.0,3330.12
21681.88,69.58,94,0.0,3330.12
21681.88,69.52,94,0.0,3330.12
21681.88,69.52,94,1.2125,3330.12
21681.88,69.33,94,0.0,3330.12
21681.88,69.18,94,0.0,3330.12
21681.88,69.75,94,1.2125,3330.12
21681.88,70.81,94,0.0,3330.12
21681.88,71.04,94,0.0,3330.12
21681.88,71.04,94,0.0,3330.12
21681.88,71.46,94,1.2125,3330.12
21681.88,71.46,95,1.2125,3330.12
21681.88,72.11,95,0.0,3330.12
21681.88,72.13,92,1.2125,3330.12
21681.88,72.12,92,0.0,3330.12
21681.88,72.27,93,0.0,3330.12
21681.88,72.4,93,2.3625,3330.12
21681.88,69.27,79,0.0,3330.12
21681.88,68.49,79,1.2125,3330.12
21681.88,68.45,92,0.0,3330.12
21681.88,68.41,92,0.0,3330.12
21681.88,68.34,93,0.0,3330.12
21681.88,68.26,93,1.2125,3330.12
21681.88,68.13,92,0.0,3330.12
21681.88,68.18,92,0.0,3330.12
21681.88,68.3,93,0.0,3330.12
21681.88,68.22,93,1.2125,3330.12
21681.88,68.17,94,0.0,3330.12
21681.88,71.36,93,1.2125,3330.12
21681.88,72.34,93,0.0,3330.12
21681.88,72.5,92,1.225,3330.12
21681.88,72.44,92,0.0,3330.12
21681.88,72.45,94,0.0,3330.12
21681.88,72.46,94,0.0,3330.12
21681.88,72.51,94,0.0,3330.12
21681.88,72.53,94,1.2125,3330.12
21681.88,72.54,93,0.0,3330.12
21681.88,72.61,93,0.0,3330.12
21681.88,70.37,88,2.4375,3330.12
21681.88,69.77,88,0.0,3330.12
21681.88,69.71,87,1.2375,3330.12
21681.88,69.89,87,0.0,3330.12
21681.88,70.02,93,0.0,3330.12
21681.88,70.12,93,1.2125,3330.12
21681.88,70.2,93,0.0,3330.12
21681.88,70.35,93,0.0,3330.12
21681.88,70.3,94,1.2125,3330.12
21681.88,69.98,94,0.0,3330.12
21681.88,69.78,93,0.0,3330.12
21681.88,71.9,93,1.2125,3330.12
21681.88,72.06,93,0.0,3330.12
21681.88,71.87,93,0.0,3330.12
21681.88,71.08,93,1.2125,3330.12
21681.88,70.97,93,0.0,3330.12
21681.88,70.77,93,0.0,3330.12
21681.88,70.5,93,0.0,3330.12
21681.88,70.16,94,1.2125,3330.12
21681.88,69.88,94,0.0,3330.12
21681.88,70.01,94,0.0,3330.12
21681.88,70.07,90,2.3375,3330.12
21681.88,69.15,90,1.2125,3330.12
21681.88,69.22,82,1.2125,3330.12
21681.88,69.0,82,0.0,3330.12
21681.88,69.45,94,0.0,3330.12
21681.88,69.53,94,1.2125,3330.12
21681.88,69.56,94,0.0,3330.12
21681.88,69.5,94,0.0,3330.12
21681.88,69.73,93,1.225,3330.12
21681.88,69.91,93,0.0,3330.12
21681.88,69.97,94,0.0,3330.12
21681.88,70.83,94,0.0,3330.12
21681.88,71.0,93,1.2125,3330.12
21681.88,71.39,93,0.0,3330.12
21681.88,71.51,93,0.0,3330.12
21681.88,71.53,92,0.0,3330.12
21681.88,71.51,95,2.4375,3330.12
21681.88,71.89,95,0.0,3330.12
21681.88,71.07,81,0.0,3330.12
21681.88,71.08,81,1.225,3330.12
21681.88,71.29,94,0.0,3330.12
21681.88,71.51,94,0.0,3330.12
21681.88,71.51,94,1.225,3330.12
21681.88,72.11,94,0.0,3330.12
21681.88,72.11,94,0.0,3330.12
21681.88,72.47,94,0.0,3330.12
21681.88,72.37,94,1.225,3330.12
21681.88,72.18,94,0.0,3330.12
21681.88,71.71,94,0.0,3330.12
21681.88,72.68,94,1.2125,3330.12
21681.88,72.78,93,0.0,3330.12
21681.88,72.85,93,0.0,3330.12
21681.88,72.9,93,1.2125,3330.12
21681.88,73.16,93,1.1875,3330.12
21681.88,73.16,94,0.0,3330.12
21681.88,73.39,94,1.2,3330.12
21681.88,73.46,80,0.0,3330.12
21681.88,73.46,80,0.0,3330.12
21681.88,73.73,93,0.0,3330.12
21681.88,73.89,93,2.4625,3330.12
21681.88,73.78,94,0.0,3330.12
21681.88,73.77,94,0.0,3330.12
21681.88,73.75,93,1.2125,3330.12
21681.88,73.68,93,0.0,3330.12
21681.88,73.3,94,0.0,3330.12
21681.88,73.3,94,1.2125,3330.12
21681.88,72.68,94,0.0,3330.12
21681.88,72.68,94,0.0,3330.12
21681.88,72.83,94,0.0,3330.12
21681.88,72.74,94,0.0,3330.12
21681.88,72.85,94,1.2125,3330.12
21681.88,73.0,94,0.0,3330.12
21681.88,72.96,94,0.0,3330.12
21681.88,72.81,93,1.2125,3330.12
21681.88,72.65,93,1.2125,3330.12
21681.88,72.9,94,2.4375,3330.12
21681.88,75.21,94,0.0,3330.12
21681.88,74.27,77,0.0,3330.12
21681.88,73.89,77,1.225,3330.12
21681.88,73.78,93,0.0,3330.12
21681.88,73.77,93,0.0,3330.12
21681.88,73.71,93,1.225,3330.12
21681.88,73.67,93,0.0,3330.12
21681.88,73.69,94,0.0,3330.12
21681.88,73.84,94,1.225,3330.12
21681.88,73.85,94,0.0,3330.12
21681.88,73.63,94,0.0,3330.12
21681.88,71.29,93,0.0,3330.12
21681.88,72.06,93,1.225,3330.12
21681.88,72.33,93,0.0,3330.12
21681.88,72.51,93,0.0,3330.12
21681.88,72.54,93,1.2125,3330.12
21681.88,72.64,92,0.0,3330.12
21681.88,72.57,92,0.0,3330.12
21681.88,72.43,93,1.2125,3330.12
21681.88,72.15,93,2.425,3330.12
21681.88,69.45,79,0.0,3330.12
21681.88,68.69,79,0.0,3330.12
21681.88,68.88,94,0.0,3330.12
21681.88,69.19,94,0.0,3330.12
21681.88,69.01,95,1.2125,3330.12
21681.88,69.14,95,0.0,3330.12
21681.88,69.14,95,0.0,3330.12
21681.88,69.22,95,1.25,3330.12
21681.88,69.11,96,0.0,3330.12
21681.88,68.92,96,0.0,3330.12
21681.88,71.42,96,0.0,3330.12
21681.88,71.42,96,1.2375,3330.12
21681.88,72.0,96,0.0,3330.12
21681.88,72.0,96,1.2375,3330.12
21681.88,71.89,96,2.4875,3330.12
21681.88,71.94,96,0.0,3330.12
21681.88,73.69,83,0.0,3330.12
21681.88,72.79,83,1.2375,3330.12
21681.88,72.69,96,0.0,3330.12
21681.88,72.68,96,0.0,3330.12
21681.88,73.61,96,0.0,3330.12
21681.88,73.76,96,0.0,3330.12
21681.88,73.95,96,1.2375,3330.12
21681.88,74.06,96,0.0,3330.12
21681.88,73.91,96,0.0,3330.12
21681.88,73.6,96,1.2375,3330.12
21681.88,71.73,96,0.0,3330.12
21681.88,72.17,96,0.0,3330.12
21681.88,72.06,96,0.0,3330.12
21681.88,72.05,96,1.2375,3330.12
21681.88,72.0,96,0.0,3330.12
21681.88,71.93,96,0.0,3330.12
21681.88,72.27,95,2.4875,3330.12
21681.88,74.0,95,0.0,3330.12
21681.88,73.19,82,1.25,3330.12
21681.88,73.33,82,0.0,3330.12
21681.88,73.69,82,0.0,3330.12
21681.88,73.69,95,0.0,3330.12
21681.88,73.86,95,1.25,3330.12
21681.88,74.13,95,0.0,3330.12
21681.88,74.33,96,0.0,3330.12
21681.88,74.27,96,1.2375,3330.12
21681.88,74.07,96,0.0,3330.12
21681.88,73.42,96,0.0,3330.12
21681.88,71.39,95,1.2375,3330.12
21681.88,71.92,95,0.0,3330.12
21681.88,71.95,96,0.0,3330.12
21681.88,71.94,96,0.0,3330.12
21681.88,71.96,93,1.25,3330.12
21681.88,72.05,93,0.0,3330.12
21681.88,71.98,93,0.0,3330.12
21681.88,71.83,93,0.0,3330.12
21681.88,71.6,94,2.4625,3330.12
21681.88,70.3,94,0.0,3330.12
21681.88,69.67,79,2.45,3330.12
21681.88,69.96,79,0.0,3330.12
21681.88,70.09,94,0.0,3330.12
21681.88,70.12,94,0.0,3330.12
21681.88,69.98,94,1.2125,3330.12
21681.88,70.0,94,0.0,3330.12
21681.88,70.07,94,0.0,3330.12
21681.88,70.0,93,1.225,3330.12
21681.88,69.83,93,0.0,3330.12
21681.88,71.07,94,0.0,3330.12
21681.88,72.04,94,0.0,3330.12
21681.88,72.04,94,1.225,3330.12
21681.88,69.94,94,1.2125,3330.12
21681.88,69.23,94,1.225,3330.12
21681.88,69.23,79,0.0,3330.12
21681.88,69.12,79,0.0,3330.12
21681.88,69.22,93,0.0,3330.12
21681.88,69.22,93,1.225,3330.12
21681.88,69.48,94,0.0,3330.12
21681.88,69.85,94,0.0,3330.12
21681.88,70.2,94,0.0,3330.12
21681.88,70.64,94,1.225,3330.12
21681.88,70.45,94,0.0,3330.12
21681.88,70.39,93,0.0,3330.12
21681.88,72.62,93,0.0,3330.12
21681.88,73.05,93,1.2125,3330.12
21681.88,72.99,93,0.0,3330.12
21681.88,72.74,94,0.0,3330.12
21681.88,72.4,94,1.2125,3330.12
21681.88,71.93,93,0.0,3330.12
21681.88,71.6,93,2.4375,3330.12
21681.88,73.07,80,0.0,3330.12
21681.88,73.17,80,0.0,3330.12
21681.88,71.86,97,0.0,3330.12
21681.88,71.95,97,1.2125,3330.12
21681.88,72.24,93,0.0,3330.12
21681.88,72.27,93,0.0,3330.12
21681.88,72.21,93,1.2125,3330.12
21681.88,72.47,93,0.0,3330.12
21681.88,72.75,94,0.0,3330.12
21681.88,72.86,94,1.2125,3330.12
21681.88,72.77,93,0.0,3330.12
21681.88,70.94,93,0.0,3330.12
21681.88,70.96,94,0.0,3330.12
21681.88,71.99,94,1.2125,3330.12
21681.88,72.01,94,1.2125,3330.12
21681.88,71.74,94,0.0,3330.12
21681.88,71.74,93,0.0,3330.12
21681.88,71.77,93,1.2125,3330.12
21681.88,71.47,93,0.0,3330.12
21681.88,71.57,94,0.0,3330.12
21681.88,71.38,94,1.2125,3330.12
21681.88,71.33,94,0.0,3330.12
21681.88,71.41,94,0.0,3330.12
21681.88,70.79,91,2.425,3330.12
21681.88,71.36,91,0.0,3330.12
21681.88,70.96,81,1.2125,3330.12
21681.88,71.23,81,0.0,3330.12
21681.88,71.39,92,0.0,3330.12
21681.88,71.42,92,0.0,3330.12
21681.88,71.1,92,1.2125,3330.12
21681.88,71.26,92,0.0,3330.12
21681.88,71.7,94,0.0,3330.12
21681.88,71.77,94,1.2125,3330.12
21681.88,71.77,93,0.0,3330.12
21681.88,72.44,93,0.0,3330.12
21681.88,71.71,94,1.2125,3330.12
21681.88,71.98,94,0.0,3330.12
21681.88,71.95,94,0.0,3330.12
21681.88,71.95,94,1.2125,3330.12
21681.88,72.02,94,1.2125,3330.12
21681.88,72.41,94,0.0,3330.12
21681.88,72.41,94,1.2125,3330.12
21681.88,72.38,94,0.0,3330.12
21681.88,72.38,94,0.0,3330.12
21681.88,72.42,94,0.0,3330.12
21681.88,72.6,93,2.4125,3330.12
21681.88,74.31,77,0.0,3330.12
21681.88,73.88,77,1.2125,3330.12
21681.88,73.97,94,0.0,3330.12
21681.88,73.97,94,0.0,3330.12
21681.88,73.95,93,1.2125,3330.12
21681.88,73.88,93,0.0,3330.12
21681.88,73.52,93,0.0,3330.12
21681.88,73.48,93,1.225,3330.12
21681.88,73.16,93,0.0,3330.12
21681.88,72.73,93,0.0,3330.12
21681.88,71.1,93,1.2125,3330.12
21681.88,71.53,93,0.0,3330.12
21681.88,71.48,93,0.0,3330.12
21681.88,71.55,93,1.2125,3330.12
21681.88,71.61,93,1.2125,3330.12
21681.88,71.76,93,0.0,3330.12
21681.88,72.08,93,0.0,3330.12
21681.88,72.33,93,1.2125,3330.12
21681.88,72.3,93,0.0,3330.12
21681.88,72.57,93,0.0,3330.12
21681.88,72.97,93,2.4125,3330.12
21681.88,73.55,93,1.2125,3330.12
21681.88,73.56,80,0.0,3330.12
21681.88,73.13,80,0.0,3330.12
21681.88,73.1,95,0.0,3330.12
21681.88,73.07,95,1.225,3330.12
21681.88,72.94,95,0.0,3330.12
21681.88,72.85,95,0.0,3330.12
21681.88,72.75,95,0.0,3330.12
21681.88,72.87,95,0.0,3330.12
21681.88,72.62,95,0.0,3330.12
21681.88,72.48,95,1.2375,3330.12
21681.88,71.64,95,0.0,3330.12
21681.88,71.17,95,0.0,3330.12
21681.88,71.45,95,0.0,3330.12
21681.88,71.42,95,0.0,3330.12
21681.88,71.49,95,1.225,3330.12
21681.88,71.43,94,0.0,3330.12
21681.88,71.47,94,0.0,3330.12
21681.88,71.55,94,0.0,3330.12
21681.88,71.25,93,1.225,3330.12
21681.88,71.34,93,0.0,3330.12
21681.88,71.26,93,0.0,3330.12
21681.88,69.65,87,2.425,3330.12
21681.88,69.65,87,0.0,3330.12
21681.88,70.05,85,1.2125,3330.12
21681.88,69.19,85,1.2125,3330.12
21681.88,69.37,95,0.0,3330.12
21681.88,69.36,95,1.2125,3330.12
21681.88,69.46,94,0.0,3330.12
21681.88,69.96,94,0.0,3330.12
21681.88,70.33,94,1.2125,3330.12
21681.88,70.55,94,0.0,3330.12
21681.88,70.5,94,0.0,3330.12
21681.88,72.43,94,1.2125,3330.12
21681.88,71.79,94,0.0,3330.12
21681.88,72.5,94,0.0,3330.12
21681.88,72.51,94,1.2125,3330.12
21681.88,72.45,94,0.0,3330.12
21681.88,72.45,95,0.0,3330.12
21681.88,72.39,95,1.225,3330.12
21681.88,72.28,94,0.0,3330.12
21681.88,72.13,94,0.0,3330.12
21681.88,72.19,94,1.2125,3330.12
21681.88,72.14,94,0.0,3330.12
21681.88,72.18,94,0.0,3330.12
21681.88,72.31,94,2.425,3330.12
21681.88,72.88,77,0.0,3330.12
21681.88,72.14,77,0.0,3330.12
21681.88,72.16,92,1.225,3330.12
21681.88,72.22,92,0.0,3330.12
21681.88,72.33,92,1.225,3330.12
21681.88,72.67,92,0.0,3330.12
21681.88,72.91,92,0.0,3330.12
21681.88,72.91,92,1.2125,3330.12
21681.88,73.08,92,0.0,3330.12
21681.88,73.18,92,0.0,3330.12
21681.88,71.71,94,1.2,3330.12
21681.88,72.35,92,0.0,3330.12
21681.88,72.36,92,0.0,3330.12
21681.88,72.3,93,1.2125,3330.12
21681.88,72.2,93,0.0,3330.12
21681.88,72.29,94,0.0,3330.12
21681.88,72.23,94,0.0,3330.12
21681.88,72.09,93,1.2125,3330.12
21681.88,72.11,93,0.0,3330.12
21681.88,72.19,93,1.2,3330.12
21681.88,72.35,93,0.0,3330.12
21681.88,69.74,80,2.425,3330.12
21681.88,69.73,80,0.0,3330.12
21681.88,69.9,93,0.0,3330.12
21681.88,69.44,93,1.2125,3330.12
21681.88,69.26,93,0.0,3330.12
21681.88,69.22,93,0.0,3330.12
21681.88,69.2,94,1.2125,3330.12
21681.88,69.26,94,1.2125,3330.12
21681.88,69.36,93,0.0,3330.12
21681.88,69.41,93,1.2125,3330.12
21681.88,69.71,95,0.0,3330.12
21681.88,73.05,95,0.0,3330.12
21681.88,72.78,95,0.0,3330.12
21681.88,72.0,95,0.0,3330.12
21681.88,72.36,94,1.1875,3330.12
21681.88,72.36,96,0.0,3330.12
21681.88,72.24,96,1.2125,3330.12
21681.88,72.16,96,0.0,3330.12
21681.88,72.16,95,0.0,3330.12
21681.88,72.18,95,1.2125,3330.12
21681.88,72.18,95,0.0,3330.12
21681.88,72.0,95,0.0,3330.12
21681.88,71.78,96,0.0,3330.12
21681.88,71.8,96,2.45,3330.12
21681.88,71.8,93,0.0,3330.12
21681.88,72.3,93,0.0,3330.12
21681.88,71.76,81,1.2125,3330.12
21681.88,71.76,81,0.0,3330.12
21681.88,71.92,96,0.0,3330.12
21681.88,72.13,96,1.2125,3330.12
21681.88,72.39,95,0.0,3330.12
21681.88,72.56,95,0.0,3330.12
21681.88,72.64,94,1.2125,3330.12
21681.88,72.62,94,0.0,3330.12
21681.88,72.75,94,0.0,3330.12
21681.88,73.0,94,1.2,3330.12
21681.88,72.28,94,0.0,3330.12
21681.88,72.89,94,0.0,3330.12
21681.88,72.91,94,1.2125,3330.12
21681.88,73.0,94,1.2125,3330.12
21681.88,73.01,94,0.0,3330.12
21681.88,72.9,93,1.225,3330.12
21681.88,72.87,93,0.0,3330.12
21681.88,72.95,94,0.0,3330.12
21681.88,72.95,94,0.0,3330.12
21681.88,73.25,92,2.4375,3330.12
21681.88,75.4,92,1.2125,3330.12
21681.88,74.65,78,0.0,3330.12
21681.88,74.64,78,0.0,3330.12
21681.88,74.56,94,1.2125,3330.12
21681.88,74.37,94,0.0,3330.12
21681.88,74.06,94,0.0,3330.12
21681.88,73.88,94,1.2125,3330.12
21681.88,73.75,93,0.0,3330.12
21681.88,73.61,93,0.0,3330.12
21681.88,73.34,93,1.2125,3330.12
21681.88,72.83,93,0.0,3330.12
21681.88,70.41,93,2.3625,3330.12
21681.88,70.76,93,0.0,3330.12
21681.88,72.34,72,1.225,3330.12
21681.88,71.69,72,0.0,3330.12
21681.88,71.17,96,0.0,3330.12
21681.88,71.33,96,1.2125,3330.12
21681.88,71.65,93,1.2125,3330.12
21681.88,71.95,93,0.0,3330.12
21681.88,72.37,94,0.0,3330.12
21681.88,72.9,94,1.2125,3330.12
21681.88,73.42,94,0.0,3330.12
21681.88,73.62,94,0.0,3330.12
21681.88,73.69,94,1.2,3330.12
21681.88,71.78,95,0.0,3330.12
21681.88,72.28,95,0.0,3330.12
21681.88,72.3,96,1.2125,3330.12
21681.88,72.21,96,0.0,3330.12
21681.88,72.2,95,0.0,3330.12
21681.88,72.29,95,1.225,3330.12
21681.88,72.05,92,0.0,3330.12
21681.88,71.73,92,0.0,3330.12
21681.88,71.8,94,0.0,3330.12
21681.88,71.87,94,1.2125,3330.12
21681.88,72.42,93,1.1375,3330.12
21681.88,71.13,93,1.2125,3330.12
21681.88,71.49,78,0.0,3330.12
21681.88,71.2,78,0.0,3330.12
21681.88,71.27,94,1.2125,3330.12
21681.88,71.42,94,0.0,3330.12
21681.88,71.33,93,0.0,3330.12
21681.88,71.6,93,1.2125,3330.12
21681.88,71.99,94,0.0,3330.12
21681.88,72.36,94,0.0,3330.12
21681.88,72.51,93,1.2125,3330.12
21681.88,72.38,93,0.0,3330.12
21681.88,73.71,94,0.0,3330.12
21681.88,73.19,94,1.2125,3330.12
21681.88,73.51,94,0.0,3330.12
21681.88,73.44,93,0.0,3330.12
21681.88,73.33,93,1.2125,3330.12
21681.88,73.36,92,1.2125,3330.12
21681.88,73.22,92,0.0,3330.12
21681.88,72.22,80,1.2125,3330.12
21681.88,71.84,80,0.0,3330.12
21681.88,71.71,94,0.0,3330.12
21681.88,71.64,94,0.0,3330.12
21681.88,71.68,94,1.25,3330.12
21681.88,71.59,94,0.0,3330.12
21681.88,71.54,95,0.0,3330.12
21681.88,71.35,95,1.25,3330.12
21681.88,71.03,95,0.0,3330.12
21681.88,70.77,95,1.25,3330.12
21681.88,71.39,95,0.0,3330.12
21681.88,71.4,95,1.2375,3330.12
21681.88,71.31,94,0.0,3330.12
21681.88,71.28,94,0.0,3330.12
21681.88,71.28,93,0.0,3330.12
21681.88,71.24,93,1.2375,3330.12
21681.88,71.03,93,0.0,3330.12
21681.88,70.71,93,0.0,3330.12
21681.88,70.37,93,1.25,3330.12
21681.88,70.13,93,0.0,3330.12
21681.88,67.26,83,1.2375,3330.12
21681.88,66.62,83,1.2375,3330.12
21681.88,66.66,90,0.0,3330.12
21681.88,67.11,90,0.0,3330.12
21681.88,67.49,90,1.2375,3330.12
21681.88,67.92,94,0.0,3330.12
21681.88,68.09,92,0.0,3330.12
21681.88,68.48,92,0.0,3330.12
21681.88,68.73,92,1.25,3330.12
21681.88,69.0,93,0.0,3330.12
21681.88,69.3,93,0.0,3330.12
21681.88,72.2,93,0.0,3330.12
21681.88,72.93,93,1.25,3330.12
21681.88,73.13,94,0.0,3330.12
21681.88,73.04,93,0.0,3330.12
21681.88,73.04,93,1.2375,3330.12
21681.88,72.97,93,1.2375,3330.12
21681.88,72.97,93,0.0,3330.12
21681.88,73.08,92,0.0,3330.12
21681.88,72.99,92,1.2375,3330.12
21681.88,72.94,93,0.0,3330.12
21681.88,72.79,93,0.0,3330.12
21681.88,72.87,93,2.4875,3330.12
21681.88,73.64,93,0.0,3330.12
21681.88,73.21,81,0.0,3330.12
21681.88,73.19,81,1.2375,3330.12
21681.88,73.2,94,0.0,3330.12
21681.88,73.18,94,0.0,3330.12
21681.88,73.12,91,1.2125,3330.12
21681.88,73.19,91,0.0,3330.12
21681.88,73.29,94,0.0,3330.12
21681.88,73.33,94,1.2125,3330.12
21681.88,73.46,94,0.0,3330.12
21681.88,73.37,94,0.0,3330.12
21681.88,72.53,94,1.2125,3330.12
21681.88,72.86,94,0.0,3330.12
21681.88,72.83,93,0.0,3330.12
21681.88,72.82,93,1.2125,3330.12
21681.88,72.82,93,0.0,3330.12
21681.88,72.97,93,0.0,3330.12
21681.88,72.96,93,0.0,3330.12
21681.88,72.85,93,1.1875,3330.12
21681.88,72.84,93,0.0,3330.12
21681.88,72.8,93,2.425,3330.12
21681.88,75.03,93,0.0,3330.12
21681.88,74.69,75,1.2375,3330.12
21681.88,74.66,75,0.0,3330.12
21681.88,74.53,93,0.0,3330.12
21681.88,74.55,93,1.225,3330.12
21681.88,74.49,94,1.2125,3330.12
21681.88,74.59,94,0.0,3330.12
21681.88,74.77,94,0.0,3330.12
21681.88,74.99,94,1.2125,3330.12
21681.88,74.81,94,0.0,3330.12
21681.88,74.67,94,0.0,3330.12
21681.88,72.63,94,1.2125,3330.12
21681.88,73.01,94,0.0,3330.12
21681.88,73.04,94,0.0,3330.12
21681.88,73.24,94,1.2125,3330.12
21681.88,73.24,94,0.0,3330.12
21681.88,73.31,94,0.0,3330.12
21681.88,73.19,93,0.0,3330.12
21681.88,73.06,93,1.2125,3330.12
21681.88,72.81,93,0.0,3330.12
21681.88,72.76,94,0.0,3330.12
21681.88,72.7,94,2.4875,3330.12
21681.88,74.26,78,1.175,3330.12
21681.88,73.67,78,0.0,3330.12
21681.88,73.68,95,0.0,3330.12
21681.88,73.65,95,1.2125,3330.12
21681.88,73.61,95,0.0,3330.12
21681.88,73.58,95,0.0,3330.12
21681.88,73.33,95,0.0,3330.12
21681.88,73.31,95,1.2125,3330.12
21681.88,73.46,95,0.0,3330.12
21681.88,73.55,95,0.0,3330.12
21681.88,71.89,96,1.2125,3330.12
21681.88,72.46,96,0.0,3330.12
21681.88,72.48,95,1.2125,3330.12
21681.88,72.23,95,0.0,3330.12
21681.88,72.34,95,1.225,3330.12
21681.88,72.34,93,0.0,3330.12
21681.88,72.49,93,0.0,3330.12
21681.88,72.51,93,0.0,3330.12
21681.88,72.62,93,1.225,3330.12
21681.88,72.68,93,1.225,3330.12
21681.88,74.99,79,0.0,3330.12
21681.88,75.05,79,1.225,3330.12
21681.88,74.11,79,0.0,3330.12
21681.88,74.11,97,0.0,3330.12
21681.88,73.82,97,1.225,3330.12
21681.88,74.04,94,0.0,3330.12
21681.88,73.89,94,0.0,3330.12
21681.88,73.73,94,0.0,3330.12
21681.88,73.44,94,1.225,3330.12
21681.88,73.42,94,0.0,3330.12
21681.88,73.57,94,0.0,3330.12
21681.88,71.19,94,0.0,3330.12
21681.88,70.96,94,1.225,3330.12
21681.88,71.86,94,0.0,3330.12
21681.88,72.11,94,0.0,3330.12
21681.88,71.95,94,0.0,3330.12
21681.88,71.8,94,1.2125,3330.12
21681.88,71.63,94,0.0,3330.12
21681.88,71.76,94,0.0,3330.12
21681.88,71.96,94,1.225,3330.12
21681.88,71.95,94,0.0,3330.12
21681.88,71.65,94,0.0,3330.12
21681.88,71.8,92,0.0,3330.12
21681.88,72.24,92,2.425,3330.12
21681.88,68.87,76,1.2125,3330.12
21681.88,67.83,76,1.225,3330.12
21681.88,67.74,96,0.0,3330.12
21681.88,67.98,96,0.0,3330.12
21681.88,68.37,94,0.0,3330.12
21681.88,68.56,94,1.225,3330.12
21681.88,68.64,93,0.0,3330.12
21681.88,68.89,93,0.0,3330.12
21681.88,69.25,93,0.0,3330.12
21681.88,69.14,93,1.2,3330.12
21681.88,68.95,93,0.0,3330.12
21681.88,72.17,94,0.0,3330.12
21681.88,73.2,94,0.0,3330.12
21681.88,73.2,93,1.2125,3330.12
21681.88,73.11,93,0.0,3330.12
21681.88,72.88,93,0.0,3330.12
21681.88,72.93,93,1.2125,3330.12
21681.88,72.75,94,0.0,3330.12
21681.88,72.63,94,0.0,3330.12
21681.88,72.62,94,0.0,3330.12
21681.88,72.5,94,0.0,3330.12
21681.88,70.35,86,2.4375,3330.12
21681.88,69.86,86,1.2125,3330.12
21681.88,69.6,86,0.0,3330.12
21681.88,69.63,86,0.0,3330.12
21681.88,69.64,94,1.2125,3330.12
21681.88,69.6,94,0.0,3330.12
21681.88,69.59,93,0.0,3330.12
21681.88,69.78,93,1.2125,3330.12
21681.88,70.04,94,0.0,3330.12
21681.88,70.13,94,0.0,3330.12
21681.88,70.22,94,2.4375,3330.12
21681.88,72.37,94,0.0,3330.12
21681.88,72.93,93,0.0,3330.12
21681.88,73.16,93,1.2125,3330.12
21681.88,73.21,93,0.0,3330.12
21681.88,73.33,93,0.0,3330.12
21681.88,73.34,93,0.0,3330.12
21681.88,73.42,94,0.0,3330.12
21681.88,73.41,94,1.2125,3330.12
21681.88,73.16,94,1.225,3330.12
21681.88,74.17,94,1.2,3330.12
21681.88,73.79,81,0.0,3330.12
21681.88,73.98,81,0.0,3330.12
21681.88,74.12,93,1.2125,3330.12
21681.88,74.13,93,0.0,3330.12
21681.88,74.15,93,0.0,3330.12
21681.88,74.21,93,0.0,3330.12
21681.88,74.19,93,0.0,3330.12
21681.88,73.84,93,0.0,3330.12
21681.88,73.56,93,1.2125,3330.12
21681.88,73.47,93,0.0,3330.12
21681.88,72.23,94,0.0,3330.12
21681.88,72.23,94,1.2125,3330.12
21681.88,72.27,94,0.0,3330.12
21681.88,71.88,94,0.0,3330.12
21681.88,71.88,94,1.2125,3330.12
21681.88,71.6,94,0.0,3330.12
21681.88,71.39,95,0.0,3330.12
21681.88,71.24,95,0.0,3330.12
21681.88,71.03,96,1.2125,3330.12
21681.88,71.03,96,0.0,3330.12
21681.88,71.31,95,2.4125,3330.12
21681.88,72.82,95,0.0,3330.12
21681.88,72.66,80,0.0,3330.12
21681.88,72.66,80,1.225,3330.12
21681.88,73.13,95,0.0,3330.12
21681.88,73.31,95,1.225,3330.12
21681.88,73.31,95,0.0,3330.12
21681.88,73.54,95,1.2,3330.12
21681.88,73.54,95,0.0,3330.12
21681.88,73.43,95,0.0,3330.12
21681.88,73.51,94,0.0,3330.12
21681.88,73.5,94,1.225,3330.12
21681.88,72.13,94,0.0,3330.12
21681.88,72.64,94,0.0,3330.12
21681.88,72.68,93,1.2125,3330.12
21681.88,72.67,93,1.1875,3330.12
21681.88,74.85,94,1.2,3330.12
21681.88,73.86,77,0.0,3330.12
21681.88,73.86,77,1.2125,3330.12
21681.88,74.37,77,0.0,3330.12
21681.88,74.66,93,0.0,3330.12
21681.88,74.66,93,0.0,3330.12
21681.88,75.41,93,1.225,3330.12
21681.88,75.41,93,0.0,3330.12
21681.88,75.54,94,0.0,3330.12
21681.88,75.41,94,0.0,3330.12
21681.88,75.32,94,1.225,3330.12
21681.88,74.8,94,0.0,3330.12
21681.88,72.11,94,0.0,3330.12
21681.88,72.51,94,0.0,3330.12
21681.88,72.33,94,0.0,3330.12
21681.88,71.94,94,1.225,3330.12
21681.88,71.73,94,1.225,3330.12
21681.88,71.58,82,1.2125,3330.12
21681.88,72.36,82,1.2125,3330.12
21681.88,72.36,94,0.0,3330.12
21681.88,72.36,94,0.0,3330.12
21681.88,72.64,94,1.2125,3330.12
21681.88,73.56,94,0.0,3330.12
21681.88,73.98,93,0.0,3330.12
21681.88,74.2,93,1.2125,3330.12
21681.88,74.53,94,0.0,3330.12
21681.88,74.71,94,0.0,3330.12
21681.88,74.26,94,0.0,3330.12
21681.88,72.71,94,1.225,3330.12
21681.88,73.33,93,0.0,3330.12
21681.88,72.96,93,0.0,3330.12
21681.88,72.6,94,0.0,3330.12
21681.88,72.37,94,0.0,3330.12
21681.88,72.15,94,1.225,3330.12
21681.88,71.94,94,1.225,3330.12
21681.88,71.75,94,0.0,3330.12
21681.88,72.02,94,0.0,3330.12
21681.88,71.33,83,0.0,3330.12
21681.88,71.77,83,1.225,3330.12
21681.88,71.9,94,0.0,3330.12
21681.88,71.95,94,0.0,3330.12
21681.88,72.37,94,0.0,3330.12
21681.88,72.75,94,1.2125,3330.12
21681.88,73.09,92,0.0,3330.12
21681.88,73.31,92,0.0,3330.12
21681.88,73.57,94,0.0,3330.12
21681.88,73.44,94,1.225,3330.12
21681.88,72.87,94,0.0,3330.12
21681.88,73.37,94,0.0,3330.12
21681.88,72.97,94,0.0,3330.12
21681.88,71.93,92,1.225,3330.12
21681.88,71.39,92,1.2,3330.12
21681.88,71.1,85,1.2125,3330.12
21681.88,71.0,85,0.0,3330.12
21681.88,70.93,94,1.2125,3330.12
21681.88,70.65,94,0.0,3330.12
21681.88,70.74,94,0.0,3330.12
21681.88,70.67,94,1.2125,3330.12
21681.88,70.52,94,0.0,3330.12
21681.88,70.46,94,0.0,3330.12
21681.88,70.34,93,1.2125,3330.12
21681.88,70.58,93,0.0,3330.12
21681.88,70.44,93,0.0,3330.12
21681.88,70.24,93,0.0,3330.12
21681.88,70.11,93,1.2125,3330.12
21681.88,69.88,93,0.0,3330.12
21681.88,69.91,93,0.0,3330.12
21681.88,69.83,93,1.2125,3330.12
21681.88,69.76,94,0.0,3330.12
21681.88,69.6,94,0.0,3330.12
21681.88,69.63,94,1.225,3330.12
21681.88,69.4,91,1.225,3330.12
21681.88,68.65,91,0.0,3330.12
21681.88,69.37,80,0.0,3330.12
21681.88,69.44,80,1.2125,3330.12
21681.88,69.75,94,0.0,3330.12
21681.88,70.28,94,0.0,3330.12
21681.88,70.45,93,1.2125,3330.12
21681.88,70.96,93,0.0,3330.12
21681.88,71.49,92,0.0,3330.12
21681.88,71.67,92,0.0,3330.12
21681.88,72.09,93,1.225,3330.12
21681.88,72.9,93,0.0,3330.12
21681.88,72.16,94,0.0,3330.12
21681.88,72.2,94,0.0,3330.12
21681.88,72.01,93,1.2125,3330.12
21681.88,71.64,93,0.0,3330.12
21681.88,71.61,93,0.0,3330.12
21681.88,71.77,93,2.425,3330.12
21681.88,73.66,79,1.2125,3330.12
21681.88,72.92,79,0.0,3330.12
21681.88,72.61,97,0.0,3330.12
21681.88,72.77,97,1.2125,3330.12
21681.88,73.29,94,0.0,3330.12
21681.88,73.88,94,1.2125,3330.12
21681.88,73.99,93,0.0,3330.12
21681.88,73.73,93,0.0,3330.12
21681.88,74.08,92,0.0,3330.12
21681.88,73.99,92,1.2125,3330.12
21681.88,74.05,94,0.0,3330.12
21681.88,71.68,94,0.0,3330.12
21681.88,71.89,94,1.2125,3330.12
21681.88,72.03,94,0.0,3330.12
21681.88,72.0,94,0.0,3330.12
21681.88,71.96,94,0.0,3330.12
21681.88,71.94,94,1.225,3330.12
21681.88,72.04,94,0.0,3330.12
21681.88,72.25,94,0.0,3330.12
21681.88,71.74,93,1.2125,3330.12
21681.88,71.7,93,0.0,3330.12
21681.88,71.83,94,0.0,3330.12
21681.88,72.11,94,2.45,3330.12
21681.88,72.97,81,0.0,3330.12
21681.88,72.43,81,0.0,3330.12
21681.88,72.43,81,0.0,3330.12
21681.88,72.62,94,1.2125,3330.12
21681.88,72.77,93,0.0,3330.12
21681.88,73.01,93,0.0,3330.12
21681.88,73.44,93,1.2125,3330.12
21681.88,73.52,94,0.0,3330.12
21681.88,73.6,94,0.0,3330.12
21681.88,73.59,94,1.2125,3330.12
21681.88,73.41,94,0.0,3330.12
21681.88,72.61,94,1.1875,3330.12
21681.88,72.83,94,1.2125,3330.12
21681.88,72.78,93,0.0,3330.12
21681.88,72.78,93,0.0,3330.12
21681.88,72.71,94,1.2125,3330.12
21681.88,72.52,94,0.0,3330.12
21681.88,72.52,94,0.0,3330.12
21681.88,72.5,94,0.0,3330.12
21681.88,72.37,94,1.2125,3330.12
21681.88,72.37,94,0.0,3330.12
21681.88,72.47,94,2.4375,3330.12
21681.88,74.81,77,0.0,3330.12
21681.88,74.21,77,0.0,3330.12
21681.88,74.2,95,0.0,3330.12
21681.88,74.2,95,1.225,3330.12
21681.88,74.2,94,0.0,3330.12
21681.88,74.38,94,0.0,3330.12
21681.88,74.42,94,0.0,3330.12
21681.88,74.56,94,1.2125,3330.12
21681.88,74.65,94,0.0,3330.12
21681.88,74.64,94,1.2125,3330.12
21681.88,74.62,94,0.0,3330.12
21681.88,72.14,94,0.0,3330.12
21681.88,73.01,94,0.0,3330.12
21681.88,73.16,94,1.2125,3330.12
21681.88,73.19,93,0.0,3330.12
21681.88,73.09,93,0.0,3330.12
21681.88,72.79,94,2.4125,3330.12
21681.88,69.25,94,1.2,3330.12
21681.88,68.15,79,0.0,3330.12
21681.88,68.08,79,0.0,3330.12
21681.88,68.33,94,1.2125,3330.12
21681.88,68.55,94,0.0,3330.12
21681.88,69.01,94,0.0,3330.12
21681.88,69.08,94,1.2125,3330.12
21681.88,69.01,94,1.2125,3330.12
21681.88,68.97,93,0.0,3330.12
21681.88,68.8,93,0.0,3330.12
21681.88,68.75,93,1.225,3330.12
21681.88,72.91,93,0.0,3330.12
21681.88,73.04,93,0.0,3330.12
21681.88,73.0,93,2.4125,3330.12
21681.88,73.44,80,0.0,3330.12
21681.88,72.89,80,0.0,3330.12
21681.88,72.89,93,1.225,3330.12
21681.88,73.02,93,0.0,3330.12
21681.88,73.05,94,0.0,3330.12
21681.88,73.42,94,1.225,3330.12
21681.88,73.53,93,0.0,3330.12
21681.88,73.77,93,0.0,3330.12
21681.88,73.6,94,0.0,3330.12
21681.88,73.22,94,1.225,3330.12
21681.88,72.7,94,0.0,3330.12
21681.88,71.79,94,0.0,3330.12
21681.88,72.09,94,1.2125,3330.12
21681.88,72.0,94,0.0,3330.12
21681.88,71.71,94,0.0,3330.12
21681.88,71.53,94,1.2125,3330.12
21681.88,71.36,94,0.0,3330.12
21681.88,71.3,94,0.0,3330.12
21681.88,71.08,92,0.0,3330.12
21681.88,71.05,94,1.2125,3330.12
21681.88,71.15,94,1.225,3330.12
21681.88,71.35,78,1.2125,3330.12
21681.88,72.9,78,0.0,3330.12
21681.88,73.35,96,0.0,3330.12
21681.88,72.75,96,0.0,3330.12
21681.88,73.16,94,2.425,3330.12
21681.88,73.26,94,0.0,3330.12
21681.88,73.37,93,0.0,3330.12
21681.88,73.54,93,1.2125,3330.12
21681.88,73.47,93,0.0,3330.12
21681.88,73.61,93,0.0,3330.12
21681.88,73.83,94,1.2125,3330.12
21681.88,72.48,94,0.0,3330.12
21681.88,71.98,94,0.0,3330.12
21681.88,72.38,93,1.2125,3330.12
21681.88,72.35,93,0.0,3330.12
21681.88,72.33,93,0.0,3330.12
21681.88,72.41,93,1.2125,3330.12
21681.88,72.38,94,0.0,3330.12
21681.88,72.2,94,0.0,3330.12
21681.88,72.17,94,0.0,3330.12
21681.88,72.21,94,1.2125,3330.12
21681.88,72.14,93,0.0,3330.12
21681.88,70.96,93,2.475,3330.12
21681.88,71.36,93,0.0,3330.12
21681.88,70.94,80,1.2125,3330.12
21681.88,70.89,80,0.0,3330.12
21681.88,70.84,94,0.0,3330.12
21681.88,70.93,94,0.0,3330.12
21681.88,71.28,94,1.2125,3330.12
21681.88,71.77,94,0.0,3330.12
21681.88,71.99,94,0.0,3330.12
21681.88,71.99,94,1.2125,3330.12
21681.88,71.97,94,0.0,3330.12
21681.88,72.14,94,0.0,3330.12
21681.88,73.26,94,0.0,3330.12
21681.88,72.91,94,1.2125,3330.12
21681.88,73.19,94,1.2125,3330.12
21681.88,73.23,94,0.0,3330.12
21681.88,73.25,94,0.0,3330.12
21681.88,73.3,94,1.2125,3330.12
21681.88,73.28,94,0.0,3330.12
21681.88,73.1,93,0.0,3330.12
21681.88,72.95,93,1.2125,3330.12
21681.88,72.84,94,0.0,3330.12
21681.88,73.02,94,1.2125,3330.12
21681.88,74.58,80,1.2125,3330.12
21681.88,73.9,80,0.0,3330.12
21681.88,73.74,94,0.0,3330.12
21681.88,73.7,94,0.0,3330.12
21681.88,73.64,94,1.2125,3330.12
21681.88,73.67,94,0.0,3330.12
21681.88,73.92,93,0.0,3330.12
21681.88,73.95,93,1.2125,3330.12
21681.88,73.95,94,0.0,3330.12
21681.88,74.07,94,0.0,3330.12
21681.88,73.94,94,1.2125,3330.12
21681.88,72.36,94,0.0,3330.12
21681.88,72.92,93,0.0,3330.12
21681.88,73.06,93,0.0,3330.12
21681.88,73.08,94,2.4375,3330.12
21681.88,73.1,93,0.0,3330.12
21681.88,73.13,93,0.0,3330.12
21681.88,73.01,94,1.2125,3330.12
21681.88,72.96,94,1.2125,3330.12
21681.88,74.54,81,1.2125,3330.12
21681.88,73.6,81,0.0,3330.12
21681.88,73.83,94,0.0,3330.12
21681.88,74.51,94,1.2125,3330.12
21681.88,74.59,94,0.0,3330.12
21681.88,74.62,94,0.0,3330.12
21681.88,74.73,93,0.0,3330.12
21681.88,74.6,93,1.2125,3330.12
21681.88,74.18,94,0.0,3330.12
21681.88,74.11,94,0.0,3330.12
21681.88,72.39,93,1.2125,3330.12
21681.88,73.31,93,0.0,3330.12
21681.88,73.31,93,0.0,3330.12
21681.88,73.23,93,0.0,3330.12
21681.88,73.23,93,1.225,3330.12
21681.88,72.99,94,0.0,3330.12
21681.88,72.63,94,0.0,3330.12
21681.88,72.3,94,0.0,3330.12
21681.88,71.81,94,1.225,3330.12
21681.88,71.38,94,0.0,3330.12
21681.88,71.04,92,2.425,3330.12
21681.88,71.04,92,0.0,3330.12
21681.88,66.67,79,0.0,3330.12
21681.88,66.67,79,1.2125,3330.12
21681.88,66.67,93,0.0,3330.12
21681.88,66.8,93,0.0,3330.12
21681.88,67.19,93,1.225,3330.12
21681.88,67.56,93,0.0,3330.12
21681.88,67.97,93,0.0,3330.12
21681.88,68.72,93,0.0,3330.12
21681.88,68.85,94,1.225,3330.12
21681.88,72.29,94,0.0,3330.12
21681.88,73.02,94,0.0,3330.12
21681.88,73.02,94,0.0,3330.12
21681.88,73.1,94,1.225,3330.12
21681.88,72.8,94,0.0,3330.12
21681.88,72.8,94,1.2,3330.12
21681.88,72.44,94,0.0,3330.12
21681.88,72.11,93,1.2125,3330.12
21681.88,71.71,93,0.0,3330.12
21681.88,71.18,94,2.425,3330.12
21681.88,70.09,94,0.0,3330.12
21681.88,69.99,78,0.0,3330.12
21681.88,69.88,93,1.2125,3330.12
21681.88,70.41,93,0.0,3330.12
21681.88,70.39,92,0.0,3330.12
21681.88,70.72,92,1.2125,3330.12
21681.88,70.95,94,0.0,3330.12
21681.88,70.92,94,0.0,3330.12
21681.88,70.63,93,0.0,3330.12
21681.88,70.58,93,1.2125,3330.12
21681.88,71.41,93,0.0,3330.12
21681.88,71.25,93,0.0,3330.12
21681.88,71.33,93,1.2,3330.12
21681.88,71.18,93,0.0,3330.12
21681.88,71.31,92,1.2125,3330.12
21681.88,71.2,92,0.0,3330.12
21681.88,71.17,93,0.0,3330.12
21681.88,71.33,93,0.0,3330.12
21681.88,71.41,93,2.425,3330.12
21681.88,71.82,93,1.2125,3330.12
21681.88,68.69,78,1.2125,3330.12
21681.88,68.26,78,0.0,3330.12
21681.88,68.53,95,0.0,3330.12
21681.88,68.9,95,1.2125,3330.12
21681.88,68.97,94,0.0,3330.12
21681.88,68.93,94,0.0,3330.12
21681.88,68.92,94,1.2125,3330.12
21681.88,69.06,94,0.0,3330.12
21681.88,68.92,94,0.0,3330.12
21681.88,68.88,94,1.2125,3330.12
21681.88,72.28,94,0.0,3330.12
21681.88,72.81,94,0.0,3330.12
21681.88,72.63,94,1.2125,3330.12
21681.88,72.31,94,0.0,3330.12
21681.88,72.06,94,0.0,3330.12
21681.88,71.84,94,1.2125,3330.12
21681.88,71.21,94,1.225,3330.12
21681.88,73.14,81,0.0,3330.12
21681.88,72.16,81,1.225,3330.12
21681.88,72.37,94,0.0,3330.12
21681.88,72.63,94,1.225,3330.12
21681.88,72.75,93,0.0,3330.12
21681.88,73.09,93,0.0,3330.12
21681.88,73.51,93,1.2,3330.12
21681.88,73.74,93,0.0,3330.12
21681.88,74.03,92,0.0,3330.12
21681.88,74.09,92,1.2125,3330.12
21681.88,74.4,93,0.0,3330.12
21681.88,72.09,93,0.0,3330.12
21681.88,72.84,93,1.2125,3330.12
21681.88,72.86,93,0.0,3330.12
21681.88,72.8,93,0.0,3330.12
21681.88,72.9,93,1.2125,3330.12
21681.88,72.9,93,0.0,3330.12
21681.88,72.99,93,0.0,3330.12
21681.88,73.08,93,1.2125,3330.12
21681.88,72.89,93,2.3375,3330.12
21681.88,73.91,93,0.0,3330.12
21681.88,73.46,76,0.0,3330.12
21681.88,73.46,76,1.2125,3330.12
21681.88,73.53,76,0.0,3330.12
21681.88,73.53,93,0.0,3330.12
21681.88,73.66,93,0.0,3330.12
21681.88,73.66,93,1.2125,3330.12
21681.88,73.68,93,0.0,3330.12
21681.88,73.75,94,0.0,3330.12
21681.88,73.56,94,1.2125,3330.12
21681.88,73.38,94,0.0,3330.12
21681.88,73.21,94,1.2125,3330.12
21681.88,72.11,94,1.2125,3330.12
21681.88,72.72,94,0.0,3330.12
21681.88,72.82,93,0.0,3330.12
21681.88,72.94,93,1.2125,3330.12
21681.88,72.56,94,1.2125,3330.12
21681.88,74.0,94,0.0,3330.12
21681.88,73.0,81,1.2125,3330.12
21681.88,72.9,81,0.0,3330.12
21681.88,72.9,97,0.0,3330.12
21681.88,73.17,97,0.0,3330.12
21681.88,73.52,95,1.2125,3330.12
21681.88,73.83,95,0.0,3330.12
21681.88,73.8,95,0.0,3330.12
21681.88,73.55,94,0.0,3330.12
21681.88,73.32,94,1.2375,3330.12
21681.88,73.22,92,0.0,3330.12
21681.88,71.48,92,0.0,3330.12
21681.88,72.29,94,0.0,3330.12
21681.88,72.41,94,1.25,3330.12
21681.88,72.38,94,0.0,3330.12
21681.88,72.37,94,0.0,3330.12
21681.88,72.42,94,0.0,3330.12
21681.88,72.42,94,1.25,3330.12
21681.88,72.27,94,0.0,3330.12
21681.88,72.26,94,0.0,3330.12
21681.88,72.11,94,1.2375,3330.12
21681.88,71.85,94,0.0,3330.12
21681.88,72.02,94,2.4875,3330.12
21681.88,74.2,94,0.0,3330.12
21681.88,73.5,76,0.0,3330.12
21681.88,73.55,76,1.2375,3330.12
21681.88,73.64,76,0.0,3330.12
21681.88,73.63,93,1.2375,3330.12
21681.88,73.47,94,0.0,3330.12
21681.88,73.59,94,1.2375,3330.12
21681.88,73.63,94,0.0,3330.12
21681.88,73.98,94,0.0,3330.12
21681.88,74.2,95,0.0,3330.12
21681.88,74.2,95,1.25,3330.12
21681.88,71.66,95,0.0,3330.12
21681.88,72.14,95,0.0,3330.12
21681.88,72.07,95,0.0,3330.12
21681.88,71.77,95,1.25,3330.12
21681.88,71.77,96,0.0,3330.12
21681.88,71.98,96,0.0,3330.12
21681.88,72.15,96,1.25,3330.12
21681.88,72.13,96,0.0,3330.12
21681.88,72.08,96,0.0,3330.12
21681.88,71.95,96,1.1875,3330.12
21681.88,71.84,96,1.2125,3330.12
21681.88,73.11,96,0.0,3330.12
21681.88,72.91,79,1.25,3330.12
21681.88,73.01,95,0.0,3330.12
21681.88,73.1,95,0.0,3330.12
21681.88,73.08,95,1.2375,3330.12
21681.88,72.98,95,0.0,3330.12
21681.88,73.02,95,0.0,3330.12
21681.88,73.06,95,0.0,3330.12
21681.88,73.35,95,1.2375,3330.12
21681.88,73.47,95,0.0,3330.12
21681.88,72.17,95,0.0,3330.12
21681.88,72.17,95,1.2125,3330.12
21681.88,72.3,95,0.0,3330.12
21681.88,71.99,95,0.0,3330.12
21681.88,72.0,95,2.4,3330.12
21681.88,72.04,95,0.0,3330.12
21681.88,72.21,95,2.425,3330.12
21681.88,72.29,95,0.0,3330.12
21681.88,73.73,95,0.0,3330.12
21681.88,72.58,80,0.0,3330.12
21681.88,72.42,80,1.2125,3330.12
21681.88,72.61,95,0.0,3330.12
21681.88,72.11,94,0.0,3330.12
21681.88,72.34,94,0.0,3330.12
21681.88,72.66,94,1.25,3330.12
21681.88,72.81,94,0.0,3330.12
21681.88,72.63,93,0.0,3330.12
21681.88,72.24,93,0.0,3330.12
21681.88,70.26,93,1.25,3330.12
21681.88,71.07,93,0.0,3330.12
21681.88,71.04,94,0.0,3330.12
21681.88,71.0,94,1.25,3330.12
21681.88,71.81,94,0.0,3330.12
21681.88,72.0,94,0.0,3330.12
21681.88,72.0,94,0.0,3330.12
21681.88,71.93,94,1.25,3330.12
21681.88,71.78,94,0.0,3330.12
21681.88,71.66,94,1.25,3330.12
21681.88,71.64,93,0.0,3330.12
21681.88,71.73,93,2.4875,3330.12
21681.88,71.88,78,0.0,3330.12
21681.88,73.82,78,0.0,3330.12
21681.88,73.04,96,0.0,3330.12
21681.88,72.24,96,1.2375,3330.12
21681.88,72.05,93,0.0,3330.12
21681.88,72.01,93,0.0,3330.12
21681.88,72.14,94,1.25,3330.12
21681.88,72.36,94,0.0,3330.12
21681.88,72.59,94,0.0,3330.12
21681.88,72.26,94,0.0,3330.12
21681.88,72.5,94,1.25,3330.12
21681.88,70.79,94,0.0,3330.12
21681.88,71.56,94,0.0,3330.12
21681.88,72.06,94,0.0,3330.12
21681.88,72.12,94,1.25,3330.12
21681.88,72.2,94,0.0,3330.12
21681.88,72.26,94,0.0,3330.12
21681.88,71.94,94,1.2375,3330.12
21681.88,71.75,94,0.0,3330.12
21681.88,71.75,94,0.0,3330.12
21681.88,71.56,94,0.0,3330.12
21681.88,71.91,94,2.4875,3330.12
21681.88,71.53,94,0.0,3330.12
21681.88,71.77,94,2.4875,3330.12
21681.88,71.77,77,0.0,3330.12
21681.88,70.15,77,0.0,3330.12
21681.88,69.39,96,1.2375,3330.12
21681.88,69.36,96,0.0,3330.12
21681.88,69.76,95,0.0,3330.12
21681.88,69.71,95,0.0,3330.12
21681.88,69.96,91,1.2125,3330.12
21681.88,70.2,91,0.0,3330.12
21681.88,70.63,94,0.0,3330.12
21681.88,70.65,94,0.0,3330.12
21681.88,70.52,94,1.2125,3330.12
21681.88,72.28,94,0.0,3330.12
21681.88,72.9,94,0.0,3330.12
21681.88,72.94,94,1.2125,3330.12
21681.88,72.72,94,0.0,3330.12
21681.88,72.33,94,0.0,3330.12
21681.88,72.21,93,1.2125,3330.12
21681.88,71.85,93,1.2125,3330.12
21681.88,71.04,91,0.0,3330.12
21681.88,70.08,91,1.2125,3330.12
21681.88,70.14,82,0.0,3330.12
21681.88,70.53,82,0.0,3330.12
21681.88,70.81,94,1.225,3330.12
21681.88,71.03,94,0.0,3330.12
21681.88,70.98,93,0.0,3330.12
21681.88,71.67,94,1.2,3330.12
21681.88,71.8,94,0.0,3330.12
21681.88,71.63,95,1.2125,3330.12
21681.88,71.94,95,0.0,3330.12
21681.88,72.73,93,1.2125,3330.12
21681.88,72.82,93,0.0,3330.12
21681.88,72.69,94,0.0,3330.12
21681.88,72.69,94,0.0,3330.12
21681.88,72.14,94,1.1875,3330.12
21681.88,72.04,94,0.0,3330.12
21681.88,71.73,94,1.2125,3330.12
21681.88,71.29,94,0.0,3330.12
21681.88,70.15,90,2.425,3330.12
21681.88,70.51,90,0.0,3330.12
21681.88,70.48,81,0.0,3330.12
21681.88,70.68,81,1.2125,3330.12
21681.88,70.68,94,0.0,3330.12
21681.88,70.86,94,0.0,3330.12
21681.88,71.18,94,1.2125,3330.12
21681.88,71.42,94,0.0,3330.12
21681.88,71.64,94,0.0,3330.12
21681.88,71.67,94,1.2,3330.12
21681.88,71.85,94,0.0,3330.12
21681.88,72.89,94,1.2125,3330.12
21681.88,72.61,94,0.0,3330.12
21681.88,72.99,94,1.2,3330.12
21681.88,73.11,94,0.0,3330.12
21681.88,72.75,94,1.2125,3330.12
21681.88,72.52,95,0.0,3330.12
21681.88,72.43,95,0.0,3330.12
21681.88,72.35,96,1.2125,3330.12
21681.88,72.15,96,0.0,3330.12
21681.88,72.14,96,0.0,3330.12
21681.88,72.04,93,2.4125,3330.12
21681.88,72.0,93,0.0,3330.12
21681.88,73.33,93,1.2125,3330.12
21681.88,73.43,78,0.0,3330.12
21681.88,72.33,93,0.0,3330.12
21681.88,72.97,93,0.0,3330.12
21681.88,73.05,94,1.2125,3330.12
21681.88,72.99,94,0.0,3330.12
21681.88,73.02,93,0.0,3330.12
21681.88,73.08,93,1.2125,3330.12
21681.88,73.14,94,0.0,3330.12
21681.88,73.39,94,1.2125,3330.12
21681.88,72.03,94,0.0,3330.12
21681.88,71.66,94,1.2125,3330.12
21681.88,72.26,94,0.0,3330.12
21681.88,72.15,94,0.0,3330.12
21681.88,72.12,95,1.2125,3330.12
21681.88,72.08,95,0.0,3330.12
21681.88,72.14,94,0.0,3330.12
21681.88,72.01,94,1.2,3330.12
21681.88,72.04,94,0.0,3330.12
21681.88,72.06,94,0.0,3330.12
21681.88,71.88,94,1.2125,3330.12
21681.88,71.77,94,0.0,3330.12
21681.88,72.04,93,1.2375,3330.12
21681.88,73.02,93,1.25,3330.12
21681.88,72.58,77,0.0,3330.12
21681.88,72.36,77,0.0,3330.12
21681.88,72.22,94,1.25,3330.12
21681.88,72.17,94,0.0,3330.12
21681.88,72.38,94,0.0,3330.12
21681.88,72.38,93,0.0,3330.12
21681.88,72.44,93,1.25,3330.12
21681.88,72.38,93,0.0,3330.12
21681.88,72.48,93,0.0,3330.12
21681.88,72.25,93,1.25,3330.12
21681.88,71.31,93,0.0,3330.12
21681.88,71.5,93,0.0,3330.12
21681.88,71.68,93,1.2375,3330.12
21681.88,71.81,93,0.0,3330.12
21681.88,71.81,93,0.0,3330.12
21681.88,71.86,92,1.2375,3330.12
21681.88,71.78,92,0.0,3330.12
21681.88,71.76,93,0.0,3330.12
21681.88,71.71,93,0.0,3330.12
21681.88,71.67,93,2.4875,3330.12
21681.88,73.05,93,0.0,3330.12
21681.88,72.9,93,1.25,3330.12
21681.88,73.07,77,0.0,3330.12
21681.88,73.23,77,0.0,3330.12
21681.88,73.32,93,0.0,3330.12
21681.88,73.51,93,1.2375,3330.12
21681.88,73.65,93,0.0,3330.12
21681.88,73.65,93,0.0,3330.12
21681.88,73.94,93,0.0,3330.12
21681.88,74.02,93,1.25,3330.12
21681.88,73.97,94,0.0,3330.12
21681.88,74.05,94,0.0,3330.12
21681.88,72.78,93,0.0,3330.12
21681.88,73.15,93,1.25,3330.12
21681.88,73.17,93,0.0,3330.12
21681.88,72.94,93,0.0,3330.12
21681.88,72.62,94,0.0,3330.12
21681.88,72.31,94,0.0,3330.12
21681.88,72.2,95,1.25,3330.12
21681.88,71.89,95,0.0,3330.12
21681.88,71.75,96,0.0,3330.12
21681.88,71.89,96,1.25,3330.12
21681.88,71.94,96,1.25,3330.12
21681.88,73.07,96,0.0,3330.12
21681.88,72.74,83,0.0,3330.12
21681.88,72.55,96,0.0,3330.12
21681.88,72.56,96,1.225,3330.12
21681.88,72.86,96,0.0,3330.12
21681.88,73.01,96,0.0,3330.12
21681.88,73.11,96,0.0,3330.12
21681.88,73.02,96,1.2125,3330.12
21681.88,73.0,96,0.0,3330.12
21681.88,72.81,96,0.0,3330.12
21681.88,71.72,92,2.4375,3330.12
21681.88,71.93,92,0.0,3330.12
21681.88,71.96,93,0.0,3330.12
21681.88,72.07,93,0.0,3330.12
21681.88,71.99,94,2.4125,3330.12
21681.88,68.98,94,0.0,3330.12
21681.88,68.93,79,0.0,3330.12
21681.88,68.24,79,1.2125,3330.12
21681.88,68.51,95,0.0,3330.12
21681.88,68.84,95,0.0,3330.12
21681.88,69.04,94,1.1625,3330.12
21681.88,69.32,94,0.0,3330.12
21681.88,69.55,94,0.0,3330.12
21681.88,69.71,94,1.2,3330.12
21681.88,69.26,92,0.0,3330.12
21681.88,69.27,94,1.2125,3330.12
21681.88,72.01,94,0.0,3330.12
21681.88,71.62,93,0.0,3330.12
21681.88,72.22,93,1.2125,3330.12
21681.88,72.37,93,1.2125,3330.12
21681.88,72.31,93,0.0,3330.12
21681.88,72.55,93,0.0,3330.12
21681.88,72.26,93,0.0,3330.12
21681.88,72.22,94,1.225,3330.12
21681.88,72.12,94,0.0,3330.12
21681.88,72.06,94,0.0,3330.12
21681.88,71.73,94,0.0,3330.12
21681.88,71.96,95,0.0,3330.12
21681.88,70.08,95,2.4375,3330.12
21681.88,69.74,78,0.0,3330.12
21681.88,69.31,78,1.2125,3330.12
21681.88,69.5,92,0.0,3330.12
21681.88,69.89,92,0.0,3330.12
21681.88,69.98,93,1.225,3330.12
21681.88,70.16,93,0.0,3330.12
21681.88,70.35,93,0.0,3330.12
21681.88,70.74,93,1.2,3330.12
21681.88,71.07,94,0.0,3330.12
21681.88,70.85,94,0.0,3330.12
21681.88,72.56,94,1.2125,3330.12
21681.88,72.53,94,0.0,3330.12
21681.88,72.8,94,1.225,3330.12
21681.88,72.35,94,0.0,3330.12
21681.88,72.03,94,0.0,3330.12
21681.88,71.77,94,1.2125,3330.12
21681.88,71.58,94,0.0,3330.12
21681.88,71.38,94,0.0,3330.12
21681.88,71.09,94,0.0,3330.12
21681.88,70.96,94,0.0,3330.12
21681.88,70.95,94,1.225,3330.12
21681.88,71.15,78,1.2125,3330.12
21681.88,72.47,78,1.2125,3330.12
21681.88,72.24,96,0.0,3330.12
21681.88,72.12,96,0.0,3330.12
21681.88,72.2,96,0.0,3330.12
21681.88,72.26,94,1.225,3330.12
21681.88,72.66,94,0.0,3330.12
21681.88,73.04,94,0.0,3330.12
21681.88,73.22,94,0.0,3330.12
21681.88,73.34,95,0.0,3330.12
21681.88,73.4,96,0.0,3330.12
21681.88,72.12,96,1.225,3330.12
21681.88,72.25,96,1.2375,3330.12
21681.88,72.53,96,0.0,3330.12
21681.88,72.51,96,0.0,3330.12
21681.88,72.54,95,1.2125,3330.12
21681.88,72.27,95,0.0,3330.12
21681.88,72.27,95,0.0,3330.12
21681.88,71.7,95,0.0,3330.12
21681.88,71.55,95,1.2125,3330.12
21681.88,71.55,95,0.0,3330.12
21681.88,71.51,95,0.0,3330.12
21681.88,71.5,95,1.2,3330.12
21681.88,71.66,96,1.1875,3330.12
21681.88,71.28,96,0.0,3330.12
21681.88,70.35,78,1.2125,3330.12
21681.88,70.56,78,0.0,3330.12
21681.88,70.75,96,0.0,3330.12
21681.88,70.97,96,0.0,3330.12
21681.88,70.97,95,1.225,3330.12
21681.88,71.06,96,0.0,3330.12
21681.88,71.44,96,0.0,3330.12
21681.88,71.44,95,0.0,3330.12
21681.88,71.38,95,0.0,3330.12
21681.88,71.68,95,1.2125,3330.12
21681.88,72.55,95,0.0,3330.12
21681.88,72.57,95,0.0,3330.12
21681.88,72.22,95,0.0,3330.12
21681.88,72.11,95,1.2125,3330.12
21681.88,71.98,95,0.0,3330.12
21681.88,72.14,96,0.0,3330.12
21681.88,72.12,96,2.45,3330.12
21681.88,71.97,93,0.0,3330.12
21681.88,72.0,93,0.0,3330.12
21681.88,72.04,94,2.425,3330.12
21681.88,74.27,94,0.0,3330.12
21681.88,73.38,80,0.0,3330.12
21681.88,73.28,80,0.0,3330.12
21681.88,73.54,93,1.2125,3330.12
21681.88,73.55,93,0.0,3330.12
21681.88,73.76,94,0.0,3330.12
21681.88,73.84,94,1.2125,3330.12
21681.88,73.95,94,0.0,3330.12
21681.88,74.09,94,0.0,3330.12
21681.88,74.15,93,0.0,3330.12
21681.88,74.12,93,1.225,3330.12
21681.88,72.63,94,0.0,3330.12
21681.88,72.79,94,0.0,3330.12
21681.88,72.83,94,0.0,3330.12
21681.88,72.83,94,1.225,3330.12
21681.88,72.87,94,0.0,3330.12
21681.88,72.76,94,0.0,3330.12
21681.88,72.75,94,0.0,3330.12
21681.88,72.66,94,1.225,3330.12
21681.88,72.65,95,0.0,3330.12
21681.88,72.44,95,1.225,3330.12
21681.88,72.17,95,1.1625,3330.12
21681.88,68.89,81,0.0,3330.12
21681.88,68.98,81,1.2,3330.12
21681.88,67.72,94,0.0,3330.12
21681.88,67.73,94,1.2125,3330.12
21681.88,67.73,94,0.0,3330.12
21681.88,67.68,94,1.2125,3330.12
21681.88,67.72,94,0.0,3330.12
21681.88,67.81,94,1.2125,3330.12
21681.88,67.82,94,0.0,3330.12
21681.88,68.1,94,0.0,3330.12
21681.88,71.47,94,0.0,3330.12
21681.88,71.23,94,1.225,3330.12
21681.88,72.33,94,0.0,3330.12
21681.88,72.36,94,0.0,3330.12
21681.88,72.0,94,0.0,3330.12
21681.88,71.75,94,0.0,3330.12
21681.88,71.48,94,1.2125,3330.12
21681.88,71.44,94,0.0,3330.12
21681.88,71.34,95,0.0,3330.12
21681.88,71.56,95,1.2125,3330.12
21681.88,71.64,95,0.0,3330.12
21681.88,71.65,95,2.425,3330.12
21681.88,71.68,94,0.0,3330.12
21681.88,72.65,94,0.0,3330.12
21681.88,72.65,79,0.0,3330.12
21681.88,73.01,79,1.2125,3330.12
21681.88,73.35,93,0.0,3330.12
21681.88,73.58,93,0.0,3330.12
21681.88,73.35,94,1.2125,3330.12
21681.88,73.3,94,0.0,3330.12
21681.88,73.26,94,1.2125,3330.12
21681.88,73.23,94,0.0,3330.12
21681.88,73.1,94,1.2125,3330.12
21681.88,73.01,94,0.0,3330.12
21681.88,71.14,94,0.0,3330.12
21681.88,71.54,94,1.2125,3330.12
21681.88,71.15,94,0.0,3330.12
21681.88,71.12,94,0.0,3330.12
21681.88,71.59,94,0.0,3330.12
21681.88,71.83,93,1.225,3330.12
21681.88,72.03,93,0.0,3330.12
21681.88,72.05,94,0.0,3330.12
21681.88,72.24,94,2.4125,3330.12
21681.88,70.54,88,0.0,3330.12
21681.88,70.45,88,0.0,3330.12
21681.88,70.2,84,1.225,3330.12
21681.88,70.15,84,0.0,3330.12
21681.88,70.04,94,0.0,3330.12
21681.88,69.96,94,0.0,3330.12
21681.88,69.79,94,0.0,3330.12
21681.88,69.67,94,1.2125,3330.12
21681.88,69.64,94,0.0,3330.12
21681.88,69.59,94,0.0,3330.12
21681.88,69.5,94,1.2125,3330.12
21681.88,71.35,94,1.2125,3330.12
21681.88,71.55,94,0.0,3330.12
21681.88,71.91,94,0.0,3330.12
21681.88,72.32,94,1.225,3330.12
21681.88,72.5,94,0.0,3330.12
21681.88,73.36,94,1.225,3330.12
21681.88,72.49,81,1.225,3330.12
21681.88,72.42,81,0.0,3330.12
21681.88,72.79,95,0.0,3330.12
21681.88,73.1,95,0.0,3330.12
21681.88,73.41,95,0.0,3330.12
21681.88,73.7,95,1.225,3330.12
21681.88,73.86,95,0.0,3330.12
21681.88,73.87,95,0.0,3330.12
21681.88,73.59,95,0.0,3330.12
21681.88,73.35,95,0.0,3330.12
21681.88,72.2,95,1.2125,3330.12
21681.88,72.94,95,0.0,3330.12
21681.88,73.08,95,0.0,3330.12
21681.88,72.96,95,1.2125,3330.12
21681.88,72.95,95,0.0,3330.12
21681.88,70.41,95,2.45,3330.12
21681.88,69.66,81,0.0,3330.12
21681.88,69.41,81,0.0,3330.12
21681.88,69.5,95,0.0,3330.12
21681.88,69.88,95,0.0,3330.12
21681.88,70.16,93,1.225,3330.12
21681.88,70.53,93,0.0,3330.12
21681.88,70.62,94,0.0,3330.12
21681.88,70.46,94,1.2125,3330.12
21681.88,70.01,94,0.0,3330.12
21681.88,69.56,94,0.0,3330.12
21681.88,71.59,94,1.225,3330.12
21681.88,71.79,93,1.2125,3330.12
21681.88,71.71,93,0.0,3330.12
21681.88,71.38,94,0.0,3330.12
21681.88,71.03,94,0.0,3330.12
21681.88,70.88,95,1.2125,3330.12
21681.88,70.9,95,0.0,3330.12
21681.88,70.92,94,0.0,3330.12
21681.88,67.85,94,2.425,3330.12
21681.88,67.06,79,0.0,3330.12
21681.88,67.17,79,1.2125,3330.12
21681.88,67.56,94,0.0,3330.12
21681.88,67.78,94,0.0,3330.12
21681.88,68.09,94,1.2125,3330.12
21681.88,68.37,94,0.0,3330.12
21681.88,68.36,94,0.0,3330.12
21681.88,68.55,94,1.2125,3330.12
21681.88,68.38,94,0.0,3330.12
21681.88,68.23,95,0.0,3330.12
21681.88,71.48,94,0.0,3330.12
21681.88,72.46,94,1.2125,3330.12
21681.88,72.72,94,1.225,3330.12
21681.88,72.72,94,0.0,3330.12
21681.88,72.63,94,0.0,3330.12
21681.88,72.63,95,1.2125,3330.12
21681.88,72.45,95,0.0,3330.12
21681.88,72.39,95,0.0,3330.12
21681.88,71.89,94,0.0,3330.12
21681.88,71.89,94,1.2125,3330.12
21681.88,71.92,94,1.2125,3330.12
21681.88,68.73,94,1.2125,3330.12
21681.88,67.92,82,0.0,3330.12
21681.88,67.8,82,0.0,3330.12
21681.88,68.04,93,0.0,3330.12
21681.88,68.06,93,2.3625,3330.12
21681.88,68.06,93,0.0,3330.12
21681.88,68.03,93,0.0,3330.12
21681.88,68.28,94,1.2125,3330.12
21681.88,68.47,94,0.0,3330.12
21681.88,68.39,93,0.0,3330.12
21681.88,68.23,93,1.2125,3330.12
21681.88,71.39,94,0.0,3330.12
21681.88,72.24,94,0.0,3330.12
21681.88,72.39,94,0.0,3330.12
21681.88,72.35,94,1.2125,3330.12
21681.88,72.66,94,0.0,3330.12
21681.88,72.69,94,0.0,3330.12
21681.88,72.8,94,1.2125,3330.12
21681.88,72.59,94,0.0,3330.12
21681.88,72.42,94,1.2125,3330.12
21681.88,72.54,81,1.2125,3330.12
21681.88,72.53,81,0.0,3330.12
21681.88,72.52,94,0.0,3330.12
21681.88,72.73,94,0.0,3330.12
21681.88,72.48,95,1.225,3330.12
21681.88,72.4,95,0.0,3330.12
21681.88,72.25,94,0.0,3330.12
21681.88,72.28,94,0.0,3330.12
21681.88,72.25,95,1.225,3330.12
21681.88,72.29,95,0.0,3330.12
21681.88,72.04,95,0.0,3330.12
21681.88,71.96,95,0.0,3330.12
21681.88,71.87,96,0.0,3330.12
21681.88,71.88,96,1.225,3330.12
21681.88,71.97,96,0.0,3330.12
21681.88,72.24,96,0.0,3330.12
21681.88,72.42,95,0.0,3330.12
21681.88,72.33,95,0.0,3330.12
21681.88,71.78,96,0.0,3330.12
21681.88,71.75,96,1.225,3330.12
21681.88,71.78,81,1.225,3330.12
21681.88,70.98,81,1.225,3330.12
21681.88,71.28,95,0.0,3330.12
21681.88,71.8,95,0.0,3330.12
21681.88,71.87,94,1.225,3330.12
21681.88,72.05,94,0.0,3330.12
21681.88,72.05,94,0.0,3330.12
21681.88,72.01,94,0.0,3330.12
21681.88,72.0,94,1.225,3330.12
21681.88,72.08,94,0.0,3330.12
21681.88,71.17,94,0.0,3330.12
21681.88,71.89,94,0.0,3330.12
21681.88,71.77,94,1.225,3330.12
21681.88,71.41,94,0.0,3330.12
21681.88,71.19,94,1.225,3330.12
21681.88,71.59,83,0.0,3330.12
21681.88,71.59,83,0.0,3330.12
21681.88,70.9,83,1.225,3330.12
21681.88,71.17,94,0.0,3330.12
21681.88,71.55,94,0.0,3330.12
21681.88,71.55,93,0.0,3330.12
21681.88,72.17,93,1.225,3330.12
21681.88,72.67,94,0.0,3330.12
21681.88,73.46,94,0.0,3330.12
21681.88,73.7,93,0.0,3330.12
21681.88,73.68,93,1.2125,3330.12
21681.88,72.95,93,0.0,3330.12
21681.88,72.95,93,0.0,3330.12
21681.88,72.67,94,1.2125,3330.12
21681.88,72.67,94,0.0,3330.12
21681.88,72.47,93,0.0,3330.12
21681.88,71.65,93,1.2125,3330.12
21681.88,71.52,94,0.0,3330.12
21681.88,70.82,94,0.0,3330.12
21681.88,70.82,94,0.0,3330.12
21681.88,70.63,94,1.2125,3330.12
21681.88,70.11,94,1.25,3330.12
21681.88,70.14,79,1.175,3330.12
21681.88,70.19,79,0.0,3330.12
21681.88,70.76,94,1.2125,3330.12
21681.88,70.91,94,0.0,3330.12
21681.88,71.28,94,0.0,3330.12
21681.88,71.28,94,1.225,3330.12
21681.88,71.98,94,1.2125,3330.12
21681.88,72.2,94,0.0,3330.12
21681.88,72.2,94,0.0,3330.12
21681.88,72.24,94,1.2,3330.12
21681.88,72.18,95,0.0,3330.12
21681.88,71.66,95,0.0,3330.12
21681.88,71.64,94,1.2125,3330.12
21681.88,71.53,94,0.0,3330.12
21681.88,71.57,95,0.0,3330.12
21681.88,71.51,95,0.0,3330.12
21681.88,71.45,95,1.1875,3330.12
21681.88,71.53,95,0.0,3330.12
21681.88,71.84,94,1.2125,3330.12
21681.88,71.68,94,1.2,3330.12
21681.88,72.1,82,0.0,3330.12
21681.88,72.17,82,0.0,3330.12
21681.88,72.71,94,1.2125,3330.12
21681.88,73.06,95,0.0,3330.12
21681.88,72.99,95,0.0,3330.12
21681.88,72.82,95,0.0,3330.12
21681.88,72.74,95,1.225,3330.12
21681.88,72.71,95,0.0,3330.12
21681.88,72.52,95,0.0,3330.12
21681.88,72.65,95,0.0,3330.12
21681.88,72.37,95,0.0,3330.12
21681.88,72.53,96,1.225,3330.12
21681.88,72.17,96,0.0,3330.12
21681.88,72.01,95,0.0,3330.12
21681.88,72.12,95,0.0,3330.12
21681.88,72.26,95,1.2125,3330.12
21681.88,72.39,95,2.4375,3330.12
21681.88,72.52,81,1.2125,3330.12
21681.88,72.19,81,0.0,3330.12
21681.88,72.49,94,0.0,3330.12
21681.88,72.7,94,0.0,3330.12
21681.88,73.02,94,1.2125,3330.12
21681.88,72.92,94,0.0,3330.12
21681.88,73.05,94,0.0,3330.12
21681.88,72.84,94,1.225,3330.12
21681.88,72.59,94,0.0,3330.12
21681.88,72.48,94,0.0,3330.12
21681.88,72.13,94,0.0,3330.12
21681.88,71.6,94,1.2125,3330.12
21681.88,71.9,94,0.0,3330.12
21681.88,71.74,94,0.0,3330.12
21681.88,71.69,94,0.0,3330.12
21681.88,71.65,94,0.0,3330.12
21681.88,72.07,94,1.25,3330.12
21681.88,72.25,94,0.0,3330.12
21681.88,72.57,94,2.4,3330.12
21681.88,73.84,79,0.0,3330.12
21681.88,73.34,79,1.25,3330.12
21681.88,73.67,95,1.25,3330.12
21681.88,73.97,95,0.0,3330.12
21681.88,74.11,95,0.0,3330.12
21681.88,74.2,96,0.0,3330.12
21681.88,74.2,96,1.25,3330.12
21681.88,74.26,94,0.0,3330.12
21681.88,73.96,94,0.0,3330.12
21681.88,73.7,95,1.25,3330.12
21681.88,73.41,95,0.0,3330.12
21681.88,73.13,95,0.0,3330.12
21681.88,71.62,95,1.25,3330.12
21681.88,72.29,95,0.0,3330.12
21681.88,72.36,95,0.0,3330.12
21681.88,72.26,95,0.0,3330.12
21681.88,72.01,95,1.25,3330.12
21681.88,71.78,96,0.0,3330.12
21681.88,71.65,96,0.0,3330.12
21681.88,71.74,96,1.25,3330.12
21681.88,71.76,96,0.0,3330.12
21681.88,71.78,96,2.4875,3330.12
21681.88,72.89,79,0.0,3330.12
21681.88,72.54,79,0.0,3330.12
21681.88,72.44,95,1.25,3330.12
21681.88,72.73,95,0.0,3330.12
21681.88,72.86,95,0.0,3330.12
21681.88,73.06,95,0.0,3330.12
21681.88,73.2,95,1.25,3330.12
21681.88,73.45,95,0.0,3330.12
21681.88,73.47,95,0.0,3330.12
21681.88,73.56,95,1.25,3330.12
21681.88,73.56,95,0.0,3330.12
21681.88,73.4,95,0.0,3330.12
21681.88,72.34,95,1.2375,3330.12
21681.88,72.32,95,0.0,3330.12
21681.88,72.32,95,0.0,3330.12
21681.88,72.14,95,0.0,3330.12
21681.88,72.18,95,2.425,3330.12
21681.88,72.25,96,0.0,3330.12
21681.88,72.62,96,1.175,3330.12
21681.88,72.05,81,0.0,3330.12
21681.88,72.18,81,0.0,3330.12
21681.88,72.67,94,0.0,3330.12
21681.88,73.1,94,1.225,3330.12
21681.88,73.32,94,0.0,3330.12
21681.88,73.32,94,0.0,3330.12
21681.88,73.53,94,0.0,3330.12
21681.88,73.44,94,1.2125,3330.12
21681.88,73.43,94,1.225,3330.12
21681.88,72.51,94,0.0,3330.12
21681.88,72.94,94,0.0,3330.12
21681.88,72.97,93,1.2125,3330.12
21681.88,72.92,93,0.0,3330.12
21681.88,73.09,94,0.0,3330.12
21681.88,72.97,94,0.0,3330.12
21681.88,72.78,94,2.4375,3330.12
21681.88,69.07,94,0.0,3330.12
21681.88,68.96,81,1.2125,3330.12
21681.88,68.0,81,0.0,3330.12
21681.88,68.11,95,0.0,3330.12
21681.88,68.31,95,0.0,3330.12
21681.88,68.2,94,1.225,3330.12
21681.88,68.07,94,0.0,3330.12
21681.88,68.21,94,0.0,3330.12
21681.88,68.21,94,1.2125,3330.12
21681.88,68.09,95,0.0,3330.12
21681.88,68.16,95,0.0,3330.12
21681.88,71.61,95,0.0,3330.12
21681.88,71.56,95,1.25,3330.12
21681.88,72.32,95,0.0,3330.12
21681.88,72.41,95,0.0,3330.12
21681.88,72.25,94,0.0,3330.12
21681.88,72.35,94,1.25,3330.12
21681.88,72.22,94,0.0,3330.12
21681.88,72.15,94,0.0,3330.12
21681.88,72.04,94,1.2375,3330.12
21681.88,71.94,94,0.0,3330.12
21681.88,71.91,94,0.0,3330.12
21681.88,71.91,94,2.4875,3330.12
21681.88,71.85,94,0.0,3330.12
21681.88,71.61,94,1.25,3330.12
21681.88,71.8,80,1.2375,3330.12
21681.88,71.97,80,0.0,3330.12
21681.88,72.38,95,0.0,3330.12
21681.88,72.38,95,0.0,3330.12
21681.88,72.51,94,1.25,3330.12
21681.88,72.73,94,0.0,3330.12
21681.88,72.91,94,0.0,3330.12
21681.88,72.65,94,1.2375,3330.12
21681.88,72.43,94,0.0,3330.12
21681.88,72.21,94,0.0,3330.12
21681.88,71.99,94,0.0,3330.12
21681.88,71.89,94,1.25,3330.12
21681.88,71.48,94,0.0,3330.12
21681.88,71.22,94,0.0,3330.12
21681.88,70.88,94,1.25,3330.12
21681.88,70.75,93,0.0,3330.12
21681.88,70.01,93,0.0,3330.12
21681.88,70.12,94,1.25,3330.12
21681.88,70.27,94,1.2375,3330.12
21681.88,71.51,80,1.2375,3330.12
21681.88,71.55,80,0.0,3330.12
21681.88,72.08,94,0.0,3330.12
21681.88,72.39,94,0.0,3330.12
21681.88,72.36,94,1.2375,3330.12
21681.88,72.48,94,0.0,3330.12
21681.88,72.06,93,0.0,3330.12
21681.88,71.97,93,0.0,3330.12
21681.88,72.03,93,1.2375,3330.12
21681.88,71.99,93,0.0,3330.12
21681.88,71.89,93,0.0,3330.12
21681.88,71.89,94,1.2125,3330.12
21681.88,70.67,94,0.0,3330.12
21681.88,70.85,94,0.0,3330.12
21681.88,70.6,94,0.0,3330.12
21681.88,70.63,94,1.2125,3330.12
21681.88,70.72,94,0.0,3330.12
21681.88,71.0,93,2.45,3330.12
21681.88,71.0,93,0.0,3330.12
21681.88,71.93,80,0.0,3330.12
21681.88,72.18,95,0.0,3330.12
21681.88,72.48,95,1.2125,3330.12
21681.88,73.02,93,0.0,3330.12
21681.88,73.4,93,0.0,3330.12
21681.88,73.44,92,1.225,3330.12
21681.88,73.42,92,0.0,3330.12
21681.88,73.48,93,0.0,3330.12
21681.88,73.39,93,1.2125,3330.12
21681.88,73.27,92,1.2125,3330.12
21681.88,72.02,92,0.0,3330.12
21681.88,71.64,92,1.2125,3330.12
21681.88,72.19,92,0.0,3330.12
21681.88,71.97,93,0.0,3330.12
21681.88,71.66,93,1.2125,3330.12
21681.88,71.41,94,0.0,3330.12
21681.88,71.55,94,0.0,3330.12
21681.88,71.57,94,0.0,3330.12
21681.88,71.64,94,1.2125,3330.12
21681.88,71.58,94,0.0,3330.12
21681.88,71.07,92,0.0,3330.12
21681.88,71.62,92,2.425,3330.12
21681.88,71.92,82,0.0,3330.12
21681.88,72.15,82,0.0,3330.12
21681.88,71.95,94,1.2125,3330.12
21681.88,72.42,94,0.0,3330.12
21681.88,72.21,94,0.0,3330.12
21681.88,72.06,94,1.2125,3330.12
21681.88,71.85,94,0.0,3330.12
21681.88,71.75,94,0.0,3330.12
21681.88,72.2,94,1.2125,3330.12
21681.88,72.16,94,0.0,3330.12
21681.88,71.92,94,0.0,3330.12
21681.88,71.44,94,0.0,3330.12
21681.88,71.6,94,1.2125,3330.12
21681.88,71.55,94,0.0,3330.12
21681.88,71.65,94,0.0,3330.12
21681.88,71.84,94,1.2125,3330.12
21681.88,72.04,92,1.2125,3330.12
21681.88,69.48,92,1.2125,3330.12
21681.88,69.63,78,0.0,3330.12
21681.88,69.26,78,0.0,3330.12
21681.88,69.17,95,0.0,3330.12
21681.88,69.6,95,1.225,3330.12
21681.88,69.84,93,0.0,3330.12
21681.88,70.08,93,0.0,3330.12
21681.88,70.2,93,1.25,3330.12
21681.88,70.2,93,0.0,3330.12
21681.88,69.54,93,0.0,3330.12
21681.88,69.54,93,0.0,3330.12
21681.88,72.08,93,1.2375,3330.12
21681.88,71.69,93,0.0,3330.12
21681.88,72.19,93,0.0,3330.12
21681.88,72.31,93,1.25,3330.12
21681.88,72.08,93,0.0,3330.12
21681.88,72.29,93,0.0,3330.12
21681.88,72.31,93,1.25,3330.12
21681.88,72.12,93,0.0,3330.12
21681.88,71.67,94,0.0,3330.12
21681.88,72.17,94,1.25,3330.12
21681.88,71.99,93,1.2375,3330.12
21681.88,71.7,93,0.0,3330.12
21681.88,72.06,94,0.0,3330.12
21681.88,72.13,94,2.4875,3330.12
21681.88,73.64,79,0.0,3330.12
21681.88,72.88,79,0.0,3330.12
21681.88,72.52,94,1.25,3330.12
21681.88,72.35,94,0.0,3330.12
21681.88,72.25,94,0.0,3330.12
21681.88,72.57,94,1.2375,3330.12
21681.88,72.57,94,0.0,3330.12
21681.88,72.53,94,0.0,3330.12
21681.88,72.92,94,0.0,3330.12
21681.88,72.45,92,1.25,3330.12
21681.88,70.64,92,0.0,3330.12
21681.88,71.43,92,0.0,3330.12
21681.88,71.43,93,1.2375,3330.12
21681.88,71.64,93,1.2375,3330.12
21681.88,70.35,78,0.0,3330.12
21681.88,69.37,78,1.25,3330.12
21681.88,69.2,95,0.0,3330.12
21681.88,69.3,95,0.0,3330.12
21681.88,69.57,93,1.2375,3330.12
21681.88,69.73,93,0.0,3330.12
21681.88,70.06,93,0.0,3330.12
21681.88,70.3,93,0.0,3330.12
21681.88,70.61,93,1.2375,3330.12
21681.88,70.61,93,0.0,3330.12
21681.88,70.39,93,0.0,3330.12
21681.88,71.51,93,1.2125,3330.12
21681.88,72.43,93,0.0,3330.12
21681.88,72.58,94,1.2125,3330.12
21681.88,72.6,94,1.2125,3330.12
21681.88,72.63,94,0.0,3330.12
21681.88,72.64,94,0.0,3330.12
21681.88,69.9,85,2.425,3330.12
21681.88,69.19,85,0.0,3330.12
21681.88,69.08,89,1.2125,3330.12
21681.88,69.42,89,0.0,3330.12
21681.88,69.72,94,0.0,3330.12
21681.88,69.99,94,1.2125,3330.12
21681.88,70.07,94,0.0,3330.12
21681.88,70.11,94,0.0,3330.12
21681.88,69.99,94,1.2125,3330.12
21681.88,69.78,94,0.0,3330.12
21681.88,69.54,94,0.0,3330.12
21681.88,72.0,94,0.0,3330.12
21681.88,72.32,94,1.2125,3330.12
21681.88,72.27,94,0.0,3330.12
21681.88,72.0,94,1.2125,3330.12
21681.88,71.78,94,0.0,3330.12
21681.88,71.63,95,0.0,3330.12
21681.88,71.48,95,0.0,3330.12
21681.88,71.33,94,1.1625,3330.12
21681.88,72.43,94,1.1875,3330.12
21681.88,72.24,78,1.25,3330.12
21681.88,72.19,78,0.0,3330.12
21681.88,72.59,97,0.0,3330.12
21681.88,72.8,97,0.0,3330.12
21681.88,72.97,95,1.225,3330.12
21681.88,72.97,95,0.0,3330.12
21681.88,73.28,95,0.0,3330.12
21681.88,73.47,95,0.0,3330.12
21681.88,73.48,95,0.0,3330.12
21681.88,73.47,95,0.0,3330.12
21681.88,73.4,95,1.225,3330.12
21681.88,72.04,95,0.0,3330.12
21681.88,72.2,96,0.0,3330.12
21681.88,72.58,96,0.0,3330.12
21681.88,72.65,95,0.0,3330.12
21681.88,72.66,95,0.0,3330.12
21681.88,72.56,95,1.25,3330.12
21681.88,72.29,95,1.25,3330.12
21681.88,71.86,95,0.0,3330.12
21681.88,71.94,95,0.0,3330.12
21681.88,71.86,93,1.25,3330.12
21681.88,71.8,93,0.0,3330.12
21681.88,71.73,94,2.4875,3330.12
21681.88,68.24,94,0.0,3330.12
21681.88,68.27,80,0.0,3330.12
21681.88,67.81,93,1.25,3330.12
21681.88,68.0,93,0.0,3330.12
21681.88,68.21,95,0.0,3330.12
21681.88,68.43,95,1.25,3330.12
21681.88,68.81,94,0.0,3330.12
21681.88,68.87,94,0.0,3330.12
21681.88,69.09,94,0.0,3330.12
21681.88,69.27,94,1.25,3330.12
21681.88,72.45,93,0.0,3330.12
21681.88,72.05,93,0.0,3330.12
21681.88,72.51,94,0.0,3330.12
21681.88,72.45,94,1.25,3330.12
21681.88,72.33,94,0.0,3330.12
21681.88,72.33,94,0.0,3330.12
21681.88,72.25,94,1.2375,3330.12
21681.88,72.25,94,0.0,3330.12
21681.88,72.17,94,0.0,3330.12
21681.88,72.03,94,1.25,3330.12
21681.88,71.99,94,0.0,3330.12
21681.88,71.64,94,0.0,3330.12
21681.88,71.86,94,2.4875,3330.12
21681.88,69.46,86,0.0,3330.12
21681.88,69.58,89,0.0,3330.12
21681.88,69.61,89,1.25,3330.12
21681.88,69.17,93,0.0,3330.12
21681.88,68.95,93,0.0,3330.12
21681.88,69.06,95,0.0,3330.12
21681.88,69.12,95,0.0,3330.12
21681.88,69.3,94,1.25,3330.12
21681.88,69.67,94,0.0,3330.12
21681.88,69.96,94,0.0,3330.12
21681.88,72.69,94,0.0,3330.12
21681.88,72.07,94,1.2375,3330.12
21681.88,71.74,94,1.2375,3330.12
21681.88,72.13,94,0.0,3330.12
21681.88,72.23,94,0.0,3330.12
21681.88,71.81,94,0.0,3330.12
21681.88,71.86,94,1.25,3330.12
21681.88,71.94,94,0.0,3330.12
21681.88,71.94,94,0.0,3330.12
21681.88,71.92,93,0.0,3330.12
21681.88,71.77,93,1.225,3330.12
21681.88,71.63,93,0.0,3330.12
21681.88,71.63,94,0.0,3330.12
21681.88,72.01,94,1.225,3330.12
21681.88,73.76,94,0.0,3330.12
21681.88,73.21,94,0.0,3330.12
21681.88,73.64,83,1.225,3330.12
21681.88,73.71,83,0.0,3330.12
21681.88,73.71,95,0.0,3330.12
21681.88,73.58,96,0.0,3330.12
21681.88,73.67,96,0.0,3330.12
21681.88,73.99,94,0.0,3330.12
21681.88,74.22,94,1.2125,3330.12
21681.88,74.37,94,0.0,3330.12
21681.88,74.37,94,1.2125,3330.12
21681.88,72.2,94,0.0,3330.12
21681.88,72.81,94,0.0,3330.12
21681.88,72.83,92,0.0,3330.12
21681.88,72.81,92,1.2125,3330.12
21681.88,72.96,94,0.0,3330.12
21681.88,73.11,94,0.0,3330.12
21681.88,73.17,93,0.0,3330.12
21681.88,73.18,93,2.425,3330.12
21681.88,75.38,79,1.2125,3330.12
21681.88,74.39,79,0.0,3330.12
21681.88,74.36,95,0.0,3330.12
21681.88,74.51,95,1.2125,3330.12
21681.88,74.5,94,1.2125,3330.12
21681.88,74.41,94,0.0,3330.12
21681.88,74.32,94,0.0,3330.12
21681.88,74.36,94,1.2125,3330.12
21681.88,74.14,94,0.0,3330.12
21681.88,73.77,94,0.0,3330.12
21681.88,73.5,94,1.2125,3330.12
21681.88,70.76,94,0.0,3330.12
21681.88,71.42,94,0.0,3330.12
21681.88,71.45,94,0.0,3330.12
21681.88,71.32,94,1.2125,3330.12
21681.88,70.95,94,0.0,3330.12
21681.88,70.74,93,0.0,3330.12
21681.88,70.73,94,1.2125,3330.12
21681.88,70.62,94,0.0,3330.12
21681.88,70.66,94,0.0,3330.12
21681.88,70.88,94,1.225,3330.12
21681.88,70.88,87,1.1875,3330.12
21681.88,69.4,87,1.2375,3330.12
21681.88,68.93,87,0.0,3330.12
21681.88,69.09,87,0.0,3330.12
21681.88,69.41,94,1.2125,3330.12
21681.88,69.38,94,0.0,3330.12
21681.88,69.17,94,0.0,3330.12
21681.88,69.18,94,1.2125,3330.12
21681.88,69.34,94,0.0,3330.12
21681.88,69.31,94,0.0,3330.12
21681.88,69.47,94,0.0,3330.12
21681.88,71.84,94,1.2125,3330.12
21681.88,71.51,94,0.0,3330.12
21681.88,72.08,94,0.0,3330.12
21681.88,72.19,94,1.2125,3330.12
21681.88,72.48,95,0.0,3330.12
21681.88,72.69,95,0.0,3330.12
21681.88,72.64,95,0.0,3330.12
21681.88,72.35,95,2.425,3330.12
21681.88,72.29,95,0.0,3330.12
21681.88,72.07,95,0.0,3330.12
21681.88,72.07,95,1.2,3330.12
21681.88,69.13,95,1.2125,3330.12
21681.88,69.13,95,1.2125,3330.12
21681.88,67.91,81,0.0,3330.12
21681.88,67.92,81,0.0,3330.12
21681.88,67.96,95,1.2125,3330.12
21681.88,67.96,95,0.0,3330.12
21681.88,68.08,95,0.0,3330.12
21681.88,68.26,95,1.2125,3330.12
21681.88,68.3,95,0.0,3330.12
21681.88,68.29,95,0.0,3330.12
21681.88,68.23,95,1.2125,3330.12
21681.88,68.25,95,0.0,3330.12
21681.88,72.18,95,0.0,3330.12
21681.88,72.34,95,0.0,3330.12
21681.88,72.43,95,1.2125,3330.12
21681.88,72.42,94,0.0,3330.12
21681.88,72.15,94,0.0,3330.12
21681.88,71.87,95,1.2125,3330.12
21681.88,71.85,95,0.0,3330.12
21681.88,71.97,95,2.425,3330.12
21681.88,68.92,95,0.0,3330.12
21681.88,67.97,82,0.0,3330.12
21681.88,68.12,82,0.0,3330.12
21681.88,68.39,95,1.2125,3330.12
21681.88,68.57,95,0.0,3330.12
21681.88,68.37,95,0.0,3330.12
21681.88,68.23,95,1.2125,3330.12
21681.88,68.44,95,1.2,3330.12
21681.88,68.57,95,0.0,3330.12
21681.88,68.45,95,1.2125,3330.12
21681.88,71.62,95,0.0,3330.12
21681.88,72.25,95,1.2125,3330.12
21681.88,72.39,94,0.0,3330.12
21681.88,72.2,94,0.0,3330.12
21681.88,71.8,93,2.4375,3330.12
21681.88,73.3,93,0.0,3330.12
21681.88,72.88,78,1.2125,3330.12
21681.88,72.93,78,0.0,3330.12
21681.88,72.99,93,0.0,3330.12
21681.88,73.34,93,1.2125,3330.12
21681.88,73.74,93,0.0,3330.12
21681.88,74.06,93,0.0,3330.12
21681.88,74.58,93,0.0,3330.12
21681.88,74.19,94,1.2,3330.12
21681.88,74.19,93,0.0,3330.12
21681.88,74.05,93,0.0,3330.12
21681.88,72.56,93,1.225,3330.12
21681.88,73.0,93,0.0,3330.12
21681.88,72.94,93,0.0,3330.12
21681.88,72.98,93,0.0,3330.12
21681.88,72.97,94,1.225,3330.12
21681.88,72.83,94,0.0,3330.12
21681.88,72.57,94,0.0,3330.12
21681.88,72.3,94,1.225,3330.12
21681.88,73.35,82,1.225,3330.12
21681.88,72.85,82,0.0,3330.12
21681.88,72.85,94,0.0,3330.12
21681.88,73.13,94,1.2125,3330.12
21681.88,73.27,94,0.0,3330.12
21681.88,73.31,94,1.225,3330.12
21681.88,73.28,94,0.0,3330.12
21681.88,73.28,94,0.0,3330.12
21681.88,73.14,94,1.2,3330.12
21681.88,73.19,94,0.0,3330.12
21681.88,73.19,94,0.0,3330.12
21681.88,72.33,95,1.225,3330.12
21681.88,72.92,95,0.0,3330.12
21681.88,72.95,96,0.0,3330.12
21681.88,72.62,96,0.0,3330.12
21681.88,72.61,96,0.0,3330.12
21681.88,72.57,96,0.0,3330.12
21681.88,72.41,95,1.225,3330.12
21681.88,72.44,95,0.0,3330.12
21681.88,72.44,95,0.0,3330.12
21681.88,71.28,95,1.225,3330.12
21681.88,70.81,95,0.0,3330.12
21681.88,70.81,85,1.225,3330.12
21681.88,70.55,85,0.0,3330.12
21681.88,70.67,96,0.0,3330.12
21681.88,70.89,96,0.0,3330.12
21681.88,70.97,95,0.0,3330.12
21681.88,70.97,95,1.225,3330.12
21681.88,71.03,95,0.0,3330.12
21681.88,70.78,95,0.0,3330.12
21681.88,71.02,95,0.0,3330.12
21681.88,71.66,96,0.0,3330.12
21681.88,72.04,96,1.225,3330.12
21681.88,72.21,96,0.0,3330.12
21681.88,72.3,96,0.0,3330.12
21681.88,72.33,96,0.0,3330.12
21681.88,72.35,96,0.0,3330.12
21681.88,72.09,95,1.225,3330.12
21681.88,71.79,95,0.0,3330.12
21681.88,71.43,96,0.0,3330.12
21681.88,71.71,96,0.0,3330.12
21681.88,71.71,96,1.225,3330.12
21681.88,69.69,96,0.0,3330.12
21681.88,68.84,96,1.225,3330.12
21681.88,68.99,85,1.225,3330.12
21681.88,68.84,96,0.0,3330.12
21681.88,68.75,96,0.0,3330.12
21681.88,68.75,96,0.0,3330.12
21681.88,68.91,96,0.0,3330.12
21681.88,69.24,95,1.225,3330.12
21681.88,69.26,95,0.0,3330.12
21681.88,69.06,96,0.0,3330.12
21681.88,69.15,96,0.0,3330.12
21681.88,71.28,96,0.0,3330.12
21681.88,72.11,96,0.0,3330.12
21681.88,72.16,96,1.2375,3330.12
21681.88,72.35,96,0.0,3330.12
21681.88,72.25,95,0.0,3330.12
21681.88,72.18,95,0.0,3330.12
21681.88,72.08,96,0.0,3330.12
21681.88,71.8,96,1.225,3330.12
21681.88,74.05,86,0.0,3330.12
21681.88,73.36,86,0.0,3330.12
21681.88,73.45,96,1.2375,3330.12
21681.88,73.77,96,0.0,3330.12
21681.88,74.09,96,0.0,3330.12
21681.88,74.17,95,0.0,3330.12
21681.88,74.0,95,0.0,3330.12
21681.88,74.06,96,0.0,3330.12
21681.88,74.05,96,0.0,3330.12
21681.88,73.97,96,1.225,3330.12
21681.88,71.61,96,0.0,3330.12
21681.88,72.34,95,0.0,3330.12
21681.88,72.23,95,1.225,3330.12
21681.88,72.03,96,0.0,3330.12
21681.88,72.0,96,0.0,3330.12
21681.88,72.02,96,1.225,3330.12
21681.88,72.12,96,0.0,3330.12
21681.88,72.19,96,0.0,3330.12
21681.88,71.72,96,1.225,3330.12
21681.88,70.44,96,0.0,3330.12
21681.88,70.49,85,0.0,3330.12
21681.88,70.49,85,1.2375,3330.12
21681.88,70.82,96,0.0,3330.12
21681.88,71.25,96,0.0,3330.12
21681.88,71.33,96,0.0,3330.12
21681.88,71.4,96,0.0,3330.12
21681.88,71.4,96,1.225,3330.12
21681.88,71.09,96,0.0,3330.12
21681.88,70.89,96,0.0,3330.12
21681.88,71.21,95,0.0,3330.12
21681.88,72.12,95,0.0,3330.12
21681.88,72.03,95,0.0,3330.12
21681.88,71.91,95,1.225,3330.12
21681.88,69.98,91,0.0,3330.12
21681.88,69.99,91,1.2,3330.12
21681.88,69.13,91,0.0,3330.12
21681.88,68.94,91,0.0,3330.12
21681.88,68.79,94,0.0,3330.12
21681.88,68.83,94,1.2125,3330.12
21681.88,68.73,94,0.0,3330.12
21681.88,68.73,94,0.0,3330.12
21681.88,69.3,94,1.2125,3330.12
21681.88,69.36,94,0.0,3330.12
21681.88,71.08,94,0.0,3330.12
21681.88,70.81,94,0.0,3330.12
21681.88,71.34,94,1.2125,3330.12
21681.88,71.34,94,0.0,3330.12
21681.88,71.21,94,0.0,3330.12
21681.88,71.43,94,2.425,3330.12
21681.88,71.63,94,0.0,3330.12
21681.88,71.89,94,0.0,3330.12
21681.88,71.91,94,0.0,3330.12
21681.88,71.93,94,1.2125,3330.12
21681.88,71.93,94,0.0,3330.12
21681.88,71.55,94,0.0,3330.12
21681.88,71.89,94,2.3625,3330.12
21681.88,74.36,94,0.0,3330.12
21681.88,73.61,76,0.0,3330.12
21681.88,73.48,76,1.225,3330.12
21681.88,73.48,95,0.0,3330.12
21681.88,73.17,95,0.0,3330.12
21681.88,73.17,94,0.0,3330.12
21681.88,73.2,94,1.225,3330.12
21681.88,73.29,94,0.0,3330.12
21681.88,73.54,94,0.0,3330.12
21681.88,73.56,93,0.0,3330.12
21681.88,73.17,93,1.225,3330.12
21681.88,70.84,93,0.0,3330.12
21681.88,70.84,93,0.0,3330.12
21681.88,71.75,94,0.0,3330.12
21681.88,71.86,94,1.225,3330.12
21681.88,72.25,94,0.0,3330.12
21681.88,72.04,93,0.0,3330.12
21681.88,72.04,93,0.0,3330.12
21681.88,72.03,94,1.2125,3330.12
21681.88,71.98,94,0.0,3330.12
21681.88,72.05,94,1.2125,3330.12
21681.88,72.21,94,2.425,3330.12
21681.88,72.41,77,0.0,3330.12
21681.88,71.46,77,1.2125,3330.12
21681.88,71.39,95,0.0,3330.12
21681.88,71.42,95,0.0,3330.12
21681.88,71.43,94,1.2125,3330.12
21681.88,71.64,94,0.0,3330.12
21681.88,72.03,92,0.0,3330.12
21681.88,72.03,92,1.2,3330.12
21681.88,72.29,94,0.0,3330.12
21681.88,72.28,94,0.0,3330.12
21681.88,72.28,93,1.2125,3330.12
21681.88,72.21,93,0.0,3330.12
21681.88,73.12,94,0.0,3330.12
21681.88,73.09,94,1.2125,3330.12
21681.88,73.09,94,0.0,3330.12
21681.88,73.28,94,0.0,3330.12
21681.88,73.12,94,0.0,3330.12
21681.88,73.12,94,1.2125,3330.12
21681.88,72.64,94,0.0,3330.12
21681.88,72.06,94,0.0,3330.12
21681.88,71.83,94,1.175,3330.12
21681.88,68.0,94,2.425,3330.12
21681.88,68.0,76,0.0,3330.12
21681.88,67.05,93,1.2125,3330.12
21681.88,67.0,93,1.2125,3330.12
21681.88,67.03,94,0.0,3330.12
21681.88,67.04,94,0.0,3330.12
21681.88,67.2,93,0.0,3330.12
21681.88,67.66,93,1.2125,3330.12
21681.88,68.21,94,0.0,3330.12
21681.88,68.31,94,0.0,3330.12
21681.88,68.29,94,1.2125,3330.12
21681.88,72.36,94,0.0,3330.12
21681.88,72.26,95,0.0,3330.12
21681.88,72.21,95,1.225,3330.12
21681.88,72.18,94,0.0,3330.12
21681.88,72.18,94,0.0,3330.12
21681.88,72.05,94,0.0,3330.12
21681.88,72.02,94,1.225,3330.12
21681.88,71.91,94,0.0,3330.12
21681.88,71.81,94,0.0,3330.12
21681.88,72.08,94,0.0,3330.12
21681.88,69.03,94,2.425,3330.12
21681.88,68.18,80,1.2125,3330.12
21681.88,68.18,80,0.0,3330.12
21681.88,68.23,93,0.0,3330.12
21681.88,68.35,93,0.0,3330.12
21681.88,68.4,94,0.0,3330.12
21681.88,68.45,94,1.2375,3330.12
21681.88,68.63,94,0.0,3330.12
21681.88,68.99,94,0.0,3330.12
21681.88,68.99,93,0.0,3330.12
21681.88,68.96,93,2.4875,3330.12
21681.88,68.97,92,0.0,3330.12
21681.88,72.28,92,0.0,3330.12
21681.88,73.23,94,1.2375,3330.12
21681.88,73.32,94,0.0,3330.12
21681.88,73.1,93,0.0,3330.12
21681.88,73.3,94,0.0,3330.12
21681.88,73.16,94,2.4875,3330.12
21681.88,73.16,80,0.0,3330.12
21681.88,73.41,80,0.0,3330.12
21681.88,72.86,94,0.0,3330.12
21681.88,73.51,94,1.25,3330.12
21681.88,73.69,93,0.0,3330.12
21681.88,73.93,93,0.0,3330.12
21681.88,73.89,94,1.25,3330.12
21681.88,73.66,94,0.0,3330.12
21681.88,73.27,94,0.0,3330.12
21681.88,72.95,94,0.0,3330.12
21681.88,72.44,94,1.25,3330.12
21681.88,71.85,94,0.0,3330.12
21681.88,72.12,94,0.0,3330.12
21681.88,72.02,94,0.0,3330.12
21681.88,71.84,94,1.25,3330.12
21681.88,71.85,94,0.0,3330.12
21681.88,71.88,93,0.0,3330.12
21681.88,72.09,93,0.0,3330.12
21681.88,72.26,93,1.25,3330.12
21681.88,72.35,94,0.0,3330.12
21681.88,72.37,94,0.0,3330.12
21681.88,72.58,94,2.4875,3330.12
21681.88,73.32,80,0.0,3330.12
21681.88,73.03,80,0.0,3330.12
21681.88,73.15,95,0.0,3330.12
21681.88,73.34,95,1.25,3330.12
21681.88,73.45,93,0.0,3330.12
21681.88,73.45,93,0.0,3330.12
21681.88,73.64,93,1.2375,3330.12
21681.88,73.75,94,0.0,3330.12
21681.88,73.77,94,0.0,3330.12
21681.88,73.71,93,0.0,3330.12
21681.88,73.71,93,1.2375,3330.12
21681.88,73.66,94,1.225,3330.12
21681.88,73.03,94,0.0,3330.12
21681.88,73.33,94,0.0,3330.12
21681.88,73.3,94,2.45,3330.12
21681.88,73.28,94,0.0,3330.12
21681.88,74.36,82,0.0,3330.12
21681.88,74.46,82,0.0,3330.12
21681.88,73.26,94,0.0,3330.12
21681.88,73.26,94,1.225,3330.12
21681.88,73.75,94,0.0,3330.12
21681.88,73.95,94,0.0,3330.12
21681.88,74.02,93,1.225,3330.12
21681.88,74.02,93,0.0,3330.12
21681.88,74.02,93,0.0,3330.12
21681.88,73.82,93,0.0,3330.12
21681.88,71.73,93,1.2125,3330.12
21681.88,72.12,93,0.0,3330.12
21681.88,72.37,94,0.0,3330.12
21681.88,72.24,94,1.2125,3330.12
21681.88,72.12,94,0.0,3330.12
21681.88,72.12,94,1.2,3330.12
21681.88,71.82,94,0.0,3330.12
21681.88,72.1,94,0.0,3330.12
21681.88,71.93,94,1.2125,3330.12
21681.88,71.67,94,0.0,3330.12
21681.88,71.59,94,0.0,3330.12
21681.88,71.85,94,2.4125,3330.12
21681.88,73.55,94,1.2125,3330.12
21681.88,72.86,79,0.0,3330.12
21681.88,72.46,79,0.0,3330.12
21681.88,72.41,92,0.0,3330.12
21681.88,72.67,92,1.225,3330.12
21681.88,72.8,92,0.0,3330.12
21681.88,72.93,94,0.0,3330.12
21681.88,72.99,94,0.0,3330.12
21681.88,73.28,94,0.0,3330.12
21681.88,73.44,95,1.2125,3330.12
21681.88,73.35,95,0.0,3330.12
21681.88,71.7,95,0.0,3330.12
21681.88,72.34,94,2.4375,3330.12
21681.88,72.5,94,0.0,3330.12
21681.88,72.39,95,0.0,3330.12
21681.88,71.97,94,0.0,3330.12
21681.88,71.8,94,1.2125,3330.12
21681.88,71.39,93,0.0,3330.12
21681.88,71.12,93,1.2125,3330.12
21681.88,67.93,83,1.2125,3330.12
21681.88,66.83,83,0.0,3330.12
21681.88,66.6,92,0.0,3330.12
21681.88,66.86,92,0.0,3330.12
21681.88,66.91,94,0.0,3330.12
21681.88,66.91,94,1.25,3330.12
21681.88,67.46,94,0.0,3330.12
21681.88,68.01,94,0.0,3330.12
21681.88,68.13,94,1.25,3330.12
21681.88,68.15,94,0.0,3330.12
21681.88,68.24,94,0.0,3330.12
21681.88,71.22,94,0.0,3330.12
21681.88,72.26,94,1.2375,3330.12
21681.88,72.64,94,0.0,3330.12
21681.88,72.7,94,0.0,3330.12
21681.88,72.83,94,0.0,3330.12
21681.88,72.99,93,1.25,3330.12
21681.88,73.06,93,0.0,3330.12
21681.88,72.69,94,0.0,3330.12
21681.88,72.45,94,3.7375,3330.12
21681.88,69.96,79,0.0,3330.12
21681.88,69.37,79,0.0,3330.12
21681.88,69.67,94,0.0,3330.12
21681.88,70.02,94,1.2375,3330.12
21681.88,70.17,94,0.0,3330.12
21681.88,70.34,94,0.0,3330.12
21681.88,70.22,93,0.0,3330.12
21681.88,70.18,94,1.2375,3330.12
21681.88,69.78,94,0.0,3330.12
21681.88,69.56,94,0.0,3330.12
21681.88,69.35,94,0.0,3330.12
21681.88,71.55,94,0.0,3330.12
21681.88,71.91,94,1.25,3330.12
21681.88,71.66,94,0.0,3330.12
21681.88,71.57,94,0.0,3330.12
21681.88,71.57,94,0.0,3330.12
21681.88,72.86,93,2.4875,3330.12
21681.88,72.12,93,0.0,3330.12
21681.88,72.44,80,1.2375,3330.12
21681.88,73.06,80,0.0,3330.12
21681.88,73.51,93,0.0,3330.12
21681.88,74.02,93,1.25,3330.12
21681.88,74.14,93,0.0,3330.12
21681.88,74.1,93,0.0,3330.12
21681.88,73.97,95,0.0,3330.12
21681.88,73.54,95,1.25,3330.12
21681.88,73.08,93,0.0,3330.12
21681.88,71.5,93,0.0,3330.12
21681.88,72.09,92,1.25,3330.12
21681.88,72.03,92,0.0,3330.12
21681.88,71.73,94,1.2125,3330.12
21681.88,71.49,94,0.0,3330.12
21681.88,71.27,94,1.2125,3330.12
21681.88,71.43,94,0.0,3330.12
21681.88,71.43,94,0.0,3330.12
21681.88,71.05,94,1.2125,3330.12
21681.88,71.01,94,0.0,3330.12
21681.88,70.94,94,0.0,3330.12
21681.88,71.86,94,2.4125,3330.12
21681.88,70.91,94,0.0,3330.12
21681.88,70.81,77,1.2125,3330.12
21681.88,71.11,77,0.0,3330.12
21681.88,71.53,94,0.0,3330.12
21681.88,71.9,94,0.0,3330.12
21681.88,72.07,94,1.2125,3330.12
21681.88,72.47,94,0.0,3330.12
21681.88,72.88,93,0.0,3330.12
21681.88,73.13,93,0.0,3330.12
21681.88,73.13,93,1.225,3330.12
21681.88,73.29,93,1.225,3330.12
21681.88,72.29,93,0.0,3330.12
21681.88,73.14,94,0.0,3330.12
21681.88,73.06,94,1.2125,3330.12
21681.88,73.07,94,0.0,3330.12
21681.88,73.03,94,2.425,3330.12
21681.88,73.69,78,0.0,3330.12
21681.88,72.53,78,0.0,3330.12
21681.88,72.53,95,1.2125,3330.12
21681.88,73.31,95,0.0,3330.12
21681.88,73.6,93,0.0,3330.12
21681.88,73.53,93,0.0,3330.12
21681.88,73.44,94,1.2125,3330.12
21681.88,73.22,94,0.0,3330.12
21681.88,72.58,94,0.0,3330.12
21681.88,72.19,94,1.2125,3330.12
21681.88,71.14,94,0.0,3330.12
21681.88,71.14,94,0.0,3330.12
21681.88,71.74,94,1.2125,3330.12
21681.88,71.62,94,0.0,3330.12
21681.88,71.62,94,0.0,3330.12
21681.88,67.97,94,2.425,3330.12
21681.88,67.97,80,0.0,3330.12
21681.88,67.61,80,1.2125,3330.12
21681.88,67.61,95,0.0,3330.12
21681.88,67.59,95,0.0,3330.12
21681.88,67.99,95,1.2125,3330.12
21681.88,68.11,95,1.2125,3330.12
21681.88,68.3,95,0.0,3330.12
21681.88,68.45,95,0.0,3330.12
21681.88,67.97,95,1.2125,3330.12
21681.88,67.66,95,0.0,3330.12
21681.88,70.54,95,0.0,3330.12
21681.88,70.13,95,0.0,3330.12
21681.88,70.13,95,1.2125,3330.12
21681.88,70.61,95,0.0,3330.12
21681.88,70.39,95,0.0,3330.12
21681.88,70.39,95,1.2125,3330.12
21681.88,70.56,95,0.0,3330.12
21681.88,70.47,95,0.0,3330.12
21681.88,70.6,95,1.2125,3330.12
21681.88,70.86,95,0.0,3330.12
21681.88,70.98,95,0.0,3330.12
21681.88,72.55,95,2.425,3330.12
21681.88,72.61,95,0.0,3330.12
21681.88,72.12,82,1.2125,3330.12
21681.88,72.3,82,1.2125,3330.12
21681.88,72.33,95,0.0,3330.12
21681.88,72.24,95,0.0,3330.12
21681.88,72.39,95,1.2125,3330.12
21681.88,72.33,95,0.0,3330.12
21681.88,72.3,95,0.0,3330.12
21681.88,71.95,95,1.2125,3330.12
21681.88,71.75,95,0.0,3330.12
21681.88,71.75,95,0.0,3330.12
21681.88,70.62,95,1.2125,3330.12
21681.88,70.62,95,0.0,3330.12
21681.88,71.47,95,0.0,3330.12
21681.88,71.61,95,1.1875,3330.12
21681.88,71.94,95,0.0,3330.12
21681.88,71.94,95,0.0,3330.12
21681.88,72.12,95,1.2125,3330.12
21681.88,72.28,95,0.0,3330.12
21681.88,72.28,95,0.0,3330.12
21681.88,72.6,95,1.2125,3330.12
21681.88,72.68,95,1.2125,3330.12
21681.88,75.22,79,1.2,3330.12
21681.88,75.22,79,0.0,3330.12
21681.88,74.61,97,0.0,3330.12
21681.88,74.6,97,0.0,3330.12
21681.88,74.6,95,1.2125,3330.12
21681.88,74.4,95,0.0,3330.12
21681.88,74.56,95,0.0,3330.12
21681.88,74.61,95,1.2375,3330.12
21681.88,74.57,95,1.175,3330.12
21681.88,74.49,95,0.0,3330.12
21681.88,74.49,95,1.2125,3330.12
21681.88,72.01,95,0.0,3330.12
21681.88,71.78,95,0.0,3330.12
21681.88,71.8,95,0.0,3330.12
21681.88,71.54,95,1.2125,3330.12
21681.88,71.44,95,0.0,3330.12
21681.88,71.4,95,0.0,3330.12
21681.88,71.22,95,1.2125,3330.12
21681.88,71.17,95,0.0,3330.12
21681.88,71.27,95,0.0,3330.12
21681.88,71.36,95,1.2125,3330.12
21681.88,71.44,95,0.0,3330.12
21681.88,71.65,95,1.2125,3330.12
21681.88,72.25,80,1.2125,3330.12
21681.88,71.63,80,0.0,3330.12
21681.88,71.89,95,1.2125,3330.12
21681.88,72.11,95,1.2125,3330.12
21681.88,72.21,95,0.0,3330.12
21681.88,72.43,95,0.0,3330.12
21681.88,72.49,95,0.0,3330.12
21681.88,72.5,95,1.2125,3330.12
21681.88,72.5,95,0.0,3330.12
21681.88,72.5,95,0.0,3330.12
21681.88,72.16,93,1.2125,3330.12
21681.88,72.96,93,0.0,3330.12
21681.88,72.88,94,0.0,3330.12
21681.88,72.89,94,0.0,3330.12
21681.88,72.83,94,1.2,3330.12
21681.88,72.63,94,2.425,3330.12
21681.88,69.83,79,0.0,3330.12
21681.88,68.53,79,0.0,3330.12
21681.88,68.32,95,1.2,3330.12
21681.88,68.34,95,0.0,3330.12
21681.88,68.3,94,0.0,3330.12
21681.88,68.27,94,1.2125,3330.12
21681.88,68.28,94,0.0,3330.12
21681.88,68.32,93,0.0,3330.12
21681.88,68.18,93,1.2125,3330.12
21681.88,68.14,92,0.0,3330.12
21681.88,67.94,92,0.0,3330.12
21681.88,70.18,94,1.2125,3330.12
21681.88,71.27,94,0.0,3330.12
21681.88,71.48,94,0.0,3330.12
21681.88,71.53,94,1.2125,3330.12
21681.88,71.62,94,1.2125,3330.12
21681.88,71.72,94,0.0,3330.12
21681.88,71.82,94,1.2,3330.12
21681.88,69.15,94,1.2125,3330.12
21681.88,69.28,79,0.0,3330.12
21681.88,68.83,79,1.2125,3330.12
21681.88,68.85,95,0.0,3330.12
21681.88,69.26,95,0.0,3330.12
21681.88,69.51,94,1.2125,3330.12
21681.88,69.73,94,0.0,3330.12
21681.88,69.71,94,0.0,3330.12
21681.88,69.78,94,1.2125,3330.12
21681.88,69.63,93,0.0,3330.12
21681.88,69.51,93,0.0,3330.12
21681.88,71.56,94,0.0,3330.12
21681.88,71.41,94,1.2125,3330.12
21681.88,72.01,94,0.0,3330.12
21681.88,72.17,94,0.0,3330.12
21681.88,72.16,94,1.2125,3330.12
21681.88,72.15,94,0.0,3330.12
21681.88,72.1,94,0.0,3330.12
21681.88,71.95,94,1.2125,3330.12
21681.88,71.97,94,0.0,3330.12
21681.88,71.97,93,0.0,3330.12
21681.88,71.97,93,1.2125,3330.12
21681.88,71.97,94,0.0,3330.12
21681.88,72.21,94,2.4375,3330.12
21681.88,72.03,78,0.0,3330.12
21681.88,71.82,78,0.0,3330.12
21681.88,71.9,94,0.0,3330.12
21681.88,72.01,94,1.2125,3330.12
21681.88,72.33,94,0.0,3330.12
21681.88,72.36,94,0.0,3330.12
21681.88,72.38,94,1.2125,3330.12
21681.88,72.25,94,1.2125,3330.12
21681.88,72.59,94,0.0,3330.12
21681.88,72.37,94,0.0,3330.12
21681.88,72.09,94,1.2125,3330.12
21681.88,72.21,94,0.0,3330.12
21681.88,72.02,94,0.0,3330.12
21681.88,71.78,94,1.2125,3330.12
21681.88,71.67,94,0.0,3330.12
21681.88,71.7,94,0.0,3330.12
21681.88,71.86,94,1.2125,3330.12
21681.88,71.99,95,0.0,3330.12
21681.88,72.02,95,0.0,3330.12
21681.88,71.96,94,1.2125,3330.12
21681.88,72.15,93,1.175,3330.12
21681.88,69.96,93,1.1375,3330.12
21681.88,69.61,76,0.0,3330.12
21681.88,69.89,94,0.0,3330.12
21681.88,70.01,94,0.0,3330.12
21681.88,70.12,94,1.225,3330.12
21681.88,70.12,94,0.0,3330.12
21681.88,69.9,94,0.0,3330.12
21681.88,69.9,94,1.2125,3330.12
21681.88,69.95,94,0.0,3330.12
21681.88,69.74,94,0.0,3330.12
21681.88,71.96,94,1.2125,3330.12
21681.88,72.26,94,0.0,3330.12
21681.88,72.26,94,0.0,3330.12
21681.88,72.18,94,2.425,3330.12
21681.88,71.99,94,0.0,3330.12
21681.88,72.78,78,1.2125,3330.12
21681.88,72.09,78,1.2125,3330.12
21681.88,72.09,94,0.0,3330.12
21681.88,72.16,94,0.0,3330.12
21681.88,72.5,92,1.2125,3330.12
21681.88,72.82,93,0.0,3330.12
21681.88,73.12,93,1.2,3330.12
21681.88,73.29,93,0.0,3330.12
21681.88,73.39,93,0.0,3330.12
21681.88,73.42,94,0.0,3330.12
21681.88,73.09,94,1.2125,3330.12
21681.88,72.35,94,0.0,3330.12
21681.88,72.24,94,0.0,3330.12
21681.88,72.27,93,1.2125,3330.12
21681.88,72.26,93,0.0,3330.12
21681.88,72.26,94,0.0,3330.12
21681.88,72.21,94,1.2125,3330.12
21681.88,72.23,93,1.2125,3330.12
21681.88,69.07,93,1.2125,3330.12
21681.88,68.18,80,0.0,3330.12
21681.88,68.12,80,0.0,3330.12
21681.88,68.39,94,0.0,3330.12
21681.88,68.29,94,1.2125,3330.12
21681.88,68.33,93,0.0,3330.12
21681.88,68.15,93,0.0,3330.12
21681.88,67.73,94,0.0,3330.12
21681.88,67.33,94,1.225,3330.12
21681.88,67.15,94,1.225,3330.12
21681.88,66.96,94,0.0,3330.12
21681.88,69.89,94,0.0,3330.12
21681.88,70.68,94,0.0,3330.12
21681.88,70.71,93,1.2125,3330.12
21681.88,70.55,93,1.1375,3330.12
21681.88,70.75,94,1.1625,3330.12
21681.88,72.69,94,0.0,3330.12
21681.88,71.9,80,0.0,3330.12
21681.88,72.15,80,1.25,3330.12
21681.88,72.68,94,0.0,3330.12
21681.88,73.01,94,0.0,3330.12
21681.88,73.54,94,0.0,3330.12
21681.88,73.86,94,1.2125,3330.12
21681.88,74.38,94,0.0,3330.12
21681.88,74.35,94,0.0,3330.12
21681.88,73.96,94,0.0,3330.12
21681.88,71.67,94,1.225,3330.12
21681.88,72.3,94,0.0,3330.12
21681.88,72.34,94,0.0,3330.12
21681.88,72.06,94,0.0,3330.12
21681.88,71.84,95,1.225,3330.12
21681.88,71.9,95,1.225,3330.12
21681.88,71.95,96,1.225,3330.12
21681.88,72.84,96,0.0,3330.12
21681.88,71.53,84,0.0,3330.12
21681.88,71.67,84,1.225,3330.12
21681.88,72.25,96,0.0,3330.12
21681.88,72.83,96,0.0,3330.12
21681.88,73.19,96,0.0,3330.12
21681.88,73.26,96,0.0,3330.12
21681.88,73.25,96,0.0,3330.12
21681.88,73.34,96,1.2125,3330.12
21681.88,73.44,96,0.0,3330.12
21681.88,73.38,95,0.0,3330.12
21681.88,72.31,95,1.2125,3330.12
21681.88,73.32,95,0.0,3330.12
21681.88,73.31,95,0.0,3330.12
21681.88,73.09,95,1.2125,3330.12
21681.88,73.08,95,0.0,3330.12
21681.88,73.0,92,0.0,3330.12
21681.88,72.99,92,1.225,3330.12
21681.88,72.87,94,0.0,3330.12
21681.88,72.47,94,0.0,3330.12
21681.88,72.47,94,1.2125,3330.12
21681.88,72.59,94,2.35,3330.12
21681.88,74.78,80,0.0,3330.12
21681.88,74.1,80,0.0,3330.12
21681.88,74.09,94,0.0,3330.12
21681.88,74.23,94,1.2375,3330.12
21681.88,74.31,94,0.0,3330.12
21681.88,74.3,93,0.0,3330.12
21681.88,74.58,93,1.25,3330.12
21681.88,74.7,92,0.0,3330.12
21681.88,74.7,92,0.0,3330.12
21681.88,74.84,94,1.2375,3330.12
21681.88,74.65,94,0.0,3330.12
21681.88,74.18,94,0.0,3330.12
21681.88,71.69,94,0.0,3330.12
21681.88,72.04,94,1.2375,3330.12
21681.88,71.67,93,0.0,3330.12
21681.88,71.0,93,0.0,3330.12
21681.88,70.52,92,0.0,3330.12
21681.88,70.51,92,1.25,3330.12
21681.88,70.46,93,0.0,3330.12
21681.88,70.42,93,1.25,3330.12
21681.88,68.12,82,1.2375,3330.12
21681.88,67.35,82,0.0,3330.12
21681.88,67.89,94,0.0,3330.12
21681.88,68.99,94,0.0,3330.12
21681.88,69.57,92,1.2375,3330.12
21681.88,70.26,92,0.0,3330.12
21681.88,70.61,93,0.0,3330.12
21681.88,70.62,93,0.0,3330.12
21681.88,69.88,92,1.25,3330.12
21681.88,69.84,92,0.0,3330.12
21681.88,72.11,94,0.0,3330.12
21681.88,73.02,94,1.2375,3330.12
21681.88,73.05,94,0.0,3330.12
21681.88,73.03,94,0.0,3330.12
21681.88,72.89,94,0.0,3330.12
21681.88,72.53,94,1.2375,3330.12
21681.88,72.17,94,0.0,3330.12
21681.88,71.67,94,0.0,3330.12
21681.88,70.48,91,1.2375,3330.12
21681.88,71.26,91,1.2375,3330.12
21681.88,71.14,91,0.0,3330.12
21681.88,71.51,83,0.0,3330.12
21681.88,71.51,83,1.2375,3330.12
21681.88,72.01,93,0.0,3330.12
21681.88,72.01,93,0.0,3330.12
21681.88,72.02,93,1.2375,3330.12
21681.88,72.17,93,0.0,3330.12
21681.88,72.2,93,0.0,3330.12
21681.88,72.19,93,1.2125,3330.12
21681.88,72.51,93,0.0,3330.12
21681.88,73.11,93,0.0,3330.12
21681.88,73.36,93,1.2125,3330.12
21681.88,73.29,93,0.0,3330.12
21681.88,73.21,93,0.0,3330.12
21681.88,73.19,93,1.2125,3330.12
21681.88,73.22,93,0.0,3330.12
21681.88,73.1,94,0.0,3330.12
21681.88,72.85,94,1.2125,3330.12
21681.88,72.8,94,1.2125,3330.12
21681.88,72.62,94,0.0,3330.12
21681.88,72.29,94,2.425,3330.12
21681.88,73.95,94,0.0,3330.12
21681.88,73.52,79,0.0,3330.12
21681.88,73.51,79,0.0,3330.12
21681.88,73.62,93,1.2125,3330.12
21681.88,73.69,93,0.0,3330.12
21681.88,73.49,94,0.0,3330.12
21681.88,73.27,94,1.2125,3330.12
21681.88,73.22,94,0.0,3330.12
21681.88,73.05,94,0.0,3330.12
21681.88,72.95,94,1.2125,3330.12
21681.88,72.97,94,0.0,3330.12
21681.88,71.23,94,0.0,3330.12
21681.88,71.38,94,1.2125,3330.12
21681.88,71.21,94,0.0,3330.12
21681.88,70.94,94,0.0,3330.12
21681.88,70.95,94,0.0,3330.12
21681.88,71.11,94,1.2125,3330.12
21681.88,71.3,94,0.0,3330.12
21681.88,71.5,94,0.0,3330.12
21681.88,71.7,94,1.2125,3330.12
21681.88,71.94,94,2.425,3330.12
21681.88,73.6,94,0.0,3330.12
21681.88,73.78,78,0.0,3330.12
21681.88,73.94,78,0.0,3330.12
21681.88,73.78,95,2.4375,3330.12
21681.88,73.93,95,0.0,3330.12
21681.88,73.93,95,0.0,3330.12
21681.88,74.17,95,1.2125,3330.12
21681.88,74.17,95,0.0,3330.12
21681.88,74.26,95,0.0,3330.12
21681.88,74.23,95,1.2125,3330.12
21681.88,74.0,95,0.0,3330.12
21681.88,72.39,94,0.0,3330.12
21681.88,72.22,94,1.2125,3330.12
21681.88,72.01,95,0.0,3330.12
21681.88,72.13,95,0.0,3330.12
21681.88,72.04,95,0.0,3330.12
21681.88,72.06,95,1.175,3330.12
21681.88,71.87,93,0.0,3330.12
21681.88,71.82,93,0.0,3330.12
21681.88,71.77,94,2.4875,3330.12
21681.88,73.83,94,1.1875,3330.12
21681.88,73.93,80,0.0,3330.12
21681.88,73.52,80,0.0,3330.12
21681.88,73.89,94,1.2125,3330.12
21681.88,74.24,94,0.0,3330.12
21681.88,74.33,94,0.0,3330.12
21681.88,74.19,94,0.0,3330.12
21681.88,74.16,92,1.2125,3330.12
21681.88,74.26,94,0.0,3330.12
21681.88,74.21,94,0.0,3330.12
21681.88,74.22,94,1.2125,3330.12
21681.88,72.14,94,0.0,3330.12
21681.88,72.46,94,0.0,3330.12
21681.88,72.42,94,1.2125,3330.12
21681.88,72.52,93,1.2125,3330.12
21681.88,72.44,93,0.0,3330.12
21681.88,72.56,93,0.0,3330.12
21681.88,72.2,93,1.2125,3330.12
21681.88,72.11,93,0.0,3330.12
21681.88,72.15,93,0.0,3330.12
21681.88,72.27,93,1.2125,3330.12
21681.88,72.13,93,0.0,3330.12
21681.88,72.37,93,2.425,3330.12
21681.88,75.1,93,0.0,3330.12
21681.88,74.31,79,0.0,3330.12
21681.88,74.15,79,0.0,3330.12
21681.88,74.24,93,1.2125,3330.12
21681.88,74.41,93,0.0,3330.12
21681.88,74.91,93,0.0,3330.12
21681.88,75.17,93,1.2125,3330.12
21681.88,75.33,93,0.0,3330.12
21681.88,75.14,93,0.0,3330.12
21681.88,75.15,93,0.0,3330.12
21681.88,74.89,94,1.2125,3330.12
21681.88,72.12,94,0.0,3330.12
21681.88,72.52,95,0.0,3330.12
21681.88,72.25,95,1.2125,3330.12
21681.88,72.1,93,0.0,3330.12
21681.88,71.86,93,0.0,3330.12
21681.88,71.51,93,1.2125,3330.12
21681.88,71.03,93,0.0,3330.12
21681.88,70.59,78,2.425,3330.12
21681.88,68.63,78,1.2125,3330.12
21681.88,67.59,95,0.0,3330.12
21681.88,67.6,95,0.0,3330.12
21681.88,68.37,94,1.225,3330.12
21681.88,68.38,94,0.0,3330.12
21681.88,68.33,93,0.0,3330.12
21681.88,68.33,93,0.0,3330.12
21681.88,68.32,94,1.225,3330.12
21681.88,68.31,94,0.0,3330.12
21681.88,68.43,94,0.0,3330.12
21681.88,70.36,94,1.2125,3330.12
21681.88,71.59,92,0.0,3330.12
21681.88,71.71,92,0.0,3330.12
21681.88,71.69,93,0.0,3330.12
21681.88,71.73,93,1.2125,3330.12
21681.88,71.89,94,0.0,3330.12
21681.88,71.86,94,0.0,3330.12
21681.88,71.88,94,2.4375,3330.12
21681.88,73.65,94,0.0,3330.12
21681.88,73.12,79,0.0,3330.12
21681.88,72.87,79,1.2125,3330.12
21681.88,73.03,94,1.2125,3330.12
21681.88,73.27,94,0.0,3330.12
21681.88,73.65,94,1.2125,3330.12
21681.88,73.88,94,0.0,3330.12
21681.88,73.94,94,0.0,3330.12
21681.88,74.01,94,1.2125,3330.12
21681.88,73.76,94,0.0,3330.12
21681.88,73.51,94,1.2125,3330.12
21681.88,71.41,94,0.0,3330.12
21681.88,72.45,94,0.0,3330.12
21681.88,72.55,94,0.0,3330.12
21681.88,72.6,93,1.2125,3330.12
21681.88,72.46,93,0.0,3330.12
21681.88,72.51,92,0.0,3330.12
21681.88,72.37,92,0.0,3330.12
21681.88,72.16,94,1.225,3330.12
21681.88,72.23,94,0.0,3330.12
21681.88,72.01,94,0.0,3330.12
21681.88,72.35,93,0.0,3330.12
21681.88,72.43,93,2.4375,3330.12
21681.88,73.05,93,0.0,3330.12
21681.88,71.96,93,0.0,3330.12
21681.88,71.68,83,0.0,3330.12
21681.88,71.53,94,1.225,3330.12
21681.88,71.16,94,0.0,3330.12
21681.88,71.43,93,0.0,3330.12
21681.88,71.62,93,0.0,3330.12
21681.88,71.75,93,1.225,3330.12
21681.88,72.05,93,0.0,3330.12
21681.88,72.05,93,0.0,3330.12
21681.88,71.66,93,1.225,3330.12
21681.88,70.89,93,0.0,3330.12
21681.88,70.89,93,0.0,3330.12
21681.88,72.01,94,0.0,3330.12
21681.88,72.24,94,0.0,3330.12
21681.88,72.43,93,1.2125,3330.12
21681.88,72.43,93,0.0,3330.12
21681.88,72.17,94,0.0,3330.12
21681.88,71.88,94,2.425,3330.12
21681.88,71.97,94,0.0,3330.12
21681.88,72.03,94,0.0,3330.12
21681.88,72.34,94,1.2,3330.12
21681.88,72.52,94,1.2125,3330.12
21681.88,72.47,79,0.0,3330.12
21681.88,71.53,79,1.225,3330.12
21681.88,71.22,96,0.0,3330.12
21681.88,71.13,96,0.0,3330.12
21681.88,71.23,94,1.2125,3330.12
21681.88,71.56,94,0.0,3330.12
21681.88,71.95,94,0.0,3330.12
21681.88,71.97,94,0.0,3330.12
21681.88,71.92,94,1.2125,3330.12
21681.88,71.88,94,0.0,3330.12
21681.88,71.84,94,0.0,3330.12
21681.88,71.78,94,0.0,3330.12
21681.88,72.72,94,1.225,3330.12
21681.88,73.1,94,0.0,3330.12
21681.88,73.02,94,0.0,3330.12
21681.88,72.71,94,0.0,3330.12
21681.88,72.55,94,1.2125,3330.12
21681.88,72.57,93,1.2125,3330.12
21681.88,72.69,93,0.0,3330.12
21681.88,72.83,94,2.425,3330.12
21681.88,74.5,94,0.0,3330.12
21681.88,74.31,79,1.2125,3330.12
21681.88,73.41,79,0.0,3330.12
21681.88,73.42,95,0.0,3330.12
21681.88,73.38,95,1.1875,3330.12
21681.88,73.45,94,0.0,3330.12
21681.88,73.72,94,0.0,3330.12
21681.88,73.61,94,0.0,3330.12
21681.88,73.56,94,1.2125,3330.12
21681.88,73.4,94,0.0,3330.12
21681.88,73.28,94,0.0,3330.12
21681.88,71.23,94,0.0,3330.12
21681.88,71.41,94,1.2125,3330.12
21681.88,72.31,94,0.0,3330.12
21681.88,72.21,94,1.2,3330.12
21681.88,71.93,93,0.0,3330.12
21681.88,71.92,93,0.0,3330.12
21681.88,68.9,93,2.4375,3330.12
21681.88,69.22,77,0.0,3330.12
21681.88,68.71,77,0.0,3330.12
21681.88,68.26,95,1.225,3330.12
21681.88,69.0,95,0.0,3330.12
21681.88,69.33,95,0.0,3330.12
21681.88,69.48,95,0.0,3330.12
21681.88,69.61,95,1.225,3330.12
21681.88,69.8,95,0.0,3330.12
21681.88,69.47,94,0.0,3330.12
21681.88,69.13,94,0.0,3330.12
21681.88,72.19,94,1.225,3330.12
21681.88,71.71,94,1.225,3330.12
21681.88,72.19,94,0.0,3330.12
21681.88,72.76,94,0.0,3330.12
21681.88,72.32,94,1.225,3330.12
21681.88,72.09,94,0.0,3330.12
21681.88,71.84,94,0.0,3330.12
21681.88,71.98,94,0.0,3330.12
21681.88,71.79,94,0.0,3330.12
21681.88,71.79,94,1.225,3330.12
21681.88,71.9,95,0.0,3330.12
21681.88,71.78,95,0.0,3330.12
21681.88,71.81,96,1.225,3330.12
21681.88,71.81,96,1.225,3330.12
21681.88,67.8,78,0.0,3330.12
21681.88,67.8,78,0.0,3330.12
21681.88,68.04,95,1.225,3330.12
21681.88,67.91,95,0.0,3330.12
21681.88,67.97,95,1.225,3330.12
21681.88,68.19,95,0.0,3330.12
21681.88,68.28,94,0.0,3330.12
21681.88,68.53,94,0.0,3330.12
21681.88,68.55,94,1.225,3330.12
21681.88,68.55,94,0.0,3330.12
21681.88,71.79,94,0.0,3330.12
21681.88,72.35,94,0.0,3330.12
21681.88,72.41,94,0.0,3330.12
21681.88,72.58,94,1.225,3330.12
21681.88,72.74,94,0.0,3330.12
21681.88,72.84,94,0.0,3330.12
21681.88,72.85,93,0.0,3330.12
21681.88,72.8,93,1.225,3330.12
21681.88,72.81,94,0.0,3330.12
21681.88,72.91,94,1.225,3330.12
21681.88,73.02,94,0.0,3330.12
21681.88,73.63,84,0.0,3330.12
21681.88,72.95,84,0.0,3330.12
21681.88,72.98,95,1.225,3330.12
21681.88,72.88,95,0.0,3330.12
21681.88,72.94,95,0.0,3330.12
21681.88,72.94,95,0.0,3330.12
21681.88,73.03,95,1.225,3330.12
21681.88,72.99,95,0.0,3330.12
21681.88,72.98,95,1.225,3330.12
21681.88,72.76,95,0.0,3330.12
21681.88,71.99,95,0.0,3330.12
21681.88,72.4,95,0.0,3330.12
21681.88,72.4,95,0.0,3330.12
21681.88,72.42,96,1.225,3330.12
21681.88,72.29,96,0.0,3330.12
21681.88,72.35,96,0.0,3330.12
21681.88,72.22,95,1.225,3330.12
21681.88,72.09,95,0.0,3330.12
21681.88,71.93,83,0.0,3330.12
21681.88,71.57,83,1.225,3330.12
21681.88,71.63,95,0.0,3330.12
21681.88,71.7,95,0.0,3330.12
21681.88,72.1,95,0.0,3330.12
21681.88,72.79,95,0.0,3330.12
21681.88,72.88,95,1.225,3330.12
21681.88,72.36,95,0.0,3330.12
21681.88,72.21,95,0.0,3330.12
21681.88,71.99,95,0.0,3330.12
21681.88,71.89,96,0.0,3330.12
21681.88,72.23,96,1.225,3330.12
21681.88,72.24,96,0.0,3330.12
21681.88,72.53,96,1.225,3330.12
21681.88,72.33,95,0.0,3330.12
21681.88,72.3,95,0.0,3330.12
21681.88,72.11,96,1.225,3330.12
21681.88,73.24,96,0.0,3330.12
21681.88,72.98,84,0.0,3330.12
21681.88,73.15,84,0.0,3330.12
21681.88,73.34,96,1.225,3330.12
21681.88,73.6,96,0.0,3330.12
21681.88,73.49,95,0.0,3330.12
21681.88,73.4,95,0.0,3330.12
21681.88,73.22,96,0.0,3330.12
21681.88,73.45,96,1.225,3330.12
21681.88,73.52,96,0.0,3330.12
21681.88,71.93,95,0.0,3330.12
21681.88,72.58,95,0.0,3330.12
21681.88,72.58,95,0.0,3330.12
21681.88,72.33,96,0.0,3330.12
21681.88,72.18,96,1.225,3330.12
21681.88,72.05,96,1.225,3330.12
21681.88,73.27,96,0.0,3330.12
21681.88,72.49,84,0.0,3330.12
21681.88,72.78,84,0.0,3330.12
21681.88,72.86,96,0.0,3330.12
21681.88,72.92,96,0.0,3330.12
21681.88,73.08,95,1.225,3330.12
21681.88,73.19,95,0.0,3330.12
21681.88,73.12,95,0.0,3330.12
21681.88,73.25,95,0.0,3330.12
21681.88,73.35,95,0.0,3330.12
21681.88,73.11,95,1.225,3330.12
21681.88,72.53,95,0.0,3330.12
21681.88,72.37,96,1.225,3330.12
21681.88,72.42,96,0.0,3330.12
21681.88,72.34,93,0.0,3330.12
21681.88,72.34,93,1.2125,3330.12
21681.88,72.46,95,1.2125,3330.12
21681.88,73.19,95,1.2125,3330.12
21681.88,72.15,80,0.0,3330.12
21681.88,72.01,80,0.0,3330.12
21681.88,72.36,93,0.0,3330.12
21681.88,72.95,93,1.225,3330.12
21681.88,73.07,95,0.0,3330.12
21681.88,73.19,95,0.0,3330.12
21681.88,73.09,94,0.0,3330.12
21681.88,73.11,94,0.0,3330.12
21681.88,72.98,94,1.225,3330.12
21681.88,72.74,94,0.0,3330.12
21681.88,72.74,94,0.0,3330.12
21681.88,72.83,94,0.0,3330.12
21681.88,72.83,94,1.225,3330.12
21681.88,73.16,94,0.0,3330.12
21681.88,73.19,94,0.0,3330.12
21681.88,73.03,94,0.0,3330.12
21681.88,72.79,96,0.0,3330.12
21681.88,72.65,96,1.2375,3330.12
21681.88,72.39,96,0.0,3330.12
21681.88,72.39,96,1.2,3330.12
21681.88,72.4,96,1.225,3330.12
21681.88,72.66,96,0.0,3330.12
21681.88,72.56,82,1.225,3330.12
21681.88,72.34,82,0.0,3330.12
21681.88,72.23,96,0.0,3330.12
21681.88,72.14,96,0.0,3330.12
21681.88,72.5,95,0.0,3330.12
21681.88,72.61,95,1.225,3330.12
21681.88,72.65,95,0.0,3330.12
21681.88,72.52,96,0.0,3330.12
21681.88,72.45,96,0.0,3330.12
21681.88,72.33,96,0.0,3330.12
21681.88,72.1,96,1.225,3330.12
21681.88,72.44,96,0.0,3330.12
21681.88,72.62,96,0.0,3330.12
21681.88,72.51,96,0.0,3330.12
21681.88,71.2,95,1.225,3330.12
21681.88,71.6,95,1.225,3330.12
21681.88,71.86,81,0.0,3330.12
21681.88,71.78,97,0.0,3330.12
21681.88,71.78,97,0.0,3330.12
21681.88,72.01,97,0.0,3330.12
21681.88,72.23,95,0.0,3330.12
21681.88,72.47,95,1.225,3330.12
21681.88,72.57,95,0.0,3330.12
21681.88,72.35,96,0.0,3330.12
21681.88,71.89,96,0.0,3330.12
21681.88,71.73,96,0.0,3330.12
21681.88,72.71,96,1.225,3330.12
21681.88,72.11,96,0.0,3330.12
21681.88,71.65,96,0.0,3330.12
21681.88,71.84,96,0.0,3330.12
21681.88,71.94,96,0.0,3330.12
21681.88,71.98,96,1.225,3330.12
21681.88,72.0,96,0.0,3330.12
21681.88,71.88,95,0.0,3330.12
21681.88,72.13,95,0.0,3330.12
21681.88,72.0,95,0.0,3330.12
21681.88,71.66,95,0.0,3330.12
21681.88,71.8,96,1.225,3330.12
21681.88,73.92,96,0.0,3330.12
21681.88,73.1,84,1.225,3330.12
21681.88,73.17,84,0.0,3330.12
21681.88,73.33,94,0.0,3330.12
21681.88,73.53,94,0.0,3330.12
21681.88,73.72,94,1.225,3330.12
21681.88,73.75,94,0.0,3330.12
21681.88,73.35,94,0.0,3330.12
21681.88,73.42,94,0.0,3330.12
21681.88,73.75,93,1.225,3330.12
21681.88,73.71,93,0.0,3330.12
21681.88,71.69,93,0.0,3330.12
21681.88,72.53,93,1.2125,3330.12
21681.88,72.7,93,0.0,3330.12
21681.88,72.65,93,2.225,3330.12
21681.88,72.6,93,1.225,3330.12
21681.88,73.66,80,0.0,3330.12
21681.88,73.44,80,0.0,3330.12
21681.88,74.01,93,0.0,3330.12
21681.88,74.67,93,0.0,3330.12
21681.88,74.7,93,1.225,3330.12
21681.88,74.88,93,0.0,3330.12
21681.88,75.09,93,0.0,3330.12
21681.88,74.82,94,0.0,3330.12
21681.88,74.82,94,1.2125,3330.12
21681.88,74.78,93,0.0,3330.12
21681.88,74.37,93,0.0,3330.12
21681.88,72.88,94,1.2125,3330.12
21681.88,72.94,94,0.0,3330.12
21681.88,72.65,94,0.0,3330.12
21681.88,72.3,94,0.0,3330.12
21681.88,71.99,94,1.2125,3330.12
21681.88,71.9,94,0.0,3330.12
21681.88,71.71,94,0.0,3330.12
21681.88,71.69,94,1.2125,3330.12
21681.88,71.32,94,0.0,3330.12
21681.88,71.38,94,2.45,3330.12
21681.88,73.15,94,1.2125,3330.12
21681.88,72.45,80,0.0,3330.12
21681.88,72.53,80,0.0,3330.12
21681.88,72.68,95,1.2125,3330.12
21681.88,72.98,95,0.0,3330.12
21681.88,73.16,94,0.0,3330.12
21681.88,73.23,94,0.0,3330.12
21681.88,73.21,94,1.2125,3330.12
21681.88,73.22,94,0.0,3330.12
21681.88,73.16,94,0.0,3330.12
21681.88,73.03,94,1.2125,3330.12
21681.88,71.19,93,0.0,3330.12
21681.88,72.09,93,0.0,3330.12
21681.88,72.0,93,1.2125,3330.12
21681.88,71.96,94,0.0,3330.12
21681.88,71.9,94,0.0,3330.12
21681.88,71.76,94,0.0,3330.12
21681.88,71.64,94,1.2125,3330.12
21681.88,71.58,94,0.0,3330.12
21681.88,71.5,94,0.0,3330.12
21681.88,71.48,95,0.0,3330.12
21681.88,71.11,95,2.35,3330.12
21681.88,70.04,81,2.4125,3330.12
21681.88,70.03,81,0.0,3330.12
21681.88,69.95,94,0.0,3330.12
21681.88,70.08,94,0.0,3330.12
21681.88,70.24,94,1.2125,3330.12
21681.88,70.4,94,0.0,3330.12
21681.88,70.44,93,0.0,3330.12
21681.88,70.48,93,1.2125,3330.12
21681.88,70.53,93,0.0,3330.12
21681.88,70.67,94,0.0,3330.12
21681.88,71.09,94,0.0,3330.12
21681.88,72.15,94,1.2125,3330.12
21681.88,72.15,94,0.0,3330.12
21681.88,72.39,94,0.0,3330.12
21681.88,72.55,94,1.225,3330.12
21681.88,72.52,94,0.0,3330.12
21681.88,72.46,94,0.0,3330.12
21681.88,72.46,94,0.0,3330.12
21681.88,72.72,94,1.2125,3330.12
21681.88,72.54,94,0.0,3330.12
21681.88,69.48,95,2.4125,3330.12
21681.88,68.42,95,0.0,3330.12
21681.88,68.11,80,0.0,3330.12
21681.88,68.05,80,1.2125,3330.12
21681.88,67.97,94,0.0,3330.12
21681.88,68.0,94,0.0,3330.12
21681.88,68.07,94,1.2,3330.12
21681.88,68.16,94,1.2125,3330.12
21681.88,68.17,94,0.0,3330.12
21681.88,68.09,94,0.0,3330.12
21681.88,68.3,94,1.2125,3330.12
21681.88,71.5,94,0.0,3330.12
21681.88,73.08,94,1.2125,3330.12
21681.88,72.36,80,1.2125,3330.12
21681.88,72.48,80,0.0,3330.12
21681.88,72.59,92,0.0,3330.12
21681.88,72.68,92,1.2125,3330.12
21681.88,72.84,94,0.0,3330.12
21681.88,73.06,94,0.0,3330.12
21681.88,73.19,94,1.2125,3330.12
21681.88,73.29,94,0.0,3330.12
21681.88,73.29,94,0.0,3330.12
21681.88,73.28,94,0.0,3330.12
21681.88,72.78,93,2.425,3330.12
21681.88,73.65,93,0.0,3330.12
21681.88,73.31,94,0.0,3330.12
21681.88,73.12,94,1.2125,3330.12
21681.88,72.88,94,0.0,3330.12
21681.88,72.88,94,0.0,3330.12
21681.88,72.42,95,0.0,3330.12
21681.88,72.42,95,1.2125,3330.12
21681.88,72.17,95,0.0,3330.12
21681.88,72.12,95,0.0,3330.12
21681.88,72.43,95,2.4375,3330.12
21681.88,71.57,95,0.0,3330.12
21681.88,71.57,80,1.2125,3330.12
21681.88,71.54,80,0.0,3330.12
21681.88,71.72,94,0.0,3330.12
21681.88,71.9,94,1.2125,3330.12
21681.88,72.24,94,0.0,3330.12
21681.88,72.24,94,0.0,3330.12
21681.88,72.4,94,1.2125,3330.12
21681.88,72.48,94,0.0,3330.12
21681.88,72.54,93,0.0,3330.12
21681.88,72.49,93,1.2125,3330.12
21681.88,73.02,94,0.0,3330.12
21681.88,73.22,94,0.0,3330.12
21681.88,73.26,93,0.0,3330.12
21681.88,73.34,93,1.225,3330.12
21681.88,73.42,94,0.0,3330.12
21681.88,73.42,94,0.0,3330.12
21681.88,73.32,94,0.0,3330.12
21681.88,73.08,94,1.2125,3330.12
21681.88,73.0,93,0.0,3330.12
21681.88,73.08,93,1.1625,3330.12
21681.88,73.08,94,2.4875,3330.12
21681.88,69.64,77,0.0,3330.12
21681.88,68.72,77,0.0,3330.12
21681.88,68.6,77,1.2125,3330.12
21681.88,68.34,93,0.0,3330.12
21681.88,68.34,93,0.0,3330.12
21681.88,68.39,93,0.0,3330.12
21681.88,68.85,94,1.2125,3330.12
21681.88,69.03,94,0.0,3330.12
21681.88,68.94,94,0.0,3330.12
21681.88,68.94,94,1.2125,3330.12
21681.88,72.41,94,0.0,3330.12
21681.88,73.12,94,0.0,3330.12
21681.88,73.11,93,1.2125,3330.12
21681.88,73.28,93,0.0,3330.12
21681.88,73.25,94,0.0,3330.12
21681.88,73.37,94,1.2125,3330.12
21681.88,73.34,94,0.0,3330.12
21681.88,75.19,94,2.425,3330.12
21681.88,74.62,79,0.0,3330.12
21681.88,74.88,79,1.2125,3330.12
21681.88,74.88,94,1.2125,3330.12
21681.88,74.85,94,0.0,3330.12
21681.88,74.95,94,0.0,3330.12
21681.88,74.66,94,1.2125,3330.12
21681.88,74.45,94,0.0,3330.12
21681.88,74.04,94,0.0,3330.12
21681.88,73.53,92,0.0,3330.12
21681.88,73.1,92,1.2125,3330.12
21681.88,73.1,94,0.0,3330.12
21681.88,70.5,94,0.0,3330.12
21681.88,70.98,94,1.2125,3330.12
21681.88,70.83,94,0.0,3330.12
21681.88,71.03,94,2.425,3330.12
21681.88,72.84,94,0.0,3330.12
21681.88,72.45,78,0.0,3330.12
21681.88,72.67,78,0.0,3330.12
21681.88,72.67,94,1.2125,3330.12
21681.88,73.41,94,0.0,3330.12
21681.88,73.77,94,0.0,3330.12
21681.88,74.05,95,1.2125,3330.12
21681.88,74.05,95,0.0,3330.12
21681.88,74.37,95,0.0,3330.12
21681.88,74.27,95,0.0,3330.12
21681.88,74.27,95,1.2375,3330.12
21681.88,72.55,95,0.0,3330.12
21681.88,72.55,95,0.0,3330.12
21681.88,72.7,95,0.0,3330.12
21681.88,72.39,95,1.25,3330.12
21681.88,72.32,95,0.0,3330.12
21681.88,72.26,95,0.0,3330.12
21681.88,72.4,95,1.2375,3330.12
21681.88,72.39,95,0.0,3330.12
21681.88,72.23,95,0.0,3330.12
21681.88,72.21,95,1.1625,3330.12
21681.88,72.17,95,1.1875,3330.12
21681.88,73.3,78,1.25,3330.12
21681.88,73.48,78,0.0,3330.12
21681.88,72.67,97,0.0,3330.12
21681.88,72.78,97,2.4875,3330.12
21681.88,72.99,95,0.0,3330.12
21681.88,73.37,95,0.0,3330.12
21681.88,73.26,94,1.25,3330.12
21681.88,73.28,94,0.0,3330.12
21681.88,73.2,94,0.0,3330.12
21681.88,73.25,94,0.0,3330.12
21681.88,73.39,95,1.25,3330.12
21681.88,72.26,94,0.0,3330.12
21681.88,71.77,94,0.0,3330.12
21681.88,72.31,93,1.2375,3330.12
21681.88,72.3,93,0.0,3330.12
21681.88,72.13,94,0.0,3330.12
21681.88,71.9,94,0.0,3330.12
21681.88,71.81,94,1.2375,3330.12
21681.88,71.95,94,0.0,3330.12
21681.88,71.92,94,0.0,3330.12
21681.88,71.51,94,1.25,3330.12
21681.88,71.51,94,0.0,3330.12
21681.88,71.89,94,1.2125,3330.12
21681.88,74.1,94,1.2125,3330.12
21681.88,73.05,75,0.0,3330.12
21681.88,73.05,75,1.25,3330.12
21681.88,72.65,95,0.0,3330.12
21681.88,72.93,95,0.0,3330.12
21681.88,72.93,94,0.0,3330.12
21681.88,73.02,94,1.25,3330.12
21681.88,73.06,94,0.0,3330.12
21681.88,73.03,94,0.0,3330.12
21681.88,73.37,94,1.25,3330.12
21681.88,73.11,94,0.0,3330.12
21681.88,72.79,94,0.0,3330.12
21681.88,70.64,94,0.0,3330.12
21681.88,71.21,94,1.2375,3330.12
21681.88,71.06,83,1.25,3330.12
21681.88,68.0,83,0.0,3330.12
21681.88,67.28,92,0.0,3330.12
21681.88,67.41,92,1.2125,3330.12
21681.88,67.71,94,0.0,3330.12
21681.88,68.17,94,0.0,3330.12
21681.88,68.1,94,1.2125,3330.12
21681.88,68.16,94,0.0,3330.12
21681.88,68.0,94,1.225,3330.12
21681.88,68.11,94,0.0,3330.12
21681.88,68.16,95,0.0,3330.12
21681.88,71.11,95,1.225,3330.12
21681.88,71.89,94,0.0,3330.12
21681.88,71.56,94,0.0,3330.12
21681.88,71.8,94,1.2125,3330.12
21681.88,71.56,94,0.0,3330.12
21681.88,71.72,94,0.0,3330.12
21681.88,72.0,94,0.0,3330.12
21681.88,72.26,94,1.2125,3330.12
21681.88,72.26,94,2.425,3330.12
21681.88,71.58,81,0.0,3330.12
21681.88,71.78,81,0.0,3330.12
21681.88,72.12,94,0.0,3330.12
21681.88,72.33,94,1.2125,3330.12
21681.88,72.44,93,0.0,3330.12
21681.88,72.56,93,0.0,3330.12
21681.88,72.4,94,1.2125,3330.12
21681.88,72.11,94,0.0,3330.12
21681.88,71.72,94,0.0,3330.12
21681.88,71.37,94,1.2125,3330.12
21681.88,71.3,94,0.0,3330.12
21681.88,71.83,94,0.0,3330.12
21681.88,71.61,94,1.2125,3330.12
21681.88,71.35,94,0.0,3330.12
21681.88,71.22,94,0.0,3330.12
21681.88,71.07,94,0.0,3330.12
21681.88,70.72,94,1.2125,3330.12
21681.88,70.72,94,0.0,3330.12
21681.88,70.86,94,0.0,3330.12
21681.88,71.17,94,1.2125,3330.12
21681.88,71.4,94,2.3625,3330.12
21681.88,68.7,82,0.0,3330.12
21681.88,68.24,82,0.0,3330.12
21681.88,68.02,95,1.2125,3330.12
21681.88,67.94,95,0.0,3330.12
21681.88,68.05,94,0.0,3330.12
21681.88,68.37,94,1.2125,3330.12
21681.88,68.69,95,0.0,3330.12
21681.88,68.83,95,0.0,3330.12
21681.88,68.55,95,1.2125,3330.12
21681.88,68.61,95,0.0,3330.12
21681.88,71.94,95,0.0,3330.12
21681.88,71.83,95,1.2125,3330.12
21681.88,72.31,96,0.0,3330.12
21681.88,72.5,96,0.0,3330.12
21681.88,72.53,95,0.0,3330.12
21681.88,72.3,95,0.0,3330.12
21681.88,72.3,95,1.25,3330.12
21681.88,72.0,95,0.0,3330.12
21681.88,71.99,95,0.0,3330.12
21681.88,72.26,95,1.25,3330.12
21681.88,72.19,95,0.0,3330.12
21681.88,72.18,95,0.0,3330.12
21681.88,72.22,95,1.25,3330.12
21681.88,69.01,95,1.25,3330.12
21681.88,68.21,83,0.0,3330.12
21681.88,68.21,83,0.0,3330.12
21681.88,68.47,95,1.25,3330.12
21681.88,68.5,95,0.0,3330.12
21681.88,68.59,95,0.0,3330.12
21681.88,68.56,95,0.0,3330.12
21681.88,68.61,95,1.2375,3330.12
21681.88,68.61,95,0.0,3330.12
21681.88,68.64,95,0.0,3330.12
21681.88,71.95,95,1.25,3330.12
21681.88,71.95,95,0.0,3330.12
21681.88,71.95,95,0.0,3330.12
21681.88,72.76,93,0.0,3330.12
21681.88,72.72,93,1.2375,3330.12
21681.88,72.65,94,0.0,3330.12
21681.88,72.75,94,0.0,3330.12
21681.88,72.8,93,1.25,3330.12
21681.88,72.85,93,0.0,3330.12
21681.88,72.91,94,0.0,3330.12
21681.88,72.95,94,0.0,3330.12
21681.88,72.86,94,3.7375,3330.12
21681.88,69.46,94,0.0,3330.12
21681.88,69.71,77,1.2375,3330.12
21681.88,68.61,77,0.0,3330.12
21681.88,68.21,94,0.0,3330.12
21681.88,68.04,94,1.2375,3330.12
21681.88,68.01,94,0.0,3330.12
21681.88,68.25,94,0.0,3330.12
21681.88,68.41,94,1.2375,3330.12
21681.88,68.61,94,0.0,3330.12
21681.88,68.45,94,0.0,3330.12
21681.88,68.33,94,1.25,3330.12
21681.88,71.45,94,0.0,3330.12
21681.88,71.06,94,0.0,3330.12
21681.88,71.95,94,1.2125,3330.12
21681.88,72.21,94,0.0,3330.12
21681.88,72.48,94,0.0,3330.12
21681.88,72.38,94,0.0,3330.12
21681.88,72.06,94,1.2125,3330.12
21681.88,71.94,94,0.0,3330.12
21681.88,71.75,94,0.0,3330.12
21681.88,71.87,94,1.2125,3330.12
21681.88,72.0,95,0.0,3330.12
21681.88,72.22,95,1.175,3330.12
21681.88,72.2,95,1.2125,3330.12
21681.88,73.16,95,1.175,3330.12
21681.88,72.33,77,0.0,3330.12
21681.88,71.89,95,0.0,3330.12
21681.88,71.93,95,1.2125,3330.12
21681.88,72.21,95,0.0,3330.12
21681.88,72.43,95,1.2125,3330.12
21681.88,72.72,95,0.0,3330.12
21681.88,72.9,95,1.2125,3330.12
21681.88,73.22,93,0.0,3330.12
21681.88,73.26,93,0.0,3330.12
21681.88,72.44,93,0.0,3330.12
21681.88,73.09,93,1.2125,3330.12
21681.88,73.26,93,0.0,3330.12
21681.88,73.59,93,2.4125,3330.12
21681.88,75.75,77,0.0,3330.12
21681.88,74.57,77,0.0,3330.12
21681.88,74.45,95,1.2125,3330.12
21681.88,74.65,95,0.0,3330.12
21681.88,74.74,93,0.0,3330.12
21681.88,75.07,93,0.0,3330.12
21681.88,75.15,93,1.2125,3330.12
21681.88,75.06,93,0.0,3330.12
21681.88,75.06,94,1.2125,3330.12
21681.88,74.85,94,0.0,3330.12
21681.88,74.12,94,0.0,3330.12
21681.88,71.36,94,0.0,3330.12
21681.88,71.98,94,1.2125,3330.12
21681.88,71.94,94,0.0,3330.12
21681.88,71.78,94,0.0,3330.12
21681.88,71.73,94,1.2125,3330.12
21681.88,71.56,94,0.0,3330.12
21681.88,71.58,94,0.0,3330.12
21681.88,71.76,94,1.2125,3330.12
21681.88,71.81,94,0.0,3330.12
21681.88,71.98,94,0.0,3330.12
21681.88,72.31,93,2.45,3330.12
21681.88,73.66,93,0.0,3330.12
21681.88,72.83,80,0.0,3330.12
21681.88,72.72,80,2.425,3330.12
21681.88,72.87,92,0.0,3330.12
21681.88,73.04,92,0.0,3330.12
21681.88,73.27,94,0.0,3330.12
21681.88,73.44,94,1.225,3330.12
21681.88,73.39,94,0.0,3330.12
21681.88,73.51,94,0.0,3330.12
21681.88,73.55,94,0.0,3330.12
21681.88,73.48,94,1.2125,3330.12
21681.88,72.15,94,0.0,3330.12
21681.88,72.79,94,0.0,3330.12
21681.88,72.58,94,1.2125,3330.12
21681.88,72.37,94,0.0,3330.12
21681.88,72.03,94,0.0,3330.12
21681.88,72.02,94,0.0,3330.12
21681.88,71.86,93,1.2125,3330.12
21681.88,71.71,93,1.2125,3330.12
21681.88,71.66,93,0.0,3330.12
21681.88,71.65,94,0.0,3330.12
21681.88,71.62,94,2.425,3330.12
21681.88,70.82,81,0.0,3330.12
21681.88,70.46,81,0.0,3330.12
21681.88,70.52,94,0.0,3330.12
21681.88,70.92,94,1.225,3330.12
21681.88,70.97,94,0.0,3330.12
21681.88,71.28,94,0.0,3330.12
21681.88,71.49,94,1.2125,3330.12
21681.88,71.52,94,0.0,3330.12
21681.88,71.63,93,0.0,3330.12
21681.88,71.77,93,1.2125,3330.12
21681.88,72.81,94,0.0,3330.12
21681.88,73.15,94,0.0,3330.12
21681.88,73.04,94,1.2125,3330.12
21681.88,72.73,94,0.0,3330.12
21681.88,72.46,94,0.0,3330.12
21681.88,72.14,94,0.0,3330.12
21681.88,71.82,94,1.225,3330.12
21681.88,71.71,94,0.0,3330.12
21681.88,71.66,95,1.2125,3330.12
21681.88,73.78,95,0.0,3330.12
21681.88,72.97,82,1.2125,3330.12
21681.88,73.18,82,0.0,3330.12
21681.88,73.66,95,0.0,3330.12
21681.88,74.0,95,0.0,3330.12
21681.88,74.08,95,1.2125,3330.12
21681.88,74.16,95,1.2125,3330.12
21681.88,74.18,94,0.0,3330.12
21681.88,74.24,94,0.0,3330.12
21681.88,74.32,95,1.2125,3330.12
21681.88,74.24,95,0.0,3330.12
21681.88,72.08,95,0.0,3330.12
21681.88,72.86,95,1.2125,3330.12
21681.88,72.75,95,0.0,3330.12
21681.88,72.16,82,1.2125,3330.12
21681.88,74.32,82,0.0,3330.12
21681.88,73.57,95,0.0,3330.12
21681.88,73.57,95,1.225,3330.12
21681.88,73.82,94,0.0,3330.12
21681.88,74.15,94,0.0,3330.12
21681.88,74.28,94,0.0,3330.12
21681.88,74.34,94,1.225,3330.12
21681.88,74.46,94,0.0,3330.12
21681.88,74.45,94,0.0,3330.12
21681.88,74.66,93,0.0,3330.12
21681.88,72.33,93,1.225,3330.12
21681.88,73.06,93,0.0,3330.12
21681.88,73.24,93,0.0,3330.12
21681.88,73.23,93,0.0,3330.12
21681.88,73.01,93,1.2125,3330.12
21681.88,69.43,78,1.2125,3330.12
21681.88,68.58,78,1.2125,3330.12
21681.88,68.62,96,0.0,3330.12
21681.88,68.85,96,1.2125,3330.12
21681.88,69.03,94,0.0,3330.12
21681.88,69.25,94,0.0,3330.12
21681.88,69.57,94,0.0,3330.12
21681.88,69.81,94,1.225,3330.12
21681.88,69.75,93,0.0,3330.12
21681.88,69.45,93,0.0,3330.12
21681.88,69.28,94,0.0,3330.12
21681.88,72.57,94,2.425,3330.12
21681.88,73.44,94,0.0,3330.12
21681.88,73.33,94,0.0,3330.12
21681.88,72.93,94,0.0,3330.12
21681.88,72.6,94,0.0,3330.12
21681.88,72.33,94,2.45,3330.12
21681.88,70.25,94,0.0,3330.12
21681.88,69.99,81,0.0,3330.12
21681.88,68.85,96,1.225,3330.12
21681.88,68.97,96,0.0,3330.12
21681.88,69.29,95,0.0,3330.12
21681.88,69.6,95,0.0,3330.12
21681.88,69.7,95,1.2125,3330.12
21681.88,69.9,95,0.0,3330.12
21681.88,69.98,95,0.0,3330.12
21681.88,70.15,95,1.2125,3330.12
21681.88,71.96,93,0.0,3330.12
21681.88,71.89,93,0.0,3330.12
21681.88,72.7,94,0.0,3330.12
21681.88,72.68,94,1.2125,3330.12
21681.88,72.46,94,0.0,3330.12
21681.88,72.08,94,0.0,3330.12
21681.88,72.08,94,1.2125,3330.12
21681.88,72.09,94,1.2125,3330.12
21681.88,72.1,94,0.0,3330.12
21681.88,72.37,95,0.0,3330.12
21681.88,72.24,95,1.2125,3330.12
21681.88,72.03,94,0.0,3330.12
21681.88,72.07,94,2.375,3330.12
21681.88,74.28,94,0.0,3330.12
21681.88,73.72,81,0.0,3330.12
21681.88,73.89,81,1.2125,3330.12
21681.88,74.44,81,0.0,3330.12
21681.88,74.62,94,0.0,3330.12
21681.88,74.76,94,0.0,3330.12
21681.88,74.91,93,1.2125,3330.12
21681.88,74.73,94,0.0,3330.12
21681.88,74.58,94,0.0,3330.12
21681.88,74.46,94,1.2,3330.12
21681.88,74.19,94,0.0,3330.12
21681.88,71.78,94,0.0,3330.12
21681.88,72.02,94,1.2125,3330.12
21681.88,71.43,94,0.0,3330.12
21681.88,71.06,94,0.0,3330.12
21681.88,70.77,94,1.2125,3330.12
21681.88,70.49,94,0.0,3330.12
21681.88,70.48,94,0.0,3330.12
21681.88,70.52,94,0.0,3330.12
21681.88,69.37,94,2.4875,3330.12
21681.88,69.37,94,0.0,3330.12
21681.88,69.98,80,1.2375,3330.12
21681.88,69.64,80,0.0,3330.12
21681.88,69.89,95,0.0,3330.12
21681.88,70.21,95,0.0,3330.12
21681.88,70.67,94,1.2375,3330.12
21681.88,70.99,94,0.0,3330.12
21681.88,71.25,94,0.0,3330.12
21681.88,71.37,94,1.25,3330.12
21681.88,71.11,94,0.0,3330.12
21681.88,70.98,94,0.0,3330.12
21681.88,72.42,94,0.0,3330.12
21681.88,72.06,94,2.4875,3330.12
21681.88,72.53,95,0.0,3330.12
21681.88,72.61,95,0.0,3330.12
21681.88,72.47,95,1.25,3330.12
21681.88,72.32,95,0.0,3330.12
21681.88,72.19,95,0.0,3330.12
21681.88,71.99,95,0.0,3330.12
21681.88,71.89,95,1.25,3330.12
21681.88,71.97,95,0.0,3330.12
21681.88,72.02,95,0.0,3330.12
21681.88,72.05,95,0.0,3330.12
21681.88,73.27,95,2.4875,3330.12
21681.88,72.24,82,1.2375,3330.12
21681.88,72.11,82,0.0,3330.12
21681.88,72.21,95,0.0,3330.12
21681.88,72.37,95,0.0,3330.12
21681.88,72.61,95,1.25,3330.12
21681.88,72.93,95,0.0,3330.12
21681.88,73.23,95,0.0,3330.12
21681.88,73.23,95,1.25,3330.12
21681.88,73.17,95,0.0,3330.12
21681.88,72.87,95,0.0,3330.12
21681.88,72.69,95,0.0,3330.12
21681.88,71.35,95,1.2375,3330.12
21681.88,72.02,95,0.0,3330.12
21681.88,71.9,95,0.0,3330.12
21681.88,71.73,96,1.2375,3330.12
21681.88,71.69,96,0.0,3330.12
21681.88,71.55,96,0.0,3330.12
21681.88,71.29,96,2.4875,3330.12
21681.88,71.17,81,0.0,3330.12
21681.88,72.69,81,1.2125,3330.12
21681.88,72.02,98,1.2125,3330.12
21681.88,72.4,98,0.0,3330.12
21681.88,72.87,96,0.0,3330.12
21681.88,73.08,96,0.0,3330.12
21681.88,73.12,96,1.2125,3330.12
21681.88,72.95,96,0.0,3330.12
21681.88,72.75,96,0.0,3330.12
21681.88,72.76,96,1.2125,3330.12
21681.88,72.8,96,0.0,3330.12
21681.88,71.35,96,0.0,3330.12
21681.88,71.69,96,0.0,3330.12
21681.88,72.44,96,1.2125,3330.12
21681.88,72.17,95,0.0,3330.12
21681.88,72.06,95,0.0,3330.12
21681.88,72.13,95,1.2125,3330.12
21681.88,72.19,95,0.0,3330.12
21681.88,72.2,95,0.0,3330.12
21681.88,72.23,95,0.0,3330.12
21681.88,72.23,95,1.25,3330.12
21681.88,71.97,95,0.0,3330.12
21681.88,71.96,95,0.0,3330.12
21681.88,72.03,95,2.4875,3330.12
21681.88,73.91,79,0.0,3330.12
21681.88,73.56,79,0.0,3330.12
21681.88,73.32,97,0.0,3330.12
21681.88,73.29,97,1.25,3330.12
21681.88,73.31,95,0.0,3330.12
21681.88,73.41,95,0.0,3330.12
21681.88,73.6,95,1.2375,3330.12
21681.88,73.9,95,0.0,3330.12
21681.88,73.98,95,0.0,3330.12
21681.88,73.71,95,1.25,3330.12
21681.88,73.5,95,0.0,3330.12
21681.88,71.48,95,0.0,3330.12
21681.88,72.02,94,0.0,3330.12
21681.88,72.3,94,1.2375,3330.12
21681.88,72.3,93,0.0,3330.12
21681.88,72.26,93,1.25,3330.12
21681.88,72.1,93,0.0,3330.12
21681.88,71.83,94,1.2375,3330.12
21681.88,71.74,94,0.0,3330.12
21681.88,71.67,94,0.0,3330.12
21681.88,72.12,94,0.0,3330.12
21681.88,72.12,93,1.25,3330.12
21681.88,69.06,93,2.4875,3330.12
21681.88,69.06,93,0.0,3330.12
21681.88,68.17,79,0.0,3330.12
21681.88,67.97,79,1.2375,3330.12
21681.88,67.96,93,0.0,3330.12
21681.88,68.16,93,0.0,3330.12
21681.88,68.36,94,0.0,3330.12
21681.88,68.51,94,1.25,3330.12
21681.88,68.62,94,0.0,3330.12
21681.88,68.6,94,0.0,3330.12
21681.88,68.66,94,1.2375,3330.12
21681.88,68.96,94,0.0,3330.12
21681.88,71.83,94,0.0,3330.12
21681.88,72.57,94,1.2375,3330.12
21681.88,72.86,93,0.0,3330.12
21681.88,72.89,93,0.0,3330.12
21681.88,73.02,94,0.0,3330.12
21681.88,72.73,94,1.2125,3330.12
21681.88,72.32,94,0.0,3330.12
21681.88,71.98,95,0.0,3330.12
21681.88,71.71,95,1.2125,3330.12
21681.88,71.71,95,0.0,3330.12
21681.88,70.77,95,1.2125,3330.12
21681.88,69.81,79,1.2125,3330.12
21681.88,69.54,79,0.0,3330.12
21681.88,69.57,94,0.0,3330.12
21681.88,69.53,94,1.2125,3330.12
21681.88,69.95,94,0.0,3330.12
21681.88,70.49,94,0.0,3330.12
21681.88,70.91,94,0.0,3330.12
21681.88,71.21,94,1.2125,3330.12
21681.88,71.33,94,0.0,3330.12
21681.88,71.5,94,0.0,3330.12
21681.88,72.34,94,1.2125,3330.12
21681.88,73.36,94,0.0,3330.12
21681.88,73.57,94,1.2125,3330.12
21681.88,73.62,94,0.0,3330.12
21681.88,73.5,93,1.175,3330.12
21681.88,73.5,93,0.0,3330.12
21681.88,73.24,93,0.0,3330.12
21681.88,72.75,94,1.2125,3330.12
21681.88,72.36,94,1.2125,3330.12
21681.88,73.87,94,1.2125,3330.12
21681.88,73.57,80,0.0,3330.12
21681.88,73.17,80,0.0,3330.12
21681.88,73.12,94,0.0,3330.12
21681.88,72.88,94,1.1875,3330.12
21681.88,72.89,93,0.0,3330.12
21681.88,72.94,94,1.2125,3330.12
21681.88,72.91,94,0.0,3330.12
21681.88,72.96,94,0.0,3330.12
21681.88,72.96,94,0.0,3330.12
21681.88,73.03,94,1.2125,3330.12
21681.88,71.27,94,0.0,3330.12
21681.88,71.51,94,0.0,3330.12
21681.88,71.97,94,1.2125,3330.12
21681.88,72.09,94,0.0,3330.12
21681.88,72.25,94,0.0,3330.12
21681.88,71.99,94,0.0,3330.12
21681.88,71.72,93,1.2125,3330.12
21681.88,71.48,93,0.0,3330.12
21681.88,71.56,94,1.2125,3330.12
21681.88,71.72,94,1.2125,3330.12
21681.88,71.72,93,0.0,3330.12
21681.88,71.73,94,2.425,3330.12
21681.88,71.81,94,0.0,3330.12
21681.88,72.53,79,0.0,3330.12
21681.88,72.28,79,1.2125,3330.12
21681.88,72.47,94,0.0,3330.12
21681.88,72.75,94,0.0,3330.12
21681.88,72.98,93,0.0,3330.12
21681.88,72.94,93,1.225,3330.12
21681.88,72.93,94,0.0,3330.12
21681.88,73.17,94,0.0,3330.12
21681.88,73.22,95,0.0,3330.12
21681.88,73.08,95,0.0,3330.12
21681.88,72.28,94,1.225,3330.12
21681.88,72.34,94,0.0,3330.12
21681.88,72.23,94,0.0,3330.12
21681.88,72.13,94,1.2125,3330.12
21681.88,72.24,94,0.0,3330.12
21681.88,72.43,94,0.0,3330.12
21681.88,72.47,94,0.0,3330.12
21681.88,72.58,94,0.0,3330.12
21681.88,72.62,94,1.2125,3330.12
21681.88,72.79,94,1.2125,3330.12
21681.88,72.69,93,0.0,3330.12
21681.88,73.18,93,1.25,3330.12
21681.88,72.94,84,0.0,3330.12
21681.88,72.22,84,0.0,3330.12
21681.88,71.93,94,0.0,3330.12
21681.88,71.84,94,1.25,3330.12
21681.88,72.14,94,1.25,3330.12
21681.88,72.01,94,0.0,3330.12
21681.88,72.01,94,0.0,3330.12
21681.88,72.09,94,0.0,3330.12
21681.88,72.23,94,0.0,3330.12
21681.88,71.38,94,1.25,3330.12
21681.88,71.6,94,0.0,3330.12
21681.88,72.17,94,0.0,3330.12
21681.88,72.17,94,0.0,3330.12
21681.88,72.31,94,1.25,3330.12
21681.88,72.37,94,0.0,3330.12
21681.88,72.26,94,0.0,3330.12
21681.88,72.18,94,0.0,3330.12
21681.88,72.16,94,0.0,3330.12
21681.88,72.14,94,1.25,3330.12
21681.88,72.02,94,0.0,3330.12
21681.88,72.03,95,0.0,3330.12
21681.88,72.27,95,0.0,3330.12
21681.88,72.17,94,1.25,3330.12
21681.88,73.65,94,1.25,3330.12
21681.88,73.72,84,0.0,3330.12
21681.88,72.6,84,0.0,3330.12
21681.88,72.44,95,0.0,3330.12
21681.88,72.37,95,0.0,3330.12
21681.88,72.54,95,0.0,3330.12
21681.88,72.79,96,1.25,3330.12
21681.88,72.7,96,0.0,3330.12
21681.88,72.91,95,0.0,3330.12
21681.88,72.91,95,0.0,3330.12
21681.88,71.56,95,0.0,3330.12
21681.88,71.23,96,1.25,3330.12
21681.88,72.03,95,0.0,3330.12
21681.88,72.05,95,0.0,3330.12
21681.88,72.09,95,0.0,3330.12
21681.88,72.09,95,0.0,3330.12
21681.88,72.12,95,0.0,3330.12
21681.88,71.77,95,1.25,3330.12
21681.88,71.88,95,0.0,3330.12
21681.88,71.88,96,0.0,3330.12
21681.88,71.97,96,1.25,3330.12
21681.88,71.8,95,0.0,3330.12
21681.88,71.72,95,1.2125,3330.12
21681.88,71.78,95,0.0,3330.12
21681.88,73.33,95,0.0,3330.12
21681.88,72.9,77,0.0,3330.12
21681.88,73.07,95,1.25,3330.12
21681.88,73.02,95,0.0,3330.12
21681.88,73.35,96,0.0,3330.12
21681.88,73.64,96,1.25,3330.12
21681.88,73.88,96,1.25,3330.12
21681.88,73.9,96,0.0,3330.12
21681.88,73.89,95,0.0,3330.12
21681.88,73.7,95,0.0,3330.12
21681.88,72.0,96,0.0,3330.12
21681.88,72.28,96,1.2375,3330.12
21681.88,72.13,96,0.0,3330.12
21681.88,72.36,96,0.0,3330.12
21681.88,72.57,96,0.0,3330.12
21681.88,72.24,95,1.2,3330.12
21681.88,71.84,95,0.0,3330.12
21681.88,71.84,95,0.0,3330.12
21681.88,71.25,95,1.225,3330.12
21681.88,73.55,94,1.225,3330.12
21681.88,72.96,94,0.0,3330.12
21681.88,73.35,81,0.0,3330.12
21681.88,73.73,81,0.0,3330.12
21681.88,73.73,94,1.25,3330.12
21681.88,73.52,94,0.0,3330.12
21681.88,73.4,95,0.0,3330.12
21681.88,73.19,94,1.25,3330.12
21681.88,73.36,94,0.0,3330.12
21681.88,73.43,95,0.0,3330.12
21681.88,73.86,95,0.0,3330.12
21681.88,71.78,95,1.25,3330.12
21681.88,72.58,95,0.0,3330.12
21681.88,72.5,95,0.0,3330.12
21681.88,72.43,95,0.0,3330.12
21681.88,72.81,94,1.25,3330.12
21681.88,72.61,94,0.0,3330.12
21681.88,72.41,94,0.0,3330.12
21681.88,72.15,94,0.0,3330.12
21681.88,71.04,91,2.4875,3330.12
21681.88,70.61,91,0.0,3330.12
21681.88,70.24,83,0.0,3330.12
21681.88,70.64,83,1.25,3330.12
21681.88,70.97,94,0.0,3330.12
21681.88,71.06,94,0.0,3330.12
21681.88,71.0,94,1.2375,3330.12
21681.88,70.9,94,0.0,3330.12
21681.88,71.16,94,1.25,3330.12
21681.88,71.21,94,0.0,3330.12
21681.88,71.39,94,1.25,3330.12
21681.88,72.54,94,0.0,3330.12
21681.88,72.79,94,0.0,3330.12
21681.88,72.93,94,1.25,3330.12
21681.88,72.93,94,0.0,3330.12
21681.88,72.61,94,0.0,3330.12
21681.88,72.31,94,0.0,3330.12
21681.88,72.19,95,1.2375,3330.12
21681.88,72.14,95,0.0,3330.12
21681.88,71.98,94,0.0,3330.12
21681.88,71.98,94,1.25,3330.12
21681.88,71.94,94,0.0,3330.12
21681.88,71.89,87,1.25,3330.12
21681.88,69.21,87,1.25,3330.12
21681.88,68.91,90,0.0,3330.12
21681.88,69.2,90,0.0,3330.12
21681.88,69.3,94,0.0,3330.12
21681.88,69.44,94,1.2125,3330.12
21681.88,69.58,94,0.0,3330.12
21681.88,69.46,94,0.0,3330.12
21681.88,69.43,94,1.2125,3330.12
21681.88,69.44,94,0.0,3330.12
21681.88,69.39,93,0.0,3330.12
21681.88,72.0,93,1.2125,3330.12
21681.88,72.93,94,0.0,3330.12
21681.88,73.06,94,0.0,3330.12
21681.88,73.05,93,1.2125,3330.12
21681.88,73.16,93,0.0,3330.12
21681.88,73.04,93,0.0,3330.12
21681.88,72.94,93,1.2125,3330.12
21681.88,72.88,93,0.0,3330.12
21681.88,72.8,93,0.0,3330.12
21681.88,72.86,94,1.2125,3330.12
21681.88,72.9,94,1.2125,3330.12
21681.88,69.6,77,1.2125,3330.12
21681.88,68.98,77,0.0,3330.12
21681.88,68.74,95,0.0,3330.12
21681.88,68.74,95,1.2125,3330.12
21681.88,68.87,94,0.0,3330.12
21681.88,69.28,93,0.0,3330.12
21681.88,69.58,93,1.2125,3330.12
21681.88,69.72,93,0.0,3330.12
21681.88,69.65,93,0.0,3330.12
21681.88,69.58,94,1.2125,3330.12
21681.88,72.9,94,1.225,3330.12
21681.88,73.44,94,0.0,3330.12
21681.88,73.51,94,0.0,3330.12
21681.88,73.39,94,1.2125,3330.12
21681.88,73.34,94,0.0,3330.12
21681.88,73.34,94,0.0,3330.12
21681.88,73.1,94,1.2125,3330.12
21681.88,73.1,94,0.0,3330.12
21681.88,72.77,94,0.0,3330.12
21681.88,72.77,94,1.2125,3330.12
21681.88,72.94,94,2.425,3330.12
21681.88,72.71,77,0.0,3330.12
21681.88,72.16,77,0.0,3330.12
21681.88,72.16,95,1.2125,3330.12
21681.88,72.0,95,0.0,3330.12
21681.88,71.91,93,0.0,3330.12
21681.88,71.44,93,0.0,3330.12
21681.88,71.49,93,1.225,3330.12
21681.88,71.5,93,0.0,3330.12
21681.88,71.29,94,0.0,3330.12
21681.88,71.07,94,0.0,3330.12
21681.88,71.07,95,1.2125,3330.12
21681.88,71.3,95,0.0,3330.12
21681.88,71.79,94,0.0,3330.12
21681.88,71.79,94,0.0,3330.12
21681.88,72.16,94,1.225,3330.12
21681.88,72.25,94,0.0,3330.12
21681.88,72.43,94,0.0,3330.12
21681.88,72.46,94,3.65,3330.12
21681.88,73.79,79,0.0,3330.12
21681.88,73.17,79,0.0,3330.12
21681.88,73.53,96,1.2125,3330.12
21681.88,74.03,96,0.0,3330.12
21681.88,74.18,94,0.0,3330.12
21681.88,74.37,94,1.2125,3330.12
21681.88,74.58,93,0.0,3330.12
21681.88,74.31,94,0.0,3330.12
21681.88,74.03,94,1.2125,3330.12
21681.88,73.48,94,0.0,3330.12
21681.88,73.13,94,0.0,3330.12
21681.88,71.38,94,0.0,3330.12
21681.88,71.86,94,1.225,3330.12
21681.88,71.64,94,0.0,3330.12
21681.88,71.06,94,0.0,3330.12
21681.88,71.17,93,1.2125,3330.12
21681.88,70.93,93,0.0,3330.12
21681.88,71.04,94,1.225,3330.12
21681.88,69.19,94,2.4125,3330.12
21681.88,69.23,77,0.0,3330.12
21681.88,69.12,77,0.0,3330.12
21681.88,69.37,94,1.2125,3330.12
21681.88,69.59,94,0.0,3330.12
21681.88,69.67,94,0.0,3330.12
21681.88,69.81,94,0.0,3330.12
21681.88,70.21,94,1.2125,3330.12
21681.88,70.18,94,0.0,3330.12
21681.88,69.93,94,0.0,3330.12
21681.88,69.7,94,1.2125,3330.12
21681.88,71.48,94,0.0,3330.12
21681.88,71.65,94,0.0,3330.12
21681.88,72.04,94,0.0,3330.12
21681.88,72.37,95,1.2125,3330.12
21681.88,72.62,95,1.2125,3330.12
21681.88,72.39,95,0.0,3330.12
21681.88,72.18,95,1.2125,3330.12
21681.88,71.77,95,0.0,3330.12
21681.88,71.72,95,0.0,3330.12
21681.88,71.57,93,0.0,3330.12
21681.88,70.47,93,2.425,3330.12
21681.88,70.81,80,0.0,3330.12
21681.88,70.84,80,0.0,3330.12
21681.88,70.97,94,1.225,3330.12
21681.88,70.83,94,0.0,3330.12
21681.88,70.72,94,0.0,3330.12
21681.88,70.84,94,0.0,3330.12
21681.88,70.92,94,1.225,3330.12
21681.88,71.18,94,0.0,3330.12
21681.88,71.2,94,0.0,3330.12
21681.88,71.35,94,1.2125,3330.12
21681.88,72.45,93,0.0,3330.12
21681.88,72.04,93,0.0,3330.12
21681.88,72.13,94,1.2125,3330.12
21681.88,71.91,94,0.0,3330.12
21681.88,72.09,94,0.0,3330.12
21681.88,72.14,94,0.0,3330.12
21681.88,72.21,94,1.2125,3330.12
21681.88,72.25,94,1.2125,3330.12
21681.88,72.37,94,0.0,3330.12
21681.88,72.44,94,1.2125,3330.12
21681.88,72.51,93,1.2125,3330.12
21681.88,73.43,93,0.0,3330.12
21681.88,73.43,80,1.2125,3330.12
21681.88,73.12,80,0.0,3330.12
21681.88,72.97,96,0.0,3330.12
21681.88,72.86,96,0.0,3330.12
21681.88,72.77,92,1.2125,3330.12
21681.88,72.81,92,0.0,3330.12
21681.88,72.81,94,0.0,3330.12
21681.88,72.89,94,1.2125,3330.12
21681.88,73.0,94,0.0,3330.12
21681.88,72.93,94,0.0,3330.12
21681.88,72.93,94,0.0,3330.12
21681.88,71.89,94,1.2125,3330.12
21681.88,72.01,92,0.0,3330.12
21681.88,72.16,95,0.0,3330.12
21681.88,72.13,95,1.2125,3330.12
21681.88,72.26,94,0.0,3330.12
21681.88,72.52,94,0.0,3330.12
21681.88,72.53,94,1.2125,3330.12
21681.88,72.36,94,0.0,3330.12
21681.88,71.93,94,0.0,3330.12
21681.88,71.96,94,1.2125,3330.12
21681.88,72.24,95,2.4,3330.12
21681.88,69.09,95,1.2125,3330.12
21681.88,68.31,79,0.0,3330.12
21681.88,68.3,79,0.0,3330.12
21681.88,68.41,94,1.2125,3330.12
21681.88,68.43,94,0.0,3330.12
21681.88,68.66,94,0.0,3330.12
21681.88,68.85,94,1.2125,3330.12
21681.88,68.94,94,0.0,3330.12
21681.88,68.86,94,0.0,3330.12
21681.88,68.65,94,1.2125,3330.12
21681.88,68.39,94,0.0,3330.12
21681.88,71.35,94,0.0,3330.12
21681.88,71.81,95,0.0,3330.12
21681.88,71.61,95,1.2125,3330.12
21681.88,71.64,95,0.0,3330.12
21681.88,71.52,94,0.0,3330.12
21681.88,71.47,94,0.0,3330.12
21681.88,71.68,94,0.0,3330.12
21681.88,71.94,94,1.225,3330.12
21681.88,72.19,94,0.0,3330.12
21681.88,72.38,94,0.0,3330.12
21681.88,73.01,94,2.375,3330.12
21681.88,72.26,94,0.0,3330.12
21681.88,72.33,79,0.0,3330.12
21681.88,72.6,79,1.225,3330.12
21681.88,72.6,94,0.0,3330.12
21681.88,72.55,94,0.0,3330.12
21681.88,72.64,93,0.0,3330.12
21681.88,72.56,93,0.0,3330.12
21681.88,72.46,94,1.225,3330.12
21681.88,72.34,94,0.0,3330.12
21681.88,72.19,94,0.0,3330.12
21681.88,72.06,95,0.0,3330.12
21681.88,72.42,95,2.4375,3330.12
21681.88,72.27,95,0.0,3330.12
21681.88,72.13,95,0.0,3330.12
21681.88,72.06,95,2.45,3330.12
21681.88,73.73,95,0.0,3330.12
21681.88,73.1,82,0.0,3330.12
21681.88,73.31,82,0.0,3330.12
21681.88,73.64,96,0.0,3330.12
21681.88,74.06,96,0.0,3330.12
21681.88,74.4,95,1.2125,3330.12
21681.88,74.62,95,0.0,3330.12
21681.88,74.82,94,0.0,3330.12
21681.88,74.91,94,1.2125,3330.12
21681.88,74.39,94,0.0,3330.12
21681.88,73.84,94,0.0,3330.12
21681.88,71.57,94,1.1875,3330.12
21681.88,72.17,94,1.2125,3330.12
21681.88,72.17,94,0.0,3330.12
21681.88,72.09,94,0.0,3330.12
21681.88,71.9,94,1.2125,3330.12
21681.88,71.88,94,0.0,3330.12
21681.88,71.94,94,0.0,3330.12
21681.88,71.8,80,2.425,3330.12
21681.88,68.51,80,0.0,3330.12
21681.88,68.83,93,1.2125,3330.12
21681.88,68.28,93,0.0,3330.12
21681.88,68.5,94,0.0,3330.12
21681.88,68.88,94,0.0,3330.12
21681.88,69.03,94,1.2125,3330.12
21681.88,69.24,94,0.0,3330.12
21681.88,69.31,94,0.0,3330.12
21681.88,69.1,94,1.2125,3330.12
21681.88,69.12,94,0.0,3330.12
21681.88,72.27,94,0.0,3330.12
21681.88,72.09,94,0.0,3330.12
21681.88,72.76,94,1.225,3330.12
21681.88,72.67,94,1.225,3330.12
21681.88,72.52,94,0.0,3330.12
21681.88,72.58,93,0.0,3330.12
21681.88,72.49,93,0.0,3330.12
21681.88,72.31,94,1.2125,3330.12
21681.88,72.09,94,0.0,3330.12
21681.88,72.07,94,0.0,3330.12
21681.88,72.0,94,1.2125,3330.12
21681.88,70.92,94,1.1625,3330.12
21681.88,71.83,94,1.2,3330.12
21681.88,72.48,78,0.0,3330.12
21681.88,72.03,78,0.0,3330.12
21681.88,71.53,95,1.2125,3330.12
21681.88,71.54,95,0.0,3330.12
21681.88,71.54,94,0.0,3330.12
21681.88,71.81,94,1.2125,3330.12
21681.88,71.95,93,0.0,3330.12
21681.88,72.02,93,0.0,3330.12
21681.88,71.98,94,1.2125,3330.12
21681.88,72.12,94,0.0,3330.12
21681.88,73.25,94,0.0,3330.12
21681.88,72.33,94,0.0,3330.12
21681.88,71.73,94,1.2125,3330.12
21681.88,72.26,94,0.0,3330.12
21681.88,72.38,94,0.0,3330.12
21681.88,72.21,94,1.2125,3330.12
21681.88,72.06,94,0.0,3330.12
21681.88,71.95,94,0.0,3330.12
21681.88,71.9,94,0.0,3330.12
21681.88,71.78,94,1.2125,3330.12
21681.88,71.73,94,0.0,3330.12
21681.88,71.8,94,0.0,3330.12
21681.88,71.73,94,3.625,3330.12
21681.88,73.39,81,0.0,3330.12
21681.88,73.02,81,0.0,3330.12
21681.88,73.27,95,1.2125,3330.12
21681.88,73.08,95,0.0,3330.12
21681.88,73.18,94,0.0,3330.12
21681.88,73.28,94,1.225,3330.12
21681.88,73.46,94,0.0,3330.12
21681.88,73.29,94,0.0,3330.12
21681.88,73.19,94,1.2125,3330.12
21681.88,72.75,94,0.0,3330.12
21681.88,72.58,92,0.0,3330.12
21681.88,70.5,92,0.0,3330.12
21681.88,70.69,94,1.2125,3330.12
21681.88,70.29,94,0.0,3330.12
21681.88,70.19,94,2.35,3330.12
21681.88,72.23,80,0.0,3330.12
21681.88,71.78,80,0.0,3330.12
21681.88,71.65,95,0.0,3330.12
21681.88,72.55,95,0.0,3330.12
21681.88,73.14,94,1.2125,3330.12
21681.88,73.4,94,0.0,3330.12
21681.88,73.57,94,0.0,3330.12
21681.88,73.7,94,1.2125,3330.12
21681.88,73.66,95,0.0,3330.12
21681.88,73.6,95,0.0,3330.12
21681.88,71.31,96,2.425,3330.12
21681.88,71.71,96,0.0,3330.12
21681.88,72.08,96,0.0,3330.12
21681.88,72.1,96,1.2125,3330.12
21681.88,71.86,95,0.0,3330.12
21681.88,71.86,95,0.0,3330.12
21681.88,72.06,95,0.0,3330.12
21681.88,72.3,95,1.2125,3330.12
21681.88,72.45,95,0.0,3330.12
21681.88,72.58,95,0.0,3330.12
21681.88,72.64,95,1.2125,3330.12
21681.88,72.54,95,1.2125,3330.12
21681.88,71.64,81,0.0,3330.12
21681.88,71.4,81,0.0,3330.12
21681.88,70.28,98,1.225,3330.12
21681.88,70.47,98,0.0,3330.12
21681.88,70.68,93,0.0,3330.12
21681.88,70.83,93,0.0,3330.12
21681.88,71.05,94,1.225,3330.12
21681.88,70.99,94,0.0,3330.12
21681.88,70.9,94,0.0,3330.12
21681.88,70.69,93,0.0,3330.12
21681.88,71.09,93,1.225,3330.12
21681.88,71.99,94,0.0,3330.12
21681.88,71.96,94,1.225,3330.12
21681.88,72.79,94,0.0,3330.12
21681.88,72.38,94,1.225,3330.12
21681.88,72.12,94,0.0,3330.12
21681.88,71.96,94,0.0,3330.12
21681.88,71.95,94,0.0,3330.12
21681.88,72.18,94,1.225,3330.12
21681.88,72.57,94,0.0,3330.12
21681.88,72.19,94,0.0,3330.12
21681.88,71.85,94,0.0,3330.12
21681.88,71.78,94,2.3875,3330.12
21681.88,74.23,78,0.0,3330.12
21681.88,73.48,78,1.2125,3330.12
21681.88,73.6,95,0.0,3330.12
21681.88,73.82,95,0.0,3330.12
21681.88,74.0,95,0.0,3330.12
21681.88,74.22,94,1.225,3330.12
21681.88,74.27,94,0.0,3330.12
21681.88,74.27,94,0.0,3330.12
21681.88,74.54,94,0.0,3330.12
21681.88,74.91,94,1.2125,3330.12
21681.88,75.03,94,0.0,3330.12
21681.88,72.61,94,0.0,3330.12
21681.88,72.61,94,2.4375,3330.12
21681.88,73.33,93,0.0,3330.12
21681.88,73.38,94,0.0,3330.12
21681.88,72.97,94,0.0,3330.12
21681.88,72.73,94,1.2,3330.12
21681.88,72.41,94,0.0,3330.12
21681.88,72.1,94,0.0,3330.12
21681.88,71.8,94,1.2125,3330.12
21681.88,71.59,95,0.0,3330.12
21681.88,71.5,80,2.425,3330.12
21681.88,72.67,80,0.0,3330.12
21681.88,72.42,80,0.0,3330.12
21681.88,72.35,96,1.2125,3330.12
21681.88,72.72,96,0.0,3330.12
21681.88,72.98,95,0.0,3330.12
21681.88,73.4,95,1.2125,3330.12
21681.88,73.33,95,0.0,3330.12
21681.88,73.36,95,0.0,3330.12
21681.88,73.38,95,1.2125,3330.12
21681.88,73.29,95,0.0,3330.12
21681.88,72.04,95,0.0,3330.12
21681.88,72.22,95,1.2125,3330.12
21681.88,72.3,95,0.0,3330.12
21681.88,72.35,95,0.0,3330.12
21681.88,72.46,94,1.2125,3330.12
21681.88,72.34,94,0.0,3330.12
21681.88,72.17,94,0.0,3330.12
21681.88,72.48,93,1.2125,3330.12
21681.88,72.68,93,1.15,3330.12
21681.88,69.36,78,0.0,3330.12
21681.88,68.57,78,1.2375,3330.12
21681.88,68.61,95,0.0,3330.12
21681.88,68.71,95,0.0,3330.12
21681.88,68.67,92,1.225,3330.12
21681.88,68.44,92,0.0,3330.12
21681.88,68.28,92,0.0,3330.12
21681.88,68.41,94,1.2125,3330.12
21681.88,68.37,94,0.0,3330.12
21681.88,68.24,94,0.0,3330.12
21681.88,68.15,94,1.2125,3330.12
21681.88,72.47,94,1.2125,3330.12
21681.88,72.47,94,0.0,3330.12
21681.88,72.58,94,0.0,3330.12
21681.88,72.63,94,0.0,3330.12
21681.88,72.88,94,1.2125,3330.12
21681.88,72.92,94,0.0,3330.12
21681.88,72.92,94,0.0,3330.12
21681.88,72.8,94,1.2125,3330.12
21681.88,72.73,94,0.0,3330.12
21681.88,72.86,94,0.0,3330.12
21681.88,70.29,94,1.2125,3330.12
21681.88,69.94,86,1.2,3330.12
21681.88,69.97,86,0.0,3330.12
21681.88,69.97,88,1.2125,3330.12
21681.88,70.0,88,0.0,3330.12
21681.88,69.99,94,0.0,3330.12
21681.88,70.06,94,1.2125,3330.12
21681.88,70.21,95,1.2125,3330.12
21681.88,70.21,95,0.0,3330.12
21681.88,70.02,95,0.0,3330.12
21681.88,69.44,95,1.2125,3330.12
21681.88,69.44,92,0.0,3330.12
21681.88,72.04,92,0.0,3330.12
21681.88,72.65,93,0.0,3330.12
21681.88,72.66,93,1.225,3330.12
21681.88,72.66,93,0.0,3330.12
21681.88,72.67,93,0.0,3330.12
21681.88,72.71,93,0.0,3330.12
21681.88,72.62,94,0.0,3330.12
21681.88,72.19,94,1.2125,3330.12
21681.88,72.22,94,0.0,3330.12
21681.88,72.14,94,1.2125,3330.12
21681.88,72.14,92,1.2125,3330.12
21681.88,72.42,92,1.2125,3330.12
21681.88,72.14,83,0.0,3330.12
21681.88,71.6,83,0.0,3330.12
21681.88,71.43,95,1.2125,3330.12
21681.88,71.33,95,0.0,3330.12
21681.88,71.28,94,0.0,3330.12
21681.88,71.49,94,1.2125,3330.12
21681.88,72.05,93,0.0,3330.12
21681.88,72.05,93,0.0,3330.12
21681.88,72.41,94,1.2125,3330.12
21681.88,72.48,94,0.0,3330.12
21681.88,71.91,94,0.0,3330.12
21681.88,71.98,94,1.2125,3330.12
21681.88,72.17,94,0.0,3330.12
21681.88,72.06,94,0.0,3330.12
21681.88,72.15,94,1.2125,3330.12
21681.88,72.11,94,0.0,3330.12
21681.88,71.98,95,0.0,3330.12
21681.88,71.71,95,1.225,3330.12
21681.88,71.86,95,0.0,3330.12
21681.88,71.85,95,0.0,3330.12
21681.88,71.94,94,1.2125,3330.12
21681.88,71.64,94,1.2125,3330.12
21681.88,71.8,95,1.2125,3330.12
21681.88,74.16,79,0.0,3330.12
21681.88,73.47,79,0.0,3330.12
21681.88,73.34,94,1.225,3330.12
21681.88,73.5,94,1.225,3330.12
21681.88,74.26,93,0.0,3330.12
21681.88,74.46,93,0.0,3330.12
21681.88,74.46,94,1.2125,3330.12
21681.88,74.23,94,0.0,3330.12
21681.88,74.28,94,0.0,3330.12
21681.88,73.98,94,1.2125,3330.12
21681.88,71.53,94,0.0,3330.12
21681.88,72.12,94,0.0,3330.12
21681.88,71.98,94,0.0,3330.12
21681.88,71.86,94,1.2125,3330.12
21681.88,71.78,94,0.0,3330.12
21681.88,71.62,94,0.0,3330.12
21681.88,71.48,94,1.2125,3330.12
21681.88,71.68,94,0.0,3330.12
21681.88,71.83,94,0.0,3330.12
21681.88,72.13,94,2.4,3330.12
21681.88,69.7,86,0.0,3330.12
21681.88,70.31,86,1.2125,3330.12
21681.88,70.55,87,0.0,3330.12
21681.88,70.26,87,1.2125,3330.12
21681.88,70.29,94,0.0,3330.12
21681.88,70.08,94,0.0,3330.12
21681.88,70.18,94,1.2125,3330.12
21681.88,70.35,94,0.0,3330.12
21681.88,70.56,94,0.0,3330.12
21681.88,70.28,94,0.0,3330.12
21681.88,72.85,94,1.2125,3330.12
21681.88,72.85,94,0.0,3330.12
21681.88,71.88,94,0.0,3330.12
21681.88,72.1,94,0.0,3330.12
21681.88,72.05,94,1.225,3330.12
21681.88,72.18,93,0.0,3330.12
21681.88,72.18,93,0.0,3330.12
21681.88,72.03,95,0.0,3330.12
21681.88,71.88,95,1.225,3330.12
21681.88,71.94,94,0.0,3330.12
21681.88,71.61,94,0.0,3330.12
21681.88,71.57,94,1.2125,3330.12
21681.88,71.7,94,1.225,3330.12
21681.88,71.9,94,1.2125,3330.12
21681.88,73.82,94,0.0,3330.12
21681.88,73.15,79,1.1875,3330.12
21681.88,73.36,79,0.0,3330.12
21681.88,73.44,93,1.2125,3330.12
21681.88,73.63,93,0.0,3330.12
21681.88,73.9,94,0.0,3330.12
21681.88,74.18,94,0.0,3330.12
21681.88,74.39,94,1.2125,3330.12
21681.88,74.36,94,0.0,3330.12
21681.88,74.13,94,0.0,3330.12
21681.88,73.88,94,0.0,3330.12
21681.88,71.85,94,1.2125,3330.12
21681.88,72.2,94,0.0,3330.12
21681.88,72.01,95,0.0,3330.12
21681.88,71.88,95,1.2125,3330.12
21681.88,71.81,95,0.0,3330.12
21681.88,71.44,95,0.0,3330.12
21681.88,71.37,96,0.0,3330.12
21681.88,71.5,96,1.2125,3330.12
21681.88,71.41,96,0.0,3330.12
21681.88,71.66,95,2.425,3330.12
21681.88,71.78,95,0.0,3330.12
21681.88,73.7,78,0.0,3330.12
21681.88,73.29,78,0.0,3330.12
21681.88,73.2,93,1.2125,3330.12
21681.88,73.33,93,0.0,3330.12
21681.88,73.68,94,0.0,3330.12
21681.88,73.97,94,0.0,3330.12
21681.88,74.14,94,2.4375,3330.12
21681.88,74.3,94,0.0,3330.12
21681.88,74.38,93,0.0,3330.12
21681.88,74.43,93,0.0,3330.12
21681.88,72.67,94,1.225,3330.12
21681.88,73.25,94,0.0,3330.12
21681.88,73.32,94,0.0,3330.12
21681.88,73.34,94,0.0,3330.12
21681.88,73.3,94,1.225,3330.12
21681.88,72.93,94,0.0,3330.12
21681.88,72.58,95,0.0,3330.12
21681.88,72.25,95,0.0,3330.12
21681.88,72.11,94,1.225,3330.12
21681.88,68.94,94,0.0,3330.12
21681.88,68.22,83,1.225,3330.12
21681.88,67.99,83,0.0,3330.12
21681.88,68.24,94,0.0,3330.12
21681.88,68.33,94,0.0,3330.12
21681.88,68.29,94,1.225,3330.12
21681.88,68.2,94,0.0,3330.12
21681.88,68.49,94,0.0,3330.12
21681.88,68.7,94,0.0,3330.12
21681.88,68.83,95,0.0,3330.12
21681.88,69.0,95,1.225,3330.12
21681.88,71.91,95,0.0,3330.12
21681.88,72.36,96,0.0,3330.12
21681.88,72.47,96,0.0,3330.12
21681.88,72.31,96,0.0,3330.12
21681.88,72.26,96,0.0,3330.12
21681.88,72.22,96,1.225,3330.12
21681.88,72.14,96,0.0,3330.12
21681.88,71.83,96,0.0,3330.12
21681.88,71.63,96,0.0,3330.12
21681.88,71.48,96,0.0,3330.12
21681.88,68.53,96,1.225,3330.12
21681.88,67.73,96,0.0,3330.12
21681.88,67.89,83,1.2125,3330.12
21681.88,67.99,83,0.0,3330.12
21681.88,67.99,93,0.0,3330.12
21681.88,68.15,93,0.0,3330.12
21681.88,68.31,94,1.225,3330.12
21681.88,68.45,94,0.0,3330.12
21681.88,68.53,94,1.225,3330.12
21681.88,68.48,94,0.0,3330.12
21681.88,68.36,94,0.0,3330.12
21681.88,71.26,94,1.225,3330.12
21681.88,72.08,95,0.0,3330.12
21681.88,72.08,95,0.0,3330.12
21681.88,72.01,94,0.0,3330.12
21681.88,71.87,94,0.0,3330.12
21681.88,71.87,94,0.0,3330.12
21681.88,71.85,94,1.225,3330.12
21681.88,71.74,95,0.0,3330.12
21681.88,71.54,94,0.0,3330.12
21681.88,71.93,94,0.0,3330.12
21681.88,71.93,93,2.4375,3330.12
21681.88,69.03,93,0.0,3330.12
21681.88,68.44,80,1.2125,3330.12
21681.88,68.49,80,0.0,3330.12
21681.88,68.6,94,0.0,3330.12
21681.88,68.68,94,1.2125,3330.12
21681.88,68.76,94,0.0,3330.12
21681.88,68.83,94,0.0,3330.12
21681.88,69.0,94,1.2,3330.12
21681.88,69.02,94,0.0,3330.12
21681.88,69.02,94,0.0,3330.12
21681.88,68.8,94,1.2125,3330.12
21681.88,72.02,95,0.0,3330.12
21681.88,72.56,95,1.225,3330.12
21681.88,72.39,94,0.0,3330.12
21681.88,72.13,94,0.0,3330.12
21681.88,72.09,94,0.0,3330.12
21681.88,71.85,94,0.0,3330.12
21681.88,71.72,95,1.225,3330.12
21681.88,71.53,94,1.225,3330.12
21681.88,71.46,94,0.0,3330.12
21681.88,72.67,82,0.0,3330.12
21681.88,72.24,82,1.225,3330.12
21681.88,73.21,94,0.0,3330.12
21681.88,73.5,94,0.0,3330.12
21681.88,73.67,94,0.0,3330.12
21681.88,73.71,94,1.2125,3330.12
21681.88,73.69,94,0.0,3330.12
21681.88,73.59,94,0.0,3330.12
21681.88,73.68,94,1.1875,3330.12
21681.88,73.71,94,0.0,3330.12
21681.88,72.47,94,0.0,3330.12
21681.88,73.04,94,0.0,3330.12
21681.88,72.76,94,1.2125,3330.12
21681.88,72.44,94,0.0,3330.12
21681.88,72.35,94,0.0,3330.12
21681.88,72.31,94,1.2125,3330.12
21681.88,68.92,83,2.3125,3330.12
21681.88,67.89,83,0.0,3330.12
21681.88,67.81,92,0.0,3330.12
21681.88,67.85,92,1.225,3330.12
21681.88,67.92,92,0.0,3330.12
21681.88,68.17,93,0.0,3330.12
21681.88,68.36,94,0.0,3330.12
21681.88,68.74,94,1.2125,3330.12
21681.88,69.14,94,0.0,3330.12
21681.88,69.02,93,0.0,3330.12
21681.88,68.9,93,1.2125,3330.12
21681.88,71.98,94,0.0,3330.12
21681.88,73.15,94,0.0,3330.12
21681.88,72.88,94,1.2,3330.12
21681.88,73.07,94,0.0,3330.12
21681.88,73.13,94,0.0,3330.12
21681.88,73.13,93,0.0,3330.12
21681.88,75.2,93,2.4375,3330.12
21681.88,74.34,78,0.0,3330.12
21681.88,74.48,78,0.0,3330.12
21681.88,74.56,95,2.425,3330.12
21681.88,74.62,95,0.0,3330.12
21681.88,74.71,94,0.0,3330.12
21681.88,74.61,94,0.0,3330.12
21681.88,74.81,94,1.225,3330.12
21681.88,74.69,94,0.0,3330.12
21681.88,74.45,94,0.0,3330.12
21681.88,74.32,94,1.2125,3330.12
21681.88,71.91,94,0.0,3330.12
21681.88,72.49,94,0.0,3330.12
21681.88,72.59,94,0.0,3330.12
21681.88,72.73,94,1.2125,3330.12
21681.88,72.85,94,1.2375,3330.12
21681.88,71.23,94,1.1625,3330.12
21681.88,71.36,74,0.0,3330.12
21681.88,70.37,74,0.0,3330.12
21681.88,70.18,97,0.0,3330.12
21681.88,70.3,94,1.225,3330.12
21681.88,70.56,94,0.0,3330.12
21681.88,70.78,95,0.0,3330.12
21681.88,70.95,95,0.0,3330.12
21681.88,70.96,96,0.0,3330.12
21681.88,70.96,96,1.2125,3330.12
21681.88,70.51,96,0.0,3330.12
21681.88,71.91,96,0.0,3330.12
21681.88,71.56,95,0.0,3330.12
21681.88,72.42,95,1.2125,3330.12
21681.88,72.41,95,0.0,3330.12
21681.88,72.22,95,0.0,3330.12
21681.88,71.98,95,0.0,3330.12
21681.88,71.98,95,0.0,3330.12
21681.88,71.87,95,2.4625,3330.12
21681.88,71.79,95,0.0,3330.12
21681.88,72.01,95,0.0,3330.12
21681.88,71.82,95,0.0,3330.12
21681.88,71.85,94,2.3875,3330.12
21681.88,71.3,94,0.0,3330.12
21681.88,71.05,82,0.0,3330.12
21681.88,71.05,82,1.225,3330.12
21681.88,71.15,93,0.0,3330.12
21681.88,71.25,93,0.0,3330.12
21681.88,71.47,94,1.2125,3330.12
21681.88,71.41,94,0.0,3330.12
21681.88,71.41,94,0.0,3330.12
21681.88,71.22,94,0.0,3330.12
21681.88,71.27,94,1.225,3330.12
21681.88,71.41,94,0.0,3330.12
21681.88,71.29,94,0.0,3330.12
21681.88,71.8,94,1.225,3330.12
21681.88,72.04,94,0.0,3330.12
21681.88,72.41,94,0.0,3330.12
21681.88,72.54,94,0.0,3330.12
21681.88,72.67,93,0.0,3330.12
21681.88,72.66,93,1.225,3330.12
21681.88,72.69,95,0.0,3330.12
21681.88,72.39,95,0.0,3330.12
21681.88,72.28,95,1.2,3330.12
21681.88,69.27,95,1.2,3330.12
21681.88,69.53,80,0.0,3330.12
21681.88,69.56,80,0.0,3330.12
21681.88,69.15,97,0.0,3330.12
21681.88,68.9,97,0.0,3330.12
21681.88,68.79,95,1.225,3330.12
21681.88,68.92,95,0.0,3330.12
21681.88,69.01,95,1.225,3330.12
21681.88,69.14,95,0.0,3330.12
21681.88,69.24,95,0.0,3330.12
21681.88,69.42,95,1.225,3330.12
21681.88,72.26,95,0.0,3330.12
21681.88,72.26,95,0.0,3330.12
21681.88,72.26,95,0.0,3330.12
21681.88,72.18,95,0.0,3330.12
21681.88,72.18,95,0.0,3330.12
21681.88,72.12,95,1.225,3330.12
21681.88,72.12,96,0.0,3330.12
21681.88,71.97,96,0.0,3330.12
21681.88,71.91,96,0.0,3330.12
21681.88,72.06,96,1.1875,3330.12
21681.88,71.78,96,0.0,3330.12
21681.88,71.74,96,1.2375,3330.12
21681.88,71.89,96,1.225,3330.12
21681.88,69.7,96,1.2125,3330.12
21681.88,70.22,79,0.0,3330.12
21681.88,69.54,79,0.0,3330.12
21681.88,69.05,96,0.0,3330.12
21681.88,69.17,95,1.2125,3330.12
21681.88,69.45,95,0.0,3330.12
21681.88,69.73,96,0.0,3330.12
21681.88,70.03,96,1.2125,3330.12
21681.88,70.42,96,0.0,3330.12
21681.88,70.37,96,0.0,3330.12
21681.88,72.58,96,1.2125,3330.12
21681.88,71.96,96,0.0,3330.12
21681.88,72.8,96,0.0,3330.12
21681.88,73.21,96,0.0,3330.12
21681.88,73.09,95,0.0,3330.12
21681.88,73.0,95,1.1875,3330.12
21681.88,72.85,96,1.2125,3330.12
21681.88,72.66,96,1.2125,3330.12
21681.88,72.53,95,0.0,3330.12
21681.88,72.49,95,0.0,3330.12
21681.88,72.38,95,0.0,3330.12
21681.88,72.06,95,1.2125,3330.12
21681.88,72.08,94,2.425,3330.12
21681.88,73.57,94,0.0,3330.12
21681.88,72.99,79,0.0,3330.12
21681.88,73.06,79,1.2125,3330.12
21681.88,73.16,94,0.0,3330.12
21681.88,73.38,94,0.0,3330.12
21681.88,73.61,94,1.2125,3330.12
21681.88,73.89,94,0.0,3330.12
21681.88,74.15,94,0.0,3330.12
21681.88,74.49,94,1.2125,3330.12
21681.88,74.5,94,0.0,3330.12
21681.88,72.96,93,0.0,3330.12
21681.88,73.48,93,0.0,3330.12
21681.88,73.47,93,1.2125,3330.12
21681.88,73.44,94,0.0,3330.12
21681.88,73.19,94,0.0,3330.12
21681.88,72.76,94,1.225,3330.12
21681.88,72.39,94,0.0,3330.12
21681.88,72.39,94,0.0,3330.12
21681.88,71.94,94,2.4375,3330.12
21681.88,71.94,94,0.0,3330.12
21681.88,73.06,94,0.0,3330.12
21681.88,72.24,81,1.2125,3330.12
21681.88,72.24,81,0.0,3330.12
21681.88,72.16,94,0.0,3330.12
21681.88,71.96,94,1.2125,3330.12
21681.88,71.81,94,0.0,3330.12
21681.88,71.81,94,0.0,3330.12
21681.88,71.68,94,1.2125,3330.12
21681.88,71.67,94,0.0,3330.12
21681.88,71.7,94,0.0,3330.12
21681.88,70.57,94,0.0,3330.12
21681.88,71.36,94,1.2125,3330.12
21681.88,71.52,95,1.2125,3330.12
21681.88,71.77,95,0.0,3330.12
21681.88,72.01,95,0.0,3330.12
21681.88,72.0,95,0.0,3330.12
21681.88,71.78,95,1.2,3330.12
21681.88,71.79,95,0.0,3330.12
21681.88,71.97,95,0.0,3330.12
21681.88,72.19,95,0.0,3330.12
21681.88,72.23,93,2.425,3330.12
21681.88,68.95,93,0.0,3330.12
21681.88,69.21,78,1.2125,3330.12
21681.88,68.32,78,0.0,3330.12
21681.88,68.18,95,0.0,3330.12
21681.88,67.95,95,0.0,3330.12
21681.88,68.0,94,1.2125,3330.12
21681.88,68.22,94,0.0,3330.12
21681.88,68.3,94,1.2125,3330.12
21681.88,68.49,94,0.0,3330.12
21681.88,68.39,94,0.0,3330.12
21681.88,68.62,93,1.2125,3330.12
21681.88,71.86,93,0.0,3330.12
21681.88,71.38,94,0.0,3330.12
21681.88,71.93,94,1.2125,3330.12
21681.88,71.89,94,0.0,3330.12
21681.88,72.03,94,0.0,3330.12
21681.88,72.27,94,0.0,3330.12
21681.88,72.39,94,1.25,3330.12
21681.88,72.08,94,0.0,3330.12
21681.88,72.02,94,0.0,3330.12
21681.88,71.56,95,0.0,3330.12
21681.88,71.45,95,1.25,3330.12
21681.88,71.78,95,1.25,3330.12
21681.88,74.05,95,0.0,3330.12
21681.88,73.09,82,0.0,3330.12
21681.88,72.91,82,0.0,3330.12
21681.88,72.8,94,1.25,3330.12
21681.88,72.68,94,0.0,3330.12
21681.88,72.83,94,0.0,3330.12
21681.88,72.83,94,1.2375,3330.12
21681.88,72.92,94,1.2375,3330.12
21681.88,73.08,93,0.0,3330.12
21681.88,73.62,93,0.0,3330.12
21681.88,73.47,94,1.2375,3330.12
21681.88,71.29,94,0.0,3330.12
21681.88,71.29,94,0.0,3330.12
21681.88,72.13,94,1.2375,3330.12
21681.88,72.26,94,0.0,3330.12
21681.88,72.42,86,2.4875,3330.12
21681.88,69.94,86,0.0,3330.12
21681.88,68.98,86,0.0,3330.12
21681.88,69.24,86,1.25,3330.12
21681.88,69.88,93,0.0,3330.12
21681.88,70.27,93,0.0,3330.12
21681.88,70.44,94,0.0,3330.12
21681.88,70.36,94,1.2375,3330.12
21681.88,70.28,94,0.0,3330.12
21681.88,69.88,94,0.0,3330.12
21681.88,69.27,94,0.0,3330.12
21681.88,70.97,94,1.2375,3330.12
21681.88,71.39,93,0.0,3330.12
21681.88,71.12,93,0.0,3330.12
21681.88,70.84,94,0.0,3330.12
21681.88,70.48,94,1.25,3330.12
21681.88,70.19,94,0.0,3330.12
21681.88,70.19,94,0.0,3330.12
21681.88,70.16,94,0.0,3330.12
21681.88,70.35,95,1.25,3330.12
21681.88,70.49,94,1.2375,3330.12
21681.88,70.66,94,0.0,3330.12
21681.88,72.14,82,0.0,3330.12
21681.88,72.82,82,1.2375,3330.12
21681.88,73.3,94,0.0,3330.12
21681.88,73.57,94,0.0,3330.12
21681.88,73.88,93,0.0,3330.12
21681.88,73.84,93,1.2375,3330.12
21681.88,73.64,94,0.0,3330.12
21681.88,73.43,94,0.0,3330.12
21681.88,73.27,94,1.225,3330.12
21681.88,73.02,94,1.225,3330.12
21681.88,71.74,94,0.0,3330.12
21681.88,72.11,94,0.0,3330.12
21681.88,71.88,95,0.0,3330.12
21681.88,71.75,95,0.0,3330.12
21681.88,71.74,95,1.225,3330.12
21681.88,71.72,95,0.0,3330.12
21681.88,71.59,95,0.0,3330.12
21681.88,71.55,95,0.0,3330.12
21681.88,71.61,95,0.0,3330.12
21681.88,71.57,95,2.3375,3330.12
21681.88,71.72,95,0.0,3330.12
21681.88,71.33,95,0.0,3330.12
21681.88,71.47,79,1.2,3330.12
21681.88,71.4,93,0.0,3330.12
21681.88,71.16,93,0.0,3330.12
21681.88,70.96,93,0.0,3330.12
21681.88,70.75,93,1.2125,3330.12
21681.88,70.98,94,0.0,3330.12
21681.88,71.06,94,0.0,3330.12
21681.88,71.05,94,1.2125,3330.12
21681.88,71.02,94,0.0,3330.12
21681.88,71.28,94,0.0,3330.12
21681.88,71.09,94,0.0,3330.12
21681.88,71.24,95,1.225,3330.12
21681.88,71.48,95,0.0,3330.12
21681.88,71.63,94,0.0,3330.12
21681.88,71.8,94,0.0,3330.12
21681.88,71.75,94,1.225,3330.12
21681.88,71.89,94,0.0,3330.12
21681.88,71.98,94,1.225,3330.12
21681.88,72.09,94,0.0,3330.12
21681.88,69.35,85,1.2125,3330.12
21681.88,68.8,85,1.2125,3330.12
21681.88,68.91,92,0.0,3330.12
21681.88,69.16,92,0.0,3330.12
21681.88,69.07,95,1.175,3330.12
21681.88,68.9,95,0.0,3330.12
21681.88,68.91,95,1.2125,3330.12
21681.88,68.85,95,0.0,3330.12
21681.88,68.84,95,0.0,3330.12
21681.88,68.86,95,1.2125,3330.12
21681.88,68.92,95,0.0,3330.12
21681.88,71.74,95,0.0,3330.12
21681.88,72.16,95,0.0,3330.12
21681.88,71.96,95,1.2125,3330.12
21681.88,72.09,95,0.0,3330.12
21681.88,72.3,95,0.0,3330.12
21681.88,72.21,95,0.0,3330.12
21681.88,72.25,95,2.4375,3330.12
21681.88,73.41,95,0.0,3330.12
21681.88,72.87,82,0.0,3330.12
21681.88,73.08,82,1.25,3330.12
21681.88,73.25,82,0.0,3330.12
21681.88,73.25,96,0.0,3330.12
21681.88,73.64,96,0.0,3330.12
21681.88,73.87,96,1.2375,3330.12
21681.88,73.93,96,0.0,3330.12
21681.88,73.69,96,0.0,3330.12
21681.88,73.69,96,0.0,3330.12
21681.88,73.67,96,0.0,3330.12
21681.88,73.38,96,1.2375,3330.12
21681.88,71.92,95,0.0,3330.12
21681.88,72.21,95,0.0,3330.12
21681.88,72.03,95,0.0,3330.12
21681.88,72.12,95,0.0,3330.12
21681.88,72.3,96,1.25,3330.12
21681.88,72.31,96,0.0,3330.12
21681.88,72.27,95,0.0,3330.12
21681.88,72.15,95,0.0,3330.12
21681.88,72.1,95,0.0,3330.12
21681.88,71.58,95,1.25,3330.12
21681.88,71.59,95,1.2375,3330.12
21681.88,73.01,81,0.0,3330.12
21681.88,72.88,81,0.0,3330.12
21681.88,73.0,94,1.25,3330.12
21681.88,73.07,94,0.0,3330.12
21681.88,73.22,94,0.0,3330.12
21681.88,73.27,94,1.2375,3330.12
21681.88,73.31,94,0.0,3330.12
21681.88,73.37,94,0.0,3330.12
21681.88,73.78,94,0.0,3330.12
21681.88,73.79,94,2.4875,3330.12
21681.88,72.37,94,0.0,3330.12
21681.88,72.37,94,0.0,3330.12
21681.88,72.49,94,0.0,3330.12
21681.88,72.24,95,1.25,3330.12
21681.88,72.06,95,0.0,3330.12
21681.88,71.86,92,0.0,3330.12
21681.88,71.5,92,0.0,3330.12
21681.88,71.11,93,1.2375,3330.12
21681.88,70.75,93,0.0,3330.12
21681.88,70.54,94,0.0,3330.12
21681.88,70.42,94,1.25,3330.12
21681.88,70.54,94,1.2375,3330.12
21681.88,71.58,81,0.0,3330.12
21681.88,71.52,81,0.0,3330.12
21681.88,72.18,94,1.2375,3330.12
21681.88,72.42,94,0.0,3330.12
21681.88,72.84,94,0.0,3330.12
21681.88,73.25,94,0.0,3330.12
21681.88,73.52,94,1.25,3330.12
21681.88,73.66,94,0.0,3330.12
21681.88,73.75,94,0.0,3330.12
21681.88,73.77,94,0.0,3330.12
21681.88,72.8,94,1.2125,3330.12
21681.88,73.06,94,0.0,3330.12
21681.88,72.82,95,0.0,3330.12
21681.88,72.6,95,1.2125,3330.12
21681.88,72.6,95,0.0,3330.12
21681.88,72.42,96,0.0,3330.12
21681.88,72.23,95,0.0,3330.12
21681.88,72.17,95,2.4375,3330.12
21681.88,72.23,95,0.0,3330.12
21681.88,72.26,94,0.0,3330.12
21681.88,72.37,93,1.2125,3330.12
21681.88,72.4,93,0.0,3330.12
21681.88,72.19,82,1.2,3330.12
21681.88,72.28,82,0.0,3330.12
21681.88,71.87,82,0.0,3330.12
21681.88,71.79,93,1.225,3330.12
21681.88,71.75,94,0.0,3330.12
21681.88,71.75,94,0.0,3330.12
21681.88,71.65,95,1.225,3330.12
21681.88,71.52,95,0.0,3330.12
21681.88,71.48,95,0.0,3330.12
21681.88,71.44,95,0.0,3330.12
21681.88,71.62,95,0.0,3330.12
21681.88,71.91,95,1.1875,3330.12
21681.88,72.01,94,0.0,3330.12
21681.88,72.61,94,0.0,3330.12
21681.88,72.48,94,1.1875,3330.12
21681.88,72.4,94,0.0,3330.12
21681.88,71.64,93,1.2125,3330.12
21681.88,71.61,93,0.0,3330.12
21681.88,71.39,94,0.0,3330.12
21681.88,71.22,94,3.6375,3330.12
21681.88,68.15,84,0.0,3330.12
21681.88,67.53,84,1.2125,3330.12
21681.88,67.44,88,0.0,3330.12
21681.88,67.52,94,0.0,3330.12
21681.88,67.31,94,1.2125,3330.12
21681.88,67.42,94,0.0,3330.12
21681.88,68.17,94,0.0,3330.12
21681.88,68.17,94,1.2125,3330.12
21681.88,68.34,94,0.0,3330.12
21681.88,68.34,94,0.0,3330.12
21681.88,71.2,94,1.2125,3330.12
21681.88,71.68,94,0.0,3330.12
21681.88,71.72,94,0.0,3330.12
21681.88,71.52,94,0.0,3330.12
21681.88,71.54,94,1.2125,3330.12
21681.88,71.92,94,0.0,3330.12
21681.88,71.92,94,0.0,3330.12
21681.88,71.96,94,1.2125,3330.12
21681.88,72.17,94,0.0,3330.12
21681.88,72.31,94,0.0,3330.12
21681.88,72.49,94,2.4375,3330.24
21681.88,70.14,86,0.0,3330.24
21681.88,70.77,88,0.0,3330.24
21681.88,70.23,88,1.2125,3330.24
21681.88,70.08,94,0.0,3330.24
21681.88,69.95,94,0.0,3330.24
21681.88,69.56,94,0.0,3330.24
21681.88,69.77,94,1.175,3330.24
21681.88,69.91,94,0.0,3330.24
21681.88,69.89,94,1.2125,3330.24
21681.88,69.8,94,1.2125,3330.24
21681.88,72.11,94,1.15,3330.24
21681.88,71.33,93,0.0,3330.24
21681.88,71.83,93,0.0,3330.24
21681.88,71.97,94,0.0,3330.24
21681.88,72.08,94,1.2125,3330.24
21681.88,72.31,94,0.0,3330.24
21681.88,72.45,94,0.0,3330.24
21681.88,72.2,96,1.2125,3330.24
21681.88,71.96,96,0.0,3330.24
21681.88,71.69,96,0.0,3330.24
21681.88,71.54,95,1.2125,3330.24
21681.88,71.71,95,0.0,3330.24
21681.88,72.02,95,2.4,3330.24
21681.88,70.72,76,0.0,3330.24
21681.88,70.89,76,2.175,3330.24
21681.88,69.94,98,0.0,3330.24
21681.88,69.58,95,1.2375,3330.24
21681.88,69.69,95,0.0,3330.24
21681.88,69.85,95,0.0,3330.24
21681.88,70.03,95,1.2375,3330.24
21681.88,70.22,95,0.0,3330.24
21681.88,70.31,95,0.0,3330.24
21681.88,70.38,95,0.0,3330.24
21681.88,71.71,95,1.225,3330.24
21681.88,71.35,95,0.0,3330.24
21681.88,72.08,96,0.0,3330.24
21681.88,72.28,96,0.0,3330.24
21681.88,72.28,96,0.0,3330.24
21681.88,72.21,96,1.25,3330.24
21681.88,72.17,96,0.0,3330.24
21681.88,72.18,96,0.0,3330.24
21681.88,72.34,96,0.0,3330.24
21681.88,72.37,96,0.0,3330.24
21681.88,72.37,96,0.0,3330.24
21681.88,72.11,96,1.2125,3330.24
21681.88,71.99,96,3.6375,3330.24
21681.88,71.32,96,0.0,3330.24
21681.88,71.85,79,0.0,3330.24
21681.88,71.59,79,1.2125,3330.24
21681.88,71.73,94,0.0,3330.24
21681.88,71.69,94,0.0,3330.24
21681.88,71.79,96,0.0,3330.24
21681.88,72.08,96,1.225,3330.24
21681.88,72.16,94,0.0,3330.24
21681.88,72.18,93,0.0,3330.24
21681.88,72.29,93,1.2125,3330.24
21681.88,73.04,94,0.0,3330.24
21681.88,73.04,94,0.0,3330.24
21681.88,72.56,94,0.0,3330.24
21681.88,72.39,94,1.1875,3330.24
21681.88,72.56,94,1.25,3330.24
21681.88,72.87,94,0.0,3330.24
21681.88,71.68,80,1.2125,3330.24
21681.88,71.53,80,0.0,3330.24
21681.88,71.67,94,0.0,3330.24
21681.88,71.98,94,0.0,3330.24
21681.88,72.06,94,1.2125,3330.24
21681.88,72.22,94,0.0,3330.24
21681.88,72.52,94,0.0,3330.24
21681.88,72.65,94,1.2125,3330.24
21681.88,72.46,95,0.0,3330.24
21681.88,72.09,95,0.0,3330.24
21681.88,71.44,94,0.0,3330.24
21681.88,72.55,94,1.25,3330.24
21681.88,72.61,95,0.0,3330.24
21681.88,72.58,95,1.25,3330.24
21681.88,72.46,95,0.0,3330.24
21681.88,72.39,95,1.25,3330.24
21681.88,72.49,95,0.0,3330.24
21681.88,72.16,95,0.0,3330.24
21681.88,72.13,95,0.0,3330.24
21681.88,72.15,95,1.25,3330.24
21681.88,73.86,94,2.4875,3330.24
21681.88,73.86,94,0.0,3330.24
21681.88,73.93,77,0.0,3330.24
21681.88,72.93,77,0.0,3330.24
21681.88,73.02,93,1.2375,3330.24
21681.88,73.28,93,0.0,3330.24
21681.88,73.62,94,0.0,3330.24
21681.88,73.75,94,1.25,3330.24
21681.88,73.94,94,0.0,3330.24
21681.88,73.9,94,0.0,3330.24
21681.88,73.89,94,0.0,3330.24
21681.88,73.9,94,1.25,3330.24
21681.88,72.15,93,0.0,3330.24
21681.88,71.65,93,0.0,3330.24
21681.88,72.64,94,1.2375,3330.24
21681.88,72.77,94,0.0,3330.24
21681.88,72.67,94,0.0,3330.24
21681.88,72.59,95,1.25,3330.24
21681.88,72.29,95,0.0,3330.24
21681.88,72.12,95,0.0,3330.24
21681.88,72.13,95,0.0,3330.24
21681.88,71.97,94,1.25,3330.24
21681.88,71.89,94,0.0,3330.24
21681.88,72.19,94,0.0,3330.24
21681.88,70.87,94,2.4875,3330.24
21681.88,71.03,94,0.0,3330.24
21681.88,69.81,79,1.2375,3330.24
21681.88,69.75,79,0.0,3330.24
21681.88,70.04,95,0.0,3330.24
21681.88,70.27,95,1.25,3330.24
21681.88,70.52,95,0.0,3330.24
21681.88,70.52,95,0.0,3330.24
21681.88,70.6,94,0.0,3330.24
21681.88,70.55,94,1.25,3330.24
21681.88,70.61,94,0.0,3330.24
21681.88,70.66,94,0.0,3330.24
21681.88,71.94,94,1.2125,3330.24
21681.88,71.22,94,0.0,3330.24
21681.88,72.29,94,0.0,3330.24
21681.88,72.31,95,0.0,3330.24
21681.88,72.25,95,1.2125,3330.24
21681.88,72.1,95,0.0,3330.24
21681.88,71.7,95,0.0,3330.24
21681.88,71.98,93,0.0,3330.24
21681.88,72.02,93,2.35,3330.24
21681.88,71.55,94,0.0,3330.24
21681.88,71.57,94,1.2125,3330.24
21681.88,72.0,94,1.1625,3330.24
21681.88,68.8,94,0.0,3330.24
21681.88,67.94,76,0.0,3330.24
21681.88,67.86,76,0.0,3330.24
21681.88,68.03,94,1.25,3330.24
21681.88,68.48,94,0.0,3330.24
21681.88,68.84,94,0.0,3330.24
21681.88,69.08,94,1.25,3330.24
21681.88,69.39,94,0.0,3330.24
21681.88,69.94,94,0.0,3330.24
21681.88,69.49,94,0.0,3330.24
21681.88,69.07,94,1.2375,3330.24
21681.88,72.0,94,0.0,3330.24
21681.88,72.47,94,0.0,3330.24
21681.88,72.19,94,1.2375,3330.24
21681.88,71.9,94,0.0,3330.24
21681.88,71.76,94,0.0,3330.24
21681.88,71.61,94,0.0,3330.24
21681.88,71.39,95,1.25,3330.24
21681.88,71.25,95,0.0,3330.24
21681.88,71.25,94,0.0,3330.24
21681.88,71.47,94,1.2375,3330.24
21681.88,71.47,94,1.25,3330.24
21681.88,72.5,94,0.0,3330.24
21681.88,72.73,83,0.0,3330.24
21681.88,72.21,83,1.2375,3330.24
21681.88,72.19,95,1.2375,3330.24
21681.88,72.18,95,0.0,3330.24
21681.88,72.01,94,0.0,3330.24
21681.88,72.22,94,0.0,3330.24
21681.88,72.34,94,1.2375,3330.24
21681.88,72.47,94,0.0,3330.24
21681.88,72.41,93,0.0,3330.24
21681.88,72.41,93,0.0,3330.24
21681.88,71.62,94,0.0,3330.24
21681.88,71.25,94,1.25,3330.24
21681.88,71.92,94,0.0,3330.24
21681.88,72.27,94,0.0,3330.24
21681.88,72.27,94,0.0,3330.24
21681.88,72.27,94,1.25,3330.24
21681.88,72.34,95,0.0,3330.24
21681.88,72.18,95,0.0,3330.24
21681.88,72.09,94,0.0,3330.24
21681.88,72.03,94,0.0,3330.24
21681.88,71.76,93,1.2375,3330.24
21681.88,72.0,93,1.2375,3330.24
21681.88,72.56,93,0.0,3330.24
21681.88,72.15,93,1.2375,3330.24
21681.88,71.58,84,0.0,3330.24
21681.88,71.51,84,0.0,3330.24
21681.88,71.5,94,0.0,3330.24
21681.88,71.62,94,1.2375,3330.24
21681.88,71.77,94,1.2125,3330.24
21681.88,71.82,94,0.0,3330.24
21681.88,71.93,94,0.0,3330.24
21681.88,72.25,94,0.0,3330.24
21681.88,72.35,94,1.225,3330.24
21681.88,72.11,94,0.0,3330.24
21681.88,72.55,94,0.0,3330.24
21681.88,73.08,94,0.0,3330.24
21681.88,73.14,94,1.2,3330.24
21681.88,72.9,94,0.0,3330.24
21681.88,72.61,94,0.0,3330.24
21681.88,72.21,94,0.0,3330.24
21681.88,71.87,94,0.0,3330.24
21681.88,71.69,94,1.2,3330.24
21681.88,71.44,94,0.0,3330.24
21681.88,70.15,90,2.4375,3330.24
21681.88,70.76,90,0.0,3330.24
21681.88,70.47,82,0.0,3330.24
21681.88,70.45,82,0.0,3330.24
21681.88,70.72,82,0.0,3330.24
21681.88,70.72,94,0.0,3330.24
21681.88,71.04,94,1.225,3330.24
21681.88,71.16,94,0.0,3330.24
21681.88,71.31,94,1.225,3330.24
21681.88,71.27,94,0.0,3330.24
21681.88,71.39,94,1.2,3330.24
21681.88,71.34,94,0.0,3330.24
21681.88,71.69,94,0.0,3330.24
21681.88,71.89,94,1.2125,3330.24
21681.88,71.8,95,0.0,3330.24
21681.88,71.78,95,1.1875,3330.24
21681.88,73.16,81,0.0,3330.24
21681.88,72.31,81,1.2125,3330.24
21681.88,72.32,96,0.0,3330.24
21681.88,72.59,96,0.0,3330.24
21681.88,72.81,93,0.0,3330.24
21681.88,72.93,93,1.2125,3330.24
21681.88,73.05,93,0.0,3330.24
21681.88,73.26,93,0.0,3330.24
21681.88,73.22,94,0.0,3330.24
21681.88,72.91,94,1.2125,3330.24
21681.88,72.58,94,0.0,3330.24
21681.88,70.71,94,0.0,3330.24
21681.88,71.64,93,2.425,3330.24
21681.88,71.88,93,0.0,3330.24
21681.88,71.88,93,1.2125,3330.24
21681.88,71.8,93,0.0,3330.24
21681.88,72.42,82,1.2125,3330.24
21681.88,72.06,82,0.0,3330.24
21681.88,72.31,94,0.0,3330.24
21681.88,72.44,93,0.0,3330.24
21681.88,72.65,93,0.0,3330.24
21681.88,72.77,94,1.1875,3330.24
21681.88,73.07,94,0.0,3330.24
21681.88,73.13,94,0.0,3330.24
21681.88,73.09,94,1.2125,3330.24
21681.88,72.81,93,0.0,3330.24
21681.88,72.27,93,0.0,3330.24
21681.88,72.77,93,1.2125,3330.24
21681.88,72.71,93,0.0,3330.24
21681.88,72.66,94,0.0,3330.24
21681.88,72.65,94,0.0,3330.24
21681.88,72.79,94,1.225,3330.24
21681.88,72.86,94,0.0,3330.24
21681.88,72.83,94,0.0,3330.24
21681.88,72.82,94,0.0,3330.24
21681.88,72.82,94,2.45,3330.24
21681.88,73.15,94,1.225,3330.24
21681.88,74.77,78,0.0,3330.24
21681.88,74.56,78,1.225,3330.24
21681.88,73.64,97,0.0,3330.24
21681.88,73.64,97,0.0,3330.24
21681.88,73.82,93,1.2125,3330.24
21681.88,73.89,93,0.0,3330.24
21681.88,73.87,94,0.0,3330.24
21681.88,73.51,94,0.0,3330.24
21681.88,73.51,94,1.225,3330.24
21681.88,73.48,94,0.0,3330.24
21681.88,73.42,95,0.0,3330.24
21681.88,71.53,95,0.0,3330.24
21681.88,71.56,93,1.2125,3330.24
21681.88,72.31,93,0.0,3330.24
21681.88,72.31,94,0.0,3330.24
21681.88,72.15,94,0.0,3330.24
21681.88,72.17,94,1.2125,3330.24
21681.88,72.15,94,0.0,3330.24
21681.88,72.42,94,0.0,3330.24
21681.88,72.39,94,1.2125,3330.24
21681.88,72.21,94,0.0,3330.24
21681.88,72.16,94,0.0,3330.24
21681.88,72.38,94,1.1875,3330.24
21681.88,72.34,80,2.425,3330.24
21681.88,74.22,80,0.0,3330.24
21681.88,73.21,95,0.0,3330.24
21681.88,73.12,95,1.225,3330.24
21681.88,73.24,94,0.0,3330.24
21681.88,73.24,94,0.0,3330.24
21681.88,73.75,94,0.0,3330.24
21681.88,73.97,94,0.0,3330.24
21681.88,74.0,94,1.225,3330.24
21681.88,74.04,94,0.0,3330.24
21681.88,74.15,94,0.0,3330.24
21681.88,72.21,94,1.2125,3330.24
21681.88,73.15,94,0.0,3330.24
21681.88,73.2,94,0.0,3330.24
21681.88,72.82,93,1.225,3330.24
21681.88,72.98,93,0.0,3330.24
21681.88,72.54,93,0.0,3330.24
21681.88,72.07,93,0.0,3330.24
21681.88,72.04,93,1.225,3330.24
21681.88,72.09,93,0.0,3330.24
21681.88,72.14,92,0.0,3330.24
21681.88,72.11,92,1.225,3330.24
21681.88,74.05,81,1.225,3330.24
21681.88,73.01,81,0.0,3330.24
21681.88,72.84,95,0.0,3330.24
21681.88,73.08,95,0.0,3330.24
21681.88,72.9,95,1.225,3330.24
21681.88,73.7,95,0.0,3330.24
21681.88,73.73,94,0.0,3330.24
21681.88,73.71,95,1.2125,3330.24
21681.88,73.67,95,0.0,3330.24
21681.88,73.62,94,0.0,3330.24
21681.88,71.72,94,0.0,3330.24
21681.88,72.67,94,1.225,3330.24
21681.88,72.94,94,0.0,3330.24
21681.88,72.74,94,1.225,3330.24
21681.88,72.55,94,0.0,3330.24
21681.88,72.34,95,2.4375,3330.24
21681.88,73.98,95,0.0,3330.24
21681.88,73.06,82,0.0,3330.24
21681.88,72.95,82,1.225,3330.24
21681.88,73.29,94,0.0,3330.24
21681.88,73.59,94,0.0,3330.24
21681.88,73.73,95,0.0,3330.24
21681.88,73.94,95,1.225,3330.24
21681.88,73.97,95,0.0,3330.24
21681.88,74.27,95,0.0,3330.24
21681.88,74.21,95,0.0,3330.24
21681.88,74.14,96,0.0,3330.24
21681.88,72.2,96,0.0,3330.24
21681.88,72.2,96,1.2375,3330.24
21681.88,72.99,96,0.0,3330.24
21681.88,73.02,96,0.0,3330.24
21681.88,73.02,96,0.0,3330.24
21681.88,72.91,96,0.0,3330.24
21681.88,72.91,96,1.2375,3330.24
21681.88,72.54,96,0.0,3330.24
21681.88,72.23,96,0.0,3330.24
21681.88,72.03,96,0.0,3330.24
21681.88,72.03,96,1.225,3330.24
21681.88,71.79,96,1.225,3330.24
21681.88,73.51,84,0.0,3330.24
21681.88,73.51,84,0.0,3330.24
21681.88,72.39,96,0.0,3330.24
21681.88,72.53,96,0.0,3330.24
21681.88,72.56,94,1.225,3330.24
21681.88,72.66,94,0.0,3330.24
21681.88,72.96,94,0.0,3330.24
21681.88,73.05,94,0.0,3330.24
21681.88,73.23,94,0.0,3330.24
21681.88,73.23,94,1.225,3330.24
21681.88,72.92,94,0.0,3330.24
21681.88,71.19,94,0.0,3330.24
21681.88,71.93,94,1.225,3330.24
21681.88,72.2,94,1.225,3330.24
21681.88,72.15,94,0.0,3330.24
21681.88,72.18,94,0.0,3330.24
21681.88,72.22,94,0.0,3330.24
21681.88,72.15,94,1.225,3330.24
21681.88,72.14,94,0.0,3330.24
21681.88,72.07,94,0.0,3330.24
21681.88,72.18,94,0.0,3330.24
21681.88,72.17,94,2.4125,3330.24
21681.88,73.85,95,0.0,3330.24
21681.88,73.13,95,0.0,3330.24
21681.88,73.13,83,0.0,3330.24
21681.88,73.14,83,1.225,3330.24
21681.88,73.2,96,0.0,3330.24
21681.88,73.18,96,0.0,3330.24
21681.88,73.2,96,0.0,3330.24
21681.88,73.43,96,0.0,3330.24
21681.88,73.43,96,1.225,3330.24
21681.88,73.57,96,0.0,3330.24
21681.88,73.88,96,0.0,3330.24
21681.88,74.11,95,0.0,3330.24
21681.88,72.13,95,0.0,3330.24
21681.88,72.6,96,2.425,3330.24
21681.88,73.79,96,1.225,3330.24
21681.88,72.82,82,0.0,3330.24
21681.88,72.86,82,1.2125,3330.24
21681.88,73.0,94,0.0,3330.24
21681.88,73.18,94,0.0,3330.24
21681.88,73.41,95,0.0,3330.24
21681.88,73.32,95,1.225,3330.24
21681.88,73.43,95,0.0,3330.24
21681.88,73.75,95,0.0,3330.24
21681.88,73.68,95,0.0,3330.24
21681.88,73.65,95,1.2125,3330.24
21681.88,71.65,93,0.0,3330.24
21681.88,72.39,93,0.0,3330.24
21681.88,72.43,94,0.0,3330.24
21681.88,72.49,94,1.2125,3330.24
21681.88,72.42,94,0.0,3330.24
21681.88,72.37,94,0.0,3330.24
21681.88,72.49,94,0.0,3330.24
21681.88,72.37,94,1.2125,3330.24
21681.88,72.42,94,0.0,3330.24
21681.88,72.48,94,1.2125,3330.24
21681.88,72.33,94,2.3625,3330.24
21681.88,72.38,94,1.2125,3330.24
21681.88,74.68,76,0.0,3330.24
21681.88,73.85,76,0.0,3330.24
21681.88,73.64,95,0.0,3330.24
21681.88,73.7,95,1.2125,3330.24
21681.88,73.87,94,0.0,3330.24
21681.88,74.04,94,0.0,3330.24
21681.88,74.35,94,1.2125,3330.24
21681.88,74.33,94,0.0,3330.24
21681.88,74.5,94,0.0,3330.24
21681.88,74.59,94,0.0,3330.24
21681.88,74.8,94,1.225,3330.24
21681.88,73.08,94,0.0,3330.24
21681.88,73.08,94,0.0,3330.24
21681.88,73.27,93,0.0,3330.24
21681.88,73.3,93,1.225,3330.24
21681.88,73.12,94,0.0,3330.24
21681.88,72.68,94,0.0,3330.24
21681.88,72.39,94,0.0,3330.24
21681.88,72.08,94,1.2125,3330.24
21681.88,71.83,95,1.225,3330.24
21681.88,70.24,95,0.0,3330.24
21681.88,70.25,82,0.0,3330.24
21681.88,69.53,82,1.225,3330.24
21681.88,69.13,96,0.0,3330.24
21681.88,69.13,96,0.0,3330.24
21681.88,69.07,94,0.0,3330.24
21681.88,69.26,94,1.2,3330.24
21681.88,69.6,94,0.0,3330.24
21681.88,69.94,94,0.0,3330.24
21681.88,70.14,95,0.0,3330.24
21681.88,70.5,95,1.225,3330.24
21681.88,71.92,94,1.225,3330.24
21681.88,71.72,94,0.0,3330.24
21681.88,72.38,95,0.0,3330.24
21681.88,72.62,95,0.0,3330.24
21681.88,72.48,95,1.225,3330.24
21681.88,72.36,95,0.0,3330.24
21681.88,72.1,95,0.0,3330.24
21681.88,72.04,95,0.0,3330.24
21681.88,72.0,96,0.0,3330.24
21681.88,72.03,96,1.225,3330.24
21681.88,71.83,96,0.0,3330.24
21681.88,71.88,95,0.0,3330.24
21681.88,72.03,95,2.425,3330.24
21681.88,69.42,82,0.0,3330.24
21681.88,68.69,82,0.0,3330.24
21681.88,68.49,96,0.0,3330.24
21681.88,68.58,96,1.2125,3330.24
21681.88,68.66,96,0.0,3330.24
21681.88,68.67,96,0.0,3330.24
21681.88,68.55,95,1.2125,3330.24
21681.88,68.58,95,0.0,3330.24
21681.88,68.66,95,1.2125,3330.24
21681.88,68.87,95,0.0,3330.24
21681.88,71.47,95,1.2125,3330.24
21681.88,71.11,95,0.0,3330.24
21681.88,72.02,94,0.0,3330.24
21681.88,72.17,94,1.2125,3330.24
21681.88,72.28,94,0.0,3330.24
21681.88,72.09,94,0.0,3330.24
21681.88,71.9,94,2.4375,3330.24
21681.88,74.1,94,0.0,3330.24
21681.88,73.39,80,0.0,3330.24
21681.88,73.48,80,0.0,3330.24
21681.88,73.53,94,1.225,3330.24
21681.88,73.6,94,0.0,3330.24
21681.88,73.67,94,0.0,3330.24
21681.88,73.75,94,2.45,3330.24
21681.88,75.23,79,0.0,3330.24
21681.88,74.71,79,0.0,3330.24
21681.88,75.02,94,1.2125,3330.24
21681.88,75.34,94,0.0,3330.24
21681.88,72.99,94,0.0,3330.24
21681.88,73.8,94,1.225,3330.24
21681.88,73.73,94,0.0,3330.24
21681.88,73.53,94,0.0,3330.24
21681.88,73.56,94,0.0,3330.24
21681.88,73.44,94,0.0,3330.24
21681.88,73.13,94,1.2125,3330.24
21681.88,71.29,93,0.0,3330.24
21681.88,71.6,93,0.0,3330.24
21681.88,71.32,93,1.2125,3330.24
21681.88,71.07,93,1.2125,3330.24
21681.88,71.44,93,0.0,3330.24
21681.88,71.69,93,0.0,3330.24
21681.88,71.71,93,1.2125,3330.24
21681.88,71.49,93,0.0,3330.24
21681.88,71.39,94,0.0,3330.24
21681.88,71.59,94,2.4375,3330.24
21681.88,73.67,77,0.0,3330.24
21681.88,73.47,77,0.0,3330.24
21681.88,72.9,97,1.225,3330.24
21681.88,73.12,97,0.0,3330.24
21681.88,73.31,94,0.0,3330.24
21681.88,73.33,94,0.0,3330.24
21681.88,73.37,94,1.2125,3330.24
21681.88,73.47,94,0.0,3330.24
21681.88,73.82,94,0.0,3330.24
21681.88,73.95,94,1.1875,3330.24
21681.88,74.05,95,0.0,3330.24
21681.88,72.05,95,0.0,3330.24
21681.88,72.0,94,1.2125,3330.24
21681.88,72.3,94,0.0,3330.24
21681.88,72.12,95,0.0,3330.24
21681.88,72.19,93,0.0,3330.24
21681.88,72.24,93,1.2125,3330.24
21681.88,72.4,94,0.0,3330.24
21681.88,72.35,94,0.0,3330.24
21681.88,71.99,94,2.4125,3330.24
21681.88,72.0,94,0.0,3330.24
21681.88,71.87,95,0.0,3330.24
21681.88,72.01,95,2.4375,3330.24
21681.88,73.4,80,0.0,3330.24
21681.88,73.23,80,0.0,3330.24
21681.88,73.16,94,1.2125,3330.24
21681.88,73.18,94,0.0,3330.24
21681.88,73.15,94,0.0,3330.24
21681.88,73.29,94,1.2375,3330.24
21681.88,73.44,94,0.0,3330.24
21681.88,73.42,94,1.1875,3330.24
21681.88,73.23,94,0.0,3330.24
21681.88,73.01,94,0.0,3330.24
21681.88,72.98,94,0.0,3330.24
21681.88,71.64,94,1.2125,3330.24
21681.88,71.65,94,0.0,3330.24
21681.88,71.23,94,0.0,3330.24
21681.88,71.01,92,1.2125,3330.24
21681.88,71.08,92,0.0,3330.24
21681.88,71.06,94,0.0,3330.24
21681.88,71.07,94,1.2125,3330.24
21681.88,71.19,94,0.0,3330.24
21681.88,71.36,94,0.0,3330.24
21681.88,71.57,94,1.1375,3330.24
21681.88,71.65,78,1.2375,3330.24
21681.88,72.96,78,0.0,3330.24
21681.88,72.65,94,1.25,3330.24
21681.88,73.04,94,0.0,3330.24
21681.88,73.31,95,0.0,3330.24
21681.88,73.45,95,0.0,3330.24
21681.88,73.8,95,1.2375,3330.24
21681.88,73.95,94,0.0,3330.24
21681.88,74.05,94,0.0,3330.24
21681.88,74.18,93,1.2375,3330.24
21681.88,74.28,93,0.0,3330.24
21681.88,74.28,94,0.0,3330.24
21681.88,72.99,94,1.25,3330.24
21681.88,73.04,94,0.0,3330.24
21681.88,72.61,94,0.0,3330.24
21681.88,72.36,94,0.0,3330.24
21681.88,72.24,94,2.4875,3330.24
21681.88,72.1,94,0.0,3330.24
21681.88,71.8,94,0.0,3330.24
21681.88,71.5,94,2.4875,3330.24
21681.88,73.49,94,0.0,3330.24
21681.88,72.6,80,0.0,3330.24
21681.88,72.62,80,0.0,3330.24
21681.88,72.98,94,1.2375,3330.24
21681.88,73.59,94,0.0,3330.24
21681.88,73.99,94,0.0,3330.24
21681.88,74.17,94,1.25,3330.24
21681.88,74.26,94,0.0,3330.24
21681.88,74.25,94,0.0,3330.24
21681.88,73.9,94,0.0,3330.24
21681.88,73.72,95,1.2375,3330.24
21681.88,71.46,95,0.0,3330.24
21681.88,72.15,95,0.0,3330.24
21681.88,72.08,95,0.0,3330.24
21681.88,72.03,94,1.2375,3330.24
21681.88,72.11,94,0.0,3330.24
21681.88,72.02,94,0.0,3330.24
21681.88,71.87,94,1.2375,3330.24
21681.88,71.67,94,0.0,3330.24
21681.88,71.67,95,0.0,3330.24
21681.88,71.81,95,2.4875,3330.24
21681.88,71.86,96,0.0,3330.24
21681.88,73.88,96,0.0,3330.24
21681.88,73.6,83,0.0,3330.24
21681.88,72.84,83,1.2375,3330.24
21681.88,72.88,96,0.0,3330.24
21681.88,72.89,96,1.2125,3330.24
21681.88,72.57,95,0.0,3330.24
21681.88,72.53,95,0.0,3330.24
21681.88,72.51,96,1.2125,3330.24
21681.88,72.74,96,0.0,3330.24
21681.88,73.15,96,0.0,3330.24
21681.88,73.15,96,1.2125,3330.24
21681.88,71.2,96,0.0,3330.24
21681.88,72.03,95,0.0,3330.24
21681.88,71.71,95,1.2125,3330.24
21681.88,71.83,95,1.2125,3330.24
21681.88,72.09,95,0.0,3330.24
21681.88,72.15,95,0.0,3330.24
21681.88,72.13,95,0.0,3330.24
21681.88,71.93,95,1.175,3330.24
21681.88,71.77,95,0.0,3330.24
21681.88,71.67,95,1.2125,3330.24
21681.88,71.79,95,0.0,3330.24
21681.88,71.93,96,1.2125,3330.24
21681.88,71.44,96,0.0,3330.24
21681.88,71.57,82,1.175,3330.24
21681.88,71.52,82,0.0,3330.24
21681.88,71.6,95,1.2125,3330.24
21681.88,71.73,95,0.0,3330.24
21681.88,71.75,95,0.0,3330.24
21681.88,71.64,95,0.0,3330.24
21681.88,71.72,95,1.25,3330.24
21681.88,71.69,95,0.0,3330.24
21681.88,71.61,95,0.0,3330.24
21681.88,71.46,95,0.0,3330.24
21681.88,72.15,95,0.0,3330.24
21681.88,72.48,95,1.1875,3330.24
21681.88,72.48,95,0.0,3330.24
21681.88,71.82,95,1.2125,3330.24
21681.88,71.7,95,1.2125,3330.24
21681.88,71.8,95,0.0,3330.24
21681.88,71.9,95,0.0,3330.24
21681.88,71.97,94,0.0,3330.24
21681.88,71.99,94,1.25,3330.24
21681.88,71.72,78,1.25,3330.24
21681.88,70.74,78,0.0,3330.24
21681.88,70.52,95,1.25,3330.24
21681.88,70.34,95,0.0,3330.24
21681.88,70.55,95,0.0,3330.24
21681.88,70.84,92,1.25,3330.24
21681.88,71.17,92,0.0,3330.24
21681.88,71.4,94,0.0,3330.24
21681.88,71.4,94,0.0,3330.24
21681.88,71.43,94,1.25,3330.24
21681.88,71.49,94,0.0,3330.24
21681.88,71.52,94,0.0,3330.24
21681.88,71.88,94,1.25,3330.24
21681.88,72.83,94,0.0,3330.24
21681.88,72.9,94,0.0,3330.24
21681.88,72.97,94,0.0,3330.24
21681.88,73.19,94,1.25,3330.24
21681.88,73.04,94,2.4875,3330.24
21681.88,72.68,78,0.0,3330.24
21681.88,73.71,78,0.0,3330.24
21681.88,72.75,98,0.0,3330.24
21681.88,72.77,98,1.25,3330.24
21681.88,72.87,94,0.0,3330.24
21681.88,73.18,94,0.0,3330.24
21681.88,73.42,94,0.0,3330.24
21681.88,73.55,94,1.2375,3330.24
21681.88,73.37,94,0.0,3330.24
21681.88,73.1,94,0.0,3330.24
21681.88,72.99,95,1.2375,3330.24
21681.88,71.72,95,0.0,3330.24
21681.88,71.57,96,0.0,3330.24
21681.88,72.47,96,0.0,3330.24
21681.88,72.57,95,2.4875,3330.24
21681.88,72.57,95,0.0,3330.24
21681.88,72.41,95,0.0,3330.24
21681.88,72.11,95,0.0,3330.24
21681.88,72.01,95,1.25,3330.24
21681.88,71.83,95,0.0,3330.24
21681.88,71.98,95,0.0,3330.24
21681.88,72.08,95,1.2375,3330.24
21681.88,71.98,95,0.0,3330.24
21681.88,71.82,95,2.425,3330.24
21681.88,71.82,81,0.0,3330.24
21681.88,73.53,81,0.0,3330.24
21681.88,72.56,96,1.2125,3330.24
21681.88,72.62,96,0.0,3330.24
21681.88,72.88,94,0.0,3330.24
21681.88,72.88,94,0.0,3330.24
21681.88,73.19,94,1.2125,3330.24
21681.88,73.34,94,0.0,3330.24
21681.88,73.45,94,0.0,3330.24
21681.88,73.58,94,0.0,3330.24
21681.88,73.88,94,1.2125,3330.24
21681.88,72.17,94,0.0,3330.24
21681.88,72.74,95,2.4125,3330.37
21681.88,74.66,95,0.0,3330.37
21681.88,73.62,82,1.2125,3330.37
21681.88,73.53,82,0.0,3330.37
21681.88,73.44,94,0.0,3330.37
21681.88,73.44,94,1.2125,3330.37
21681.88,73.59,94,0.0,3330.37
21681.88,73.84,94,1.2125,3330.37
21681.88,73.97,94,0.0,3330.37
21681.88,73.79,94,1.2125,3330.37
21681.88,73.75,92,0.0,3330.37
21681.88,73.99,92,0.0,3330.37
21681.88,71.96,93,0.0,3330.37
21681.88,72.55,93,1.1875,3330.37
21681.88,72.31,94,1.225,3330.37
21681.88,73.57,94,0.0,3330.37
21681.88,72.62,82,0.0,3330.37
21681.88,72.47,82,0.0,3330.37
21681.88,72.25,94,1.2125,3330.37
21681.88,72.42,94,0.0,3330.37
21681.88,72.83,94,0.0,3330.37
21681.88,73.1,95,1.2125,3330.37
21681.88,73.22,95,0.0,3330.37
21681.88,73.6,95,0.0,3330.37
21681.88,73.64,95,1.225,3330.37
21681.88,72.09,94,0.0,3330.37
21681.88,72.74,94,0.0,3330.37
21681.88,72.8,94,0.0,3330.37
21681.88,73.02,94,1.2125,3330.37
21681.88,73.05,94,0.0,3330.37
21681.88,73.09,94,2.425,3330.37
21681.88,75.04,80,0.0,3330.37
21681.88,74.39,80,0.0,3330.37
21681.88,74.53,94,0.0,3330.37
21681.88,74.83,94,1.2125,3330.37
21681.88,75.04,94,0.0,3330.37
21681.88,75.19,94,1.2125,3330.37
21681.88,75.48,94,0.0,3330.37
21681.88,75.52,94,1.2125,3330.37
21681.88,75.13,95,0.0,3330.37
21681.88,74.64,95,0.0,3330.37
21681.88,74.0,94,1.2125,3330.37
21681.88,71.62,94,0.0,3330.37
21681.88,72.13,94,0.0,3330.37
21681.88,71.96,94,0.0,3330.37
21681.88,71.64,94,0.0,3330.37
21681.88,71.47,94,1.225,3330.37
21681.88,71.39,94,0.0,3330.37
21681.88,71.24,94,0.0,3330.37
21681.88,71.05,94,0.0,3330.37
21681.88,71.13,94,1.225,3330.37
21681.88,71.34,94,1.225,3330.37
21681.88,71.73,78,1.225,3330.37
21681.88,74.19,78,0.0,3330.37
21681.88,74.03,97,0.0,3330.37
21681.88,74.22,97,0.0,3330.37
21681.88,74.47,94,1.225,3330.37
21681.88,74.67,94,0.0,3330.37
21681.88,74.71,94,0.0,3330.37
21681.88,74.37,94,1.2125,3330.37
21681.88,74.28,94,0.0,3330.37
21681.88,74.24,94,1.2125,3330.37
21681.88,74.3,94,0.0,3330.37
21681.88,72.0,94,1.2125,3330.37
21681.88,72.09,94,0.0,3330.37
21681.88,72.33,94,0.0,3330.37
21681.88,72.3,94,0.0,3330.37
21681.88,72.32,94,1.2125,3330.37
21681.88,72.12,94,0.0,3330.37
21681.88,71.92,94,0.0,3330.37
21681.88,72.11,95,0.0,3330.37
21681.88,72.08,95,1.225,3330.37
21681.88,71.96,96,0.0,3330.37
21681.88,71.75,96,0.0,3330.37
21681.88,71.55,96,1.225,3330.37
21681.88,73.45,83,1.225,3330.37
21681.88,72.63,83,0.0,3330.37
21681.88,72.69,96,0.0,3330.37
21681.88,73.03,96,0.0,3330.37
21681.88,73.12,96,1.225,3330.37
21681.88,73.12,95,0.0,3330.37
21681.88,73.21,95,0.0,3330.37
21681.88,73.36,96,0.0,3330.37
21681.88,73.39,96,0.0,3330.37
21681.88,73.55,96,1.2375,3330.37
21681.88,73.82,96,0.0,3330.37
21681.88,71.84,96,0.0,3330.37
21681.88,72.68,96,1.2125,3330.37
21681.88,69.98,80,1.2125,3330.37
21681.88,68.73,80,1.2125,3330.37
21681.88,68.35,96,0.0,3330.37
21681.88,68.6,96,0.0,3330.37
21681.88,68.94,95,1.225,3330.37
21681.88,69.21,95,0.0,3330.37
21681.88,69.52,95,0.0,3330.37
21681.88,69.57,94,0.0,3330.37
21681.88,69.16,94,0.0,3330.37
21681.88,68.95,94,1.2125,3330.37
21681.88,68.66,94,0.0,3330.37
21681.88,70.77,94,0.0,3330.37
21681.88,71.48,94,1.2125,3330.37
21681.88,71.23,94,0.0,3330.37
21681.88,71.08,94,0.0,3330.37
21681.88,70.87,94,1.2125,3330.37
21681.88,70.61,94,0.0,3330.37
21681.88,70.47,94,0.0,3330.37
21681.88,70.86,94,1.2125,3330.37
21681.88,71.05,94,0.0,3330.37
21681.88,71.19,94,2.425,3330.37
21681.88,72.32,80,0.0,3330.37
21681.88,71.7,80,0.0,3330.37
21681.88,71.83,95,0.0,3330.37
21681.88,72.05,95,1.2125,3330.37
21681.88,72.06,94,0.0,3330.37
21681.88,72.3,94,0.0,3330.37
21681.88,72.56,94,1.2125,3330.37
21681.88,72.74,94,0.0,3330.37
21681.88,72.81,93,0.0,3330.37
21681.88,72.87,93,1.2125,3330.37
21681.88,72.12,93,0.0,3330.37
21681.88,72.12,94,0.0,3330.37
21681.88,72.87,94,1.225,3330.37
21681.88,72.83,91,0.0,3330.37
21681.88,72.82,91,0.0,3330.37
21681.88,72.53,94,1.2125,3330.37
21681.88,70.99,94,2.425,3330.37
21681.88,70.08,78,1.2125,3330.37
21681.88,70.23,78,0.0,3330.37
21681.88,70.6,94,1.2125,3330.37
21681.88,70.64,94,0.0,3330.37
21681.88,70.84,93,0.0,3330.37
21681.88,71.07,93,0.0,3330.37
21681.88,71.12,94,1.2125,3330.37
21681.88,70.8,94,0.0,3330.37
21681.88,70.34,94,0.0,3330.37
21681.88,70.05,94,1.2125,3330.37
21681.88,71.1,94,0.0,3330.37
21681.88,71.77,94,0.0,3330.37
21681.88,71.56,94,0.0,3330.37
21681.88,71.26,94,1.2125,3330.37
21681.88,71.14,94,0.0,3330.37
21681.88,71.15,94,2.4375,3330.37
21681.88,67.75,81,0.0,3330.37
21681.88,66.79,81,0.0,3330.37
21681.88,66.79,92,0.0,3330.37
21681.88,67.28,92,1.2125,3330.37
21681.88,67.87,94,0.0,3330.37
21681.88,68.44,94,0.0,3330.37
21681.88,68.88,94,1.2125,3330.37
21681.88,69.01,94,0.0,3330.37
21681.88,69.06,93,1.2125,3330.37
21681.88,68.92,93,1.2125,3330.37
21681.88,72.0,94,0.0,3330.37
21681.88,72.8,94,1.2125,3330.37
21681.88,73.08,93,1.2125,3330.37
21681.88,73.51,81,0.0,3330.37
21681.88,72.83,81,0.0,3330.37
21681.88,72.85,81,1.2125,3330.37
21681.88,72.96,94,0.0,3330.37
21681.88,73.19,94,0.0,3330.37
21681.88,73.26,94,0.0,3330.37
21681.88,73.28,94,1.2125,3330.37
21681.88,73.27,94,0.0,3330.37
21681.88,73.28,94,0.0,3330.37
21681.88,73.48,94,1.2125,3330.37
21681.88,73.18,94,0.0,3330.37
21681.88,72.35,94,0.0,3330.37
21681.88,72.68,94,1.2125,3330.37
21681.88,72.2,94,0.0,3330.37
21681.88,72.05,94,0.0,3330.37
21681.88,71.92,93,1.2,3330.37
21681.88,71.92,93,0.0,3330.37
21681.88,71.75,94,0.0,3330.37
21681.88,71.78,95,0.0,3330.37
21681.88,71.89,95,1.2125,3330.37
21681.88,71.77,94,0.0,3330.37
21681.88,71.88,94,1.2125,3330.37
21681.88,68.84,81,1.2125,3330.37
21681.88,69.02,81,0.0,3330.37
21681.88,68.33,97,1.2125,3330.37
21681.88,67.94,97,0.0,3330.37
21681.88,68.14,95,1.2125,3330.37
21681.88,68.38,95,0.0,3330.37
21681.88,68.63,95,0.0,3330.37
21681.88,68.78,95,1.2125,3330.37
21681.88,68.72,94,0.0,3330.37
21681.88,68.6,94,0.0,3330.37
21681.88,68.35,94,1.2125,3330.37
21681.88,71.54,94,0.0,3330.37
21681.88,71.34,94,0.0,3330.37
21681.88,72.23,94,1.2125,3330.37
21681.88,72.52,94,0.0,3330.37
21681.88,72.28,94,0.0,3330.37
21681.88,71.98,94,1.2125,3330.37
21681.88,71.79,94,0.0,3330.37
21681.88,71.69,94,0.0,3330.37
21681.88,71.75,94,0.0,3330.37
21681.88,71.9,94,1.2125,3330.37
21681.88,71.94,94,0.0,3330.37
21681.88,71.96,95,2.3875,3330.37
21681.88,72.01,79,0.0,3330.37
21681.88,72.08,79,0.0,3330.37
21681.88,71.31,96,0.0,3330.37
21681.88,71.53,96,1.225,3330.37
21681.88,71.53,96,0.0,3330.37
21681.88,72.02,96,0.0,3330.37
21681.88,72.05,96,1.225,3330.37
21681.88,71.99,96,0.0,3330.37
21681.88,72.14,95,0.0,3330.37
21681.88,72.03,95,0.0,3330.37
21681.88,71.98,95,1.2125,3330.37
21681.88,71.84,95,0.0,3330.37
21681.88,72.46,95,0.0,3330.37
21681.88,72.57,95,1.2125,3330.37
21681.88,72.51,95,0.0,3330.37
21681.88,72.33,95,0.0,3330.37
21681.88,72.15,96,1.2125,3330.37
21681.88,72.12,96,0.0,3330.37
21681.88,72.28,95,0.0,3330.37
21681.88,72.35,95,0.0,3330.37
21681.88,72.44,95,2.4375,3330.37
21681.88,72.51,79,0.0,3330.37
21681.88,73.37,79,1.2125,3330.37
21681.88,72.36,97,1.2125,3330.37
21681.88,72.39,97,0.0,3330.37
21681.88,72.46,95,0.0,3330.37
21681.88,72.51,95,1.2125,3330.37
21681.88,72.51,95,0.0,3330.37
21681.88,72.62,95,0.0,3330.37
21681.88,72.62,95,0.0,3330.37
21681.88,72.52,95,1.2125,3330.37
21681.88,72.36,95,0.0,3330.37
21681.88,72.14,95,0.0,3330.37
21681.88,70.98,95,1.2125,3330.37
21681.88,71.71,95,0.0,3330.37
21681.88,71.48,95,0.0,3330.37
21681.88,71.29,95,1.2125,3330.37
21681.88,71.14,95,0.0,3330.37
21681.88,70.94,95,0.0,3330.37
21681.88,70.8,95,1.2125,3330.37
21681.88,70.76,95,0.0,3330.37
21681.88,70.9,95,0.0,3330.37
21681.88,71.06,95,1.225,3330.37
21681.88,71.59,96,2.425,3330.37
21681.88,73.37,96,0.0,3330.37
21681.88,73.08,79,0.0,3330.37
21681.88,73.34,79,0.0,3330.37
21681.88,73.64,95,1.2,3330.37
21681.88,73.64,95,0.0,3330.37
21681.88,73.75,93,0.0,3330.37
21681.88,73.71,93,0.0,3330.37
21681.88,73.6,94,1.225,3330.37
21681.88,73.37,94,1.225,3330.37
21681.88,73.18,94,0.0,3330.37
21681.88,72.99,94,1.2125,3330.37
21681.88,71.34,94,0.0,3330.37
21681.88,71.7,94,0.0,3330.37
21681.88,71.45,94,1.2125,3330.37
21681.88,71.35,94,1.2125,3330.37
21681.88,72.08,82,0.0,3330.37
21681.88,71.82,82,0.0,3330.37
21681.88,72.16,94,1.2125,3330.37
21681.88,72.56,94,0.0,3330.37
21681.88,72.92,94,0.0,3330.37
21681.88,73.02,94,1.2125,3330.37
21681.88,72.97,94,0.0,3330.37
21681.88,73.02,95,0.0,3330.37
21681.88,73.02,95,0.0,3330.37
21681.88,73.06,94,0.0,3330.37
21681.88,72.05,94,1.225,3330.37
21681.88,72.33,95,0.0,3330.37
21681.88,72.26,95,0.0,3330.37
21681.88,72.19,94,0.0,3330.37
21681.88,72.22,94,1.225,3330.37
21681.88,72.54,94,0.0,3330.37
21681.88,72.55,94,0.0,3330.37
21681.88,72.54,95,0.0,3330.37
21681.88,72.39,95,0.0,3330.37
21681.88,72.24,95,1.225,3330.37
21681.88,70.38,95,1.225,3330.37
21681.88,70.83,82,0.0,3330.37
21681.88,70.26,82,1.2375,3330.37
21681.88,70.2,96,1.2125,3330.37
21681.88,70.15,96,0.0,3330.37
21681.88,70.29,96,0.0,3330.37
21681.88,70.41,96,0.0,3330.37
21681.88,70.77,96,1.2125,3330.37
21681.88,70.76,96,0.0,3330.37
21681.88,70.79,96,0.0,3330.37
21681.88,70.67,96,1.2375,3330.37
21681.88,72.48,96,0.0,3330.37
21681.88,71.82,96,0.0,3330.37
21681.88,72.28,96,0.0,3330.37
21681.88,72.28,96,0.0,3330.37
21681.88,72.28,96,1.225,3330.37
21681.88,72.29,96,0.0,3330.37
21681.88,72.24,95,0.0,3330.37
21681.88,72.28,95,0.0,3330.37
21681.88,72.44,94,1.225,3330.37
21681.88,72.59,94,0.0,3330.37
21681.88,72.7,94,1.225,3330.37
21681.88,73.43,94,0.0,3330.37
21681.88,73.11,81,1.2125,3330.37
21681.88,73.1,81,0.0,3330.37
21681.88,73.17,94,0.0,3330.37
21681.88,73.24,94,1.2125,3330.37
21681.88,73.3,94,0.0,3330.37
21681.88,73.25,94,1.175,3330.37
21681.88,73.39,94,0.0,3330.37
21681.88,73.5,94,0.0,3330.37
21681.88,73.5,94,1.2125,3330.37
21681.88,73.64,94,0.0,3330.37
21681.88,73.04,93,0.0,3330.37
21681.88,73.04,94,1.2125,3330.37
21681.88,73.39,94,0.0,3330.37
21681.88,73.22,94,0.0,3330.37
21681.88,73.0,94,1.2125,3330.37
21681.88,72.7,94,0.0,3330.37
21681.88,72.24,94,0.0,3330.37
21681.88,72.01,94,0.0,3330.37
21681.88,72.01,94,2.425,3330.37
21681.88,72.17,81,0.0,3330.37
21681.88,71.1,81,0.0,3330.37
21681.88,71.17,95,0.0,3330.37
21681.88,71.43,95,1.25,3330.37
21681.88,71.78,94,0.0,3330.37
21681.88,72.06,94,1.2375,3330.37
21681.88,72.31,94,0.0,3330.37
21681.88,72.41,94,0.0,3330.37
21681.88,72.39,94,1.25,3330.37
21681.88,72.2,94,0.0,3330.37
21681.88,72.08,95,0.0,3330.37
21681.88,71.42,95,1.25,3330.37
21681.88,72.38,95,0.0,3330.37
21681.88,72.45,95,0.0,3330.37
21681.88,72.3,94,0.0,3330.37
21681.88,72.27,94,1.25,3330.37
21681.88,72.17,95,0.0,3330.37
21681.88,71.97,95,0.0,3330.37
21681.88,72.06,94,1.2375,3330.37
21681.88,70.2,94,1.2375,3330.37
21681.88,69.19,83,0.0,3330.37
21681.88,69.33,83,0.0,3330.37
21681.88,69.59,95,1.25,3330.37
21681.88,69.91,95,0.0,3330.37
21681.88,70.03,94,0.0,3330.37
21681.88,70.15,94,0.0,3330.37
21681.88,69.97,95,1.25,3330.37
21681.88,69.87,95,0.0,3330.37
21681.88,69.77,94,0.0,3330.37
21681.88,69.69,94,1.25,3330.37
21681.88,71.67,94,0.0,3330.37
21681.88,72.66,94,0.0,3330.37
21681.88,72.55,94,1.25,3330.37
21681.88,72.27,94,0.0,3330.37
21681.88,72.27,94,0.0,3330.37
21681.88,72.05,94,2.4875,3330.37
21681.88,68.69,83,0.0,3330.37
21681.88,67.61,83,0.0,3330.37
21681.88,67.64,91,1.25,3330.37
21681.88,67.79,91,0.0,3330.37
21681.88,67.64,94,0.0,3330.37
21681.88,67.48,94,1.25,3330.37
21681.88,67.54,94,0.0,3330.37
21681.88,67.62,94,0.0,3330.37
21681.88,67.68,94,0.0,3330.37
21681.88,67.53,94,1.25,3330.37
21681.88,67.51,94,0.0,3330.37
21681.88,70.36,94,0.0,3330.37
21681.88,71.25,94,0.0,3330.37
21681.88,71.12,94,1.2125,3330.37
21681.88,71.01,94,0.0,3330.37
21681.88,71.24,94,0.0,3330.37
21681.88,71.83,94,1.2125,3330.37
21681.88,72.19,93,0.0,3330.37
21681.88,72.31,93,0.0,3330.37
21681.88,72.5,93,1.2125,3330.37
21681.88,72.58,93,0.0,3330.37
21681.88,70.7,88,1.2125,3330.37
21681.88,70.35,88,1.2125,3330.37
21681.88,69.83,86,0.0,3330.37
21681.88,69.86,86,0.0,3330.37
21681.88,69.88,94,0.0,3330.37
21681.88,69.92,94,1.2375,3330.37
21681.88,69.99,94,0.0,3330.37
21681.88,69.82,94,0.0,3330.37
21681.88,69.69,94,0.0,3330.37
21681.88,69.54,94,1.2375,3330.37
21681.88,69.41,94,1.2375,3330.37
21681.88,71.41,94,0.0,3330.37
21681.88,71.7,94,0.0,3330.37
21681.88,72.21,94,0.0,3330.37
21681.88,72.35,94,1.2375,3330.37
21681.88,72.35,94,0.0,3330.37
21681.88,72.58,94,0.0,3330.37
21681.88,72.65,94,0.0,3330.37
21681.88,72.48,94,1.2375,3330.37
21681.88,72.52,94,0.0,3330.37
21681.88,72.54,94,0.0,3330.37
21681.88,72.61,94,0.0,3330.37
21681.88,72.71,93,2.4875,3330.37
21681.88,72.9,93,0.0,3330.37
21681.88,74.13,78,1.2375,3330.37
21681.88,73.53,78,0.0,3330.37
21681.88,73.2,94,0.0,3330.37
21681.88,73.17,94,1.25,3330.37
21681.88,73.34,94,0.0,3330.37
21681.88,73.53,94,0.0,3330.37
21681.88,73.74,94,1.25,3330.37
21681.88,73.62,94,0.0,3330.37
21681.88,73.55,94,0.0,3330.37
21681.88,73.4,94,1.2375,3330.37
21681.88,71.79,93,0.0,3330.49
21681.88,71.63,93,0.0,3330.49
21681.88,72.12,93,0.0,3330.49
21681.88,71.95,93,1.25,3330.49
21681.88,72.06,93,0.0,3330.49
21681.88,72.11,92,0.0,3330.49
21681.88,71.99,92,1.25,3330.49
21681.88,71.99,94,0.0,3330.49
21681.88,71.51,94,0.0,3330.49
21681.88,71.61,93,0.0,3330.49
21681.88,71.56,94,1.25,3330.49
21681.88,72.02,94,0.0,3330.49
21681.88,72.06,94,1.25,3330.49
21681.88,72.49,94,0.0,3330.49
21681.88,71.92,81,1.25,3330.49
21681.88,71.88,81,0.0,3330.49
21681.88,71.71,93,0.0,3330.49
21681.88,71.81,93,0.0,3330.49
21681.88,72.42,93,1.2125,3330.49
21681.88,72.55,93,0.0,3330.49
21681.88,72.44,95,0.0,3330.49
21681.88,72.1,95,2.425,3330.49
21681.88,71.77,93,0.0,3330.49
21681.88,71.5,93,0.0,3330.49
21681.88,70.71,94,0.0,3330.49
21681.88,71.31,93,1.2125,3330.49
21681.88,71.0,93,0.0,3330.49
21681.88,70.75,93,0.0,3330.49
21681.88,70.45,93,1.2125,3330.49
21681.88,69.96,94,0.0,3330.49
21681.88,69.91,94,0.0,3330.49
21681.88,69.91,94,1.2125,3330.49
21681.88,70.3,94,0.0,3330.49
21681.88,70.3,94,0.0,3330.49
21681.88,68.22,93,2.425,3330.49
21681.88,67.34,93,0.0,3330.49
21681.88,67.4,79,0.0,3330.49
21681.88,67.57,79,1.2125,3330.49
21681.88,67.57,94,0.0,3330.49
21681.88,67.85,94,0.0,3330.49
21681.88,68.25,94,1.2125,3330.49
21681.88,68.72,94,0.0,3330.49
21681.88,68.81,94,0.0,3330.49
21681.88,68.81,94,0.0,3330.49
21681.88,69.14,94,0.0,3330.49
21681.88,69.15,94,1.2125,3330.49
21681.88,71.62,94,0.0,3330.49
21681.88,72.56,94,1.2125,3330.49
21681.88,72.71,94,0.0,3330.49
21681.88,72.87,94,0.0,3330.49
21681.88,72.9,94,1.2125,3330.49
21681.88,72.66,93,0.0,3330.49
21681.88,72.72,93,0.0,3330.49
21681.88,72.7,93,1.2125,3330.49
21681.88,72.72,93,2.425,3330.49
21681.88,74.03,79,0.0,3330.49
21681.88,73.17,79,0.0,3330.49
21681.88,73.19,95,1.2125,3330.49
21681.88,73.17,95,0.0,3330.49
21681.88,72.99,94,0.0,3330.49
21681.88,72.84,94,1.2125,3330.49
21681.88,72.88,94,0.0,3330.49
21681.88,72.96,94,0.0,3330.49
21681.88,72.81,94,1.2125,3330.49
21681.88,72.66,94,0.0,3330.49
21681.88,72.46,92,0.0,3330.49
21681.88,71.06,92,0.0,3330.49
21681.88,71.74,92,1.225,3330.49
21681.88,71.6,92,0.0,3330.49
21681.88,71.42,92,2.425,3330.49
21681.88,72.74,77,0.0,3330.49
21681.88,71.81,77,0.0,3330.49
21681.88,71.77,93,0.0,3330.49
21681.88,72.44,93,1.2125,3330.49
21681.88,72.84,91,0.0,3330.49
21681.88,73.27,91,1.2125,3330.49
21681.88,73.56,93,1.225,3330.49
21681.88,74.05,93,0.0,3330.49
21681.88,74.2,94,0.0,3330.49
21681.88,74.23,94,0.0,3330.49
21681.88,72.82,94,0.0,3330.49
21681.88,73.58,94,1.225,3330.49
21681.88,73.54,94,0.0,3330.49
21681.88,73.27,94,0.0,3330.49
21681.88,72.83,94,0.0,3330.49
21681.88,72.55,94,1.2125,3330.49
21681.88,72.25,94,0.0,3330.49
21681.88,72.01,94,0.0,3330.49
21681.88,71.61,94,0.0,3330.49
21681.88,71.51,94,1.2125,3330.49
21681.88,71.36,94,1.2125,3330.49
21681.88,69.66,94,1.2125,3330.49
21681.88,68.62,80,0.0,3330.49
21681.88,68.47,80,0.0,3330.49
21681.88,68.59,94,1.2125,3330.49
21681.88,69.21,94,0.0,3330.49
21681.88,69.21,94,0.0,3330.49
21681.88,69.21,94,1.2125,3330.49
21681.88,69.9,93,0.0,3330.49
21681.88,70.06,93,0.0,3330.49
21681.88,70.23,94,1.2125,3330.49
21681.88,70.38,94,1.2125,3330.49
21681.88,72.04,94,0.0,3330.49
21681.88,73.04,94,0.0,3330.49
21681.88,73.21,94,1.2,3330.49
21681.88,73.21,94,0.0,3330.49
21681.88,73.28,93,0.0,3330.49
21681.88,73.16,93,1.2125,3330.49
21681.88,72.94,93,0.0,3330.49
21681.88,72.81,93,0.0,3330.49
21681.88,72.9,92,1.2125,3330.49
21681.88,72.85,92,0.0,3330.49
21681.88,72.91,93,2.425,3330.49
21681.88,69.55,93,0.0,3330.49
21681.88,68.98,75,0.0,3330.49
21681.88,69.01,94,1.2125,3330.49
21681.88,69.06,94,0.0,3330.49
21681.88,69.18,94,0.0,3330.49
21681.88,69.48,94,1.2125,3330.49
21681.88,69.34,94,0.0,3330.49
21681.88,69.09,94,0.0,3330.49
21681.88,68.78,94,1.225,3330.49
21681.88,68.52,94,0.0,3330.49
21681.88,71.68,94,0.0,3330.49
21681.88,72.02,94,0.0,3330.49
21681.88,71.58,94,0.0,3330.49
21681.88,71.12,94,1.225,3330.49
21681.88,70.87,94,0.0,3330.49
21681.88,70.82,94,0.0,3330.49
21681.88,70.57,94,0.0,3330.49
21681.88,70.63,94,1.225,3330.49
21681.88,70.79,94,0.0,3330.49
21681.88,71.02,94,0.0,3330.49
21681.88,71.3,93,2.425,3330.49
21681.88,70.77,93,0.0,3330.49
21681.88,70.45,79,0.0,3330.49
21681.88,71.0,79,1.2125,3330.49
21681.88,71.14,94,0.0,3330.49
21681.88,71.17,94,0.0,3330.49
21681.88,70.92,94,1.2125,3330.49
21681.88,71.14,94,0.0,3330.49
21681.88,71.08,94,0.0,3330.49
21681.88,71.02,94,0.0,3330.49
21681.88,70.83,94,1.2125,3330.49
21681.88,71.38,94,0.0,3330.49
21681.88,71.92,93,1.2125,3330.49
21681.88,71.92,93,1.2125,3330.49
21681.88,71.7,94,0.0,3330.49
21681.88,71.8,94,0.0,3330.49
21681.88,71.96,94,1.2125,3330.49
21681.88,72.22,94,0.0,3330.49
21681.88,72.22,94,0.0,3330.49
21681.88,72.11,94,1.2125,3330.49
21681.88,72.26,94,0.0,3330.49
21681.88,72.36,94,2.4875,3330.49
21681.88,74.76,94,0.0,3330.49
21681.88,74.0,80,0.0,3330.49
21681.88,73.88,80,1.2125,3330.49
21681.88,73.83,93,0.0,3330.49
21681.88,73.89,93,0.0,3330.49
21681.88,73.84,94,1.2125,3330.49
21681.88,73.86,94,0.0,3330.49
21681.88,73.97,94,0.0,3330.49
21681.88,73.97,94,1.2125,3330.49
21681.88,73.95,94,0.0,3330.49
21681.88,73.99,94,0.0,3330.49
21681.88,71.77,94,0.0,3330.49
21681.88,72.59,94,1.2125,3330.49
21681.88,72.91,94,0.0,3330.49
21681.88,73.02,94,0.0,3330.49
21681.88,72.62,94,0.0,3330.49
21681.88,72.71,94,1.2125,3330.49
21681.88,72.68,92,0.0,3330.49
21681.88,72.46,94,0.0,3330.49
21681.88,72.28,94,1.2125,3330.49
21681.88,72.01,94,0.0,3330.49
21681.88,73.09,94,2.425,3330.49
21681.88,72.3,79,0.0,3330.49
21681.88,72.16,79,0.0,3330.49
21681.88,72.28,94,1.225,3330.49
21681.88,72.66,94,0.0,3330.49
21681.88,72.67,94,0.0,3330.49
21681.88,72.88,94,1.2125,3330.49
21681.88,73.08,93,0.0,3330.49
21681.88,73.37,93,1.2125,3330.49
21681.88,73.4,94,1.2125,3330.49
21681.88,73.5,94,0.0,3330.49
21681.88,72.43,92,0.0,3330.49
21681.88,73.19,92,0.0,3330.49
21681.88,73.18,94,1.225,3330.49
21681.88,73.17,94,0.0,3330.49
21681.88,72.76,94,0.0,3330.49
21681.88,72.35,94,0.0,3330.49
21681.88,71.97,94,1.2125,3330.49
21681.88,71.64,94,0.0,3330.49
21681.88,71.28,94,0.0,3330.49
21681.88,71.13,94,1.2125,3330.49
21681.88,71.01,94,2.4125,3330.49
21681.88,67.94,94,0.0,3330.49
21681.88,67.1,79,0.0,3330.49
21681.88,67.08,79,0.0,3330.49
21681.88,67.14,93,1.2125,3330.49
21681.88,67.65,93,0.0,3330.49
21681.88,68.1,93,0.0,3330.49
21681.88,68.13,93,1.2125,3330.49
21681.88,68.3,94,0.0,3330.49
21681.88,68.34,94,0.0,3330.49
21681.88,68.25,93,1.2125,3330.49
21681.88,68.14,93,0.0,3330.49
21681.88,70.95,94,0.0,3330.49
21681.88,71.22,93,0.0,3330.49
21681.88,71.07,93,1.2125,3330.49
21681.88,70.72,92,1.2125,3330.49
21681.88,69.93,92,1.2125,3330.49
21681.88,70.28,84,0.0,3330.49
21681.88,70.65,84,0.0,3330.49
21681.88,70.08,95,1.2125,3330.49
21681.88,70.29,95,0.0,3330.49
21681.88,70.89,94,0.0,3330.49
21681.88,71.42,94,0.0,3330.49
21681.88,72.01,94,1.2125,3330.49
21681.88,72.06,94,0.0,3330.49
21681.88,72.12,94,1.2125,3330.49
21681.88,72.6,94,0.0,3330.49
21681.88,71.79,94,0.0,3330.49
21681.88,71.44,94,1.2125,3330.49
21681.88,72.09,93,1.2375,3330.49
21681.88,71.94,93,0.0,3330.49
21681.88,71.74,94,0.0,3330.49
21681.88,71.81,94,0.0,3330.49
21681.88,71.82,94,0.0,3330.49
21681.88,71.83,94,1.25,3330.49
21681.88,71.94,94,0.0,3330.49
21681.88,71.91,94,0.0,3330.49
21681.88,71.85,92,0.0,3330.49
21681.88,71.97,92,1.25,3330.49
21681.88,72.04,94,1.2375,3330.49
21681.88,70.32,94,1.25,3330.49
21681.88,69.51,79,0.0,3330.49
21681.88,69.42,79,0.0,3330.49
21681.88,69.57,94,1.2375,3330.49
21681.88,69.84,94,0.0,3330.49
21681.88,70.12,94,0.0,3330.49
21681.88,70.19,94,0.0,3330.49
21681.88,70.2,94,1.2375,3330.49
21681.88,70.25,94,0.0,3330.49
21681.88,70.2,94,1.2375,3330.49
21681.88,70.11,94,0.0,3330.49
21681.88,70.11,94,1.2375,3330.49
21681.88,73.02,94,0.0,3330.49
21681.88,73.02,94,0.0,3330.49
21681.88,73.1,94,1.25,3330.49
21681.88,73.17,94,2.4875,3330.49
21681.88,70.05,94,0.0,3330.49
21681.88,68.99,81,0.0,3330.49
21681.88,69.02,81,0.0,3330.49
21681.88,69.25,95,1.25,3330.49
21681.88,69.4,95,0.0,3330.49
21681.88,69.28,95,0.0,3330.49
21681.88,69.14,95,1.2375,3330.49
21681.88,68.98,95,0.0,3330.49
21681.88,68.93,95,0.0,3330.49
21681.88,68.65,95,0.0,3330.49
21681.88,68.41,95,1.25,3330.49
21681.88,71.27,95,0.0,3330.49
21681.88,72.2,95,0.0,3330.49
21681.88,72.25,95,1.2375,3330.49
21681.88,71.87,95,0.0,3330.49
21681.88,71.57,95,0.0,3330.49
21681.88,71.74,95,0.0,3330.49
21681.88,72.0,95,1.2375,3330.49
21681.88,72.23,95,1.2125,3330.49
21681.88,72.29,94,1.225,3330.49
21681.88,73.2,94,0.0,3330.49
21681.88,72.81,79,0.0,3330.49
21681.88,73.05,79,0.0,3330.49
21681.88,73.31,95,1.25,3330.49
21681.88,73.54,95,0.0,3330.49
21681.88,73.74,95,0.0,3330.49
21681.88,73.85,95,1.2125,3330.49
21681.88,73.86,95,0.0,3330.49
21681.88,73.75,95,0.0,3330.49
21681.88,73.51,95,1.2125,3330.49
21681.88,73.23,95,0.0,3330.49
21681.88,72.23,95,0.0,3330.49
21681.88,72.63,95,0.0,3330.49
21681.88,72.61,95,1.2125,3330.49
21681.88,72.06,95,0.0,3330.49
21681.88,72.06,95,0.0,3330.49
21681.88,72.12,95,2.45,3330.49
21681.88,72.07,95,0.0,3330.49
21681.88,72.02,93,0.0,3330.49
21681.88,71.98,93,1.2125,3330.49
21681.88,70.26,89,1.2125,3330.49
21681.88,69.93,89,0.0,3330.49
21681.88,69.82,85,1.2125,3330.49
21681.88,69.94,85,0.0,3330.49
21681.88,70.1,94,0.0,3330.49
21681.88,70.44,94,1.225,3330.49
21681.88,70.7,94,0.0,3330.49
21681.88,71.09,94,0.0,3330.49
21681.88,71.15,92,1.2125,3330.49
21681.88,71.2,92,0.0,3330.49
21681.88,71.36,94,0.0,3330.49
21681.88,73.14,94,0.0,3330.49
21681.88,73.47,94,1.2125,3330.49
21681.88,73.33,94,0.0,3330.49
21681.88,73.01,94,0.0,3330.49
21681.88,72.76,94,1.2125,3330.49
21681.88,72.54,94,1.2125,3330.49
21681.88,73.57,94,1.2,3330.49
21681.88,73.4,81,0.0,3330.49
21681.88,72.81,81,1.2125,3330.49
21681.88,72.77,94,0.0,3330.49
21681.88,73.09,94,1.2125,3330.49
21681.88,73.2,94,0.0,3330.49
21681.88,73.74,94,0.0,3330.49
21681.88,73.87,94,1.2375,3330.49
21681.88,73.62,94,0.0,3330.49
21681.88,73.53,94,0.0,3330.49
21681.88,71.78,94,1.2125,3330.49
21681.88,71.56,94,0.0,3330.49
21681.88,72.22,93,0.0,3330.49
21681.88,72.37,93,1.2125,3330.49
21681.88,72.16,94,0.0,3330.49
21681.88,72.0,94,0.0,3330.49
21681.88,71.73,94,1.2125,3330.49
21681.88,71.53,94,0.0,3330.49
21681.88,71.47,94,0.0,3330.49
21681.88,71.71,94,1.175,3330.49
21681.88,71.67,94,0.0,3330.49
21681.88,72.03,94,0.0,3330.49
21681.88,71.96,94,2.425,3330.49
21681.88,73.2,94,0.0,3330.49
21681.88,72.99,81,1.2125,3330.49
21681.88,72.47,81,0.0,3330.49
21681.88,72.59,94,0.0,3330.49
21681.88,73.0,94,0.0,3330.49
21681.88,73.37,94,1.2125,3330.49
21681.88,73.58,94,1.2125,3330.49
21681.88,73.63,94,0.0,3330.49
21681.88,73.53,94,1.2125,3330.49
21681.88,73.48,94,0.0,3330.49
21681.88,73.33,94,0.0,3330.49
21681.88,71.66,95,1.2125,3330.49
21681.88,71.65,95,0.0,3330.49
21681.88,72.16,95,0.0,3330.49
21681.88,72.26,93,1.2125,3330.49
21681.88,72.33,93,0.0,3330.49
21681.88,72.08,94,0.0,3330.49
21681.88,71.79,94,0.0,3330.49
21681.88,71.47,94,1.2125,3330.49
21681.88,71.45,94,0.0,3330.49
21681.88,71.51,93,0.0,3330.49
21681.88,71.61,93,1.2125,3330.49
21681.88,71.77,84,1.2125,3330.49
21681.88,68.88,84,0.0,3330.49
21681.88,68.12,90,0.0,3330.49
21681.88,68.1,90,1.2125,3330.49
21681.88,68.4,94,0.0,3330.49
21681.88,68.72,94,0.0,3330.49
21681.88,69.31,93,1.225,3330.49
21681.88,69.55,93,0.0,3330.49
21681.88,69.57,93,0.0,3330.49
21681.88,69.65,93,1.225,3330.49
21681.88,69.89,94,0.0,3330.49
21681.88,72.72,94,0.0,3330.49
21681.88,73.25,94,0.0,3330.49
21681.88,72.97,94,1.225,3330.49
21681.88,72.68,94,0.0,3330.49
21681.88,72.46,94,1.225,3330.49
21681.88,72.07,94,0.0,3330.49
21681.88,71.61,94,0.0,3330.49
21681.88,71.34,94,1.225,3330.49
21681.88,71.15,94,0.0,3330.49
21681.88,71.05,94,0.0,3330.49
21681.88,70.91,94,2.4375,3330.49
21681.88,69.71,90,0.0,3330.49
21681.88,69.5,90,0.0,3330.49
21681.88,69.39,82,1.2125,3330.49
21681.88,69.51,82,0.0,3330.49
21681.88,69.68,94,0.0,3330.49
21681.88,69.92,94,1.2125,3330.49
21681.88,70.33,94,0.0,3330.49
21681.88,70.73,94,0.0,3330.49
21681.88,70.94,94,0.0,3330.49
21681.88,70.95,94,1.2125,3330.49
21681.88,72.1,94,0.0,3330.49
21681.88,72.3,93,0.0,3330.49
21681.88,72.72,93,0.0,3330.49
21681.88,72.69,94,1.225,3330.49
21681.88,72.64,94,0.0,3330.49
21681.88,72.81,94,1.225,3330.49
21681.88,72.78,94,0.0,3330.49
21681.88,72.61,94,1.225,3330.49
21681.88,72.57,94,0.0,3330.49
21681.88,72.48,93,3.6375,3330.49
21681.88,74.96,93,0.0,3330.49
21681.88,74.63,72,0.0,3330.49
21681.88,75.01,72,1.2125,3330.49
21681.88,75.09,94,0.0,3330.49
21681.88,75.0,94,0.0,3330.49
21681.88,74.83,94,1.2125,3330.49
21681.88,74.6,94,0.0,3330.49
21681.88,74.4,94,0.0,3330.49
21681.88,74.35,94,1.2125,3330.49
21681.88,74.19,94,0.0,3330.49
21681.88,74.21,94,1.2,3330.49
21681.88,71.29,92,0.0,3330.49
21681.88,71.5,92,0.0,3330.49
21681.88,71.05,93,0.0,3330.49
21681.88,70.91,94,1.2125,3330.49
21681.88,71.07,94,0.0,3330.49
21681.88,71.26,93,1.2125,3330.49
21681.88,71.24,93,0.0,3330.49
21681.88,71.22,94,0.0,3330.49
21681.88,71.29,94,0.0,3330.49
21681.88,71.29,94,1.225,3330.49
21681.88,73.86,94,2.4375,3330.49
21681.88,73.54,77,0.0,3330.49
21681.88,73.99,77,0.0,3330.49
21681.88,74.28,94,0.0,3330.49
21681.88,74.03,94,1.2125,3330.49
21681.88,73.92,94,0.0,3330.49
21681.88,73.89,94,1.2125,3330.49
21681.88,73.82,94,0.0,3330.49
21681.88,73.67,94,1.2125,3330.49
21681.88,73.47,94,0.0,3330.49
21681.88,73.4,94,0.0,3330.49
21681.88,73.4,94,0.0,3330.49
21681.88,71.0,93,1.2125,3330.49
21681.88,70.98,93,0.0,3330.49
21681.88,70.68,93,0.0,3330.49
21681.88,70.78,93,1.2125,3330.49
21681.88,70.95,93,0.0,3330.49
21681.88,70.95,94,0.0,3330.49
21681.88,70.85,94,1.2125,3330.49
21681.88,70.8,81,1.2125,3330.49
21681.88,71.52,81,0.0,3330.49
21681.88,71.81,94,0.0,3330.49
21681.88,72.4,94,1.2125,3330.49
21681.88,72.4,94,0.0,3330.49
21681.88,73.23,94,0.0,3330.49
21681.88,73.5,94,0.0,3330.49
21681.88,73.67,94,1.225,3330.49
21681.88,73.47,93,0.0,3330.49
21681.88,73.53,93,1.225,3330.49
21681.88,73.54,94,0.0,3330.49
21681.88,72.61,94,1.225,3330.49
21681.88,72.83,95,0.0,3330.49
21681.88,72.66,95,0.0,3330.49
21681.88,72.48,95,0.0,3330.49
21681.88,72.42,95,2.425,3330.49
21681.88,71.56,78,0.0,3330.49
21681.88,71.44,78,1.2125,3330.49
21681.88,70.24,98,0.0,3330.49
21681.88,70.1,98,0.0,3330.49
21681.88,70.34,95,0.0,3330.49
21681.88,70.55,95,1.2125,3330.49
21681.88,70.82,96,0.0,3330.49
21681.88,71.19,96,0.0,3330.49
21681.88,71.42,95,0.0,3330.49
21681.88,71.28,95,0.0,3330.49
21681.88,71.24,95,1.2125,3330.49
21681.88,71.77,95,1.2125,3330.49
21681.88,71.28,95,0.0,3330.49
21681.88,72.24,95,1.2125,3330.49
21681.88,72.1,95,0.0,3330.49
21681.88,72.01,95,0.0,3330.49
21681.88,72.06,95,0.0,3330.49
21681.88,72.09,95,1.2375,3330.49
21681.88,72.07,95,0.0,3330.49
21681.88,72.22,95,0.0,3330.49
21681.88,72.01,95,0.0,3330.49
21681.88,71.91,95,0.0,3330.49
21681.88,72.28,95,2.45,3330.49
21681.88,73.8,81,0.0,3330.49
21681.88,73.41,81,0.0,3330.49
21681.88,73.36,95,1.225,3330.49
21681.88,73.43,95,0.0,3330.49
21681.88,73.42,94,0.0,3330.49
21681.88,73.46,94,0.0,3330.49
21681.88,73.44,94,0.0,3330.49
21681.88,73.46,94,1.225,3330.49
21681.88,73.53,95,0.0,3330.49
21681.88,73.76,95,0.0,3330.49
21681.88,73.65,95,0.0,3330.49
21681.88,72.09,96,0.0,3330.49
21681.88,72.19,96,1.225,3330.49
21681.88,72.07,95,0.0,3330.49
21681.88,72.07,95,0.0,3330.49
21681.88,72.15,95,0.0,3330.49
21681.88,72.14,93,1.2125,3330.49
21681.88,72.03,93,0.0,3330.49
21681.88,72.07,94,0.0,3330.49
21681.88,72.07,94,1.2125,3330.49
21681.88,72.09,94,1.2125,3330.49
21681.88,72.57,94,0.0,3330.49
21681.88,72.41,81,2.4125,3330.49
21681.88,72.53,81,0.0,3330.49
21681.88,72.53,94,0.0,3330.49
21681.88,72.87,94,1.2125,3330.49
21681.88,73.0,94,0.0,3330.49
21681.88,73.06,94,0.0,3330.49
21681.88,73.09,94,0.0,3330.49
21681.88,73.06,94,1.2125,3330.49
21681.88,73.09,94,0.0,3330.49
21681.88,73.09,94,0.0,3330.49
21681.88,73.08,94,1.2125,3330.49
21681.88,73.23,94,0.0,3330.49
21681.88,73.23,94,0.0,3330.49
21681.88,73.29,94,1.225,3330.49
21681.88,73.27,94,1.2125,3330.49
21681.88,74.8,77,0.0,3330.49
21681.88,74.29,77,0.0,3330.49
21681.88,74.44,94,0.0,3330.49
21681.88,74.4,94,1.225,3330.49
21681.88,74.2,94,0.0,3330.49
21681.88,74.2,94,0.0,3330.49
21681.88,74.17,94,0.0,3330.49
21681.88,74.24,94,1.225,3330.49
21681.88,73.83,94,0.0,3330.49
21681.88,73.37,94,0.0,3330.49
21681.88,71.58,94,0.0,3330.49
21681.88,71.83,94,1.225,3330.49
21681.88,71.68,94,1.2125,3330.49
21681.88,71.92,94,0.0,3330.49
21681.88,72.08,94,0.0,3330.49
21681.88,72.36,94,1.2125,3330.49
21681.88,72.44,93,0.0,3330.49
21681.88,72.53,93,0.0,3330.49
21681.88,72.49,92,2.4375,3330.49
21681.88,69.26,92,0.0,3330.49
21681.88,69.52,80,0.0,3330.49
21681.88,68.51,80,0.0,3330.49
21681.88,68.5,96,1.225,3330.49
21681.88,68.65,96,0.0,3330.49
21681.88,68.77,95,0.0,3330.49
21681.88,68.87,94,0.0,3330.49
21681.88,69.01,94,1.225,3330.49
21681.88,69.02,94,0.0,3330.49
21681.88,68.64,94,0.0,3330.49
21681.88,68.6,94,0.0,3330.49
21681.88,71.98,94,1.225,3330.49
21681.88,72.74,94,0.0,3330.49
21681.88,72.71,94,0.0,3330.49
21681.88,72.41,94,0.0,3330.49
21681.88,72.09,94,2.4125,3330.49
21681.88,72.11,94,0.0,3330.49
21681.88,71.99,94,1.2125,3330.49
21681.88,72.04,94,0.0,3330.49
21681.88,72.38,94,0.0,3330.49
21681.88,72.09,94,0.0,3330.49
21681.88,71.7,94,2.4125,3330.49
21681.88,68.34,79,0.0,3330.49
21681.88,67.43,79,1.2125,3330.49
21681.88,67.31,95,0.0,3330.49
21681.88,67.31,95,0.0,3330.49
21681.88,67.4,94,0.0,3330.49
21681.88,67.22,94,1.2125,3330.49
21681.88,67.18,94,0.0,3330.49
21681.88,67.17,94,0.0,3330.49
21681.88,67.17,94,1.2125,3330.49
21681.88,67.17,94,0.0,3330.49
21681.88,67.39,94,0.0,3330.49
21681.88,70.7,94,1.2125,3330.49
21681.88,71.48,94,0.0,3330.49
21681.88,71.59,94,0.0,3330.49
21681.88,71.75,94,1.2125,3330.49
21681.88,71.88,94,0.0,3330.49
21681.88,72.05,94,0.0,3330.49
21681.88,72.12,94,1.2125,3330.49
21681.88,72.12,94,2.4125,3330.49
21681.88,70.62,94,0.0,3330.49
21681.88,70.72,79,0.0,3330.49
21681.88,69.99,96,1.2125,3330.49
21681.88,70.22,96,0.0,3330.49
21681.88,70.94,95,0.0,3330.49
21681.88,71.06,95,1.2125,3330.49
21681.88,71.16,95,0.0,3330.49
21681.88,71.08,95,0.0,3330.49
21681.88,70.76,95,0.0,3330.49
21681.88,70.55,95,1.2125,3330.49
21681.88,71.72,95,0.0,3330.49
21681.88,71.72,95,0.0,3330.49
21681.88,72.55,95,0.0,3330.49
21681.88,72.53,95,1.2125,3330.49
21681.88,72.48,96,0.0,3330.49
21681.88,72.38,96,0.0,3330.49
21681.88,72.32,95,1.2125,3330.49
21681.88,72.13,95,0.0,3330.49
21681.88,72.03,95,0.0,3330.49
21681.88,72.07,95,1.2125,3330.49
21681.88,72.09,95,1.2125,3330.49
21681.88,72.0,95,0.0,3330.49
21681.88,72.01,95,2.425,3330.49
21681.88,73.56,95,0.0,3330.49
21681.88,73.13,80,1.2125,3330.49
21681.88,73.12,80,0.0,3330.49
21681.88,73.27,95,0.0,3330.49
21681.88,73.25,93,1.2,3330.49
21681.88,73.49,93,0.0,3330.49
21681.88,73.59,94,0.0,3330.49
21681.88,73.65,94,1.2125,3330.49
21681.88,73.62,94,0.0,3330.49
21681.88,73.42,94,0.0,3330.49
21681.88,71.69,94,2.2375,3330.49
21681.88,72.92,94,0.0,3330.49
21681.88,72.04,77,1.2125,3330.49
21681.88,71.97,77,0.0,3330.49
21681.88,71.82,94,0.0,3330.49
21681.88,71.52,94,1.2125,3330.49
21681.88,71.37,94,0.0,3330.49
21681.88,71.51,94,0.0,3330.49
21681.88,71.96,94,1.2,3330.49
21681.88,72.11,94,0.0,3330.49
21681.88,72.22,94,0.0,3330.49
21681.88,72.11,94,0.0,3330.49
21681.88,71.26,93,1.225,3330.49
21681.88,71.73,93,1.225,3330.49
21681.88,70.72,82,0.0,3330.49
21681.88,70.44,82,0.0,3330.49
21681.88,70.51,94,1.225,3330.49
21681.88,70.7,94,0.0,3330.49
21681.88,70.81,94,0.0,3330.49
21681.88,70.86,94,0.0,3330.49
21681.88,71.15,94,1.225,3330.49
21681.88,71.41,94,0.0,3330.49
21681.88,71.75,93,0.0,3330.49
21681.88,71.72,94,0.0,3330.49
21681.88,71.82,94,1.225,3330.49
21681.88,72.77,94,1.225,3330.49
21681.88,72.77,94,0.0,3330.49
21681.88,72.77,94,0.0,3330.49
21681.88,72.95,93,0.0,3330.49
21681.88,73.06,93,1.2125,3330.49
21681.88,73.11,94,0.0,3330.49
21681.88,72.83,94,0.0,3330.49
21681.88,72.55,94,1.2125,3330.49
21681.88,72.31,94,0.0,3330.49
21681.88,72.03,94,2.4375,3330.49
21681.88,69.0,94,0.0,3330.49
21681.88,68.39,80,1.2125,3330.49
21681.88,68.31,80,0.0,3330.49
21681.88,68.49,94,0.0,3330.49
21681.88,68.43,94,0.0,3330.49
21681.88,68.32,94,1.2125,3330.49
21681.88,68.05,94,0.0,3330.49
21681.88,68.07,94,0.0,3330.49
21681.88,68.04,94,1.2,3330.49
21681.88,68.0,94,0.0,3330.49
21681.88,68.01,94,0.0,3330.49
21681.88,70.99,94,0.0,3330.49
21681.88,71.53,95,1.1875,3330.49
21681.88,71.38,95,0.0,3330.49
21681.88,71.34,95,1.2125,3330.49
21681.88,71.38,95,0.0,3330.49
21681.88,71.56,95,0.0,3330.49
21681.88,71.37,95,1.2125,3330.49
21681.88,71.55,95,0.0,3330.49
21681.88,71.75,95,0.0,3330.49
21681.88,71.75,95,2.4375,3330.49
21681.88,68.69,95,1.2125,3330.49
21681.88,69.03,80,1.2125,3330.49
21681.88,68.44,80,0.0,3330.49
21681.88,68.25,96,0.0,3330.49
21681.88,68.11,96,1.2125,3330.49
21681.88,68.0,95,0.0,3330.49
21681.88,68.0,95,0.0,3330.49
21681.88,68.35,95,1.2125,3330.49
21681.88,68.3,95,0.0,3330.49
21681.88,68.17,95,0.0,3330.49
21681.88,68.27,95,1.2125,3330.49
21681.88,71.5,96,0.0,3330.49
21681.88,71.11,96,0.0,3330.49
21681.88,71.74,95,1.2125,3330.49
21681.88,71.88,95,0.0,3330.49
21681.88,71.76,95,0.0,3330.49
21681.88,71.58,95,0.0,3330.49
21681.88,71.43,95,1.2125,3330.49
21681.88,71.72,95,0.0,3330.49
21681.88,72.03,95,0.0,3330.49
21681.88,72.0,95,1.2125,3330.49
21681.88,71.63,95,0.0,3330.49
21681.88,71.7,93,2.425,3330.49
21681.88,73.28,93,0.0,3330.49
21681.88,72.4,79,0.0,3330.49
21681.88,72.36,79,1.225,3330.49
21681.88,72.31,94,0.0,3330.49
21681.88,72.51,94,0.0,3330.49
21681.88,72.89,94,0.0,3330.49
21681.88,73.18,94,1.225,3330.49
21681.88,73.23,94,0.0,3330.49
21681.88,73.27,94,0.0,3330.49
21681.88,73.52,95,0.0,3330.49
21681.88,73.52,94,0.0,3330.49
21681.88,71.94,94,1.225,3330.49
21681.88,72.56,94,0.0,3330.49
21681.88,72.53,94,0.0,3330.49
21681.88,72.37,94,0.0,3330.49
21681.88,72.09,94,1.225,3330.49
21681.88,71.75,94,0.0,3330.49
21681.88,70.45,94,2.425,3330.49
21681.88,69.94,80,0.0,3330.49
21681.88,70.01,80,0.0,3330.49
21681.88,69.93,94,0.0,3330.49
21681.88,70.0,94,1.225,3330.49
21681.88,70.03,94,0.0,3330.49
21681.88,70.21,95,1.225,3330.49
21681.88,70.33,95,0.0,3330.49
21681.88,70.48,95,0.0,3330.49
21681.88,70.54,95,0.0,3330.49
21681.88,70.49,95,1.225,3330.49
21681.88,71.44,95,0.0,3330.49
21681.88,71.7,95,0.0,3330.49
21681.88,71.66,95,0.0,3330.49
21681.88,71.93,96,0.0,3330.49
21681.88,69.52,96,2.45,3330.49
21681.88,69.91,89,0.0,3330.49
21681.88,69.52,89,0.0,3330.49
21681.88,69.52,89,0.0,3330.49
21681.88,69.71,89,0.0,3330.49
21681.88,69.71,95,1.225,3330.49
21681.88,69.84,95,0.0,3330.49
21681.88,69.91,96,0.0,3330.49
21681.88,70.16,96,0.0,3330.49
21681.88,70.39,96,0.0,3330.49
21681.88,70.44,96,0.0,3330.49
21681.88,70.41,96,0.0,3330.49
21681.88,72.62,96,0.0,3330.49
21681.88,72.35,96,2.425,3330.49
21681.88,72.33,96,0.0,3330.49
21681.88,71.52,96,0.0,3330.49
21681.88,71.27,94,0.0,3330.49
21681.88,71.12,94,0.0,3330.49
21681.88,70.95,94,1.2125,3330.49
21681.88,70.8,94,0.0,3330.49
21681.88,70.79,91,0.0,3330.49
21681.88,70.73,91,0.0,3330.49
21681.88,70.95,94,2.4375,3330.49
21681.88,71.02,94,1.2125,3330.49
21681.88,70.79,78,0.0,3330.49
21681.88,70.79,78,0.0,3330.49
21681.88,71.38,94,0.0,3330.49
21681.88,71.72,94,1.2125,3330.49
21681.88,72.14,94,1.2125,3330.49
21681.88,72.37,94,0.0,3330.49
21681.88,72.69,94,1.2125,3330.49
21681.88,72.74,94,0.0,3330.49
21681.88,72.62,94,0.0,3330.49
21681.88,72.38,94,0.0,3330.49
21681.88,72.38,94,1.2125,3330.49
21681.88,72.78,94,0.0,3330.49
21681.88,72.97,94,0.0,3330.49
21681.88,73.2,93,1.2125,3330.49
21681.88,73.07,93,0.0,3330.49
21681.88,72.94,94,0.0,3330.49
21681.88,72.59,94,1.2125,3330.49
21681.88,72.65,93,0.0,3330.49
21681.88,72.75,93,0.0,3330.49
21681.88,72.79,93,2.425,3330.49
21681.88,73.39,93,0.0,3330.49
21681.88,73.08,80,1.2125,3330.49
21681.88,73.14,80,0.0,3330.49
21681.88,73.15,93,0.0,3330.49
21681.88,73.2,93,0.0,3330.49
21681.88,72.99,93,1.2125,3330.49
21681.88,73.03,94,0.0,3330.49
21681.88,73.09,94,0.0,3330.49
21681.88,72.73,94,1.2125,3330.49
21681.88,72.47,94,0.0,3330.49
21681.88,71.96,94,0.0,3330.49
21681.88,71.18,93,1.2125,3330.49
21681.88,71.23,93,0.0,3330.49
21681.88,70.82,93,0.0,3330.49
21681.88,70.52,94,0.0,3330.49
21681.88,70.51,94,1.225,3330.49
21681.88,70.51,94,1.225,3330.49
21681.88,70.74,95,0.0,3330.49
21681.88,70.93,95,0.0,3330.49
21681.88,71.13,94,1.2125,3330.49
21681.88,71.13,94,1.2125,3330.49
21681.88,71.62,94,1.2125,3330.49
21681.88,71.22,94,0.0,3330.49
21681.88,71.23,80,0.0,3330.49
21681.88,71.85,80,1.2125,3330.49
21681.88,71.85,93,0.0,3330.49
21681.88,71.88,93,0.0,3330.49
21681.88,71.98,94,1.2125,3330.49
21681.88,72.21,94,0.0,3330.49
21681.88,72.18,94,0.0,3330.49
21681.88,72.18,94,0.0,3330.49
21681.88,72.12,93,2.45,3330.49
21681.88,72.11,93,0.0,3330.49
21681.88,74.82,79,0.0,3330.49
21681.88,73.95,79,0.0,3330.49
21681.88,73.79,94,1.225,3330.49
21681.88,73.56,94,0.0,3330.49
21681.88,73.46,93,0.0,3330.49
21681.88,73.47,93,0.0,3330.49
21681.88,73.39,93,1.225,3330.49
21681.88,73.37,93,0.0,3330.49
21681.88,73.37,93,0.0,3330.49
21681.88,73.27,93,0.0,3330.49
21681.88,73.02,93,0.0,3330.49
21681.88,70.64,93,1.225,3330.49
21681.88,71.4,93,0.0,3330.49
21681.88,71.31,94,0.0,3330.49
21681.88,70.95,94,0.0,3330.49
21681.88,70.82,93,0.0,3330.49
21681.88,70.52,93,1.225,3330.49
21681.88,70.44,94,0.0,3330.49
21681.88,70.35,94,0.0,3330.49
21681.88,70.33,94,0.0,3330.49
21681.88,70.48,94,2.4375,3330.49
21681.88,70.06,79,1.225,3330.49
21681.88,69.42,79,0.0,3330.49
21681.88,69.69,95,0.0,3330.49
21681.88,69.93,95,1.2125,3330.49
21681.88,70.61,92,0.0,3330.49
21681.88,70.85,92,0.0,3330.49
21681.88,71.28,93,0.0,3330.49
21681.88,71.38,93,0.0,3330.49
21681.88,71.64,93,1.225,3330.62
21681.88,71.86,93,0.0,3330.62
21681.88,71.83,94,0.0,3330.62
21681.88,72.23,94,0.0,3330.62
21681.88,72.8,94,1.2125,3330.62
21681.88,72.47,94,0.0,3330.62
21681.88,72.26,94,2.4125,3330.62
21681.88,73.89,81,0.0,3330.62
21681.88,72.88,81,0.0,3330.62
21681.88,72.62,93,1.225,3330.62
21681.88,72.87,93,0.0,3330.62
21681.88,73.03,93,0.0,3330.62
21681.88,73.23,93,0.0,3330.62
21681.88,73.53,93,1.225,3330.62
21681.88,73.83,93,0.0,3330.62
21681.88,73.74,93,0.0,3330.62
21681.88,73.54,93,1.2125,3330.62
21681.88,71.3,94,1.2125,3330.62
21681.88,72.02,94,0.0,3330.62
21681.88,72.16,94,0.0,3330.62
21681.88,72.28,94,1.2125,3330.62
21681.88,72.08,94,1.225,3330.62
21681.88,74.02,94,0.0,3330.62
21681.88,73.14,82,0.0,3330.62
21681.88,73.32,82,0.0,3330.62
21681.88,73.55,94,0.0,3330.62
21681.88,73.97,94,1.225,3330.62
21681.88,74.14,94,0.0,3330.62
21681.88,74.52,94,0.0,3330.62
21681.88,74.76,94,0.0,3330.62
21681.88,74.77,94,0.0,3330.62
21681.88,74.77,94,1.225,3330.62
21681.88,74.34,94,0.0,3330.62
21681.88,72.22,94,0.0,3330.62
21681.88,73.2,94,0.0,3330.62
21681.88,73.26,94,1.225,3330.62
21681.88,73.16,94,0.0,3330.62
21681.88,72.86,95,0.0,3330.62
21681.88,72.76,95,0.0,3330.62
21681.88,72.62,96,0.0,3330.62
21681.88,72.4,96,1.25,3330.62
21681.88,72.28,96,0.0,3330.62
21681.88,72.19,96,0.0,3330.62
21681.88,72.15,96,1.25,3330.62
21681.88,73.79,96,0.0,3330.62
21681.88,73.84,85,0.0,3330.62
21681.88,72.78,85,0.0,3330.62
21681.88,72.77,96,0.0,3330.62
21681.88,73.05,96,1.25,3330.62
21681.88,73.11,95,1.25,3330.62
21681.88,73.11,95,0.0,3330.62
21681.88,73.13,94,0.0,3330.62
21681.88,73.11,94,1.25,3330.62
21681.88,73.31,94,0.0,3330.62
21681.88,71.66,94,0.0,3330.62
21681.88,71.2,94,0.0,3330.62
21681.88,71.98,94,1.25,3330.62
21681.88,71.98,94,0.0,3330.62
21681.88,71.98,94,0.0,3330.62
21681.88,72.06,95,0.0,3330.62
21681.88,72.29,95,1.25,3330.62
21681.88,72.42,94,0.0,3330.62
21681.88,72.32,94,0.0,3330.62
21681.88,72.17,95,1.25,3330.62
21681.88,72.14,95,0.0,3330.62
21681.88,71.91,94,0.0,3330.62
21681.88,72.02,94,1.225,3330.62
21681.88,72.4,94,1.2125,3330.62
21681.88,74.1,94,0.0,3330.62
21681.88,73.42,82,0.0,3330.62
21681.88,73.16,82,1.2375,3330.62
21681.88,73.14,94,0.0,3330.62
21681.88,73.19,94,0.0,3330.62
21681.88,73.33,94,0.0,3330.62
21681.88,73.54,94,2.4875,3330.62
21681.88,73.65,94,0.0,3330.62
21681.88,74.89,83,0.0,3330.62
21681.88,74.43,83,1.2375,3330.62
21681.88,74.53,94,0.0,3330.62
21681.88,72.99,94,0.0,3330.62
21681.88,73.62,94,1.25,3330.62
21681.88,73.31,94,0.0,3330.62
21681.88,73.22,94,0.0,3330.62
21681.88,73.16,94,1.25,3330.62
21681.88,73.09,94,0.0,3330.62
21681.88,73.03,95,0.0,3330.62
21681.88,73.03,95,0.0,3330.62
21681.88,71.82,94,1.25,3330.62
21681.88,72.25,94,0.0,3330.62
21681.88,72.2,94,0.0,3330.62
21681.88,72.34,94,0.0,3330.62
21681.88,72.28,95,1.2125,3330.62
21681.88,72.31,95,0.0,3330.62
21681.88,72.43,96,0.0,3330.62
21681.88,72.32,96,2.425,3330.62
21681.88,70.86,89,0.0,3330.62
21681.88,70.43,89,1.2125,3330.62
21681.88,70.24,85,1.2125,3330.62
21681.88,70.34,85,0.0,3330.62
21681.88,70.52,94,0.0,3330.62
21681.88,70.65,94,1.2125,3330.62
21681.88,70.57,94,0.0,3330.62
21681.88,70.56,93,0.0,3330.62
21681.88,70.3,93,1.2125,3330.62
21681.88,70.18,94,0.0,3330.62
21681.88,71.47,94,0.0,3330.62
21681.88,71.73,93,0.0,3330.62
21681.88,71.93,93,1.2125,3330.62
21681.88,72.02,94,0.0,3330.62
21681.88,72.08,94,0.0,3330.62
21681.88,72.05,94,1.2,3330.62
21681.88,72.2,94,0.0,3330.62
21681.88,72.24,94,0.0,3330.62
21681.88,72.18,94,1.2125,3330.62
21681.88,72.33,94,0.0,3330.62
21681.88,72.38,94,2.3,3330.62
21681.88,73.92,80,0.0,3330.62
21681.88,73.53,80,0.0,3330.62
21681.88,73.74,95,0.0,3330.62
21681.88,73.92,94,1.2125,3330.62
21681.88,74.01,94,0.0,3330.62
21681.88,74.18,94,0.0,3330.62
21681.88,74.04,94,1.2125,3330.62
21681.88,74.23,93,0.0,3330.62
21681.88,74.18,93,0.0,3330.62
21681.88,74.17,93,1.2125,3330.62
21681.88,72.71,94,0.0,3330.62
21681.88,73.31,94,0.0,3330.62
21681.88,73.38,94,0.0,3330.62
21681.88,73.39,94,1.2125,3330.62
21681.88,73.41,94,1.2125,3330.62
21681.88,73.23,94,0.0,3330.62
21681.88,73.17,94,2.425,3330.62
21681.88,74.54,80,0.0,3330.62
21681.88,73.66,80,0.0,3330.62
21681.88,73.82,95,1.2125,3330.62
21681.88,74.18,95,0.0,3330.62
21681.88,74.43,94,0.0,3330.62
21681.88,74.65,94,1.2125,3330.62
21681.88,74.7,94,0.0,3330.62
21681.88,74.67,94,0.0,3330.62
21681.88,74.54,93,0.0,3330.62
21681.88,74.36,93,1.2125,3330.62
21681.88,74.09,94,0.0,3330.62
21681.88,74.09,94,0.0,3330.62
21681.88,73.47,92,0.0,3330.62
21681.88,72.97,92,1.225,3330.62
21681.88,72.7,94,0.0,3330.62
21681.88,72.47,94,0.0,3330.62
21681.88,72.4,94,1.225,3330.62
21681.88,72.4,94,0.0,3330.62
21681.88,72.09,94,1.225,3330.62
21681.88,71.82,94,0.0,3330.62
21681.88,71.75,94,0.0,3330.62
21681.88,71.83,94,1.225,3330.62
21681.88,73.87,80,0.0,3330.62
21681.88,73.09,80,1.225,3330.62
21681.88,73.05,95,0.0,3330.62
21681.88,73.55,95,0.0,3330.62
21681.88,73.86,95,0.0,3330.62
21681.88,74.03,95,0.0,3330.62
21681.88,74.17,93,1.225,3330.62
21681.88,74.35,94,0.0,3330.62
21681.88,74.35,94,0.0,3330.62
21681.88,74.54,93,1.2125,3330.62
21681.88,72.37,93,0.0,3330.62
21681.88,73.13,94,0.0,3330.62
21681.88,73.28,94,0.0,3330.62
21681.88,73.22,94,1.2125,3330.62
21681.88,73.25,94,0.0,3330.62
21681.88,73.24,94,0.0,3330.62
21681.88,73.24,94,1.2125,3330.62
21681.88,72.95,94,0.0,3330.62
21681.88,73.03,94,1.2125,3330.62
21681.88,72.9,93,0.0,3330.62
21681.88,72.77,93,2.45,3330.62
21681.88,74.24,80,0.0,3330.62
21681.88,74.24,80,0.0,3330.62
21681.88,74.42,97,1.225,3330.62
21681.88,73.97,97,0.0,3330.62
21681.88,74.0,94,0.0,3330.62
21681.88,74.12,94,1.225,3330.62
21681.88,74.24,94,0.0,3330.62
21681.88,74.24,94,0.0,3330.62
21681.88,74.18,94,1.2125,3330.62
21681.88,73.85,94,0.0,3330.62
21681.88,73.9,94,0.0,3330.62
21681.88,72.55,94,0.0,3330.62
21681.88,72.36,95,1.2125,3330.62
21681.88,72.64,95,0.0,3330.62
21681.88,72.58,95,0.0,3330.62
21681.88,72.43,94,0.0,3330.62
21681.88,72.35,94,1.2125,3330.62
21681.88,72.21,93,0.0,3330.62
21681.88,71.91,93,0.0,3330.62
21681.88,71.91,94,1.2125,3330.62
21681.88,72.3,94,0.0,3330.62
21681.88,72.26,94,0.0,3330.62
21681.88,70.31,94,2.425,3330.62
21681.88,69.79,74,0.0,3330.62
21681.88,69.69,74,0.0,3330.62
21681.88,69.76,94,1.2125,3330.62
21681.88,69.8,94,0.0,3330.62
21681.88,70.09,94,1.2125,3330.62
21681.88,70.62,94,1.225,3330.62
21681.88,71.11,93,0.0,3330.62
21681.88,71.13,93,0.0,3330.62
21681.88,70.65,94,0.0,3330.62
21681.88,70.33,94,1.225,3330.62
21681.88,72.04,94,0.0,3330.62
21681.88,72.19,94,0.0,3330.62
21681.88,71.91,94,1.2125,3330.62
21681.88,71.91,94,0.0,3330.62
21681.88,71.58,94,0.0,3330.62
21681.88,71.41,94,1.225,3330.62
21681.88,71.22,94,0.0,3330.62
21681.88,71.22,94,1.2,3330.62
21681.88,69.0,88,0.0,3330.62
21681.88,68.63,88,1.25,3330.62
21681.88,68.87,86,0.0,3330.62
21681.88,69.58,86,1.175,3330.62
21681.88,70.01,93,0.0,3330.62
21681.88,70.16,93,0.0,3330.62
21681.88,70.29,94,0.0,3330.62
21681.88,70.11,94,1.2125,3330.62
21681.88,69.97,94,0.0,3330.62
21681.88,69.75,94,0.0,3330.62
21681.88,69.58,94,1.2125,3330.62
21681.88,71.4,94,0.0,3330.62
21681.88,72.05,93,0.0,3330.62
21681.88,72.02,93,0.0,3330.62
21681.88,71.72,95,1.2125,3330.62
21681.88,71.8,94,0.0,3330.62
21681.88,72.19,94,0.0,3330.62
21681.88,72.27,94,1.2125,3330.62
21681.88,72.27,94,0.0,3330.62
21681.88,72.4,94,0.0,3330.62
21681.88,72.57,94,1.25,3330.62
21681.88,69.63,85,2.3625,3330.62
21681.88,68.77,85,0.0,3330.62
21681.88,68.92,89,0.0,3330.62
21681.88,68.84,89,1.2125,3330.62
21681.88,68.78,94,0.0,3330.62
21681.88,68.74,94,0.0,3330.62
21681.88,68.75,94,1.2125,3330.62
21681.88,68.78,94,0.0,3330.62
21681.88,68.78,94,0.0,3330.62
21681.88,68.64,94,0.0,3330.62
21681.88,68.56,95,1.225,3330.62
21681.88,71.54,95,0.0,3330.62
21681.88,72.47,95,0.0,3330.62
21681.88,72.34,95,0.0,3330.62
21681.88,72.23,96,0.0,3330.62
21681.88,72.36,96,1.225,3330.62
21681.88,73.49,85,0.0,3330.62
21681.88,72.81,85,1.225,3330.62
21681.88,72.69,95,0.0,3330.62
21681.88,72.69,95,0.0,3330.62
21681.88,72.97,96,0.0,3330.62
21681.88,73.06,96,1.2125,3330.62
21681.88,73.22,96,0.0,3330.62
21681.88,73.22,96,0.0,3330.62
21681.88,73.45,96,0.0,3330.62
21681.88,73.51,96,0.0,3330.62
21681.88,73.18,95,1.2125,3330.62
21681.88,71.78,95,0.0,3330.62
21681.88,72.32,93,0.0,3330.62
21681.88,72.47,93,1.2125,3330.62
21681.88,72.3,93,1.2125,3330.62
21681.88,72.27,93,0.0,3330.62
21681.88,72.34,93,1.2125,3330.62
21681.88,72.31,93,0.0,3330.62
21681.88,72.28,93,1.2125,3330.62
21681.88,71.91,93,0.0,3330.62
21681.88,71.3,79,1.2125,3330.62
21681.88,71.63,79,0.0,3330.62
21681.88,72.07,93,0.0,3330.62
21681.88,72.35,93,0.0,3330.62
21681.88,72.4,93,1.2125,3330.62
21681.88,72.26,93,0.0,3330.62
21681.88,72.04,93,0.0,3330.62
21681.88,71.74,94,1.2125,3330.62
21681.88,71.49,94,0.0,3330.62
21681.88,71.43,94,0.0,3330.62
21681.88,71.98,94,1.2125,3330.62
21681.88,71.88,94,0.0,3330.62
21681.88,71.55,94,0.0,3330.62
21681.88,71.3,94,2.425,3330.62
21681.88,72.43,94,0.0,3330.62
21681.88,72.02,82,0.0,3330.62
21681.88,72.42,82,0.0,3330.62
21681.88,72.94,94,1.2125,3330.62
21681.88,73.31,94,0.0,3330.62
21681.88,73.54,93,0.0,3330.62
21681.88,74.0,93,1.2125,3330.62
21681.88,74.36,94,0.0,3330.62
21681.88,74.05,94,0.0,3330.62
21681.88,73.98,94,1.2125,3330.62
21681.88,73.54,94,1.225,3330.62
21681.88,71.83,94,0.0,3330.62
21681.88,72.12,94,0.0,3330.62
21681.88,71.71,94,1.2125,3330.62
21681.88,71.37,82,1.2125,3330.62
21681.88,68.18,82,0.0,3330.62
21681.88,67.19,95,1.2125,3330.62
21681.88,66.87,95,0.0,3330.62
21681.88,67.3,95,0.0,3330.62
21681.88,67.44,95,1.2125,3330.62
21681.88,67.8,94,0.0,3330.62
21681.88,68.21,94,0.0,3330.62
21681.88,68.53,94,0.0,3330.62
21681.88,68.63,94,1.2125,3330.62
21681.88,68.66,94,0.0,3330.62
21681.88,71.68,94,0.0,3330.62
21681.88,72.67,94,1.2125,3330.62
21681.88,73.02,94,0.0,3330.62
21681.88,73.04,93,0.0,3330.62
21681.88,72.93,93,1.2125,3330.62
21681.88,72.8,94,0.0,3330.62
21681.88,72.63,94,0.0,3330.62
21681.88,72.58,95,0.0,3330.62
21681.88,72.36,95,1.2125,3330.62
21681.88,72.24,95,0.0,3330.62
21681.88,72.17,96,1.2125,3330.62
21681.88,68.86,82,1.2125,3330.62
21681.88,68.05,82,0.0,3330.62
21681.88,67.73,96,1.2125,3330.62
21681.88,67.6,96,0.0,3330.62
21681.88,67.58,95,0.0,3330.62
21681.88,67.85,96,0.0,3330.62
21681.88,68.22,96,0.0,3330.62
21681.88,68.35,95,1.25,3330.62
21681.88,68.18,95,0.0,3330.62
21681.88,68.01,95,0.0,3330.62
21681.88,67.85,96,1.25,3330.62
21681.88,71.15,96,0.0,3330.62
21681.88,72.17,95,1.25,3330.62
21681.88,72.29,95,0.0,3330.62
21681.88,72.4,95,1.25,3330.62
21681.88,72.4,95,0.0,3330.62
21681.88,71.85,95,0.0,3330.62
21681.88,71.85,95,1.25,3330.62
21681.88,70.46,91,0.0,3330.62
21681.88,70.03,91,0.0,3330.62
21681.88,70.13,88,1.2375,3330.62
21681.88,70.58,88,0.0,3330.62
21681.88,70.6,95,0.0,3330.62
21681.88,70.69,95,0.0,3330.62
21681.88,70.71,95,0.0,3330.62
21681.88,70.56,95,1.25,3330.62
21681.88,70.48,95,0.0,3330.62
21681.88,70.46,95,0.0,3330.62
21681.88,70.53,95,0.0,3330.62
21681.88,71.75,95,1.25,3330.62
21681.88,71.99,95,0.0,3330.62
21681.88,72.06,95,0.0,3330.62
21681.88,71.66,95,0.0,3330.62
21681.88,71.8,95,1.2375,3330.62
21681.88,71.98,94,1.2375,3330.62
21681.88,71.08,94,0.0,3330.62
21681.88,69.95,80,1.2375,3330.62
21681.88,69.64,95,0.0,3330.62
21681.88,69.69,95,0.0,3330.62
21681.88,69.85,94,0.0,3330.62
21681.88,69.79,94,0.0,3330.62
21681.88,70.13,95,1.2375,3330.62
21681.88,70.66,95,0.0,3330.62
21681.88,70.64,94,0.0,3330.62
21681.88,70.53,94,1.2375,3330.62
21681.88,71.19,94,0.0,3330.62
21681.88,72.35,94,0.0,3330.62
21681.88,72.73,94,0.0,3330.62
21681.88,72.78,94,1.25,3330.62
21681.88,72.39,94,0.0,3330.62
21681.88,72.42,94,0.0,3330.62
21681.88,72.32,94,0.0,3330.62
21681.88,72.18,94,0.0,3330.62
21681.88,72.18,94,1.25,3330.62
21681.88,72.03,95,0.0,3330.62
21681.88,71.93,95,1.25,3330.62
21681.88,68.66,82,0.0,3330.62
21681.88,67.81,82,1.25,3330.62
21681.88,67.57,94,0.0,3330.62
21681.88,67.45,94,1.2125,3330.62
21681.88,67.54,95,1.2125,3330.62
21681.88,67.96,95,0.0,3330.62
21681.88,68.17,94,0.0,3330.62
21681.88,68.45,94,1.2125,3330.62
21681.88,68.54,94,0.0,3330.62
21681.88,68.45,94,0.0,3330.62
21681.88,71.68,94,0.0,3330.62
21681.88,72.63,94,1.225,3330.62
21681.88,72.86,94,0.0,3330.62
21681.88,73.01,94,0.0,3330.62
21681.88,72.91,94,1.2125,3330.62
21681.88,72.73,95,0.0,3330.62
21681.88,72.5,95,0.0,3330.62
21681.88,72.23,95,0.0,3330.62
21681.88,70.79,95,2.425,3330.62
21681.88,71.02,82,0.0,3330.62
21681.88,70.12,82,0.0,3330.62
21681.88,70.34,93,0.0,3330.62
21681.88,70.3,93,1.225,3330.62
21681.88,70.36,94,0.0,3330.62
21681.88,70.22,94,0.0,3330.62
21681.88,70.26,94,0.0,3330.62
21681.88,70.38,94,1.225,3330.62
21681.88,70.35,95,0.0,3330.62
21681.88,70.36,95,0.0,3330.62
21681.88,71.53,94,1.2125,3330.62
21681.88,71.26,94,0.0,3330.62
21681.88,72.06,94,0.0,3330.62
21681.88,72.01,94,0.0,3330.62
21681.88,72.19,93,1.2125,3330.62
21681.88,72.19,93,0.0,3330.62
21681.88,72.22,94,1.2125,3330.62
21681.88,72.14,94,2.425,3330.62
21681.88,68.92,82,0.0,3330.62
21681.88,69.06,91,0.0,3330.62
21681.88,68.49,91,1.1875,3330.62
21681.88,68.59,93,0.0,3330.62
21681.88,68.6,93,0.0,3330.62
21681.88,68.69,94,0.0,3330.62
21681.88,69.04,94,1.225,3330.62
21681.88,69.1,95,0.0,3330.62
21681.88,68.9,95,0.0,3330.62
21681.88,68.88,94,0.0,3330.62
21681.88,71.92,94,0.0,3330.62
21681.88,71.59,94,1.225,3330.62
21681.88,72.12,94,0.0,3330.62
21681.88,72.22,94,0.0,3330.62
21681.88,72.5,94,0.0,3330.62
21681.88,72.78,94,1.225,3330.62
21681.88,72.65,94,1.225,3330.62
21681.88,72.4,94,0.0,3330.62
21681.88,71.88,94,0.0,3330.62
21681.88,71.97,94,0.0,3330.62
21681.88,71.86,94,1.225,3330.62
21681.88,71.86,95,0.0,3330.62
21681.88,72.04,95,2.4375,3330.62
21681.88,71.77,79,0.0,3330.62
21681.88,70.95,79,0.0,3330.62
21681.88,70.85,95,1.225,3330.62
21681.88,70.61,95,0.0,3330.62
21681.88,70.59,94,0.0,3330.62
21681.88,70.69,94,0.0,3330.62
21681.88,71.15,95,0.0,3330.62
21681.88,71.15,95,1.225,3330.62
21681.88,71.19,96,0.0,3330.62
21681.88,71.21,94,0.0,3330.62
21681.88,71.12,94,0.0,3330.62
21681.88,72.47,94,0.0,3330.62
21681.88,72.55,94,1.2125,3330.62
21681.88,72.77,94,0.0,3330.62
21681.88,74.93,94,1.2125,3330.62
21681.88,74.33,94,1.225,3330.62
21681.88,74.41,80,0.0,3330.62
21681.88,74.49,94,0.0,3330.62
21681.88,74.59,94,0.0,3330.62
21681.88,74.67,95,1.225,3330.62
21681.88,74.77,95,0.0,3330.62
21681.88,74.72,93,0.0,3330.62
21681.88,74.66,93,0.0,3330.62
21681.88,74.39,94,2.425,3330.62
21681.88,73.93,94,0.0,3330.62
21681.88,71.46,94,0.0,3330.62
21681.88,71.88,94,0.0,3330.62
21681.88,71.81,94,1.2125,3330.62
21681.88,71.9,94,0.0,3330.62
21681.88,71.94,94,0.0,3330.62
21681.88,71.96,94,1.2125,3330.62
21681.88,72.17,94,0.0,3330.62
21681.88,72.25,94,0.0,3330.62
21681.88,72.31,94,0.0,3330.62
21681.88,72.41,94,1.2125,3330.62
21681.88,72.6,94,1.2125,3330.62
21681.88,74.96,93,0.0,3330.62
21681.88,74.47,93,1.2125,3330.62
21681.88,74.53,81,0.0,3330.62
21681.88,74.42,81,0.0,3330.62
21681.88,74.45,93,1.2,3330.62
21681.88,74.53,92,0.0,3330.62
21681.88,74.8,92,0.0,3330.62
21681.88,74.85,92,1.225,3330.62
21681.88,74.83,94,0.0,3330.62
21681.88,74.85,94,0.0,3330.62
21681.88,74.85,93,0.0,3330.62
21681.88,72.65,93,1.225,3330.62
21681.88,72.86,93,0.0,3330.62
21681.88,72.83,93,0.0,3330.62
21681.88,72.58,92,3.65,3330.62
21681.88,72.35,92,0.0,3330.62
21681.88,71.64,81,0.0,3330.62
21681.88,71.65,81,1.225,3330.62
21681.88,71.7,81,0.0,3330.62
21681.88,71.61,93,0.0,3330.62
21681.88,71.32,93,0.0,3330.62
21681.88,71.1,93,1.225,3330.62
21681.88,71.14,93,0.0,3330.62
21681.88,71.0,93,0.0,3330.62
21681.88,71.0,93,0.0,3330.62
21681.88,70.83,93,1.225,3330.62
21681.88,70.67,93,0.0,3330.62
21681.88,70.67,94,0.0,3330.62
21681.88,71.14,94,1.225,3330.62
21681.88,71.23,95,0.0,3330.62
21681.88,71.24,95,0.0,3330.62
21681.88,71.34,95,0.0,3330.62
21681.88,71.66,95,0.0,3330.62
21681.88,71.94,94,1.225,3330.62
21681.88,71.7,95,0.0,3330.62
21681.88,71.7,95,0.0,3330.62
21681.88,70.91,92,2.4375,3330.62
21681.88,70.42,92,0.0,3330.62
21681.88,70.28,85,0.0,3330.62
21681.88,70.25,85,1.1875,3330.62
21681.88,70.28,95,0.0,3330.62
21681.88,70.46,95,0.0,3330.62
21681.88,70.66,95,0.0,3330.62
21681.88,70.64,95,1.2125,3330.62
21681.88,70.75,95,0.0,3330.62
21681.88,70.8,95,0.0,3330.62
21681.88,70.85,96,1.2125,3330.62
21681.88,71.56,96,0.0,3330.62
21681.88,71.79,93,0.0,3330.62
21681.88,71.61,93,0.0,3330.62
21681.88,71.62,94,1.25,3330.62
21681.88,70.09,94,1.25,3330.62
21681.88,69.32,85,0.0,3330.62
21681.88,69.04,85,0.0,3330.62
21681.88,69.26,94,0.0,3330.62
21681.88,69.48,94,1.25,3330.62
21681.88,69.77,94,0.0,3330.62
21681.88,69.99,94,0.0,3330.62
21681.88,70.2,94,1.2375,3330.62
21681.88,70.54,94,0.0,3330.62
21681.88,70.83,93,1.2375,3330.62
21681.88,70.93,93,0.0,3330.62
21681.88,72.31,94,1.25,3330.62
21681.88,73.0,94,0.0,3330.62
21681.88,73.16,93,0.0,3330.62
21681.88,73.11,93,1.25,3330.62
21681.88,72.94,93,0.0,3330.62
21681.88,72.88,94,0.0,3330.62
21681.88,72.96,94,0.0,3330.62
21681.88,72.93,93,1.25,3330.62
21681.88,73.04,93,0.0,3330.62
21681.88,73.0,94,0.0,3330.62
21681.88,72.65,94,2.4875,3330.62
21681.88,73.49,94,0.0,3330.62
21681.88,73.12,78,0.0,3330.62
21681.88,73.15,78,1.25,3330.62
21681.88,73.43,94,0.0,3330.62
21681.88,73.78,94,0.0,3330.62
21681.88,74.06,94,1.2375,3330.62
21681.88,74.34,94,0.0,3330.62
21681.88,74.02,94,0.0,3330.62
21681.88,73.67,94,1.2375,3330.62
21681.88,73.67,94,0.0,3330.62
21681.88,73.08,94,0.0,3330.62
21681.88,73.08,94,0.0,3330.62
21681.88,71.83,94,1.2375,3330.62
21681.88,71.87,94,0.0,3330.62
21681.88,71.63,94,0.0,3330.62
21681.88,71.47,94,1.2375,3330.62
21681.88,71.35,94,0.0,3330.62
21681.88,71.13,94,0.0,3330.62
21681.88,71.01,94,2.4875,3330.62
21681.88,71.09,93,1.2125,3330.62
21681.88,69.56,93,0.0,3330.62
21681.88,69.85,82,0.0,3330.62
21681.88,69.41,82,1.2125,3330.62
21681.88,69.94,96,0.0,3330.62
21681.88,70.42,96,0.0,3330.62
21681.88,70.75,94,1.1875,3330.62
21681.88,70.87,94,0.0,3330.62
21681.88,70.83,94,0.0,3330.62
21681.88,70.69,94,0.0,3330.62
21681.88,70.28,94,1.2125,3330.62
21681.88,70.0,94,0.0,3330.62
21681.88,71.74,94,0.0,3330.62
21681.88,71.67,94,0.0,3330.62
21681.88,72.31,94,0.0,3330.62
21681.88,72.17,93,1.2125,3330.62
21681.88,71.96,93,0.0,3330.62
21681.88,71.38,93,0.0,3330.62
21681.88,71.38,93,1.2125,3330.62
21681.88,71.46,95,0.0,3330.62
21681.88,71.75,95,1.225,3330.62
21681.88,72.02,94,0.0,3330.62
21681.88,71.99,94,1.2125,3330.62
21681.88,71.78,93,2.4375,3330.62
21681.88,72.56,93,0.0,3330.62
21681.88,72.7,80,0.0,3330.62
21681.88,72.09,80,0.0,3330.62
21681.88,72.25,94,1.225,3330.62
21681.88,72.57,94,0.0,3330.62
21681.88,72.61,93,0.0,3330.62
21681.88,72.78,93,0.0,3330.62
21681.88,72.66,94,1.2125,3330.62
21681.88,72.51,94,0.0,3330.62
21681.88,72.51,94,0.0,3330.62
21681.88,72.8,94,0.0,3330.62
21681.88,72.04,95,1.2125,3330.62
21681.88,71.85,95,0.0,3330.62
21681.88,72.37,94,0.0,3330.62
21681.88,72.24,94,1.2375,3330.62
21681.88,71.85,94,0.0,3330.62
21681.88,71.59,94,0.0,3330.62
21681.88,71.56,94,1.2125,3330.62
21681.88,71.71,94,0.0,3330.62
21681.88,71.98,94,0.0,3330.62
21681.88,71.98,94,0.0,3330.62
21681.88,71.77,93,1.1875,3330.62
21681.88,71.42,93,1.2125,3330.62
21681.88,71.57,93,0.0,3330.62
21681.88,73.23,82,2.45,3330.62
21681.88,72.48,82,0.0,3330.62
21681.88,72.5,94,0.0,3330.62
21681.88,72.71,94,0.0,3330.62
21681.88,72.65,94,1.2125,3330.62
21681.88,72.63,94,0.0,3330.62
21681.88,72.56,94,0.0,3330.62
21681.88,72.66,94,1.2125,3330.62
21681.88,73.24,94,0.0,3330.62
21681.88,73.24,94,0.0,3330.62
21681.88,73.19,94,1.2125,3330.62
21681.88,72.09,94,1.2125,3330.62
21681.88,68.56,75,1.2125,3330.62
21681.88,67.47,75,0.0,3330.62
21681.88,67.44,96,0.0,3330.62
21681.88,67.7,96,1.2125,3330.62
21681.88,67.73,94,0.0,3330.62
21681.88,67.77,94,0.0,3330.62
21681.88,67.9,94,0.0,3330.62
21681.88,68.01,94,1.2125,3330.62
21681.88,68.02,94,0.0,3330.62
21681.88,67.95,94,0.0,3330.62
21681.88,67.85,94,1.2125,3330.62
21681.88,71.21,94,1.2125,3330.62
21681.88,71.87,94,0.0,3330.62
21681.88,71.74,94,0.0,3330.62
21681.88,71.55,94,0.0,3330.62
21681.88,71.86,94,1.175,3330.62
21681.88,72.11,94,0.0,3330.62
21681.88,72.18,94,0.0,3330.62
21681.88,72.15,94,1.2125,3330.62
21681.88,72.13,94,0.0,3330.62
21681.88,72.27,94,0.0,3330.62
21681.88,72.4,79,2.425,3330.62
21681.88,69.22,79,0.0,3330.62
21681.88,68.51,94,0.0,3330.62
21681.88,68.88,94,1.2125,3330.62
21681.88,68.63,95,0.0,3330.62
21681.88,68.42,95,0.0,3330.62
21681.88,68.44,95,1.2125,3330.62
21681.88,68.59,95,0.0,3330.62
21681.88,68.63,95,0.0,3330.62
21681.88,68.6,95,1.2125,3330.62
21681.88,68.58,95,0.0,3330.62
21681.88,71.87,95,1.2125,3330.62
21681.88,72.56,95,0.0,3330.62
21681.88,72.34,95,1.2125,3330.62
21681.88,72.02,95,0.0,3330.62
21681.88,72.12,95,0.0,3330.62
21681.88,72.19,95,1.2125,3330.62
21681.88,72.21,95,0.0,3330.62
21681.88,72.1,95,0.0,3330.62
21681.88,72.13,95,1.2125,3330.62
21681.88,72.13,95,0.0,3330.62
21681.88,71.92,79,2.425,3330.62
21681.88,73.5,79,0.0,3330.62
21681.88,73.08,97,0.0,3330.62
21681.88,73.22,97,0.0,3330.62
21681.88,73.46,95,1.2125,3330.62
21681.88,73.55,95,0.0,3330.62
21681.88,73.71,95,0.0,3330.62
21681.88,73.91,95,1.2125,3330.62
21681.88,73.93,94,0.0,3330.62
21681.88,73.93,94,0.0,3330.62
21681.88,74.14,94,1.2125,3330.62
21681.88,72.48,94,0.0,3330.62
21681.88,72.99,94,0.0,3330.62
21681.88,72.83,94,1.2125,3330.62
21681.88,72.49,94,0.0,3330.62
21681.88,72.3,94,0.0,3330.62
21681.88,72.05,94,1.2125,3330.62
21681.88,71.7,94,0.0,3330.62
21681.88,71.26,95,0.0,3330.62
21681.88,70.91,95,0.0,3330.62
21681.88,70.8,95,1.2125,3330.62
21681.88,70.79,95,0.0,3330.62
21681.88,70.92,95,2.425,3330.62
21681.88,72.59,95,0.0,3330.62
21681.88,72.27,79,1.2125,3330.62
21681.88,72.69,79,1.2125,3330.62
21681.88,73.02,94,0.0,3330.62
21681.88,72.89,94,0.0,3330.62
21681.88,73.06,94,1.2125,3330.62
21681.88,72.95,93,0.0,3330.62
21681.88,73.17,93,0.0,3330.62
21681.88,73.06,94,1.2125,3330.62
21681.88,72.9,94,0.0,3330.62
21681.88,72.7,94,0.0,3330.62
21681.88,71.2,93,1.2125,3330.62
21681.88,70.89,93,0.0,3330.62
21681.88,70.66,93,0.0,3330.62
21681.88,67.68,82,1.2125,3330.62
21681.88,66.75,82,1.2125,3330.62
21681.88,66.67,82,0.0,3330.62
21681.88,66.75,93,0.0,3330.62
21681.88,67.04,93,0.0,3330.62
21681.88,67.34,94,1.225,3330.62
21681.88,67.55,94,0.0,3330.62
21681.88,67.72,94,0.0,3330.62
21681.88,67.72,94,0.0,3330.62
21681.88,67.9,94,1.225,3330.62
21681.88,67.71,94,0.0,3330.62
21681.88,70.74,94,0.0,3330.62
21681.88,71.66,94,0.0,3330.62
21681.88,72.17,94,1.225,3330.62
21681.88,72.17,94,0.0,3330.62
21681.88,72.38,94,0.0,3330.62
21681.88,72.38,94,0.0,3330.62
21681.88,72.55,94,1.225,3330.62
21681.88,72.65,94,0.0,3330.62
21681.88,72.65,94,0.0,3330.62
21681.88,72.7,93,0.0,3330.62
21681.88,72.88,93,1.2125,3330.62
21681.88,72.97,93,1.2125,3330.62
21681.88,71.0,87,0.0,3330.62
21681.88,71.09,87,1.2125,3330.62
21681.88,71.22,87,0.0,3330.62
21681.88,71.48,94,0.0,3330.62
21681.88,71.64,94,1.225,3330.62
21681.88,71.82,94,0.0,3330.62
21681.88,71.88,94,0.0,3330.62
21681.88,71.88,94,1.225,3330.62
21681.88,71.83,94,0.0,3330.62
21681.88,73.75,94,0.0,3330.62
21681.88,73.11,94,1.2125,3330.62
21681.88,73.52,94,1.225,3330.62
21681.88,73.47,94,0.0,3330.62
21681.88,73.47,93,0.0,3330.62
21681.88,73.37,93,0.0,3330.62
21681.88,73.39,93,1.225,3330.62
21681.88,73.27,93,0.0,3330.62
21681.88,73.08,94,0.0,3330.62
21681.88,72.9,94,1.2125,3330.62
21681.88,72.9,94,0.0,3330.62
21681.88,72.65,94,2.425,3330.62
21681.88,72.36,94,0.0,3330.62
21681.88,73.36,94,0.0,3330.62
21681.88,73.12,80,1.2125,3330.62
21681.88,73.12,80,0.0,3330.62
21681.88,72.89,94,0.0,3330.62
21681.88,72.89,94,0.0,3330.62
21681.88,72.87,94,1.225,3330.62
21681.88,73.0,94,0.0,3330.62
21681.88,73.0,94,0.0,3330.62
21681.88,73.41,94,0.0,3330.62
21681.88,73.41,94,0.0,3330.62
21681.88,73.63,94,1.2125,3330.62
21681.88,71.95,94,0.0,3330.62
21681.88,72.31,93,1.2125,3330.62
21681.88,72.41,93,2.3375,3330.62
21681.88,72.41,79,0.0,3330.62
21681.88,68.03,79,0.0,3330.62
21681.88,67.84,91,1.2125,3330.62
21681.88,68.29,91,0.0,3330.62
21681.88,68.67,93,0.0,3330.62
21681.88,68.98,93,1.225,3330.62
21681.88,69.01,93,0.0,3330.62
21681.88,68.87,93,0.0,3330.62
21681.88,68.41,95,1.225,3330.62
21681.88,67.96,95,0.0,3330.62
21681.88,67.96,94,0.0,3330.62
21681.88,71.7,94,1.2125,3330.62
21681.88,71.7,94,1.2125,3330.62
21681.88,71.67,94,0.0,3330.62
21681.88,71.42,94,0.0,3330.62
21681.88,71.13,94,0.0,3330.62
21681.88,70.95,94,1.1375,3330.62
21681.88,73.59,94,1.1375,3330.62
21681.88,72.86,78,0.0,3330.62
21681.88,73.18,78,1.2375,3330.62
21681.88,73.54,95,0.0,3330.62
21681.88,73.94,95,0.0,3330.62
21681.88,73.94,95,0.0,3330.62
21681.88,74.05,95,1.2375,3330.62
21681.88,74.18,94,0.0,3330.62
21681.88,74.19,94,0.0,3330.62
21681.88,74.36,94,0.0,3330.62
21681.88,74.11,94,0.0,3330.62
21681.88,73.91,95,1.225,3330.62
21681.88,71.63,95,0.0,3330.62
21681.88,72.56,95,0.0,3330.62
21681.88,72.33,95,0.0,3330.62
21681.88,72.23,95,1.225,3330.62
21681.88,72.11,96,0.0,3330.62
21681.88,72.16,96,0.0,3330.62
21681.88,72.23,96,0.0,3330.62
21681.88,72.03,96,1.2125,3330.62
21681.88,72.11,95,1.2125,3330.62
21681.88,71.84,95,2.4375,3330.62
21681.88,74.04,76,0.0,3330.62
21681.88,73.64,76,0.0,3330.62
21681.88,73.96,94,1.2125,3330.62
21681.88,73.96,94,0.0,3330.62
21681.88,74.12,94,0.0,3330.62
21681.88,74.21,94,1.2125,3330.62
21681.88,74.29,94,0.0,3330.62
21681.88,74.53,94,0.0,3330.62
21681.88,74.51,94,1.2125,3330.62
21681.88,74.45,94,0.0,3330.62
21681.88,74.74,94,0.0,3330.62
21681.88,72.49,94,0.0,3330.62
21681.88,72.8,94,1.2125,3330.62
21681.88,72.92,93,0.0,3330.62
21681.88,72.92,93,0.0,3330.62
21681.88,73.15,93,1.2125,3330.62
21681.88,72.76,93,0.0,3330.62
21681.88,72.33,94,0.0,3330.62
21681.88,71.95,94,0.0,3330.62
21681.88,71.63,94,1.2125,3330.62
21681.88,68.06,94,1.2125,3330.62
21681.88,68.32,79,2.425,3330.62
21681.88,67.86,79,0.0,3330.62
21681.88,68.19,95,0.0,3330.62
21681.88,68.17,95,1.2125,3330.62
21681.88,67.95,93,0.0,3330.62
21681.88,67.97,93,0.0,3330.62
21681.88,68.18,94,1.2125,3330.62
21681.88,68.38,94,0.0,3330.62
21681.88,68.39,94,0.0,3330.62
21681.88,68.48,94,0.0,3330.62
21681.88,71.93,94,1.2125,3330.62
21681.88,71.67,94,0.0,3330.62
21681.88,72.2,94,0.0,3330.62
21681.88,72.1,95,1.2125,3330.62
21681.88,72.1,95,0.0,3330.62
21681.88,72.11,94,0.0,3330.62
21681.88,72.05,92,0.0,3330.62
21681.88,71.84,92,1.2125,3330.62
21681.88,71.48,94,0.0,3330.62
21681.88,71.83,94,0.0,3330.62
21681.88,72.18,94,1.2125,3330.62
21681.88,72.18,94,1.2125,3330.62
21681.88,70.23,88,0.0,3330.62
21681.88,70.75,88,1.2125,3330.62
21681.88,69.88,86,1.175,3330.62
21681.88,69.69,86,0.0,3330.62
21681.88,69.82,94,1.225,3330.62
21681.88,69.57,94,0.0,3330.62
21681.88,69.81,92,0.0,3330.62
21681.88,70.05,92,0.0,3330.62
21681.88,69.8,94,0.0,3330.62
21681.88,69.75,94,1.225,3330.62
21681.88,69.84,94,0.0,3330.62
21681.88,71.83,94,0.0,3330.62
21681.88,71.18,94,0.0,3330.62
21681.88,71.87,94,1.225,3330.62
21681.88,71.87,94,0.0,3330.62
21681.88,71.69,94,0.0,3330.62
21681.88,71.77,95,0.0,3330.62
21681.88,71.87,94,0.0,3330.62
21681.88,71.88,94,1.225,3330.62
21681.88,71.66,94,0.0,3330.62
21681.88,71.53,94,0.0,3330.62
21681.88,71.56,94,1.225,3330.62
21681.88,71.57,94,1.2125,3330.62
21681.88,72.86,76,1.2125,3330.62
21681.88,73.18,76,0.0,3330.62
21681.88,72.71,96,0.0,3330.62
21681.88,72.71,96,0.0,3330.62
21681.88,72.73,93,1.2125,3330.62
21681.88,73.04,93,0.0,3330.62
21681.88,73.62,94,0.0,3330.62
21681.88,74.03,94,1.2125,3330.62
21681.88,73.95,94,0.0,3330.62
21681.88,73.57,94,0.0,3330.62
21681.88,73.67,94,0.0,3330.62
21681.88,72.32,94,1.225,3330.62
21681.88,71.81,95,0.0,3330.62
21681.88,72.14,95,0.0,3330.62
21681.88,72.1,94,0.0,3330.62
21681.88,72.16,94,1.2125,3330.62
21681.88,72.15,95,0.0,3330.62
21681.88,71.85,95,0.0,3330.62
21681.88,71.52,94,0.0,3330.62
21681.88,71.49,94,1.225,3330.62
21681.88,71.94,95,0.0,3330.62
21681.88,71.89,95,0.0,3330.62
21681.88,71.88,96,1.225,3330.62
21681.88,71.99,84,0.0,3330.62
21681.88,72.62,84,1.2125,3330.62
21681.88,72.37,96,1.2125,3330.62
21681.88,72.45,96,0.0,3330.62
21681.88,72.7,95,0.0,3330.62
21681.88,72.81,95,1.175,3330.62
21681.88,72.97,95,0.0,3330.62
21681.88,72.77,95,0.0,3330.62
21681.88,72.72,96,0.0,3330.62
21681.88,72.84,96,1.25,3330.62
21681.88,72.71,95,0.0,3330.62
21681.88,72.1,95,0.0,3330.62
21681.88,72.62,95,0.0,3330.62
21681.88,72.56,95,1.25,3330.62
21681.88,72.56,95,0.0,3330.62
21681.88,72.28,95,0.0,3330.62
21681.88,71.94,95,0.0,3330.62
21681.88,72.1,95,1.2375,3330.62
21681.88,72.1,95,0.0,3330.62
21681.88,72.27,95,1.2375,3330.62
21681.88,72.4,95,0.0,3330.62
21681.88,73.95,84,1.25,3330.62
21681.88,73.75,84,0.0,3330.62
21681.88,74.03,95,0.0,3330.62
21681.88,74.11,95,0.0,3330.62
21681.88,74.19,95,1.2375,3330.62
21681.88,74.25,95,0.0,3330.62
21681.88,74.26,95,0.0,3330.62
21681.88,74.3,95,0.0,3330.62
21681.88,74.21,95,1.2375,3330.62
21681.88,74.15,95,1.25,3330.62
21681.88,72.33,95,0.0,3330.62
21681.88,72.72,95,0.0,3330.62
21681.88,72.77,95,0.0,3330.62
21681.88,72.8,93,1.25,3330.62
21681.88,72.76,93,0.0,3330.62
21681.88,72.78,93,0.0,3330.62
21681.88,72.91,93,1.25,3330.62
21681.88,72.91,93,0.0,3330.62
21681.88,72.94,93,0.0,3330.62
21681.88,72.94,94,0.0,3330.62
21681.88,73.06,94,2.4875,3330.62
21681.88,73.66,80,0.0,3330.62
21681.88,73.23,80,0.0,3330.62
21681.88,73.06,94,0.0,3330.62
21681.88,72.94,94,1.25,3330.62
21681.88,72.81,94,0.0,3330.62
21681.88,73.01,94,0.0,3330.62
21681.88,73.07,94,0.0,3330.62
21681.88,73.05,94,0.0,3330.62
21681.88,73.0,94,0.0,3330.62
21681.88,73.0,94,1.25,3330.62
21681.88,72.92,94,0.0,3330.62
21681.88,72.34,94,0.0,3330.62
21681.88,72.34,94,0.0,3330.62
21681.88,72.79,94,1.25,3330.62
21681.88,72.86,94,0.0,3330.62
21681.88,72.95,94,0.0,3330.62
21681.88,73.15,94,0.0,3330.62
21681.88,72.83,94,1.25,3330.62
21681.88,72.66,93,1.175,3330.62
21681.88,72.45,93,0.0,3330.62
21681.88,72.36,93,2.425,3330.62
21681.88,72.04,93,0.0,3330.62
21681.88,71.76,82,0.0,3330.62
21681.88,71.68,82,1.2125,3330.62
21681.88,71.57,94,0.0,3330.62
21681.88,71.42,94,0.0,3330.62
21681.88,71.24,94,0.0,3330.62
21681.88,71.38,94,1.2125,3330.62
21681.88,71.35,94,0.0,3330.62
21681.88,71.41,94,0.0,3330.62
21681.88,71.58,94,0.0,3330.62
21681.88,71.7,94,1.2125,3330.62
21681.88,71.99,94,0.0,3330.62
21681.88,72.37,94,0.0,3330.62
21681.88,72.57,94,1.225,3330.62
21681.88,72.75,94,1.15,3330.62
21681.88,72.86,94,1.2125,3330.62
21681.88,74.34,94,0.0,3330.62
21681.88,73.65,78,1.225,3330.62
21681.88,73.91,94,0.0,3330.62
21681.88,74.26,94,0.0,3330.62
21681.88,74.4,94,1.2125,3330.62
21681.88,74.44,94,0.0,3330.62
21681.88,74.87,94,0.0,3330.62
21681.88,74.85,94,0.0,3330.62
21681.88,74.67,94,1.2125,3330.62
21681.88,74.36,94,0.0,3330.62
21681.88,72.72,94,0.0,3330.62
21681.88,73.44,94,1.2125,3330.62
21681.88,73.38,94,0.0,3330.62
21681.88,73.14,94,0.0,3330.62
21681.88,72.77,94,1.2125,3330.62
21681.88,72.63,94,0.0,3330.62
21681.88,72.46,94,0.0,3330.62
21681.88,72.13,94,0.0,3330.62
21681.88,71.75,94,3.6375,3330.62
21681.88,72.95,94,1.2125,3330.62
21681.88,72.19,78,0.0,3330.62
21681.88,72.2,78,0.0,3330.62
21681.88,72.29,94,0.0,3330.62
21681.88,72.43,95,1.2125,3330.62
21681.88,72.64,95,0.0,3330.62
21681.88,73.18,95,0.0,3330.62
21681.88,73.24,95,0.0,3330.62
21681.88,73.19,95,1.25,3330.62
21681.88,72.95,95,0.0,3330.62
21681.88,73.04,95,0.0,3330.62
21681.88,71.6,95,1.25,3330.62
21681.88,72.35,95,0.0,3330.62
21681.88,72.35,94,0.0,3330.62
21681.88,72.27,94,0.0,3330.62
21681.88,72.36,94,1.2375,3330.62
21681.88,72.28,94,0.0,3330.62
21681.88,72.28,94,0.0,3330.62
21681.88,72.5,94,1.2375,3330.62
21681.88,72.56,93,0.0,3330.62
21681.88,72.85,93,0.0,3330.62
21681.88,73.0,93,2.4875,3330.62
21681.88,75.0,93,0.0,3330.62
21681.88,75.19,78,1.25,3330.62
21681.88,74.35,78,0.0,3330.62
21681.88,74.24,94,1.2375,3330.62
21681.88,74.2,94,1.2375,3330.62
21681.88,74.1,93,0.0,3330.62
21681.88,74.17,93,0.0,3330.62
21681.88,74.22,93,1.2375,3330.62
21681.88,73.83,92,0.0,3330.62
21681.88,73.77,92,0.0,3330.62
21681.88,73.77,92,0.0,3330.62
21681.88,71.8,94,1.25,3330.62
21681.88,71.47,94,0.0,3330.62
21681.88,72.02,94,0.0,3330.62
21681.88,72.17,94,0.0,3330.62
21681.88,72.18,94,1.25,3330.62
21681.88,72.23,94,0.0,3330.62
21681.88,72.09,94,0.0,3330.62
21681.88,71.93,94,0.0,3330.62
21681.88,72.04,94,0.0,3330.62
21681.88,72.04,94,1.25,3330.62
21681.88,71.87,94,0.0,3330.62
21681.88,72.17,95,1.2375,3330.62
21681.88,74.08,95,1.2375,3330.62
21681.88,73.44,80,0.0,3330.62
21681.88,73.33,80,0.0,3330.62
21681.88,73.31,80,0.0,3330.62
21681.88,73.47,94,1.2375,3330.74
21681.88,73.78,94,0.0,3330.74
21681.88,74.05,93,0.0,3330.74
21681.88,74.05,93,1.2125,3330.74
21681.88,74.34,94,0.0,3330.74
21681.88,74.47,94,0.0,3330.74
21681.88,74.42,94,1.2125,3330.74
21681.88,74.0,94,1.2375,3330.74
21681.88,72.01,94,0.0,3330.74
21681.88,72.29,94,0.0,3330.74
21681.88,72.03,94,1.2125,3330.74
21681.88,71.79,94,0.0,3330.74
21681.88,71.45,94,0.0,3330.74
21681.88,71.11,94,1.2125,3330.74
21681.88,70.98,94,0.0,3330.74
21681.88,70.52,92,0.0,3330.74
21681.88,70.44,92,0.0,3330.74
21681.88,70.56,94,2.4125,3330.74
21681.88,72.71,94,0.0,3330.74
21681.88,72.28,81,1.2125,3330.74
21681.88,71.55,81,0.0,3330.74
21681.88,71.61,95,0.0,3330.74
21681.88,71.87,95,1.2125,3330.74
21681.88,72.12,94,0.0,3330.74
21681.88,72.33,94,0.0,3330.74
21681.88,72.46,94,0.0,3330.74
21681.88,72.74,94,1.2125,3330.74
21681.88,72.81,95,0.0,3330.74
21681.88,73.05,94,0.0,3330.74
21681.88,70.96,94,0.0,3330.74
21681.88,71.38,95,2.425,3330.74
21681.88,72.2,95,0.0,3330.74
21681.88,72.03,93,0.0,3330.74
21681.88,72.04,93,1.2125,3330.74
21681.88,72.1,93,0.0,3330.74
21681.88,72.07,94,0.0,3330.74
21681.88,72.05,94,1.2125,3330.74
21681.88,72.05,94,0.0,3330.74
21681.88,72.13,94,0.0,3330.74
21681.88,71.85,94,1.2125,3330.74
21681.88,71.97,94,0.0,3330.74
21681.88,68.74,94,2.4125,3330.74
21681.88,67.93,94,0.0,3330.74
21681.88,67.58,78,0.0,3330.74
21681.88,67.58,78,0.0,3330.74
21681.88,67.46,93,1.2125,3330.74
21681.88,67.41,93,0.0,3330.74
21681.88,67.44,91,0.0,3330.74
21681.88,67.27,91,1.2,3330.74
21681.88,67.46,93,0.0,3330.74
21681.88,67.46,93,0.0,3330.74
21681.88,67.67,94,0.0,3330.74
21681.88,67.53,94,1.225,3330.74
21681.88,71.39,94,0.0,3330.74
21681.88,71.42,94,0.0,3330.74
21681.88,71.4,94,0.0,3330.74
21681.88,71.41,94,1.225,3330.74
21681.88,71.76,94,0.0,3330.74
21681.88,72.11,94,1.2125,3330.74
21681.88,72.2,94,0.0,3330.74
21681.88,72.25,94,1.2125,3330.74
21681.88,72.4,94,0.0,3330.74
21681.88,72.46,94,2.425,3330.74
21681.88,69.96,94,0.0,3330.74
21681.88,69.26,79,0.0,3330.74
21681.88,69.06,79,1.2125,3330.74
21681.88,69.08,94,0.0,3330.74
21681.88,69.17,94,0.0,3330.74
21681.88,69.03,94,1.2125,3330.74
21681.88,69.15,94,0.0,3330.74
21681.88,69.42,95,0.0,3330.74
21681.88,69.47,95,0.0,3330.74
21681.88,69.46,94,1.2125,3330.74
21681.88,69.52,93,0.0,3330.74
21681.88,72.0,93,0.0,3330.74
21681.88,72.79,93,0.0,3330.74
21681.88,73.09,93,1.225,3330.74
21681.88,73.11,93,0.0,3330.74
21681.88,69.69,93,1.2125,3330.74
21681.88,68.48,79,1.2125,3330.74
21681.88,68.15,79,0.0,3330.74
21681.88,68.21,94,0.0,3330.74
21681.88,68.62,94,1.2125,3330.74
21681.88,68.81,93,0.0,3330.74
21681.88,69.01,93,0.0,3330.74
21681.88,69.2,94,1.2125,3330.74
21681.88,69.22,94,0.0,3330.74
21681.88,69.03,94,0.0,3330.74
21681.88,68.66,94,0.0,3330.74
21681.88,71.89,94,1.2125,3330.74
21681.88,72.77,94,0.0,3330.74
21681.88,72.96,94,1.2125,3330.74
21681.88,73.04,94,0.0,3330.74
21681.88,72.97,92,0.0,3330.74
21681.88,72.99,92,0.0,3330.74
21681.88,73.05,94,1.225,3330.74
21681.88,73.0,94,0.0,3330.74
21681.88,73.01,94,0.0,3330.74
21681.88,72.6,94,0.0,3330.74
21681.88,69.61,94,3.6625,3330.74
21681.88,68.58,94,0.0,3330.74
21681.88,68.13,81,0.0,3330.74
21681.88,68.13,81,0.0,3330.74
21681.88,67.98,94,0.0,3330.74
21681.88,67.98,94,1.225,3330.74
21681.88,68.03,94,0.0,3330.74
21681.88,68.16,94,0.0,3330.74
21681.88,68.24,94,1.225,3330.74
21681.88,68.11,94,0.0,3330.74
21681.88,68.19,94,0.0,3330.74
21681.88,68.47,94,0.0,3330.74
21681.88,71.44,94,1.225,3330.74
21681.88,72.36,94,0.0,3330.74
21681.88,72.77,94,0.0,3330.74
21681.88,72.91,95,0.0,3330.74
21681.88,72.78,95,0.0,3330.74
21681.88,72.42,95,0.0,3330.74
21681.88,72.22,95,1.225,3330.74
21681.88,72.27,96,0.0,3330.74
21681.88,72.26,96,0.0,3330.74
21681.88,72.26,96,0.0,3330.74
21681.88,71.53,96,1.225,3330.74
21681.88,70.61,84,0.0,3330.74
21681.88,70.46,84,1.225,3330.74
21681.88,70.4,95,0.0,3330.74
21681.88,70.4,95,0.0,3330.74
21681.88,70.93,95,0.0,3330.74
21681.88,70.93,95,1.225,3330.74
21681.88,71.12,95,0.0,3330.74
21681.88,71.01,95,0.0,3330.74
21681.88,70.77,95,0.0,3330.74
21681.88,70.7,95,1.225,3330.74
21681.88,71.41,95,0.0,3330.74
21681.88,72.4,95,0.0,3330.74
21681.88,72.53,95,1.225,3330.74
21681.88,72.24,95,0.0,3330.74
21681.88,72.04,96,0.0,3330.74
21681.88,71.8,96,0.0,3330.74
21681.88,71.57,95,1.2375,3330.74
21681.88,69.64,95,0.0,3330.74
21681.88,69.81,84,0.0,3330.74
21681.88,69.44,84,1.2375,3330.74
21681.88,69.6,96,0.0,3330.74
21681.88,69.85,96,0.0,3330.74
21681.88,70.1,96,0.0,3330.74
21681.88,70.14,96,0.0,3330.74
21681.88,70.46,96,1.225,3330.74
21681.88,70.53,95,0.0,3330.74
21681.88,70.08,95,0.0,3330.74
21681.88,69.96,95,0.0,3330.74
21681.88,71.83,95,0.0,3330.74
21681.88,71.62,95,0.0,3330.74
21681.88,71.91,95,1.225,3330.74
21681.88,71.81,95,0.0,3330.74
21681.88,71.71,95,0.0,3330.74
21681.88,71.73,95,0.0,3330.74
21681.88,71.63,95,0.0,3330.74
21681.88,71.45,95,0.0,3330.74
21681.88,71.45,96,0.0,3330.74
21681.88,71.85,96,1.2125,3330.74
21681.88,72.02,96,1.225,3330.74
21681.88,72.02,96,1.225,3330.74
21681.88,72.21,84,0.0,3330.74
21681.88,72.21,84,0.0,3330.74
21681.88,72.27,96,0.0,3330.74
21681.88,72.24,96,0.0,3330.74
21681.88,72.37,96,1.225,3330.74
21681.88,72.45,96,0.0,3330.74
21681.88,72.46,96,0.0,3330.74
21681.88,72.53,96,0.0,3330.74
21681.88,72.31,96,1.2125,3330.74
21681.88,72.14,96,0.0,3330.74
21681.88,72.17,96,0.0,3330.74
21681.88,72.16,96,1.2125,3330.74
21681.88,72.25,96,0.0,3330.74
21681.88,72.47,95,0.0,3330.74
21681.88,72.63,95,1.2125,3330.74
21681.88,72.26,95,0.0,3330.74
21681.88,72.02,95,0.0,3330.74
21681.88,71.7,95,0.0,3330.74
21681.88,71.77,95,0.0,3330.74
21681.88,71.86,95,1.2375,3330.74
21681.88,68.66,95,1.225,3330.74
21681.88,68.02,84,0.0,3330.74
21681.88,68.2,84,0.0,3330.74
21681.88,68.19,84,0.0,3330.74
21681.88,68.29,95,0.0,3330.74
21681.88,68.18,95,1.225,3330.74
21681.88,68.18,95,0.0,3330.74
21681.88,68.5,96,0.0,3330.74
21681.88,68.91,96,0.0,3330.74
21681.88,68.98,95,0.0,3330.74
21681.88,69.0,95,1.225,3330.74
21681.88,72.36,93,0.0,3330.74
21681.88,73.2,93,1.2125,3330.74
21681.88,73.2,94,0.0,3330.74
21681.88,73.28,94,1.2125,3330.74
21681.88,73.21,94,0.0,3330.74
21681.88,73.27,94,0.0,3330.74
21681.88,73.13,94,0.0,3330.74
21681.88,72.97,94,1.175,3330.74
21681.88,72.98,93,0.0,3330.74
21681.88,73.01,93,2.425,3330.74
21681.88,74.41,79,0.0,3330.74
21681.88,73.54,95,0.0,3330.74
21681.88,73.66,95,0.0,3330.74
21681.88,73.54,95,1.2125,3330.74
21681.88,73.38,95,0.0,3330.74
21681.88,73.3,94,0.0,3330.74
21681.88,73.3,94,1.175,3330.74
21681.88,73.39,94,0.0,3330.74
21681.88,73.29,94,0.0,3330.74
21681.88,73.08,94,1.2125,3330.74
21681.88,71.68,94,0.0,3330.74
21681.88,72.38,94,0.0,3330.74
21681.88,72.25,94,1.225,3330.74
21681.88,72.42,94,0.0,3330.74
21681.88,72.53,94,0.0,3330.74
21681.88,72.58,94,1.2125,3330.74
21681.88,72.49,94,0.0,3330.74
21681.88,72.49,94,0.0,3330.74
21681.88,72.42,94,3.625,3330.74
21681.88,69.07,78,0.0,3330.74
21681.88,68.71,78,1.2125,3330.74
21681.88,68.51,91,0.0,3330.74
21681.88,68.72,91,1.2125,3330.74
21681.88,68.72,93,0.0,3330.74
21681.88,68.64,93,0.0,3330.74
21681.88,68.41,93,1.2125,3330.74
21681.88,68.23,93,0.0,3330.74
21681.88,67.98,93,0.0,3330.74
21681.88,67.65,93,0.0,3330.74
21681.88,67.2,93,1.2125,3330.74
21681.88,70.36,93,0.0,3330.74
21681.88,70.65,93,1.2125,3330.74
21681.88,70.81,93,0.0,3330.74
21681.88,70.54,94,0.0,3330.74
21681.88,70.41,94,0.0,3330.74
21681.88,70.43,94,1.2125,3330.74
21681.88,70.76,92,0.0,3330.74
21681.88,70.82,92,0.0,3330.74
21681.88,70.72,94,1.2125,3330.74
21681.88,71.01,94,0.0,3330.74
21681.88,71.55,94,2.3625,3330.74
21681.88,73.39,94,0.0,3330.74
21681.88,73.14,79,0.0,3330.74
21681.88,73.56,79,1.2125,3330.74
21681.88,73.95,94,0.0,3330.74
21681.88,74.23,94,1.175,3330.74
21681.88,73.8,94,0.0,3330.74
21681.88,73.77,94,0.0,3330.74
21681.88,73.96,94,1.2125,3330.74
21681.88,73.91,94,0.0,3330.74
21681.88,73.84,94,0.0,3330.74
21681.88,73.54,94,1.2125,3330.74
21681.88,71.94,92,0.0,3330.74
21681.88,72.1,92,0.0,3330.74
21681.88,71.87,94,1.2125,3330.74
21681.88,71.61,94,0.0,3330.74
21681.88,71.51,94,0.0,3330.74
21681.88,71.71,94,1.2125,3330.74
21681.88,71.72,94,0.0,3330.74
21681.88,71.66,94,0.0,3330.74
21681.88,71.63,94,1.2125,3330.74
21681.88,72.06,94,0.0,3330.74
