gpu_memory_mb,gpu_power_w,gpu_util_pct,cpu_util_pct,ram_mb
21583.88,31.12,0,2.175,3280.1
21583.88,29.17,0,0.0,3280.1
21583.88,30.65,12,0.0,3280.1
21583.88,33.2,90,1.2375,3280.1
21583.88,37.07,90,0.0,3280.1
21583.88,41.11,88,0.0,3280.1
21583.88,49.19,88,0.0,3280.1
21583.88,53.24,88,1.2375,3280.1
21583.88,57.32,88,1.2375,3280.1
21583.88,61.42,88,0.0,3280.1
21583.88,65.32,88,1.2375,3280.1
21583.88,71.97,88,0.0,3280.1
21583.88,71.21,88,0.0,3280.1
21583.88,72.19,87,0.0,3280.1
21583.88,72.02,87,2.4875,3280.1
21583.88,73.92,87,0.0,3280.1
21583.88,72.7,74,0.0,3280.1
21583.88,72.66,74,0.0,3280.1
21583.88,72.66,88,1.25,3280.1
21583.88,72.74,88,0.0,3280.1
21583.88,72.71,88,0.0,3280.1
21583.88,72.72,88,1.2375,3280.1
21583.88,72.82,88,0.0,3280.1
21583.88,72.98,87,0.0,3280.1
21583.88,73.1,87,0.0,3280.1
21583.88,73.11,86,1.25,3280.1
21583.88,73.19,86,0.0,3280.1
21583.88,71.13,87,0.0,3280.1
21583.88,71.9,87,0.0,3280.1
21583.88,71.78,87,1.25,3280.1
21583.88,68.82,87,1.2375,3280.1
21583.88,67.29,76,0.0,3280.1
21583.88,67.48,76,0.0,3280.1
21583.88,67.85,87,1.2375,3280.1
21583.88,68.36,87,0.0,3280.1
21583.88,69.03,87,0.0,3280.1
21583.88,69.16,87,1.225,3280.1
21583.88,69.19,86,0.0,3280.1
21583.88,69.51,86,0.0,3280.1
21583.88,69.35,87,1.225,3280.1
21583.88,67.87,87,0.0,3280.1
21583.88,70.22,76,1.225,3280.1
21583.88,71.7,76,0.0,3280.1
21583.88,71.68,87,0.0,3280.1
21583.88,71.72,87,1.225,3280.1
21583.88,71.82,87,0.0,3280.1
21583.88,71.9,87,0.0,3280.1
21583.88,72.16,88,1.2125,3280.1
21583.88,69.02,88,1.2125,3280.1
21583.88,67.99,77,0.0,3280.1
21583.88,68.24,77,0.0,3280.1
21583.88,69.88,87,1.2,3280.1
21583.88,70.35,87,0.0,3280.1
21583.88,69.86,88,0.0,3280.1
21583.88,70.26,88,1.1875,3280.1
21583.88,69.94,88,2.4125,3280.1
21583.88,69.05,88,0.0,3280.1
21583.88,67.41,74,1.225,3280.1
21583.88,67.22,87,0.0,3280.1
21583.88,70.71,87,0.0,3280.1
21583.88,72.01,88,1.2125,3280.1
21583.88,72.25,88,0.0,3280.1
21583.88,72.3,88,0.0,3280.1
21583.88,72.34,88,0.0,3280.1
21583.88,72.41,87,1.225,3280.1
21583.88,72.28,87,1.2125,3280.1
21583.88,72.14,77,0.0,3280.1
21583.88,74.62,77,0.0,3280.1
21583.88,74.23,89,1.2125,3280.1
21583.88,73.99,89,0.0,3280.1
21583.88,73.75,88,0.0,3280.1
21583.88,73.67,88,1.2125,3280.1
21583.88,73.44,87,0.0,3280.1
21583.88,73.26,87,0.0,3280.1
21583.88,73.23,87,1.2125,3280.1
21583.88,73.25,87,0.0,3280.1
21583.88,73.06,88,0.0,3280.1
21583.88,70.93,88,2.4125,3280.1
21583.88,72.23,88,0.0,3280.1
21583.88,72.23,88,0.0,3280.1
21583.88,72.01,88,1.2125,3280.1
21583.88,69.1,88,1.2125,3280.1
21583.88,67.58,77,0.0,3280.1
21583.88,67.54,77,0.0,3280.1
21583.88,67.45,89,0.0,3280.1
21583.88,67.32,89,1.225,3280.1
21583.88,67.17,88,1.2125,3280.1
21583.88,69.49,88,0.0,3280.1
21583.88,68.32,75,1.2125,3280.1
21583.88,68.82,75,0.0,3280.1
21583.88,69.24,88,0.0,3280.1
21583.88,69.6,88,1.2125,3280.1
21583.88,72.53,88,0.0,3280.1
21583.88,73.9,88,0.0,3280.1
21583.88,74.05,87,0.0,3280.1
21583.88,74.06,87,1.2125,3280.1
21583.88,73.97,87,0.0,3280.1
21583.88,73.43,87,1.2125,3280.1
21583.88,71.41,85,0.0,3280.1
21583.88,72.67,85,0.0,3280.1
21583.88,72.53,88,1.2125,3280.1
21583.88,72.34,88,1.2125,3280.1
21583.88,70.79,84,1.2125,3280.1
21583.88,68.79,84,0.0,3280.1
21583.88,68.91,80,1.2125,3280.1
21583.88,69.21,80,0.0,3280.1
21583.88,69.21,87,0.0,3280.1
21583.88,69.67,87,1.2125,3280.1
21583.88,70.84,87,0.0,3280.1
21583.88,70.84,87,0.0,3280.1
21583.88,71.17,87,0.0,3280.1
21583.88,71.15,87,1.2125,3280.1
21583.88,72.19,87,0.0,3280.1
21583.88,73.3,87,0.0,3280.1
21583.88,73.27,87,1.2125,3280.1
21583.88,70.58,88,1.2125,3280.1
21583.88,70.58,88,0.0,3280.1
21583.88,68.41,75,0.0,3280.1
21583.88,67.95,75,1.2125,3280.1
21583.88,67.6,86,0.0,3280.1
21583.88,67.45,86,0.0,3280.1
21583.88,67.45,87,2.425,3280.1
21583.88,67.19,87,0.0,3280.1
21583.88,66.33,76,0.0,3280.1
21583.88,66.79,76,0.0,3280.1
21583.88,66.88,86,2.45,3280.1
21583.88,68.87,86,0.0,3280.1
21583.88,68.87,88,0.0,3280.1
21583.88,69.9,88,1.2125,3280.1
21583.88,70.21,87,0.0,3280.1
21583.88,69.95,87,0.0,3280.1
21583.88,70.27,86,1.2125,3280.1
21583.88,70.14,86,0.0,3280.1
21583.88,70.0,86,0.0,3280.1
21583.88,70.72,86,1.2125,3280.1
21583.88,70.74,88,0.0,3280.1
21583.88,70.56,88,1.225,3280.1
21583.88,66.31,76,0.0,3280.1
21583.88,66.31,76,1.2125,3280.1
21583.88,66.16,90,0.0,3280.1
21583.88,66.24,90,0.0,3280.1
21583.88,66.89,85,0.0,3280.1
21583.88,66.94,87,1.2125,3280.1
21583.88,67.41,87,0.0,3280.1
21583.88,68.69,88,1.2125,3280.1
21583.88,65.92,88,1.1875,3280.1
21583.88,66.52,75,0.0,3280.1
21583.88,69.38,75,0.0,3280.1
21583.88,70.47,87,1.2125,3280.1
21583.88,70.77,87,1.2125,3280.1
21583.88,70.11,87,0.0,3280.1
21583.88,70.11,87,1.2125,3280.1
21583.88,69.92,86,0.0,3280.1
21583.88,69.58,86,0.0,3280.1
21583.88,69.16,87,0.0,3280.1
21583.88,71.89,87,1.2125,3280.1
21583.88,71.42,85,0.0,3280.1
21583.88,71.74,86,0.0,3280.1
21583.88,71.74,86,2.4,3280.1
21583.88,73.53,86,0.0,3280.1
21583.88,73.53,75,0.0,3280.1
21583.88,73.57,75,0.0,3280.1
21583.88,73.34,87,1.2125,3280.1
21583.88,73.34,87,0.0,3280.1
21583.88,73.19,87,0.0,3280.1
21583.88,73.28,87,2.425,3280.1
21583.88,73.66,86,1.2125,3280.1
21583.88,73.92,86,0.0,3280.1
21583.88,73.81,74,0.0,3280.1
21583.88,73.81,74,1.2125,3280.1
21583.88,71.77,87,0.0,3280.1
21583.88,72.62,87,0.0,3280.1
21583.88,73.65,87,1.2125,3280.1
21583.88,72.46,87,1.2125,3280.1
21583.88,71.16,82,0.0,3280.1
21583.88,71.0,82,0.0,3280.1
21583.88,70.89,80,1.2125,3280.1
21583.88,70.86,87,0.0,3280.1
21583.88,70.46,87,0.0,3280.1
21583.88,70.66,87,1.2125,3280.1
21583.88,70.33,87,0.0,3280.1
21583.88,70.33,87,0.0,3280.1
21583.88,69.2,87,0.0,3280.1
21583.88,69.2,87,1.2,3280.1
21583.88,70.0,87,0.0,3280.1
21583.88,67.89,87,1.2125,3280.1
21583.88,67.89,87,1.2125,3280.1
21583.88,67.28,73,0.0,3280.1
21583.88,67.65,73,0.0,3280.1
21583.88,67.89,88,1.2125,3280.1
21583.88,68.15,87,0.0,3280.1
21583.88,68.35,87,1.2125,3280.1
21583.88,67.54,77,0.0,3280.1
21583.88,67.79,77,1.2125,3280.1
21583.88,67.91,77,0.0,3280.1
21583.88,68.06,88,0.0,3280.1
21583.88,71.6,88,1.2125,3280.1
21583.88,72.5,86,0.0,3280.1
21583.88,72.27,88,0.0,3280.1
21583.88,72.02,88,0.0,3280.1
21583.88,71.43,88,1.1875,3280.1
21583.88,70.91,88,1.2125,3280.1
21583.88,70.37,88,0.0,3280.1
21583.88,71.08,88,1.2125,3280.1
21583.88,69.71,80,1.2125,3280.1
21583.88,69.31,80,0.0,3280.1
21583.88,69.08,88,0.0,3280.1
21583.88,69.01,88,0.0,3280.1
21583.88,68.92,88,2.3625,3280.1
21583.88,71.11,88,0.0,3280.1
21583.88,70.52,79,0.0,3280.1
21583.88,70.85,79,1.225,3280.1
21583.88,71.13,88,0.0,3280.1
21583.88,71.42,88,0.0,3280.1
21583.88,71.81,88,0.0,3280.1
21583.88,73.18,88,1.2125,3280.1
21583.88,73.33,88,0.0,3280.1
21583.88,73.41,88,0.0,3280.1
21583.88,73.19,89,1.2125,3280.1
21583.88,73.03,89,0.0,3280.1
21583.88,70.59,90,0.0,3280.1
21583.88,71.23,90,0.0,3280.1
21583.88,71.52,89,0.0,3280.1
21583.88,71.83,89,1.2125,3280.1
21583.88,70.98,80,1.2,3280.1
21583.88,70.61,80,0.0,3280.1
21583.88,70.44,87,0.0,3280.1
21583.88,70.48,87,1.225,3280.1
21583.88,70.8,87,0.0,3280.1
21583.88,71.33,87,0.0,3280.1
21583.88,71.92,87,1.2125,3280.1
21583.88,69.51,87,1.2125,3280.1
21583.88,68.76,77,1.2125,3280.1
21583.88,68.45,77,0.0,3280.1
21583.88,67.87,86,0.0,3280.1
21583.88,68.81,86,1.2125,3280.1
21583.88,69.61,86,0.0,3280.1
21583.88,69.81,88,0.0,3280.1
21583.88,70.05,88,2.3375,3280.1
21583.88,66.39,76,0.0,3280.1
21583.88,65.11,76,0.0,3280.1
21583.88,64.67,88,1.2125,3280.1
21583.88,68.04,88,0.0,3280.1
21583.88,68.04,87,0.0,3280.1
21583.88,68.02,87,0.0,3280.1
21583.88,68.73,86,1.2125,3280.1
21583.88,69.23,86,0.0,3280.1
21583.88,69.14,88,1.2125,3280.1
21583.88,71.01,88,0.0,3280.1
21583.88,73.43,80,0.0,3280.1
21583.88,74.57,80,0.0,3280.1
21583.88,74.64,88,1.225,3280.1
21583.88,74.66,88,1.225,3280.1
21583.88,74.64,89,0.0,3280.1
21583.88,74.67,89,1.225,3280.1
21583.88,74.67,80,0.0,3280.1
21583.88,70.14,80,1.225,3280.1
21583.88,69.38,86,0.0,3280.1
21583.88,66.98,86,0.0,3280.1
21583.88,67.73,87,0.0,3280.1
21583.88,67.38,87,1.2,3280.1
21583.88,66.03,88,1.2125,3280.1
21583.88,65.96,88,0.0,3280.1
21583.88,65.89,78,0.0,3280.1
21583.88,65.89,88,0.0,3280.1
21583.88,68.39,88,1.2125,3280.1
21583.88,69.42,88,0.0,3280.1
21583.88,69.45,88,0.0,3280.1
21583.88,69.65,88,1.2125,3280.1
21583.88,69.9,88,0.0,3280.1
21583.88,70.01,88,0.0,3280.1
21583.88,70.02,88,1.2125,3280.1
21583.88,71.45,88,0.0,3280.1
21583.88,71.66,88,0.0,3280.1
21583.88,72.16,88,0.0,3280.1
21583.88,70.2,88,2.4375,3280.1
21583.88,69.69,78,0.0,3280.1
21583.88,69.56,78,0.0,3280.1
21583.88,69.9,89,1.2,3280.1
21583.88,70.0,89,0.0,3280.1
21583.88,70.22,88,1.2125,3280.1
21583.88,70.51,88,0.0,3280.1
21583.88,70.86,88,0.0,3280.1
21583.88,71.0,88,1.1875,3280.1
21583.88,70.37,86,0.0,3280.1
21583.88,69.76,86,0.0,3280.1
21583.88,71.81,86,2.4875,3280.1
21583.88,68.89,86,0.0,3280.1
21583.88,68.43,76,0.0,3280.1
21583.88,68.43,76,0.0,3280.1
21583.88,68.6,88,2.4375,3280.1
21583.88,68.74,88,0.0,3280.1
21583.88,68.78,88,0.0,3280.1
21583.88,68.83,88,0.0,3280.1
21583.88,68.81,88,2.4375,3280.1
21583.88,71.3,88,0.0,3280.1
21583.88,70.98,77,0.0,3280.1
21583.88,70.89,77,1.225,3280.1
21583.88,74.09,87,0.0,3280.1
21583.88,74.6,87,0.0,3280.1
21583.88,74.25,88,0.0,3280.1
21583.88,74.16,88,0.0,3280.1
21583.88,74.09,86,1.225,3280.1
21583.88,73.81,86,0.0,3280.1
21583.88,73.27,88,0.0,3280.1
21583.88,72.89,88,0.0,3280.1
21583.88,70.91,87,1.2125,3280.1
21583.88,71.44,87,1.2125,3280.1
21583.88,70.59,79,0.0,3280.1
21583.88,70.78,79,0.0,3280.1
21583.88,71.15,88,0.0,3280.1
21583.88,71.43,88,1.2125,3280.1
21583.88,71.42,88,0.0,3280.1
21583.88,71.31,74,1.225,3280.1
21583.88,68.08,74,0.0,3280.1
21583.88,67.77,84,1.225,3280.1
21583.88,68.28,84,1.2125,3280.1
21583.88,68.56,88,0.0,3280.1
21583.88,68.85,88,0.0,3280.1
21583.88,70.07,88,1.2125,3280.1
21583.88,70.36,88,0.0,3280.1
21583.88,70.22,87,1.2125,3280.1
21583.88,69.34,87,1.2125,3280.1
21583.88,68.71,77,0.0,3280.1
21583.88,71.87,77,0.0,3280.1
21583.88,72.44,87,0.0,3280.1
21583.88,72.09,87,1.2125,3280.1
21583.88,72.09,87,0.0,3280.1
21583.88,71.99,87,0.0,3280.1
21583.88,72.16,87,1.2125,3280.1
21583.88,72.16,87,1.2125,3280.1
21583.88,74.04,87,1.2,3280.1
21583.88,74.0,87,0.0,3280.1
21583.88,74.52,76,1.2125,3280.1
21583.88,74.73,85,0.0,3280.1
21583.88,74.91,85,0.0,3280.1
21583.88,75.13,88,1.2125,3280.1
21583.88,75.26,88,0.0,3280.1
21583.88,75.18,88,0.0,3280.1
21583.88,71.79,88,2.4375,3280.1
21583.88,70.53,88,0.0,3280.1
21583.88,70.21,77,0.0,3280.1
21583.88,68.25,86,1.2125,3280.1
21583.88,69.17,86,0.0,3280.1
21583.88,69.55,88,0.0,3280.1
21583.88,69.84,88,0.0,3280.1
21583.88,70.17,88,1.2125,3280.1
21583.88,70.32,88,0.0,3280.1
21583.88,70.03,86,0.0,3280.1
21583.88,69.4,86,0.0,3280.1
21583.88,72.04,88,1.2125,3280.1
21583.88,73.13,88,0.0,3280.1
21583.88,73.42,86,0.0,3280.1
21583.88,73.73,86,2.425,3280.1
21583.88,72.55,78,1.2125,3280.1
21583.88,70.89,78,0.0,3280.1
21583.88,70.42,91,0.0,3280.1
21583.88,70.12,91,1.2125,3280.1
21583.88,69.81,88,0.0,3280.1
21583.88,69.79,88,0.0,3280.1
21583.88,70.11,87,1.2125,3280.1
21583.88,70.15,87,0.0,3280.1
21583.88,69.93,87,0.0,3280.1
21583.88,69.96,87,1.2125,3280.1
21583.88,69.74,86,0.0,3280.1
21583.88,70.5,86,1.2125,3280.1
21583.88,70.36,73,0.0,3280.1
21583.88,68.95,73,1.2125,3280.1
21583.88,68.68,90,0.0,3280.1
21583.88,69.02,90,0.0,3280.1
21583.88,69.32,86,0.0,3280.1
21583.88,69.64,86,1.2125,3280.1
21583.88,70.1,86,0.0,3280.1
21583.88,70.27,86,0.0,3280.1
21583.88,70.05,88,1.175,3280.1
21583.88,69.68,88,0.0,3280.1
21583.88,69.55,88,1.2125,3280.1
21583.88,68.56,88,1.2125,3280.1
21583.88,69.03,77,0.0,3280.1
21583.88,69.09,77,0.0,3280.1
21583.88,68.88,88,1.2125,3280.1
21583.88,68.76,88,1.2125,3280.1
21583.88,68.7,88,0.0,3280.1
21583.88,69.0,88,0.0,3280.1
21583.88,69.3,88,1.2125,3280.1
21583.88,69.66,88,0.0,3280.1
21583.88,69.97,88,0.0,3280.1
21583.88,72.27,88,0.0,3280.1
21583.88,71.56,89,2.4375,3280.1
21583.88,71.46,89,0.0,3280.1
21583.88,71.34,77,0.0,3280.1
21583.88,71.18,88,1.2125,3280.1
21583.88,71.03,88,0.0,3280.1
21583.88,70.72,88,0.0,3280.1
21583.88,70.36,88,0.0,3280.1
21583.88,69.98,87,1.2125,3280.1
21583.88,69.81,87,0.0,3280.1
21583.88,69.5,88,0.0,3280.1
21583.88,69.28,88,1.2125,3280.1
21583.88,70.52,88,1.2125,3280.1
21583.88,70.29,76,0.0,3280.1
21583.88,69.98,76,1.2125,3280.1
21583.88,69.9,87,0.0,3280.1
21583.88,69.76,87,0.0,3280.1
21583.88,69.78,88,2.35,3280.1
21583.88,69.82,88,0.0,3280.1
21583.88,69.71,71,1.2125,3280.1
21583.88,69.63,71,1.2125,3280.1
21583.88,70.03,87,0.0,3280.1
21583.88,70.86,87,0.0,3280.1
21583.88,71.42,87,0.0,3280.1
21583.88,68.92,87,2.4375,3280.1
21583.88,67.87,76,0.0,3280.1
21583.88,67.77,76,0.0,3280.1
21583.88,67.76,87,1.225,3280.1
21583.88,67.8,87,0.0,3280.1
21583.88,67.85,87,0.0,3280.1
21583.88,67.97,87,1.2,3280.1
21583.88,67.16,76,1.2125,3280.1
21583.88,67.22,76,0.0,3280.1
21583.88,67.33,88,0.0,3280.1
21583.88,67.12,88,0.0,3280.1
21583.88,70.19,86,1.225,3280.1
21583.88,71.27,86,0.0,3280.1
21583.88,71.8,86,0.0,3280.1
21583.88,72.03,86,1.2125,3280.1
21583.88,72.11,86,0.0,3280.1
21583.88,71.93,86,0.0,3280.1
21583.88,71.53,87,2.3625,3280.1
21583.88,71.76,87,0.0,3280.1
21583.88,71.22,73,1.2125,3280.1
21583.88,70.69,73,0.0,3280.1
21583.88,70.86,88,1.225,3280.1
21583.88,71.13,88,0.0,3280.1
21583.88,71.41,88,1.2125,3280.1
21583.88,71.21,88,0.0,3280.1
21583.88,71.16,88,0.0,3280.1
21583.88,71.28,88,0.0,3280.1
21583.88,71.47,88,0.0,3280.1
21583.88,71.75,88,1.2,3280.1
21583.88,72.0,88,1.1875,3280.1
21583.88,74.89,88,0.0,3280.1
21583.88,73.94,75,0.0,3280.1
21583.88,73.9,75,1.225,3280.1
21583.88,73.8,85,0.0,3280.1
21583.88,73.8,85,0.0,3280.1
21583.88,73.91,87,0.0,3280.1
21583.88,74.04,87,2.425,3280.1
21583.88,74.03,87,0.0,3280.1
21583.88,75.89,87,0.0,3280.1
21583.88,76.13,74,1.2125,3280.1
21583.88,76.55,74,0.0,3280.1
21583.88,74.04,86,0.0,3280.1
21583.88,74.58,86,1.2125,3280.1
21583.88,74.18,87,0.0,3280.1
21583.88,73.92,88,1.2125,3280.1
21583.88,73.85,88,0.0,3280.1
21583.88,73.7,87,1.2125,3280.1
21583.88,73.53,87,0.0,3280.1
21583.88,71.49,88,0.0,3280.1
21583.88,71.84,88,1.2125,3280.1
21583.88,71.93,87,0.0,3280.1
21583.88,71.93,87,1.2125,3280.1
21583.88,73.46,75,1.2125,3280.1
21583.88,72.14,90,0.0,3280.1
21583.88,72.34,90,0.0,3280.1
21583.88,72.77,88,1.2125,3280.1
21583.88,72.74,88,0.0,3280.1
21583.88,72.79,88,0.0,3280.1
21583.88,72.92,88,0.0,3280.1
21583.88,73.1,89,1.2125,3280.1
21583.88,73.44,89,0.0,3280.1
21583.88,73.36,87,0.0,3280.1
21583.88,73.02,87,2.4375,3280.1
21583.88,69.42,76,0.0,3280.1
21583.88,70.09,76,0.0,3280.1
21583.88,70.06,88,1.225,3280.1
21583.88,69.8,88,0.0,3280.1
21583.88,69.75,88,0.0,3280.1
21583.88,69.66,88,2.4375,3280.1
21583.88,64.98,78,0.0,3280.1
21583.88,64.82,78,0.0,3280.1
21583.88,65.02,87,0.0,3280.1
21583.88,65.32,87,0.0,3280.1
21583.88,67.45,88,1.225,3280.1
21583.88,68.12,88,1.225,3280.1
21583.88,67.93,87,1.2125,3280.1
21583.88,67.11,87,1.2125,3280.1
21583.88,67.04,76,0.0,3280.1
21583.88,67.3,76,0.0,3280.1
21583.88,70.61,87,0.0,3280.1
21583.88,71.79,87,1.2125,3280.1
21583.88,71.66,87,0.0,3280.1
21583.88,71.51,87,1.2125,3280.1
21583.88,73.75,78,0.0,3280.1
21583.88,73.34,78,1.2125,3280.1
21583.88,73.69,88,0.0,3280.1
21583.88,73.93,88,0.0,3280.1
21583.88,74.86,87,1.2125,3280.1
21583.88,74.8,87,0.0,3280.1
21583.88,74.44,87,1.2375,3280.1
21583.88,74.14,87,2.3625,3280.1
21583.88,72.86,75,0.0,3280.1
21583.88,72.65,75,0.0,3280.1
21583.88,72.58,87,1.2125,3280.1
21583.88,70.52,87,0.0,3280.1
21583.88,71.21,87,1.2125,3280.1
21583.88,71.38,87,1.2125,3280.1
21583.88,70.13,77,0.0,3280.1
21583.88,70.05,77,0.0,3280.1
21583.88,70.26,88,1.2,3280.1
21583.88,70.6,88,0.0,3280.1
21583.88,71.06,89,1.2125,3280.1
21583.88,72.56,89,0.0,3280.1
21583.88,72.84,90,0.0,3280.1
21583.88,72.81,90,0.0,3280.1
21583.88,72.46,90,1.2125,3280.1
21583.88,72.01,90,0.0,3280.1
21583.88,71.45,90,0.0,3280.1
21583.88,72.61,90,1.2125,3280.1
21583.88,72.71,90,1.1625,3280.1
21583.88,72.8,76,1.2125,3280.1
21583.88,70.22,76,0.0,3280.1
21583.88,69.14,92,0.0,3280.1
21583.88,69.09,92,2.4375,3280.1
21583.88,69.39,86,0.0,3280.1
21583.88,69.55,86,1.15,3280.1
21583.88,68.93,84,0.0,3280.1
21583.88,67.81,80,0.0,3280.1
21583.88,67.85,80,1.2125,3280.1
21583.88,67.92,87,0.0,3280.1
21583.88,67.87,87,0.0,3280.1
21583.88,70.2,87,0.0,3280.1
21583.88,70.88,87,1.2125,3280.1
21583.88,70.71,88,0.0,3280.1
21583.88,70.12,88,0.0,3280.1
21583.88,69.74,88,0.0,3280.1
21583.88,72.62,88,2.425,3280.1
21583.88,73.19,78,1.2125,3280.1
21583.88,73.03,78,0.0,3280.1
21583.88,72.66,86,0.0,3280.1
21583.88,72.8,86,0.0,3280.1
21583.88,73.72,75,1.2125,3280.1
21583.88,73.21,75,1.2125,3280.1
21583.88,73.17,85,0.0,3280.1
21583.88,73.43,85,0.0,3280.1
21583.88,73.67,87,0.0,3280.1
21583.88,74.04,87,1.1375,3280.1
21583.88,70.52,74,1.2125,3280.1
21583.88,70.77,74,0.0,3280.1
21583.88,71.02,89,0.0,3280.1
21583.88,71.34,89,1.25,3280.1
21583.88,71.19,88,0.0,3280.1
21583.88,70.18,88,0.0,3280.1
21583.88,70.81,88,0.0,3280.1
21583.88,70.83,88,1.225,3280.1
21583.88,69.59,84,1.2125,3280.1
21583.88,69.55,84,1.2125,3280.1
21583.88,68.99,83,1.2125,3280.1
21583.88,70.36,83,0.0,3280.1
21583.88,70.9,90,0.0,3280.1
21583.88,70.97,90,0.0,3280.1
21583.88,71.13,90,1.2125,3280.1
21583.88,71.3,90,0.0,3280.1
21583.88,71.31,91,1.2125,3280.1
21583.88,73.27,91,0.0,3280.1
21583.88,73.03,76,1.225,3280.1
21583.88,74.31,76,0.0,3280.1
21583.88,74.36,87,0.0,3280.1
21583.88,74.94,87,0.0,3280.1
21583.88,74.95,87,1.225,3280.1
21583.88,74.83,87,0.0,3280.1
21583.88,74.59,87,1.225,3280.1
21583.88,73.97,87,0.0,3280.1
21583.88,72.8,79,0.0,3280.1
21583.88,72.83,79,1.225,3280.1
21583.88,71.03,88,0.0,3280.1
21583.88,71.41,88,0.0,3280.1
21583.88,71.18,88,0.0,3280.1
21583.88,71.47,88,1.225,3280.1
21583.88,71.65,88,0.0,3280.1
21583.88,71.8,88,0.0,3280.1
21583.88,71.79,87,0.0,3280.1
21583.88,71.28,87,0.0,3280.1
21583.88,71.67,87,0.0,3280.1
21583.88,71.43,87,1.225,3280.1
21583.88,71.47,88,0.0,3280.1
21583.88,73.15,88,1.2125,3280.1
21583.88,73.15,79,0.0,3280.1
21583.88,72.5,79,0.0,3280.1
21583.88,72.26,87,1.225,3280.1
21583.88,72.15,87,0.0,3280.1
21583.88,72.09,86,1.2125,3280.1
21583.88,72.53,86,0.0,3280.1
21583.88,72.53,87,1.225,3280.1
21583.88,73.12,87,1.225,3280.1
21583.88,73.78,87,0.0,3280.1
21583.88,73.61,78,0.0,3280.1
21583.88,73.08,78,1.2125,3280.1
21583.88,71.38,88,0.0,3280.1
21583.88,72.05,88,0.0,3280.1
21583.88,72.01,88,1.2125,3280.1
21583.88,74.4,88,0.0,3280.1
21583.88,73.93,79,1.2,3280.1
21583.88,74.0,79,0.0,3280.1
21583.88,73.81,87,0.0,3280.1
21583.88,73.31,87,0.0,3280.1
21583.88,73.6,88,3.6375,3280.1
21583.88,71.48,75,0.0,3280.1
21583.88,70.34,75,0.0,3280.1
21583.88,70.22,87,1.2125,3280.1
21583.88,70.09,87,0.0,3280.1
21583.88,67.53,88,0.0,3280.1
21583.88,67.73,88,2.4375,3280.1
21583.88,66.48,77,0.0,3280.1
21583.88,66.4,77,1.2125,3280.1
21583.88,66.53,86,0.0,3280.1
21583.88,67.01,86,0.0,3280.1
21583.88,67.01,85,0.0,3280.1
21583.88,70.97,85,1.2125,3280.1
21583.88,71.31,85,0.0,3280.1
21583.88,71.65,85,1.125,3280.1
21583.88,73.37,75,1.2125,3280.1
21583.88,73.2,75,0.0,3280.1
21583.88,73.98,88,0.0,3280.1
21583.88,75.65,88,0.0,3280.1
21583.88,76.08,88,1.2125,3280.1
21583.88,74.31,88,1.2125,3280.1
21583.88,73.61,75,0.0,3280.1
21583.88,73.84,75,1.2125,3280.1
21583.88,73.76,88,1.2125,3280.1
21583.88,73.78,88,0.0,3280.1
21583.88,73.54,88,1.2125,3280.1
21583.88,71.9,88,0.0,3280.1
21583.88,72.19,88,0.0,3280.1
21583.88,71.86,88,1.1875,3280.1
21583.88,71.17,88,0.0,3280.1
21583.88,70.24,88,0.0,3280.1
21583.88,71.56,88,0.0,3280.1
21583.88,71.21,88,1.2125,3280.1
21583.88,71.21,89,0.0,3280.1
21583.88,70.9,89,1.2125,3280.1
21583.88,71.34,79,1.2125,3280.1
21583.88,70.56,79,0.0,3280.1
21583.88,70.63,91,0.0,3280.1
21583.88,70.97,91,0.0,3280.1
21583.88,71.52,90,1.2125,3280.1
21583.88,72.27,90,0.0,3280.1
21583.88,72.71,88,0.0,3280.1
21583.88,72.69,88,1.1875,3280.1
21583.88,72.34,75,1.2125,3280.1
21583.88,72.61,75,0.0,3280.1
21583.88,72.19,88,0.0,3280.1
21583.88,73.25,88,1.2125,3280.1
21583.88,73.34,88,0.0,3280.1
21583.88,73.02,88,0.0,3280.1
21583.88,72.87,85,1.225,3280.1
21583.88,73.11,85,1.225,3280.1
21583.88,69.56,86,1.225,3280.1
21583.88,68.25,86,0.0,3280.1
21583.88,68.17,77,1.225,3280.1
21583.88,68.58,88,0.0,3280.1
21583.88,68.28,88,0.0,3280.1
21583.88,68.0,86,0.0,3280.1
21583.88,67.91,86,1.2125,3280.1
21583.88,65.11,86,1.2125,3280.1
21583.88,63.94,79,0.0,3280.1
21583.88,63.87,84,1.2125,3280.1
21583.88,63.84,84,0.0,3280.1
21583.88,67.25,88,0.0,3280.1
21583.88,68.68,88,1.2125,3280.1
21583.88,69.0,87,0.0,3280.1
21583.88,69.07,87,1.2125,3280.1
21583.88,68.92,73,0.0,3280.1
21583.88,68.48,73,1.2125,3280.1
21583.88,68.21,87,0.0,3280.1
21583.88,70.88,87,0.0,3280.1
21583.88,72.53,87,1.2125,3280.1
21583.88,72.53,86,0.0,3280.1
21583.88,72.29,86,1.225,3280.1
21583.88,74.36,75,0.0,3280.1
21583.88,74.0,75,0.0,3280.1
21583.88,74.29,88,1.225,3280.1
21583.88,74.52,88,1.225,3280.1
21583.88,72.32,78,0.0,3280.1
21583.88,72.03,78,0.0,3280.1
21583.88,71.99,88,1.225,3280.1
21583.88,71.99,88,1.2125,3280.1
21583.88,71.5,88,0.0,3280.1
21583.88,71.3,88,0.0,3280.1
21583.88,70.97,87,1.225,3280.1
21583.88,69.11,87,0.0,3280.1
21583.88,68.84,88,0.0,3280.1
21583.88,68.59,88,0.0,3280.1
21583.88,70.95,88,1.2125,3280.1
21583.88,71.47,88,0.0,3280.1
21583.88,71.5,87,0.0,3280.1
21583.88,71.47,87,1.1875,3280.1
21583.88,73.06,80,0.0,3280.1
21583.88,72.97,80,1.2125,3280.1
21583.88,73.42,91,0.0,3280.1
21583.88,73.48,91,0.0,3280.1
21583.88,73.43,90,0.0,3280.1
21583.88,73.27,90,0.0,3280.1
21583.88,73.6,86,1.2125,3280.1
21583.88,73.86,86,1.225,3280.1
21583.88,73.05,76,0.0,3280.1
21583.88,73.18,76,1.225,3280.1
21583.88,73.63,86,0.0,3280.1
21583.88,72.42,86,0.0,3280.1
21583.88,72.84,88,0.0,3280.1
21583.88,72.92,88,1.225,3280.1
21583.88,72.97,87,0.0,3280.1
21583.88,72.88,87,0.0,3280.1
21583.88,72.77,87,0.0,3280.1
21583.88,72.04,87,1.2125,3280.1
21583.88,71.44,88,0.0,3280.1
21583.88,72.52,88,0.0,3280.1
21583.88,72.64,87,0.0,3280.1
21583.88,72.63,87,3.5375,3280.1
21583.88,70.77,83,0.0,3280.1
21583.88,70.26,83,0.0,3280.1
21583.88,70.24,76,0.0,3280.1
21583.88,70.26,76,1.225,3280.1
21583.88,70.3,85,0.0,3280.1
21583.88,70.55,85,0.0,3280.1
21583.88,70.94,90,1.2125,3280.1
21583.88,71.38,90,1.2125,3280.1
21583.88,68.56,81,0.0,3280.1
21583.88,67.2,81,0.0,3280.1
21583.88,66.94,90,1.2125,3280.1
21583.88,68.69,90,0.0,3280.1
21583.88,69.22,89,0.0,3280.1
21583.88,69.27,89,0.0,3280.1
21583.88,69.61,89,2.425,3280.1
21583.88,70.05,89,0.0,3280.1
21583.88,69.15,81,0.0,3280.1
21583.88,69.11,81,1.2125,3280.1
21583.88,71.75,90,0.0,3280.1
21583.88,72.63,90,0.0,3280.1
21583.88,72.77,86,0.0,3280.1
21583.88,72.69,86,1.2125,3280.1
21583.88,72.5,87,0.0,3280.1
21583.88,72.15,87,1.225,3280.1
21583.88,71.08,87,0.0,3280.1
21583.88,70.47,74,1.2125,3280.1
21583.88,71.39,74,0.0,3280.1
21583.88,71.35,87,0.0,3280.1
21583.88,71.25,87,1.2125,3280.1
21583.88,70.78,77,1.2125,3280.1
21583.88,70.62,77,0.0,3280.1
21583.88,70.43,89,0.0,3280.1
21583.88,70.32,89,0.0,3280.1
21583.88,70.25,88,1.2125,3280.1
21583.88,70.24,88,0.0,3280.1
21583.88,70.89,88,2.4375,3280.1
21583.88,73.08,77,1.2125,3280.1
21583.88,72.42,77,0.0,3280.1
21583.88,72.62,89,0.0,3280.1
21583.88,72.73,89,0.0,3280.1
21583.88,73.27,89,1.2125,3280.1
21583.88,73.62,89,0.0,3280.1
21583.88,73.48,88,0.0,3280.1
21583.88,73.33,88,1.2125,3280.1
21583.88,73.3,75,1.2125,3280.1
21583.88,75.46,75,0.0,3280.1
21583.88,73.95,88,0.0,3280.1
21583.88,72.46,88,1.225,3280.1
21583.88,72.27,87,0.0,3280.1
21583.88,72.16,87,0.0,3280.1
21583.88,72.13,88,0.0,3280.1
21583.88,72.19,88,1.225,3280.1
21583.88,70.28,82,1.225,3280.1
21583.88,70.03,82,0.0,3280.1
21583.88,69.96,83,0.0,3280.1
21583.88,67.9,83,1.225,3280.1
21583.88,69.39,88,0.0,3280.1
21583.88,69.59,88,0.0,3280.1
21583.88,69.61,88,1.2125,3280.1
21583.88,69.81,88,1.2125,3280.1
21583.88,68.66,78,0.0,3280.1
21583.88,68.41,78,0.0,3280.1
21583.88,68.38,88,1.2125,3280.1
21583.88,70.64,88,0.0,3280.1
21583.88,71.01,88,0.0,3280.1
21583.88,71.01,88,1.2125,3280.1
21583.88,67.84,78,0.0,3280.1
21583.88,66.92,78,1.225,3280.1
21583.88,67.07,90,1.225,3280.1
21583.88,67.52,90,0.0,3280.1
21583.88,67.75,87,0.0,3280.1
21583.88,69.25,87,1.2125,3280.1
21583.88,69.92,88,0.0,3280.1
21583.88,70.18,88,1.2125,3280.1
21583.88,68.19,77,0.0,3280.1
21583.88,67.08,77,1.2125,3280.1
21583.88,66.74,91,0.0,3280.1
21583.88,70.28,91,0.0,3280.1
21583.88,71.49,87,0.0,3280.1
21583.88,71.42,87,1.2125,3280.1
21583.88,70.99,87,0.0,3280.1
21583.88,70.68,87,0.0,3280.1
21583.88,70.22,86,1.2125,3280.1
21583.88,69.9,86,1.2125,3280.1
21583.88,66.78,78,0.0,3280.1
21583.88,67.03,78,0.0,3280.1
21583.88,68.21,87,0.0,3280.1
21583.88,69.03,87,1.175,3280.1
21583.88,69.11,87,0.0,3280.1
21583.88,69.23,87,1.2125,3280.1
21583.88,69.38,88,0.0,3280.1
21583.88,68.03,88,1.2125,3280.1
21583.88,67.02,83,0.0,3280.1
21583.88,66.8,81,2.425,3280.1
21583.88,69.55,81,0.0,3280.1
21583.88,71.12,87,0.0,3280.1
21583.88,71.42,87,0.0,3280.1
21583.88,71.07,86,2.4125,3280.1
21583.88,68.2,86,0.0,3280.1
21583.88,67.44,76,0.0,3280.1
21583.88,67.38,88,1.2125,3280.1
21583.88,67.5,88,0.0,3280.1
21583.88,68.94,88,0.0,3280.1
21583.88,70.35,88,2.3625,3280.1
21583.88,67.83,74,0.0,3280.1
21583.88,66.98,74,0.0,3280.1
21583.88,67.11,86,1.2,3280.1
21583.88,67.17,86,0.0,3280.1
21583.88,67.59,88,0.0,3280.1
21583.88,70.29,88,1.2125,3280.1
21583.88,70.85,88,0.0,3280.1
21583.88,70.52,88,0.0,3280.1
21583.88,70.16,88,1.2125,3280.1
21583.88,69.67,88,1.225,3280.1
21583.88,69.67,88,0.0,3280.1
21583.88,72.98,88,0.0,3280.1
21583.88,73.08,88,0.0,3280.1
21583.88,73.0,88,1.2125,3280.1
21583.88,70.76,83,1.2,3280.1
21583.88,69.56,83,0.0,3280.1
21583.88,69.44,84,0.0,3280.1
21583.88,69.48,84,1.2125,3280.1
21583.88,69.36,85,0.0,3280.1
21583.88,69.63,85,0.0,3280.1
21583.88,69.75,88,2.4375,3280.1
21583.88,71.56,88,0.0,3280.1
21583.88,71.0,74,0.0,3280.1
21583.88,70.72,74,0.0,3280.1
21583.88,70.85,87,0.0,3280.1
21583.88,72.8,87,1.225,3280.1
21583.88,74.06,88,0.0,3280.1
21583.88,74.16,88,1.2125,3280.1
21583.88,72.8,79,0.0,3280.1
21583.88,73.1,79,1.2125,3280.1
21583.88,73.45,88,0.0,3280.1
21583.88,73.75,88,0.0,3280.1
21583.88,72.41,88,1.2125,3280.1
21583.88,70.55,88,1.2125,3280.1
21583.88,69.53,79,1.2125,3280.1
21583.88,69.27,79,0.0,3280.1
21583.88,69.08,91,0.0,3280.1
21583.88,68.94,91,1.225,3280.1
21583.88,68.74,91,0.0,3280.1
21583.88,70.06,91,0.0,3280.1
21583.88,70.16,90,1.225,3280.1
21583.88,70.41,90,1.225,3280.1
21583.88,69.53,78,0.0,3280.1
21583.88,69.52,78,0.0,3280.1
21583.88,72.19,90,0.0,3280.1
21583.88,73.46,90,1.225,3280.1
21583.88,73.6,89,0.0,3280.1
21583.88,73.54,89,0.0,3280.1
21583.88,73.34,90,1.225,3280.1
21583.88,72.21,90,1.225,3280.1
21583.88,70.87,78,0.0,3280.1
21583.88,70.55,78,0.0,3280.1
21583.88,69.97,90,0.0,3280.1
21583.88,70.81,90,1.2,3280.1
21583.88,70.89,90,0.0,3280.1
21583.88,70.86,90,1.225,3280.1
21583.88,70.74,88,1.2125,3280.1
21583.88,71.29,88,0.0,3280.1
21583.88,70.85,72,0.0,3280.1
21583.88,71.8,72,0.0,3280.1
21583.88,73.08,87,0.0,3280.1
21583.88,73.08,87,0.0,3280.1
21583.88,73.31,88,1.2125,3280.1
21583.88,73.68,88,0.0,3280.1
21583.88,73.97,88,1.2125,3280.1
21583.88,74.11,78,1.2125,3280.1
21583.88,71.91,78,1.2,3280.1
21583.88,71.91,88,0.0,3280.1
21583.88,71.35,88,1.2125,3280.1
21583.88,71.27,88,1.2125,3280.1
21583.88,69.24,78,0.0,3280.1
21583.88,67.92,78,1.2125,3280.1
21583.88,68.05,88,0.0,3280.1
21583.88,68.05,88,0.0,3280.1
21583.88,68.04,88,1.2125,3280.1
21583.88,66.36,88,1.2125,3280.1
21583.88,65.64,88,0.0,3280.1
21583.88,65.81,79,1.225,3280.1
21583.88,66.09,89,0.0,3280.1
21583.88,66.55,89,0.0,3280.1
21583.88,68.95,89,0.0,3280.1
21583.88,70.38,89,0.0,3280.1
21583.88,70.08,87,1.225,3280.1
21583.88,69.63,87,1.225,3280.1
21583.88,67.93,87,0.0,3280.1
21583.88,68.15,78,0.0,3280.1
21583.88,71.07,87,1.2125,3280.1
21583.88,72.27,87,0.0,3280.1
21583.88,72.56,87,0.0,3280.1
21583.88,72.57,87,0.0,3280.1
21583.88,72.38,87,1.2125,3280.1
21583.88,72.3,87,0.0,3280.1
21583.88,72.05,88,0.0,3280.1
21583.88,71.66,88,1.2125,3280.1
21583.88,71.94,77,1.225,3280.1
21583.88,72.51,77,1.25,3280.1
21583.88,72.82,88,0.0,3280.1
21583.88,72.95,88,1.2125,3280.1
21583.88,72.77,87,0.0,3280.1
21583.88,72.35,87,0.0,3280.1
21583.88,72.1,88,1.2125,3280.1
21583.88,72.31,88,1.2125,3280.1
21583.88,72.13,77,0.0,3280.1
21583.88,72.57,77,0.0,3280.1
21583.88,73.25,88,0.0,3280.1
21583.88,73.22,88,1.225,3280.1
21583.88,73.77,88,0.0,3280.1
21583.88,73.72,88,1.225,3280.1
21583.88,75.63,76,0.0,3280.1
21583.88,74.96,76,1.225,3280.1
21583.88,74.92,89,0.0,3280.1
21583.88,75.43,89,0.0,3280.1
21583.88,75.27,86,1.2125,3280.1
21583.88,75.6,86,0.0,3280.1
21583.88,75.25,87,0.0,3280.1
21583.88,74.86,87,1.2125,3280.1
21583.88,76.78,77,1.2125,3280.1
21583.88,76.2,77,0.0,3280.1
21583.88,76.14,86,0.0,3280.1
21583.88,74.13,86,1.2125,3280.1
21583.88,74.62,86,1.225,3280.1
21583.88,74.67,86,0.0,3280.1
21583.88,74.14,88,0.0,3280.1
21583.88,74.18,88,1.2125,3280.1
21583.88,74.03,85,0.0,3280.1
21583.88,73.74,85,1.2125,3280.1
21583.88,73.66,87,0.0,3280.1
21583.88,72.93,87,0.0,3280.1
21583.88,72.85,76,1.2125,3280.1
21583.88,72.67,76,0.0,3280.1
21583.88,73.43,86,0.0,3280.1
21583.88,73.77,86,1.2125,3280.1
21583.88,73.8,87,1.225,3280.1
21583.88,74.92,87,0.0,3280.1
21583.88,73.46,73,0.0,3280.1
21583.88,73.34,73,1.225,3280.1
21583.88,73.34,90,0.0,3280.1
21583.88,73.5,87,0.0,3280.1
21583.88,73.22,87,1.225,3280.1
21583.88,73.62,88,1.225,3280.1
21583.88,73.63,88,0.0,3280.1
21583.88,73.63,87,0.0,3280.1
21583.88,73.11,87,1.2125,3280.1
21583.88,72.54,86,1.2125,3280.1
21583.88,73.43,86,0.0,3280.1
21583.88,74.36,77,0.0,3280.1
21583.88,74.28,77,1.225,3280.1
21583.88,73.75,88,0.0,3280.1
21583.88,73.36,88,0.0,3280.1
21583.88,73.36,88,1.2125,3280.1
21583.88,73.49,88,1.1875,3280.1
21583.88,73.49,86,0.0,3280.1
21583.88,73.7,86,1.2125,3280.1
21583.88,73.8,71,0.0,3280.1
21583.88,71.85,71,0.0,3280.1
21583.88,72.98,87,0.0,3280.1
21583.88,73.16,87,1.1875,3280.1
21583.88,75.44,87,1.1875,3280.1
21583.88,74.62,77,0.0,3280.1
21583.88,74.62,77,0.0,3280.1
21583.88,74.24,87,1.2125,3280.1
21583.88,74.59,87,0.0,3280.1
21583.88,74.6,88,0.0,3280.1
21583.88,75.3,88,1.2125,3280.1
21583.88,75.07,87,0.0,3280.1
21583.88,74.88,87,1.2125,3280.1
21583.88,74.3,87,0.0,3280.1
21583.88,74.33,87,1.225,3280.1
21583.88,72.11,86,0.0,3280.1
21583.88,72.69,86,0.0,3280.1
21583.88,72.67,87,1.2125,3280.1
21583.88,72.29,87,1.2125,3280.1
21583.88,69.51,81,0.0,3280.1
21583.88,68.2,81,0.0,3280.1
21583.88,67.85,83,1.2125,3280.1
21583.88,67.62,83,0.0,3280.1
21583.88,67.4,87,0.0,3280.1
21583.88,68.09,87,1.2125,3280.1
21583.88,68.14,86,0.0,3280.1
21583.88,68.34,86,0.0,3280.1
21583.88,68.75,87,0.0,3280.1
21583.88,68.77,87,1.2125,3280.1
21583.88,68.64,88,1.2125,3280.1
21583.88,70.66,88,0.0,3280.1
21583.88,71.69,88,0.0,3280.1
21583.88,71.97,88,1.2125,3280.1
21583.88,72.21,88,1.2125,3280.1
21583.88,72.57,88,0.0,3280.1
21583.88,71.18,77,1.2125,3280.1
21583.88,71.01,77,0.0,3280.1
21583.88,71.03,88,0.0,3280.1
21583.88,71.02,88,1.2125,3280.1
21583.88,71.23,88,0.0,3280.1
21583.88,71.55,88,0.0,3280.1
21583.88,71.94,88,0.0,3280.1
21583.88,71.98,88,1.2125,3280.1
21583.88,71.7,88,0.0,3280.1
21583.88,71.49,88,0.0,3280.1
21583.88,71.19,88,1.2125,3280.1
21583.88,71.96,86,1.2125,3280.1
21583.88,73.66,86,0.0,3280.1
21583.88,72.18,79,1.2125,3280.1
21583.88,72.31,79,0.0,3280.1
21583.88,72.58,88,1.2125,3280.1
21583.88,73.06,88,0.0,3280.1
21583.88,73.46,89,0.0,3280.1
21583.88,73.87,89,0.0,3280.1
21583.88,74.03,88,1.2125,3280.1
21583.88,73.87,88,0.0,3280.1
21583.88,73.81,88,1.2125,3280.1
21583.88,74.05,88,1.2125,3280.1
21583.88,71.53,76,0.0,3280.1
21583.88,73.24,76,0.0,3280.1
21583.88,73.44,88,1.2,3280.1
21583.88,73.61,88,1.2125,3280.1
21583.88,73.5,88,0.0,3280.1
21583.88,73.5,88,0.0,3280.1
21583.88,73.62,88,1.2125,3280.1
21583.88,73.77,88,0.0,3280.1
21583.88,74.01,89,0.0,3280.1
21583.88,74.02,89,0.0,3280.1
21583.88,73.97,90,1.2125,3280.1
21583.88,74.25,90,0.0,3280.1
21583.88,74.22,90,1.2125,3280.1
21583.88,73.82,90,0.0,3280.1
21583.88,71.85,80,1.225,3280.1
21583.88,72.06,80,0.0,3280.1
21583.88,71.69,88,0.0,3280.1
21583.88,71.69,88,1.2,3280.1
21583.88,71.6,86,0.0,3280.1
21583.88,71.73,86,0.0,3280.1
21583.88,71.72,88,1.2125,3280.1
21583.88,71.55,88,0.0,3280.1
21583.88,70.94,86,1.1,3280.1
21583.88,67.64,74,1.2375,3280.1
21583.88,67.42,74,0.0,3280.1
21583.88,67.04,87,0.0,3280.1
21583.88,66.5,87,1.2375,3280.1
21583.88,66.84,87,1.2375,3280.1
21583.88,66.91,87,0.0,3280.1
21583.88,66.72,86,0.0,3280.1
21583.88,66.89,86,1.225,3280.1
21583.88,67.29,86,0.0,3280.1
21583.88,66.89,88,0.0,3280.1
21583.88,66.88,88,0.0,3280.1
21583.88,69.77,88,1.225,3280.1
21583.88,71.09,88,0.0,3280.1
21583.88,70.45,88,1.225,3280.1
21583.88,70.04,75,0.0,3280.1
21583.88,70.04,75,1.225,3280.1
21583.88,70.12,87,0.0,3280.1
21583.88,70.12,87,0.0,3280.1
21583.88,70.02,87,2.3,3280.1
21583.88,70.79,87,0.0,3280.1
21583.88,70.89,67,0.0,3280.1
21583.88,71.75,67,0.0,3280.1
21583.88,72.31,87,1.225,3280.1
21583.88,73.12,87,0.0,3280.1
21583.88,74.06,88,0.0,3280.1
21583.88,72.87,77,1.2125,3280.1
21583.88,72.2,77,2.4375,3280.1
21583.88,72.42,77,0.0,3280.1
21583.88,72.56,90,0.0,3280.1
21583.88,72.61,88,0.0,3280.1
21583.88,72.2,88,1.225,3280.1
21583.88,72.45,88,1.2125,3280.1
21583.88,71.79,78,0.0,3280.1
21583.88,71.22,78,0.0,3280.1
21583.88,70.89,89,0.0,3280.1
21583.88,70.6,88,0.0,3280.1
21583.88,71.84,88,1.175,3280.1
21583.88,69.18,76,1.225,3280.1
21583.88,68.43,76,0.0,3280.1
21583.88,68.43,83,0.0,3280.1
21583.88,68.86,83,1.2125,3280.1
21583.88,69.22,87,0.0,3280.1
21583.88,69.02,87,0.0,3280.1
21583.88,69.21,85,1.2125,3280.1
21583.88,69.53,85,1.1875,3280.1
21583.88,69.55,86,0.0,3280.1
21583.88,68.41,86,0.0,3280.1
21583.88,68.14,79,1.2125,3280.1
21583.88,71.25,79,0.0,3280.1
21583.88,71.93,85,1.2125,3280.1
21583.88,72.08,85,0.0,3280.1
21583.88,71.95,87,2.4,3280.1
21583.88,71.77,87,0.0,3280.1
21583.88,73.32,77,0.0,3280.1
21583.88,72.69,77,0.0,3280.1
21583.88,72.45,89,1.2125,3280.1
21583.88,72.46,89,0.0,3280.1
21583.88,73.49,88,0.0,3280.1
21583.88,73.67,88,1.2125,3280.1
21583.88,73.66,88,0.0,3280.1
21583.88,73.42,88,0.0,3280.1
21583.88,72.93,88,0.0,3280.1
21583.88,72.47,88,1.2,3280.1
21583.88,72.3,88,1.2125,3280.1
21583.88,67.92,88,0.0,3280.1
21583.88,67.12,75,1.2125,3280.1
21583.88,67.27,75,0.0,3280.1
21583.88,67.27,86,0.0,3280.1
21583.88,67.56,86,0.0,3280.1
21583.88,67.58,88,1.2125,3280.1
21583.88,67.66,88,0.0,3280.1
21583.88,68.11,87,1.225,3280.1
21583.88,68.36,87,0.0,3280.1
21583.88,68.36,87,2.425,3280.1
21583.88,68.16,73,0.0,3280.1
21583.88,69.8,73,0.0,3280.1
21583.88,70.01,90,0.0,3280.1
21583.88,70.03,90,1.2125,3280.1
21583.88,69.99,88,0.0,3280.1
21583.88,69.97,88,0.0,3280.1
21583.88,70.56,86,2.425,3280.1
21583.88,72.99,77,0.0,3280.1
21583.88,72.11,77,0.0,3280.1
21583.88,72.09,87,0.0,3280.1
21583.88,72.25,87,1.2125,3280.1
21583.88,74.64,87,0.0,3280.1
21583.88,75.07,87,0.0,3280.1
21583.88,75.35,87,1.2125,3280.1
21583.88,75.53,87,0.0,3280.1
21583.88,75.58,87,1.2125,3280.1
21583.88,74.73,88,0.0,3280.1
21583.88,71.59,85,2.425,3280.1
21583.88,70.94,85,0.0,3280.1
21583.88,70.79,78,1.2125,3280.1
21583.88,71.12,78,0.0,3280.1
21583.88,71.55,85,0.0,3280.1
21583.88,71.47,85,1.1625,3280.1
21583.88,72.17,73,1.2125,3280.1
21583.88,71.32,73,1.225,3280.1
21583.88,71.19,88,0.0,3280.1
21583.88,71.12,88,0.0,3280.1
21583.88,71.41,87,0.0,3280.1
21583.88,72.04,87,1.2125,3280.1
21583.88,73.76,86,1.2125,3280.1
21583.88,73.18,86,0.0,3280.1
21583.88,72.8,74,1.2125,3280.1
21583.88,72.53,74,0.0,3280.1
21583.88,72.63,88,0.0,3280.1
21583.88,71.68,88,1.2125,3280.1
21583.88,72.47,88,0.0,3280.1
21583.88,72.59,88,1.2125,3280.1
21583.88,70.31,79,0.0,3280.1
21583.88,69.11,79,1.2125,3280.1
21583.88,69.38,85,0.0,3280.1
21583.88,69.22,85,0.0,3280.1
21583.88,70.15,88,1.2125,3280.1
21583.88,70.61,88,0.0,3280.1
21583.88,70.89,88,1.175,3280.1
21583.88,70.22,88,0.0,3280.1
21583.88,70.0,79,1.2125,3280.1
21583.88,69.99,79,1.2125,3280.1
21583.88,69.96,88,0.0,3280.1
21583.88,72.1,88,1.2125,3280.1
21583.88,73.24,88,1.2125,3280.1
21583.88,73.13,88,0.0,3280.1
21583.88,71.89,75,1.2125,3280.1
21583.88,71.38,75,0.0,3280.1
21583.88,71.07,88,0.0,3280.1
21583.88,70.91,88,0.0,3280.1
21583.88,71.39,88,1.2125,3280.1
21583.88,71.36,76,1.2125,3280.1
21583.88,67.95,76,0.0,3280.1
21583.88,66.27,90,1.2125,3280.1
21583.88,66.42,90,0.0,3280.1
21583.88,66.53,88,0.0,3280.1
21583.88,66.47,88,1.2125,3280.1
21583.88,67.15,88,0.0,3280.1
21583.88,67.29,88,0.0,3280.1
21583.88,67.17,88,1.2125,3280.1
21583.88,67.28,88,0.0,3280.1
21583.88,67.29,87,0.0,3280.1
21583.88,70.15,87,0.0,3280.1
21583.88,71.31,87,1.2125,3280.1
21583.88,71.4,87,0.0,3280.1
21583.88,71.41,85,0.0,3280.1
21583.88,71.17,85,2.425,3280.1
21583.88,73.46,75,0.0,3280.1
21583.88,73.1,75,0.0,3280.1
21583.88,72.85,88,0.0,3280.1
21583.88,72.8,88,1.2125,3280.1
21583.88,73.39,88,0.0,3280.1
21583.88,74.03,88,0.0,3280.1
21583.88,74.68,87,0.0,3280.1
21583.88,74.86,87,1.25,3280.1
21583.88,74.86,88,1.25,3280.1
21583.88,74.41,88,0.0,3280.1
21583.88,72.25,86,0.0,3280.1
21583.88,72.63,86,1.25,3280.1
21583.88,72.94,88,0.0,3280.1
21583.88,73.14,88,0.0,3280.1
21583.88,75.21,87,1.25,3280.1
21583.88,74.6,87,0.0,3280.1
21583.88,74.64,77,1.2375,3280.1
21583.88,74.68,77,0.0,3280.1
21583.88,74.68,88,0.0,3280.1
21583.88,75.34,88,0.0,3280.1
21583.88,75.81,88,1.25,3280.1
21583.88,75.81,88,0.0,3280.1
21583.88,76.03,89,0.0,3280.1
21583.88,76.26,89,0.0,3280.1
21583.88,75.91,88,1.25,3280.1
21583.88,75.45,88,0.0,3280.1
21583.88,72.85,88,0.0,3280.1
21583.88,73.0,88,0.0,3280.1
21583.88,72.99,88,1.25,3280.1
21583.88,72.99,88,0.0,3280.1
21583.88,71.3,79,2.4875,3280.1
21583.88,71.17,79,0.0,3280.1
21583.88,71.06,90,0.0,3280.1
21583.88,70.84,90,1.25,3280.1
21583.88,71.07,90,0.0,3280.1
21583.88,71.39,90,0.0,3280.1
21583.88,71.39,90,0.0,3280.1
21583.88,71.98,90,1.25,3280.1
21583.88,72.13,90,0.0,3280.1
21583.88,71.81,90,0.0,3280.1
21583.88,71.36,90,0.0,3280.1
21583.88,72.53,90,1.25,3280.1
21583.88,74.39,81,0.0,3280.1
21583.88,73.7,81,0.0,3280.1
21583.88,73.69,91,1.25,3280.1
21583.88,73.79,91,0.0,3280.1
21583.88,74.0,90,0.0,3280.1
21583.88,74.34,90,1.2375,3280.1
21583.88,74.38,88,1.2375,3280.1
21583.88,73.92,88,0.0,3280.1
21583.88,73.63,80,0.0,3280.1
21583.88,73.87,80,1.225,3280.1
21583.88,73.75,87,0.0,3280.1
21583.88,72.01,87,0.0,3280.1
21583.88,73.1,87,0.0,3280.1
21583.88,73.45,87,1.2125,3280.1
21583.88,73.84,88,0.0,3280.1
21583.88,73.71,88,0.0,3280.1
21583.88,73.23,88,0.0,3280.1
21583.88,72.81,88,1.2125,3280.1
21583.88,72.71,88,1.2125,3280.1
21583.88,71.67,88,0.0,3280.1
21583.88,70.93,77,1.2125,3280.1
21583.88,70.82,77,0.0,3280.1
21583.88,70.38,87,1.2125,3280.1
21583.88,70.46,87,0.0,3280.1
21583.88,70.24,86,0.0,3280.1
21583.88,70.3,86,1.2125,3280.1
21583.88,72.61,88,1.2125,3280.1
21583.88,72.46,76,0.0,3280.1
21583.88,73.33,76,1.2125,3280.1
21583.88,74.52,87,1.2125,3280.1
21583.88,75.06,87,0.0,3280.1
21583.88,74.9,87,1.2125,3280.1
21583.88,75.91,87,0.0,3280.1
21583.88,75.34,76,0.0,3280.1
21583.88,74.99,86,1.2125,3280.1
21583.88,74.75,86,0.0,3280.1
21583.88,74.78,86,0.0,3280.1
21583.88,72.68,86,0.0,3280.1
21583.88,73.04,76,2.4,3280.1
21583.88,74.33,76,0.0,3280.1
21583.88,74.03,88,0.0,3280.1
21583.88,74.3,88,0.0,3280.1
21583.88,73.4,85,1.1875,3280.1
21583.88,74.12,85,0.0,3280.1
21583.88,74.23,88,0.0,3280.1
21583.88,74.65,88,1.2125,3280.1
21583.88,74.65,83,1.2125,3280.1
21583.88,71.4,83,1.2125,3280.1
21583.88,71.11,83,0.0,3280.1
21583.88,69.14,83,0.0,3280.1
21583.88,69.39,88,1.2125,3280.1
21583.88,69.38,88,0.0,3280.1
21583.88,69.78,87,0.0,3280.1
21583.88,67.82,87,1.2125,3280.1
21583.88,66.56,78,1.1875,3280.1
21583.88,66.16,78,0.0,3280.1
21583.88,65.88,88,0.0,3280.1
21583.88,68.22,88,1.2125,3280.1
21583.88,69.57,88,0.0,3280.1
21583.88,70.02,88,0.0,3280.1
21583.88,70.42,88,1.2125,3280.1
21583.88,70.73,88,1.2125,3280.1
21583.88,70.64,76,0.0,3280.1
21583.88,69.97,76,1.2125,3280.1
21583.88,72.25,88,0.0,3280.1
21583.88,73.72,88,0.0,3280.1
21583.88,74.22,88,1.225,3280.1
21583.88,74.24,88,0.0,3280.1
21583.88,73.06,80,0.0,3280.1
21583.88,72.94,80,1.2125,3280.1
21583.88,73.4,88,1.2125,3280.1
21583.88,73.28,88,0.0,3280.1
21583.88,73.4,88,2.425,3280.1
21583.88,72.9,88,0.0,3280.1
21583.88,72.22,79,0.0,3280.1
21583.88,71.94,79,0.0,3280.1
21583.88,71.94,89,0.0,3280.1
21583.88,71.19,89,1.2125,3280.1
21583.88,72.01,89,0.0,3280.1
21583.88,72.1,89,0.0,3280.1
21583.88,71.87,86,1.2125,3280.1
21583.88,71.39,86,0.0,3280.1
21583.88,73.14,88,1.2125,3280.1
21583.88,72.39,88,1.2125,3280.1
21583.88,73.03,76,0.0,3280.1
21583.88,73.83,85,0.0,3280.1
21583.88,74.05,85,0.0,3280.1
21583.88,74.31,88,1.225,3280.1
21583.88,74.83,88,0.0,3280.1
21583.88,74.6,88,0.0,3280.1
21583.88,74.22,85,0.0,3280.1
21583.88,73.65,85,1.225,3280.1
21583.88,73.39,88,0.0,3280.1
21583.88,71.33,86,0.0,3280.1
21583.88,71.49,86,0.0,3280.1
21583.88,71.48,86,1.2125,3280.1
21583.88,71.01,88,2.45,3280.1
21583.88,72.15,88,0.0,3280.1
21583.88,71.49,77,0.0,3280.1
21583.88,71.14,87,1.225,3280.1
21583.88,71.28,87,0.0,3280.1
21583.88,71.3,88,0.0,3280.1
21583.88,71.16,88,1.225,3280.1
21583.88,70.33,80,0.0,3280.1
21583.88,70.21,80,1.2125,3280.1
21583.88,70.64,88,0.0,3280.1
21583.88,70.82,88,0.0,3280.1
21583.88,70.84,88,0.0,3280.1
21583.88,69.81,88,1.225,3280.1
21583.88,70.56,88,0.0,3280.1
21583.88,71.2,88,0.0,3280.1
21583.88,71.35,88,0.0,3280.1
21583.88,71.44,88,0.0,3280.1
21583.88,71.65,88,1.2125,3280.1
21583.88,74.87,80,1.2125,3280.1
21583.88,73.67,80,0.0,3280.1
21583.88,73.86,88,0.0,3280.1
21583.88,74.16,88,1.2125,3280.1
21583.88,74.47,88,0.0,3280.1
21583.88,74.27,88,0.0,3280.1
21583.88,74.11,88,0.0,3280.1
21583.88,73.82,88,1.2375,3280.1
21583.88,73.98,88,0.0,3280.1
21583.88,73.98,88,0.0,3280.1
21583.88,73.86,87,3.55,3280.1
21583.88,71.88,87,0.0,3280.1
21583.88,72.77,75,0.0,3280.1
21583.88,71.96,75,0.0,3280.1
21583.88,71.69,87,1.25,3280.1
21583.88,71.96,87,0.0,3280.1
21583.88,72.19,87,0.0,3280.1
21583.88,72.35,87,1.25,3280.1
21583.88,71.34,75,0.0,3280.1
21583.88,71.21,75,1.25,3280.1
21583.88,71.6,87,0.0,3280.1
21583.88,71.33,87,0.0,3280.1
21583.88,72.38,87,1.25,3280.1
21583.88,72.82,87,0.0,3280.1
21583.88,73.33,88,0.0,3280.1
21583.88,73.51,88,0.0,3280.1
21583.88,73.12,88,1.25,3280.1
21583.88,72.43,88,0.0,3280.1
21583.88,71.71,87,0.0,3280.1
21583.88,72.25,87,0.0,3280.1
21583.88,72.67,87,0.0,3280.1
21583.88,72.95,87,1.2125,3280.1
21583.88,74.27,77,0.0,3280.1
21583.88,73.25,77,1.25,3280.1
21583.88,72.81,88,0.0,3280.1
21583.88,72.44,88,0.0,3280.1
21583.88,72.28,88,0.0,3280.1
21583.88,72.17,88,0.0,3280.1
21583.88,72.33,88,1.25,3280.1
21583.88,72.88,88,0.0,3280.1
21583.88,73.42,88,0.0,3280.1
21583.88,70.1,88,1.2375,3280.1
21583.88,68.77,80,1.2375,3280.1
21583.88,67.62,80,0.0,3280.1
21583.88,68.42,88,1.2375,3280.1
21583.88,68.62,88,0.0,3280.1
21583.88,68.67,88,0.0,3280.1
21583.88,68.64,88,0.0,3280.1
21583.88,68.64,88,1.2375,3280.1
21583.88,69.08,88,0.0,3280.1
21583.88,68.93,88,0.0,3280.1
21583.88,68.47,87,0.0,3280.1
21583.88,70.99,87,1.25,3280.1
21583.88,72.11,87,0.0,3280.1
21583.88,71.94,87,0.0,3280.1
21583.88,71.59,87,0.0,3280.1
21583.88,71.22,87,1.2375,3280.1
21583.88,71.73,87,0.0,3280.1
21583.88,71.81,87,1.2375,3280.1
21583.88,72.16,75,0.0,3280.1
21583.88,71.96,75,0.0,3280.1
21583.88,72.0,88,0.0,3280.1
21583.88,72.09,88,1.25,3280.1
21583.88,72.67,87,0.0,3280.1
21583.88,72.78,87,0.0,3280.1
21583.88,71.66,87,1.25,3280.1
21583.88,70.86,87,0.0,3280.1
21583.88,71.41,80,0.0,3280.1
21583.88,71.23,80,0.0,3280.1
21583.88,71.28,90,1.25,3280.1
21583.88,71.28,90,0.0,3280.1
21583.88,70.83,89,0.0,3280.1
21583.88,70.39,90,1.225,3280.1
21583.88,68.87,90,0.0,3280.1
21583.88,68.87,82,0.0,3280.1
21583.88,67.97,82,0.0,3280.1
21583.88,69.45,89,0.0,3280.1
21583.88,70.71,89,1.225,3280.1
21583.88,70.78,89,0.0,3280.1
21583.88,71.48,89,1.225,3280.1
21583.88,70.75,83,0.0,3280.1
21583.88,70.92,88,0.0,3280.1
21583.88,71.04,88,1.2125,3280.1
21583.88,71.06,87,0.0,3280.1
21583.88,72.41,87,0.0,3280.1
21583.88,73.5,88,1.225,3280.1
21583.88,73.56,88,0.0,3280.1
21583.88,73.7,84,1.225,3280.1
21583.88,71.97,84,1.225,3280.1
21583.88,70.44,81,0.0,3280.1
21583.88,70.29,81,0.0,3280.1
21583.88,70.63,88,1.225,3280.1
21583.88,70.89,88,0.0,3280.1
21583.88,71.33,88,0.0,3280.1
21583.88,71.79,88,0.0,3280.1
21583.88,68.81,79,2.4125,3280.1
21583.88,67.21,79,0.0,3280.1
21583.88,66.66,86,0.0,3280.1
21583.88,68.32,86,1.225,3280.1
21583.88,69.56,88,0.0,3280.1
21583.88,69.39,88,0.0,3280.1
21583.88,69.11,87,0.0,3280.1
21583.88,68.52,87,0.0,3280.1
21583.88,68.35,87,2.4375,3280.1
21583.88,67.35,87,0.0,3280.1
21583.88,67.05,77,0.0,3280.1
21583.88,69.75,77,0.0,3280.1
21583.88,71.09,88,1.225,3280.1
21583.88,71.34,88,0.0,3280.1
21583.88,70.97,88,0.0,3280.1
21583.88,70.81,88,0.0,3280.1
21583.88,68.58,82,1.225,3280.1
21583.88,67.71,82,1.225,3280.1
21583.88,67.81,84,0.0,3280.1
21583.88,67.46,84,1.225,3280.1
21583.88,68.08,88,0.0,3280.1
21583.88,68.22,88,0.0,3280.1
21583.88,68.43,88,0.0,3280.1
21583.88,68.86,88,1.225,3280.1
21583.88,69.27,88,0.0,3280.1
21583.88,69.35,88,0.0,3280.1
21583.88,69.28,88,1.225,3280.1
21583.88,72.34,88,1.2125,3280.1
21583.88,72.55,77,0.0,3280.1
21583.88,72.82,77,0.0,3280.1
21583.88,73.1,88,0.0,3280.1
21583.88,73.18,88,1.225,3280.1
21583.88,73.12,88,0.0,3280.1
21583.88,72.89,88,0.0,3280.1
21583.88,72.42,88,1.2125,3280.1
21583.88,71.93,88,0.0,3280.1
21583.88,72.34,87,0.0,3280.1
21583.88,72.44,87,0.0,3280.1
21583.88,71.31,88,0.0,3280.1
21583.88,71.5,88,1.225,3280.1
21583.88,71.59,86,1.2125,3280.1
21583.88,71.69,86,1.225,3280.1
21583.88,71.22,79,0.0,3280.1
21583.88,70.74,79,0.0,3280.1
21583.88,71.32,90,1.225,3280.1
21583.88,71.77,90,0.0,3280.1
21583.88,71.73,89,0.0,3280.1
21583.88,71.67,89,0.0,3280.1
21583.88,71.93,88,0.0,3280.1
21583.88,72.29,88,1.225,3280.1
21583.88,71.7,88,0.0,3280.1
21583.88,71.7,88,0.0,3280.1
21583.88,71.54,88,0.0,3280.1
21583.88,71.96,88,1.225,3280.1
21583.88,72.06,88,0.0,3280.1
21583.88,68.77,88,1.225,3280.1
21583.88,67.47,76,0.0,3280.1
21583.88,67.51,76,0.0,3280.1
21583.88,67.9,87,1.2125,3280.1
21583.88,68.17,87,0.0,3280.1
21583.88,68.45,88,0.0,3280.1
21583.88,66.19,88,2.375,3280.1
21583.88,63.96,79,0.0,3280.1
21583.88,64.87,83,0.0,3280.1
21583.88,64.95,83,0.0,3280.1
21583.88,64.93,86,1.225,3280.1
21583.88,67.88,86,0.0,3280.1
21583.88,68.85,87,2.4375,3280.1
21583.88,67.55,87,0.0,3280.1
21583.88,66.54,78,0.0,3280.1
21583.88,66.2,85,0.0,3280.1
21583.88,66.49,85,1.225,3280.1
21583.88,69.17,86,0.0,3280.1
21583.88,70.36,86,1.2125,3280.1
21583.88,70.44,76,0.0,3280.1
21583.88,69.68,76,0.0,3280.1
21583.88,69.56,87,0.0,3280.1
21583.88,69.53,87,1.225,3280.1
21583.88,69.38,87,0.0,3280.1
21583.88,70.59,87,0.0,3280.1
21583.88,71.77,88,0.0,3280.1
21583.88,72.19,88,1.225,3280.1
21583.88,72.05,88,1.225,3280.1
21583.88,71.91,88,0.0,3280.1
21583.88,70.95,76,1.2125,3280.1
21583.88,70.66,76,0.0,3280.1
21583.88,71.75,88,0.0,3280.1
21583.88,72.19,88,1.2,3280.1
21583.88,72.48,88,1.2125,3280.1
21583.88,72.75,88,1.2125,3280.1
21583.88,69.43,76,0.0,3280.1
21583.88,67.77,76,1.2125,3280.1
21583.88,67.82,87,0.0,3280.1
21583.88,67.83,87,0.0,3280.1
21583.88,69.49,88,1.2125,3280.1
21583.88,69.48,88,0.0,3280.1
21583.88,69.07,87,1.2125,3280.1
21583.88,70.31,87,1.2125,3280.1
21583.88,69.78,75,0.0,3280.1
21583.88,69.72,75,0.0,3280.1
21583.88,72.82,88,1.2125,3280.1
21583.88,74.02,88,0.0,3280.1
21583.88,73.67,88,1.2125,3280.1
21583.88,75.42,88,1.2125,3280.1
21583.88,74.52,77,0.0,3280.1
21583.88,74.57,77,0.0,3280.1
21583.88,74.48,87,1.2125,3280.1
21583.88,72.94,87,0.0,3280.1
21583.88,73.33,88,0.0,3280.1
21583.88,73.74,88,0.0,3280.1
21583.88,73.89,87,2.35,3280.1
21583.88,73.0,87,0.0,3280.1
21583.88,73.34,75,0.0,3280.1
21583.88,71.68,75,1.2125,3280.1
21583.88,72.63,88,0.0,3280.1
21583.88,72.76,88,1.2125,3280.1
21583.88,72.78,88,1.2125,3280.1
21583.88,72.14,78,1.2125,3280.1
21583.88,71.95,78,0.0,3280.1
21583.88,71.83,88,0.0,3280.1
21583.88,71.95,88,1.225,3280.1
21583.88,71.99,86,0.0,3280.1
21583.88,73.08,86,0.0,3280.1
21583.88,72.79,88,1.2,3280.1
21583.88,74.64,88,0.0,3280.1
21583.88,73.67,78,0.0,3280.1
21583.88,73.46,78,1.225,3280.1
21583.88,73.89,88,0.0,3280.1
21583.88,75.1,88,0.0,3280.1
21583.88,75.58,88,0.0,3280.1
21583.88,75.88,88,1.225,3280.1
21583.88,75.58,89,1.225,3280.1
21583.88,74.61,89,0.0,3280.1
21583.88,74.37,78,0.0,3280.1
21583.88,74.43,78,0.0,3280.1
21583.88,72.11,88,1.225,3280.1
21583.88,72.71,88,1.225,3280.1
21583.88,72.57,88,0.0,3280.1
21583.88,72.48,88,2.425,3280.1
21583.88,74.06,74,0.0,3280.1
21583.88,73.08,74,0.0,3280.1
21583.88,73.29,88,0.0,3280.1
21583.88,73.34,88,1.2125,3280.1
21583.88,74.32,88,0.0,3280.1
21583.88,74.02,88,1.225,3280.1
21583.88,74.15,84,0.0,3280.1
21583.88,73.12,84,0.0,3280.1
21583.88,73.43,80,1.225,3280.1
21583.88,73.95,80,0.0,3280.1
21583.88,73.75,89,0.0,3280.1
21583.88,71.87,87,0.0,3280.1
21583.88,72.58,87,1.225,3280.1
21583.88,71.98,86,0.0,3280.1
21583.88,72.11,86,0.0,3280.1
21583.88,71.94,85,0.0,3280.1
21583.88,71.81,85,0.0,3280.1
21583.88,71.57,86,1.225,3280.1
21583.88,72.58,86,1.225,3280.1
21583.88,72.28,78,0.0,3280.1
21583.88,72.93,78,0.0,3280.1
21583.88,72.26,88,0.0,3280.1
21583.88,72.49,88,1.225,3280.1
21583.88,72.47,87,0.0,3280.1
21583.88,72.6,87,0.0,3280.1
21583.88,72.72,86,0.0,3280.1
21583.88,73.56,86,0.0,3280.1
21583.88,73.56,88,3.6375,3280.1
21583.88,75.26,88,0.0,3280.1
21583.88,74.93,75,1.2125,3280.1
21583.88,73.89,75,0.0,3280.1
21583.88,74.66,86,0.0,3280.1
21583.88,74.81,86,0.0,3280.1
21583.88,75.14,88,1.225,3280.1
21583.88,75.4,88,0.0,3280.1
21583.88,74.89,87,0.0,3280.1
21583.88,74.65,87,0.0,3280.1
21583.88,74.19,88,1.2125,3280.1
21583.88,73.86,88,0.0,3280.1
21583.88,72.31,88,0.0,3280.1
21583.88,72.65,88,0.0,3280.1
21583.88,72.62,88,1.225,3280.1
21583.88,72.04,88,1.2125,3280.1
21583.88,73.16,76,0.0,3280.1
21583.88,72.27,76,0.0,3280.1
21583.88,72.22,87,1.225,3280.1
21583.88,72.67,87,0.0,3280.1
21583.88,73.36,86,0.0,3280.1
21583.88,73.36,86,0.0,3280.1
21583.88,73.54,86,1.2,3280.1
21583.88,77.17,86,1.2,3280.1
21583.88,75.7,75,0.0,3280.1
21583.88,75.7,75,0.0,3280.1
21583.88,75.68,88,1.225,3280.1
21583.88,74.11,88,0.0,3280.1
21583.88,74.85,88,0.0,3280.1
21583.88,74.85,88,1.2125,3280.1
21583.88,74.91,88,0.0,3280.1
21583.88,74.32,88,0.0,3280.1
21583.88,73.93,88,1.2125,3280.1
21583.88,73.3,88,0.0,3280.1
21583.88,70.02,79,1.2125,3280.1
21583.88,71.09,79,0.0,3280.1
21583.88,71.32,87,0.0,3280.1
21583.88,71.29,87,1.2125,3280.1
21583.88,71.21,88,1.225,3280.1
21583.88,72.39,88,0.0,3280.1
21583.88,70.94,77,0.0,3280.1
21583.88,71.0,91,0.0,3280.1
21583.88,71.31,91,1.2125,3280.1
21583.88,71.41,91,0.0,3280.1
21583.88,72.14,88,0.0,3280.1
21583.88,72.38,86,1.2125,3280.1
21583.88,72.51,86,0.0,3280.1
21583.88,72.23,87,0.0,3280.1
21583.88,71.98,87,1.2125,3280.1
21583.88,72.06,87,2.425,3280.1
21583.88,69.33,87,0.0,3280.1
21583.88,70.55,75,0.0,3280.1
21583.88,70.71,75,0.0,3280.1
21583.88,70.67,87,1.2125,3280.1
21583.88,70.74,88,0.0,3280.1
21583.88,70.73,88,0.0,3280.1
21583.88,70.53,79,1.225,3280.1
21583.88,69.57,79,0.0,3280.1
21583.88,69.72,88,1.2125,3280.1
21583.88,69.94,88,0.0,3280.1
21583.88,69.4,88,0.0,3280.1
21583.88,70.99,88,1.2125,3280.1
21583.88,69.23,79,1.2125,3280.1
21583.88,68.26,79,0.0,3280.1
21583.88,68.25,89,0.0,3280.1
21583.88,68.51,89,0.0,3280.1
21583.88,68.82,87,1.225,3280.1
21583.88,68.4,87,0.0,3280.1
21583.88,69.63,75,2.425,3280.1
21583.88,71.05,75,0.0,3280.1
21583.88,69.7,91,1.2125,3280.1
21583.88,69.92,91,0.0,3280.1
21583.88,69.79,88,0.0,3280.1
21583.88,71.72,88,0.0,3280.1
21583.88,72.93,87,1.2125,3280.1
21583.88,72.75,87,0.0,3280.1
21583.88,72.24,87,0.0,3280.1
21583.88,72.5,87,0.0,3280.1
21583.88,72.28,88,2.425,3280.1
21583.88,73.16,88,0.0,3280.1
21583.88,73.41,79,0.0,3280.1
21583.88,73.76,79,1.225,3280.1
21583.88,74.0,89,0.0,3280.1
21583.88,74.3,89,0.0,3280.1
21583.88,73.96,88,0.0,3280.1
21583.88,73.62,88,1.225,3280.1
21583.88,73.58,88,2.4375,3280.1
21583.88,73.49,88,0.0,3280.1
21583.88,72.91,80,0.0,3280.1
21583.88,72.02,80,0.0,3280.1
21583.88,71.65,86,1.2125,3280.1
21583.88,71.65,86,0.0,3280.1
21583.88,71.7,88,0.0,3280.1
21583.88,71.71,88,0.0,3280.1
21583.88,71.52,88,1.2125,3280.1
21583.88,71.52,88,0.0,3280.1
21583.88,71.18,88,0.0,3280.1
21583.88,71.09,88,0.0,3280.1
21583.88,71.02,84,2.45,3280.1
21583.88,74.11,84,0.0,3280.1
21583.88,73.92,79,1.2125,3280.1
21583.88,73.92,79,0.0,3280.1
21583.88,73.6,88,0.0,3280.1
21583.88,73.26,88,0.0,3280.1
21583.88,73.03,87,1.2125,3280.1
21583.88,73.45,87,0.0,3280.1
21583.88,75.52,88,1.2,3280.1
21583.88,75.0,88,0.0,3280.1
21583.88,75.36,75,1.2375,3280.1
21583.88,73.19,75,0.0,3280.1
21583.88,74.2,88,1.225,3280.1
21583.88,74.45,88,0.0,3280.1
21583.88,74.55,88,2.4375,3280.1
21583.88,76.5,88,0.0,3280.1
21583.88,75.53,76,0.0,3280.1
21583.88,75.54,76,0.0,3280.1
21583.88,75.61,89,0.0,3280.1
21583.88,74.13,89,1.225,3280.1
21583.88,74.73,88,0.0,3280.1
21583.88,74.58,88,0.0,3280.1
21583.88,74.69,87,0.0,3280.1
21583.88,74.55,87,1.225,3280.1
21583.88,74.14,86,1.2125,3280.1
21583.88,74.28,77,0.0,3280.1
21583.88,71.73,77,0.0,3280.1
21583.88,72.84,77,0.0,3280.1
21583.88,73.0,90,1.225,3280.1
21583.88,72.93,89,0.0,3280.1
21583.88,72.94,88,0.0,3280.1
21583.88,73.21,88,1.2125,3280.1
21583.88,73.44,78,2.4375,3280.1
21583.88,75.41,78,0.0,3280.1
21583.88,74.67,87,0.0,3280.1
21583.88,74.77,87,1.225,3280.1
21583.88,74.9,86,0.0,3280.1
21583.88,74.9,86,0.0,3280.1
21583.88,74.93,77,1.225,3280.1
21583.88,75.86,77,0.0,3280.1
21583.88,75.31,89,1.225,3280.1
21583.88,75.23,89,0.0,3280.1
21583.88,75.21,88,0.0,3280.1
21583.88,72.85,88,1.225,3280.1
21583.88,73.56,86,0.0,3280.1
21583.88,73.81,86,0.0,3280.1
21583.88,74.4,89,0.0,3280.1
21583.88,74.25,89,1.225,3280.1
21583.88,73.74,88,0.0,3280.1
21583.88,71.93,88,0.0,3280.1
21583.88,72.14,88,0.0,3280.1
21583.88,72.11,88,1.2125,3280.1
21583.88,72.26,88,0.0,3280.1
21583.88,72.81,88,1.2125,3280.1
21583.88,72.35,77,0.0,3280.1
21583.88,71.97,77,0.0,3280.1
21583.88,71.71,88,1.225,3280.1
21583.88,71.31,88,0.0,3280.1
21583.88,71.74,88,0.0,3280.1
21583.88,72.28,88,0.0,3280.1
21583.88,73.05,88,1.2125,3280.1
21583.88,72.42,88,1.225,3280.1
21583.88,72.13,79,0.0,3280.1
21583.88,71.85,79,0.0,3280.1
21583.88,71.11,88,1.225,3280.1
21583.88,71.79,88,1.225,3280.1
21583.88,71.75,88,0.0,3280.1
21583.88,72.19,88,1.2125,3280.1
21583.88,70.72,82,0.0,3280.1
21583.88,69.3,82,0.0,3280.1
21583.88,68.87,81,0.0,3280.1
21583.88,69.01,81,1.2125,3280.1
21583.88,69.9,87,0.0,3280.1
21583.88,70.13,87,0.0,3280.1
21583.88,70.0,87,0.0,3280.1
21583.88,70.44,87,1.225,3280.1
21583.88,70.87,86,1.2125,3280.1
21583.88,73.09,86,0.0,3280.1
21583.88,72.0,77,1.225,3280.1
21583.88,73.69,77,0.0,3280.1
21583.88,75.27,88,0.0,3280.1
21583.88,75.65,88,0.0,3280.1
21583.88,75.46,88,0.0,3280.1
21583.88,75.29,88,1.225,3280.1
21583.88,75.04,87,0.0,3280.1
21583.88,75.65,87,0.0,3280.1
21583.88,75.4,86,0.0,3280.1
21583.88,74.84,86,1.2125,3280.1
21583.88,72.17,88,1.2125,3280.1
21583.88,72.92,88,0.0,3280.1
21583.88,72.96,88,1.2125,3280.1
21583.88,72.43,76,1.2125,3280.1
21583.88,72.65,76,0.0,3280.1
21583.88,71.54,89,1.2125,3280.1
21583.88,71.91,89,0.0,3280.1
21583.88,72.36,88,0.0,3280.1
21583.88,72.19,88,1.15,3280.1
21583.88,72.45,75,1.225,3280.1
21583.88,69.5,75,0.0,3280.1
21583.88,68.76,91,0.0,3280.1
21583.88,68.16,91,1.2125,3280.1
21583.88,68.71,88,0.0,3280.1
21583.88,68.61,88,0.0,3280.1
21583.88,69.79,88,1.2125,3280.1
21583.88,69.66,88,0.0,3280.1
21583.88,69.45,88,0.0,3280.1
21583.88,69.45,88,0.0,3280.1
21583.88,68.28,88,0.0,3280.1
21583.88,71.44,88,1.225,3280.1
21583.88,71.6,88,1.225,3280.1
21583.88,70.63,88,0.0,3280.1
21583.88,70.0,78,0.0,3280.1
21583.88,70.06,78,1.225,3280.1
21583.88,70.09,87,0.0,3280.1
21583.88,70.15,87,0.0,3280.1
21583.88,67.52,88,2.4375,3280.1
21583.88,66.54,78,0.0,3280.1
21583.88,66.81,78,1.225,3280.1
21583.88,67.07,86,0.0,3280.1
21583.88,67.33,86,0.0,3280.1
21583.88,68.3,86,1.225,3280.1
21583.88,69.27,87,1.2125,3280.1
21583.88,69.02,87,0.0,3280.1
21583.88,68.59,77,0.0,3280.1
21583.88,68.19,88,0.0,3280.1
21583.88,67.85,88,1.2125,3280.1
21583.88,70.49,88,0.0,3280.1
21583.88,71.78,88,0.0,3280.1
21583.88,72.31,88,1.2125,3280.1
21583.88,72.34,88,0.0,3280.1
21583.88,72.27,88,0.0,3280.1
21583.88,70.82,88,2.4375,3280.1
21583.88,69.64,79,0.0,3280.1
21583.88,69.95,79,0.0,3280.1
21583.88,69.9,88,0.0,3280.1
21583.88,69.89,88,1.225,3280.1
21583.88,69.98,88,0.0,3280.1
21583.88,70.17,88,1.225,3280.1
21583.88,71.67,78,0.0,3280.1
21583.88,70.85,78,1.2125,3280.1
21583.88,70.8,90,0.0,3280.1
21583.88,70.73,90,0.0,3280.1
21583.88,72.29,84,1.2125,3280.1
21583.88,72.48,84,1.2125,3280.1
21583.88,72.33,78,0.0,3280.1
21583.88,72.34,78,0.0,3280.1
21583.88,72.57,88,1.2125,3280.1
21583.88,72.94,88,0.0,3280.1
21583.88,72.57,87,0.0,3280.1
21583.88,70.84,87,1.2125,3280.1
21583.88,72.75,79,1.2125,3280.1
21583.88,71.9,79,1.2125,3280.1
21583.88,72.15,89,0.0,3280.1
21583.88,72.14,89,0.0,3280.1
21583.88,73.07,87,1.2125,3280.1
21583.88,73.79,87,0.0,3280.1
21583.88,74.08,87,0.0,3280.1
21583.88,74.05,87,1.2125,3280.1
21583.88,73.44,87,0.0,3280.1
21583.88,71.55,78,1.225,3280.1
21583.88,70.34,78,0.0,3280.1
21583.88,68.65,86,0.0,3280.1
21583.88,69.33,86,0.0,3280.1
21583.88,69.5,87,0.0,3280.1
21583.88,70.05,87,1.2125,3280.1
21583.88,70.45,88,0.0,3280.1
21583.88,69.78,88,1.2125,3280.1
21583.88,71.71,78,0.0,3280.1
21583.88,71.68,78,1.2125,3280.1
21583.88,73.77,88,0.0,3280.1
21583.88,74.93,88,1.2125,3280.1
21583.88,75.22,88,1.2125,3280.1
21583.88,75.06,88,0.0,3280.1
21583.88,74.72,87,1.2,3280.1
21583.88,75.0,87,1.2375,3280.1
21583.88,74.5,76,0.0,3280.1
21583.88,74.98,76,0.0,3280.1
21583.88,75.11,88,1.175,3280.1
21583.88,72.92,88,0.0,3280.1
21583.88,73.06,88,1.2125,3280.1
21583.88,74.31,88,1.2125,3280.1
21583.88,74.07,76,0.0,3280.1
21583.88,74.11,76,0.0,3280.1
21583.88,74.31,88,0.0,3280.1
21583.88,74.47,88,1.2125,3280.1
21583.88,73.93,90,0.0,3280.1
21583.88,73.88,90,0.0,3280.1
21583.88,73.92,85,2.425,3280.1
21583.88,72.96,85,0.0,3280.1
21583.88,73.33,75,0.0,3280.1
21583.88,71.99,75,1.2125,3280.1
21583.88,72.38,87,0.0,3280.1
21583.88,72.29,88,1.2,3280.1
21583.88,74.35,88,0.0,3280.1
21583.88,74.04,73,1.25,3280.1
21583.88,74.36,73,0.0,3280.1
21583.88,74.89,88,0.0,3280.1
21583.88,74.6,88,0.0,3280.1
21583.88,74.97,88,1.25,3280.1
21583.88,74.97,87,0.0,3280.1
21583.88,75.12,87,0.0,3280.1
21583.88,75.12,86,1.25,3280.1
21583.88,75.18,86,0.0,3280.1
21583.88,74.74,88,0.0,3280.1
21583.88,72.42,88,0.0,3280.1
21583.88,72.42,87,1.25,3280.1
21583.88,72.6,87,0.0,3280.1
21583.88,72.04,88,0.0,3280.1
21583.88,71.66,88,1.2375,3280.1
21583.88,70.82,76,1.25,3280.1
21583.88,69.78,76,0.0,3280.1
21583.88,70.17,91,0.0,3280.1
21583.88,69.87,91,1.25,3280.1
21583.88,69.61,88,1.25,3280.1
21583.88,69.75,88,0.0,3280.1
21583.88,70.0,88,0.0,3280.1
21583.88,70.35,88,1.2375,3280.1
21583.88,70.6,86,0.0,3280.1
21583.88,70.61,86,0.0,3280.1
21583.88,70.45,87,0.0,3280.1
21583.88,71.01,87,1.25,3280.1
21583.88,72.31,88,1.2375,3280.1
21583.88,72.12,88,1.25,3280.1
21583.88,73.55,76,0.0,3280.1
21583.88,73.03,88,0.0,3280.1
21583.88,72.84,88,0.0,3280.1
21583.88,73.25,87,1.25,3280.1
21583.88,73.54,87,0.0,3280.1
21583.88,73.56,88,0.0,3280.1
21583.88,73.65,88,1.2375,3280.1
21583.88,73.83,87,0.0,3280.1
21583.88,73.74,87,0.0,3280.1
21583.88,73.7,74,1.2375,3280.1
21583.88,70.59,74,1.25,3280.1
21583.88,67.43,89,0.0,3280.1
21583.88,68.11,89,0.0,3280.1
21583.88,68.16,87,1.2375,3280.1
21583.88,67.75,87,0.0,3280.1
21583.88,67.54,87,0.0,3280.1
21583.88,67.72,87,0.0,3280.1
21583.88,67.87,87,1.1875,3280.1
21583.88,67.63,87,0.0,3280.1
21583.88,67.46,87,1.225,3280.1
21583.88,70.59,87,1.225,3280.1
21583.88,73.7,75,1.2125,3280.1
21583.88,73.26,75,0.0,3280.1
21583.88,73.33,88,0.0,3280.1
21583.88,73.36,88,0.0,3280.1
21583.88,73.33,87,1.2125,3280.1
21583.88,73.21,87,0.0,3280.1
21583.88,73.14,88,1.2125,3280.1
21583.88,73.97,88,0.0,3280.1
21583.88,73.71,73,1.2125,3280.1
21583.88,73.82,73,0.0,3280.1
21583.88,74.2,88,0.0,3280.1
21583.88,72.81,88,1.2125,3280.1
21583.88,73.25,88,1.2375,3280.1
21583.88,74.94,88,1.175,3280.1
21583.88,73.59,77,0.0,3280.1
21583.88,73.66,77,0.0,3280.1
21583.88,73.79,88,1.2,3280.1
21583.88,74.05,88,1.2125,3280.1
21583.88,73.51,86,0.0,3280.1
21583.88,74.17,86,0.0,3280.1
21583.88,73.77,88,1.2125,3280.1
21583.88,73.65,88,0.0,3280.1
21583.88,73.17,88,0.0,3280.1
21583.88,73.17,88,0.0,3280.1
21583.88,70.86,86,0.0,3280.1
21583.88,72.15,86,1.225,3280.1
21583.88,71.93,87,0.0,3280.1
21583.88,71.34,87,1.225,3280.1
21583.88,71.2,87,1.2125,3280.1
21583.88,70.89,87,0.0,3280.1
21583.88,71.05,75,0.0,3280.1
21583.88,71.13,75,0.0,3280.1
21583.88,71.16,88,1.225,3280.1
21583.88,71.45,88,0.0,3280.1
21583.88,72.17,88,0.0,3280.1
21583.88,72.3,88,1.2125,3280.1
21583.88,72.6,88,0.0,3280.1
21583.88,72.27,88,0.0,3280.1
21583.88,71.97,88,1.2125,3280.1
21583.88,71.9,88,0.0,3280.1
21583.88,72.05,87,0.0,3280.1
21583.88,71.85,87,0.0,3280.1
21583.88,71.79,70,2.45,3280.1
21583.88,74.02,70,0.0,3280.1
21583.88,73.53,88,0.0,3280.1
21583.88,73.32,88,0.0,3280.1
21583.88,73.33,88,2.4,3280.1
21583.88,73.6,88,0.0,3280.1
21583.88,74.93,88,0.0,3280.1
21583.88,75.02,88,1.2125,3280.1
21583.88,75.03,88,0.0,3280.1
21583.88,74.9,88,0.0,3280.1
21583.88,74.42,86,1.225,3280.1
21583.88,71.01,86,1.225,3280.1
21583.88,71.34,79,0.0,3280.1
21583.88,71.35,79,0.0,3280.1
21583.88,71.46,86,0.0,3280.1
21583.88,71.42,86,1.1875,3280.1
21583.88,71.36,88,1.1875,3280.1
21583.88,72.93,88,1.1875,3280.1
21583.88,72.43,75,0.0,3280.1
21583.88,72.7,75,0.0,3280.1
21583.88,73.17,88,0.0,3280.1
21583.88,73.92,88,0.0,3280.1
21583.88,75.12,87,2.425,3280.1
21583.88,74.44,87,0.0,3280.1
21583.88,74.53,78,0.0,3280.1
21583.88,74.51,78,1.2125,3280.1
21583.88,74.24,88,0.0,3280.1
21583.88,73.88,88,0.0,3280.1
21583.88,71.83,88,2.425,3280.1
21583.88,74.16,88,0.0,3280.1
21583.88,73.25,80,1.2125,3280.1
21583.88,73.18,80,0.0,3280.1
21583.88,73.06,88,0.0,3280.1
21583.88,73.29,88,0.0,3280.1
21583.88,74.36,84,1.2125,3280.1
21583.88,74.32,84,0.0,3280.1
21583.88,73.87,88,0.0,3280.1
21583.88,74.15,88,1.2125,3280.1
21583.88,74.12,87,0.0,3280.1
21583.88,74.21,87,0.0,3280.1
21583.88,71.57,88,1.2125,3280.1
21583.88,72.41,88,0.0,3280.1
21583.88,72.12,86,0.0,3280.1
21583.88,72.01,86,1.2125,3280.1
21583.88,71.71,86,1.2125,3280.1
21583.88,70.42,86,0.0,3280.1
21583.88,70.41,75,0.0,3280.1
21583.88,70.77,75,1.2125,3280.1
21583.88,70.51,87,0.0,3280.1
21583.88,70.62,87,0.0,3280.1
21583.88,70.47,87,1.1875,3280.1
21583.88,70.83,87,2.325,3280.1
21583.88,72.82,76,0.0,3280.1
21583.88,72.42,76,0.0,3280.1
21583.88,72.45,88,1.175,3280.1
21583.88,73.92,88,0.0,3280.1
21583.88,73.92,88,1.2,3280.1
21583.88,74.04,87,0.0,3280.1
21583.88,73.91,87,1.2125,3280.1
21583.88,73.64,76,0.0,3280.1
21583.88,75.34,76,1.2125,3280.1
21583.88,75.79,89,0.0,3280.1
21583.88,73.59,89,0.0,3280.1
21583.88,74.04,87,0.0,3280.1
21583.88,73.92,87,1.2125,3280.1
21583.88,74.0,86,0.0,3280.1
21583.88,73.74,76,1.225,3280.1
21583.88,75.7,76,0.0,3280.1
21583.88,75.0,88,0.0,3280.1
21583.88,75.51,88,1.225,3280.1
21583.88,74.07,88,0.0,3280.1
21583.88,74.63,88,0.0,3280.1
21583.88,74.36,87,1.2125,3280.1
21583.88,74.31,87,2.425,3280.1
21583.88,74.47,73,0.0,3280.1
21583.88,74.32,73,0.0,3280.1
21583.88,74.06,87,0.0,3280.1
21583.88,72.03,87,0.0,3280.1
21583.88,72.98,87,1.225,3280.1
21583.88,72.98,87,0.0,3280.1
21583.88,72.53,87,1.15,3280.1
21583.88,74.45,88,1.2,3280.1
21583.88,73.2,76,0.0,3280.1
21583.88,73.31,76,0.0,3280.1
21583.88,73.62,76,0.0,3280.1
21583.88,73.72,87,1.2125,3280.1
21583.88,73.7,87,0.0,3280.1
21583.88,74.35,86,0.0,3280.1
21583.88,74.39,86,1.2125,3280.1
21583.88,73.98,87,0.0,3280.1
21583.88,73.78,86,2.425,3280.1
21583.88,76.06,86,0.0,3280.1
21583.88,72.71,75,1.2125,3280.1
21583.88,74.19,75,0.0,3280.1
21583.88,74.2,86,1.2125,3280.1
21583.88,73.83,86,0.0,3280.1
21583.88,74.1,85,0.0,3280.1
21583.88,74.27,85,0.0,3280.1
21583.88,73.64,87,2.4375,3280.1
21583.88,75.8,87,0.0,3280.1
21583.88,75.65,77,0.0,3280.1
21583.88,75.83,77,1.225,3280.1
21583.88,73.56,88,0.0,3280.1
21583.88,74.66,88,0.0,3280.1
21583.88,74.39,88,0.0,3280.1
21583.88,74.43,88,1.25,3280.1
21583.88,76.37,78,1.2125,3280.1
21583.88,75.07,78,0.0,3280.1
21583.88,74.96,92,0.0,3280.1
21583.88,75.03,92,0.0,3280.1
21583.88,72.77,88,1.2375,3280.1
21583.88,73.27,88,0.0,3280.1
21583.88,73.52,88,0.0,3280.1
21583.88,73.72,88,1.2375,3280.1
21583.88,71.09,79,1.2375,3280.1
21583.88,69.72,79,0.0,3280.1
21583.88,69.41,87,0.0,3280.1
21583.88,67.57,87,1.25,3280.1
21583.88,68.69,88,0.0,3280.1
21583.88,69.16,88,0.0,3280.1
21583.88,69.47,88,1.2375,3280.1
21583.88,69.43,85,1.25,3280.1
21583.88,69.05,85,0.0,3280.1
21583.88,68.77,71,1.25,3280.1
21583.88,66.92,71,1.2375,3280.1
21583.88,68.65,89,0.0,3280.1
21583.88,69.92,89,0.0,3280.1
21583.88,70.45,86,0.0,3280.1
21583.88,70.7,86,0.0,3280.1
21583.88,70.73,87,1.2375,3280.1
21583.88,70.35,87,0.0,3280.1
21583.88,70.16,87,0.0,3280.1
21583.88,70.16,87,0.0,3280.1
21583.88,70.08,87,1.2375,3280.1
21583.88,69.89,87,0.0,3280.1
21583.88,71.33,75,1.25,3280.1
21583.88,69.05,75,1.2375,3280.1
21583.88,68.66,90,0.0,3280.1
21583.88,67.8,90,0.0,3280.1
21583.88,67.89,87,1.25,3280.1
21583.88,68.26,87,0.0,3280.1
21583.88,68.18,87,0.0,3280.1
21583.88,68.22,86,0.0,3280.1
21583.88,68.64,87,1.2375,3280.1
21583.88,68.76,87,0.0,3280.1
21583.88,69.01,87,0.0,3280.1
21583.88,71.87,88,1.25,3280.1
21583.88,69.93,80,1.2375,3280.1
21583.88,69.97,80,0.0,3280.1
21583.88,69.95,84,1.25,3280.1
21583.88,69.93,84,0.0,3280.1
21583.88,69.67,84,0.0,3280.1
21583.88,69.78,88,0.0,3280.1
21583.88,69.73,88,1.2125,3280.1
21583.88,69.5,87,0.0,3280.1
21583.88,71.25,74,1.15,3280.1
21583.88,70.93,74,1.2375,3280.1
21583.88,71.12,88,1.2375,3280.1
21583.88,73.31,88,0.0,3280.1
21583.88,73.8,88,1.2125,3280.1
21583.88,74.13,88,0.0,3280.1
21583.88,74.19,88,0.0,3280.1
21583.88,74.35,88,2.4,3280.1
21583.88,74.2,75,0.0,3280.1
21583.88,73.48,75,0.0,3280.1
21583.88,73.71,75,1.2125,3280.1
21583.88,72.34,91,0.0,3280.1
21583.88,72.8,91,0.0,3280.1
21583.88,72.76,90,1.2125,3280.1
21583.88,73.1,90,0.0,3280.1
21583.88,73.19,88,0.0,3280.1
21583.88,72.98,87,0.0,3280.1
21583.88,72.48,87,0.0,3280.1
21583.88,71.84,87,1.225,3280.1
21583.88,71.92,87,1.1875,3280.1
21583.88,70.85,83,0.0,3280.1
21583.88,69.39,83,1.2125,3280.1
21583.88,68.87,81,0.0,3280.1
21583.88,69.18,81,0.0,3280.1
21583.88,69.82,87,0.0,3280.1
21583.88,69.98,86,1.2125,3280.1
21583.88,69.65,86,0.0,3280.1
21583.88,69.48,87,0.0,3280.1
21583.88,69.91,87,1.2125,3280.1
21583.88,70.42,88,0.0,3280.1
21583.88,70.21,88,0.0,3280.1
21583.88,71.68,80,3.6375,3280.1
21583.88,70.31,80,0.0,3280.1
21583.88,69.36,81,0.0,3280.1
21583.88,68.8,81,0.0,3280.1
21583.88,68.56,87,1.2125,3280.1
21583.88,68.83,87,0.0,3280.1
21583.88,69.16,88,0.0,3280.1
21583.88,69.51,88,1.2125,3280.1
21583.88,69.35,88,0.0,3280.1
21583.88,69.13,88,0.0,3280.1
21583.88,68.9,87,0.0,3280.1
21583.88,68.98,87,1.225,3280.1
21583.88,71.41,85,0.0,3280.1
21583.88,72.01,85,1.2125,3280.1
21583.88,72.4,76,0.0,3280.1
21583.88,74.24,76,1.225,3280.1
21583.88,73.11,88,0.0,3280.1
21583.88,72.82,88,0.0,3280.1
21583.88,72.48,86,1.2125,3280.1
21583.88,72.65,86,0.0,3280.1
21583.88,72.65,87,0.0,3280.1
21583.88,72.98,87,1.2125,3280.1
21583.88,73.22,87,1.2125,3280.1
21583.88,73.58,87,0.0,3280.1
21583.88,73.0,88,0.0,3280.1
21583.88,70.67,88,0.0,3280.1
21583.88,71.04,87,1.2125,3280.1
21583.88,71.12,87,1.225,3280.1
21583.88,70.72,76,0.0,3280.1
21583.88,70.53,76,0.0,3280.1
21583.88,70.6,88,0.0,3280.1
21583.88,71.19,88,1.225,3280.1
21583.88,71.57,88,0.0,3280.1
21583.88,72.02,88,0.0,3280.1
21583.88,72.45,88,0.0,3280.1
21583.88,74.82,77,1.2125,3280.1
21583.88,74.71,77,0.0,3280.1
21583.88,75.08,77,1.225,3280.1
21583.88,75.29,87,1.225,3280.1
21583.88,75.69,86,0.0,3280.1
21583.88,75.72,86,0.0,3280.1
21583.88,73.56,81,1.2125,3280.1
21583.88,72.48,81,0.0,3280.1
21583.88,71.67,87,1.2125,3280.1
21583.88,71.32,87,0.0,3280.1
21583.88,70.81,88,0.0,3280.1
21583.88,68.9,88,1.2125,3280.1
21583.88,69.54,88,0.0,3280.1
21583.88,69.47,88,0.0,3280.1
21583.88,69.3,88,0.0,3280.1
21583.88,68.93,88,1.2125,3280.1
21583.88,68.76,87,1.2125,3280.1
21583.88,69.6,87,0.0,3280.1
21583.88,70.33,79,1.2125,3280.1
21583.88,71.01,79,0.0,3280.1
21583.88,71.01,86,0.0,3280.1
21583.88,71.33,86,0.0,3280.1
21583.88,71.36,88,1.2125,3280.1
21583.88,71.38,88,0.0,3280.1
21583.88,71.31,88,0.0,3280.1
21583.88,71.15,88,1.2125,3280.1
21583.88,71.08,88,0.0,3280.1
21583.88,70.9,88,1.2125,3280.1
21583.88,73.05,75,1.2125,3280.1
21583.88,72.43,75,1.2125,3280.1
21583.88,72.05,89,0.0,3280.1
21583.88,71.89,89,1.2125,3280.1
21583.88,71.95,87,0.0,3280.1
21583.88,72.22,87,0.0,3280.1
21583.88,72.32,88,0.0,3280.1
21583.88,72.59,88,1.2125,3280.1
21583.88,73.0,89,0.0,3280.1
21583.88,73.24,89,1.15,3280.1
21583.88,73.42,88,0.0,3280.1
21583.88,74.16,88,1.225,3280.1
21583.88,74.22,76,0.0,3280.1
21583.88,74.23,76,0.0,3280.1
21583.88,74.31,89,1.225,3280.1
21583.88,74.45,89,0.0,3280.1
21583.88,74.47,88,0.0,3280.1
21583.88,74.29,88,0.0,3280.1
21583.88,74.14,88,1.2125,3280.1
21583.88,73.56,88,0.0,3280.1
21583.88,73.86,87,0.0,3280.1
21583.88,71.99,86,1.2125,3280.1
21583.88,71.99,86,0.0,3280.1
21583.88,72.31,87,0.0,3280.1
21583.88,72.18,87,3.6125,3280.1
21583.88,72.19,68,0.0,3280.1
21583.88,70.83,68,1.2125,3280.1
21583.88,71.0,88,0.0,3280.1
21583.88,71.01,88,0.0,3280.1
21583.88,71.16,88,0.0,3280.1
21583.88,71.69,88,1.2125,3280.1
21583.88,71.66,87,1.2125,3280.1
21583.88,68.92,87,0.0,3280.1
21583.88,68.17,77,1.2125,3280.1
21583.88,68.7,88,0.0,3280.1
21583.88,69.04,88,1.1875,3280.1
21583.88,69.28,73,1.1875,3280.1
21583.88,69.83,73,0.0,3280.1
21583.88,69.0,87,1.2125,3280.1
21583.88,68.72,87,0.0,3280.1
21583.88,68.95,87,0.0,3280.1
21583.88,69.19,87,0.0,3280.1
21583.88,69.39,88,2.4375,3280.1
21583.88,72.67,88,0.0,3280.1
21583.88,72.9,74,0.0,3280.1
21583.88,72.74,74,1.1875,3280.1
21583.88,72.54,83,1.125,3280.1
21583.88,72.68,83,1.225,3280.1
21583.88,72.82,86,0.0,3280.1
21583.88,72.83,86,0.0,3280.1
21583.88,72.66,88,0.0,3280.1
21583.88,72.66,88,1.225,3280.1
21583.88,72.46,88,1.225,3280.1
21583.88,72.17,88,0.0,3280.1
21583.88,72.65,89,0.0,3280.1
21583.88,72.26,89,0.0,3280.1
21583.88,71.99,88,1.225,3280.1
21583.88,71.67,88,1.225,3280.1
21583.88,73.9,74,0.0,3280.1
21583.88,74.06,74,0.0,3280.1
21583.88,74.41,87,1.225,3280.1
21583.88,74.42,87,0.0,3280.1
21583.88,74.19,88,0.0,3280.1
21583.88,74.13,88,1.125,3280.1
21583.88,74.13,84,1.225,3280.1
21583.88,73.17,84,0.0,3280.1
21583.88,72.98,76,0.0,3280.1
21583.88,73.64,76,0.0,3280.1
21583.88,74.04,87,1.2125,3280.1
21583.88,72.07,87,0.0,3280.1
21583.88,72.27,88,1.2125,3280.1
21583.88,71.98,88,1.2125,3280.1
21583.88,71.98,76,0.0,3280.1
21583.88,72.28,76,0.0,3280.1
21583.88,72.53,88,1.2125,3280.1
21583.88,73.45,88,0.0,3280.1
21583.88,73.79,88,0.0,3280.1
21583.88,73.24,88,0.0,3280.1
21583.88,72.91,88,1.2125,3280.1
21583.88,72.84,87,0.0,3280.1
21583.88,72.65,87,0.0,3280.1
21583.88,72.26,89,1.225,3280.1
21583.88,72.14,89,1.225,3280.1
21583.88,71.8,88,0.0,3280.1
21583.88,71.46,88,1.225,3280.1
21583.88,72.99,78,0.0,3280.1
21583.88,72.58,78,1.2125,3280.1
21583.88,72.8,91,0.0,3280.1
21583.88,73.1,91,0.0,3280.1
21583.88,73.3,88,1.2,3280.1
21583.88,73.13,88,0.0,3280.1
21583.88,73.08,88,0.0,3280.1
21583.88,73.06,88,1.2125,3280.1
21583.88,73.13,88,0.0,3280.1
21583.88,72.94,88,0.0,3280.1
21583.88,72.92,88,1.225,3280.1
21583.88,69.45,88,1.1625,3280.1
21583.88,69.0,74,0.0,3280.1
21583.88,68.78,74,1.2125,3280.1
21583.88,68.18,87,0.0,3280.1
21583.88,68.32,87,1.15,3280.1
21583.88,68.77,87,0.0,3280.1
21583.88,67.65,87,1.1875,3280.1
21583.88,67.85,76,0.0,3280.1
21583.88,68.32,76,0.0,3280.1
21583.88,69.06,88,1.2125,3280.1
21583.88,69.48,88,0.0,3280.1
21583.88,71.72,88,2.2125,3280.1
21583.88,73.2,88,2.45,3280.1
21583.88,74.45,84,0.0,3280.1
21583.88,73.99,84,1.2125,3280.1
21583.88,73.96,66,0.0,3280.1
21583.88,73.78,66,0.0,3280.1
21583.88,74.97,90,0.0,3280.1
21583.88,74.93,90,1.225,3280.1
21583.88,73.98,90,0.0,3280.1
21583.88,73.98,90,0.0,3280.1
21583.88,73.49,90,1.225,3280.1
21583.88,73.38,77,0.0,3280.1
21583.88,71.85,77,1.2,3280.1
21583.88,72.03,90,0.0,3280.1
21583.88,71.71,90,0.0,3280.1
21583.88,71.38,88,1.225,3280.1
21583.88,71.57,88,1.225,3280.1
21583.88,71.92,88,0.0,3280.1
21583.88,72.34,88,0.0,3280.1
21583.88,72.61,88,0.0,3280.1
21583.88,72.65,88,1.225,3280.1
21583.88,72.37,88,0.0,3280.1
21583.88,71.72,88,0.0,3280.1
21583.88,72.28,88,1.2125,3280.1
21583.88,72.56,88,0.0,3280.1
21583.88,69.55,88,3.275,3280.1
21583.88,68.42,88,0.0,3280.1
21583.88,67.94,67,0.0,3280.1
21583.88,67.47,67,1.2125,3280.1
21583.88,67.12,88,0.0,3280.1
21583.88,67.34,88,0.0,3280.1
21583.88,68.05,88,0.0,3280.1
21583.88,68.87,88,1.2125,3280.1
21583.88,65.85,88,1.2125,3280.1
21583.88,64.29,72,1.2125,3280.1
21583.88,64.42,72,0.0,3280.1
21583.88,67.94,88,0.0,3280.1
21583.88,69.1,88,0.0,3280.1
21583.88,69.17,88,1.2125,3280.1
21583.88,69.38,88,2.25,3280.1
21583.88,69.61,80,0.0,3280.1
21583.88,69.22,80,2.425,3280.1
21583.88,70.66,71,0.0,3280.1
21583.88,69.6,71,0.0,3280.1
21583.88,73.25,88,0.0,3280.1
21583.88,74.93,88,1.225,3280.1
21583.88,74.99,87,0.0,3280.1
21583.88,74.89,87,1.225,3280.1
21583.88,73.6,77,0.0,3280.1
21583.88,73.69,77,0.0,3280.1
21583.88,73.91,88,1.2125,3280.1
21583.88,73.89,88,0.0,3280.1
21583.88,73.69,88,0.0,3280.1
21583.88,71.64,88,1.2125,3280.1
21583.88,72.13,88,0.0,3280.1
21583.88,72.37,88,0.0,3280.1
21583.88,72.28,88,1.2125,3280.1
21583.88,73.21,88,0.0,3280.1
21583.88,71.76,79,1.2125,3280.1
21583.88,73.13,79,0.0,3280.1
21583.88,73.4,88,0.0,3280.1
21583.88,73.35,88,1.2125,3280.1
21583.88,73.56,88,0.0,3280.1
21583.88,73.97,88,1.2125,3280.1
21583.88,74.25,88,1.2125,3280.1
21583.88,74.45,88,1.15,3280.1
21583.88,73.95,72,0.0,3280.1
21583.88,73.52,72,0.0,3280.1
21583.88,72.41,86,1.1875,3280.1
21583.88,73.65,86,0.0,3280.1
21583.88,73.37,88,1.2125,3280.1
21583.88,72.03,88,1.2125,3280.1
21583.88,70.8,85,0.0,3280.1
21583.88,70.49,85,1.2125,3280.1
21583.88,70.52,74,0.0,3280.1
21583.88,70.58,74,0.0,3280.1
21583.88,70.65,88,0.0,3280.1
21583.88,70.86,87,2.425,3280.1
21583.88,72.85,87,0.0,3280.1
21583.88,72.51,87,1.2125,3280.1
21583.88,72.68,73,0.0,3280.1
21583.88,72.64,87,0.0,3280.1
21583.88,73.33,87,0.0,3280.1
21583.88,74.14,87,1.2125,3280.1
21583.88,74.08,86,0.0,3280.1
21583.88,74.33,86,0.0,3280.1
21583.88,74.45,88,1.2125,3280.1
21583.88,74.18,88,1.2125,3280.1
21583.88,73.75,88,0.0,3280.1
21583.88,71.28,88,1.225,3280.1
21583.88,68.53,78,0.0,3280.1
21583.88,67.64,78,1.225,3280.1
21583.88,68.17,88,0.0,3280.1
21583.88,68.28,88,0.0,3280.1
21583.88,68.27,85,0.0,3280.1
21583.88,68.22,85,1.2125,3280.1
21583.88,67.95,87,0.0,3280.1
21583.88,68.23,87,0.0,3280.1
21583.88,67.73,85,2.4375,3280.1
21583.88,67.35,85,0.0,3280.1
21583.88,70.1,80,1.2,3280.1
21583.88,71.1,80,0.0,3280.1
21583.88,70.95,88,0.0,3280.1
21583.88,70.86,88,1.2125,3280.1
21583.88,70.82,87,0.0,3280.1
21583.88,70.98,87,0.0,3280.1
21583.88,67.66,76,1.2125,3280.1
21583.88,67.16,76,1.2125,3280.1
21583.88,67.32,89,0.0,3280.1
21583.88,68.22,89,0.0,3280.1
21583.88,68.92,85,0.0,3280.1
21583.88,69.59,85,1.2125,3280.1
21583.88,67.45,82,1.2125,3280.1
21583.88,66.9,82,1.2125,3280.1
21583.88,66.54,80,1.2125,3280.1
21583.88,66.9,80,0.0,3280.1
21583.88,67.09,88,0.0,3280.1
21583.88,70.13,88,1.2125,3280.1
21583.88,70.64,87,0.0,3280.1
21583.88,70.4,87,0.0,3280.1
21583.88,70.31,88,1.2125,3280.1
21583.88,70.26,88,1.2125,3280.1
21583.88,68.61,77,0.0,3280.1
21583.88,70.27,77,0.0,3280.1
21583.88,70.53,86,1.2125,3280.1
21583.88,71.46,86,0.0,3280.1
21583.88,71.39,86,0.0,3280.1
21583.88,71.33,86,1.2125,3280.1
21583.88,71.38,87,1.225,3280.1
21583.88,68.86,87,0.0,3280.1
21583.88,68.98,79,0.0,3280.1
21583.88,68.69,79,2.4375,3280.1
21583.88,70.13,88,0.0,3280.1
21583.88,70.13,88,0.0,3280.1
21583.88,70.22,87,2.1875,3280.1
21583.88,70.34,82,0.0,3280.1
21583.88,70.37,82,0.0,3280.1
21583.88,70.37,82,1.225,3280.1
21583.88,70.57,88,0.0,3280.1
21583.88,72.91,88,0.0,3280.1
21583.88,72.69,89,0.0,3280.1
21583.88,72.81,89,0.0,3280.1
21583.88,72.57,90,1.225,3280.1
21583.88,72.74,90,1.225,3280.1
21583.88,71.63,90,1.2125,3280.1
21583.88,70.29,72,0.0,3280.1
21583.88,69.46,72,0.0,3280.1
21583.88,69.17,90,1.2125,3280.1
21583.88,69.18,90,1.0625,3280.1
21583.88,69.47,87,1.225,3280.1
21583.88,70.17,90,0.0,3280.1
21583.88,70.55,90,0.0,3280.1
21583.88,70.89,88,2.4375,3280.1
21583.88,70.57,88,1.2125,3280.1
21583.88,69.8,72,0.0,3280.1
21583.88,71.33,72,0.0,3280.1
21583.88,73.1,90,1.2125,3280.1
21583.88,73.67,90,0.0,3280.1
21583.88,73.68,90,0.0,3280.1
21583.88,72.94,90,1.225,3280.1
21583.88,72.54,90,0.0,3280.1
21583.88,72.79,90,2.425,3280.1
21583.88,71.64,79,1.225,3280.1
21583.88,72.24,79,2.1,3280.1
21583.88,73.29,87,0.0,3280.1
21583.88,73.46,87,0.0,3280.1
21583.88,73.0,89,0.0,3280.1
21583.88,72.88,89,2.4875,3280.1
21583.88,74.41,69,0.0,3280.1
21583.88,73.1,69,1.25,3280.1
21583.88,73.04,90,0.0,3280.1
21583.88,72.88,90,0.0,3280.1
21583.88,72.63,88,0.0,3280.1
21583.88,74.13,88,1.2375,3280.1
21583.88,74.27,88,0.0,3280.1
21583.88,74.18,88,0.0,3280.1
21583.88,73.81,88,1.25,3280.1
21583.88,73.56,88,0.0,3280.1
21583.88,72.91,87,1.2125,3280.1
21583.88,68.23,87,0.0,3280.1
21583.88,68.73,77,0.0,3280.1
21583.88,68.99,77,1.25,3280.1
21583.88,69.12,88,0.0,3280.1
21583.88,68.92,88,0.0,3280.1
21583.88,68.43,87,1.25,3280.1
21583.88,68.08,87,0.0,3280.1
21583.88,67.97,86,1.25,3280.1
21583.88,68.5,86,0.0,3280.1
21583.88,67.76,78,0.0,3280.1
21583.88,67.64,78,1.25,3280.1
21583.88,70.64,89,1.25,3280.1
21583.88,71.53,89,0.0,3280.1
21583.88,71.37,89,0.0,3280.1
21583.88,71.75,89,1.25,3280.1
21583.88,71.93,88,0.0,3280.1
21583.88,71.99,88,0.0,3280.1
21583.88,71.81,90,0.0,3280.1
21583.88,71.34,90,1.2375,3280.1
21583.88,72.91,81,3.675,3280.1
21583.88,71.91,81,1.2125,3280.1
21583.88,72.65,86,0.0,3280.1
21583.88,73.06,86,0.0,3280.1
21583.88,73.25,88,1.225,3280.1
21583.88,73.29,88,0.0,3280.1
21583.88,72.78,87,0.0,3280.1
21583.88,72.57,87,2.325,3280.1
21583.88,72.8,86,0.0,3280.1
21583.88,72.33,86,1.2375,3280.1
21583.88,72.51,70,0.0,3280.1
21583.88,70.64,70,0.0,3280.1
21583.88,72.87,88,0.0,3280.1
21583.88,72.57,88,1.2125,3280.1
21583.88,72.19,87,0.0,3280.1
21583.88,71.9,87,0.0,3280.1
21583.88,71.98,88,1.2125,3280.1
21583.88,72.35,88,0.0,3280.1
21583.88,72.2,88,0.0,3280.1
21583.88,71.83,88,1.2125,3280.1
21583.88,72.27,88,0.0,3280.1
21583.88,72.16,88,0.0,3280.1
21583.88,72.0,88,1.2125,3280.1
21583.88,72.2,77,1.2125,3280.1
21583.88,72.18,77,0.0,3280.1
21583.88,71.64,86,0.0,3280.1
21583.88,72.11,86,1.2125,3280.1
21583.88,72.4,88,0.0,3280.1
21583.88,69.76,88,4.15,3280.1
21583.88,68.8,67,1.125,3280.1
21583.88,68.8,67,0.0,3280.1
21583.88,69.11,88,1.2125,3280.1
21583.88,68.56,88,0.0,3280.1
21583.88,68.46,87,0.0,3280.1
21583.88,66.46,87,2.425,3280.1
21583.88,65.28,76,0.0,3280.1
21583.88,64.93,74,1.2125,3280.1
21583.88,64.87,74,0.0,3280.1
21583.88,67.74,88,0.0,3280.1
21583.88,69.28,88,1.2125,3280.1
21583.88,69.12,86,0.0,3280.1
21583.88,69.31,86,0.0,3280.1
21583.88,69.54,88,1.2125,3280.1
21583.88,69.84,88,0.0,3280.1
21583.88,69.89,88,0.0,3280.1
21583.88,72.22,88,1.1875,3280.1
21583.88,72.5,87,2.1375,3280.1
21583.88,72.61,87,1.1125,3280.1
21583.88,72.53,86,0.0,3280.1
21583.88,72.4,86,2.4875,3280.1
21583.88,72.63,68,1.25,3280.1
21583.88,72.52,68,1.25,3280.1
21583.88,72.58,88,0.0,3280.1
21583.88,72.58,88,0.0,3280.1
21583.88,72.59,88,0.0,3280.1
21583.88,72.59,88,1.2375,3280.1
21583.88,72.94,88,0.0,3280.1
21583.88,73.97,88,0.0,3280.1
21583.88,74.05,86,1.25,3280.1
21583.88,73.85,86,0.0,3280.1
21583.88,73.45,88,0.0,3280.1
21583.88,72.93,88,1.2375,3280.1
21583.88,73.31,87,0.0,3280.1
21583.88,73.27,87,0.0,3280.1
21583.88,73.12,88,1.25,3280.1
21583.88,73.63,88,0.0,3280.1
21583.88,73.81,72,1.2375,3280.1
21583.88,74.13,72,0.0,3280.1
21583.88,73.83,88,0.0,3280.1
21583.88,73.69,88,0.0,3280.1
21583.88,73.71,88,2.4875,3280.1
21583.88,73.91,88,0.0,3280.1
21583.88,73.64,76,1.2375,3280.1
21583.88,73.35,76,0.0,3280.1
21583.88,73.3,88,0.0,3280.1
21583.88,73.04,88,0.0,3280.1
21583.88,72.37,88,1.2375,3280.1
21583.88,72.13,88,0.0,3280.1
21583.88,71.67,87,0.0,3280.1
21583.88,71.39,87,1.2375,3280.1
21583.88,71.58,87,0.0,3280.1
21583.88,71.69,87,0.0,3280.1
21583.88,71.73,89,0.0,3280.1
21583.88,72.29,89,1.2375,3280.1
21583.88,72.2,90,0.0,3280.1
21583.88,72.18,90,0.0,3280.1
21583.88,72.52,90,2.4875,3280.1
21583.88,71.78,90,0.0,3280.1
21583.88,71.59,77,1.2125,3280.1
21583.88,71.88,77,0.0,3280.1
21583.88,72.03,90,1.2125,3280.1
21583.88,71.77,90,0.0,3280.1
21583.88,71.73,86,1.2125,3280.1
21583.88,71.83,86,1.2125,3280.1
21583.88,72.13,87,0.0,3280.1
21583.88,71.03,87,1.225,3280.1
21583.88,70.56,76,0.0,3280.1
21583.88,70.64,76,0.0,3280.1
21583.88,71.6,88,0.0,3280.1
21583.88,72.17,88,1.2125,3280.1
21583.88,71.26,74,1.2125,3280.1
21583.88,69.78,74,0.0,3280.1
21583.88,69.75,90,0.0,3280.1
21583.88,70.03,88,1.2125,3280.1
21583.88,70.34,88,0.0,3280.1
21583.88,70.08,86,0.0,3280.1
21583.88,70.72,86,0.0,3280.1
21583.88,71.42,87,1.2125,3280.1
21583.88,71.36,87,0.0,3280.1
21583.88,71.09,89,1.1375,3280.1
21583.88,71.22,89,2.1625,3280.1
21583.88,72.55,83,1.225,3280.1
21583.88,72.22,83,0.0,3280.1
21583.88,72.16,87,1.2125,3280.1
21583.88,72.16,87,1.2125,3280.1
21583.88,72.12,73,0.0,3280.1
21583.88,72.14,73,1.2125,3280.1
21583.88,71.87,88,0.0,3280.1
21583.88,71.85,88,1.2125,3280.1
21583.88,71.82,88,0.0,3280.1
21583.88,72.59,88,0.0,3280.1
21583.88,73.01,88,1.2125,3280.1
21583.88,74.54,77,1.2125,3280.1
21583.88,72.5,77,2.1125,3280.1
21583.88,72.89,81,0.0,3280.1
21583.88,73.25,81,0.0,3280.1
21583.88,73.22,86,0.0,3280.1
21583.88,73.06,86,0.0,3280.1
21583.88,73.3,87,1.2375,3280.1
21583.88,73.65,87,0.0,3280.1
21583.88,73.92,88,0.0,3280.1
21583.88,73.41,88,1.25,3280.1
21583.88,72.77,87,0.0,3280.1
21583.88,71.12,87,3.725,3280.1
21583.88,75.16,66,0.0,3280.1
21583.88,73.95,66,0.0,3280.1
21583.88,73.86,86,0.0,3280.1
21583.88,74.44,86,1.25,3280.1
21583.88,74.84,88,0.0,3280.1
21583.88,74.62,88,2.45,3280.1
21583.88,74.03,84,3.725,3280.1
21583.88,75.65,84,0.0,3280.1
21583.88,75.17,65,0.0,3280.1
21583.88,75.4,65,0.0,3280.1
21583.88,75.8,88,1.2375,3280.1
21583.88,73.63,88,0.0,3280.1
21583.88,74.65,88,0.0,3280.1
21583.88,74.67,88,0.0,3280.1
21583.88,74.53,88,2.4875,3280.1
21583.88,75.64,88,0.0,3280.1
21583.88,74.69,77,0.0,3280.1
21583.88,75.02,77,1.25,3280.1
21583.88,73.15,88,0.0,3280.1
21583.88,73.7,88,0.0,3280.1
21583.88,73.89,87,0.0,3280.1
21583.88,74.37,87,1.25,3280.1
21583.88,74.54,88,0.0,3280.1
21583.88,74.19,88,0.0,3280.1
21583.88,73.82,88,3.725,3280.1
21583.88,74.45,88,0.0,3280.1
21583.88,71.87,88,1.25,3280.1
21583.88,73.29,73,1.0875,3280.1
21583.88,73.38,87,1.1375,3280.1
21583.88,73.47,87,1.2125,3280.1
21583.88,73.55,88,2.4375,3280.1
21583.88,72.84,88,0.0,3280.1
21583.88,71.22,68,0.0,3280.1
21583.88,70.91,68,1.2125,3280.1
21583.88,70.73,88,0.0,3280.1
21583.88,71.27,88,0.0,3280.1
21583.88,70.81,88,1.2125,3280.1
21583.88,72.27,88,0.0,3280.1
21583.88,72.04,88,0.0,3280.1
21583.88,72.06,88,1.2125,3280.1
21583.88,71.65,88,1.225,3280.1
21583.88,71.21,76,0.0,3280.1
21583.88,72.9,76,0.0,3280.1
21583.88,73.62,87,1.2125,3280.1
21583.88,73.65,87,0.0,3280.1
21583.88,73.15,88,0.0,3280.1
21583.88,73.15,88,1.2125,3280.1
21583.88,73.12,88,0.0,3280.1
21583.88,72.95,88,0.0,3280.1
21583.88,72.85,87,1.2125,3280.1
21583.88,70.81,87,1.2125,3280.1
21583.88,69.8,74,0.0,3280.1
21583.88,68.82,74,1.2125,3280.1
21583.88,69.73,88,0.0,3280.1
21583.88,69.81,88,0.0,3280.1
21583.88,69.9,88,1.225,3280.1
21583.88,69.87,88,0.0,3280.1
21583.88,69.58,88,0.0,3280.1
21583.88,69.12,88,0.0,3280.1
21583.88,68.8,88,2.4,3280.1
21583.88,67.98,88,0.0,3280.1
21583.88,70.2,66,0.0,3280.1
21583.88,71.87,66,1.225,3280.1
21583.88,71.98,88,0.0,3280.1
21583.88,71.77,88,0.0,3280.1
21583.88,71.58,87,2.425,3280.1
21583.88,68.46,87,2.1375,3280.1
21583.88,67.62,73,0.0,3280.1
21583.88,67.68,73,1.25,3280.1
21583.88,67.83,86,0.0,3280.1
21583.88,68.05,86,0.0,3280.1
21583.88,68.78,87,3.4625,3280.1
21583.88,70.37,87,0.0,3280.1
21583.88,69.66,60,0.0,3280.1
21583.88,69.38,87,1.2125,3280.1
21583.88,69.38,87,0.0,3280.1
21583.88,72.94,87,1.2125,3280.1
21583.88,74.15,87,0.0,3280.1
21583.88,74.4,87,1.2125,3280.1
21583.88,74.23,88,0.0,3280.1
21583.88,74.19,85,0.0,3280.1
21583.88,74.26,85,1.225,3280.1
21583.88,74.0,85,0.0,3280.1
21583.88,71.93,86,0.0,3280.1
21583.88,70.36,83,1.2125,3280.1
21583.88,70.63,83,0.0,3280.1
21583.88,70.32,81,1.2125,3280.1
21583.88,69.96,81,0.0,3280.1
21583.88,69.9,85,0.0,3280.1
21583.88,69.9,85,1.225,3280.1
21583.88,70.18,87,0.0,3280.1
21583.88,70.34,87,0.0,3280.1
21583.88,70.3,87,1.2125,3280.1
21583.88,70.72,87,0.0,3280.1
21583.88,70.92,85,0.0,3280.1
21583.88,72.45,85,1.2125,3280.1
21583.88,72.42,88,0.0,3280.1
21583.88,72.6,88,1.2125,3280.1
21583.88,71.89,74,1.2125,3280.1
21583.88,70.67,74,0.0,3280.1
21583.88,70.4,86,1.2125,3280.1
21583.88,70.55,86,0.0,3280.1
21583.88,70.65,87,1.2125,3280.1
21583.88,70.57,87,0.0,3280.1
21583.88,70.95,85,1.225,3280.1
21583.88,73.01,85,1.225,3280.1
21583.88,71.97,77,0.0,3280.1
21583.88,71.91,77,0.0,3280.1
21583.88,72.15,87,0.0,3280.1
21583.88,72.68,87,1.225,3280.1
21583.88,73.77,87,0.0,3280.1
21583.88,74.03,87,0.0,3280.1
21583.88,73.85,87,1.2125,3280.1
21583.88,73.69,87,0.0,3280.1
21583.88,73.42,87,1.2125,3280.1
21583.88,70.78,77,1.2125,3280.1
21583.88,67.46,77,0.0,3280.1
21583.88,68.89,88,0.0,3280.1
21583.88,68.88,88,0.0,3280.1
21583.88,68.75,88,1.2125,3280.1
21583.88,68.7,88,0.0,3280.1
21583.88,69.08,82,1.2125,3280.1
21583.88,67.14,82,0.0,3280.1
21583.88,66.49,79,1.2125,3280.1
21583.88,66.96,79,0.0,3280.1
21583.88,69.06,89,0.0,3280.1
21583.88,70.27,89,1.2125,3280.1
21583.88,70.41,91,1.2125,3280.1
21583.88,69.75,91,0.0,3280.1
21583.88,69.55,79,0.0,3280.1
21583.88,69.86,79,1.2125,3280.1
21583.88,69.43,90,0.0,3280.1
21583.88,71.03,90,1.2125,3280.1
21583.88,71.4,88,0.0,3280.1
21583.88,71.28,88,1.2125,3280.1
21583.88,71.02,89,0.0,3280.1
21583.88,70.99,89,0.0,3280.1
21583.88,71.04,89,1.2125,3280.1
21583.88,71.11,89,0.0,3280.1
21583.88,72.05,89,0.0,3280.1
21583.88,72.15,89,0.0,3280.1
21583.88,72.15,90,2.425,3280.1
21583.88,72.25,90,0.0,3280.1
21583.88,71.13,81,0.0,3280.1
21583.88,71.02,81,0.0,3280.1
21583.88,70.71,90,1.225,3280.1
21583.88,71.13,90,0.0,3280.1
21583.88,72.03,88,1.2125,3280.1
21583.88,71.08,88,0.0,3280.1
21583.88,71.21,80,0.0,3280.1
21583.88,71.64,80,0.0,3280.1
21583.88,71.7,88,1.225,3280.1
21583.88,71.44,88,0.0,3280.1
21583.88,72.59,88,0.0,3280.1
21583.88,73.11,85,1.25,3280.1
21583.88,75.39,85,2.25,3280.1
21583.88,74.69,75,0.0,3280.1
21583.88,74.64,75,1.25,3280.1
21583.88,73.88,84,1.2375,3280.1
21583.88,74.97,84,0.0,3280.1
21583.88,74.89,86,1.2375,3280.1
21583.88,74.29,86,1.2125,3280.1
21583.88,73.61,75,0.0,3280.1
21583.88,73.83,75,1.2125,3280.1
21583.88,73.81,86,0.0,3280.1
21583.88,73.4,86,0.0,3280.1
21583.88,71.81,86,1.225,3280.1
21583.88,70.75,86,1.2125,3280.1
21583.88,69.38,78,0.0,3280.1
21583.88,69.41,78,1.2125,3280.1
21583.88,69.17,87,0.0,3280.1
21583.88,69.56,87,0.0,3280.1
21583.88,70.23,88,0.0,3280.1
21583.88,70.81,88,1.2125,3280.1
21583.88,71.0,89,0.0,3280.1
21583.88,71.22,89,0.0,3280.1
21583.88,71.11,88,1.2125,3280.1
21583.88,70.59,88,0.0,3280.1
21583.88,72.17,87,1.175,3280.1
21583.88,73.23,87,0.0,3280.1
21583.88,75.06,79,1.2125,3280.1
21583.88,74.3,79,0.0,3280.1
21583.88,73.85,88,0.0,3280.1
21583.88,73.48,88,1.2125,3280.1
21583.88,73.69,88,0.0,3280.1
21583.88,73.77,88,0.0,3280.1
21583.88,73.94,88,0.0,3280.1
21583.88,74.34,88,2.4375,3280.1
21583.88,74.31,88,0.0,3280.1
21583.88,75.4,74,1.2125,3280.1
21583.88,75.41,74,1.2125,3280.1
21583.88,74.14,88,0.0,3280.1
21583.88,75.18,88,0.0,3280.1
21583.88,75.53,89,1.2125,3280.1
21583.88,75.56,89,0.0,3280.1
21583.88,75.34,88,0.0,3280.1
21583.88,74.77,88,1.2125,3280.1
21583.88,74.77,76,1.2125,3280.1
21583.88,73.52,76,0.0,3280.1
21583.88,71.98,93,0.0,3280.1
21583.88,72.33,93,0.0,3280.1
21583.88,72.32,91,1.225,3280.1
21583.88,72.35,91,0.0,3280.1
21583.88,71.98,89,0.0,3280.1
21583.88,71.61,89,1.2125,3280.1
21583.88,71.61,87,0.0,3280.1
21583.88,71.61,87,0.0,3280.1
21583.88,71.54,86,2.3625,3280.1
21583.88,73.35,86,1.2125,3280.1
21583.88,73.63,74,0.0,3280.1
21583.88,73.85,74,0.0,3280.1
21583.88,73.9,88,1.225,3280.1
21583.88,73.8,88,0.0,3280.1
21583.88,73.8,88,0.0,3280.1
21583.88,73.8,88,0.0,3280.1
21583.88,73.74,85,1.2125,3280.1
21583.88,74.17,85,0.0,3280.1
21583.88,74.13,88,0.0,3280.1
21583.88,74.11,88,1.2,3280.1
21583.88,72.44,89,0.0,3280.1
21583.88,73.03,89,0.0,3280.1
21583.88,73.05,87,1.2125,3280.1
21583.88,72.98,87,1.2125,3280.1
21583.88,68.42,78,0.0,3280.1
21583.88,68.42,78,0.0,3280.1
21583.88,68.64,85,1.2125,3280.1
21583.88,68.98,85,0.0,3280.1
21583.88,68.95,89,0.0,3280.1
21583.88,68.62,86,1.2125,3280.1
21583.88,68.61,86,0.0,3280.1
21583.88,68.77,88,0.0,3280.1
21583.88,69.39,88,1.2125,3280.1
21583.88,68.95,89,0.0,3280.1
21583.88,71.59,89,1.2125,3280.1
21583.88,73.92,74,1.2125,3280.1
21583.88,72.79,74,0.0,3280.1
21583.88,72.79,87,0.0,3280.1
21583.88,72.89,87,0.0,3280.1
21583.88,73.17,89,2.425,3280.1
21583.88,73.43,89,0.0,3280.1
21583.88,73.41,88,0.0,3280.1
21583.88,73.41,88,1.2125,3280.1
21583.88,72.88,88,1.2125,3280.1
21583.88,73.89,88,1.2125,3280.1
21583.88,73.0,76,0.0,3280.1
21583.88,74.17,76,0.0,3280.1
21583.88,74.09,88,0.0,3280.1
21583.88,73.95,88,1.225,3280.1
21583.88,73.89,88,0.0,3280.1
21583.88,73.9,88,0.0,3280.1
21583.88,73.84,88,1.2125,3280.1
21583.88,73.41,87,0.0,3280.1
21583.88,73.81,87,0.0,3280.1
21583.88,71.53,87,1.2125,3280.1
21583.88,72.51,87,0.0,3280.1
21583.88,71.8,87,0.0,3280.1
21583.88,71.39,88,1.2,3280.1
21583.88,69.94,82,1.2125,3280.1
21583.88,68.52,82,1.2125,3280.1
21583.88,67.89,77,0.0,3280.1
21583.88,68.27,77,0.0,3280.1
21583.88,68.62,87,0.0,3280.1
21583.88,69.52,87,1.2125,3280.1
21583.88,69.81,89,0.0,3280.1
21583.88,70.44,89,1.2125,3280.1
21583.88,71.33,68,1.2125,3280.1
21583.88,71.72,68,0.0,3280.1
21583.88,71.73,87,0.0,3280.1
21583.88,73.32,87,1.2125,3280.1
21583.88,74.58,85,0.0,3280.1
21583.88,75.18,85,0.0,3280.1
21583.88,75.07,85,0.0,3280.1
21583.88,75.09,77,1.225,3280.1
21583.88,76.09,77,0.0,3280.1
21583.88,75.36,77,1.225,3280.1
21583.88,75.42,88,0.0,3280.1
21583.88,75.05,88,0.0,3280.1
21583.88,75.06,88,0.0,3280.1
21583.88,75.0,86,1.2125,3280.1
21583.88,74.53,86,0.0,3280.1
21583.88,74.81,71,2.4125,3280.1
21583.88,73.3,71,1.2125,3280.1
21583.88,72.79,85,0.0,3280.1
21583.88,72.28,85,0.0,3280.1
21583.88,70.81,88,1.2125,3280.1
21583.88,71.2,88,0.0,3280.1
21583.88,71.26,87,1.2125,3280.1
21583.88,72.49,87,1.1375,3280.1
21583.88,72.08,73,0.0,3280.1
21583.88,72.11,73,0.0,3280.1
21583.88,71.83,87,1.2375,3280.1
21583.88,73.74,87,0.0,3280.1
21583.88,74.27,88,0.0,3280.1
21583.88,74.68,88,1.2125,3280.1
21583.88,73.61,78,0.0,3280.1
21583.88,73.83,78,1.2125,3280.1
21583.88,73.69,88,0.0,3280.1
21583.88,73.32,88,0.0,3280.1
21583.88,71.81,88,0.0,3280.1
21583.88,72.2,88,1.225,3280.1
21583.88,72.1,88,1.225,3280.1
21583.88,73.63,88,0.0,3280.1
21583.88,72.8,77,1.225,3280.1
21583.88,72.75,77,0.0,3280.1
21583.88,72.91,90,0.0,3280.1
21583.88,74.48,90,0.0,3280.1
21583.88,74.39,90,1.2125,3280.1
21583.88,74.1,90,0.0,3280.1
21583.88,73.93,90,0.0,3280.1
21583.88,74.09,90,1.2,3280.1
21583.88,73.94,90,0.0,3280.1
21583.88,73.73,90,0.0,3280.1
21583.88,71.7,90,3.65,3280.1
21583.88,71.92,90,0.0,3280.1
21583.88,71.42,79,0.0,3280.1
21583.88,71.37,79,1.2125,3280.1
21583.88,71.39,90,0.0,3280.1
21583.88,71.16,90,1.2125,3280.1
21583.88,68.88,79,1.2125,3280.1
21583.88,68.09,79,0.0,3280.1
21583.88,68.08,82,0.0,3280.1
21583.88,68.64,82,1.225,3280.1
21583.88,69.13,86,0.0,3280.1
21583.88,69.3,86,0.0,3280.1
21583.88,69.8,85,1.2125,3280.1
21583.88,68.64,85,1.2125,3280.1
21583.88,66.96,77,0.0,3280.1
21583.88,66.45,77,0.0,3280.1
21583.88,67.08,87,1.2125,3280.1
21583.88,71.09,87,0.0,3280.1
21583.88,71.41,88,0.0,3280.1
21583.88,71.16,88,1.2125,3280.1
21583.88,70.75,87,1.2125,3280.1
21583.88,72.11,87,0.0,3280.1
21583.88,70.87,78,1.2125,3280.1
21583.88,70.87,89,0.0,3280.1
21583.88,73.62,89,0.0,3280.1
21583.88,73.61,87,0.0,3280.1
21583.88,73.15,87,1.2125,3280.1
21583.88,72.97,86,0.0,3280.1
21583.88,72.71,86,1.2125,3280.1
21583.88,72.31,87,0.0,3280.1
21583.88,72.56,88,0.0,3280.1
21583.88,72.66,88,1.2125,3280.1
21583.88,68.31,78,2.4375,3280.1
21583.88,67.78,78,0.0,3280.1
21583.88,67.28,87,0.0,3280.1
21583.88,67.61,87,1.2125,3280.1
21583.88,68.08,88,0.0,3280.1
21583.88,68.19,88,0.0,3280.1
21583.88,67.88,87,1.2125,3280.1
21583.88,68.09,87,0.0,3280.1
21583.88,67.88,87,0.0,3280.1
21583.88,65.2,87,2.425,3280.1
21583.88,67.28,75,0.0,3280.1
21583.88,68.71,75,0.0,3280.1
21583.88,68.67,86,1.2125,3280.1
21583.88,68.44,86,0.0,3280.1
21583.88,68.28,86,0.0,3280.1
21583.88,68.22,86,0.0,3280.1
21583.88,68.38,86,1.2125,3280.1
21583.88,68.95,86,1.2125,3280.1
21583.88,68.8,87,0.0,3280.1
21583.88,68.33,87,1.2125,3280.1
21583.88,70.73,87,1.2125,3280.1
21583.88,73.96,87,0.0,3280.1
21583.88,73.38,75,0.0,3280.1
21583.88,73.8,75,1.2,3280.1
21583.88,73.69,87,0.0,3280.1
21583.88,73.55,87,0.0,3280.1
21583.88,73.72,87,0.0,3280.1
21583.88,73.98,88,0.0,3280.1
21583.88,73.78,88,2.45,3280.1
21583.88,74.87,88,0.0,3280.1
21583.88,74.57,79,0.0,3280.1
21583.88,74.9,79,0.0,3280.1
21583.88,72.86,87,1.225,3280.1
21583.88,73.7,88,0.0,3280.1
21583.88,73.98,88,0.0,3280.1
21583.88,74.06,87,0.0,3280.1
21583.88,74.11,87,0.0,3280.1
21583.88,73.8,86,1.225,3280.1
21583.88,73.55,86,1.225,3280.1
21583.88,70.23,79,1.225,3280.1
21583.88,68.19,79,0.0,3280.1
21583.88,68.62,88,1.225,3280.1
21583.88,68.85,88,0.0,3280.1
21583.88,68.69,88,0.0,3280.1
21583.88,68.48,88,0.0,3280.1
21583.88,68.38,88,0.0,3280.1
21583.88,68.81,88,1.225,3280.1
21583.88,69.08,89,0.0,3280.1
21583.88,68.47,89,0.0,3280.1
21583.88,71.55,85,0.0,3280.1
21583.88,72.45,85,1.2125,3280.1
21583.88,72.39,88,0.0,3280.1
21583.88,69.9,88,1.2125,3280.1
21583.88,69.99,73,1.2125,3280.1
21583.88,70.24,73,0.0,3280.1
21583.88,70.21,88,0.0,3280.1
21583.88,69.82,88,0.0,3280.1
21583.88,69.39,87,1.2125,3280.1
21583.88,69.35,87,0.0,3280.1
21583.88,69.97,87,1.2125,3280.1
21583.88,70.67,87,1.2125,3280.1
21583.88,70.4,79,0.0,3280.1
21583.88,70.74,79,0.0,3280.1
21583.88,73.13,86,1.2125,3280.1
21583.88,73.52,86,0.0,3280.1
21583.88,73.44,87,0.0,3280.1
21583.88,73.42,87,1.2125,3280.1
21583.88,73.12,87,0.0,3280.1
21583.88,73.06,87,1.2125,3280.1
21583.88,71.01,82,1.2125,3280.1
21583.88,69.5,82,1.225,3280.1
21583.88,68.68,83,0.0,3280.1
21583.88,69.02,83,0.0,3280.1
21583.88,68.97,88,1.2125,3280.1
21583.88,69.23,88,0.0,3280.1
21583.88,69.37,88,0.0,3280.1
21583.88,69.35,88,2.4125,3280.1
21583.88,66.2,73,0.0,3280.1
21583.88,65.11,73,0.0,3280.1
21583.88,65.47,85,0.0,3280.1
21583.88,67.85,85,1.2125,3280.1
21583.88,69.26,88,0.0,3280.1
21583.88,69.11,88,0.0,3280.1
21583.88,69.19,86,0.0,3280.1
21583.88,69.45,86,1.225,3280.1
21583.88,69.56,88,0.0,3280.1
21583.88,69.02,88,0.0,3280.1
21583.88,68.74,89,2.4375,3280.1
21583.88,69.03,89,0.0,3280.1
21583.88,69.22,76,0.0,3280.1
21583.88,68.72,76,1.2125,3280.1
21583.88,68.31,86,0.0,3280.1
21583.88,68.1,86,0.0,3280.1
21583.88,68.91,88,2.4375,3280.1
21583.88,69.13,88,0.0,3280.1
21583.88,67.46,77,1.225,3280.1
21583.88,67.72,77,0.0,3280.1
21583.88,68.28,87,0.0,3280.1
21583.88,68.28,88,1.2125,3280.1
21583.88,70.89,88,0.0,3280.1
21583.88,71.69,86,1.2125,3280.1
21583.88,71.76,86,0.0,3280.1
21583.88,73.59,79,0.0,3280.1
21583.88,71.7,79,1.2125,3280.1
21583.88,71.4,88,0.0,3280.1
21583.88,71.78,88,0.0,3280.1
21583.88,72.48,86,1.2125,3280.1
21583.88,72.07,86,0.0,3280.1
21583.88,72.5,86,0.0,3280.1
21583.88,72.75,86,1.2125,3280.1
21583.88,72.74,86,0.0,3280.1
21583.88,71.23,86,0.0,3280.1
21583.88,71.23,87,1.2125,3280.1
21583.88,74.83,87,1.2125,3280.1
21583.88,74.15,77,0.0,3280.1
21583.88,75.28,77,0.0,3280.1
21583.88,75.28,87,1.225,3280.1
21583.88,74.96,87,0.0,3280.1
21583.88,74.97,88,1.1875,3280.1
21583.88,75.31,88,1.2125,3280.1
21583.88,75.25,76,0.0,3280.1
21583.88,75.69,88,0.0,3280.1
21583.88,75.6,88,1.2125,3280.1
21583.88,73.08,87,0.0,3280.1
21583.88,73.73,87,0.0,3280.1
21583.88,70.38,77,1.225,3280.1
21583.88,68.76,77,0.0,3280.1
21583.88,68.56,90,0.0,3280.1
21583.88,68.44,90,0.0,3280.1
21583.88,68.73,88,1.225,3280.1
21583.88,68.35,88,0.0,3280.1
21583.88,68.14,87,0.0,3280.1
21583.88,68.23,87,1.2125,3280.1
21583.88,68.45,86,0.0,3280.1
21583.88,68.5,86,1.2,3280.1
21583.88,70.49,75,1.225,3280.1
21583.88,72.4,75,1.225,3280.1
21583.88,74.06,88,0.0,3280.1
21583.88,74.5,88,0.0,3280.1
21583.88,74.6,88,1.2125,3280.1
21583.88,74.08,88,0.0,3280.1
21583.88,73.71,87,0.0,3280.1
21583.88,73.91,87,0.0,3280.1
21583.88,74.0,88,1.225,3280.1
21583.88,74.28,88,0.0,3280.1
21583.88,74.16,79,1.225,3280.1
21583.88,72.05,79,0.0,3280.1
21583.88,72.83,87,0.0,3280.1
21583.88,72.89,87,1.225,3280.1
21583.88,70.89,83,0.0,3280.1
21583.88,69.7,83,0.0,3280.1
21583.88,69.71,86,0.0,3280.1
21583.88,69.83,86,1.2,3280.1
21583.88,70.15,87,0.0,3280.1
21583.88,69.99,87,0.0,3280.1
21583.88,69.61,88,2.4125,3280.1
21583.88,69.14,88,0.0,3280.1
21583.88,68.78,80,0.0,3280.1
21583.88,69.04,80,1.2125,3280.1
21583.88,68.8,88,0.0,3280.1
21583.88,70.14,88,0.0,3280.1
21583.88,71.04,88,0.0,3280.1
21583.88,71.54,88,1.175,3280.1
21583.88,71.8,88,0.0,3280.1
21583.88,71.83,88,0.0,3280.1
21583.88,71.52,89,1.2125,3280.1
21583.88,71.16,89,0.0,3280.1
21583.88,71.7,88,1.2375,3280.1
21583.88,72.09,88,0.0,3280.1
21583.88,72.38,88,1.2375,3280.1
21583.88,69.99,88,1.1875,3280.1
21583.88,69.33,76,0.0,3280.1
21583.88,68.66,76,0.0,3280.1
21583.88,68.72,91,0.0,3280.1
21583.88,68.72,87,1.225,3280.1
21583.88,68.89,87,0.0,3280.1
21583.88,69.29,88,0.0,3280.1
21583.88,69.63,88,0.0,3280.1
21583.88,69.74,87,1.225,3280.1
21583.88,69.49,87,0.0,3280.1
21583.88,69.22,88,0.0,3280.1
21583.88,71.67,88,0.0,3280.1
21583.88,72.14,87,1.2125,3280.1
21583.88,72.68,87,0.0,3280.1
21583.88,72.39,88,0.0,3280.1
21583.88,73.99,88,1.2125,3280.1
21583.88,73.14,79,0.0,3280.1
21583.88,73.16,79,1.2125,3280.1
21583.88,73.16,90,0.0,3280.1
21583.88,73.4,88,0.0,3280.1
21583.88,73.22,88,0.0,3280.1
21583.88,73.67,88,1.2125,3280.1
21583.88,75.03,88,2.425,3280.1
21583.88,74.72,78,0.0,3280.1
21583.88,74.81,78,0.0,3280.1
21583.88,73.17,84,1.225,3280.1
21583.88,70.05,84,0.0,3280.1
21583.88,70.92,85,0.0,3280.1
21583.88,71.06,85,1.225,3280.1
21583.88,71.15,91,0.0,3280.1
21583.88,71.48,91,0.0,3280.1
21583.88,71.87,90,0.0,3280.1
21583.88,71.72,90,0.0,3280.1
21583.88,70.82,91,0.0,3280.1
21583.88,70.71,91,1.225,3280.1
21583.88,70.03,91,0.0,3280.1
21583.88,71.15,91,0.0,3280.1
21583.88,69.56,80,1.225,3280.1
21583.88,68.39,80,0.0,3280.1
21583.88,68.32,93,0.0,3280.1
21583.88,68.48,93,0.0,3280.1
21583.88,68.55,90,0.0,3280.1
21583.88,68.48,90,1.225,3280.1
21583.88,68.49,91,0.0,3280.1
21583.88,68.73,91,0.0,3280.1
21583.88,68.92,88,0.0,3280.1
21583.88,68.82,88,1.225,3280.1
21583.88,69.2,85,0.0,3280.1
21583.88,71.77,85,0.0,3280.1
21583.88,72.45,87,0.0,3280.1
21583.88,72.63,87,1.225,3280.1
21583.88,72.3,86,0.0,3280.1
21583.88,71.98,86,1.225,3280.1
21583.88,71.74,76,0.0,3280.1
21583.88,71.29,76,1.2125,3280.1
21583.88,71.23,87,0.0,3280.1
21583.88,71.59,87,0.0,3280.1
21583.88,72.32,88,1.2125,3280.1
21583.88,72.26,88,0.0,3280.1
21583.88,72.29,87,0.0,3280.1
21583.88,73.03,87,1.2125,3280.1
21583.88,73.2,86,0.0,3280.1
21583.88,72.99,86,0.0,3280.1
21583.88,72.46,87,1.2125,3280.1
21583.88,72.31,87,0.0,3280.1
21583.88,72.85,88,1.2125,3280.1
21583.88,72.68,88,0.0,3280.1
21583.88,72.34,88,1.2125,3280.1
21583.88,74.06,88,1.1875,3280.1
21583.88,73.57,78,0.0,3280.1
21583.88,73.71,78,1.2125,3280.1
21583.88,73.55,89,0.0,3280.1
21583.88,73.27,89,0.0,3280.1
21583.88,73.5,90,0.0,3280.1
21583.88,73.9,90,1.225,3280.1
21583.88,74.1,91,0.0,3280.1
21583.88,72.79,91,0.0,3280.1
21583.88,72.46,81,2.4625,3280.1
21583.88,72.35,81,0.0,3280.1
21583.88,70.47,91,0.0,3280.1
21583.88,71.05,91,0.0,3280.1
21583.88,71.43,91,0.0,3280.1
21583.88,71.38,91,2.45,3280.1
21583.88,71.25,91,0.0,3280.1
21583.88,73.39,81,0.0,3280.1
21583.88,72.06,81,0.0,3280.1
21583.88,71.85,81,0.0,3280.1
21583.88,73.0,91,1.225,3280.1
21583.88,73.18,91,0.0,3280.1
21583.88,73.33,91,0.0,3280.1
21583.88,73.43,91,0.0,3280.1
21583.88,73.65,91,2.45,3280.1
21583.88,73.31,79,0.0,3280.1
21583.88,73.11,79,0.0,3280.1
21583.88,70.88,91,0.0,3280.1
21583.88,72.01,91,0.0,3280.1
21583.88,72.57,87,1.225,3280.1
21583.88,72.94,87,0.0,3280.1
21583.88,73.28,89,1.225,3280.1
21583.88,72.05,89,0.0,3280.1
21583.88,71.65,77,1.225,3280.1
21583.88,70.67,77,0.0,3280.1
21583.88,70.79,88,0.0,3280.1
21583.88,71.09,88,0.0,3280.1
21583.88,71.58,88,1.225,3280.1
21583.88,72.34,88,0.0,3280.1
21583.88,72.08,88,0.0,3280.1
21583.88,71.84,88,0.0,3280.1
21583.88,71.36,89,0.0,3280.1
21583.88,72.2,89,1.2125,3280.1
21583.88,72.29,89,0.0,3280.1
21583.88,74.56,89,1.225,3280.1
21583.88,73.35,78,1.225,3280.1
21583.88,73.58,78,0.0,3280.1
21583.88,73.79,90,1.225,3280.1
21583.88,73.54,90,0.0,3280.1
21583.88,73.17,88,0.0,3280.1
21583.88,72.95,88,0.0,3280.1
21583.88,72.72,88,1.225,3280.1
21583.88,72.86,88,1.2125,3280.1
21583.88,72.66,88,0.0,3280.1
21583.88,72.03,75,0.0,3280.1
21583.88,70.06,75,1.2125,3280.1
21583.88,71.81,87,0.0,3280.1
21583.88,72.05,87,1.2125,3280.1
21583.88,71.7,75,0.0,3280.1
21583.88,70.77,75,1.2375,3280.1
21583.88,70.62,89,0.0,3280.1
21583.88,71.14,89,0.0,3280.1
21583.88,71.58,86,0.0,3280.1
21583.88,71.66,86,1.225,3280.1
21583.88,72.22,88,0.0,3280.1
21583.88,72.89,88,0.0,3280.1
21583.88,72.53,88,0.0,3280.1
21583.88,71.94,88,1.225,3280.1
21583.88,71.82,87,0.0,3280.1
21583.88,71.8,87,0.0,3280.1
21583.88,72.46,88,0.0,3280.1
21583.88,72.42,88,0.0,3280.1
21583.88,72.11,87,2.4875,3280.1
21583.88,68.98,87,0.0,3280.1
21583.88,67.75,76,0.0,3280.1
21583.88,67.94,76,0.0,3280.1
21583.88,68.3,88,2.4875,3280.1
21583.88,68.61,88,0.0,3280.1
21583.88,68.85,88,1.2375,3280.1
21583.88,66.13,88,0.0,3280.1
21583.88,65.06,78,0.0,3280.1
21583.88,65.43,78,1.2375,3280.1
21583.88,65.75,87,0.0,3280.1
21583.88,65.55,87,0.0,3280.1
21583.88,68.27,86,0.0,3280.1
21583.88,69.46,86,0.0,3280.1
21583.88,69.68,87,1.25,3280.1
21583.88,69.58,87,0.0,3280.1
21583.88,69.43,88,0.0,3280.1
21583.88,69.24,88,0.0,3280.1
21583.88,71.4,88,1.25,3280.1
21583.88,72.45,88,0.0,3280.1
21583.88,72.47,88,0.0,3280.1
21583.88,72.39,88,1.2375,3280.1
21583.88,71.13,84,0.0,3280.1
21583.88,69.96,84,0.0,3280.1
21583.88,69.84,82,1.25,3280.1
21583.88,69.5,82,1.2375,3280.1
21583.88,69.44,88,0.0,3280.1
21583.88,69.5,88,0.0,3280.1
21583.88,69.77,88,0.0,3280.1
21583.88,70.19,88,1.2375,3280.1
21583.88,70.1,88,0.0,3280.1
21583.88,69.53,88,0.0,3280.1
21583.88,69.41,88,1.25,3280.1
21583.88,68.68,77,0.0,3280.1
21583.88,68.77,77,1.25,3280.1
21583.88,68.75,77,0.0,3280.1
21583.88,68.54,88,0.0,3280.1
21583.88,68.4,78,1.2375,3280.1
21583.88,69.4,78,1.2375,3280.1
21583.88,69.18,89,0.0,3280.1
21583.88,69.44,89,0.0,3280.1
21583.88,69.86,88,0.0,3280.1
21583.88,70.22,88,0.0,3280.1
21583.88,69.5,85,1.2,3280.1
21583.88,71.83,85,1.1875,3280.1
21583.88,72.29,77,0.0,3280.1
21583.88,72.22,77,1.2375,3280.1
21583.88,72.32,87,0.0,3280.1
21583.88,72.25,87,0.0,3280.1
21583.88,71.45,77,3.725,3280.1
21583.88,68.78,77,0.0,3280.1
21583.88,67.73,87,0.0,3280.1
21583.88,67.77,87,1.25,3280.1
21583.88,69.21,88,0.0,3280.1
21583.88,68.75,88,0.0,3280.1
21583.88,69.27,86,0.0,3280.1
21583.88,67.7,86,2.4625,3280.1
21583.88,66.86,77,0.0,3280.1
21583.88,66.96,77,1.225,3280.1
21583.88,65.66,78,0.0,3280.1
21583.88,68.59,78,1.225,3280.1
21583.88,69.77,88,0.0,3280.1
21583.88,69.87,88,0.0,3280.1
21583.88,69.6,89,0.0,3280.1
21583.88,69.34,89,1.225,3280.1
21583.88,69.56,88,0.0,3280.1
21583.88,69.34,88,0.0,3280.1
21583.88,71.1,88,1.2125,3280.1
21583.88,72.06,88,0.0,3280.1
21583.88,71.8,88,0.0,3280.1
21583.88,72.48,88,1.2125,3280.1
21583.88,72.01,87,0.0,3280.1
21583.88,72.02,87,0.0,3280.1
21583.88,72.11,88,1.2125,3280.1
21583.88,73.53,88,1.2125,3280.1
21583.88,72.61,78,0.0,3280.1
21583.88,72.87,78,1.2125,3280.1
21583.88,73.52,88,0.0,3280.1
21583.88,73.55,88,1.2125,3280.1
21583.88,73.15,87,0.0,3280.1
21583.88,73.35,87,0.0,3280.1
21583.88,73.84,87,0.0,3280.1
21583.88,74.45,87,1.2125,3280.1
21583.88,74.01,87,1.2125,3280.1
21583.88,73.0,87,0.0,3280.1
21583.88,71.31,74,1.2,3280.1
21583.88,72.32,74,0.0,3280.1
21583.88,72.47,88,0.0,3280.1
21583.88,72.62,88,2.425,3280.1
21583.88,72.83,88,0.0,3280.1
21583.88,72.44,88,0.0,3280.1
21583.88,72.4,78,1.2125,3280.1
21583.88,72.5,78,0.0,3280.1
21583.88,72.25,88,0.0,3280.1
21583.88,71.94,88,0.0,3280.1
21583.88,72.48,87,1.2375,3280.1
21583.88,73.02,87,0.0,3280.1
21583.88,72.7,87,2.45,3280.1
21583.88,72.22,87,0.0,3280.1
21583.88,72.11,76,1.2125,3280.1
21583.88,71.94,76,0.0,3280.1
21583.88,72.98,88,0.0,3280.1
21583.88,73.3,88,0.0,3280.1
21583.88,73.25,88,1.2125,3280.1
21583.88,73.2,88,0.0,3280.1
21583.88,73.41,88,0.0,3280.1
21583.88,73.47,88,1.2,3280.1
21583.88,73.83,86,0.0,3280.1
21583.88,73.48,86,0.0,3280.1
21583.88,72.92,88,1.2125,3280.1
21583.88,71.52,88,1.2125,3280.1
21583.88,71.3,78,0.0,3280.1
21583.88,71.42,78,0.0,3280.1
21583.88,71.54,87,1.2125,3280.1
21583.88,71.79,88,0.0,3280.1
21583.88,71.88,88,0.0,3280.1
21583.88,72.4,88,1.2125,3280.1
21583.88,72.15,85,0.0,3280.1
21583.88,71.76,86,0.0,3280.1
21583.88,71.96,87,1.2125,3280.1
21583.88,71.96,87,1.2,3280.1
21583.88,73.33,79,0.0,3280.1
21583.88,72.01,79,0.0,3280.1
21583.88,71.46,87,0.0,3280.1
21583.88,71.37,87,1.2125,3280.1
21583.88,71.65,87,0.0,3280.1
21583.88,71.6,87,0.0,3280.1
21583.88,71.4,88,0.0,3280.1
21583.88,68.99,88,2.45,3280.1
21583.88,68.41,75,0.0,3280.1
21583.88,68.38,75,0.0,3280.1
21583.88,68.17,88,1.2125,3280.1
21583.88,69.11,88,1.2125,3280.1
21583.88,69.17,88,0.0,3280.1
21583.88,69.28,88,0.0,3280.1
21583.88,69.19,87,1.225,3280.1
21583.88,69.39,87,1.225,3280.1
21583.88,67.7,80,0.0,3280.1
21583.88,67.64,80,0.0,3280.1
21583.88,70.5,88,0.0,3280.1
21583.88,71.62,88,1.2125,3280.1
21583.88,71.66,87,0.0,3280.1
21583.88,71.82,87,1.2125,3280.1
21583.88,71.92,73,0.0,3280.1
21583.88,71.92,73,1.225,3280.1
21583.88,71.36,87,0.0,3280.1
21583.88,71.02,87,0.0,3280.1
21583.88,70.74,87,1.225,3280.1
21583.88,72.95,87,1.2125,3280.1
21583.88,72.66,78,0.0,3280.1
21583.88,72.38,78,0.0,3280.1
21583.88,72.57,85,1.2125,3280.1
21583.88,72.97,85,0.0,3280.1
21583.88,73.39,88,0.0,3280.1
21583.88,73.81,88,1.2125,3280.1
21583.88,73.9,88,0.0,3280.1
21583.88,74.03,88,1.2125,3280.1
21583.88,72.84,74,1.2125,3280.1
21583.88,71.84,74,0.0,3280.1
21583.88,70.59,88,0.0,3280.1
21583.88,71.28,88,1.2125,3280.1
21583.88,71.64,87,0.0,3280.1
21583.88,71.46,87,0.0,3280.1
21583.88,71.46,88,1.2125,3280.1
21583.88,71.18,88,0.0,3280.1
21583.88,70.73,88,0.0,3280.1
21583.88,70.73,88,0.0,3280.1
21583.88,70.37,88,0.0,3280.1
21583.88,71.66,88,1.2375,3280.1
21583.88,72.52,88,0.0,3280.1
21583.88,72.81,88,1.2375,3280.1
21583.88,72.39,88,1.2375,3280.1
21583.88,68.94,88,1.25,3280.1
21583.88,68.53,77,0.0,3280.1
21583.88,67.94,77,0.0,3280.1
21583.88,67.74,88,0.0,3280.1
21583.88,67.84,88,1.25,3280.1
21583.88,68.56,88,0.0,3280.1
21583.88,69.42,88,0.0,3280.1
21583.88,69.62,89,0.0,3280.1
21583.88,69.62,89,1.2375,3280.1
21583.88,70.55,81,1.2375,3280.1
21583.88,69.8,81,0.0,3280.1
21583.88,72.67,91,0.0,3280.1
21583.88,72.78,91,0.0,3280.1
21583.88,73.1,90,1.25,3280.1
21583.88,73.4,90,0.0,3280.1
21583.88,73.56,90,0.0,3280.1
21583.88,73.41,90,1.2375,3280.1
21583.88,73.28,90,0.0,3280.1
21583.88,75.13,82,1.2375,3280.1
21583.88,74.55,82,0.0,3280.1
21583.88,73.76,91,0.0,3280.1
21583.88,74.44,91,0.0,3280.1
21583.88,74.91,90,1.25,3280.1
21583.88,75.17,90,2.4875,3280.1
21583.88,75.48,79,0.0,3280.1
21583.88,74.56,79,0.0,3280.1
21583.88,74.26,90,1.2375,3280.1
21583.88,74.32,90,0.0,3280.1
21583.88,74.26,90,0.0,3280.1
21583.88,72.84,90,0.0,3280.1
21583.88,72.75,90,1.2375,3280.1
21583.88,72.78,90,0.0,3280.1
21583.88,72.43,89,0.0,3280.1
21583.88,71.8,89,1.2375,3280.1
21583.88,71.09,89,0.0,3280.1
21583.88,71.71,89,0.0,3280.1
21583.88,71.81,88,0.0,3280.1
21583.88,71.58,88,1.25,3280.1
21583.88,69.93,84,1.2375,3280.1
21583.88,68.54,84,0.0,3280.1
21583.88,68.48,82,0.0,3280.1
21583.88,68.49,82,1.2375,3280.1
21583.88,68.48,88,0.0,3280.1
21583.88,69.06,88,0.0,3280.1
21583.88,69.06,87,1.2125,3280.1
21583.88,69.7,87,0.0,3280.1
21583.88,69.81,88,1.225,3280.1
21583.88,69.68,88,1.2,3280.1
21583.88,69.0,77,0.0,3280.1
21583.88,70.58,77,1.2125,3280.1
21583.88,72.12,88,0.0,3280.1
21583.88,72.53,88,0.0,3280.1
21583.88,72.94,88,1.2125,3280.1
21583.88,73.27,88,0.0,3280.1
21583.88,72.98,87,0.0,3280.1
21583.88,73.31,87,1.2125,3280.1
21583.88,73.27,86,0.0,3280.1
21583.88,73.27,86,0.0,3280.1
21583.88,73.08,88,1.2125,3280.1
21583.88,73.21,88,0.0,3280.1
21583.88,72.78,87,1.2125,3280.1
21583.88,72.71,87,1.2125,3280.1
21583.88,72.04,75,0.0,3280.1
21583.88,71.29,75,0.0,3280.1
21583.88,71.42,85,1.2125,3280.1
21583.88,71.67,85,0.0,3280.1
21583.88,72.26,87,0.0,3280.1
21583.88,72.26,87,1.2125,3280.1
21583.88,72.4,88,1.2125,3280.1
21583.88,71.69,88,0.0,3280.1
21583.88,72.21,72,1.2125,3280.1
21583.88,71.76,72,0.0,3280.1
21583.88,72.06,86,0.0,3280.1
21583.88,72.5,86,0.0,3280.1
21583.88,70.02,87,2.425,3280.1
21583.88,68.91,87,0.0,3280.1
21583.88,68.43,74,0.0,3280.1
21583.88,68.14,74,1.2125,3280.1
21583.88,68.27,87,0.0,3280.1
21583.88,69.48,87,0.0,3280.1
21583.88,70.01,87,0.0,3280.1
21583.88,68.57,87,1.2125,3280.1
21583.88,67.73,84,1.2125,3280.1
21583.88,67.82,77,0.0,3280.1
21583.88,67.75,77,1.2125,3280.1
21583.88,69.71,87,1.2125,3280.1
21583.88,70.82,87,0.0,3280.1
21583.88,71.14,86,0.0,3280.1
21583.88,71.13,86,1.2125,3280.1
21583.88,68.32,79,1.2125,3280.1
21583.88,66.68,85,0.0,3280.1
21583.88,66.48,85,0.0,3280.1
21583.88,68.03,88,1.2125,3280.1
21583.88,69.15,88,0.0,3280.1
21583.88,69.13,88,0.0,3280.1
21583.88,69.27,88,0.0,3280.1
21583.88,69.47,86,1.2125,3280.1
21583.88,69.51,86,0.0,3280.1
21583.88,69.46,88,0.0,3280.1
21583.88,69.35,88,1.2125,3280.1
21583.88,73.1,86,0.0,3280.1
21583.88,73.2,86,0.0,3280.1
21583.88,73.1,88,1.2125,3280.1
21583.88,71.73,88,1.2125,3280.1
21583.88,72.04,78,0.0,3280.1
21583.88,71.19,78,0.0,3280.1
21583.88,71.02,89,0.0,3280.1
21583.88,70.52,89,1.2125,3280.1
21583.88,70.8,88,0.0,3280.1
21583.88,71.27,88,0.0,3280.1
21583.88,71.91,88,1.2125,3280.1
21583.88,71.98,88,0.0,3280.1
21583.88,71.71,89,0.0,3280.1
21583.88,71.61,89,1.2125,3280.1
21583.88,72.16,87,0.0,3280.1
21583.88,68.94,87,1.2125,3280.1
21583.88,68.66,76,0.0,3280.1
21583.88,68.65,76,1.2125,3280.1
21583.88,68.62,87,0.0,3280.1
21583.88,68.21,87,0.0,3280.1
21583.88,68.01,87,0.0,3280.1
21583.88,68.04,87,1.2125,3280.1
21583.88,68.11,88,0.0,3280.1
21583.88,68.41,88,1.2125,3280.1
21583.88,68.05,88,1.2125,3280.1
21583.88,68.31,88,0.0,3280.1
21583.88,70.97,87,0.0,3280.1
21583.88,71.86,87,0.0,3280.1
21583.88,71.87,86,1.2125,3280.1
21583.88,72.32,86,1.2125,3280.1
21583.88,70.59,80,0.0,3280.1
21583.88,69.45,80,1.225,3280.1
21583.88,69.12,78,0.0,3280.1
21583.88,68.73,78,0.0,3280.1
21583.88,68.44,88,0.0,3280.1
21583.88,69.05,88,1.225,3280.1
21583.88,66.63,77,0.0,3280.1
21583.88,66.14,77,1.225,3280.1
21583.88,66.42,89,0.0,3280.1
21583.88,66.76,89,0.0,3280.1
21583.88,66.5,88,0.0,3280.1
21583.88,68.18,88,1.225,3280.1
21583.88,68.89,88,0.0,3280.1
21583.88,67.44,88,1.225,3280.1
21583.88,67.77,78,0.0,3280.1
21583.88,67.77,78,1.2125,3280.1
21583.88,67.54,86,0.0,3280.1
21583.88,70.33,86,1.2125,3280.1
21583.88,71.03,88,0.0,3280.1
21583.88,70.62,88,0.0,3280.1
21583.88,70.62,88,0.0,3280.1
21583.88,70.81,88,1.2125,3280.1
21583.88,70.88,88,0.0,3280.1
21583.88,71.76,88,0.0,3280.1
21583.88,71.75,88,1.2125,3280.1
21583.88,71.3,88,0.0,3280.1
21583.88,71.5,88,1.2125,3280.1
21583.88,72.86,76,1.2,3280.1
21583.88,72.39,76,0.0,3280.1
21583.88,72.39,88,0.0,3280.1
21583.88,72.3,88,1.2125,3280.1
21583.88,72.17,86,0.0,3280.1
21583.88,72.29,86,0.0,3280.1
21583.88,72.53,87,1.2125,3280.1
21583.88,72.5,87,0.0,3280.1
21583.88,72.5,87,0.0,3280.1
21583.88,72.99,87,1.2125,3280.1
21583.88,72.67,88,1.2125,3280.1
21583.88,71.2,88,0.0,3280.1
21583.88,71.64,88,1.2125,3280.1
21583.88,70.42,88,1.2125,3280.1
21583.88,69.98,78,0.0,3280.1
21583.88,69.88,78,0.0,3280.1
21583.88,69.94,90,1.2125,3280.1
21583.88,70.17,90,0.0,3280.1
21583.88,70.17,90,0.0,3280.1
21583.88,70.43,90,1.2125,3280.1
21583.88,70.29,90,1.225,3280.1
21583.88,69.24,90,0.0,3280.1
21583.88,69.23,72,1.2125,3280.1
21583.88,70.57,72,0.0,3280.1
21583.88,71.2,87,0.0,3280.1
21583.88,71.82,87,0.0,3280.1
21583.88,72.0,88,1.2125,3280.1
21583.88,72.11,87,0.0,3280.1
21583.88,72.1,87,0.0,3280.1
21583.88,71.51,85,2.425,3280.1
21583.88,69.71,85,0.0,3280.1
21583.88,69.64,77,0.0,3280.1
21583.88,70.86,77,1.2125,3280.1
21583.88,71.2,87,1.2125,3280.1
21583.88,71.28,87,0.0,3280.1
21583.88,71.17,86,1.2,3280.1
21583.88,68.37,86,1.2125,3280.1
21583.88,67.12,75,0.0,3280.1
21583.88,67.18,75,0.0,3280.1
21583.88,67.52,85,1.2125,3280.1
21583.88,68.44,85,0.0,3280.1
21583.88,70.28,88,0.0,3280.1
21583.88,70.65,88,1.2125,3280.1
21583.88,70.55,86,1.2125,3280.1
21583.88,69.3,86,1.2125,3280.1
21583.88,68.22,75,0.0,3280.1
21583.88,68.19,75,0.0,3280.1
21583.88,70.58,87,0.0,3280.1
21583.88,72.12,87,1.2125,3280.1
21583.88,72.31,86,0.0,3280.1
21583.88,72.22,86,1.2125,3280.1
21583.88,71.98,89,1.2125,3280.1
21583.88,70.66,89,0.0,3280.1
21583.88,70.38,76,0.0,3280.1
21583.88,70.47,76,0.0,3280.1
21583.88,71.59,87,1.2125,3280.1
21583.88,72.27,87,0.0,3280.1
21583.88,72.09,87,2.4375,3280.1
21583.88,71.08,87,0.0,3280.1
21583.88,69.31,78,1.2375,3280.1
21583.88,69.21,86,0.0,3280.1
21583.88,69.27,86,0.0,3280.1
21583.88,69.37,88,1.2125,3280.1
21583.88,70.6,88,0.0,3280.1
21583.88,70.76,88,0.0,3280.1
21583.88,70.77,88,2.425,3280.1
21583.88,70.17,76,0.0,3280.1
21583.88,68.98,76,0.0,3280.1
21583.88,70.14,88,1.2125,3280.1
21583.88,72.02,88,0.0,3280.1
21583.88,72.07,85,0.0,3280.1
21583.88,71.85,85,1.2125,3280.1
21583.88,72.05,76,0.0,3280.1
21583.88,71.04,76,1.2125,3280.1
21583.88,71.14,89,0.0,3280.1
21583.88,72.13,89,0.0,3280.1
21583.88,73.51,88,0.0,3280.1
21583.88,73.65,88,1.225,3280.1
21583.88,73.54,88,1.175,3280.1
21583.88,73.16,77,0.0,3280.1
21583.88,73.01,77,1.225,3280.1
21583.88,72.69,77,0.0,3280.1
21583.88,72.11,86,0.0,3280.1
21583.88,73.3,86,0.0,3280.1
21583.88,73.58,88,1.225,3280.1
21583.88,73.36,88,0.0,3280.1
21583.88,75.52,88,1.225,3280.1
21583.88,74.13,88,0.0,3280.1
21583.88,74.01,80,0.0,3280.1
21583.88,74.07,88,1.225,3280.1
21583.88,73.7,88,0.0,3280.1
21583.88,73.59,88,0.0,3280.1
21583.88,74.21,88,0.0,3280.1
21583.88,74.8,88,2.4,3280.1
21583.88,73.57,88,0.0,3280.1
21583.88,73.3,79,0.0,3280.1
21583.88,73.54,79,1.225,3280.1
21583.88,71.43,88,0.0,3280.1
21583.88,72.79,88,0.0,3280.1
21583.88,73.1,89,1.1875,3280.1
21583.88,71.14,89,0.0,3280.1
21583.88,70.11,79,1.2375,3280.1
21583.88,70.22,79,0.0,3280.1
21583.88,70.11,90,0.0,3280.1
21583.88,70.03,90,0.0,3280.1
21583.88,71.18,90,0.0,3280.1
21583.88,70.95,90,0.0,3280.1
21583.88,70.38,91,1.225,3280.1
21583.88,70.1,91,0.0,3280.1
21583.88,69.75,91,1.2125,3280.1
21583.88,68.74,91,0.0,3280.1
21583.88,69.92,82,1.2125,3280.1
21583.88,71.24,82,0.0,3280.1
21583.88,71.57,90,0.0,3280.1
21583.88,71.66,90,0.0,3280.1
21583.88,71.59,88,1.2125,3280.1
21583.88,71.59,88,1.2125,3280.1
21583.88,71.93,88,0.0,3280.1
21583.88,71.99,88,1.225,3280.1
21583.88,71.45,85,0.0,3280.1
21583.88,70.41,85,1.2125,3280.1
21583.88,71.0,79,0.0,3280.1
21583.88,72.34,79,0.0,3280.1
21583.88,72.46,86,1.2125,3280.1
21583.88,72.29,86,1.2125,3280.1
21583.88,73.09,75,0.0,3280.1
21583.88,72.6,75,0.0,3280.1
21583.88,72.27,87,1.2125,3280.1
21583.88,72.08,87,0.0,3280.1
21583.88,72.01,87,0.0,3280.1
21583.88,72.76,87,1.2125,3280.1
21583.88,74.19,88,0.0,3280.1
21583.88,74.45,88,0.0,3280.1
21583.88,73.87,87,1.2125,3280.1
21583.88,73.36,87,0.0,3280.1
21583.88,71.86,87,1.2,3280.1
21583.88,71.86,87,1.225,3280.1
21583.88,71.41,74,0.0,3280.1
21583.88,71.73,74,0.0,3280.1
21583.88,72.18,89,1.2125,3280.1
21583.88,72.18,89,0.0,3280.1
21583.88,72.33,88,0.0,3280.1
21583.88,72.24,88,1.2125,3280.1
21583.88,72.31,88,2.4375,3280.1
21583.88,72.37,76,0.0,3280.1
21583.88,71.18,76,1.2125,3280.1
21583.88,70.97,92,0.0,3280.1
21583.88,71.44,92,0.0,3280.1
21583.88,72.38,90,1.2125,3280.1
21583.88,72.49,88,0.0,3280.1
21583.88,72.49,88,0.0,3280.1
21583.88,72.41,88,0.0,3280.1
21583.88,72.26,88,1.2125,3280.1
21583.88,71.9,73,1.2125,3280.1
21583.88,71.95,73,0.0,3280.1
21583.88,72.05,89,1.2125,3280.1
21583.88,73.64,89,0.0,3280.1
21583.88,73.69,88,0.0,3280.1
21583.88,73.53,88,0.0,3280.1
21583.88,73.12,88,1.2125,3280.1
21583.88,72.66,88,0.0,3280.1
21583.88,72.31,88,0.0,3280.1
21583.88,72.06,88,1.2125,3280.1
21583.88,71.89,88,0.0,3280.1
21583.88,72.3,88,0.0,3280.1
21583.88,72.09,88,1.2125,3280.1
21583.88,71.94,88,0.0,3280.1
21583.88,72.22,86,1.2125,3280.1
21583.88,71.53,86,1.2125,3280.1
21583.88,71.18,76,0.0,3280.1
21583.88,71.62,76,0.0,3280.1
21583.88,72.03,87,1.2125,3280.1
21583.88,72.44,87,0.0,3280.1
21583.88,72.84,88,1.225,3280.1
21583.88,74.94,88,0.0,3280.1
21583.88,74.67,76,1.2125,3280.1
21583.88,74.94,76,0.0,3280.1
21583.88,74.82,87,0.0,3280.1
21583.88,74.17,87,1.2125,3280.1
21583.88,74.9,87,0.0,3280.1
21583.88,75.22,87,0.0,3280.1
21583.88,74.81,86,1.2125,3280.1
21583.88,74.11,86,0.0,3280.1
21583.88,73.99,86,0.0,3280.1
21583.88,73.53,86,1.2125,3280.1
21583.88,70.88,87,0.0,3280.1
21583.88,71.3,87,0.0,3280.1
21583.88,71.59,87,1.2125,3280.1
21583.88,71.78,87,2.425,3280.1
21583.88,70.14,72,0.0,3280.1
21583.88,69.36,72,0.0,3280.1
21583.88,69.74,88,1.2125,3280.1
21583.88,70.38,88,0.0,3280.1
21583.88,70.49,88,0.0,3280.1
21583.88,70.49,88,0.0,3280.1
21583.88,70.83,88,1.2125,3280.1
21583.88,71.19,88,1.2125,3280.1
21583.88,70.07,86,0.0,3280.1
21583.88,69.63,86,1.225,3280.1
21583.88,71.47,75,0.0,3280.1
21583.88,72.24,75,0.0,3280.1
21583.88,72.25,88,0.0,3280.1
21583.88,72.13,88,1.225,3280.1
21583.88,72.28,88,0.0,3280.1
21583.88,72.45,88,0.0,3280.1
21583.88,72.58,88,1.2125,3280.1
21583.88,72.19,89,0.0,3280.1
21583.88,72.03,89,0.0,3280.1
21583.88,72.53,89,0.0,3280.1
21583.88,72.41,88,0.0,3280.1
21583.88,72.37,88,1.225,3280.1
21583.88,72.67,88,1.1875,3280.1
21583.88,72.34,70,1.2125,3280.1
21583.88,72.28,70,0.0,3280.1
21583.88,71.75,87,0.0,3280.1
21583.88,71.77,87,1.2125,3280.1
21583.88,71.89,85,0.0,3280.1
21583.88,72.39,85,1.2125,3280.1
21583.88,73.07,88,1.2125,3280.1
21583.88,73.36,88,0.0,3280.1
21583.88,73.64,87,0.0,3280.1
21583.88,73.34,87,0.0,3280.1
21583.88,73.09,87,1.2125,3280.1
21583.88,73.04,86,0.0,3280.1
21583.88,72.81,86,0.0,3280.1
21583.88,73.02,88,1.1875,3280.1
21583.88,73.04,88,1.2125,3280.1
21583.88,72.85,75,0.0,3280.1
21583.88,72.09,75,0.0,3280.1
21583.88,71.92,87,1.2125,3280.1
21583.88,72.34,87,0.0,3280.1
21583.88,72.8,88,0.0,3280.1
21583.88,73.47,88,1.2375,3280.1
21583.88,70.61,77,1.1875,3280.1
21583.88,70.48,77,1.2125,3280.1
21583.88,70.63,88,0.0,3280.1
21583.88,69.87,88,0.0,3280.1
21583.88,69.33,88,1.175,3280.1
21583.88,69.3,88,0.0,3280.1
21583.88,68.48,77,1.2125,3280.1
21583.88,68.02,77,0.0,3280.1
21583.88,67.6,86,0.0,3280.1
21583.88,67.74,86,0.0,3280.1
21583.88,70.73,88,1.2125,3280.1
21583.88,71.11,88,1.2125,3280.1
21583.88,70.22,76,0.0,3280.1
21583.88,70.12,76,1.225,3280.1
21583.88,70.46,88,0.0,3280.1
21583.88,70.77,88,1.2125,3280.1
21583.88,70.99,88,0.0,3280.1
21583.88,71.53,88,1.2125,3280.1
21583.88,72.02,87,1.2,3280.1
21583.88,72.37,87,0.0,3280.1
21583.88,71.39,79,1.2125,3280.1
21583.88,70.7,79,0.0,3280.1
21583.88,71.08,88,0.0,3280.1
21583.88,72.23,88,1.1875,3280.1
21583.88,72.12,88,0.0,3280.1
21583.88,72.53,88,0.0,3280.1
21583.88,73.1,85,0.0,3280.1
21583.88,73.09,85,1.225,3280.1
21583.88,73.09,86,0.0,3280.1
21583.88,72.5,86,0.0,3280.1
21583.88,72.03,88,1.225,3280.1
21583.88,72.5,88,0.0,3280.1
21583.88,71.8,77,0.0,3280.1
21583.88,71.23,77,1.225,3280.1
21583.88,71.56,87,1.225,3280.1
21583.88,71.72,87,1.225,3280.1
21583.88,71.37,78,0.0,3280.1
21583.88,71.14,78,0.0,3280.1
21583.88,71.2,87,0.0,3280.1
21583.88,71.37,87,1.225,3280.1
21583.88,71.96,87,0.0,3280.1
21583.88,72.28,87,0.0,3280.1
21583.88,73.47,87,0.0,3280.1
21583.88,72.97,86,1.2125,3280.1
21583.88,72.5,86,0.0,3280.1
21583.88,71.48,86,1.225,3280.1
21583.88,68.44,87,0.0,3280.1
21583.88,67.58,78,0.0,3280.1
21583.88,67.53,78,1.225,3280.1
21583.88,67.8,87,0.0,3280.1
21583.88,68.23,87,0.0,3280.1
21583.88,68.15,87,0.0,3280.1
21583.88,68.31,87,1.225,3280.1
21583.88,68.69,88,0.0,3280.1
21583.88,69.63,88,0.0,3280.1
21583.88,69.5,88,0.0,3280.1
21583.88,69.57,88,2.4375,3280.1
21583.88,72.36,88,0.0,3280.1
21583.88,72.97,89,0.0,3280.1
21583.88,73.04,89,0.0,3280.1
21583.88,72.75,80,1.225,3280.1
21583.88,73.03,80,0.0,3280.1
21583.88,72.11,92,1.225,3280.1
21583.88,71.9,92,0.0,3280.1
21583.88,71.84,90,0.0,3280.1
21583.88,72.03,90,0.0,3280.1
21583.88,72.15,91,1.225,3280.1
21583.88,71.41,91,0.0,3280.1
21583.88,71.52,82,0.0,3280.1
21583.88,71.51,82,0.0,3280.1
21583.88,71.78,82,1.225,3280.1
21583.88,71.3,91,0.0,3280.1
21583.88,72.23,91,0.0,3280.1
21583.88,71.92,90,0.0,3280.1
21583.88,71.62,91,0.0,3280.1
21583.88,69.93,91,1.225,3280.1
21583.88,69.1,91,0.0,3280.1
21583.88,69.24,81,1.225,3280.1
21583.88,70.35,89,0.0,3280.1
21583.88,70.29,89,0.0,3280.1
21583.88,70.36,89,0.0,3280.1
21583.88,70.2,89,1.2375,3280.1
21583.88,67.18,89,0.0,3280.1
21583.88,65.44,80,1.225,3280.1
21583.88,65.54,80,0.0,3280.1
21583.88,65.77,93,0.0,3280.1
21583.88,67.03,93,0.0,3280.1
21583.88,68.24,91,0.0,3280.1
21583.88,68.6,90,1.225,3280.1
21583.88,68.78,90,0.0,3280.1
21583.88,68.87,90,0.0,3280.1
21583.88,68.51,91,1.225,3280.1
21583.88,68.15,91,0.0,3280.1
21583.88,70.58,90,1.225,3280.1
21583.88,71.81,90,0.0,3280.1
21583.88,71.36,90,1.225,3280.1
21583.88,71.35,90,0.0,3280.1
21583.88,71.35,80,0.0,3280.1
21583.88,71.81,80,0.0,3280.1
21583.88,71.81,90,0.0,3280.1
21583.88,71.96,89,1.225,3280.1
21583.88,72.19,89,1.225,3280.1
21583.88,71.77,74,0.0,3280.1
21583.88,72.06,74,0.0,3280.1
21583.88,72.57,91,0.0,3280.1
21583.88,72.94,91,1.225,3280.1
21583.88,73.78,90,0.0,3280.1
21583.88,73.5,90,0.0,3280.1
21583.88,73.33,91,1.225,3280.1
21583.88,70.38,91,0.0,3280.1
21583.88,69.0,82,0.0,3280.1
21583.88,68.8,90,0.0,3280.1
21583.88,68.84,90,1.225,3280.1
21583.88,69.82,90,0.0,3280.1
21583.88,67.07,89,0.0,3280.1
21583.88,65.83,89,1.225,3280.1
21583.88,65.48,81,0.0,3280.1
21583.88,65.57,81,0.0,3280.1
21583.88,65.46,90,0.0,3280.1
21583.88,65.46,90,0.0,3280.1
21583.88,68.12,90,1.225,3280.1
21583.88,66.45,90,0.0,3280.1
21583.88,65.87,80,0.0,3280.1
21583.88,65.82,80,1.225,3280.1
21583.88,66.08,88,0.0,3280.1
21583.88,68.07,88,0.0,3280.1
21583.88,69.02,87,2.425,3280.1
21583.88,68.28,87,0.0,3280.1
21583.88,68.02,75,1.225,3280.1
21583.88,67.99,75,0.0,3280.1
21583.88,67.87,89,0.0,3280.1
21583.88,70.34,89,0.0,3280.1
21583.88,70.67,89,0.0,3280.1
21583.88,70.67,89,2.4375,3280.1
21583.88,67.53,76,0.0,3280.1
21583.88,67.2,76,0.0,3280.1
21583.88,67.75,89,0.0,3280.1
21583.88,68.05,89,0.0,3280.1
21583.88,68.85,88,1.225,3280.1
21583.88,69.14,88,0.0,3280.1
21583.88,69.05,88,0.0,3280.1
21583.88,66.86,80,1.225,3280.1
21583.88,65.9,80,0.0,3280.1
21583.88,66.2,80,0.0,3280.1
21583.88,69.21,85,1.225,3280.1
21583.88,69.87,85,0.0,3280.1
21583.88,70.05,88,0.0,3280.1
21583.88,70.11,88,1.2125,3280.1
21583.88,70.07,85,1.2125,3280.1
21583.88,70.11,88,0.0,3280.1
21583.88,69.9,88,0.0,3280.1
21583.88,69.7,88,0.0,3280.1
21583.88,71.52,88,0.0,3280.1
21583.88,72.69,88,1.225,3280.1
21583.88,72.74,88,1.2125,3280.1
21583.88,71.45,88,0.0,3280.1
21583.88,71.31,79,0.0,3280.1
21583.88,70.88,88,1.2125,3280.1
21583.88,70.46,87,0.0,3280.1
21583.88,70.17,87,0.0,3280.1
21583.88,70.33,77,2.4125,3280.1
21583.88,70.39,77,0.0,3280.1
21583.88,70.54,88,0.0,3280.1
21583.88,70.95,88,0.0,3280.1
21583.88,70.33,88,2.425,3280.1
21583.88,71.44,88,0.0,3280.1
21583.88,71.63,88,0.0,3280.1
21583.88,71.55,88,2.4375,3280.1
21583.88,70.87,78,0.0,3280.1
21583.88,71.09,78,0.0,3280.1
21583.88,71.29,90,1.2125,3280.1
21583.88,71.71,90,0.0,3280.1
21583.88,71.91,90,0.0,3280.1
21583.88,71.68,90,0.0,3280.1
21583.88,71.46,90,2.425,3280.1
21583.88,72.78,90,0.0,3280.1
21583.88,72.75,79,0.0,3280.1
21583.88,72.5,79,1.2125,3280.1
21583.88,72.77,84,0.0,3280.1
21583.88,73.7,84,0.0,3280.1
21583.88,73.53,86,1.225,3280.1
21583.88,73.22,86,0.0,3280.1
21583.88,73.01,85,1.2125,3280.1
21583.88,72.41,85,0.0,3280.1
21583.88,72.26,78,1.2125,3280.1
21583.88,72.79,78,1.2125,3280.1
21583.88,71.82,88,0.0,3280.1
21583.88,72.05,88,0.0,3280.1
21583.88,72.61,85,1.225,3280.1
21583.88,72.69,85,0.0,3280.1
21583.88,72.75,88,0.0,3280.1
21583.88,72.79,88,0.0,3280.1
21583.88,72.46,88,1.225,3280.1
21583.88,71.95,88,0.0,3280.1
21583.88,72.35,87,0.0,3280.1
21583.88,72.44,87,1.1875,3280.1
21583.88,71.99,86,0.0,3280.1
21583.88,72.16,86,1.2125,3280.1
21583.88,68.97,74,0.0,3280.1
21583.88,68.05,74,1.225,3280.1
21583.88,67.58,86,0.0,3280.1
21583.88,67.7,86,0.0,3280.1
21583.88,68.28,87,1.175,3280.1
21583.88,68.86,87,0.0,3280.1
21583.88,69.53,88,0.0,3280.1
21583.88,69.86,86,1.2125,3280.1
21583.88,69.81,86,1.2375,3280.1
21583.88,70.69,74,0.0,3280.1
21583.88,69.37,74,1.2125,3280.1
21583.88,73.47,87,0.0,3280.1
21583.88,73.47,87,0.0,3280.1
21583.88,73.09,86,0.0,3280.1
21583.88,72.69,86,2.4375,3280.1
21583.88,72.69,77,1.2125,3280.1
21583.88,71.01,77,0.0,3280.1
21583.88,70.72,88,0.0,3280.1
21583.88,70.97,88,1.2125,3280.1
21583.88,70.25,88,0.0,3280.1
21583.88,71.53,88,0.0,3280.1
21583.88,71.65,88,1.2125,3280.1
21583.88,71.96,88,0.0,3280.1
21583.88,72.31,88,0.0,3280.1
21583.88,72.24,88,1.2125,3280.1
21583.88,71.8,89,0.0,3280.1
21583.88,72.34,89,0.0,3280.1
21583.88,72.28,88,1.2125,3280.1
21583.88,73.85,88,0.0,3280.1
21583.88,74.13,75,1.225,3280.1
21583.88,74.13,75,0.0,3280.1
21583.88,74.05,88,0.0,3280.1
21583.88,73.66,88,0.0,3280.1
21583.88,73.14,88,1.225,3280.1
21583.88,72.89,88,0.0,3280.1
21583.88,72.71,88,1.225,3280.1
21583.88,74.8,88,0.0,3280.1
21583.88,75.41,78,0.0,3280.1
21583.88,74.45,78,1.225,3280.1
21583.88,74.71,88,0.0,3280.1
21583.88,74.66,88,0.0,3280.1
21583.88,74.66,88,2.4375,3280.1
21583.88,74.19,88,1.2125,3280.1
21583.88,74.15,76,0.0,3280.1
21583.88,74.53,86,0.0,3280.1
21583.88,74.64,86,1.2125,3280.1
21583.88,72.5,86,1.1625,3280.1
21583.88,74.84,87,0.0,3280.1
21583.88,73.91,74,1.2125,3280.1
21583.88,73.65,74,0.0,3280.1
21583.88,73.73,87,0.0,3280.1
21583.88,73.96,87,1.2125,3280.1
21583.88,74.29,88,0.0,3280.1
21583.88,74.96,88,1.2125,3280.1
21583.88,74.67,77,1.2125,3280.1
21583.88,74.02,77,0.0,3280.1
21583.88,74.18,88,0.0,3280.1
21583.88,74.07,88,1.2125,3280.1
21583.88,71.95,84,0.0,3280.1
21583.88,72.9,84,0.0,3280.1
21583.88,73.12,87,2.425,3280.1
21583.88,72.57,87,0.0,3280.1
21583.88,70.81,77,0.0,3280.1
21583.88,70.23,77,1.2125,3280.1
21583.88,70.38,88,0.0,3280.1
21583.88,70.9,88,0.0,3280.1
21583.88,71.25,86,1.225,3280.1
21583.88,70.88,86,0.0,3280.1
21583.88,71.62,87,0.0,3280.1
21583.88,71.95,87,0.0,3280.1
21583.88,71.47,88,1.225,3280.1
21583.88,70.94,88,0.0,3280.1
21583.88,70.77,87,0.0,3280.1
21583.88,72.28,87,0.0,3280.1
21583.88,72.53,88,1.225,3280.1
21583.88,72.1,88,1.2125,3280.1
21583.88,72.03,88,1.2125,3280.1
21583.88,73.77,88,0.0,3280.1
21583.88,73.64,75,0.0,3280.1
21583.88,72.94,86,1.2125,3280.1
21583.88,73.24,86,2.425,3280.1
21583.88,73.0,74,0.0,3280.1
21583.88,72.61,74,1.2125,3280.1
21583.88,73.2,74,0.0,3280.1
21583.88,73.26,88,0.0,3280.1
21583.88,73.18,86,1.2125,3280.1
21583.88,73.64,86,0.0,3280.1
21583.88,73.64,87,0.0,3280.1
21583.88,72.1,87,2.3625,3280.1
21583.88,71.25,76,0.0,3280.1
21583.88,70.36,76,0.0,3280.1
21583.88,70.11,88,0.0,3280.1
21583.88,70.82,88,1.2125,3280.1
21583.88,71.41,86,0.0,3280.1
21583.88,71.15,86,0.0,3280.1
21583.88,71.2,87,1.2125,3280.1
21583.88,69.93,87,1.2125,3280.1
21583.88,69.21,77,0.0,3280.1
21583.88,68.65,77,0.0,3280.1
21583.88,68.65,86,1.2125,3280.1
21583.88,71.32,86,1.2125,3280.1
21583.88,71.1,86,0.0,3280.1
21583.88,71.56,86,0.0,3280.1
21583.88,71.62,87,2.3875,3280.1
21583.88,71.32,87,0.0,3280.1
21583.88,70.95,69,0.0,3280.1
21583.88,72.17,88,0.0,3280.1
21583.88,72.43,88,1.2125,3280.1
21583.88,72.62,88,0.0,3280.1
21583.88,72.75,87,0.0,3280.1
21583.88,74.73,87,2.425,3280.1
21583.88,74.66,74,0.0,3280.1
21583.88,74.58,74,0.0,3280.1
21583.88,73.94,86,1.2,3280.1
21583.88,73.74,87,0.0,3280.1
21583.88,74.57,87,0.0,3280.1
21583.88,74.85,88,1.2125,3280.1
21583.88,72.12,88,1.2125,3280.1
21583.88,71.4,75,1.2125,3280.1
21583.88,71.71,75,0.0,3280.1
21583.88,71.24,88,0.0,3280.1
21583.88,69.59,88,1.2125,3280.1
21583.88,69.76,85,1.2125,3280.1
21583.88,69.7,85,0.0,3280.1
21583.88,69.73,87,0.0,3280.1
21583.88,70.23,87,2.4125,3280.1
21583.88,71.68,76,0.0,3280.1
21583.88,70.96,76,1.2125,3280.1
21583.88,73.6,89,0.0,3280.1
21583.88,74.34,89,0.0,3280.1
21583.88,74.34,87,2.425,3280.1
21583.88,72.68,87,0.0,3280.1
21583.88,71.21,78,0.0,3280.1
21583.88,71.53,78,0.0,3280.1
21583.88,71.81,86,1.225,3280.1
21583.88,72.06,86,0.0,3280.1
21583.88,71.72,87,0.0,3280.1
21583.88,69.73,87,0.0,3280.1
21583.88,70.01,87,1.2125,3280.1
21583.88,67.13,87,1.2125,3280.1
21583.88,66.6,78,0.0,3280.1
21583.88,66.64,78,0.0,3280.1
21583.88,68.51,88,1.2125,3280.1
21583.88,69.62,88,0.0,3280.1
21583.88,69.01,87,0.0,3280.1
21583.88,68.65,87,1.2125,3280.1
21583.88,68.82,87,2.425,3280.1
21583.88,69.12,87,0.0,3280.1
21583.88,68.76,76,0.0,3280.1
21583.88,68.95,76,1.2125,3280.1
21583.88,71.45,87,0.0,3280.1
21583.88,72.07,85,0.0,3280.1
21583.88,71.71,85,0.0,3280.1
21583.88,71.58,87,1.2125,3280.1
21583.88,71.67,87,0.0,3280.1
21583.88,72.2,87,0.0,3280.1
21583.88,72.2,88,1.2125,3280.1
21583.88,71.96,88,0.0,3280.1
21583.88,71.09,88,0.0,3280.1
21583.88,71.68,87,1.2125,3280.1
21583.88,71.89,87,0.0,3280.1
21583.88,72.55,88,2.425,3280.1
21583.88,72.93,88,0.0,3280.1
21583.88,72.93,77,0.0,3280.1
21583.88,72.45,77,1.2125,3280.1
21583.88,72.03,88,0.0,3280.1
21583.88,72.25,88,0.0,3280.1
21583.88,73.45,88,1.2125,3280.1
21583.88,73.27,88,0.0,3280.1
21583.88,73.31,88,0.0,3280.1
21583.88,72.99,88,1.2125,3280.1
21583.88,73.82,85,1.175,3280.1
21583.88,72.8,85,0.0,3280.1
21583.88,73.45,76,1.2375,3280.1
21583.88,73.54,85,0.0,3280.1
21583.88,73.89,85,0.0,3280.1
21583.88,73.8,85,0.0,3280.1
21583.88,73.41,87,1.2125,3280.1
21583.88,73.16,87,0.0,3280.1
21583.88,73.14,86,0.0,3280.1
21583.88,73.14,87,1.2125,3280.1
21583.88,70.11,87,1.2125,3280.1
21583.88,67.91,80,0.0,3280.1
21583.88,68.22,80,0.0,3280.1
21583.88,68.24,87,1.2125,3280.1
21583.88,68.48,87,1.2125,3280.1
21583.88,68.08,87,0.0,3280.1
21583.88,68.29,87,0.0,3280.1
21583.88,68.72,86,1.2125,3280.1
21583.88,68.79,86,0.0,3280.1
21583.88,68.67,87,0.0,3280.1
21583.88,68.15,87,1.2125,3280.1
21583.88,71.42,87,1.2125,3280.1
21583.88,72.82,87,1.2125,3280.1
21583.88,73.18,75,0.0,3280.1
21583.88,73.03,75,0.0,3280.1
21583.88,72.84,88,0.0,3280.1
21583.88,72.9,88,1.2125,3280.1
21583.88,72.31,87,0.0,3280.1
21583.88,72.32,87,0.0,3280.1
21583.88,72.74,87,2.425,3280.1
21583.88,73.11,87,0.0,3280.1
21583.88,73.28,76,0.0,3280.1
21583.88,73.63,76,1.2125,3280.1
21583.88,73.27,87,0.0,3280.1
21583.88,73.34,87,0.0,3280.1
21583.88,73.16,87,0.0,3280.1
21583.88,73.2,87,1.2125,3280.1
21583.88,73.57,88,0.0,3280.1
21583.88,73.83,88,1.2125,3280.1
21583.88,74.12,79,1.2125,3280.1
21583.88,73.4,79,0.0,3280.1
21583.88,73.57,91,1.2125,3280.1
21583.88,74.06,90,0.0,3280.1
21583.88,74.04,90,2.4125,3280.1
21583.88,74.29,79,0.0,3280.1
21583.88,74.64,79,1.2125,3280.1
21583.88,74.38,87,0.0,3280.1
21583.88,74.2,87,0.0,3280.1
21583.88,73.88,87,1.2125,3280.1
21583.88,73.97,87,0.0,3280.1
21583.88,73.92,88,0.0,3280.1
21583.88,73.92,88,1.2125,3280.1
21583.88,73.72,85,0.0,3280.1
21583.88,73.72,85,0.0,3280.1
21583.88,73.13,84,0.0,3280.1
21583.88,73.15,84,1.2125,3280.1
21583.88,72.55,87,0.0,3280.1
21583.88,72.7,87,0.0,3280.1
21583.88,72.93,87,1.225,3280.1
21583.88,73.5,87,1.2125,3280.1
21583.88,72.67,77,0.0,3280.1
21583.88,72.67,77,0.0,3280.1
21583.88,73.04,87,1.2125,3280.1
21583.88,73.02,87,0.0,3280.1
21583.88,73.53,88,0.0,3280.1
21583.88,73.47,88,0.0,3280.1
21583.88,73.95,87,1.2125,3280.1
21583.88,73.22,87,1.2125,3280.1
21583.88,72.89,75,1.2125,3280.1
21583.88,72.89,75,1.2125,3280.1
21583.88,72.2,88,0.0,3280.1
21583.88,72.89,88,0.0,3280.1
21583.88,73.2,85,1.2125,3280.1
21583.88,72.86,85,0.0,3280.1
21583.88,72.86,88,0.0,3280.1
21583.88,72.52,88,0.0,3280.1
21583.88,74.27,88,1.2125,3280.1
21583.88,72.54,88,1.2125,3280.1
21583.88,73.16,79,0.0,3280.1
21583.88,73.72,88,0.0,3280.1
21583.88,73.54,88,0.0,3280.1
21583.88,73.55,87,1.1875,3280.1
21583.88,73.02,87,0.0,3280.1
21583.88,72.65,88,0.0,3280.1
21583.88,72.6,88,1.225,3280.1
21583.88,72.59,88,1.225,3280.1
21583.88,71.84,88,0.0,3280.1
21583.88,69.96,79,0.0,3280.1
21583.88,71.41,79,0.0,3280.1
21583.88,71.5,87,1.225,3280.1
21583.88,71.51,87,0.0,3280.1
21583.88,71.86,88,0.0,3280.1
21583.88,72.17,88,2.4375,3280.1
21583.88,73.09,80,0.0,3280.1
21583.88,72.17,80,1.225,3280.1
21583.88,72.16,88,0.0,3280.1
21583.88,71.77,88,0.0,3280.1
21583.88,72.94,87,0.0,3280.1
21583.88,73.51,87,1.2125,3280.1
21583.88,73.47,87,0.0,3280.1
21583.88,73.39,87,1.225,3280.1
21583.88,71.16,81,0.0,3280.1
21583.88,70.13,81,0.0,3280.1
21583.88,70.05,85,1.2125,3280.1
21583.88,69.39,85,0.0,3280.1
21583.88,70.59,90,0.0,3280.1
21583.88,70.47,90,1.2125,3280.1
21583.88,70.73,91,0.0,3280.1
21583.88,70.44,91,1.2125,3280.1
21583.88,71.68,78,1.2125,3280.1
21583.88,71.31,78,0.0,3280.1
21583.88,71.43,90,0.0,3280.1
21583.88,73.29,90,0.0,3280.1
21583.88,74.3,87,1.2,3280.1
21583.88,74.28,87,0.0,3280.1
21583.88,74.13,87,0.0,3280.1
21583.88,73.92,87,1.225,3280.1
21583.88,74.1,87,0.0,3280.1
21583.88,74.34,87,1.2125,3280.1
21583.88,74.26,89,0.0,3280.1
21583.88,72.51,86,1.225,3280.1
21583.88,73.12,86,0.0,3280.1
21583.88,72.97,88,1.175,3280.1
21583.88,72.89,88,0.0,3280.1
21583.88,71.66,76,1.2375,3280.1
21583.88,70.87,76,0.0,3280.1
21583.88,70.88,88,0.0,3280.1
21583.88,70.86,88,1.225,3280.1
21583.88,70.69,87,0.0,3280.1
21583.88,70.45,87,0.0,3280.1
21583.88,70.72,88,0.0,3280.1
21583.88,70.88,88,1.2,3280.1
21583.88,70.5,88,0.0,3280.1
21583.88,70.45,88,0.0,3280.1
21583.88,71.41,88,0.0,3280.1
21583.88,71.92,88,1.2125,3280.1
21583.88,71.92,87,0.0,3280.1
21583.88,72.3,87,1.2125,3280.1
21583.88,73.38,75,0.0,3280.1
21583.88,73.39,75,1.2125,3280.1
21583.88,73.48,88,0.0,3280.1
21583.88,73.42,88,0.0,3280.1
21583.88,73.57,85,2.4375,3280.1
21583.88,74.76,85,1.2125,3280.1
21583.88,73.97,71,0.0,3280.1
21583.88,74.21,71,0.0,3280.1
21583.88,74.6,88,1.2125,3280.1
21583.88,74.55,88,0.0,3280.1
21583.88,74.18,88,0.0,3280.1
21583.88,73.29,88,1.2,3280.1
21583.88,73.24,87,0.0,3280.1
21583.88,73.48,87,1.2125,3280.1
21583.88,73.48,88,0.0,3280.1
21583.88,72.99,88,0.0,3280.1
21583.88,72.12,86,0.0,3280.1
21583.88,72.89,86,1.2125,3280.1
21583.88,72.47,88,0.0,3280.1
21583.88,72.16,88,1.2125,3280.1
21583.88,69.11,76,1.2125,3280.1
21583.88,67.97,76,0.0,3280.1
21583.88,68.2,87,0.0,3280.1
21583.88,67.9,87,1.2125,3280.1
21583.88,68.28,85,0.0,3280.1
21583.88,68.73,85,0.0,3280.1
21583.88,68.42,87,2.4125,3280.1
21583.88,70.28,75,0.0,3280.1
21583.88,70.55,75,0.0,3280.1
21583.88,70.56,85,1.2125,3280.1
21583.88,73.57,85,0.0,3280.1
21583.88,74.63,87,0.0,3280.1
21583.88,74.63,87,1.2,3280.1
21583.88,75.0,88,1.2125,3280.1
21583.88,73.21,88,0.0,3280.1
21583.88,71.88,76,2.4375,3280.1
21583.88,71.7,88,0.0,3280.1
21583.88,72.29,88,0.0,3280.1
21583.88,70.59,89,0.0,3280.1
21583.88,70.71,89,1.225,3280.1
21583.88,70.73,89,0.0,3280.1
21583.88,70.74,88,0.0,3280.1
21583.88,70.69,87,1.2125,3280.1
21583.88,70.57,87,0.0,3280.1
21583.88,70.04,88,1.2125,3280.1
21583.88,71.33,88,1.2125,3280.1
21583.88,71.55,75,0.0,3280.1
21583.88,71.96,75,0.0,3280.1
21583.88,71.93,88,0.0,3280.1
21583.88,72.06,88,1.1875,3280.1
21583.88,71.75,87,0.0,3280.1
21583.88,71.57,87,1.2125,3280.1
21583.88,71.62,76,1.2125,3280.1
21583.88,69.7,76,0.0,3280.1
21583.88,68.66,90,1.2125,3280.1
21583.88,69.15,90,0.0,3280.1
21583.88,70.25,88,0.0,3280.1
21583.88,70.28,88,0.0,3280.1
21583.88,70.12,89,1.2125,3280.1
21583.88,70.04,89,0.0,3280.1
21583.88,70.17,88,1.2125,3280.1
21583.88,69.17,88,0.0,3280.1
21583.88,69.17,77,1.2125,3280.1
21583.88,71.27,77,0.0,3280.1
21583.88,72.12,88,1.2125,3280.1
21583.88,72.13,88,1.2125,3280.1
21583.88,72.01,88,0.0,3280.1
21583.88,71.83,88,0.0,3280.1
21583.88,71.61,86,0.0,3280.1
